"video_id","category_id","views","likes","dislikes","comment_count","daily_trending_appearances"
"FlsCjmMhFmw",24,137843120,3014479,1602383,817582,7
"VYOjWnS4cMY",10,98938809,3037318,161813,319502,8
"6ZfuNTqbHE8",24,89930713,2606665,53011,347982,8
"7C2z4GqqS5E",10,80738011,5053338,165854,1114800,5
"_I_D_8Z4sJE",10,61163906,629164,23851,26762,5
"TyHvyGVs42U",10,56843038,1904853,87444,108084,5
"u9Mv98Gr5pY",24,53071887,1243479,44414,134673,7
"BhIEIO0vaBE",22,51243149,0,0,0,6
"aJOTlE1K90k",10,47778378,2178332,36133,128810,7
"xpVfcZ0ZcFM",10,47362934,2469057,31843,158262,6
"QwievZ1Tx-8",24,46707200,1513428,30566,188160,7
"ffxKSjUwKdU",10,45998071,2195120,78228,192685,6
"-BQJo3vK8O8",10,44725448,575878,48583,28152,5
"xTlNMmZKwpA",10,43964411,1377137,72506,83178,6
"tCXGJQYZ9JA",10,43738208,1658758,94043,148548,7
"LsoLEjrDogU",10,43067983,1717177,61567,123379,6
"dfnCAmr569k",10,42019590,1804377,100033,146917,6
"DPxL7dO5XPc",10,40671623,1696151,147891,187580,6
"rRr1qiJRsXk",24,39207474,742223,28091,45614,5
"2Vv-BfVoq4g",10,39082222,1721384,23137,90352,2
"wfWkmURBNv8",10,37597115,769384,46792,40118,1
"vn9mMeWcgoM",24,36971093,544117,27450,78618,6
"yDiXQl7grPQ",28,36778884,521873,29776,162654,7
"_9YMpuLDnwo",26,35696481,260516,48163,21468,6
"J6-8DQALGt4",24,34448035,100710,2822,6986,4
"UceaB4D0jpo",10,34275219,1174338,34499,96947,8
"rRzxEiBLQCA",10,33896316,899123,84384,147922,5
"kLpH1nSLJSs",10,32880238,1497621,49372,90246,4
"817P8W8-mGE",10,32777142,965597,21082,49556,6
"1J76wN0TPI4",24,32582944,711815,26632,53025,5
"J2HytHu5VBI",22,31505838,1967910,96815,311525,5
"F2lN25IayH8",24,30952184,492631,28097,39934,4
"32sYGCOYJUM",10,29662624,827026,135931,445251,3
"xmU0s2QtaEY",10,29626879,582873,59214,58348,2
"TIE92mUvSsw",1,27696924,468472,60025,48740,3
"kTlv5_Bs8aw",10,27670973,2542863,41122,519092,4
"YBpdL9hSac4",1,27621052,424047,16211,46909,7
"D86RtevtfrA",1,27260320,532660,12587,28161,6
"xWi8nDUjHGA",10,27070757,566730,39448,53279,4
"q2gICJFG6uw",10,26709525,308146,73959,30342,4
"ZJDMWVZta3M",1,26072307,421289,11173,46619,7
"l_lblj8Cq0o",10,25184395,553602,29570,36309,8
"VY1eFxgRR-k",10,25108817,1202480,41429,67453,5
"Mgfe5tIwOj0",10,24609441,1210593,31214,53610,6
"n1WpP7iowLc",10,24578152,891283,51978,125444,4
"xBht9TG7ySw",24,24523092,525575,162731,88851,5
"8qs2dZO6wcc",10,24310254,292227,10274,12429,4
"5GRyr0noXrw",17,24117244,475289,47090,41840,6
"liczsmUSMA4",10,24103517,777582,63601,69932,3
"-K9ujx8vO_A",24,24065621,404788,22557,26631,5
"FCfP7v9x8HI",10,23869973,163626,10630,7144,1
"zEf423kYfqk",10,23645351,692631,59800,45901,4
"eiDiKwbGfIY",10,23634920,984987,16279,39851,6
"iWZmdoY1aTE",10,23543061,1095529,23887,58948,5
"SM1w9PEQOE8",10,23445751,1176798,23511,71679,6
"VRJmcxCrAOA",17,23417389,926660,13003,46136,5
"pnMQLrS5sTE",10,23345196,618776,39821,48371,4
"X8sSXU-J8fI",10,23232299,560449,28201,27607,6
"fGqdIPer-ms",10,22588011,780820,27085,55317,7
"oWjxSkJpxFU",29,22387656,1919980,461660,625010,5
"dUaCEs3HfdI",10,21768013,276853,31337,22895,2
"pVxOVlm_lE8",24,21359741,330087,10115,28706,6
"dZ0fwJojhrs",10,20956090,488364,22158,25744,6
"zkG4Xpz6t68",10,20814284,610575,116171,79735,5
"g4Hbz2jLxvQ",24,20771856,440494,20324,44778,6
"wfWIs2gFTAM",10,20324769,1013533,21269,63248,6
"gu9_m0vm7fM",10,20220428,507793,57549,41162,4
"9v_rtaye2yY",10,20136000,514356,27521,57566,7
"wbSwFU6tY1c",28,19994026,379285,12230,37523,7
"V5cOvyDpWfM",17,19890243,53817,164693,60921,7
"J-dv_DcDD_A",10,19859201,1006424,23157,77820,4
"Wpm07-BGJnE",10,19824140,663380,70750,81939,5
"4dCJgNzgs3c",24,19757704,71072,7113,4213,4
"sGIm0-dQd8M",10,19687431,467428,15859,30151,4
"j-I0Uxbh1uY",10,19644230,390494,63472,39937,4
"64UX1npgRkI",10,19472216,309752,10303,21731,5
"7vracgLyJwI",24,19234147,182283,15325,11852,4
"BQ31l1gPGKM",10,19177871,356302,12457,19735,3
"IZODr96ZRCc",24,19063679,208485,27477,14136,4
"naW9U8MiUY0",24,19007336,422574,10163,43426,5
"S9KxqRUcnCU",17,18859050,774174,13302,33708,5
"SAcpESN_Fk4",10,18658794,540500,17496,41823,4
"p8npDG2ulKQ",10,18574625,2407419,21907,340125,3
"5__KOPGuLDE",24,18510658,48814,16501,6316,2
"3h4thS-Hcrk",10,18447084,232780,7178,10779,4
"3BXDsVD6O10",10,18250437,755912,16019,47179,6
"lhnmVSB-Rxc",10,18246279,565895,82564,93253,5
"M4ZoCHID9GI",10,18200080,700060,12708,35725,5
"NooW_RbfdWI",24,18087776,240891,6542,18823,6
"xZNBFcwd7zc",1,17855628,353807,5971,18388,6
"fAIX12F6958",1,17741854,211522,15153,43359,4
"WS7f5xpGYn8",10,17478642,628016,124555,68620,5
"MuPL-PSMX0Q",17,17459747,461644,21280,40904,6
"RSRzIrOqaN4",10,17208914,380861,14969,17373,4
"aNwWdF8qq-M",10,17050925,276266,29984,20198,2
"9jI-z9QN6g8",10,16995160,617979,17298,22674,1
"z5WrgDzNIZ0",10,16986033,588127,56285,93196,5
"Wm_vSSlVsV4",1,16956791,449649,57838,26941,5
"8-mloCL49vs",10,16818378,212091,10640,10674,1
"UUkn-enk2RU",24,16773458,419182,8502,30371,5
"au2n7VVGv_c",10,16734027,625290,12451,26803,6
"E5yFcdPAGv0",10,16726752,769672,24651,70391,7
"7X_WvGAhMlQ",28,16627543,69478,10985,59472,7
"i5qOzqD9Rms",1,16578514,306608,9760,27571,6
"0B7athiVJBA",10,16482187,165253,19034,12967,2
"DIBw9dSVKdU",1,16462484,272644,12087,49894,6
"vg0ZfeszGrU",10,16256855,321798,14006,20453,6
"1xq5jm0-xQc",24,16188635,87099,25243,10456,3
"uxbQATBAXf8",1,15960127,374827,3823,9059,3
"zMxIW7uwDGg",1,15940901,149364,10549,12849,3
"g4HDfqEWf6Y",10,15871206,301766,13070,12867,2
"Ha3WCbl7S7s",17,15860214,131887,9601,6563,1
"OK3GJ0WIQ8s",10,15777624,2392594,21872,437036,2
"EBt_88nxG4c",10,15682850,444729,18376,31578,6
"6OcOO1k-vGE",10,15643726,369976,15821,22464,5
"FsnYzwQm3gM",10,15484992,104253,7470,7543,1
"Sl9npEDYeLk",24,15462891,455530,19488,43986,3
"u5lxsBjCGc0",10,15343697,129211,4942,4106,5
"lkfpqGWzHCE",28,15316016,37245,30746,0,1
"khPLWaBioOs",24,15313469,953734,129860,162754,5
"e8XoJsBCi2k",10,15210790,302601,22267,16715,5
"CX11yw6YL1w",10,15174418,362902,9375,25669,6
"FepIkIILumA",17,15125389,454599,21411,32803,5
"coOKvrsmQiI",24,15104666,143947,12709,25593,6
"JwFgnGqMTws",17,15103643,166131,6584,16679,4
"rzgw0XldTC0",10,15065474,399550,12676,16385,3
"oBAlEGWDLXQ",10,15005646,66365,2398,2140,1
"oJ2faqXlU1s",24,14935646,140599,22979,11758,3
"sS0LCjOiIhc",10,14756279,858713,8023,150036,3
"qZHycHI3F1Q",17,14654718,585763,7996,54262,5
"4Jdp_dkduJc",20,14589314,117415,12425,7612,5
"V15BYnSr0P8",10,14555966,462872,34299,53949,4
"-rdMnKwHlfE",22,14480866,40380,8534,865,1
"gA-NDZb29I4",10,14409910,247120,53803,30092,4
"vUTI4bPdlgE",10,14380679,493570,22010,41301,6
"20bpjtCbCz0",1,14365777,340113,3364,26072,4
"w4AImq08j9o",23,14228882,831516,23777,83116,6
"5sEaYB4rLFQ",24,14160344,244404,6085,21198,4
"J_CFBjAyPWE",10,14013696,935568,24262,116016,3
"VJwoSfTOhyM",17,13963525,499346,9279,31544,7
"wb49-oV0F78",1,13942445,212387,3925,16102,5
"MGYJuETPQEg",10,13671983,394425,6553,17888,7
"XiHiW4N7-bo",1,13531173,155470,4650,11616,4
"xvYBg6MWPbM",10,13511927,328735,20415,28117,3
"oSEeK9yDNQI",20,13418844,258720,22805,19877,4
"VmwOMtkDxtk",10,13350541,272243,24318,69515,6
"9m9oO84Q2fk",17,13316522,372595,8747,26115,5
"i8J0cR-PY9c",10,13281301,122861,12602,6584,3
"NV-3s2wwC8c",10,13208736,315845,6696,24266,7
"GmHrjFIWl6U",10,13101989,475596,22787,26930,4
"9t9u_yPEidY",10,12974558,216320,17751,12133,2
"pOHQdIDds6s",22,12921578,448453,504340,168477,6
"ddvX9eaUSgc",26,12836805,26154,11802,823,2
"DkeiKbqa02g",10,12761218,413330,14801,16104,5
"ox7RsX1Ee34",10,12730630,577713,10568,34480,6
"GpxCT36DxKg",24,12718813,115064,10037,16828,5
"Ck4xHocysLw",10,12711225,335567,10695,14894,2
"SA7AIQw-7Ms",10,12692634,521808,7761,22594,6
"_EvMYEfF_hQ",24,12667200,429398,9124,31121,6
"Qvd43XKY-f0",10,12631906,250519,12091,17207,2
"UCoogBnurWk",10,12542958,184948,9163,9836,6
"8MPbR6Cbwi4",10,12458711,229956,7761,12924,6
"S78DMLYb8Pw",22,12396009,87883,6193,4697,3
"dzxFdtWmjto",24,12393755,198271,23450,31402,5
"-RmUADCWI4A",17,12306042,342825,6898,25905,6
"2MWmVs7k3aU",10,12229386,30006,9161,1825,1
"Hk5dxn5dj2M",17,12229379,365593,13748,29867,5
"RF7DhGIQE1k",24,12189018,265648,19526,25165,5
"4T1Zy7G8F7Q",1,12150523,100354,8863,6821,3
"nqzIQh2D_Es",10,12132493,233294,8629,12709,6
"SKVHuKegjVQ",24,12123853,18438,7500,1209,1
"RH4ciqlUm_A",27,12100921,41632,7809,1286,1
"Ph54wQG8ynk",10,12072138,645006,20025,46622,6
"v7K4vGYL9zI",10,12060915,236437,14317,19148,3
"y-PQiShdTKA",10,12055647,193566,8678,16469,5
"2z3EUY1aXdY",17,12014977,157205,50751,30484,6
"vjI4Alon-3Q",10,12014269,497325,33525,30783,3
"FVRPzwb1Vi4",10,11991672,412821,36300,24750,1
"1FJD7jZqZEk",24,11915843,171077,7096,16902,5
"WpqUOW19aJQ",17,11896309,478750,4778,36507,4
"ek1ePFp-nBI",24,11873989,193752,7338,34111,5
"c64I9HNpiOY",10,11810521,142237,9944,11907,2
"8zSRkr1nQNw",10,11788471,528123,30458,46175,5
"ATLBlsndu1k",26,11677140,19959,7710,1231,3
"LPTlvQ1Zet0",10,11538305,365271,8914,22126,6
"D969_pLCniQ",25,11510500,47780,13182,6143,2
"v-dfygYIfLs",17,11465487,407347,8769,35173,4
"wzKL-bQKcgA",23,11375606,692950,21286,37240,4
"rsEne1ZiQrk",10,11364107,401558,6736,20180,5
"8-Cjsnq8kVU",1,11362593,311332,6888,13985,6
"1XKSo2mFC6c",24,11267354,445927,24002,0,2
"pC2yUlN2kMU",10,11224655,235111,17671,13373,3
"p8XP7A7kvzM",24,11218307,216489,8821,11975,5
"bG9v4nMyl80",22,11203544,417156,7915,19410,2
"qUmfriZoMw0",1,11146378,38169,1305,2678,5
"1gXx_WVk_SE",10,11006727,169101,6097,3614,2
"oMOljrWUUXc",2,11004698,14296,569,1203,4
"cSp1dM2Vj48",24,10981111,168334,8840,31605,6
"orkPrGSAETs",24,10976534,359853,29845,23995,3
"ycVc1jsaAA0",17,10954361,410531,6461,33530,5
"gpWrT-LdMfs",24,10853790,93522,2943,4169,3
"d8O6SoPOkAk",10,10828537,260973,70577,43061,3
"DMl1YJyqEdo",10,10740130,316722,33528,33931,6
"bvhBIsmzhwE",26,10733868,59008,9693,5682,4
"ryr75N0nki0",10,10681470,584192,29287,56301,6
"LryQJ25CnKU",10,10659997,256913,38636,23638,4
"tsp7IOr7Q9A",10,10656598,439734,47881,45130,5
"ln6yZu03E18",24,10655105,15417,4877,1406,1
"_BcYBFC6zfY",1,10592828,204228,11980,37655,5
"FkOt19CUC30",10,10536519,257690,12742,40409,3
"UfKmSfgFxi8",24,10430142,465957,13024,23796,5
"OrnpSe4OChM",23,10385603,236413,7293,17843,4
"fRj34o4hN4I",28,10353797,201223,4787,34614,6
"TI5bEf-BULU",24,10349322,110738,3338,4959,5
"0GatOfS-_-w",24,10236562,66095,13007,2588,1
"ad_higXixRA",24,10236502,140374,7792,10642,5
"D9kxpUcWID0",10,10169177,185859,81383,36549,2
"yz7Cn3pHibo",10,10153919,247016,17523,42015,2
"RQaVzbxZqXY",10,10112110,261664,8090,7729,5
"nLSaCFlXn-g",1,10096111,171460,4899,7675,4
"eACohWVwTOc",10,10073675,439799,14741,25895,5
"SKV6h_5XFbk",23,10013794,243151,4447,9934,4
"43gm3CJePn0",10,9929527,637997,21850,98299,6
"JcdLF6XQ0iw",24,9862218,781333,14792,152276,5
"KM38OFDKU20",22,9841677,45654,7967,38368,7
"My4RA5I0FKs",28,9821377,230508,6016,13731,7
"3BJU2drrtCM",24,9820768,439811,4975,19371,5
"ufynqs_COF4",10,9813038,407161,8443,26230,6
"n_W54baizX8",10,9761348,431053,23704,28656,2
"RQUuqbzQVsY",10,9754576,404238,7575,19583,4
"UumBg2myFrk",10,9743210,149022,10485,6328,5
"4uTNVumfm84",10,9732618,360456,7658,17120,5
"T95aDYxkl6w",10,9727692,61823,4958,1785,2
"ExJmET8boVw",24,9706577,352912,24270,27034,5
"l4XOm1iJuaM",10,9686585,299457,9654,33770,4
"dNW0B0HsvVs",24,9657765,188926,23567,41108,5
"9aoUpCXY7uk",10,9643250,137487,7525,8836,4
"df7PZIVe1lw",17,9593946,109739,9730,63560,4
"P3Bd3HUMkyU",20,9585315,262387,33019,67833,6
"kZUxD_pEqgg",10,9556534,158748,17411,12633,2
"02fRdleMSaA",10,9509541,259867,18242,27911,6
"voG07pt-KYI",10,9501171,498326,12238,33480,5
"knaCsR6dr58",24,9429300,476855,49250,36802,3
"NaY91YjVbEM",23,9407979,329165,4911,17557,2
"0hdnQ8EXdEs",24,9333942,88759,5850,16684,5
"90CCjgX0n20",24,9310292,19181,15096,1866,2
"vjnqABgxfO0",24,9218327,88433,26308,16648,6
"yzshoDMBkqE",25,9198921,552150,22636,61795,6
"BidS_rcf7UU",10,9195511,371558,20402,35346,4
"KcWXKmnZZVo",24,9171288,148441,4021,8391,3
"TRiZZkMKmMw",20,9134763,98698,19954,8551,5
"TTckVh0iR78",10,9120065,141090,1643,7574,2
"XpDZhhLKwPk",25,9103904,13569,9186,1071,2
"OjrijcVIGIk",24,9098242,160917,5256,20331,4
"Snrk9ug2VFE",1,9083936,0,0,2593,2
"6SuMbFuKDf8",10,9077604,296500,12948,32389,5
"LJjsm6CVsG8",10,9046891,271954,29980,29292,5
"cH4E_t3m3xM",10,9044077,642004,12809,38703,4
"ORIpWftFyqo",10,9022459,201750,8836,6037,5
"wlS6Ix7mA0w",10,9004469,575916,23702,50373,3
"QgOXIEhHU1Y",10,9001090,424653,9951,20999,5
"JQbjS0_ZfJ0",10,8979537,406050,6424,28482,5
"xwKGbfHAkeQ",24,8958510,6892,6236,1070,1
"qrks9Zu0f1w",24,8882597,133022,5064,5798,2
"VwAnsAUYnw4",10,8879639,309536,10892,23575,6
"IAuzNXGmkL4",10,8858460,363646,77160,38539,2
"MFWF9dU5Zc0",24,8836190,88905,45235,29807,6
"WyZz9muaKFc",26,8821528,61650,7716,2960,3
"s_3ZgF5IhRg",24,8713798,50335,6103,12653,2
"f_R9_xdhuNw",24,8707646,176719,5807,28381,5
"C6SZa5U8sIg",1,8669309,390174,16515,29993,5
"_hMQe2U4c6w",10,8592535,306789,16569,20681,4
"2G5YRxtppzs",17,8582174,55043,6924,25749,3
"t-My3vpDBvA",24,8539455,618730,15093,54192,3
"0JqXITEsMy8",10,8478721,226862,5039,22284,1
"Dto7Nms-Xo0",10,8478489,77598,12355,3981,2
"9_LIP7qguYw",24,8455796,161430,14004,15371,5
"qS6F64mj6LY",10,8437743,715068,25610,42652,1
"XUqRem0W8L8",10,8363810,571479,9404,48859,2
"97h9fBWltBM",24,8353760,295999,29519,17491,3
"sjVqDg32_8s",1,8332372,51585,1907,4767,5
"9jRtpMKLsts",20,8274899,216964,23440,56723,5
"l1FG3rmbcBg",25,8269105,9739,3545,457,2
"n5LoVcVsiSQ",24,8259417,30639,15118,7116,3
"tJfDBSWYqU8",1,8225349,29792,12049,8530,5
"XvHSlHhh1gk",24,8219185,89352,3294,14031,5
"bF_naHpa-T4",24,8197747,482424,9896,62519,3
"-jDBj2UopXY",10,8151118,161707,17016,12327,3
"8LPVjHxXvJM",23,8132960,185200,9753,20583,6
"Q3jege0p0dQ",24,8124967,198145,4894,0,5
"D_6QmL6rExk",10,8120145,1624230,8402,145872,2
"iN8zmmCRqUA",22,8118796,158860,8419,20320,5
"RF-Mqs2qC-M",24,8101053,221137,7218,21037,6
"Wh1L0rOaa88",17,8050783,239071,7904,18397,2
"LW_1PnXIJ-I",24,8045467,15137,5651,1186,3
"cngUnh7EMKo",22,8022865,510344,6551,26341,2
"-C_rvt0SwLE",10,7946670,342936,5194,18995,5
"3ATQvgkXT9E",10,7945760,297225,33548,23165,5
"RfWC4iDzpdI",17,7909115,68317,3086,8272,3
"ii3n7hYQOl4",24,7894921,149667,11925,26896,3
"Pz7iTT6D7h0",25,7884076,14681,3543,1326,2
"fN5HV79_8B8",24,7878889,139666,65698,26132,4
"kFMZUxX6K6o",10,7776219,175699,33215,26174,3
"wS4ESheuHDY",10,7766948,200572,9632,19827,4
"UU9k6QwKSiU",24,7757545,77519,11814,3741,2
"IBVo8dfqTBc",17,7735840,150473,2277,18130,2
"PALcJ0HW1-I",23,7678343,433753,28404,43141,3
"fUyU3lKzoio",28,7671538,181973,6050,32670,4
"E8B1c3NpLpc",22,7664480,104442,3865,11295,2
"yFFL1we4j_Y",10,7660097,206707,12691,15302,4
"3Q2j5ApzSqs",10,7641272,379263,9663,22035,5
"jzD_yyEcp0M",10,7634880,399055,6914,28525,4
"_rB36UGoP4Y",24,7627332,73086,16607,11318,2
"aEM2kOrrNJI",10,7620545,243314,22114,17052,4
"ooyjaVdt-jA",20,7576267,301840,174645,122659,2
"LBnUc09MK2w",27,7572742,134864,6071,6901,3
"pKkf2KCc6xo",24,7537850,38614,2953,5490,3
"NwP1zp4vOJU",24,7524265,762859,10313,75358,5
"MDOtD8gBaAo",24,7520441,124808,3368,9259,3
"kX0vO4vlJuU",10,7518990,1573023,8113,180262,1
"nLpqZEAFnkE",24,7475736,262654,17393,28993,6
"n9rJOWy1hSQ",17,7459394,48774,5660,2062,2
"zxwfDlhJIpw",22,7457592,157118,18312,46149,5
"BEePFpC9qG8",1,7457592,157118,18312,46149,5
"9oyKePWRi8Y",17,7448921,335822,3359,16869,4
"nuIoxlJYCXI",24,7433021,25634,5278,1168,2
"vDtyaRoonx4",17,7418732,346926,12310,62437,5
"OKnL_D3bvLU",17,7386080,66568,5508,6139,5
"WAwRrtH-4Lg",23,7379281,378450,4796,78920,5
"glglLFPtef4",24,7361618,15100,3065,1095,4
"sXP6vliZIHI",22,7336611,253535,13680,24536,6
"J5b_-TZwQ0I",24,7316184,154985,12973,29590,3
"7qg1WiCCn0A",26,7310563,13577,5886,699,1
"MAjY8mCTXWk",10,7301019,101666,5538,11500,5
"HO3pl7Wtn-w",24,7299063,46775,2999,6889,3
"biNFtfIVRZ8",10,7294891,69628,2975,2365,2
"M4vnmgZLA8s",10,7277101,174599,21692,17538,5
"XR7Ev14vUh8",10,7252149,281033,4111,10369,5
"g6uHRqvM7Bk",1,7232940,71451,6343,4902,1
"PDlw1Tn-PVk",10,7228499,177523,4530,8171,6
"1Drha8HZN_c",24,7199631,270213,13599,17025,2
"uYmpUa38-Fk",10,7196335,205104,4846,7314,4
"-HuyP7JyR5A",10,7169536,260767,12532,27911,4
"mMCEvr3VWqQ",1,7147686,193166,30974,12825,3
"8_rTIAOohas",24,7109996,251397,3991,22468,2
"_7rvYV_YmaQ",10,7101199,146435,4167,8768,4
"MLVcmQ62luE",22,7099263,184657,17359,11210,4
"vZqdvu4xsl0",24,7091239,94451,3033,9140,3
"XZhAJWI94hk",10,7082866,52388,1995,3795,1
"rhhQS3ns6HU",22,7081185,677404,6034,190763,3
"266EI7hdjFs",24,7080039,63371,5261,10668,4
"7R1N-8SoqcM",10,7075316,418594,10661,33709,3
"DSRSgMp5X1w",10,7051346,176018,35860,27932,5
"8nbFfetIsks",25,7045999,40621,5422,3161,4
"k5TqNsr6YuQ",10,6934675,472947,9798,38446,5
"Jodbdj52Vc0",24,6908017,487408,2676,25677,2
"L3ymBk6Vb04",23,6893619,282829,3444,10728,2
"qQn6TsbYrH8",10,6891734,400420,18159,36025,4
"Kc6CIwBVo5s",25,6850847,37351,2749,0,5
"gpIBmED4oss",10,6841274,344443,19575,30811,1
"13z2kF6TiCc",10,6826314,93340,2452,3780,1
"66Zw9sKfjOE",10,6768254,94702,2322,2825,3
"425M4M3Opkk",1,6768054,138079,5467,17334,5
"c7MwlTFQBEQ",24,6725073,242373,3569,14606,3
"8YaF2m7hCx0",24,6718583,128369,17325,14221,3
"6uJf2IT2Zh8",10,6705901,471761,14126,50744,2
"UTVpWVO4vZU",24,6691519,167702,8679,20226,3
"VUH_DIgULc0",24,6654881,80779,22519,21892,2
"PgLpsot50E4",17,6638874,35242,4240,4823,1
"tRBsfAIg4-0",10,6633561,533113,64107,87347,5
"5ucCA-4Q--w",24,6622430,122960,30537,49814,6
"36tggrpRoTI",10,6617304,862784,5691,60745,3
"M2q64UowX9g",10,6596028,152004,1601,3159,2
"1E9j4689ZWQ",10,6591254,131147,4226,4546,5
"Ku52zNnft8k",24,6582589,31461,2203,1293,4
"g2orJgNOpnU",24,6561784,572003,9806,57839,1
"pgN-vvVVxMA",10,6541759,463789,2828,47385,5
"FPm7xM849-E",24,6537143,519861,12113,39460,2
"vHwOMWGAg_o",23,6527287,15803,1606,4837,7
"J6MwAGArfZc",10,6504190,197649,6947,8259,3
"3tUCuMSPQwE",23,6485262,116148,2129,6693,6
"ggJMQHltiQc",10,6483912,105582,3833,4401,4
"kton-qrKNLc",10,6478495,232625,19400,17756,5
"Jcghl0lbDSk",24,6450575,227180,8210,11775,7
"LgmxMuW6Fsc",10,6437564,78029,4275,5298,5
"2tDKp41nrw8",10,6416697,1290535,4358,113938,1
"XnTKdsUr3rQ",24,6407459,26754,1114,1369,2
"RNlQU-7y9Fo",10,6397885,241286,4437,48154,5
"lfN3wZDaiv4",24,6389668,394968,19174,40755,5
"dT5ALH3ICTc",22,6379759,137035,7373,13478,5
"clQGvMBNmqs",17,6371908,66139,9410,11360,5
"D4fC4HVpP3M",10,6366142,147628,6024,10840,6
"IlkBLwl4aBM",10,6357321,698877,3781,58577,2
"E-u9uo0laA8",10,6334337,292319,10612,24504,5
"Cf-PEPKrIAA",1,6330380,20744,7227,0,2
"EnfoA2fF6GY",1,6309136,164513,31482,12792,2
"56KYMMGudcU",10,6307182,331264,30222,82448,3
"0XuOkYlUWIs",24,6295801,221318,8622,21259,5
"SxAp27sFaIM",22,6279586,209694,12515,31540,5
"pCjY3ZQY8WY",24,6266220,166260,2645,7229,5
"Ml9v3wHLuWI",24,6256146,198603,5133,15869,4
"mKpPhVVF8So",10,6254591,282189,13094,7584,3
"3eQP6JoxtKk",1,6223413,138110,12397,30936,5
"QdnvoWyoiY0",10,6210501,256369,6305,17646,5
"qdywyua1qqg",24,6202999,26278,4067,787,2
"DoGE_cD37wc",1,6201167,18914,7074,1710,1
"UUlS7BuYddA",24,6199950,8304,791,402,1
"ai_UWoM37dI",24,6176066,344502,8172,97131,4
"x0qZDZAq36U",17,6174723,35894,4472,6278,2
"5_-NKRVn7IQ",28,6151249,162871,7859,21900,5
"dxVXerqLKw4",25,6140764,37423,6078,8999,4
"p2MjWMKgrkA",1,6140296,98217,673,6759,2
"t3K7WD_up74",22,6128376,174711,31784,42638,5
"ycPfmwVZ5DM",10,6111819,159080,32658,16029,2
"305ryPvU6A8",28,6107426,76792,16355,0,4
"SCq8n_hOcN8",10,6101350,239430,20597,25783,4
"jaGZNgosNpk",10,6093231,279788,4946,19720,5
"UCdMwyIy3ks",10,6091010,306502,7971,21830,5
"CUNq2_VjRn4",1,6084553,324355,6220,26637,5
"7oqm94UfE7Q",10,6069634,110745,2526,9297,5
"k2NskGo6x40",24,6062089,123467,26995,35574,6
"rMQ_TUEwQEs",10,6042547,205754,6209,24022,5
"xJrOUJpCxOE",23,6041709,290655,12815,14554,3
"NukmFF__G-g",10,6038758,333973,21834,37466,5
"JYDGEMEXyqM",24,6031793,18621,6068,1750,2
"k-fOPhVfOGw",24,5999690,75259,14009,32383,1
"l3uG4T8pJfw",22,5999347,254881,14823,28117,4
"bYSRPuDEnTg",23,5981739,474828,13025,27878,2
"G7sQlvht6cc",24,5968170,308462,11032,25337,5
"6CigQPn9jPc",10,5965605,31084,7964,1568,2
"lGEY8IulWiA",1,5964853,321681,7426,24780,5
"VJB3N4O_6MA",15,5954189,12851,7732,1682,1
"aj8mN_7Apcw",1,5952978,50247,7174,11780,5
"CZkUNPBlJIQ",24,5940664,152947,2449,8140,4
"sueMmTm-M4Y",24,5936769,170519,9623,9932,2
"LNjiBBCNkk0",24,5925052,112929,21913,88278,5
"e-0YnJlFPeE",10,5909881,141766,4336,7318,5
"hOoqzQm_c5I",26,5909685,43894,5547,4597,3
"bVeAdzNU2ow",24,5904049,114355,2125,3165,5
"_zCDvOsdL9Q",23,5898317,273681,3560,11906,6
"PWWcT7MY3AY",23,5894305,96828,2376,4133,5
"nRafaCcfrcI",24,5889680,458893,4635,22510,4
"a3WeECF6c_U",28,5846018,27321,9607,5039,3
"gPHVLxm8U-0",24,5829270,87330,3669,11933,2
"PVbQrvlB_gw",10,5822614,356241,14838,41533,4
"8GOk8Ci3kn4",10,5810830,175367,6591,9451,4
"dc89yyOS0Z8",24,5801679,621123,4186,118079,3
"f-UzOpuKOVY",24,5792827,48443,1230,1835,2
"S0nbOenwCLw",10,5783681,224330,7310,21975,5
"ngTcyNtDjE8",15,5783062,137462,3182,20904,5
"QREWcgbMSxA",23,5777201,409848,43698,54257,6
"H1KBHFXm2Bg",10,5776317,278236,9262,29761,2
"cHB_s970Uyw",24,5770418,145148,5836,17764,6
"t5_dSCu_mLY",22,5767423,513217,7533,198716,2
"gLVZNTtr_rI",24,5763877,402777,7743,28848,2
"Fi_RxjAKurw",24,5760970,32355,3957,5423,2
"q-aZFxwX5Zs",22,5750121,237667,108783,64838,5
"aAdHs10JyGU",24,5747646,19750,7317,1619,1
"b2RHgyH-Nxo",10,5742222,171213,25688,13134,2
"N25fWFNp5PY",22,5739223,26556,2395,3813,2
"DDbx1uArVOM",25,5738922,85699,23506,35790,6
"R10qTLfwm8E",22,5733673,173998,2054,13060,4
"0XJQ0o36wkA",24,5726897,662861,23147,32200,2
"7MxiQ4v0EnE",10,5718766,127477,7134,8063,1
"KONe4SNFA64",26,5714766,443219,3815,20786,3
"2s4GMLkTNv0",24,5708085,487038,3979,40614,5
"9MdmHb5r4NM",17,5694412,59437,7652,11221,3
"zfB0ozYnhwQ",24,5690136,11332,4594,1340,1
"l7E0kTvARsA",30,5661965,67232,3784,3851,6
"51JIo0eQhHI",24,5658306,21050,3728,2972,3
"HFCfYCewHuA",24,5658137,245890,7949,25708,5
"g1QONg2b2JQ",17,5657263,294794,5911,48570,2
"guf1L6HmeOc",24,5617319,44326,3186,4458,3
"9AemOdm8LrU",23,5610017,374752,9025,39178,5
"elwTgpHlty0",10,5602934,321445,8069,18079,5
"xVhnfTwh1OA",24,5600599,263259,4568,21639,5
"MvFcY9rTPx8",25,5595980,43347,3613,0,7
"0l35jAGQPOI",24,5590186,439333,5827,50706,3
"Wj-hVo3aqWY",24,5584610,107521,4061,13377,3
"vwTPlIGfoIY",26,5580658,43511,5711,2695,2
"hSOgNCJmQvU",10,5576800,133380,11838,16413,6
"Izmibu7dxcs",24,5575519,150018,9545,23724,5
"Hk5bgB77VHM",24,5559410,21911,3199,3831,3
"6p-QzY5bxJ0",24,5541767,263919,1502,10706,1
"4xTpw-05J0k",24,5538389,374782,8463,46339,2
"nXUWK80TOTI",22,5537836,236522,154598,62502,4
"FhllRWReNEE",22,5534178,335949,6707,349112,2
"kgaO45SyaO4",28,5531707,72727,3362,14816,2
"DKPCBAlDw2A",10,5524232,266388,7637,14388,4
"K0GRBMSCIK4",24,5510770,181329,5689,12514,1
"uKmA0nHe4no",10,5492961,54890,1517,1693,3
"0KVJcOTWZ_c",24,5489650,44488,5598,7281,1
"PQKu78NnyvU",22,5488300,58412,2232,2850,3
"hqv0FXAIPZk",24,5434078,182699,3561,148981,3
"5LoBGoQPUNc",24,5427727,109350,7352,8372,6
"-Qv6p6pTz5I",24,5427688,181585,2279,11786,2
"6Q0AazVu1Tc",24,5423477,85639,3361,0,4
"PzwufgPyTCo",24,5414916,0,0,5953,3
"v6xUgawDQB0",10,5414519,116018,11918,9728,1
"D5f1WGMQ7Ks",26,5412459,62407,6106,3710,3
"baj6llvgpWA",10,5406421,119342,8660,8020,4
"jvO1GDJXOgo",23,5395975,384997,10205,44961,5
"n92qIk6nU84",10,5374428,78340,1578,10785,4
"vHq3zcX-JWs",26,5373358,41090,3937,3018,5
"py2Z-UNKtes",10,5345795,153400,4724,9822,4
"GjDK_6NtYGQ",26,5338010,39990,5091,3134,4
"eSNxFlmErok",24,5336346,12199,5838,445,2
"8BAhwgjMvnM",1,5335815,69398,5584,11963,3
"z1Fvrmf4BXc",24,5332719,229049,9451,27237,3
"3CG77Qn5q2s",23,5325617,341076,10263,33964,3
"r-3iathMo7o",28,5317116,115097,8985,14723,4
"HstnxSr7QX0",10,5308108,101942,4570,5376,2
"U-am9AabIio",10,5305848,149989,5495,9595,5
"unk6n3_QdlM",15,5305409,180303,3042,41336,5
"7Z7xbelZI_Y",24,5299882,116299,1580,3379,4
"CY8E6N5Nzec",10,5299637,351994,4370,20229,4
"r2vpDWS5ky4",23,5296906,439165,4676,23638,4
"2byhW3BOKTU",10,5284417,107154,3655,7758,5
"1SiKopOt-QM",26,5277237,53089,5521,2524,3
"hmRt1GgCqxg",23,5275905,340059,13771,38802,2
"Qx54quy9tDQ",23,5270624,75955,2737,13116,4
"XTJ5QL-mi8E",24,5269920,267520,53975,52836,2
"fuoCUfdqZFI",10,5267622,63846,3190,2884,6
"GfCqMv--ncA",10,5263337,192996,3357,10721,5
"gfTeo1Ldl90",27,5253410,17803,4263,784,1
"0vV36TV0oms",10,5244367,286966,18253,14648,2
"ZCPwpcurYns",24,5239892,321948,5483,28112,5
"pTysrwci0pU",22,5232475,280116,2483,27063,2
"AiH3nDqWr9I",1,5228020,136152,4229,17986,4
"I37Aa8AAXXQ",26,5217373,46786,5201,4441,3
"c8Q8AyFjWZM",22,5214171,89405,5735,4197,4
"xzHJ2aZR6e4",10,5213295,235675,4053,15958,5
"uVcvhKTVZ8g",20,5205536,150437,5939,13416,3
"HI-mXMr8glQ",10,5194225,195754,7429,18787,5
"Dan2YMDCpms",26,5185076,271565,4147,18654,4
"AGlZv7cPlJc",10,5165645,59609,3309,3231,4
"Txlk7PiHaGk",10,5161538,290560,6511,20795,3
"PRlmRnU9qts",22,5156718,198368,200391,74776,2
"C3DxippZwcs",1,5147601,84056,6833,13653,5
"ri0ZjpEr03g",28,5136995,12200,6521,1994,2
"QiH16T8Nkz0",24,5136175,46044,17634,22544,4
"oMCijY1XGlQ",20,5128311,340240,2414,35107,1
"Q6M255BZ0HU",24,5122572,368379,32999,74433,3
"9flG5EqRPSc",24,5107943,35628,45389,20172,3
"_vvvSyBNiHc",24,5099409,472107,7290,54478,3
"ZQc34LzQeZ8",24,5098736,246236,4118,22090,4
"-x22MszTTC4",10,5090937,81388,6173,6774,4
"x3zQELlrY6A",22,5089431,97699,4938,10744,5
"JzCsM1vtn78",24,5085080,311511,4746,34278,3
"2lpMOn3YbwI",10,5083741,84102,4826,5224,4
"UC6USOV4ewc",10,5082109,298991,15338,39148,2
"njF1S4oQbgs",23,5078209,290371,13252,41738,4
"5qYT421bFzs",17,5072093,34196,2470,6255,3
"7kLO2AB5SPM",22,5069042,228489,17598,16259,4
"rFAddL8g8mw",26,5065000,181847,2313,10202,5
"AdZpDrdIEU0",26,5057200,45757,4604,2384,2
"2nUW3nIOOOg",10,5057004,170087,3300,9246,6
"jY3lRSmdLQg",10,5041205,60128,1640,1022,4
"a9_oVKNGUjA",24,5040994,6444,3539,1113,2
"1zHKYmcEe9U",23,5037813,550797,8802,31023,4
"wp6oQlb--Ks",10,5029936,44544,2200,961,2
"WjNFGZLJLss",25,5025835,42367,7279,13590,5
"EyPXz6hKa_s",24,5021278,502037,13109,66854,1
"qfqVkEYQ1Ls",25,5003665,55417,6908,5896,6
"cBdHUcVXca8",23,4999117,328333,7862,13467,4
"N3Dlpky9ey8",24,4991946,383858,10784,39525,6
"DGzy8FE1Rhk",10,4986664,518240,5215,34466,3
"eNk12DW41js",24,4966511,17404,2744,2190,2
"UNnHy6Qc5-c",23,4966145,346102,4039,14216,3
"mevO4I0f5lg",10,4958681,76327,2945,5484,2
"xzzs_1EdfJo",17,4955919,26085,3529,2801,2
"LgzhCXsBdpA",17,4945283,15502,1970,7113,4
"ZQ-YX-5bAs0",24,4930163,49314,3558,6666,2
"9V0hw6QjzSw",24,4924890,97854,3977,5052,2
"1QVlKUrjbWw",24,4924400,264933,15494,16498,4
"tJv-xtxKkQY",20,4912463,186266,28365,43651,6
"x4TZEVqKIvs",1,4912005,179245,9572,24188,5
"BJpLh9TyaEc",10,4910660,27348,4656,1376,4
"xF99M6Zilac",26,4907380,41025,10539,5581,3
"feuetv-nU7M",24,4901158,27800,6511,3089,4
"3nPEkZv0-OU",22,4898538,94900,2860,9861,6
"tFCoxg_XxHc",10,4897523,63374,4042,3815,2
"qQTVuRrZO8w",22,4896537,189739,1690,19397,5
"89OP78l9oF0",1,4895490,29533,2793,4729,5
"bFCVXPTJt_4",10,4894651,65900,9183,4977,3
"pFc6I0rgmgY",24,4893011,33075,2853,6717,6
"lRj5d35ePvw",24,4885758,95172,3570,10333,3
"n7YddfDo4N0",10,4870853,90868,1518,5707,5
"Am6NHDbj6XA",24,4867281,86356,10524,3122,3
"kUZlz6VbMCg",25,4857693,32918,2603,0,1
"cyPyIj08drw",10,4847666,128670,2891,2620,4
"fY8iLUkZ5kI",10,4846062,125511,7606,8802,4
"DV1OqgHb3jc",26,4841501,277144,17515,56504,4
"Isvqg90LhqM",1,4837737,200611,3745,13452,5
"Xe53gFvlUD4",10,4834039,72531,3285,3010,1
"Eq4t2oj7GgI",22,4830956,40014,2823,1875,3
"p4lh1h5hdFI",10,4830829,203914,3795,33628,3
"GKBI_bVFSfs",2,4822369,27166,1060,2454,4
"kXKw2skbLdk",24,4821151,53095,4255,4920,1
"S-4rhjO6xYg",23,4815667,251314,3557,19637,6
"LUwj1-1-M1Q",25,4813382,15125,3609,0,3
"PuD4nFN91WM",17,4805842,34298,2354,3822,2
"Waf5MF-UUj0",24,4802640,249700,4109,40075,3
"Tn8hOPeAnIM",22,4800408,154217,87268,41867,5
"Ehke7aPI9l0",17,4799436,98414,2650,12089,3
"SbrOMrjhyvI",1,4795716,30035,3246,3722,5
"oRArmtMA9AI",10,4787890,253419,6485,30077,3
"Rter-Np-Td0",10,4765146,171434,7831,11661,4
"Fj3euSYAtnc",10,4755448,544471,1821,30840,2
"dpLrlEBFq-0",23,4754605,204004,7382,14034,1
"hbEQ568X8U0",24,4754601,19229,2250,5271,3
"Wm8QlNCk-wg",28,4743333,89712,6140,6010,4
"rdeQT7KkqM8",22,4740173,101526,4546,9240,5
"VsYmwBOYfW8",23,4738425,49678,2765,2603,5
"ClpexINvLfY",22,4738335,495277,45934,62214,1
"5qpjK5DgCt4",23,4737269,175762,7017,9557,4
"GEB2f5dpFXs",23,4735882,461727,4189,16447,4
"6H3wVsceoS0",22,4734409,60348,2844,2248,2
"4juJXyLX510",23,4733057,445953,10306,35394,2
"u_SA2QkZd24",10,4723726,332914,5101,17083,4
"HhoATZ1Imtw",10,4723527,172091,2762,9066,4
"jzLlsbdrwQk",22,4720603,87649,10084,10820,6
"K5xERXE7pxI",10,4719578,237480,4230,17841,2
"kD-_iyS95AQ",23,4719135,61708,1923,3323,4
"JxbV5wGpXc8",24,4719126,57595,4071,6070,3
"8JnfIa84TnU",10,4703085,207315,3996,7906,5
"0Xj1inkyHko",24,4701574,12923,3206,1211,2
"2fGXDFiFBhg",28,4697856,198325,17252,50329,5
"uyn0AKTQNhI",17,4696034,55799,2560,6681,2
"mXRinQW3TiY",22,4690712,16086,4092,571,3
"06CMDDA4l8E",22,4682320,174301,65009,38270,3
"Vdt8Og5mY0w",23,4679506,375488,15231,11400,4
"Q38i6gmCLE0",24,4679269,27863,2751,6443,2
"tEnCoocmPQM",10,4678024,269501,4472,13897,4
"1YdB1q3c2C0",23,4674082,315713,6722,13660,4
"8z_cg5CypRc",24,4671337,120291,1335,8602,4
"pHxlZ4dTXug",20,4668508,306708,6402,39897,4
"bXOZlQOB9Hw",15,4664803,10907,4454,1220,1
"M3mJkSqZbX4",10,4662973,49340,7729,3464,2
"4BjTHvJZ8IQ",24,4654366,107690,3618,3501,1
"u7KZrt_cHH0",1,4650685,7791,626,1384,3
"MG-bvSY2f_4",24,4649138,72158,2519,9395,2
"0AUFyFEt35g",10,4645909,520456,4456,76042,2
"doP7xKdGOKs",24,4634060,92834,2559,0,7
"eS4rlDJ1aVQ",23,4628972,280540,7213,31392,2
"vjSohj-Iclc",28,4624285,66880,2108,10484,3
"ogyVcszhaKM",10,4615839,107043,2617,2478,5
"WDiK14qI3pQ",23,4613979,337318,15396,27261,1
"kewIE0Zw6yY",24,4601037,111528,6671,12256,4
"Jz50eTT6y8g",24,4596335,253042,6319,28856,4
"kjC1zmZo30U",24,4583101,36709,1202,3641,4
"10ZHNmmwwHw",23,4576748,175829,6006,8196,1
"jq_8rxMaltw",23,4573544,583779,3351,33330,5
"sHlOHZQacME",24,4564568,11642,2215,791,2
"9ND-Kmd60t8",10,4550983,100242,2698,3398,4
"ZtFjx3-gRkY",10,4542236,112385,3328,4285,2
"Wlnt6VrVUgc",1,4541657,45925,7155,3776,1
"uBYzYji4rmE",1,4539805,107953,5670,16124,5
"aE0wcNRp2PI",1,4526885,44350,3091,1522,2
"_al3Qt2CxQo",17,4510250,42742,7488,5561,1
"Xj2vYAq-bwY",17,4510182,15426,1842,6190,2
"I0tmSFXWa3k",23,4509055,521798,2517,72991,1
"SsyUGltfuZo",24,4498328,177210,2788,10585,3
"aBefE9RAIz8",24,4496557,268881,44648,62876,5
"1zqgvyzZOIQ",17,4489524,38358,4273,6382,1
"bc5BnTYRgx8",22,4489200,112278,5270,16234,4
"RsfUZe606LQ",10,4484462,42459,4761,4105,2
"VVMCz04CmlA",24,4475216,154077,5479,13676,4
"jD83QaWy8LI",1,4468926,119291,10055,20182,5
"aEFCUtv0DF0",22,4453660,80139,10207,7054,1
"SLL6gpy00WE",24,4451806,58472,3162,7000,4
"ubyAEacslEI",24,4443998,63814,4742,61676,3
"WyuPSLj_6aw",10,4433795,230766,4850,15604,4
"-QPdRfqTnt4",1,4427381,96391,5508,12726,1
"RkvczNWh9ZM",23,4426071,370750,7722,32714,4
"HY4DHWZcxSI",25,4425604,6947,3639,452,5
"0wx849AmSm8",24,4423959,182958,11974,12386,4
"X83fT0QdgX4",10,4420020,330581,8073,41430,4
"MsQb18nU2hA",24,4409251,210208,7331,22217,2
"IbO0M3DTqis",22,4404383,118205,3102,6499,4
"nfuXbnmdpRE",22,4398813,65789,6478,6380,5
"ntLtNTUCuII",10,4396801,158844,3073,7973,5
"wjtEYIj3zL8",27,4394948,57105,13561,88591,4
"fH5SelF_glc",24,4389912,290383,12805,38206,4
"CUEH-vTUHcQ",24,4386869,75796,1996,10916,2
"Bs-Hr-gEJAU",10,4379220,586634,2410,35438,2
"EUFtVAgh9vM",23,4375826,339446,17110,13593,3
"a7NJ6Gek9v4",22,4371293,223814,5475,12276,4
"acllEsTUYAU",24,4367075,15997,3231,45,2
"z2kEKZ6jyQQ",10,4366666,125009,12814,14966,4
"Kf2-86o5S1o",1,4365488,122200,7852,21128,5
"LACbVhgtx9I",23,4365466,232057,3213,43618,4
"BASh7eNGciw",17,4361354,19709,3364,1926,3
"YJyZze3P_0Y",17,4356810,26794,3189,4516,2
"PjqKPHZJgF0",10,4356009,114561,5986,15544,5
"_y2-Aj53sxw",17,4355331,25115,1333,2101,2
"1Znl8OUBa_o",24,4353819,271831,4941,38322,5
"n7_QlsJPhsw",24,4352810,23221,3301,1383,3
"Fbl3E_XCQfA",24,4351819,131774,23801,22706,5
"r7ZSj8IbIqA",24,4328925,17652,2948,2713,2
"p9wE8dyzEJE",1,4328193,14934,390,2670,5
"PPWDwBrUNyY",20,4326949,28978,4931,1157,3
"YHmYop9Bc_Q",10,4325734,42246,1003,3417,1
"sir53cRkFHw",23,4321826,37288,5758,7999,3
"nNA9ru2Ox5o",10,4320259,126421,5325,4176,5
"pl-DjiO8das",22,4317661,405482,4566,36136,5
"LfeEu4_vtfQ",22,4316413,173222,3348,11970,3
"ekvi8tVYem0",10,4309736,176532,2584,9590,2
"tjA7nAHOAww",10,4306937,226771,2558,9992,3
"kfXdP7nZIiE",10,4301571,82153,2100,7288,4
"YDQXzY11aS0",24,4293581,138859,2195,6893,4
"DdIs03ufvxk",26,4289651,31671,3277,1876,2
"J41qe-TM1DY",10,4285299,827162,1897,104986,1
"EAGhzuitLXU",10,4279908,181762,3153,8173,5
"5uXsCaakZD8",24,4275679,371310,16880,35988,5
"jmUooZZ96Mk",24,4274144,29062,3388,1476,1
"4HU6Z7anycw",1,4273711,245236,4779,15722,5
"mctn16hLzhg",24,4272946,81863,2243,3278,3
"P3iLo_JI9oY",10,4271180,166575,4716,11934,4
"_ahENVItQj4",24,4265491,18676,3078,5447,3
"6LB4JWRnyrM",24,4255104,393438,7018,21109,2
"v_0WNLAmSaE",20,4252020,191175,7590,85880,5
"NxlaKh0sJbU",24,4243147,49342,2695,7199,2
"sq4hYZlDPec",20,4242693,129304,11528,37763,4
"swqmsRWM4rY",10,4231642,21453,3675,906,3
"NaX-oGJEZI8",10,4222559,92092,3460,5512,1
"l884wKofd54",10,4221902,121045,5486,6521,3
"SU_2bRmIswc",23,4218799,349825,12428,19649,4
"c8W-auqg024",27,4216974,138582,4972,19772,5
"tRB-OU1wVFg",24,4215418,119122,2114,3542,1
"QpyHrQYeoIE",22,4203581,91331,2802,10125,4
"vFWlCsjWFMw",24,4200729,142257,2691,5830,2
"xuL1mdmFAF0",17,4200469,27347,7871,2322,1
"V4Uuxg6jmbo",22,4200230,140100,1996,10522,2
"ftlsZDqmZGo",10,4198594,79111,3977,4265,3
"nQySbNGu4g0",10,4196932,845029,1948,56047,1
"-1umYetwKxA",24,4189087,34582,4950,8775,2
"3AMGFKcWoe8",23,4182229,302045,2733,7041,5
"jambpMUJ8_M",22,4176625,12605,2410,643,5
"jQNazsWnQKU",27,4171703,282663,3314,15969,5
"NNJKWVmK-GM",19,4169455,7038,283,857,5
"v7H_Or9Nr5I",1,4162905,225763,3404,12625,4
"63OCvuC-GSY",17,4162714,8810,1108,8246,2
"9fB0GBwJ2QA",24,4162362,89426,3578,11581,4
"VhI2EpAIcm4",22,4162077,89469,7521,15610,4
"bMrRN99DYKU",10,4160214,115911,4092,9003,4
"IxD2NbXzgpQ",22,4159337,99434,6257,16902,4
"vbiiik_T3Bo",24,4152919,88442,6442,8665,4
"ntWSnDV0MYs",10,4150448,186262,9728,15989,3
"gN_L27itbTA",23,4146637,443534,15616,36490,4
"1XpCfxBSaUo",22,4142344,253280,35070,63416,3
"LU6xDgpnIyM",23,4141739,471738,3441,78452,3
"ZyWX6CjJCIU",28,4138484,76430,1801,11335,1
"nsZvmFUXkrI",23,4137184,212761,9630,22712,3
"CcdgO10VbcQ",26,4128228,55961,3633,2331,2
"tqPub3p3k5E",22,4126732,95735,1983,10077,3
"WlZu4RmD_oU",22,4123454,206332,20464,27042,3
"WtK4VJS4Jvw",1,4121077,37680,3972,2995,1
"vkOt4zmxHhQ",24,4116793,13730,2292,2316,2
"GBTV5ekQwWw",17,4114697,40164,6194,8069,3
"1PhPYr_9zRY",22,4112429,485707,2091,45173,1
"44WiEYFopes",23,4108744,305547,13872,6820,4
"wzIuxCDNWLY",24,4106260,18078,2550,1088,3
"5iae_Y8U580",20,4105713,43121,8727,9098,3
"KYqXrCigcAU",24,4095892,18665,2236,3509,3
"qhQqaLZnGoc",24,4092645,227376,16552,14638,4
"LVAsRO4QxXU",10,4092480,53628,1784,2962,2
"DqSBQqj94JU",10,4090941,218484,6365,8453,1
"w6HNZpaYXtM",26,4089541,50700,3090,2007,2
"cgC9IreVQ8s",24,4088506,6029,2260,681,3
"McRNSFGwqtY",22,4085131,143257,1610,7375,6
"FeRi86DcfyA",24,4076541,17615,4872,6387,6
"3mDDtCSC7fU",24,4066516,248635,15851,25063,1
"ZsEiE_eFX7Q",10,4057831,8067,1369,1416,2
"bGHM6DSAgiA",23,4054954,228498,3383,36423,4
"0URpDxIjZrQ",1,4048557,117406,3256,13399,5
"rDHODD2x3zE",26,4048460,28682,2852,2058,2
"Lhc2Go-x7B0",26,4033737,28956,3102,1335,2
"U3xLOo-CNwo",26,4031523,31751,2880,3530,3
"skIfzl96Gc0",22,4028911,293744,3285,20287,2
"kjSX2qC_znk",10,4016158,76724,4086,4682,2
"FhrS86odbxg",26,4014544,55491,3085,1579,1
"7qxPqKnSbpE",10,4011122,40509,2917,2103,5
"P6ODTQKhaXk",20,4009691,198635,3293,12371,3
"CG9EGStW-nE",20,4001615,279386,4550,53352,4
"WS8ilm5YO9Y",24,4000642,32565,1796,4211,3
"71Es-8FfATo",10,4000293,243355,6258,14073,4
"IRsFc2gguEg",24,3996062,18338,1443,2045,1
"ea2FXcjk3Wo",23,3995861,246130,6746,40331,1
"GpoebDZfsJQ",24,3987047,15414,2572,2419,2
"416rBQ0nVN8",26,3986920,23422,3084,1520,3
"2eUDm2_ZSwc",10,3980166,215576,4519,33442,3
"m4faDISwSVo",1,3976541,165915,4168,31453,5
"kMEfhcc6zxs",10,3975001,45215,1032,2227,1
"8h--kFui1JA",10,3974218,209155,4934,9619,4
"41dRU2x6K2c",17,3970332,36638,1849,2620,2
"ZefnROl7XEw",24,3969767,195016,11573,14887,3
"ulNswX3If6U",1,3969429,409750,4750,25876,2
"iPimqm8a1Nk",10,3968072,134906,3923,6115,3
"knf0PIXHFpg",23,3959546,307362,2815,18724,5
"G7MDrUG4cws",28,3955321,99143,2502,10805,5
"7qmSwj8Pwys",23,3954942,344105,7173,31539,2
"oS07bQTPZ20",24,3947934,23722,2183,4769,2
"yXqDYbnmBsU",23,3947386,247661,5282,62153,3
"mUYsp5baMXo",10,3945041,216378,9755,14998,2
"DlFmfxACvig",24,3941935,192389,3373,18579,5
"U8LHgq3Jlnw",23,3941060,241449,7032,14303,3
"88ZuNZDZEvw",17,3939437,16269,1939,598,1
"Aahj3atxdS4",24,3935393,92768,2837,4002,1
"_XyBa8QsVQU",10,3929195,143146,4786,27972,1
"_7985zBEM3o",22,3927954,166854,1465,13525,4
"tlILlcCE8Sc",10,3923869,206388,3039,7263,4
"ZNkYsvrVSnQ",24,3922997,23959,4817,2303,2
"Y6QLl6F0UCU",24,3922267,38384,2248,3153,1
"XYviM5xevC8",24,3918480,92776,6342,0,4
"J15vfXqnwWw",17,3916287,49690,1511,5701,3
"AMqSY_zBP74",24,3913860,190575,3925,16641,3
"j4KvrAUjn6c",24,3906727,77379,12161,15874,2
"RoflWNvJg_w",24,3906321,75225,4305,3162,3
"i3cN9elJWvk",10,3904032,35293,1603,1044,3
"_YDuLCIzbN4",22,3901079,154443,1838,11604,4
"mlf4bidp2yc",10,3900052,149914,2684,4223,4
"3ddhLvin3oo",26,3898265,34600,4161,3313,2
"-lgcAySBbTA",22,3896764,155622,1880,5468,4
"rNYduKIyEvA",10,3893705,177884,2836,10544,5
"Q3L0gArhmaE",24,3893338,289795,8865,32839,2
"zJZKWF7YBas",10,3889478,103201,7285,7321,5
"irJwEl2KEno",17,3887381,24254,1682,1760,1
"G7RW-KVDeEo",10,3886333,79016,3047,3711,4
"UDDMYw_IZnE",10,3884407,29222,1086,1009,5
"tHmAPWOo2jY",24,3883365,240253,10583,42827,4
"HSWuA2tSVZk",26,3882516,18721,2800,1266,1
"95Rzsn-zjr0",10,3882452,144832,2812,8064,3
"LBouZZqO0mc",10,3877713,81572,8608,4885,3
"i63jWjoAWHE",23,3870232,205447,9666,10764,1
"ZUSPD9zOyJs",22,3870211,135865,2059,6111,5
"QS8bma7LRX4",24,3866396,63610,2614,3720,5
"Zqv5CBWt9yA",24,3854712,524135,14650,55735,1
"4pyV0G7HeEc",22,3853408,27386,1013,4206,5
"Qw9iXcumulM",17,3851850,14211,2200,1309,2
"P8ZWk3S14ec",10,3846957,86182,3704,10348,2
"jE2VvGZktJo",22,3846494,139385,95707,48800,4
"v5IKpyFrpV4",22,3844780,114188,13664,35061,3
"FnaqC2ZH3Z0",10,3842495,186864,49595,24062,4
"U6kl5xqQofo",1,3841044,17735,2966,2432,1
"YI3tsmFsrOg",27,3838017,213132,1827,20041,4
"V9tw4yMJ600",10,3837169,111658,2866,5387,4
"PhLGj3KA7mw",17,3836790,28153,1908,3269,2
"aGl-1nwahCA",23,3832847,91413,3361,7577,4
"0AIb94O2jPM",22,3831236,12447,3628,583,1
"eVmxh5Uft0Y",10,3828884,237290,37198,23955,1
"cw1kBPZjbyg",1,3827494,120973,4568,22743,2
"mvulvk-bBx0",17,3826283,19721,1572,7406,3
"tzh-kQvtmiw",10,3825304,83796,1726,5823,6
"qFy5XyZsUeo",24,3824432,71392,1665,5966,4
"Ku-WC1EaPXI",10,3824196,223857,26856,31840,4
"NYMcACJLqJs",10,3824096,52547,1507,2401,3
"zX0AV6yxyrQ",20,3821163,160129,6652,16787,2
"5JjPfpSrtvY",17,3817620,32697,2679,5850,4
"d9Hz-gSf7LI",23,3816590,24585,4105,3991,2
"bOZT-UpRA2Y",22,3815944,108474,6041,12389,5
"fuHcdFPBKy0",24,3814743,91439,14542,12625,3
"Ws2GusRt5IY",26,3814156,35978,3356,1533,2
"ZFy7RdZWwj8",10,3810293,227470,3297,28530,4
"s5kI0VWac2k",24,3804327,67187,3968,2862,2
"m1-rpd3S-48",10,3800486,229634,4010,12871,4
"20ZekYl2AIo",17,3799280,11737,1078,2357,3
"wIimU5-UEPc",10,3795887,105180,2303,5605,4
"pF9EL787570",24,3792644,23481,2012,5986,2
"39nNRQ1gR3c",24,3790864,149079,4184,16369,4
"UfR5dKcKJvY",23,3790450,176517,12537,10941,2
"LvYbhJ6pryA",22,3784250,155231,75580,41749,4
"GxkLy_mvGXE",10,3783206,240532,4717,24182,5
"ltzy5vRmN8Q",24,3774089,115075,9047,19727,5
"JUabUTqMgpM",24,3770017,294566,6240,43425,2
"thQyg1i5kI0",26,3769407,33824,3013,2070,2
"TCoZstGksJ8",20,3765943,19881,6631,1985,3
"p_IwENcMPOA",10,3755521,67567,2029,2878,5
"bjPOg2bAWJc",1,3751723,31589,2391,2200,1
"37StRy0LEbI",10,3746919,191045,4572,9942,1
"uFn1vp-GpKU",24,3746412,60641,3864,9276,4
"nOBdtU1tzWk",1,3737885,141581,8927,6264,2
"j1eKhRDC27w",24,3735217,16471,1918,2669,3
"sqFVrfinlYk",24,3727499,214545,10126,23263,4
"SmqLQgkktT8",24,3724986,14316,14129,2515,1
"p6E9R9qv1No",10,3719682,161842,9512,24078,2
"yc-iu4MjK1g",24,3719408,65603,1397,5238,3
"ItYOdWRo0JY",28,3716275,43697,45910,12489,5
"5atVDycaXWM",23,3715225,326492,4375,26962,3
"-aFZP64c180",17,3709089,34607,1462,3412,1
"j_Vlg4K05s8",10,3706815,112386,2089,9734,6
"RH1BgTowDBw",24,3703074,3714,2387,0,3
"ahSKGi_21xg",23,3699670,50326,1651,3079,4
"dARAN1z2KqY",10,3697785,178722,2909,21882,4
"9qvNtzr0nqU",23,3694080,430612,10346,26911,5
"DCUyV3eBilg",22,3687374,173849,30803,31649,3
"sYvH7Y16iUM",28,3682919,112306,4336,11516,2
"aiw3QftXOJc",23,3681355,61115,1961,3942,2
"uKpvjqDsTcU",22,3680062,186777,2129,7017,4
"WZ0IFdDC9VY",24,3679641,50404,6450,12678,1
"hYM_iZII4U4",10,3679229,294626,58476,18880,1
"cgI9usFKx_w",24,3674958,179448,6888,24032,4
"p-GN8WXoiX4",24,3674828,111432,7916,16192,4
"LHjji5bSkBQ",24,3674199,346714,4015,27218,1
"mCoP4PjFZ8I",22,3672025,126003,23291,32119,2
"wTeTHjpPMgU",24,3667095,39323,6156,5389,3
"4Wi1PzmHKvg",23,3661624,194396,5130,12208,3
"BSBeOYmbnnQ",24,3659735,31067,1449,4676,1
"16jwVQTLCrg",24,3658036,123137,10987,7631,1
"Y0KgYB3wIGo",24,3657659,56981,2069,1633,3
"7Jz8wZbXuDA",17,3657611,60545,3313,7202,4
"IcDI1iWmIp8",24,3654225,37037,1786,4892,4
"__4c1JCHvaQ",26,3645650,188490,3598,20594,5
"PmUL6wMpMWw",1,3645376,20806,2030,2817,3
"QDkI8YZouc8",26,3643836,39010,3183,2091,1
"exMNBvwCfRY",23,3641421,218587,5809,12649,1
"SUrbuJuP2hs",10,3637277,81385,5069,4212,2
"V3EYjVPRClU",10,3635144,133232,5990,12704,5
"WNRZGOx5aaw",10,3622931,209164,19279,32502,4
"sottGW1p5os",24,3621389,141682,1289,8127,1
"JZf9UPGqcRc",24,3620658,292416,9471,34252,1
"9Y7X6le5qmE",24,3619798,138451,1333,8214,5
"r8-9pYzU-o8",22,3617888,153760,67785,30519,4
"wHTIs_pii8M",23,3615665,361569,2314,17485,4
"PaYvlVR_BEc",10,3615115,96290,10644,11279,2
"fJXWRFizc6E",24,3613801,357998,11447,47277,1
"JATYGQrOXG4",24,3613166,383801,9014,36092,1
"E0cbWdlQg_8",1,3612830,32880,2846,3962,3
"y3niFzo5VLI",25,3612445,40354,4404,1,1
"LtpqdJkoKm8",24,3611855,109605,7369,19073,4
"xNkLDa3_nnk",26,3611138,331469,6521,43591,2
"xsqInns6LXQ",24,3610250,82819,1739,0,5
"XvIpLfV5GKo",10,3605237,183419,3199,9618,3
"0EVO2ohrQtw",17,3603101,25373,1457,3409,1
"ZfUyn42jeqk",26,3602745,34652,3099,3745,3
"uGqTJFrPqwY",26,3601617,18992,4253,2323,4
"8OARiNiJ_w8",10,3600523,150399,2324,4584,5
"t4pRQ0jn23Q",24,3600038,104844,5027,13008,5
"Ifpq10K6zhs",23,3598973,219694,7831,26618,2
"LqU9CdPs6ek",22,3595550,156992,2023,10936,3
"_uM5kFfkhB8",23,3594708,202546,10683,11064,3
"TdyllLZeviY",10,3587153,274260,3451,14703,3
"MEYmQlWBeAE",10,3582803,128406,14884,17977,4
"-6rP8FO_Vwc",22,3582039,70630,9985,9056,5
"dKoIPuifJvE",24,3573227,3086,218,384,2
"tugFFhML7VY",24,3572549,306249,4482,30002,5
"4FJM_NSNAHw",24,3571873,13988,1787,5684,3
"wRNYoWFjmEc",22,3569857,165368,1991,7636,3
"aB-UKwO367s",1,3568125,123958,11799,36937,4
"TnCa71iUVxA",10,3567363,203773,6854,9857,4
"wdSXvTCksFA",22,3566648,166752,31792,23364,4
"Of_ERZE21hw",23,3566517,345433,17237,35576,3
"CP5Ro3oy-ec",24,3563460,23228,2327,4584,2
"AFOB6NRugTA",23,3563020,259792,7843,12118,4
"GZPuPoQe_3Y",24,3556869,211991,8650,14770,4
"CokyUUrx18w",24,3552320,77212,4396,9872,3
"5Jtvv7vQxIA",23,3551807,55119,841,3176,4
"G3Sl2vJrmf0",10,3546940,152248,9946,9134,2
"VP_ki-W3cLY",24,3546471,136895,2216,4776,6
"_FCw2r-5y9o",23,3541893,155303,5153,9524,3
"ju_inUnrLc4",10,3539843,384534,6164,38249,1
"XKFKPQHdWRI",24,3536383,119040,6583,24913,5
"mvUwLmOoTrA",20,3535047,134280,12597,62107,5
"vAuO3bHxSpc",22,3532608,144970,1356,11978,4
"J3vav5Sfhrw",10,3528152,201040,1955,9179,3
"vcw-juQsSNo",10,3527331,82220,2607,3808,2
"6S3phVSi0tI",1,3524743,10133,423,1120,2
"26GaanEOJ1I",24,3521011,75244,2628,0,4
"Sm2ArOlORFQ",10,3520360,66762,2116,2563,4
"qTBYE8BFVxo",24,3516197,339692,18690,35726,4
"Ek3aeUhHaFY",22,3515158,121087,1598,10292,4
"sTAIvHEvd48",17,3512787,47862,2819,5346,1
"2pJlpCfueV0",22,3509600,51324,2285,9951,3
"qN8DRJ8OMcA",15,3508885,119709,2377,10354,5
"aYnyMPc3LQ4",1,3508559,215060,3551,49608,5
"QD-fLwfBc30",24,3504507,126099,2042,3812,5
"ZhEz1cvC1rc",20,3501233,108438,4844,47741,4
"0lAWLb1tv8s",23,3491901,236695,4881,10793,4
"BtvRaMPJWLs",20,3490430,208539,6603,14034,5
"ixxR3ZoqnF0",10,3483755,789764,2840,72376,1
"VopB3HnOJQQ",24,3483165,126507,2953,7345,3
"rMFxV-l3qG0",23,3479682,31734,9676,12581,4
"SGtTgrtONr4",24,3473609,200115,14961,13055,6
"BQ_0QLL2gqI",10,3460999,161692,1779,5019,4
"pd7AMDMotyM",10,3457730,241459,12984,16802,1
"57nZ7LaVAH0",22,3457520,227602,3580,17752,3
"e77J4g0LMOk",24,3457431,133373,2831,0,4
"4iRJDDjejCI",24,3450879,82599,4101,7808,4
"o_pcpEKVWFQ",24,3450639,37700,16076,4168,2
"SV1ho61qaG4",24,3449780,280756,6077,24213,6
"bAkEd8r7Nnw",24,3447230,100566,1959,6954,4
"n-DTjpde9-0",24,3444961,88712,1859,6819,4
"fLO3JfrJ7cM",26,3444570,41235,2909,1853,3
"ai0_hAYmSzY",26,3444570,41235,2909,1853,1
"tGRzz0oqgUE",10,3443906,94406,6797,7818,5
"cpGA0azFdCs",10,3439987,54732,2026,5596,5
"gok-gkH4bwA",24,3436859,90055,4430,10775,5
"AVfldIQjfpk",24,3435796,30715,1767,1983,3
"UjtOGPJ0URM",27,3434355,163887,6699,18444,5
"515lLZS082U",24,3433497,62537,3074,3481,4
"wiDdIq4UPIM",26,3433047,25309,2772,1676,2
"O92pekaban8",24,3432404,136975,5614,12395,4
"W4lFoAMHWOY",23,3424469,278212,2367,12798,4
"a12bMQF8t3g",10,3422670,145857,2203,9216,2
"HTTpDGDAxtg",24,3422161,79159,2346,36586,3
"vUxpKtjFV_s",25,3420317,16085,2754,1065,1
"fr4ZG7h5IRg",10,3418879,182993,13146,22956,1
"sEDBKQYFB4s",23,3412160,356738,33678,19956,4
"bg3hJuBtE-8",1,3411918,70498,4985,3957,2
"EJ-4nFz5hjU",23,3411173,277250,4991,28200,2
"N0D-2lEhm44",1,3409696,34599,1961,2430,1
"YINoc51BbB0",1,3407345,26882,2518,1793,1
"TaVvm0r_gho",1,3406602,92356,6279,18519,5
"wylMwU1wEOM",10,3406370,175956,12735,11649,1
"A9YcrloL3oE",1,3406316,269530,8189,36280,4
"gZrC2iGh3rY",17,3404160,9425,1867,1794,3
"L87HuKmGwVQ",22,3402677,165568,1987,18264,2
"rvaYl7mr1C8",24,3401044,84439,4514,9918,4
"xg-AtrOSz4w",22,3394308,11408,2741,1281,4
"hahi5hfIVX0",23,3393077,172874,4118,7541,3
"C27hkQ5ARaY",17,3390198,16502,1654,6378,3
"QBL8IRJ5yHU",26,3388949,290270,12379,50410,5
"36QMyiRAv-Y",1,3387832,373984,8506,105587,5
"KHQhp2cGZtE",24,3381903,46986,1702,7672,3
"VwWV4JelEzY",24,3381178,163273,3749,23831,4
"LHAgUebnlXI",19,3380949,17579,5012,4179,3
"lo57l5ZDgwU",24,3376456,240158,2261,21383,1
"9zUHi8ON6PI",10,3368802,81036,6381,10280,4
"DuPFBprNjcQ",10,3367331,57268,4054,3377,5
"BhEnppeqFEE",22,3366540,17522,4958,4163,2
"Xpv-sEKl1B4",26,3366292,66275,3041,8399,4
"NLVQ2qTFFxA",22,3364283,81504,2376,8797,4
"nQ1mmVG-G1g",24,3362487,134619,1617,9024,2
"se9E-qvPJSg",22,3355416,77720,1779,5707,5
"nx1R-eHSkfM",10,3352913,0,0,0,6
"RDBprxmdKRQ",23,3351235,490243,3967,72910,3
"LNHkxOU7zz8",10,3351170,113837,4151,10123,5
"D1WWGHcJfyA",26,3350183,18001,2883,1279,3
"l25AL0BdD6w",10,3350016,152653,3854,11478,4
"qXivpclxftM",23,3347975,215180,4495,26365,4
"nranUeNkXpM",23,3342473,94492,6402,8041,5
"nPeYAsLYALA",24,3335439,12577,2119,2460,2
"IeA7lvC1ego",24,3335112,68562,4842,36861,5
"Kbj2Zss-5GY",10,3332724,196108,1775,9085,4
"z3XJdMwAvZI",1,3330473,0,0,0,5
"BZm8nSz19pM",20,3329164,241369,2584,16277,5
"d-HPZL6AU64",22,3324752,175957,2521,15731,3
"SWVtV59mczk",20,3323009,150997,23860,37779,3
"_QWZvU7VCn8",24,3322575,32661,1427,2007,3
"qAnaKfhvRek",22,3322564,88674,14219,51058,2
"8V08Gu1DOgE",24,3322130,35099,6902,4030,2
"BUobY0YtF48",10,3320921,102581,17618,14091,1
"8dfXKIzU_24",10,3319367,155314,6623,17227,2
"7dGwk5-QMpc",10,3316632,548042,1938,51141,1
"0KuL3xwqHXo",25,3314552,56308,5819,6869,2
"UH0nTHb6OdY",24,3313280,80589,2549,11178,4
"pMpQABKlC-I",23,3313243,211931,8836,20921,4
"ckS1F3mJzb0",24,3311448,49238,1832,1996,2
"2hkhKftPcIY",24,3309905,59010,1902,2480,2
"GL3R8ffq-rw",24,3307126,12990,1858,2589,2
"nlozE2m-NMc",24,3306528,66034,1749,3483,2
"t6jLE2PIOYU",17,3306032,52279,2917,1682,2
"VWeYDFpCZqM",26,3305510,137227,1282,10109,4
"8eo-L_3OWAQ",1,3299667,48488,2991,2760,6
"zlAqizx7Lf0",24,3297863,227849,7243,23408,5
"TjXQzRWmb_I",1,3295486,44238,1289,5498,5
"sirrTXiPFmw",24,3294424,122220,8087,32602,4
"SaVrFlo-LHM",17,3291789,0,0,0,1
"2QkRcDSClS0",23,3289990,293812,13771,26995,4
"yZIT6ZtsNxI",22,3289705,157293,5766,37241,2
"1lJOpFI3HRI",24,3288942,308038,5912,25649,3
"PpVFsdCZNXM",26,3287083,46644,2681,1479,1
"UQkBcHLZOqU",22,3285346,174749,1580,9679,1
"o-uWRhi2ngE",10,3282934,29399,1507,603,4
"08OhPK2BVIU",23,3282042,318362,3444,16206,2
"VD1QOLIhvzA",24,3280361,12863,1527,4594,2
"T2YJYVYYhfI",24,3278497,33230,2613,0,4
"SUdL8JXn0pI",17,3272052,15933,1414,6603,2
"bPNi_492aEQ",24,3271231,50267,1562,2482,3
"gv_d2UoJp54",10,3270754,61084,11668,5393,5
"H0bAcENcaxc",24,3269626,21577,774,1541,2
"k1xvol1SCx8",10,3269098,158593,1571,5267,3
"2in8XqiElwc",10,3268630,161444,7433,17190,3
"J0REYqmmPAI",24,3263805,14275,1616,4151,2
"aUTU-GnxVuM",20,3259160,157757,2288,25102,3
"b7K_lbglfI4",10,3259095,224943,3791,21893,4
"1eEeZePaEq8",24,3258886,12892,1773,2986,2
"Ye4z35i1b2Q",26,3257549,34529,6489,5361,2
"iLZwZX39FXU",17,3252167,8335,1935,3304,4
"ycuMyyqBWQY",22,3248961,163720,9904,16529,2
"vU7v5A5P8BM",25,3248948,34318,14919,41888,3
"2rATfT60dM0",17,3246276,14974,1178,3398,1
"JWKJ285bYW4",10,3239540,105468,3652,5214,1
"W4b43wg58M8",25,3234328,2985,1279,345,2
"PjTU0DmBWiU",24,3233766,279478,3762,30637,1
"XrU3rQj49DI",17,3232904,27066,1573,2519,2
"uwfIr6flLXk",23,3229977,83422,19760,7827,4
"wlJU8_yPKS0",24,3229807,9396,1701,1638,4
"7LjC-nUPrNg",24,3226905,36006,4850,7074,5
"s_dp2mBrqr0",20,3224085,161914,7008,43776,4
"1SnWTW6YXbE",10,3220014,161115,2184,12509,4
"BjkUhgiU7oo",17,3218760,16934,1053,3869,1
"nZVlisKtw6s",10,3215881,93114,4040,3624,5
"xYtsL9znopI",10,3213410,185794,3517,10540,4
"2HboMs0vbsE",24,3211941,231096,5397,12490,2
"H8d0pTJhQgw",24,3211289,67618,3800,12752,2
"SvMvFOHhszo",19,3209475,29769,5497,3288,1
"zDz9s2AOTVE",17,3208825,51775,2723,5706,1
"oMKYLxwhAo8",10,3195609,70725,2147,3245,5
"2ZklDUhdhiM",24,3193861,10368,3340,1567,1
"mBrdEYW0Vno",10,3193673,155473,2441,10176,4
"HgknAaKNaMM",10,3192147,74439,3973,5175,5
"I5uXtODq74w",24,3183416,273992,8011,32293,4
"NOYhC4U8VDU",17,3181566,22096,1490,2505,3
"CbWP9nvnRhw",24,3180704,195536,3762,17160,3
"sxxJug2Ob_A",23,3179175,155603,10546,12073,3
"hUZS6yW0fQk",17,3178239,15991,965,5837,3
"-BQrhlVjL2Y",10,3172185,20294,3690,3418,4
"o7iL2KzDh38",10,3170624,216409,2603,13069,3
"lN9WqViMBKk",10,3169957,39938,745,1414,2
"4kDklB6-69Q",23,3169046,244278,3644,24727,1
"yqulWPljawo",23,3165858,84293,4293,5045,4
"nE_TyW-7F4Q",23,3165639,31437,4473,4779,4
"eZFqlNYU5QM",22,3164958,106872,1409,12592,5
"cTRJYA6dibU",10,3164460,64815,1837,3928,1
"jKkOYEW7RvQ",17,3158597,19584,995,7573,2
"6_BxEjvWsqs",24,3158540,38700,1041,1548,2
"eSoZTwtX6OQ",17,3156234,18299,1317,2574,1
"AubUZV8tWKk",10,3155413,74141,2378,2168,3
"xXUdsQuUhGY",24,3154864,29435,2840,8078,5
"MEcc8e7WwXg",25,3153721,19009,2347,4023,3
"AtCLwYFRp4o",23,3153075,36305,7245,6845,6
"OrnYMmWBuV4",1,3147793,67189,2576,3110,2
"S6OAoRLOIdY",26,3145891,33202,2912,2912,1
"MTpGrsKEExU",17,3143036,17714,876,5837,2
"PzcaR1N0pTI",1,3141764,57674,3729,9991,2
"xq7ur-BxAJc",24,3141738,11880,1666,2480,1
"AM2vj7kAwQk",17,3141625,16544,1031,4178,2
"VIVF65-HTlc",25,3141213,17212,3567,26560,6
"ipuU0hHYiF4",25,3130365,39196,2381,4728,4
"xLkHEZTSeoU",26,3129042,136032,5108,12857,5
"psnbQ_sF-yE",23,3128614,135686,9262,7278,3
"LxONIU-9_Zo",23,3126135,143626,5165,8456,3
"1nX0kF2UwDc",23,3125598,334685,7777,34556,1
"KOC7clogG6s",1,3124766,127963,4010,22141,3
"0dBIkQ4Mz1M",23,3121392,210644,4230,18578,5
"vO6AEZzL_oo",22,3117480,75011,7399,8359,5
"3FpAImI9sMQ",17,3111909,16413,797,3824,3
"kxMC7g_sKjw",23,3111841,38688,1030,3563,3
"3VbHg5fqBYw",24,3111226,127079,12403,18233,1
"D7sj7L1uLiw",24,3106001,103954,3632,7465,4
"a_u7g5BlfiY",20,3105892,96767,4413,29073,4
"uxybmhq7XzQ",20,3104273,146272,2085,17263,2
"Nc0ZCtZdgAk",10,3103327,66270,5502,3197,5
"1LKHldBxY_A",24,3102318,14522,5729,1299,5
"H4Hb6HcCm_E",22,3100696,139747,6931,16887,3
"KVit4vSAMsk",17,3091696,28955,660,1572,3
"USuYnX1P4HI",22,3090606,45678,2406,1228,2
"wkbcPpAtNwM",23,3089763,104761,2904,6326,2
"d1D1SJ-KqaQ",10,3086615,340356,5666,34030,1
"rKHU4AGpQ7Q",17,3085672,22281,1280,2683,2
"BNzc6hG3yN4",10,3079471,214848,2565,12778,2
"WISmbOw_bMk",25,3078441,44772,1883,5965,2
"z_rHZI7AIUo",17,3077931,24391,1161,2339,1
"xmupkoVfUnQ",17,3077741,25699,1375,2221,1
"pcJo0tIWybY",10,3074637,169145,2772,13198,3
"-ZNmbKxeV7E",10,3074268,72522,2260,10403,3
"EhL2OWXZ26s",24,3071771,194197,4948,22719,4
"lCsX7h5_Nqs",23,3071456,151609,4086,9191,2
"7F-UD_NlDrk",23,3070788,176730,1756,12846,4
"Z0vLiQLpsc8",23,3068466,78940,18018,32359,5
"yHIpYDPbOho",26,3064808,26665,2715,2051,3
"QtOHEuiZINw",25,3064751,17968,2641,637,2
"f0wv89CdksM",22,3063207,97765,18018,29687,1
"8hKbIhrb1WU",24,3058843,44741,1645,2858,3
"YXC2C6o9EgI",10,3053515,43379,1594,2074,2
"Y-iFgDK_D5s",15,3053263,115602,1827,14933,3
"CNJL4GsSrcc",22,3050434,153282,8504,28944,2
"xLtYmhj-0Kg",24,3048062,23625,2273,3711,4
"G_RlYk5y7z4",1,3045684,21070,5309,915,1
"keA5xzqTBBw",20,3044244,223166,8037,12841,3
"645i6asTfz4",17,3041434,14595,1109,4238,1
"E4c7EE8_IX0",10,3033194,85780,3532,7077,4
"-5I4FCUo7AA",23,3030827,136572,5020,7553,3
"2nVPFdqejD0",23,3030502,84517,17414,8089,4
"F0HevqEymoM",24,3029982,159998,5509,15019,3
"bg7RjxsghNY",10,3029189,267850,2234,20223,2
"NsFna-Z1MjU",20,3027619,74057,3186,27027,6
"YL9sNrOlK-I",17,3027415,31069,614,2060,5
"JfsxLhPn-oA",24,3023863,215681,7265,27257,4
"Ou5pbmIEzFI",17,3020870,17390,1239,5336,1
"Kr0nQmUYwB4",10,3019738,272522,8506,26087,2
"0cZLo3AAan4",10,3014847,42556,2791,0,1
"AxISB26avpw",25,3009536,47336,23651,25003,5
"_IPXiNIXuFI",22,3009525,127372,47270,70516,2
"0UE_Z00vFLI",24,3006169,70923,1188,3252,5
"ioa7vFjTJio",24,3004542,23514,3137,2544,2
"PTQMog9u2Zo",24,3003019,42546,2597,0,3
"7EogrGnhzy4",10,2999165,42848,800,1513,2
"evKZGQ-qwEE",24,2996115,73522,1728,9892,5
"IqZyqEHAtJE",23,2993948,75166,3446,11249,4
"cMD63TwzB1o",10,2990740,116055,14346,17287,4
"YUWq_aBiE_s",10,2990235,101684,4028,4538,2
"74hZN9i2eEA",24,2990169,98284,1422,7569,3
"ZZ6KuNu1jpM",10,2987961,98248,3669,9532,3
"5NaAwSpswJE",24,2983801,45381,7649,6999,5
"XmzCr3Pehtw",23,2983801,262810,17020,9804,4
"nxYPzl6WWig",22,2981413,26356,3085,3278,3
"nWZMfPP34g8",15,2977230,128176,2354,37914,2
"tqqGzn2YWX4",17,2975372,14224,1084,6326,2
"igczJLuaelg",20,2974384,99236,28880,25192,3
"vkA1rFrNLWs",1,2969787,198154,6616,11536,4
"DjLpLaGPANM",10,2967625,182453,2482,10687,2
"uID_f0W7vZQ",24,2966834,15232,1760,3928,1
"1j_k5WCFShQ",22,2966739,161706,1469,6724,3
"TZSVf-yD7N8",24,2964689,95535,1242,2962,4
"8ll04Zzw5UM",10,2963449,193449,4309,20957,4
"UvE73kS7LG8",23,2962946,292527,4628,0,3
"XcSMdhfKga4",24,2962617,41751,3494,3676,4
"cQ54GDm1eL0",22,2961991,58948,9704,7012,2
"Hl0GSLcwHVs",24,2959136,18813,1053,6107,3
"QHG3ao_5Hl0",23,2958517,236333,4741,14216,1
"Uy7yJdq1yhg",26,2958084,118709,3663,11088,3
"3Eu7NzzHC84",20,2954794,163263,1754,18126,4
"T2aJzwAeA9Y",17,2950929,38906,3283,7637,2
"_jukWyDbWE0",24,2950731,25037,15596,5037,1
"NKvxheeXKqE",25,2949529,3905,1139,273,1
"cUgrz9pjHVI",26,2943301,23309,2272,1427,3
"PMEkmiQP5bg",10,2942269,688754,687,61516,1
"r1_H7Va8D8w",24,2937617,324561,5696,21702,3
"-7_ATlZ-zMc",17,2934876,26926,1471,2312,6
"Qu1KNkhXq8s",10,2933968,100131,6216,3848,2
"s26JfwmlIKc",23,2933896,322695,3851,24534,2
"6ojjvi5gUaU",24,2933678,121523,2633,5064,4
"doPC4PAN65I",23,2932898,189012,2896,16581,5
"rNoRbknrwEY",22,2927609,28973,1089,3341,4
"OJzpoj_NxqQ",17,2927221,32106,1985,11453,5
"6ug9zvC9pJM",10,2926467,123477,1935,7976,3
"7AXo-bYGXI4",10,2926192,149298,1708,6463,3
"QMlkroj89ho",17,2926077,9491,1540,895,1
"AdQsDopZfS4",25,2923789,7620,986,5220,6
"Hj9XPmLeqOw",24,2922292,204763,5173,12572,4
"ZAyvEft9MIs",24,2921359,160246,3850,20173,5
"YoEdgiT9rTU",10,2920661,331901,3942,6734,3
"Px_S0T4oOYo",24,2920547,46504,7355,14031,3
"d-xSH9zlKpE",10,2915253,68540,2067,2903,3
"FGAfZ-PTaNU",22,2915115,72217,1379,3834,4
"VAUHZYf_aKY",22,2912721,59510,4284,3995,5
"lQx6YBtQZbw",25,2911891,19138,1381,0,3
"a7JQzSn8Ptg",24,2911773,69418,873,3653,3
"mddRihBrWOk",23,2911526,159737,2785,6406,2
"3rkXFyt7EXw",10,2911157,146201,3994,9050,4
"aVuzDN95L3k",17,2910482,37492,2501,5837,2
"QLFRGj-PPNI",24,2909763,29924,773,2429,5
"ipWfcK1HVdA",24,2908064,46563,1570,2737,3
"qnjLSLuEbbI",24,2906074,32718,10453,12684,5
"Iq_MgclrgzY",26,2905776,31793,2326,3088,2
"vSONCa3qKSY",26,2905672,92791,2518,10034,2
"ndGRpZ7c49A",26,2900812,36173,2748,3523,5
"0YZvOTas8h0",24,2894524,41166,1877,19202,5
"9leGWlOXaTA",24,2893428,221983,2832,15961,3
"ulCdoCfw-bY",27,2892805,163125,1571,11505,4
"mmZqOKVvWrY",24,2890746,33718,1200,2395,4
"TtLv2thtu2s",26,2890038,28762,2721,1522,1
"J83sZrz9XTc",28,2887961,102175,2307,14290,3
"DeNSakevKD4",24,2885114,11587,1501,2210,2
"pjagqAGyoS0",24,2880682,210988,2342,13578,6
"YVckx89QcG8",19,2877145,38871,2430,10237,3
"PiI150VpvV8",24,2875276,270038,23502,68069,2
"pKkZjjhPCQM",1,2873471,73267,4863,11937,3
"r8alXrRsUuY",17,2873429,15112,866,4122,2
"7Nv1KoqM6vc",23,2872226,28780,1476,2049,4
"hQW_9ws8OhA",23,2869790,62597,4777,20484,4
"CeCgsmTjHjk",24,2869700,213596,3448,17311,2
"w9AWvi82uDw",20,2865979,150411,2780,28656,5
"UFpGIi2OjX0",26,2865977,31132,1709,2919,3
"8sg8lY-leE8",23,2865089,29078,2312,19344,2
"rimJTeGHTaU",24,2864991,12117,1390,3015,2
"5is-bEioiMY",17,2863041,17342,1056,6176,1
"fViHxVwA6hk",24,2857037,27015,3803,2072,3
"4ubwGb-vLA0",1,2856209,64677,1975,7160,5
"6Y65fxIRs8Q",20,2851205,36668,2734,4209,6
"B1Iv5lRnOSA",26,2851157,28160,2420,2025,3
"PGRcxXLfWrM",24,2849357,62003,12720,11046,4
"-kTWIm7m4Uw",23,2848729,307704,1584,46735,3
"C4NnCpYKH_Q",23,2844631,369792,3981,11016,4
"OPdssn10jNs",17,2841141,15249,770,6135,4
"JANApS0P4z8",23,2836959,115671,3981,6913,6
"C5Rm6rDbF20",24,2835512,136895,2834,6394,3
"NEoVjmfYlJ8",10,2834967,241017,4621,32737,4
"MSpcdzwBatg",25,2832739,139165,23181,41335,5
"JNyZ49q4vrU",23,2831816,149262,3207,14305,5
"QZL2NrrhjHY",24,2831682,87347,1878,2331,4
"Pvakr7s7qc0",1,2831297,90647,5944,12212,3
"RDLFB1R89IE",17,2827327,17987,810,6543,2
"F4qfN5UeFvQ",10,2827100,242375,3770,14970,1
"VEY8mlKPjP0",22,2825226,102538,11306,25914,2
"A0FZIwabctw",28,2824371,117687,1404,7507,4
"HPcf65-LzHk",17,2824169,26921,1265,2533,2
"f6Egj7ncOi8",26,2822642,275632,1444,124082,1
"eFjFxgHedgM",24,2822463,47668,3741,7158,2
"3iUfzN4RAB8",23,2819125,44530,6463,8287,5
"4WnizmrnJlk",23,2817216,26544,1323,3377,4
"mnDwhOQW5iI",24,2816711,14054,1614,3785,1
"FhwktRDG_aQ",24,2815809,86906,2190,7118,5
"fpxBxp9QKrk",24,2812994,61589,4613,4822,2
"1XokkMj-tYI",25,2812031,30350,2205,7743,3
"tHtnxluMXMw",10,2810951,116202,3004,4780,3
"BIKnffj4r34",10,2810764,51032,727,1140,2
"NSDOPBQBoG0",24,2809311,0,0,5485,1
"V0HCZ4YGqbw",22,2808784,273722,5827,30684,5
"uZwsYdxecA8",10,2808214,168243,1845,11252,4
"3zz29FbK8ag",20,2807029,94274,976,5134,2
"SPQbewtlChg",17,2806987,18736,2030,1805,1
"XtlLI_pBC3s",23,2803696,185532,3630,21900,3
"_jjdXWhH0oY",26,2803587,19074,1987,1194,1
"zUwaQsI-V6k",17,2803003,27307,1421,1213,3
"fC8gutkCu1c",10,2800859,164498,4252,9476,5
"KjICBHj1EzM",23,2797574,42052,876,2897,3
"4ZW46kW7mG8",1,2795931,131896,882,2183,3
"JIJB7cv97Dg",24,2793414,115209,6401,16579,3
"8qGCleYV4cw",20,2793059,159868,3441,9467,4
"UsciN7COX1g",17,2788033,39291,2447,5223,1
"iTomHDVLl4E",22,2787928,34706,1447,1907,1
"XbxRqlHtKUE",15,2785566,55757,1314,6708,4
"x_joMJBrT34",23,2783495,94487,6047,16127,5
"obqj4wkwgv8",17,2782899,14192,806,4942,2
"ZyFfrCpZah4",24,2782115,234929,2408,10869,3
"whz9bafVvFE",25,2780558,2360,717,4038,3
"h07P1J93Qt4",17,2779796,15194,1259,4768,2
"PHLY4a5fTjU",22,2778867,133428,1954,8908,2
"rvskMHn0sqQ",27,2778545,178296,5431,20224,4
"AUPeHXijgH8",17,2772379,15333,1222,4487,2
"DjbysQgJ64Y",24,2771941,50957,40976,22659,5
"8A7bNJCjkx8",24,2770693,176554,2799,12135,4
"Wbm-GzCnC-g",24,2770640,124411,2023,12471,3
"ZhqZCMdvKyg",10,2770463,63530,6845,1829,3
"mdWcaWBxxcY",24,2766850,149646,15322,14195,2
"DgOUdtUlL24",26,2766657,133446,611,3898,2
"Iq6gCapM9gk",24,2766261,115472,1577,17843,2
"EU-eQpCqBXQ",23,2763904,135863,3631,9956,5
"Fl7JxmtC6Cg",24,2763024,12929,3798,11491,4
"h7zgc0LYo10",24,2762928,16654,1446,5409,2
"QAwugvwTPEs",17,2758507,15509,1599,1789,4
"08vIy0y1N9I",23,2757653,86378,1242,5212,3
"tzq7TskZ8Wc",24,2755971,261198,2065,13037,3
"dCD0f18Zn4g",24,2752835,23973,1787,2537,1
"ToY6sjSV8h8",10,2751580,127576,1658,8677,4
"g46T19sztLU",24,2751406,15341,5803,1664,4
"IP4hs_wq5yE",17,2750165,43147,2740,6195,2
"xwCPIaVA0sQ",10,2749521,60155,1104,1197,2
"S93p4sHne8U",24,2749137,32956,2716,3788,2
"3t2jdkDBfPc",28,2742984,70743,7557,8752,1
"gjXrm2Q-te4",23,2742344,89376,1373,5077,5
"2awTgK-tCvI",26,2742122,136162,2105,7414,1
"5ajEkB3zzuk",25,2742118,15135,1770,0,5
"vjY86_TFT1o",23,2742052,238609,2162,7697,3
"4nqJiBRNQuw",24,2741708,65371,2675,5033,5
"uZ1M3DkKCEI",10,2740505,141556,7351,12871,2
"VuRhr5z4_Rk",22,2737618,22065,2023,823,3
"gMzzxnh0zQg",1,2737299,38515,1119,3331,1
"kOnQocd799Y",1,2736733,58967,3492,7915,1
"FM7x2VByEfk",23,2734126,285714,1610,23241,3
"pxvBTSx47C8",24,2733401,213684,1944,8972,2
"qY1a4r7LT2c",24,2732903,11524,1383,2682,2
"ZfHiw_LFNGw",24,2731732,14268,4885,2510,2
"KCnKJbNSibA",10,2731391,31531,2261,1109,3
"ymQAkH7B43Q",24,2726797,26748,1256,3639,4
"V5zTZRDdimY",23,2723827,169538,3409,16699,4
"XD0lxNiZ7mE",24,2723768,170140,8886,22429,2
"h3cgHyusc5s",10,2722786,102510,7758,5385,3
"08XqNxVgfMU",23,2716883,236848,3681,16124,1
"FrkcKwylVW0",17,2716575,13843,761,1156,2
"lGF8nd0mZVs",10,2716447,65910,1290,2300,1
"2y_C2KvVw1M",24,2716321,38854,2736,7462,2
"nHjHfCeBkmc",10,2716176,84718,731,1356,2
"hiBPUpCJ7MQ",24,2715936,44162,308,1755,4
"aa3ZEYQIh7w",24,2711583,7996,2298,1323,1
"YEzbFCLLvtc",10,2703200,77931,2223,3585,1
"z5wiZRlV9I4",17,2702889,12341,1272,7022,3
"BplJQtpfero",29,2701003,255316,78295,64085,2
"7LnZEmi6KXA",22,2695387,31034,1683,4038,3
"j5s-s1oGzVM",24,2693914,161708,2938,15537,4
"Jtzn9OQ20Vk",10,2690951,88682,1438,4428,5
"TudhYwBrgYg",26,2685993,70831,1563,6054,3
"EEzj0HMz5Bc",23,2685883,184342,1605,7925,2
"F6HTw5DU670",17,2682879,48408,2267,2341,1
"4V38pzhWwCo",22,2682799,76081,2347,12828,4
"0EPY1CKFecs",23,2682548,62542,6156,10424,4
"l9jZFwwZQJs",23,2681355,112011,8318,9357,2
"udwYIfUgJxo",22,2676424,8321,2592,1891,3
"29zlbazAvHA",24,2675314,234965,3600,14799,2
"JgQ-07VgJuY",22,2674485,100332,1710,8476,1
"S1cSA21DSU8",22,2673757,27045,1804,3465,4
"jr9QtXwC9vc",1,2671756,12699,505,1010,1
"o-nGPNn19vE",22,2667847,47691,2222,7704,2
"5gy7wSLhJr8",24,2666124,61993,3454,6800,5
"K_m8fcJb5tE",20,2664113,69760,1034,9386,4
"4kN-FlYp5rE",17,2662391,31152,1456,3374,1
"K674LKBUukk",24,2662052,43793,2015,5079,5
"TvEpYnAo0Tc",24,2661642,32313,2653,5410,4
"sesUrzFWlQ0",10,2661263,92469,2504,11633,4
"Ix7WYjwn5-A",24,2660629,129424,2190,9234,5
"4U9b58rtoNg",23,2658813,262463,9152,13024,1
"ffvg7cR68-Q",20,2657947,101385,14452,16346,2
"d380meD0W0M",24,2656622,149105,2339,19644,4
"4wqvrjHAwNM",17,2656569,14639,1138,1105,2
"giOZ3EAleeI",10,2653476,89469,3702,18206,2
"osXo6yB8xNw",27,2652797,30597,2397,2040,5
"rQEqKZ7CJlk",28,2652713,46420,4450,5561,3
"SpbMr7zc0xU",17,2652364,16289,854,5448,1
"5bJ_gb19pKQ",1,2650574,79212,2187,9892,5
"uLs7p-brvP0",24,2649856,109043,2317,10142,3
"hNS43l4qXvg",23,2648876,216276,2634,13025,1
"WA0Ek8RT20s",29,2648082,282046,31931,49026,1
"YpU0y6TMGSU",10,2647968,108024,3924,8689,2
"XlCHEONTqnc",15,2647746,193092,3473,19642,3
"NJAtY43vsl8",24,2644799,33787,2745,2300,3
"Yo0RvZZz_ds",10,2644109,37213,1015,1351,4
"YylVAe1SYXw",24,2643877,33539,956,1438,3
"6781x0TTSks",24,2643362,78392,805,2344,2
"ujyTQNNjjDU",10,2642930,115795,3055,6410,1
"BiiuUzFQ2Bg",24,2642821,37681,2789,10867,4
"tEA_n4mmBok",17,2641858,50048,2011,7087,4
"5orrZxSjLQA",10,2640906,186588,1241,11345,4
"Ep6-bNu16_I",22,2640843,124924,1876,21349,4
"2ImJCzGhAbQ",24,2639145,40259,1019,2026,1
"No99lbNwBg0",10,2638493,54072,1227,0,5
"ctx4YBEdOxo",28,2638137,91307,3043,12009,3
"d-Dn2UFOM70",22,2636538,85990,13972,18983,2
"mQ055hHdxbE",10,2629999,114228,2526,10422,4
"RgHZulvm20o",24,2629020,12853,1320,3493,2
"xZsONNB3gXU",10,2628415,67466,2637,4351,5
"vI4LHl4yFuo",28,2626574,89482,6005,8509,5
"tEG1Eo7OexY",24,2625882,244375,1412,22013,5
"O8bszsJ0D7I",22,2622999,130215,1091,6906,2
"Ocst_pQIY6M",1,2622886,26599,1514,2178,4
"vUALE5SitT0",22,2619135,494495,2935,69911,1
"KJAzQie7z58",17,2618513,12032,951,3456,1
"EAlQc84D9lU",24,2618284,51303,700,1101,1
"IaeLD8bbZFo",10,2618268,96179,960,1741,3
"exWg1fkvI40",24,2618254,47360,2867,7357,1
"Jb8RX8b3b30",17,2617595,14833,1583,6921,2
"Cmg2BnAv4WQ",24,2617197,52906,39571,14780,7
"ck1SSHeHmAo",17,2616582,24559,1357,2298,1
"E4691igUPG8",24,2616513,231267,979,9540,3
"sMLso2du91U",24,2615244,27160,1847,8251,4
"c-2excR77E8",24,2612376,221919,6815,23251,3
"vorkmWa7He8",28,2610992,74893,9796,18687,5
"q8w4pbAkkGc",17,2610352,17023,2801,11361,4
"h5XzGyjEkkc",15,2609695,56915,1224,7514,2
"T3hXC5yNZOc",10,2607293,136232,12409,15349,4
"SUn9OsW0bEY",23,2607108,128381,7405,9148,2
"m9KCDVoQFTg",24,2602539,140964,9505,40305,1
"qT0mpVcH3ZU",23,2599612,147077,2792,6064,4
"pOEzjT-SED0",10,2597587,83723,15686,21213,4
"nt00QzKuNVY",28,2594341,21021,336,1353,4
"aLt_4e6MthU",24,2593429,156311,1542,9837,5
"ybp7SDwlzME",10,2591036,73249,1724,3307,3
"aaVPh1Qr_t4",17,2586322,14325,1557,3609,1
"8x7UtZKwfHA",28,2585045,68009,5081,14237,3
"a8jMz3qX80I",23,2584751,54060,2022,8388,4
"CJzaYLc4pPY",10,2581840,163680,3012,20816,4
"Rlmxohf1i_8",1,2580854,17711,901,1285,1
"9Szts88zY4o",24,2580817,74720,4678,14350,1
"du_rb1hzfYk",17,2580013,10638,1024,525,2
"hWLjYJ4BzvI",22,2578168,72967,863,7751,5
"yPOMfBBY8PQ",25,2577835,22706,1407,1883,1
"ZT0CCaKDxjg",23,2574365,95855,5251,10882,4
"cyIftAPf7kM",24,2573890,187373,3815,18785,5
"Bhplg8YCu-M",25,2573020,30503,2744,14443,3
"sB_--dhnx7s",26,2571994,23900,2234,1667,2
"pmoM9aY6A4U",24,2571955,190018,1753,14974,2
"8Od-IMIGjfg",26,2571483,89664,1013,9193,5
"sVA-SDYndg8",10,2570448,37452,7567,4433,2
"paxgKBUK4wQ",1,2569382,71357,5254,16601,3
"uz7DycAvLtU",26,2568372,26915,2417,2486,3
"tDyMS00UCao",17,2566192,21028,1255,741,1
"QX-yPEu885s",24,2561575,19275,6574,2592,1
"eVBU4awUcQM",17,2559794,11729,763,3853,2
"_IuEg3xbDA0",24,2559735,68136,866,5550,4
"zTspzONOomw",22,2558543,74061,1099,3725,2
"Fmdb-KmlzD8",20,2557709,65412,2264,17165,4
"jzIE_oKG9PU",24,2553669,45860,2053,3173,4
"KFaMZUarksA",10,2551558,127781,1705,8551,4
"I-BGTp-I9aU",24,2550370,46905,7058,8342,5
"enHOsYWO4oU",24,2549961,3124,291,201,1
"iK7ROzfOW8k",24,2549922,217178,3104,23420,1
"TITlnMA7bH8",23,2543616,165252,4249,7159,4
"2BE4X3bYpxY",10,2539701,163807,7508,10643,1
"UbmGPOHJYpA",24,2537214,34858,5771,7543,2
"vug4bROR79I",17,2533705,12887,719,3055,1
"tG-IGNvfrg8",17,2533445,36018,471,2660,4
"Sc2pkWWe4Og",23,2532299,122765,1913,2598,3
"OylDdm-6ZH0",26,2530002,172311,3524,9275,4
"YWyqZ10qBR4",10,2529307,88143,2796,4007,3
"y06RDyNXqbM",10,2528539,106223,6710,9271,3
"LPVXV5YSANY",24,2527596,7783,1890,423,2
"JBDWIGpKnwM",24,2526557,150418,2065,11615,5
"eVxgcOzYrKo",17,2525518,16530,2146,3764,1
"bSJ8mpWBVeE",24,2524322,32092,2178,7971,3
"Xm992Jwxn8Q",26,2521991,20268,1614,1356,2
"IumYMCllMsM",10,2521431,92185,1494,3337,5
"-kFvrsAgp3M",24,2520243,73063,1586,2781,1
"5fZiMNo5-uo",20,2515218,50615,2014,15241,4
"D_eZxSYRhco",24,2515101,27796,1042,5757,3
"7sDgJi9z4Us",10,2514740,69139,1627,1889,4
"HnCU20Cu0fs",29,2510664,0,0,1641,2
"vOfOFkt_W50",24,2510662,80728,1131,12316,2
"wOteLmvdQzY",10,2508215,26092,840,617,3
"12m1rG0Tj7U",23,2507076,21094,6093,8304,2
"oYmc98Tx0BA",26,2506531,187409,1392,66381,2
"oCXvPWJClJg",10,2505729,62903,4899,17149,3
"kpTTf7CRwYc",24,2505292,104867,1961,4699,3
"_uSbEKDaqkg",26,2504906,31788,2536,1216,1
"TsVpk00atGc",24,2504904,138931,2591,13895,2
"UyDZofuB0zk",17,2503420,17252,1482,4010,2
"pWqef6cbwzI",22,2500099,282313,1635,59996,2
"lQVKsPv6i3M",24,2498732,10514,1192,2632,2
"CzmIrPvIzxk",1,2498437,51600,1555,6193,5
"mt-pg8FBBDw",24,2496054,213676,4299,18458,1
"7rOQv_6L9fQ",25,2494584,35785,7591,2486,3
"qFcCpM8tOnI",10,2494133,50958,1935,1648,1
"wHch0mGCa9I",26,2493781,108785,2888,8182,3
"ykHeGtN4m94",1,2493439,58276,2835,4510,4
"4js1PKLfOeg",22,2492579,82301,7444,14046,2
"_Jbq2EEPG14",1,2489997,128586,2041,22434,4
"bdcn9JtiPOE",24,2488990,46659,1910,29635,4
"UJngK9Pfj_4",10,2487987,24233,518,951,4
"njIP93V9qYg",24,2487212,28889,2535,6211,3
"uJ9M_7zSa3s",10,2486637,157941,7458,12153,1
"S6vlu1FRaic",25,2485605,13885,988,18799,3
"qXTwf2qKJsA",28,2485103,65771,2072,5511,2
"ZAfh6okEgUM",26,2484656,26414,2051,1414,2
"_o5zbvGyxW4",10,2483531,145264,4312,11151,2
"hLAIJMTAGFQ",10,2483307,5930,2765,212,2
"iWnnupdzG5c",17,2481376,11915,678,3803,2
"n4EHCgTek2c",1,2480775,33329,734,1735,1
"ZHhePoJhs8g",24,2475475,29096,1019,2711,2
"I3ysRfAo49k",23,2473697,92524,6318,6103,3
"KhGyqT58vEY",25,2473570,32832,3911,4218,3
"5hNMaaM7Log",24,2473473,126637,1536,5658,3
"aFuA50H9uek",28,2473054,57596,1590,13774,2
"QJWTqI-uor4",24,2471381,202069,5480,7951,3
"BmkSQ-_1oTw",23,2470993,47684,2196,4475,4
"bYpItS1jS3Y",23,2470928,236764,1157,7325,2
"0Q0Qk18JtDo",17,2470699,2940,599,372,4
"cy9W-ZywVPc",1,2470444,176040,1084,28425,4
"nRc0kmOYgzQ",24,2467117,31199,1291,4239,3
"xOiglIips8o",24,2466449,38378,1020,1654,2
"tpa4kp4lK60",28,2465340,216545,3442,43462,4
"0s6-iFoCFNQ",24,2464654,25590,825,3725,5
"n6eXtBbhpYg",10,2462908,10612,1164,455,3
"H6tFxphsZQs",10,2462199,61260,2111,5900,3
"5MRigxR5KO8",10,2460852,103290,2517,8829,4
"oMNqsSVuYvA",10,2459439,62868,2112,3838,5
"oP-6Z1RlaIc",17,2455165,47921,2236,8112,1
"JZ2fRE_nkak",26,2453120,43429,2902,5523,5
"GABCneYEE84",1,2453061,67663,2269,11200,4
"DvDty9y-8Gc",17,2452830,16315,1534,6302,2
"vzNcSvKCOyA",20,2452418,99479,5240,12021,3
"oLDbO545aKQ",10,2452320,155733,3363,9403,4
"5JYqTSSH6IA",24,2449920,49061,908,1992,3
"EgI_KAkSyCw",28,2449757,16027,1320,6137,1
"FwBHy9h2iPk",26,2448795,29335,1799,2422,2
"A7eb1DHZ9GQ",24,2448502,44434,6998,8115,3
"JpvC3j9Qxus",24,2448026,36744,11341,55565,4
"rDl3gAJpm_4",10,2447276,119332,2384,6204,4
"4AtOU0dDXv8",25,2446626,34294,17151,45043,3
"rYbGK9GxO_8",27,2440592,26241,7594,7662,5
"Y0bFGnLj8Nc",23,2440529,220665,800,7909,2
"Fk060Nt83qk",10,2439291,68290,1851,4615,4
"eIp7PYuAu0k",24,2438381,43792,1039,2050,2
"5TLANg1GC7U",24,2437554,70432,1172,6796,2
"yKVAhDbSito",26,2437475,181527,5116,44390,2
"-NIlDHUYiRw",10,2437182,51990,1800,2080,1
"VfrsFd5NcCs",17,2433724,76540,3460,10185,2
"64zrt9ruoVQ",25,2433491,7980,1551,1407,2
"cytyAgu9-bA",24,2432894,110237,858,8062,4
"_X8XtZZYkNA",28,2431405,39960,5800,7917,5
"Da-2h2B4faU",27,2429218,152108,1600,9777,3
"PvQ8MdvtJUQ",23,2427443,31322,1216,1359,5
"0Nyl1yUbVHM",23,2427232,27742,1261,3658,3
"qt13pXFT4tg",17,2426665,18264,1946,5692,1
"vW7H-DKivX8",24,2424154,69744,1171,3310,3
"3DvCd1SERoU",26,2422977,33058,1929,2354,2
"On7u5HeXcsE",24,2422853,14461,2100,793,2
"RMnI_zRbjYA",24,2422271,114826,713,4522,4
"VH73_OD7GEk",24,2421966,10580,1847,1633,1
"82QbMrg2HoI",23,2421066,52354,1339,4567,2
"8c6-SPYAaRs",17,2416034,22005,1363,1460,1
"5530I_pYjbo",26,2415668,162209,971,8678,5
"3ChgRbqGi-E",10,2414692,124376,1590,4032,3
"3shrder58iU",22,2414681,43340,3055,3969,3
"TVnaueYeoVU",20,2414568,130211,1388,10689,2
"6jetElIwt-w",17,2410559,16816,826,1410,2
"aBtpVCogOGk",23,2408207,5678,1065,2704,1
"sPK8bwoqJvI",10,2407295,74845,2560,3951,2
"Gp40Uztk3bg",24,2406040,26845,3483,6845,3
"8qBnrS9-d4M",24,2404149,219556,11105,26481,1
"QUP8vf18oWA",26,2403006,62864,1913,4989,4
"2kyS6SvSYSE",22,2400741,92831,7687,21714,4
"Zcz7iPLu_5o",22,2400636,9,6,3,1
"gDXwhHm4GhM",1,2400511,58408,5292,7922,2
"O6BODAJVYc8",25,2399211,89696,18778,20315,4
"MN840bAdQyw",10,2395136,45949,2108,2016,4
"SWAXUbqda_E",10,2390300,57922,511,2835,4
"ck2ClsAoN8w",22,2388482,146903,21653,30706,2
"eBUcBqq0Ihc",24,2387285,10046,1349,1987,2
"7HGCE6-LMBg",1,2386614,209943,610,47354,2
"ta6sV6WrElE",24,2384983,125016,1150,13874,1
"aMcjxSThD54",25,2384560,99193,1998,48811,5
"7tYUMo3IgXg",22,2383841,41788,2367,2879,5
"Q9vZHbcx6cQ",10,2383645,92170,2535,4066,2
"QQ_3S-IQm38",10,2381366,85807,4705,9749,4
"MDRX4Zq57mY",23,2380428,40767,943,9572,4
"f2MZnJlDJ4c",17,2380343,21651,1657,2501,4
"yxdRTaAp5Fw",26,2377613,53856,3564,6540,3
"2WwgJ8reyeI",17,2377598,19736,1155,1721,1
"3BNg4fDJC8A",24,2377218,77162,915,3032,4
"RORkfLdcD60",17,2377078,13277,604,4812,2
"FUPhcru6Ypo",22,2376177,119566,3349,12105,3
"z82L0EDmbms",23,2376157,285475,3847,28346,1
"HrQNdClwMs4",24,2375055,29334,3012,4080,4
"9rCNMTR-5_g",25,2374619,6590,2242,2554,5
"KYBqy8bv4as",17,2374139,14861,1036,2679,2
"yANcfPr-EOM",10,2373839,60960,1498,2577,4
"R2YVa4Nirsc",26,2373383,23563,2178,1174,1
"uMvdDQi9NOQ",26,2371739,18836,2089,1273,1
"R9YYmoJjBxI",23,2368523,24176,2084,1872,3
"Lq_GTQGM0MI",1,2368491,26947,1409,1121,2
"oRSm7DUvykk",1,2368098,81069,2399,10559,4
"E6IUMKMpdRo",24,2364304,193642,3068,18044,2
"HJMGyq8j36A",10,2363947,45374,1321,1562,3
"xM5y92gT_cI",17,2361105,7956,696,1747,2
"ZoCLdEUHpz4",23,2359751,10718,2651,755,1
"yef_HfQoBd8",24,2359381,25749,1546,2789,4
"q8v9MvManKE",1,2358881,220604,5948,29519,6
"A7ZhDvCmy1E",24,2356773,24684,3129,6092,2
"5GuPK6HTLaM",24,2355918,22232,2012,1669,2
"NoQO3jcunFk",22,2354239,4209,4165,1358,2
"IU-Fo-QEpOI",17,2353300,35429,868,2162,4
"2-tzlBFotjA",23,2351544,93035,5674,4567,2
"T_su3F3aEjY",24,2351153,151042,3452,9095,3
"X2GJWR3uN_U",24,2349330,39571,2344,54599,3
"k8MsKn2QPEg",10,2348782,70323,2474,4467,5
"noUH5aYUBx4",23,2347065,27812,2378,3972,3
"sxvC647Yi0A",20,2346537,153812,2028,10047,3
"CQQit01HHLY",24,2346125,166918,1863,10825,2
"UqSsQO_JfPM",24,2343734,14586,1729,4495,4
"wRQEfN8PGYI",10,2343368,173256,2913,7694,2
"0bXCbVGb04A",20,2341772,140376,2951,33760,1
"n24A-PLNVg0",25,2341349,13505,1823,3875,1
"GBVxEpQr8R8",24,2340941,200598,6018,7575,1
"HS6R2Q7eRdg",20,2338264,101248,1184,8928,4
"bTE_EEuVRe0",24,2337779,41409,544,989,2
"2ktuvx9hrMw",1,2337558,36159,2173,4489,4
"Fga6_5AhLl4",24,2337320,19617,7028,5506,2
"v9wbMzkVseE",17,2336544,19462,4484,15699,3
"Wzq4qbNRFrw",23,2335964,73114,8564,6391,4
"M1PiAic9vFM",24,2335680,208918,1412,9566,3
"EnBfzD0HhtM",17,2333278,11373,1206,3697,1
"JQb3ICATNTM",17,2331121,10674,866,1011,1
"P_If9xMyl10",24,2330446,28194,1047,1615,5
"Ortid1QoFJw",24,2330403,56586,7662,12136,4
"_g3CYTjLmS4",26,2328327,24874,1740,1725,3
"S8e1yxXiODQ",24,2327219,66891,4032,7407,4
"PtXwS40iaNs",24,2327128,132796,2034,7681,2
"4so5OqRFV5E",24,2326810,12848,1474,1090,1
"PkLxkj0rUpk",22,2326063,85283,6295,10954,3
"Y0_BwaMojpQ",24,2324929,9539,1106,1677,2
"p8phGxzUC_Y",22,2322359,18534,1394,3220,7
"xDpsIoAI9sA",24,2322152,28103,1023,6559,4
"7ct1jrv-hhc",17,2320810,12722,757,4453,1
"68qhGBZzYYk",24,2318515,127717,9802,4807,3
"B_cmw2bIJEw",25,2313458,0,0,0,3
"Udd6cR9va4s",10,2313345,60543,1496,2376,5
"2aQykuIaJVI",10,2312320,143456,2535,11049,4
"G9kjzTsMlzo",24,2311512,145033,11166,14124,3
"FNdyDazu3V4",24,2311292,148779,6632,25713,3
"le4KCpZb1oM",24,2309842,22948,4902,9793,2
"_mHSkHjInS4",1,2309817,46928,761,1667,5
"1BMhKFNoG94",24,2307726,13019,3746,7554,4
"LUNuB-R_JHY",24,2307346,0,0,1766,1
"l7ib9Mmkt4Y",23,2306579,173784,3571,7592,3
"3inQ3p3N8BE",23,2306525,150161,2209,4496,3
"nUv22OHdjQU",10,2305773,21328,6970,9912,5
"pC9dViGfJ2Q",17,2304099,10084,856,2539,2
"2dB3gIQzUCo",24,2300457,17492,2223,0,1
"xZZyckBhCmY",23,2299882,9382,30072,5709,1
"k48GjRZRri4",24,2298646,24904,1836,4122,2
"TLzF1ACk_A8",22,2297749,62245,921,2480,2
"52pwYD_rxmE",20,2296667,89028,10851,10260,2
"qg2nGY1aqlg",22,2296418,116229,838,15294,6
"-9C1Z3nIsPQ",10,2294858,41260,1316,1490,4
"cWvTb-5bjFc",23,2294720,104305,3226,6139,2
"SlbY1tGARUA",2,2294097,5503,12290,2595,5
"Ni9yip7Ev_w",23,2293916,142937,3715,13417,3
"CixoPJ-BUGw",10,2292534,55824,1534,1081,4
"UqItlHUSN-4",10,2292393,100858,2923,10504,4
"su8luWeY1lQ",22,2292152,216765,3271,0,4
"aqdm6aBUZII",27,2290843,45837,7416,16624,5
"TTvLMb3QmBE",24,2290757,10214,1094,2433,2
"xnCsZ6YaWew",23,2289298,34458,3066,2142,4
"ZgQMW4eVrzw",26,2289129,82525,1012,11467,4
"t9QtXGirWf0",24,2288833,18696,1858,1721,2
"o39s-MNM2to",10,2288385,58043,960,2048,2
"3km896XZ-J0",28,2285083,26748,1739,8326,3
"ByeyFfOHgQA",1,2284311,84974,8732,19105,4
"aKPz583WRpQ",24,2283526,17550,637,1919,5
"IOuFE-6Awos",24,2283291,149235,2049,18633,2
"xjmXzYdxuTQ",22,2281209,79427,1056,13001,4
"bWA6cf3y9Mo",24,2278914,16949,1979,1685,1
"Vv8pcs0C8bw",24,2278667,32218,3309,10193,3
"H34qrTkhFz0",27,2277099,229614,4376,25513,1
"rWk98tVr0ME",24,2276437,108097,1329,5577,2
"_Lp5iMI8RWc",24,2276349,139826,1423,12766,2
"rxKOcte2JSs",24,2275809,63375,2015,11608,3
"WJ_9PSzvroo",26,2275485,18501,1923,1236,1
"gf7FV1i7lb8",17,2275449,32989,2164,5007,1
"G4g2Kg6wXBc",1,2274252,121587,2520,3636,1
"KWafZrA5OBc",1,2273832,42373,3911,7441,4
"IjTBcqpl2kc",22,2269443,49633,5981,0,5
"SxTNhD5jTyQ",23,2266785,59516,871,2666,5
"2WHcBwq2wHc",17,2266349,61544,952,0,2
"iGXYZwZEZa0",26,2264498,27615,3121,6378,5
"0FQfThSU11E",23,2260976,19820,1636,2862,4
"rxmtHVSVjdo",10,2260075,199123,3437,13416,2
"hBbtI0BH9wU",10,2259727,52796,2091,7733,5
"_r0cf42EUBw",22,2259723,129788,1196,18060,3
"Zg165-mZ7x8",10,2258382,126532,4157,11594,4
"CupbRr2m_sM",22,2257751,102415,1572,16322,4
"4dSKZeAIsHY",23,2257122,182334,4252,1052,3
"-DrAHr-VbP0",17,2255705,14812,1427,2722,2
"-KE8v44VS_k",23,2254977,199485,3052,18356,4
"Rb8_EdTYjXI",24,2251398,19574,1351,2264,4
"e-Gkb8KHd_4",23,2249204,25656,3092,825,5
"e4LfNLtVQqE",1,2247502,50967,4686,3297,1
"3c0N9LzoEGo",23,2246582,123235,1962,1769,3
"_NWs7ntMRBA",10,2246370,155870,2705,8902,3
"wm5fj77R8aI",24,2244549,8728,1476,1302,5
"9kIb4yZHWfg",26,2244346,130448,2050,20155,3
"7rfsVUD1g4k",24,2243567,6524,1018,403,1
"yKkheNpuOKU",24,2243552,13738,1834,1291,2
"cmoknv58jjE",22,2242229,63341,8314,9293,3
"MEePYLF9Uzs",24,2241583,21116,1492,2636,7
"cteUDkurv7E",1,2241475,48750,1750,5338,5
"t4U7nMn6nfs",24,2239459,13663,1217,5339,3
"ON6fCdE0XiM",10,2238332,36142,3366,2062,3
"cRTwgPj0qx4",23,2237519,124748,2892,28489,3
"4k9bXpi1tU4",23,2235760,137613,1897,11487,4
"lSaGEo3UfBk",24,2233469,10654,360,738,5
"0-7wMD5ISIs",22,2233231,198681,4642,14426,4
"BsQq_ySHb_k",1,2230067,172262,561,42090,4
"DFWNIXfLWOk",17,2229003,10348,728,5192,2
"e8rpAVF2nfE",17,2228688,10260,1937,7435,1
"kP15q815Saw",27,2228485,187326,11991,23036,3
"RvnnGHYoTkI",22,2227388,87201,4274,19623,2
"Tz50vEX0nwE",29,2226879,247289,163586,84945,2
"Xr2rgT9uEnA",20,2226213,91095,2358,6032,3
"ceXPzJ0fZNs",23,2225855,125253,1455,13093,4
"Ya_trIAWIXA",22,2225838,122166,1026,17518,5
"LFxOeKDchNM",22,2224406,7462,1519,1255,3
"8Bb-zfAtqAM",17,2224282,24083,3768,3220,1
"0fNy_tWYkd4",25,2224156,3883,218,1722,4
"hAWAPc6PVNI",27,2223464,7271,7162,1804,6
"UjX7FAwc7lw",20,2220909,60661,586,12491,2
"eMobkagZu64",20,2219221,39216,2964,5791,3
"iV3wgDoWGY4",1,2217073,78374,7527,14226,4
"vELaXFrrxaA",24,2216855,9888,1018,1655,2
"pFlifPi46AY",17,2216186,11614,765,3313,1
"mRo6MnXObuE",23,2215553,142409,2294,10352,2
"SPhAMxLNJBQ",22,2214645,18772,1506,380,2
"ooiNfcOlHrk",25,2213369,78972,6389,9052,2
"H7_5fIUVq9c",17,2211470,16668,1320,1386,1
"KyQyz2upSgY",23,2210918,96026,2249,5430,4
"BmLSua7LPR8",10,2210800,146705,1889,11082,3
"GJE79p4QP_c",24,2210771,63264,1077,10891,1
"XWvhubdMsNY",17,2210506,50348,1382,2754,2
"T4FAg5A4wQk",10,2208587,179621,1515,14564,2
"j7ExsRw4LNY",24,2208461,67608,1733,26262,3
"g30Rhk82rmg",1,2207287,60752,2390,8153,3
"D5dZ8_OCJV8",10,2207015,38024,1033,1391,1
"M_ThtCRAySw",23,2206812,69001,2582,7631,5
"ESpf3xrQguQ",17,2204016,9656,762,605,2
"2k2QSTIYK8E",24,2203207,41213,791,3131,1
"-4sU_AhRPY0",24,2202412,47777,513,1480,3
"OHap45tpS38",10,2202397,56523,4481,3448,5
"3YWONOIRNg0",24,2199475,58216,2192,9646,2
"afAI_FvUcsY",24,2199430,16321,2400,3244,4
"1zNr8Pf1QkY",25,2198480,23920,13221,19227,3
"jUz_MRN-83E",24,2198337,26913,854,2176,2
"Nyl4PFvo7Zg",25,2198021,93194,4490,10021,3
"d0NNTQLLVQY",17,2197850,30238,1627,3985,2
"zMXKqMC5h4w",17,2197397,155685,2983,6281,3
"35twNGPBtgk",24,2196193,11387,1371,444,2
"Ev9rOA2Yjs0",28,2195411,42671,3459,4062,5
"vhzYwi4Sl3A",20,2195008,104439,3458,10325,3
"4EVFKrmXFmA",10,2194305,111690,1445,14392,4
"uy6vFIxfsjg",24,2193221,162172,2282,16173,1
"7pbyoNwmcpc",10,2192403,64926,1918,4506,5
"Ept29ceiVfk",1,2187429,25499,372,1346,1
"kC6a1yNEWj4",23,2187262,93996,1990,6198,3
"FeCjf_ZxxQc",24,2186968,11559,1319,3324,4
"QdwxKdYG1qI",24,2184433,55128,1578,8959,5
"dAJLJRRJY3E",25,2183649,25690,3132,25147,2
"TBbIIIT_k38",17,2181994,33491,1157,4088,3
"OZvumC1mAWc",24,2181562,9948,2674,1747,3
"_04DX5zOydI",10,2181505,59786,1608,3144,4
"ATXUugiHfPI",1,2179638,140225,1003,31851,5
"lMyncm3sj3c",22,2178896,13254,1036,3506,1
"pzHCd2X1GaM",25,2177275,12700,1273,3286,4
"GoLvhh89law",10,2176732,106336,4329,11089,1
"VA__sb8ZFh8",24,2176483,99090,680,0,3
"aLDjHS1HKpw",26,2175382,22019,1843,1331,1
"23bqSayhGgA",26,2172956,22796,1888,2063,2
"RKyB6gqBMZM",20,2172081,44641,1157,1642,3
"vXBfwgwT1nQ",28,2170775,73044,1006,3413,4
"Oadf4KNYz-I",28,2169974,35323,2286,12447,2
"xG0HmKgwo0c",17,2169761,17556,811,4993,3
"WSISlTa4w40",17,2168740,50017,2235,6951,1
"6Eg_kQ2uK3Q",22,2168636,4611,2377,336,1
"G4MtkhJehhk",10,2168179,112543,9970,13676,4
"by168cgLmw0",23,2167883,214747,2886,16536,3
"dhVK4jbjMSQ",10,2167853,4467,1331,219,4
"fDRrqJU4-Tk",20,2166682,82810,2721,13432,3
"PSQAW9zXPpA",26,2165799,19341,2337,1604,1
"X9ah6ruzKIk",24,2165224,9135,1968,2369,2
"lgBn6qzMlXw",24,2164758,60952,3102,16558,2
"9oTMpPNqV1g",1,2164275,51617,1686,6328,3
"K0u_kAWLJOA",20,2163626,90030,1260,11732,3
"T1-k7VYwsHg",26,2160833,82516,1891,10538,4
"YnY_3V5K8bE",23,2160216,21662,892,2517,2
"6ia8dZnUh-M",24,2158723,97815,3519,4076,1
"MLTwWIeiA24",24,2157891,50782,2407,6627,3
"Of9GOMM9HPg",20,2156386,118833,4434,8553,2
"0e7TcOFfGKs",20,2156134,38701,1140,6201,2
"PW-WgdZctW0",23,2150692,187753,1419,7485,1
"oX4YCoO6tK4",26,2150401,61328,5880,12256,3
"UxDxZH_YaO4",10,2149879,71392,1746,8913,3
"iQO9yRutpso",24,2149866,29771,2263,1064,5
"lfIhBu0TZBs",22,2148675,71149,6806,8340,2
"Gb1Am-33gTk",24,2148571,107373,2649,6534,4
"Nk5yOFCsNeE",26,2144580,117050,2506,107150,3
"5GHXEGz3PJg",10,2143972,95121,1097,4338,4
"fzmM0AB60QQ",24,2143358,32290,1168,4620,3
"eNChF-u-BQg",22,2142958,119149,625,5715,3
"ZHbT3LWwsQ0",1,2142891,72621,1985,11349,2
"ucVJrja8r6Q",10,2142872,48280,1561,4130,4
"ptqKHvxfQVo",20,2142037,35654,1410,1900,2
"LjzORwP6rv4",22,2141386,10334,1165,631,3
"89lQ5k5F_hM",10,2140806,51656,1181,1929,4
"F0rYqvRk9r8",28,2140685,72380,1900,7809,3
"pVtX74pi8ps",10,2139880,47479,1975,2412,3
"xnNTUN41BLQ",24,2139504,24640,642,3959,3
"t5Lz14wu1uw",1,2134298,72270,6007,5374,5
"g4a4Mez2M8o",17,2133596,11397,992,1403,1
"VaGcPRMY5UM",10,2133440,89920,3210,4607,3
"Hgiu9cqph5Y",26,2132981,113670,2481,10020,5
"3k6RD9zVvpE",23,2132690,163040,1196,9133,3
"-_fqzg8PNgY",24,2132569,103963,1972,11676,4
"Z1rZAT2GtmI",23,2131820,46914,2984,5426,3
"3E6yqIkSW1c",10,2131761,86829,3968,7595,2
"Rg-II_AAWqE",17,2130508,10082,519,2352,2
"hVTrr_7TG7M",23,2129795,28141,1321,1049,4
"_lu_Hgw60Ns",25,2129711,11773,8853,22083,4
"JctVyGslOtw",10,2129020,145406,3755,11036,2
"aGgU7O-z0Dg",23,2126263,165249,1647,4001,3
"s_OYcu-y4OY",23,2125633,127189,747,11335,4
"uOfwFxG0yO8",26,2125530,156197,5026,17385,2
"_HEjlT8DWqg",24,2125277,163974,6070,14538,1
"PJBmeqpw3DY",24,2125207,44744,1280,6162,2
"U6b_QeukGuk",17,2125153,11174,1073,3244,2
"HKYR54uam0Q",24,2124598,57682,2169,2874,1
"wR9nUnHBNug",24,2123088,10929,1240,1959,2
"frJ0-WL2YRI",24,2121025,71756,1386,11070,5
"8X9npKC0yXQ",20,2120912,84862,3720,11949,5
"W4DnmTEHQug",24,2120670,104713,4266,18150,3
"ozeJffR1cfo",1,2119355,92211,4551,10706,4
"DA_S-OBJvQ8",26,2119311,15823,1809,994,1
"E60w-0q8Y0Y",24,2118363,154093,7114,14,5
"6G7V4w9bqJY",26,2118265,18021,6562,7138,4
"jmCSYUzU3IM",24,2116315,12401,1511,2679,1
"veVBbxZyzKU",24,2115548,24322,1263,2179,2
"N5Sh4TzCu4U",27,2114991,11576,2014,3463,4
"dwvVhnQTfDk",23,2114116,42512,2019,3714,3
"a2-6F2zOk30",26,2113880,20952,1488,2175,1
"wowAOdTYqw8",10,2112785,123166,823,9776,1
"8mCcM-PUmLM",22,2112730,112345,1262,9780,3
"f-xe1qxhcUI",17,2112381,53247,1292,4735,1
"HJoamS1QNxU",10,2108243,86698,3809,10966,2
"VlZ1SWLBfPE",26,2108182,115924,1075,6072,3
"htWO0--MbQg",17,2106996,19459,7555,3928,4
"Lr8VpJ2GX2E",24,2106704,53789,2519,5598,4
"mXiFHDfvn4A",22,2106611,83619,2130,4121,5
"k3zmNrf0Eog",10,2106162,82239,2492,5022,3
"mbzXQK3Q860",24,2102303,100910,3444,19855,4
"I64gOTEf31U",23,2100341,99172,1472,1446,3
"h14C_QOOEOE",17,2100285,9044,655,4631,1
"rbRoZyuOijk",29,2098434,205730,27572,48593,1
"T36-GoYy-t0",17,2096421,11476,1022,1272,2
"ncsIeL_A_3g",23,2096266,167171,2852,6665,3
"T1B1CxmAXLk",24,2095394,8463,1631,871,5
"EMmkBstTleI",10,2094948,92625,2995,9188,3
"t0VsbEqfAvo",24,2093287,41559,6982,18675,3
"H0g4JxKp4fc",23,2093187,215699,8051,38871,4
"rdRKpe09PSk",24,2092837,14240,1765,245,2
"7BlT28Tl_VI",22,2092723,42475,2770,4716,5
"AP14dJZzKkA",24,2092717,88055,2242,13220,4
"h_67XloYXTc",24,2092066,33584,1037,1289,5
"KvrffRnxD6k",28,2091696,67033,5290,23505,2
"ut6UYwbt6Xk",1,2091513,57593,1157,5176,4
"LuJb3yH09Ik",10,2091214,17446,731,222,4
"G36BAjlL3pw",24,2090150,22799,1241,2807,3
"Q17z9a03YaM",24,2089972,122334,1738,9447,4
"gxepM2uSW9g",24,2089939,37996,659,0,5
"aTauLr_RVms",17,2088123,10710,2855,2811,1
"v4YkNoAun2w",10,2087987,97503,3539,7948,4
"m9sR3Z0vVOc",24,2087148,55730,2192,7864,3
"yc0kcGgg3o0",24,2087032,64032,2869,5533,1
"2Yj7dHCAtiQ",10,2086966,49275,1222,1560,3
"8GWI--fsj_o",26,2084873,19453,2282,1644,1
"SXMhL_UoVWw",10,2084601,78733,1117,4817,5
"qSKOPBVkpJk",10,2081705,42398,761,1574,4
"DCq8CsSu6ck",23,2079777,117768,1995,1578,3
"2v4-L4PkV9U",20,2079137,99990,2844,8924,1
"gxzKZdTxNp8",20,2079102,86085,4751,12429,5
"Zo_mpwmashg",23,2077838,59604,6535,7861,3
"QVoleJYgdM8",24,2074499,51349,1149,3102,4
"YynKelHGhNc",10,2073717,229385,1477,14300,2
"pO99ldxnZbg",17,2073715,67888,3358,4161,1
"vecSVX1QYbQ",10,2073405,288691,2205,34485,1
"DQQN_79QrDY",24,2073239,21391,1702,1954,2
"yP6VGTtRgMI",22,2072924,125072,8746,18838,1
"pzD9zGcUNrw",24,2072162,61958,1263,6143,1
"VbHZG10ZjmU",24,2071373,93577,37201,18750,1
"6_-b3U9QDKg",17,2070910,52003,1620,4834,3
"7N3ERfi6WHM",24,2069416,16895,780,2049,5
"hcCCe_R8e9U",23,2068116,61091,1003,2354,3
"-pN0xIE0A-Q",17,2067478,7678,719,3927,2
"-xZoOUd172Q",24,2064111,35102,4770,6582,3
"ypByY1AzyXA",20,2063305,68968,1952,16147,5
"WOZUmzCZrkE",24,2062884,25348,709,2592,3
"hgti4kmocyU",24,2062630,6229,1434,543,2
"DnN6YdsqCRU",24,2062552,15485,1291,894,3
"HwkLbeEYz6E",20,2062332,60967,912,3305,3
"BrFBZpCuIvg",17,2059558,10646,658,2596,2
"ikH62qCV5Bo",24,2058710,74678,3271,22889,2
"DGdSlnw4D_M",23,2058569,32574,4195,5227,2
"iD1looAQU7s",24,2058428,10475,910,1819,2
"UcitOzhllG8",17,2058320,20045,855,3608,2
"kj0NytW5Zbw",20,2058185,81696,7052,11278,4
"C7v5co-HwvM",22,2058060,39222,371,3006,2
"tN_8CwE8ULI",10,2056010,93640,5055,6443,3
"y_WoOYybCro",24,2055638,120377,752,4872,4
"IZNAp5g-nPQ",24,2054642,57136,1837,7779,3
"o46dpa3NPzc",26,2054436,26008,2084,3504,2
"cBCurldzXBk",25,2054196,6229,291,1978,2
"89PKbJ2NAqc",23,2053175,30496,623,1429,2
"YpUDblEURdY",26,2050509,53028,2220,3193,4
"C-ePy-2WLfY",24,2048788,103017,2705,13529,1
"WDnzcWOD4xU",23,2048141,131854,3172,2694,2
"LFSacMbImys",10,2046887,56046,1807,3661,3
"j_CVMK7rUg8",24,2046208,8383,1218,1634,2
"c4NtD6nAR9E",24,2044062,7948,966,3012,2
"ieIeBWulAiQ",1,2043994,76058,2688,8683,7
"6UPKyM-MKsY",17,2043840,16498,1169,6176,2
"5n9xafjynJA",28,2043146,36153,878,5527,4
"NlkfPR8PZSY",24,2040608,34227,3591,2949,5
"y7fNOjHDdpU",17,2038143,37110,891,8122,3
"oyi1uMEbL28",10,2036940,120115,3556,7697,2
"ejFccNmL15g",22,2036607,82019,621,12149,2
"bTVK3_6V7f0",25,2035480,37762,9154,11505,1
"3Kt5tobRNt0",10,2035459,49845,1444,3532,3
"C1XiBorCfO0",24,2035079,7276,993,1828,2
"ZB7_1CoKntI",23,2034518,160831,908,10185,2
"sU7HzBOCKbI",24,2032868,21190,841,2250,1
"dw8mROuQs44",25,2032550,21673,856,5663,3
"evhLzq7Gsak",25,2032206,11028,4702,10079,3
"emvY4ryyUqs",25,2030154,16119,1784,1607,2
"XEem4eNmnac",24,2029866,85670,10984,15166,4
"v5y5pEnZp14",25,2029088,102637,4031,14707,2
"vAh7jTAkCKc",10,2028730,95402,3326,8142,4
"AP1Scjdy_Kc",20,2026011,321675,1832,20849,1
"BxxFNkNf6q8",27,2025937,41926,2069,5341,3
"D-Pp6HZYwL0",10,2025406,55923,1459,1858,3
"7D6MX0OquQA",17,2021288,7180,8496,0,2
"euaGS3tPRBw",1,2021002,26338,1987,2814,5
"mcyRYbcRWLQ",20,2020420,53862,1194,13371,5
"Vdo1yz6Y8Qc",28,2020052,133572,2155,5861,3
"dqR5oApXQYU",22,2017771,54672,2278,3239,2
"cp_6y4kLu3Q",24,2017691,37893,761,4735,2
"NAPkjd2iSls",17,2017658,14886,1032,1715,1
"2z870cifG_A",24,2016682,109687,21229,12214,1
"Q1JiptOTxno",24,2015458,220362,2298,16034,1
"m6lY1GXTu5M",23,2015271,156036,1161,5873,1
"l4zbAjDVrns",23,2013904,70625,4007,4680,3
"2_Jvmt0vU4s",10,2012410,202110,2218,20033,3
"Zf3sV_iM8Hw",26,2011719,25358,1909,2049,2
"X6SaVOLRcF4",10,2011072,79901,929,3928,3
"MgZPw_k44n4",22,2010564,22550,1267,4360,1
"2CZXls3Yclo",17,2010343,9400,540,2483,1
"9fNvbeBLwGc",26,2010012,111876,1169,20228,2
"hXBqZ1YKAcU",24,2008095,64453,646,6034,2
"xp_hlUxJSI4",22,2007404,137566,2417,22539,2
"AFbIFS9PkvY",10,2007069,48999,536,1527,3
"kPRWgbLhOsc",17,2006685,7710,544,1883,2
"R9_hKhf0TDo",17,2005172,13775,836,496,2
"FA_c722AHF8",20,2005138,174009,1626,13788,1
"g_t9cLKM9GA",25,2003617,7329,1619,139,1
"S5GJ4zvNXz8",24,2002645,120181,1100,5692,4
"CYh_0QYQ-CE",24,2002355,23217,1242,2784,1
"9SK1I0V6U5c",23,2002223,95909,1080,5624,4
"RRXFoy5LIq4",23,2001534,14557,798,1564,4
"DcV7d3py-Mw",1,2001492,71034,1237,3893,2
"ESKmRiLjNpg",25,2001159,20869,6925,3691,5
"DbeTDmfigS4",23,2000193,135474,1052,8543,3
"67zapJrmyWI",24,1997709,17792,1463,2316,4
"_NpiOJ_21Zg",25,1997089,82143,6800,13996,3
"WtqFjTLB8es",24,1996556,21508,951,2166,2
"Yiql8roK3Hc",24,1996549,48979,1547,6015,4
"i8gE20TW1n4",22,1996240,29101,1031,3110,1
"dMIPaab43Hw",10,1995712,168497,2153,10531,1
"1HLMi1s6Tho",22,1994159,122882,2730,15972,3
"Z90T9riY8Xs",17,1993340,35379,1729,2984,1
"OGYASOBiU_E",23,1992687,157620,1173,43083,3
"FL9BbzUYXjA",23,1992386,81058,2407,3002,2
"Y1n8F4uClUU",2,1992282,10103,629,1971,1
"UbFo4U43e5g",24,1992003,131192,3717,6244,2
"KYcUPk3boYY",24,1991963,17052,2299,3636,2
"YS2y_12IWlA",28,1991744,38514,1593,4319,3
"1LQPojL8V_4",17,1991215,3951,1229,2201,1
"aarsyus_dP0",28,1988758,58171,2252,4747,3
"bvf5DlhvJJE",24,1987642,39320,1389,2721,2
"stXgn2iZAAY",25,1986896,25821,2120,7151,2
"ocRMfJrDRFg",26,1986419,23334,1635,1918,2
"cBEqlJWXgMY",24,1984825,13497,3603,1608,1
"Mg9NphC-Z-I",24,1981659,40072,2153,3444,2
"r8FQ5wUYm9c",23,1981596,76916,1108,4687,3
"qP6BgAoC3Cw",24,1980157,14032,1785,1114,3
"i28Dd8jXZxs",20,1979663,136565,3965,22057,2
"IuPABtlr-rM",25,1978115,15696,905,3926,1
"jwkNAJBwoEA",23,1977122,92923,1841,7049,3
"r4VJ8o6yqzM",24,1976572,47253,3849,6508,5
"R2NRbhc3T5M",24,1976221,13380,1392,5027,4
"h5LZ14RgSY8",26,1973915,102071,1255,8302,2
"fZmtdMiD_c4",26,1971168,22596,1649,1877,2
"09FaAy42iMI",24,1971047,107376,1199,10559,3
"aXuM-LpVD50",25,1969753,57332,1888,5975,3
"9Jf0mPZlHT4",17,1969561,9050,635,2056,1
"3N3c3ZX6hoM",23,1969090,170933,2912,17933,1
"gDPr8Na24QU",24,1968634,57788,1100,3908,5
"ZOFoPTAqZlQ",1,1968594,51953,1472,4358,2
"_384zgp_S4U",24,1968329,11608,2619,2831,1
"7SAisWFutbw",23,1966578,30298,1451,2122,2
"sjeL8TEcs8E",17,1966072,10687,889,888,1
"-IZnLNLO3SY",20,1965770,72057,777,3177,2
"i9GSF3ROa58",10,1964034,106397,2898,9613,4
"fITP0H3OVA0",24,1963377,26073,888,2549,1
"X5sJ81nGZuc",17,1962534,9023,509,1878,1
"Mzsl9hcTQkw",23,1960849,27963,977,2302,2
"EQ4NEBPU-Hw",24,1959696,230189,1637,16369,1
"PS0LhRwF__8",22,1959177,111792,788,5699,2
"97FMj5OA31E",24,1958901,2931,1551,974,2
"4mYcJaIOe7s",22,1958213,91925,1492,14676,2
"ui1SquTFnxo",17,1958143,16662,776,6520,4
"KGE0x5dIpxA",26,1957997,42643,25803,16008,3
"Wngm_Zbp8lo",10,1956814,127770,9463,19992,2
"-IXgzc41W3s",20,1956306,92863,2451,21064,4
"FJ9jYOJiGt0",24,1956042,56985,6508,18485,3
"HE8SYbMsm0E",10,1953328,42331,2887,3615,4
"qc7AZkWPynE",22,1951811,87125,21223,10989,1
"ENZYxdKFPn0",17,1950255,10624,530,2891,3
"cYxzLGk2NcY",23,1949619,146239,5718,21526,2
"W22hnV81Zys",10,1949574,60600,1449,2913,4
"o_QR7ptPuP8",26,1948296,21632,1721,2173,2
"6yEewqyHnqo",24,1947890,17940,1291,1447,5
"MHiQbMv4H2k",24,1946817,31222,1594,36174,3
"czhSzmxN3WU",24,1946403,30587,1450,4459,2
"wJJqGh2HLM8",2,1946367,670,1679,241,1
"I7LJIuB2CHE",28,1946302,54363,1570,5455,3
"iiihKz1uIGA",10,1945031,14299,224,431,1
"RHRPK2O9R4w",23,1943231,81810,1176,2973,3
"guRbfQFddfg",24,1942418,57127,701,2876,3
"dq6G2YWoRqA",10,1942315,136703,2421,7535,2
"SONGEiVMygg",17,1941757,28490,715,4299,2
"mpqtq0OVcS0",28,1941674,13337,1182,642,3
"X-zPrXJpiAw",1,1941244,76808,2296,17805,2
"y4TAuIuC2Gg",24,1940386,45183,440,1126,1
"fvxN29Jzb9g",24,1939398,50688,1620,8434,3
"UOwU1Gcp42I",15,1938983,4697,2253,142,1
"LvC8VzCcI88",26,1938651,116733,1209,6606,3
"vp8GIfY4C2w",17,1938370,7140,653,886,1
"pF3YAu0peCk",24,1938369,209325,3824,16452,5
"rKfRfrmukN8",17,1938197,38837,1226,2234,1
"cnqb2tXu9k8",17,1937780,153801,4097,5363,3
"aXo3p4rAvYY",17,1937651,17175,852,1482,1
"OXVm3fhYsEo",26,1936401,88238,4747,11556,2
"DDSS7Yo1amw",24,1935381,14112,1030,1685,2
"ibolWhRxLIo",25,1934734,10054,2726,9527,4
"nm-iunlHHQg",26,1934184,26441,1897,3069,2
"KyB0zVHm2P0",24,1933484,129758,431,2854,2
"nCPIKP_84qs",1,1932333,116457,1235,12018,2
"2EPi1R9oZIw",20,1931985,179200,1720,13619,1
"MctZLEYlU4s",10,1928670,178813,766,20897,3
"41PTANtZFW0",10,1928200,215159,6010,20980,3
"baDBCt5OP8g",24,1927655,45797,659,2264,1
"24001CxO1IY",24,1927437,86955,5105,21317,3
"DNRhS8F5Jds",17,1926982,7596,839,1367,2
"NwxdGrpXtu8",22,1926682,42322,825,2887,5
"bXdpdkwhphc",24,1926125,13419,7029,1303,2
"azVAxbETWmk",23,1926113,27258,1053,1674,2
"iQEVguV71sI",10,1925868,94779,7145,11210,1
"ZFwylDNpgFc",20,1924828,37927,5141,6901,2
"WMIDCVupz1M",10,1924727,13102,1773,907,2
"Z9cB0TjfIkM",1,1924017,58445,978,5647,4
"w8vsuOXZBXc",10,1923973,138077,2830,10465,3
"1Dp-P_a0afA",22,1923878,66947,1988,5897,3
"lUZPV3gGXgY",24,1923322,113141,839,12799,2
"FAs36FIRAzY",1,1921959,62867,2754,3040,2
"f_lDdj755PA",24,1921390,21613,2180,20389,4
"pWT8Snks6oo",10,1921080,49321,1019,3243,3
"UhZ56rcWwRQ",1,1921050,22530,5069,5172,5
"Ho78eOffWys",25,1920873,18315,2334,3222,2
"Vk8UEWHYfEg",10,1920497,287076,2569,39872,1
"NonKN3YAMHE",17,1920130,13269,957,1084,1
"FDsZziOTIpY",25,1917606,93359,7854,11888,1
"42FRgdjveGU",24,1916579,32796,1887,2184,5
"Bm8rz-llMhE",10,1916118,129931,3531,5565,1
"xvmTr6S00Aw",24,1915013,180913,3177,25891,2
"SuUZftW4SFc",26,1914116,21335,2220,2028,2
"YQRmaQ14-LA",22,1912414,117205,6143,13684,1
"oyBfefx7I6c",22,1912390,32517,1417,2357,4
"XbDFi2UyVnM",24,1912238,6770,1628,540,1
"837e8Axigv0",25,1910775,75299,4965,8983,4
"gVPAB9bvW5o",26,1909734,15638,1336,965,2
"O8xoEKvE-MU",20,1909711,88519,2207,3742,3
"BGJc2BeunGc",1,1909215,51807,1238,1854,2
"Gzy_nCkn88U",28,1906401,67518,2206,8813,2
"n2K4II8N6r4",23,1905322,253909,2047,12419,3
"WrVEyb7l0Aw",22,1904783,104085,7662,35049,4
"pQK2-_NgLyw",24,1904644,310376,935,15981,1
"gQdgSW1BdjQ",24,1902061,7716,563,1701,2
"fXOY7AtFVNE",23,1900715,110042,2139,6008,2
"QeFwtA3p4Mw",10,1899190,104626,1603,6319,2
"XQOQI1z6Zyk",24,1899013,42956,1681,6802,2
"1dCnGh603hc",17,1896728,8316,629,3147,1
"Oh4kio5hYn8",26,1896573,97215,1357,9406,5
"R3FYtOPNIuY",23,1895372,128401,1226,16182,4
"pSRvA_tyQak",28,1895102,54922,1489,4619,4
"EKkzbbLYPuI",10,1894772,126181,1328,5593,3
"M9OweRZlWgQ",25,1894563,13805,5483,17740,1
"Yo2xGjYCYjU",23,1894023,242358,4573,16978,1
"AS9-ITLhQxo",22,1893816,60703,2028,4333,2
"54z8jWNM0bE",23,1893241,32122,347,1017,1
"SFphlZ_BryA",23,1892371,45297,9751,6885,3
"PliRMGvytnA",24,1891954,86481,879,8941,2
"QmAyVRB46P8",24,1891158,59967,623,3890,2
"rUeOj5FWC-k",17,1890475,9664,620,2254,2
"efxiDBygvdg",10,1890073,109258,3798,5769,3
"6q-TxUjNRrA",25,1889950,13464,6676,3717,2
"um-1fAVU1OQ",28,1889200,70552,8044,6889,2
"HEF4xe7Ff3M",22,1887486,13086,4138,2415,4
"8S79QKPHDpg",10,1886337,58799,1866,2118,1
"JIIiOa0wjdE",24,1885149,9796,1065,2931,4
"zN23NjdOT14",23,1884879,181383,4643,10417,1
"jG1JY0rt2Os",10,1884763,135815,3303,12752,1
"LbSU1_SG91w",10,1884235,148750,572,12495,1
"r5Kd7ltWS9w",1,1884144,55281,3657,7353,2
"xcuVh80dPqo",17,1882951,41297,1215,3346,1
"px530gRjQcw",19,1882810,27347,1292,7573,2
"-1Hm41N0dUs",23,1882352,38165,530,1412,3
"sV7eDd1d7LI",26,1882204,170218,1056,12444,4
"GwkyqfImlow",17,1881700,13278,740,1593,1
"iSZq3l-Fmbo",24,1881015,65474,484,4169,2
"3TtxYU7oKOI",10,1878540,18527,1274,1076,4
"4wJwHLWDHUw",25,1878069,4604,1009,335,4
"8mD4wIKkfxU",23,1878015,83990,2823,606,3
"JZoO1Ftj-bM",1,1877457,56142,2102,5855,4
"16W7c0mb-rE",27,1875686,118922,1122,8233,4
"HtihmXFWqGo",25,1875548,17618,755,24,1
"NTPAau4KNPQ",17,1875142,11394,685,1115,1
"qgYvfE5PkQI",23,1873990,204406,971,12507,2
"EFid2otZi6I",24,1871577,22859,840,1259,3
"2YN74a6Q3mY",22,1869612,143097,1560,16592,3
"cCHOI39nJPM",25,1869425,97727,4612,41198,4
"82sSofpc1II",10,1869114,123899,1533,10020,4
"6VUt9T0VAdY",10,1867718,24836,1732,1510,2
"lLouMAqOSR8",26,1867308,20936,1268,1761,2
"iSgUPvqwpfM",25,1865679,85034,5024,8752,3
"S1fG1WjTAQw",10,1865566,154482,2551,13779,2
"V3IPtgF2bek",25,1864802,78749,4797,14912,1
"4czBKTO5XWY",25,1864713,93133,3195,14586,2
"Hu2kmL86K9k",26,1862879,25760,1323,570,2
"Mhzmc7LRIGo",26,1862465,73103,1877,6243,1
"2Nlo2ekTRvI",1,1862249,38626,1850,6017,4
"YU_EtgGOAsQ",1,1861866,28646,532,1359,4
"-vxpBQgsB3A",10,1861777,80498,6519,14906,3
"mpbeOCKZFfQ",25,1861283,22475,707,4298,5
"UVrmSi724D4",10,1860458,62616,694,1064,2
"BqW6YBJx3go",10,1860256,86472,7077,9980,1
"orjCFE8-UKU",23,1859307,119100,2404,7334,3
"TTpmxbzkVUA",23,1858115,71650,2062,4707,3
"QNqr09KI25U",1,1857844,68025,3041,10410,4
"w2Es7-c9GAk",10,1857727,9105,2408,1897,3
"Pl9oc13p534",24,1856287,25149,1270,943,2
"WZGpcuXCKzs",24,1856101,185209,3645,8347,2
"s_M4LkYra5k",24,1856100,24240,2932,19500,1
"2YnVLR2OnSc",17,1855269,123759,3079,7855,3
"EJjh19zO1lk",24,1855095,29848,691,2485,4
"XJT7I0sLdD0",10,1854588,147435,2487,8954,2
"iTrcyQtEEs8",17,1852312,7845,679,488,1
"TFmV1dPS_mQ",22,1852073,66515,7305,11038,2
"hwQnXjZwQUQ",24,1851728,11338,5650,3097,3
"PEZiiKpE-jY",24,1851126,55355,1680,3575,4
"8brYvhEg5Aw",24,1850655,17043,778,3390,3
"Ko-ZboCzR64",27,1848665,38236,3893,7050,4
"5lC4IlTjVxk",23,1846670,26611,1282,1221,1
"OKAU1Xx59ho",28,1846341,49718,1192,15405,2
"8b6IQQMRYCA",23,1845025,21975,945,2561,3
"8g-VjqONplA",1,1844814,53734,3371,7205,2
"V6wWKNij_1M",1,1844039,13424,532,1491,1
"cZVNbzB1dnc",24,1844012,22094,992,772,1
"L9ktrJDfa7s",22,1843112,27203,762,1247,4
"0PpNlNJ6Nng",24,1842393,99086,1339,11800,1
"Uetr8cvF7VY",17,1841470,8327,448,2075,2
"fJe0cmOvM94",24,1840162,50586,752,2288,1
"1P2Ihk16s_I",26,1839966,21396,1899,3009,2
"dxsIhmAnsGs",24,1839194,21182,2028,7772,2
"fmtU3FFpHtU",27,1838876,23487,2321,3341,3
"P1R5LBkBHCQ",24,1838570,11700,1556,6124,4
"0gfLNJ6Qpd8",23,1838477,33734,631,5052,4
"foTr-nfrvTI",1,1837686,78569,14988,12964,2
"-2aVkGcI7ZA",10,1837557,32708,1246,792,4
"JwAnH6PLimo",24,1837034,84089,1532,5857,3
"tBibHSnMJGo",10,1836341,45771,633,1028,3
"HUE9mCN7sek",1,1836129,57329,2291,16939,2
"xw7SOhiADDE",23,1835818,93066,1803,2715,3
"UEhsFEgsI5U",1,1835157,29353,2256,6291,4
"l7bt05YkRFk",24,1834412,19878,2314,2716,5
"h-6fIyaVmDM",24,1833539,13463,846,2275,3
"2h0bkuWzQeU",10,1833407,84202,1596,2279,4
"cdrxhyhEAXc",25,1833253,74038,3023,15571,3
"tr1Loa7r7sY",24,1832911,61943,1406,9673,5
"6sqfiBoksqw",28,1832555,56142,1486,5766,2
"eQjIQoBFBb0",25,1832369,76734,3011,25701,2
"5w3UxZbWe-M",23,1832360,23595,721,2178,2
"NICK8lK3LGA",23,1831784,32844,639,5119,3
"OWVTtuxW6Fg",23,1831761,25548,1050,2697,3
"tE5C3O71Xqo",28,1830911,22552,1558,0,3
"23ILq4uxd-w",24,1830427,20998,500,1161,2
"UddlsDsoIWs",22,1830169,49693,1010,2010,3
"QbisKfwf6QY",1,1829800,19899,551,1453,1
"ubawFigGGGU",10,1829630,40631,2118,4331,5
"chA_rjl9LRo",17,1828475,13261,894,1571,1
"rgV5OX9sKao",20,1827692,85060,4927,24101,2
"f04asn4oe4Q",24,1827582,53640,1383,4741,3
"8HslUzw35mc",27,1826915,108184,1543,10673,3
"EwS4K1afO8A",23,1826874,23934,1533,1138,4
"xCwwxNbtK6Y",24,1826476,24678,960,4346,3
"9Ca8zWJOlFQ",28,1825705,77531,4156,12025,2
"BNnFgT_CAEE",1,1825051,60338,1742,6931,2
"1SMhiYsfqnE",24,1825021,20719,480,2482,4
"LnFsp6iM5dg",20,1824489,124842,9346,24704,3
"SJlmVOG8qj8",24,1823522,142378,859,21250,3
"CGJAkyTgwi8",10,1823146,80134,2525,4357,3
"TzMJabl_ykk",24,1822519,105066,857,12439,1
"EtfIzNdt9Ac",24,1822507,40068,2604,4228,2
"EqqCOHifYTo",23,1820160,20480,776,2066,3
"atnjrUzgG_s",17,1820027,11704,932,1139,2
"UKserM-i0_A",10,1820014,156336,1189,18583,3
"Gxogl0CxSPs",10,1819170,4858,968,1534,1
"1t5E6Fj9JAI",1,1818967,34310,1976,3079,1
"H83pRUE_kJw",10,1818825,92162,1520,7625,4
"ZRas5gKKIp0",1,1817834,54970,3269,2232,1
"jAq9RV3k9Qc",28,1817221,45956,2281,3933,2
"runjda4La_4",22,1817068,64262,669,5832,4
"vowz3H4CsoE",20,1816834,40593,849,17284,3
"xmi6xcd-Nl4",24,1816439,11714,1078,3885,4
"eaXmIPHrHmY",24,1816101,14464,338,2615,4
"oBQCoxH6KRE",23,1815624,134338,2958,17660,5
"R-CJpDqby1Q",25,1813947,93547,4976,15800,2
"vifsLheim08",25,1813932,71505,3836,9744,4
"-5uebIQorsg",24,1812687,24868,593,3782,5
"UUrddqT9i_s",24,1811885,20462,978,1952,2
"sKUYVu2qZuk",22,1809869,72189,1015,12459,3
"7icFIMa3Qk8",24,1809772,38632,2359,4298,3
"Wru-Iy4Rxck",20,1809498,17311,3626,2301,4
"i4ZkQPHlWZM",24,1806007,50835,6498,16492,2
"ZGAS4zuwJNg",17,1804337,254283,2313,14368,4
"NPWGGzsrClw",24,1803557,5735,908,1494,2
"yYMafWOKdxw",10,1802470,75254,5495,5420,1
"asud3udH6Hk",22,1802124,21042,1050,2184,1
"-PO2jJjNzsI",24,1801535,15263,1219,1285,2
"Euy76qPpK7s",17,1801390,9583,395,2592,2
"xIZYxqqpjJQ",24,1801207,18383,1242,1069,3
"Py24xhrpeNs",1,1800469,86271,1294,14125,3
"nmcC3vSlSh8",24,1800385,10219,1496,3332,1
"-wo8HsrmYvU",10,1800365,94704,1561,4780,3
"mkpINSUnDpA",24,1800253,24024,546,3570,3
"23TcAdaxEGE",24,1798075,11102,1146,1507,2
"VIzi6Ade_0w",10,1797902,20525,642,1110,1
"wJs0yai2t-w",26,1796997,25527,1675,1045,1
"xEoXJ0krbbA",22,1794501,15020,1653,3433,2
"zlFiWk5WFgk",23,1793800,193720,1537,20942,3
"Omwb2cpKP_Y",20,1792690,104034,2014,12743,1
"vBh85l1CJlg",23,1792675,117910,1177,10087,4
"v1zIh-FJYGg",28,1791666,126312,1802,16468,4
"4iA0SfNGaI0",17,1791550,8762,548,2491,2
"TH-rw8xrAoI",23,1790238,134423,2647,6238,2
"6PUf1Rj4kpc",10,1790057,90854,720,3857,2
"T8lWjQRhQXY",10,1789797,124882,2785,10797,3
"k3kgQrU5-p0",20,1788176,178236,3054,46254,1
"23FnO6f7974",24,1786736,103776,898,12693,3
"dHOTgIEmixc",10,1786519,43171,2901,4856,3
"owseTngZFMI",28,1785785,24690,941,6650,4
"NJBtwZmln7s",10,1785156,33723,1559,2190,4
"J3n_RspaavA",24,1783053,81659,585,8655,3
"Huab6p5HW0E",24,1781966,24139,1083,1683,1
"irw3YQxiUOs",23,1780679,17803,951,1965,5
"i7ukVwJur_Q",24,1780097,11288,1028,1946,2
"OAGfx7eB3gA",15,1779960,58995,1381,5712,4
"e15ZR6XG4Z8",23,1779855,38399,1638,2633,4
"SKd4xML-fV4",1,1779521,50307,2337,10692,2
"vb97DrNDSfM",24,1778883,144255,8721,10859,3
"2GuTIb8Q3Ic",25,1778645,3875,774,1298,2
"RolwE1lXOq8",23,1778328,24853,1207,2746,1
"Or3D8Tqn2uE",25,1777889,68771,5319,9856,3
"fR7K1YuqFz0",17,1777819,11165,1777,1303,1
"r_fDZi2h64s",23,1777380,18500,717,2338,3
"ObFekaLVohs",25,1776931,89025,3322,30768,3
"pj6k-EFxqAI",10,1774982,106742,939,3881,1
"UEGo_DJHkeI",24,1774746,36071,1355,5140,4
"bvQ84NryhRI",10,1774232,28862,357,688,2
"RMWTNik9i_8",1,1773539,80310,2516,7562,5
"UCcGmo4pp7I",22,1773466,71594,718,10844,3
"n0-CYODx-kc",22,1772609,11303,631,2849,1
"3ncMdLwPGMk",23,1772367,20356,594,1773,4
"9-NU7yOSElE",28,1771445,96543,4414,19114,2
"fliOp6c95oA",17,1770432,0,0,2562,2
"0LQU-AmdRcA",22,1769228,17799,1858,3707,3
"a5g6W5a9_Bo",27,1768986,27627,2996,7229,4
"U-F7OaC0pQ8",20,1767997,51615,1824,3017,1
"lT15HtJ5Gsk",1,1767675,35101,2779,2671,1
"QcIxlvA1ue0",1,1767675,31139,1293,4241,4
"VO-mLV_2lgE",25,1765903,73365,2798,20376,3
"kjaHhduqS5o",1,1765874,18376,4626,1771,5
"ZCPauvMxV7Q",20,1765716,67286,3962,15552,3
"r6DTs6PiAqI",20,1764604,59032,4410,9806,1
"uapNrDSOTsQ",25,1762822,84917,3143,7504,3
"KPV4Pac3muA",17,1762418,12532,1087,1234,2
"D83rJqTW_Zw",17,1761725,9496,2658,3083,1
"zuRd_Eneuk8",1,1761658,34362,1594,5827,5
"6WgnE6J07e8",24,1761478,37411,3069,3178,1
"6ybKFp09OwA",17,1760304,8228,431,2244,2
"aMQbRpxgFvs",28,1760011,99783,3339,15395,3
"8oKl_qDJHt4",24,1759743,60523,2773,4547,5
"fLwKs5yslSU",23,1759333,150479,1258,8601,2
"IYNNrGobsyo",17,1759267,10629,904,2545,1
"d1w3CWfhzNQ",22,1758994,13428,1664,1401,2
"k9UGbd-ijFY",24,1758962,16305,961,988,3
"DbPIkpi0ik4",20,1758388,75215,2548,9986,1
"we5djgQwK9w",26,1757891,78359,3383,13858,2
"_nRicl21hd0",24,1757833,14056,1631,1298,2
"cmc8q2dcIMs",10,1757756,98822,3959,6906,3
"U_lYmW3KDFo",26,1756384,21868,2187,1970,2
"PhbI79irrxg",26,1754969,27598,1423,1432,1
"70qndlGsQAs",10,1754744,34608,2219,9129,4
"WVHbHzGDs7Q",22,1754643,143917,2401,13878,2
"YOPbPj36AWc",24,1754618,8266,2779,3011,1
"e1bEWoblGZA",22,1754096,137316,6090,8660,3
"JBJoXKV1wmw",1,1752375,12964,1603,1961,1
"LyqEhGyeF5g",1,1751244,20010,1383,2130,5
"sIJIHiCAcl4",20,1750286,85577,1763,26949,3
"marAZRRxLgs",17,1748168,9571,856,809,2
"hrkLzHGwRMk",23,1748112,185077,4731,15239,1
"-wuvYC0x5lc",24,1748001,21964,1329,1391,3
"rsWmrGuuWuE",10,1747997,68598,1666,1752,3
"dyBFAX4SDEc",20,1747028,48804,910,7026,4
"O3tY_fE88Bg",24,1746958,18987,574,2077,1
"Lj6Y6JCu-l4",10,1746896,97981,1515,3841,3
"XRI07X_6Q-A",10,1746823,13840,822,221,3
"hA8lElh7LFg",23,1746439,128880,11081,32242,4
"uG7891EPhec",25,1745946,7668,879,1433,2
"_0Wz8e4W-oE",23,1745338,122776,998,10943,3
"hf_5LZlmSGs",23,1744852,148254,1916,3960,2
"gwrfwx1QcDQ",26,1743662,267168,1618,48097,2
"ItL6vcUrpUs",10,1742324,80362,2082,3434,4
"h3OaekVaTSM",17,1742279,6464,659,3972,2
"uUvgMnzplt4",23,1741871,126168,1374,11036,3
"Br5xdYVbcWw",24,1741648,0,0,1653,1
"QWce9T6lINs",24,1741585,110001,3809,6617,3
"QW8whgmyTNU",24,1741312,0,0,0,3
"WOgPy-OxhNE",26,1741236,17808,1335,1113,1
"06tb-P7Ijgo",22,1740760,17189,1168,1733,1
"ovXXvT0g6qY",24,1739935,63109,743,5144,5
"O7qRCLkM5nQ",23,1739472,228342,2136,5829,1
"lk8lozFBXpo",23,1739292,58742,2504,4229,4
"hp_labuiDHY",10,1739185,74131,1177,3581,3
"YVOSYuuJCSE",17,1739044,6599,506,2043,2
"SuzlcQc1iks",22,1738961,40596,12359,9268,2
"jU0I6t5fXLI",23,1738821,121518,3717,16369,4
"zUrib9ZbraY",22,1737821,43125,1079,2160,2
"aZ2InouMlWg",17,1737133,8520,406,1400,2
"hrKUewEzOxM",23,1736967,21055,1249,4422,2
"KYpbw8ImDVs",26,1736860,116895,923,27109,2
"2BWsRqfuc-4",17,1736494,6865,905,672,1
"9f5zD7ZSNpQ",10,1735152,125377,1455,5993,4
"Q9b9thLKHPw",17,1735041,128868,10760,10854,2
"RsuYAp5Myco",22,1734630,9490,946,1105,1
"tUbky9YzPZY",22,1734614,61399,2705,6459,4
"c6Nx6nZTUgE",24,1734472,78583,1411,17472,2
"xkT4rzWmIBc",20,1733974,45898,1191,15147,5
"kl39KHS07Xc",27,1733771,128518,8817,24599,4
"LmVHsM25NcA",24,1733643,54616,1319,6001,2
"4o0cU2-IlCE",24,1733476,21307,905,2025,2
"2-zbRsyyAKM",27,1733349,22305,7258,3259,4
"EIdzdUZuL-E",17,1733060,9498,727,663,1
"kpTsHXbnmaQ",25,1732483,81177,2391,9391,2
"kCwMARo94QY",24,1731217,11318,3751,6683,2
"Or_US-KdLEQ",10,1731034,53920,1670,6537,3
"2gl4i7K6gpQ",25,1730981,14017,3368,7641,3
"qNNcSwZAPSE",24,1730548,28824,1060,2199,2
"zXHUHx4R9kI",10,1729622,108586,3975,7323,3
"T_Tx4ZF-TkQ",24,1729056,25481,4119,9910,2
"Dumjcvfl0sI",24,1728653,13048,884,2221,3
"yuDkDe9lwtE",24,1728365,42093,1310,1646,5
"jCI6FwBvhJ8",22,1727500,85730,2895,12425,3
"xrt1FUB5i4s",10,1727428,107222,3586,9495,3
"C_ijc7A5oAc",10,1727305,86148,2896,12526,3
"eUgrVCDUCtE",1,1727208,34525,4081,8022,4
"hExxZdkSfuE",24,1726456,60550,894,8350,2
"uLTjkjRgkvo",26,1726382,149357,1002,75549,1
"cH4mYC91omg",24,1726146,22695,1569,1392,1
"wrpeEitIEpA",1,1726008,59228,3119,4119,4
"wxPnSDgSOls",25,1725812,39030,3427,163,1
"4MjERKVBs1Q",26,1725426,20843,1771,1244,1
"Iculr0LElws",17,1723902,24451,597,4200,2
"GqKlALVKsXc",27,1723344,13265,2620,1904,3
"v0eafGbrSJ8",23,1722102,56636,3138,5769,2
"nFeHMm_F5bs",24,1722018,61414,1777,9728,3
"p-yIGS9eW-o",24,1722017,17335,1007,2325,4
"3NvAEEQhbPM",23,1721153,27291,1108,1445,3
"B96h4SJpH7Q",26,1720230,160862,4000,35621,2
"kjS0QPfl_9k",1,1719391,57744,2613,9872,4
"3psUDNNiI8Q",24,1719191,51972,830,2634,3
"UwH743ficgM",26,1718847,24017,1334,2166,2
"IyRRk3wgKMo",20,1718705,139373,27068,60553,3
"KNxUDJ8_qI0",24,1718444,132833,3445,8126,2
"fupYIggOq38",24,1717885,20113,1028,3457,2
"hu_4yAZVNsU",24,1717458,25917,3180,10254,4
"9WckC-6Hc4o",23,1717305,85475,2005,5043,5
"JAw9dDL9fjk",24,1717111,30039,1079,1284,4
"TeyhBDn8Dks",24,1716425,119296,1591,10117,3
"lKL-5el7rb4",10,1715877,83721,1091,4361,4
"MUWUHf-rzks",27,1715589,100379,1299,7421,3
"YOVkui_YaFQ",17,1712687,42664,455,1608,4
"MVEyFtc2f-Y",24,1712256,19192,496,3335,4
"IJofEhiRpy0",24,1712118,112709,3955,9933,3
"K8SeMivyqRk",24,1711522,8948,836,3455,4
"4Uhe7pNqCFo",24,1711518,62746,1047,3506,3
"byukjr-MFP0",17,1711088,9990,533,2986,2
"ERqixcGaK7g",20,1711063,16243,1792,4258,2
"OHl0VRRNxAE",23,1710905,24938,944,3912,2
"-tS7Yecuqwo",24,1709859,18717,1181,2561,4
"WZlcTAKA2-E",26,1709342,18324,1106,1189,2
"h3aGMCgtT3s",26,1707934,23468,1277,1996,2
"Kf1owfS-GM8",24,1704485,59416,586,5415,2
"xEAhiV3E2BI",23,1703187,163018,563,4328,2
"5PU-dUdbS4E",23,1701193,103415,1140,1020,3
"BFZz8wHL2a4",24,1700526,103579,1715,4792,1
"FWPZzOlfkGI",17,1700321,8631,445,1762,3
"YdYPOJT6aWo",1,1698886,41615,1098,4480,3
"PsldHmrxEqw",24,1697140,27878,670,2027,1
"_iNDIJO3Xuc",24,1697106,166768,2014,4829,1
"V819vqhnkuk",24,1697019,10767,1550,0,2
"_nrSYQhRxmo",24,1696874,69603,1879,20746,4
"OreVMRixtV8",17,1696792,6251,660,1789,2
"DZ6Ro2KkaYo",24,1695409,7678,330,1486,2
"rKVNWQz1qjI",24,1694922,29345,684,2992,5
"Xz1LqTilfpc",24,1694741,10693,1115,2127,2
"RFRN1WY98Ik",22,1694506,80827,820,15026,4
"FwENtwtY0EI",24,1693989,50370,5782,7396,2
"05KG0F86lJc",25,1693269,4691,1254,1657,2
"Y8hi6A5MPVY",24,1693185,62490,696,4839,4
"MMGrzOu1amQ",24,1693011,84669,810,14183,2
"D9jy6k1CM_k",24,1692404,7495,880,2009,2
"G6mtIYlyrbs",10,1691721,56394,1275,3866,4
"dUztYCMZYls",20,1690498,15272,1486,3196,4
"oi0lucy8fxI",17,1690173,28996,1375,1724,3
"Rv0gFHM4yDY",26,1690118,21291,1817,1728,1
"mB7hkJ33044",17,1689482,7324,559,2254,1
"CvyzBMTQa40",24,1688603,138002,2474,13444,1
"sfU0qBEbY_A",10,1687959,43830,1796,2003,2
"hGZw9Mm3yIE",24,1687353,56047,1119,7318,4
"CJRw18MtRPg",28,1685561,22710,4628,8241,3
"t9MzWftt0ls",24,1684447,23057,806,1890,5
"eKR_n4alu3o",24,1684247,47391,878,19691,4
"uCy5OuSQnyA",1,1683925,91286,15477,13660,3
"xBiB4CIq9FE",26,1682356,43933,1333,3263,4
"6X6-BK718Gs",24,1681825,8309,1311,2101,1
"GsdmadM6PxE",20,1681212,81411,3368,13451,4
"cCfN6MZFm5E",24,1679778,62974,3118,15169,2
"0TxSQyrOzsY",10,1677539,15597,397,1010,1
"TPUssJ75Bek",26,1677149,16031,1851,1833,2
"hOiHshb3BKs",10,1676976,95357,1952,5144,2
"VllA1V5M38E",23,1676657,19775,2105,4510,3
"OKgUiBOpsZ4",17,1676192,27625,1556,3700,1
"l4wzkMRNSdE",23,1676106,23439,1096,1307,4
"XIWcAnybqB4",10,1674868,32700,1271,2036,3
"hpsugpjc3dE",15,1673212,15627,565,1377,5
"ASeDPHVHY78",24,1672290,22084,781,2204,1
"nXgvW1pB8KI",24,1671864,24359,1100,2197,1
"P-DDEEQAD2M",24,1671755,8868,1329,3070,1
"0HX039UdGpU",23,1671521,48592,3250,3827,1
"88EB0TEGQDA",10,1671461,22485,2326,2572,5
"Uu9ox9CPpMg",24,1671163,32391,1257,4395,1
"jvaHa5m-V3Q",17,1670899,6511,375,1506,1
"MbyP-w4uOgk",10,1670638,46666,679,2595,2
"5ek2W8hUvGw",1,1670286,65580,1243,5232,3
"BfawmhUVXVo",24,1670008,25506,740,0,2
"v6WdrNN9j8w",23,1669887,51659,4624,3625,4
"Sb_hCbZ80aQ",23,1668355,28471,1858,1463,2
"ou2IHYy5UCY",22,1667083,86798,41302,23709,1
"3SIsA96P1zA",26,1667057,18765,1719,1819,1
"YSKF1Ka-qIc",23,1666812,42240,658,950,5
"d_vMkYoblMU",17,1666100,8915,2786,1181,1
"zvz7K0xjl6U",25,1666070,93398,3200,17289,1
"ZcDbBR85iN0",25,1665556,66033,3914,9301,4
"mkxQXxKSWKQ",22,1665459,73705,530,5323,4
"hxA-yJicUN4",24,1665245,8308,1072,2987,1
"cPDN9CwhhAM",1,1664296,70206,1540,11488,3
"HpPorpsvUqU",23,1663930,42171,1789,4088,2
"3hGW_HKwh54",10,1663852,17619,333,1174,2
"IIjPj1zD3GI",26,1663814,111427,1429,10647,2
"DwHPlawAJ2Y",24,1663313,38747,1715,2123,2
"0VNjuoiAEd0",28,1663206,38322,3867,9107,1
"YEbvihoaGrc",1,1662159,78245,1101,7317,1
"ZCEgDAYzyRw",23,1662032,66887,1917,3290,3
"LYrQBAjBpRw",20,1661396,41452,738,23474,1
"ctamR6IIG_I",17,1660802,6815,682,3539,2
"Kd1xVG6f2No",17,1660394,6393,487,3338,4
"3H_wgGO3pS0",20,1659961,74745,2670,25,1
"wb8NuscWb5Y",25,1658852,5904,2488,6923,2
"Hl-t_6Rst2k",24,1658045,5150,611,2003,1
"tWDK9rK-f1Q",1,1657823,42588,1129,4472,3
"OzUXJXeHzSk",26,1657044,19649,1107,1912,3
"kqnvrjgyEMc",28,1656878,63546,4169,6404,2
"KisKKE6zIk0",24,1656617,33541,1327,8300,2
"pQDhjip04to",17,1656374,8708,1129,4702,1
"r1frRkUDpQc",24,1656134,12925,420,1217,3
"DQBpW-zWMXY",28,1655956,5250,456,1496,3
"_OZJ03OBJj4",1,1655936,35416,1991,5379,3
"IX5AS7zVvkw",17,1655552,6873,489,1674,1
"OX-h7MtkeOI",10,1655544,43143,1367,2319,1
"bVU-MmJZFFA",10,1655340,34013,2147,4334,3
"otXVbQVNMv0",23,1654556,105366,1333,24501,2
"DlP3oBZ_Sik",25,1653091,84276,5112,9748,2
"wT_yPn3LfNA",22,1652691,53530,1641,3921,2
"kzwfHumJyYc",1,1651358,41670,1410,1545,2
"nDDfFws3BfA",27,1651153,20713,2375,6354,3
"EU8iF-8zE-Q",24,1650686,72679,2543,17132,2
"Ytzc6ehAvOM",10,1649762,21974,2427,6508,4
"fkfIMoCemsE",24,1649362,49248,763,5676,2
"zkrq7Kpd1so",10,1648886,0,0,548,1
"W_O0sn-ockI",10,1648407,111802,3206,14833,4
"pIfCMcOoD5I",24,1648215,27516,683,3769,2
"GynhLXtpQQ8",23,1647635,110536,727,7676,5
"6vi6yQtntdE",23,1647607,15509,1317,3691,2
"4ePaxyCrdog",23,1646967,30782,747,5801,3
"gsKjJRSmYio",10,1646148,63273,835,7017,4
"BMpnuiMrDF0",24,1645571,115307,4604,24455,1
"c1npkEoEtos",22,1645095,37586,1630,1651,4
"bJp0_4ysL90",23,1644984,75442,11118,5422,2
"m-lKcohRNR8",24,1644899,10860,2947,2642,5
"2VDtweyNqbU",24,1644649,85365,990,10560,3
"VPI9E-wNK8s",1,1644260,21602,3988,5843,1
"EP_G1wNkD08",25,1644174,72724,4968,8484,2
"SggkMHx4GhQ",1,1643356,41975,1120,4967,4
"-p-PToD2URA",28,1641529,38411,1095,2757,2
"Ax1P5Q8Kr9g",24,1641496,68544,2529,12577,4
"ew0GKRBzFWc",26,1641015,26636,1185,2546,2
"PnslkZrlaE4",26,1640957,136066,870,285909,3
"dbDqMXmQEFU",24,1639893,5462,1313,1086,3
"2bxw_1Un9S4",24,1639634,8108,3067,2304,5
"THuIXYn6Xb4",24,1639227,14027,828,1548,1
"2BTGqEv_Wbs",22,1638037,4710,2051,166,4
"VlvoDXUqyeo",24,1637213,9824,928,1085,2
"IDQ0f4n9aAo",24,1636531,18117,1210,3578,1
"MbWo5Srm_M4",24,1636299,13449,1547,8840,4
"Ks3OUSc40TQ",26,1636180,22059,966,1698,3
"PAczA2saYWM",26,1635960,43860,1153,3795,4
"8rqztDFvmZ8",26,1635166,61017,2139,9267,4
"aCAhbjLKkt4",24,1634990,19390,1874,9944,2
"t6rHHnABoT8",28,1634672,65559,1434,6509,3
"iM89vdPLbQs",17,1634519,7168,533,1529,1
"y8lFgF_IjPw",1,1633974,35866,3960,6613,5
"y3qfeoqErtY",24,1633753,45194,712,2980,3
"ZO4CMPCmFDE",24,1633513,41137,1327,3045,5
"zZTyHHxJAzw",28,1633011,38865,1320,3068,2
"DRyIS7Eku04",24,1630627,26094,3512,5472,3
"gwuBdcx-b64",26,1630340,14556,1392,1017,1
"yN0DQFv_-vI",23,1630322,22383,944,2734,3
"8XBLuU_4Qgo",25,1630311,19082,906,3693,4
"oYvw0GryNs8",23,1629871,159941,2175,12628,2
"iAtFifxkrBk",24,1629316,9433,1110,2854,1
"HAGnqSKtn3s",20,1628997,86583,764,57848,1
"rOGzfEBzokI",17,1628684,6909,388,1269,1
"opmDMIg4Lvs",24,1628399,21785,725,1630,3
"YAzs-timxnI",10,1628016,38511,3070,3024,1
"jhEBBGOD7es",17,1625310,33003,895,2339,1
"VHrXy9XsIBw",24,1624753,120777,12373,15979,3
"NyNQLRhsAsk",23,1623066,16690,1463,2345,3
"33eOAeFXL6k",26,1622456,22783,1539,2383,1
"Lo5hCHzcS9g",24,1622049,116851,8955,4356,2
"tcWtdT9ZkQ0",22,1621216,74374,5609,12875,3
"MhPdwzDKOb0",17,1621168,9655,432,1984,3
"3uGIEY7tdg8",1,1620974,12800,1143,1640,3
"O8T_d2qs7vs",17,1620846,9811,354,2777,3
"UcKn6ZIuSIc",25,1620838,85943,3583,11867,2
"3KAzZJKR5Gc",24,1620596,33600,1063,6342,3
"9PT8a9stP54",24,1620564,29648,643,694,1
"f2kesmAO8VU",26,1620153,51281,615,3245,4
"Agg73-6QOYo",17,1619662,10777,384,5160,3
"Hw5gLt1mD7o",24,1618363,9523,748,1071,3
"T2WB3DGJsz8",24,1616586,21544,1659,2541,2
"RwMRkt770vc",24,1615659,25521,932,2141,1
"vQp2inqyB6I",23,1615627,141950,5038,6956,2
"zbyu6MOzpLE",10,1615343,142340,2064,4985,3
"0iuAf4--B6g",22,1615246,29693,1145,2749,4
"GSCP2yg-v2g",1,1615231,47025,3174,8570,2
"lERhNXw6FaQ",1,1615135,43977,1412,5678,4
"OHyMORrsaYk",22,1614756,231544,1077,49955,3
"erA3WQE9Zes",24,1614607,15585,2291,0,4
"sbB76FFFaRI",20,1614447,89741,1131,18834,4
"a8gzChJsvEo",1,1614392,36163,3066,6371,3
"OBOm_jatVCI",24,1613860,32135,1229,4120,2
"aBkHb8e3UAk",22,1612682,76472,1863,6686,3
"ztg-Bg-YrVI",25,1612355,68861,4201,13150,3
"D2ITOJxgfeQ",28,1612267,116072,1139,5165,4
"jCb-WcxO5SU",23,1611984,53431,1693,2945,3
"_EuW3ClJ19A",10,1611877,27286,1482,1112,4
"LHnatBi7-9g",22,1611481,14750,4053,7378,2
"tN8o_E_f9FQ",1,1611316,5779,308,1202,1
"R9OHn5ZF4Uo",27,1610875,174918,1225,10185,5
"oSxnK0Ygvxs",24,1609203,11511,642,1274,1
"mzB1VGEGcSU",24,1608504,140428,1144,15453,2
"Aqx41JrNTSw",25,1606722,2407,9003,16159,2
"llQTC4f797A",25,1606331,10581,1017,1818,1
"1r-Lbj892KU",25,1606165,8239,916,12968,3
"mTkmEw_4Drk",17,1605386,8125,451,1558,2
"nAUf2uCmGW4",26,1604469,22075,1035,4651,3
"g95EtDLSK3I",26,1603959,23465,1932,2230,2
"OnnDppVEdmI",24,1602244,5301,817,3507,2
"g7_uKDsv7HM",10,1601302,50581,892,4768,4
"CeK6seVYaQk",17,1600054,6489,535,331,1
"UPQK3O0xCbk",25,1599684,65103,3475,7244,3
"Cj_4DupKfuk",17,1599198,30567,761,4678,3
"8F0DyRGTEd4",22,1598653,71568,2631,10661,3
"a20iZNp9EMg",25,1597356,20583,1035,6103,3
"Cf3zj7D8SQ4",1,1596428,91918,2270,24692,3
"LnA7Au-DLUM",26,1596261,22950,1116,2487,5
"Mf4wwXM2o_M",24,1596153,93548,975,9763,4
"3-FXW0CW_8o",10,1596081,345195,702,40251,1
"xnDHnm4jcMc",22,1595902,45853,397,2538,5
"Ta3Yruzx_lA",1,1595860,67255,1342,1886,2
"UWOAuTP27eo",23,1595201,117962,2028,2946,3
"rzPSqNkl8H8",22,1594589,65448,742,5808,2
"nCwHHLfxA7g",23,1594572,58829,3119,2579,3
"X2HfBoQeDW4",1,1593715,65278,3273,20679,4
"r1x0X5PCYak",26,1592973,166117,2303,58109,2
"jnL7sJYblGY",28,1592969,65604,1187,6785,4
"lGkrhR2mfl8",1,1592701,57484,1671,3864,2
"GYLBjScgb7o",10,1592667,42901,1792,4380,4
"0TNVthqZ3uc",24,1591989,94837,1152,4559,3
"0uxRLNw8j-A",26,1590326,11764,1111,936,2
"_THBex8DItY",24,1590018,131321,2161,10982,2
"N39uwTykTQk",26,1589565,79988,1749,4894,2
"jbx2vlYh9FE",17,1589405,7483,399,1606,2
"GpEuHHMy-Z8",24,1589297,16708,3186,6582,1
"svO2foqZ-T8",27,1589260,39780,1576,3799,3
"UzEyHb4mvkk",25,1587888,84383,3245,10571,2
"TIQqb80eg24",10,1587706,88440,1367,7907,1
"QzHbMitG7fg",24,1587530,17571,600,1019,1
"tLaHGcI7new",17,1586427,12549,1006,13065,1
"R2xOhc3xOJ4",24,1585216,2690,1982,339,1
"KjBGMAE7GBU",17,1584765,18208,896,12674,2
"CAbifX1bgkI",24,1584559,24670,1949,7024,1
"5ntjrxNFgyI",24,1583327,53904,1278,9812,3
"UVxE_MM94tA",24,1582738,19856,1957,4009,1
"5ioOX-37Jko",23,1582168,152498,2014,21377,1
"izyX4qtsVew",1,1581988,20279,806,870,3
"jO5U167y9xU",10,1581664,58138,1355,1839,3
"qm1nLcy9toQ",24,1581664,9509,1035,1559,2
"GgBOK8r5foQ",24,1581039,9450,981,1856,2
"IpHZtc8J0Hc",17,1579491,14774,802,775,1
"jRT74op6xak",20,1578462,115551,4243,20318,3
"ynJm_HQfyW4",24,1577537,8325,529,690,3
"ssVrzoCgr_w",23,1577521,15755,694,1892,4
"OZqsFkJpvj0",24,1577081,33885,600,1005,4
"iILJvqrAQ_w",10,1576237,70385,1000,3667,2
"mvppwULNJLo",10,1576101,50797,1732,858,3
"rJ6SyvwnPd0",17,1576014,10129,1015,178,1
"SSG5zfzzZ9k",23,1575770,19678,572,2510,2
"_qQsPw4CqUI",10,1575680,125633,2159,8577,2
"0SStOLbYK7U",24,1575421,0,0,902,3
"46ix0wkdGOs",24,1575067,118423,14345,16419,1
"qvHKVQtalas",17,1574416,6185,448,1925,1
"S65LMDQNP5Q",24,1573422,18637,505,2052,4
"d_nrbj5jkz4",17,1572327,98273,3187,3954,2
"4oI_4yNWSIw",23,1571825,169663,1390,5736,2
"U4fErC9skHE",10,1571737,91237,1972,6272,1
"IoZ5qDUuPV4",24,1571653,40403,1730,8811,3
"H3mX88_tx3Q",23,1571456,14968,1846,2320,3
"uYsMgeUOjeg",22,1569675,62664,985,3887,2
"f_a3tmkTSzk",20,1568526,12319,20468,1702,4
"owfWNfv5skg",24,1568291,97313,2685,0,1
"gQZChW3JKV0",24,1567933,44883,960,8714,4
"RyUUVSzesZU",10,1567714,5861,766,13,4
"1oAi0hoJ_28",1,1567250,54461,2237,17480,2
"YCKI4FtezDk",23,1566866,22658,913,1029,3
"Q-v4LsbFc5c",27,1566193,48613,2508,2819,4
"bZs2ImrTg5w",24,1565914,82109,488,4277,2
"IawKU9nOwHA",28,1564191,82096,1539,7497,3
"-7UzyXO-mzk",15,1563849,48841,688,7141,2
"eL9RB_jG6SY",24,1563655,70024,2221,21201,2
"_lUiJsnGXh8",1,1563060,39360,1096,4404,4
"flpr_CQV-mQ",20,1562972,44818,1357,16330,4
"VMMyw-9oH6s",10,1562510,50710,1002,1246,1
"qSIY6C1uv4E",10,1562333,80362,901,4200,3
"EvHzvWTOs1s",17,1561764,5745,292,1037,3
"0dLVivLINqw",23,1560512,18302,974,2120,4
"2I7ssqJAeNI",24,1560172,5228,1523,2291,1
"t34CyzLiYiw",1,1560097,10112,549,4208,1
"HgpNeMVFLU0",23,1559927,115139,897,7436,2
"LSWeJa8F4XQ",25,1559801,69800,4229,8028,3
"JMgzvpqzdTU",20,1559254,73110,468,11396,3
"-oOlAGKBXnA",23,1558058,51874,3076,2837,6
"Hb-1swI5E_0",17,1557828,11482,740,1371,1
"CQPVMxQOh-E",28,1556005,106687,754,20297,3
"VVxQ9HC2aeY",26,1555682,91679,1395,4936,2
"odwfHu6MDuU",25,1554943,61249,1182,9212,2
"8gOdVsbfjW4",17,1553964,12888,682,2199,1
"1ZXWwIjQnHs",23,1553946,27175,1930,4249,4
"aPQ-rpZ2idU",24,1553522,18499,1064,4670,1
"POMjmuxcPBk",23,1553323,135141,1292,20879,3
"5IGJkd0fNGU",10,1550613,80220,943,4118,3
"b1Vi4YGMGkk",25,1550527,6179,2396,9971,3
"SiduJA4p7SQ",24,1550307,58244,24578,17874,2
"gGPJDY6xR0Q",24,1550231,6614,827,2894,2
"gXq_OW7ws18",23,1549302,89223,2131,2979,2
"iP66hpQySmg",24,1549141,82114,1274,4532,3
"9Rr9u6QGgVc",24,1548781,128639,2164,15858,2
"nATGvlGP47o",23,1547309,17913,551,1678,1
"DTGxzYo_YyY",27,1546364,90023,1053,9763,4
"P9IyhwSBqVU",26,1545912,16970,1691,935,1
"OsTClLdwv3U",24,1545884,8952,1195,2328,1
"HuXZm2PWLNA",26,1545650,103240,822,117221,2
"THr_seahKUI",25,1545509,30594,22590,18555,3
"lnuZ9p0rVxs",24,1545290,5484,1189,4075,1
"-k6j6Dkyl1M",24,1544710,12417,803,2186,1
"vRN-32VKEHE",24,1544522,30959,1159,4103,2
"PYQ5PwVXErI",1,1544363,7027,908,557,4
"-Je79iRtTTE",22,1544296,99545,811,7929,2
"JhnoSfwGJBI",17,1543273,7973,474,1903,2
"svpxNASGFHQ",23,1543145,104698,1005,2443,2
"tgMxQ4qCANg",24,1542951,36774,5937,12255,3
"QYlvyJFZGEQ",1,1542489,16552,698,1519,3
"VaGYUhKDtVM",23,1541807,124132,1152,4542,3
"piQobLkLRMk",24,1541452,21065,1178,2713,4
"0AEp_fzxkJU",24,1541250,7239,757,1556,2
"KKWNnKhGjWA",23,1540305,41830,6343,11581,2
"-WRcZ9xHMuE",28,1539802,12609,1008,2597,4
"kehML-RAkd4",24,1538576,81240,678,7586,2
"WMs3NOW1TDs",22,1538339,44985,2089,3926,2
"GuFM1x9OULc",24,1537469,16462,565,1502,2
"kq8p4Xs-MCg",24,1537465,17952,5731,5384,2
"Psx6elljRF8",26,1537460,52863,675,6585,3
"06BLwc1XSis",24,1537175,3455,752,3768,5
"foJJ0I_Guh8",1,1536899,16311,454,4077,1
"zVc-K1kKkVk",10,1536230,102197,1039,5807,3
"M51mDLujKPQ",23,1536175,100599,1462,12251,3
"NWUg_1qV190",24,1535738,3695,1008,376,6
"8W7dm-GI3KA",24,1535497,9307,1659,1944,4
"uSVW0aJdn9o",10,1535475,20287,483,820,3
"G6dIrs0RurA",24,1535127,23100,913,2542,1
"XS6WAJLeYww",26,1534863,22037,1469,1793,1
"05U0AYfnWgI",23,1534814,15588,828,1548,4
"xe6o4ex7-YA",24,1534553,27409,1033,1522,1
"kFSm6gany_Q",24,1534061,19040,1493,1352,4
"1MGNw-Y2QPk",25,1534043,131614,2875,10272,3
"yMvpbrJ1CWQ",23,1533966,54324,3156,3707,2
"JyUKqUTp9rc",26,1533800,122321,1156,171128,1
"hXmBbhGbeo8",10,1531826,80246,1422,4250,5
"uthHP6FoBmk",24,1531420,110336,8450,12813,4
"C9B4P7eGASE",25,1529976,68870,10476,11890,1
"mANuub7Bnw0",24,1529809,69336,1511,10440,2
"FBIkUV4I1aU",24,1527159,100885,2441,8021,3
"MiUFhVrG598",24,1526031,22415,553,1368,4
"lVNt1sUWyDU",10,1525769,62570,5100,5619,1
"blgS56pESPk",17,1525550,58343,719,10845,1
"W9LrfNfUrSI",17,1525396,89326,5116,4380,3
"CngjMRWYNHs",10,1524989,109311,4314,12621,3
"tihKvn6OiAo",17,1524976,7807,381,1835,1
"CRiBnM9l4N4",26,1524932,71879,1294,7289,3
"ivYp5NMaUY4",25,1524665,11331,37610,2971,1
"Z7pLtyvr8vM",26,1524426,11854,1273,1276,3
"J-7FkW1Cuic",24,1522683,24590,958,803,2
"e5bernQdWiE",22,1522384,30328,952,786,1
"p7VmoHqR9_I",23,1521451,99152,2714,1818,2
"zlJJbGDv5Pg",20,1521425,38523,1028,16382,3
"FFsp5b4AUTE",17,1520473,35201,4981,8417,1
"NHZr6P1csiY",10,1519869,152854,1869,12746,4
"llzJuUrBJHc",17,1519705,34925,1222,2740,1
"FmmLiydvFI0",23,1519261,99492,1117,10340,5
"Le5kBwN6Vsg",24,1517027,22765,802,2165,1
"JawsMtVjnis",24,1516745,8936,849,1301,2
"OUBiz4B0UvA",10,1516644,19901,1010,2481,2
"g8kzR3wEk-E",24,1516044,81560,4444,2465,1
"jkp3HFGGuWI",24,1514979,31436,1526,7180,3
"OCu2paqBF6Q",24,1514843,9419,1155,2003,1
"zqhjpQxfq4Q",10,1513232,71700,2264,6903,5
"WfB_JyAr5tE",1,1512196,39546,1620,5115,4
"REt-3P5h4Lo",22,1511919,58915,2497,2507,3
"T4sDURQsUTI",20,1511303,71613,4424,23505,2
"6hhNXHojemc",25,1510990,16811,1277,3550,3
"t8yUKzMnlFU",23,1510586,18334,1019,3175,1
"S3H7ACY7itc",23,1510545,25032,594,3081,2
"XnMz1kv9C-g",25,1510385,15371,855,1825,1
"qTgDrI3_Ypo",26,1508862,106487,752,5756,3
"LE8tb_yv7CQ",20,1507769,41567,948,12988,4
"WeyLEe1T0yo",25,1507767,34698,2177,3755,4
"FaARGp33Owo",24,1507494,23750,1665,8951,2
"exx1lUDR30U",20,1507444,72169,2161,13460,4
"X-QSZhh_YWg",27,1507034,35717,2417,5747,4
"hGSIbCtDsNo",22,1506414,16936,1234,3378,2
"S1pMM2y6MjA",24,1506286,52130,812,6519,3
"uZ9os5OkXas",23,1506138,54072,2881,4345,3
"KQDCir3G534",1,1505000,41911,925,4243,3
"lnFaRuWOLN0",23,1504950,108635,1562,2913,1
"UaGTVUxj9h0",22,1504750,5414,342,1460,3
"WFCanKYtmIU",24,1504671,37830,2694,13886,2
"MidgYgFwgTI",24,1504180,38025,1199,6158,2
"DDZIG9bE_CQ",24,1503865,20905,1173,4494,1
"gFbY974MF88",23,1503131,20618,607,2676,1
"VRdxPJM_adk",25,1502956,65599,1887,9244,4
"SeXKzjpki0E",17,1502095,18287,1280,2923,1
"k9_joNFmut8",24,1502047,43735,1183,14533,2
"pKFd5rAUM2s",24,1501023,169795,2045,13774,2
"0ycLaWymtKk",24,1499868,27310,843,1665,1
"z376xKNtIA0",24,1499760,12348,1104,728,2
"FapsNTnIe7s",25,1499741,77353,6207,11045,1
"DSQG0zvR6dk",22,1499721,59719,623,11492,2
"5x-d3pabd5o",10,1499675,77482,1061,3374,3
"49W8bOJUGVQ",19,1499298,16577,1489,3712,1
"nFpEuUY-zQ0",22,1499173,7381,855,1244,3
"XvM8bgweH74",24,1497991,15624,5343,6188,2
"YvfYK0EEhK4",23,1497824,38000,2200,1785,5
"A18YIthN74M",10,1497749,2937,1218,80,2
"pisY6J2Ky6U",24,1497616,69252,3058,6599,1
"7cqYiUmutGI",24,1497477,51607,851,3492,3
"44-E5GE6Apo",25,1497154,71260,3178,9891,3
"ZRhDIDtZyZA",24,1496759,46165,1386,22586,1
"S9y4R11gzPY",22,1496707,70884,9637,16178,1
"aPdD8Lsy4iM",25,1496512,71444,4736,10508,2
"ve3oQBjcAGI",1,1496471,43974,2045,9442,2
"8NHA23f7LvU",24,1496225,16116,236,605,1
"CalyjjBkqOE",27,1495938,7791,1755,1561,4
"9B0Lo0LgT5Y",24,1495082,6522,1188,2061,1
"B7mNo_braeg",15,1494995,16640,1245,3582,4
"rLMx0X3SeMI",24,1494972,58752,1579,3411,2
"caCdf94Blfw",1,1494486,19426,4961,7734,3
"CKgsni7R1Ro",17,1494462,5505,401,886,2
"xo6EcR8xvFM",17,1494393,4701,643,1559,2
"FDbb28N7iI8",22,1494215,62332,1702,4446,2
"4ckRY0DlDEs",1,1493725,67344,1339,10017,3
"wXqIjmcED0I",24,1493531,47718,1138,5735,4
"PEoZLGHKvy8",27,1492987,44913,3323,6600,2
"D_Iei8Ge7bs",28,1492862,42803,1899,3023,1
"gL-gKloypnI",26,1492821,20334,1038,1154,2
"8IH9AcB4aCA",24,1492808,35951,4506,1492,4
"tis2RwlyqrI",23,1492781,12805,2362,4298,1
"JRg5psqNN4Q",23,1492318,15848,1115,841,4
"6wGj89GE6aQ",24,1492190,103642,1041,9343,3
"DZAiRufPx9A",23,1492049,89470,4117,7871,4
"4swif8r4z3Q",22,1491799,16709,747,1656,1
"x5YbQjvueZw",10,1491617,20628,822,0,4
"uPyLIBSVrMw",24,1491616,123688,476,22490,1
"_MeQz8OWXQ0",24,1491281,18365,427,1543,2
"BQTXA03PWA8",24,1490941,6308,1045,1529,3
"WuBtzE1-Wko",28,1489424,5137,1066,866,2
"ajK9XtuvcjU",28,1488784,55052,1267,8100,2
"x0UdHAuW_Oc",22,1488711,25908,2290,3557,4
"enmLybSqmgc",26,1488538,62984,833,6041,3
"ns4DIpKOGFc",23,1488402,70855,1720,7515,2
"QsSxRElRe1I",23,1487803,37425,528,2618,2
"23f1sWWxAns",17,1487176,5707,458,2216,1
"BRUvbiWLwFI",28,1486981,33073,818,2926,3
"7BkETCKiO-w",24,1486736,11986,936,2365,1
"6Nr_xHolP1Q",23,1486252,49860,2000,3749,3
"hmkSBiZ6XoQ",24,1485898,85926,2379,74985,2
"lMXX2YsrxsE",1,1485609,65016,1747,7996,2
"eEed-o8fVpM",1,1485406,13878,710,1136,4
"LLkMdkoALbg",24,1484980,139339,9059,3570,1
"RmTAK5l_L5M",23,1484930,62970,5958,5251,4
"Kp0cKMxlFWg",17,1483985,968,4343,549,5
"ZY63ZSUdywY",24,1483374,46818,482,3977,2
"F9sH-3AoF88",25,1482719,71558,1150,16420,3
"Z5kD6bYPJcA",24,1482705,21865,418,3148,3
"4vZJn6r0dRw",24,1481790,42487,1252,4724,3
"hYc95vB-nT4",10,1480961,60261,1170,4716,4
"eSLHDjMzYSQ",26,1480917,16829,1308,590,1
"3HhK7HbX3Qs",17,1480884,12923,590,1358,4
"muAPJiMho2Y",2,1480882,38877,454,4462,3
"gp0K7pDHMEw",23,1480154,106593,1307,2777,2
"h-h5Mhlt6O0",28,1480096,73330,1715,7341,2
"-bEQKyyZQmM",24,1480064,21205,704,2116,1
"cW5ueE2vUm0",10,1479936,142818,1784,10060,4
"av4QVqEMWyk",24,1479645,19299,975,7968,2
"M5Qly-VQfbo",24,1478438,16945,1600,2408,4
"qV_BDWUs4Vs",10,1478337,50621,1453,2684,1
"hONq-41k0Og",17,1478266,27415,425,738,4
"deVoaRTfVqs",22,1478197,32667,915,6088,4
"HoYPSfR8j3Y",1,1477868,36289,960,5283,3
"i8EJkbADR3o",24,1477680,6009,861,7008,5
"4RkXRB8hfI8",24,1477376,76541,14896,9415,1
"0BGwPgTQTwE",23,1477099,116261,932,2946,2
"KspaKfSU49Y",24,1476610,14846,375,1972,3
"UW_xEqCWrm0",10,1476148,64903,1689,6343,4
"Fn1qKcFxqUM",24,1475995,25519,1512,8199,3
"2kxeAg1Ydi0",24,1475929,23379,679,2962,1
"vF3y1_r-mwA",1,1475784,6612,348,570,2
"7OsFH1XBUG8",27,1475727,20443,4858,4659,3
"hBvcngHRTFg",24,1475655,43253,781,2632,5
"gGnBX6e3RJc",24,1475090,0,0,0,4
"OtBYXxnJvEQ",28,1474175,100917,1969,4213,3
"30GfPJ6yfAE",23,1474007,75260,1071,22887,2
"MrMAfMbZOmg",10,1473589,214518,2011,17455,1
"nIQ_vcVqkUw",24,1473432,9216,693,1317,2
"nMbUA7dghlk",22,1473385,55130,974,4277,2
"2SJ0hgdciNE",10,1473278,125153,2664,8611,2
"tIe6c8n8xVc",26,1472636,19300,1318,966,1
"iiOzcMQiDZs",17,1472251,7194,654,2032,2
"7pPMg9l6Yik",24,1472075,25184,1688,9894,4
"d67Z5cMAXOs",1,1471882,50894,1041,3310,4
"9PjRFIkOKqA",24,1470733,6662,1162,1330,1
"7a6irhXRudo",23,1469667,15736,1066,1978,3
"dH4ZXmeEJXs",24,1469234,186010,2108,82422,2
"VDndE432GpU",10,1469068,19582,2201,822,1
"NzJdS6YC9es",15,1468309,39112,595,10295,3
"u_C4onVrr8U",10,1467834,78980,642,3642,4
"1LpHzzelA64",24,1467507,34755,520,3504,1
"4SZqTeF5PYg",24,1467037,9354,925,9070,3
"9S1Gc1nSXd4",10,1466625,40573,1748,3589,2
"7_E94RpPx08",23,1466271,112171,2185,2161,2
"AVGLZqWzigw",24,1466109,51453,1091,6463,4
"edNTVABE1qY",25,1465806,141158,3414,6663,3
"joJ-3cAjjbQ",10,1465521,42044,1502,5789,3
"2c8h9-DR6xQ",23,1465312,16431,656,1325,3
"9JQ2gHDPnDY",24,1465006,36509,1408,6461,2
"iTYbdZRfWRE",24,1464914,24858,2006,2901,5
"B9fZEkHxicw",24,1464490,55035,1293,8524,1
"kYoKcaPZnCc",20,1463923,104701,1419,7127,2
"ImoQqNyRL8Y",28,1463800,72086,923,6686,2
"H_6ZJrg-E3Q",10,1463118,72175,413,5526,2
"jVXauWq9Hwg",10,1462827,150127,847,19436,1
"j7RZy2B73hw",17,1462747,13474,743,6081,2
"gD1KhjplXEQ",1,1462572,13205,387,1110,2
"AnRkugr7r2o",24,1462289,105554,6374,17047,1
"F7AL8LR9BxY",25,1461942,67531,1768,24012,2
"rWOllhAi_lY",17,1461658,6136,370,1512,1
"m6qubM54PtE",23,1461356,23535,1103,3651,2
"1xLvNRg01h8",10,1460595,57041,1873,3351,1
"M3K-gsEVJGs",24,1460280,2145,1050,194,2
"BIQK4-9YFW0",10,1460250,67724,1783,5147,3
"pVSEA6uO5No",20,1459129,25444,618,2341,2
"kuTxC9mIutM",24,1457904,54875,1680,15640,2
"hIyqLdKBAlc",22,1457433,55028,945,6793,2
"TqoeZccmxtQ",26,1456821,22693,1101,1788,2
"LYlXwzLXYw0",17,1454777,8392,1094,1615,1
"di3SMcIN_OU",23,1454501,21043,577,3110,2
"h5CLO2n6OxQ",24,1454233,99762,692,20801,1
"0zZ0Y_UZRBw",26,1453931,105077,1188,9742,1
"Odum0r9gxA8",24,1453801,22786,616,1021,3
"2ha8YQ0SyyE",10,1453676,45020,936,3084,4
"v6lRrXq6VBk",17,1453153,7216,414,1510,2
"C-DfipidnOE",28,1452821,81929,1850,7534,3
"2PSRmK06YFk",24,1452383,8104,741,680,3
"mEBhYXiLYkI",10,1452265,23347,763,2141,1
"KRcQ9a0Vj2E",20,1452228,50059,691,6295,2
"5nEogChRGE8",23,1451881,16654,830,1632,1
"tn_uI57AMuE",20,1451866,27804,1316,5495,1
"fGs4hNIJoqs",24,1451671,131836,1659,13975,1
"nCnUim_gjsQ",24,1451309,27704,1922,5873,4
"6l21a-M6jqo",10,1449904,28564,756,1214,1
"_0ovuLsnU1A",24,1449593,29741,3630,7491,1
"wsYx4Jr8d54",24,1448777,12477,992,4610,2
"biso5rbEZO0",20,1448770,8885,2336,1324,3
"l3xmc0pzzJI",22,1448352,76718,1017,4539,2
"Cl-QoZxDwTE",17,1447636,14642,873,1450,1
"0KcvQpRdCzQ",28,1447525,45408,1073,6395,2
"xNp5yIGHD2g",26,1447307,19494,1309,2394,2
"X4quXDeFyhk",17,1446819,6746,361,1509,1
"pLIRpF5ZC4w",26,1446591,16334,1175,1599,1
"JNnRbYj6Rnc",24,1445801,20703,515,1352,2
"s_5-eID-U-g",10,1445731,82680,1020,3398,2
"6i2cebTn0nc",26,1445006,69008,1490,11582,3
"AtkjageFeiY",24,1444988,89685,1799,7084,1
"_saBYxv0DH0",22,1444874,6093,853,215,2
"SFKPktgfQdI",10,1444852,97272,1403,10349,3
"8NDLpSUcV5E",24,1444840,55426,1767,11267,2
"4M4R-dwnTQw",10,1444683,52291,1868,4284,3
"1toofYjrBhY",24,1444577,6872,664,1487,2
"56b3ndjsQBk",17,1443752,7127,389,1399,1
"zwAd7888z90",26,1442170,61967,770,5954,2
"khSZO-QO2g4",17,1442156,113309,2035,5535,2
"vD7bmadZb24",26,1441125,12805,1616,1336,1
"sPg-XUWkJbY",22,1440908,124111,402,1876,2
"NEYtxauVqA4",23,1440514,19955,607,2335,2
"S97vorMfyDo",24,1439913,103659,5560,11042,4
"MADpYff62GE",26,1438740,62052,1106,4750,3
"v9m2Tkr22TA",24,1438356,44287,1162,1052,2
"Df4mj8Weu4c",24,1438069,70934,1207,13690,3
"JrYNSCEHLlI",24,1438054,24187,537,3757,3
"GhxV90u-xME",22,1437953,11369,5818,18528,4
"eMkZ8GEVgUw",28,1437639,23413,1657,3009,3
"Ldin8eQDGFM",17,1437340,7173,338,1626,1
"vLNXXNCAHY4",24,1436649,16066,524,1464,1
"NfiBXlYpVdY",23,1436058,86579,1467,3866,2
"-ecBNCn_HPY",25,1435384,7455,835,2213,2
"rE5dIs8z40o",17,1434790,14310,911,789,1
"wqudXE4tF4M",23,1434037,48880,1854,16716,3
"iDtWHVpd_Cc",28,1433938,85185,918,30677,3
"PECFcts24RI",17,1433883,27611,1462,3966,1
"RKpjH-O8a6w",23,1433763,20395,671,2327,2
"Nu1mCFToXxU",22,1432742,60987,487,18916,2
"vPPIhG0BFXc",24,1432429,14937,798,12717,1
"DgoOtp9XI5g",17,1432295,26004,612,3575,2
"_t0LX_Of33U",10,1432222,144483,2929,10657,5
"KK1X5PqF4NE",10,1432158,15051,909,776,3
"r1CMjQ0QJ1E",10,1431930,163376,4128,15836,1
"qVXH8ILJ5G4",23,1431267,21247,789,821,3
"Q97U8K_YlOo",10,1431223,65561,558,1653,2
"Z4b6BPaO944",10,1429783,11775,120,759,3
"f4FuOi9rvKw",1,1429739,79078,1035,2423,1
"iaSL8wtrIhI",23,1428808,115762,1799,4129,2
"IpN_wAlYZSs",1,1428218,49793,981,5301,3
"fNVUTgd4pio",10,1427647,48137,1433,3621,3
"Adg-A5tY9lM",22,1426681,15292,481,1485,1
"Qgar3X3R0RU",20,1426450,44679,4337,8612,2
"MdRkQ28Ktw4",17,1426035,6407,318,1686,1
"HdrIShEM60Q",17,1425273,5602,293,967,2
"Qr_QLv1TPcY",10,1424960,41647,1556,5756,2
"wI89nVn6LHk",24,1424446,16166,2342,2984,1
"sQrtgYiW71o",24,1423158,61507,1974,18731,3
"iebg2n3Q4Bo",24,1423005,23753,329,470,2
"YpkJO_GrCo0",10,1422491,26018,687,1288,3
"AQnPujLx2Os",26,1422265,82608,930,14469,2
"6xUPaVfmcUs",23,1421711,28675,584,2366,1
"eiudTjsGM7g",24,1421015,34639,462,1929,3
"c7cYON3uVZo",24,1419726,7739,471,822,4
"m0AZ5LKlGyk",22,1419673,1904,323,512,4
"g8p-n8CTs8E",24,1419370,210931,1737,8190,3
"uXT5UDRS9-c",17,1419189,5989,227,715,1
"m6O2mgpIObY",23,1419056,138085,1974,2199,3
"SKexLz5QRN0",24,1418661,66578,1055,5490,2
"QY3Y6lUH6A4",10,1418608,30695,3972,1109,4
"XT8bnSK29Ek",24,1417921,45508,976,14385,2
"hkupXfL1Rww",22,1417648,1746,793,4206,2
"J2I_UvRpCf0",25,1416537,11566,4330,8317,2
"Bs5Ml7_2wT0",20,1415931,27781,1622,2299,3
"JKwzTnVA8Vc",23,1415554,24077,1198,1510,4
"3TCcDE4fi4Y",10,1414923,43985,1976,2891,2
"e4VmGrGGPuU",17,1414634,10434,575,1046,1
"o8oYmaasdA4",24,1413979,6309,4082,2133,2
"JrmxD9UxY0E",24,1413937,29733,516,0,2
"YKWGQyz-oLw",24,1413873,13195,11024,7302,4
"zLJsJR0O6VI",23,1413242,58579,4382,5363,3
"AmPCrvXCDC0",23,1412362,47476,2122,3986,4
"ys6KVWA4okw",24,1410845,42290,2312,6452,2
"KIzqSTEC5kU",26,1410774,14248,1219,823,2
"lWJBWU7asEg",24,1409647,23210,2741,22678,4
"wa9ZyarpM2U",24,1409223,33149,1438,3023,4
"sPQ-7mdeuHY",17,1407953,7654,959,1381,1
"rYzLh2QuraQ",24,1407751,52032,493,3068,1
"USXoINPEhoA",28,1407615,74000,1018,12007,2
"sycEJ2N09VY",23,1407083,94383,781,904,2
"PhB_wEBVvaA",1,1406977,47756,3642,12680,4
"ChT54qKAs4Y",10,1406535,6213,328,278,2
"wtcBquWhjL0",24,1406507,17811,1326,1837,2
"5QmGUuhSBW8",24,1406045,5992,2414,1880,1
"ztAD4WpM3tQ",17,1405612,6826,342,1422,2
"r1gxEVT18w8",22,1405375,124826,734,10762,1
"B9nVxg3DqAM",20,1404166,42997,1246,9548,4
"5vhpgWQiujg",22,1404071,119665,724,12362,5
"Cgnk3MLw9TM",1,1402440,18023,1904,2518,5
"pKbWGhV0QbE",10,1402154,68944,226,5728,2
"kZS4lt0iCqo",24,1401479,4234,1797,261,1
"ZqHjwablcVQ",23,1401223,91745,471,8618,3
"Ocy24AQprYc",17,1401221,7879,360,1030,2
"vHZgnlZho50",10,1401186,48506,1095,1863,4
"f_EwmFh8cBE",23,1401110,14682,642,1975,2
"Jxc7SBL5TbE",17,1401037,9521,1323,809,1
"oYTl-Uxqubk",24,1399384,58756,1419,11965,3
"edYGTAYCYT4",24,1398941,60102,30672,29125,2
"oNpzeIdOtlk",25,1398540,7562,4313,8898,2
"wpyk2fr9aIc",23,1397999,84874,2666,2006,2
"YskVs5VyqHk",22,1397595,64074,685,3001,1
"AVuJhvHbrk0",24,1396095,8317,721,756,2
"wXbsQ0e2awY",24,1395512,33922,752,3594,2
"Z-E2Aacanfk",24,1394804,6294,765,1614,2
"GC321SaaOck",24,1394318,64948,1508,8943,3
"1Q9sv9OkQBk",26,1394118,45658,899,6582,4
"sbN6zthDv4s",24,1393767,30404,3218,1206,3
"p8VbYrryLO0",24,1393360,48560,1059,9488,2
"0-VAnh7r-_8",20,1392609,38471,2932,21316,2
"M45TNG_TCls",24,1392393,60231,1396,12582,2
"DNrNMg8_gEs",24,1392368,96919,757,6898,1
"_iGAptGAweo",23,1392214,59424,1458,4286,1
"0I5LAGCoSTk",10,1392161,6329,1242,547,2
"EOc5sMSsZu4",17,1391966,76280,1412,9669,2
"9yDNAc8YS9c",24,1391403,39844,1271,7685,3
"_ng0uIVyAPo",23,1391342,95637,6737,2083,2
"Tg9OdmUD9cE",17,1391260,13765,589,3128,1
"RECFTvCXhPk",24,1390875,25854,3284,0,4
"No35-c4zXjo",23,1390697,38962,3373,6150,3
"C7xDzYnst34",25,1389767,61375,1349,10361,3
"5Hif1aWsruY",19,1389308,21670,460,2905,2
"KqczsxGvDsQ",24,1389279,57903,1752,4964,3
"sjN-NGsRg9g",10,1389114,109424,626,8203,3
"CV39K_uHae8",24,1388800,17232,779,1605,2
"L-ixmHzXl3w",27,1388115,17378,6835,1517,1
"97Gh93Daio0",24,1387396,53481,1279,14074,3
"vGOL7ZvuGMc",24,1387381,49257,614,3226,5
"hpBm14B0fFQ",25,1387331,78293,5805,12972,1
"oobBudrItH0",24,1386956,37938,4400,6333,1
"EnoVbJTnUp8",24,1386828,10332,873,1750,1
"KTc7nOTPd44",43,1386464,5208,2644,1015,3
"7BcNeFmdkQw",26,1385228,97862,445,6030,2
"ucaBVcnEaUk",23,1384975,15955,543,1703,2
"VNKU4hSz3SU",10,1384908,52556,2429,5940,2
"xPxazpF-qpY",10,1384399,1518,1097,61,2
"HbYhXMY3VV8",25,1383902,54032,1376,7765,2
"6Rl7fQQRmtg",24,1383836,84765,8122,15181,3
"54vSt1L8nvw",24,1383687,83134,1139,12488,3
"LDs81lJTnTE",23,1382859,15806,587,1786,3
"xyVdZrL3Sbo",22,1382812,56063,2133,6020,3
"ncU5beK8kro",25,1382736,10203,1225,3898,1
"H5o0ldEJ-9c",28,1382539,64518,998,10335,4
"mewW_pRSgEc",23,1382432,16481,916,2497,2
"gFxuiqQzj0A",24,1382165,22544,514,2437,2
"Zh4c5IrllBg",1,1382057,65740,1198,6308,2
"4-C4fGNVhwg",24,1382024,24031,1528,15506,1
"QwSQSSM6OQY",28,1381845,83535,932,28939,3
"MmvpbLdaIRs",10,1380378,67383,1192,1323,2
"ZxD3o-9H1lY",25,1380021,41531,8480,39647,2
"fUTyUjYldqg",23,1379923,200911,10276,21028,1
"7Wl-OTlqT6Q",24,1378958,13579,2204,4382,2
"7V8MMpeJuzE",22,1378465,13574,974,2599,2
"B_3fYZmMxws",26,1378286,100956,864,5953,2
"gZ1XyZF8b6U",24,1377009,32001,1252,3927,2
"P3RYvmEmPo4",24,1376563,52264,1252,9040,4
"ogfYd705cRs",28,1375783,20953,2227,0,2
"iaoD6pfFuTo",23,1375715,14272,663,1602,1
"GVtvPzvSo7Q",25,1374811,71930,3367,9693,1
"gpwlBzralds",28,1374612,4596,602,3089,4
"u98kIvxGoa4",20,1374157,17801,3025,3837,1
"9oswQxCL6YU",24,1373739,10924,835,1782,1
"PUIxyLRnzDc",28,1372438,42973,1225,4247,2
"svDYnfQxWM8",24,1372224,8294,688,1819,3
"2Dpd_8n3A5U",22,1371901,159631,2463,12070,4
"zHe-iy-YK0g",10,1371701,18782,4635,2591,1
"PUcLigiWDvo",23,1371642,22335,998,991,3
"-9OfAHgdV8Y",23,1371506,18997,1185,2861,2
"Uki1czS3tRg",23,1371437,34311,945,2138,2
"NHrwcQQ38bA",17,1371374,40660,430,2009,4
"6WhWrN89rAs",24,1370804,13997,735,2787,3
"klJYCR-6FRw",24,1370718,57462,699,2802,2
"SQsPvrev_bQ",27,1369722,110218,1192,5761,4
"foTjlGz-u50",24,1368819,40540,1123,4079,3
"SG5al5UTolU",17,1367546,30024,866,1445,1
"ohXoXtxpOqg",27,1367475,5889,3278,2186,4
"YHuzOpltVeo",23,1367465,20138,595,3499,3
"kCkuuzDOKwE",23,1366351,17796,1149,1486,4
"zcQm-utrusw",24,1365985,13280,342,1003,2
"0fA2pmpnPcc",19,1365699,4886,1155,911,1
"sJF8qGCGavM",24,1365612,44622,2277,6374,4
"zhUmo88gzwg",24,1365468,2936,9231,1114,2
"q8DVS4HoOD8",26,1365459,78955,1110,8269,2
"NeaMJlnXa1E",1,1365422,55576,1923,2899,1
"YKkp4jZlIfQ",24,1364324,31806,2184,12458,3
"DUyMM90v3SA",23,1363942,73792,621,52697,3
"dlX6OoBSEEs",24,1363729,31889,1112,3585,2
"t9GNMVfEiG4",26,1362813,55149,2618,6310,4
"gS1DbvHHVH0",28,1362440,113382,923,19655,3
"nrI_Lpy6kzA",24,1361869,100796,1255,3514,1
"EdwvCOtC5RA",24,1361785,12240,540,2981,2
"BeRttRXHJVM",24,1361548,21397,764,2520,1
"ZzBaCyDXClc",25,1361142,62298,5046,6891,2
"OVYwirPwmgU",10,1360811,4973,1437,187,1
"QADvOpwK2Mk",26,1360726,14902,1569,1367,1
"VMmdeMzXKMI",15,1359677,37754,579,5784,2
"DT61L8hbbJ4",10,1359583,58743,629,7792,1
"BYF2tfdD1fA",1,1358606,7482,1052,1430,3
"_pJegu1P_yE",24,1358172,122187,4532,52706,1
"_4P9XjKt7qg",28,1357034,89552,1079,8040,4
"OH50Rv_GSSM",25,1356828,6456,837,403,2
"c6GMhmEp2Ws",24,1356214,79205,17140,17011,1
"2kvKTkM9OJE",23,1355686,120824,1207,4195,2
"c8bkGdeqwWw",17,1355333,27086,941,1305,2
"BN1O9l48WIk",23,1355305,101988,2003,13885,4
"T_FB-u7HoVc",24,1354670,5799,4724,2385,5
"__Wd-iOZQ6k",23,1354590,60899,799,3516,2
"xhybjeRciYg",28,1354278,58865,972,6342,2
"q-jZm-FUbqs",17,1354133,25722,1772,5663,2
"Pk_3z-z1kYU",24,1354057,6643,612,1704,3
"68FlVfm3wDc",25,1353672,52275,1020,7908,4
"zUzBfBqbSmc",10,1352379,106428,2564,9251,4
"yNupppmdRVo",26,1352003,17908,1053,1320,1
"QlY44reJJyU",24,1351871,121514,1550,5812,2
"CtBca6H6Teg",1,1351046,33596,496,4344,3
"I3YUYdZI8dI",24,1350674,3775,1090,468,1
"LN-m0Ci8MZ8",26,1349420,33753,838,921,3
"yuKHVYpx85E",24,1347964,10943,956,2252,1
"HVJ-9T0eUEE",10,1347495,33751,1092,1312,2
"KUUjtUP2CrE",10,1347476,30553,1252,2076,2
"H4BmrayJZWk",24,1347458,50351,763,1533,2
"VPSoNx1gyQ4",24,1345908,110844,1078,7783,4
"pCX-CobUvik",24,1345676,9072,648,1146,2
"EBeO6lI6MS8",22,1344737,47802,2515,6877,3
"MxJJ2LBI604",23,1344594,127568,792,9321,3
"tveidjMWHG8",10,1344481,57768,6075,10234,2
"y-gd8x7BYTo",23,1344130,14547,642,1626,1
"SmYzfEkeyW4",17,1343165,3675,422,1191,3
"UYQ61s7COHE",25,1342984,6465,1105,0,1
"ywgBBNR9OMo",22,1342767,12934,1290,2080,2
"dmY9PY_IoYY",10,1342680,17685,702,1810,4
"3mrev4uOh-0",26,1342583,10828,1283,668,1
"NgJDccWCERI",20,1342276,75114,1007,21676,3
"dRtqFjYYUY0",28,1342162,63057,858,5502,2
"pNFfUFwnpQ8",24,1341659,32128,2360,4836,3
"jGOlGq1ftdw",24,1340669,14125,701,391,1
"sBMOXHrXJtI",20,1340584,65720,660,13825,3
"YnSNZC2KROo",17,1340330,86607,1612,3049,2
"KYqDtHu6S24",10,1340282,27338,881,301,1
"tMG4vsg_qnQ",10,1340220,175239,15191,35496,1
"lo6BAFqGTJ0",17,1339949,3501,376,1704,3
"rtiwIkQYUko",24,1339782,33991,1335,4106,2
"cZ3KTpjTFNk",10,1339645,3197,1317,270,1
"2gDFUo4wm2M",22,1339275,2417,1469,2241,2
"crPzM9EK5Mc",23,1339062,94179,1070,1456,2
"ekwpkpLg3gQ",23,1338730,22026,1898,1289,3
"MFk-4UoPdmg",24,1337759,30387,1686,6010,1
"XKrV_JqZX1Q",23,1337261,18250,450,1083,3
"JbFNkF5mscM",10,1337125,29442,3556,1912,2
"ww2lWzwbnIg",10,1336833,34428,733,2268,5
"hWnH4EkyeWQ",17,1336734,5119,456,1651,2
"pE1Qk90pxE4",24,1335786,19613,733,1654,4
"giN_vioeg6g",23,1335646,16872,951,3082,4
"NgloGi5xEa8",24,1335245,40597,825,3147,3
"--7vNbh4UNA",25,1335225,60694,1576,10150,3
"BH6rttI6rCY",24,1335198,60922,2379,13516,4
"nwqGgR36MXc",25,1334958,63484,4081,8375,3
"ErUr4IIU-WI",25,1334674,1879,163,989,3
"JUi3psxB3QA",1,1334580,43367,2082,3690,1
"Un8b0JDw0Bc",24,1334211,17032,332,2309,3
"qdkDicI1Vp8",23,1334121,142964,5727,9313,1
"M6dc0fnNkfQ",24,1333316,8568,3076,3096,3
"QzfnWcHhdyQ",17,1332547,11898,1033,3678,2
"x7Ilf1mAZCk",22,1332234,110395,4952,9793,1
"NNwmF1HF4JY",22,1332152,5733,8904,4153,4
"GLTBZX2QQSs",15,1330157,42351,620,10986,2
"2Awv82MjNyg",25,1330057,25635,880,3325,2
"TWpt-ze_cYU",23,1329506,66170,608,66546,4
"k8UmX17DXWg",1,1329450,159938,1103,14270,4
"sfj3aX_ed7U",17,1329253,10006,620,7476,2
"oiC_HG3u-nk",25,1328518,8472,3657,6865,4
"Ah9mtoYrXfg",22,1328494,17780,235,775,3
"HhhWIeCp8Ks",1,1328118,51668,851,4604,3
"H2NHBjHNo_o",24,1327943,15106,931,1241,4
"Sl_F3Ip8dl8",10,1327342,15532,1571,3028,3
"ciiwjn8jyvU",24,1326593,42201,4912,9135,2
"9mwNVKxKu5k",26,1326581,11767,1066,742,1
"UMOnvV5Su-s",23,1326198,29052,1167,1198,2
"CCV1YVyEI74",26,1325541,11257,3307,3331,4
"tpDK8yiwZNA",23,1325148,18558,586,2421,1
"matdZFkS0TM",26,1324938,12139,1444,1514,1
"duXW_wPTw0o",26,1324807,91775,1020,3907,1
"7IXQREfdy88",10,1324483,61592,860,2756,3
"byLufx7Izfg",10,1324190,37364,881,1301,3
"9JBKuNrd5m8",24,1323878,35699,997,14187,2
"nHO50-7l-Vg",24,1323760,42128,723,2784,3
"iozi0XkOJG8",24,1323611,4193,445,1667,2
"fjSKDTLPmE8",22,1323115,38644,602,2203,3
"UvQ0tTS8CTo",27,1322968,8639,2041,7368,3
"IVkTqtsXWtQ",24,1322886,30409,1126,5368,4
"G4BxOhJOmUw",24,1322869,36043,873,3439,4
"k7kn2ZRyff0",23,1322090,79961,909,3996,4
"pCWH5OW9lDo",28,1322036,18254,863,3690,3
"srROr-M4OQ8",24,1321125,36708,396,2520,5
"F3T38_a0bN8",17,1320828,6177,506,924,1
"HBtwa1q_NNA",24,1320358,12442,722,954,4
"xh8Jp7QOEeQ",23,1319244,50780,9901,6014,3
"G3Fc_eOkM8M",26,1318836,80830,397,6655,3
"zvSKwwYYySY",23,1318556,89644,5572,3495,2
"faFQ0JvK5TA",23,1318513,65225,1719,9935,5
"5_NtyA1SiPw",23,1318051,82931,1635,1330,2
"JXxtU9v2cZI",23,1317255,70957,1668,5915,3
"DRn71PvaX_w",24,1317246,59701,1314,8621,3
"4L-BPQVZYXM",28,1317168,49163,1145,5796,2
"fDOQ1eAdF9o",24,1316876,35851,1098,6042,3
"05tyrZonnmw",1,1316058,45688,831,4690,2
"Nw-BMNnr1Ko",23,1315966,17258,1239,3162,2
"cxMvzK2OQTw",23,1315527,25054,8571,6564,5
"sTyOtjJyjsg",28,1315260,25168,4866,5842,2
"QytntXWJIe8",24,1315243,48340,540,0,1
"8BhSZde-Dbo",23,1315198,55195,1127,2057,2
"052YMpgom8g",23,1314990,79983,1319,1608,2
"MbutUC4aTHA",23,1314531,100877,1647,8812,3
"Mej6I6AWOhk",23,1314473,119509,3118,8592,3
"n-1QWWaRUZI",24,1314250,2136,144,557,2
"P6h_x-bMkCU",24,1312737,23435,1209,4589,4
"akdZ4ff4SVE",24,1312261,19146,3423,3217,5
"pjTj-_55WZ8",10,1311780,53502,618,1167,3
"ET2iZV2GqJg",24,1311772,18225,329,2346,2
"nznfjVF2JVg",23,1311337,33858,1075,9197,4
"sJuomOEUvDU",26,1311107,19190,952,1510,1
"tuBMDapQr3A",10,1310192,23233,1669,1367,3
"P3BMmJtbZUs",22,1309980,82211,4608,10434,3
"tcJOWmX-1WY",24,1309973,43289,1980,2177,2
"0yIWz1XEeyc",25,1309699,103755,4613,12143,1
"1UmJxbL8lFg",22,1309575,12862,1008,2006,2
"EDhIYaCL704",28,1309289,29586,1248,2629,4
"rSovRS_YU_o",1,1308884,40691,957,4879,4
"f1fXCRtSUWU",1,1308851,22340,908,1921,5
"4_jkeWgtZ18",25,1308817,131971,2260,14797,3
"M5mFxEFxWrM",23,1308615,23088,847,1421,1
"9g0vFf36UCQ",28,1308503,113391,1141,5920,1
"GWMKelv5Bmw",23,1308357,54165,1916,4281,2
"v_U7PajcFAU",28,1308338,125953,1003,5342,3
"gtORxS9YRik",24,1308156,11198,702,3251,2
"SRWS4MKAZZQ",17,1307720,718,387,929,2
"XLDjjQDHc8M",17,1307338,22331,342,931,4
"Bbot9-r1_sk",26,1307061,18545,1071,1170,1
"7Nkt8pMtBu4",20,1306897,85705,1689,6659,3
"sB_nEtZxPog",25,1306619,10677,494,0,4
"I4Q3YDezqcM",15,1306332,153424,887,21441,2
"VQ9aiUlZDiA",23,1306196,78138,1713,1688,2
"yjif7HoQCZM",17,1305501,94073,2920,3169,2
"ctIdov01l20",28,1305324,110513,868,5219,3
"_Ek_TugNKuc",24,1304680,9469,997,2033,1
"JAdXTqK06jg",1,1304398,36471,1180,7341,2
"PeYARbPHcvk",20,1304219,32166,3194,7601,4
"g3s0--LcgQw",22,1304152,68308,1655,5191,3
"rEdl2Uetpvo",26,1304114,89953,707,2393,3
"D_VS_rQ-vSw",23,1303802,53103,1033,3519,3
"sLZltzEako0",25,1303524,68692,3551,7559,2
"n0j_CX1S2es",17,1303180,40352,3048,8227,1
"HCO7BWbKipU",15,1302552,30479,866,5275,3
"GOiDjiE8haM",24,1300933,55606,1329,7076,7
"MBjVXkS-vuY",22,1300826,3333,490,494,1
"_FyNKmnsiuM",10,1300783,134156,1607,16138,2
"L75Y1UT4Tgc",26,1300526,13278,1386,912,1
"wloLgnGZxJk",24,1299461,47390,734,5867,2
"8EiDiriAmfk",23,1299309,83950,2386,4416,3
"fOoACcjSBu4",17,1299260,10300,1076,563,1
"yvawgYe1hkk",28,1298972,72461,1946,3223,3
"8EK-QMtHhMI",23,1298778,90979,887,58644,2
"VeHtqSl_gyQ",24,1298699,135646,2832,17230,3
"t3oULMth3Iw",25,1298468,4802,745,845,3
"ogHVbf3dEyk",25,1298242,13686,923,2719,2
"EUPlbO3Ub2I",22,1297651,28745,4836,2797,4
"b9i0tWSuSac",22,1297631,67062,6693,12497,1
"h_SHkEWo7UM",24,1297563,8096,1062,745,2
"LtvYXsuI0eU",23,1297548,15689,592,1385,2
"-eks8LG72uo",1,1297308,8960,1792,1540,2
"IDA-0AG0r3w",23,1296867,98135,555,2106,2
"Htu3va7yDMg",10,1296733,24475,1449,1743,4
"FgPjX5hDuPo",24,1295601,59286,1453,7022,1
"YlCSAMDDyU8",24,1295436,36833,703,5423,2
"4_MftEvuQTc",22,1295359,39594,514,1844,2
"CqGPOhMTsNM",17,1295301,3132,282,201,1
"lzIZY3QZJUA",24,1294908,2020,572,391,2
"bZ14WgtnkvI",24,1293896,51133,1195,8102,1
"mhgCxEMltpo",10,1293574,20276,669,605,1
"hFFn8K2O4po",23,1293497,16650,1000,2603,2
"I2lQ_gFO3I0",24,1293472,22139,1169,1691,1
"WskfvEBmW6I",24,1292521,74004,1337,6965,2
"CokPEQVqMbA",20,1291828,14089,4128,17903,3
"AoZFLCy-P-8",10,1291691,89928,3631,8587,1
"tNvmHLtqgtg",10,1291362,80324,1554,3202,4
"eOQpjvnm4ME",24,1291361,16081,1368,2877,1
"iPWIULW-joE",24,1291052,15842,812,1974,1
"-HX0Lpo2PF8",23,1290921,86247,2333,2842,2
"_ly1vzVHMsc",25,1290724,9569,651,3937,3
"n-H6zIeMiUs",27,1290471,17800,1410,6351,3
"J5zVwTyJg1k",17,1290375,27130,432,1183,4
"bQsLPQtS9f4",24,1290370,41662,733,6201,3
"3g5O-kT9m8k",28,1289899,51318,1359,4332,2
"iIWpwQBQnS0",25,1289562,58101,4647,10475,3
"XRpKXDyWPyQ",1,1289172,2996,1019,240,2
"WclDmFacc0c",10,1288940,4818,537,175,2
"PpHEXUeXMxc",24,1287879,13581,616,1526,2
"MJl0hVOAHcU",24,1287558,25328,574,2343,3
"wT7Th2XJTsA",1,1287199,8451,638,3338,1
"ReAM7JhiVT4",17,1287047,4771,3502,796,2
"54BVvP7zvDQ",24,1286401,25151,980,1885,2
"HPegJlGLE2I",17,1285934,17371,1688,7088,1
"WcjPlOmDtKw",26,1285754,81077,1443,7882,1
"Nsm8l89x2H4",27,1285558,18981,3097,2750,4
"7mz9UKbGyzo",26,1285506,69758,437,2967,4
"prmQgSpV3fA",10,1284915,55039,475,9622,4
"SH9fZcyl3ng",24,1284637,33686,414,773,5
"eTMQAKK1tNI",22,1284288,13386,418,1413,3
"t7FwkJWM3mw",22,1284097,56921,1878,4129,1
"uutnsezrTEQ",10,1283226,52262,879,1809,2
"bvh_H0LsXpk",23,1283073,68052,1882,31338,1
"LUzsOyWp9lw",24,1283032,37562,855,5132,3
"2_wrY5hVlA4",26,1282803,14999,1172,1110,2
"waGfs9s4_8M",23,1282005,21779,1002,6012,3
"S1cHyyZSYsE",22,1281533,94503,776,15732,2
"g6yvrPq669E",17,1281161,4730,225,586,1
"aoY0J5jSbTM",24,1281075,12849,198,620,4
"98pE29S5Gb4",22,1280783,113564,2898,16045,1
"kFoTtCM1Cc0",17,1280164,6788,1005,134,1
"SR9sjchWadI",24,1279985,30296,300,2069,4
"2oGjBA0OcO8",28,1279800,75010,1266,11658,1
"oTAIAE1qiNQ",17,1279340,79145,1695,7032,3
"dEazp7ujljM",23,1279339,31454,609,4525,3
"VmQNo8xtcAg",20,1279271,49000,897,9361,2
"CBjJkO2V9gY",10,1278214,112489,2226,14279,3
"UzAMTqZYFWE",24,1277609,11922,627,140,5
"YA9DiShszX8",24,1277417,46568,2453,3968,2
"6FYXWS2AFcM",22,1277161,10534,978,1815,2
"Mjm5Djv3jt4",22,1276327,4238,742,899,1
"0PrUr3bQdwM",28,1276224,53334,2208,6231,2
"i7FgneNlM14",17,1276082,446,677,857,2
"Op6JIx4MAGw",24,1275553,6014,767,6157,4
"jEtTDPkjoFc",24,1275537,43760,653,3982,2
"2y9pr9kRMzw",23,1273750,28521,316,4113,3
"veVTSPvthY0",22,1273356,12130,625,1124,1
"9g0acseU0Hw",24,1272471,5353,965,584,1
"KMpbEaE6Uks",23,1272406,4637,1445,601,5
"0RcPgREYN5k",17,1271844,4814,501,2102,1
"d_uCwD394A8",24,1271839,7783,2201,2014,3
"2In9cSRgH6U",24,1271775,6641,986,1021,1
"6dIjeUB51-s",29,1271329,150396,49832,21541,1
"5g7SFnNuDU8",23,1271287,29493,2080,1857,3
"Bo390IrSIT8",28,1271257,77312,658,40087,3
"2UftqB7dinM",23,1270920,98494,732,9061,4
"_E0eli9kcFg",28,1270498,71502,917,5298,3
"xl3HhY2BTuU",17,1270477,12058,620,6865,1
"PFQxVPtKlGU",23,1270217,82635,2085,1643,2
"O5ROSS9ReUY",1,1269933,44031,665,2039,2
"DJtFMuf5n_k",22,1269867,59151,10484,15052,2
"Wd_idMpg_qQ",10,1269768,99560,1662,13697,2
"KB4_WIPE7vo",28,1269190,88336,1932,12709,2
"XfAHQOZghZ4",28,1269078,83032,1094,4148,2
"ldwTG-JhtZQ",24,1268994,8516,719,836,1
"476ji-mhUhg",23,1268908,90333,829,1591,2
"AebsJPV2ZYM",10,1268644,5540,254,222,3
"lddDvegXlRY",22,1268346,10565,337,2603,3
"tEmodtG8NV0",26,1267850,72128,2858,8151,2
"Z50JwfCYD9A",25,1267457,7578,1090,538,1
"5JgguNlVzkc",23,1266895,21883,681,2889,2
"xnfd7iaPmnA",17,1266537,32823,595,1351,2
"CWAX-tiepMo",1,1266211,47497,2704,20281,3
"qKePvjYJAY8",28,1266065,20300,577,2006,3
"RGNAAQbdJm0",24,1265854,22735,938,774,3
"JUs83XDgaaY",24,1265298,71819,45511,10824,1
"3Gysq0XV-IA",24,1265177,32968,695,7817,2
"ES-s9KQrUTY",28,1265037,75101,1878,6120,3
"16a1LttU5qc",26,1264525,57908,1282,4801,3
"-sirmGcKme4",10,1263789,113979,4307,7537,1
"kEec9_Z5dXw",23,1263566,79060,817,1595,2
"B-gjdNdhg_A",24,1263554,14692,2406,5500,2
"BqD0umu1mRA",29,1263320,132892,22193,31106,1
"vuWcljJLFAQ",23,1263296,13235,509,1128,2
"z1FfOwjlqxU",17,1263292,8547,1132,3017,3
"hRF9Y6AfGx0",24,1262793,27768,1775,8063,2
"_qArcuh9L-I",24,1262663,7565,664,6297,3
"_kjA-I2V0bE",24,1262284,40380,756,2478,3
"gagc6UL2Q-I",23,1262274,15524,614,1505,2
"1tsaO3GQkLA",25,1262140,11104,1523,1382,4
"F5v7omlha5w",24,1262021,13373,881,5166,2
"ipP3INRkzKo",24,1261709,14318,2153,2271,1
"qaB7lOS1RWo",24,1260570,7342,361,886,2
"giWhhm8q2oM",24,1260400,69542,1954,9732,1
"ooWd_9OAAUg",24,1260388,15072,3101,2184,5
"ZE4SfJg_dhc",24,1260014,44163,832,4471,3
"CgjAN_wgmiI",17,1259902,3199,498,5163,3
"IPAGixTQCg4",24,1259416,9194,822,1751,1
"6uGQ_ypTw08",10,1259215,65400,1258,4896,2
"kbybR0UGUZY",10,1259178,24067,961,1351,2
"52JxzhFjKQU",1,1259102,104808,693,15073,3
"6N5V_7_n1uI",28,1258964,34351,1284,2329,2
"UE2ZlZikJ34",24,1258962,43764,707,4360,2
"AkCLxl3MzNA",27,1258811,49273,869,8444,3
"ankXS-bCrgQ",24,1258600,49662,1215,5831,4
"wW5-QYmoCgU",15,1258403,37605,626,5851,3
"xHljr_VuTJQ",23,1258267,31416,395,1419,3
"zMQmCXyTUIU",24,1258238,11474,770,842,2
"LxoGNkLpgZk",10,1258116,75258,6685,9272,2
"gb6MP-LZ9iw",24,1257743,16913,194,457,3
"TgA2y-Bgi3c",24,1257354,25617,1065,3257,2
"6LDAzkhII-g",23,1257098,80528,1864,1717,2
"XWtJDG-Cdgw",10,1256300,76102,2682,5155,2
"67LFrXVIA00",10,1256074,52163,1355,5854,3
"jCtml_r7c9Y",23,1255987,61942,779,3221,2
"A3rwwoAR3z4",25,1255338,56277,1392,10967,3
"OdyepkGhQ34",25,1255313,26025,759,6207,3
"ZWAkzvL5Ho4",24,1254522,22171,5667,4192,2
"GnGPAYvve1A",24,1253843,47073,123424,88066,4
"2eHxj4WyIhI",22,1253470,14120,1095,3281,2
"wx_UwEtPegs",24,1251856,12512,451,1319,3
"S7KmEuTmxBc",23,1251772,72606,456,3256,2
"zs34ko3ZF7s",23,1251642,15794,371,1862,1
"lrWRy9BBp-c",24,1251611,42261,2782,9764,1
"OZO9obKSEmU",22,1251450,35668,1234,1389,3
"R-g_BpFetuU",23,1251148,46258,781,3532,3
"M3oZaBpEq7E",24,1250836,62441,2090,8399,3
"7nKZt8uz9ZM",24,1250500,6290,84,586,2
"nCj-RiS8LXU",10,1250222,19061,2343,674,2
"ZpV04-pOVUw",28,1249805,65499,799,15843,3
"is7F-n5xiXg",23,1249420,17410,700,2120,1
"HGq1qyfyXdg",24,1249402,20921,3346,1165,1
"9epWWy9eMN0",23,1248249,21771,885,860,3
"DaAp7p3ZkIs",24,1247786,9186,718,3868,4
"_yD3yLlHRr0",25,1247563,50817,1243,6575,2
"RxM55DNS9CE",26,1247119,42282,912,2403,3
"s8p_brCVNOA",20,1246673,42380,589,9900,1
"duCd0Gy-k14",17,1246408,7301,571,1025,1
"GCFjz-151ro",23,1246342,45476,3930,2671,2
"woEvRmx2TK0",17,1245951,5549,565,522,1
"Ej9hjQvaPAk",26,1245893,63739,769,3377,2
"VVAAD8OIjCo",22,1245679,63512,2555,25636,1
"gcW0LYGi1Ew",24,1245352,6555,799,4162,1
"WJ6F9NG2UWo",24,1245334,25732,945,2819,2
"iA5u80nS1PQ",23,1245064,37740,1399,3696,3
"0XARMt12oFk",25,1244659,5998,1600,3733,2
"qjg5AQMYI2o",23,1244250,85104,1042,4119,2
"Is3S-6hHQLk",1,1244231,23459,1566,1724,1
"0_Ay0zBns1w",10,1242895,5388,279,274,3
"meWP-7MAqis",28,1242854,47423,722,5555,2
"5Itq5lWfOVk",22,1242599,3586,3892,2960,5
"9qmcyucT6y4",23,1242249,18731,544,1983,2
"ksjWPxFPsos",23,1242209,71684,1239,33639,1
"2vPw8QbzFTo",23,1241757,20076,772,3300,2
"QJgvhFKsouw",24,1241243,13932,321,1219,1
"P-2r8XEuCII",23,1240782,106176,2371,8832,2
"CT-orZzuN2A",24,1240745,24222,351,818,2
"qCRhteWhEtQ",17,1240199,6552,521,1044,1
"CzCfd0eaWoA",26,1239500,85638,1024,7844,3
"tRahwapNIno",24,1238333,12189,1803,1220,1
"t0mXOsUkY8w",10,1238300,38059,977,2498,3
"OBM5De3GSks",10,1238209,12943,495,192,3
"mfReTpBQkc8",28,1238122,30213,1474,4393,2
"iqasK72b6cY",24,1238018,49970,612,3848,1
"KROef3M9gjk",23,1237816,74795,2656,3733,2
"Ehox9NY79JE",23,1237757,61592,4093,20355,1
"ffbyaX9Ymt8",24,1237298,26604,964,6532,3
"F9ryLRmaBEM",10,1237072,26947,534,701,1
"nN6lEzvsnFE",28,1236811,112469,1405,4435,3
"ShZ978fBl6Y",10,1236331,94876,608,4078,1
"w68kHdbUp_0",24,1235848,6053,821,1597,2
"X2ICKlbv0OU",23,1234931,134880,1903,5480,2
"8KgiaRPxRnQ",20,1234695,48622,1718,12794,3
"nYZPbJe1dt8",24,1234219,4847,969,2931,4
"iRsvs4qTaNg",17,1233781,62974,678,7894,2
"YPR8K4TQ88M",24,1233755,8823,268,156,3
"WFYRkzznsc0",25,1233698,11433,440,2135,4
"LhbdBcDCd-U",24,1233596,16528,3856,2667,1
"i67S0wJXgzA",1,1232584,18923,568,2323,3
"u_xiYaiBRfI",1,1231785,78759,1013,21320,2
"lTBP1FdnhBU",2,1231767,23716,1054,5876,2
"GvYr8H4eUDI",17,1231688,34221,1523,5095,1
"npeCDLsyJwE",22,1231331,46547,567,6193,1
"muZIRQZLDWk",24,1231149,22180,1431,4552,2
"x_JFDbM5Uyg",22,1230717,127943,726,31752,1
"BlLFR5LlfnQ",23,1230605,44246,1010,4491,2
"NtfDv01NuOk",24,1230548,10786,666,859,1
"y05LR8KHW5M",17,1230529,55246,1062,6267,1
"GJ5GBUpLCZE",22,1230195,25368,412,1178,3
"xIvaQ1Hv2Ug",28,1229543,51540,1621,6355,1
"gbRijjvIeyk",2,1229538,51014,805,0,2
"Xgul9j82HEs",23,1229430,21674,772,1155,3
"mR6bqwsLkh4",1,1229105,2481,1298,281,1
"sW5HaEsnuMI",28,1228537,27302,1442,2459,4
"VLU8dDtVk5E",24,1227681,7142,633,1933,2
"5lgxy7qYx2E",26,1227473,18384,1353,2305,2
"yN0O8UaTnRA",24,1227084,27132,908,1651,1
"U1MzkfRLveA",23,1226994,13073,643,1581,2
"9DUfFHaUpxg",22,1226985,35641,402,2069,3
"-On3F-kycVE",20,1226904,16996,984,2443,2
"zfeN12n3fxk",26,1226234,44635,2815,4082,2
"r1l3cYVRlnc",26,1225982,14626,1324,1882,1
"GnQY4YMGUtI",24,1225851,4180,763,863,2
"1sl5KJ69qiA",24,1225452,72284,1812,13238,2
"_GFAd2O_kg8",1,1225230,14969,418,525,4
"jYv3rsW3NA4",24,1224966,23036,516,3011,2
"3xa5dHCzJzI",23,1224786,18745,432,3257,3
"CfgxmHtNeEo",24,1224346,9685,387,985,2
"goIXAFdlcUw",26,1224175,69553,723,6813,2
"ALP173iFPFM",24,1224058,91658,428,12378,1
"du2glBYfpNA",24,1223790,40901,585,7406,2
"eIEB9vdpgpQ",24,1222437,9312,465,0,4
"HqXKEgTYZBQ",25,1222270,44795,1760,8417,4
"ZdQfxWRhnVY",24,1221439,9549,326,310,3
"4KQwNOexZIM",10,1221372,71235,2674,8374,3
"5GBgWKgczGI",24,1221292,56600,618,3520,2
"AaWn4VP37SU",23,1221180,26393,1424,1692,2
"S3VZxB_iNoA",17,1221083,15198,799,7201,2
"D1E0F6hAO9I",20,1220181,51605,593,1418,2
"7MG9Z9sVROQ",25,1218952,4017,338,665,4
"WgBYtfh20Ko",24,1218894,19174,1116,8875,3
"ffmgY22YNUk",24,1218818,5002,3150,1413,5
"ndzranqrJro",23,1217773,46933,2675,3585,2
"CNlKYoE7b-k",17,1216665,5103,406,1321,3
"9u4oyarcc4I",20,1216518,39854,8015,19093,2
"42ZE4DCJkEo",24,1216509,44259,960,7170,3
"hSvnepZS26s",24,1216164,31731,658,3171,4
"nsjPEcRq_0c",24,1215790,70398,1021,4420,4
"tynT8gBA6bc",10,1215750,4799,621,198,3
"HFGzgtMyOZY",17,1215713,60509,2297,6888,2
"jmDDMSlyuC0",24,1215537,6470,825,611,1
"3RABxXpQ-gw",17,1215527,82374,1766,4056,2
"66Y44OxufVM",10,1215475,18646,697,419,2
"VbbOoYR-5z4",27,1215451,4281,2512,1636,4
"fj99wU_xsC4",26,1215256,17016,1480,1312,1
"bvNonoGTjgw",24,1214765,11087,946,537,3
"dMNHW4IAOd0",10,1214236,32227,609,2024,2
"CwjhxtBmQys",23,1213307,38482,301,3222,4
"K86Dw486cO4",24,1213017,0,0,2399,3
"KhA5FCf2r7U",19,1212842,7052,932,858,3
"Abd36FIy6sM",24,1212574,7438,721,2636,1
"LJuYzh3UDGo",24,1212277,30747,846,5476,3
"XOt2eciCy_o",24,1211918,23882,634,3298,1
"3ymJlfxU_dc",20,1211713,11671,6303,4811,2
"Pymm6cmE9uQ",24,1211300,18631,448,2836,2
"gRYcx0u9y-Y",10,1210833,7477,306,294,4
"yJqsPBWbtjk",24,1210780,26983,4893,11088,4
"s3tz_mNg6NQ",10,1210608,42311,3842,3417,2
"gNXTu6T20n8",10,1210512,28583,1546,6056,1
"JITdovKgKaw",23,1210363,8685,715,505,2
"fEjag-a7TyU",17,1210184,10652,548,754,5
"bV3V84dPQgo",10,1209721,33020,1370,5123,3
"KVJLID7awYM",17,1209323,16993,621,1523,1
"Xx1wnRxktPc",24,1208228,6093,797,1065,3
"qD2yyikDcDw",24,1208030,27083,5848,3089,2
"CP6aYDssDSE",19,1208026,26267,1570,4786,3
"675huVVM_10",23,1207361,84541,962,17241,2
"EaDrjjXBB60",24,1207050,37522,640,6341,3
"p5qIyL6pG8Y",10,1207013,29827,240,458,1
"lb0Ymam2Za0",23,1206939,76553,1828,51916,2
"Nrj9Zhek8Oo",26,1206737,11480,607,731,4
"OJfOsoUYPts",28,1206662,47066,1895,8290,2
"YnvDkC4Myw0",23,1206342,15123,671,2123,2
"jGLgh5w7lM4",17,1206083,77041,1401,6419,2
"og3aFSeEm94",22,1205799,49574,2013,6165,2
"fHbyaR2kcQU",1,1204767,29780,548,3647,4
"0lr497GhD04",24,1204717,49138,812,4903,1
"gG4UcZlc3ko",26,1204610,74746,828,18868,2
"PHcXyTP34DQ",22,1204192,42508,446,7414,3
"-IuqwJiuuj0",24,1204074,10003,578,2020,2
"OdNqWcUdm6I",26,1203743,77809,485,5260,4
"ylIkRLOF9gI",24,1203412,0,0,3151,1
"emxgoM0pjMQ",1,1203277,5410,419,940,3
"EMELKZhM2-g",1,1203096,35779,546,3175,2
"R5BHSurBfgc",1,1202338,45457,744,5127,4
"vVkTvlUzZEE",23,1202280,24250,747,5665,5
"eA6uLMsl9w0",24,1202235,34913,302,2415,3
"P0g1xIb1w8k",1,1202073,14661,301,567,2
"P27gqTyrhpI",24,1201873,12350,2983,6015,3
"DkWSCfB2CHU",24,1201851,2084,680,134,1
"datRG-RokSU",25,1201662,76987,2095,15945,3
"anDIlMVgNwk",28,1201579,5623,69,387,1
"qZnge-xDI2o",22,1201552,15798,1086,2504,1
"YdU-OjLck1o",24,1201116,5676,958,2234,1
"d6K8s_hVEeA",22,1200878,7862,1268,378,4
"AFe7ZCUocwM",24,1200654,38071,1768,8150,3
"WmYqDI0HF4I",28,1200574,74678,1037,3373,2
"lZmPZ9pUzLM",20,1200550,37632,1385,31009,3
"2WUX1Gajy5s",17,1199553,10684,607,2830,3
"MypYkJI_BFU",1,1199360,10756,673,1410,1
"MQCbYju-GXQ",10,1199288,9989,580,1583,4
"ill2cgCyTUc",22,1199218,54940,892,5809,2
"V2fw7u1epLg",28,1199142,118160,2033,16670,1
"_7QuvSK-A5E",26,1198254,66958,853,5772,2
"mlJGtSg5oRw",22,1197489,49850,885,3459,1
"om-_yJaSW_Y",26,1197269,0,0,0,3
"fOhB5JyEkOQ",24,1197223,29654,1753,2395,4
"fg5S3cFwzKI",2,1197198,27969,925,7990,3
"4yNHILuiGgY",17,1196196,94161,1163,5375,2
"ytsHyHD_vWs",10,1196094,26838,2719,1859,1
"kYof3i0vKPs",23,1195210,83099,2855,2789,2
"1RZYOeQeIXE",24,1195009,27935,446,965,2
"BG7EdPwkUxQ",24,1194233,8121,491,228,2
"SXku5U0X0YE",20,1194157,72723,488,13777,4
"6nSmHzOV5Gw",17,1193170,7005,191,676,2
"IH6pbj6Ebec",23,1193008,18413,942,1014,3
"8d_202l55LU",25,1192532,5707,126649,23426,2
"Vfq0rJaNswA",23,1191644,20955,793,891,2
"j3ul42jqnq0",17,1191277,69355,3382,21458,2
"fdbNq-4c6Uk",23,1191236,41627,1216,2851,2
"mMtjGYdJOps",22,1190830,44235,888,1853,3
"4csQhMHvQWk",24,1190755,23255,558,1110,3
"LjNhW2mR1lM",24,1189445,34609,821,2030,3
"TBIkJSpqcFs",2,1189436,28592,1077,7675,2
"kQjkL0Ed4JA",24,1189193,18401,377,625,4
"Gv1xjf8BUrY",23,1188996,73132,1053,9350,2
"8SkCDP0muso",17,1188783,4411,596,367,1
"LDVXOo_HXKU",17,1188326,25951,1115,2263,1
"ZBi1BHdAuIQ",20,1188240,48410,2065,9165,3
"II-OP6vdMs8",22,1187467,17062,25278,9336,4
"bfArLcysAIc",28,1187405,90230,1137,3804,2
"Oapebl0bADA",10,1187128,75762,871,4106,3
"A5-8y0DgTC0",15,1186837,39090,543,9281,3
"-pqOUQvUl5g",24,1186645,13833,1853,6710,2
"ELGBKi1rf1w",24,1186300,32235,974,2246,3
"h_SjAcQeU1A",28,1186167,12525,1257,3270,2
"FH7wH9doJ9Q",24,1185721,40246,770,7777,2
"yO9snUMvRuU",10,1184777,113406,920,6543,2
"GcbsIv3QdFs",22,1183697,53691,4532,8216,4
"bpgmXsqpy98",22,1183685,22728,499,1283,1
"Gc_BnMrFhPc",22,1183659,49506,1117,4594,3
"1dmNlsZhTUQ",22,1183601,5844,175,556,3
"akA_Z9Xmnvc",24,1183492,39167,436,3000,2
"gXlAUr2MWDY",20,1183166,11917,217,1006,5
"p4Hj4CcNp1U",24,1183140,9430,870,1649,1
"JezE6iZUWxo",1,1182920,0,0,3040,2
"0mkRgPGncn0",22,1182546,4782,171,1723,5
"oqvGFqR2h4w",23,1182336,15208,649,2264,1
"hUrBKFG9Ilw",23,1181458,52318,1193,27389,2
"PAQjrGGhoUA",24,1180803,19956,706,1587,3
"tf9kZt-OyS0",23,1180029,22846,914,950,4
"K_yddF7QnfQ",24,1179896,12930,324,678,1
"JlCBt9tYNtA",23,1179167,135476,1473,9232,1
"Sbl4nCcO0qo",1,1179146,28435,760,4443,2
"vGM1ParaRO8",24,1178853,37460,306,1074,4
"4mDVbYL3KMk",1,1178754,14592,1071,6253,2
"fT0xEelCd-I",26,1178697,9666,1301,1843,4
"xCY9B8POq3A",24,1178570,101147,763,4871,5
"KKoOIyhJwA4",24,1178419,46549,222,2977,2
"Z7Q_FBRgqq0",23,1177611,6509,1391,3220,3
"B2UneoHtedM",24,1177596,22483,3912,7549,4
"40xG4bMr9F4",10,1177559,91337,791,7937,2
"FkiQ67FtycI",23,1177321,121814,1923,19302,1
"KJdyYAEUnjg",23,1177044,96718,2104,2574,2
"njfl_bwFBoI",23,1176916,23383,530,1238,4
"YdOcH42JI48",24,1176724,13562,661,876,3
"bZ0GCqLIZAc",28,1176379,77898,1244,4410,2
"q3kigqP_j1k",28,1175368,68640,885,20757,3
"T74N6yjBrHM",24,1175225,8677,1058,1297,2
"YeweE5_8ozU",1,1175153,84400,518,7932,1
"SGcf28JmJMo",24,1175010,11586,674,1373,1
"jnQ4V-wajLY",10,1173674,59933,815,3136,3
"x7vpEa1OzhQ",25,1173592,53299,5814,17167,1
"Wk6Z7HLpx8s",25,1173096,7132,901,3392,3
"m93CVxQIevM",24,1172990,4444,1203,3286,5
"oHSpDsMudcE",23,1172711,16615,1730,903,3
"sGIgbvXRHb8",24,1172691,5817,1388,1057,2
"VJJ90qpzark",25,1172057,54044,8709,6374,3
"1Xgm5R4eMao",24,1171824,11522,2608,4324,2
"BHjMdLi_2Ts",23,1171564,21116,447,2630,2
"04RHKZUprwc",23,1171327,47516,707,4215,2
"5WBIrw8LFMg",23,1171185,35110,1611,1935,1
"hj0dL7wwT2U",24,1170985,9291,1327,1566,2
"NbJvPrd-Pq8",24,1170960,86824,1297,7324,2
"nBfJVvqNoJ0",24,1170894,9827,792,1548,1
"vetECANafvs",24,1170888,15726,280,1621,3
"jtHM8yGVCTc",24,1170705,115478,1657,11699,1
"x9VNkFNpGyY",24,1170491,36870,381,2895,2
"W6E_Pjayhl8",24,1170258,16125,437,1311,1
"cxfIeFEaTHc",25,1169826,7610,1559,5606,3
"IUK6jpWf6Wo",24,1169490,7728,541,7282,2
"SaXyXntLSFQ",24,1168729,80838,460,6954,4
"4oqvNR1o3Zo",24,1168643,22102,3849,3859,3
"w2D-ZOloy4o",17,1168514,58674,1332,3673,2
"x2KAYep8FwI",24,1168487,24878,788,3465,3
"Jl8Xpe7afrc",23,1167768,42610,250,5371,1
"WjORQit3eNk",17,1167113,21997,854,1149,1
"PWLSAbf1cA4",23,1166839,29299,442,5456,4
"DH28TyyPoTg",24,1166784,59024,1181,7638,1
"yCmyZcBnC2M",25,1166591,1296,410,1409,1
"21OBrDQHhMU",17,1166378,16078,3700,12155,1
"6PQHL8CPPjw",25,1165625,6912,1017,1307,2
"UiaqBdzCcBA",28,1165499,45228,2618,7659,1
"-Q6Mm6YkAKw",1,1165478,31806,619,4137,2
"SLGKFJLLcMo",24,1165336,15134,1118,1319,1
"lUvdhttpaWA",26,1165323,17651,1548,1482,2
"I6N-XuYllgA",24,1165229,57834,729,3040,2
"9sFNGLPtxkA",10,1165189,70195,746,7150,2
"BzEPpQKNod4",24,1165097,57265,1178,6859,4
"-kxPDAiuijo",23,1164909,37087,416,3664,3
"5vfQJrkREsY",26,1164238,12540,1092,939,1
"EE6D8hs2wRk",24,1164234,5634,591,701,1
"p9zR0rWA2Sk",17,1163819,3726,375,354,1
"4DAReGP9qWg",26,1163598,85724,869,95789,2
"RdMWIgZIPD8",1,1163333,0,0,0,2
"AT3-vZJMLwI",23,1163253,101029,1431,3558,4
"bVRDsA6Q1Mo",24,1163186,39603,539,5138,2
"OTkBi5wX1QM",23,1162685,43610,1101,3385,3
"atLL2Yzi3bg",24,1162487,40552,562,1976,2
"WCWOGblEoTg",24,1162130,7148,525,921,2
"_bQmgkmY-7g",17,1162089,4876,334,945,1
"y5SxNJSGDTw",10,1161784,38745,2841,2493,2
"zViKDlOzK0s",24,1161355,57785,1972,17805,1
"EaZxpmhbguE",24,1161286,14458,931,2606,1
"EbbL8NhdTQE",1,1161150,21679,8556,2015,3
"hQkQlRYqvtg",1,1161106,27544,834,942,2
"6dnvftor5Sc",23,1160998,81390,2423,1380,2
"i9TPm-YSfGE",26,1160963,52466,1083,4163,4
"r5N1OFwqFKU",24,1160753,14083,567,1823,1
"arH8YfO-H2Y",24,1160639,78633,29378,31253,1
"tGMk5Y_puFE",24,1160207,43551,796,6229,2
"8h5niaw2mAM",10,1159968,31478,704,903,3
"LXDAu8DnALw",24,1159690,53363,279,2910,3
"FruVZvtByH0",17,1159234,8620,172,1460,2
"vIxs3A0y47c",24,1159052,13256,891,2637,5
"wjoeVwJTUTA",24,1159003,41620,357,3772,4
"f_0duM9EQx8",24,1158972,37783,748,3947,2
"kJzSzGbfc0k",27,1158545,43467,1559,4220,3
"ykWm_2kZuhU",23,1158350,60365,944,2659,3
"17YKCATN2ZU",23,1157849,97119,1631,1641,2
"AhXaER53CHQ",24,1157029,65315,592,4625,2
"svDLPOpmc2g",10,1156633,34080,2240,1620,2
"MHHMunmgq5U",24,1156498,8386,709,1359,1
"XwxDjllQKlA",23,1156150,42901,994,2974,3
"kce9FMxx-04",24,1156135,16391,5240,6275,3
"hvFbmImsCc4",28,1155899,40052,815,5399,2
"xad8Ll28wZ4",24,1154976,7646,553,2523,3
"vFKQ7GflRkk",23,1154733,76079,1376,5387,2
"_h0WPboYHfU",24,1154481,6918,1041,1785,2
"-yx0bTPVob0",25,1154390,22698,10420,9876,3
"bSl9PfRX7WY",28,1153392,45439,1781,4883,2
"85GSILNh6U4",24,1153006,35467,197,2307,3
"8BQqX3bUqtY",10,1152923,55876,1030,2125,3
"pV0Mns1yV9E",25,1152616,13237,530,858,2
"mto2mNFbrps",1,1152151,5683,635,533,5
"DIEPU3DwdrY",23,1152115,20478,918,852,2
"02Q4RAS09Mg",24,1151534,11293,462,957,1
"vJ5DaMdqlIM",24,1150293,14442,295,2164,4
"uiub1DnUnkg",17,1150143,20262,498,4208,1
"7KPcfdbVTic",24,1150062,14545,383,1566,4
"VpuhTIGVY0c",17,1149942,4024,681,3027,3
"NKin_i1pcFA",2,1149806,26711,838,7167,2
"NTb2Cpd6ktE",15,1148382,34140,388,5234,2
"KCCbbvAKxoc",25,1148200,7498,1131,4740,4
"7VX090Fi63E",2,1148053,63211,980,29574,2
"tyhBmsLC-JY",23,1147171,16311,388,1524,1
"kcSmQef9-xE",17,1146663,10128,463,3230,1
"8nqnu5E_y58",26,1146653,16320,1274,1365,2
"qkNlfMC1lzE",28,1146262,59660,1961,5047,1
"SPYzQplG_YI",22,1146190,52410,569,3176,2
"3tjHS7JRB4c",23,1145830,23915,590,5034,3
"fPpTWEIoRZs",1,1145464,28656,1070,3704,1
"soVF3K_AAKY",17,1144859,12215,497,1709,1
"5CG-AXOAYko",10,1144581,22897,1275,751,2
"R_O5x0LNksM",24,1144377,18862,519,1348,3
"YZkreAsDRco",17,1144366,8167,524,3719,1
"mpjREfvZiDs",28,1144263,48259,1109,6132,2
"Pqfs9Ksn4CI",28,1143941,70806,687,4954,2
"lWHZKP6xXHU",1,1143737,55273,1246,4437,3
"fpAopipfdAs",10,1143464,26910,1390,2652,3
"eT4shwU4Yc4",23,1142978,54689,2385,4117,1
"VXvblzAs6vM",24,1142509,54186,1265,8619,5
"CWlHQhOeBtk",22,1141946,1961,757,116,2
"sZs4NDC4yrI",28,1141235,52016,2345,7042,2
"X6waHtSgCTc",24,1140616,16459,1442,1139,4
"alIyLX9LUhU",26,1140411,77154,1034,10511,1
"P62zQv5JNCI",24,1140130,30328,4405,16582,2
"hndSZXjmJmA",24,1139756,14380,485,1227,1
"2TCHVvJ73kM",24,1139703,23840,2027,5454,2
"fhQaawlJPIo",10,1139234,28435,1288,1170,1
"Lqwj5bACKbU",22,1138832,56382,876,3805,2
"trWLY6NrS2Q",1,1138670,51064,1058,4369,3
"Nee5bxJi_tA",17,1138592,8059,467,3144,1
"H7gh2fmdjCU",10,1138510,64107,484,3168,2
"ajJC_TQvDig",26,1138338,13651,1674,1598,1
"M79o2UejYKo",26,1138231,63902,1034,7620,2
"SuFMMvrf4ao",24,1137299,34092,2054,6416,4
"njHxApeeonY",24,1137294,15262,581,1038,3
"qS6LoRYUdhw",28,1137277,44392,682,3949,5
"-q6Jel-jtQE",24,1137234,11352,3079,4073,1
"0EWpmVbC3zI",23,1137189,75429,2742,1712,3
"z_g7JHlVqMs",26,1136993,54415,1541,3991,2
"CnMQzyc8tVg",22,1136235,47778,1049,3316,4
"YQfjhZ1pAYI",24,1136174,2870,505,1192,1
"FAxyubWnO2c",24,1136152,1853,1048,193,1
"hjEHKvB77oU",26,1135978,9523,785,835,1
"grlIDrv3JsE",24,1135912,13599,345,1610,4
"iMVBObh8hDM",24,1134566,104098,1882,3873,4
"2-e3RYWr758",24,1134018,12765,632,1415,1
"WVyvjF7Lr3s",22,1133337,28524,211,1308,3
"WSEaxpfRpgg",26,1133172,42872,676,7734,3
"aPQ3re69eLk",23,1132663,97031,997,3628,2
"sxEWVT2NlQc",22,1132467,6293,926,278,1
"c0DHCtEIBGU",17,1132338,62693,575,9193,2
"jPMJtUpiTIQ",10,1132163,60794,842,5143,2
"KbERf2OdbxA",22,1132088,47221,3430,8025,2
"mQdBJGlnQYs",24,1131991,40867,567,2260,1
"uQv9_nn4BMI",28,1131729,74221,633,27650,3
"fV6oZmYG6fA",26,1131487,63816,1810,7299,3
"dbn2OvD8DdQ",10,1131257,130376,3350,26608,4
"D-IkMEDaNQY",24,1131153,21530,1256,2722,3
"Jts0uiY03iY",17,1131052,9276,495,3432,2
"7-cp_xLrHzk",22,1130986,38314,858,2526,4
"FPDiXd-VIlA",1,1130791,11640,626,932,2
"EsaHiIdsKpE",24,1130738,13948,2893,1865,1
"aZdkR_WhA5Q",23,1130583,42018,1782,1744,2
"NiZ1CTMGGUI",23,1130543,9858,1585,1299,3
"fLS5Ey5r9D0",17,1130416,4434,397,1616,2
"p8t4HQWwDxk",24,1129965,29473,1021,1829,2
"02GLW30OeLc",24,1129476,17163,767,1225,1
"-RUbNqpwOt8",24,1128702,36287,1768,3424,1
"eyhovIu-l6g",24,1128450,8598,871,1337,1
"oFBuCp19L7M",24,1127965,18949,437,1648,2
"btxciF35Qnk",24,1127610,14989,800,1414,1
"KtA3Wp8eNgA",24,1127588,47801,1141,2560,2
"i31kP_hMGDc",26,1127557,10990,1045,609,1
"cLBHUIuJq2I",24,1127522,14950,433,988,2
"es2yfGy5RPA",22,1127163,3541,743,202,3
"hjf-h6NMj7U",10,1126906,62524,454,1835,3
"EqeIRzY7hIU",28,1126575,22810,1161,4704,3
"aV4Nli38vDU",23,1126546,65549,1846,20920,2
"8cxfxujQI2s",28,1126304,74577,777,22314,2
"lRkTgVynmbM",23,1125783,101271,1687,5460,2
"BqfT9dkrN0s",20,1125570,43615,331,6506,2
"Hi2tjMLVpdQ",28,1124458,104369,1454,8284,1
"0ITH-HBy1iA",25,1124240,8483,585,1107,1
"jFdf5P13wRo",24,1123684,66170,15352,14583,1
"9Dmcbd293K0",24,1123531,34146,743,3540,3
"2c9fXDI2EYE",23,1123139,22986,513,1254,1
"20DPgRoyQn0",22,1122925,13025,1115,1501,1
"-gG3Sa0ReEk",17,1122914,17262,508,2629,2
"WV-IXl_fUxQ",43,1122821,7839,1268,982,2
"Eh5eWMn9mJM",24,1122108,41480,495,9422,3
"QmmoQVcGlhc",17,1121655,3614,229,856,1
"eNodpWx3U6E",17,1121408,14437,590,1888,1
"Kbg777rhMrA",24,1121261,6736,334,945,1
"DhUzMgWTpgA",24,1121129,8261,706,1449,1
"D0ot1ERZEtE",25,1121046,3223,875,1242,2
"O2N9RhlVSoI",23,1121036,145622,1509,8593,1
"9gIOOxlV0Ys",17,1120572,9089,625,4056,3
"sUb0tAW4CHc",22,1119857,10926,1468,4911,2
"i9h3OYyrX3o",24,1119826,6884,831,674,3
"sm9u0_9ejO0",17,1118920,4496,244,887,1
"0AGMg91t4sE",24,1118657,14662,620,0,2
"JGo_a82jfj8",24,1118179,34665,2242,12392,1
"Lxet1zLBTM8",28,1117997,50950,760,5525,1
"BOZngVYS04s",23,1117573,59830,441,27486,3
"lLK9BBXCAEw",17,1117397,4628,209,2982,2
"pOzMKakMpTU",10,1117077,67021,651,2735,3
"ux4RNzeHAoQ",23,1116748,40856,2109,1894,1
"Wcyh7izJdT8",10,1116446,3741,417,1106,1
"lhDiV9rd2Sg",10,1115607,35092,936,1959,3
"doAq2FutWYA",10,1115523,5049,285,284,3
"2Pa9P4jSrxY",24,1115408,29695,257,982,4
"FVxzk7t13HM",17,1114865,9570,393,2172,2
"HL6ECWZ8G1s",27,1114832,34759,1046,5357,3
"dNY5YGRkNqs",24,1114647,54988,1819,16210,1
"MeJ1xi0XS7E",24,1114262,27264,1285,1327,1
"_iRBspjg2pw",24,1113890,36539,1328,2267,1
"rdFXddVsUuQ",28,1113747,45238,2610,5757,2
"3g6p7UGUvww",1,1113746,21002,1278,1544,1
"3xPZOu1zLrU",24,1113253,42862,1567,1304,2
"aDT1-EQYsos",25,1113061,4208,789,616,2
"zUelEgXDHa8",23,1112888,71827,582,36544,3
"DQM3_oNOmRE",26,1112416,10475,880,1152,1
"s12qaVEyW14",24,1112002,43121,1836,7955,4
"IM1oxebrsp4",28,1111831,24613,903,3694,4
"Gm5PDsS5CcE",24,1111724,42030,495,5979,2
"YHunOXsxoag",24,1111671,44162,616,4617,2
"dDAlGl_8f9U",1,1111583,26748,808,3704,4
"BFdIK20wHb0",22,1111386,46114,3976,5970,4
"OQjXyK3I0b8",24,1111159,3512,4657,1761,5
"JZT8R1pkNW4",23,1110979,172079,1613,10802,1
"DwSpuLujhkE",17,1110923,6504,660,4363,2
"7QdkyR5pJsQ",17,1110653,4420,570,4111,1
"EdRmaKHqYJY",23,1110350,34075,644,2145,3
"Ab5aV-wekP0",10,1110229,46418,637,1813,4
"aRdJ0T-vEno",22,1109421,43772,1218,2527,1
"zPm37aLju4Y",27,1109334,50361,510,11191,3
"sv_0kbkbK0k",22,1109199,12237,1239,2522,2
"TU-Z4uPnFeg",23,1109098,57003,1890,3292,2
"ZsKXq8AQTZE",24,1108747,25181,346,1037,3
"24HzdTs2QX8",17,1108714,6559,365,2349,1
"UZEU5czmucI",24,1108460,18682,776,0,3
"aBL027wEtg8",10,1108364,0,0,5063,4
"8tbQHHso0oY",17,1107916,1807,269,1545,1
"RHUxyXZBXY8",10,1107378,46994,1621,4611,3
"tGUmbFFKvtU",24,1107117,6363,593,3703,4
"KORTP545vAc",25,1107039,15600,626,101,2
"AWU3_jyEStk",24,1106847,78837,1973,9269,4
"zWrMvW7S3tg",23,1106696,84104,4004,10506,2
"_jlVhEs75Fo",1,1106464,65739,909,3365,1
"oe8qARzTxgI",20,1106340,56734,383,4641,1
"uMJiVqREr_M",43,1106260,4016,2359,763,2
"W86CyDBrDjE",24,1105742,25186,6602,6291,2
"OGfOmbzinc0",28,1105691,32380,690,2906,2
"gjQ1Brofle8",24,1105631,4443,678,4294,4
"5rBKx74DcJQ",24,1105588,33264,368,4336,3
"7tSGV1GoWxE",23,1105265,84462,1174,9840,4
"eEDZuFw34YM",28,1104884,28302,914,2034,3
"VsDUv3Bu5l8",24,1104669,7697,717,1297,1
"nJtAxj9A_sk",23,1104552,172040,1033,15262,1
"Hzk1bM2vVFU",22,1104272,75756,627,5354,5
"nh9QUpwNxsg",24,1104089,27790,1239,4438,3
"xXf2ct7C2fQ",24,1103929,18834,2668,5615,5
"dOiI0yChkiI",2,1103919,1563,64,254,2
"7P56QEcFUuE",28,1103402,38767,1122,5742,2
"ryYx7vvF6vo",10,1103177,9216,1449,1096,1
"YVdnWeL5qsY",25,1101410,4060,1733,7782,1
"kUlOrqb01Hw",25,1101278,3454,2205,9724,3
"ZTFTngOG2bg",23,1100290,67397,606,2905,3
"46TiqS5SSQw",17,1100175,6142,643,298,1
"Y5M1i3UzkjI",24,1099755,7277,869,1255,4
"iJL9p4QaN8I",26,1099660,21365,812,911,5
"BFWI0GQZA14",22,1099494,37282,2023,3204,2
"DMxHLIUTlCc",23,1099323,80621,1535,5845,3
"nc99ccSXST0",28,1099318,26813,1047,3827,2
"d1G_ghn6d_Q",24,1099304,4099,1915,823,1
"jjCP_khIxLM",24,1099221,18713,450,1180,1
"A5TPOKoE1_M",22,1099126,58223,2511,4763,2
"0qpE8IHz3go",24,1099012,33315,906,3038,3
"QAOOaaN0L3Y",26,1098986,65006,648,5087,2
"zcg58MB04GI",23,1098749,13450,531,1008,3
"Nph19CWqk6I",10,1097389,3153,884,237,2
"QaDdPtHOL40",23,1097304,39250,1293,3387,2
"0jSxvjT6Ec0",28,1097240,28950,691,4184,1
"BHh3LG6vWxY",24,1096605,32868,1848,10321,3
"-SY-aeSplco",23,1096040,25270,690,1268,3
"h2wczdO-f-w",17,1095317,5654,934,285,1
"TJOQYnumxDM",22,1094913,55404,1199,4269,3
"4P0Tcp4uXdk",22,1094578,43547,2962,5726,2
"bNuSXqpycIk",24,1094085,39105,680,4897,2
"137EH-5jNLI",23,1094072,19599,310,806,1
"qUSmCQ4gUjo",24,1093954,5990,543,298,2
"3tXhfPLtE6o",22,1093900,43171,2160,2489,1
"-Z67r6Ub6cY",23,1093874,75639,1834,4713,1
"xHYnFJ3l5jw",25,1093676,46073,1112,8369,1
"xXWxHLj73YY",24,1093401,11011,1084,7150,4
"IIPGgPCXvgU",10,1093137,42019,3615,5962,3
"WGFMEODGWrY",28,1093007,58238,1518,17194,3
"kMR3klOh7WU",23,1092990,18134,2663,1199,3
"ZOBvRs4btvE",10,1092539,27133,2189,2106,2
"Bsn_GkpU5DQ",24,1092016,58231,1162,13496,1
"Ab7wBY666vY",10,1091927,31593,845,2063,3
"e12k-7c57d4",20,1091481,41907,762,9539,2
"KEFLv6o8ATU",23,1091437,119383,1951,8455,1
"JIKBpQ7q_E4",17,1091129,1470,1751,2090,4
"3Ywm4oJtu34",23,1090927,64800,519,5002,2
"aqoPG-fYcXs",24,1090802,59779,63531,21129,1
"hdoLeKGoSjw",23,1090529,30807,1017,11227,3
"w3HpeLVHIzI",28,1090048,6351,512,104,1
"4wAu7KaMYPg",10,1089844,54862,1332,4218,3
"TQG7m1BFeRc",28,1089685,44154,1399,4654,2
"s403m3x8zuM",25,1089054,53800,2058,13913,2
"WuTFI5qftCE",20,1088925,90341,632,4634,2
"6s69BECAH9w",24,1088861,7040,1242,2373,1
"JvoCIahJZ6s",24,1088743,55908,1629,14960,1
"JMXCmK5PARw",24,1088547,62098,1732,201,1
"FnAx2bLICOo",17,1088374,12332,1492,1410,4
"xX8OJLaGlgA",24,1087983,78123,1557,4192,1
"91kNfnKnR6s",23,1087483,94804,1607,7228,2
"hJutCJDDWLQ",22,1087167,83904,299,6940,1
"4CGBSGEkbKA",24,1086906,6543,1980,2248,3
"Z_kfM-BmVzQ",22,1086403,21190,232,1634,2
"X6VRraRK6UI",17,1085480,5158,546,190,1
"BDJRxNkzjQc",28,1085437,84336,648,25585,3
"uxQecWTLkbU",20,1085073,10457,533,24,1
"BtXaK70gSeg",24,1084974,5400,576,1743,4
"JLt6sEE8rdQ",1,1084816,32815,781,4454,3
"GXG0tmJQeSs",10,1084191,2060,757,30,2
"4D2mz2saxus",17,1083694,6096,269,1742,1
"8KascilkK7M",24,1083453,10073,286,577,3
"IZr4OMSHz58",22,1082333,10295,835,1579,2
"V8-JfSXPDp0",24,1082166,16995,2424,3518,3
"NzxNSF_yS0A",22,1082138,16490,301,1145,1
"K3WXjoo2cjE",23,1082077,81223,2886,1917,1
"l1ZawWcya0Q",24,1081664,34202,245,806,1
"tI-UH0pchNo",24,1081472,29497,950,5037,3
"Of9oaK1eeWw",17,1081376,65128,792,6853,2
"NjhAKnorBYE",24,1081139,124884,1905,2640,1
"yD-baFKSIOs",24,1081065,4014,2852,1043,1
"rzwYrLX7ask",28,1080333,81301,1363,4402,3
"bV3s-mWHovk",22,1080300,40732,937,2147,2
"YkmD7NSQcjM",24,1079936,34271,392,8488,3
"StVc9S6NYV8",17,1079722,9451,782,2394,1
"IxoLTgI0_F4",1,1079476,4668,707,329,2
"yIB53GK0rKY",20,1079260,88844,1147,8098,1
"8kFnLQySIzU",24,1079240,16421,1326,1770,2
"p_WjntaMORQ",25,1078850,13558,516,917,2
"hDgNN3bsg9U",23,1078754,87148,1205,2452,1
"Zg14Vl4PvO0",26,1078549,60967,555,5688,2
"OdUryRvNmgs",22,1078139,59460,873,5614,1
"eP33TkuI9vI",10,1078058,22453,1362,2760,3
"KNCpnxz6Hzc",22,1077659,33332,1045,2502,1
"3qACNO8WWHc",10,1076087,28809,992,1402,1
"eof_S4W9q7c",24,1075989,6177,543,1290,1
"eXcwJ3EDahw",24,1075870,54600,1089,5628,1
"LkxacKSty3o",17,1075566,9729,636,4232,1
"0vKkwJwL77Y",1,1075224,30158,1348,3872,2
"CDtQ3rai9Ks",23,1074483,42340,3543,3062,3
"lQUK2P7Lzxk",28,1074426,2090,1581,817,2
"UJtVhPkIE28",23,1074191,30048,248,1327,2
"QGmIkreNmQ4",10,1073869,63948,356,1672,1
"jR1GlpPVewg",22,1073575,29125,307,1240,1
"7jNOiYlerIw",28,1073485,29937,776,2616,2
"PlSwgM4PTNI",25,1073366,60189,2232,11194,1
"FQLloRtlTGg",24,1073198,6394,820,1037,1
"QDr9YTkFNO4",1,1073187,60972,1337,11759,2
"UwItKU4CxMQ",24,1072982,56452,1329,11021,1
"94k6kEVGZzg",24,1072860,62599,877,6656,2
"ZzefeQ0v5wg",28,1072782,40791,984,3821,2
"1KhsG2t6jvk",25,1072739,46576,1247,7186,1
"8XiqrERZo_8",10,1072653,19065,759,0,4
"07tFOl-9Av4",10,1072603,76296,2994,8964,1
"URNICaB0VuE",23,1071899,66881,3343,2639,2
"8OOAYbWHnjY",24,1071556,4867,519,541,1
"gNvNMWiMxUE",23,1071424,58977,860,23195,3
"syAXXLxO8tw",1,1071403,52140,968,1743,4
"mNyqZ05SKso",23,1071255,102977,1137,15279,2
"91dCMceBGkg",10,1071142,28805,745,1827,3
"xzqQC5GWMCE",24,1071030,5438,539,1416,1
"9dSxRSbEZd4",1,1070885,33232,1649,2509,1
"ir-_cm0BaWc",15,1070692,36503,462,6408,2
"bV5YNCsY66Y",25,1070493,23528,911,4663,1
"ri1Cc3Yz09U",1,1070469,2732,105,229,1
"WM_RWCsw5K4",26,1070152,10487,790,567,1
"ly-umdSmy64",24,1069495,31315,472,3362,1
"lTQlbULOrCg",28,1069416,19475,1303,441,2
"DjTarIkoR7g",24,1068728,51117,2440,3113,1
"Pxztm19boq8",17,1068715,10947,2185,348,1
"39NGsvWkQWk",20,1068305,46091,416,1637,3
"ToQloh3us1E",23,1068079,39360,811,2269,2
"cFeDbPWPyJM",17,1067402,26157,1331,0,1
"lMy7ldSoeko",25,1067113,0,0,1684,1
"S-IxZMzg6XY",17,1066785,27007,2858,5272,1
"BeSbC4YzaFE",20,1066609,50961,565,2581,1
"HysgiQT5_eI",17,1066181,9619,364,2076,4
"1nEU4SiLN7o",22,1065550,27563,698,1409,4
"XBgbBrxj2to",17,1065339,47699,596,6744,3
"aqw1BxL2-Ik",24,1065309,59293,1160,10696,1
"wEly6oy3skY",25,1065249,56609,3671,12387,1
"wW4JB9tjlik",24,1065072,27476,6837,4442,3
"WMm8IkkkPEI",17,1064420,10403,2421,2277,1
"Dsvs0JUVKk8",26,1064047,9734,1005,560,1
"6zeHWtDUJsw",28,1064009,110994,1190,3226,2
"u1bFFal3lvU",1,1063945,4999,240,2361,3
"elxWcmlklJw",24,1063877,22165,500,2398,3
"JuC3d9Gs1k8",17,1063381,4019,807,2375,1
"NUoSKOMwFfw",24,1063321,11291,673,3072,1
"u_Wkf6DMyE0",23,1063131,62214,1279,1061,2
"FjsQkOt553Q",28,1062676,39853,1136,5025,2
"fgcuP4-vbMU",10,1062272,2263,774,45,1
"UiCyXpDsk5M",1,1062138,31640,2512,6154,3
"OPta1DBLD90",15,1061853,24494,704,6201,2
"U1RASlbIIVc",28,1060926,36406,1104,4631,2
"5bZ2yW9bDr4",24,1060809,12472,354,1155,1
"Z8zSpyZSFIU",1,1060584,6276,955,1797,3
"r3Mbn0lbDjE",24,1060572,40283,500,6469,2
"8t3lBDqyazo",24,1060447,27198,192,772,1
"K_ShPJMiX9Q",23,1060215,23631,261,3618,1
"AshvBTw5Z84",24,1060104,53060,646,2941,1
"Pez3-8fFmqY",24,1059577,16962,997,1029,2
"IDuEc9MGfJk",1,1059547,52232,791,3789,1
"1TkdY7-ywis",24,1059506,3269,679,3949,5
"qmxMAdV6s4U",24,1059377,2426,49,144,2
"WK2GLY2ltWE",23,1058247,3822,204,239,4
"Eoyk_JEHxUQ",10,1058120,93314,1998,5948,2
"1kIbRwNopWw",2,1057637,24056,1012,8677,2
"44fjX-rgJ7s",24,1057384,36299,269,2148,4
"S1O4kia_Iog",25,1056821,21624,472,2069,1
"r3yduJ2B-4Y",24,1056735,44186,503,6602,2
"D7wmMZmMinM",28,1056616,42275,858,4353,1
"NJ7M01jV058",28,1056518,36146,1280,5134,3
"izIyhdEHSPo",10,1056406,87170,927,5734,2
"W8Br9J3_5cs",24,1056397,10426,1019,5009,3
"oRexsyztGS0",24,1056278,21630,1278,3570,3
"wx-M8sxcOp8",17,1056220,8709,509,4358,1
"QwUq8xM_8bY",24,1055777,45900,648,4711,3
"41xo8QEKDd4",10,1055224,34704,732,1396,5
"mMttiIQyOJ8",10,1054970,24397,1517,1040,1
"_fVUX6-7VKE",25,1054965,6422,1108,3505,2
"bZjlz_GqvPQ",24,1054359,37125,1144,5239,2
"jUiP543q35k",24,1054338,14953,538,1511,3
"mbq3Vuox3GE",24,1053879,32214,458,1534,2
"wsaq1qsnbG4",10,1053161,92811,1158,7477,2
"EQ68hkHgYfo",20,1053159,46680,335,13428,3
"q9NpdN7r3O4",24,1053093,30657,815,4005,2
"ek_aZC4KIQM",2,1052441,25146,952,7169,2
"xUIrq8ZNqSU",24,1052337,13815,395,1056,1
"3r5zFfUaSz0",24,1052192,14146,933,5561,3
"IRDMInkkw7U",10,1051908,65325,2919,3367,2
"oK6k9O65QAs",22,1051535,2270,922,506,1
"_woEe0_wolY",10,1051522,8333,993,508,1
"Hw8k0dW3Drk",10,1051377,82168,1436,4231,1
"P0tFjpzDqx0",1,1050955,29657,753,2959,2
"enH3xA4mYcY",1,1050899,6418,208,362,4
"kYzdzv7Q23s",20,1050677,52514,518,11725,2
"CdxHwWpB3qw",22,1050642,5776,669,1714,2
"W16tAWU4hdM",24,1049923,12405,445,902,1
"DAlj6xXR5nw",24,1049846,9923,247,1301,2
"X-hJuLntZr4",20,1049460,22029,755,10642,2
"NtccSFkAhrM",10,1049457,49987,1683,3472,2
"UCZVSr2Xt2k",24,1049407,48211,370,2225,3
"KXHrCBkIxQQ",24,1048792,7546,1230,1652,5
"Qa3sH2ipDKs",17,1048786,4287,376,2630,1
"46KwY26PeOs",23,1048751,42976,972,2775,2
"ZPbQollU8TM",24,1048657,7903,661,1579,1
"Q5Su1S4ZVoI",22,1048402,14012,283,1385,3
"WIk9n4R7u_M",23,1048245,70952,1709,2218,1
"UQ4SCka30rU",20,1048240,45948,411,23837,3
"1zXOcXnD8XU",10,1048067,54600,661,3248,1
"JRocY48P0qA",2,1048064,22176,1167,7345,2
"THCVReSmm90",24,1047886,20855,374,1082,1
"ai97evC20kc",22,1047609,49431,1898,7445,3
"vlfNxeRn-PI",22,1047156,56141,308,4281,2
"S2ybZK59uPg",24,1047058,49527,1424,9807,1
"8KfxGwZo-kM",23,1046158,11883,459,1483,3
"pW-mfHHWNkc",22,1045983,32983,1213,1258,2
"Rz2SNm8VguE",20,1045722,57699,240,6378,2
"Ucflj-MsJBI",25,1045582,1285,66,546,3
"Gs4QG1pHBlU",17,1045206,6498,992,1077,1
"nt9J_PynaOM",28,1044828,55386,1032,4184,2
"htoGNwxGmO8",25,1044760,43859,1513,12831,1
"PtZZQGMsHo8",23,1044478,51764,2418,2897,1
"ccgIXa7TIkc",24,1044042,9071,1597,2368,4
"ZjB6DPEO7AU",26,1044012,8786,712,805,2
"xpck4IdClZg",22,1043687,20673,649,936,3
"YmzKSlpy7X4",24,1043282,5869,440,684,1
"v7wTWuaHG58",26,1043214,10024,782,645,1
"xffS8n-M0Jg",23,1042804,96641,1211,7581,1
"VLxl1UeuwHY",19,1042788,21911,1006,4979,3
"IAp9ZZj3x5g",20,1042316,56697,1250,9608,4
"2LEixrBtqFc",23,1041754,63660,3917,2100,2
"RkztSs228oo",25,1041555,9179,692,1662,1
"zS_mEefVGcY",1,1041532,32135,599,3283,3
"JOZzku2SrzQ",23,1041510,131128,1173,9333,1
"86nGuZavf40",23,1041473,28878,330,4179,3
"C5UXFQG4CHs",24,1041370,11600,2044,3504,1
"s1pvzUVcxDI",20,1040785,34365,506,57466,1
"1DwEaKDqXE4",17,1040361,19518,957,2648,3
"gNXoxfeyzmI",23,1040072,93844,1342,9199,3
"o3VS0V6qi2o",1,1039977,8754,334,1082,2
"e5oIiZoyOGo",24,1039698,8547,568,1245,1
"zauQhWWpa0s",24,1039046,8000,681,2045,1
"8NdvDmzoyZc",20,1039012,89116,4851,0,2
"Pic_ayMVI-I",24,1038976,4297,341,2196,1
"zCp-kE9sqxw",2,1038736,31869,951,9032,2
"MCurklVW3Ws",17,1038656,31066,240,957,2
"RtjSIWxgqDo",24,1038435,24846,546,3033,4
"SysqCTEsq7Y",20,1038168,47470,772,4017,2
"i-LCORFB860",19,1037561,716,117,223,2
"fqtm0Zolt78",10,1037399,7807,434,987,2
"UbtGFrUpri4",20,1037253,51034,482,7435,1
"gaJMEgf31c4",22,1037120,34971,583,1538,2
"D6Jxzu5-J-k",23,1037092,55085,2207,1554,2
"PV6I-_HVmCk",24,1036779,19717,566,4440,1
"XU69_u7eXa0",28,1036745,48994,1146,3926,2
"VQhjbCxOxdo",10,1036724,51611,679,2501,4
"LuRVffwKlNk",24,1036132,4496,610,3796,5
"xKdQOhBRbNc",23,1036063,86452,832,8780,5
"Qrl3bU1-vvE",29,1035923,0,0,1380,2
"JkmyO6vtY_8",22,1035806,7584,849,5079,2
"7lR7RWiQY68",15,1035661,8692,1840,844,1
"MZx1MY7yDuo",23,1035491,55174,2400,2370,1
"ytsZFYMGl0w",22,1035381,25233,598,2412,1
"43hsIO_Jxtg",24,1035004,15079,188,1084,3
"Pr6NYAceIXY",22,1034927,5094,581,754,1
"n9XbA_RJzVA",24,1034615,6481,1620,1338,1
"vICJMS2PrHc",26,1034421,41844,1080,3658,4
"HH2bS7-9Nu4",25,1034413,51290,854,6887,1
"Al-NNStoXAM",24,1034185,34017,600,3850,3
"MjSZs_uOWxg",23,1034175,20497,881,1144,1
"ZxOmJfCEgoc",1,1034137,49289,1044,14000,1
"LjUXm0Zy_dk",10,1034083,108132,777,10984,1
"uf-VkvBoN4k",23,1033988,9919,10939,7905,1
"7L3ID5dX71c",22,1033632,9040,643,3623,1
"HQu8yBRX8QU",26,1033619,17411,1182,1480,1
"41QTrSsLuok",24,1033508,7269,1014,1373,1
"9ynR5n97qCI",10,1033344,32842,825,1078,1
"af6L1jBZGYA",23,1033247,13792,795,1173,3
"OCs9fgS88xM",24,1033221,78463,918,10305,1
"LZ5S95GUtiI",25,1032512,46300,1238,8295,1
"QfJjH4oZDTA",2,1032472,24414,1113,11226,2
"6nuiH-gzmIM",26,1031908,20805,1383,1819,4
"4QDDxmtbUsw",24,1031566,40447,266,3322,2
"FSX5rlsPAK4",25,1031344,2556,790,201,2
"P6CtZ1cI5fA",24,1031230,17508,936,1616,3
"5qxqo2CQakA",23,1030918,29428,6882,3672,2
"muhb_a2tvtw",26,1030542,16799,1303,3964,3
"kuerMygfIOw",22,1030305,38495,1480,2266,2
"HbT6r9zNMZM",17,1030129,3276,367,1507,1
"4J6mVUxAMH8",10,1030120,4311,437,364,1
"_hwP7p8jlI4",24,1030025,32256,861,2701,3
"fL30bWrGrfE",28,1029854,70407,1101,7048,1
"NZ0ImXT1FZk",15,1029765,38479,723,6635,2
"3EDA1bBAViY",17,1029711,2355,251,612,1
"2U_0OlCizx0",24,1029554,34806,580,4093,2
"Fe6MSMj5lOE",27,1029044,22081,1944,7455,3
"EmUaWk5HBSI",24,1028987,45680,4325,3613,1
"ZOKwg48mm3c",22,1028900,5456,741,909,3
"f-Uqzp1AVDM",20,1028872,37341,284,5105,2
"pXpfGJpmhNI",23,1028835,52828,1005,34123,3
"z3I5zALKHs8",22,1028074,5559,269,685,1
"idoomo6p9Bc",1,1028035,10191,819,449,2
"xhs8tf1v__w",24,1028015,38766,383,2900,3
"5hQ1muZG62o",24,1027888,41620,1045,4480,3
"nNqop_MjFaM",23,1027888,110984,610,8048,2
"AF2O4l1JprI",28,1027210,34500,2570,5544,2
"rFC2IX1-4qs",24,1027056,33521,594,4289,2
"6iStSmHR9Fs",17,1027004,4460,539,387,1
"mnLIPjYS__o",23,1026811,8205,259,567,2
"nqX0y-hME-E",23,1026664,101018,613,6598,2
"3SfZKkrwCIA",26,1026357,51668,1155,11275,2
"Yr4wI2CCNcQ",24,1026190,49456,841,6017,3
"w77zPAtVTuI",24,1026043,28834,256,1691,1
"5zM86BPYB4E",22,1025920,2979,320,764,1
"pW_Z67R53XA",23,1025468,49536,1321,1761,3
"rAlZRFZTwxM",24,1025461,36843,594,1964,2
"95kU0jbB4e4",24,1025460,81080,2640,32517,1
"4ntayig5JD8",28,1025326,29448,2474,3717,1
"b-ShNqtj8Yw",24,1025278,14065,593,1825,1
"DENH5my-Big",28,1024651,79280,686,38757,2
"BmJUu5GqdpE",24,1024599,9112,900,1804,1
"K-Ehg6xT6fc",10,1024381,70489,1313,3693,1
"9_zxdTHPh04",23,1024305,21675,336,3139,3
"DaC213XfL2A",20,1023926,21649,1200,1013,1
"yqJPavtUKFs",22,1023582,46150,466,3954,3
"AhRWyFQdNho",22,1023462,28213,549,2234,2
"fYybt6w1IUw",26,1022511,13583,981,1007,1
"krb33hB7pJ0",20,1022053,58611,2709,9474,1
"THzHh3RVsAY",23,1021692,130186,1231,10000,3
"0uEEklVBlxc",23,1021651,41105,1482,18538,3
"y0hAcM3Q2cs",17,1021184,11158,456,6176,1
"QvcNVvtsnoY",17,1021010,48809,861,2559,3
"bnfwClgheF0",28,1020443,18649,426,2105,2
"KFox8gJtnjg",24,1019776,34821,2598,5697,2
"DpAFgTXDR9M",24,1018415,13741,448,1156,1
"hU_oxkN9wsw",17,1018300,27029,346,1263,3
"M92CFI-mO2s",23,1018150,28258,889,4036,3
"X-eRc9PF3TU",24,1018145,24666,575,746,2
"TSrUU8wEQFw",24,1017701,12710,456,2361,1
"JM2ssSyX7Eg",24,1017503,4195,3220,1027,2
"FiETLgxkQu8",24,1017275,5331,1245,2475,4
"HdusPnywwPI",26,1017193,49035,1192,5938,1
"m0KWvm7Rshg",10,1016791,16472,430,566,3
"ctBVhyZxXYY",24,1016525,7972,1351,1625,4
"A2uVxQG3HXE",24,1016504,19676,533,0,2
"RzPk6VHPeDY",22,1016440,39118,1457,5997,2
"F7sd1I1JQT4",17,1015833,4021,351,2173,1
"_fh64GbFSw4",10,1015575,4090,366,230,3
"qZ1vOS1cnME",22,1015218,14529,1211,5084,2
"KaVN7gs7PFE",23,1015057,14222,1089,757,3
"7bmSj7Q8Ldk",24,1015055,43838,433,5654,1
"aswtMEpn1a0",24,1015017,13515,781,5418,1
"QyHLk8H3qu8",25,1014994,47375,1533,16480,1
"lob8UarRQss",24,1014891,8647,795,3375,2
"QbDuBTWrU-o",28,1014674,74889,1172,16121,3
"hNrSNrEVpkQ",28,1014468,36852,1090,2402,1
"QaeX6cF0LzA",17,1013499,2614,295,790,3
"OtL1fEEtLaA",22,1012990,23710,1052,7850,2
"dn_aaxZIA2o",24,1012683,47406,490,3983,3
"DkiyT-dnmv8",24,1012470,34540,270,2375,3
"4lm75v4Ndlg",24,1012417,42714,501,3478,3
"YSksKgBGoUI",28,1012391,68772,1188,13388,3
"TRZPLiLl9HY",17,1012191,7769,362,1528,1
"snHeQ6k5Esc",22,1011959,53128,432,3237,2
"IEDrrOXbgTQ",17,1011803,10940,865,1132,1
"R1TSiB9OuVM",10,1011769,55434,567,3095,2
"28nGxT1gsuo",17,1011504,15732,508,2883,1
"bjJcC1PRG5w",24,1011493,4794,633,1532,1
"ouWuzQb9vNg",20,1011250,34279,1816,9161,2
"jDmXDp6bwAA",24,1011217,65799,2871,3710,3
"FHFCl1vlZWM",1,1010777,29573,888,4167,2
"7b3II_N32Pk",23,1010703,27640,223,1731,1
"2FmJMIhWqmQ",24,1010257,20644,814,5990,2
"VlmCWPFOvh4",22,1009931,17168,828,888,2
"6-kzXHIUAFA",27,1009781,26547,1266,8528,2
"QAaMCgrgE0s",17,1008771,3714,431,2522,1
"eo1FbTO65es",17,1008625,3486,744,2691,1
"TwYvJ91OPjM",25,1008600,4397,1382,766,3
"1_AYOIv97xA",24,1008503,5127,615,956,1
"8YVA1i_vxC4",28,1008212,26355,683,2680,3
"A4EKZRlpcIM",28,1008091,58932,1360,8409,2
"i_EOm9uRnSs",23,1007685,24196,369,4914,2
"9JtYr0tiONc",24,1007575,10772,331,768,2
"5Y-5vrFEmdY",10,1006967,40035,2873,5884,2
"iSt_jbT6rak",23,1006907,51164,598,2911,2
"hXKyEy8-1EE",25,1006767,45462,976,4510,1
"8iFGgfJiLsg",10,1006016,37125,413,2502,2
"qXXNMDJc3kU",24,1005762,17938,876,6456,3
"1y17kE-Y1mo",22,1005687,8439,1014,1610,2
"2fQORuHsuL0",10,1005367,39830,1215,2123,2
"XCMyDvUqQnY",24,1005259,45800,1933,2775,1
"XDMGmtpvBjs",10,1004734,36777,1133,4129,4
"35GMuSbNav0",10,1004505,23920,1831,1615,3
"I5X3vC-XsU0",24,1004309,11351,848,2721,2
"oroQD6ioEW4",17,1004254,44412,913,4807,3
"VvDtU_9VGvE",24,1004054,5126,1957,942,1
"TkWmK-cplV4",24,1004000,38693,319,2562,2
"Thvm6dADOms",10,1003988,19177,486,512,3
"au8QGTiPhEw",10,1003775,61877,7288,11816,3
"6pKT6gaj6K4",24,1003447,27862,303,727,1
"vfHd8MF0ExU",24,1003307,25190,932,1524,3
"VQhIUzPJi8o",10,1003082,136927,1447,11628,1
"92a7C3KWcAE",24,1003044,23443,21676,7390,3
"4xqMTaXR4fU",24,1002961,23783,343,2112,1
"bIf-oIecPxc",24,1002879,5779,530,770,2
"gL_7eIrLaGQ",24,1002721,38858,519,2890,2
"crJ4yqYQ_qw",24,1002708,16131,445,4935,4
"wIqq_4Tw-Ck",24,1002305,22714,667,6455,4
"6NAISxSPVSQ",24,1002132,16444,598,811,1
"ALk9N0jtaQM",17,1001981,3890,533,588,1
"fHAi_-DOy40",10,1001871,29812,858,1201,2
"5JaMqRu9ItQ",26,1001844,16375,971,1529,2
"asYQiRvE1Xk",10,1001813,60129,826,2300,4
"o0a6y9-owCg",1,1000913,51255,2479,5594,2
"3frnBoqqI_Q",28,1000419,32251,975,3594,2
"oPnK8_h4LW8",24,1000115,8835,636,2250,4
"gw82GrEt370",24,999910,126366,1034,35280,1
"vlOT2N3O6ZI",22,999768,21337,642,1807,1
"TQ9fk22YIyM",24,999538,9921,807,4203,1
"5R2ZZ-t8XS0",17,999410,18274,604,2264,1
"yv8-LNajsNQ",23,998967,72801,1471,6218,2
"N7HFXgyTya0",23,998509,55672,862,2765,2
"j7TvKGcFQL8",23,998478,25970,375,5753,3
"xdHmuy1RqCg",23,998444,47800,1315,1717,3
"hoD8kzdMUY8",23,997952,9581,1298,1738,2
"2N8JUjp9wis",17,997654,12744,283,4057,1
"0bNU_vv6mJA",43,997580,4032,2068,501,1
"YW4GutWsDpg",23,997416,53972,770,3436,1
"nkWn5vKCZj4",22,997228,8100,1923,9903,2
"svuLVNad0BA",1,996787,8858,804,598,1
"aubTgsFC4Fo",1,996261,26687,819,2571,2
"BrqFTswejpU",24,995950,34321,3398,6068,2
"baG767jr8c8",24,995913,55537,230,2975,3
"1XY8dPnIORc",1,995733,31362,4297,5143,2
"cDXzQvjP4wo",24,995265,84996,791,4030,2
"4mZjc6fSeU8",24,995264,6366,700,1835,2
"upIaeqJEA2I",10,995148,23127,5771,5413,6
"GvJtieRgDy0",23,995143,75413,956,4100,2
"B3wwhcasjqo",15,994819,32739,1016,17044,3
"l3vbvF8bQfI",10,994706,79996,1512,6807,2
"_Au7BVmCc8c",24,994697,3629,1332,605,1
"r0_Te6k3VRQ",17,994644,10304,486,592,1
"7MSV9wL9Gqs",17,994633,17514,300,1953,1
"fYUXvrF85uQ",23,994621,48581,848,18042,2
"tQR5G3kvfNQ",22,994501,14904,403,2167,2
"f5I79eakR8E",10,993981,71915,554,3923,3
"EWf7P3okX9s",20,993913,107030,472,38615,1
"NRnnnihFpTg",25,993118,3234,1164,1704,3
"RIqCVUnbQgc",24,993055,55905,725,11566,1
"RzVsBuyWRE4",23,992720,49356,1604,3355,3
"wtdjCwo6d3Q",28,992236,11986,333,1540,3
"MWb2vazaD28",24,992133,89595,424,6771,2
"XZo5o1Y0h9o",27,991300,21596,1890,5523,2
"mPGk2Ky2RKA",22,990993,14812,858,1290,2
"3TOnJI1BqzU",24,990527,66220,1241,7083,1
"TpW_Ga1OrEs",25,990137,6000,451,1376,1
"04uUFyIj-mc",17,989958,2514,1232,751,3
"84y87Sji_3g",1,989752,8596,314,1279,2
"QP4_p9nMbJM",17,989669,4470,601,89,1
"MybjFHx_wfc",28,989578,27080,2028,3173,3
"WAh_rnRI_pQ",24,989519,5700,545,2416,1
"tBnWnQrkz7E",24,988948,20312,2614,3244,1
"aoERBs551uA",24,988066,31614,761,3424,1
"1BThwqZtHSk",22,987887,13987,1408,998,1
"fHWaKx5MnNc",24,987847,23889,317,696,4
"gLfv7nG_eco",25,987843,3397,792,494,2
"_6uvQtccJss",26,987801,63320,938,43678,1
"scLYjsvrUMk",10,987612,46517,734,3443,3
"9OzMfBl2XII",25,987539,4987,554,674,2
"JfQ3W0wjGh4",1,987530,33241,931,4380,2
"EkF8QTDgjKs",23,987515,47345,1277,3049,6
"8tT3FhOA4-g",24,986787,122732,5006,20509,1
"hLf6yZPJyvM",10,985651,54921,193,3151,2
"_aG5UXUByn8",43,985324,5109,1753,1521,1
"4UB9tyqGmsQ",17,985235,16162,426,1459,2
"VJGYEVFGrDc",1,985160,24077,582,4160,3
"qbMTukAJskQ",24,985021,54262,225,3522,4
"hojp2B2dgC0",24,984912,17636,230,712,1
"b5FcAHC0JSo",10,984531,19809,964,2103,4
"aLq9qma4KuQ",23,983736,9713,382,922,4
"T9NURHHl2Zo",25,983489,48832,1057,9401,1
"Mp4LeOWNzXI",24,983467,23624,416,1648,3
"TfiTsqa2LB0",24,983218,92846,429,16264,1
"apTB-ictkyw",23,983190,19778,1048,526,2
"EaeObBIUPZw",22,983132,10911,910,5128,3
"8T7lEvtwETA",22,983006,11787,712,1155,4
"UZ47aQFp2TQ",24,982049,23414,1313,4466,2
"1Aoc-cd9eYs",24,982049,23414,1313,4466,2
"OBSfullrLFk",27,981033,71996,363,8756,5
"DWuYkyw-NMk",1,980896,27074,791,3249,1
"NiJ9qFlozZc",24,980577,43449,1733,5902,3
"1OAKvm4x2V4",24,980083,44944,510,5634,1
"ZzGqFF1IXgc",22,979826,19085,767,985,2
"efQE6Wg3658",1,979668,23080,570,2851,3
"kFjq8PX6F7I",27,979295,29129,1645,2933,2
"XkVwqEdYlNA",24,979151,35585,496,1917,4
"x7ScgcF0LUw",23,979134,16128,1093,703,3
"l3pMdIb0XJ4",24,979035,30612,171,1274,3
"azFsk42kb5E",24,978719,28033,239,1374,3
"T5ITSG6KGlc",25,977910,3162,386,1379,2
"BpUnMGaUNUM",17,977818,4374,323,602,1
"vMHtAVW4ayE",20,977674,40948,4000,7079,1
"lSTlVEBY11o",10,977490,64417,898,3890,2
"D3fy3BJN4uI",22,977357,29390,16563,15769,2
"z2HIsMdemtA",24,977321,3336,566,1376,1
"5g2UZr5RGgg",15,977264,17458,866,3158,2
"6AZviVcUGTA",24,977200,7438,568,956,1
"o6T9mUq9Vgo",28,977085,34189,1702,3426,1
"nZCmUBJrxFs",24,977060,30492,753,3504,4
"6Km34EXxGZ4",24,976869,61587,1858,16105,3
"9WFf9XY5rME",24,976803,31107,953,2774,2
"DWL0AP66kjI",24,976743,5282,679,2603,2
"ImtFgGq_n24",28,976487,74841,504,22195,3
"tfaGleA4qYo",25,976479,7660,1558,1728,4
"0h-kHHurkBQ",10,976330,16471,639,562,2
"flPswLpdcCc",24,976326,14524,332,1277,3
"PY5xjV2W6B8",22,976233,1321,439,72,2
"GSIRMdG2-Ps",28,976121,61529,758,14545,3
"o8-MBDmr7rM",23,975973,20230,369,4787,2
"btDj0vYbQwc",23,975928,116301,781,5745,1
"NrDbRPWdx8M",24,975746,39097,1194,5095,2
"FVe1otlBNf8",17,975738,20429,824,1179,1
"MfVetou0ERY",24,975702,36227,1367,3013,3
"0mAS2Gxs08w",17,975107,9272,490,4172,2
"xJxr-n5l6hU",24,975054,17447,1124,981,1
"pDi7cezk9CA",24,975043,143966,2492,20821,2
"XLgyOz7b7ww",23,974624,28707,15700,7244,3
"1kllbOrLfoo",28,974269,45334,1008,9237,1
"U-v6HDIdC94",24,974150,12634,767,1748,3
"7VnEPIBsp20",24,973749,25139,1367,1820,2
"5TW8bGbsUsw",20,973668,43205,857,11224,2
"JVtP7EvINVc",24,973575,10099,3290,3540,1
"pobQxp2-cPw",24,973446,35862,581,4191,3
"X1PQs0Yxauo",26,972881,64186,586,7403,4
"_yJq9SeGLhg",26,972587,44563,646,6197,2
"Mnere0s4dTw",24,972419,48018,1105,7833,1
"WF82ABLw8s4",24,972204,14301,1908,2230,3
"byqfaZJsKAU",17,971871,8781,393,739,1
"Y2IoYtVO7Jk",17,971515,5440,225,989,1
"Q2oUXcENDd0",24,971449,11937,508,542,1
"G-ghxQ-09lA",17,971403,3881,1697,274,1
"3LK3AlnUvYM",23,970984,65733,684,6484,4
"Swoz8Zp4QJQ",10,970885,1047,292,33,3
"9oi9YyAcgMM",1,970854,12464,446,184,2
"THaqB3S7zKg",24,970807,19278,320,1598,2
"HopEHvZY-08",24,970666,53810,1220,7048,1
"ZEkImgh--PE",10,970186,95681,1828,5882,1
"XC_2jlwovos",24,970033,24461,1505,7554,2
"EdUI-NLLBKA",24,969930,4211,660,3582,5
"ZAlXll4VDgo",23,969873,57526,1559,2723,2
"bmSin8bjBwo",24,969541,31221,1051,3288,2
"Oz3Mwhg2ENQ",24,968805,32748,608,5432,2
"mWhOtrRjF90",28,968587,60301,494,21758,3
"-H90GPnH1q8",24,968586,0,0,4907,4
"2A36X_aJKVw",24,968153,5465,2881,849,3
"9GqohosViw4",28,968116,41998,559,2459,1
"_1mIPOYZzfo",24,967971,9368,856,5062,3
"emSCqDp_-M4",24,967452,1051,241,202,3
"76h4h9DlBaM",1,967444,12211,1110,812,1
"Kh5-rreG2IM",17,967412,3079,186,1175,3
"2I6QCjRBQak",22,967160,11129,754,1164,4
"pBYPXsGka74",24,967117,37977,544,3801,2
"dsNNfiA6qjs",24,966745,54179,3680,4125,3
"HkdoOyIRCj4",28,966732,31896,777,2216,1
"Kj_0NGEFdbQ",24,966539,52298,2215,6886,5
"M6LTqtYKDtI",10,966474,45634,1183,3087,3
"26CL1V4F06k",24,966341,29904,865,4368,2
"FQC29joihwU",1,966305,30055,210,2012,3
"dx9mF1KJr0s",10,966262,46492,576,2943,3
"0lj6Q9gN4RQ",17,966208,15979,419,2303,1
"f_jTeuajas0",1,965956,14496,211,1684,3
"QR43TImr0dQ",23,965785,26387,320,1283,3
"Y5HSR_gUS6E",23,965706,97391,2941,7097,1
"Hlch9lKAeXo",1,965084,25544,1242,4259,2
"bjqJac7kyhM",24,964842,6987,453,1941,2
"hbhbu_Kf424",24,964813,17124,1083,2662,2
"yv5i0oTHubc",24,964101,57836,1759,6043,1
"1UwLX9VHlDE",24,963801,31859,519,5686,2
"nSuregWhlWk",10,963490,17289,326,1160,3
"gVjHOyKQn3M",24,963302,29216,502,5529,2
"HBcm7Gs137k",17,963100,5070,1018,675,2
"cSP27z66mOI",24,963058,47853,2128,8284,2
"U-yRlUBqiMg",24,963002,22428,1074,8780,1
"rRuifrLicbI",26,962812,36894,8585,11762,3
"hs-ZjfUTP4c",20,962790,43264,2282,10112,2
"Zc2vEr-618g",20,962526,29564,304,4563,4
"-Y1AJV-ccdw",25,962221,16683,1741,7349,1
"55bYFcze3eU",17,962025,24642,573,4817,1
"LFhT6H6pRWg",22,961961,7955,190227,24116,3
"K62oeVyaC-U",23,961720,62319,518,27043,1
"kpQlAGiyg3A",22,961644,62033,1132,3842,1
"NyDUEgT9FZg",24,961548,3400,634,817,3
"ohn3zb2BZzg",24,961505,7584,1002,2281,3
"kzFHjyysXr0",23,961346,77731,1021,5779,1
"l-teNaLugvI",22,961346,5577,214,282,1
"-gt1BZUCqsA",17,960816,8639,512,4428,1
"h91J4RNDmW8",1,960561,9153,667,4461,1
"CryTUJO-mMQ",10,960036,8640,427,170,1
"HSFyjuagwCU",1,959807,18085,557,306,4
"9fgNLmh4msA",24,959700,33775,460,4117,2
"JvJL4obFBaw",24,959376,32068,2945,5081,2
"Bke-HRFzDe8",24,959361,4902,727,1436,1
"jpbozAMyT5s",25,958546,17064,3461,6361,5
"oY9GVZKwBhI",24,958445,63210,696,2143,1
"f3KjIQCKmM4",2,958440,25786,6282,9900,2
"iiLM-rsO3pA",24,958220,18771,10148,8941,2
"SJUAiNt5x_4",24,958130,31958,536,4069,1
"H4KKMqRDYsI",10,957701,2386,455,56,2
"3Xn7nGqiJCU",24,957641,14094,267,1036,1
"qDVbsUdK4A4",17,957437,10014,469,1688,1
"-Y90H5ntmQI",1,957295,25391,814,4339,3
"xx3XzY1ozUo",23,957276,50537,1445,3663,2
"irVe0wQkMXg",24,956995,39809,2822,11046,2
"rG7fLWcvv-4",20,956792,36852,816,8582,2
"LQicq60aJaw",25,956750,7011,810,3149,2
"WA35wX8xahs",1,956546,11422,1104,538,2
"nzMOu4rY-rA",24,956391,32044,409,4196,3
"SFr0fCgrTNQ",24,956199,72053,1027,8084,3
"hlydZGMcZgA",22,956170,33320,547,1390,2
"WeX5VO0aXS0",24,955816,26263,401,1588,2
"3wV4TxJ8dA8",24,955793,34173,904,5797,5
"4z4vCx_6xlg",17,955241,28631,425,1823,1
"TyJMdoHaHyM",24,955180,203,27,82,1
"tcaw6lzYt1Q",10,954925,91348,467,6143,2
"UEpJnERYRl0",17,954918,8718,151,857,1
"urhNqa2tgh4",1,954671,9989,679,440,1
"28Jgz9Sc-S4",17,954654,5574,554,763,1
"8uZPo3vvavY",25,954334,3762,623,5043,1
"c4eJVbLfh4w",22,954327,28499,963,2969,3
"gXg2_yExgVY",24,954230,18357,718,1673,1
"a9DiyVhniYE",24,953977,66162,221,4487,2
"Nh3oZwuEYHc",23,953527,114587,938,4434,3
"Kvdiac_ydKA",24,953364,20239,225,1421,2
"CqyGi2rJJFI",24,952880,16909,632,2146,1
"V2PnH7lQBGs",23,952845,30211,333,3782,3
"uWcBLiFBAf8",25,952839,0,0,306,2
"r9lQggOQGvw",24,952808,25738,980,2633,2
"rItv9i6c7AY",10,952436,29991,510,930,4
"_TkbmxuVtAk",25,952395,46528,779,9752,1
"wHZ-UKcg8hk",25,952375,57097,1158,10960,1
"FkVTdvcghHc",24,952018,7576,206,1729,2
"623AC6a6org",20,951969,30301,455,1254,4
"CU8q0rX0Y-Y",24,951968,36914,740,5335,3
"OIb4BXssO5Y",10,951938,17786,1139,596,3
"j-ivAyqJh0Y",43,951618,7053,1171,960,1
"zYX1bgxEAhw",24,951419,26783,1121,0,5
"pfMfW_6aaPE",28,951207,32916,1664,3515,1
"Ci4Bl07PeQk",17,951072,4659,164,971,2
"rGl5ZwvZCDU",23,950955,57902,348,55399,2
"VfAOl67WcLY",23,950854,35258,1222,1678,2
"xw0owsSgO3Y",24,950853,46506,562,3256,1
"OL4LNg-iyY4",10,950777,67037,844,2693,2
"U-9tUEOFKNU",28,950727,38129,926,4213,1
"3AL2UkOn-Ow",23,949590,69715,2703,5669,1
"rSm9Mw_VIb4",19,949574,135057,624,13612,2
"XQSvN2Wd5MQ",24,949521,27302,537,3341,2
"eUyb51fxFw4",24,949459,5025,1132,518,2
"NdEBvZvd9Gs",17,949296,3721,185,992,2
"q9J66YOpSqE",1,949272,27761,753,2265,1
"Gx5DV5zFKlU",28,949114,26492,1056,2920,2
"acQMtIRygK0",20,948748,40863,1474,6230,2
"3xB5S96HkUw",17,948470,23436,892,2550,1
"08Xn18D44Vg",27,948330,37230,3183,11656,2
"SyQyPQpVPNs",27,948061,18862,1008,1648,6
"fzqnDSGIh6M",23,948030,93783,661,2967,2
"u2RyLhjKBBQ",24,947896,24556,159,3233,1
"cZEumkQ_h6U",24,947745,39576,1062,2706,1
"XP09AOI1Sbo",27,947741,25660,1174,6501,2
"Csnsq9f_ZkQ",1,947700,30013,523,3179,2
"Pq-MinfnOSA",24,947677,3316,323,130,2
"_DIrqPRj9Qg",25,947578,6800,1281,0,1
"BDDvxj2GgQM",24,947354,5758,547,1736,1
"CIJuW_Wx4sk",24,947339,10313,1833,992,2
"f1FX5wvC3DA",10,947216,52676,1073,4232,2
"NVCqz2BDfcQ",10,946859,37986,816,2006,1
"WRlyetgSz-k",24,946816,8775,692,3202,2
"hdOmlMa2x1I",23,946776,69549,991,2820,3
"KifgGKKfkuU",23,946738,42148,1157,2865,1
"Yg8jdBLTtfo",24,946671,26369,1107,2605,2
"okRSgJ2WzHE",24,946655,6055,643,2060,2
"0r-zYs6NQu8",27,946592,45703,837,12917,2
"uwV9cq9DRTY",24,946563,43373,392,3776,2
"S2jlCx_xqFw",26,946232,85986,2133,7103,2
"4DyzIDXLzSA",24,945827,31588,1098,4781,3
"iTN-y1Zva2c",22,945737,7248,783,471,1
"PoboJedYi2Q",23,945668,66340,1225,783,2
"p20vjER9UnE",17,945489,19145,667,1256,1
"gPVd7GOfrqg",20,945096,6479,806,55,1
"g-VRIh6dBVI",24,944946,35927,869,7238,2
"bjDNH7bFP14",10,944475,1373,440,30,2
"EuENnvz54ig",27,944204,24210,768,4360,2
"EV8E6P54dLU",10,944057,19354,500,949,2
"l5zT005oGbA",2,943978,20651,964,6211,2
"nJ4ea5NNqcg",28,943870,25405,1013,3806,2
"2VxpRal7wJE",28,943775,5598,187,385,2
"TZ2mEuBweWY",23,943626,52806,4908,6065,1
"fEhgT7G6ouQ",23,943126,25446,1100,1798,3
"ZTAHDkeM9zE",24,943101,12429,661,2584,2
"E29UIfIwtvs",25,942860,6900,1076,497,5
"hdkT4ewLTUI",24,942770,18329,358,2058,1
"5qqT6jX_L4E",24,942450,67458,811,8136,3
"4OUb0EIqPeQ",22,942394,52396,422,1501,2
"21EJMIdK1_g",24,942338,14101,435,1903,4
"OM1xCHhxOMI",24,942021,39723,544,5696,1
"kYJFCHTS9cA",17,942015,75363,1668,4265,2
"St3SkEOGAyQ",27,941989,3654,850,929,2
"1lGHZ5NMHRY",28,941900,24860,2995,0,3
"xBGoJUxxRqU",24,941318,33767,431,2295,3
"t-SAWvR4CyI",17,941258,6451,317,838,1
"VQYZfA1UjI0",24,941213,44223,1187,12242,3
"ypvKiNVUc00",26,941067,70831,535,6624,2
"oSU1STltwS0",23,940697,73223,9561,26165,4
"sd80ZipTMDE",26,940532,116052,462,64557,1
"wBzlX0ltgOo",24,940396,34437,500,4736,2
"4timuAnUnG4",24,940301,22684,370,1589,4
"hF6Wds75rjg",10,940204,88961,1148,6526,2
"TKvMuJoNdEI",17,939800,2866,432,662,1
"lFjwSP4zUR8",17,939764,13483,670,2667,1
"AXSoQ_UKWyg",25,939755,47324,1293,6677,1
"S6YYun90S8g",2,939495,20829,1352,6545,2
"Q5XCJBRzc9o",23,939398,20137,370,3484,3
"uxLOfjaWRvw",28,939344,36500,708,5173,1
"H0rcx9kAAZs",24,939113,21569,1013,4098,3
"HxuHo62reRw",26,938933,39336,439,1402,3
"nT_4mqJ7aQw",22,938926,59101,659,12441,3
"9mpwlkc2a5s",23,937603,17139,4306,3493,1
"Fi9j_dtPU2M",24,937232,5426,1091,331,2
"saCdvAp5cow",28,937001,24253,1395,3569,2
"evzWEXpW1pM",24,936946,33288,248,1951,2
"o5L6W0YoAd4",27,936865,20887,1637,5388,2
"mnT4MDdEazs",24,936851,26428,347,1998,3
"0Np4K_PAfnI",24,936851,16197,339,1896,2
"zSodCKWDGx8",24,936493,33373,629,7363,2
"o3lohh-TVJA",10,936300,61761,279,4049,1
"DbJ2s_g1oDc",24,936130,21642,1202,2877,2
"nbFoHzqmZ8o",24,936066,12279,1314,5170,2
"J7GVeIcKIBs",24,936013,8948,1756,1089,1
"RxvcH25WThg",17,935753,8861,310,2888,2
"ipZLp6l7y2I",17,935009,4756,653,585,1
"NEGQ_j5q8mI",17,934967,5904,1020,674,1
"4V3Y8Sbz9HI",24,934728,25366,738,3772,3
"OCheE89ja0o",23,934678,25262,492,1349,3
"s9ZQ6VuoN1c",26,934622,58372,895,4500,2
"CBF-sjryWEE",1,934561,5814,24,24,1
"M0Tth-0MNFk",24,934541,12697,274,2199,4
"DX5_o-mumvE",10,934163,27392,1716,5127,4
"-zO0gN2_QyI",28,934095,6402,348,457,4
"nOphT8zxFhA",24,933994,3267,610,2968,4
"ryWVZLhTrc8",10,933591,43711,1331,3598,2
"v9GODjGXju0",25,933552,68178,1050,9869,1
"m5ibaYmnr4A",17,933187,2952,248,1762,3
"j5QahFFHv0I",20,932793,82200,1350,5833,2
"SSzyGCjH88o",28,932715,36262,471,3601,1
"L4Tu4MKeOx8",1,932568,17076,694,2532,2
"mmkCS5eA4f8",27,932559,25017,1552,3636,3
"7-T08gSQmxk",26,932061,45627,1657,412,2
"-GPUM7RQ76s",24,931886,26145,720,2672,2
"TYcEf6liwsc",22,931841,31652,479,2911,2
"NaiVsAI8iRc",24,931815,8877,450,1436,1
"u3cHkf-5beg",24,931318,3956,1042,2471,3
"2PH7dK6SLC8",10,931228,45560,817,3814,3
"MvIwx0JThsk",10,931226,115343,2614,7372,1
"yf1VY1ZiPmI",23,931181,66939,442,1673,3
"05O673tT4mA",24,930741,64643,2053,7921,3
"VXa16Zl81vE",10,930638,33996,490,1764,3
"1C3iFrC-dRw",22,930312,37232,713,2297,3
"TwIQia-sCfA",24,930171,10344,445,2266,1
"d-JrEX-mB-8",28,930133,37532,593,2109,1
"2FOEfCcsqhw",23,930053,19177,723,719,2
"GaYtriKVBM8",23,929785,5303,912,553,1
"dKaUtHvSDPM",22,929448,5263,594,1391,2
"Em9EI37Yy9g",17,928939,8872,505,2803,1
"YS6LmEFLhU0",22,928649,3932,1579,4140,3
"Gdyof5cytL0",24,928615,5086,690,1413,1
"OSnndj5JLCo",24,928267,55566,555,11805,1
"650KMSLOrb0",10,928109,1491,669,87,1
"kSDiOjXqi-Y",24,928098,8291,638,1412,1
"Tw9FWGejHmo",26,928038,62330,629,4118,2
"lPiIp5QuTRU",10,927849,118443,1569,13524,2
"fQjBxSQNA9k",22,927713,11244,1174,4141,3
"F8BdzL8OltM",22,927652,13081,8895,2928,3
"p5hqou8B1vQ",23,927631,57245,293,15446,3
"v8HYfvD9ErU",24,927325,10540,343,1063,1
"zK6FSK98asc",22,927312,20282,637,3654,2
"B1XCBp5Qlec",24,927209,10977,283,1270,1
"7VykSxTeQLU",23,927065,12860,786,740,2
"mqIGhfe0Acs",1,926600,21414,546,1359,2
"SgEy8QxZl3I",10,926185,41067,312,1654,3
"duRDizP0gHQ",26,926121,39732,700,5527,3
"M_YO5q6YB6E",10,926006,43641,1535,4240,2
"rtsYstRPkGY",24,925978,6803,261,505,1
"QRVTY3nxBSg",10,925884,4315,1157,217,1
"0eUk_VN3e2A",24,925647,26125,1688,7223,3
"GYn2W9sW_eg",20,925583,44520,372,7783,2
"cDZfh5IjGv8",28,925065,34875,1087,6300,1
"J_s8BfepC9M",24,924996,9197,476,1720,1
"FQsrTuzahpI",20,924843,43875,390,12153,3
"D_CZ8v9uZJY",26,924774,49883,934,94337,3
"8e-H4sEHB54",20,924761,24774,588,1968,2
"nV-Ox4tPcwA",24,924747,38483,585,4997,2
"5E4wcDigv8k",24,924135,5526,577,1575,2
"oVsQ92LVddo",1,924073,28026,681,3164,2
"_ohCf0jcT3Q",22,923567,1298,236,817,3
"a3kDG9T3AXg",22,923460,71998,20738,19141,3
"kXbs-k1_jZc",24,923151,43957,2226,8941,3
"yHKfj9FdykI",24,923144,48378,1822,10600,1
"tzHl_NuUufM",24,923044,47500,969,6207,3
"KhaLiiSUvAw",2,922932,24406,1308,6239,2
"Rtp3fF5G1iM",23,922316,85419,1487,8037,2
"4jr4baN5HGs",23,922146,61087,786,3988,5
"hRjAVGTdESE",24,922111,9082,774,3138,1
"FRjOSmc01-M",10,922004,49759,535,1938,2
"mp0TW8vkCLg",28,921784,20693,479,1188,2
"LhdkU1C02XA",24,921773,3241,788,1109,4
"HG3WBLRFWZc",23,921036,86738,7542,52918,1
"sVdIWxa4dpA",28,920937,36685,2167,5125,2
"LS9ZqcBJAoY",23,920845,5140,587,779,2
"vhHRQ4sGjPY",24,920615,9920,475,2088,1
"oArxQCHUZKU",24,920229,16464,654,2866,3
"uEjkQI2m7BU",24,920134,6667,922,1160,3
"xHrl4qns8K4",24,919990,35299,1515,13633,2
"f_U-hMer1cE",22,919903,38311,865,3046,2
"aEvItEpMly8",24,919478,9909,1001,2767,2
"65U9iYYMLjc",28,919312,29633,821,1486,1
"EUnQnf8mfW0",20,918669,100120,546,12460,2
"7jrdwUfHQ_c",24,918652,42666,582,7936,4
"aZUopuhqwCM",10,918644,91658,526,10877,1
"KHyvGmuvIoY",24,918519,14047,1461,1142,1
"It82NDf11Rg",23,918030,87408,911,7280,2
"OPHbqY9LHCs",28,917741,19684,830,3044,3
"kGyO2J94gno",17,917467,3940,994,632,1
"2B85lYenaxE",24,916996,7867,25120,6274,4
"5ORXcfLXuXU",10,916731,83323,1052,6884,1
"zAZkMOfNMz8",24,916363,1729,561,3058,1
"vUuMvFyIn44",24,916238,5854,665,2272,2
"CTH_cEmp6Kw",24,916205,21235,665,3216,4
"32SnkiinVmI",17,915956,59579,1496,2809,2
"XMPasyDKcNo",10,915801,53643,1292,7027,1
"PgRpXIfNrwQ",24,915538,43485,515,6516,1
"ZWuPwcwl214",28,915014,42599,440,3218,2
"_fb_IJcB9lw",24,914897,37346,443,3145,2
"xirk18P889U",10,914817,3875,207,192,2
"nLXCutcsoKQ",24,914755,4193,1607,6713,4
"3SlG3sE8Ytg",26,914652,44025,437,5286,3
"3QU2Vvj9st8",23,914321,35888,623,1527,3
"8KT1UCsOE74",24,914063,31150,1471,9449,2
"0T3dQt-VJhs",17,913945,4347,870,448,1
"YpNVXII3sVE",22,913755,744,758,41,2
"c1tA_arLVUM",24,913464,68956,849,18167,1
"5nItNLfdwe4",24,913342,16356,204,717,3
"Gci-KI-RRbg",28,913215,35339,1978,10996,2
"hAvItbuj8es",24,913204,12635,459,2035,3
"Oyq8Di01nN8",27,913061,14768,1480,2958,2
"KObL442PWhQ",24,912774,30178,449,2340,3
"njYYWFr9roI",10,912761,4804,382,1068,1
"4Utx0zINAx0",20,912532,74273,441,13037,2
"lp0IM5tQCOw",24,912491,27182,688,7334,2
"PeoixMRCrMk",26,912103,56587,430,4290,3
"eWIIwTzB0_0",24,911957,5615,624,1702,2
"ol-WnYwbTO4",24,911886,9210,1089,710,3
"F9jMHZHXIu0",26,911252,17413,1041,1074,1
"WrcwcMIYpQg",27,911172,62082,408,4632,4
"GeF_5qo00Uw",1,911070,13152,877,1480,1
"9gpI7H-GR2c",20,911053,18670,683,2090,1
"k2ncBw-Y-Yw",24,911015,54485,1398,14771,2
"u0feM_2mLvo",24,910961,29905,4041,5233,3
"W2VsXfeFN6g",24,910921,41152,217,4747,2
"toS9OiU-y0k",20,910496,18069,628,3574,1
"FHu8iWUaXDE",2,910419,22425,728,5759,2
"0HqLk_ZbHmI",22,910169,17826,1040,5885,3
"2dseIOqm-ME",23,909690,32364,505,9561,4
"O7FtjtF4gM0",25,909280,42981,2013,18709,3
"xapGoi0wLUo",24,909074,32556,311,3145,1
"hPHffFAogVM",10,908937,10267,303,2143,5
"g979wc6o9Ks",24,908908,55788,3308,7146,5
"-AtUbdLlPqs",24,908821,0,0,2331,2
"uHVy2s5B3IY",24,908705,5245,389,988,1
"-a8Qub4Vabg",17,908365,18545,565,3399,2
"V4SzHfAJJ18",24,908363,6120,573,1739,2
"FXNpeuDRiFc",17,907759,2412,233,172,1
"WU3takW1XbM",25,906931,1893,624,627,2
"Can3yR1ogDY",24,906644,38114,370,3759,1
"dKccvk36atQ",26,906507,29071,555,2083,2
"Bk-qwZisiXc",24,906470,25075,980,6450,1
"FtmNXC8iqR4",2,906363,18149,702,5359,2
"vFDSWuffBcA",22,906331,4525,549,199,2
"uRP4nAGMYCY",22,906312,84670,949,13933,4
"J-4FaTv1mcM",22,906145,40059,671,4523,3
"cZYNADOHhVY",27,906064,91114,3255,14517,2
"Qj7BXPl2Jik",25,905934,47439,3206,4803,1
"l3yUkHOMAcQ",10,905640,18287,455,1580,2
"vbQgC1SeR5U",10,905568,52109,374,2465,2
"NiBIt4CuShY",17,905331,5153,1464,401,1
"fXMh3VMC9CQ",24,905230,12356,819,1833,2
"R3FUb7oXk50",22,905164,32049,381,1210,3
"UPbi1oG5UPg",24,905070,56062,1527,4184,1
"Dsu_6R4wd0A",23,904874,99025,1291,69300,3
"oWqO36Zj65k",28,904668,27031,513,2730,3
"Gsj3Uj2MAGo",10,904597,31263,1370,3131,3
"fGHOLz35L8M",15,904259,31843,506,2856,2
"3y75zBl37f8",26,903921,28939,4869,5198,3
"yArprk0q9eE",27,903807,46459,676,3219,3
"29LL3blOxds",28,903746,32789,657,6004,2
"yH2Bu7Zxjg4",24,903482,47400,791,6847,3
"azFe8b6yfb0",23,903198,57028,2227,2666,1
"ka0owW3i2tA",23,902928,21295,275,5880,3
"vwpq6GTAmsM",28,902761,22583,902,2616,2
"jb5bodJOUD0",25,902754,4009,877,464,2
"LWR8B6pca9A",17,902618,5040,436,552,1
"02vuSnVF8sU",23,901994,55444,1233,3559,1
"vUEFdWAKpf0",25,901980,12001,403,4371,5
"YPZUkzgW_DQ",10,901700,37048,773,1745,3
"Jq5A5ctua8s",2,901344,18905,1379,7702,3
"BCg28wF3FIg",17,900995,6584,710,5213,2
"rqPC65mVVk0",23,900232,6844,1082,3207,2
"ebztEUmhEMY",24,900014,3273,1189,721,1
"aqj7Uvi9jK8",17,899815,25887,953,2670,1
"iqvpkNV775Q",26,899250,53908,738,54892,2
"PPjJ_2d4k3A",10,899164,29975,3366,1475,1
"MtOvGzchcYU",17,898933,51674,1071,1724,2
"5Blt_CJ29WQ",24,898435,14037,3197,2128,2
"E8jrQAmQYRA",10,898388,29263,2465,4645,3
"mrP091iwcIk",1,898022,24406,632,3225,2
"0Fo5rISAJAw",26,897452,7957,634,660,1
"jEZLPL-4VEs",22,897325,73505,467,8852,3
"3I2Rsaredvs",15,897282,34922,357,3313,2
"vHQDbq26LMU",24,896135,49958,1480,4732,4
"rsFWbDl-ICw",22,896018,14180,425,3589,2
"4vQOD_FiCBM",24,895886,11200,800,1529,3
"o0JZkxmAeDk",17,895020,46850,2576,4444,1
"DFWxNffYtos",28,894782,26826,731,3819,1
"s-Kj_V_4_XE",24,893889,8274,772,886,2
"nvhvx-uH4pQ",24,893837,8678,697,3798,2
"ZK56ZswsnOI",17,893596,8099,725,5385,1
"a9TFAY6dbTY",24,893468,5981,156,293,2
"C8NC80CGnbA",20,893361,40307,373,3522,1
"sklFi_hfTgM",23,893143,66834,1432,4175,2
"JN_rfagFBhI",24,893051,75198,892,2004,3
"oNB2UPdSxW0",24,892898,28466,419,3903,2
"CmO2143BzYA",24,892676,6555,805,945,1
"Hfr6A5BQfY0",23,892666,12948,267,981,2
"DQLhUs7-dkM",17,892628,6276,360,2044,2
"BrsoYVSgYQs",24,892555,44085,1088,9620,1
"i8qukld8Z18",23,892545,28200,862,1088,2
"3RlbqOl_4NA",25,892472,10411,1438,4573,3
"k9PA5T5Wb6o",25,892272,8575,1136,1279,1
"X6iJ0hPpGec",24,892181,38869,479,3681,3
"9kF9xY74h-E",23,891912,122350,455,7459,1
"-vpCayyF3vY",26,891895,40266,748,4238,3
"TGMC1SecAeA",24,891888,5333,367,1073,2
"kUosDBUjq5A",19,891878,16666,671,2578,3
"_hzhLRVyMl8",24,891832,91289,2080,10979,2
"-IP3-p7eA7Y",28,891416,30778,1219,4733,1
"YkGAg9WmYBs",1,890461,27794,1493,3737,1
"sFMehG2tDcA",25,890455,21227,1163,6392,4
"tTMtafubPq0",24,890446,5805,1008,1149,3
"OHOkdEBpwDc",24,890279,54503,1068,10271,1
"u1mQC2-gJ9I",1,890268,20238,771,2324,1
"Kv5IJ-OXG90",17,890054,2662,363,559,1
"0LEFjquoTxY",24,889986,29043,1800,5533,2
"7JEKD4xkn6k",22,889917,18609,2934,3654,2
"enuVYhqN3JI",1,889709,56041,396,10509,2
"5PR3Hn6cQ60",26,889699,33463,896,2606,2
"RhMAR5t2nLg",17,889398,3424,474,1005,1
"sxIwJVRWp1E",28,889198,61662,1387,2833,2
"yyi1WYMvvHs",28,888850,25029,1113,3016,1
"rOjJvkqh9IE",24,888747,21080,309,1343,3
"JSpnYEOf0A4",26,888646,27167,520,1488,1
"elKXFHeJFbc",17,888459,5164,537,2341,3
"jvNefGT0qQY",17,888353,104251,5533,5425,1
"TnoeZrEtZ-Q",24,888093,0,0,2127,2
"R3jSBAQ-QoA",10,888070,137944,339,8840,3
"OrBmqL3F5OA",23,887689,64973,1399,3501,2
"ohrFQfhgbQE",24,887664,68534,586,2979,2
"7WlRdTIaHLE",24,887596,10400,201,1331,3
"QUWIjG4UZZI",24,887391,33913,564,4300,3
"SBzeednjDuQ",24,887217,7131,566,1186,1
"r1cmGCG3C8g",20,886856,34591,310,6761,2
"5-tqVcYVMio",23,886535,99029,1380,2709,3
"G8q98mqwyIE",26,886524,79575,605,25417,1
"GSMU9cUSluY",10,886306,78342,188,3965,1
"E5bO-chVuZQ",10,886144,31865,808,1615,2
"cFvL4HLV1vw",22,886127,22367,2263,2189,3
"bQpcE4dBaKE",24,886121,28780,2000,14762,2
"q1jzwV_s8_Y",10,886067,46993,1051,4228,1
"r-luQokOiBw",24,886005,28934,375,1595,3
"DnB81w08KAM",23,885575,23515,290,4151,3
"-8zjkWhpM80",24,885523,25595,566,3158,3
"4CotEzWnIE0",22,885511,4015,165,470,2
"234Y76_3YPE",20,885184,25570,981,5265,2
"RgFSDjFaWCA",25,885135,2704,1823,5114,2
"Lkn1Op_Mwow",26,884765,14607,1024,1614,1
"urCZz5eMjF4",1,884677,10548,478,560,2
"3rIjcRK_BNU",20,884652,17745,262,1005,4
"Quvby2Me5CM",2,884573,86125,707,19144,2
"1xny74rHmyY",24,884351,6043,513,1838,2
"Q3kBhuNb5Wk",24,883973,6855,751,814,2
"zYE17Wlep80",24,883918,38967,543,12767,3
"ohRyXxc9CIc",24,883804,24960,698,855,1
"TG5CpiHfNbc",1,883643,7205,566,1186,1
"7alvBggWsYg",28,883399,24736,1708,11227,3
"VvjjGtSDDo4",17,882950,31141,605,3057,1
"4zzoEd4M038",24,882947,7345,306,572,1
"s2yIMJ4iayg",28,882875,30202,624,2038,2
"oQi-mpjTOlc",22,882796,27070,5494,4124,2
"w9VFq0OParA",22,882730,8635,851,2429,4
"14pYNywLqDs",1,882457,28996,2760,3508,1
"gQqi_Vm1oqU",17,882311,15890,720,2883,1
"AGVW9Z4RcUc",25,882248,4458,579,1446,4
"Y3KKQh6BrQQ",24,881816,5562,666,1593,4
"D-_ojem1XQU",24,881802,43887,740,5744,1
"CCd3My1xeXM",27,881698,27322,921,4765,2
"YORID-LL-gs",20,881668,27759,330,3344,2
"tolEDfCGnz8",22,881403,24638,562,1695,2
"Zxj4WT40yLM",23,881266,43290,680,19656,1
"0_OlKhGCsFA",28,881215,67815,627,15024,1
"jr6kG38kpHE",26,881211,37747,837,6126,2
"euRUiDkBGvk",23,881188,37066,3987,5996,2
"E8wZqMHARgY",23,880913,53281,1798,1262,2
"gjvAjrI3mFQ",17,880663,20324,204,709,2
"n2KpJV4jHUA",10,880587,62369,1911,3852,2
"HorugBalutw",23,880458,17037,300,2266,2
"xrMfUeOPWto",23,880158,30515,1117,2757,2
"_4HKJonIS84",25,880112,3265,480,757,1
"Cp4Xttacy94",24,879512,18980,810,7645,1
"JNlOVdTQEIM",24,879412,73255,1104,14297,4
"Gcrs5VN9Lgk",10,879364,35074,1544,1572,1
"5csoc55v2Ls",25,879356,41041,1122,7741,1
"wjOK-U2GhIs",26,879264,62490,934,3732,1
"KRzkMujxXEk",24,878967,8128,558,1244,2
"3ulWkFs-OGM",22,878725,49278,384,2915,1
"maQ56YeoLMc",22,878668,63977,1138,4107,2
"6HKI35P-m-w",23,878555,57539,404,36701,1
"xcGIcsI7g3I",17,878340,61576,1699,2604,2
"SjDtOMAULLg",23,878311,34134,519,2088,2
"NkgW3SLLZgU",23,878157,11424,171,770,2
"lAnjpaGDaEk",23,878145,94672,1664,4639,1
"engRKCpYXnY",22,877881,44256,813,483,3
"jEyNlERWQts",23,877801,54235,1197,1428,2
"zRbFuIctTEU",27,877772,27504,947,5465,3
"M1aw1yczeas",1,877641,6898,598,1541,5
"GrY53C9QXWI",23,877532,92574,1566,15683,1
"s71RmkU8OuY",10,876541,13394,354,653,3
"SLLWasLMgl8",25,876521,7652,2485,7159,3
"If51vtx9D28",24,876207,8271,507,1162,1
"pKQ9eQ7WxGo",24,876055,12301,209,1421,3
"tn0hCTyj2Kc",20,875878,60686,715,13595,2
"VIu4J-nTbfU",23,875654,47191,619,3199,2
"SMLgNZYW3XE",1,875191,26496,1542,1793,1
"d4cbHakpcfw",17,875059,4997,426,3494,1
"YigN2mkQMPc",28,874881,37705,1046,5855,2
"PzxnMOGQWCk",24,874550,18244,338,718,2
"mBAD8tWML7I",24,874378,2372,262,1493,3
"RqjsstB1uKA",10,874372,28326,947,1290,3
"jXXJBMhBbTQ",24,874182,45158,1074,7126,1
"_50sPyfgVA4",1,873977,63809,453,7389,3
"ycD4w9iZiLs",20,873914,40239,353,4283,3
"FXohn4qTSwI",24,873792,4107,924,4234,4
"jUodZ6HqvnY",23,873755,87263,537,11815,2
"puovOVEU4vo",22,873658,1418,696,116,4
"qAmpg1WbOJ4",23,873599,8800,428,662,2
"0cwPGwVjAvw",22,873457,9567,191,620,1
"h-w7QZo0XSc",1,873345,24943,2554,4047,3
"8ORvJcpe2Oc",10,873333,22248,753,2550,1
"-gX-mQ9hRUs",24,873003,8362,274,246,2
"usRWa3UtXNk",26,872827,20788,575,1852,2
"ZBiYn0l47XQ",2,872783,20313,807,5950,1
"5rjt16dQhm0",23,872749,19223,287,4013,2
"Qghwm2yZB6c",23,872739,45552,1991,2899,2
"O3ttybJghsc",17,872301,7505,441,2845,1
"t03fQorZWT4",23,871924,59130,586,3896,5
"Ih5cUsMkOVU",24,871909,7398,672,1075,1
"LLOB5uG6zSQ",1,871845,20937,720,2041,2
"_1LdMWlNYS4",28,871815,26722,788,2617,3
"gFs3XDdIWwU",22,871646,4114,215,493,2
"ibh_G-pHRtk",1,871465,23300,490,2846,2
"6W2pek03WZA",23,871434,46043,484,1964,5
"cr2wUlNSFg0",24,871270,38064,1119,3167,3
"wId8XY6y_HA",1,871251,11982,420,977,3
"tXfJOSlnd9M",22,871120,2235,167,161,1
"WyIfwSUz0LQ",24,870260,8957,930,1520,3
"Dpk_EbOlOFU",24,869645,3703,1264,321,2
"4IhXigpGKcw",24,869349,9498,528,1227,1
"1Fr2qZGbVjQ",17,869277,12752,263,3710,2
"k6z9y-NlLTc",24,869227,3191,680,709,1
"yQGDTUkQlzY",17,869205,3581,331,357,1
"keb-vus5Dz4",17,869175,13553,1326,22,2
"ZANqw73F9Pw",24,869053,24819,415,1411,3
"AV1SWIPxxFM",24,868807,23763,740,2327,1
"VLcDEY_JMtA",24,868582,11205,849,9217,3
"KG0V3x9K47U",24,868395,14126,5613,2358,3
"H93Xc4rVENI",22,868328,30013,356,986,2
"tccTiVeQKA4",28,868073,9129,2258,1249,1
"9tyBP7XBWe0",22,867935,29573,502,17973,3
"6fv7CqCjiJw",24,867802,23523,3440,5936,3
"4XU-_KSXZnw",24,867796,7654,612,1716,1
"8DFpsC7VrpI",24,867671,36471,456,5353,2
"3gCAsAqU11Q",25,867263,46205,1277,15564,1
"2sW5doORhuY",24,867145,27184,763,6376,3
"Laq7-zUWv3E",24,867123,87178,347,0,1
"J8gUz1FkAnY",24,867118,34370,532,5055,2
"P4FbNH4UnMM",23,867001,7002,474,813,4
"rf5dsekDBCk",25,866639,41095,750,5355,2
"y4bAULTwAJU",25,866367,23214,937,3559,2
"6UR_H5XJkeM",28,865840,48488,752,3609,2
"9ZTDk9Sx030",24,865730,36454,5115,3268,1
"p5yb7tbLkwM",17,865691,4790,243,1656,2
"3VOMCocaluM",24,865431,7111,484,1398,1
"7cmzAjwmc5k",24,865411,5018,1595,1412,3
"9gcsozMPYg0",22,865332,33731,4961,14539,1
"y1NdA03C9s8",22,865215,33376,23382,45517,1
"A3ND1ZNEB8g",24,865206,5974,650,1730,1
"EAREdQKyET0",20,865153,42807,2271,9179,1
"dnpVNfHMlY4",22,864342,13834,682,3725,2
"1HG349cqBV4",25,864224,3079,451,547,1
"5CyU5YGx01I",10,864220,31446,1690,4708,3
"qeZw0c56bgQ",10,864135,15482,307,837,2
"LmxyIswRN8E",24,864117,4498,426,1718,2
"F6HVgrg92Rs",23,863623,73424,10649,9399,1
"tVYSrwBW1tQ",22,863114,57925,272,3250,1
"2lP2NWCcFgM",23,862954,52260,1164,2146,2
"CvfgO-2wWK8",24,862917,16619,1397,1412,4
"UzQP7u-IOxg",17,862838,8564,538,1298,2
"_8c_eg8V9S4",24,862680,32626,743,4909,2
"n-eK1Z81-rE",24,862428,8719,472,1939,1
"AyqCoftMjvM",24,862420,25790,3394,15483,4
"wGQEBtq5fQM",15,862074,37347,304,2451,2
"JMEvN1ecyLo",24,861894,7403,438,1108,1
"K1BZVCb0bYw",23,861666,110022,1049,8949,2
"fzCct3j-pH8",10,861630,25001,1495,1927,3
"rELHUMNt4HM",25,861496,30723,6249,7297,2
"q8DkyFH9jXI",17,861364,6951,1043,5668,1
"JNk3LW4cKa0",10,860820,12939,382,1193,4
"DMlITdf3w-o",19,860651,24800,1149,4004,3
"ceqntSXE-10",23,860583,98526,801,11224,2
"c0bsKc4tiuY",22,860410,48324,1616,2345,4
"gHZ1Qz0KiKM",28,860406,20489,2507,3083,3
"IbJwUqKgHkQ",28,860225,19269,835,2666,3
"NUCjnkwQ-Z0",23,860109,20335,276,4995,3
"3F_vdCHlDds",25,859885,10507,727,5367,2
"PIp5xKRsSck",24,859829,5574,2505,5315,4
"ROYA4u7cuR4",23,859809,24675,247,1009,3
"pGMxYimQ4uA",24,859700,92211,734,8922,3
"3EhPvlP8b2c",17,859256,4999,468,2375,1
"9I1rgSxKsaM",2,858770,19978,739,4559,2
"0X6gO3nDtco",23,858267,40697,581,2963,1
"-aI1eQwVewI",24,858179,25116,385,1923,2
"pCMEIlEA5Js",43,858137,5886,1028,909,1
"gIDht-wr3zc",25,857975,50439,737,12747,1
"AwS_DIMeVoM",24,857930,28239,187,1849,2
"EdetWtZDTsE",10,857687,2449,780,231,3
"2mBfChszA_o",24,857463,11128,970,2191,3
"jr3AHpLgm5g",24,857397,18288,150,317,2
"IwJ0xHIYsg4",10,857359,51662,1504,2032,1
"Rux4d-32fUQ",22,857201,35026,483,3498,1
"-rDGamXVTRs",24,856469,7452,503,1026,2
"yQyj7CAGmA0",24,856271,5972,618,1687,1
"buq2wv70dwY",22,856136,4257,884,5770,1
"6ULddMkL2ZQ",1,855972,3767,1395,1110,1
"WmFvh7YNqoA",17,855882,5081,268,537,1
"8-u5nd2GqNE",27,855475,23255,706,4011,2
"o4zrhUqWQuY",23,855410,34163,891,1522,1
"FO6My1joJVc",24,855396,44117,375,2800,1
"pqQrL1K0Z5g",28,855338,66722,1772,6342,2
"ticVkj8Ah-Y",17,855000,7529,821,798,1
"bs9y2NTRg_c",24,854900,10390,500,1065,2
"IoAEvo_BNW8",20,854774,9566,617,36,1
"iWeNDPTYAZw",17,854674,27494,585,2065,3
"ai6NByMmCVU",24,854432,35842,517,5147,2
"T6Z3Sl9lk5I",22,854229,45948,3911,14893,2
"Js3WIRF595U",28,853894,74675,657,4157,2
"FQEhK1SQlRk",24,853853,64089,736,12286,2
"jZZPSGlKTpU",25,853550,3935,471,1937,2
"Btk82KKXZTQ",24,853067,5456,777,2766,1
"-6b65coGHRY",24,852956,8224,950,726,4
"ovgMFFBV8X4",24,852766,11817,616,0,2
"wcLzJAzjUZY",28,852370,61138,551,18232,2
"GgJHuezu6QI",26,852070,49567,428,5599,2
"aizVxy4Xytk",24,851391,37755,3983,30189,1
"xGoVSqojGq0",26,851349,15325,878,1481,1
"46qTg3swoEo",28,851330,35075,1382,2879,1
"TrBg__xiutk",23,851068,42473,1754,1807,2
"9PgnBistWV4",17,850785,4915,255,2536,1
"yk06Gwsi450",20,850545,38271,382,7723,3
"kfOeQj7HsCE",24,850026,17101,444,2878,2
"n9JVbbRBqfY",19,849810,24036,456,3390,3
"cC2I-II8xnw",10,849801,47715,1236,6131,1
"emM4kIHyFa4",10,849652,16337,430,769,1
"Gjc0gXDE3aU",24,849593,5011,683,421,2
"YrlVffqU7sY",25,849213,2887,436,0,3
"gNTIOZ3jJJo",10,849045,57662,2498,5592,2
"HnnRyhuX_jM",24,848764,19656,842,3418,1
"veS1AePOYg0",25,848743,38317,999,7561,1
"nNTl0TivaRU",20,848734,107012,1753,30774,2
"njcg698krbM",24,848668,6789,549,1196,1
"99llRhH71vA",25,848493,3464,176,605,1
"NkdVyQ87s1Y",23,848455,80168,1026,4645,2
"hOLCEvGO-SU",24,848299,29533,2271,5819,4
"_doGRULWycw",2,848232,17679,317,2029,3
"89MA-LdPuQ8",17,848005,2627,243,1060,2
"QNzzJzdgUto",24,847882,14717,473,942,1
"5ELQ6u_5YYM",24,847817,20217,268,1639,2
"aTYkKrhj5pE",25,847121,2721,535,1150,2
"ixElcxn6PlQ",10,846594,36448,2069,7660,2
"1xvA4igq_x4",24,846346,6268,473,666,2
"upUhRS7tFVk",26,846227,50472,694,6000,2
"XZcs3MjhMeA",24,845532,0,0,2660,1
"tw4jkyfY4HE",2,845295,14957,135,1469,2
"npojBTA-pcQ",10,845262,29701,444,1829,1
"pVdZIygLH10",24,845252,53750,463,4276,3
"0zMSMJZc9EA",22,845235,49669,901,4461,3
"qpkXi0-XkxI",24,845196,9238,457,910,1
"1BnVApCGl7E",24,845134,11856,1203,1000,1
"zsXvDRuNCF4",24,845021,8598,1717,7579,2
"WRA3a7c4Qt4",24,844966,35145,431,16259,1
"3A8iPnSkM2A",24,844686,30562,2864,10164,5
"SuHVvSsNY2E",17,844572,8144,353,1679,2
"maDPbJaiJy4",10,844542,17139,220,436,3
"xlRCpuRA5xg",17,844471,4590,302,3057,2
"mgtI7DZUw1A",17,844449,3152,437,403,1
"mlCflbej6EM",1,844425,137263,2340,11031,5
"-le8V9CTGAY",24,843474,5590,676,1559,2
"QK_iX5cPDhE",24,843359,21590,632,2836,3
"kBo7FK3NO6s",24,843202,30471,261,1700,3
"AcyD9yszYy0",23,842897,24584,366,11967,3
"aT1gOazMMm8",24,842803,17356,308,2084,1
"hnu_vdtBWYA",24,842406,31991,1053,3468,3
"J_6p_KAfxxA",24,842348,6544,668,2496,1
"K-yazBBF3gE",26,842207,60586,450,4604,2
"t_bnyOOFDNM",24,842195,17314,2368,13887,1
"KjP7O26saoA",10,842192,32441,2286,2379,1
"Nt2V-EAdvQo",24,842085,4357,427,961,1
"oOZ_Q6qzXuw",2,841844,19168,996,6605,2
"ZSnVjIUqwSg",24,841815,3912,1136,296,2
"vpTrUNTUjnU",23,841698,91115,144,6845,1
"FxB_9JXjaQc",17,841445,4005,209,799,1
"NOOsYtNK5ps",24,841160,24386,1363,11998,3
"zu5hilGmfzs",22,841158,9075,575,1993,2
"yVeGBT7X-pY",24,841124,26084,1250,6746,2
"e6akG3Wsd5U",10,840996,9814,908,4294,2
"sYlCztAZ3AA",26,840955,41073,411,5436,2
"4VQIjYBbawE",2,840322,29047,641,6566,2
"qMrnVkDH2Ak",23,840203,59043,323,1903,2
"YeNXRD8eziA",28,839930,42723,782,6406,1
"m0Qd2usmPWY",25,839798,2887,475,1910,5
"ncjic9auHao",23,839692,15330,228,488,2
"EUfZCJtfAYA",15,839508,22182,694,3591,2
"_EMxJMU1dCo",26,839375,0,0,0,2
"yLfRPT5sEEI",2,839220,17184,913,5398,2
"v70z1jCZQuc",24,839166,31236,1435,2010,2
"QhE64beLG0Q",2,838776,15506,581,4398,2
"vus2jCm8H0U",26,838561,40865,689,2810,3
"YLyH53gav5c",24,838404,5697,440,1294,2
"zyOLIVyBqc4",25,838323,6473,529,1170,1
"9oPVwd6IDZw",24,838293,5946,568,2556,2
"l7p0Fphlzr8",17,838218,7440,242,2162,1
"HmvOAH9RN_g",23,837912,31090,706,2218,2
"0oj_NpgyZ5Q",24,837867,36675,549,16619,4
"TheDnv6uSaA",24,837814,27761,377,4669,2
"oXE-ssvbhQA",22,837787,49885,502,2459,2
"5aISC84gXBw",24,837614,6836,356,851,4
"w8UI8r9Ccwk",28,837469,19786,1128,2949,3
"-F9cQpO-Pdw",10,837412,6916,581,368,2
"HIwirSk4RjE",24,837266,73377,1558,26488,1
"jDnWeqmEiqc",10,836629,62287,790,3153,2
"D6ZMWwFS85I",24,836409,19288,151,611,2
"EHUYNVA6hF4",10,836309,50327,8612,14441,2
"0j1YJ78oSaU",24,836094,21040,330,2116,2
"gtGbF7JqxTY",24,835931,27184,313,4691,2
"PNn8sECd7io",20,835930,47058,1023,8250,1
"tj7Aa866ERY",24,835921,76862,1996,6791,2
"4hbm0XspKIU",25,835811,9760,1262,6027,1
"bx6vm_6Isgk",20,835750,33934,548,4096,1
"QYkUfS5BqTA",28,835685,30459,1341,6688,2
"YFHHGETsxkE",1,835384,76637,673,4822,2
"2jk_OTXYp8o",22,835174,7483,569,2263,1
"3v0c6smpHSk",1,835020,41875,358,3302,4
"jK7AeiPS0-0",43,834868,4700,1900,1194,1
"AX_oTMHOb-E",26,834769,14215,896,1578,1
"s1asnMSJ_5Y",17,834723,3310,709,1392,1
"HxVeBqvbGWY",28,834268,31139,574,6638,1
"zPJl2e38S4g",25,834212,72632,366,3405,3
"cBVTghAXTMw",28,834139,25029,730,3423,2
"VxZgNqL0niU",43,834132,4989,1199,550,1
"2UAjcNM_uR0",25,834081,4357,1108,399,1
"ktjv9D5aZQg",20,833952,34104,338,17636,3
"bV-80In0lt4",24,833923,2950,395,506,1
"aw86t-PJZ18",24,833637,5630,666,1158,1
"tzJBm3ThjJ8",22,833431,33212,664,2071,1
"D04ogdPt4EY",24,833023,21465,386,1919,2
"y7my1DmP6-s",27,832686,25167,1479,5445,2
"pqKx1DQI4Mk",28,832686,19569,2168,9941,3
"trYO4XkjSjw",26,832619,44844,454,4529,2
"89SqeJygI8U",17,832602,2079,216,858,1
"3Zir5m6VQg4",24,832446,7995,309,1217,1
"1QBuDmtJaAA",23,832434,61641,374,6255,2
"7Q59auc8ctE",1,832340,19480,462,2721,3
"ZDVbx1ZEs5E",2,831984,21482,926,9579,2
"VUbsFtLkGN8",25,831957,24840,1128,3651,3
"5lGxHT3JgGo",15,831929,30305,447,7409,2
"JpyqWDC-Dho",24,831531,28577,441,5054,2
"r17fqELkv7g",24,831335,15268,4571,15054,1
"PKFe2N7Xylw",24,831246,34423,502,3604,2
"tuIVZ9k-0tc",17,831217,10300,413,2136,3
"O-H_Ybmtu_U",24,831054,31508,181,1977,3
"GT23RJvMVLU",26,830729,122476,643,67730,1
"ykLUJF5B4WU",24,830634,2934,487,2619,4
"IPCnts6v_Pc",20,830382,19658,296,3680,1
"Ia5coRPmH24",17,830303,5914,341,2905,2
"nYHDj2sB-rc",22,830265,70127,590,6910,3
"Fr2GksNWdX8",43,830130,4005,1235,380,2
"-_QVCgZtWHU",24,829846,4412,1599,734,1
"lViakh9YI6Y",1,829786,29163,544,2386,1
"sJGgV3p8JzY",10,829584,92393,811,6687,1
"cR6N3g2qJJQ",26,829288,22427,128,451,3
"SoB0fmO0Tiw",24,829089,10699,221,1796,4
"yXsH0gm78cc",22,828999,25818,614,980,2
"8za_4g5zCOM",28,828677,26231,722,2657,1
"18RqtFuaNe8",1,828674,9092,850,827,2
"6a2bHgANVro",22,828573,28045,520,1390,3
"QTBczl6be6Q",17,828535,9246,581,277,1
"nA3vdCQiCMY",17,828363,3277,303,1384,2
"mTvd3GvY2xA",24,828306,78787,1177,16186,2
"W2C2LHE0szI",25,828071,42444,2193,6273,1
"TXWkTc5_G4E",24,828023,12060,433,1063,1
"s1yurGsRM_s",24,827474,18845,460,682,1
"iv3RglIBMP8",24,827363,41048,386,7038,1
"_tAUu9tNNIM",23,827278,17184,140,1028,2
"8y5OlHzhwFc",17,826676,3710,191,2507,1
"zhousYMIpYY",20,826673,13168,4147,1507,1
"tyV8IWsNxg8",28,826605,57327,577,17965,2
"9oqkJlRDdfA",23,826399,64977,1315,5991,2
"Ut7C9IEHW1E",25,826281,3475,634,108,1
"9TFMg_SSU6k",23,826145,7467,339,434,1
"KqK_x0083MM",24,825867,5627,677,1264,1
"m92zjIf4yN0",24,825785,1286,377,684,2
"v2dem7H9ick",24,825751,2467,192,1379,3
"MhZ7Zepw3Gg",17,824762,24057,1294,3282,1
"xfdUIY8rEmA",24,824568,49550,881,10906,2
"441OB0lP7h0",23,824198,33532,411,7034,2
"o_lKf3pYceo",25,823928,6943,1148,4539,1
"mQQoVi_PvdE",24,823874,7573,732,1247,2
"ho0WBKPJtfc",10,823812,73311,686,9373,1
"LP7WLlshOqs",17,823538,39453,635,2805,1
"R9tAAN02zh0",24,823414,10907,252,1839,3
"PCP5XZs3Wxc",2,823228,18066,666,4402,2
"bN5bXVZ9vuU",17,823000,31817,469,1873,2
"P-D0xRZE3tc",23,822874,43005,907,2840,1
"pxdocxZEJkk",24,822636,6800,471,893,2
"li9vTcuh62Y",24,822393,9098,506,2014,1
"SIR67et5tcs",28,822180,31836,1150,4845,1
"V8NAWrKlsAU",1,822071,9593,545,1741,2
"9rkFbKVownA",10,821992,44921,1332,10247,2
"qB24uIe2Q7c",26,821865,46670,909,3625,2
"aCddogeAHMY",22,821775,6618,784,2376,2
"O_adY_b-aLQ",2,821725,24922,758,5352,2
"chjObfl72xQ",23,821539,18458,286,1973,2
"q_MRqxPQ06U",23,821422,18778,1212,3182,2
"LnoSCAi8Huc",1,821346,19989,2660,3682,2
"Lq4g4DgbKeI",1,821256,23628,569,2842,2
"_OkhHUXWNJA",25,821029,1787,1161,3435,3
"0tt234VjI9s",24,820790,1157,511,735,1
"EfWGEgVuxck",23,820784,12641,237,991,1
"adrQcRwqwwk",25,820231,12503,1543,0,1
"25BuJwpn-9E",24,820128,28900,1939,4615,1
"UrLey-pX7Bc",20,820103,34610,1983,5583,3
"kZkIDiw0jDU",24,820097,8197,2174,9100,2
"l672ZKlMrBE",24,819987,4830,390,743,1
"XdNOI-q70q4",24,819933,33344,1020,4628,1
"LfR4QfmwTAc",2,819794,54181,483,7969,2
"cI5RYgvPHLU",1,819603,29750,250,3714,2
"DCWMU8pNESw",24,819558,36026,326,5928,2
"3n3L428I8MQ",10,819426,29746,1548,1549,1
"3Sa8G-VR13Q",25,819350,8928,780,2400,3
"9E_0oLsexRQ",24,819215,6118,780,3463,2
"i8rcWHa6cgI",1,819171,5932,790,1474,1
"OjmcKNa3w40",24,818943,77692,301,3997,4
"6joxqWBE5lQ",24,818914,14792,485,3637,2
"UCEYHvdlFgY",24,818864,17539,204,618,4
"-ftpBDCWNko",24,818677,31891,380,3635,2
"JqA6TZW9-0w",22,818543,44796,485,1860,1
"jPzC_jqrqE8",22,818497,30798,1064,2860,2
"sUyR_nz-JsA",24,818251,19569,793,4897,4
"KKjodfe0lgE",20,817964,45319,763,5877,3
"t25ETTRULy0",26,817902,50629,825,4440,2
"pyyXYK52nZQ",24,817860,4307,531,1243,2
"2l9hTgfWzT0",28,817817,22155,707,3057,2
"-PloVmHLh0E",24,817676,14254,276,945,1
"1purAy2MsOc",23,817528,81159,596,24534,2
"b0rUnWrZYv0",22,817456,19727,744,5511,2
"uVPZ-V0EyyM",24,817345,7659,4091,0,4
"QvYLrMv6OWw",25,817291,36431,797,8150,1
"sqa9x8ROQzw",22,817127,11258,454,1083,1
"4qcLz8M7L7k",17,817038,5403,415,2366,2
"HoFEa5Lbnu0",43,816868,3486,1058,320,2
"5dBzB3ssHaU",25,816853,41313,678,6997,1
"RP3UsFrDJfY",10,816847,61459,822,4099,2
"vdDrLl5OQ0Y",23,816804,75106,1463,6718,2
"45dj8U3xSFU",24,816760,12252,259,2232,3
"pyK5BcQatIU",24,816679,7754,1224,2805,1
"q3ySxUf2XhM",1,816657,8760,294,1556,2
"IprmiOa2zH8",28,816590,24030,2102,0,1
"ylxzfecackM",24,816313,37200,255,1993,3
"0KCh9ymU50k",24,816085,18745,982,2954,3
"qBJQteFrDAc",24,815922,37497,1353,12321,4
"rvsWaraR8CE",26,815909,28756,691,2821,2
"K_azHzB6vgM",23,815853,49305,396,2265,2
"M_gIHYVjvG8",24,815486,8772,420,1796,1
"vEy-F4yw1UY",10,815416,39396,672,2560,4
"ZJpKG9V2xds",25,815412,43383,990,15543,1
"7779JdxVAg0",24,815179,32264,3313,3487,2
"19QxOZU0zkQ",22,814962,24241,1619,9430,3
"Lhh6yT8cwlA",22,814562,24754,2133,6751,4
"HU5vtxfspjs",10,814418,1486,588,40,2
"-ftwZKwcIZA",24,814382,10408,154,1146,4
"4t6sEGeFoqo",24,814213,4278,560,997,2
"c3CDsoRDdRA",23,814126,71050,1805,12175,1
"YCYSWUeA8W8",24,814090,23013,867,3567,3
"jBUhd5Z9F_I",24,814081,8861,265,667,1
"FQ-wYxgSaKc",24,813948,4091,504,1300,2
"ataGEEHnl-k",23,813784,138386,1347,12132,1
"HvbQPAalA9k",23,813743,123655,629,11861,2
"OlY_8ulFEuY",22,813724,43358,408,2069,2
"EZSCtgfmEO0",25,813511,21439,814,3560,2
"6JahIALI2XA",23,813161,128344,1534,14679,1
"t_q95Ty7aTo",2,813072,21945,826,6661,2
"cBLDTfY3RCY",10,812899,85172,2502,5979,2
"lHYWDkpT8cw",20,812893,97980,1800,13530,1
"JGm9Y_hFqNk",17,812832,7701,320,2505,1
"QDwN41Px_sY",27,812724,25490,1019,5866,1
"IuoZin56fLA",23,812691,8571,493,195,3
"YKlN18ZIhts",22,812681,2302,478,79,2
"2dUzHR9JjLk",23,812479,17098,223,2970,3
"6K6yLHau48k",24,812462,4515,1430,613,1
"8m13viTynEE",23,812247,76664,760,4301,1
"H2nY7Tu1Qgs",26,812137,21705,513,2435,2
"a2CUDDhTlyg",26,811601,108516,611,247214,1
"dq5gKycTs_Y",26,811391,42281,557,5235,2
"oG-9BZiocYg",23,811388,17402,1238,1431,2
"iWFXM61A7oc",23,811225,55331,1595,2416,2
"T8x0VGk5yXs",24,811124,37319,551,5693,3
"cyDlvvirEkU",22,810888,7848,440,3415,3
"RRC1BmmQLqI",24,810707,3411,552,903,1
"LCK5VEyQBmM",24,810553,18896,700,2659,1
"x6c5KqpS7Sc",24,810490,21786,4519,3286,1
"mSVkk9lLv1Y",23,810366,18992,365,5528,2
"p1DAEZNyJ8E",29,810302,21878,428,2414,3
"jQkZRWoE-wM",24,810207,4008,1439,744,1
"9UWQ4faKkik",24,809763,31138,461,6981,3
"l9fTZwoTzy0",24,809699,0,0,0,1
"aJrCQypP4a0",24,809510,71594,890,5197,1
"jOxVZcxjDQs",25,809445,2452,537,328,2
"RGzv_s-j1wg",24,809318,26976,593,5032,4
"7imC7z1OPys",23,808730,57516,724,1777,2
"k9PdgjmQcKI",22,808281,50746,663,2139,2
"hFAFxv363pY",17,807994,7256,351,2573,2
"6DKlqRbNOSs",22,807910,6653,568,840,1
"LhtCrjQFiBw",23,807780,80274,1034,2107,1
"Hsbd0ebtCF4",10,807767,16549,768,718,1
"o-BODsf2T68",10,807622,47920,335,2041,2
"Zk7SYvVEqk4",17,807588,4574,216,1882,2
"RNNFfDqKH1w",24,807577,5487,674,1570,1
"ex_sBZXU6iU",24,807362,25703,1373,6471,4
"_F7iIkHF4u8",24,806934,29222,472,4920,3
"TsT5GLWgSkU",23,806842,75414,2078,5202,2
"ecrM2MqNlAM",24,806724,24732,396,3357,4
"yB4ogLIYBsE",24,806380,119340,946,6510,2
"hdAz1pNn4yQ",2,806370,52197,485,5044,1
"Q5ztgcdKTMo",23,806193,10397,968,2714,2
"l1KjaLQL5Fo",23,806130,48735,643,1085,3
"1OC24Pqdoks",22,805992,33403,4567,11795,1
"Uaw_pXHbscw",23,805705,20051,521,820,2
"i_nLsG_asQg",10,805588,17442,949,1132,3
"Clv2SeZI7OY",24,805546,6317,518,1087,1
"w9VFwUFJl5I",24,805361,9909,1225,4499,1
"2OhoAFBs_VY",26,805292,44690,493,4820,3
"7PW1ynLg2LU",1,805209,25319,328,2066,2
"HfoHeCBshCo",24,805089,19186,810,6112,3
"lUXWRSF9aiw",24,804690,26898,439,3940,3
"fhTmPfK2ymQ",23,804554,90193,1220,10303,2
"l_IFnDydIeQ",24,804534,17185,845,898,3
"hE3E5mEoWjY",17,804534,4424,340,391,1
"LFEUX014xHE",25,804218,2949,827,5173,3
"c6--PeGfMEA",25,804104,2813,2564,4044,3
"bEStKwxmPIE",23,804026,9900,1625,1309,2
"QtI9J-CzcUU",24,804020,25859,454,2662,3
"7abaAnfnyls",26,804000,10297,656,517,1
"P1zo1tGll2k",24,803919,17930,869,0,1
"BPQHG-LevZM",28,803879,22844,400,1551,2
"dXUXKgKt-04",17,803853,3329,623,639,1
"B1m19-MguPM",24,803784,26755,497,1807,2
"n7WE_fzaQpU",17,803295,6080,355,2094,1
"oY52Mp2Hb6Y",24,803264,3734,1945,914,1
"2ATuTL5i0_c",26,803200,37445,1630,2827,2
"YYimlrucN4s",24,803173,3810,51,642,2
"CJdehmJIH3U",22,803153,31204,623,2512,1
"lGdPcC0zBIQ",22,803091,15225,1334,4531,2
"dp6z35_rj5s",26,802880,19594,602,1599,1
"5JXrvulTg5M",2,802501,19112,510,4450,2
"d1ms0PHfBVc",43,802497,4553,1122,733,1
"Njz7Yj8OUMo",24,802249,6421,573,1145,1
"U7LFbqmXTeo",24,802058,7764,414,1368,1
"PmZ2QvjzpFs",23,801969,54518,2144,3684,2
"qE-gdNIL8WI",10,801930,24359,541,1335,1
"ZsGsHYct-vk",24,801918,4262,1344,559,2
"bezxDQydJUM",24,801779,11974,1171,3450,1
"BtycNBbJisY",17,801433,6886,597,943,1
"eDZKgSZ9V0Q",28,801205,41109,872,5432,1
"0WUSUUM3eck",26,801061,11223,812,686,1
"MT7RQ0gu8ak",24,800873,19909,744,5017,2
"CFatEWNx5RQ",24,800699,22328,429,2710,2
"gUayygcmP8s",24,800583,3327,225,399,2
"Uui869yDoX0",22,800520,11666,556,2049,3
"7s-dcem1xSM",24,800424,9066,335,1573,1
"peKyV9lAhdk",24,800362,16002,965,4475,1
"iDw88ijgdOo",22,800126,39569,741,3535,1
"gVh_wGJWn3c",23,800117,10761,683,1571,2
"4KXEtSipyMY",17,799943,5707,343,3189,3
"bp3Y_ccHKeA",15,799836,19635,407,3311,4
"k1cA-Wh3Tc0",28,799694,19416,860,6617,3
"MkWGimTCnBU",24,799564,3068,380,1851,4
"2lC-iKNeSx4",22,799411,18269,1958,3504,3
"DDBkXPbF9jc",1,799352,36594,522,5145,2
"3v4wRaYHIA8",17,799116,3739,373,1279,3
"-hI5Ds3IgVM",26,799107,44241,514,2405,1
"YQAgKwSms5U",23,799093,49505,321,2612,3
"Ef5yD5l93k4",24,799043,109692,3515,13220,1
"ijUK3z5rt5s",23,798567,36646,3116,10284,1
"tNUsoangGFs",28,798532,32002,562,2017,2
"spuXN0ccRQ8",27,798317,17753,1142,3429,2
"VVoePRCvENk",23,798129,11974,246,706,2
"S9Xg6iUxYXU",25,797881,4293,2468,2440,3
"2Z_UT82cGWY",24,797878,4269,472,3254,2
"U9BwWKXjVaI",10,797769,66019,738,9589,1
"ZyuUdvpguiU",25,797573,5566,537,1405,2
"vIInapwiY8k",24,797181,62277,450,1811,2
"zZp_dyjL04c",25,797053,4182,485,5630,1
"AuSVnJJOsuo",24,797040,5871,200,681,2
"wjNHX4TT3po",23,797017,20075,407,4876,2
"4uc_mbswRZs",17,796809,5752,242,1825,3
"Me2M9Aiy26w",24,796282,28231,255,2472,2
"KDke6ATQaOI",17,796256,3784,338,2262,1
"kXjeAqydmtk",43,796126,4342,984,334,1
"2VggEmXPnGw",22,795896,27854,180,1019,2
"rDbkDWsyguU",20,795820,33261,1192,14429,1
"g9kT9_18za8",23,795816,62043,1125,66941,2
"VmYHPgOSsfU",24,795647,4250,556,1056,2
"HQiDKE85P3U",22,795516,42221,2511,3846,1
"TOeWI-HClI8",22,795510,46405,480,2249,2
"vL2-H_0V7nw",23,795307,28656,2821,2896,2
"JzdWXY9gtH4",24,795306,4371,504,1078,1
"Sc10DYTgo4E",24,795224,20110,455,2652,3
"RAGrBikLtTA",27,795074,26619,3518,3490,3
"o-yV4i9wVqY",24,794557,7882,426,1489,1
"FlOZtxoKR7U",10,794535,14935,1162,668,1
"qSVFwv1Albo",25,794345,1076,371,60,1
"WKPIEWcGoVo",23,794343,40957,1124,2516,1
"Qzsnda62XLc",22,794338,31491,1406,5616,1
"xe5tXZs-iWw",28,794272,18533,570,2419,3
"2CgA8R_fakU",17,794262,3089,337,2282,2
"xGz_FZ0ePwE",10,794249,12277,3226,5823,1
"zA4iQ1M4rwI",23,794158,46965,1670,3331,2
"L0p8DD0c4K0",23,794141,15579,200,336,3
"brcZ6rA8JQ4",24,794122,6701,585,796,1
"gsmyNL_-lD0",24,794037,21225,1015,2796,1
"axaovrFYNzY",22,793776,95387,141,4841,1
"1mYB8onrPt0",24,793689,10248,1793,3581,3
"9gkxwIZPOZk",28,793685,30147,762,3620,2
"1xgbmrsgrq4",1,793324,23479,828,2027,1
"jp6qOnZuIEI",23,793245,52928,1109,4556,4
"HsscqYIznPo",24,793163,46429,6961,35343,4
"8YIy7NFdMQw",24,793060,4438,605,1405,2
"yzsKyUGebIQ",28,793048,19415,936,2531,2
"o2_OS8yq3qs",24,792915,10699,1678,7845,1
"wH-by1ydBTM",10,792858,62050,1205,9460,1
"xmtTvradOOQ",23,792828,18439,697,4188,2
"NePlddZpNKs",19,792732,10061,7688,8804,1
"iZUfPIKbgUM",24,792226,27230,607,1852,3
"iUsBakWRtwA",22,792208,2471,188,867,1
"FmE8DwZ6RHk",25,792189,6006,19561,14848,2
"iIUneE5-8iQ",19,792126,34008,180,1466,2
"yKbJKJ_whHY",17,792062,5988,453,3513,1
"EbL8cFLxqek",24,791929,18126,470,3073,2
"4zT9DsfIsP4",24,791834,10359,228,749,1
"-MjRdcifOpY",24,791826,5882,586,1290,1
"hpEjxsHT0Zo",24,791758,5019,986,513,1
"R3mjJV_XGaQ",25,791453,6986,1493,5857,4
"5F2Xjt3loe4",17,791415,5151,402,705,2
"ZhNThHNmUCQ",23,791115,12570,2357,2544,3
"Hq9VQespdgw",17,791056,14971,220,1495,1
"EsdjKHo8u50",24,790970,3351,597,732,1
"iMDQT7KqIhM",23,790690,16162,724,699,1
"cTBnDJ77kr0",24,790665,32185,1318,5428,2
"n64Cr2wNJnw",22,790257,5924,789,639,1
"Kam3xozMyqs",43,789985,3624,895,208,2
"H9KDcSp6yyE",24,789959,9858,430,1175,2
"xPL6fpkZ8aw",24,789850,21153,613,4509,3
"p9igNKBNJnI",24,789784,6173,653,2069,1
"rJNpWgla9QI",17,789741,6530,283,1909,1
"za0qXbofvc0",17,789579,15192,481,10891,1
"U-ml6ug1OlI",24,789527,23129,364,4812,2
"6H-pPsCX5fs",17,789259,7051,311,2877,1
"fSqxW9L-ZQM",25,789242,43658,775,13917,1
"vGJ0-ZiJlYw",17,789042,6140,248,1932,1
"EDBikEAtrwI",17,788997,4762,442,1410,1
"f-G8fK1LJVU",17,788935,15535,2557,2848,1
"i1xInSghaAo",24,788857,5097,383,818,1
"91JZzXSWzcA",24,788511,29921,487,8334,1
"GbFQeyMX3Sc",22,788401,2463,271,211,1
"sytrrdOPYzA",25,788394,12266,371,2865,3
"IkWxMG-JDk4",24,788390,25856,183,3026,4
"MprG7D-7jg0",24,788374,10631,260,1835,4
"EuaK4wPMIP8",22,788304,7863,694,907,3
"hKNRieaN0ZI",24,788301,11660,270,871,3
"dwdjmGGy95Q",22,788158,21707,753,2271,1
"I1iSrCtZb7w",24,788000,10315,160,1288,1
"saryG3D5nJQ",23,787915,8035,592,2036,2
"cQ1UVyn86lg",27,787784,13599,1139,4214,2
"moe3i3AycwE",1,787752,1488,135,62,1
"Ok5cvyRk4Vg",17,787727,5744,442,1038,1
"5KiZGRA_yCE",27,787699,18426,812,1668,3
"xGBqwZ9iBOQ",2,787690,18622,645,4903,2
"aC7p0Upkh34",22,787355,16811,873,3895,2
"efNXlVeeLIw",24,787340,9603,74,0,1
"lOEqzt36JEM",25,787119,30418,620,3133,2
"tQVwDunrv1k",24,787096,20102,644,716,4
"XAcjj16GMR4",23,786869,11124,177,439,3
"272qtYHyylk",23,786832,47231,874,4540,1
"UGml5yDhknE",20,786807,14601,2417,14,1
"eTUMXeRwm7A",23,786584,75201,370,3981,2
"Nu2yQ1zYDYU",10,786555,102610,506,9619,2
"AE8tATPge7o",28,786155,37126,895,6091,1
"nCzV6IolPXs",25,785786,8921,9672,19560,2
"jOc5wQYVLUY",22,785491,28048,548,7007,1
"6E3W8UZ-skg",24,785451,5660,653,1179,1
"hRXxZy9tvds",17,785372,2399,184,1041,2
"RROs-zCrSko",28,785200,33128,702,2770,1
"KWDUojLbxn4",24,785136,46291,1170,6528,1
"99sVSkLjAvc",24,784979,22810,859,2253,2
"6LuHS7ZeSjE",23,784926,31510,1018,1972,2
"P6K9Y6FWo74",23,784803,50081,463,1389,1
"X44nWi6ahg4",24,784673,10095,219,652,1
"6kT2q74G16g",17,784556,8191,325,3765,1
"NVSKowpRizg",22,784347,12545,1033,3426,2
"wYkpWoBpDqo",24,784333,4837,499,1557,1
"ydPYNo8o-lI",10,784158,59625,1267,3243,1
"2FbFUsU0yJg",20,784045,11878,4143,4276,1
"XdXfQ-ubWy0",17,783912,2535,214,1266,1
"eAnWK4D0_Ks",24,783581,40131,405,2011,1
"gj7ngd5iy0M",10,783400,16678,734,929,4
"ssk48FCVolk",24,783172,12946,274,643,5
"VtV4nNeZlO4",43,783125,3561,958,287,2
"uLWBWUwIx64",24,782969,17185,2096,5325,1
"7DTpFz8QJoM",28,782854,27253,782,3662,1
"6joCzIxiUaE",28,782674,41407,957,3178,2
"Ys9ziXRfEMw",24,782577,11520,238,1479,4
"Tk338VXcb24",28,781799,49941,415,5662,1
"3rglMVDb3Go",24,781662,4261,289,806,1
"yWApTTLn2Qk",24,781657,10991,490,820,3
"7Ps_vqnf2Rw",10,781640,28030,664,2003,2
"rrbHID-DwO0",24,781601,3177,1018,230,2
"q2zRmgjry5w",2,781493,17250,865,6013,2
"5Zj1NaOWDQQ",24,781365,2139,700,2503,4
"_YCEqYyRKqw",22,781251,4496,247,309,3
"gs-iqvX6pOA",26,781217,19203,1868,3368,4
"w8AJBlmLMZM",23,781189,54378,837,5935,2
"PHYvZDjo5uc",24,781163,17956,1339,3028,1
"NcOmVLnaeFk",24,780890,52917,534,3427,2
"iiQ812I4CZ8",1,780860,18994,405,2203,1
"XLImkRSpC10",28,780664,20441,1206,2155,2
"kDI8dD4vReE",24,780311,20986,868,4010,4
"XwOkmpNBmWo",23,780001,47252,509,7159,3
"sbLox-Onjhg",24,779855,13993,276,2371,3
"fC6YV65JJ6g",10,779693,56478,1343,2868,1
"twi_5o62cbU",23,779474,43732,1128,2999,1
"cZ6tM0Elhqg",24,778993,6231,486,1034,1
"hChTJwomjUg",24,778899,29451,712,4882,3
"dbMtuJ1tZnc",24,778876,14895,933,1267,3
"o304E6xDzcE",10,778605,17262,751,755,1
"kVYTGWqffzk",24,778516,32322,382,16710,1
"LAjZSwa4DCQ",24,778424,14125,881,4472,5
"FH0NCnqKwmM",43,778339,25196,277,1839,2
"wswvNZveNHc",24,777796,13866,6940,6089,3
"QIYQPaWf_3c",23,777258,59050,592,8726,2
"W1snqrkgMds",25,777028,7167,162,1303,2
"bbMn7LH304o",22,777008,24683,388,9128,2
"WyWqEFeKX2E",10,776846,13889,1697,1426,2
"6QCF8tVqM3I",22,776513,1499,1658,984,2
"l3d-sBqrctM",10,776290,89727,924,6931,1
"_PgMjA4x3rE",23,776281,30805,594,4614,3
"o4duS8xz3h0",24,775954,12208,111,309,4
"Hez55mhB8UA",24,775820,25711,565,1659,2
"gy_aLyB41wQ",28,775652,25063,2533,4391,2
"NKmGVE85GUU",27,775447,28955,674,2303,2
"589tgotIxLM",26,775351,50473,755,4795,2
"J-qBH_5a_Bc",10,775212,20556,720,1346,2
"hoRblaDwSz0",24,774978,5074,439,1173,1
"NcFVLOl53i4",24,774795,2776,396,78,3
"shyCmvnpMZY",24,774773,16565,201,3917,4
"nzNGEB1BQuM",26,774697,57651,1303,6778,3
"i1Zym3v8tL4",24,774509,10250,1246,5516,2
"sF3H48pN4Ao",24,774323,16401,508,4072,4
"hmQ5C3aJXlY",24,774226,22555,751,2482,2
"0Iyjm5crBfM",24,774153,70336,385,1252,2
"xDd9G2X6al0",24,774005,21507,384,3834,3
"TmNEvEIkwR8",20,773607,59052,553,6056,3
"i_o_3suFk1o",1,773358,22960,552,3403,2
"GWlKEM3m2EE",20,773347,25900,224,3881,3
"paJD4r31rB0",22,773227,44741,506,2678,2
"k9K06dCP-lc",24,773151,1837,50,239,1
"5tSTk1083VY",22,773116,21049,777,3926,2
"GoMo2YVvpfo",24,773016,5331,572,1221,1
"ZYZMqezj1-k",23,772927,14015,916,621,1
"X91nVd40KKY",17,772856,7335,850,448,1
"Vt_TC5L2Qvw",17,772511,11317,368,1871,2
"1FCUwGm804M",43,772368,3615,846,313,2
"UdcOGSOnEDM",24,772213,10074,598,4195,2
"j0VZtMVAxg4",24,772143,17209,113,184,2
"lK4eto4en2o",23,772065,24819,452,1158,3
"6RlQcWrbPl4",17,771854,43871,382,4832,1
"BnyFBitExHw",10,771689,13909,908,278,1
"atkqGGsF42k",24,771621,1773,413,2612,5
"oGyboe1YzWc",26,771341,9482,784,775,1
"S5xFft7kg8Q",24,771042,16811,581,868,2
"vSKEcHoouyA",24,770609,8624,1641,3511,3
"WWT1-2x3xzc",24,770535,10616,190,1108,2
"N5fb4psyvwM",23,770374,18674,312,4015,2
"lscQDAf4hjA",24,770325,4924,594,1066,1
"tccBPKjZXrs",24,770203,11339,1386,588,1
"h82ORe6D-lg",24,769935,6015,508,1423,1
"HyNJ3UrGk_I",24,769885,5446,75,661,1
"pRN2VS7gyj0",24,769772,4861,1050,584,1
"QOZke5DwV_s",10,769771,56577,1167,3994,2
"mU2yb76829Q",43,769673,5878,1117,921,1
"6rMaV2thdv8",24,769579,39357,660,8788,3
"48SbgzxKW-E",25,769347,24823,4977,5034,3
"Olub7jCqr14",23,769330,66477,2013,3219,2
"9phRtXaWk8A",24,769220,34959,470,6450,1
"Tr03Jm6GiZE",24,768779,8223,231,958,1
"5Q4SgeC8h_A",20,768694,28692,1205,9350,2
"TuTQN7wV_BI",23,768648,42031,1078,510,2
"DCK-h-xXk3k",28,768342,26922,517,2010,1
"HoimIkxSCSA",24,768248,36449,3985,10506,2
"NbafL24FFNA",24,768171,0,0,582,1
"HntiKIn-q54",10,768064,24722,513,1229,1
"GfWrvaibYnM",22,767832,10198,947,5628,2
"ck47IYhCVjc",24,767416,4029,1455,630,1
"cPYXqBaqUgU",22,767268,18513,442,1748,4
"rBWhi5da-io",17,767222,22762,1054,1576,2
"WlveebuxoN8",15,767015,43059,1099,27682,3
"5vmhVFK5A8Y",24,766861,23745,993,5092,2
"9XaS93WMRQQ",10,766846,31177,488,1358,4
"DwLVm_M9O9E",27,766401,3493,657,3403,2
"A3U8O8Yg76g",26,766089,18305,662,2028,1
"HbaQ9xnoMGQ",10,765943,38575,1147,2128,2
"RuPnHfak7BE",24,765563,0,0,1573,1
"V6ElE2xs48c",43,765531,18681,461,1444,2
"smjf3M6-1XE",28,765515,22876,667,1760,3
"hzb_NfYZxeI",23,765513,18803,219,1072,2
"gcDCdoSN9-o",24,765455,8364,445,1450,1
"-IqpbDJFbZA",28,765436,40047,358,1820,1
"kK8iwy0PyLs",22,765085,3581,186,531,2
"rKFoy7dFym4",24,765059,76989,3017,14178,2
"cRv5vTX5RJc",24,764887,18075,184,0,3
"pA5NbgdpRpk",24,764775,20132,1600,7991,1
"od_TG1nDAK4",1,764560,37327,668,7195,2
"Tn7JdGq53kg",43,764262,3949,1105,604,1
"8Np9Kk82-zA",1,764020,24167,1310,3979,1
"5aCsNs3eYTE",2,763925,20540,4096,12336,2
"WOrq_lgSKgU",23,763887,7906,1029,800,2
"Agvhyd96Dts",23,763709,4289,547,152,1
"XP1PDe1QLJA",17,763384,25779,526,2900,1
"F9c3WniRoz8",1,763383,6026,619,2417,4
"5Te0A7BAC0c",25,763204,3394,305,2713,3
"ttZYliVGDTs",17,763196,3244,433,1316,2
"F3m9yVlJDtU",20,763015,35604,523,3769,1
"4Vgigt3S4d4",17,762808,3838,374,247,1
"CPy0-J6pxKI",10,762751,36965,616,1405,3
"9o_ZwmgXDHQ",22,762670,8927,1062,2443,3
"rZes3Kp_ZuU",24,762668,7542,675,1426,1
"cvhH_rsblbI",10,762665,30468,355,850,1
"n2uuKIxcdv8",17,762526,61120,805,2868,2
"7K8L0SaD-dg",23,762369,19675,1102,1615,3
"0DZlwgP-VMI",24,762343,31936,460,3283,2
"niszo7Q1QN8",23,762208,5320,518,646,3
"XMyqt33HsCI",24,762085,5798,574,1954,1
"0KRpcUAtg00",26,761971,38409,575,2007,4
"K0v7yxczipo",25,761896,5402,897,5773,4
"uqIimB2dt4s",24,761757,18367,1143,1357,3
"oD89H6s1Xzo",23,761723,37961,1313,516,2
"k3fDCaRE0fo",22,761617,1036,517,77,3
"XbuQAbG2AZ0",25,761318,18648,923,2563,4
"D_Tu1s4iES4",25,761215,2019,502,868,2
"fkJdGtQ0rTI",24,761128,4911,226,1184,1
"mJqUCHiF530",24,760475,37238,1083,12002,1
"Cve8GnSb6-Q",25,760253,36716,950,8905,1
"1YlDlzlTHZ4",22,760130,19832,541,3710,1
"GwQqLeR2uHM",17,760076,3563,244,871,3
"jBBBYNZeuk4",28,760022,27329,835,4050,1
"jNW4ZV3bfLo",24,759828,28821,476,6106,3
"jsNDO9nc_W4",24,759605,3766,300,341,1
"UmnWk-Sa5n8",23,759466,16443,248,729,2
"hpapqEeb36k",26,759465,33415,816,1735,3
"2g6aKKTP05k",24,759368,7582,398,1635,1
"wLBrjrcMlCo",10,759270,15816,270,713,4
"OvRhehU_AIU",23,759157,49641,631,5918,3
"u_1sVri3b2w",28,758981,13992,508,1666,1
"hS4XXstzocY",24,758964,27620,474,3697,3
"ZKZwrlNHMkk",22,758922,17062,3198,3631,2
"8sRu_Xg3laE",24,758809,3649,212,443,1
"wOFdhQrwVuQ",17,758704,3161,244,758,2
"qdLM9KfvUB0",23,758690,31958,2325,3596,2
"-jWIDwq44ZI",24,758606,23683,743,5742,2
"YYOCmR5Lvbw",17,758492,11936,160,1472,1
"VBc_XRYzZy4",17,758389,8228,275,1564,2
"ubXNtSVKSiA",28,758383,20968,704,2120,2
"1rge4Wo508U",20,758181,32572,658,9412,2
"b03U6BYF9L0",28,757936,47673,2476,12671,3
"4srOE3pCCo8",17,757927,10169,2259,2514,2
"D3e9CXbrIF8",24,757841,23298,692,4329,2
"rXyKq7izYCQ",22,757764,6667,2808,4305,2
"cKoIESw1tdM",24,757749,7547,255,510,3
"-rRZPEhEvAI",24,757741,3828,425,1176,1
"9hWnbI2dAbw",22,757541,4127,713,540,3
"xK81LJ6wzvU",43,757370,3698,1710,549,1
"z_pzlfL4-II",10,757275,10242,1373,1934,2
"1tvLIhEaEKo",10,757208,91280,498,4519,1
"SaoePc6JwDs",10,757091,53319,1434,3788,1
"86DCTSyzXsw",24,757067,2375,228,1380,2
"FAKjmwcITQU",10,756982,11050,381,435,1
"FHl0nIdbiLA",23,756962,22854,2983,2902,2
"j1yVXcJxmSA",24,756959,9976,262,645,1
"lCPsMawKJLQ",23,756386,28406,311,3216,1
"MXpPRTHo5fs",24,756051,42117,1103,4366,1
"vO3JHacPopY",27,755748,0,0,396,1
"jnD60VCokVY",23,755687,13582,763,4294,2
"n-tyhgEAbo8",24,755444,8926,814,807,2
"mY2d4XWe0Ag",24,755189,3842,366,919,2
"DPCW4yvWQT4",24,754984,21942,2453,1635,2
"zGiD886UkBE",24,754928,8793,1186,4810,2
"XkAIFDDiySM",22,754814,4385,173,947,2
"_ckccU8ojRg",24,754670,11906,422,896,3
"WmNAncL72Ec",23,754421,21759,563,3342,4
"p-bGJ6W1Im4",22,754415,11215,220,678,5
"Tye8Q52xdfc",28,754273,22173,1408,3026,2
"GJBPByKTR_w",24,753911,11975,343,939,1
"Ns_rMDF1ENQ",26,753840,13061,908,1422,1
"gus-vFNzexs",23,753796,17113,187,3400,2
"YFa4yKFvYhY",17,753794,2128,215,1695,2
"ObyEoWBYk0g",20,753680,20022,549,3004,2
"44qDW2T65-o",24,753562,17914,726,5069,3
"bmf1wPXkMNA",10,753453,63208,1447,10565,2
"Hl36Ax4JCC8",27,753443,31545,946,1607,3
"DAu_jF-9AXs",26,753260,38260,246,1542,1
"Lws7UV_La0o",23,753073,83810,608,4668,2
"Sw_K24hbRjU",24,753017,32267,231,4250,2
"nh_eZnSZCLw",24,753010,7139,1010,628,1
"1RVtD07Ix5s",24,752524,4870,382,688,1
"UdpvMIeIqSQ",22,752455,3783,538,488,1
"h0xHxZpNAHw",10,752263,54441,628,2846,2
"gIsDpBMXbLo",24,752085,44462,677,1737,1
"CYl1YwAO-ew",23,752058,22688,414,3276,3
"JQWpA-9kmJQ",23,752047,13216,207,722,2
"b4D-2WiMw5A",10,751428,32687,1031,3006,3
"eHfxcts8dfI",1,751352,8816,599,1560,2
"_1I7k_uMb4c",24,751001,8244,1254,2368,3
"8JfMdhrbehY",20,750784,39322,730,2975,2
"REEg6Jwmp6s",25,750767,5453,1357,3269,4
"Q4saMK-QMS4",24,750743,14491,551,4054,2
"mf7MlxZ7VSo",23,750634,11666,771,576,2
"3XklsSF53pc",24,750633,20516,545,1730,3
"mviTS_cIWXg",27,750582,26826,1417,2892,1
"cUQ0aNuhR-s",24,750505,2904,554,2654,1
"7ZSRN8jRrOA",43,750394,3354,1496,580,1
"IR1zaij35tw",25,750227,5350,1470,8901,1
"4rurVL9_sss",22,750131,12166,3120,2271,3
"xVAhI-vWgvo",23,750091,18771,650,1933,1
"ZOszin9227Q",2,749939,16269,613,5304,2
"ZyMByVSIEKE",17,749817,3897,378,653,1
"X-MrVZQ0tSU",23,749798,16512,631,1435,2
"rwRR_mxPJhM",20,749793,19625,504,239,2
"xrOybe9aKSA",10,749562,60407,768,4697,1
"eYJCjVkOImU",10,749158,51420,291,2826,1
"BgXOoWQY-MU",43,748860,5001,930,800,1
"cV5Hstmef3w",23,748677,40226,2888,881,2
"b8IN0tY3fus",23,748327,52654,705,2170,3
"dhr9t_0ajRg",25,748228,45730,837,6308,1
"Y7CvwKzkBr8",24,748172,5431,630,1163,1
"YDO_tINv1U0",24,747950,13799,3873,4828,2
"PZEuLfiZ5Uo",24,747584,2832,1375,1093,3
"Er-hGFBcosc",28,747534,34986,2565,2018,2
"nVAjY6pQZFo",17,747529,2920,144,793,1
"Fyj1fcJbaWc",2,747410,15926,764,3967,2
"PCVtE3wRNPg",24,747273,74453,1530,3427,2
"Sr2MPdEGEp4",24,747109,23762,740,2117,2
"3tYpfAPVEs0",17,746980,6918,950,4662,1
"W8zTvBaqvlM",28,746769,28311,1831,4087,1
"dK2Toc4x0fw",24,746481,19004,496,3181,2
"OOLQCElJ8T0",24,746391,20013,597,5746,1
"q_K5B7C-Fiw",25,746349,55885,1019,4392,2
"VMw5XohHkPs",23,746165,38315,799,6145,2
"h4XkP10BQNo",22,746100,12652,860,2508,2
"ZmpgsLz00hE",24,745973,29113,380,4107,2
"eNxK65c-K8o",1,745360,2455,429,477,2
"UVaeRX9LybU",22,745358,47231,1621,12431,2
"mAfkkgw_-68",26,744842,20510,368,1171,1
"y3G-TxZmjqY",24,744839,5118,555,1524,1
"ZY2Qbkf5eAY",1,744776,4319,421,859,1
"1ZfNGq75iFY",24,744373,4467,122,911,4
"-66xHRJSPxs",24,744363,21224,534,3009,2
"jThepREUAOI",23,744066,46481,1725,8741,3
"RsGGQAJ3Bb8",24,744048,0,0,0,3
"mOyB0njcxqI",24,744025,27509,387,4074,2
"CxBj42JhqDI",26,743799,79239,762,19318,2
"Y4357OXULfc",24,743499,11297,407,2829,2
"Ymovqj73k1Q",25,743372,2594,219,1228,1
"RyhvowVn9cU",23,743363,20146,274,4587,1
"1FBDbOl59jA",17,743359,46648,778,3063,2
"A89QF7r2luY",24,743257,2484,936,1154,1
"_Pi2HpQ9pLQ",17,743133,6747,532,4153,2
"mN2wV4ynyFA",24,743020,49782,6519,7414,1
"u75cO2C0DV8",24,742966,20610,1084,2427,1
"TRY2eQju5nc",23,742847,95693,2384,8772,2
"RM9kvx1alZ4",10,742645,23141,471,1844,4
"NiSMG7V4QpM",28,742644,2598,221,267,4
"EQvdKS-QX_E",17,742624,19129,255,1704,2
"bcI03AFJSw4",24,742597,23629,676,2490,2
"0XROvoPCDNc",27,742536,3703,850,376,2
"JCPy1AI4AOw",24,742354,6122,877,1035,3
"Es9CfWMmPRU",24,742310,15675,498,2417,1
"hR6agVkRRUo",24,742278,31020,260,1582,2
"moByVX0wWVE",24,742245,65916,618,4319,2
"Iqbhl20fyaY",24,741932,10636,222,1267,4
"cXf5SOhwu1A",24,741713,19736,592,1964,3
"yT7RTNLncQY",22,741658,8445,495,2591,1
"TZC92IIwxP0",19,741581,15650,712,4715,2
"R_h63IsmvSQ",28,741350,41765,887,5125,1
"k4Zwwl4Txyk",24,741128,5671,1219,6226,2
"M5BG4alJq5U",24,741099,5699,547,306,3
"KF-N1naN1yE",2,741081,19662,982,7848,2
"t4ZsyO1n-kA",24,740933,20198,236,1406,2
"gmYVhf6-gEc",1,740800,29331,197,1530,1
"VhnE-f3nLt8",23,740529,9194,293,730,1
"1h7KV2sjUWY",22,739895,51050,297,3326,4
"nONx_dgr55I",28,739774,4372,950,1489,3
"eOfWT6aRgCk",24,739673,7762,603,2038,2
"TyEsHy1HgJ4",24,739511,10764,317,1621,1
"PtR_Wzf94C4",26,739504,21100,1089,3690,4
"RlWE8WQluvU",43,739416,3321,791,197,2
"SsR9ohalUp0",22,739369,8435,753,2030,2
"BR4aMnZMwic",24,739340,10372,1172,5674,3
"gEX56vZPZFE",24,739169,11196,2223,1827,1
"CU8qwXYH83c",23,738925,8895,118,272,1
"StXPZcGg46E",24,738864,29360,391,4146,1
"_9WZLgqENt4",24,738691,32245,551,8103,2
"Bhck-t4adLU",24,738667,14221,221,1007,2
"0aYWB3d7bJ8",24,738561,2519,224,1014,1
"TOD6qKu8nxQ",20,738050,14893,2002,43,1
"YaJzQ11Pq8c",1,737771,17252,997,2922,2
"AjopUzHPE4w",24,737769,8489,191,555,2
"B7AjF4of300",17,737681,12640,446,726,3
"jmW0WjRaCwg",20,737613,32851,310,7195,2
"HxVLdhm2B6Y",28,737047,41422,2567,3668,1
"P5e7cl19Ha0",27,736928,25659,495,1787,2
"32_kC-EioI0",23,736626,27228,1646,2945,3
"KstndSY3_-s",23,736556,14610,852,708,1
"msDH2zgKmXo",25,736555,15120,697,7857,4
"YcO4o3M2bMI",23,736389,32809,2595,4230,4
"MqY-o3uuemo",23,736275,8201,411,912,1
"oD9XpUKD7y4",28,736249,19932,765,6097,2
"qyR9P9QIk2k",24,736064,3552,319,1182,1
"yFt6wpGd7PM",43,735851,4056,1274,661,1
"yTyUZBVfM1M",17,735659,60880,623,4165,1
"Ybm5MTxLeik",17,735597,3533,221,1226,2
"jzLac4R9Sik",24,735545,5425,454,1018,1
"GStMSkhmYEs",19,735271,20786,629,4894,3
"_Amf7iNB3rs",20,735267,38757,349,10743,1
"55oRa7u3dGo",24,735182,9644,213,904,1
"X0NmlXvrQ-E",24,734551,25075,292,3783,4
"nDoQqQUa9C8",15,734550,32769,1436,14285,2
"oJ8Cf0vWmxE",28,734425,26994,1414,3556,2
"uOCdmO2Cciw",17,734256,4440,2639,2352,5
"rLALbLGJQ3M",22,734252,37985,199,3277,1
"R64km7gfHLQ",23,734098,19792,546,6254,2
"eGAoaG2Zz0g",23,733927,31568,624,1629,2
"vJJxV4goxo0",24,733590,4182,904,198,1
"GwaomwxwU0w",24,733584,7037,424,566,3
"hzaozYJLnrI",10,733524,5552,132,687,4
"u-7IXNLeY3c",28,732914,27667,2438,5174,1
"k25JLOXYh2U",23,732891,52779,589,5395,1
"O5GhCbhGWQ0",28,732828,16744,949,2053,3
"6BJokXg8eLE",24,732802,28838,943,6820,4
"6gx1u5YLunw",23,732370,32452,2445,1461,2
"xlQLyAOQXjQ",26,732334,31193,1034,4819,1
"eljAjPH6zQI",26,732311,36727,858,2574,1
"hn4mxYDmWgo",23,732084,18831,1147,3939,5
"ZfSCYbRd01U",25,732003,4166,1557,8023,2
"qG58HBtV5hs",24,731954,9661,159,1044,3
"q7wPq2x-u5o",25,731742,4598,832,2774,2
"h33u2eeVqXo",24,731538,7000,166,1272,3
"EDy1vR0n204",24,731233,34047,1121,1905,1
"a1sU82JmY1s",28,731219,40636,4232,6573,2
"3bqjn_yC-WM",22,731068,4076,184,240,3
"e9NOwaiXqqA",23,730961,11636,392,477,2
"6SS1UwRnhRQ",24,730764,39897,799,4109,1
"zGtUuXyD2pk",24,730743,15513,716,0,1
"qd9oEhlyIKY",27,730726,15966,522,2343,1
"bK0TEqDtkK4",20,730501,50788,1948,7984,2
"rDwyhK7jPyM",2,730208,16951,593,3180,2
"rt5eiCa-1qM",23,730167,51623,928,1619,2
"-QRvDuTq_uY",28,730145,25429,853,4323,1
"4ZxDEPJGgDg",28,729880,6904,2214,1562,1
"ZxYt2s8FZi8",24,729654,3666,518,803,2
"bMRs2hWIFak",20,729603,40962,430,8336,2
"GBWLP-iDUqg",25,729532,6257,140,744,2
"_AYHwryh00c",20,729420,2253,309,234,1
"hf7z001WkJc",26,729370,34255,230,3102,2
"ecPTACaYipA",22,729185,55605,1265,5647,2
"LC_pOHj30zU",23,728840,32115,1320,2760,4
"CQbKctnnA-Y",22,728758,15311,499,2562,1
"GsexKH-Ubnw",22,728311,12637,768,1532,2
"qYNNT1WIhwM",24,728277,13051,763,917,1
"qgAX2YuIxWU",24,728210,4585,4855,6633,1
"386gkrAKKC4",22,728105,21628,1051,4744,2
"61SWGdZ2p2M",10,728076,27806,1059,1392,5
"njeN8GCGnYE",25,727793,5429,1183,4512,2
"8bYzXI7bb8k",24,727624,32175,1558,5990,2
"Zv_Pf0eWhgs",17,727611,4152,245,382,1
"d3h_uD-5d7A",26,727495,46530,1071,4349,1
"7sZ1t8_47RY",10,727456,22644,574,1358,2
"WtftZPL-k7Y",23,727370,50908,442,24597,4
"Hmb0Q0Q_7jo",24,727254,23226,152,1184,3
"zRNTHHa0vrE",23,727213,59825,634,1067,1
"zzjNCiCqiOs",28,727208,4987,716,354,3
"GDoBJ_f5mUs",24,726616,8526,162,226,1
"QLVqFKufbvo",17,726532,2079,200,845,3
"AqkuoZm8XfY",24,726461,9735,7075,2020,2
"C92tDbdP0-0",24,726445,5870,484,983,1
"vIJwOe4D_xE",22,726365,33216,2630,3273,1
"kCg5D8KMqk4",26,726343,38238,521,7940,2
"HdSLKZ6LN94",24,726328,30812,276,2089,3
"6Xw8i_N5ShU",24,726185,8690,895,3941,2
"b2txBXQGjJ8",24,726006,16972,734,3865,2
"ZjmTXxNuH1M",25,725894,5324,471,345,3
"NU6csFGGdUI",25,725826,1944,221,202,2
"r1FBWLLjAGk",24,725801,7952,391,1618,1
"qwHM93hxcKk",20,725734,36525,522,12622,2
"L54yDEcL2vI",24,725600,3674,432,966,2
"2E_HEeOpiEA",26,725531,57536,1057,107565,1
"OZmLMcYrvpU",24,725101,4027,1776,425,1
"IrmsHzNTSZ0",26,725007,28800,1241,5619,3
"zy_8tFn2ykk",23,724941,38739,581,4936,2
"TLp--8wBVuI",24,724799,4164,522,1089,2
"AfC2pHj0VZA",10,724574,40223,254,2379,1
"09qKXPbsWxM",24,724545,34787,3947,4766,2
"9GHpcpjFyC4",24,724509,7358,594,1618,1
"42IIfJFtePo",17,724066,6042,196,2331,2
"RVl35mjfT2A",17,723653,6629,237,2263,1
"eKms6dY5uFQ",26,723558,21145,1326,3643,2
"jtZg3bP_9c0",23,723481,73772,1383,8607,3
"K3ZwxsTOD_8",24,723376,25017,1101,4954,4
"Lb7eCca1iAo",26,723344,14099,684,1142,1
"rA6DB6CBwW0",26,723066,18112,570,1618,3
"ayXHGQtX-so",23,723031,73257,843,9511,3
"eHpUM_UoX28",20,722924,40500,605,15199,3
"tuONqBMf3XA",26,722893,22964,1330,3907,3
"q5VAUNSgb08",20,722803,44131,437,17465,1
"OSBl32lNGBg",28,722776,17486,2487,3830,2
"8k2JwSj-bXk",20,722651,35606,257,4814,3
"O4-j4kwtu9Y",28,722377,19943,149,2268,2
"E4vorHrMsuI",24,722254,25041,290,3278,3
"Y9v-aOWd460",22,722093,18855,1426,2348,1
"UZ8udeYYXF0",23,721662,3074,813,99,3
"CorRhiUlsYA",28,721647,28138,508,5121,1
"2AkE49hZfr4",26,721270,25232,1401,1750,1
"7-vFiHS8HC0",27,721205,8442,1059,3359,3
"q39MWsIvphY",24,721055,6659,366,1058,1
"8z2sy7DJQpA",24,720954,7604,396,1476,1
"nwKlhHkbIVk",17,720830,5170,487,789,1
"CoxWUST4kf4",17,720823,3263,230,211,1
"IjQCcxph10Y",23,720727,19357,605,5226,3
"UOfgkkHEcfU",10,720581,44061,717,2802,1
"lW_1hgOkvjY",22,720529,3898,542,2058,3
"-SJywvgaJEI",22,720476,91594,693,17808,1
"xNGjFN2ET0s",22,720413,8858,570,2629,2
"toIRK_qKgQ0",24,720359,42509,659,5818,1
"y6ufZf6OhxM",22,720070,3563,435,924,3
"HmL-7umRiRA",24,720035,7394,204,552,2
"ZnQGzfrEpsc",24,719962,23272,256,877,1
"39RS3XbT2pU",25,719855,17425,698,3059,4
"88qeUDD9Vv0",24,719842,21208,1428,2772,2
"zwV6Ygc93mQ",23,719776,34395,597,2300,2
"L1IDd-1P9YY",24,719468,9295,182,477,3
"9mBtC2aupyU",23,719361,45533,912,1125,2
"OcQl2ra57ME",24,719288,18881,694,4243,4
"KyNJ5I_4bGM",24,719129,13513,210,1072,1
"caH2kS0PXAI",24,719116,20505,318,4742,3
"Gd9JQAkcYak",28,718976,4221,543,1354,2
"DeCoH6dPPWU",24,718974,16205,220,1236,1
"SI2szHQL4As",20,718822,19699,5085,3932,1
"dgwe6VnPPVw",17,718736,22047,602,14109,2
"sa8kHgmZIiQ",2,718723,18962,2122,10155,2
"_wdAQcTJZ-c",10,718255,40206,638,3255,1
"E_8wQsmjn0A",24,718234,28079,370,1966,3
"JhvwFB-NUbA",24,718219,5471,2948,2517,3
"Q-oM2BQ8Jow",10,718190,70684,866,3733,2
"VsSYngXbCc0",17,718139,38713,380,2771,1
"QRdffs7AjhY",23,718038,12295,734,822,1
"cYkDfWdlLak",23,718017,20558,882,1466,3
"TZG4tjjnGpg",24,717930,49368,919,13395,1
"pgjRX9oGF7g",24,717731,27558,893,6070,1
"tK8YsKLQXIo",24,717641,2819,226,1755,2
"dGaX8AuGiuk",20,717581,7361,2081,26,1
"E21NATEP9QI",25,717546,16864,502,1488,2
"1Lsf7S_Hq6A",17,717421,4342,241,1107,1
"YQ-txTyOJIk",24,717370,21504,247,2965,1
"XT-oNdvs2Xg",20,717234,51181,453,12036,3
"RWFdAgFRDfI",10,716945,14534,247,791,3
"SlSNjsC9XAY",23,716861,51191,837,3563,2
"0c0878tn4aw",24,716516,19947,590,3723,4
"7HxvWRwNmSI",24,716397,9176,352,259,1
"gRtxkFbnCvw",10,716276,73868,25915,24593,1
"l5JXt9ZELPY",20,716185,32482,363,13113,2
"LWGGz8ewOGM",24,716086,5706,478,1035,1
"wa374EWP8ug",24,716007,11490,269,1771,2
"FI3zMdqq4vE",17,715862,4865,170,1362,1
"kJNk4TW7RAk",10,715702,94694,1844,5856,2
"ovAwxEOZ5ag",25,714994,5520,1569,4753,2
"1rgKwO83I48",26,714895,59348,1376,6805,1
"aVaw3vRk3I0",24,714780,4509,331,744,1
"UDrj2w7TFJ8",23,714727,44022,919,2372,1
"v1hfDIs8KCg",24,714712,4844,1159,608,2
"jeILuA7nUKk",24,714617,14658,545,1139,1
"o8b5EnnbRLw",2,714284,15350,744,5160,1
"iyRECFEfz7g",24,714020,11230,324,1868,1
"DTtnh86GnTY",1,713888,22657,901,797,1
"B3JFSL8AA70",22,713615,26482,2443,4191,2
"HZQSCaIZC2U",23,713525,5467,317,432,1
"WttN1Z0XF4k",24,713400,4684,260,266,4
"phe-qhVc1Uc",23,713354,38104,633,2641,2
"6-lostV6sk8",10,713301,44855,279,1729,2
"YLOOdfifC3Q",10,713148,26322,654,1546,2
"beSV_jZxR5o",2,712990,42699,424,6148,2
"cmf4sWzdHuE",24,712798,3278,499,1127,1
"9mwM1VB9qs0",24,712598,9058,510,869,3
"kprrgHECwcg",17,712597,3109,192,1192,1
"DAp19DRnZcw",22,712327,30766,597,3514,3
"pP6r2Gy_dTs",24,712290,17066,611,1255,1
"8qL4lMQQ9IE",24,711989,29602,1643,6655,1
"1NGAaLYIUVk",24,711625,3296,1210,2377,2
"XSBt-jrOr5M",23,711614,15795,206,3331,2
"rgResrM_LoA",22,711580,9647,721,2685,1
"Vn5o60gr6EQ",1,711532,13900,363,2879,1
"VQyCD6s0ouc",24,711526,23489,128,1150,1
"N5pP7k7qppE",10,711384,39731,1052,1610,1
"IjvXgzSa1Dk",26,711367,35240,623,2546,3
"lbFzL-0pEeU",26,711209,18183,1349,2182,3
"cUa93K56cc0",26,711182,31927,997,2606,3
"YSodwbrmDPo",24,711051,10054,152,1727,3
"rfLI07tkf7g",24,710962,30788,538,3012,2
"lD9sxUAs1zY",24,710673,12481,253,0,1
"W5--cDmNUxw",10,710585,48377,754,2891,1
"xJWdstgL5qI",24,710550,23656,741,4124,1
"ryEcqzBnQgw",17,710487,18295,55,464,1
"ATOu109je7A",23,710481,27071,1557,1175,3
"0hKHdzTMAcI",20,710476,12395,244,589,4
"Th46VEQte0c",28,710403,19609,795,1744,1
"XO_Kgc92-Mk",20,710311,36619,2341,6577,1
"k9dsVWmEZn4",28,710180,36627,718,2541,1
"qUEizIqjIm4",26,710054,39776,384,2825,2
"XcqtnCXw41M",23,709995,65556,501,2245,2
"VMrglVnvlpM",22,709982,6828,5021,1000,1
"XblV5A1PlDo",10,709757,52613,1165,5804,3
"LDzBX_zj9hg",17,709727,5271,274,1539,2
"CB9Rt_q82ts",23,709597,30447,3840,5093,2
"-l7TOYJZBtI",24,709569,36120,217,3464,1
"zPz-ogLUbqA",22,709490,0,0,0,2
"4T8gYlV8Am0",2,709393,17883,519,4769,2
"86epffnlYN0",24,709305,4409,489,2441,1
"e3FkeMlGrB0",24,709290,6372,393,846,1
"r4qSDOHeWjk",26,709230,23292,422,1792,2
"x4kxbHIzuWM",22,708973,14131,576,498,1
"1Y1kJpHBn50",27,708726,24165,978,3437,2
"bvGvmWb_3Sw",24,708581,19136,555,1566,2
"8I_NkJ8VTEI",22,708519,3961,54063,0,2
"zmvbSoO0Qq4",27,708453,13068,607,3140,4
"JO5CjmrtjLI",25,708358,7590,908,6116,1
"-P4gQ2iPDFM",26,707898,9688,878,572,1
"8mmEWomoev8",24,707447,7139,248,573,3
"zrT8hNHO1Ec",20,707441,45326,274,8990,2
"hBia7_RNARc",17,707317,42677,427,5770,1
"lV3eV9w0h0U",26,707290,43738,471,3194,2
"7msut920c1A",24,707290,5236,564,1320,1
"LkRtWMTQN0o",1,707234,10432,1192,2950,1
"MGwFG5GDaHg",24,706687,7156,394,1362,1
"trDYMQotS7g",23,706508,42319,417,6637,3
"MDP_SdBI2wE",1,706353,19916,514,720,1
"-q5Ey1Qgru0",2,706350,20911,1306,3844,1
"Gdtw2DQsxTw",24,706056,18838,4111,11488,1
"fAB6XlQSojY",1,705941,15904,861,1036,2
"xyLRbA9wWaU",23,705841,75377,8991,10386,2
"xVU8nEIsapY",23,705768,25448,749,1503,2
"T3bW0dKZ_h8",25,705713,5048,199,845,2
"WE0Bq-1cw8s",10,705511,16305,505,800,1
"TQXJBcjQE5U",24,705414,13479,372,1874,1
"qyTJAcpW6l4",1,705398,37843,569,4289,3
"TQCXwK8JH_c",1,705030,3615,1447,801,1
"lf46EU-9MaU",25,704775,5201,2170,4266,4
"dNYpQr1sbNk",24,704630,4796,713,3258,2
"j1oVt2DZG0s",17,704491,21480,395,1862,1
"w5N2XLzit-E",24,704337,28123,724,10377,2
"plKRc-ABCeU",24,704200,6686,649,1221,1
"lWU5hAgtY1E",1,704126,17689,419,2535,2
"qSKvRDz9iG4",24,704106,4532,878,345,1
"Wcd1qTQluYQ",20,704063,12984,527,43,1
"toGyA877V4s",24,704008,33695,628,2082,2
"uqLy3XHIg4c",24,704000,4839,566,1734,2
"c0tp8VUAy5Y",24,703880,4242,363,744,1
"qDk4T7-gYVs",1,703870,36285,352,8115,3
"xMnNQOgeWJ0",17,703840,12362,204,1352,1
"qk1P45Xr92U",23,703819,11014,544,506,2
"CFYK7oGMIOo",17,703780,5311,237,1438,2
"YFANYt52m1g",24,703765,30239,1068,6710,3
"60nDlMw5vFQ",25,703631,15716,849,2864,2
"T_QA7LgR0CY",24,703591,5674,427,1297,1
"AzHqv4wXghI",28,703522,23930,847,2400,1
"_d4YwsF008M",43,703289,3349,1812,506,1
"Ak9VZkdlS9g",1,703210,21874,466,3004,1
"ZxLex9d5Rek",24,703198,20889,493,3423,3
"b4USfoNOoy0",26,703178,31866,847,1892,1
"trwVST0ywK0",24,703043,51486,1177,9806,2
"t1bvmL88OZc",24,702883,7959,1835,6312,2
"1ceJced1VMc",22,702871,2117,380,56,2
"NdgYbM63hjA",23,702850,30452,651,4094,3
"2zZEDsBO4K0",25,702738,5608,1144,679,1
"UReCo0ImJ98",23,702388,59235,631,2452,2
"SbXoHQQApCY",23,702365,17558,588,6728,2
"k8RSetlPF04",26,702349,35308,2197,5273,2
"82xsXiNeDYc",24,702224,23289,377,3298,2
"q-LgD3tZhRM",24,702180,5984,694,983,2
"-T_kebx_KWc",27,701996,23764,988,3339,2
"PR40KMGBiTc",22,701523,2360,447,53,1
"7vjv8FVUGS8",26,701261,35973,518,3659,1
"rZSV-pC9ZNw",24,701098,16321,306,2045,1
"KxP4LuS26ds",24,700909,36295,5381,6835,2
"tmZvKTezWLo",24,700901,1393,304,131,2
"HqjKn0iC6l8",22,700734,13202,503,1840,4
"r3HjK4fur4c",24,700691,3262,510,1065,2
"D1q8RguDqig",1,700235,9232,180,312,3
"QcTApHwldxk",23,700208,46038,280,4414,5
"DSD8tNN89Kc",23,700075,33409,617,2890,4
"DMy9g-vgoTo",23,699999,22420,312,26411,2
"_rnXqVRBuLo",24,699934,3536,326,967,2
"rHsyHGGPdGc",24,699856,2615,539,138,3
"af1-dyrLN1c",15,699816,33680,1978,30478,3
"XCIlvC30YDU",20,699779,28540,968,5881,3
"Rbbq4Vapp1Q",2,699697,22403,309,3183,2
"LBrHuzJSzlY",17,699655,4084,518,275,1
"72hlr-E7KA0",27,699448,22240,481,1548,3
"S-bJ9NIubuw",24,699351,8777,124,730,1
"QR0f80Xm15w",23,699278,18740,568,4232,2
"JzDzrO3IGjo",26,699257,12767,985,1176,3
"svYy0rWeyzc",2,699075,14775,673,4155,2
"HlI1YmjnyWE",23,698889,114690,1267,7407,2
"maAa7J3iEM8",24,698883,18671,1251,3065,2
"VZk9jdU7NSQ",24,698816,25303,381,2041,2
"o5POleOJejQ",24,698652,2427,1037,490,1
"ZR47jsUqUzo",24,698616,89367,800,13079,1
"jdH2Sy-BlNE",10,698574,43130,502,3502,3
"Tf8IJQzOD2U",20,698471,38375,318,4904,2
"ogmIGZOi3e0",24,698411,6998,296,602,2
"FDW7PViQts0",1,698163,11733,468,1844,3
"VRCwJocpk6Y",24,697769,3148,473,827,2
"f0r_l2iYUzQ",25,697708,4554,3905,1565,1
"JxLywSHYwDE",28,697623,16715,718,2318,2
"jBkT5oLtFy4",43,697176,20418,610,1391,2
"I2qScVQxjpo",23,697151,56579,307,5556,2
"jqvxhUdvGis",15,697049,19024,322,3310,3
"usThvXA7riM",26,696900,13632,1444,3063,2
"nbzel3USXJ0",25,696759,3212,831,9187,1
"8C8IFR53tts",43,696743,3455,2794,849,1
"pnU95erHjAg",24,696727,67496,402,7833,3
"09sJsQplNGY",25,696716,9430,1018,3151,1
"oQQl0cr7_Ug",17,696662,19212,343,2192,1
"_v-hzc6blGI",25,696654,30610,9064,6301,3
"zbGSbZXzvqw",23,696593,6055,244,510,2
"RL1e5ZyVUkU",24,696347,29809,310,2173,1
"1S9Aki4jzbc",17,696269,3789,347,2084,2
"rsJlT53jU_4",28,696065,81634,1212,11415,1
"wvw6GG27EKY",24,695690,32250,1018,11491,3
"A8E0ZU_Nq2o",22,695117,5281,4734,2870,5
"B7Ph-SmDSeo",23,695078,17415,506,9135,2
"lOT0GOyw2pY",25,695072,18723,2365,4784,2
"VZrF7v6jfLw",22,694966,4862,2118,1599,3
"lnzTQ13ha0s",23,694841,52495,258,40130,1
"jWPL-pksl-4",23,694653,10480,246,1347,1
"VvlBSgUrNSQ",26,694624,20783,749,2147,1
"8Od7xRpnPOU",23,694439,57529,1120,1135,2
"uzrxSb7VWe0",24,694408,9699,228,943,2
"6zRtrLBg3vk",24,694219,9469,668,5422,1
"AOnd6IWdMvg",10,694160,20655,549,516,2
"pF1h93bdwjs",24,694113,3365,383,657,2
"EP6LRiYgsJo",10,693967,21079,310,510,1
"eMo-at9WOl0",24,693755,12219,88,294,3
"xuAH21DkJow",10,693467,35283,484,1338,2
"5CuAwgdYnOA",24,693407,9235,187,818,1
"fASCzgKS0Qg",2,693104,1041,42,406,3
"XoTeknAUY6Q",26,692975,8206,1293,1571,1
"MIQKlHSD89E",15,692903,31485,208,2022,2
"3d062S8ILQ8",24,692104,11129,282,1141,3
"fl1d4CvIxq8",25,692097,6028,473,4729,3
"9A6sxKs0Z9k",24,692042,4189,222,1454,1
"sSfNUMy1cPM",25,691720,76782,832,8907,2
"9cYBmZ9BSYg",1,691632,7968,391,1031,3
"Ex9mcCs3dhE",24,691171,8670,388,911,4
"xqVYW5D8Uc0",28,691113,17822,512,1641,2
"TLEHqqdvcBc",23,691048,29318,4445,6047,3
"nlf1VClZL-I",10,691016,64108,3547,6628,2
"Jo-WKWlcPQ0",20,690949,51181,1314,21224,2
"xp6wfl5wYEw",23,690827,17063,543,1028,1
"R2BWjkQ5MMg",1,690719,21584,237,4553,3
"PAHm7SEhhuw",23,690704,15307,819,1057,3
"stMM0EsoGwY",26,690352,44656,1586,6169,1
"oSQZ9NiLoxg",23,690347,8843,1029,1351,1
"gwLDtkXLqa8",1,690311,19041,342,2292,3
"FHGUJ2qjVC0",24,690008,58994,548,3775,2
"Nuj5kW33lwI",24,689779,4082,417,952,1
"67YTV2oLDsQ",17,689679,5858,1251,146,1
"xKxbZaWoLrk",25,689671,5639,692,1744,2
"qCUDu-US-iw",17,689546,21893,1946,7207,1
"tEWdvI5gbH8",22,689266,14060,203,263,2
"DOo37tzzlII",24,689260,5460,443,594,1
"cVdnrt6HCh0",17,689250,3559,302,2697,1
"yJjURZVZIAM",25,689130,3034,391,1232,1
"0vLCJyGKQx4",17,689117,4456,217,933,1
"SWR7HKINf_4",17,689113,2524,301,212,1
"TkOufDh_OYU",17,689014,1552,167,839,1
"MTJOLzY1POk",22,688900,9978,462,5485,2
"j8rtMlDTJes",24,688805,7087,129,495,1
"GOWWNWSclv8",23,688715,61823,559,4855,2
"sSDf7M10KJ0",22,688693,5029,550,255,1
"uPaepnaNiBo",22,688467,5683,434,2535,2
"6_lgUZtRXCs",23,688387,53228,909,3967,3
"CUHgqbHPBmI",22,688372,10002,1008,7783,3
"3_QwQEJkWRk",23,688354,14863,263,3829,2
"ZabDhxj5ekc",24,688352,3765,302,532,2
"expKmfdoo28",23,688306,27673,701,2386,1
"903QDFbbeww",22,688120,19352,1068,1338,1
"SgaElLVzReQ",24,688120,76158,203,5218,1
"L9FBI1kOEHo",28,687629,23144,2441,3157,3
"UuR8UhMTw5U",24,687373,13356,676,1647,2
"MTTQtnglLAA",23,687063,11885,970,418,2
"kqzEjuAfOs4",17,686981,0,0,217,1
"UiFLAxlfoVo",24,686907,21852,330,3657,2
"UFz3K9ByUqE",24,686872,6723,172,358,2
"7c7Oz5yNGkE",15,686820,20729,752,3768,2
"RDtQKv2wsWo",17,686532,2047,349,627,2
"j0wNmlnHk4M",17,686369,17883,258,1311,1
"zF3Q0_qxP0M",20,686361,29877,539,2876,2
"-F4cu5TgeP0",24,686286,25910,638,5429,1
"JJ1uQHM19Lk",17,686268,6554,393,3753,1
"umn_D07OURA",24,686176,4399,362,919,1
"PyBYrW5Uc1E",2,685973,14543,687,4504,2
"A1poQzpOf94",24,685781,11175,283,2190,3
"0-crysJ1ElU",17,685769,4918,770,2427,2
"sKmd9T8wNWY",28,685766,28446,1329,3016,1
"QJb9-ri3cLs",20,685740,70017,354,17164,1
"vOLtBB5LpD0",22,685709,3326,344,217,2
"Meu5BSZtaWw",24,685556,10374,313,823,1
"mEtJAblVxxU",24,685394,61504,1314,6361,2
"fas2ZeyRffA",23,685358,37457,523,3361,3
"MhdY9ChhCQM",24,685168,11589,937,3474,1
"4BQ-JqoTTBY",24,685028,5081,586,990,1
"Nct8geTaAcw",27,684803,31114,784,6134,2
"5qmXGQh-oUM",24,684678,18085,940,2596,2
"nGkELaGU2k0",17,684676,2036,216,221,1
"ldPfoynz5Qc",20,684676,88723,1948,18091,2
"4vsMe5jDpNc",2,684571,12852,572,2879,2
"t2KUSV2q8tc",24,684523,9908,291,1082,3
"Gs26bZTRkdU",27,684412,22097,793,2005,4
"raxxoc_JULA",24,683977,3184,302,798,2
"kOz2Rqzdkw0",24,683394,10244,126,969,2
"K5BoE8eBzoI",27,683376,17069,1976,3650,2
"yJKrlI0GWWs",24,683086,10319,1137,2055,2
"jsXtGKbwRI8",17,683030,1554,103,891,2
"C1Qhrip9UHY",24,682992,10738,197,2016,4
"i4X1UT1q-Yk",24,682992,2189,280,2112,2
"PdFvTdZ5CU8",23,682900,36288,1242,987,4
"X0ob2GwzRq4",20,682650,44135,296,7694,3
"44szOPIixaU",24,682632,15015,199,1369,2
"iBy6XRHPODQ",24,682599,19487,120,1521,2
"GZSz5LRx9tQ",10,682573,14872,247,621,2
"lRs72x7Lgtc",1,682383,10819,609,1901,3
"I_5mn5fefhE",24,682186,4377,417,946,1
"LyfDJ1So8l8",10,681864,22279,193,657,1
"dHHAAbmr84U",26,681847,25063,240,2015,3
"1pCDbkUGL1k",22,681843,1653,240,923,1
"xB2Ux2Gw57g",23,681788,42207,963,1685,1
"BC7RkUQjUKc",24,681258,34878,5331,4444,1
"UWf-GVI5o1A",23,680471,6072,180,277,2
"vhSB6Nry6MM",24,680123,6502,582,825,3
"MMu-_KRZhwM",23,680029,22329,1452,1574,3
"0O2IAz1E9Ts",24,679693,19264,1438,1048,3
"p_pnpZK_oYM",20,679477,29244,1027,9139,2
"lYrqvYewUIQ",24,679458,4830,393,984,1
"RUcn2OhbWb4",43,679338,17310,430,1222,3
"fbL1ZoAQgUU",28,679202,5867,242,1748,1
"2w4Wc5c6pWI",22,679159,3794,865,2176,1
"DTg2FihPSso",17,679130,5482,226,1182,1
"-IgvPPniOrU",24,679067,43968,1378,7754,3
"sZsJyCyGBSI",22,678773,12606,127,508,2
"3reDBifVxzk",23,678632,25998,494,1220,3
"dwsMVxkYH2Q",24,678549,22995,205,3780,2
"ghIQWndoWIc",24,678385,2632,385,459,2
"vvEUSUVk2kI",10,678282,37033,231,2374,3
"-59U4Bgn8V0",10,678161,41055,368,1714,2
"V3MbY4zFzvA",24,678077,6745,375,1314,1
"QxZOFLIrdtk",2,677914,15263,532,3376,2
"Cltgr0jfWE4",25,677500,9985,931,1766,2
"c3CqSMw9Kuk",23,677478,40155,1180,3157,3
"NjWiiT74hB0",17,677463,6070,626,4555,2
"HX8vJYcxQH4",24,677386,2688,165,277,2
"ZmAY5JIUUqs",17,677350,8822,263,3596,1
"UXGwlqX-lNk",20,677254,29916,234,1178,1
"BXnGUUsdnR8",24,677098,18993,1253,4876,1
"VpH9zTqtbzY",17,677096,4239,174,1113,1
"YNR_azvgAnA",23,676984,13986,739,667,2
"tJh5o-HPhmo",10,676807,47504,679,2721,1
"h778hgEP1JI",10,676709,33920,212,1353,1
"4lq43svBFLA",24,676505,6268,514,1079,1
"tc2toBiJ2Pw",23,676416,29665,404,3352,4
"Kp4sOVy3DMs",43,676340,3249,1798,796,1
"dAbdWdpUcrg",24,676146,9410,195,1504,2
"gmp6AGFPhzY",24,676024,17953,897,6738,3
"L90R6PtxFKE",28,675851,20021,2597,4020,3
"2S7AdUWA4WA",22,675784,17465,692,5765,2
"5zE5NCUuYDw",24,675401,49714,5473,11056,2
"7iemlWX_wI0",25,675378,1837,764,5254,3
"L9hwGZFPSmw",24,675092,34127,1619,15042,3
"h7nP4p5QJYk",26,675043,38875,441,4740,1
"rsII-IIPFSQ",24,674934,32556,868,2548,1
"d_KFQCKkmgI",24,674929,7551,181,504,1
"5w6ZjVE8adM",24,674717,37979,391,3117,2
"ohA2qVN-laY",22,674446,33017,1306,2486,1
"JVkmrPbjxcU",26,673896,14511,657,1447,1
"rDrhMzk9kbo",26,673851,44062,439,45843,2
"n-vb1kBDoD4",22,673815,37747,504,1642,1
"6AlzUeJ9zn0",28,673709,31392,653,5035,1
"g_FtpUASP9E",24,673443,30556,486,8573,2
"WLUbHZI0-Lo",28,673369,3722,206,577,3
"z9tjsQEdVnE",24,673272,15492,371,2858,3
"r3J784MSRyQ",28,673040,18904,3852,3639,2
"fuNNIBK_mN0",2,672898,13684,630,5434,2
"rkZirU4qnyc",24,672845,4225,316,528,1
"R4N_cEksNv0",10,672780,14078,750,285,2
"I7iEv6Pxyrk",1,672751,3636,172,617,1
"Y2ENt-QSpu8",17,672748,4938,205,888,1
"omCC-b1LD1g",1,672665,7559,723,1671,2
"qUPdTMC3Obk",26,672637,29769,306,3751,4
"uLVck0MVPlk",43,672071,2800,1778,993,2
"S8kr0j1xNcg",24,671977,2448,166,1037,4
"ZoVNAlV4bhM",22,671488,25702,1830,2904,1
"7m9dAbmtchQ",24,671296,39007,652,10594,2
"s76S7tRPeB4",17,671277,6898,308,621,1
"0yAiI3Hs-p4",24,671190,12914,2285,14745,2
"EbSOKsFHwU8",10,671068,87180,546,5386,1
"CXgF4cpHLZU",24,671054,18267,3093,1982,1
"rKh6N79h-MQ",28,671043,39891,499,2873,1
"p2zUR4UpEM4",26,670964,26471,382,3579,3
"_SZapZxiF-k",23,670925,17491,406,6127,3
"NNd5sswphgA",23,670884,22047,354,1565,2
"7minlULFaFI",22,670683,21666,342,1413,2
"Rd8UD7WUIr8",17,670446,95714,3103,6802,1
"KYLRBbSXmBM",26,670381,12659,885,1287,1
"Ejf7OHPxnYk",24,670377,8610,350,1586,1
"oFX_Xq9WHTI",2,670352,48271,1204,9790,1
"Sq1rX54u69U",22,670341,14575,2387,7368,2
"kFNHMm1Q5zM",24,670311,4190,431,1170,1
"G1O5wSfmi6M",28,670191,13187,874,1102,2
"pxYxtuT2aEg",24,670012,9401,610,3197,3
"tM-5hUMkXFU",26,669716,12426,675,1176,1
"7j47WabqzsI",17,669676,4636,249,1757,1
"NBupCHcJ914",26,669641,52938,596,7608,1
"SHLta_M6chM",23,669489,37969,1105,2848,2
"s_SJZSAtLBA",20,669475,14059,1133,3615,2
"qA6vrnwz_AI",24,669269,3809,449,1210,2
"VUuDbQeGlCY",1,669063,35492,251,8216,2
"VojIJTqZM5k",15,668973,18212,315,2451,2
"czmd7qJcoPE",24,668933,8970,748,306,1
"_XQdEegNvsg",24,668894,29291,260,1408,3
"4dSqu9k5zJQ",23,668870,41146,486,1965,1
"Y4BoKJaLaTs",24,668826,26926,401,4650,2
"Gyuy4OWTBvc",24,668824,4146,427,829,1
"sgYDfZmBHhA",17,668673,2351,397,2431,2
"kY91GAUrhoY",23,668502,15173,291,3338,2
"TK--8AcySzU",24,668347,9086,185,228,2
"O-6qVcDByL0",17,668209,7848,333,2459,2
"0KrFWsvWCS0",24,668073,0,0,883,1
"CB9ZqoPdPho",24,667827,29262,881,5993,2
"NX_BDh-5oDk",17,667789,15209,2318,2374,3
"XXWPDQ1mDOM",10,667286,48924,742,5271,2
"_U6Ldl4Mxr8",22,667235,2757,389,433,1
"ZrM_I0LwZAI",24,667156,9700,511,864,4
"a-4_6bThk2E",25,666861,16006,916,3686,3
"E-npMl4Sb8c",10,666808,44721,969,5508,2
"_3VZEGPiLPU",24,666586,6490,318,1353,1
"UmXbLTbi8Hg",23,666377,33685,741,1176,1
"M9BRpr1OGbI",22,666205,86210,377,20605,1
"M_KmEWGMLsY",26,665986,11939,513,1006,1
"RSiwG-d6a3Y",17,665965,48809,546,2570,1
"vi8y8PxW5h4",1,665956,32578,564,6011,2
"OAMfuvnT7qI",26,665915,35386,396,3413,3
"T0cSRaZjqE4",24,665355,4392,349,584,1
"9MPwQdm95Rs",23,665023,37414,761,2253,1
"SJJcTLl6nvU",23,664800,22894,309,5492,1
"aFGzLzsdRzA",24,664733,5606,540,886,1
"kwjCbK2X07k",20,664702,66546,1283,18424,1
"d_Cz3cTSxGI",43,664658,3701,1411,694,1
"eDxsDwslmew",24,664615,37176,1155,5116,1
"pkLe6LWQm1Y",22,664591,7178,293,386,4
"1TDxgY-pgr4",27,664584,84117,796,5912,3
"HG5BU_1RMSw",24,664528,6282,1863,3640,3
"4Q1FzhMY8FQ",22,664293,34240,279,5364,1
"c6MeFFmiQhA",24,664029,7189,389,1617,1
"36uAfi8yLGs",10,663820,1115,354,36,2
"IpyI5otVTes",17,663600,14968,380,1891,2
"sXcRYBZWrUw",10,663581,123263,741,15357,1
"pUvI77URqA0",1,663542,31420,500,4771,3
"z8DukxE_qno",23,663301,15624,318,6994,3
"q-LP-dTjOR4",23,663188,65794,1009,4412,3
"tTqLFs0rT_Y",24,662985,13779,451,1114,1
"wIx6aRrO3_Y",17,662729,24789,703,1461,1
"J7E1vZvMi6U",23,662683,45371,371,8828,2
"AWL5TNh3i9Y",24,662599,4876,529,1105,1
"UlXPdOuNU3Q",10,662515,4667,186,130,3
"zi3dvVL-zwA",24,662460,16955,398,3604,4
"TvKJfGvq-6w",15,662438,22454,568,3142,3
"v0xBdIyNijk",17,662264,11099,345,1356,1
"WgtHhNv5UqY",24,662163,3363,567,224,1
"Kpfrp-GMKKM",28,662076,16526,1738,1085,1
"dMvWmTlT96Y",24,662045,16789,220,2514,2
"xzH65aU1q0g",24,661982,83418,7123,8955,1
"CORL6kACgE4",28,661841,11646,832,2744,2
"Pi1WvelLak8",24,661819,10525,149,1887,3
"UwbO_xb1-Xo",22,661775,0,0,0,2
"WQe7SE3D7WE",23,661661,22800,493,3239,3
"V_Qq1H2ceQk",23,661645,24244,1414,1668,2
"7F90EWRcMjs",1,661525,24435,348,3094,1
"iWFgvbf_Zu8",20,661523,9084,210,2409,3
"G_BHPFEYAsI",24,660781,16646,560,3900,2
"hmycH05Ymlw",2,660729,30163,807,5378,2
"CiyLBVjAQC0",24,660695,3672,485,1279,1
"kMm-_KVfxS4",24,660670,7603,603,1556,2
"HMKoEGJGjNE",24,660613,12592,162,629,1
"LRfveNMtcB8",24,660588,3337,2070,648,1
"_IOuzPIdI3o",10,660442,7660,779,667,2
"7IfFxocc3kY",23,660208,61801,744,14863,2
"T9UHD30MSGk",26,660168,8309,1542,1929,3
"3pg9pUSIKtM",43,660161,4046,889,463,1
"KAS8zQt6Wik",10,660124,56074,274,3529,2
"dRfvXL-m7O8",24,660104,19172,359,1637,3
"3owpHUbyvzc",24,660048,7519,202,494,2
"ZTi-Tn2naY8",17,659896,38045,345,1981,1
"GG75GWI0bWQ",1,659877,17732,347,2466,3
"kb1XvgKgfpw",17,659842,3481,133,422,1
"Dg427G4M74E",24,659787,67685,216,3671,3
"UI0EuCqWuWE",24,659592,6274,588,1140,1
"qgcenfc6Qbc",23,659536,40381,729,6089,3
"9aPS1OHwp1g",24,659439,27655,4905,5513,3
"nkXGohB02V0",15,659371,27060,579,1373,2
"gHHyqoU8sQM",28,659140,23800,661,3340,1
"iR3m-HWROu8",24,659028,16785,748,5549,4
"bKD3WLsng-M",24,658165,10336,374,7299,1
"K7M9zPc5Ack",22,658075,4925,1057,3122,1
"pKW-ZgBl9eU",23,658047,43472,861,4967,2
"t-Lm1TwovuM",24,657762,4440,540,1024,1
"Ao6H3bk352o",24,657725,18424,340,595,2
"-fdjbcOIAiA",22,657651,26614,215,2283,3
"QHEAqN-pOc0",17,657481,7555,473,357,1
"GxmDeU_4UlQ",27,657381,15835,1702,2367,3
"6KAEfOcdBd4",24,657349,9190,179,1450,2
"7_FJUSBFbJM",43,657183,24107,310,1825,1
"fx9VTLGmgus",23,657029,29505,481,692,2
"MIkSyZlMWP8",24,656827,1556,242,338,2
"dLW3TItEQ3M",25,656796,38695,461,9745,3
"dROvhepEATs",24,656729,5997,678,933,1
"JYFZ1H6JpX4",17,656683,2140,124,756,1
"wYoXzpa3ar4",20,656573,27797,502,3449,3
"tFyFeXy9BAM",24,656235,8006,1664,2523,2
"WJkYK3Nz1bI",26,656152,31347,376,2725,2
"oYe-QM8ZimI",24,655974,47429,417,5221,2
"c-UH1QiCEC4",23,655758,10357,275,1383,1
"pQvlg2Am_uA",24,655638,26043,325,2896,2
"0gDVWPPgMKY",22,655388,32323,666,2827,1
"6QyAOfalGQ4",43,655281,3309,859,355,1
"w3xCRLTOa0A",26,655051,19960,376,1267,2
"d21QfUhRd9E",24,655026,13050,512,894,2
"4ktHgBSSPwc",24,654854,9167,1152,3092,2
"x3ch1ajtwbc",23,654775,18450,2915,4053,1
"cv4VVgeTzFk",24,654630,4494,462,1092,2
"0eUyXqdsnUk",23,654607,3191,1513,0,4
"XkHkeyhFqSU",22,654573,28105,269,2357,1
"_OIlIRLXGe4",28,654402,19325,681,2395,1
"389NylWATNA",24,654399,3751,519,2021,1
"YTYXKQescCQ",24,654378,3377,227,897,2
"49wGna0UTB8",24,654257,23632,4712,2208,2
"r3W2qepsQe4",24,654161,20013,3166,5315,2
"my2477WF30c",24,653959,31778,534,6747,4
"e3-3cyMc4CY",17,653687,32465,335,5648,2
"Gmi2JbKs9jE",22,653511,25611,560,2141,2
"GvQCFW6vxiI",10,653467,20445,1034,1245,1
"sOxTjnCaCKo",24,653273,5651,327,1120,1
"8mqSgFcIwxg",23,653227,17048,506,5232,2
"r63VBOagGAo",17,653114,65635,547,3819,1
"teXaL6GdQRk",23,653056,37634,638,783,5
"Cl-loRlIbJY",24,652990,8086,1221,4514,2
"sl_0Y_PmMmA",23,652987,38343,383,6622,1
"rgPEzw-P_i8",24,652824,19446,410,5825,2
"LHlypWQe-Js",24,652739,6198,225,1174,1
"Mz87tLToSVY",2,652655,12941,1051,4385,2
"PgqHq6WjD8s",2,652634,15434,628,6098,2
"rtarxm5EJRk",19,652590,15477,645,1775,3
"MsS1Yj5Zv78",2,652589,16358,246,2209,1
"luSR-VVs3m8",26,652467,32665,431,13306,2
"szZfT8UAW2g",22,652225,6794,301,2242,1
"4yODFI4WtwU",24,652180,4223,458,832,1
"DhPfVxMtUOw",17,651958,1443,245,165,1
"pgl0w1GeEtg",24,651837,4613,272,770,1
"PkRo5l8679g",1,651769,4816,213,521,2
"pARwtWh3cC4",22,651742,1858,946,0,1
"lS9Aoogfn80",24,651707,4156,433,1581,2
"FoyodyNJxhA",22,651218,11590,636,4728,1
"tIWpr3tHzII",24,651204,61015,679,9932,1
"2_ckvSxOyVY",20,651200,48131,254,5568,3
"nxrVDN1m8D8",24,651071,28575,1777,3196,3
"YMAIsUl05do",15,650959,20270,778,1907,2
"a_iMlwkzwow",26,650901,30086,925,3922,3
"NlVv_K9wdgs",24,650845,3981,336,767,1
"y06zt7wPzRs",24,650784,10993,337,603,4
"FAb_4GRf4-Y",17,650758,17503,463,2437,2
"Duc3F700lgE",24,650712,9044,610,1692,2
"4sbm8bB583w",24,650645,1912,492,777,3
"NBgNCDF4lG8",10,650620,15332,1092,2205,3
"o4qUbIZn538",17,650469,17003,185,1102,1
"9Lc-naLLBuU",25,650365,2287,819,182,1
"18QHSoWPygQ",24,650225,16592,1994,3108,2
"qsTowQcRp_E",22,650014,3985,671,2106,1
"KkGF-wpv5CE",26,649912,42627,546,4576,2
"3o9ZHrLTedo",23,649746,37899,467,4599,2
"7wDUrQAaYsM",10,649592,38273,1445,2609,1
"p6othBKKL68",24,649381,3456,431,1397,2
"E1p8EJSnwMA",24,649198,14556,610,1861,4
"z14A0Vblm0I",10,649144,31547,838,1697,4
"E9pIhue2lSU",17,649142,14931,790,2548,1
"9zZTPSx0pL0",23,649132,56132,669,2583,2
"NGHjY_ppWuw",23,648597,13985,270,6066,3
"ocPE7B0VCgo",22,648191,54473,483,2914,1
"1ajBkExPNj8",23,648060,48694,289,10948,2
"MbxmqYveQZw",17,648053,4696,345,502,1
"MaYwIdpuPRg",43,648043,2966,1774,609,1
"lI3AzJDtfz8",24,647925,3782,184,170,1
"pcWKpGzhgq4",24,647820,8122,168,530,3
"5oIFBRnHwEo",1,647784,17609,646,519,1
"lUyYTNXFVE4",22,647583,31127,609,4882,4
"Atx-0_G1KHQ",22,647562,24649,836,1263,1
"cWOeWXuC674",24,647510,6156,231,161,2
"k-tXp5RYxps",24,647449,4119,493,824,1
"kq7JjEz_5H4",24,647441,41986,523,6198,1
"m8Dqg8iz5Fo",26,647363,31036,446,3966,1
"sUBvtVSWB28",24,647236,5820,427,1308,1
"094ndbmijKg",24,646966,45751,779,2734,2
"PdbJBDNotf8",24,646953,20319,278,2153,1
"4VqH3Ecx2R0",24,646913,1967,441,739,3
"tM_nZDJIwFw",25,646784,9546,868,2923,1
"PPjWEft-sPg",24,646747,62522,171,1187,1
"HBB37gsHJmQ",10,646746,85462,1059,9015,1
"OKPBS2hN9G0",43,646494,3272,2864,752,1
"N8s290gKvZw",10,646259,10341,200,745,2
"P_mX-QysCtM",24,646207,5376,356,831,1
"Gb0xyCUf7SE",24,646093,17189,337,1005,2
"meLOY29qarc",20,645811,25699,193,3519,1
"4_aR3HqFrr0",24,645721,4857,382,668,4
"gJPt8ruo2BQ",10,645578,19474,629,3940,3
"e1H0wbUQHwQ",22,645577,28017,187,1828,2
"YdusEV-W9X8",23,645491,13341,687,800,1
"PbL4AL4Smvk",24,645401,49665,1166,6582,5
"sNTLwCEiIJ4",17,645290,1924,191,599,1
"dksF_qYn720",24,645243,39427,446,5500,3
"ipu9W6YY7Mc",24,645077,4888,468,873,1
"kATuE1S5qk0",23,644853,11312,269,633,1
"lnGlBgF_IIg",22,644783,3901,1236,3926,2
"9BOq_OiEgbU",27,644742,36950,723,3916,3
"DwVfdX56gL8",22,644697,5380,476,822,3
"yKEUvQtjPSc",20,644679,22070,450,15624,3
"ZMel6h2jywk",23,644629,12125,621,523,2
"wppAQ8uZpfQ",23,644576,29669,4862,4963,2
"nzUmwI6_VQU",24,644529,2057,380,1283,3
"sARscbQ1RhQ",24,644278,3270,2215,684,1
"dcnIlBZGjDU",17,643994,4178,182,1808,2
"sogakkimTgc",2,643983,15421,492,4787,2
"dHDn26UX4aw",23,643906,10578,1032,1713,1
"nywXc8YaRhc",17,643895,7260,358,1468,2
"LFkHSaFCBiI",24,643852,5074,447,1104,2
"b7zWwo9dbiU",28,643685,23240,460,1618,2
"387gklh6vsA",10,643619,629,460,44,1
"6qhCLc-cJk8",17,643441,2758,138,729,6
"IFqsPoEyvxc",24,643400,3246,1771,839,1
"yGZ0yfEv1fU",24,643350,33747,443,4054,1
"gchv-PJ4w6k",15,643300,6781,2152,1131,2
"EIY-PsHrj9A",22,643117,15529,380,3883,2
"CTBEADj3ywA",24,643068,4689,326,679,1
"DMKcO-T5Y4o",27,643024,20760,246,1674,2
"XF4_DvnNeCQ",24,642885,20078,2219,4987,4
"WiftqgijmYY",26,642876,17076,347,1237,3
"r7SnpomsUaM",24,642715,7902,1654,1394,2
"eSek2f8lAFQ",23,642640,39422,471,1737,1
"UetrkiRwFF4",24,642578,3740,466,1527,1
"1RHbLxQw-sc",23,642360,36456,734,5985,4
"56KE9-Tdhok",22,642301,25428,245,1516,2
"ukwtV6sVl-E",15,642165,36422,1456,7898,2
"cLovJeESCUA",24,642037,5624,556,1107,1
"oZm_N6aSU0E",24,642032,9317,268,171,4
"q8XzWBadFiU",24,641684,8299,563,1338,1
"pg3giOoFv3E",24,641657,8387,7542,10900,3
"1Zpp_QQae8Q",23,641637,21266,350,2884,1
"Eswl8SSywzA",27,641418,14459,675,3034,2
"seGgZp-XYdM",24,641309,25588,300,1073,3
"HO7cd2XImHw",20,641277,1888,187,160,1
"rQG5W2HFV3g",24,640930,2910,427,773,2
"of2jhOQjT-w",24,640890,34876,137,3785,2
"AEgVCViAAW8",24,640602,6947,327,519,1
"HX3tKAcCcxA",24,640268,38304,630,6510,3
"RcG6Uzp7X0Q",24,640148,25572,391,1811,4
"5VdrWyOfXoc",17,639762,18329,186,2522,3
"8MfSVTHqNHU",17,639646,13876,362,2714,1
"5iKIqK6iBuo",10,639572,31986,585,2581,2
"pnlNqAmCCgw",26,639484,28343,629,2135,2
"oQH_rtoHsdQ",22,639326,38129,1348,3211,2
"U-jYItX_Yvg",24,639289,19290,581,1803,2
"x6x-SsMF1JM",24,639046,9838,611,2239,1
"FDnZqVd04qU",24,638607,45737,712,8215,1
"W0sWnTzIcNY",10,638509,10851,274,383,1
"0EeaLUHO0WA",24,638413,0,0,986,2
"JKP-rOESfMs",20,638169,13628,721,14239,2
"qOw7TsIbmeM",28,638124,36412,583,5779,1
"YkLzdHTv3G0",23,638074,32480,772,1865,1
"NtEbI3TBl8E",17,637889,2519,130,1079,3
"-mwY_wbrMd4",23,637780,17916,1647,10737,2
"DAvFRzrMsyw",24,637434,22570,1147,4771,2
"RQz9aPrInE8",20,637407,49011,412,12865,1
"VT8QBwnFy5o",24,637345,14014,330,1788,2
"E0x2Y1sr-TM",1,637338,7998,475,2052,3
"sTf6z8GOP3E",24,637271,17385,420,4342,2
"H9AFjJj6kRs",24,637160,7392,325,498,2
"9Otxt5fXS5M",25,637036,1367,376,273,1
"AnmpuJfALXg",24,637010,9493,233,1207,1
"3eY394uqk9Q",23,636742,34155,1177,3551,2
"XDuFwD3_vKg",20,636635,2431,86,176,3
"iz6l3gDpD74",23,636610,14467,1359,881,1
"8k05mTYIuhE",24,636562,3149,162,526,1
"-qAmGnXQJHE",24,636469,17957,313,2562,2
"tZTcMnTyE4w",22,636425,16173,183,1011,1
"S7b6AzisWUU",17,636373,0,0,261,1
"V_H0A6Ithyg",1,636264,25104,313,4293,1
"GOTtJgBwL08",24,636233,4237,487,993,1
"whwUlzuLfs4",10,636209,1769,117,489,2
"ZUs4JxQJAv0",24,636206,11787,195,670,2
"F1tjuM5-6Y0",22,636145,7739,797,2447,3
"rYjTkiZ_2R0",23,636134,14715,88,770,1
"Z0LMYKsaUYs",22,635765,7839,793,1979,2
"eCaBAzi6yjk",10,635604,18562,1346,2754,2
"ToDm404kU8E",24,635547,3926,481,290,1
"t5V9d07aIBQ",24,635518,17504,639,6722,3
"YiS24Ia44DQ",10,635456,18264,2333,3612,1
"D-pf4t1wfTY",24,635353,35815,697,4268,3
"qDWJllytQwM",10,635352,9978,413,985,1
"0RFhWyM6qbA",22,635236,5945,722,1483,1
"XI-dwr4mB8U",24,635218,3249,406,689,2
"JsmupHY1X6M",24,634812,4052,441,905,1
"nznRgMaGna4",22,634760,7963,466,2670,2
"GezkCeOCoys",22,634698,8581,7681,5782,3
"viP_aYOSecU",20,634536,39503,347,6043,3
"RPE3cglo9o0",26,634249,27990,462,2881,2
"xll1OiSNJYw",10,634161,67202,1632,14093,1
"_BNP2y7ELus",22,634151,20403,698,8335,1
"VsMj1dC79sE",10,634047,65520,345,5398,1
"Vx85Bx5tpVw",24,634022,18309,967,3536,4
"wbxSWHzPDIc",10,633846,1638,412,51,2
"BdjahybIrzI",24,633746,2810,505,0,4
"lGE7PmoUnk4",24,633601,2341,587,235,2
"DcAuU_eVASs",24,633561,24814,323,4199,2
"L_GH3FzKLlk",24,633472,30223,308,5182,4
"vsiQffJA2h8",22,633309,6662,656,1815,2
"rGasS11fd7o",24,633266,6252,340,1241,1
"QerVvvNem1w",24,632993,7802,5669,2930,1
"R_fSq-mmK2M",23,632959,15254,466,3679,2
"4du1KXBl4YU",24,632747,4330,2183,2869,1
"Ky9aIxiGzfk",1,632429,22677,561,2113,1
"G6zvWa5RkZI",22,632388,42332,259,2332,3
"t2eu7mZHZzA",22,632351,19938,348,767,2
"RK45yp8uyHA",25,632243,4507,325,2038,4
"BnBCN7EO1Hg",24,632208,3631,158,445,1
"ONviWNYLKME",23,632124,31292,729,1876,2
"3p-lyt78cyA",24,631962,40682,1258,3208,2
"AOPFpGfIVuM",27,631843,39279,1202,2466,2
"-sH1ITCkLdU",27,631830,37199,559,2119,2
"RFgzVKoam68",43,631793,3142,844,307,2
"CBdGW_johbw",17,631745,3484,618,676,1
"7idh9veFtdQ",17,631694,4889,341,2268,1
"cR9k1-034HM",17,631686,1236,155,429,3
"v3wdEqrhyPo",17,631635,1231,1606,1626,1
"WtPXEAnhYKE",22,631630,7341,331,2302,2
"-zny0dhppZ0",22,631370,13374,879,1197,3
"VYc_BDhym9o",23,631042,50531,394,3252,4
"tHd0twRKZ9s",24,631025,5436,510,1435,1
"2RKptf9Vu-U",23,630956,59563,638,10253,2
"UFFt1F5qumY",24,630932,5917,521,1163,1
"zMV51hydg8E",23,630917,42027,344,1133,1
"ZzgNgMfpk-s",24,630898,8669,256,722,1
"_smRgeSYres",22,630716,14841,184,1871,1
"gUJuAsNFzuI",24,630676,3712,321,725,1
"v1OhsiZjpww",25,630614,1717,667,979,2
"OKWkxX6gWuE",23,630611,54893,939,4076,2
"pyK2Ot7nE0I",24,630579,8001,380,1522,1
"LBm2opM2vIk",15,630543,30667,933,5918,3
"CZdkFgV5TOM",24,630454,16563,475,4122,1
"CgilZtvv2Mk",10,630401,38613,372,1490,1
"h-mrryN5374",17,630192,22251,496,2444,1
"H5hy9l4mAxw",24,630088,13533,383,4194,2
"UPV5mWcPzcY",17,630064,21014,445,1985,2
"DrWwemK_wlg",24,629989,1597,361,1215,3
"_sLxAHAvcks",24,629964,39635,3939,4002,1
"uPtF9l30uWE",24,629657,10535,641,2720,1
"xe8IxR5htoc",23,629536,41539,329,5138,2
"dkK9HK29qOI",1,629470,3358,340,1693,1
"56Z6po1woq0",1,629386,32852,425,11861,2
"U2ZLv2LXKPI",43,629302,3975,954,305,1
"s3Je36HIO80",17,629299,10578,476,1051,2
"1Cs0qyG78qY",10,629275,11239,297,0,2
"AsPm5e5Yidc",17,629059,4046,192,1060,2
"OmIYyeSg3v4",43,628962,3436,1483,736,1
"laYBYqQAGTE",24,628953,4216,291,770,1
"jGqDVknzX3o",20,628897,23319,282,3513,1
"TESsCOWNHX8",24,628833,18359,1091,3974,1
"9ZVdorVKlXI",20,628756,65505,370,12849,1
"ACHZrvF6mTA",24,628619,12600,554,697,3
"Ya_4C3jSsn0",22,628588,14126,427,910,2
"V4Z3i9OXAEA",23,628551,4722,120,316,2
"WBTOK4CYUCk",23,628538,10151,400,942,2
"aTgxG6LPh9w",23,628203,39983,1754,2412,1
"msmhXlHZylQ",22,628128,28411,446,4520,3
"4ciwpi-8f84",23,627995,15493,381,2013,2
"y4kY4j3L-Ww",24,627927,3928,642,1395,1
"NPjqJSNFM7c",24,627926,15116,1153,4037,1
"qq6TAveKjlo",22,627823,4166,286,383,2
"I_0GgKfwCSk",28,627713,15471,358,454,1
"ZRTyv9zSx2M",24,627687,11830,198,2049,2
"B1D6Clmiwsw",25,627528,8490,2268,2198,1
"nicFpVJ94gc",23,627456,28321,761,1599,2
"4V6-bkddMH8",1,627390,13184,637,1704,1
"Uct2Nx8PJok",24,627225,5134,258,876,1
"5rOL5O7YFQI",23,626843,30235,316,1151,2
"M0oZG60WD9Y",24,626474,47262,1460,3469,1
"kFEka86Lrrc",24,626346,7555,735,1538,1
"qjhIjsHMQcs",28,626246,15100,761,6989,2
"aT5yGtC9Zas",20,626145,31077,481,2251,2
"JfmotLDdFvE",22,626005,17513,456,1025,3
"2LF_WLiyM54",24,625806,16065,605,1595,3
"eLj9D4vo56Q",2,625693,18657,1051,5081,1
"SrlnidHJgGM",24,625663,2088,197,1397,2
"XDQZIBd9XSc",23,625366,16597,221,3778,2
"a-YQjATzZ64",25,625365,6087,545,2440,1
"Sa89eLrunRg",23,625355,58041,194,3518,3
"eWrpmVtIN4g",24,625352,25628,289,4616,1
"B70We9xq9iw",23,624721,32531,515,8367,5
"WWSEmHm27ac",28,624648,6296,1206,5134,3
"yWwPxWcsVHM",24,624637,20986,680,8681,2
"JQNcHxrnujw",24,624495,14775,216,1315,1
"Nay4E0qsGy8",24,624416,20845,483,5316,2
"psDauoxUj9A",17,624328,7100,398,971,1
"J8E1g-cHV5M",24,624293,2762,524,258,3
"Q646Qq2SxhI",24,624193,8241,200,700,1
"bWrdMwaGg8A",22,624116,34004,804,4270,3
"fN491KqvtP0",24,624054,3035,2860,1176,1
"8q1VGptW_oA",28,623924,24731,720,8527,1
"pHcJ0L7tEyw",24,623879,11693,227,795,4
"fFSmOE0Uxms",22,623817,49744,756,3684,3
"o1BKYuus0C8",24,623756,2361,406,1016,1
"1JHY490K_A8",17,623562,19283,606,2309,1
"Tr4X1Ev2l-8",24,623493,3434,267,252,1
"UBMeG11Hkxs",22,623435,34332,425,7039,1
"OJsawiGLPpg",24,623420,49702,929,13259,1
"TLes2_l1-sc",24,623313,11776,858,4082,1
"m2iMjpAkTeQ",24,622924,31104,853,4395,1
"liEBZi4tmzA",24,622756,20377,262,4019,2
"xpzClwOglyU",25,622702,6511,2089,13372,1
"MmPPxQnaGDY",24,622646,24402,986,7885,2
"CBn2M-3Safw",24,622605,70872,384,18560,2
"-s3j-ptJD10",27,622528,21688,368,1891,2
"m9zOqymZ754",24,622450,2714,250,849,2
"OMJCsytmfnw",10,622430,39779,401,1909,2
"ZhFxsWxrgkw",17,622413,1996,97,517,2
"pZ301QEoo9Y",10,622370,12157,139,509,2
"yzQAqKy4XVU",17,622211,49605,1058,2832,1
"pAQhexhPoj4",24,622125,4922,711,438,1
"t7klO0p092Y",22,622094,29023,252,1599,1
"EIHz3x9j0VI",28,622089,21300,746,3137,2
"HG8NszTJ7O8",23,622082,10198,402,501,2
"xeYcqgOCH8s",2,621969,16880,228,2033,2
"CI2zVegJBWA",24,621962,3783,1061,391,1
"gpw8RIb6IFM",10,621751,10488,227,230,2
"pCzEhJPg3pU",43,621739,3859,793,562,1
"LtdSjLXsBSY",23,621690,35925,403,1934,4
"untx5wdfDXg",24,621635,60719,851,3063,2
"gxc3mo5AYIA",17,621506,11536,502,1124,3
"Nq8zTHhamtE",22,621477,5615,190,1463,1
"g-F3A9n9BLg",22,621283,20881,244,689,2
"7GzgwKwGhKQ",23,621271,53223,658,6162,3
"5qx2WFpNTPs",25,621264,30439,839,2634,2
"C9EOcTRCVk8",17,620923,11262,382,1302,1
"JdZlKKBQ3Ac",23,620900,17882,399,3722,2
"17bww7GBHAM",27,620813,17721,613,4872,1
"KT3Txer05RA",24,620808,0,0,2783,1
"m7Ege1M5Pag",27,620759,13017,634,4949,2
"7CVXExXaDCY",24,620579,55086,331,3266,2
"4b07d_ihmB0",43,620555,3397,780,300,1
"7uA0t247reY",25,620349,1462,54,401,3
"KDiEIqD4MJ8",22,620341,5543,313,1566,2
"M8WDB3mKmHg",43,619941,3782,936,646,1
"t1shnJT8NCY",22,619920,7604,2603,1969,4
"VAFUK1mR-vs",22,619919,8447,750,1932,2
"OB6_vByiBjo",20,619899,109812,1500,13091,2
"imCgDwq9esc",24,619606,4883,117,169,2
"KXzgdavpg10",24,619364,3014,849,239,1
"fhJCRZOnr5M",24,619349,24964,529,5384,1
"HAilzI5VS68",23,619334,32884,515,3280,4
"Rk4NhRZvv2I",28,619309,10941,935,3643,2
"xnwhYVE6_BM",1,619292,6469,271,879,3
"Gz2jiVCakJY",24,619269,9228,166,817,3
"lLugLmQK6_w",17,619171,9716,841,4,1
"ZqigBQ8v3AM",23,619102,15352,485,4644,2
"RBWw1S0dX08",24,618967,27882,1495,2037,1
"l8911xlXv6g",22,618908,7683,175,647,1
"xZTD-00H1jE",25,618675,13705,470,1264,2
"CRnr9f0VGzU",22,618591,1887,442,38,2
"8RKmNEP6mZM",17,618492,2350,212,526,1
"LKjrba-PyHw",23,618483,65601,255,4202,1
"Ol26CnNEZrU",28,618476,28717,613,3798,1
"T32Jh3pMqB8",23,618443,30057,605,3000,3
"ANO8D6GdAh4",17,618316,7819,213,2301,1
"1WLIm4XLPAE",28,618158,24170,1130,3764,1
"BrcBKpE9aQg",28,617990,23510,624,4637,1
"7LgNSdeBIpE",17,617754,1923,168,1388,1
"E4vGp7DV2QM",26,617494,11245,715,1684,1
"G-oMU-iZRFY",1,617457,12203,1002,5077,3
"jlmNwjdYVnk",10,617417,14032,1030,3351,1
"OL7iIR8e2-k",20,617348,12553,739,19,1
"UViTPSRWKBg",17,617334,29034,280,2284,1
"v-934n698RM",24,617229,6860,477,1241,2
"ELo58FBl3R8",28,617192,31921,480,2545,1
"ccYF1Tv301g",24,617135,3438,724,2943,3
"cDnLzG8oGcQ",24,617017,32107,438,4425,3
"3j4ay18xokg",25,616782,5036,4107,0,1
"fiMgxwWlH_g",10,616675,39368,327,1723,2
"YWUPjVxTRIM",10,616628,35040,986,2496,2
"yFIZd03O_XQ",17,616404,48244,551,2680,1
"rtdNC40e6v8",24,616332,19388,365,4340,2
"SDlSVE0X3Ao",23,616265,43808,570,16223,3
"6VMVbx5VLaY",28,616130,17150,516,2004,2
"BrlaeR8dFbw",1,616089,29958,856,15169,2
"vRhNPd7IPfQ",10,616060,28030,977,1893,2
"IkNqmCkbI8Q",10,615934,13861,1162,413,1
"gVutHEKBzHs",24,615686,11335,651,1366,1
"0qLvsm5AKNw",23,615495,10272,500,4382,1
"pcaLrnqs7zQ",22,615483,28135,483,2773,3
"sPPmWfHhyBc",10,615334,15710,692,651,2
"Cw8rWTmy9dA",24,615314,34685,359,2023,2
"LYivDLrFtp0",24,615232,6866,323,1254,1
"-EueYot6TZ4",24,614951,22342,420,2399,1
"HnvxZEwvYjQ",24,614928,4140,503,1231,1
"v-cXArR7of8",17,614817,16542,395,1699,1
"SNM12oCAo9U",17,614742,11499,226,3307,1
"5P1Md792fF8",20,614582,28565,1465,18362,2
"CwO_JI6Ar48",17,614536,21671,165,1868,2
"A_dJkg0kHbM",23,614490,35804,650,631,1
"rBEV-GJP7KY",27,614434,14571,835,3655,3
"5nlG0svf9t4",24,614411,23213,960,5548,2
"Yeb1BCo7-N4",24,614320,27602,562,4522,1
"m7CEjB-lt7M",26,613967,18843,295,1670,2
"2XEWN0CFghA",43,613807,4058,1084,666,1
"CBQjhjeHv_w",17,613729,1365,138,244,2
"Z0ekMVs1V1E",24,613540,17950,222,1895,2
"Atdw3OdKO4g",24,613488,5600,418,375,1
"-Ru31e1qOUI",24,613392,4520,946,2324,1
"GbrueARGMhE",24,613269,19725,512,1224,1
"Z8U-Sya0jZE",20,613147,27378,657,6104,3
"yzJtC835sio",23,613036,10405,358,634,2
"nlJ4WIj3j24",26,613035,16054,1152,2263,2
"ISdmbJsumKM",24,613005,4048,478,914,1
"TzvCg1tH7IY",27,612898,14919,743,2771,2
"sTubnEBCnk0",23,612703,15721,597,2084,2
"10ndJuFP1PY",23,612279,10326,285,968,1
"LVBN_QnLXCc",22,612188,24794,94,897,1
"rBpMYATttsI",23,612112,44648,787,4014,2
"enqFulGwFYY",1,612098,6451,1318,1374,3
"lq0WUudJiSM",23,612091,15889,440,1527,1
"9zmbOS9eFuE",22,612002,31647,1484,2483,1
"n4Tjo9P2qzM",22,611869,16495,587,5088,2
"02N508BDngc",27,611827,29670,556,4742,1
"smtD5mrdcbs",10,611765,11370,2910,1186,2
"RL7ZuJmMGOI",26,611712,33746,707,7883,2
"Q1oGvWctQ1E",28,611702,17829,601,1736,2
"h7aTgzufrVo",20,611652,35021,249,5120,3
"71X7a8eu73k",28,611553,17712,509,1488,2
"beF82S2S8Jg",17,611389,2116,168,1018,1
"fJZht2-Kg3w",24,611344,11439,225,658,3
"i0eUspkTuYc",26,611317,11795,783,787,1
"HOE5QDDKDlY",25,611275,15163,1382,3135,2
"6Hg_pPVlxu4",17,611211,20959,422,4295,2
"T3aaJqbjm_c",23,611139,30911,953,2747,3
"s4D42vMUSIM",20,610966,23220,1095,7025,1
"aXK4Re7VS2Q",24,610942,1783,47,221,1
"_68Btc0GzmE",25,610907,10813,631,2610,3
"OPdmg58S9ZM",24,610864,1808,316,207,4
"6mDsa-AqNcQ",27,610602,22554,1193,5384,3
"KqFQUdMIzqs",10,610561,37801,436,1889,3
"rbMLKw6fU1I",1,610469,7962,406,1092,3
"OYhGxfP37us",22,610431,6903,882,3764,2
"IX6gYfA6l88",28,610217,9433,1893,3246,1
"-LMkB1Jq95g",43,610214,3572,1078,406,1
"miD3ujpqYTk",43,609769,3245,1738,802,1
"6FXjtnVrvMM",28,609641,15184,500,1672,2
"EVFHlNC6Uv0",23,609584,45930,2035,1032,2
"3PmSjJY0T5w",24,609553,3161,1014,316,1
"BmMuLuG1yW8",24,609475,10390,1014,3929,3
"HSPjbJs_Qlc",24,609469,3043,225,2223,3
"ZptISqiTxsQ",17,609245,2323,114,974,5
"WKfVxoPO_Qc",25,609222,17400,1092,3396,1
"YpphKzmDiJM",28,609188,22907,548,3610,1
"m2-NC6Rvru4",1,609176,19204,281,2186,2
"Vho7V01DNyQ",23,609015,16175,666,3937,2
"Xqrv6skU8Ow",24,608973,5194,627,981,1
"IbNJTLCitDM",17,608902,8933,180,3247,2
"ErgLnyfLXCY",22,608902,4729,313,100,2
"PXlVzMiRIHw",24,608625,5943,556,1028,1
"4GNpFuN97EA",24,608559,21258,139,609,2
"YuhRTuK7ydw",1,608525,5241,590,2971,3
"C_BogKJX-DE",22,608363,6249,947,3574,1
"00C_sCojB_g",20,608317,32555,357,1093,1
"62uYWcSQolw",24,608298,16933,285,3726,2
"HtWODGCnk04",24,608245,4750,402,1180,1
"hdrkZGQ8Bxg",25,608117,2644,344,409,2
"Omuyrk9hrss",24,607947,4066,426,631,1
"NBnT2ZqaY5c",24,607842,3975,1036,321,1
"YsWIHhKmmvY",1,607822,23186,490,3755,1
"EZ7gQMgdDRE",22,607559,4795,406,3397,2
"QFOeayosZf0",24,607461,2503,417,433,2
"rrwd2_UkmNw",28,607390,23015,433,1289,3
"akv9jJlYwcI",26,607378,33752,588,4776,2
"4XvFx5SGbo8",24,607343,4214,110,624,1
"NSi-MniOTqI",24,607334,21437,294,3115,2
"4jQgb-JfnWE",22,607322,15699,894,6439,2
"8uIKBDIygWg",2,607099,11719,916,4360,2
"h0zMjd5ZAJ4",23,606807,7384,580,808,1
"RFHH8bSdLr8",26,606751,30707,596,1806,2
"V_nYnDTqGaU",23,606730,35598,793,2495,2
"SO-fmfRCz_o",17,606722,2943,180,619,1
"tClGIRj4rTo",17,606692,11564,2321,2193,2
"2wlYHYFNPtM",24,606502,43052,262,2897,1
"tIYJcjhINqA",26,606446,31776,1407,5650,3
"UE17xaIfr-A",22,606382,11596,224,476,2
"aK0s7LK9WkM",24,606377,6800,576,1451,1
"94vTAryErVw",22,606359,2774,408,389,1
"21AMukeXNIg",24,606262,10598,932,1189,2
"J6UHc1bz7Z0",22,606203,26610,269,3124,1
"6dkV0ptTg7Q",24,605986,19029,175,1094,1
"37glmk_6eM8",17,605941,2642,128,876,2
"6LMA1MLbXIk",27,605936,6058,207,1208,1
"paPjibGky44",24,605924,3376,424,1016,2
"PYxgy5g81kw",17,605686,5164,256,2411,1
"hC9hgI_895k",17,605683,1521,251,105,1
"cYwdp7rRUF8",24,605647,28586,311,3214,2
"hH5ikMgczeQ",23,605430,19963,288,2736,1
"8C3FN1A7PrQ",24,605378,19813,241,11753,3
"NUMa0QkPzns",25,605311,37920,509,2001,3
"RpOWPsJIkjI",17,605094,2029,148,405,2
"NYSMEzMeMaQ",10,604939,32133,471,3521,2
"BVFN9if4Ztc",28,604928,20036,814,3026,1
"vnOBpB7ForI",17,604807,42592,342,2594,3
"owf3lgsBVWQ",24,604784,9768,151,1371,3
"_GZlUextcAA",24,604565,10175,883,895,1
"Hpm8O--mNTc",43,604388,3330,788,338,1
"6Vx3kNC7f0E",24,604356,19752,382,3912,2
"oS2MW3YIJew",10,604348,42637,558,2235,1
"QGxeUUR7E2Q",1,604008,29409,366,7603,2
"jJydzTD_twY",10,603935,869,173,21,1
"cSFfxxVYpxk",26,603894,47821,1016,8189,1
"DGhPGH2YROA",10,603891,60869,417,2951,2
"QolW8xNeq2Q",20,603587,65807,881,10108,1
"DQkp3aEM3H8",24,603403,0,0,275,2
"O8TgCzV8GN4",10,603176,20930,666,4934,1
"1Flq3133Mh8",24,602934,15169,326,3724,2
"lv2HF8TerCM",43,602783,3440,1430,784,1
"Y9Nh9FT9T0A",23,602451,40602,564,1037,1
"3y4zkCUH0fA",26,602446,18644,323,1089,1
"iSSiKEF-ww8",28,602439,23337,631,3528,2
"DMv7aCwKkrI",10,602409,41922,450,2349,3
"5czmY2tK07Y",22,602377,12409,367,2883,2
"wGV1Gl18rT0",17,602350,6108,276,786,1
"74tZ-yOOPy0",24,602301,30124,206,1789,3
"z1kLBFVk9HU",23,602005,30041,2690,1948,1
"gkznH1SpVec",24,601989,33903,4831,13468,4
"cIYLwrEESKg",43,601943,3702,926,279,1
"KuWnanSN_AI",43,601909,3096,940,555,2
"0wEOCpLCabo",17,601776,6444,122,730,1
"RyOBy0RKJws",24,601598,43438,1165,3101,1
"Aa0pMMyBVLs",43,601501,3486,1010,359,1
"VSJ0STT8JRw",23,601493,22868,709,1925,2
"LhzBnUB033M",24,601481,4141,364,725,1
"gd0bB-5X4o0",17,601476,8906,304,4315,1
"ij22wwVWras",24,601437,3457,939,451,1
"aBG-McmXo2Y",25,601402,6005,605,2715,3
"SFKGk_ePmfI",22,601319,37873,428,5148,2
"5oUBoWF3WuI",26,601314,28315,492,2839,2
"Cwg2rTorJWc",15,601081,25478,254,5529,2
"KStsAnN7KbI",22,600255,26436,153,2267,3
"OazovBWqc-E",17,600220,3051,159,1045,5
"dyoGXhIj1UA",24,600208,25437,379,1442,2
"Hz0VlUVjYfI",28,600145,0,0,0,1
"FRsUxR6VWhc",25,600089,26722,13616,29209,1
"pa7dPuRiJ3o",17,600033,2069,685,647,1
"WRQSERxTvYk",24,599916,3888,300,763,2
"wJTU0l_bq-8",43,599897,3328,937,409,1
"CQXPKL7lCHA",24,599812,6556,520,1167,1
"hhBQ-sHYEtc",22,599720,55026,216,4246,2
"a5XqnaWBS6Q",24,599635,4002,496,1332,1
"K7kvl36jrYk",27,599480,7253,199,1000,3
"ToYeyRA6xvc",24,599202,14850,395,5429,1
"JpoTzh81Tek",24,598848,13930,409,624,1
"f96RXWYDaAM",23,598676,15976,889,2654,2
"5Y2G6JFO3iU",20,598594,6347,236,24,1
"EY-wa1vtD2Q",10,598489,16289,673,1691,2
"F3Ls_qZCxhA",24,598461,9210,559,3993,1
"5cKQHtO6wyk",17,598338,5774,249,1395,1
"rbQLd9Kj2VI",17,598217,4886,252,1827,1
"uYc9SD45KU8",24,598110,46100,1796,2425,2
"3ba496rCZAk",24,598022,56029,408,4895,2
"3-IEuxIRl5s",26,597953,12148,585,1182,1
"QL8voe1u7Ys",22,597951,6991,706,1831,2
"A6J6takLyro",17,597870,5048,531,424,1
"BQiieEMW6H4",23,597717,16870,283,3563,3
"RaxzZoKk1H4",24,597596,15361,305,4101,2
"KLT6MwxhBFo",22,597378,2169,215,501,1
"EUahP1bE-j0",24,597372,28767,875,4539,1
"vFQ8hsZsDkA",1,597340,17345,266,2688,2
"lIkknpTxU1U",24,597163,4903,1084,1733,3
"5u5m_enbs-M",22,597128,6382,371,1943,1
"rwOzhTl4u9k",24,597085,6278,784,1593,2
"LThkdOP6QSM",24,596989,8213,135,537,1
"Y9nDagqKL7Q",1,596888,29736,523,1768,4
"UxkshYOgh3A",24,596843,57847,530,1301,1
"yz222S-ILo4",24,596801,42694,791,2505,1
"UB7Gjo1uw90",24,596664,20857,716,4610,1
"wOSDo9zZigw",23,596644,15028,490,1695,2
"jxpfLjupMQU",24,596513,17418,563,3419,3
"jAQuoDkx0Y8",23,596381,38022,619,10268,1
"rYcnh7hXOjE",25,596199,12580,1378,912,2
"85Z3FR09-Yc",10,596108,32603,581,1951,1
"4HX6R88QZB0",22,595991,22490,2837,4366,2
"r21uCHCJllY",23,595731,16028,340,3022,2
"DO4CPQYuHyw",23,595648,20637,870,4181,1
"hRnVb4z6Hw0",17,595594,7261,301,2334,1
"sde3ke1Qof8",24,595493,7252,803,2608,4
"RNd6-PJ2U0g",22,595335,5898,4085,950,2
"QrTAA6hCkrc",43,595204,3360,878,521,1
"XUXXaQh8dUE",24,595159,5936,321,1526,1
"Pokk2uia5-E",2,594926,16073,226,2201,2
"p7CsTuHv5As",24,594312,38091,283,5218,2
"TO09LEFHr48",24,594155,11320,494,538,2
"LU1I7PtU3k4",24,594147,6357,595,1904,2
"pqYnmLEj_O8",28,593938,24450,661,3415,1
"ArfmBDEwRT8",24,593909,2706,453,1136,2
"Ec4OKbrCl3I",22,593878,8859,513,2548,2
"XOH_N9nTvCo",23,593806,52721,684,3317,2
"m-WHx3hOSJU",24,593696,1560,260,1154,3
"HErRdqK0-9Q",20,593690,24820,297,3521,1
"_MOVYyJqIdE",24,593678,12087,98,471,3
"gnXsXnPsfRc",24,593536,36349,282,10493,3
"fDeL-hJwf2s",10,593017,32291,1417,3067,1
"87j0PCnrLGI",24,592801,4143,441,833,1
"Zb1ShTFP198",24,592790,8126,455,926,2
"B2hQln7iyQE",22,592751,22597,357,2124,1
"jWkOwC7vMb4",1,592735,37640,519,4522,2
"pwie-ybq7vo",1,592680,25117,211,5229,4
"PzNPk8iksls",22,592585,12747,535,3653,1
"tiH07VpwSLY",10,592515,24680,424,1075,1
"UnI2Lap4yJo",22,592424,5831,1150,2884,2
"DgE7Kmhqw4M",24,592350,4087,1062,1776,2
"la9Jy1iccGU",26,592264,38142,580,6005,3
"65OvRb9cKhY",23,591892,14620,659,2898,1
"Ik1fCeo4CpQ",25,591866,1102,369,999,1
"ckA7nmvn85I",23,591865,14160,383,1660,2
"B9rXuK53MNA",24,591864,4146,431,877,3
"tumsOHfk9Pg",25,591863,8768,659,601,1
"pBaCzdE0jaU",28,591666,15073,614,1514,2
"AlrbKKGIcjI",43,591632,3231,1327,1030,1
"3MU9h5wCLSI",26,591579,12669,664,1092,1
"1JOrtIyaXGM",20,591507,37094,146,14669,2
"tSe4o9wQ9_k",24,591485,22133,232,2233,2
"XVbcU5YYoIE",15,591472,25667,187,2951,2
"h_-TQShNW4E",22,591285,35397,476,2680,2
"OnOetcxHDJI",23,591117,16648,420,4419,2
"Mffuas-uWOY",24,591022,3711,180,400,2
"IZA7iXpuhFA",10,591012,28721,238,1085,2
"RsIIT6rXnSM",26,590955,15575,531,2893,2
"kJZaz8iZyLM",24,590894,3378,551,1266,1
"BubFE0CYMYg",24,590868,12093,145,293,1
"1jFCPcG5CJA",17,590699,6017,246,3020,2
"J3gciAsltCw",24,590625,29440,2060,10298,2
"k2Q2idiC5aU",24,590582,35604,469,18902,3
"vG4qJW4-CH4",1,590475,4159,523,1223,2
"ub4AOyWEzPo",24,590268,12170,191,1730,1
"_Ch5ClOB9AE",25,590267,13074,1101,1544,2
"SOjwzWWR4lA",10,590228,20090,190,513,2
"e4dGLn9sibA",24,590220,36538,544,4845,4
"URRpbARFaIk",43,590171,3418,865,467,1
"kfPNxNIDHrA",25,589982,17443,1574,3189,1
"l7VfDVVxiMM",27,589827,11839,1815,4413,1
"6Za-UoM5CWs",23,589708,64202,492,7455,1
"7hBdllVE3R4",22,589371,15752,564,6276,2
"hH-wCe5oAv8",24,589282,5416,171,809,2
"XE2J9bw52RI",22,589236,25438,1299,1630,1
"-Rqc_j1vMcI",17,589207,6063,353,2759,2
"p7teSHq-NHQ",20,589041,66424,614,2689,2
"ewNhJaNgKds",24,589009,36176,602,4359,1
"bs_RS8tHXyQ",24,588887,1749,248,613,4
"m--0_3vTr8I",24,588869,2877,567,406,2
"jcM_Nd9xWeA",1,588857,21973,163,3663,1
"VioegwSjypk",23,588820,18319,254,2214,1
"0BD_oiAvpEk",24,588799,10447,177,2833,3
"gjL8WNQluTQ",10,588699,1793,325,72,2
"m6IHXILXUGE",23,588597,42099,679,2836,1
"IgSo2DoSLrY",24,588564,4043,326,576,1
"fhNKekICjCo",24,588526,54051,513,2928,3
"gAZaqhNxAm8",22,588410,16343,687,2583,1
"C2LUNoaXKXc",22,588358,28805,1048,1109,2
"_C14eXiZQWo",24,588273,14058,177,368,2
"TuxEqTVNwlU",24,588261,7539,311,2272,1
"1gQEYsKotj0",25,588100,32176,158,3780,3
"3xbmnYHhIr0",22,587915,6800,695,2177,2
"NB3gWkhLkxM",10,587900,46210,775,2869,2
"6Ga2h-qMD6g",22,587850,6116,681,1879,1
"l4bAoNAx2uo",27,587752,11891,1777,6920,2
"LJ7k_dO7unc",23,587492,19212,694,895,1
"Rn0XsW2l4d4",26,587428,19149,363,1344,2
"mNFLa_ZruCA",24,587373,3019,389,1251,2
"9YhMrzcccYI",23,587359,14682,384,1619,3
"NqWCE1izfz8",43,587317,3787,733,408,1
"etQHiizD62w",17,587208,7353,418,677,1
"m5QNeWAQrA8",17,587108,3009,252,460,1
"HYJFgyqs0sM",22,587081,11217,821,2764,1
"Ocy2UNGDEXo",22,587028,15386,414,1189,1
"Im92cBvy4-c",24,586969,3015,907,915,1
"mBfaXBqq_k8",24,586817,7136,144,284,3
"CtbcRFSzRrk",22,586722,7144,559,738,3
"nG1pGyjoqwE",23,586283,15151,454,3440,1
"-JRht6k8Wfw",10,586250,4534,526,3286,2
"XiljRJMTUvY",20,586174,25393,250,2813,1
"EacCdANAfyQ",26,586150,41782,511,1424,1
"d1hs-JI_yBE",17,585954,12604,190,1774,2
"HMxa0obkTME",24,585795,9319,304,382,4
"Hz56cJfoYgc",26,585617,35461,318,8048,1
"nowIrCyg2Yc",24,585484,8849,227,355,2
"HHuTrcXNxOk",27,585418,21074,324,1101,3
"sBC9r4HuKu0",17,585239,4450,496,2691,1
"9roRdYu3BQA",24,585208,17728,839,2834,1
"mRXV2SHML-M",24,585169,4880,2516,4930,2
"vgDaLUlmyL8",24,585140,22689,385,5065,1
"R85_tG5GjBc",22,584987,13970,695,1573,4
"uheJQjs2nQY",22,584963,2938,149,270,2
"sitxg0Lcz6s",23,584954,22124,599,1759,2
"BSv9s7Y9VK8",22,584953,3542,211,805,1
"VsqaZDn4P68",24,584730,4094,571,293,1
"PZaUqlLi2WY",22,584723,11599,869,4564,2
"GZkgGhlscc0",17,584612,2102,186,546,1
"4lQGVR6MBOg",17,584584,3986,149,811,2
"Gj-qkDXR9P4",24,584556,6757,164,671,1
"syiEqRf0Xp8",43,584519,2929,1738,919,1
"_T4JubS9c10",22,584296,6721,840,3071,2
"klKBs8iMvIY",17,584295,2857,165,2033,1
"p4bwEbuCTM8",23,584214,26723,724,2735,4
"b8o42-tPgRg",22,584010,76437,350,12170,1
"0ltfs09l3II",1,583806,19261,107,536,2
"173_sjiKXQk",27,583707,3227,333,406,1
"pwj_SZHqiSc",24,583437,24261,863,6738,2
"E7NdrkKD8Vk",27,583321,15468,493,4511,2
"aBpW2mpCfK4",17,583313,2998,266,261,1
"hFMzzV-viVE",10,582781,3480,384,260,3
"AYbevLTXLvM",24,582599,11147,190,974,1
"yHqdA4E6Kh4",24,582454,2172,688,248,2
"LqdXPg4ANWE",23,582180,9752,177,483,1
"h1wA4ZYFScc",23,582045,27909,423,857,2
"vpZqM6fThdU",22,581999,9170,649,758,1
"bSUWgDHwekU",17,581902,4754,355,1733,1
"4s8SSk29_mU",20,581894,27910,324,16872,2
"urOhWPAS8OI",20,581881,26824,435,6658,2
"PLHuo-Va8Js",23,581872,20529,1326,2104,2
"qJzcSUHggZo",24,581868,2495,272,895,3
"TEAO7jhxxwk",28,581856,24184,809,3663,1
"NA8_pFRNMy4",24,581661,3132,390,885,2
"Q34oY-LI9K4",10,581242,8234,630,414,2
"wFIQhPRcfKU",24,581135,12578,224,915,2
"F1b5ouja_VI",23,580931,37620,402,1730,2
"kV9v4j6pRTA",17,580924,1816,179,585,2
"LwdPfLYQTZY",24,580733,3538,978,284,1
"ljtsvna46eQ",24,580643,8126,188,228,2
"43sm-QwLcx4",22,580516,4793,1272,1844,2
"mHcQvji6QhA",24,580370,6123,552,2258,1
"eSed5pq4lVQ",28,580094,15273,561,1693,2
"HQMefVlBi9o",23,580016,28856,2148,2402,3
"Wp4Z2CAFIE8",17,579931,2928,128,360,1
"0BgoFiekqk8",19,579929,4548,612,868,2
"7BJT4tvrric",22,579923,16021,289,4802,2
"QM9xgHibvzM",10,579718,24509,374,1860,1
"eUQqeabxnNU",24,579631,4720,3065,1159,1
"bQk-cHkGEwE",25,579328,2879,342,1191,3
"IlOa4F-F1KU",24,579077,6969,420,469,1
"3WlhLmh7uiQ",15,579051,26497,574,6259,3
"t95aLo7R1NM",23,579028,37278,796,3525,2
"uovntV3ZMDc",10,578962,37627,432,2304,2
"7X3y5SrApCs",24,578939,36603,670,6872,1
"NOxdiTAYfXU",24,578928,34374,163,1206,1
"ltv-vDX2lYI",24,578610,15562,338,2462,2
"fyNcJlwXurk",24,578580,16574,538,1350,2
"C7KHvtOgcgg",10,578576,2487,341,601,1
"7xEGtnIivoM",24,578526,17446,183,2584,5
"wAbnrdmESn0",17,578499,2300,198,895,2
"l4Hm9OcyTQ8",15,578242,42488,340,22308,3
"dc0Dh_1lxe0",26,578128,33633,374,1930,4
"fTK0hhBiCgA",10,578010,47246,604,3858,1
"XSdWHeSf86U",22,577889,9452,1026,2965,2
"cH28-gXqA9k",22,577583,24218,532,2209,3
"sFb4-OF7zfk",24,577304,2753,214,574,2
"TRPwZ3C1B9Q",24,576992,2879,742,224,1
"EajOkkJ80uc",23,576991,6670,634,1371,2
"TeY3ijusHns",24,576891,927,373,2521,3
"6sSQZw6G2yA",22,576824,21037,188,1009,1
"DJFeaRWJdy8",26,576729,25820,771,4946,1
"7MYMUAfKVbI",27,576571,12027,730,2726,2
"MCLa499wx8o",25,576384,4760,365,1187,1
"VbAYGsxN7EA",23,576347,14541,384,2693,2
"JrO46CJd9ns",10,576213,37912,1045,4183,2
"6tiphMs-dCY",23,576064,33367,614,1287,1
"ZREfo8pZCD4",24,575954,20336,370,2223,2
"ye7XOvTBUPo",24,575851,21510,4438,2043,2
"oKKdCiiF0N8",24,575509,29960,222,1385,2
"3pHQgAxT0nQ",43,575451,2473,768,282,2
"dZDCbwDkXbY",10,575445,33743,666,4127,1
"MGeIK0uxkgo",24,575435,2649,131,222,1
"k6rB-Z_nxws",23,575334,8030,309,498,3
"JzGg1nWg1FQ",25,575271,2083,984,233,1
"dikG4vMJG1s",28,575153,18940,814,1786,3
"HX1RBvIGsj8",24,574983,11312,234,1374,2
"EoRgGY_NMo0",26,574933,35095,409,3020,1
"lfHmONsjLps",10,574778,2487,577,153,1
"ifiJPLi_Xgk",26,574626,18390,495,1998,1
"pwaWilO_Pig",22,574433,13188,406,2658,2
"2VAqzprUraU",24,574335,4655,457,1032,1
"K7ZAzLjnqa0",2,574248,38734,1229,3965,2
"I3Amrr5k3WE",25,574178,2398,426,533,2
"0QG7lAWDkNQ",23,574124,15147,376,3739,2
"hWidtvJYmMs",23,574027,4875,536,1186,2
"kt2kjjaDl1s",24,573994,18058,502,1893,1
"SywOj6EpkOc",26,573873,19577,531,3524,1
"UO3AfzrOKIU",24,573798,23999,131,740,1
"8s5b77qRrE0",20,573726,28965,288,2092,2
"DCGyLjBjuGI",25,573537,22683,3593,4014,2
"-W8YzbgV-7I",23,573408,29833,350,1790,1
"OmetCO_ZFnI",10,573371,115729,189,8825,1
"ILfL6fA2VBU",25,573294,2837,1265,1879,1
"Gk-u-CjSIwY",23,573286,14970,275,2829,3
"RD8bai4hNBw",24,573281,6696,576,1603,1
"SCjVcdHHb84",24,573253,19209,4807,10343,3
"dpYxyFmBEKQ",24,573054,3574,360,371,1
"6JXBRxdlm0c",10,572990,11951,427,594,1
"KoilLvqi84c",28,572955,15936,706,4032,2
"peNGMDMQopM",24,572922,24772,350,3624,1
"OejarinH0xo",20,572697,6962,223,1286,1
"J5HT7ER4w_Q",24,572615,2689,867,362,1
"D5tgPVwD6HU",17,572531,11017,299,2445,1
"GWIWcOAj7z4",25,572396,3099,379,2046,1
"cf4DU1aSc1o",24,572348,5227,497,798,1
"bZEgctMfH8I",17,572071,3348,234,618,1
"y1ucBSGR2Do",26,571986,17209,601,2226,2
"-wY8hWM2ikQ",2,571986,29662,207,2393,2
"ibZesz1ZPkQ",24,571962,3819,957,230,1
"XzDqydDwmD8",24,571877,21895,2076,12966,2
"eWXsuziFUkM",26,571841,31596,245,3315,2
"EAP1bgquqw4",24,571777,4708,341,1122,1
"P5Dt3e5kZUw",20,571776,30634,291,4397,1
"D6Oy4LfoqsU",24,571731,31928,677,3308,1
"1cWD_Nm0tNU",24,571711,7750,155,156,2
"qd9NIPDd-DI",24,571637,3131,456,1110,2
"jEiCLgn9Xwc",24,571529,14324,717,7376,1
"kfvB8zxaza4",22,571389,16509,531,5739,2
"5namxy7z82U",27,571229,13837,586,3850,1
"ekkqzUqxyoM",17,570320,38499,657,1681,3
"Yolu0WUcDgs",10,570280,833,235,20,1
"RjA3-uJMiTw",17,570276,21538,310,690,2
"-4469zeATws",24,570172,17578,636,2590,2
"Yhl6P6_Q4xU",24,570150,2584,288,270,3
"jcIwdfgOryw",23,570127,37972,682,1705,1
"nh-Ksb0pvh4",27,570080,41439,1032,4425,2
"bqPARIKHbN8",24,570030,21938,397,1453,3
"rceGFDm9Duo",23,569969,37162,311,5397,2
"N18EwO-Rkxc",25,569751,6321,615,2934,1
"Fgtl5A7Wtd0",20,569655,30536,714,2924,2
"b2DD9E-dWko",17,569644,10755,389,2080,1
"D7ioP9FEkWc",23,569524,34934,646,729,2
"ilyMyMCftsE",17,569521,2667,210,897,1
"P1yrP4VTHFs",23,569300,9165,168,912,2
"U8W01B9rFEI",26,569162,9216,697,1481,2
"abT95p5iBkU",22,569154,7760,609,1942,2
"AzTbV39-AuQ",27,569124,16053,1631,2692,1
"4ZW0z_AQ06k",23,569061,15961,435,4735,2
"31Y6JWB8KeM",24,569047,4077,326,443,1
"zuGhEnkK3W4",22,568972,4166,1133,477,2
"wYQcU5VXde8",24,568894,17202,4793,6675,2
"ajftpAWCDrE",26,568862,9634,2025,1235,2
"EGGAJ2M5KlQ",27,568819,36689,561,3333,3
"_ERIRyhQ_34",22,568648,7689,835,1991,1
"sTSQwtwr-Gg",27,568576,14747,1710,4281,1
"TxY10VhmLR4",26,568534,26236,1199,29059,1
"jxRBzs9C3eU",24,568458,8730,177,1137,3
"j1V6b12Z2tY",27,568313,35919,613,3071,2
"hfFas8XfTKk",17,568161,4779,395,1565,1
"strfvlTmdlo",1,568156,26863,110,845,2
"4UO9E3Tb1Qc",24,568096,102275,188,14506,2
"BfcMvmsAy5k",17,567989,5639,700,324,1
"bFwRFDQas5A",25,567923,46599,586,3750,2
"aumXGJnd_hU",23,567803,43269,4038,2872,1
"DlD7OktBZAo",24,567677,18630,239,13379,4
"AR160wbv9VM",23,567665,5857,1098,2194,3
"nxM2wUaqDl8",24,567597,2611,414,702,2
"xXKK2In18Xc",1,567335,22239,195,577,2
"BO7yUdPHeo4",24,567287,5331,1155,526,2
"QIV7oJ20TNc",24,567224,5054,317,707,1
"LVDZu7nbdcs",2,567196,20076,132,1805,2
"dcipHnWcB0w",24,567182,5387,401,583,1
"0VmgX9uqkhc",17,566944,4398,448,306,1
"fSKPdXi73ro",24,566923,9108,175,791,1
"gzftYBJ4xSQ",17,566908,26601,116,2361,2
"Q-9zBajElU4",23,566854,15452,298,3935,2
"tJf4ZW0_TNU",27,566712,34761,618,2665,3
"048WlirXNXI",24,566598,8900,741,5914,2
"rO7QRg88Rmc",28,566332,17240,1101,2612,2
"WEtWwZIGHo0",24,566298,7200,683,1556,1
"abe4V763jrs",22,566262,12354,442,1695,3
"sLdUevK-Vwo",24,566225,10144,169,1274,2
"-NIP2zgVsRY",15,566146,18104,300,3568,2
"3gKUzizcwKk",24,566129,20474,3469,2324,2
"kQP7F_fEoz0",23,566063,15302,338,3591,1
"BvMOWx3S4RA",24,565959,2033,594,204,1
"gXDjO052f9w",17,565911,2681,275,615,1
"JgFakipK4z0",17,565819,41859,632,2718,1
"SJUBculeEiM",25,565751,3667,749,594,2
"cyOHwVjMpbo",20,565735,25292,317,8641,3
"-1zeOMJIEQY",24,565545,10530,1137,4937,2
"NWOz3OZ6J9M",25,565519,8121,7819,16813,3
"IV_L4aMgyoE",24,565479,2826,475,1270,2
"sQvjD2-p98U",25,565449,15861,420,979,2
"c0kjVF9vYEk",22,565383,5149,213,261,1
"R_5YBLuXAuU",43,565220,3669,1188,561,1
"G7dUVIij4AA",43,565091,3581,1408,710,1
"4E3yxxaWrLQ",28,565039,13554,714,4584,3
"zp0NfSnBPUk",24,565018,5721,793,1449,2
"MvHvY37qYLY",10,564978,507,267,25,1
"gB57lrwUyfg",20,564971,27507,1935,6033,1
"ClB2C9_6CKo",23,564959,12997,348,3252,1
"oafZb2Xe5n0",26,564728,12325,1153,1231,2
"dEs6-IfOGbw",19,564723,12256,751,2826,2
"5eAmJtvgQyQ",22,564675,984,472,314,1
"96N6Mm19YHE",25,564630,1354,128,485,1
"VJawYtS_MlE",2,564621,24248,514,7563,1
"4QZ5xwccPa0",24,564590,10165,807,2456,2
"7xQ6WkiNCvk",24,564551,3241,1123,845,1
"LlM-c-fT1lI",24,564419,3990,2130,1769,1
"jHK3gMRDuAs",1,564150,18063,107,359,2
"ZPKxvBelgKM",17,564128,5694,966,2172,1
"TBF7eTSTWLA",27,564096,14535,546,3392,2
"Y0kmRJxULgI",22,564085,23484,186,2457,3
"TewRcvD7rGI",24,563822,12290,138,841,3
"Ah7ldw_WmtE",23,563794,30765,525,1297,2
"nBpxVdpMBZk",26,563721,30576,559,2036,2
"e7E7Jj1yLuA",17,563675,15071,532,838,1
"BzoKVZj5EOs",1,563636,10716,213,840,2
"0yFXfAGl17M",10,563605,27651,196,1524,4
"siVIV2Oc0Ys",24,563473,2375,977,568,3
"PTubxW2tz58",22,563417,8197,426,1792,1
"qJH1SnoBKlQ",22,563186,26867,2155,1978,1
"bye513KciIk",24,563127,5487,397,401,1
"HS9fcQfAeDc",24,562596,22022,466,1960,1
"VeF8bYfOyXw",27,562401,41837,1150,8066,2
"d5kFaKRqPvQ",26,562288,34151,629,2903,1
"hdWK-uZ3JTI",15,562248,22537,1071,6989,2
"RV5WZP_mwiQ",27,562070,39930,470,2977,2
"wFDhyEF-AeA",24,561948,11333,433,1756,2
"8yOApYi-wmk",43,561924,2804,821,156,1
"NiFdy0NJuvY",24,561871,2469,464,126,3
"PEv3SQSMtLw",2,561583,4171,280,282,1
"ncHhjUllA7s",23,561430,7983,500,522,3
"x16qELA4W9Y",17,561386,7021,782,2584,1
"7Nnzpy5GRak",22,561337,12735,4170,8306,1
"Si5XHQjtK7A",24,561114,65449,407,3228,3
"mmX9M3iYqJI",23,561065,11910,297,3243,1
"bCfmB_FG6os",24,560997,3024,257,159,1
"lYIgAALzPQI",23,560761,14462,421,3449,1
"qgVwm_YN2AI",22,560695,5043,1702,4653,1
"qJ2xXGIJT10",23,560691,18085,180,5465,1
"OPRz805J-JM",24,560524,5640,767,1797,2
"o58ktj2cjQg",28,560407,15822,722,2262,2
"zNL_kGO6lQ8",24,560403,13875,1164,3104,2
"taB91faOJLI",24,560394,17746,348,3640,1
"_VUQQ6aeTgw",23,560197,14223,351,1480,1
"D6zNtypqNLQ",24,560119,5329,548,1167,1
"ZATNgQemoXY",24,560057,2491,112,136,2
"WNs7fkbANM8",26,559864,58268,950,8078,1
"WMvu1jvlJ-w",24,559771,9397,773,559,1
"ot-zPATBzLQ",23,559614,12577,379,536,2
"AT6jS_X4NaY",23,559413,50614,966,3610,1
"MJnlLFRbBaQ",24,559366,2976,893,260,1
"XQI1b6VVb6g",20,559365,14893,172,350,5
"KAMdh4iib1s",27,559318,1828,911,5440,2
"Gwi_UN-w0x8",23,559192,48381,1058,2646,1
"XZH3MetNP94",23,559175,3540,391,469,2
"0-O_D-U4YbY",24,559101,23837,200,3369,1
"DlEjLDrgzP0",24,559096,16908,661,2121,2
"RX9OYrMzuVE",24,559037,2666,419,1144,2
"1Oh7yC6kcJw",22,559027,6525,198,1794,3
"pWiVZwif7Go",25,558967,937,317,244,2
"VWC9mWY4StA",17,558829,4410,204,997,2
"A5og1md7Y0M",23,558508,34208,352,10747,3
"p2cerGTLkdc",17,558423,5086,219,1646,1
"2fFMeWn0a8o",2,558399,15263,645,5574,1
"7kQaNePHkiI",24,558362,8133,298,4217,3
"x1lCft5SwYQ",1,558329,4406,357,518,1
"_KMQMF-fZnM",23,558223,17534,345,1988,1
"mhDNQ2rOQKw",28,558190,20829,1356,3280,2
"2jbZ5RPSbAU",22,558010,20187,420,1190,1
"oe8BD55eYoA",26,557900,14265,751,1527,1
"gifPYwArCVQ",23,557883,44558,621,9619,1
"1l0nG-1SFVk",24,557838,15306,450,1521,2
"X0O35ZRG6ek",24,557814,4207,354,1060,1
"xZZWfn6YMR0",24,557793,3371,3132,2772,2
"i1AHCaokqhg",20,557760,21789,531,1878,2
"qmTX7B2H5UE",20,557678,4127,198,17,1
"DghVLzEhnFs",24,557520,23410,925,17809,4
"8ap3UjZhd-U",24,557500,5162,1033,0,1
"wccMGA2ZVdE",24,557483,10393,137,1813,2
"n-R39jiraak",24,557474,2718,400,276,1
"fZXYJ2Yf4-Q",24,557189,42325,1454,2073,3
"3KZx37lcSfE",28,557173,24513,385,1853,1
"pKVppdt_-B4",28,557155,5299,229,551,3
"FKFy_pyK7E8",22,556924,9317,347,1464,2
"fivMFvTOoLk",23,556642,14721,335,5636,2
"g_Z6cil3BBk",17,556623,4301,515,3645,2
"DZZHsTXRS7c",24,556547,13873,627,1184,1
"7fSIZUGhTYE",24,556516,21611,289,2415,1
"Ne2x0P4u3H8",24,556373,43974,454,5835,1
"Rh_iWXRxIY4",28,556363,24315,1216,2848,1
"j8gXtP-oqmE",24,556353,20290,266,2534,2
"I_XyUvQtABs",24,556154,16489,813,786,2
"iXTFY80QexE",24,556142,2973,874,325,1
"3pRp-ZM59H4",24,556056,8733,148,2371,3
"9-1n3y8p9fM",1,555995,18233,196,565,3
"BPGspKxSMGY",43,555922,3582,737,435,1
"uB9vfZmrGF4",1,555857,31489,1562,7175,2
"n3raQ-mZu-Q",43,555732,3294,785,258,1
"DJEMETs3ZhY",17,555712,3772,219,1169,1
"wvQGoAg7rcA",28,555654,20140,412,1486,1
"S4M_bpWd3bg",24,555601,2666,513,665,1
"zKsEtGmpFXU",17,555596,4095,295,2282,2
"CagwvHRMPGE",24,555497,6629,1472,3598,2
"jSYgh4z1-dg",24,555405,5544,750,1377,2
"f1lLf6Y9cjQ",1,555314,16935,181,406,3
"Rqh_Wzm6fEk",23,555314,15004,388,3526,2
"mmEvQNZsOs0",24,555221,2890,971,301,1
"TM42O6kYbI8",25,555181,12851,529,964,2
"OYcv406J_J4",28,555149,12998,2087,2318,3
"Hr3dX6__-hU",20,555140,12189,163,613,2
"-laHy3_7ItE",24,555045,8841,222,1367,2
"eJU6S5KOsNI",1,555021,10734,420,1635,1
"yOHtg7u-sAc",43,554967,3512,855,523,1
"JZaC0VMrSsc",26,554965,10247,620,1068,1
"kA66nAvEEII",17,554930,4241,233,1415,1
"kMRjwo5uWKo",23,554883,44193,343,788,2
"lNYrZABsPeI",10,554851,7569,140,407,1
"qEpdEJNrLqc",23,554511,21235,826,1823,1
"pgMTKsqkZro",24,554461,4038,101,368,1
"oSumNo-j-oc",24,554374,20064,164,1988,1
"pSCl71hi45k",24,554304,67861,415,3779,2
"f_akFYKDA64",10,554294,17559,236,597,3
"UNPqnEtuuiU",24,554285,4814,780,1154,3
"UkhRANGL9Js",26,554281,10807,1266,2779,2
"OK2y4Z5IkZ0",28,554250,29216,388,2100,2
"Mqaobr6w6_I",25,554069,20165,327,794,1
"_H6Yf8Fm6R8",24,553991,16438,547,5399,2
"ebLxWffaQF4",24,553928,20651,216,2548,1
"SzcD48wnB9Y",27,553924,34391,757,1533,2
"XMiKncybs6o",17,553897,1686,96,464,1
"fvnjrNE5z7A",15,553887,18923,258,2278,3
"VqZBSSHTjqY",23,553827,36783,650,1714,1
"uY6lAISZQ0Q",17,553759,4371,138,1136,1
"oomPPBeu4Vg",24,553659,8354,412,994,1
"anjMMdSuFuE",23,553637,3977,147,426,1
"M02hzTepx1o",2,553116,25077,184,4626,1
"nZXiqf8z8Ak",23,552998,36734,550,1785,2
"FyBSexETvro",20,552964,29134,198,1334,1
"3vLUxOl-GQM",26,552947,31157,285,4296,2
"Pr4YFtTigUI",28,552749,19399,512,6125,2
"H8eka8W7oBs",24,552612,30591,3872,1669,1
"8EkIKtHQz5Q",22,552594,7768,563,2171,2
"7DOk1KMtd9M",24,552529,4891,502,1187,1
"P4WwkR7ygBo",17,552493,16651,452,3739,1
"4f9HPgu8x7s",24,552401,29707,269,5211,2
"ZQkxvjn1byA",17,552376,4974,357,2233,1
"LyTeosmEewU",23,552144,54820,709,6537,1
"5nUscbJ6lbQ",20,552112,45097,431,7162,3
"x7QuSZgx1L8",24,552037,3747,343,1551,1
"r2ys-AimNbE",1,551854,44065,114,3012,2
"GKbjOWPbBwk",25,551800,22074,329,2537,2
"J4SVo5AC_9A",22,551759,14513,260,1225,1
"qxTNKDvLu-Q",22,551753,10611,658,1160,4
"JHIC7io3TDU",25,551732,980,515,1280,2
"pJ3yba6Z3UQ",23,551608,38781,336,5076,2
"tO5eH6oRMfw",17,551409,3243,169,807,1
"9yxNj4EXJmw",24,551399,26165,128,2098,2
"XDv_9U7RDZQ",24,551334,5587,855,2716,2
"kNusfIpiA_M",24,551148,2149,780,432,2
"zliXBtCQDow",27,551052,14121,411,2527,2
"4VCkq0e2920",1,550841,62468,660,8841,3
"fGCMcu2iei0",24,550699,14225,410,3619,1
"jTRvTt2LrOw",24,550311,4668,636,1257,1
"Ua0HpNgFEdw",24,550291,81787,1085,5989,1
"b_RtkI6EUvY",17,550275,4448,201,2252,2
"JRzZl_nq6fk",25,550174,8749,263,1845,1
"o31pGcwUmCM",10,550139,88495,195,6430,1
"ife6ImdzZVA",23,550132,39339,1196,1746,1
"fDGWi4eUjRY",17,550039,4018,304,2821,2
"fZJGTevM3QI",22,549993,33082,258,964,3
"GZUhHQ69jG0",10,549889,7370,94,214,1
"JhvzsKnV-LE",17,549782,6570,159,2029,2
"OCaRUfj8bD0",24,549758,4105,480,415,2
"uZfv1jdJJts",22,549699,10711,320,1074,1
"H5ZoBYWFxr4",26,549498,11618,912,1571,1
"la16Q2S8Gcg",24,549462,2915,835,223,1
"qx5Nm31Liis",24,549434,2041,512,213,2
"dTta9D3uCh8",10,549432,1699,427,110,3
"ZhhXLMbZ1rQ",24,549374,16832,248,3579,1
"giiIq7t4oMQ",24,549258,15579,5261,2364,4
"qMnjdV-eFuM",26,549201,12463,639,785,3
"m1hPlkMMnWw",22,549119,24285,899,2745,4
"KabUi5XN8vg",27,548559,24125,550,1960,3
"uWeQ8A-rK9M",24,548364,7123,555,1452,3
"ZQytmS1I1SE",23,548161,36695,1053,9549,1
"BVfs8avQ7pU",24,548077,20854,1089,4714,3
"z0DEnq9MGZY",10,547952,56469,1857,5061,1
"ym9HqBpQo9I",1,547751,15158,479,1714,1
"3STMfI_PS4Q",2,547682,14530,690,4608,2
"zLuhCfBqf5U",26,547646,31682,424,2091,4
"KMjMU042Pgg",24,547556,2226,556,306,2
"1mW10rhO-8U",24,547549,4945,131,215,1
"ucg-sjC59tQ",24,547487,14890,744,13983,3
"SAOK5vy-DAs",25,547304,3492,526,2048,3
"of-UPoEnw_w",22,547146,19180,410,479,2
"h_cfN1t3flE",26,546975,36918,721,3035,1
"260mj1dmJhU",24,546964,4573,1014,1064,2
"4XiCjg0E8Go",24,546892,5855,152,558,2
"f8p-lsSJegg",24,546871,6464,352,2486,2
"N5TojV-qu9I",24,546622,8282,123,407,2
"WrkqB8PIH_o",24,546536,2728,368,1011,2
"jlLUuX2a0Cg",27,546493,29517,592,3190,2
"SXXVS5N2CK0",17,546140,29266,1090,5938,2
"vJH1e-zm7RE",22,546103,24302,165,517,2
"nTuLzZudFWA",24,545995,8602,442,5619,1
"UUL5wl0Kf_k",10,545838,2739,221,160,2
"u-WXjOBFdgw",17,545806,4193,448,1842,1
"z_M_2yBf824",24,545746,17786,447,1868,3
"ZOh1iyHBTQw",24,545664,3719,897,278,1
"6eetJrLSMpc",24,545577,16193,288,3414,1
"qBp1XUFHfwQ",27,545550,14396,853,4059,1
"EQn2R3RVX74",10,545468,1329,338,58,2
"xG_rJZpUtJY",10,545349,91226,298,9151,1
"Taf-8b5JeTE",24,545246,6746,193,319,2
"s0PIlLHFG4A",24,545220,12039,125,1417,2
"HRyth_O4hCg",22,545196,23528,222,957,1
"EvXROXiIpvQ",25,545167,24179,522,4442,1
"F0YZxsrwRo8",24,544889,7318,228,299,2
"GgVmn66oK_A",25,544770,7848,1171,3981,1
"v0e9MS26QmA",24,544750,19259,544,1947,2
"WAXQFBMxI3o",24,544713,4559,422,1386,1
"5UFRsbY3pjI",24,544706,2438,436,662,2
"nA_hChdSbL8",10,544628,17919,695,1608,1
"eeBMQpzoEXQ",1,544590,10970,574,1572,2
"Z5GPLktS9wI",26,544368,11356,919,1639,2
"869CIs1HRLI",23,544286,13059,155,251,1
"vP0MsZf6nEA",23,544249,29275,355,6433,3
"GFgl4EBWcLQ",23,544240,35330,306,7212,2
"bs0BXAptu78",25,544240,3140,250,0,1
"4oYYVrEFWE8",10,544143,13051,822,2222,1
"cCWXE0QN9p8",23,543894,17600,486,1287,3
"UVNIEszp2UQ",24,543838,13833,521,1726,1
"hcqqHwlc0Dg",25,543764,2439,335,1283,2
"CTO6vB6yx6g",17,543695,4942,257,3204,1
"QXRQg4l72uc",22,543557,2368,1083,3982,3
"V3Tp0X1OlBQ",23,543506,42199,366,3917,4
"dCTYG49ADpw",22,543491,16290,505,5875,2
"UFQOGSp58b8",24,543420,3887,766,331,1
"QNTKAxQc7ks",1,543329,7626,172,747,1
"wLzE5AGqg30",22,543202,7963,524,2611,1
"gPXKqdoEJLk",24,543174,32739,370,6128,1
"7xOJ48JdNK8",25,542887,2726,546,3644,1
"aVvR8ABCPvU",28,542763,25771,504,1297,3
"WXWA5AlXxpI",24,542761,4917,624,914,1
"KdBGLKvISJQ",24,542724,20087,441,1255,1
"KF9vtBFmpUg",24,542637,3811,311,811,1
"trIECHv2fNE",24,542624,2833,841,315,1
"ibewMM7YiG4",24,542504,11399,559,924,3
"RwY0x6KsvC4",10,542436,3885,382,727,1
"NZUhUonvI5Q",23,542193,74213,2338,5825,2
"kbaMeEcdDfM",17,542118,3915,279,988,1
"8NXGdl9EBgM",24,542088,26782,526,17877,3
"hDWwa4grA0M",22,542071,33915,162,2835,2
"1QkouvxZnjs",27,541884,12553,1306,2575,1
"2azf_w6FW5g",24,541785,5600,827,1537,2
"xQ4Q5b2WwO8",20,541482,15430,891,40,1
"X0KQeEuhcmg",25,541428,1128,1036,691,1
"zZDPg62_OQg",23,541148,15232,366,6705,2
"xR9vVQR2Wzg",17,541140,3944,256,561,1
"i3rfxvzn6QI",24,541135,18839,1245,6541,3
"A1kHc1IR-9M",24,541116,24788,304,910,3
"UvsESyvDeWE",10,541104,916,242,20,2
"sdwg9SxSReg",17,540982,38021,534,2372,1
"Tf-yDe_ZLSw",24,540975,3419,438,588,1
"m6VkfwkXvJM",24,540971,19811,2282,5071,3
"GyLl2LnOOjI",17,540914,4586,382,447,1
"dLX54ounENY",28,540893,27253,541,2587,1
"wpdTO-E2xxo",23,540805,27104,2364,3908,2
"9o-gcCwMOgA",17,540614,4851,253,1533,1
"NJF604CUqzI",1,540602,15322,203,1445,2
"lgRoLCIA6MU",17,540575,2646,109,1243,2
"pY6NGsmzIUg",24,540570,15390,374,3592,3
"3KNWHpg9HmI",24,540568,5326,949,2046,2
"Mjz2aZ350vg",26,540546,13357,368,1454,3
"FSZmup84r9A",17,540531,3012,310,80,3
"nwluATd-HQc",24,540320,20377,304,3370,2
"qaac11cx-KU",23,540233,38672,514,5486,2
"mpnshdmtE2Y",26,540149,14206,693,1211,2
"LzAgSp_O03I",22,540047,8180,859,2482,1
"r-nRCthVok0",22,540013,28580,971,2770,3
"fgxmCQIehwM",15,539818,18356,400,3210,2
"g_1ETulxJMY",17,539675,4649,218,2216,2
"3llKHYCZC4c",24,539585,9711,715,820,1
"IYPrD84O03I",22,539454,12130,316,3936,2
"zI6r4gbcAh0",22,539259,23084,176,1060,1
"EWRuTPGHfbM",17,538712,4474,372,2056,2
"04L0b3TXo0A",25,538693,39132,1913,5292,1
"5L_o1hwQhRM",24,538615,19769,211,2486,2
"a87kl3TZFKY",24,538582,7322,2656,1618,1
"QmidRsAO-yE",20,538572,20623,238,2189,2
"1HH9ijsFrfw",24,538462,5646,1305,5263,2
"DVwQuiocBeg",24,538383,3146,206,1875,3
"Q9aW6r8mYWU",24,538247,25266,328,1842,2
"-AGEHJQ0SY8",27,538214,12085,914,4689,1
"_Hi7gwON6IY",43,538005,2645,909,207,1
"-NwjYZ4Sxss",20,537886,13794,1529,2270,1
"0W--eakFbeE",23,537753,28365,811,1919,2
"2T2szknuYqA",20,537722,3888,458,37,1
"DDq9PCiSHwc",22,537602,13700,436,1623,2
"8NJ7aI1ioXM",24,537527,61584,273,2952,2
"4cucHc2vef4",10,537446,38619,354,3839,3
"LHN_0NO9vhA",24,537419,2867,996,293,1
"yH5mx8CZgaU",23,537315,39870,481,664,1
"C9dhf6HmVXA",22,537220,5445,334,1985,1
"LxFy7ICNnuQ",24,537147,3977,355,931,1
"XbNu0Y-62Zg",24,537143,2978,745,225,1
"tmozGmGoJuw",10,537080,30311,514,2540,3
"XPGuDx6RDlk",24,536911,4463,409,919,1
"NvXeWXsgHsg",24,536628,4740,3481,6562,4
"CKtfVLz24qk",24,536574,32207,1162,3434,1
"eXx7vn4iNLI",24,536044,10114,199,2788,3
"WE-lvHDQX8o",22,536030,7614,361,1876,2
"TCkmKgUp1ak",28,536007,11656,486,5365,1
"RMhGry_ZBZI",23,535895,20683,4625,2987,1
"VIz05lZMKyM",22,535878,24247,650,2628,1
"AwY8Av9inbY",24,535599,7973,161,774,2
"aTMPc5INOHc",23,535507,92118,378,1885,2
"zca_m8pNMxk",22,535483,26444,445,2660,3
"tR5FZC2FP-U",43,535254,3105,1403,898,1
"o_06CIwOYXY",17,535245,4727,650,2564,1
"uZbs4wvM_ao",26,535177,35862,222,5591,4
"PbQWz2LJA7E",22,535150,2634,114,503,1
"KSkyxpieUI0",17,534912,1250,139,1084,1
"Ale-1Is3nKo",22,534887,8957,211,706,1
"EcaHszf3VSs",24,534881,12373,286,3594,1
"LF3v1GI6APU",24,534845,6557,280,2883,2
"_BVAJ3PXZ1k",25,534571,12633,597,1828,1
"VGcJcZsYbGA",22,534507,28108,697,4334,3
"UeHPnyROz3k",23,534399,62256,1176,3989,2
"W-KEuvd3S-Q",24,534278,44454,1246,3005,1
"G-6UNE09kW0",24,534198,38199,436,1986,1
"LrmcPfpH7jo",27,534150,13478,519,2006,1
"6xGJIi4nYEc",24,534122,3508,360,598,1
"zOgle88sKro",27,534109,20814,166,1144,2
"XSq4lx8nbLI",22,533977,15287,445,6225,2
"SfFKLEOOh2A",24,533948,12136,169,3638,2
"hd2BYiVDO1o",22,533804,17934,238,6486,2
"pca-BHt8VsU",25,533787,3634,1332,11632,2
"E8UtZdpXe-0",24,533777,4956,624,3479,2
"BHuIB1QXixM",17,533770,1602,311,1,1
"jcsKMie6M94",1,533753,7563,1393,3621,3
"Mj-ly5W5LJA",28,533631,16751,880,12568,3
"Fg07OSAytb4",22,533617,2814,263,348,4
"l_RB_3Oqk7c",25,533581,5330,2633,3195,5
"t2BfG32IDqs",27,533561,15499,905,2642,1
"83QonNmmVMI",23,533366,28248,328,2302,2
"Gb-hQrpgTtE",24,533298,3670,479,603,1
"nV41A8L1r3U",23,533226,30296,496,2985,4
"g1b-JIRPKX4",24,533221,9316,125,1233,1
"RGK1gbcD2uY",10,532906,1553,243,81,2
"6Wq9pPcuGck",23,532763,31799,1378,2074,2
"gE5Fi2HugwA",24,532585,3313,849,221,1
"R_KcDw87EIg",20,532539,2434,134,12,1
"b5lVvfyOPjM",26,531816,20846,292,2013,2
"fFGycCN6ZHM",24,531808,39689,558,3706,2
"nO8OEHroEPI",25,531703,1283,217,370,2
"UPDm0WNYgkw",15,531639,21481,481,7766,1
"KYxIC5wQw0I",10,531601,27804,3465,2984,2
"guyerzFbc0k",22,531548,34131,737,2644,2
"iRc9yGHm3bQ",24,531456,8921,396,375,1
"5QhYCF6Uw6Q",24,531411,5940,140,1481,2
"wth_duwPf34",17,531235,4318,414,1445,1
"TVUF1lVjyA8",17,530838,2341,227,146,1
"LF4e6PDaxvg",22,530833,660,482,46,1
"HZpI5BsW1ZA",17,530790,3971,220,2008,3
"Uy5ATBR15yw",17,530663,6116,166,3147,1
"96oKlWv5wSo",19,530511,11661,387,1547,3
"Kwg28qjdwQs",23,530348,37918,293,454,1
"WS1-idR3zFE",28,530230,16368,1057,7785,1
"Lh7bHYdK35Y",23,530211,14401,343,3719,1
"ItJkf5V4psw",22,530168,11890,469,407,3
"5hpuoMilm_4",22,530140,63745,665,5585,1
"U4FxMBXjI3I",23,529997,31929,539,4300,2
"rP347fCgSe0",24,529901,5685,680,1428,2
"6sECozSy7FY",19,529792,15417,214,1834,3
"WzENmD6XtNw",24,529777,5934,641,1977,2
"UlqSHj3jzxE",24,529690,5479,636,1452,1
"kjXIL7-1bFE",24,529681,26030,234,3126,1
"NBSAQenU2Bk",1,529654,21310,117,718,2
"hi-aw1nRGWc",23,529616,15632,184,2708,1
"oLHj69qAKQ8",24,529590,14448,947,454,2
"aNXN4i_Sn1w",19,529373,11495,412,1601,2
"hNltTW6dXgI",24,529354,2612,315,529,2
"v5A_dLZkCk4",17,529332,29132,1254,4530,1
"nlGM3rCreYQ",23,529068,2686,542,1181,2
"TZXxr6BbACo",28,529051,22189,531,2509,1
"_rgf7T_8hjg",22,529027,27507,233,1689,3
"WZUKdRE60ic",24,528967,3212,339,905,1
"hQA0oWZpgAQ",24,528835,14879,2703,3334,2
"fy2XDBbDrAs",22,528782,19722,212,1107,2
"fGNUImBuwt4",24,528731,19851,487,6127,3
"cYtxt20VXSc",24,528713,36269,180,1631,2
"DL_mJeb6O04",27,528687,18123,542,1823,1
"4JfaXMcnRAM",17,528651,6093,1970,5164,1
"m4xa3C0DeJk",24,528638,6333,723,2541,1
"m4-sL1r9i1I",10,528605,67741,354,2833,1
"jMHON1-EgQQ",24,528552,3401,366,679,1
"VAiE2ec46vc",17,528352,5893,147,629,1
"siEQ5N3qRyo",24,528095,2864,901,331,1
"INEQQDzKZZk",17,528063,19076,269,6420,1
"QHo7c8x7wb0",10,528053,14654,320,1172,3
"NPA26WLzQ7Y",1,527965,34397,569,5508,2
"akIYwbFxS-0",1,527855,19680,149,4106,2
"gpEXtApenaw",10,527810,37971,351,1907,2
"krGrMPMcLFs",17,527770,11972,552,233,3
"9swYq83jffs",23,527677,38597,416,1422,1
"ceItMiYZe9Y",22,527651,7608,365,2979,1
"NROeA1IUdnk",19,527444,11724,322,1146,3
"_yThFcog0nA",26,527322,18997,582,589,1
"XuWHYMDI_UQ",28,527246,18003,618,5227,3
"zqga-BtwlcA",24,527166,5353,468,960,4
"LmkL9waLAb0",17,526697,7556,194,391,1
"0oQYo2VuXgU",24,526662,34196,1571,12845,2
"SIgOf_kVDj8",24,526498,18671,190,2352,2
"84BSNd--2Q0",17,526418,4303,151,1469,2
"rew7FoGy1Po",23,526373,19061,684,1540,2
"F5XhtmhvCnk",24,526238,17206,246,3719,2
"Jqh-XJovVJg",23,526221,19817,1218,1409,2
"hNcWlRQWMc0",24,526214,4081,665,1687,3
"dFiTaEK8mqo",24,526133,6855,464,1886,2
"DV2_A3iuTC8",24,525944,13154,508,1561,1
"UAJDrWVyOoA",23,525869,23332,675,2172,2
"1lPvUKtHBJA",23,525765,8127,232,1622,1
"XENcJPsoZAI",23,525686,14099,323,7062,2
"KKJlefSu2mg",24,525524,1742,91,93,1
"F3kwHeMe4t4",17,525517,12651,502,1352,1
"HXpNGJ2yze8",24,525501,2514,365,847,2
"TK2-xYyNpYk",27,525414,17478,664,4311,3
"L-wBGJCAzPQ",24,525306,7606,579,981,2
"dCrFhN3Y9Tc",25,525220,2572,563,341,2
"j6oVO1v6npk",24,525127,1490,755,361,1
"6YSyGkvxSqw",28,525086,25074,2075,12030,2
"GIgB8i8o2No",2,525021,18713,210,1786,2
"NqntFonA2iY",24,525001,2643,6996,3125,3
"hYM-svWN9Vw",24,524696,29176,371,11959,2
"vqL4HWSsdrE",20,524665,34288,218,3656,2
"6xT1Xc7_X3k",23,524623,34460,237,2490,1
"TWrDnkzHPDM",10,524567,15653,422,1276,5
"k1KAJRWfQEc",24,524476,6325,463,1340,1
"4ShwEAGIu-I",17,524397,4704,374,1133,1
"2M_26XVAHzA",24,524165,1488,259,879,4
"gPpYQFtyO98",28,524103,30720,583,4399,1
"DfxhWPvhFCQ",24,524022,4630,2260,1793,3
"-Jp5y-QL_z8",24,523984,20738,281,5109,2
"VX-bNhypY04",24,523933,3700,317,1378,1
"8y8CboLm7cE",23,523769,19466,280,2379,2
"qBCfEdcGSTU",24,523702,2991,745,185,1
"ZxH6Ovrz5_Q",25,523623,4822,1503,8516,2
"z5JuTZUnqWs",24,523610,6268,435,1655,3
"yBHDI3y1GGY",20,523411,101666,191,3316,2
"8jU6rfZF9d8",24,523296,8856,178,1335,2
"nAvudA4X6vI",23,523181,19398,238,3140,2
"tibdXOGd0vM",24,523096,4074,562,1117,1
"ySkGRS1Upyo",20,523084,39682,406,5806,2
"uUxNjBoHxBw",24,523064,6857,271,2809,2
"BBt9Vbv5-Dw",10,522920,7601,287,215,1
"nr0PF7PukJw",23,522888,21911,856,1558,2
"cZXQhl9t1qk",17,522756,6677,388,3786,1
"LtfxA8cPN9Y",24,522716,6172,486,2498,1
"6WIQPLl82ik",23,522641,5132,502,896,4
"dYgbMdaxGxs",24,522588,3938,300,1231,1
"flgC_W43Qjg",24,522532,4129,503,572,1
"y4uuSo2-NiI",23,522525,55422,1357,2196,1
"B-PVT_rclnM",23,522265,25431,802,1171,2
"XpKMRRLQ3X0",23,522218,14147,302,2015,2
"z_3S2_41_FE",25,522211,12294,2217,1543,2
"W3OYqyggjFo",20,522088,49569,265,2407,1
"I8TVdFbFMg4",28,521956,13084,683,1393,2
"b_yemTF8N8E",10,521779,37791,599,2299,1
"KH618UYl7hg",24,521751,21774,302,2115,2
"dwDpSKDyKRU",17,521693,4239,144,0,3
"Sz4guSQhCnA",25,521599,4516,360,2335,1
"yyROtEW9Jdc",24,521527,15238,887,4642,2
"YNT9i2npguQ",17,521434,31985,1466,11308,1
"ZlPgrJFMFYY",24,521241,5295,923,2297,2
"eHoSVRXgUCc",24,521197,28365,806,1590,1
"VQhvtVJvcdg",24,521164,3798,311,313,2
"jyx1hhUAttU",17,521148,9079,4436,2974,2
"az5wuKu2JZw",23,520999,9434,1172,2945,2
"Jkz5GSLPbPI",27,520898,32361,808,3022,2
"dmnfEX5P3Vg",26,520839,9459,382,1504,3
"tK_1WbrbYDE",24,520829,82150,900,4775,1
"hTSAyR3nOR0",10,520808,1519,51,302,2
"BIG1RZLiNsM",10,520784,2070,345,116,2
"YwE7Jlo-_iY",43,520417,3429,808,423,1
"DP7jov6__gk",22,520401,6208,176,705,3
"QHen1rXttFo",27,520332,13866,788,2129,1
"GCSobaDP92Y",24,520315,7851,115,857,2
"5w_XWFajGvI",10,520162,25828,1068,3843,1
"uKKzAREUixI",24,520066,4004,422,1265,1
"ZHk7AofnPsI",25,520018,6582,803,1180,1
"H7LW53FpTWw",20,519997,41602,168,13038,2
"18tgsQEj_Jk",28,519980,35474,2857,5182,1
"VvWB-Yhhm8o",24,519912,13404,125,2565,2
"Rn-iAfrK7HU",2,519842,17728,146,1931,2
"dNdSyGTgyRg",24,519829,28438,2360,2309,2
"9tKTzZspcEo",2,519791,20306,259,2953,1
"lCEZfMtK7NM",23,519701,14334,401,2099,2
"VYhAB8pbiBI",24,519654,22262,406,5098,2
"96Vn_nztNqk",43,519516,11430,645,1795,2
"Aq1ooEespCk",22,519408,1801,287,5441,2
"wMtFciYtNQ0",23,519407,8398,433,873,2
"_yf4la-ddmc",24,519405,3535,785,448,1
"cwLZLXOe04A",17,519297,18070,314,2334,2
"JxKYyfBNGAw",23,519232,8510,374,2658,2
"DZT2uQURMRI",24,519104,4007,1250,261,1
"NUsz_knew28",24,519088,5814,501,230,1
"GC3OKJR7GAI",24,519057,3961,503,2876,3
"sk-DFZh1G1w",15,518850,35672,624,13622,1
"xNNxGzBfZ2k",24,518783,4888,328,630,4
"rfCELGKzt1M",24,518749,3088,60,101,1
"-7AZX5Xtiks",23,518719,22962,566,1709,1
"sUF8BwL879o",28,518697,16414,1132,5229,2
"l9QfcQyCHO4",23,518668,7480,380,761,2
"YFGg82Gq96o",24,518645,8873,326,2828,2
"QCa4ORTQ8pM",2,518520,19426,270,2555,2
"198vDy4s9yI",24,518516,14331,383,1448,2
"xgTnlh1ogus",26,518198,4487,142,745,1
"lx53prj16YQ",24,518174,8644,129,1291,2
"FvfrcWbXEbo",24,517958,9661,414,640,1
"LfIAXqZvE60",28,517936,16187,800,2557,3
"e4CkFqg2PjY",24,517893,2716,421,829,2
"kdDyAw0ihq0",24,517876,2249,515,243,2
"yRM7WLv0gW0",24,517816,3644,134,2410,1
"aK1_yeAnCNE",24,517690,18234,3115,1795,3
"RwH7vvXlf6M",17,517605,1784,179,393,1
"WgaPJpyAB_0",24,517595,8976,170,2345,3
"If2rE7Sagyw",24,517551,12312,206,958,2
"JRHG1E42QBE",28,517515,29738,990,3273,1
"QpIuRQ71LTw",10,517490,34050,852,5479,1
"wvjCfM7jeZM",24,517425,14921,373,4569,2
"LVz0a1xWUsQ",24,517418,7630,199,429,1
"iJz5jURaEBc",26,517360,29308,1345,2731,1
"pjm16tlCqUM",24,517257,4637,318,1105,2
"Z-m0lKqR02Y",17,517244,10037,292,620,1
"XM4MXEYUn8U",24,517004,4740,370,2048,1
"Uh3TZMoN7OU",25,516997,4448,490,3249,1
"Z_vvCIcJuSI",1,516985,13248,278,1370,2
"LPCxBsECSQs",25,516980,5685,217,633,2
"eYO5qEbL9_E",24,516945,7717,482,347,1
"XAwknzUtDrI",22,516932,3801,282,1462,1
"aQERftlJWz4",22,516823,3389,244,394,4
"spLuvY7YnNw",22,516701,1942,359,898,1
"m82bJim358Y",1,516676,15531,267,2442,2
"5MVvslEdX94",22,516614,7123,449,1482,1
"ukP9kXIPpx8",23,516600,11506,187,1418,1
"KH7HSHQI6IY",17,516577,1741,340,967,2
"tAn7wxn2Atk",24,516493,10048,1013,1341,1
"loalT6LxCIQ",43,516318,2800,992,330,1
"DXjQean97HY",22,516153,5428,241,1722,2
"hbuGUeRuYd4",22,515778,24449,398,3596,3
"SvPHcQvOCe4",25,515622,715,459,1324,1
"J3b4uvZkeWg",2,515558,18594,136,1615,1
"pvviFTjTEPY",23,515536,35143,300,3707,3
"iegzrOsRbew",24,515511,6455,254,1172,1
"Dnu3XxIAETk",24,515501,2535,467,357,2
"FVpTr92g51o",22,515462,3170,192,1218,1
"-ceGIszLBoc",24,515440,19552,1320,5642,3
"wV7RsaTY228",27,515392,11760,4156,3951,2
"bij6z62f5t0",24,515335,11554,2240,2824,2
"CF24Aj0KbEs",10,515285,48560,1036,7437,2
"UATF8ycfLD0",28,515216,16582,355,1519,1
"JYgY_RzUbLw",24,515068,25314,1352,4881,2
"ZfxyQVYtAmw",28,514924,13922,502,4661,2
"xsdLXZkforI",23,514761,13958,313,2379,1
"A4mzB2PTo-E",24,514618,11762,716,1283,4
"nNCn4fdisaM",25,514486,4049,465,2318,2
"qX7wCq-uX2s",1,514470,16391,143,3173,2
"kFGFePZZJ_s",23,514455,13071,148,1968,1
"OFWudk6aIuU",23,514452,22888,664,1426,2
"KrG4_EgtVJE",24,514395,3919,2453,1094,3
"gmReZKlQgTM",23,514377,18738,360,2841,2
"1JhJ241dJ_g",20,514205,45801,106,1478,2
"LUIy7XebRjY",22,514120,4763,636,1449,2
"a--IRRuuwbE",43,514098,3296,804,321,1
"pzfY8jnTAhA",17,514098,5384,428,4696,1
"0NlQvMicYLA",1,514091,55394,310,6196,1
"haMDJDcaOfU",15,514056,20865,262,2465,3
"468Rqf1KvsU",43,514028,2010,831,182,1
"c3P1zSRa6SU",24,513999,13037,316,1780,1
"DT06mr88VvE",22,513799,18181,310,9928,2
"d-_s46Uob5E",24,513684,23154,772,8119,3
"KAha5roQXIA",24,513558,4327,393,599,1
"PCcVn8Bl0h0",22,513556,8146,510,715,1
"hnINpTGFbtA",24,513410,3473,546,673,1
"qxIb_tFnagw",25,513409,2729,253,313,2
"P2AE3J0BB2o",24,513360,7865,1093,1548,1
"mwgUesU1pz4",1,513336,9520,350,738,2
"hXzcIoq2ing",2,513277,21468,715,2282,2
"-8X32zNup1o",22,513127,6414,2059,3369,1
"_GWZ86_wv0w",23,513105,23712,665,1400,2
"U0z-x5O_Jpw",24,512981,8188,112,530,1
"PgZweMxECdM",17,512965,9923,388,861,1
"u1B8D7onpeg",24,512951,15575,156,1199,1
"Pi6zYkbercw",24,512922,20459,230,3212,2
"rf3iHqE240I",25,512885,17500,357,984,1
"OZQpFyhwCng",10,512831,10662,505,548,1
"7AXR5hkPCo0",10,512822,39470,879,3513,2
"lezzOiV_3xA",24,512487,3295,316,392,1
"12dANV0FHgc",10,512384,15768,189,831,2
"_JhaVNJb3ag",15,512262,10006,1455,5971,1
"nVOb3RzS5t4",22,512222,23671,295,1612,1
"tfREC-AkX20",25,512146,8374,25877,8280,1
"Q4ETQP7Sxjg",24,512120,3355,317,1063,1
"iayFn1mR86E",10,512114,15321,1140,875,2
"GdXTrQmL588",22,512054,59854,242,2351,1
"_DFqP2Z5IpI",27,512006,5793,1169,2112,4
"DVWxQvlgRrM",24,511990,3117,4394,4828,3
"zlLG7BPesUY",20,511984,15861,332,4154,1
"BmezA9u1pEs",1,511957,4206,244,960,3
"lipij6dkHok",24,511793,8114,576,501,1
"aZRasB91wiY",23,511792,8503,406,2471,1
"beTvLwWQiYk",17,511772,4585,531,775,1
"vZMhSZjW-wc",24,511628,3799,298,1287,1
"5YFOHecRcfI",24,511617,12616,128,1566,3
"hCk3CyjlTH8",23,511553,33513,197,2903,3
"RLvOIeYXobE",10,511482,14376,198,679,1
"yhrUKXyGpzY",25,511448,7959,225,55,1
"VK8Mp8DyrHs",24,511392,3873,347,920,1
"wm-kHKtTsPg",26,511246,20774,213,1990,2
"qT2jBzf64ro",24,511224,12478,307,2414,2
"d3rDC0L5Ue0",22,511094,14914,507,5115,2
"G63TF6OMa_8",22,511073,11736,184,758,2
"C8DEQFdxxw0",17,511072,2126,151,1087,2
"--MtKsH5oBY",17,511042,3517,372,767,1
"jC6rIWg1v0w",20,510953,12770,191,1594,1
"L35mtzCINQA",28,510893,11514,764,2709,1
"i8xcbeX-URw",10,510848,14214,671,1665,4
"AHX6tHdQGiQ",27,510828,45556,521,3705,3
"Icey1kz5qWk",10,510633,74502,2927,9862,1
"sQzbRulqz3s",23,510630,31900,1099,1817,2
"JXtM7W8tWsc",24,510594,2983,196,754,1
"dx3LwmYTols",43,510532,3457,1083,558,1
"v3y7FE76H7c",23,510483,23185,791,962,4
"0-eWzZuXUQg",2,510470,13527,470,4027,1
"HBvPrh2yMik",24,510354,19132,1184,2266,1
"OT_i_jPynPQ",17,510228,11897,121,1859,2
"B761yHnrHU8",25,510098,39975,4387,5467,1
"fxYRWt_GQlw",17,510055,1638,118,288,1
"0wlXaHmmOVc",10,510009,10146,175,2491,1
"-98UaTJGqns",17,509656,4733,179,1302,1
"-Gptp_ui-Sg",20,509606,7424,1483,2110,3
"j14d_b9ZP4Q",24,509558,10513,169,2540,2
"sD0XjmXZ_ZM",24,509464,3095,1339,604,1
"HBUh1kJvqIU",23,509409,6012,179,533,2
"nzKpPZW7Aco",27,509174,13555,624,2800,1
"OxRodTVMfNQ",27,509143,26802,588,2055,2
"yJVaP0uNOOI",28,509107,14754,973,6166,3
"1k4B7tQDQ7U",17,508796,1595,186,142,1
"q1ySf55xk8k",24,508784,61066,558,2692,1
"IZuAxOTydlw",17,508736,1633,74,587,3
"Vn8bA3Jm0Cg",24,508696,3593,385,1426,1
"O-9L1JQRE-4",24,508604,4908,684,2677,1
"5SkwvwSydmk",24,508569,12313,352,567,1
"dHnqNOvDi44",19,508567,16214,578,3418,4
"petB-pNCudc",28,508556,17861,684,2655,1
"md7QC8bnunQ",24,508524,5481,668,2944,1
"L0PN5vXukHE",1,508449,13755,364,401,3
"Gm9q2PTRjxI",23,508406,29379,326,2604,1
"2Sk3C2Glo88",24,508129,7606,187,888,2
"LvCDJ8yKNGU",17,508128,6238,683,1187,1
"Yb2YuC7UbwI",27,508109,12034,891,2968,1
"94RCYM2ZPew",17,508079,8837,714,3085,1
"9sIltKnbmwI",24,508044,8738,1306,5524,2
"yPDMulcez5M",24,508003,3127,114,532,1
"VXzg4pezcvs",17,507956,5970,602,7,1
"DAi3GgwhDR0",24,507866,13317,752,1729,1
"yVKw88lmoDA",24,507832,11032,475,1679,2
"YQXye0D64Gs",25,507787,17652,369,3820,2
"-0Rj7qcLu1A",27,507781,5224,1169,6879,1
"a4HCULGOxN8",25,507733,1775,4002,11408,3
"6-tTRVURjGw",24,507660,9265,235,1426,2
"jHZTzXteoU8",26,507630,24948,466,1999,3
"UPB5OW2ckyA",17,507625,19721,304,4832,2
"yi9z3SFFq0U",22,507623,5296,753,1733,1
"akTEvLCHN2g",22,507616,22095,106,563,2
"GhxqY5E_ASw",24,507571,9157,298,1587,2
"mTUHen2_tLI",15,507306,52540,249,7989,1
"pX5i1bOue98",28,507260,49450,1697,20162,2
"0jH1fcax9j0",24,507198,76607,455,6442,1
"9tGRz9_dXIg",24,507150,7281,1130,1177,1
"5nnmKGeNNxI",22,507129,30033,441,4432,3
"rx8sS_MQGc8",23,507102,29659,961,547,1
"tVmPvoor7-o",24,507094,4135,531,934,1
"h0GU0iU-8Fs",22,507029,13153,360,1101,3
"p9gs0OKP7Jg",25,506969,5380,369,2622,2
"i83IGtDF8lI",27,506934,38717,479,2500,2
"ODl-DYTyNyM",24,506834,5096,295,715,1
"ONZAeOIqsjA",26,506816,18372,268,704,2
"3J16mRv9Yyw",28,506534,17927,673,6208,2
"Yk_oxoDmgxs",27,506416,12427,447,1370,2
"89FDlw06waY",10,506401,36845,2945,9111,3
"Gg9dYwd-Nfk",24,506251,7475,111,437,2
"C8xRQChtavA",24,506223,2954,674,744,2
"tmeFDVlIRkM",24,506205,9126,767,2181,2
"-Tk65hgjTwM",25,506188,3384,7842,4971,3
"wz8n7C3-1UI",43,506154,2958,816,313,1
"4aAy2KGHX0w",26,506140,30226,462,2608,2
"Dqyn-U-EwdM",22,506121,1047,238,382,2
"07yzV_NC9Zw",10,506089,2446,195,83,1
"J_YhrnhgYyc",24,506086,2675,618,1495,3
"wdPSw2uQj6M",24,506002,2164,750,411,2
"ZPgh9uKSva8",22,505974,11114,1701,1432,2
"4uO08Lr5g3k",22,505968,28369,434,1270,2
"XTWXNMOGl08",23,505963,30642,216,2830,2
"lJFqvRwOiis",25,505886,23207,5376,7030,1
"fjjSB0WzxtU",24,505716,4264,447,698,1
"cSLv_HM6tr0",24,505662,5428,383,867,1
"tZAZwqsMJTY",23,505496,58038,206,6178,3
"eAe-ZN0FRfM",27,505489,11788,446,1851,2
"UIayatCrx7U",24,505449,27709,2998,6514,3
"xgPQi7-gDZk",24,505343,8459,650,1147,1
"AjLmmHtX__c",23,505243,25315,200,1868,2
"LDu2wQ48BzQ",17,505222,4652,301,2533,2
"UQfLhQTa3l4",43,505184,3654,701,237,1
"RE21gJdLtWw",20,505148,2132,148,4,1
"p-BA2c8T8vc",24,505145,12447,335,971,1
"P2FQ0n22eGk",24,505113,3437,366,776,1
"SlTyxwaasLE",17,504965,3180,158,838,3
"x_92C-SQZ0o",1,504952,12986,106,537,2
"BjJ4lUVV5os",24,504934,2377,336,819,2
"PyVvsO_CGfw",20,504875,34084,217,3928,2
"BeeVjrkgUaY",27,504636,35296,829,1683,2
"TS71fTCL8zw",10,504563,6026,172,331,3
"dvha0v56J1Y",43,504526,2920,1085,312,1
"BmLycDL81XI",23,504429,26315,601,5660,3
"Y4OkQHte_H4",25,504420,2806,254,1152,1
"XbxRYpuJqDU",24,504366,22824,383,4746,2
"DbYe6U9Dljk",24,504252,23217,2852,7004,3
"NKvlTF4jNOg",2,504244,15074,227,1981,1
"I9yh_gs3rzc",24,504218,3645,303,184,2
"cfJX_3BuOkY",22,504205,6119,145,409,1
"VV5S6-jejG0",28,504041,20854,415,1974,1
"FwduKSXgwg0",22,503966,2233,886,3599,3
"tsM6kq-7nmw",17,503964,4889,1407,6320,1
"GGvP6e56ja4",24,503948,12487,696,1460,1
"mKnfkxp2EVU",24,503861,19680,341,5518,1
"2vpLJLbdlq0",22,503743,1526,128,291,1
"RWw0R1ZNsUQ",22,503701,23342,589,1721,3
"Qe7dInvivYg",17,503698,4880,250,1963,1
"K2V7YQhsFo4",28,503633,17060,317,1399,2
"JJaOjiANqbE",25,503629,3497,365,696,2
"tylZ-83_djA",23,503569,26379,361,3756,2
"o1qk_2fua9k",27,503539,12072,488,2489,1
"sa7VsaPIcFA",22,503420,14381,507,5308,2
"oge0HJ1S1Vg",23,503248,19016,417,1549,2
"00uHMkOzsyo",43,503232,3638,1014,472,1
"fmAAdh524Tw",10,503189,10961,341,867,4
"SgZaChCNRPY",28,503156,8186,649,7231,2
"pnNFVjBEZy8",17,503138,4746,185,1584,1
"rk8rbM5sLdU",10,502858,43030,99,2221,1
"aQ1jA7P6ovM",20,502848,33126,142,4578,2
"Azphk0j0OFE",24,502682,18737,329,5284,2
"LXv6pCFRtYQ",24,502562,37091,606,3805,2
"vYR4c-zBCww",23,502426,31254,266,10437,1
"VqlHBjX5deM",23,502401,26074,6627,2096,1
"zc-xdQa-PAc",24,502377,3505,364,612,1
"VUq11wA1oDM",10,502320,39360,948,3148,1
"ek0FPAt3ydQ",24,502225,5789,390,1670,2
"SuXh18jS5r4",28,501984,19611,4941,3958,1
"zTOqI-5AK14",15,501898,25781,133,1565,3
"jPQ87J_5qyw",19,501827,6824,295,1115,1
"80aUCMFohCE",23,501604,13684,304,1610,2
"EeNrUTiwZVw",26,501513,11702,858,1407,1
"WZbEXhR5TNE",17,501470,10224,241,2209,1
"AOiu54xs-pw",25,501332,5905,298,3079,1
"zX9fw8z1lr8",23,501298,12785,297,1602,2
"fYjsm3EtJe8",24,501268,6690,293,411,1
"BAypsYh4tuo",24,501234,21992,325,3669,4
"qbk8KKfy5MI",24,501107,66478,5767,9094,1
"yWjRvhfjpI8",23,500906,29924,1661,4527,2
"v8gBBSjefvo",10,500896,77895,209,3618,1
"8bNu6Ktj858",24,500854,5803,896,1221,3
"EKUKs2NiV-E",23,500830,13663,282,1715,2
"NUTcrX7hhqw",15,500793,23200,526,20080,2
"cRfnxKMobfY",1,500664,16112,128,307,1
"ClTZ_gbIqPE",24,500652,15643,2562,1695,2
"ujxf3DFh2pw",24,500611,3614,426,482,1
"61wf2InfVyw",24,500592,3555,365,436,1
"hsu8Ok0SGZE",23,500368,23684,358,4582,3
"oGQdc1nBAfI",17,500182,7107,247,3605,1
"qQg0GhCOcLE",24,500119,11583,343,819,3
"jFRaSb8RV3Y",24,500093,16239,734,10395,4
"SsZtA9pOB4g",43,500022,3139,594,376,1
"f6Pr4j3fLl0",22,500008,2233,433,527,2
"XP6fdBHSdi0",2,500007,15637,438,4261,1
"e0R-8e9Izsc",24,500007,8061,239,792,2
"c06EsrtVrok",23,499948,5447,123,514,2
"_dM2H0tef4s",43,499889,2615,1998,1031,1
"WOmosPiE44E",10,499856,8794,444,288,1
"1MWXhMTwG88",28,499810,15432,647,2090,2
"A_yiL6YB7LE",24,499767,24625,660,3813,2
"GYEWK7rNc5A",17,499741,39951,380,3782,1
"YbJaE3OmSi8",24,499600,10262,369,704,1
"aPrpWFl2eik",23,499527,14112,289,813,1
"ldErRt9WS_A",24,499511,16812,239,490,1
"jmzXu6F0pmw",24,499470,3083,81,1644,2
"jcSkWjhgg70",26,499232,10606,588,1191,1
"eD_kKt_JeBw",24,499121,23413,689,705,1
"X3gKYTc6lbw",23,499083,36695,209,5324,1
"_PgWto3hJhE",22,498976,22370,151,1736,2
"7635XrLD3mM",43,498922,2911,1194,528,1
"DQUgd9GQtoQ",22,498717,7742,1074,3406,1
"y2-kqsBkYlM",10,498688,745,238,38,2
"LHpD1IyQerA",24,498598,4270,92,562,1
"HSq4-lCgwrE",27,498522,32824,479,2839,2
"5clXuoK5Lm4",22,498519,30583,189,2044,1
"5JFp4aeJW9Y",24,498516,3816,776,286,1
"LuFxPOqY80Q",26,498441,32229,227,3805,1
"XQd7a16SEEM",24,498399,6233,91,229,2
"-dactFGD2qU",23,498289,23661,578,2296,2
"uyUQZCdu1t4",23,498255,22338,998,1952,2
"QbY8OlOa8eY",1,498249,16228,586,845,3
"jhylspIBy8E",28,498241,15480,713,7855,2
"XJr6CYHHOnk",24,498175,10355,435,3284,2
"LA-YD6sTcP4",22,498014,2865,386,3135,5
"HwOGPU6hEqk",2,498007,19150,159,1757,1
"NIPelv36ZcQ",24,497835,23437,328,8620,2
"eT-FjPashDs",24,497817,1121,483,68,1
"_aUZct9967E",23,497800,30410,525,2266,2
"rwmHAR7IQwM",23,497726,6486,88,264,1
"-D3qsFC0E0E",19,497544,16557,1828,2729,2
"76LFBHQhUpw",24,497534,18306,412,5505,2
"QO0ZIY8dQvw",23,497507,14829,432,3472,2
"WUIVD_EXlno",25,497154,4840,475,407,1
"aOKGlYcYpmA",25,497136,2286,133,1038,2
"1xvN1ZgBw5Q",23,496825,12602,344,2406,2
"pWd8B0o9O70",24,496778,15453,492,3988,1
"Lm8mdY3LStE",24,496748,31811,204,3764,1
"P8mnZpDP38Q",10,496715,24296,1095,2073,2
"J0epg1oHGbM",10,496645,69112,658,5754,1
"en8vuDdzrh4",17,496635,7695,117,3135,1
"1Ui_nkYR7Y0",2,496367,16655,157,1287,2
"uU3kLBo_ruo",27,496264,22990,1409,4619,2
"jn9mHzXJIV0",28,496258,24994,904,3888,1
"Qxr5e6eMUeQ",24,496196,2141,102,332,1
"oWQuB2lVQLc",24,496192,1503,443,1020,1
"Ovu9a6ntSPc",24,496160,37264,1034,6371,2
"00aQl_XuQqw",28,496089,15268,395,1644,1
"4SWtA-9muX4",24,496061,4803,466,1729,2
"RdZz7XhyZC8",25,495962,3441,1454,2789,4
"MlhajJrQZYQ",24,495731,6866,131,160,3
"vPj0qzPiMhA",24,495719,6223,259,952,1
"k3j-m3GPdkI",24,495684,3825,397,951,1
"PsotfzGpby8",27,495535,25210,470,3119,2
"PBTrYJ9UIGA",22,495519,5079,587,1473,2
"UkY8HvgvBJ8",24,495358,56066,295,9797,1
"f9psILoYmCc",25,495317,12044,423,421,1
"mcsTWPSMDtg",22,495257,27717,1345,2325,2
"0NRKUBo9mSQ",27,495196,18098,496,4682,1
"wScW1v10MBE",24,494794,14989,389,2309,1
"3nwwX-DEH1M",19,494687,4931,555,1278,1
"iRPDGEgaATU",25,494601,31070,493,6111,1
"oV9-lMhhx20",23,494584,12732,472,1160,2
"c38shp4APuk",25,494509,1750,384,170,2
"2YDKs9TdWGo",22,494340,5238,2549,2856,2
"XyTeupRuKp8",22,494311,17619,254,587,1
"Nt-4EBTUveQ",10,494279,3933,166,413,1
"FvY3Q1pQ8m4",17,494237,3961,166,1296,1
"4QPmV4mCSF0",15,494223,64612,231,10457,1
"I1zRJYXjeZc",1,494208,4920,495,363,1
"SpgTL1dNhp4",28,494103,16794,1060,10146,2
"ugTHEwyUJ7o",24,494086,57613,2163,4863,1
"6sBB-gRhfjE",27,494015,17673,367,1240,3
"vTvXWFpJeN0",24,493963,28411,296,4726,2
"WNkQtsyXEj0",17,493922,4387,101,1323,1
"Ev23TV62k08",23,493921,27019,1553,2233,1
"-vYVDPbL_EA",1,493903,5385,361,1273,2
"TuTDc9d_9yI",10,493692,10734,379,499,3
"fC0pIEpECWQ",1,493627,3349,279,232,3
"IYpenpqszoI",24,493597,23042,572,5368,3
"8oRQ3TSdzDs",24,493566,6656,489,2341,2
"Ze79TNTf-Dk",43,493519,2996,734,301,1
"LmR7XAQSqsg",24,493464,4593,461,4841,1
"YlpXoQEqBWI",28,493348,17150,480,5839,2
"_vH3DMdkYds",25,493269,4178,2799,2909,4
"8WuODd8iCpA",22,493218,16006,795,2644,1
"nrVNAq7nSTQ",10,492963,5284,127,376,2
"1VuVxlMgaTs",22,492951,13322,363,1718,1
"Sk_ga0Y_lnM",1,492866,3502,72,170,2
"HRiV4EubXDM",17,492814,2046,137,678,1
"MT0jLRNksso",24,492750,2287,283,426,2
"AoJLWk41Tks",17,492624,4124,149,1878,2
"EGV9Ms9EHcg",24,492614,39767,1279,8986,2
"kqPIfQYf-i0",20,492513,39615,251,4643,1
"CSsnZJ1En7U",24,492465,2729,881,395,1
"hiM7srHmZeY",24,492437,3536,555,1175,1
"NsUQU3r2nsM",24,492337,5402,522,1654,4
"nB3HAxCS3A4",43,492290,5642,523,1099,1
"w9jjpn6W2to",26,492183,11490,228,750,3
"dZQmi3aeUEg",23,492059,10059,722,726,3
"qjxwc20hhxA",22,492031,12193,253,583,2
"fCbYMa_a85E",24,491985,2503,752,200,1
"vNQ0QIX6N5g",2,491980,17340,169,1639,2
"MsPOzYbEUqo",22,491963,14229,2308,1156,1
"P-qA0QhCc1g",10,491842,23142,946,2238,3
"pnSw8g3DPHw",27,491743,13313,379,1077,4
"99jtyWOx0jQ",24,491697,1384,398,215,1
"cS5dYdqzmds",10,491677,20638,3674,11795,1
"ogb-ix9uuHk",22,491662,7852,415,1979,1
"GxG1x1udBdg",23,491640,3128,326,3644,1
"6BALmDghybk",27,491617,18949,436,1803,2
"nQ1O5ZbHiPY",23,491520,7493,254,587,1
"akZjyKpccq0",23,491503,30162,362,1265,2
"7nAZqPqlz1M",27,491487,19997,604,3899,1
"x1Pqy2Tytgw",24,491427,9554,1355,4629,1
"YpRh4gVTAVg",22,490849,7434,588,671,1
"h-tyNS6RjO0",24,490727,16552,514,2652,2
"mSnGDYVVOgg",24,490555,2670,788,268,1
"nQYMyva4eNc",20,490503,12805,287,985,1
"es_YgKHJ9dE",24,490471,1846,477,197,1
"CKuKc7KTt9g",25,490449,3286,769,1589,2
"XspEs1x9cPU",25,490426,13459,571,1303,1
"ptnyAECPXLQ",17,490399,18910,188,2408,1
"399tS_jV6hU",22,490391,19349,368,4554,2
"RLj6l4uBTLY",1,490316,18090,147,584,2
"kNLV_MJjh8k",17,490273,2995,155,617,2
"jICCI7vNHws",24,490133,19738,234,2400,2
"65QLFlE0M8w",15,490114,26675,597,15696,2
"vVkxhrSLtcU",24,489999,24505,197,2331,4
"UqjW-H28dEs",23,489990,68173,1012,3171,2
"XNUI8dRdviM",10,489901,40334,1115,8598,1
"M4MeK74bbvc",24,489862,3545,392,578,1
"DWrcKnWraAo",24,489806,3998,418,1297,1
"pI6xWxByHrM",23,489432,4946,870,1003,3
"EEY4RxBQhIY",26,489384,12155,465,2663,2
"Ps2GbbZt_Qg",24,489316,2998,111,296,1
"X9jCmZm9CQw",24,488898,2040,175,266,1
"zXX6AVLoz94",23,488648,8985,467,2636,2
"xD0b-GwFRro",2,488607,15118,427,3360,1
"cMtHByGJ8Ao",23,488580,99022,319,9463,1
"ihV_a0wRf3M",17,488356,3624,2356,2145,1
"4YaXltTVx7g",15,488275,5331,745,878,3
"6kj3mDt_iqs",17,488271,4021,230,2134,2
"ccSbPSJwsCM",24,488234,3577,768,314,1
"pBn3o9HVLgg",24,488217,11226,139,466,1
"HH3J-sSf6RI",28,488191,27215,418,2817,2
"HOK57cnRXo8",24,488150,5377,632,1044,2
"RDybuhERj_s",24,488113,0,0,1361,3
"aSpPtICSX-4",22,488098,7554,632,3654,3
"FRQL_CXrqzw",24,488098,15952,146,12439,3
"FEwBAkAZorQ",1,488000,4224,275,1536,1
"xOjlzuWakD4",43,487929,15866,378,3628,1
"rAx8xncndRU",24,487911,4290,429,698,1
"ft5aY1I22j4",17,487894,12963,302,403,1
"kXha9hQduQg",19,487865,14630,401,2352,3
"IR1YK2I3rd8",24,487826,4483,173,700,2
"p6L20i6_gzE",24,487797,1836,132,1417,1
"3z1_vfngU_s",26,487747,28018,902,2384,2
"rlZ-9V_Ia4U",43,487745,2938,729,299,1
"9dMSvXE9Gxw",23,487581,24479,876,1844,2
"pI_UW1F-1c8",24,487436,24299,2819,2765,1
"oIHgHBS33j4",20,487251,8291,151,1946,1
"kK0_noJ9CpY",24,487161,4061,248,533,1
"h9MFiU-EqmI",20,487125,37555,920,1341,1
"tfNzMKvoVOU",25,487122,12731,1167,3107,3
"0hCWcaKe7Q4",24,487060,5421,462,670,2
"Ng53Cyj3hFY",23,486917,43207,321,924,1
"1rFAYoJRniw",17,486871,8425,1119,2342,2
"e681QNbHloE",25,486855,12513,689,1463,1
"r1nwEYPCE7Y",24,486845,5882,288,303,1
"0omjeOt-U6w",22,486662,9191,2023,2000,6
"_WbsLHwx7N4",17,486504,4362,384,1254,1
"WrjrXmIXHzk",27,486460,35788,338,1648,3
"zEKr4LSBA7k",22,486428,14130,1207,1503,1
"PN2IMpwbZWc",17,486409,2311,35,199,1
"00ea8T7iwTw",17,486401,7013,161,678,1
"RQm0nKoODo4",10,486361,46479,290,3998,2
"8WbxbqwdWog",22,486328,5743,884,744,3
"kL4bTuKJe3Y",23,486291,12584,235,1826,2
"jzfYpAVGK_A",22,486283,16556,372,433,1
"3RBcpfRFH7c",17,486199,2486,241,577,1
"uCoW-QfT6MY",23,486185,20405,509,852,2
"8Hr0v2vvWFQ",17,485925,17462,573,3009,2
"zii1u0cILSM",1,485924,26724,741,6274,2
"hbfAimCuug4",28,485813,15562,1680,7823,1
"OKJSWaGDMXA",17,485805,15392,123,1156,2
"6VgpsRzZl9o",17,485626,4573,206,1906,2
"hUmdBSMr8NE",24,485616,15413,165,1353,1
"BFfL3FhgnsA",24,485589,2800,90,90,2
"IiRmtBZu0pM",23,485514,30767,5190,6268,1
"baI7hxuBpQ8",22,485416,19893,165,1636,2
"n4CAhXpyVCI",1,485408,37031,406,9554,2
"jCgOX8OdIVI",22,485301,20421,159,2563,2
"7-i1fQmUkkw",24,485164,2331,237,1293,2
"oGXSn4fiLok",17,485144,2240,85,664,1
"0yO5sA6cLek",17,485132,2609,192,2052,2
"iCMEMuJFLR8",24,485029,9241,428,1532,2
"Z-dLdCXhapc",22,485013,6396,369,1427,3
"1HgNReVRvzI",24,484958,10092,514,1296,1
"udPHP9Lio1g",24,484731,38146,246,1683,1
"5PoKpYmGvHQ",24,484708,3148,456,502,1
"lYJFwXw1ZIc",28,484572,23177,522,3626,1
"uQZR4zmJDhg",1,484556,44493,363,4079,2
"XT05MoyaRCk",24,484556,2628,479,335,1
"4UuhZrtA1Sw",23,484452,4425,115,343,2
"qBe3pYZ47ds",17,484423,28135,294,2335,2
"cIwRQwAS_YY",24,484316,36220,767,4250,2
"byva0hOj8CU",24,484146,15477,127,2607,4
"2ZjqH4cP-cw",25,484135,11671,887,3620,3
"2ohIVoR2WRA",23,484049,49389,583,4658,1
"uPjnwD1ToF8",22,484040,0,0,655,2
"7VU9R7aXQEw",17,484028,15776,365,3308,1
"ePc-gsJxoC0",24,483905,22873,372,2442,1
"xiQg4Ay1AYo",26,483819,27127,508,4557,2
"nhnrRl32wps",24,483808,53342,305,2335,1
"l4LydEtfSYY",24,483800,22049,420,1466,1
"738yi_B-vaA",20,483781,33117,312,1727,1
"9c74cjM5y7s",24,483743,32537,649,2226,1
"yQt6Eqk5boE",28,483673,14019,1006,1920,1
"S5Q-s-C-q6I",24,483514,15986,349,2309,3
"NN6KOJiNvuQ",24,483363,22777,394,1064,1
"fF7ndg3_4AI",10,483330,5951,249,462,2
"Fk9LLmBN8nQ",24,483306,3098,950,6128,2
"ZZoF-ZHERTY",25,483251,1299,945,2489,1
"HgacauOgGio",24,483240,5446,324,1732,1
"QGb6AZ-Ux_Y",24,483210,39654,597,5135,1
"FME8rJzVoSA",17,483205,1820,595,923,2
"hZr1u-zzejU",22,483135,9048,591,676,2
"uh-7_jGpWQc",24,483054,5194,152,809,2
"V261ShnTt3c",25,483000,5088,436,2426,1
"h39fZdU7174",24,482999,16519,402,1978,3
"EXDb2GaUKZc",23,482970,13089,216,1350,2
"fo6x-Nk4L54",24,482953,31951,369,2245,1
"xw5qArDl4U4",24,482898,2268,242,513,2
"OkHDTiDGQTA",23,482612,8041,243,219,3
"n0-ye4LXWts",20,482589,20086,2496,4694,1
"GzEiQ3bYokM",23,482564,21208,349,3841,2
"UmdiKxqdpJ8",23,482557,9497,158,1405,1
"nI5NTReUXzc",17,482533,2493,253,521,1
"TltZ1ZJsfa8",24,482530,2278,208,810,2
"WUdYpaDHmJ0",24,482412,5410,325,807,3
"qvojYIc1PbE",24,482216,3888,356,730,1
"1ce456Nnkt8",10,482179,36431,577,4895,1
"m0_A6KtjgnI",23,482011,6828,134,315,2
"Kt23dO6mX-o",22,481973,15619,176,770,3
"eunA-hiYqM8",17,481948,2800,118,1098,1
"fWJrqDkZMWU",24,481946,2525,346,831,2
"Xg5O6Dd_hNo",2,481911,6928,687,791,2
"0h9WjwuKiJ8",23,481837,23138,3195,1793,1
"VgWBX3vIHaw",22,481782,21402,226,2132,2
"Wb76i2yOjwY",22,481768,12179,590,490,1
"8Gk_03X_il8",24,481766,17381,288,2910,1
"pT_8SCKec0s",24,481596,2081,380,207,2
"3yWFNvQUv5c",23,481562,68130,856,4735,1
"Txsj-DgYbv4",24,481555,33677,597,2837,2
"tJtYqZaWFdU",26,481529,24920,1202,826,2
"yY4EB2IqNTs",23,481408,29156,354,3157,2
"zhIg2ou0W_M",24,481341,2597,1133,368,1
"SXyObZahu-o",28,480991,18411,494,2549,1
"6a8Xcv_zjTY",23,480905,12999,300,3630,1
"sJSrTkhSUxQ",17,480873,3003,174,798,1
"JNWwVDkj24g",27,480862,11988,695,1475,1
"05uoT0zIU-c",10,480831,14287,707,579,1
"i127F8IKTqM",27,480717,9019,558,2674,3
"LYPOvVHj1wQ",23,480654,26345,189,2314,2
"E7RNA6UJ-jI",24,480620,2906,104,308,2
"_EzB6eTni2s",24,480539,4819,242,407,1
"tFJtd3If2hU",24,480480,2739,244,733,1
"vIohS0xEIe8",24,480406,2129,635,362,2
"RnsAZzsdI1U",25,480203,2843,370,1691,3
"Olpi7IPi8vc",23,480136,13228,276,1837,2
"f0YoD9BDpNE",15,480125,26265,1222,11916,2
"lowbrUH-kOE",19,480018,15004,225,2015,3
"WEMAvnkHA9U",24,479868,16710,608,3586,3
"VRkiB6jGnPw",1,479786,15800,162,3042,2
"KMaWSinw4MI",28,479522,14260,363,2871,1
"-wmfpoq_Y0E",23,479406,39385,746,2524,2
"iORH63AVnmc",24,479358,13388,118,800,1
"Jp8NWlIh0QY",24,479292,809,250,470,2
"gXsgy-L1BcY",23,479270,12690,315,1242,2
"rFkoepYzjzk",22,479263,2666,214,300,1
"Og_XYDDyguc",1,479259,15530,138,2711,2
"LqrwZ7fLapI",24,479241,31767,323,3456,2
"XvUHcsZOhJ8",27,479089,21182,286,1980,2
"W2_uoWxiq8Y",22,479067,23145,178,2020,2
"Sy-hZo4TQbQ",23,479044,53128,1631,3145,3
"PqvLXtOOaJQ",10,478997,20219,243,953,1
"RrJDemmXpFI",24,478905,10419,150,734,1
"0ykek5OuPww",22,478852,22179,144,1079,1
"QvUCzdTGeik",10,478836,1458,328,118,2
"fDf_SjmQxEg",25,478677,2212,291,200,1
"nDzXjNxjzgk",17,478621,9615,223,1215,1
"2IC0RDRAHko",20,478570,26808,119,5190,2
"sbIED1w1WuQ",27,478560,9225,539,2096,3
"cZ2KJtiNZ0U",1,478540,5830,728,718,2
"IA9132y01JI",24,478465,3628,109,353,1
"rdsABjAP8Yg",25,478460,1248,23,154,1
"wF0T4ipGDdo",28,478409,18875,568,3280,1
"iZqvT7Ae1lM",23,478390,37202,1137,2383,1
"pJ2XRPQH5BM",10,478381,8309,328,234,1
"6vamf1UUn4I",20,478206,16534,435,2676,2
"WjPbuXbFej8",28,478183,15947,718,4997,2
"r5BAREowyyA",1,477980,12844,218,1558,2
"LFXPZTGiJ7M",23,477828,17227,640,4706,2
"U-mwFoev3OQ",25,477718,11483,2119,4913,2
"yMxFdLEnl40",24,477717,25779,384,3486,1
"d2kqgX2KjTY",24,477701,6197,370,2460,2
"034SxL1YTRs",23,477672,25878,293,1065,2
"8RFZMnz19bU",17,477346,6451,315,5908,1
"Ie_5pdrOZcY",24,477309,2203,311,2022,3
"qgtoYll13A8",24,477267,2136,329,469,2
"Q9SIBNWC1F8",24,477235,4043,478,722,1
"YUIYH8KSt4k",24,477099,3575,349,1415,1
"C8jYDoxlW9o",24,476852,15107,169,1634,3
"NQjm1c8BtoM",20,476779,50363,439,2899,3
"Qagp3T1bOFY",24,476767,2678,1067,345,1
"wurVR3390l4",23,476753,45722,458,2703,1
"_RN1cdifw80",27,476728,11293,441,963,3
"3o4MDP3563A",23,476726,12210,274,1775,2
"SqV1ei1uzGo",20,476718,25033,2620,8997,1
"l9iD_qJ1D2w",23,476631,27337,746,1127,1
"i5blSYp_QJQ",24,476627,14254,345,4756,2
"k9iwMjkSumc",26,476421,25010,277,3758,1
"99O1TcVnTSY",28,476376,15792,904,8987,2
"8cFzdxwha48",24,476253,12641,265,2054,2
"RU17DroYhaw",43,476105,2918,1070,359,1
"X5UrtwW-zJs",28,476011,19964,1248,2379,1
"vi3md3564pk",27,475747,11724,368,2042,1
"QwY4gqI0vVc",24,475588,19365,862,3124,1
"Ilnv_YKgHog",15,475486,24959,512,6841,2
"oKI4KdrPMn8",10,475476,5609,949,350,5
"uIiuHuQXixc",24,475420,3893,360,681,2
"lG8fWx982Qs",28,475149,26492,393,6131,1
"ZWrkOm98VWY",27,475125,13304,498,2999,1
"18fxVZI3pd4",23,475051,26793,208,4287,3
"8vnQoHPQeVg",24,474777,0,0,0,1
"igt2Brxm6og",27,474766,35071,482,3515,2
"nzFykQv6Q08",23,474626,38514,607,4396,1
"YAxeiSjdzi4",24,474588,17886,592,695,1
"45GaTIIdL7A",10,474554,32980,353,1772,3
"fnel_wZhgaY",23,474551,18968,4280,2572,2
"vgD2iRhC99o",27,474525,27088,452,1156,2
"jFVk5P2Wlus",22,474521,21134,444,2243,3
"xAd2gCOBix0",24,474460,3065,262,341,1
"9oSPbhvtUkQ",22,474458,17556,178,6147,1
"5Epez-jCTic",24,474434,10520,95,377,2
"jBBnNLDtP00",24,474404,8815,193,2107,2
"fSniDXL39xo",24,474375,2136,351,811,1
"eNB5YdSQRtc",24,474371,21806,262,5658,1
"oTQytgN7l5g",22,474275,2686,1420,426,5
"4x2rnXmV950",24,474136,6934,953,1775,2
"f7t5Sakzfpc",1,474065,1113,243,442,1
"xc2bFkSaPYI",24,474052,51949,267,4020,2
"fPm1nqe6EYc",24,474046,9973,181,2444,2
"yVq282r1E8U",20,474042,45141,4029,14491,1
"8HgybmaEvFQ",1,474031,16040,169,3666,1
"9YIJfFYCwKQ",24,473990,22914,256,3652,2
"8kQDAbE7Gx8",23,473986,10620,87,488,1
"49ns5_rw-6g",24,473958,50783,663,15532,1
"VwExMZmFjY8",17,473947,3709,147,3027,2
"TvsiLV7RLx4",24,473903,20078,594,1885,2
"592KTCoUuUg",10,473734,49622,746,3002,1
"IIC0sTPj_F4",24,473591,12963,238,1885,1
"-195_1aDUyc",20,473556,34091,354,3183,2
"Tcex0aDxunY",24,473392,17253,198,14374,3
"vV1OmDM2zdE",22,473390,22192,253,1094,1
"0d1mR4gdySg",17,473187,3885,178,2040,1
"4PqDl_ZBbkM",22,473180,2346,95,245,1
"fc6ODCqepb8",28,473077,15776,656,2748,1
"UEHYecUnsK4",43,473018,2673,777,219,1
"dxVh3El37eo",24,473005,17105,459,1378,1
"ISPadKRsrqE",10,472930,15414,228,1585,2
"az98eKdFFkk",17,472908,593,111,587,1
"eT9QeDqZbWc",24,472890,12943,270,1147,2
"6DftW2a3nhM",2,472865,23309,367,3397,2
"x_2VMcH3uJg",22,472833,4321,350,3438,1
"YzmnKcALBqQ",24,472785,10286,167,460,3
"xZktj8xfcaY",17,472728,12228,673,1600,1
"S0ZUT7xfC5U",15,472722,3709,48,249,4
"hrmdz7RIQN8",28,472683,25262,385,2543,1
"jAZZTE9t7g0",22,472553,24950,248,1065,4
"vUe1XsHtuoA",25,472542,41124,764,6785,1
"TUxmF2OtwX0",28,472499,18385,1357,2136,1
"hCv4zU8UHgM",17,472376,2477,204,249,1
"IjCydO_ZgUM",24,472369,59784,332,3531,4
"yLEmDvDfiE0",17,472334,2541,226,1405,1
"S26do5SQY_U",24,472166,949,251,1473,4
"4cnzglPc9ig",24,472150,3300,126,1671,1
"Sy8nPI85Ih4",1,472132,3619,168,201,1
"A9Ytvx37oAQ",25,472020,1012,655,1055,2
"kV54Q-FUM8E",28,471919,4160,222,1000,1
"20d1g6O6Fog",24,471903,7111,93,364,3
"8fkuFyYL5eI",20,471856,14665,217,6289,2
"frChlpw8Qr0",20,471809,24807,258,6983,1
"W76cXdfboOk",22,471802,19728,127,1390,2
"gs8i45rUCc0",27,471794,34187,332,2584,1
"KKbDaAEz4SA",20,471662,23823,259,1031,3
"PTK-fsU1jrY",2,471631,20454,225,2445,1
"IJVKXDXx1to",17,471534,1674,218,185,1
"v66DKhpA4f8",17,471522,1229,127,872,1
"ABtt5y-maO4",24,471466,20621,162,1022,2
"DVbKboc8XmE",1,471380,27799,398,2269,2
"ZhCrQ5AEhpg",26,471268,43663,135,4192,2
"gu-g2U5B1Rw",24,470930,5727,792,3337,1
"6qLUFxwwErw",24,470910,2765,783,383,1
"wZM64_RuJBA",24,470884,3209,134,525,1
"QxTtsZUcOjQ",24,470752,4572,114,1015,2
"U7W81K4EmTU",1,470715,3215,362,265,1
"a8XSR52clAI",24,470516,12570,292,2221,2
"Gq-qTSGuW7E",17,470392,21233,822,3779,2
"OUQr8lG45AU",26,470346,12178,368,1263,2
"pLCSJEW_cEk",23,470212,13286,344,2097,2
"hgNfJ2YtBxg",22,470142,1628,557,318,4
"7QGCV2Z01oY",23,469949,4763,317,370,1
"88NH_CaDjkk",28,469929,17680,473,2181,1
"9Rj6ywNEC4A",22,469856,791,245,291,4
"kRoCPSDCvts",24,469779,2560,214,2084,1
"U8D_DYkIRSA",1,469738,22023,293,684,2
"Oc-WHctTBMc",43,469688,3925,523,563,1
"i-I8bu07fwM",24,469681,15245,425,1242,3
"aZGOv66GOm8",22,469667,1896,279,363,2
"UMD9oulHf_g",17,469662,4575,219,1270,1
"7_coQncadSo",24,469607,4051,595,598,1
"z05WIkCvgjU",17,469540,5276,291,2976,1
"zuC7Oh22ZcM",24,469281,14030,186,1916,2
"yGYmH_FMaNI",10,469187,15522,678,2667,2
"SPD1v_8RQUY",1,469185,16793,336,3223,1
"o2pPZCjUc9A",24,469096,3822,486,594,1
"iyuCvrtgVn0",20,468928,6394,185,6,1
"EuAGmTuYvaU",17,468919,4741,268,2957,1
"KhY8zFImic4",23,468897,22624,193,2834,2
"opgglu29M_U",1,468852,17739,750,603,2
"iA-fY2dr9jc",24,468666,4896,305,835,2
"h26-ielOpsA",24,468639,5722,734,435,1
"qSx94UIEn0U",22,468561,2667,1256,2286,4
"NERwRanxWXQ",27,468531,12000,483,2651,1
"B3nobsCb8fc",24,468444,2528,392,874,2
"tiF9SzzzX_o",24,468415,9820,1043,1100,1
"88khywctF8w",24,468360,10699,365,2915,1
"-Kvh7mHD9aY",20,468306,26899,223,4346,1
"upW2guY3v6A",22,468221,2542,126,515,1
"j68fPLtqJdo",1,468108,19525,124,491,1
"xueebi3LsuI",24,468068,65311,1056,3780,2
"mmBemKF-jYo",24,468051,2751,325,322,1
"I_nLiI8dkUE",23,467921,27908,603,3439,1
"iIKQXVcDblM",24,467874,14881,537,3565,1
"hUUBRrZ0h3M",27,467779,39094,697,1939,2
"6xSt2G6AWgU",23,467751,34961,887,11633,2
"eSCMtpNCAgs",2,467728,16955,937,3791,2
"apwlNLIugzk",24,467562,4370,406,517,1
"1J6XFi2-7JQ",1,467522,16500,161,527,2
"qiySQYZQL38",10,467456,5333,379,1876,1
"moc_dHHp4LQ",15,467416,27884,220,3355,1
"nOjboh1LvB0",25,467407,1741,146,896,2
"5eVd9YgWtYU",24,467388,10472,796,667,1
"zF1s5Jg6X8Q",23,467346,18343,533,749,2
"9hi-h3iahHI",22,467302,24224,2623,9625,3
"l6fczhjOz5E",27,467236,28363,995,1888,2
"ENDfYD-4giE",29,467096,4781,370,56,2
"QfmIUoZej9Q",43,467088,9228,220,1234,1
"N_YX4qK6nXI",22,467023,677,378,213,1
"kxAwAn5gAnc",20,466908,33641,633,8061,2
"5JEI0sjJs8c",25,466904,3625,1538,1052,2
"OfDpFTNnRyg",24,466857,6381,824,2961,2
"-cRxzwPagnw",24,466648,7486,180,324,3
"fwbZW5bfAKc",24,466614,2809,329,355,1
"1icvATK0GEo",24,466589,8398,259,2095,2
"dDbj70y-tDY",23,466381,13867,250,1863,2
"uAEkQtB_sH0",23,466322,20969,2158,1794,2
"YIk46yuqUp0",28,466312,12885,340,1295,2
"bc_0GijzJ4k",24,466235,3271,351,652,1
"RkKajp0H1Fc",24,466174,14697,1021,4518,2
"ns_L14w1Fxs",24,465954,15239,204,2537,1
"5ViPeIXx44Y",23,465939,35484,349,4452,2
"kzk4SId9Ab0",26,465864,25026,598,2169,1
"mhog9LEMCDY",24,465835,36824,787,2951,3
"oD_3wMh5kLg",28,465804,27378,441,13025,1
"IPgdIHV_zMo",1,465667,6310,22568,5221,2
"-ukWuWPyRLo",23,465547,23010,379,1004,2
"qmKA4DCfww8",22,465473,40304,152,3289,1
"e04pTwZdLhg",10,465329,5377,119,200,1
"f63BmPpHw8k",22,465287,22881,330,1477,1
"1EVOg27S3hs",22,465284,3829,770,2444,4
"uqNM0yFREQA",10,465273,11531,260,668,2
"djIIs2dkaX0",24,465268,19508,10670,11969,2
"7egd1GTRKpw",27,465244,5048,844,3639,3
"V0KSEfSgstY",25,465036,4087,1117,4044,3
"4c84Y7cdM9U",23,464981,13585,203,4591,2
"ZMJIx_TrbEk",24,464971,6865,279,1263,3
"iTc3hbQmW5w",28,464829,18504,1680,2788,2
"bJxUMHgvPxs",24,464745,26206,1498,1107,1
"rufTHV65qtE",24,464657,4185,453,625,1
"uodN8n1jprI",24,464654,1859,244,790,2
"s1yV1kTrVGA",25,464546,2560,137,0,2
"XUYtIpqB7t0",10,464519,7717,177,546,3
"NmgFS5ApQVM",24,464425,10858,154,784,1
"KBZQChw-Urw",24,464369,2881,67,343,1
"-EjcrM2wFak",23,464265,12477,291,2223,2
"zeKHDsKjfoQ",23,464220,27286,490,1424,1
"iuBPpEkUi8I",22,464151,13649,534,1077,3
"DipzS0VH4PA",25,464123,15737,924,2450,1
"tgeZfmSeqXk",24,464098,13506,471,2516,4
"EEIP1YpFXrE",20,463992,25840,509,3708,1
"39y1BFi_iA4",24,463958,6650,132,457,2
"74q7o-l3sxk",22,463861,23497,126,2733,1
"rJbNYaz-iSg",24,463840,3565,372,1195,1
"Yc_4FKhbMvw",28,463700,14189,603,5772,2
"455cocUpOkk",23,463606,55574,638,6119,1
"aHFC_GIq9NA",17,463512,10497,100,611,1
"00ZQtTRtyhA",24,463434,2598,705,267,1
"DlR437Pltbs",24,463426,20944,247,914,1
"B0z_kUR0eeQ",17,463396,5542,303,4094,1
"w47K7RqVcf4",24,463350,2145,254,295,1
"mPshhkYpCBY",28,463282,15636,932,2031,2
"CFNMg_ThBo0",10,463107,7354,475,36,1
"ToaF957tICM",25,463100,4072,302,1688,1
"Cpx67P0L1GI",24,463072,4950,465,1770,1
"sBsaLHgBmYk",17,462977,16816,616,2442,1
"iiqQI6fOL4o",24,462815,40149,406,2264,1
"c34XpcV-M0g",24,462778,3232,409,479,2
"K5lmXgKi6V0",24,462744,7368,315,329,1
"koI9RVzzyGo",26,462719,25735,782,9154,2
"LtR1ry8iZFc",23,462582,43956,483,2098,1
"8gPYf73Ge4Q",10,462523,1661,282,106,1
"ywcNsJb2v2U",15,462463,17728,213,1591,3
"a88tDR51JUQ",22,462302,10257,138,463,2
"zmOqBBdxo18",22,462149,20909,317,1820,3
"jA-XB8q7XKM",23,461942,5068,232,605,1
"3UoKswz6OQc",24,461663,5345,960,4559,3
"wMmy2MlH55U",26,461561,25174,251,1422,1
"IDItwbhzbMw",24,461475,3260,73,309,1
"_pq2CRCbvVY",26,461473,29501,263,7663,1
"dggfOAMp6Ho",17,461463,4105,157,1269,1
"w2A8q3XIhu0",27,461364,21186,249,1275,2
"-A9rYcBmBFo",24,461349,22089,1596,9873,2
"w83RVp7QlF4",24,461295,1896,536,208,5
"i3LYAnP6qlU",24,461288,4673,552,1172,2
"OYr6bMNi3kg",25,461165,1943,313,259,3
"XzByC_5nK_4",17,461125,22346,211,1933,1
"IwB8Lwd8RMM",1,461044,35943,407,3872,2
"9QZ5In6P-A4",27,460879,10635,471,4556,1
"L6rK0EEuSpM",2,460877,19116,389,2550,1
"9pqaQvfHK-k",25,460715,5224,942,5890,1
"GazUR9Pc8-Q",1,460660,16196,142,475,2
"K0s6lo3268w",23,460554,23059,173,1442,2
"OFGzhNGr_x8",24,460512,17681,2082,2204,1
"q6c5DRGjgHw",24,460474,13375,180,845,2
"37ji_TUXN1Q",24,460468,17033,609,3408,2
"Tckjqy0jhG4",19,460384,15562,242,1991,3
"9HYG7w9dI44",24,460380,18881,1373,3882,2
"U3wVDJTOzqA",22,460244,4619,139,406,2
"cZdTBDgT5Sk",24,460230,5146,639,267,1
"CLLdI03zd1g",24,460193,2906,115,335,2
"KovwMq1sJSs",17,460186,8912,1825,1591,2
"30Mz6pGQO4c",24,459937,3515,335,1684,1
"sP3EHBr3mGA",24,459840,11566,186,658,2
"fkkKzKAa7-w",25,459763,32378,878,17568,2
"a3lKYhd0kjI",28,459643,12569,854,3987,2
"K0oVjKa7vd0",24,459575,44882,387,31749,3
"m4NHqy3KP0w",43,459538,2846,854,581,1
"fj-KlZIyZ_k",24,459519,18304,438,3176,2
"UvDGBIkJaqQ",19,459507,12182,251,2298,2
"yKGTswomX48",22,459491,1387,301,52,2
"V0twCKDP3C8",24,459414,1340,213,159,3
"VUvGxChu0YA",24,459407,14235,129,1982,2
"dXt20Kuy84c",24,459358,2540,741,179,1
"L_BJpUnNyXo",20,459323,29413,223,2606,3
"IOhEpxcekDE",24,459271,2248,416,183,1
"J-tcQFTdHmI",43,459270,2840,786,339,1
"xPZc0dC3wVY",24,459216,26820,295,1407,3
"K-YCsUa1mZU",24,459191,6813,1468,2282,2
"PSx6ff35Z6E",17,458992,1858,251,772,1
"-Toujzk3ysk",1,458964,4903,392,1289,1
"ydYK365oNgo",17,458898,1113,94,152,1
"NsGrfU5buKc",24,458883,13893,357,2531,2
"VCOgAA1plyo",24,458776,0,0,734,1
"5Py9KTkChKY",24,458758,3571,235,1272,1
"ny3FNB8LsgY",23,458742,10400,5590,4604,2
"C-5O9KU8xkE",2,458681,19858,147,1707,1
"UzJFrC2Te90",24,458593,5911,77,262,1
"CfSOKs6iZ54",24,458372,3561,298,789,1
"4z9FSziBq2o",10,458116,26441,356,2841,1
"LWq6kyakEZo",23,458075,5313,669,1076,4
"kGRqkV1yZfE",2,458011,15315,209,1270,1
"paO6roPFK9M",43,457974,2425,773,357,1
"IB-iSqVbHcs",20,457917,3588,240,136,2
"KNB0VY_VAoo",24,457910,17587,2137,2222,2
"oLrOtjfn1rw",24,457688,5026,402,448,1
"mDKP_o205q4",25,457660,34592,3239,4996,1
"81f6jCUJF0E",24,457624,2080,353,356,2
"RoWQ6vKpOng",17,457580,11681,360,1034,1
"dg8uyx-TK9M",23,457407,47088,594,4257,1
"euw4B5jq1GU",17,457321,11494,331,2428,1
"am3vQ7OtYLM",1,457283,4392,313,3360,1
"vFANgWN2Ul0",27,457260,20360,608,2483,3
"ycS6LjhZHdE",24,457247,3934,909,315,2
"YHdOh90kGHQ",22,457182,37830,597,2857,1
"GS1RwWxMhIU",17,456904,5141,151,1556,2
"NTFU9yCsU1Y",24,456869,45665,779,12316,1
"Ppod--NK5pM",24,456727,8202,212,1066,2
"CVRsDpihaEs",10,456547,39741,76,1035,2
"kUQF8jeGP_8",15,456518,19770,755,6805,2
"4KiM_ng46dg",17,456364,24211,323,1497,2
"8U6NKxsqU2M",25,456209,11658,916,1213,2
"URn1dSW5KrU",24,456178,3761,117,858,2
"S9smsab4wb8",24,456158,3557,362,866,1
"moASLrr62EQ",24,456025,2634,850,303,1
"MPELLuQXVcE",24,455987,9180,100,2185,4
"8euPVkj4NRo",24,455947,1349,262,710,2
"vdqLq6ZiY-w",24,455942,12738,70,597,2
"rmo5GwzEIVU",24,455875,2477,359,436,1
"aVamZUeeR88",22,455870,35561,304,2122,1
"nFDA1zsJ-SI",22,455846,3491,308,716,1
"_Oht6ZNXx7I",24,455838,12539,198,516,2
"ugLbotr1RuQ",1,455650,9380,406,1618,1
"MS9wzCIhaTY",22,455575,23901,460,3008,3
"rzrk85q7ZWE",24,455541,1902,215,466,2
"KZK21zOnpos",43,455540,2874,783,237,1
"o8KtKp9v750",24,455519,18611,189,1432,4
"ZTzM5MjGV-0",23,455425,5403,275,521,3
"ZG_aBxw69j0",24,455396,7296,144,929,2
"7aZj_XeqozA",22,455363,54235,175,2436,1
"xVa1jRRne8Q",23,455340,25034,374,762,3
"G_UHknhNbAQ",25,455289,14026,441,2340,1
"U9xyT-fw5LI",24,455260,3278,360,951,1
"HluANRwPyNo",20,455127,7883,73,192,1
"H0uvmD8CSxs",25,455097,2771,1509,6544,3
"3lgcBZdMZxM",24,454904,12229,1965,3511,3
"LPRGaWy5a20",28,454875,18174,889,2023,2
"B3VDjhTv0PA",24,454860,35262,435,1727,3
"IX3_Aqji4yE",27,454795,3764,208,250,3
"Iw8apHDAXhk",17,454790,14853,133,1383,1
"w-Dy_UdOpDA",17,454761,1859,265,308,1
"uSTNyHkde08",27,454684,15036,241,1557,3
"RNpm_NglrJQ",25,454596,2789,852,3124,2
"ik9x-i1xquE",23,454564,22170,412,709,2
"Vl8uClhAgNs",22,454507,4556,554,1323,1
"lyUNWpne9CE",25,454439,26088,13876,9577,2
"QPvLA-egmWA",26,454316,14961,158,1549,3
"Iaou661F5Rc",28,454254,17732,452,2368,1
"auonRc22IbE",25,454173,3537,112,503,1
"mxpd6esNayQ",17,454025,1801,173,201,1
"AaCGqfn_qzs",1,453999,3672,150,339,2
"u5-o2Dgl7yM",25,453964,5992,411,2911,1
"XLTlFkU0vrQ",28,453827,20715,399,2135,1
"1ykJaIhCIWg",1,453541,14914,188,1981,1
"PJbZzM6ZsUg",24,453515,4307,2195,1620,2
"hN8mNXa3ICo",26,453504,14648,347,831,1
"Ps7GzIV2KP0",27,453440,12739,545,2674,2
"CHp639vhUJg",24,453431,27005,367,1209,3
"dHxT2hHPUsM",24,453402,27979,436,6881,2
"DTewczBeZHY",23,453402,12725,395,1667,2
"dqo-3CD-TCE",22,453371,3317,184,1778,2
"_jgbVOJH528",10,453365,16006,214,961,1
"LMFOA1EV_Xo",24,453309,38011,2385,4442,1
"pcRHS8uzAD0",1,453229,11478,201,1359,2
"usF2Nug35ug",24,453140,2833,4128,1601,3
"v89rPk9_Cok",17,453092,1968,128,540,1
"gneD0lFkcas",17,452859,4172,213,2744,2
"NW-ywwM-q9g",2,452773,15293,188,1302,1
"9TmxCoWFWMA",23,452702,20516,326,836,2
"C9klb_G-qhA",25,452671,2455,558,2904,1
"GeSfWUv82TU",17,452598,5387,269,3743,1
"mYSxQT5c2wk",10,452592,10872,377,571,3
"ivCYitolMGY",24,452584,6888,108,506,2
"akSkpkEUqMc",17,452552,2925,1210,1908,1
"PEJMZ89QEy8",1,452487,16548,322,490,2
"P4t80OyKius",24,452460,1727,663,178,2
"R9q5lBy2w1E",10,452405,38031,495,4472,1
"DmIgal22zGo",24,452311,15969,244,1068,1
"z-PnNfgIpgg",28,452164,22515,616,3176,1
"oHjZWmuQ98w",25,452140,4009,293,2001,1
"1NuR49C7ck4",25,452135,2417,464,200,1
"FFpIQSCp1HM",26,452124,27044,531,2747,1
"Ne0kGAVJ5-U",27,452034,8351,1231,3992,3
"PXbDu4Hh8Bo",20,451928,30519,269,846,3
"bJB7-eL9xNc",24,451694,12327,261,2350,2
"5Kt5ymNjea8",26,451693,10648,488,557,1
"-CS84oCtjvc",28,451489,12895,387,2074,1
"a2bjPDkFR40",24,451472,12223,2343,1937,1
"3bzlb22qTvE",26,451464,14193,376,1468,2
"-l4s901oOUY",23,451338,46820,214,8120,2
"shiTAXD78Y8",25,451122,2627,1750,2077,2
"enszAhHX3jM",24,451118,5354,286,2210,1
"sRbVX2XvYmU",24,450951,3246,305,294,1
"iKjEoPA0LlY",24,450901,14286,217,850,3
"K7U1Hgfebuo",26,450887,33925,176,5061,2
"31r8LiGsVcs",24,450777,4988,237,819,1
"tZET0Jc58uo",1,450656,29405,291,2785,2
"9n8W97DyT0o",23,450652,38166,184,1872,1
"CQy3U05_8uU",24,450532,1650,204,419,2
"7gg_6jxlpDc",23,450294,11819,280,1336,1
"PFpWRRUjXEU",1,450249,13276,81,456,2
"kBbKITdm3Lk",24,450244,2270,108,338,1
"2a1iXXVGAqQ",1,450102,19870,142,2807,3
"NdFG-9nM-O8",24,450096,4259,71,581,1
"A_dJMRCGIi4",24,450049,1789,260,301,1
"Jj-xL77wZaE",17,449998,16545,250,1378,2
"cC_RDaqFgKU",10,449892,31761,485,2201,5
"gzKqIAqRRQQ",15,449781,15233,596,2805,2
"1R5Dy3jdWtY",22,449576,15036,165,6030,2
"QUAtHdTTH2w",1,449476,3948,404,1972,3
"cdBI-MWuObw",10,449274,19799,419,1686,1
"jdNDYBt9e_U",27,449248,17526,281,1461,1
"o7k7euAt-E8",22,449210,1249,413,79,1
"9FaxMOL7lO4",43,449197,2917,781,362,1
"Z2Y8jGrkrDc",23,449175,14713,1111,946,3
"U0qxHoUkoF8",23,449120,33492,2849,3020,1
"qkBXzkD6tis",22,449039,9583,467,2292,1
"eeBQzjdlcLs",25,448969,28577,472,1887,1
"Cd8UxUlqaZ8",10,448967,93717,247,6328,1
"EPNqoQejDWg",24,448965,19267,431,2772,1
"LBNOr9iRy1w",22,448951,23023,144,2350,3
"S_s_Oz7ropA",10,448913,20767,239,2076,2
"Cnl6tYrJB_M",24,448780,8344,179,2410,2
"hQU_pgyCL6k",10,448708,44220,578,2190,1
"e0XDEBPDirs",28,448668,15083,769,5840,2
"C5U3dMkYbog",19,448610,15807,481,2033,2
"pjZuxJ3o_TQ",10,448544,2563,147,111,3
"1yfO8ULStAE",24,448486,3635,320,756,1
"-e2X0sANoAc",24,448412,8446,173,2454,2
"80G5ZbwWDeE",17,448209,3390,336,1476,1
"d5ratuSUQrE",24,448175,6797,739,1686,2
"IniFjE3FYgY",24,448156,7565,129,1076,2
"rs-VNhATh50",24,448146,24352,577,12345,1
"pVI_l05Smlc",17,448106,6172,169,1786,1
"DkQ8-tZzh-I",24,447980,3634,542,1725,2
"Emnv-xMb2CM",23,447897,5967,2677,1242,1
"mZKpOVRwCl8",22,447889,514,686,140,1
"IFDnJeLgIZk",28,447850,18985,890,8531,1
"ig41bDr_Jp4",23,447756,44223,876,2483,1
"Z6V60aZ7JVM",10,447630,1514,221,39,1
"VfbCi_7L7v0",22,447618,20271,133,2969,1
"MgQtJfd0Mp0",22,447605,520,207,53,1
"mg4FJww9YjA",23,447518,10865,504,659,1
"DDepE8QfGro",24,447514,7045,139,246,1
"UFi2bDdrkt0",24,447303,2709,311,795,1
"JBc2_AsRFBU",28,447110,14367,615,6881,2
"1M9ghgM_LFI",1,447041,17271,120,514,2
"BbHmA2ygPhU",24,447007,16340,236,2966,2
"C9MNRXEw1qs",23,446961,5592,115,537,2
"r6-lOGXD8oA",23,446864,25062,304,1306,2
"vBph8HCfaHE",24,446854,17636,164,1900,2
"pOBhd7437sY",10,446801,14581,390,1139,2
"juL35HqyNY0",24,446801,11308,138,824,1
"iE_bfDcy0iQ",24,446729,8438,276,709,3
"aIgCpB9maoU",23,446634,4319,172,375,1
"HW3amytB7mY",23,446607,41998,1116,1834,2
"8dFhgkUYLDo",24,446570,3203,293,346,1
"Kpp5UAtcNGw",17,446363,3624,362,1932,1
"i1TkiN309_4",28,446246,8920,310,1087,1
"w3m5ofMGi0k",1,446241,13218,359,2460,1
"yQ0FrPTdUNc",25,446206,5460,504,2272,2
"TRV0zLGRGnw",17,446197,1399,91,515,1
"pWc6rPPKzCU",10,446154,4125,212,308,2
"3JxpAVTfUOQ",28,446123,15169,758,6356,2
"3Cp6WYC8QaE",24,446011,18356,936,8142,1
"eTssxNugGik",28,445952,13329,709,5107,2
"IvAvHjYoLUU",27,445839,21569,865,2533,1
"wnBwOohtJJQ",24,445788,3898,129,1029,1
"ZTQi1Wxz-sU",24,445775,3778,293,950,1
"qrZaWueKzpw",24,445764,1907,670,247,2
"J5vrfjfQPp0",22,445722,3744,315,1034,1
"uSWalEwKuLo",24,445658,11839,230,3322,1
"_ezKNBwQVF0",24,445579,15057,3062,1587,2
"HTkZLXK8yGw",24,445553,2842,412,456,1
"z3i5B53LAo8",24,445474,8131,175,2213,2
"r0IWfxM8w8s",1,445285,4494,339,1825,1
"-fFVW3DfTdU",19,445253,15467,2263,3172,2
"kgp8yY0txjQ",24,445099,2994,293,672,1
"eEFtoW33bCA",22,444916,13190,1587,4595,1
"1CYch47uOZU",26,444836,31323,987,2064,1
"qM7Eob4YFDQ",24,444738,5517,57,697,1
"7vHFUFlKZBg",24,444446,5045,874,295,1
"Z48OG9917mg",23,444397,18086,839,848,2
"3ZfBZ8feNDk",22,444379,20249,163,2120,2
"VKdRN6WXCG8",22,444339,3786,318,385,2
"7uJLXIdvs40",26,444332,11114,305,911,1
"PPpIoYTqHVQ",25,444297,2158,212,2787,1
"rjlxc-vxNBA",24,444189,31608,467,3197,3
"Zj76S8GKF54",22,444072,2858,284,988,1
"aZRrNCA0oMk",17,443862,1788,90,1422,2
"tC8qBodchlI",24,443819,10111,102,369,1
"tWTRrBXebMs",24,443809,2173,543,201,2
"gJNF1R4EDnw",26,443772,9168,660,2316,1
"xBVbkPxSV1c",22,443751,5302,10271,6416,2
"ZAhgnDLe304",24,443668,11152,291,3337,2
"RkxRn8wiYxo",24,443633,7072,105,727,2
"1WREZPc-kqQ",1,443633,13762,255,1373,1
"2AQw7OrDAMw",24,443294,14892,172,1483,2
"JObYtU7Y7ag",26,443259,30924,236,1454,1
"AjfRVOPBSf0",23,443258,5272,216,406,2
"NgCK1vHblTs",24,443230,4754,476,2035,1
"ES3RA5dflG0",24,443136,4065,946,517,1
"6kxx0OCQR38",24,442961,1694,1704,2504,1
"vjOjQKYkbjY",10,442787,46250,588,4498,1
"BCqM-6c3VNA",24,442711,2388,310,492,2
"WCUD1viIrmc",24,442686,1976,334,169,1
"EnOflTs0yOo",24,442654,1946,538,224,1
"hD_v5baOarw",1,442592,14854,67,368,2
"gP6uGOLeG0M",24,442510,1295,329,630,2
"URR2Qi5vUC4",22,442403,12365,449,574,2
"tAde2rp2m3w",24,442327,0,0,748,1
"ZBJqnZy4qks",24,442171,12187,190,220,3
"cI8yyjCHy3g",24,442091,3518,496,1987,1
"kRo_9g0g9-k",22,441989,4795,461,2857,1
"iDbdXTMnOmE",27,441896,18228,385,528,2
"iGCdvqVbIa0",24,441843,3108,104,390,1
"EL9_HrKLhhk",25,441838,33618,2567,4838,1
"hHT6BJ_CGU4",24,441753,4539,267,1787,1
"Cjzvvgmg1NU",25,441666,18614,2039,5126,2
"F4JRPtedfdc",24,441660,3262,325,679,1
"vUe5ouo95W8",24,441532,922,125,588,3
"1IGgFXXokvo",25,441479,4126,301,1293,1
"MzrbqsBNh8Q",24,441424,10386,429,519,2
"Br62v-D6bpg",17,441402,9638,190,1810,1
"0xg7vpm7AbE",26,441305,36395,1024,2424,1
"5bhefS70tgs",22,441248,5051,252,668,2
"qsek42xbk4E",24,441166,4032,233,196,1
"ymjSBvnwLFw",24,441113,6185,559,3116,1
"bZNuh0xxKis",25,441101,2386,449,1867,5
"q2KkFHdt8Og",24,441069,2832,313,632,1
"CzyTY1_bJZg",15,441036,21358,437,5755,3
"z9rzlLXjzPs",24,441022,7657,464,840,1
"VWxnvPRa1aY",22,440964,4719,186,1765,1
"qd_kfvaakgw",24,440829,5814,448,1444,3
"5EPJqX1vmFk",24,440824,12104,158,1676,2
"-RWyvRyQtGo",24,440776,11122,416,1248,1
"X26e3rK5SSM",10,440727,5006,1153,3431,1
"gMLVdIYvtDQ",17,440670,1789,137,903,1
"RSTa8qhyNvw",23,440600,13895,192,3180,1
"AQ3dPvVPXyc",24,440538,2155,262,212,1
"JyY6RhvnVhQ",24,440532,2762,933,2925,3
"KClDZVFL8x0",20,440099,31426,343,6148,2
"_6eGhCetjBQ",25,440086,3415,469,3312,3
"6_RnuO6yMjY",24,439956,2177,393,224,1
"6TyKFQNdwCY",26,439890,11609,1182,2327,2
"8UxtrDJ_a4g",10,439810,1091,169,31,1
"JIC6_DW0n6M",23,439782,19674,292,2133,2
"3bygpPwiGuA",24,439729,2519,784,132,1
"a5SggvDbbc4",22,439681,6546,338,1249,1
"2Tmrz_xU3ZM",24,439627,7493,124,549,3
"XaB0Vfoq7Lw",10,439513,1667,357,94,3
"SElT590QmTY",17,439507,2557,133,1294,1
"u03IsNADOeA",24,439481,2411,275,736,2
"lsyXtbi9znw",24,439440,8507,1069,1013,1
"Uj6iT_zQTk8",24,439356,6850,50,392,3
"2mxMntQ12u8",23,439155,18470,515,907,1
"jL--Oygc7Nk",24,438961,2722,106,364,2
"xEZTDtbAbDI",22,438960,220,438,201,2
"bEnBsWoSrec",17,438905,2725,256,1279,2
"1LDBtivJnds",24,438896,6433,580,1581,1
"d8M45jmmDfw",24,438868,4339,1433,456,1
"s3sTcXqGZ7Q",24,438756,5289,741,1790,2
"9uF4XjvS_Z0",24,438632,5273,207,318,1
"4yoi9-BfHgw",23,438583,21855,129,1316,2
"c9qnsE0vJdk",22,438566,21236,101,509,2
"a5bWbyw2bdw",23,438546,24056,272,2392,2
"wzxzyaONU3w",24,438514,22460,237,1802,1
"SGMUlX2kfKY",24,438492,20384,1500,2674,1
"diDuEAKA0wA",19,438388,12625,335,2541,2
"piLho0dzAJ8",24,438348,1251,284,607,1
"O3wWUFDxAy0",24,438251,7135,155,1066,2
"zq-2Yk5OgKc",25,438242,9359,511,3160,3
"OnFI99EEQns",17,438015,3878,377,1835,1
"mQbsY2KTFHk",43,437979,8787,287,1616,1
"IfYRzxeMdGs",25,437979,17508,6068,5397,1
"bT1BSfP-NTc",28,437850,14990,376,1585,1
"bIvFhSL50J0",27,437813,18989,267,2094,1
"jA5VQ9rL0eE",25,437804,2183,246,1579,3
"Lh6isHCMEi0",20,437791,6459,546,1242,2
"jDcj-WHxaTo",24,437785,8135,992,2863,3
"3rK4GKlJm60",24,437750,5484,395,457,1
"J9Hwwcb5BFg",24,437688,16498,90,1074,4
"oETZk9pm6kM",24,437650,3250,515,846,1
"XjpsZ1LuGn0",25,437527,4973,395,3755,2
"QiwtLBQrjG0",24,437516,7737,565,1216,2
"jA3L04ydnlE",24,437509,17363,109,2012,2
"WGfj8p37PWA",17,437471,6173,146,2881,1
"4R7d9cI_-Bg",24,437445,2248,301,422,2
"q1hIh53L_lc",24,437423,14418,314,2294,1
"apN4BMMKt2E",23,437365,16539,447,810,2
"sSnGmAqQaFs",28,437239,15478,614,2036,1
"pYy1olOwcJo",1,437162,3523,105,343,1
"v6ieO1vn4c8",24,436937,1286,157,1382,3
"vw5k7nPkUYQ",22,436893,3471,431,396,1
"9jfEMW-cHvM",24,436885,1565,732,475,1
"vGBrCXIMkQA",24,436854,2692,99,65,3
"7DbslbKsQSk",28,436806,14032,193,1780,1
"QqMUz2gj7H8",17,436795,4758,479,2106,2
"zDbq7y20wpw",25,436770,15229,161,683,1
"bZEO0D6HfLQ",28,436768,21053,626,10613,1
"IBKqTJUcmgU",26,436739,25774,388,2473,3
"7HdwWahzdwo",23,436725,12839,842,2448,1
"Y62ExbHI4Yk",27,436664,9815,922,1983,2
"5qjU_wPyv4E",23,436642,16469,333,1118,2
"fiEozcIg2eE",17,436572,2187,112,716,1
"lVsogHpzi9g",24,436560,14900,281,1341,2
"eq0rWqy7lyY",26,436525,9264,904,899,2
"2cbMw3vUvr8",24,436444,2050,286,523,1
"5nHCpyHzaU4",26,436401,21337,214,2968,3
"iB_XgqdeU1o",22,436399,6208,534,3232,1
"3w6UuOARJxs",19,436228,11670,359,1279,3
"A62cPd_T2eU",24,436199,12259,161,973,2
"QcKUNTb-kzw",28,436195,23450,776,1500,1
"JckuMy_aYso",24,436041,16998,3191,16819,1
"13_mawXVXnY",10,436039,30655,361,3835,2
"AKSngqLflHA",24,435990,15644,1166,3416,1
"p2ZNmYnx7ds",17,435989,4419,178,1776,1
"F0M8X4anS0c",22,435949,35518,769,2861,1
"hB07EJhMBRs",28,435765,23131,860,4578,2
"1oTXYPVpu-w",24,435701,8528,148,2789,3
"y4nn8o7oBzk",24,435626,57904,173,2898,2
"6H2bUCOZFPE",24,435576,2862,472,963,1
"Os9ce4XFS1M",10,435571,11039,245,467,2
"yBeXeGuluM8",24,435432,16583,323,3266,1
"bMQJPsZsL00",24,435399,7232,698,1410,1
"y97FK4GrsZg",24,435390,852,120,2314,3
"6Wi2d8ziX9M",10,435314,3057,2233,2449,2
"uhC_Yp7umLE",24,435235,551,24,243,2
"kw4tTamGpIg",26,435197,10217,715,1028,1
"qVt831N3q4o",22,435188,14387,703,1431,1
"t-DaOJ35wW4",22,435134,1975,279,513,2
"P8fYFH77cVE",10,435065,841,242,27,1
"B1KHv3-dHDM",25,435040,1322,75,285,3
"U6G2vCs9Ync",28,435032,9944,595,3291,2
"a4EAyer0Hls",24,435002,22456,1091,4321,1
"HYE-pdT8gfg",24,434989,5304,550,2210,1
"EOQUhFb--yI",24,434803,3603,686,863,3
"szxFDt-u5p0",24,434759,6946,171,564,1
"d5TsR86ieJA",1,434754,15044,154,2733,1
"d7lm7_W2a5U",24,434751,2481,308,436,2
"g_SIPWSJIiU",1,434739,9787,174,1772,2
"yoVVQr5_RyQ",24,434730,9537,218,793,1
"c2PWJ-XHXd8",17,434706,3951,339,882,2
"bblHkI3YfjE",24,434557,5641,84,280,1
"o_T3nwEKm4s",24,434534,2946,328,866,1
"LoBbZ8ZkNPs",24,434451,34296,479,8351,1
"mGdyteUrDmc",24,434436,2884,103,1338,1
"5o30BmD4aoQ",24,434337,7151,605,805,1
"zpcCgZ3z_CA",25,434295,3797,337,2353,2
"CBXpNP7fZtk",24,434247,8421,73,301,1
"GItpj4vu0Pg",24,434176,9202,542,1192,1
"DC_OPpSUnxw",22,434162,3103,812,1970,1
"H2C4UHGwvAw",24,434029,3940,1249,2610,1
"_7z85ipjSwA",10,433998,22799,911,1959,1
"SE2A_F3jyXY",19,433953,3654,523,573,1
"5b1qspICid0",24,433825,7582,133,1245,2
"8haPaV0YBPI",22,433806,22064,274,1237,1
"rdJdJpwmcKU",24,433714,18522,480,2814,2
"OlXTN1Vv2Xo",22,433642,36623,775,7250,1
"GnBcwmrvUIg",20,433557,25028,139,995,1
"YvlYjLPgrCE",19,433481,13966,434,2417,3
"uqMv2t5xVpw",17,433378,826,757,15,1
"ZT_L7PZoZEw",23,433318,41334,3718,1802,1
"zgEo2dhgAOo",10,433270,23574,359,2088,2
"_lhibYD39Gs",22,433195,26504,314,1862,1
"-sJeY9EsCHY",20,433153,28930,133,12159,3
"TNO7pKZ8JVU",24,433140,3025,298,477,1
"N_uJQ53zcFk",24,433120,9417,177,2277,2
"oFnEsXyPyNg",24,433105,9050,622,1038,1
"TG6sCKueGA0",17,433044,4719,243,6844,1
"nrPzYhna8RU",23,432997,18017,667,1155,1
"o2572Ar0VNU",26,432967,17285,144,1327,2
"ywruD49dUzE",24,432936,14225,259,2162,1
"GTf372XPkzk",24,432796,41162,220,4320,3
"yGDS9XYdKnc",20,432782,10845,319,3179,2
"Cbi6EYxUVJs",17,432748,2020,224,655,1
"FB64ez0kf1c",25,432731,1962,2090,1767,3
"Yo84eqYwP98",24,432721,14053,576,1161,1
"91Q0kddGWLc",26,432650,1445,3796,1000,3
"4GgTo7grpxY",19,432622,14446,178,1267,3
"mFtItoFfUd8",22,432608,19757,567,1121,1
"MbSlZKzizxQ",24,432537,19751,348,2209,3
"3iWIQ7_PXRQ",24,432493,3248,341,1243,1
"UIAjHPZu2as",17,432421,10839,785,1919,1
"65728pCGPkg",24,432291,3226,272,857,1
"A1q_lYMG4fo",22,432283,1652,399,60,1
"ylzIzTXERCk",24,432209,1006,162,105,1
"JRAOdRq-1lw",23,432076,32801,627,2459,1
"AmXb2s1_UWo",27,431966,9039,438,1276,1
"ak8yWLi3--Q",17,431944,2327,404,795,1
"yL6r2qW_jPQ",24,431933,2298,256,539,2
"wpAmlGiQbiE",24,431929,2545,264,1016,1
"bUjlYfYDoeA",24,431929,2545,264,1016,1
"wbxqYKrYkqo",23,431790,11630,230,1499,2
"LGp7LlaqHEc",23,431742,13396,887,5331,1
"-AGFce687ng",25,431698,1725,175,624,1
"2SvnpnNeQ3Q",24,431683,44342,741,9801,1
"b9-dXo3U5ng",1,431655,50247,1204,20213,1
"pIEZu8KB328",24,431601,3030,288,757,1
"yNob_plIG5k",24,431581,12763,152,2263,1
"Tznw53Dwk8c",24,431573,3129,334,499,1
"H-4nBYluSOI",24,431558,3540,419,1334,1
"nLhjbuHonSE",43,431551,2454,597,287,1
"TD1QbG5Xdp0",17,431330,5703,285,2585,1
"jJJ7YTt_C4M",1,431292,28567,324,3918,2
"c12zRnFUTdo",19,431219,17343,243,3667,3
"gj-P2KjQBkA",24,431106,3050,117,209,2
"ChuAQZWhJyQ",25,431073,3065,333,1779,3
"9PgBlaN9EZc",26,430953,17648,173,3412,3
"_w86ih1uGRY",27,430935,10845,378,1746,2
"7aV6vdyzdNw",22,430781,4096,476,691,1
"XGN57Z3NTbQ",19,430768,9443,462,1406,1
"zLlWRB_ou5I",22,430622,4651,220,593,1
"Yj_Bc9hdHa0",22,430606,4624,1187,4315,2
"3SqtO2VXsPI",24,430591,6045,240,434,1
"n7ilpPbX1I4",24,430576,40406,915,9594,1
"nX5k7QxYJdQ",24,430548,4167,219,442,1
"rfUTVQjUZls",24,430544,18428,604,5800,2
"-DxQnfAssuY",24,430460,2762,108,1513,2
"d31e83TLvZU",24,430459,2256,633,580,1
"X5dVAKLh0D8",24,430408,6753,59,135,1
"1A3QGAHZ6cI",22,430406,39979,258,4058,4
"O6K0ZPRqzFU",24,430336,8808,296,853,3
"k6ot8q0NS_M",24,430209,13382,199,2955,1
"tx2B7FI7X3U",10,430200,1237,195,82,2
"rfZEWwubUbE",25,430169,982,216,277,3
"jQ9FKv7TA_c",24,430158,11265,391,858,3
"TlcNNZlj7-Q",24,430138,20291,343,12476,1
"RBHZiCo0DmM",22,430081,1760,383,247,1
"QmDDVL2ZiOc",1,430075,17575,228,321,1
"yNOAs3poxMw",24,430055,18754,2291,3371,1
"6gnCcJ-vqt4",24,430012,2634,238,419,2
"LUnia5ZiDnU",20,429990,14381,232,1078,2
"n3vAg7tjRPQ",24,429892,40668,249,2953,1
"Hj-CC-kPMeE",24,429841,2417,123,1741,2
"efbHtT6WTlo",28,429830,15277,592,2190,1
"_sCkByVtjAY",22,429789,21412,371,3168,3
"Df9UP6_7P3U",24,429785,3972,433,1864,1
"RCm5pxLxTnE",17,429766,4315,58,168,2
"BEstivZYYq0",24,429637,1805,371,461,2
"7b3My5ncXXM",17,429513,358,22,405,1
"azUbCdcAeFM",2,429506,21466,204,1415,1
"fKEaDhDTciQ",28,429394,15547,632,2349,1
"k5wc9V7ggVg",24,429334,8141,1501,1621,2
"W5s3xWvF19w",1,429299,16640,96,417,1
"Nd3zqXro_P0",25,429174,10912,374,1111,2
"F4QqFhdFj2w",23,429161,21107,181,1188,2
"Q0ITVHiQYEw",24,429107,6070,97,560,3
"STEUAcTmXTg",10,429082,106915,226,8704,1
"eHsJSARt9Ds",25,428990,1843,903,2374,1
"BFL7u_EZU3w",24,428974,1986,78,188,1
"_YFKYfQBFFc",23,428834,12927,204,2653,2
"w4vcvHyPkUA",27,428683,0,0,51,1
"r7pqc26TWAg",28,428651,20574,397,2114,1
"8I9ueBdVtUk",23,428638,8000,293,913,1
"3_eHt0Yvnuo",28,428627,13479,445,1464,2
"bMIDH-bKAv4",24,428452,2838,530,253,1
"hnw238zDKXo",24,428319,3432,85,390,1
"jiYuYDANvGo",22,428269,20975,330,1717,1
"YncU8W6Qu30",25,428248,3217,1070,1898,3
"95E15SNF06E",24,428090,3709,433,2952,1
"UYts8FugR1M",24,428026,8587,53,258,2
"QJCh3s8I2-c",24,427956,7562,539,3262,2
"ACmroZiNrmA",23,427909,23588,314,1322,3
"p-W9SnUM7u8",17,427884,2884,171,1166,1
"JwIpdVvzSTw",22,427864,12842,436,2039,1
"7jFkSHLzUb0",24,427778,4157,601,178,1
"2J6bJnwr1rw",24,427769,20827,350,1379,1
"-EpNtcI_kf0",22,427713,6531,704,725,4
"MEi7nARS66M",23,427696,39195,359,1414,1
"GwjqBXEb4q8",24,427607,13468,1511,1904,1
"KRwgewSXrz8",23,427464,9374,140,1069,1
"QNNcl2mEHzQ",24,427430,8715,448,1107,1
"7SDzpi6VRwk",23,427348,45188,949,1560,2
"4YJxEchdpTQ",1,427270,21584,246,3788,2
"t2u4F_oxyJo",24,427135,39283,233,4736,2
"8ICNmfSvzqk",24,427021,8845,367,2764,1
"HCRefZ1_yNY",22,427013,8109,7114,8020,1
"XBpqQyLLDiM",24,426943,17835,377,1615,2
"hy8SbqEc3gc",15,426937,21053,568,7461,3
"7NRl9Dm7Q_0",20,426880,32333,1000,9515,1
"4V7JsLoW9qQ",24,426835,1783,218,479,3
"znKxu09P_H8",24,426783,16242,163,1704,2
"LWQQ1zbrPzQ",26,426707,33050,382,3346,1
"scxOiTXZkrs",24,426665,3302,289,941,1
"RCJfwEL6hkE",23,426653,4176,183,489,1
"G6m2BeVBwhs",25,426652,7111,361,2145,1
"jua2rmJg7hI",24,426620,3838,638,2390,3
"S84rdyr9MLI",17,426545,13149,440,2527,1
"rtOS4_aWqmM",20,426504,21693,302,5168,1
"4n9NerZf-NA",24,426450,3294,415,1039,1
"bDCZiXmV8xs",24,426378,8856,135,1590,2
"65XTRkeCOTg",28,426354,16746,776,3970,2
"r3a9ElvY05w",20,426348,14978,387,3101,2
"ofRoCRKVMrw",23,426346,5458,332,670,1
"SOeGkrOx0iA",23,426346,5458,332,670,1
"_aNk5WkMQNU",17,426147,3486,533,2625,1
"03Qn2OYSDSI",23,426141,47505,3281,16645,1
"ogNw1EMecJY",22,426132,19264,128,1586,1
"zEvEHtHKKmA",24,426046,5268,364,2530,1
"n2T3JZx-00w",20,425979,27204,653,1684,1
"sZKtHvbAk98",28,425977,20110,824,2157,1
"Ts8vqS_KEhM",1,425748,6820,122,495,2
"j1f04Jg7IaA",26,425727,20646,334,1754,2
"npAUA6w_sug",26,425676,4746,345,457,1
"D4JrLoUhHPA",24,425618,15411,355,3555,2
"YJqLgKFpmlo",24,425597,2370,260,637,2
"JInErQDAuV8",22,425585,16533,134,1106,1
"Hpev0_L7i0A",23,425518,14390,575,1166,2
"kxkrdLI6e6M",24,425463,30123,197,1075,3
"DVdnTi78SyY",15,425449,15899,209,2588,2
"qgTtyfgzGc0",24,425370,5578,263,1296,2
"Cw_l794Z4Gk",23,425252,24521,295,1358,2
"FoGDAnuceLo",24,425218,9605,705,2486,1
"VJFqE0cpoBo",17,425062,3609,195,1051,1
"0LO4zHFHA6o",20,425049,13443,153,2871,2
"ZmD9RkCJgDI",22,425010,18555,918,2720,2
"ZIbI0ekrrZU",17,425009,1674,1302,981,3
"S6xK9H6yKxI",27,424934,10127,256,1488,2
"nn8YGPZdCvA",27,424924,16200,272,1406,2
"2eoEctPNGNw",17,424884,2051,125,261,2
"l8Pie_Mdj6U",24,424796,13217,241,880,2
"g3H6M02-uRQ",24,424725,2479,684,244,1
"V7iUoq9PZf8",22,424538,4706,1063,1598,1
"t3HFob5pC3g",10,424525,34417,411,1767,1
"AnBb2ztBaOY",24,424517,18639,91,537,1
"jdXjerxt6vQ",17,424490,3411,78,1904,2
"oooVC3zfDc8",25,424444,12369,701,1262,1
"uaX9IuPrg_M",24,424444,3652,354,716,1
"j-Nmn0ebfu4",17,424434,5583,393,3990,1
"jxl1gl3o0c0",17,424406,3725,242,2147,1
"YvjhDjUbFyU",24,424224,12909,329,1493,2
"43VxQEuKqww",1,424220,26582,390,3312,3
"v1d7UvKWh6M",25,424133,18978,1652,2500,2
"2ZEA_7ynv04",24,424084,7705,129,1184,4
"xueOzbrkGs0",24,424062,28250,313,1601,2
"AnqN-uN3_wc",22,424034,12047,712,1050,1
"vlqV-jERzGU",24,424002,17349,1688,1382,2
"Jr_sMMna8ck",23,423922,51336,641,4467,1
"ts5hXzNlwA0",24,423870,2955,271,790,1
"jDHI8oQ_Zu4",10,423851,6752,171,296,3
"hagrbaoFciA",17,423823,33210,172,3690,1
"p2P5jrcNwY4",17,423760,4141,257,959,1
"j0UMoEnwlIY",22,423699,7898,124,251,2
"3rApMBPh15M",23,423672,42993,736,4325,1
"yJqfNroFp8U",23,423649,29832,2071,3265,3
"AL-JF7977eM",17,423571,2810,83,1049,2
"hubcUCV5J-I",24,423489,10474,654,5797,3
"iGJP9YjkNEc",23,423488,9239,107,876,1
"Ct9BFr9XBaI",10,423463,14968,501,1083,2
"3kThwslXKxw",24,423415,4068,319,405,1
"0jMkOCnPhjE",24,423356,3037,407,819,1
"IEc_kJlrh7k",22,423355,1578,284,748,3
"eQU-R5dqP-Q",22,423296,18141,96,1021,1
"Wdt6khSYczY",24,423242,14069,508,1119,1
"eIDwSjfjUfw",25,423176,2685,211,1331,2
"-HqSscUJRTk",25,423074,1307,364,239,3
"L-lJ4XJOCP4",10,423010,71133,631,6286,1
"RXhf23650F8",25,422970,1196,2103,0,6
"wjzcca3yaQY",25,422966,2140,504,1072,4
"0W3NFa83hXc",24,422913,2545,260,525,1
"LHQ9iU3wstE",28,422905,16379,930,7214,2
"rZeRjE6PhYg",24,422887,2913,231,1029,1
"YR5qurEje5Y",26,422876,24271,273,3032,1
"H-kKZujl8CI",25,422732,851,328,253,2
"bYHfxbzhZy4",24,422499,9559,313,479,2
"FcQWmn-kF4k",24,422489,37884,86,2358,1
"QatPF3Pqhp4",26,422456,21342,228,1660,1
"INuUE7dQ5os",10,422324,6014,2146,0,1
"0HHCQnyxCj8",26,422316,21343,213,6849,2
"xPolwJyjb4k",24,422252,3465,66,258,1
"m5JWmB_Q-Yk",10,422159,2749,557,0,2
"-kETYvHON_I",27,422152,15192,794,1406,2
"EcPTcQpkso4",22,422151,807,51,298,2
"2KuqjW0WtZg",24,422045,12599,835,2767,3
"-sqBQ2cE_uI",10,422041,7527,626,1065,2
"9ig0e_9EJLw",17,422019,2719,159,1170,1
"jK4vScpqP-k",22,421965,33030,1452,2239,2
"OueYc1E3WZg",2,421956,13616,231,1064,2
"7dbRDavsp6I",24,421914,20353,218,1037,1
"rjh6CbETwn8",24,421877,16609,353,3154,1
"TdWE3McBWwk",17,421785,20896,314,796,1
"3ta8sjjnzk0",24,421701,10080,789,1217,3
"KLQQAYneljQ",10,421569,6428,335,393,3
"JGe6p0ImKp8",24,421565,6749,193,530,1
"_KkGRT_4its",24,421513,18312,643,6006,2
"szXGEd02zAQ",24,421419,3185,101,158,1
"EOeOZPiF8qY",2,421349,26174,431,3504,1
"B-J_QhzLfHw",24,420921,4028,319,4821,3
"WS-kCiCVEp0",1,420839,8607,1055,761,4
"T5O0CH50Cn8",17,420764,530,117,86,2
"xDiLpRSgfIw",22,420755,1090,169,39,2
"YqiPaR4mjoE",24,420705,13513,344,1024,1
"an6dsm86Kn4",19,420650,12910,492,3890,3
"WhnHKIT9124",24,420629,1751,384,158,2
"YbFCADgXXK8",24,420492,1807,327,231,2
"etZeZ_f8juc",28,420433,22932,494,3082,3
"5XDuvbyIfWs",2,420365,11881,801,1523,1
"-zRbcuE44WM",15,420330,18429,428,11559,2
"Ew-wfNxeZmw",26,420321,10083,346,1398,2
"PJLy0Ows4KI",22,420304,17418,272,700,1
"PmEph3evIHM",22,420287,1398,150,951,3
"LMdlSqX3HPM",24,420244,4047,66,210,2
"z77i82Vw9as",22,420240,3603,746,3102,1
"-3c-V5K2p88",24,420149,2330,1497,1370,3
"PG2w6N6GCsU",23,419936,49648,2247,10394,2
"_0oZhDPLmWM",24,419933,2659,301,604,1
"QkcGwy8Ldxk",22,419916,1799,126,95,1
"LT_CUCBwTDI",22,419913,10216,394,4396,1
"NZ74oFctP_g",25,419886,15461,182,1917,2
"qO9lOHN6fjs",1,419880,13097,70,476,1
"C9c9gqKl_xo",24,419821,14281,386,1552,1
"GwpdF-zXVDI",25,419719,2212,203,988,3
"gKOazHygSMw",24,419659,18313,78,427,1
"BeXaNUTQYq8",22,419640,2904,260,995,1
"KpLAdd4ehvM",24,419615,4958,147,969,1
"BaGD9WDoZGw",24,419507,1210,181,684,3
"N1w-hDiJ4dM",10,419367,32416,221,1703,3
"yf7m8wHX9hc",1,419335,2313,259,463,2
"o1GAZsowjUo",17,419233,19798,1730,6728,1
"53MMklb-sUQ",24,419119,3159,412,1113,1
"zy-FmW2Ywgk",17,419073,3737,174,1281,1
"Vn-3fAc7qaE",23,418960,5873,475,1510,4
"aiH6qpyzeOw",22,418859,25747,259,1156,1
"w3WFJcC4XU0",27,418833,27168,613,4970,2
"CH3aAnw7XeU",24,418801,13709,395,1753,1
"mkz1zoo15zI",17,418755,3252,137,1433,1
"i-j7xctfVUQ",20,418725,39999,156,7720,1
"0-gR2YbCr1g",24,418707,2274,314,591,1
"urk_kp76RoI",1,418689,40628,1038,4520,2
"N7Pq94hM5vo",15,418631,10589,114,838,1
"RJSCv0QOOX0",24,418616,1927,189,506,2
"tr7I4vokl78",23,418595,4023,346,665,1
"C0ap0ytimSU",17,418594,8052,62,499,1
"Ct45N6uRjhY",10,418548,1237,178,43,1
"efWFb8arD_4",24,418523,12074,247,5153,2
"dlW5zRZTczc",24,418503,1850,661,259,1
"8JBfRSeYofM",24,418317,617,504,1450,5
"-Pl-TSs97J4",17,418316,10336,270,1562,1
"MgLO_ojVcJ8",22,418276,11990,847,4544,1
"0ZwcukuKfmQ",25,418247,2679,857,2087,2
"wuf2KinLxZ8",24,418230,29932,186,2275,2
"rdL5Diq49CM",24,418165,6414,130,890,2
"jpd0Pt0t6qA",23,418152,12899,373,6514,1
"ctM8zpe3BHo",24,418120,6231,173,663,1
"0luRFZ0miW4",24,418042,3242,77,131,1
"qn8zR9TV5S4",26,417888,14523,894,2973,2
"wn57ZVIp1L0",20,417825,8872,677,1009,1
"agRtHLGIOFY",20,417632,41315,309,15005,1
"DBU2Ufb7k_w",24,417617,1695,236,321,3
"Fy2KbHDEqAE",27,417562,8175,759,4066,1
"7SnCRRCUfh0",22,417474,1342,309,120,3
"HiTqIyx6tBU",23,417404,33809,222,1452,1
"RGHCfe5HYvU",24,417297,4972,447,1350,2
"Z1ZUWfsIsRI",22,417276,10292,395,1428,2
"umIPCvkpaU4",17,417273,24382,262,2555,1
"UQlmNzw-yYo",26,417232,5221,297,2693,2
"JZbIZHcEm08",17,417065,2514,442,711,1
"JWIbc44H_WY",22,416838,12495,336,494,4
"i9ubQ5GPCFY",26,416813,11938,1071,1237,2
"5fnQUoD0Opg",17,416725,1209,68,522,1
"2RsVpR_X5hE",22,416724,46141,640,7501,2
"F56g6rfwDiM",23,416670,11163,285,1738,1
"5rztyNGhnqA",23,416570,42573,482,2167,1
"olrC2TIZ_r4",24,416561,3165,323,1072,1
"Ajv62p_uhlo",17,416524,3617,117,1054,1
"Gog3HEXrQzE",27,416461,12888,617,2332,1
"DJk5_ys2a10",1,416430,5084,196,3034,2
"GfUme1S5e0U",24,416381,1833,373,254,2
"psNlx7ehdHU",23,416373,17449,307,2579,2
"XtrKCe5JeeM",22,416285,1581,457,191,5
"5EBDXsTkg1E",43,416189,2107,714,219,1
"6HTggNxOGWw",25,416181,3024,1719,0,3
"AKfU_lzEnWw",22,416057,993,3774,287,2
"FYPRiI_GiaM",10,416033,23786,11243,4184,1
"PVr1BbsOwmQ",22,415959,12855,519,812,2
"zcPf200QE0I",24,415876,10657,273,1006,1
"EF5MsDig2bI",22,415846,17650,136,1552,1
"7nxG-9aRtgI",27,415841,10961,594,2107,1
"jPlK0pjP86U",24,415687,2057,183,372,3
"3U4nlSualNc",24,415685,1491,328,155,2
"9iLJTyguaSo",24,415685,3575,301,1097,1
"XvondF0gfro",24,415630,25935,932,6150,1
"GsLfFW76LRY",24,415611,2763,218,819,1
"PepMjZ6IYdE",22,415558,2719,149,193,2
"G90kJlY8AHw",24,415514,3084,278,712,1
"pC8bsjPzJEg",24,415440,5619,349,1835,1
"fppmc_xzE7Y",24,415387,1010,90,655,1
"PcCU5NVeREU",17,415355,1772,139,114,1
"xe7MnIpKWEg",17,415300,9416,3645,2005,2
"gLT-FOIIN0I",24,415284,11033,244,3106,1
"ZTEZOQ-vVO4",23,415271,13951,321,732,2
"FIF7C2ktqo8",17,415201,4376,259,2490,1
"k4-RIUJRMuI",23,415115,22843,155,1264,2
"TqhhbCTA1ms",22,415105,7661,185,882,1
"Lh9kC9SyVkY",19,415086,10095,306,2263,3
"SaBefg-mRL4",19,415075,14996,327,1412,2
"D6i2If7PUTc",24,415058,3307,72,369,1
"KjSSU1trCug",24,415005,3028,336,819,2
"5ZhbvotyVWs",10,415002,9217,254,408,2
"Def-3JldSi0",24,414938,1828,398,232,2
"r2PxV44-mJ0",23,414912,12349,212,2747,2
"5QehbX-Tq2Y",24,414851,7677,218,1951,2
"ofdSsBKW6NU",24,414801,6578,494,757,1
"bkSEd5CGSoM",24,414753,3982,69,207,2
"K40Jlln3tO4",24,414705,13746,487,3287,1
"xfFVuXN0FSI",23,414686,8429,204,305,1
"Id32W5Kkimo",24,414645,6442,259,1498,1
"OtHrg9FHZiI",24,414529,4821,261,1190,1
"h8hMvvP_Bdo",22,414428,13217,176,525,1
"YRjex8vMhfo",24,414410,2911,132,1696,2
"NbK2HLCLn7E",24,414325,5362,262,2138,1
"44atHL-bTEI",17,414256,2833,175,1133,1
"rwFfo61fVSY",22,414184,5349,245,623,3
"HWDELTsAZOg",43,414137,2468,790,277,1
"luh7RLYn1Bw",20,413937,14289,223,2401,1
"d7OEV2G17m0",24,413914,12289,196,2606,2
"F-vDHgcRBkI",24,413908,736,158,904,4
"mOWKX-KU7zs",17,413895,2613,603,768,1
"voszpcDJccM",24,413740,2922,354,329,1
"w1s5ElKmQm4",24,413638,16973,470,4847,3
"KoUcqxjJMzk",24,413632,7200,106,739,1
"e5N_Tq1EtRQ",24,413615,6413,104,586,2
"W9zPJCM_yg4",10,413566,1760,1059,372,3
"lQJOU8uLAdc",24,413523,1894,212,572,3
"Ni5_WeEkwEI",24,413438,2908,273,783,1
"yrPvX1qP7BM",23,413425,15525,566,1214,1
"U7vMSwgS4Ko",24,413374,2762,334,258,2
"9xRMoBrD8Lc",24,413365,3864,599,1863,2
"MJi9s9xhqSg",17,413357,1544,83,342,1
"gNxhHEtAoAg",17,413259,3382,568,2296,2
"dZZMNEMQNUQ",43,413234,2380,696,233,1
"_bUKua6T1_Y",1,413220,55490,217,15268,2
"84FACqcJxI8",22,413022,1908,373,598,2
"r_zZCrwGkrE",22,412969,1436,148,644,1
"8hy1ZV6xKJg",23,412929,14362,849,945,2
"NBuH9R_pN1Q",24,412839,6006,408,757,2
"c8-J2c4U4-0",24,412791,18583,249,1387,2
"XLHNWBQwxlY",24,412693,17111,350,1066,2
"jcYj7-FN004",26,412609,28904,243,3555,3
"andoSTM_ihU",28,412564,15239,710,5182,1
"cNLX_263WOE",25,412454,2158,200,2561,2
"1u5WHgvhqhc",23,412432,11189,251,1366,1
"nCaRuuIZ9nY",28,412426,14325,472,1816,1
"VXQ1FD77egw",24,412342,14023,727,2358,2
"rQQjjYyZpa4",27,412329,9161,480,3221,1
"t8hiBqbueL8",24,412322,4765,164,589,2
"H-g3Jurb60Y",24,411888,2297,420,320,1
"0Zo-NYh8F3k",19,411823,12332,271,2850,3
"cAjkvg6Xc5A",17,411655,2659,144,54,1
"MaKUmY3E6fk",24,411639,12812,200,1825,1
"rp3ZQpIAvoc",24,411594,3310,352,1444,1
"hdTsra-uLBI",28,411567,19104,217,2192,1
"7Xen_Bnugv4",23,411372,33245,478,609,1
"QRd2oYUMs5M",23,411321,40991,331,4581,2
"hpxHFQPeeRs",22,411228,1180,34,224,1
"muq6HNVOY20",10,411199,13819,79,395,1
"0OxkQ09dd8M",23,411085,10375,353,4532,1
"MJg77yvjtW4",24,411018,1927,475,258,1
"E0hghyfJJxY",24,410984,1071,153,1227,1
"Ew-3-8itpjc",26,410855,16263,172,813,3
"7lKSyXWIkS4",24,410647,16996,437,4472,2
"YfT9sjc4bf4",24,410646,3909,423,1468,2
"iRinktgcrcw",24,410635,16906,271,2823,2
"3Ka7B3hCg08",26,410626,11360,324,874,1
"E_KpEFL1rJY",23,410514,6591,498,879,1
"z2G3R-nT6Vw",24,410484,2786,229,312,3
"gEhWFTyDt-k",24,410442,2386,133,351,1
"DAmM-GbqHwo",24,410434,7941,120,762,2
"WrIbtWTMfVs",24,410390,2395,277,602,2
"4tpIiSqyiLo",24,410300,11713,546,2823,1
"rqTpMCq8uhk",2,410280,11721,372,2957,1
"5xBR8O3EF-k",1,410276,35249,298,7439,2
"5IcIV-g2AV4",23,410230,44927,237,4200,1
"pUHrI8IzsHE",20,410142,13609,179,281,1
"pM8x0gTiSdA",19,410086,11001,409,2798,2
"nyrIKtFZx3s",24,409990,12966,187,2072,2
"i0L6IlttNKQ",24,409970,16672,369,2492,2
"mMZdC_-Y2t8",24,409880,2767,69,46,1
"Yt-hMdY9ZJg",27,409751,9904,562,3069,1
"6K5dRsHDL2g",23,409742,12151,583,2014,1
"KQxVb1lqplk",10,409667,779,165,39,2
"ObeRKGH_X1U",24,409653,2105,430,192,1
"rR8y3F-PL8k",1,409596,17112,124,1253,2
"2AdC21CNuBI",26,409547,21853,242,1442,1
"BAT477KNGfY",27,409452,45914,262,3897,1
"piDrgrTBo8s",1,409394,5101,99,380,2
"3j49riAqEr0",17,409374,2963,98,596,2
"WjyFdZSGOes",24,409351,1485,125,192,1
"4bzWwbjYi0c",28,409343,18587,485,1666,3
"ZOfL7930zec",24,409324,15590,2904,1430,2
"iVy17jx770U",2,409256,10218,454,3071,1
"Bmvl4pxrQa0",26,409181,38156,429,5060,2
"0jycdCHfESg",24,409132,3004,231,613,1
"34lI0CWqmwo",28,408925,30306,239,5318,1
"I7VKdj31cE0",24,408878,4815,57,218,5
"wZmJonaeWDg",24,408739,2309,285,270,1
"OTpl0HFxbZE",28,408686,20987,376,2016,2
"Z8G8PbdNreE",22,408665,9047,482,771,2
"t1PXLMxuiPs",10,408581,54326,268,9913,1
"tz_3ysvmOu4",22,408576,3788,693,2450,1
"_X840-0FWLA",24,408527,7782,170,843,1
"KSdmOeSm5ms",24,408487,17953,350,2253,1
"8ArfBofMxL8",24,408475,12532,392,4364,1
"FelD6sjhsL8",25,408471,1196,287,562,1
"5SCJ21Gqb3o",26,408452,34108,327,4750,2
"8ZsyaCuwBv0",22,408399,16563,279,7578,1
"p37gDQ7Zcss",24,408394,18181,114,1136,4
"AvzKmIC_FQQ",22,408386,885,497,505,1
"5nZR8wyocYk",17,408355,1887,95,518,1
"GD8zim_L35g",28,408266,29875,438,4164,2
"9t6EDSRc96g",17,408162,14207,72,923,1
"OrMGKrXafEo",24,408037,22004,154,1448,3
"E9XRNkJxEFk",24,407870,2108,308,553,2
"EZpSzV45vqM",24,407828,5747,965,718,1
"zFPEOG1Yxvw",25,407811,2414,240,1220,1
"ffHEHRA5h9g",25,407802,5122,968,4503,2
"oomRwyxog2o",24,407722,3243,420,778,1
"C-1Ng-GqA5w",22,407572,1957,229,645,2
"WkCYIqYpeCg",24,407553,6633,206,797,1
"YCEbeDXMu9s",22,407551,15834,362,1661,1
"9dmij6g-iZc",24,407548,9570,163,661,1
"dfbcD248n4Y",28,407546,18812,451,1574,1
"cM42cty4ugc",22,407487,13226,304,687,1
"RdzJIkAmmQY",17,407452,1381,91,363,1
"YX3JnzIGXQI",24,407395,1861,194,462,3
"iR_VQJtwfmE",19,407142,13202,316,1286,2
"ZOR6EwACgMs",24,407137,11849,98,424,2
"BU8TS4A4DI0",24,407054,20726,438,1226,1
"hREFaERAziI",28,407037,33682,1037,5357,2
"5WbBORdWwLA",24,406989,5054,129,338,1
"PF8Dfgl3Wx4",28,406983,16717,298,1724,1
"_vwA94hYG0U",26,406980,20065,203,1630,3
"m_6CztPaqVg",26,406967,9428,406,866,1
"9OeZYhjyweQ",23,406963,15785,521,577,1
"6u4S5hC1aWk",24,406851,23981,1291,2855,2
"4cGuIcGqTwo",24,406668,4604,288,1494,2
"DH0ln0xzjfg",10,406329,21946,732,1605,2
"k1vHgbTXUik",1,406179,14619,164,1862,2
"7i_sJC_zfpk",22,406129,7295,191,2717,2
"2C9tIrhUnXg",17,406117,13608,230,4398,1
"GrDKt7NwfPs",24,406105,2044,160,756,4
"G3c9jzUg824",10,405999,22571,648,3527,2
"DnSO5Uhobvo",10,405956,49935,354,3222,1
"QDkLaDDJhG8",23,405955,30369,926,4523,2
"GIX1oKxt4sg",24,405921,11507,894,2464,1
"3SHQh6uvrSg",23,405905,3439,325,159,1
"xotnmcmktLw",24,405877,23250,887,5267,4
"DJMyDoYkioY",17,405781,3802,688,2529,1
"P_37AVnrqG0",10,405780,2264,47,284,1
"tf-i9VkI5Ng",23,405720,11547,267,1541,1
"BiqQNupjaq0",17,405648,3706,435,370,1
"hLpKk7Lssog",24,405549,55327,809,13811,1
"wMrAs1yuFWc",24,405547,8964,351,893,1
"Fq2eRkSFixk",20,405520,23945,125,712,2
"T732vvf9QfY",24,405459,10777,272,1665,2
"AjNNUWN1-DY",24,405352,2062,83,1188,2
"jTRC_FMzLoo",23,405268,39933,549,4683,3
"D9-YSmnJkmQ",22,405236,12568,213,7418,2
"-BVZxKVsV04",27,405089,10572,333,1716,1
"BVFYFr4Vy8I",20,404994,10024,383,514,3
"Drmt_jx7rpE",23,404978,27874,365,3859,1
"MIIAz3i7v1E",28,404945,16198,472,1481,1
"Y3Fw-xEFSVA",23,404890,23349,307,3076,2
"kY5laDe6AyA",10,404767,670,291,12,2
"UhNFDNkkDo0",24,404751,2693,300,708,1
"3TPY4TKo6uQ",24,404732,4852,132,321,2
"Hlj8CJslrPw",17,404649,4155,94,1514,2
"XmyZ3K7JMDk",24,404413,10518,691,1527,1
"nrkX6GNbgbY",24,404383,2613,210,789,1
"IXL9GEPoSEU",24,404357,6360,294,989,2
"wes6mVmRSeA",24,404350,4005,79,537,2
"4xOeGLG4GZ8",17,404348,3821,203,1344,1
"X0YytGqn7Xs",23,404288,25211,660,1842,1
"-Bg_cVW7vcQ",1,404274,27644,206,3774,1
"hca8qXAQD0A",22,404242,3571,304,1136,1
"NdglFjqGouI",19,404215,12869,221,2031,2
"0E4cOlCTgsA",1,404188,4556,194,553,2
"6ltpZtlXDJA",24,404151,2760,183,663,1
"XEhA_7cAFrw",25,404005,2997,512,469,2
"mnux3eQR2vc",24,403961,2752,377,1162,4
"g62FBjIbdOU",22,403945,3959,168,1463,2
"JAZTcpADZRc",24,403821,14550,282,2371,2
"Cwr6hRxMoGM",23,403806,6590,158,660,1
"ZWDkVqEk2mg",24,403782,10652,370,1061,1
"qvkVv678Fj4",24,403769,2534,224,950,2
"afy5QnoA61g",22,403764,2644,275,862,1
"TpvBy-07uW8",23,403702,17825,96,559,2
"ULauHtAKUHg",24,403691,2550,154,665,1
"lKwcaaTCXCw",23,403685,13018,297,3251,1
"8lb7xal3lrg",1,403656,44210,176,1149,2
"TbaYj9-ZvJw",24,403633,10446,354,671,2
"6rEkKWXCcR4",23,403627,26997,164,2340,3
"FgnsA0ckebE",24,403593,8649,129,1373,2
"Fo_YxhOBO8k",2,403557,12325,585,2420,1
"tU1r_wQi_f0",25,403533,1938,243,747,3
"raymwkMf04g",24,403512,4110,948,2242,2
"P6YLNeYZ364",24,403498,6532,136,1716,2
"GCbcKZ9u4_c",25,403450,3181,331,2992,1
"RZerD5r-3Jg",23,403405,7524,478,3473,1
"BBYCVYqS4T8",15,403250,42283,208,7588,1
"AuAc1Vhdxz0",24,403223,2344,251,535,1
"cEKikoN5NW0",17,403208,9621,555,1465,1
"YfRjyTnmf60",17,403155,2730,618,2586,1
"37DuB650G9o",28,403151,10621,694,3550,2
"DEM8ngzmQzo",24,403058,7238,881,575,2
"mbnBYh-BJ1g",22,403051,40820,154,1975,1
"X1pVMezB9go",24,403007,13969,425,1557,1
"oQxKEtoHygY",10,403005,15254,1816,2276,3
"DkHQD9SDuZE",23,402939,21946,120,1447,2
"BlHVpQfxJt4",24,402904,10642,615,1373,2
"hlXRraSMYzY",17,402900,2721,307,1095,2
"32mT4S2viGo",24,402898,11672,124,1641,2
"k9Kvgqfj2_E",17,402709,11224,69,342,1
"TnFgJPYKsww",10,402692,7006,225,524,1
"JMSXgV17ZLs",24,402615,2318,991,806,1
"wRHz7bGpOvc",28,402555,18472,869,3111,2
"mE2y2vr22oI",24,402517,4615,571,196,1
"UO5ktwPXsyM",27,402501,17209,204,1156,2
"r8Dhh1rHQlE",25,402455,3552,386,1269,2
"TvMHjiDw4ZU",24,402434,16243,788,3822,2
"Gi56dSh8Fq8",22,402418,10070,3303,2142,1
"PY9TDd8Iiv8",24,402396,41062,183,0,1
"art-OJrfOko",24,402395,6348,353,1898,1
"p1f6xbi5CEQ",24,402390,796,188,859,3
"igvem9O_djc",24,402383,1265,356,2535,1
"AxMy0D6_DQg",24,402311,2007,230,589,2
"TmCnvdoZ39A",24,402300,18705,458,1402,1
"TEUDn1dZuzg",24,402275,2673,76,246,1
"quouML5-UZI",28,402259,21968,512,2275,3
"pzPtlmzwajA",25,402244,5140,2998,4175,1
"TuPT8ZF0Vl4",17,402192,4136,220,2176,1
"Cp46B0EPhcI",17,402147,2072,281,167,1
"E9J7__5kp0A",24,402079,4743,365,1082,1
"2SIPYOBwJUo",19,402065,13251,368,3046,3
"ucYxupcecww",24,401985,14841,325,3899,1
"yd4T78x6Zhc",28,401875,17364,501,2763,1
"sbow4USIvcg",23,401667,7350,601,732,2
"u05S9cq2bLY",10,401645,16318,241,1350,2
"ttV-8lI_AZw",28,401639,15647,324,1348,2
"9IAb2ZykbHw",26,401568,9031,490,1032,2
"_T-f2oUeCeU",17,401562,3548,174,1529,1
"GZDglvV8Mbw",23,401506,4691,4762,3880,1
"DVYEYyRcK4Q",27,401497,21733,1091,1065,1
"_HkJIEimUPA",17,401424,11582,167,1200,1
"oyh5eRu1oBU",24,401391,1920,225,295,2
"0Ub_00renA4",28,401279,13765,3177,2091,1
"UnEti8vD5Yk",24,401271,561,38,193,1
"pv-A119x7YE",24,401186,2703,411,404,1
"4F-v_qBt750",25,401119,10716,371,1751,3
"TlhkUDsV_vc",24,401082,14653,258,7948,1
"stE6OPViXJA",24,401045,15398,3582,2709,2
"i7wpwATilqA",24,401020,1960,397,176,1
"SM6350PPCpw",24,401001,34462,115,2733,2
"R0I9RTd8sVg",17,400943,10924,112,371,1
"CeOI7fAPP8k",26,400933,13806,275,2629,2
"UZHjHBjenO8",22,400884,5707,1537,3746,2
"PjK5P7NMyWc",24,400876,16044,544,5306,3
"jaEns2smdck",25,400839,2496,395,2845,2
"eDyt4tlfD4w",10,400795,20917,830,3948,2
"mlIdSpN0tso",24,400748,1969,454,181,1
"bqIjtmtNVWc",22,400612,16267,335,1567,1
"T71CKSA_bXs",22,400612,377,229,70,1
"g9hxZ33qVbM",17,400388,1151,91,567,1
"sha57OfIolo",24,400379,3359,151,590,1
"QNgrDIFs1Ug",17,400304,12153,71,790,1
"k3CKK58KWQE",23,400185,7052,78,732,1
"ioC61QW7SHQ",28,400162,12060,427,4299,1
"2GRzetD-Ya8",24,400155,2745,124,535,2
"V75tpX-_Ghc",1,399912,36492,296,6950,1
"RWwGmaLl6uM",22,399872,22688,130,2520,3
"yPVDBRprnBw",20,399799,32767,244,4084,2
"xmkXR7EL_RY",25,399786,23366,2326,8087,1
"26rqsuDhFHk",24,399761,19118,163,6175,1
"mnNRGMmIKnM",22,399750,17766,681,3806,2
"eZQdQ5pV6EE",22,399511,24848,385,4168,2
"eAyxMv4IBH8",23,399491,6240,326,287,1
"yjyAg87lOGc",24,399476,1700,92,239,1
"M1ha7sF9Wts",24,399354,3297,287,956,1
"PyXpoGbwGL0",25,399347,8613,178,1139,1
"YWZWsEM6jug",24,399330,9138,366,865,1
"ByfFurjQDb0",10,399291,27968,177,987,1
"1R0H4RV10EA",25,399210,29114,272,4986,3
"GOW7Qi27p7c",22,399208,3023,116,590,1
"9cOvhuGcYYk",24,399204,20937,1693,2232,1
"AZ8LaC2j6-g",28,398883,16773,584,4330,2
"sQE7xeVRbsc",2,398849,25636,302,5113,1
"EWX6O-OTwZA",24,398798,20431,264,2314,3
"8LFHKnlZ9kw",10,398774,6871,162,211,1
"PpElRBQ-yGc",20,398652,28175,291,3040,1
"L8NfX3popgY",23,398623,34257,386,5178,1
"Hh-YcWJTt7Y",24,398545,12047,1986,2554,2
"Ldvb9J2ex04",17,398472,50310,589,3833,1
"lCS0b8o7mFc",25,398345,3119,280,1160,4
"LForXq19MC8",1,398300,6236,1312,2702,4
"88tgBSXktS4",24,398295,14889,242,2684,2
"mtQiyCHrR44",24,398279,3219,278,948,1
"Gb-awe5B6nk",24,398230,1571,200,175,4
"ii-Qj5-jsdg",26,398184,12394,168,2660,2
"5w30XgACSAg",25,398155,12184,348,1227,3
"B6n1s27YeWg",24,398139,1799,292,408,3
"9lIu9iJ0njU",1,398074,46097,247,5320,1
"X7ZoFJhBE5o",1,398073,8228,213,52240,2
"t8t-wPa3_bI",22,398050,32902,537,2246,1
"7JRAn3lyt-M",17,397909,11452,145,1133,1
"fcL47Kiyuj0",15,397900,20239,147,3211,1
"kp8BfkLeEtY",1,397834,13031,279,830,1
"d36hspDVF0Y",27,397804,16991,448,4189,1
"GWrb3yzVc7c",24,397803,1794,570,232,1
"cWGWYAhLuAQ",24,397799,32477,282,3028,1
"1u8QO_r9mhw",24,397717,22398,298,1200,2
"R58W3ruFdmY",22,397703,5501,436,3547,1
"270mFrF9nS8",24,397675,25371,200,4248,1
"lQegMA_kY9Y",23,397643,21184,136,1029,2
"YCsXrFX9PcY",24,397588,1277,273,446,1
"pRahnxKXyOM",23,397558,23487,498,4611,2
"xNm1rfMzyVw",24,397502,6252,305,942,2
"9WXJqeaniLw",1,397178,13588,163,1441,1
"PGrvA97SzKY",17,397143,38519,466,2425,1
"rz4Dd1I_fX0",28,397126,36577,376,2386,2
"T5jQuJfZaJU",24,396963,2178,343,563,2
"tm9Oxi5lwEk",24,396947,2257,214,515,1
"ZJ3QQ-SNCso",24,396856,11334,423,3738,1
"TJsNCOEpbMs",17,396782,15581,508,1898,1
"pnD6vFaWp2k",28,396762,17434,688,6358,2
"_5V73V9cr0k",22,396759,2779,258,854,1
"7NumArxzc9s",26,396682,13313,228,846,1
"3RYb72FPzzc",1,396663,7419,263,1537,1
"3QeGFX5gl5I",24,396596,19247,551,2654,2
"dhkyX3G320s",23,396534,28472,179,5615,1
"X7A7dX6t5DU",26,396530,10146,291,423,2
"LyqUqZ0TbrY",10,396391,22254,373,1280,1
"yoPT4yEK4CY",24,396291,2707,154,289,1
"ZLKgwbKRr1c",24,396239,1804,296,467,4
"ZWHCG4Q-kL4",24,396186,18346,1029,2426,1
"i_KL38O-1zI",23,396176,21146,197,1564,2
"hfT4CJ_CLV8",1,396137,23791,944,9613,3
"ugDM_Dy6TA4",25,396123,1487,340,1099,2
"5lo35WDCTxY",24,395980,3130,100,183,1
"28t4rQL3Qxs",23,395890,12566,501,2368,1
"VIAzRr8rqWg",17,395871,5073,213,2825,1
"7OcjwJOWNRc",24,395711,1620,393,234,2
"3f8ovcPu6Qk",28,395703,14782,364,1759,1
"x4LaPqz-_ts",24,395694,2860,498,587,2
"Q30OBUVhxPA",22,395694,17528,267,662,2
"zgZIzsx_GXA",10,395609,490,142,13,2
"vb9zbSGZ8GQ",25,395604,4134,2532,1894,2
"jqDYqSQeulw",20,395590,18310,155,2021,2
"YeT8aqgVmYY",27,395435,8017,997,3458,1
"lcVesZ2CmBc",10,395269,813,222,53,1
"vkb8utPFjkM",24,395266,2379,246,260,2
"9Zj0JOHJR-s",10,395259,26210,443,4816,1
"BIa24aOCYak",23,395177,20477,733,1186,2
"8VixDE4Ptro",25,395169,3639,288,1305,1
"si2kkFdg-oc",24,395133,15312,2357,1833,3
"Xq8aXKNtpFE",24,395089,11359,278,2747,1
"rLVkPx5iq-M",24,395008,23614,155,1047,1
"GAcqX_vUS8A",10,394845,20333,454,1004,2
"fyrwbWIJd48",24,394829,3105,295,855,1
"EFzsfWmLqSk",24,394803,15942,297,2293,1
"j6484HyaMic",24,394732,3966,292,830,1
"bkFo34N6wLo",28,394574,18493,653,5268,1
"oubzC5SLZiE",24,394561,2188,262,696,2
"HFIL8v4Kd3g",25,394537,956,169,145,2
"AHqSzZFVBBM",24,394479,7851,152,1860,2
"IOBLJnU0rPo",25,394431,2809,1965,736,1
"NGr2qBaxAsc",17,394303,927,58,536,1
"Mu0lbTM7px8",17,394203,3714,350,1978,1
"pzZ7n70AFPU",24,394183,2484,199,5,1
"7YyojEqLsCg",17,394143,3290,358,675,1
"sJVMRcr-eug",26,394069,13889,142,820,1
"2j6ljEM0rhY",23,393880,13044,534,4749,1
"vkuEZTMu8bk",24,393869,17739,1541,2308,2
"8RNho6KoRXw",24,393835,2355,184,1105,2
"4iqP99arOm0",17,393741,2420,195,964,1
"dOkpECipSaY",25,393532,10170,1283,4790,1
"ZfHLIXRj8AI",24,393500,1986,400,201,1
"0By0af13XyA",23,393318,12039,350,3927,1
"LllNSnDtvQc",22,393311,19810,371,513,1
"oTTRs-eLa1U",23,393285,18757,319,1921,2
"1A_aWbz6D5A",24,393206,1605,1884,606,3
"FQ35AT0Cm-s",24,393156,3425,302,614,1
"QEZxdt3Vb6I",23,393068,39274,2088,2652,1
"hBkyaT2M-4U",26,393044,51769,183,4069,2
"Q_r-zRrDo28",10,393015,4955,2932,968,5
"YWBZ2bi-FJk",24,392977,1304,80,102,1
"pM62ZdFhQqY",28,392941,19531,1995,8584,2
"0DSNxD3BHVQ",10,392927,1603,769,295,2
"fhzoVBQ1PK4",24,392908,3055,184,273,1
"eU0BZGTB2ks",17,392872,16468,131,1215,1
"VA7Y_Psp5l4",10,392862,34124,384,2203,1
"7WZx5JL27aY",26,392824,13246,578,1376,2
"W8f8CXJ8ReA",23,392727,26539,267,3132,1
"5dBErxML9oU",24,392644,2421,249,694,1
"D2IBGlDJ3lg",10,392585,26322,134,967,2
"x3-C132jLvs",24,392494,15477,157,2210,2
"M9wPPp09Khk",25,392451,1584,615,3612,2
"62eV88JHhsc",28,392386,21603,1687,2058,1
"8zUzaJnb9yg",10,392289,18217,409,2580,1
"CXpzjk3fDPk",17,392209,14216,393,3519,2
"XJ5hMUS6Pfw",24,392035,2806,320,824,1
"90tWQSTPuyY",22,391987,16654,102,1257,1
"ZlkzOw79pqk",24,391952,3423,249,678,1
"utczOgk6a_M",24,391939,2543,208,334,1
"m5Hew2_TOrs",23,391936,11666,377,7832,1
"65nHnR7MRk0",23,391927,33253,176,5690,2
"os4Ha3zh8lw",24,391872,2805,227,399,1
"Lc5nrZYOmOg",28,391792,14151,499,6915,2
"aw0Q_XPMDbI",17,391759,3623,524,429,1
"tBksFVrnU8A",17,391727,3324,138,1866,2
"hQe4R9cSmtE",25,391713,7055,619,1991,2
"DxFPmF1puW4",27,391705,18826,1996,3958,2
"MLxGllP0x8M",22,391690,22871,124,1360,2
"FIY3e74wkXY",24,391642,4378,371,1553,1
"CV0J3Bq3BIc",24,391639,7307,84,594,2
"2Ym3zZiNaIg",24,391626,1961,451,161,1
"1-RTjS6h_Ko",25,391582,1410,140,1539,3
"8aUsh5vdr3E",24,391536,2132,388,201,1
"teGjJl5b0Sk",2,391515,20659,141,2463,2
"cTJh_bzI0QQ",27,391496,11009,665,2595,1
"OO9kSxcT9Rg",19,391483,13650,332,2252,2
"yeaGK-KVHaY",24,391480,13873,881,676,4
"LLvAGwIJzvs",23,391450,24423,199,2179,2
"sR_1tqr-gPQ",24,391448,7257,258,2948,1
"zyaUXUcD8-I",24,391335,32173,296,4541,1
"nUnJQWO4YJY",25,391240,21485,1211,3589,2
"Hl-tpHJXP6Q",24,391219,14908,232,4800,1
"PXJeghw-cRk",25,391195,25050,450,7776,1
"fuPfRSYDLKA",25,391192,3224,331,2033,1
"swDsk-dQtOY",23,391190,32700,236,833,1
"i5Thrw4Xq9M",17,391177,2459,203,567,1
"jx0ZE7DNoF4",23,391139,32937,543,3512,1
"OHs8Em5GbFI",28,391115,19183,571,2176,1
"lpglttVYeu0",25,391028,4742,855,4692,3
"bx1czYoFRes",24,390883,1796,935,1549,2
"TXeq6icIM1E",28,390749,14218,358,1818,1
"6VJYkH1WfKc",17,390643,3322,367,755,1
"ZZ8F2k7TyL4",22,390398,26594,589,2114,1
"pLG6tQ1SsIU",19,390368,3660,485,628,1
"RpdCgzSM8ZA",20,390323,28585,255,5992,1
"b8XdaIcOV8E",22,390303,3847,181,1173,1
"Rw4qtSjzBQU",24,390261,1925,428,237,1
"Qrod1e7OCIk",23,390259,68287,730,6831,2
"0uJUW24505E",10,390126,33762,264,2777,2
"6uAJl8iD9OY",17,390040,2065,342,2477,1
"Cuj-iuLgM4s",24,389997,1788,255,269,2
"BsM-LN_rxCg",23,389971,25410,220,2250,3
"NaaFLyxlyG0",24,389961,16094,942,2339,1
"e4hLzp-kz_c",24,389806,1892,216,563,2
"AOU9lZzSZKk",24,389795,6878,365,2328,1
"jGTxKKdoBQ4",24,389795,39342,336,2550,2
"VWxhnrztF2w",19,389733,13218,411,2094,2
"1tn7lhmWKFo",25,389638,2941,471,2552,1
"b8GGWHGkx3Y",20,389617,13695,1329,2747,2
"qNOq46L1joQ",22,389588,15296,71,788,1
"0sCPuyf8cN0",26,389573,9134,728,1599,1
"6841bFyEHwQ",24,389546,2950,422,1105,1
"NDAgvZ2StfE",25,389488,1873,1519,1416,1
"n0Ax0eo_wmA",10,389439,921,347,32,2
"Yjr-A_nnDdI",24,389398,6610,300,19782,3
"w46Fslwmujo",19,389394,12480,218,1739,3
"6u_COwFsg5g",24,389390,1453,205,200,1
"sn3Ct2_L4OA",10,389295,26757,209,2664,1
"xFVwo-AZTbA",2,389289,16308,539,2286,1
"XY-7RvHaWWI",22,389154,16082,124,2352,1
"Ev3-7HLcZ5o",22,389123,9622,1374,2759,1
"sKkzpLuTBzw",23,389120,14115,1687,6880,2
"8xs7MHze0hA",17,389099,13593,106,1101,1
"idJKzYU8y4Y",24,389083,8467,175,3958,2
"mzqYuyaAh5Y",24,389046,15024,197,2712,2
"5cTzHSx8Gxo",27,388940,24047,432,1035,2
"72gsrslfoF4",24,388927,1807,316,197,2
"9Hi7elAQQg4",10,388921,1801,280,876,3
"-BqMiyGT8BQ",22,388899,12571,370,5741,1
"yAA2My1RSyI",24,388879,6620,117,1744,2
"rwqmWT6AtuY",24,388843,2633,206,1339,3
"_AsPY1bQx70",10,388821,21143,286,2037,2
"MOSQvTcMgso",1,388702,15462,60,320,1
"PCk2T6tGrIM",24,388651,2766,238,451,1
"A9Mj0Q9y084",22,388590,5218,654,2321,1
"q9hbEIihYWs",28,388499,16304,447,2473,1
"0W50OEQtwLM",24,388432,1719,102,270,1
"R4EvoDEmqzY",24,388424,5282,358,1366,2
"vChxaZCecLw",24,388370,2035,342,436,2
"s8UglxtkAIs",24,388313,10886,139,1098,1
"ccZb1k7YXrE",22,388304,28733,121,866,1
"VjiZZaSyVvg",24,388303,2075,484,303,1
"mmOEBgamzlU",43,388302,1884,349,438,1
"IHwzfKq_NxQ",24,388155,19907,312,7104,2
"om9t3JyVKFA",23,388110,37942,233,1534,1
"hiqEFs2okMA",24,388046,11195,276,1494,2
"C-AjcbVUq54",24,387983,4227,450,1732,2
"cGXpqe--BYU",24,387962,5353,93,1001,2
"lzzavO5a4OQ",28,387955,20680,490,1526,1
"eYZ1Jh2gVUg",24,387856,2608,497,377,1
"d-Z5EIm5aQU",25,387841,2121,705,3884,2
"3xH4u0NLuk4",17,387681,6175,173,2275,1
"FM75ZV__IQU",17,387611,1638,77,340,2
"aWdIVCTsFGc",24,387551,33233,160,791,2
"zzCQbYn4U74",24,387442,7771,205,450,1
"lFFDINZNYSE",23,387428,4207,119,259,2
"q7YE2eiD_Zs",17,387415,2113,277,201,1
"jUBT1bWAFTc",22,387384,8851,501,2760,1
"LuOaMDzyaXE",23,387351,9814,6721,2382,1
"b-M_HHrvg_8",24,387313,7092,516,932,4
"kuYylDsN6KQ",22,387312,40606,123,3606,2
"1kuJkA9usqg",24,387221,2159,1214,711,1
"-iUiArLvDzg",24,387189,2240,440,279,1
"llMvol_VEEs",26,387181,8307,167,1109,2
"gpj_oym947A",24,387045,5146,312,2352,1
"5yqNHaolYHM",10,387026,5386,111,160,2
"4jEhYOrXd6o",24,386926,1174,202,150,4
"7Fn7y181K34",24,386664,12252,151,1020,2
"E0XLy8iZu7k",22,386636,9458,264,1386,1
"h6_BR01X3yY",23,386560,12606,230,5378,1
"q32oFOjlWh8",22,386487,4427,124,440,5
"sZFyRGkD5sk",24,386413,13507,275,2815,1
"7M8iTGpRibM",17,386270,1253,307,158,1
"1ZEZ1azB3uo",23,386083,36403,879,814,1
"mNKwe9k55fs",1,385958,6564,289,975,2
"-X7KlVJ2j1g",28,385953,12427,595,5746,2
"oMRpOG5anEM",24,385859,1088,156,369,3
"I9aOttdqoOU",24,385649,22843,219,4629,3
"Ivl044_cFS0",24,385616,2794,148,817,2
"bAzINQAiXeQ",22,385608,26679,614,412,2
"Riiiss0QDYc",24,385540,3085,315,980,1
"l4liijiAZ9c",28,385539,14315,440,2134,1
"DG5dK269y_c",24,385537,3569,620,1181,3
"sYm45NvpiJg",24,385436,9859,98,604,3
"j-CRhduNoXQ",17,385270,7640,220,2451,1
"KnKM17WdDoI",24,385265,1123,310,0,3
"RUQ-ePEqeTs",24,385248,18296,344,2313,1
"pN4aJUFuuug",24,385244,3945,297,1410,2
"hEBWvNvHm3s",24,385236,1945,222,309,1
"MKKfXke1Jkw",24,385190,3892,259,969,2
"_lg8sNpeOUM",24,385068,12835,596,1213,1
"B4U2UDTAJ9k",23,385047,11530,325,903,2
"A5j_rxoDJyc",17,385012,3804,2016,3617,1
"9mbjbsG_sLk",24,384859,2712,191,640,1
"cQQYD0Ia5fA",1,384699,26554,325,3468,2
"-rVmj9Gwapg",24,384671,2967,183,714,1
"wczm1faUZ1Q",25,384635,3820,510,2833,2
"XYvcEFe3uO4",28,384602,16117,878,2266,2
"EWKh5wkFzHw",43,384466,2466,805,347,1
"Q6r8s9-poLk",24,384311,3239,295,1287,1
"OLAJ0ooorDU",1,384288,2924,787,491,4
"5r-07Lsb2Mo",24,384280,18724,1064,6070,3
"qN-yLTDkAS4",2,384216,39508,575,5439,1
"Scvw6Q-pPeE",24,384152,3579,179,578,2
"adVD-il98B0",22,383874,3841,212,271,1
"NnlqyeJWy80",24,383864,6050,14,291,1
"leVFtWgdOWM",24,383835,3927,364,1353,2
"MdZmi9HGd9w",25,383821,2316,226,746,3
"QZv3ObL1I4A",24,383784,1252,266,1149,1
"OhbxQyX7UVY",27,383773,9829,639,1895,1
"qq3FniWlrxI",24,383715,721,168,551,4
"AI9RVl7JDMI",24,383702,2457,651,226,1
"Fjm81OPZbpU",10,383694,20242,167,1349,2
"W0Anp0wmXek",19,383551,10766,376,2057,2
"GvL2CZzz1WA",20,383417,14243,1007,10826,1
"wnglz9OwTAw",24,383352,1464,254,453,1
"IQM_s2NKguk",27,383301,22969,284,1764,2
"mnV70SGVk4s",25,383272,2150,159,341,1
"nUq9X0NKoKo",24,383198,18581,603,3938,2
"-0QvjiG4sYM",25,383196,1911,594,2612,2
"imMSjrwsRaM",17,383185,933,75,464,1
"tZzSyVlAINw",22,383173,18156,950,3710,1
"My-BcgfkPII",25,383123,3916,356,3196,3
"6vmyShi4nGo",22,383120,18338,166,2634,1
"ZJs7DoAVQbk",25,383086,1547,1164,4344,1
"fV1wF5mRXD4",24,382924,4012,95,235,2
"1RcLdPMHhYI",24,382921,4130,115,338,1
"PcuRZ3WACBU",24,382919,8356,110,349,1
"HvErr0LdX7A",2,382916,10833,245,2875,1
"nRMFYZQNkHs",24,382911,17059,607,5049,2
"LoXpKXBzYcM",15,382898,21445,355,10153,1
"CFrHKkYB1lk",22,382893,4230,232,1130,3
"KJkFpBScnyo",24,382782,5854,323,2274,2
"wIFlXhEO1UU",28,382737,17360,866,6626,1
"k9dWg9Z0YVU",15,382651,17916,239,2786,2
"SJpfz6NL1Eg",17,382588,3391,435,956,2
"jh15BQOoNSk",24,382442,5030,83,267,2
"RJCDY7lvsGA",24,382402,1916,245,594,3
"TTaaoluTOks",25,382393,1803,219,1312,1
"GW2cncoIxiA",23,382385,12215,486,1607,1
"BjiIY0hXMh8",23,382379,31926,2389,782,1
"6hY5F0BAG9o",24,382331,6427,346,3012,1
"J3wBjUoiWzM",24,382246,5204,307,2524,1
"olUjj6kMoZc",24,382226,4657,145,318,2
"pf5YPloinZ0",17,382142,11460,275,1317,1
"YDLdfU3NidY",24,382122,9954,275,1304,1
"_t78kfUKKDQ",27,382122,17141,346,2191,1
"3T8_hNtc31g",2,381961,27784,233,5318,1
"je2XLen4ilQ",25,381939,26864,8586,13306,3
"EL40QdL8Hcs",24,381934,6865,101,1062,3
"9IV13gJ811c",27,381926,9087,206,3019,2
"JYmrLUeciAk",22,381918,20005,110,2453,1
"GI9RunycNQ4",25,381854,1383,638,4088,2
"TKpzwOTW30Y",24,381731,2837,213,593,1
"MC5zEt17aSo",23,381723,11510,223,2342,1
"ZP-0Uw0VleY",24,381487,1238,169,514,3
"tUg-WLRdRv0",23,381361,9626,180,438,1
"oTxbeE2Knwk",24,381346,22822,207,1144,1
"AYji04c5LOU",24,381288,2709,179,744,1
"Ja0MbsLpYDk",19,381270,16091,280,1622,2
"ATQMY9JDgvw",22,381088,62271,352,4753,1
"wsKNtZxApJ4",23,381083,3844,114,264,2
"bV_3HQplzRw",1,381081,30863,419,6303,1
"o5j-JdOxOJw",24,380995,3473,1655,356,1
"9xXb-0b_IuM",22,380853,11705,379,1711,1
"st170KdFIHA",23,380808,11367,275,4621,1
"cafsnWBsmxE",25,380767,8589,1134,6840,2
"9hPtC2KjF4k",25,380767,3601,300,1800,1
"TPDv9hgJ3ZI",10,380711,71476,120,4672,1
"qcJeOphUtek",25,380704,20461,4315,5295,2
"K4jIAdAUjHc",15,380696,19904,142,1893,2
"OcTw2b0Ho-8",26,380618,30931,331,21929,1
"tFkT8YNC8vk",17,380591,1350,91,1011,1
"0HzkgEdmcH0",25,380562,1356,567,1258,1
"l-5OoZJVbcs",22,380547,5624,354,1149,1
"n72vEB3Rvx8",23,380432,11700,257,5634,1
"dvn5boeJGPw",24,380382,2520,1348,1520,2
"wr0RTCiWqEQ",24,380346,2021,500,200,1
"cn-Olrfv31U",22,380316,5541,6391,3826,1
"RbAYpgLOgj4",24,379964,8209,245,1343,3
"6KMl4oliDLc",24,379835,13286,451,2056,2
"EdpFAV8dC9Y",25,379768,1418,533,4474,1
"DckdRgJipL4",24,379724,11095,113,667,3
"NdHVkJYwJ48",28,379589,14985,301,2521,1
"BXREg5yPf9A",17,379554,7925,213,1136,1
"pQIKl2h7XsE",1,379521,2797,171,248,1
"XvpGvVR1D0w",24,379519,13457,593,1754,2
"3jjIVBN_sh0",25,379481,11195,1542,2398,1
"w-2cd1MLYAw",24,379402,19502,368,3502,1
"ZmFk-e3K8kM",1,379393,14220,184,677,2
"l628lMrDFtA",26,379355,24319,191,4388,2
"PkRtr8if3I4",24,379341,8896,191,1494,2
"BD_bkAycEN4",24,379245,12843,133,1853,3
"YtKap-E0OGM",10,379239,32632,256,1893,2
"H9HY7Aw_jdU",25,379175,3501,315,1778,2
"FtJO7hpw1RQ",24,379173,18825,415,1584,1
"D06FFN5-_xY",24,379027,4644,290,615,1
"1J1lDnlqnu4",17,379024,2697,92,591,1
"tRaj0FonfcI",23,378915,22971,339,5235,1
"AB2s_S6rW8E",24,378898,20962,716,3701,2
"C_9c7639VU0",24,378879,5188,79,201,1
"NkxOj0mvsIU",24,378839,2014,397,218,1
"2mIkj0f3TfU",20,378709,11074,308,2098,2
"eKMWvf5up9s",24,378704,3442,362,1737,1
"BSkQ88u4DnU",17,378639,910,168,733,1
"cdRnXZnZpu0",25,378562,4080,438,999,1
"Yyfa7j4VM-A",24,378562,9142,180,1948,2
"cGoQZeATv5s",10,378522,12547,424,957,2
"1i0lt1njpUw",24,378438,11508,154,1348,3
"VhAOSDbb0ko",24,378273,2848,232,824,1
"DevvFHFCXE8",24,378262,11382,788,357,3
"I57l78attxM",26,378233,17052,477,707,2
"bWSefopjz_A",26,378156,20972,375,451,2
"fNPxQEMjbHs",24,378126,777,99,556,2
"3iuNuJNcWGQ",22,378079,6602,942,1077,2
"WPwVGYRAkVc",1,378073,2550,247,451,1
"6ie_oDiK-ps",24,378023,2734,113,471,1
"lzLQP25bTBk",10,378011,34091,257,3140,2
"EuCqqMmBpVk",22,377878,3200,418,959,1
"B3VslyKgoRY",19,377865,10013,291,870,2
"zZ-zAOnxikU",24,377848,17989,390,4378,1
"dxO_9q7RNgw",22,377776,1885,181,288,2
"KCqcwRe6R6Q",24,377774,5287,88,330,1
"H7p5YEOrlSc",28,377713,16976,365,2298,1
"ODq3EQ2oiYU",24,377479,15381,250,2536,2
"Xm9UiMtG1Q4",24,377447,10474,97,1427,1
"sudG0ziGP7U",24,377380,5031,79,1173,3
"yZaA85xSfOE",24,377373,9708,202,1686,3
"CEHCD4bEMHs",24,377326,2334,273,619,1
"m_pMkmFD-Ec",17,377258,15501,438,2010,2
"9B-q8h31Bpk",22,377233,2341,339,308,4
"c_Mw4TLzr7c",24,377203,2334,465,311,1
"jyh-r9WW2-E",24,377157,2711,279,859,1
"DWV57w5tluY",23,377095,7467,2766,1838,2
"mEZXJcQmbqU",23,377021,10132,159,823,1
"d2aCeJo-LFg",24,376965,2655,345,898,1
"HkjOQTjnLBE",26,376963,23990,454,989,3
"2yi9G2m4zBo",17,376896,4962,318,3496,1
"sNu-sT2OF7Q",24,376858,10619,281,3502,1
"88wB6jTsmkA",22,376842,31442,177,1743,3
"u9iZKqdXHug",24,376819,983,161,727,3
"CuJLb4zQLj0",1,376771,12053,134,336,1
"Y3kCx30VhjE",19,376740,10277,147,997,3
"Z0meOElZP-8",23,376697,11407,274,6518,1
"fi-M8iKSw_8",22,376566,1466,117,207,1
"p5qQc9c9b4o",1,376359,1257,128,343,3
"WLC1AuUP18s",10,376333,67489,212,4808,1
"9bZVTxokbrg",26,376218,13633,525,948,3
"YalIPUPoWP8",24,376206,7733,109,1848,2
"Lmcm4sr52u4",1,376164,15358,113,2925,1
"1zr_ZRPmVxI",19,376019,11975,282,1733,3
"mizpW1j8fsE",24,375906,11936,397,4120,1
"I0xq3OxMwDI",22,375906,4343,117,971,1
"sz9QCwsZWN0",28,375894,14941,620,5367,2
"_wJ-hkiLThE",24,375883,2863,216,861,1
"giQ1uPDHWq0",24,375866,4928,126,1196,1
"G0DjrxkBtCo",23,375866,10330,818,1804,1
"EiewgZuObgk",23,375812,16147,490,417,3
"vP9IoJZx3DE",24,375794,2143,270,494,1
"5MHSJa6FGFI",24,375763,2881,373,1083,1
"uPbzXI22q8k",24,375758,6243,218,2646,2
"mvVNnMYJTNY",24,375722,1767,149,251,1
"bHWIK75fR30",24,375694,2138,217,609,1
"pi2Ri9-K3_E",28,375676,12661,532,2264,1
"qntHpRYIJOM",20,375652,23771,207,1777,1
"eeUMJ43bgi8",1,375616,3914,334,1325,3
"gsRMakQ_if4",26,375579,10272,250,736,1
"gTU5LWgeJno",24,375387,1272,282,1127,1
"6gnmNslUiIg",1,375368,16497,662,1896,1
"NAFz7JCaRnM",1,375303,4582,105,541,1
"sdEHgKEw9cM",24,375261,1268,48,100,1
"P27walDc9E8",27,375227,11531,394,2242,1
"zxLk6kQTZrE",27,375182,14795,309,1657,2
"FSKvQBKADJU",24,375123,17612,3302,5802,3
"-R1fL7rkIZY",23,375122,5790,96,255,2
"izwomieBwG0",27,375017,17307,275,2545,3
"OpWklHQqUE4",28,374930,12036,656,3300,1
"mGkwgpEQNZA",24,374892,9088,273,1388,2
"zNUPS919HKM",28,374875,16795,607,1163,3
"SPRtQB7Z3s8",17,374837,5538,92,317,1
"4__xtcjt9Vo",24,374812,12716,326,1905,1
"sGF81Z1Kols",24,374720,17142,3438,4807,2
"9OICYVLK3n8",24,374679,2379,220,558,1
"ptMCngpnsbM",24,374667,4332,221,755,2
"QtPs6Kuqjs0",22,374661,4668,626,1223,1
"wiJTwRRticA",24,374502,9639,597,830,1
"_87STVzpge4",26,374369,22932,164,1703,2
"WSStRYpCv5w",1,374361,2787,1850,510,1
"idD1C2-ISlo",10,374252,8526,307,459,2
"4_pgz5iKlsA",24,374225,3529,932,3452,3
"JVqZpXxziZo",23,374212,29424,399,4662,2
"I4gVsSXTv8Y",24,374180,6487,396,2729,1
"Yk76oCLFRo0",24,374064,2047,463,251,1
"8_Okz_CN34Y",24,374047,10852,271,10598,2
"duSEpurusCA",23,374033,16337,380,892,2
"Ec3Yt_h5o44",24,374026,4905,1051,2033,2
"0_0JZVkJbsw",24,373945,18765,547,2150,2
"8PPDyEDYEss",25,373913,2977,692,4376,1
"XYQmNB9FMcE",29,373859,4585,295,17,1
"FT75wupVbko",22,373795,29028,237,1965,2
"cO4VhZ6BLpE",24,373665,20291,351,8672,2
"mhwHTO36nLQ",25,373651,1309,168,331,3
"dcTpGlpc4AM",24,373638,11302,124,944,1
"FolI8jw_ZS4",25,373573,5231,191,89,2
"8rReM1R-SFw",10,373543,26776,417,1793,1
"apyD0QGObZQ",24,373539,4064,589,732,2
"K-75a81sM30",17,373522,3298,89,937,1
"mNO5UR9G6lQ",24,373448,2303,233,476,1
"zEfqC--Zudk",28,373288,12021,656,6451,2
"CFPkzhjlUYg",20,373282,23359,215,2823,2
"rAmLzm4bb2I",24,373279,7545,374,1192,3
"5rb4ZCd5DL0",24,373274,2919,330,1025,1
"He0lWIDGutc",20,373261,16560,633,1454,1
"QH6Lb9KTs70",43,373261,1738,880,207,1
"ybSXhkWeBnQ",24,373216,2839,295,707,1
"2riPWoeN-ZY",25,373113,4545,277,2068,1
"xguSbuThulc",28,373064,10990,169,525,4
"_H-XyRnR51E",24,373051,3451,54,913,1
"sTfUSq8-9Jw",22,372965,17167,235,725,1
"-U80pX6QyZU",24,372954,1681,615,511,1
"mds0UsiAuCk",25,372937,10579,132,3507,3
"nCq7hUSRwTQ",20,372893,35158,184,6209,3
"JGPgYVUseGE",24,372854,30504,330,8848,2
"GThrG0AKg0Q",17,372841,2766,173,800,1
"Lrk4k1xGSEI",24,372785,2297,69,57,1
"F1jnJSI7bG4",24,372738,14077,307,1219,1
"8uVt9Fn7xw0",22,372710,2314,623,2726,3
"h_zJspic6YI",24,372703,2605,197,1030,1
"KdFMBSPxfMw",25,372596,16640,575,4561,1
"_ys1q6OFxGM",17,372593,2396,101,553,1
"a9iruCSpRwo",24,372454,1902,453,225,1
"n3p_dqiQV6g",24,372399,1733,417,244,1
"cO6Elnx39Bc",19,372341,10638,291,2056,3
"KLTispqdAHg",24,372183,3135,61,141,1
"zsgTgKkPxi0",17,372167,3617,121,1502,1
"ZUzzlRudjGE",24,372022,1895,386,194,1
"Esrw0V4fpkw",20,371736,28552,253,3473,2
"GdzUXYGhHqY",24,371699,1897,457,315,1
"E8OZq5Iwxxw",22,371674,4126,214,1214,2
"aBK7G1XdozY",24,371493,2007,414,218,1
"3Fus-_sshmQ",24,371435,2704,162,1798,4
"deSJ841IS68",24,371354,2315,336,401,1
"ro2Chts2H5A",24,371353,4288,222,1536,1
"lbCLqwITKyU",25,371310,34073,312,14486,2
"lUjEM-vKNRk",43,371297,1652,1091,189,1
"qS-r7EsAzNg",24,371204,6572,108,447,2
"55fmNwCgf1M",1,371197,22769,326,711,5
"a3ZwjPFjovo",22,371155,4838,317,1096,1
"X_BV_PLtniU",15,371118,18285,236,6408,3
"URrWHWRb32k",19,371114,13070,356,1759,2
"_W4QzX92osU",24,371096,1996,237,513,2
"q2QxAbeAOTo",27,371037,10797,444,1969,2
"5O0N3u9-m7c",24,370940,2084,139,0,2
"aVTAU_4i9AY",24,370827,12150,325,2352,1
"dMMBB89BxMw",10,370629,11461,254,848,2
"9IzMT6pOgI8",20,370628,13435,177,1050,2
"WGCPF082aRU",24,370611,1487,299,360,1
"ZaZSQat6SYs",22,370607,18123,115,975,1
"8TE1h4OJ_OM",17,370556,1171,131,104,1
"uZAU2VRyvvA",23,370540,13393,517,614,2
"dG4a5QxoGwE",10,370372,53711,117,2022,1
"MwyxKUsQSOc",26,370337,9077,391,1360,1
"u-7QNlm_ZhA",24,370316,2014,181,440,3
"elO_FjlLbxI",17,370190,3984,205,1451,1
"n2BgkHV373A",24,370076,7808,123,1090,1
"NcVfEk0Hxq0",27,370068,12261,220,1364,3
"nNBp0hev17Y",23,369980,15850,873,1895,2
"rXbvvLvecnc",25,369968,13939,595,7100,1
"OmLxYUOgTNs",17,369942,4196,271,2586,1
"rqThMMXuSuI",24,369920,3107,379,850,1
"gvVXVbhFKTI",22,369896,2129,350,202,2
"1GhIVG_Sh3Q",24,369887,10188,204,2420,2
"oR9gIJjMyis",26,369857,29305,1081,4319,1
"EneS0gIMUa4",25,369855,5179,824,2322,1
"CJv0I-xYuC4",24,369771,11620,646,3476,1
"JWmtxrYRLVI",26,369732,29122,205,3225,2
"qeU-0A0CHkM",24,369717,2666,186,603,1
"lWDR-VlpmRQ",24,369689,1698,437,201,1
"KkIsmJ-kiaI",24,369401,1818,404,334,1
"9koixCle-G4",17,369334,2838,168,1515,1
"-ocql0O5SAU",22,369195,5577,132,185,3
"K4JP9oaXLMU",17,369192,3010,120,1293,2
"PO21HAxSrqA",24,369190,2101,161,360,1
"9crAlCrrsJk",24,369129,1778,389,227,1
"HjoJqZDjxgI",24,369123,6659,334,1525,1
"T5CbeMsqNjo",19,369120,7943,228,840,3
"NtmvX1T4cU0",22,369038,9035,744,1055,1
"vxRDvMcQFBs",24,369028,2895,2043,1547,1
"bPJjU2Mpujs",24,369007,3091,847,787,1
"DCKYfSy832s",24,368946,7658,4479,1743,2
"XkOThQY66aw",24,368721,0,0,1533,1
"vGqahAKgolA",24,368562,2152,253,548,2
"lMBRV0rmPog",23,368491,7821,310,3660,1
"GWoOLpf9G_A",24,368253,16745,2105,3306,2
"O68fFd-02D0",1,368244,12407,205,369,2
"QGoW0QQdLZ0",24,368207,9991,162,1283,2
"oDYKUGSl9m4",25,368205,4818,453,1019,1
"J3_JU4PaFlM",1,368189,3076,73,141,1
"Ed8tAJPF3PM",24,368125,1744,470,235,1
"24UpdLaKiMo",22,368037,2713,280,1159,1
"ttsHXYo1U74",17,367923,27576,537,1108,1
"-5CyPycP91Y",24,367835,5004,525,1647,1
"gczHz0CPum4",25,367821,11577,2193,2648,1
"u2nEjXJtRJ4",24,367820,6162,114,720,2
"rh4XAgiT-NY",24,367783,11622,379,9071,1
"-SYdJEcWRxU",22,367560,1184,69,140,1
"hpJrQfODwF8",19,367554,10147,265,1088,2
"kToi_kjo_yk",17,367482,3534,105,1456,2
"ll8-VYM5xYU",25,367471,1033,107,1779,3
"sVHh2GxMnJc",17,367462,11609,106,1287,1
"Pf5JMwXOy28",24,367447,13177,176,1611,2
"Jw81bRYUzVM",24,367408,31300,265,1832,1
"gB1T6XTxWB0",24,367391,2787,220,601,1
"vkM2-91Hq8I",17,367370,4182,256,1760,2
"eP_2P46brqg",17,367266,2584,236,1966,1
"JrFiNSueT3Y",24,367193,2457,719,358,3
"r-DSdlpz_qc",24,367178,6438,117,687,2
"ULRV66m5jCQ",17,367170,8885,125,1037,1
"0m_cuVJu1Ig",23,367112,30929,453,3813,2
"brTnUynCn_I",23,367064,10409,266,1249,1
"srW1xcjCySI",23,367052,5365,725,351,6
"CgqUiF_w8jM",24,367019,2729,207,523,1
"tmUYwTNRIm8",10,366897,12590,392,330,1
"iF-cyzh66GU",24,366891,877,101,2035,3
"c93Xl02Z9WM",22,366833,1478,73,77,3
"3v3bi3k24EM",24,366824,3874,314,1202,1
"w5kU3b7ZcDs",24,366817,1807,442,213,1
"94g3gb_MSkA",24,366740,4477,109,361,1
"xVA8IDYQpr4",19,366725,15633,297,3123,2
"9QG-PpU19XM",23,366674,10405,336,1462,1
"ixlgbdjFaYg",26,366662,17692,1212,2320,2
"3-1LFKZr188",24,366534,3511,260,244,2
"pADsaOFDCO4",20,366520,32642,686,2036,1
"uwbj_0gYmjk",27,366503,7939,607,2200,1
"Lq9wipOftXw",26,366457,8083,601,1952,2
"4DK_LbuhXLA",22,366280,21497,395,1802,2
"0g4isaGaDlw",24,366276,5118,455,965,1
"_Zs4J8kq-Wg",19,366266,12994,369,3966,3
"SmFfZPtudFE",23,366194,11978,293,3279,1
"mdvMt2Orv6k",25,366131,17250,617,7616,2
"SGtiZlq4n8k",24,366105,1256,341,538,2
"6_Abx205F5o",23,366094,25819,207,3723,2
"5HOijUtExiM",25,366048,14743,1308,1948,1
"V8d6oQPQmX0",24,365999,8998,572,2239,2
"UpnBeiH-tGE",22,365968,2427,125,1291,2
"i6PM6daPRfk",1,365944,2839,242,355,2
"QRtBP07gIHY",24,365855,2159,194,266,1
"oqeoOph7Lts",26,365848,18971,111,1985,2
"oSr-2aa5TKo",25,365819,3321,331,856,2
"tW69sJk0wMA",24,365814,14836,200,3031,1
"TekLn0qk4ig",24,365757,3051,332,1491,2
"PzCXtBEw67w",25,365721,1839,3469,4405,1
"fx_LLn7h7fA",24,365703,2671,92,341,2
"4NVsYl02tQo",25,365615,7838,1214,4295,1
"EvyD4UxFqNo",24,365584,5438,560,2351,1
"NeHKVNZV-SE",23,365502,4804,354,981,1
"NV1WmHaVhdI",24,365451,1118,147,582,3
"BgMl9H6drMg",24,365450,1930,500,261,1
"nCMGU846iTI",26,365442,10047,127,1153,3
"HWVjL31XtWo",24,365286,4007,216,975,1
"iczMnI_v2AU",1,365234,16649,114,630,1
"t1_6ARzmVWM",24,365095,2535,259,1282,1
"iwnUY7sj_U4",1,365078,15873,496,1074,1
"UKzfwEyPBIM",24,365026,10726,658,3298,1
"AdTCSCreUTA",23,365005,5731,246,733,1
"p80Ltsq8l9o",24,364938,519,2781,299,2
"DraqQi9lQik",22,364912,1051,209,22,1
"x8kHZEgVK7g",26,364900,9723,241,1660,2
"o_Oai0ikUzk",24,364899,905,58,319,2
"8b2IYk1VmPw",24,364850,3572,144,441,1
"UsnLasfy0z8",24,364774,1276,241,1508,1
"T1f_HReVm8E",22,364669,832,227,585,1
"MMrVcEItU7U",22,364663,17573,96,2263,1
"uHYlrwKfD4o",22,364636,10435,347,1327,1
"1-gcjV3J9Io",19,364603,9698,315,1120,2
"RcehjRPRUC8",24,364581,1459,118,560,2
"AbMQDN6F1uU",1,364531,11380,190,1487,1
"wV8HedOp17k",10,364307,11847,351,1565,1
"OK3JWmE-UWg",24,364279,4339,574,1926,1
"AwrEeoifU04",22,364251,6018,162,599,1
"NcTOSJTHTAs",22,364197,4346,406,2314,1
"CGUTX85p2iU",25,364157,1135,206,210,1
"Zjjb2dG8J2E",24,364131,3684,196,1028,2
"2r_nGjgqPE0",10,364124,26995,210,1121,2
"GMd6Vc5PG7Q",22,364088,5633,1282,1540,1
"ZYAjlc5rD7c",24,364011,2567,67,211,1
"KWKSqgVIACw",22,364000,6340,557,1471,1
"qA4R1TVl8h4",24,363966,2564,94,840,1
"zkUaZwuv9kg",24,363904,13119,159,1396,1
"e22yH5hUQ_A",25,363778,10640,480,1798,1
"cM_JCwTRZSo",24,363638,17595,419,4390,2
"NziYOrfiKHc",24,363561,1110,202,358,1
"tBTP_OGbOA0",22,363485,9946,160,812,4
"C9hERXiYUWg",25,363420,10109,190,1532,2
"WumidkxaWDw",24,363319,2720,280,1051,1
"vv8LUSqT3JQ",19,363270,13107,378,1444,2
"Cm2dczXpBG0",19,363164,11859,441,1595,3
"nTi92CDq8WI",22,363035,1942,114,627,1
"fFU4GCqu2Aw",1,362977,1235,179,178,1
"Gn75Ofis02A",24,362931,1897,387,186,1
"JPGEZvM7LMo",1,362861,636,163,191,1
"eQcJpa_QHWU",24,362837,2716,252,694,1
"I8S7ZH4-wIs",17,362829,1687,145,298,3
"SNwnNzN9eTw",24,362808,2322,266,449,1
"zx936BNZRms",24,362750,19622,502,1036,1
"I5g7haP0JkQ",26,362675,7780,523,546,1
"TyIsOSjKBbQ",24,362671,12154,197,1186,2
"6H87y6cGbC0",24,362629,15087,398,2414,2
"pWdP4LLtXnE",25,362464,29214,196,5168,1
"2JYub2JxoDo",26,362438,11197,222,890,2
"--YgtVuvWGo",10,362391,21547,356,955,1
"DzRWw8cD_6M",24,362356,1860,516,354,1
"WfPu9Jrcpuk",10,362255,42656,647,3027,1
"Aga-eU-rfrk",25,362213,3352,214,758,1
"I2sRc3j7IU0",10,362210,40750,231,2859,1
"oCnv5wWKDMs",10,362194,499,135,10,3
"6Mf2ylffKws",24,362153,5568,173,680,2
"Z2ttpo7c95s",25,362102,2484,255,1124,1
"GYz8iFxhSus",25,362004,2666,1015,4885,3
"yqoIflEaHMo",24,361878,2145,217,202,1
"jEpdQwD-PFQ",24,361838,6451,153,599,1
"f3TsDRf6-X0",20,361816,8234,766,35,1
"asaB53-M2uE",1,361813,4066,84,1680,1
"If2lCD0SQrE",1,361808,7898,253,476,2
"y8hLLjfR-4Q",17,361775,1054,69,355,5
"BOPFQTlrOmU",24,361736,2218,292,386,1
"hbcH02YynOA",26,361671,19859,449,13395,2
"2ZKyMkoO7ko",15,361633,20771,1803,7327,1
"mCfOhEx2ZGU",24,361583,2264,67,182,3
"FF4DLnSLNMk",24,361561,13830,3599,2546,2
"oWnVJSElI-8",17,361366,3531,105,1228,1
"KmRRQh6ppRw",17,361215,3361,155,1045,1
"ADCFHaklJ4A",17,361145,11017,66,775,1
"LotoBix4UDM",24,361143,9677,154,620,1
"GeLtA3D5hjQ",22,361070,6116,233,504,4
"R_5Qfc7APQs",22,361022,12751,1067,1255,2
"zFqmhT4Cr7c",24,360994,14236,500,1311,1
"loZW4U4Wahg",26,360989,712,186,98,1
"mpjokDFDCcM",24,360964,12989,288,5379,1
"sgX_83cHOVs",24,360956,10294,255,2078,3
"XTWyTn_qkg8",17,360955,3978,80,885,2
"_IiCh41jLnU",24,360852,2234,236,585,2
"NxL8Qv_bdMo",24,360838,1912,394,180,1
"5Xq760WJhyo",24,360723,10609,324,1579,1
"JrUgsml1yRM",24,360694,1972,418,171,1
"4pGqb5qJB8s",17,360659,1941,694,1040,1
"3dETQoJCHGE",25,360598,3229,2020,1511,1
"vtdeb5TVVlo",22,360406,11805,786,2897,1
"6XmffKtzgFA",25,360393,4402,579,2378,2
"M-wat3TSQqY",26,360387,10618,254,736,2
"DCMuKvjP-LY",24,360356,2305,346,350,1
"p6gDQRV4yyk",24,360346,1792,509,251,1
"_478Ddq1t78",20,360344,13303,215,2956,2
"blfbtO4B25U",17,360306,18173,348,5755,1
"GjJKdQTD1bc",24,360261,6964,45,207,1
"ho7HwRQqV6Q",22,360174,17283,106,1181,1
"axqUHzRviBY",22,359933,12445,315,4759,1
"o0BBdLIO06M",28,359850,11925,894,2901,1
"5NVrJ-LuvTU",24,359844,1692,454,222,1
"Kl0UEUsyPf4",24,359807,12401,350,2585,3
"PwPwJFIwD80",1,359793,18679,490,4320,2
"EX5e_DvmWF8",24,359775,2089,555,285,1
"aGocFV4QD1E",24,359724,10287,183,2201,2
"W_S7RyVLiqE",23,359708,28320,272,464,1
"OW0Wt30EeCc",1,359666,5295,111,309,4
"N0J4OUU58E8",24,359604,5286,136,585,1
"wcMedJ1CtkM",2,359562,6372,188,216,3
"UsMwHv3Hr3s",10,359551,561,176,24,2
"g3OexFWv8Os",22,359423,3509,501,772,2
"JCJb2VSAMEg",22,359422,1593,42,176,1
"QEgSzHPFlF4",17,359421,1706,149,160,1
"av0zbCcbXL4",23,359420,9643,232,1988,1
"3TIOqgFOq0A",23,359313,37023,309,2630,1
"d73V2oK6Phs",24,359269,3145,267,2343,1
"gU492TPrm8g",24,359218,1165,329,502,1
"vWswNwZH29s",17,359149,8855,89,557,1
"e6XeP9gQPmg",27,359135,16092,202,693,2
"T2ni-wP8SiE",23,359076,12031,339,867,2
"FfB6Sk7nIeE",24,358956,1705,470,272,1
"Cfi9eDcdAH4",24,358954,7980,162,3294,1
"gZf4RFvRH8k",17,358889,3918,154,1167,1
"9UyZtjRXlGE",24,358882,13622,154,1546,3
"UrykleUEkpY",19,358881,12351,201,1755,2
"hW_GokVMbNA",24,358872,13746,163,1747,2
"wYk2i070I2I",20,358850,24498,246,3228,1
"0hmhBU1Zmlw",24,358820,11090,600,969,1
"XJ-OSwI6K8U",17,358770,964,129,87,1
"4V-yu1qYDnE",23,358627,24612,239,2627,2
"veM423POiU8",24,358617,8708,400,1397,1
"1KofiHFsBQk",23,358609,14821,574,2766,1
"3Jo-IXrnzgI",24,358568,11687,134,850,1
"0HyBNgxgV2g",25,358484,2374,439,1110,4
"iE-DWLOolUs",25,358375,28229,950,10270,3
"t4hTppyokq8",28,358355,12122,549,5396,2
"IcVBcb3fRgU",24,358354,2928,327,928,1
"NI-zjCfJa-g",24,358284,3621,168,1378,3
"KzDNW4SCIJo",17,358247,3052,162,1118,1
"Tc90I4FrLqM",25,358223,9029,1771,2348,1
"WAJFBuHvVSw",24,358200,1659,485,180,1
"aEYrwLXZE2c",1,358176,750,154,349,1
"oFwabWdExsA",24,358161,11577,211,1484,1
"51skKoJIKMw",25,358109,1487,302,3277,1
"-F51d6nHEIo",24,358063,6960,180,1191,2
"dXZCJyTe1qs",24,358061,30170,442,1145,1
"tQQDGtqUAQk",26,358052,21199,338,3239,2
"TdzWHj3ueO8",17,358030,1252,200,606,1
"S2fGxefFBh4",25,358006,4708,181,1169,1
"1cXVDmNNu3Y",25,357991,2543,493,3939,2
"P2DFREWkmiQ",24,357936,2524,341,692,3
"S0rYPlProsU",24,357852,1666,531,217,1
"melV2fR6-T0",26,357838,7074,608,1153,1
"_088kAE_w4A",10,357808,565,72,23,2
"tHnQtzdGmno",24,357767,1897,320,199,1
"vDSDTmkKBIk",24,357659,3359,335,1631,1
"8THjKWvRM_M",24,357595,3060,111,101,1
"ON5YYRxcgVM",10,357469,11023,195,738,3
"bLUce3GGvBI",15,357469,15361,180,1015,2
"7tKmcZob5BM",24,357416,16494,328,2671,3
"v2N3vlqSlSw",28,357379,21108,198,3305,1
"4eZbr5qDxio",19,357348,11618,265,1080,2
"s-8wQuCqbF4",24,357249,2570,197,803,1
"wd8h1iND_ys",28,357243,29554,314,2601,2
"MeLYif-nQ2A",24,357197,2288,141,719,2
"9XaUPRA6ZAI",24,357179,3702,157,187,1
"qkM-tTkUbOw",24,357130,7625,63,402,2
"Guds5zc5YgY",23,357116,29274,701,17512,1
"dNxF3WUUB9o",22,357094,18723,990,4438,2
"wK4msC7bnps",24,357093,2430,83,1453,2
"Bu04ULDf-7o",24,357034,1877,447,312,1
"4BTtD9Pcdd4",10,356951,10453,311,432,1
"46RDiwfknu4",22,356892,4448,432,983,2
"XOxB-WE3R7U",23,356824,47952,575,4974,1
"UAjtaEC5cOQ",20,356794,12812,144,1061,1
"z2_fAV6kox8",24,356725,2895,223,521,1
"UZgA3M_XTlc",10,356702,9144,244,350,4
"hKEj7L45LbU",1,356690,721,177,339,1
"Npj0_lZZ6xs",24,356580,11255,294,1001,3
"v_qyfQz5FpA",24,356468,1689,387,186,1
"F1d1si220BI",24,356417,2811,191,729,1
"tPx9ZOmckCc",24,356369,7014,163,273,1
"qHipZ1EEDFU",26,356259,23004,338,979,2
"p-HRrtbQsv8",25,356257,4504,231,2032,4
"vaUvm2dxo4Y",22,356155,10263,398,1746,3
"RvF7VRa4pZA",24,356139,10635,113,1230,1
"YkfE8hHUzt4",24,356135,641,48,105,5
"hkFYWyy9Jek",23,356091,47540,183,4952,1
"KTwo_jTBLZo",20,356079,24116,604,2860,3
"LxVfshdEKt4",10,356037,16718,333,3947,2
"rkFlwFAS8bM",24,356014,1901,483,237,1
"rgLe4EUwetc",25,355938,3164,384,1240,1
"MtNY1V57Ea8",24,355915,11522,519,3171,1
"r-g0Er13kcQ",22,355901,1669,387,347,1
"xHiLWn8hC54",24,355820,12381,491,1423,1
"ja9BzTROxio",26,355802,10824,266,821,1
"b1A4uQJLSiA",10,355766,12514,281,3695,2
"HJLiyZ618-Q",24,355697,1665,352,339,1
"jMiOT7OKhMQ",24,355537,2255,389,770,1
"wOS5VGkRPJk",24,355504,7435,197,554,1
"darCZCdkXmE",24,355419,4001,1140,2330,1
"gLfxdR0nAFQ",23,355264,29257,320,756,1
"i4DiRMmB20A",1,355223,12763,360,959,2
"jFXm5VBBmgg",24,355195,4127,764,285,1
"AnCFlTeJN2g",17,355184,3498,167,1322,1
"HybD6ApqtDE",28,355082,11405,655,3864,3
"6Goy3CLQa9w",24,355004,11085,193,3247,2
"EYRC0ck4yPI",24,355000,1598,395,327,1
"19MuphJzuSc",28,354986,18446,222,2842,1
"qaZd--LEMyo",24,354947,3026,527,454,3
"4LKdSraZA7M",25,354856,3538,201,1477,2
"v65IFTxD32g",24,354816,10724,138,2012,2
"YUuJGAv3Tpc",22,354741,34803,193,1995,1
"bC8ItoPET1s",19,354714,9957,240,1429,2
"9PrndtwT-us",10,354696,2618,236,1414,3
"aIZNHQC01K4",26,354666,9927,404,833,2
"_buEVJ8fDj4",19,354626,12776,156,1415,1
"JmwZ89tzwF4",20,354618,20333,495,11997,2
"elFyAaSDO-o",24,354587,1716,556,260,1
"nvq94pW4l6o",25,354587,9309,283,797,1
"CDVqHdQy8ds",26,354560,28008,171,2751,2
"lb1PqzE9h0s",27,354474,23887,550,1826,2
"p1sxc3V0lzQ",24,354416,19266,168,4547,2
"EzORmmm05Go",24,354381,1715,421,196,1
"pE2HlsFx_uQ",24,354338,2092,387,317,1
"G4CENwuRzpE",22,354328,10118,375,1781,1
"ZsvViZgVXL8",24,354320,727,127,268,2
"oI_k_UMkk58",25,354173,32103,398,5884,1
"Iyl6TPeMSNc",17,354116,4731,307,3009,1
"KPLy0jTgL-8",24,354099,3745,256,420,1
"0J0KNjh4nAU",20,354088,12929,269,1050,2
"ynNKe3wPqVE",24,354067,8774,371,1231,1
"55UsgtrCBHw",24,354000,15324,297,1702,1
"9Z26NYFJizI",27,353924,7668,477,1222,1
"0IDhbweLO2k",28,353681,9669,741,1538,1
"DBwBgD0fowM",24,353371,3030,180,669,1
"fAzCbxJRCDg",28,353279,12931,364,1272,2
"YeMVoJKn1Tg",27,353265,9902,452,1802,2
"g_u_-OD1_z0",22,353090,346,291,1054,2
"1aig3FJwkQs",26,353066,25990,103,3402,1
"0U8ZzIU-GZ4",17,352973,2051,119,739,2
"NrLzKs14lnw",24,352949,1638,594,325,1
"trEE-BgrT1U",24,352913,1718,491,196,1
"sohRVnflO0w",10,352801,6514,312,320,2
"AboKJZN38Ao",25,352789,2576,228,837,1
"J4yUGdwaWfg",24,352767,1272,284,1512,1
"5SmAinYwkOA",27,352490,6612,311,1354,2
"9GY3HUurl48",22,352486,8064,262,601,1
"6YxHFLYc5QA",24,352422,7590,134,2459,1
"7_xV-aDTinw",24,352342,1939,521,259,1
"wflQGe3Bzi0",24,352300,23264,168,2319,4
"jkiUKB6RwLw",10,352297,24253,387,1904,1
"vmVvCOeT5w8",17,352222,5312,80,682,1
"_41phXm5bV8",24,352202,1997,239,455,1
"nUmO7rBMdoU",1,352201,5576,266,1061,1
"B1RrzZ7FzUc",24,352170,2153,154,948,1
"xr6vrCPyVj8",24,352054,11598,118,948,1
"vlIJfV1u2hM",28,352029,31747,667,5482,1
"16FUcwI88GA",1,351868,16738,105,902,1
"494VkPnSvJk",26,351802,20084,181,3126,2
"24bwfGs9HGE",24,351764,706,143,893,2
"BYBAtrERQB4",24,351749,10423,190,1215,3
"dpKT3cAyG_g",24,351695,1815,221,698,2
"oo_xQyxgNpg",22,351660,527,125,275,2
"XRcAqUJ9az8",24,351638,3092,290,569,1
"qvOGjhtF1B0",24,351634,12958,127,840,1
"BCJ-EQhSd2I",17,351618,3557,467,15,1
"E4koNLokd00",23,351603,11023,212,6775,1
"LARd4ygdaII",25,351587,3220,957,5057,2
"gAH6AXi4TtU",22,351527,7080,313,570,1
"GTXXt32P18U",28,351491,18275,546,6675,1
"B4WBB8gAwTE",24,351467,17533,768,2693,1
"qY36KjA61ms",17,351425,3726,334,269,1
"ZGWTKANCxAA",25,351406,2828,217,1823,1
"R_G7thBJAi4",22,351404,17881,365,1638,2
"RDDA_cABC14",17,351363,1514,130,547,2
"BH2tcBNs3F4",22,351331,17493,218,3762,2
"KhIYESxhEDU",24,351317,4586,341,1337,2
"f9ZY3k7VYfs",1,351290,29783,147,3213,2
"QEcwnS8vw3g",24,351265,2561,203,715,1
"cYyjhQonOLE",10,351261,23354,2419,3644,1
"XaKDp3ijSx0",23,351207,24113,327,19578,2
"S-9KkYuwiS8",28,351205,12559,590,4400,1
"vkhOnPaKZ8U",19,351203,11737,202,1183,2
"ZcROceY2LDo",24,351182,2645,93,187,1
"4ILpUbtNw8I",24,351181,2206,453,540,1
"hPuH3Z4g5Ts",24,351135,2268,246,482,1
"x2SXc-mUJGY",17,351127,20128,404,1895,1
"td9Qv3qj4VE",23,351121,52198,410,5672,2
"o-k056Yhdws",28,351066,31313,357,4768,3
"eSdQZWCbqbg",27,351026,7574,694,2447,1
"A1Rt9sA1i2o",17,350911,1049,61,242,1
"m85ywFMlfBs",10,350897,23600,288,1157,1
"deSLc9i8WP4",23,350846,30392,255,6682,3
"MUSG-zD8myA",19,350800,9058,243,1542,2
"ltjhRlCoR1I",24,350654,4942,488,1615,1
"X7QNvnBTF3Y",24,350637,9419,93,282,1
"8AQLk28mTd4",24,350634,3347,177,647,1
"mP7ex_AEmS0",23,350481,3857,183,367,1
"SMrWMRQIevw",24,350468,7526,147,771,2
"UxE9fOLeL-Q",22,350426,16458,337,3561,1
"2QK6Usg2KT0",24,350417,14896,655,4134,1
"xIQp3KeDmwU",24,350333,18178,666,3601,2
"S1Br3Ap2H2c",17,350217,1053,125,96,2
"D-8W0hC4PWQ",24,350173,1883,198,214,3
"0dSR-9mtuzk",24,350159,11143,173,493,2
"v_fQu3q0Ljs",28,350122,13878,552,3781,1
"MHh9NWCR_ts",23,350104,32310,389,3473,1
"LsT3zZTLEdU",10,350024,20762,274,1556,3
"kbx-qZnTr-0",24,350014,9994,190,2311,2
"w0_QVQEbMas",24,349932,6817,117,613,1
"bXoEPINunzk",24,349920,1728,348,227,1
"uSiuF_BryT4",24,349896,2543,247,1012,1
"Uak_iZbX340",27,349884,2106,651,796,1
"UDrwhkLkRgc",20,349870,28289,653,5622,2
"UGn5TsLXqyg",24,349792,40826,174,6433,1
"TQCHnKS0pn8",24,349749,11844,217,743,1
"0OMx2rinpbI",25,349669,1288,17657,111,1
"E_1d1_T8KhA",23,349619,11340,248,1921,1
"7B77bi68D8E",17,349605,4879,212,1585,1
"9Tq8aDCQZqw",24,349589,545,195,1467,3
"NvPmSC-BxLo",24,349575,1649,424,189,1
"EbYulfRzt58",27,349488,8636,764,2863,1
"x6Zsa85zsw4",24,349480,5738,153,989,1
"fYyCSQAqZk4",24,349415,5141,118,657,2
"hwi83dmHARc",20,349374,27650,144,8291,1
"6mPCb0mTHLA",28,349218,3306,560,2810,2
"IeCSv1c9gSo",17,349152,10519,221,2296,1
"71GyNf-JirY",24,349135,12891,1414,5222,1
"r8TqGntA5jo",23,349017,3760,189,313,2
"PSqcvmLE0ek",24,349016,14710,266,3767,2
"uUQ_CHpemA0",24,348943,1751,400,141,1
"hpMOD274Dks",24,348936,11639,1475,1127,2
"oEhhZTk-Q0U",24,348858,3920,658,1655,3
"XwYIhu0vXYY",24,348849,3327,242,823,2
"iorsJTWZBZI",22,348836,1374,347,578,1
"oZJxhwgmCMA",27,348815,9319,255,1137,1
"P1y-rWLMjC4",2,348706,2427,1037,784,3
"UMJQlbTzJss",24,348604,2377,245,650,1
"H3OBjLNLLQ4",22,348539,4276,228,1887,1
"nVTNrp1RuEI",24,348532,4246,918,2495,2
"6q1g_iVh2VE",24,348498,0,0,573,2
"UgmZ3SIm3QE",22,348464,14530,243,807,1
"wwqAYbHWBXs",24,348398,1780,412,230,1
"adUDWlfd62A",24,348362,9763,173,2795,1
"gSavHtPv8-I",23,348329,6491,477,4525,2
"IYPeqDvdEIE",23,348261,29419,311,2164,1
"oDBhOBC5hN8",24,348233,1735,343,355,1
"Yh_Fr5a26L4",1,348218,18420,42,444,1
"phUgGEEzmWk",10,348055,16431,412,748,1
"QunGcGEadUE",24,347926,8154,278,1940,2
"TjR9mQGfC5M",10,347856,385,145,14,1
"Rl6pkKsIxBE",24,347848,10046,84,433,1
"pN8mj9fzvBA",24,347753,2386,73,221,1
"ZjKLItXpi1U",24,347720,8695,354,834,1
"5wmzKVAPilI",24,347694,1447,237,584,1
"HuG2uAWVlP4",24,347626,5347,427,801,2
"BtTi7eR_dGc",22,347561,15508,92,1785,1
"Vw6DLbglEtI",17,347525,2602,84,1191,2
"a935SGqEu-U",23,347503,3930,332,1150,1
"dMy3vgg8dd4",10,347446,22807,204,1317,1
"USWaS40FyZg",24,347442,4411,4946,2606,2
"dJ3YBw4ii54",10,347427,13517,752,1617,2
"u5E1Z3Upmt8",17,347414,4448,250,3483,1
"gX0mQEtB3xw",17,347358,1893,51,492,2
"Xi39-UXtbTc",1,347282,32352,144,5256,2
"MBA8h4LyKz4",23,347269,11136,238,6942,1
"kh8-L1I0T6M",17,347260,2399,107,1012,2
"ueI5bmd3W3w",24,347229,1940,255,495,1
"vRWH9GQ2J90",24,347201,11264,1395,2290,1
"W-FqE81rhqA",27,347179,14365,182,879,1
"zPcI1Efzwgg",24,347163,2885,224,825,1
"r2SwZvIPEF4",19,347120,9662,193,1277,3
"8WClHblmnD8",19,347041,392,8,47,1
"-vVmNpGdt6E",24,346810,19046,316,4597,2
"jZwlGiSPb3w",24,346757,1855,384,162,1
"9nV8gBVm7vo",1,346734,3141,209,949,2
"ITEe69bYFbU",24,346720,3083,125,197,1
"GO-6wpLxgVk",10,346711,20607,728,3625,1
"KXdxsNNzol4",24,346660,11686,344,2290,2
"Roqs39twX2Y",24,346649,10113,412,8188,2
"aoo-XYANh2I",24,346628,7958,120,2149,2
"Ww20vcuOWio",17,346567,1527,210,647,2
"y_XvYHi42hs",24,346478,7539,91,556,2
"XhMk0Supuq0",28,346434,17122,704,5589,2
"UIwdCN4dV6w",28,346341,51715,181,5569,1
"HLgLWYsTZbs",20,346337,17253,107,1839,1
"4OZ3pQ7pLSU",27,346256,12944,191,1167,3
"RyquDQ5kWSs",24,346236,6588,315,3849,1
"sokPIM7npF8",24,346229,32892,399,1407,3
"fXf509_xRKI",24,346182,14622,160,1889,2
"q_jWDqOxGp0",25,346158,391,169,39,1
"QXaMyP_RelU",25,346098,1122,45,520,4
"zy_df28N7WE",23,346095,42677,512,4036,1
"OMoY0SoP_b0",25,345984,3089,714,2571,1
"j6YThmssAsA",24,345960,4868,367,1899,1
"Kj7GU8_kOg4",10,345957,11899,550,954,1
"eE-CeMeo_Sc",23,345886,17594,180,1223,1
"VI4NZW8q6nU",24,345870,36481,230,2082,1
"uiLZxSb_Syc",27,345814,13707,154,2148,2
"tr7Nn8jI8io",26,345662,10110,716,554,2
"6ijnv-jNhUA",27,345571,8320,260,1330,1
"59GTIHBLD5E",1,345522,13979,123,646,1
"T2LAd43JoP4",25,345451,10663,5569,3589,1
"gezznaclv0I",24,345406,10141,236,2084,1
"_3HCBIFKy0A",24,345309,12583,188,3610,1
"9MxDmtuUBsU",23,345289,31169,382,5401,1
"5XtoQeV6nSU",1,345254,30765,184,7879,1
"4A54KxcMwLk",27,345210,9198,448,2415,1
"YVHfVVX0U3Y",24,345139,19229,150,1437,2
"v03CRr-FKkw",24,345128,1985,368,193,1
"h6t47ejl4Jw",24,345117,5569,348,932,1
"COpBcuZL99g",24,345112,724,143,627,4
"as2HPostEZM",24,345035,1808,409,228,1
"D9MZu49kFx8",20,345014,12298,207,10167,1
"sIQ-r8ELvXo",23,344876,23011,178,871,1
"UNWqrAhaLhM",25,344843,2234,158,2135,1
"HeLyHoJO-mI",24,344810,34884,344,1382,1
"WSUaA25IcFY",24,344791,1773,379,258,1
"y1h7C3ALV4c",24,344683,1917,402,223,1
"6-JJws38U2w",17,344610,3145,117,813,1
"KoS8vltMujo",24,344397,11599,965,2071,1
"rYFdWPlJvBY",25,344391,28092,258,7494,1
"e7WSwRVKwBo",24,344369,12922,206,2646,2
"2DZmK7NL1v8",25,344367,12833,192,5597,1
"bos62PMSmRI",20,344364,15875,183,1759,2
"8e8FlXc1Vyk",17,344285,1683,80,516,1
"QQFqPtKM990",10,344201,1284,263,117,1
"VMeSTS-T64g",17,344197,3903,176,1448,1
"EAto14gxg2o",26,344086,17590,690,1141,1
"JmmpGToEEsE",23,344039,10755,203,1337,1
"5J7mELP-9jk",17,343964,9808,96,919,1
"0ZLbOuW-NuY",10,343876,64327,279,4590,1
"gylpscmLHH0",22,343845,9985,210,1707,4
"GnMJcTDE8Cg",20,343686,15389,277,2996,2
"9TFlxXSM_ks",19,343622,11066,362,1418,3
"w-rabt_ibJo",22,343577,2428,241,894,1
"Q9wuo_inlAY",1,343535,18610,132,845,2
"bO-s7sss0vg",25,343517,3762,730,3514,2
"tSvAPO-sy6s",17,343267,1415,116,110,1
"s27f2Tp-1wk",24,343246,1745,215,929,1
"ObTqVQx3UFA",17,343226,743,51,481,1
"NrFgj3L9DXo",24,343200,13891,240,5309,1
"puqaWrEC7tY",24,343168,10172,666,2146,1
"dSrqzNQhIo8",23,343154,29214,205,559,1
"ns5GVD8WGdU",24,343143,8689,386,1631,3
"CsS6FgU2-RU",24,343115,5024,101,352,1
"LPsRp7uUXUk",25,343058,27419,2081,10484,1
"D9F2ZMLnanU",24,342985,844,57,376,2
"o6tZObhPg5U",24,342869,2952,222,982,1
"e7IfDcE1iRg",25,342784,762,257,296,2
"qV6JeZdxo5Y",26,342779,19738,663,5802,1
"aquheWlDsbc",26,342653,10956,195,1425,1
"NNB_yf4UPyY",22,342588,5058,243,684,3
"40HS_V_8v7c",27,342544,2070,408,275,3
"56XbwQ59GbA",15,342491,12368,232,2331,1
"hw4zP6qhicg",24,342468,14009,199,10044,1
"pjQMaBK3mbU",24,342345,1849,368,199,1
"pMifShRi4rA",24,342239,1281,216,166,2
"-2fmOkN6KH4",1,342238,9748,443,1373,1
"83paNSKdfNM",24,342220,7457,653,1434,2
"ap5KamI-nRs",20,342174,12700,138,984,3
"1Lga8Qm1Xmk",10,342088,533,215,17,1
"ngpGwE_k5E8",24,342021,28761,266,2380,2
"M79zcP113Lo",23,341924,19381,309,938,1
"NN4PegHL8dc",24,341902,3403,325,442,2
"1xbt0ACMbiA",25,341849,14857,538,2623,2
"lT-vH8nJASo",25,341849,1672,538,2405,3
"jTW5_KvkGoE",10,341811,13441,1243,3655,2
"c5ZB0p0zBg0",24,341799,2197,329,267,1
"HUiIisJqt1g",28,341700,18487,674,4465,1
"E8B8TniXXkQ",24,341690,1682,377,222,1
"A9QDgSTVhyM",23,341685,20199,898,1429,2
"-339h1pPm0k",10,341665,8871,207,1426,1
"3cbavesaC3Q",24,341658,3009,254,1258,1
"HHodhsY6-m0",23,341555,38737,279,3959,1
"84XbqptJD9k",26,341551,5298,583,527,1
"xZxOAqiQiGo",23,341389,44134,1045,5485,1
"yotofCY7WWk",23,341369,11269,282,2643,2
"97zYD_1Pg3k",23,341356,11329,295,3288,1
"JoVcuCChCSA",26,341356,16165,210,1752,1
"MwdYpMS8s28",27,341284,16533,192,6068,2
"NbmM6_NkalY",19,341269,8077,220,1623,3
"E0jHyYOESQA",28,341250,11158,501,2825,1
"SSM4cT0chPU",26,341244,13822,595,1149,2
"WsoWyanP5qo",22,341168,5346,560,1206,1
"woJJNz1ZAV0",25,341134,18017,439,6073,1
"IrCZ3kck6Yg",24,341129,3735,506,1744,1
"Tz3KM7lb8vk",23,341115,31357,217,8530,1
"2FJXOXSLc3k",28,341047,13573,242,1510,1
"gKpltXovsuE",22,341025,2643,294,818,1
"Z7SQViFA0h8",22,341014,35132,115,1703,3
"eHQudvHID7c",24,340915,10459,296,2016,3
"b7R9aIq2wYM",22,340899,8959,297,963,1
"GfUIsHizsis",19,340888,10810,234,1763,3
"dsvHNczQwQo",24,340886,12969,233,2600,1
"y3W9mDr--3s",25,340884,3425,253,1789,1
"00QUYoZHnH8",27,340881,19829,268,3715,1
"ppqEXkWZDOQ",24,340859,4093,304,790,1
"fsoyuZDgkxM",10,340852,3977,59,233,1
"cpTeQJiQnog",25,340815,5362,546,1558,2
"yb9KIuduMqM",24,340758,4151,312,1759,1
"D13CmIFTTqE",24,340718,14744,660,2550,1
"14pwiHUMqZ0",24,340706,521,610,400,2
"5pnni35Rmag",24,340666,13192,1109,3500,1
"vUvV6vuf8XU",24,340656,3897,243,476,2
"-AxDWoR_zaQ",25,340638,2642,772,2296,2
"dcReaeG1Thk",24,340539,1708,387,478,2
"jnN5skewYt0",17,340519,2000,199,322,1
"zzO3J_pp9vc",10,340461,11158,173,626,3
"mgscVzZ1DP0",24,340456,1247,225,730,1
"aP_rYIMEF8Y",24,340440,1732,455,212,1
"JpjfAYrZxXU",24,340436,1033,356,881,1
"U8YjuAMb6e0",2,340315,18259,141,1987,1
"bn3jHugG78U",20,340298,22205,72,4954,1
"T4opMAG3uDY",22,340269,8850,162,596,2
"UDlpZJ8EG8c",24,340104,9689,143,1591,2
"BjVJiOrHRjU",24,340050,1286,299,295,3
"4VL9VPnSfcY",24,340044,4979,728,3324,1
"IcLZqpB_QPg",27,340001,10976,938,2405,2
"53tqxdYlspg",25,339982,3621,1735,1967,1
"JZSmsDvxKek",28,339949,16922,883,5830,2
"oaJoZDJMQyU",19,339914,12554,214,1426,2
"cYYiGxRBy6c",26,339867,10959,377,607,2
"KvQAsgovx4s",22,339835,15072,89,1025,2
"DDJ_7EcCgbE",22,339768,5491,275,580,1
"Yo4d7-7tUcI",22,339615,10932,310,4483,1
"T2hyuhoBQdo",24,339499,3298,438,1070,1
"tEbF9Jpp7E0",27,339488,5849,385,2035,1
"sJ9ANnmtdO4",17,339359,872,143,125,2
"26qOMpjicGs",22,339263,2628,96,175,1
"dW08GoJfdLQ",23,339159,18554,162,2125,2
"T5b65lgsvsM",26,339141,21862,179,4467,1
"4Sx-D6aQ630",22,339125,487,496,133,1
"NxqjMiFe-rQ",10,339053,19962,1239,1274,2
"RXtJcEIkYks",15,339008,29899,182,3690,2
"q2uvnl3US1w",17,338960,2613,112,189,1
"vIVaLtJmyPs",24,338908,25407,228,3184,2
"YGE6MBSNHZA",24,338854,6373,308,1545,1
"3nVkhp2xtHg",10,338821,12836,888,1473,2
"tfLBhvvohFA",24,338691,1840,194,428,2
"dhQmYcugCv0",23,338648,15078,847,863,2
"z1J2DSARY3k",24,338547,1752,413,229,1
"O_qHiqmz_4Q",17,338507,1124,218,1695,1
"0GPJbUyG7b8",24,338412,3577,692,847,4
"dADEn7OYUO0",23,338394,12502,341,2236,1
"AiBtPy0EOno",24,338303,5425,474,774,3
"G5wnb2xMKzk",17,338271,3038,150,1146,1
"gnAjFnsAi8g",24,338186,2041,282,2379,1
"VTtQIefMQ-Y",24,337973,1673,246,261,1
"SfKH-6lPwAI",10,337941,15565,622,2262,2
"uM2wB-x2NwQ",23,337920,7811,165,935,1
"t-xnSylpj1k",24,337863,1538,382,292,1
"G3BT_gqLyPs",24,337850,1764,427,259,1
"6Mu4MtIUVd8",28,337842,16058,952,5479,1
"QXcbVHFE2bo",24,337827,12163,200,675,2
"dY2jpeasD4w",24,337788,6006,265,678,1
"QYU8w4ONQVo",24,337785,18473,135,1658,2
"6VHG8Jl6s-g",24,337674,976,562,526,4
"5iPGis0k2Yo",24,337650,7548,94,471,1
"qeU0d5eI1VA",25,337641,30844,297,5329,2
"Fv8GmEPR1UU",24,337568,2114,218,586,1
"ORzkjXg6M4k",28,337554,33630,450,1721,2
"WXw4Y9mSkA4",17,337534,3459,133,1692,1
"6ECoCQfG4C4",15,337492,12861,272,9741,2
"W7C6kH-LbpI",25,337440,5258,115,1298,1
"l5Pq26lOMWM",24,337440,4446,325,1804,2
"po6SasDN9Hg",2,337435,12005,684,1734,1
"7PqrrNcOcWI",24,337308,14371,778,4376,1
"VqLLQi9K_iQ",24,337276,1767,365,208,1
"ehfdd1eH4g4",22,337273,3271,1367,2346,1
"1LSQ-wghipY",1,337212,1736,62,139,1
"JrysoawAaYc",24,337195,1640,447,348,1
"u3lPghtUucs",28,337122,16291,258,2573,1
"Ycx7cWjt6hc",24,336943,1264,248,244,2
"_gQ4e1eRmBs",24,336934,1979,460,352,1
"Hi66VkWOBiA",2,336926,13983,158,1348,1
"9PhM-zCmTFs",15,336907,18768,177,603,2
"ZWexhd_kK68",17,336906,3048,268,804,1
"rN5oTycwdM4",24,336898,2370,66,102,2
"CXVvjoPTn1A",24,336781,13061,777,1013,2
"seTszU72yGw",28,336769,17105,417,2285,2
"OegU7XqqGYo",24,336759,2372,235,608,1
"MLHxpJGa0kI",10,336740,14429,164,906,1
"jYTy1SMx-DQ",24,336737,2307,125,201,2
"tjrvKA4w9-Y",27,336730,18858,877,3215,2
"yVJtCkKYD3k",23,336669,11454,191,690,2
"ZtYa9iGuWrQ",24,336662,11729,1654,1217,1
"lxCzSxgh2Hk",22,336338,760,367,20,1
"WlX3HhHMwmk",25,336257,12571,378,2175,1
"xi18L3ZWe-U",23,336246,24256,213,2436,1
"1MwgNPfmF58",23,336169,1539,245,144,2
"2ljW_jKNmL0",17,336100,3309,161,1057,1
"M0Du1OzTlmI",24,336058,14537,277,3968,1
"wItohUpe_CI",24,335950,4385,196,555,4
"3t7nrkDhVJw",24,335944,5311,275,949,1
"fEpnqRe9Nl8",1,335889,10672,140,1134,1
"DIARSnA92hU",24,335869,10757,106,747,1
"SCxtdVwf6l8",19,335847,12642,279,1430,2
"Np0LMwqtOVM",26,335760,8035,162,977,2
"bFIB05LGtMs",24,335752,43566,101,2171,2
"wwzoqnCUP-8",2,335739,12389,1137,1448,1
"pOWq8Y15WNY",20,335732,10319,91,1486,2
"utrvWm9XMRA",10,335728,47495,699,3810,2
"LD3pVORn7CU",24,335726,2203,519,1300,2
"ki39G5uEf6w",24,335725,3020,74,512,1
"odHhIVjDgq8",15,335702,6484,153,327,2
"G0_gabh38_o",24,335688,2840,142,247,2
"chbbXmLIIwI",24,335500,5482,545,1406,1
"kmVcxfIdrMk",24,335388,10929,217,4379,1
"HPytBIKUD-k",22,335322,33760,250,2382,2
"6aztuGHlaYU",24,335260,14452,100,1359,2
"YiEFcURJ67U",24,335192,8628,139,487,1
"IXSnu46rGIk",26,335159,15593,151,1365,2
"hQAe8NjBW_k",24,335120,1375,196,1088,3
"KHf8jzdZOFw",27,335069,8972,321,2109,1
"9-ybQHeucis",22,335048,21372,518,1623,1
"3ToRIUoXmIw",24,334980,22541,269,1021,2
"lARpY0nIQx0",28,334886,28119,519,2937,1
"QrCcXKcDeq0",22,334860,24988,301,2542,2
"tSWnzX17P7Q",19,334847,8041,172,941,3
"w9rBtmKhNZ4",17,334789,7455,132,569,1
"CyGqMZQAMio",24,334753,4304,43,181,1
"1DufwB2-HA8",24,334643,1705,476,279,1
"MOi9ZIaV9V0",24,334598,15069,154,2106,1
"x5O6lhLmUp0",24,334592,24760,1777,5046,2
"SX9mF288Tb8",22,334473,29792,71,1732,1
"cSAYLaaVvm8",27,334436,9358,624,1515,1
"SIoSBhVyxOI",23,334397,27029,245,2991,3
"HRC927fQLd4",1,334260,2796,235,370,1
"HhFpchoeu0A",20,334254,28384,167,1895,1
"TfvmgiVFMKk",22,334213,1594,60,392,1
"aRKAIEk3Bac",26,334173,17196,189,1958,2
"HV9deCCCZPw",17,334173,9425,73,642,1
"UINgml0Z51Q",28,334138,12774,815,1233,1
"lJGV_P8VVOM",24,334124,2003,376,278,1
"oidnwPIeqsI",26,334120,10760,154,1268,3
"lOD2ZuKQnRM",24,334088,10875,88,1082,2
"ezcKh4OdkWg",24,334038,6329,286,444,1
"JJG-hy1ke1s",24,333981,1825,434,320,1
"pamLa3Q3k6g",20,333959,21580,176,871,1
"3-QFiVV_aeM",27,333936,1083,327,306,1
"6wzzi2qfBio",24,333927,5197,426,1584,1
"lZjxvVBgfk8",22,333895,5334,434,1334,1
"UHmQR1_s_IY",1,333806,3117,153,724,1
"WGROZc8gHxk",24,333793,2448,502,929,1
"edbwO-wlyMA",17,333785,949,79,344,2
"uaLwpoULKRY",24,333783,22738,103,1134,1
"W7H_IRTXOUY",24,333732,34341,1212,4747,1
"8UJ0DjBQOMU",23,333711,37076,185,1923,1
"fsHtn5deeRw",24,333664,4992,359,810,1
"wngt-csoPHg",20,333646,17902,142,2752,2
"ti2bIDcnDOc",23,333586,4056,73,174,1
"8RT99hfmZw0",19,333582,8745,342,2074,2
"o8kmzvqMEXI",24,333492,11365,610,5438,2
"AHwZBYCwxPY",24,333489,13705,117,2370,2
"0WwsuAzck9g",22,333461,16736,185,6107,1
"qwCKlN7KCPo",23,333275,8906,312,1415,2
"babe4uJypMA",24,333107,10386,316,1604,3
"gD7MOR4CfLE",24,333088,4722,503,1556,1
"A2lLjxIrXqE",24,333013,1770,224,750,1
"iqenzhetPcE",17,332999,6914,368,1419,1
"YfP6tpVunEM",25,332948,667,526,1207,3
"jGfvkjzLrNw",25,332803,10851,654,1782,1
"QjJHXu3Z6yw",1,332708,3257,640,1378,1
"-vbvVFdK18c",25,332690,26904,217,5095,1
"c9_Idk63F1o",17,332682,10545,110,1046,1
"dltK5r4GBec",25,332674,35146,639,8920,2
"AlMHt15oUlk",24,332653,6761,524,829,2
"L3uO_kyjMfE",22,332612,5172,333,1144,1
"qpVqF00TVkU",28,332589,13808,366,2602,1
"8zd1iumBw-g",22,332573,2603,242,832,1
"PlB19X2N1cg",23,332541,15533,696,6558,2
"EIj8B5egJTs",24,332537,24623,333,5653,2
"TmlQ0plngXU",22,332528,5793,196,507,3
"pMMb3DUM9Q8",24,332443,4355,32,979,3
"XYSl_Ngt_gc",17,332370,11672,116,1134,2
"HnFIGDyytYc",24,332141,19975,337,1958,2
"i51pFutwhPA",24,331877,19217,341,2057,1
"Unw_45QBxvs",24,331862,6136,181,325,1
"VCVkMDX20Q8",20,331854,13835,217,641,2
"RFHGVQ6Ni_I",24,331688,5643,57,325,3
"EuAuos3Zxbk",28,331607,13419,732,4419,1
"b7QKkdfA4xY",27,331494,6497,257,777,2
"bwYadEhuFI8",28,331465,1683,67,69,2
"eo53TL8P2Cc",10,331408,16708,290,1077,1
"zUkXQmTri_E",24,331375,10913,413,1071,1
"r82iAZdQFtw",25,331293,759,171,776,1
"_amE6pAAZHE",10,331157,9298,217,257,1
"HFavQ6TNFtA",24,331142,19145,243,2849,3
"z8y3HLYe7sU",24,331064,2365,569,1228,1
"G_ZxvxtUwus",28,331035,16274,708,2048,1
"_Qu6ReIn46c",10,330926,7717,275,313,2
"Jnei1md-Ia0",24,330755,8470,811,1813,2
"_-Sbhgl6FtA",24,330732,5285,239,617,1
"hARjT7uoWUg",20,330690,23012,193,2745,1
"seByECDiyQo",19,330634,13031,252,1737,2
"M3j78ryw9Yw",24,330478,5520,529,2523,3
"ycunI1DJ5xI",23,330464,4160,35,166,1
"UrhqmMRv1gQ",27,330456,16545,207,1923,2
"mo78xn-6hRg",24,330449,2470,56,169,1
"NBVc9Umt8-s",24,330361,3923,468,2234,2
"_9rT6O4ep0Q",20,330197,6062,162,30,1
"2zHH6__GUXk",24,330156,38574,155,4083,1
"zAAXMY6-ZHs",24,330128,11886,1950,2089,2
"WYkX7QEi3EA",24,330119,8330,111,704,2
"gn4BHh_I5Tg",24,330086,1269,299,805,2
"uQw57BBVA4g",24,330070,1853,409,253,1
"3BxUlhsQOKE",24,330038,11848,1522,1716,2
"F0Zn8CD4kCk",22,329961,2025,272,654,2
"uLQxXZnTEMI",24,329943,24673,158,2819,2
"nkSmSXqx7pk",24,329925,5297,174,408,1
"O8hm2Ml-pA8",10,329924,11064,255,442,1
"DTaFgkbz9GM",17,329880,927,89,113,1
"KEutzfq5a5s",15,329872,11972,493,2510,2
"2h6k6eg_RmM",24,329856,6924,72,397,3
"4_geUW08phI",22,329733,726,33,159,1
"a0INQapwKV0",17,329721,6706,3286,1321,2
"SIoPQR_mYho",22,329699,6920,308,1050,1
"QOjmHd_rJKk",10,329695,3086,477,495,1
"789NKyQHFh8",24,329685,20043,629,2163,1
"2KXV7GDwxnc",24,329465,1582,479,223,1
"iPf_ifCKftc",10,329445,23367,587,945,1
"fx4TTAae-q4",28,329429,30515,259,2114,3
"dRrlWC4O2D4",25,329429,17104,242,4882,2
"zNqUptqx3bY",10,329399,30434,410,2849,2
"h-n1PZmNvrQ",17,329333,9551,122,817,1
"G_Pu00NmJfg",26,329176,8905,175,908,2
"gLUzyAsf3Qw",22,329078,28724,170,3307,4
"IPXqreoJEyk",24,329056,2023,220,553,1
"HHZ1D94GWHY",23,329020,3482,123,198,2
"RSX3R64_ryE",24,328933,1667,347,222,1
"6mQEa6VtRwA",24,328872,11587,134,582,1
"lIW2YlQla-M",23,328814,30738,285,3028,3
"XoRPAjwpNuQ",24,328792,5329,127,1263,1
"5CAEK6Yd-Y0",23,328789,25200,241,2907,1
"rQBftVxLJGI",1,328784,22083,285,1832,1
"_sut9ox9axk",23,328766,4511,155,425,5
"3o_s7qNvt2U",24,328729,3293,455,1130,2
"WmzSRrDAICY",17,328726,2462,196,582,1
"7Qu0BlJS0zY",10,328662,9807,558,1055,1
"6I85z8i9z3o",1,328599,2213,188,415,2
"j1ePWI9AAfU",22,328575,3341,567,2183,1
"qPZ38A7nhqY",24,328533,6967,307,810,1
"BwWy-4EF-Mw",10,328439,4524,284,773,1
"poqbqD9H3DU",26,328351,24374,196,1941,3
"V-0UCEWtLa0",24,328291,12200,151,1745,2
"wBuHp4s9i5M",24,328265,2123,232,485,1
"Nf6yR13lqCE",20,328194,12562,326,7268,1
"p5ErBWB8oho",17,328179,2525,116,486,1
"k79WjteWjes",20,328127,18358,117,1470,1
"Tx_ukvRq5Bo",24,328123,23898,2458,2807,1
"VZaLxRPbE40",24,328121,12560,1440,1363,2
"w6ZxTzPDn_k",24,328044,1481,327,1430,1
"x-2bRMGR40I",24,328033,1548,492,311,1
"mwhrzduOrxs",10,328005,7374,160,989,3
"-El8z4uy5Ac",23,327936,11643,584,1305,1
"IJlXXvSFyUU",23,327912,6306,188,275,1
"fYPZjZtr4YM",24,327842,2303,207,560,1
"6q5mUNEEn2c",28,327826,13422,1772,2235,1
"9jBFTFZHSOE",10,327748,1590,322,484,1
"ObOUYc5BGnQ",25,327541,18215,825,11001,2
"H7k2HU2WWwE",24,327529,1635,473,252,1
"TBvehNahDc8",25,327481,5989,427,1952,2
"WFPz3YMKN6s",2,327452,17592,455,3025,1
"57YZ7cktFuE",24,327388,2603,3214,2428,1
"tsxAv2GOxIM",24,327212,1448,528,209,1
"hoc2RISoLWU",24,327139,1386,89,93,2
"fwmZZZwE_iY",17,327103,994,83,512,1
"hguRjCX4FiU",23,327058,5755,176,867,4
"yh9eLjOEgoE",23,326798,26456,626,4906,1
"VRyZrfRUIjA",24,326731,2066,218,693,1
"PeucxIXNLq4",20,326704,44098,189,2805,1
"9PJSR0oKJOQ",22,326704,40421,190,4618,1
"zIfwaU3S2VM",24,326683,1854,441,206,1
"7bT5cTlc8W0",24,326642,1828,498,254,1
"j5TnQG_2Ya0",28,326564,1906,311,700,2
"zTpiCi91n-0",24,326556,4958,306,1856,1
"MXRm48hfaCc",24,326516,2664,172,455,1
"gP9wA7gIu4Q",26,326504,17089,158,1825,3
"71AFCDqpJFI",24,326442,3860,106,0,1
"Er__195WaYQ",25,326419,1383,457,97,3
"7qXThIy_R1k",24,326370,4193,260,1614,1
"_baB6qGU4sA",25,326360,2723,184,947,1
"kouLVHEx51k",2,326356,19285,109,2176,1
"WB6TlXe1MSo",24,326308,2389,299,800,1
"jYuQMwNiOlg",24,326278,8801,211,871,1
"3g246c6Bv58",27,326221,17935,193,1445,1
"5oMxH2sCddY",22,326189,10393,144,1603,2
"cUKZJ4PPxOM",24,326008,4147,190,875,1
"BpQB9NAePhs",26,325881,6555,394,1136,3
"PV8maMvPqhw",19,325851,8998,185,1272,1
"0vTUmi56Jf4",24,325741,1686,277,185,1
"sxOejil8qFs",22,325735,18653,117,1143,1
"80T59B2RVOo",24,325726,19752,840,3567,2
"QfZ_kSJjH38",24,325706,11514,993,3710,1
"YjijmoILFU0",10,325590,1517,111,56,2
"XY5OYFc1tzU",23,325569,12404,1024,1437,2
"DGFYeusTrKc",19,325547,8010,427,2246,2
"6umCi7Y_e_Q",22,325520,1633,68,185,1
"kIT3KAfutow",24,325497,4853,404,928,1
"201AcBLBAjQ",17,325495,4857,81,1570,1
"TN5jzDgORqQ",24,325333,2750,307,383,1
"PDJaTkemrp0",28,325318,1859,640,668,1
"eqvXUOwArdI",24,325310,6061,93,797,2
"pdFdU5GOBo0",22,325260,7082,123,641,2
"zHs4hIuAEGQ",17,325177,7975,59,153,1
"RmJbi_3anCY",22,325117,1593,193,378,2
"1csFTDXXULY",27,325002,10199,335,1139,2
"ZhVX97_cEtA",24,324993,2038,124,0,1
"FDJ2yOCoGqQ",23,324983,24480,301,1930,1
"2sH9C2v7cg8",22,324907,4874,210,1394,1
"R3gYYWIAaM4",24,324847,2418,134,60,2
"rrujSJPLHOA",27,324790,8040,677,2806,2
"301yDF2fIf4",17,324779,2909,143,1428,1
"eer7v40jDOI",23,324778,9897,280,1548,1
"Rs_WMxAT32w",24,324734,7696,167,493,1
"wV-cpiPlTNE",22,324710,5709,443,1306,1
"cIkEjFiUqwU",25,324708,4385,687,0,1
"H6jFmjad37s",26,324707,1092,96,262,1
"0y0FPoaapG4",23,324676,24718,325,791,1
"VIEYlKto6P4",24,324642,4262,427,1035,1
"Q3GL0od64-I",24,324610,5674,64,439,2
"rOuSqjF9M8Y",24,324544,10121,312,1094,1
"bLYQjS9UwvU",15,324477,23266,116,1617,2
"OG0_psIy4eo",24,324353,20310,164,740,2
"0JcNT6jYGwI",24,324321,12500,119,2564,2
"_ysLoVrIAgw",25,324309,499,148,0,1
"a--Xc12aBIo",24,324268,3407,143,201,2
"tb-dW5x2DAc",10,324230,31439,40,2575,1
"iBOfGqACh3c",24,324190,1495,201,274,1
"0GCFb8vO6xI",24,324149,2145,221,486,1
"cvAn6EQcjwA",23,324109,11274,292,3421,1
"DKe8fCPzPQs",24,324104,5549,74,2299,3
"XK6unpKaSpE",17,323931,3713,517,4,1
"mgkF1DJcn7Q",25,323909,1393,485,233,2
"7AYNiPyBWbc",24,323909,2427,210,778,1
"SgpDPdlvnnI",26,323887,21091,209,1538,2
"IWwCd4bCf7U",24,323836,7022,115,399,1
"J1etsBRXMuo",26,323819,8653,406,805,1
"Z10zTYK3snA",24,323784,1540,665,433,1
"GwcDBgfmJks",1,323710,1808,89,760,1
"8g25pr9jrnQ",1,323665,15041,115,3523,2
"dbSutik_x90",22,323658,26304,305,1734,3
"r0fjzDUAas0",25,323570,25841,366,6698,2
"piRPIccuo1s",25,323503,2802,739,2762,3
"EyiSSQ0xVnk",2,323450,16665,78,2277,1
"nldx5gGnny8",28,323420,12350,475,2524,1
"F5U_XwPATw4",24,323367,2217,264,513,1
"2b5szHlQI_A",24,323205,6683,544,4742,1
"lPtm1ggnWe4",26,323121,23827,885,4584,2
"jkkIsJuxoos",10,323038,2458,536,1716,2
"K1fKTYZvzs8",23,322991,10093,279,2394,1
"C-jqBSbMItc",23,322891,17116,202,7558,1
"_wS7seijyks",26,322818,14604,420,2014,1
"IP76Iue4-kk",28,322814,10464,561,995,1
"LiHNJKSKCs4",2,322803,14383,287,1894,1
"8mQelXnPxUQ",28,322714,11798,876,1424,2
"oFMZ1e_zfj4",17,322669,1352,87,117,2
"33LIRKhj1cg",17,322607,1035,70,410,1
"ErlEqdAyvlU",27,322595,23116,573,2014,1
"CRcRAb8BBFE",23,322556,5867,285,816,2
"d94h-PKyh64",24,322495,10578,185,1480,2
"UR44mM2GbnE",20,322465,24148,1191,14569,2
"sbJZQ4-pKlc",24,322424,9152,202,832,1
"xGaNBT2ioDQ",20,322407,14187,360,4727,1
"M61Vt1C69JA",24,322174,6975,202,591,2
"DGPmgwTTOBQ",2,322162,10115,133,2389,1
"r9Y9KP1nTjQ",24,322092,2125,223,542,1
"cgexTg6KRsQ",19,322051,10492,303,766,2
"osBrGeRCVqY",17,322037,3038,160,1225,1
"Yjq_9-lWsVQ",17,321997,2325,194,1221,1
"C8qfKaswuYI",10,321968,2243,181,273,1
"3kmwbqgwwi4",24,321934,2684,2497,1700,1
"-2yP-zSyGEM",1,321826,647,123,245,1
"FzMZnDWWQZk",24,321790,10150,1688,2999,2
"o3m4LNkrJD0",24,321782,23684,103,1437,2
"WIWgdHYYQO4",19,321762,7631,177,871,3
"e7EscYXjozs",24,321677,1218,154,678,3
"VAx1GDM2jD4",17,321605,10231,89,903,1
"lNVoug_84wY",22,321589,2659,531,1908,1
"Ur-mKYp-WiE",24,321574,8401,264,592,1
"7YC9Djn7moA",25,321558,5858,535,3180,1
"m3vPWbJoBrQ",24,321545,6387,83,1489,2
"tHEwEvAXxos",24,321399,13183,101,1651,2
"xo2ISWrQAsU",25,321295,1880,441,2921,1
"fZcQah57jnY",24,321018,6008,62,399,1
"UCSmH6OLPC4",24,321018,6008,62,399,1
"1UE5Dq1rvUA",24,320964,8069,285,717,1
"b1z86mDKwwU",17,320850,8299,90,461,1
"GVORz_cd3q0",24,320740,5092,151,954,2
"gwM9-DzHimw",25,320632,2159,361,717,1
"lmLcejtnebA",26,320622,32089,263,51882,1
"rHh90xjsDR4",23,320562,9696,412,1299,1
"Z_IEKoN77Hk",24,320550,2060,395,703,2
"m19DC3rYt6o",24,320543,4585,614,1128,3
"YJTu_jrzSQs",24,320512,2103,225,269,1
"tcPKlUnkrF8",23,320476,12452,230,1856,1
"OJXP7s7_EVQ",1,320472,38414,297,5695,2
"e7eNq6hTm5E",28,320436,12249,355,1856,1
"vBl-wxN3S1Q",22,320422,46152,125,1656,4
"GjP_A1Q1sjM",22,320294,600,254,370,1
"V_2Uf_s_ctU",26,320279,18877,563,1076,1
"Ppmf8CTxkSI",24,320259,1495,430,152,1
"MZaC0V_r19Q",10,320254,444,177,17,1
"5Skbq1aWesQ",19,320243,7859,179,861,3
"FW4aRZnm4a0",17,320241,1391,54,577,2
"Qxs8fauXxLk",22,320238,7748,226,547,1
"73FJ4rfAKL0",22,320224,12275,216,404,2
"vUcX6wBPqCQ",28,320159,12539,469,1784,1
"uFy3LuT4BJA",23,320149,14518,382,2628,2
"ZauwpAuNN2U",24,320101,1645,552,243,1
"7Y596baVB1Q",24,320084,2878,1855,1236,1
"Ar6PIDo7xpU",24,320053,10321,523,696,1
"KpDwFdp58-Q",25,320045,19884,1482,10812,2
"dz6evO3R3hg",23,320041,6634,683,3058,1
"EIzAshQdWeo",28,319990,15938,480,3236,2
"3aMMshj-nJs",26,319938,19802,252,2366,2
"qaTfJPNhq4s",24,319920,1713,395,210,1
"rZFHwZp4FJA",20,319906,12956,253,1063,2
"xiS6rSvxl-M",24,319817,1796,562,1065,1
"t0mcuQIiPyc",26,319769,23534,544,1204,1
"_odvYvbW9VM",23,319768,7433,103,864,1
"ScVxHQwbPJs",25,319742,2033,337,2715,1
"c7UKL4zg5KM",24,319683,14739,221,1989,1
"RLLOqUGfTCA",24,319682,6515,267,902,2
"K3ULAFWf0Aw",20,319666,24547,172,9626,2
"h2_zIoBvCRI",24,319622,11834,315,1974,1
"uEBGIi9LbNo",26,319539,10226,590,1712,1
"nN6nQS3KqKI",22,319509,2447,225,815,1
"qzt7JvsYIuI",24,319494,9664,409,781,1
"iNogpbJa7-g",24,319443,4560,393,1119,1
"l3JhTmtR7DY",24,319332,1428,252,291,1
"-T6LTOwbfNg",24,319301,2156,221,414,1
"cN26ESa3IQk",24,319297,5105,173,538,1
"bmsoQNc9ZLw",23,319243,10031,408,1887,1
"EMq-R4RF928",24,319198,6674,69,669,2
"L3Yt3mi7bhU",25,319114,1581,79,58,1
"sf9tBmMfFcw",24,319113,26581,193,4256,1
"91tA9KU7v_4",17,319103,1119,116,746,2
"0I9vWjc9nao",24,319028,19477,475,1492,3
"kSw68l3s-CY",17,318959,6235,160,4201,1
"7O0i-Bw3xEA",22,318819,2415,264,738,1
"NvF7carX4so",10,318807,20893,83,1000,1
"noY0n-v2H4M",2,318736,15506,394,1960,1
"Xk3KixvzGZo",24,318690,1668,316,253,1
"AOK0peLFa2E",24,318670,2202,218,557,1
"miSXpym7QaU",22,318633,14955,248,2647,3
"yDVgr1Kakms",24,318589,3558,109,134,1
"S0T-VfAFkBU",24,318545,16921,105,2462,1
"sV9Nc4mprO0",24,318528,1801,426,310,1
"IF4Cbb_82l0",24,318474,1857,2450,1165,1
"6X-d9wqJfCE",24,318402,1668,202,186,2
"YU-MFIbWsK4",10,318373,13117,510,3304,1
"b-1ZgjxCP-0",25,318288,4869,572,2088,2
"Xgi37v-syt0",24,318279,21520,2805,6762,1
"8cj5pmZzF3M",24,318205,13807,350,1047,3
"sAALSjuXGEo",24,318198,1561,624,326,1
"XbCpIEkQAqc",24,318128,2140,203,491,1
"sLCA9cS-P5U",22,318093,2144,232,107,2
"AnkEvc3KRY0",22,318086,975,157,437,1
"OIBCF79Rbeo",17,318078,2938,438,1562,1
"iD6or3kKsUA",24,318075,1667,209,298,1
"5HfxHUr-zAA",24,318056,4514,432,1296,1
"LXx9fhn37tw",23,318047,3669,152,227,1
"551oGsGHoQQ",24,318041,1742,410,142,1
"4OSQIcdXVe4",24,318021,2213,313,356,1
"BhbBJO6JGvQ",24,317927,2280,181,405,1
"SoR6WzvBo3o",24,317898,5533,295,570,1
"BOQ-wZQhZZo",24,317892,14314,128,1035,2
"Dg8zpTffXAk",24,317872,10448,414,1403,1
"KwawVnXenNs",24,317872,1438,232,255,1
"70o8vaqRY1M",22,317831,4121,425,531,3
"hipsRAkSiDw",25,317785,16043,686,1606,1
"BqDiWhlwrZ4",2,317781,9359,382,3163,1
"dEPk7vkzZ-o",25,317776,448,312,682,2
"vnjpfBfA-ws",27,317713,6159,541,1980,1
"fkJvMnNJDeo",24,317710,2226,198,391,1
"SRoemrzGrWY",20,317666,19681,111,493,3
"-BdSCcmJKJk",22,317655,13427,346,2205,2
"WSEdCMHiUlg",24,317620,2215,322,426,2
"OobjIWcwYTU",24,317620,5064,450,1832,1
"7rUzeA-roKM",25,317479,1037,224,284,1
"tl_1Fgs2fy8",24,317426,2784,25,218,1
"HUPTDEUpkdg",24,317411,1542,431,193,1
"bLfZPub0AlI",28,317396,10637,503,2733,1
"sT3r-uD6e-0",20,317391,39661,105,990,1
"jR-Fr-cXhkU",24,317261,11763,231,1493,2
"n4tlP-3LXEI",24,317249,1243,300,1195,1
"KRc50VFUsTk",24,317208,7844,1723,2547,2
"HHEFjUWHECg",19,317200,8835,288,1379,1
"TlQsisVrsJ8",25,317196,4098,565,2884,1
"xl22Hh7z7og",22,317146,368,107,1006,1
"FBKtDbHoLxI",23,317067,15793,601,1086,2
"ryiWuHjxalQ",25,317055,475,88,99,1
"Cu84wGiL7rQ",10,317028,7787,4708,1468,2
"L54yBQLFkXg",27,316996,11326,175,1009,3
"1HBvOZlvj_w",17,316915,2690,136,1478,1
"ntvVWzdhGjQ",2,316886,12288,102,1727,1
"yE0YDv0yFKQ",24,316824,5224,85,885,2
"PoIT_KOK96Y",20,316813,13527,132,288,2
"0dbXnfl8ZcM",10,316799,17705,209,2445,3
"v3fvyCzRqfg",24,316753,4954,116,706,2
"0GCuvcTI090",24,316666,17330,163,1987,3
"mwqyWsYR0gE",20,316651,15071,142,2037,3
"9B7phYYVCpI",25,316645,6637,588,3155,2
"0EhRRYhdtT8",25,316622,1519,162,166,1
"-XSeXqHlE6I",23,316609,22032,545,516,2
"oWKTlfbrRzU",24,316582,7760,121,1387,1
"t-O-Qdh7VvQ",28,316523,17409,240,2261,1
"CBo2YXIfSts",17,316407,4481,1509,681,1
"5nMu3EmfUOo",23,316401,3977,313,541,1
"_CMql2TRQV8",27,316314,11723,193,1018,2
"hH3kzIvoeBs",25,316311,340,246,40,1
"nKasG-4PKG4",24,316298,3142,403,2593,2
"ZecCURrS3ps",23,316289,47134,453,4099,2
"_Jf3yhlpRL8",24,316281,3709,570,1438,3
"ZqVLeJD8qJI",24,316257,14058,146,1863,1
"RF_7NIHp6Yo",25,316092,2296,206,1170,1
"qyGEWX2cFhc",24,316053,5556,198,739,2
"QOTadQ2zN5Q",24,316006,1617,359,212,1
"ND_4oi-CPv4",2,315945,9033,196,1051,1
"TImO_RquoW8",25,315934,12155,524,1174,2
"-9gMPpMRODE",24,315922,8924,375,1215,3
"0J4KGpUDRW0",24,315894,10375,181,2555,2
"psZ_a2ZBuH8",24,315785,2464,243,471,1
"P3Cm3nMPvxs",23,315738,25194,2349,2550,2
"a2G1FamgyTU",24,315713,2599,247,154,1
"nWc-bIEOtQo",24,315688,6518,150,1164,2
"D0PI5hlQYeY",22,315688,2599,324,1074,2
"_5h8bx1gChw",25,315642,1016,289,429,2
"5nj1UNhmUHM",17,315626,24798,415,1226,1
"hvuk5wHb-vE",26,315608,32160,257,3072,2
"UpQn9bJGvg8",25,315586,1019,103,508,2
"QD2soPmU1UU",22,315568,18104,134,1441,1
"ZSsbnYUbt_k",22,315495,5221,246,584,3
"Rq7KtM9vhHg",22,315490,17542,181,1506,2
"bwtopI5IaZ0",24,315448,3839,403,676,4
"vlgaVh-GJnk",23,315414,18126,101,2012,2
"Fi47HNKi66M",17,315389,1796,91,838,1
"1utYdeHQAvQ",2,315374,15786,355,2065,1
"RLxUXr2oFcc",25,315326,1234,156,250,1
"tZmT0bP3k7Q",24,315215,5163,204,1937,1
"rC74t3_VfH0",24,315199,1206,339,2818,1
"Qi7t_g5QObs",24,315153,25096,460,4133,2
"p5azyvblOws",22,315132,9035,277,425,4
"qXq4vOsUcR4",24,315093,2156,93,81,2
"3GZ1ftoFSAs",24,315085,1329,100,311,1
"2JVn40oQF_U",24,315060,31883,3421,3577,1
"upHPB6VtevQ",22,315038,567,19,86,1
"rq_SYKWLnQo",24,314980,12580,209,1991,3
"sSJD1e1xFe0",20,314962,21531,115,1522,1
"vC6NxaEy6lA",20,314835,14733,149,4238,1
"cEU13srBAoQ",26,314807,8463,373,603,1
"xVLEHmLxXPI",24,314780,1772,119,0,1
"3j5eGupDWY4",15,314731,20348,135,1429,2
"xW6Zv_1mUh0",24,314702,9535,128,1163,4
"58vOXtpVRQQ",24,314583,2597,171,443,1
"7NenF3JFPUY",22,314552,10402,177,907,1
"FI_fCBRicyY",25,314541,5619,652,4553,4
"7PB64c237QM",24,314485,7332,95,564,1
"G-i5tFleMfY",23,314419,16907,319,2242,1
"g2-DJ39h2ec",24,314413,6684,148,2336,2
"5g20u8EfMdg",27,314400,13746,232,4035,1
"NqG1x5ISHVM",24,314324,11455,896,8783,2
"NjL1g9V8b60",24,314299,2297,216,566,1
"l1hwH4TYvn8",10,314252,475,275,24,2
"-Jqs4QZMyJM",23,314248,9989,172,2137,1
"Zwmri1KqBLA",24,314178,4538,381,1682,1
"uCR-puautRA",26,314142,24740,303,2471,1
"Dh2H5ui608U",22,314119,15998,171,2153,3
"7-RDSaehWnQ",24,314109,3140,387,1743,1
"5fAM7PG8Jjk",24,314071,4216,284,1778,1
"Yav1kBLXMxI",24,314049,12692,252,2772,1
"1L8mTXxK-fc",24,313997,3799,189,1800,3
"S5UWq3DI6-k",26,313891,32797,264,7086,1
"IRl0InGsgzA",24,313884,2071,46,175,1
"r5nAAiHRF5k",25,313866,3374,176,1232,2
"-WLPRX5C2Vc",22,313861,3282,710,1446,1
"Sb2tdpFon6U",22,313815,250,300,36,2
"9sbnGfWaOwQ",26,313731,11538,201,1187,2
"iK1b0-jEo6Q",22,313722,2243,608,1269,1
"0xHd_IDJZCQ",25,313715,3362,345,3907,2
"RjbE-vtgtxc",24,313576,2644,158,197,2
"xbSKIpQIkdI",24,313560,2612,68,408,1
"Did_MDVdCX8",24,313377,2728,186,441,1
"96zwdKf_sUA",27,313328,8890,460,1557,1
"Wzb-xT6bzVY",17,313226,1495,125,927,1
"8KuDjfxCJhk",19,313184,10685,214,759,2
"wo7ItkoCYok",24,313113,23856,207,2644,2
"WTtDjZqg2hU",24,313108,2161,208,434,1
"KSrLOh4oTGI",24,313104,23455,436,2423,3
"jTqRHL0QF1M",17,313103,3560,139,995,1
"nYGjeugwP-w",17,313075,4399,237,2602,1
"akJUikLLHLg",24,313066,2737,687,404,1
"o0P78KNN01M",24,313007,7619,86,815,2
"eTZma84oOCU",24,312974,1596,873,193,1
"0B69g2DkqnY",10,312893,999,131,20,1
"wfBlT3G5ThQ",22,312840,3127,953,2212,1
"NutIpzEpGE0",24,312817,14422,628,2568,3
"Gcp329VCVrg",24,312749,11450,708,1159,1
"Cti2vNSZzyE",23,312734,3077,125,255,3
"NFtRPcXXT-g",25,312728,1518,283,67,2
"tFNhbfun_8w",24,312700,1990,232,477,1
"JQTrm7ZI9RQ",25,312689,768,253,1058,1
"tkP8Rvvk-sM",25,312651,1604,181,656,1
"T26ovNBq95g",19,312649,9083,224,893,2
"8H_QOcRAXkw",2,312646,15551,134,1810,1
"El0VF2eGRBI",24,312599,24394,262,2846,1
"rJeMvXv0XxQ",26,312490,15598,144,2475,1
"KDl8SPzZZE8",24,312457,5435,145,289,1
"n5SSEOp8ZNs",24,312432,9332,274,1977,2
"zi7eGc2obEA",24,312427,8723,182,1688,4
"skxMIyrdfzc",24,312396,5613,132,1213,2
"_1d9WFw1uKM",24,312362,8011,234,632,1
"3qB0fwCwvX0",25,312343,9908,223,1561,1
"KUQtsKfdykM",24,312317,10362,84,920,1
"tp6wtD9jGyA",19,312245,10360,180,1717,3
"BMWNZ1xXD2g",24,312209,2333,58,233,1
"p4yiGo1eLMQ",22,312008,24589,207,3240,1
"lN1Yb0ahe4E",26,312003,8600,379,873,1
"_Ig_s9j4MuU",24,311964,6317,71,1527,3
"cM0yqHA7rzI",26,311947,11042,199,1510,2
"0gLWN3uq74o",29,311936,2627,1196,3621,2
"Wx5BZoVkkqg",19,311916,9967,223,1914,2
"DVlz-sGxyKM",23,311894,6710,243,718,1
"TRT4rywAS9o",24,311892,2342,299,43,1
"FnPrf0Hk5WU",24,311866,7494,127,2549,1
"Hgq1bSkgs8E",24,311863,3700,259,1229,1
"H-ras0h6Cbo",23,311776,22864,183,1645,1
"yNfI81Am8YM",27,311692,7870,224,974,1
"7Gx74wdaLjM",24,311669,3952,479,2105,2
"6TkcbZvJ3dU",24,311643,4105,283,642,1
"TsqGSTIvnJk",20,311588,21301,902,2097,4
"3ULbk8yLlkY",24,311569,2247,203,413,1
"rrlERLY9KN8",25,311562,45654,344,3535,1
"zQOTP76uERE",23,311335,1303,251,246,3
"U5EDORs8Jkk",24,311298,39084,393,2796,2
"hFpRf9QnOW8",17,311237,1134,97,50,1
"oXUMPSjwpFI",20,311193,10903,177,438,3
"WI06POju7UQ",22,311157,1982,1478,1355,1
"oGxAUW1tSbk",22,311116,53818,138,10283,2
"pw-Njg0Hess",15,311116,14997,134,2035,1
"Ftes6SjnCYw",24,311074,26344,433,2203,1
"VAyBJLA2syg",25,311027,3987,229,1556,1
"KOFyD3JQp6E",23,310983,9800,204,2449,1
"6FbdqwlR0H4",24,310972,29163,2001,4885,1
"KwaerD8rzFI",25,310934,24835,267,4139,1
"mec4Bsf_kFM",22,310929,679,101,29,2
"meDwamMxYUE",19,310754,18117,256,6571,2
"NxnnQF8oW58",24,310721,2144,104,0,1
"jnDd6gqtxOU",17,310700,2616,194,1223,2
"ERyfRmz0N-w",23,310694,8058,1306,1734,2
"fz-zJjsN9kg",24,310627,7377,137,6067,1
"4twVKW__XnM",17,310555,4985,143,2321,1
"-xJENOQPcjE",2,310539,13134,124,1656,1
"kHqFkIgVF3c",27,310494,8566,329,1079,1
"mdz26Wk75Ac",24,310480,35704,876,3083,1
"spOzogi8Orw",22,310449,499,118,19,2
"KZIvpejdlPo",24,310426,2661,176,686,1
"rYnmrkMizdc",24,310421,9185,307,960,1
"NSaNe-SBrac",24,310350,1578,123,164,3
"UNdd_MotqrI",23,310332,4900,173,262,3
"nWzHaRM8jeo",1,310259,5697,289,403,2
"gYG_wTRzM-M",24,310238,1434,507,224,1
"D4XZtNbyDhU",17,310191,3881,133,1180,1
"t2Hinuyq_KQ",24,310180,2185,172,360,1
"mIUFiDpoxxQ",17,310168,1124,140,328,1
"s41gWUuxsok",24,310151,1944,225,370,1
"Y5PvmIruT0c",17,310054,1490,208,248,3
"4d7hoGfhlQo",23,310053,13215,376,926,2
"Hb2vcvpJozA",17,310050,9998,95,890,1
"ZuJUi3i0AzU",27,310031,15464,382,1842,3
"ZGFbwB0A_8I",22,310018,4934,333,1009,1
"HXoQTFTFTho",10,309969,22345,542,2447,1
"suyGgHflqaw",22,309927,5122,355,1048,1
"JyG5hdbQpDM",26,309769,28720,494,2657,1
"-t6j0S24DIw",24,309681,5134,256,1522,1
"-Nwe-OZn4qQ",25,309678,4343,3872,7752,1
"No59jZ2GvI0",24,309621,2139,315,489,1
"Oz-BjFoVa9o",1,309575,22093,733,3964,1
"B_oRfnvLMF8",24,309545,2890,252,415,1
"qWX8GTbhlAk",24,309422,2859,1623,936,1
"D70g122myWo",24,309398,2475,370,458,4
"SC6Pweta170",17,309388,2908,201,2214,1
"dkxgy8CT_5A",26,309364,11434,463,862,1
"--45ws7CEN0",20,309197,3837,516,278,1
"I_u2a4umkCk",25,309176,3007,257,2002,2
"LJidNnZkKmY",15,309149,20380,129,1226,2
"6BRcp8yMU8Q",28,308962,11771,385,2769,1
"PIpgfgWIsPc",24,308945,7400,87,644,1
"RR40uxTgHPk",17,308940,854,96,249,1
"DWkBXH4cU1I",20,308901,18272,72,2804,1
"pUGh0ydBzI8",24,308893,1952,301,395,1
"EzcqA7hej7g",25,308871,3240,338,1638,1
"4fpAt_vnbF4",10,308853,30794,1071,3109,2
"jWl5UmTHh8w",20,308837,24904,801,4993,1
"Qz9l9-9pIxc",23,308778,14285,297,1475,2
"R9s5_Ji33xY",1,308704,15315,653,2148,1
"wSDH1rN-xdE",24,308677,12403,171,2947,1
"K5h0NZ-7BtU",19,308590,9345,159,915,3
"fy-CuCzaPp8",1,308568,19541,70,495,1
"TkCRtMXWA6U",24,308566,2948,405,158,1
"uA8FkZJ-7Tc",26,308517,22826,151,2836,1
"sxQ-pxzzSqg",10,308515,14576,289,2075,1
"qLqCUAQnmwk",23,308490,37306,436,3205,1
"P1wsLN1QG8g",24,308474,932,248,152,1
"SjeB-p_h1Fg",24,308456,10037,187,1899,3
"V7LeRxl59M4",24,308429,996,154,503,3
"P3EkQ5_0DTc",22,308411,35026,747,7999,1
"UWWUEtE1O5M",24,308405,2104,197,425,1
"b0Q0thPEnwM",24,308330,11581,424,1195,1
"P08Ps1SUu08",22,308327,6482,671,1115,1
"QEnXXhY0U4c",22,308180,18235,145,1002,4
"jnFn3Dlcfgs",22,308151,2244,227,800,1
"iRWUqAz3-i4",25,308126,2353,2261,1053,1
"dh4nEuhZBgg",27,308069,7232,340,813,2
"s7v4i-G6dXQ",22,307967,1234,208,341,1
"bXMMVfRMIXQ",2,307960,9015,106,954,1
"x2l75JEuxcA",27,307863,7776,142,1073,2
"O6Bcz716kbM",26,307840,10105,200,2149,1
"u2--qfDNDy0",19,307812,9208,224,926,2
"-9Cuwpel0qE",26,307747,27458,420,1838,1
"ZlHfYj3b1c0",17,307735,3654,184,514,2
"WTxKt1peI1I",19,307662,9877,204,1430,3
"n93uwuXJgrw",27,307661,13985,1197,2629,3
"b7EMLLxzWYg",25,307658,2703,232,1100,3
"VvAGDhxEQWY",17,307607,1336,107,449,1
"h2L6snyHhdI",24,307576,10926,1068,1223,2
"QxKBCRjd1I8",26,307568,16919,537,1446,1
"OjV7QiCu06E",25,307517,3486,1172,2929,1
"2TbdwXxkNwg",17,307490,8713,54,627,1
"9PzlqdQPP8I",24,307471,3604,140,219,1
"EXURtIS4MCw",24,307441,3852,203,457,1
"HBfEf9MsRr4",10,307432,2903,1284,2314,2
"qTMU2nQ4wGg",24,307430,8623,71,547,2
"2KCGk5zVNWQ",24,307418,9521,165,1486,1
"r-XRvEqZSMs",24,307380,4101,71,94,1
"m3Jt54qo_do",24,307361,3437,486,754,1
"XSd1aatbly4",10,307347,1259,158,97,2
"0Xi2rurVAvs",28,307338,10336,414,2773,1
"c3BTGJgd8Wo",24,307197,4536,520,2341,1
"yMudi2iLHSU",10,307191,16089,773,1401,1
"VPwmYGteKBA",17,307159,3929,2034,1237,1
"KtiTm2dKLgU",28,307134,13243,336,2997,1
"Rbz7ydm8J9M",24,307113,2161,196,394,2
"29SzChXekOA",24,307042,3527,194,658,1
"CtZa-9CYy9U",24,307034,1534,539,235,1
"z7QzV9J8erI",20,306846,20101,171,1588,1
"k8vIFiLPbHo",10,306846,45117,451,4152,1
"uErVhWkhPc8",27,306842,19294,250,1468,1
"jB3vwW63dpo",23,306840,28561,613,565,1
"tHBV2L_0OVg",24,306765,6722,133,1316,2
"5RRKvw8pN3M",28,306699,1974,315,874,1
"tLzNQ2F-5eA",26,306669,8594,283,821,1
"SE34K88LUek",25,306580,9998,1412,1239,2
"8x41Bobua44",28,306485,9573,396,3148,1
"s1APv5uO2VU",24,306481,9864,675,2648,1
"Kl9whw8aN2Y",24,306473,1645,281,201,1
"nEkWlXGdWKA",29,306409,1830,59,94,2
"IJKjMIU55pE",25,306368,11727,283,1103,1
"VUJLOlGN1TE",10,306321,32011,577,3768,1
"lRX2HbNgzwE",17,306316,13875,479,3117,1
"hYCx5O2kRN8",23,306219,19430,258,1000,1
"TeLxlEDdyMA",20,306075,15986,98,225,2
"DeNgwmA8g68",28,306074,10193,261,1653,1
"j4c_2w0VGo4",2,305990,11908,91,1358,1
"vrniSczvTjQ",20,305919,4987,1335,35,1
"wh2AuypNWzQ",24,305904,4310,66,423,1
"rYZ45qPDoGM",23,305902,4543,461,2622,1
"ss6qQM054B0",17,305901,6968,494,1344,1
"AuQkjFfVho4",24,305882,10477,105,696,3
"zetsrXQDlOo",22,305822,13651,48,1164,1
"fwNwC3HxiYI",24,305813,25927,215,2084,1
"7InzF6CzdAE",1,305786,17615,141,948,2
"Mp_lLZEEXVI",23,305739,16269,708,964,2
"KB_GCuJwPE4",22,305643,10386,813,1229,1
"WmBRlaLe3i0",23,305617,27753,214,2957,1
"cVQqJaW1P7U",22,305485,2208,220,254,1
"Go1AFS65c8I",22,305455,9435,1127,827,1
"2i9CLccQl8Y",22,305402,5143,707,2474,2
"DAS13OCKYEw",26,305270,18260,104,2376,1
"W5_-UTcboXM",2,305267,11521,282,1255,1
"ZXnc1VKpocA",20,305250,6629,814,4451,1
"sK-og0IFhA4",24,305234,3758,420,1486,1
"AQPX4pzm0Q4",17,305166,8622,773,1218,1
"tZw8tnz-uv8",26,305160,16509,368,1014,1
"dWxS9_OwC8Y",28,305156,9684,334,762,2
"EEC50cZ76N0",25,305138,2933,190,1266,1
"_dEuEkf0ezI",20,305106,15874,165,1685,2
"czsQN71it48",17,305060,1103,92,930,1
"W_0VIx3Yx-8",25,305041,3297,233,1289,1
"w5o5o0LfCRk",24,305023,9854,214,1206,1
"61lVZzo5cP0",24,304999,1258,200,141,2
"A1znOJMAIGM",25,304972,1048,204,2223,2
"5DHEj9nY-wo",24,304899,5062,78,1082,3
"9TOFaW9FgPA",25,304841,237,38,363,1
"byCL99tJ7wg",24,304840,7227,446,720,2
"7ZTSUAv9kLQ",17,304800,10170,98,1174,1
"XYlc302MfHw",24,304727,5388,277,1318,2
"si1RLC95oNY",20,304720,16265,272,925,3
"DFKdp4oEUTY",22,304716,25731,196,1512,1
"c1M_CRFWx4Q",26,304685,14392,122,1814,1
"HAgbIiQSzEk",25,304683,2220,395,799,1
"ALBvnAAnpX4",24,304528,9667,1071,1151,1
"eQh5bWkJtz8",28,304523,33160,519,3054,1
"SA83KYq8x6A",25,304492,434,92,1310,1
"pileakSsa-Q",27,304448,19277,317,1288,1
"T1xI7zYfEk0",23,304384,9119,160,1909,1
"GHPh5ED7mlo",24,304373,1495,182,281,2
"JtGgGTiYEYo",17,304357,8468,79,557,1
"5krWuFgtqLs",24,304323,8681,123,687,2
"fJHqSKiwvNg",19,304296,7795,260,1483,2
"JecJSDbE118",17,304269,2891,117,911,1
"BQiLaOcUJqk",17,304253,2134,105,259,1
"kJ2C2w8Ntt4",27,304178,6135,52,554,1
"sjVBoBPiB-g",24,304163,1577,488,301,1
"l9uLma9WjmU",22,304117,7114,249,425,2
"5ahOHSDX-lA",17,304057,10630,152,924,1
"m3F07R2-zW4",25,304052,7736,1354,1257,2
"Ecppg81rQNQ",25,304051,3132,147,1192,1
"RtI8iieSHqU",24,304046,25125,61,2165,1
"JQGRg8XBnB4",10,303966,31766,823,4317,1
"mcJKgG_lP9Y",23,303882,5857,288,1465,3
"a8G-vVFKm4M",24,303877,1658,287,201,1
"HDYJVmoWoyA",23,303848,9350,718,1074,2
"x5wvr5wlJdI",2,303805,18622,102,1914,1
"GH2Qn4hvCI0",24,303784,3974,437,1305,1
"yik0twAbDFo",25,303749,3009,669,2482,2
"e8yTGQW8cps",24,303702,2601,716,190,1
"Wm2TSkxBrbs",24,303697,5036,351,562,2
"NLx2JWkKl9Y",1,303653,2064,104,95,2
"MDJziycP3LQ",25,303607,3137,225,971,2
"HLAZuG3byjs",24,303586,1990,206,550,1
"gm7cnJsABZg",24,303569,3186,323,2046,1
"Cp6j-izXLtE",24,303564,11441,196,3802,1
"r8TvReaw3eQ",24,303544,2081,223,440,1
"Rb2zDQSWEuo",24,303530,1985,207,344,1
"IeQOlgxmIb0",17,303509,1023,154,282,1
"nJ9R3s8L2TE",22,303475,2821,167,1141,1
"8P_-pE5PSoQ",15,303437,10994,547,1774,1
"2bAixXh2fU0",24,303417,7756,161,2026,2
"sjodHIxU_xI",24,303351,4625,425,1130,1
"xcoDlq2AiOU",24,303323,1161,263,502,1
"95PoB-nEeAU",22,303286,2118,304,259,3
"5sPn18ezjZo",10,303272,4062,151,333,2
"eLgJ9GceTQo",20,303269,15957,200,1416,3
"5f2IaWnY4Fk",26,303232,15101,157,1606,2
"CjwGk6IVuz0",22,303126,20108,225,3046,1
"YmCf3a9jYU8",24,303082,3069,241,834,4
"T4iaw_lDniM",17,303052,2191,91,592,1
"28UB5KzkvGk",23,303016,27229,484,3672,1
"V7cn0qv-LNw",24,302960,1605,79,0,1
"39tpypRLZfg",17,302833,7317,69,562,1
"2z-UBPGhYgs",17,302818,3792,161,1384,1
"kOOEVkWvKBU",24,302664,2110,204,375,1
"2uMl3Zbsyng",23,302648,8207,214,1920,1
"yX7E13-Su1I",22,302629,2258,221,1199,1
"3dx_Bm3yeJo",22,302625,3981,158,356,3
"PyCKOsSphtw",23,302609,25753,575,508,1
"A22RM-5s_L8",27,302551,10419,215,1607,2
"n5HV8l8dvWY",22,302394,4440,387,1285,1
"GoznGUIGdZM",20,302389,13854,203,1103,1
"ST21EPr_A4A",24,302382,1843,214,416,1
"4bIWJAhkktE",25,302351,6040,459,2477,3
"PKaa_QvJPT4",26,302301,13434,110,2085,2
"HtNWc1AIU20",17,302295,10453,206,2448,1
"_yE06T_ZrDU",1,302292,13444,112,1715,1
"EVr6lDvXauo",17,302265,3087,175,1445,1
"7i6U3lRcClk",24,302240,2774,218,458,2
"FvNRdnN6Sq8",24,301982,8682,159,675,2
"Y8I8Vjf8n7o",23,301903,14665,128,388,4
"IIyZuKN2j7U",10,301710,7115,750,2351,1
"FwzoDS3zL_4",24,301693,2148,2908,1225,1
"5k8ioiTCzxs",20,301614,15791,174,833,3
"C2-m2Wb3LPA",25,301518,5564,827,3302,2
"93R84dRHi4k",24,301445,2085,232,368,1
"Tw3iDWpEJkE",17,301434,9933,247,905,1
"6b5DBQeh1cU",1,301426,14175,123,593,1
"nxULVWhG1ac",1,301416,1765,32,116,1
"n5KA3rQICYs",10,301409,604,192,29,1
"ZlIWp-wM450",17,301350,53681,397,4222,1
"_Ng7XrIFaqk",24,301297,5011,497,1447,1
"wuxf68gf5iw",24,301261,9998,231,611,2
"v1vu4no-EtE",28,301251,12513,417,1731,1
"kXOIJ_pXqRg",24,301162,6022,147,513,2
"j_ailAnNswU",20,301153,13783,149,2231,1
"qER3d0tLeZ8",22,301128,3972,52,87,1
"ggasfCOmQK8",23,301070,25353,373,2309,2
"ItAvmV97Ojs",15,301008,38165,140,7133,1
"_ybtKENDZ4g",24,300947,5691,422,2937,1
"SISc4GeI6i8",27,300945,2460,215,176,3
"Ydfy6POD2lg",24,300942,365,189,120,2
"ngEU04hhyfA",24,300933,1907,35,74,1
"vZjCQPubXqU",24,300903,14142,195,896,1
"XdvqcZNzD5k",22,300879,3434,60,280,2
"9BfsIImbiGI",24,300875,3024,160,451,3
"VN60MZlCZn4",24,300872,4073,663,563,1
"z-4nBLNwaeI",24,300807,4917,148,508,2
"DBCLqaEAvsE",17,300795,684,121,46,3
"WSckchze0xo",25,300744,2442,615,649,1
"qlVnSFp_big",17,300653,2701,137,1230,1
"9m50v0718Vs",24,300642,13465,373,2286,3
"NAc_ZZ8gHwQ",24,300629,14704,95,3005,1
"UjoyYbnfGno",24,300594,3262,507,178,1
"JlCBkX1mHHE",24,300576,13599,362,1766,1
"N8dLlRBaDtE",24,300553,8975,705,2676,2
"GbBwqbZBl5I",2,300544,15522,373,3207,1
"PcvwappTiF4",24,300508,4861,285,771,1
"C4Fhsi_BqSg",25,300430,5752,285,1566,4
"OV2BmmV4xsM",24,300416,9962,1138,1030,1
"j8ZP0j64g_w",24,300292,2511,167,106,2
"qOJ_2I3hhgs",24,300269,6207,94,1182,2
"dhQe6tnU2jY",27,300203,5629,1387,1287,1
"hxt_Z_NND4Y",26,300093,9526,214,565,2
"AtyAk383brI",26,299994,18983,170,1458,2
"GxS73Fuha24",17,299988,21312,198,1070,2
"XlSP9-zxT8A",24,299983,10713,157,883,2
"ViG5fqCt93A",24,299977,1498,233,215,3
"TgSDDY0b1tU",24,299963,7023,144,0,1
"aQowZmVShcU",25,299912,10374,968,1255,3
"SvNyFHK8BvU",20,299890,12252,164,4831,3
"oEtZ6KiP8mg",25,299846,10995,102,1912,2
"iggOs5y7xbk",25,299731,4917,716,1225,1
"hcwJlQDUNjY",24,299628,6756,156,1690,1
"4fkZtfPfkqA",24,299615,19104,936,1209,1
"u57fE2sjcJE",24,299596,28576,412,1895,1
"gwQWa00iQ9Y",22,299592,2407,223,823,1
"_yRukpZCZGo",26,299573,8069,330,1123,1
"H9JL_JIag6Y",20,299567,8602,317,873,3
"MZatl6kUZpw",24,299536,16670,756,4859,1
"w4-Ino9ytmk",17,299529,3003,99,877,1
"qgx0yt6UUtA",28,299419,11084,642,3071,1
"gYXnsU3k6cE",23,299316,5216,60,187,1
"vQJ0pinYfkw",24,299283,15459,201,2597,1
"LHbEkvDze4I",24,299249,8119,207,2253,2
"d-RM795dMgQ",1,299177,2722,202,107,1
"7QyAl3vhczM",17,299168,4415,126,2061,1
"_CIEl5Vzk_c",20,299167,14695,668,3141,1
"aM3BsmoyMQM",24,299158,1748,265,262,1
"mNYkYuqXXpI",20,299130,1313,267,1046,1
"Q-efs0g13tA",28,298987,14085,598,4156,1
"ElPJr_tKkO4",24,298897,22451,289,3686,3
"slxtzzUh9DQ",24,298876,3089,449,1601,1
"AtJy7pXBa28",22,298799,5395,275,615,5
"JvV640xrJ28",1,298798,12466,218,672,1
"1bvZqYkRSoA",1,298788,4986,648,4526,2
"deod_yjxLWA",24,298734,1686,100,0,1
"ne3sgQNOaZM",2,298675,7437,429,1379,1
"kctZ827Ic4M",25,298630,3332,330,1196,1
"Dxf26RoPNTw",24,298581,17896,190,747,3
"TRohaoCuWiY",25,298579,288,1082,50,3
"lg02wvsdcQ4",19,298546,9309,249,2529,2
"894rSubVE5E",24,298474,9424,176,1137,1
"G6Qjf6IyclQ",24,298395,8245,232,673,2
"MBR2kxt7RK8",10,298300,42872,755,3459,1
"9oKH6nnN89I",24,298280,10583,155,1277,1
"QPn3lUhzaqM",24,298203,10621,334,1567,2
"nqs9D0L4P90",19,298191,2758,448,468,1
"FFA8aaKqc8g",25,298144,1262,533,2664,3
"a8RdCdMItyI",24,298142,7210,104,1423,2
"3EsRvCdK-jk",24,298083,3931,442,1407,1
"PY7HNpYkBd8",24,298065,2108,207,610,1
"YBOufMqOYSA",25,298019,1928,239,1561,1
"b7BT6iFpEK4",24,297993,2011,219,392,1
"lcIzEDMxkmE",24,297841,8982,462,1565,1
"5xesmy80-dA",22,297816,2408,219,717,1
"ggm2Pvj2QHQ",24,297727,11476,729,2944,2
"SRodBfxrzuI",25,297653,5727,342,3551,1
"X1lidUMNsnw",10,297653,3912,416,237,1
"x_3o90G6N9M",20,297535,1715,339,398,1
"ybpGfvpzXog",24,297525,3950,412,1161,1
"vcnL9iZ-8X8",24,297392,1934,306,274,1
"kBGDZyRmBes",1,297388,4776,97,756,3
"rqVpgLm_D_0",24,297330,1793,438,291,1
"UAwl9tVtob8",25,297288,5536,502,2457,2
"-pD82Nk_ddU",24,297272,7036,381,1067,1
"RAkFJNis9W4",24,297266,2225,243,343,3
"nvJHZ6x31hk",2,297247,19941,81,1994,1
"i6BB-Oq6Vug",19,297240,8888,192,1595,2
"wQzEEZY6Wc8",23,297222,6851,282,3361,1
"rWHrWuDnReM",24,297198,26392,1196,4064,2
"QupvYBG_XYo",24,297185,6274,77,574,1
"CjHexeS6BKs",22,297130,4636,348,1051,1
"AyTbePrQS1Y",17,297123,3044,121,947,1
"PPzIWFJU_3s",23,297039,34570,165,2174,1
"CD_eLXNpWog",23,297015,9507,229,7470,1
"IgDSkiWs16s",17,296983,2685,127,1601,1
"rBp4afbDeLk",22,296975,7168,609,1749,1
"NpWm_pEqsg8",24,296966,10641,152,2241,2
"teSQlwsQ4mY",27,296963,24304,315,2042,1
"TPtWYfdW6Gc",23,296922,26686,602,3397,2
"FRvvRgB1YbA",22,296909,2696,215,771,1
"sl954fw9Ca0",1,296880,5155,289,2673,1
"_DRoGsgs40o",24,296853,20679,965,2680,1
"_zu53yAoTJE",10,296803,8368,3383,3222,1
"Jqs5EaAaueA",10,296783,61395,133,3656,1
"2gLlUE34DLk",24,296753,21079,256,1405,1
"MMgQUwcxavc",24,296745,2898,220,363,1
"YG32KvBtt90",28,296681,8950,528,1839,1
"tCmlXx3Bd4Q",10,296652,11329,100,356,1
"-9rdDeWzvsU",10,296615,38671,463,2348,1
"tqTCw2hInPA",24,296536,1041,273,7,2
"nmvkcx4jsfc",20,296506,12900,134,5685,1
"OjRYbR_-Dhw",25,296488,4813,235,1254,2
"AaJ7zbuiNB0",25,296448,1489,201,450,1
"JFCWmQD1jms",25,296399,6833,203,663,2
"nGuASCtizdE",24,296388,8504,291,1630,3
"6Oxp49EtodU",24,296324,1962,216,390,1
"7b43AqqvysA",1,296306,9639,92,722,2
"4Zk031l_3OY",24,296289,538,105,560,2
"Mbb4Sn-9GfI",22,296253,2232,253,1125,1
"1dvqUIIsU84",10,296239,10243,307,400,1
"FZP9fTtTuVg",19,296197,8092,127,739,3
"6jNUJ0lCRNE",24,296180,3674,98,160,1
"2ukp72yRkmI",22,296093,6475,312,337,2
"bTdhLErB88g",17,296086,8088,74,609,1
"qax_QIFvw_o",24,296062,9650,143,778,1
"hhtzBUFGfWM",24,296049,839,234,45,2
"wxBB5XjeGpI",23,296004,13775,320,1373,1
"l0VNEl2qw2M",17,296002,2177,74,927,1
"HsyU5uXla70",2,295994,14275,490,1550,2
"1fhdHPBqUa8",23,295943,22029,317,3242,2
"P5yOdP9_kHI",25,295940,2811,319,1770,2
"kXu90eooNjo",27,295925,21841,469,2131,3
"MAF25ugrJIQ",25,295887,1841,1747,4061,2
"r-1yjIoWxBA",17,295812,24014,538,2318,1
"RRrFRoGfXlQ",25,295794,24925,186,3678,1
"SI_ycGyq5rc",17,295788,8674,87,680,1
"feZdio1o8zs",24,295762,1427,300,183,1
"Yjj93hvYa-k",23,295743,46213,221,4129,2
"M9-pSLZwpmg",24,295733,7168,66,363,1
"hRi0OXOcH18",24,295729,7287,76,494,1
"hl8lgQb4v4A",24,295714,8257,71,735,4
"g3zjM53RnGk",24,295666,1870,82,298,1
"G5pGK7xHns8",24,295603,4061,60,174,2
"zpHXoViBqCU",15,295567,21604,469,962,1
"5fraqFu6kPU",25,295566,16954,365,9460,2
"pE228Di7WdU",24,295492,3615,714,828,1
"1nV0SLjrpLc",2,295490,13346,645,2301,1
"A5jQuqQk4O4",23,295485,3514,100,252,3
"nJhiu-qIgVw",23,295322,55802,210,3794,1
"oz-XiYNCo7o",1,295319,1888,318,303,1
"R1s0VEk9vgw",24,295137,5342,385,1280,2
"6NajIUO2z_U",27,295117,2775,339,759,1
"pBIKPrWK7mE",26,295094,9270,140,645,2
"Y8a-pLj6T8w",24,295087,3201,117,216,1
"dM3cq-8w1yI",23,295009,2937,236,438,2
"k7iugx2p_hE",22,294988,635,165,7,1
"XkGTE4WMMko",26,294976,16774,584,2489,1
"piO-68zx2UQ",26,294949,9515,135,799,1
"QbBNjjZthsg",24,294947,16263,294,1678,1
"SE_mRXZUy5E",23,294943,6614,142,673,1
"hHxWAuguyNs",24,294908,1986,196,314,1
"eDkL8G2ZZQI",25,294841,561,369,131,4
"8W9M5Vi0ugQ",22,294826,17538,263,1461,1
"ksbQI9-tGok",22,294797,19584,1118,488,2
"MjTwPF-C2OY",22,294724,2304,237,850,1
"XlILqoL7lmg",24,294723,6576,130,719,1
"rw24wc00q3Q",23,294701,12200,122,420,2
"KR8vKBRIKS4",22,294590,4398,311,839,1
"jXtKM-Kuck4",24,294566,3700,172,738,1
"Euskgw9Z-VQ",24,294534,1334,155,720,3
"RuFrDPecJUg",17,294391,3281,107,932,1
"yjEp4GRUEj0",24,294324,23813,1085,7434,1
"oy5CJg8jfzg",24,294277,9205,264,3661,1
"kQvRWXuMd5M",24,294262,2863,40,807,2
"ifdn1-NiDzc",24,294260,6003,123,1575,2
"XtX21Lw6tAI",10,294258,8978,205,459,1
"0kMYy9kU9jU",17,294246,22999,281,1194,1
"NTQkjhKoPbk",24,294237,5750,89,364,1
"37_NJXHp8Q0",22,294234,13915,297,2103,1
"pI12D2ZcGEw",24,294225,1554,310,209,1
"-qiztTd8dtk",25,294201,1602,213,486,1
"Ib5ClFrYaXo",24,294195,7211,526,1915,3
"rKnTLfbjYfU",24,294033,6677,109,206,1
"8_fzhN3adYg",28,294024,11805,513,4579,1
"zi9OIxXVZtE",25,294014,5435,662,2685,1
"3cljaQ_RoAg",24,293965,5778,38,224,1
"HpIPhHByBW4",10,293963,3188,350,1005,1
"_DhJlzbfAuo",20,293954,14389,143,1495,1
"53Bk2Kc8_D0",17,293932,2459,123,961,2
"NCz9YvBEVW8",26,293876,7460,430,634,1
"YOqj7JtYPa8",24,293765,4722,224,229,1
"PkXHTyp7VLI",24,293667,11269,2214,1454,1
"ewknTbGNNm4",17,293655,3993,188,2829,1
"-VdpbGbpDQc",22,293653,1876,169,583,2
"9-Fre3cezho",17,293649,31138,221,2315,1
"vHXaGF_K5Ug",22,293580,28412,289,2398,2
"un6zt8k9oVc",22,293544,2333,210,969,1
"XMIc4uTAMh0",24,293464,15681,165,775,1
"Ob3rvRO5CCs",23,293451,10889,500,6495,3
"Ll7_yMGbfo8",24,293424,3467,210,57,1
"UwrEagOwoBA",26,293405,8128,326,770,2
"BBXXa51sOwQ",25,293367,0,0,257,1
"gLOxQxMnEz8",24,293208,14825,852,3354,2
"R70EWmjMqsQ",25,293132,1950,132,999,2
"QiLQjEtKe3M",24,293017,1742,224,638,1
"MEEbaQfxbqk",24,292910,2497,397,1035,3
"vRp0IkY4yYg",20,292883,14315,214,1217,1
"UoMSa-owFyE",24,292860,17526,317,629,1
"cfks0lUSO-U",24,292848,6820,211,549,1
"LW43OnmPxIs",23,292825,11633,106,572,1
"rgUEA0h9ZYE",24,292768,7966,228,743,1
"6ZlnmAWL59I",24,292708,4033,232,1894,1
"HemU9k35Cfc",24,292663,3788,271,895,2
"93PxGfbnWlw",23,292630,15114,87,510,2
"N6vo2K4D8lw",24,292629,2521,208,612,1
"woZt18X1-lU",20,292619,17458,657,2484,2
"LXeL-a8gHZQ",1,292582,10543,72,1035,1
"89xMXhzrOdQ",24,292570,2078,84,819,2
"teHFpqrDfCw",15,292549,9870,248,4135,2
"LagxU1Oq0Vw",25,292525,5628,1006,3454,3
"1OQlk7v1vxU",25,292499,3119,357,1996,1
"E10Zcz6oYlM",1,292434,2422,114,214,3
"PYimOnyCknw",1,292392,9001,95,704,2
"QwJkxO8Qfto",17,292354,1873,354,602,1
"LoTfDQMavgw",22,292323,422,432,127,3
"NMOVMtb0Ih0",20,292252,12759,103,762,1
"lHZvh3L92R4",24,292247,6669,155,530,1
"-NCqZ4MvbWI",10,292198,28341,373,2441,1
"9-r8D5bJiWM",10,292124,10985,207,0,1
"pCb8W9GscQM",24,292123,1957,215,358,1
"5djebinYvAE",2,292059,9896,273,1154,1
"Gou8xKe8Q9k",26,292050,10023,285,1203,2
"WVVUjOulUj8",10,292048,1246,110,350,2
"rFfrhOIPz0Y",24,292015,6361,229,347,1
"9rmdSl4bXEE",27,292015,4616,560,829,2
"AjGQMM9-YVg",25,291956,1992,315,2754,1
"9a-OAQE_hMQ",20,291919,20918,127,2789,1
"lPHrYvUlwnY",22,291809,2590,107,187,1
"AoETiwKEBT0",20,291809,14575,56,721,1
"CtQJBnxYSxk",24,291786,19488,88,2353,2
"sKLREPyI-dY",24,291737,7065,539,715,1
"yy8NUMXMg8Y",17,291699,4615,39,517,3
"qQruDaf7bKs",23,291698,6547,415,593,1
"5u-nn4Bb4f0",23,291697,2623,185,347,1
"6OYFuzz9iY0",25,291651,4206,337,2552,1
"8WfHX9Q8S6w",24,291634,1531,295,185,1
"pz7L6f0KKuE",17,291615,334,32,397,2
"zOz4aQ5Mx-c",24,291548,2156,4281,767,1
"mso8ettCqlI",24,291512,3026,358,1832,1
"3rQbo1hJbak",17,291509,710,166,366,2
"Wvm5GuDfAas",10,291492,19633,162,1590,1
"19ZgFyAiJLo",28,291425,9175,351,1184,1
"bYgZHIHEULA",24,291413,695,1167,618,1
"7kWJQCmFjeQ",22,291338,1599,263,263,2
"42q_QzozuuI",23,291331,9537,227,2364,1
"w9JrUVI_h4I",1,291287,20111,494,1042,1
"fOsphXJvaUE",24,291258,4490,109,431,1
"vnNTYwcFqGI",26,291226,16268,235,1146,3
"xU-3Zdei1N0",24,291200,5887,81,214,1
"u2bnmn_yuAw",24,291132,1384,267,149,1
"p0RPTgdicjM",17,291081,35145,236,1235,2
"cG0-oiy4scs",17,291062,2083,67,1705,1
"AZtqyjD9awI",25,291036,823,794,1467,4
"_25FO5hnHN8",24,291028,15168,57,1490,1
"iVRS5PvF8D0",26,290936,7914,434,1416,1
"_rtJpPwsiUg",23,290886,5076,180,552,2
"2TcCVx2ScGE",25,290884,1153,168,526,1
"H04FwIHQVaU",24,290863,1205,293,296,2
"LP7hj_efM00",20,290802,19436,238,1523,1
"g1Vag7OgCXw",24,290793,5899,262,998,1
"41jPlL9pUAw",19,290789,8504,346,1273,2
"kplCwKkx38E",25,290749,29952,315,5259,1
"xqFKpjrSZeE",17,290741,8197,227,692,1
"OyyLzv6vY20",26,290731,7553,303,1445,2
"ySNlrOmFDOU",25,290724,3317,579,953,1
"8yCgpCnXyUc",26,290693,4565,595,796,2
"dPlIU0Y1784",17,290668,3615,410,191,1
"HNRCmykRCi8",24,290591,9315,294,2521,1
"c77skI2QgrA",10,290574,39068,579,2750,2
"MFeycHGBoWQ",24,290475,7007,120,1012,2
"kZgo4d88I8M",23,290405,2866,327,227,1
"HFrfiNn9SEg",24,290400,12466,1466,1271,2
"4G1SBZ8TYa4",25,290333,2386,130,1280,1
"Hbxdid9XvJ8",23,290284,34046,918,825,1
"-oCQn2VkStI",28,290201,14880,2696,3410,2
"ZHpmDEiusbo",28,290192,17435,2486,3527,1
"KTTiKRJ2RcI",17,290181,2196,139,1128,1
"ZSyTlVr_1n8",10,290107,1608,186,285,2
"OGJ4Mv7H3T4",25,290091,808,309,53,2
"OEaR96sONQI",22,290027,2681,120,1446,1
"H1OF8Yq_5X0",24,290022,2100,189,427,1
"00pLcnkx7Eg",24,290000,1553,221,435,1
"0Rt329xQUjM",26,289999,10239,173,1213,3
"9Zj5TUsm4mA",24,289951,6882,114,974,2
"sOcS5iAwzgo",25,289920,3042,692,2665,2
"Na7VFFnqWVI",10,289914,29333,366,1831,1
"oSaA3o62eZo",22,289862,1267,84,115,3
"_whY-cy3vz4",24,289859,1526,274,193,1
"tranxI3uYT4",24,289855,1924,176,287,1
"hM7FB5WrXLw",27,289848,11524,153,1949,2
"lmzfBVsII60",24,289789,6506,200,258,1
"vPN0s8rqwhE",24,289712,20285,150,1636,2
"2xzxIjqfbCE",27,289580,13634,178,1236,2
"Th8rBDgarTM",22,289570,4223,371,900,1
"wXAydbyKD_4",28,289543,26325,293,3433,1
"bNjAGGFNDxY",17,289508,16174,537,600,1
"7mXL_xcPaA4",17,289508,3831,339,215,1
"_uyIp5C1N5M",20,289489,8906,95,2189,1
"NxhtEQ2IWGA",22,289439,1588,181,335,1
"I_U4mta_Db8",25,289353,524,87,456,2
"YyOcY4s05cw",24,289277,2909,235,1109,1
"bhyOePalmJE",10,289257,18367,326,3568,1
"g-F_9geAl0o",23,289249,2703,95,177,2
"kulPdl27Ubc",28,289227,35540,223,4437,2
"vXDgi8z30Nk",22,289179,7649,37,418,1
"bepFvVY9MuM",22,289125,6676,185,1076,1
"_UunWHuan3E",24,289120,20623,307,1102,1
"SPwI1fWp5os",23,289108,952,473,80,3
"VUXXajegBbA",2,289089,9472,478,2990,1
"FADEXvLGJNU",24,289010,1864,192,533,1
"DCVcZ2STflI",23,288980,17156,82,2449,1
"rouu2qImDdw",22,288975,7621,189,278,1
"Naz3lZXpNqo",26,288958,9031,235,425,1
"2zzBlkoHn2U",24,288930,9140,199,1143,1
"iTtjtGf-8wQ",22,288877,3307,1973,3824,1
"zxroXrjnzs0",25,288612,5352,143,4190,1
"3iU2aA8v8BE",24,288603,1919,190,389,1
"pkV-Fhx4afE",22,288598,1893,474,2192,1
"XP73Q3240Y0",22,288594,25482,192,4110,2
"_ASR0gujsao",1,288578,4912,211,2996,1
"0J35G-yci5c",24,288527,22522,80,2392,1
"C-5qa_kdxVU",17,288515,4419,205,1005,1
"ZwU-gWjaQWQ",25,288493,1547,2255,10749,1
"8GGGliIxpgc",10,288462,31169,65,1341,2
"zdyU4TKSMus",22,288451,8473,292,1391,1
"JsrjuxqVA_8",26,288418,18423,197,1335,2
"QRlkGbr_Pr0",10,288373,27366,183,524,1
"f8x2vAHIS3I",20,288306,11011,243,1068,1
"3kB6dhf1Fi8",17,288260,7889,85,518,1
"0OcaZKYXhOg",25,288248,0,0,843,2
"LgZBhEMk9Gc",17,288228,1384,62,523,1
"Ud5Lq7D5YvU",25,288208,7107,3692,2298,1
"lXBuFqqLARw",24,288196,1363,287,224,1
"QHok55ulObc",23,288113,37286,370,2918,1
"10L-Gbg4Vcs",24,288077,14075,1035,1338,1
"-iKvK3AcYxs",22,288072,1762,426,1178,1
"ST7HNyX5oSA",26,288049,20023,261,1821,1
"5lGiLmcyCDk",24,288013,6196,89,522,2
"-SrBCuU2BO4",23,287976,3115,111,190,1
"giIC5vtVboc",23,287967,24457,1690,4605,1
"rm3QTiUcpHY",24,287949,3422,641,1277,2
"nA9LAMuJBxE",10,287944,243,207,36,1
"lMRgMdto7Tc",17,287942,3482,245,1924,1
"CnSXDpDFn7k",22,287934,870,252,28,3
"SLT0BUoBk9c",22,287828,2599,282,795,1
"HCnwgvSs0vA",24,287762,2701,293,1231,2
"LekwzufpphA",15,287732,12115,262,3720,2
"SDaatQaUOvY",17,287728,9679,79,1250,1
"Z7udogsHZbs",20,287668,15856,109,964,2
"cPAK_9m_Kfs",24,287658,1979,205,410,1
"iyeWTFLzNZ4",22,287616,1085,22,98,1
"mCMvDWGJuIU",25,287482,1578,521,3667,1
"0leOMelIV3M",24,287437,1481,175,455,2
"JvxhhHjads0",22,287410,18050,461,1626,1
"ag8PqlgHzN8",22,287383,1339,80,255,5
"myKY6kdnBpc",24,287291,22569,237,4666,1
"sZH1D_-fZf8",22,287248,1682,233,788,1
"mYOHhnDwmII",24,287230,2172,129,614,1
"_6PlfgmPUBY",15,287216,27817,226,5546,2
"D1fquCPHEPs",24,287199,3848,330,892,1
"YkcI4N__HsA",24,287194,5913,499,3094,1
"uiFZsJul-q0",20,287163,10790,153,1897,1
"X4bb0hw8hIY",10,287120,22476,834,1184,1
"WXJc0mK8bmc",1,287112,1800,781,877,3
"2LpiH6q1rIo",24,287101,6160,128,763,1
"w6Z1L_HHCcw",24,287079,9124,165,2363,2
"nTAXKTAAdW0",24,287009,952,159,431,3
"3OkLTLFmQIE",25,286791,11234,393,3917,1
"3KM_tCzF8Zc",24,286763,2482,170,578,1
"h3CcRmLkDiI",22,286674,1172,72,1011,1
"XlwvxZwP4B0",26,286666,6932,276,2167,2
"fbFBhJB22zA",25,286625,2688,164,1129,1
"z-bXxHMbi1Q",17,286584,20173,392,1425,1
"cij9zlMxgxc",24,286552,1300,80,474,1
"5PX0QlMO-Ks",24,286520,1249,200,190,2
"-euDYyoh0to",24,286496,3010,291,1078,1
"R8N3Jg9OKMg",24,286489,5257,128,1269,1
"K69xU0cFES8",19,286471,8646,238,1099,2
"i-9MxEi5oWg",25,286273,1264,335,782,1
"FtX7GY_iPok",24,286272,5191,104,553,2
"tqSjmmL0sg4",22,286099,4594,381,777,1
"w3AkNU6G0-Q",17,286070,2258,81,329,2
"L7QZJcLsAL8",22,286038,2319,208,561,1
"Ich3x5XphK4",28,285986,11992,897,3391,1
"zhGQi_kWvzE",24,285941,21659,126,1481,1
"5LZQOAKYVLI",22,285901,6478,190,958,2
"lddXMBv8hHE",23,285894,15584,357,1204,3
"GEIvFfeSjuE",28,285856,25410,70,2121,2
"61U4_ygZolo",28,285855,3112,298,274,1
"S79vBHjGDXA",25,285760,1334,210,194,1
"wc27tkDUo0w",22,285713,7193,92,295,1
"Q289WrcIA00",24,285694,6023,138,484,1
"ftwIPuNrWco",24,285679,22934,503,3115,2
"LdNrxSzJZ4s",22,285669,8966,117,817,1
"eUd6Z_zyXZM",23,285648,18669,296,9946,2
"q5kGa7gV5kI",24,285614,4545,442,1334,1
"cZjy88qbEqQ",22,285605,1402,237,527,1
"2oMtodmJ5e4",1,285573,4693,1265,1992,2
"pyO1kGmsQpU",1,285544,9916,98,958,1
"os_z6OmgTm0",26,285535,19371,148,3930,1
"MF43dPRKR98",24,285527,1904,212,321,1
"K5QhLZRv4aM",17,285527,1424,130,964,1
"4EKrU1tt5JU",10,285523,11174,428,601,1
"01NxGLCVN9w",24,285516,3403,75,155,2
"ar8S6virCwM",27,285508,12470,233,686,2
"vFS2aH90_fc",17,285499,6529,511,2616,1
"vJy5Iag6ZaM",1,285495,9562,133,1183,1
"oQttQdTVAN8",17,285487,6016,163,2175,2
"5I8Q5AVxWaM",24,285474,8406,263,1239,2
"tYvqLuqmF1Q",23,285431,15938,454,1908,4
"9jaJxPoytvI",19,285404,9689,261,966,2
"vUiE_0GPqKE",10,285261,29059,470,2764,1
"NI71-qySsrE",26,285254,9060,143,626,2
"eCb1UpfzHZE",1,285244,2039,98,230,1
"2NpetP71B1o",19,285129,11625,335,2409,2
"U_u91SjrEOE",27,285091,15716,164,846,2
"Yz_VzJ4_OOo",24,284926,8597,804,1158,1
"yExDk_Re0Kw",1,284884,22439,303,2127,1
"Rz6Sh3vTcgQ",24,284827,4081,378,828,1
"LNLRk6M4Spk",1,284750,508,104,257,1
"Z1hFmQWO6c8",22,284712,6265,660,1560,1
"RCa2YA4Jf3o",22,284628,3087,232,550,1
"wsX_V8DZU5s",17,284568,2980,126,1096,1
"wXkODRgPKgY",24,284565,4168,1595,3647,1
"iqtC0F7itgw",22,284520,25296,324,3588,1
"r-gOk4ERXhc",1,284493,4811,134,352,1
"0tMg-3NLZ8Y",24,284432,10182,1177,1326,1
"sNLbURr1qmE",24,284371,13310,2448,5838,1
"5sWBfTjPU8I",25,284360,2425,174,927,1
"0hQnX_StoDA",23,284356,4694,149,336,2
"A9n31VZUWxE",20,284244,16131,734,87,1
"uoe12CfJZy4",24,284214,660,105,1377,3
"UDdUDrSQbdY",24,284212,4178,121,135,2
"dN__M-3sl6Y",25,284194,2831,262,3178,3
"9kLGwoc5H1c",24,284163,7077,216,853,1
"iABFEo_Fa1U",24,284150,2757,2347,1021,1
"LtTkCnmEbs4",17,284063,2084,146,1267,1
"IFtFzBIPBFo",24,284017,12495,157,2173,3
"df6tkZDkgo0",26,283969,16131,504,1881,1
"FgTEbEqaAZU",24,283952,5265,334,145,1
"KsGd7BnwBBk",25,283950,1524,665,462,1
"XQ754QWiiNk",17,283927,3019,84,1001,2
"Ox-DSihhpBM",23,283899,4995,98,344,1
"Nc1AmsySymE",22,283789,2290,247,823,1
"JLqmKXMocm4",22,283726,2276,113,117,2
"viLHYoJSIJs",20,283724,11992,147,1104,1
"XRt3xvVU0vg",23,283722,28633,550,2729,1
"7uUDV5zA2AA",25,283655,1396,250,1204,3
"nb19Ryzr84A",23,283535,12359,626,1227,2
"EU7SPvQD-2c",25,283534,3912,184,480,1
"bcmJ5u4Ord0",28,283514,11928,350,729,2
"jxV3rSZQPoA",24,283447,1981,142,191,1
"gE-DpesPB7s",20,283316,11794,133,1223,1
"fuagJwFRrmg",2,283312,11103,177,1465,1
"SWFyCW-TfyY",24,283305,1287,218,151,2
"s1Sa3upX3bQ",24,283290,8715,446,2030,1
"NpKiUPrNl3Y",1,283228,4258,1080,1026,1
"8uvCA37S6wM",25,283184,714,348,787,2
"LzEbSZN82IU",15,283178,10857,369,2047,2
"3P4TiwewztU",24,283170,22397,142,1106,1
"3vCOzfCY4EM",25,283153,16816,476,6136,1
"v6yY9HKVmfA",20,283144,22580,121,2763,1
"lsRmW22mnrU",24,283091,22272,634,5038,1
"BevW2gFVYJ4",10,283075,1250,134,48,2
"r5Go-DqQjlw",25,283040,2855,200,863,4
"4bcbltzyUxc",24,283034,1553,318,572,1
"bsjMaQBPML4",20,282955,14935,128,1174,4
"0eOtSEkLVtw",27,282934,9779,305,818,1
"mBhAPpHqD4Y",17,282923,4461,165,2340,1
"FJH7n9fzDTY",23,282922,10573,411,1301,1
"ZuV0laGPGJQ",24,282857,2682,37,586,1
"au54r1157T0",23,282846,7801,593,1454,1
"m3cLF3vEx4Q",25,282841,7015,257,2489,2
"_BNzjq1K-CE",25,282828,1901,199,886,1
"t11hkMdbFPo",25,282819,937,106,417,1
"3QMKdZ1D_4U",10,282804,15197,275,2897,2
"HRlh-U718I0",20,282743,23037,338,1738,1
"Xzflksa43JY",25,282635,3058,304,1768,2
"Ggy3aYSamW0",25,282620,7861,1092,4261,2
"5raTcYQohbA",24,282617,2562,54,120,1
"BsAbnrnN1PM",24,282600,1174,98,793,1
"_EqvTLaKJ1I",10,282571,9253,270,414,1
"vA6z9KaWXjY",10,282538,8408,96,554,2
"Fc_Ws06wJIE",28,282528,12978,494,2679,1
"s8Y0fo9azi0",24,282445,2497,298,1029,1
"QODABIgXtCM",26,282420,27961,258,3070,1
"C4BqixIFfQw",17,282372,8213,81,1782,1
"3mOz4x39gtg",17,282356,854,87,343,1
"BVm7gZR_w-Y",26,282208,9787,273,1858,1
"hDByXy10wag",23,282172,4858,337,346,1
"cosN6ilQ5u0",26,282156,23714,190,2646,1
"xWWpmn4vbC8",24,282036,3902,399,1184,1
"XUAxgRQJY3I",23,282020,7077,264,1209,1
"pTIvJMZ2sYY",22,281980,26289,245,2570,1
"hyWG4FZ0NHY",24,281956,4372,113,1017,2
"WFqEWedJzL4",23,281947,10179,292,1073,1
"m-RzmFTaWCc",20,281925,10110,199,951,1
"XZPe5WNuOYA",17,281800,6007,165,932,1
"-RHec9QrM1E",24,281767,8832,436,1493,1
"LXuNNqoo1WQ",10,281717,21521,97,1380,2
"YwcfkNy7DNU",24,281631,543,193,106,1
"RS_0sVza0nY",24,281517,6661,91,861,2
"QsZF-F4LbYQ",26,281472,16810,354,1494,1
"wLwCiJ5mKec",22,281394,3189,623,845,1
"SgKE8ZJ7OjM",27,281348,20914,170,1579,1
"jnj0hnl3fi8",23,281309,8905,183,4325,1
"mC9BShlDnXk",20,281248,11280,147,6379,2
"njZMg2m34SY",24,281201,4283,360,1194,1
"RskA7MUqpQg",22,281055,14236,123,1223,1
"hgLQWIAaCmY",2,280910,16680,168,2372,1
"AU-9Zh0w49E",20,280831,14304,51,310,2
"c-byrOjxJU0",20,280822,13551,141,1897,2
"C8uLO0tbvVk",24,280812,1864,177,384,1
"OSkw_cn7-jI",19,280769,8791,225,2071,2
"N5kSFvMrWmQ",24,280729,11864,148,1569,1
"-t9TwUaJUUQ",24,280714,16542,224,3057,2
"TRyD_cFtPp4",24,280663,10920,297,739,1
"8Ns7xa-GAN4",24,280629,6173,95,808,1
"YW73boP48fk",24,280603,1498,476,342,1
"NNM7lllxL5U",17,280580,2743,192,1429,1
"0mOiPtj4Irg",24,280539,5311,109,522,1
"KhnE8H2eEz8",27,280509,13750,130,2131,1
"1TSVHDakIv0",24,280499,5605,200,453,1
"_V-Rx1r-FHQ",10,280395,12236,830,1418,1
"Jm0Z-igxYD4",22,280267,1356,208,375,1
"s-ix92hVKMQ",24,280260,9336,676,1272,2
"PLcm4U2E4yM",27,280253,15480,142,1628,2
"1NmBCatvnTU",24,280205,2946,435,1887,1
"GvPaXwrqzCQ",24,280201,8783,883,1191,1
"K71R1mBqgck",26,280112,5447,319,237,1
"AG0QZrtTQK8",1,280062,17651,133,1681,1
"gNU2LysoxpM",23,280027,8272,301,3245,1
"d-X4wFeBwv4",17,279989,2192,315,2509,1
"Xu7ycyZWPiw",24,279979,7099,62,787,2
"LGYUk2TVB6E",22,279964,16180,281,1117,2
"s9IwamztdqA",25,279951,10973,471,2541,2
"Sbehr63hZ-E",19,279877,8755,153,1185,2
"j8giXiRyGbg",24,279863,26808,133,4261,2
"1Y1Q3LDI5ng",24,279834,2825,245,1897,1
"zJUtRGrvkqM",25,279827,3596,2770,3266,1
"75g162WSpoQ",28,279820,15283,192,1424,1
"QvjC2JMhvF0",20,279809,9683,238,1628,2
"00zDrnvB1Os",24,279793,10242,183,1217,2
"koWLGk1BddI",22,279733,2169,195,756,1
"TrSV0yTD_yU",24,279715,1566,355,227,1
"Zmw-2hx2pM8",20,279687,14692,226,2208,2
"Vd4wjwGevf8",22,279585,726,228,34,1
"iER__ZHrRIk",17,279528,3183,180,696,3
"RscmM6mwRLs",23,279527,30415,357,1427,1
"kqOrgVpf1gw",24,279511,18485,79,3485,1
"632LbR9k7TU",27,279486,18455,279,848,1
"V1rt0t21vQw",22,279461,1910,35,141,2
"ahhJYKYCsUk",26,279377,9037,234,826,1
"BNp4kr6BdRE",1,279347,4959,221,2520,1
"6phhyKQQDVw",24,279333,3890,142,955,1
"eEoCxODjvYE",26,279235,9043,343,1387,1
"ebvKQ5-rTLU",28,279213,10249,452,2047,1
"M6hcCXjbvPc",25,279156,2723,215,1528,1
"33UEg6N7xq8",20,279131,20865,195,4303,1
"cszJ5xKyKzQ",23,279126,35069,468,9187,1
"XzjA4zxLGTM",25,279094,1849,112,227,2
"lCe-VW4E5yA",26,279089,5567,438,1751,2
"6-8H0_2ID90",25,278958,4591,278,1008,2
"Df0qlzgiwzk",17,278948,1649,234,138,1
"FIxMhx2CLiw",17,278943,10248,44,1052,1
"5fDeKPgVHVo",24,278885,3569,91,1387,2
"hOzo15P9Aq0",24,278858,4058,326,936,1
"qOs72fG3OTU",24,278738,8398,296,3334,1
"J_ybk_RQiaA",24,278735,17150,131,3066,1
"SFG0fW0ZpHY",17,278683,2862,136,1560,2
"7hws55huP_A",1,278600,4800,216,2593,1
"7T4NutUazJE",24,278558,11843,108,945,2
"J1QKJxYsZMQ",24,278544,3925,502,1525,1
"pKlzYHFwbCk",28,278520,9292,1055,7230,1
"omczdd9JoQo",24,278454,7620,133,2319,2
"q6xDKi18xX0",1,278442,8475,150,1065,2
"PiHgR1Xzw7M",25,278427,2800,214,1804,1
"hqEZMa54_x0",24,278396,7368,268,0,2
"BCxl-l8uFvE",24,278283,11420,191,2599,1
"Kzv1fzYIJiE",24,278261,10641,134,1794,2
"SzhU4QzvPys",20,278182,11114,108,1762,1
"527JOukieMQ",17,278176,3473,726,1973,1
"zsXzPDB1_q4",23,278160,2481,88,222,2
"8Pe78lpSfWs",24,278155,5398,90,539,1
"bU2cBhvZD74",24,278150,1921,442,806,1
"1MsENU8XLdU",23,278147,10515,245,814,1
"XNn3LLvZkrU",26,278117,7562,165,513,2
"JUTwazy-5Yc",17,278088,21897,538,1338,1
"eq05RfRWuS4",20,278084,6990,127,994,1
"Pp3J-FG63LA",24,278076,3454,65,448,1
"RziHpvCDnK8",22,278053,1537,131,1425,2
"d99_h30swtM",27,278044,17411,92,1014,1
"cRs-wBddqZk",24,278015,5703,188,1728,3
"-raueUXuVkU",24,278009,2002,191,367,1
"-wj1pc3tJEk",2,277998,17401,349,3579,1
"bdBIqSLHjJU",25,277932,6131,446,2282,1
"IkQvssxj3x8",24,277923,30683,1072,3558,1
"eK4jyda60jo",24,277880,868,74,636,1
"KxRqAuHNXFM",20,277832,13754,138,1310,1
"pIvQzqwU_aM",20,277831,16138,216,5086,1
"hhMnexT2p2E",24,277772,1430,248,127,1
"YjpJ5Lb_Y60",24,277772,5048,343,298,1
"Elz0a8WuJO0",23,277764,8354,156,2840,1
"Zh633jqXCTc",22,277731,28434,152,2061,1
"lMjqGl3UDCk",10,277685,23521,118,3152,1
"5GtxgeMf6Qk",10,277684,5835,124,429,2
"GfaQgl50Mv4",25,277667,3257,145,3668,1
"_un7TdpqQoo",24,277645,2303,1522,1213,1
"AXN0_eEo5-g",26,277600,16620,403,2188,1
"BvP4ekH1lsg",22,277598,11898,359,3624,2
"HPudwr4JwAc",10,277574,350,173,11,1
"HCDqUr86LfI",25,277488,6860,574,3104,1
"e7Sp2tEml4E",24,277486,2375,209,607,1
"bUEQ4S0MwZ8",23,277465,14741,698,1154,1
"dPKRz6QUOJU",17,277445,2451,78,895,1
"v2fTPeihHQw",24,277354,1461,244,277,1
"mKa08dL9GH4",24,277350,4079,761,933,2
"bBwsvWrlhW0",2,277248,10294,357,1443,1
"tJELPsUhiQ8",17,277200,1214,202,303,3
"mWu3YBgz8Rs",1,277095,2510,87,122,2
"uAUub6LPKBU",28,277068,11234,186,986,1
"UUQkl9WwrDQ",25,277042,2654,299,1682,1
"BGrxzYFuvOY",17,276997,2637,2002,1175,1
"GEpOvFLIJy0",24,276959,6743,98,550,2
"nACoGA3CX9o",24,276927,3905,118,338,2
"zWVW9eubQrU",24,276760,17835,304,490,1
"9ExFY5QWb2s",24,276706,3048,245,2542,1
"WuZSgDWMrOM",24,276647,15174,155,6326,1
"8WKV-iYdrlw",24,276645,2168,187,424,1
"SWcdQ-6TKmI",24,276628,2783,817,1455,1
"HWepJm1pm_4",22,276549,3971,174,1251,3
"ZLgE9FBOtTY",24,276511,8780,502,1681,1
"qX5dEzTOQ80",19,276510,9149,205,1584,2
"vOHPXy3UXJY",24,276500,24720,526,1559,1
"_XYIqbLWVo4",24,276462,25178,325,1806,1
"sSLs1EoPFu0",24,276460,2102,206,415,1
"CNOsmJlN1QI",20,276403,10446,154,1424,2
"IUDdUMaJ5D4",23,276400,3134,115,306,1
"qkzn6RcrSYk",24,276395,1328,420,201,1
"paMZAxeeIOw",23,276371,32116,631,1578,1
"aDZXYEPdhRM",1,276360,9880,87,1473,1
"wbu8G48n-js",1,276312,2142,158,476,1
"VyDxdSuTBEk",20,276294,20395,98,1296,3
"CelMI6w_UKA",1,276227,25382,444,1091,1
"Aw0OsoTmQdk",25,276130,2201,216,1805,2
"mm5v6BLslQQ",22,276076,1088,105,188,1
"0ZTH_uVR8k4",20,276007,16739,159,1322,2
"VOEZbJQRiFI",24,275980,1696,371,181,1
"DyK1xtKprGI",17,275945,996,53,467,1
"1m39Ry7mgyo",24,275933,26733,107,1188,1
"-z0WMKGJTVM",24,275883,864,302,323,2
"k-5X_0ZZq84",24,275876,1924,207,457,1
"rJj12Z09iHc",22,275817,1563,176,427,1
"bsH1_CHRL6U",15,275784,20433,296,1918,1
"oZl2jBTqiAQ",26,275755,7975,321,1108,1
"v5e4gwDGrNk",25,275726,13083,4637,3290,1
"jYrWDbpMyRY",22,275701,32814,351,4760,1
"bTOsU0ioW4s",24,275687,7279,93,485,1
"JSL05r08uhs",24,275679,2099,69,165,1
"TpIqNpWtKEU",27,275669,13106,317,1197,1
"ZtomsRAtRWc",2,275583,17796,114,1535,1
"ygzcjOFicYc",24,275545,10531,2553,2287,2
"3dTpCnZ7AR8",25,275517,17313,468,6097,2
"YxdbLvIvU30",24,275514,9379,115,1211,1
"q4wMq8u4-Ts",17,275364,435,11,110,1
"GWpGF2urAXs",24,275364,1497,479,257,1
"6zm7LfuDCu8",22,275360,10918,4701,2912,1
"5O-hLjRiBoY",20,275333,0,0,1090,1
"8nxP61JU0RA",22,275324,7340,551,470,2
"8Ab20zksSk8",24,275246,6188,85,1141,2
"Ek0195TInzs",23,275241,17469,2278,4584,2
"3yNllJ3W180",25,275199,3590,32,743,3
"-kPFIbcfxog",28,275165,11136,464,1761,1
"x6qT_7YwEyU",17,275057,1354,351,1704,2
"GMftwHfXnp4",24,275053,23917,235,1088,2
"YNtHpyqo4xY",24,275036,1434,195,344,1
"JEWw5EXn898",24,275006,956,802,112,2
"eOLxegUbtT4",24,274950,1582,465,257,1
"WBXKjgQm3oc",2,274947,659,489,65,1
"u-Jn75B-O5k",2,274909,1732,301,1089,1
"u9ETfAQSOIY",27,274828,1751,861,424,1
"NjmoRbZxwug",17,274808,2700,136,1199,1
"hoeotCfgr_c",24,274802,2053,172,479,1
"jyCnIdYZMz8",25,274710,2338,331,2140,2
"toj7m7RLESo",25,274664,2581,393,3164,2
"CUHrvT4wI5o",22,274640,221,271,37,2
"WpyTbalYZtk",24,274597,6417,286,995,1
"QZomK3TAEW0",25,274578,2850,584,1836,1
"Wc3l4LZv07E",24,274508,1861,129,1131,2
"64gTjdUrDFQ",25,274505,13792,143,3657,3
"AnVgFzs9Bh4",24,274459,1316,220,152,1
"4Bqpig0LE1c",22,274420,8149,232,2302,3
"jxLkSiAzqw0",25,274412,664,554,2776,4
"EhFZB7-xixY",24,274374,3720,324,919,1
"dagV8TyKq0E",26,274332,21085,100,1306,2
"rrkW65P-5sc",23,274317,2113,134,334,3
"1ovAIXGlif4",20,274274,17634,114,1900,1
"oi-YDc4nkdw",23,274249,26842,619,3579,1
"bVMVxJJ7P8M",27,274231,11034,114,834,2
"3zjhB7NYQyg",20,274190,6303,266,368,1
"URfbzdgxFmE",24,274127,18906,179,4430,2
"ZnZ0eNb6t2w",24,274024,1350,305,218,1
"GwG38dZKpKE",26,273981,7997,396,903,1
"l2nbiEULxjk",27,273922,14104,249,1816,1
"fmhbFFAFqRE",1,273860,17485,284,2744,2
"F8-1xzgP4K4",22,273767,1786,185,378,1
"AiDlCVnQRN4",24,273628,9353,162,2078,3
"1Z-9lB3xsFU",25,273623,551,287,7,1
"ZIimyHlUSEU",25,273549,2287,262,1717,1
"SgR7Brr1pc4",23,273489,3443,89,670,4
"ig5K9po0Xew",25,273464,5048,226,117,1
"91ZJ8rEINlc",24,273446,14881,216,2257,1
"31VeR8fkBIg",24,273365,5201,473,2424,1
"NzWQ6SWhJ0g",24,273302,22536,121,5453,1
"ZpShLdgfNbY",23,273299,9702,352,894,1
"S6rDvbQ-mz4",24,273271,13805,361,5889,4
"bod5wRBpUXE",24,273263,1503,253,207,1
"p1tiCgVnCQ0",24,273251,4354,147,313,2
"3syUejwzd3Q",24,273239,13653,170,5566,2
"C6q4u1sfuoo",20,273209,18603,66,2610,1
"xBflpbZawAY",24,273063,8652,97,2555,1
"5ZctRMkntyQ",24,273017,1142,171,613,1
"7WaLSCkRcZM",17,272847,8448,65,773,1
"8Ac8SNSkSpg",26,272825,6172,245,726,1
"HmGsIPJfGns",25,272752,1355,429,282,1
"SAWwIjlM2P4",23,272694,5952,186,736,2
"P8LzhJI0rRk",24,272666,1603,205,1269,2
"BS292-trn9A",1,272633,4484,224,2004,1
"4EowqcVZEgM",27,272595,12901,177,1622,2
"P_0ss4bttU0",20,272590,13298,78,2444,2
"fxt5ZPxlby4",1,272577,11684,229,672,1
"JTyZeMPOP18",24,272558,13975,274,1381,1
"h2lfKH-FBds",24,272543,5438,251,647,2
"EIVPP9KOT0Q",24,272512,3354,324,1664,1
"Qs2bv6uLPjw",19,272500,7182,142,834,3
"lThYfJvudTk",10,272490,5416,150,209,2
"dBzdibsvyQg",24,272403,17103,103,1329,1
"RlyK3rVz2Z0",24,272401,1859,216,305,1
"5DwQSuFSiVk",23,272399,13293,355,1484,2
"DcT4ex8WX70",24,272389,5296,1524,551,1
"qQvzZYVQ6rU",24,272351,4001,373,972,1
"fovXM_4MYGo",23,272337,11062,263,2744,2
"5TxN-3GfhcA",24,272333,11116,662,1405,2
"BVVfMFS3mgc",24,272301,34603,162,7107,2
"p09c0MXDxto",24,272262,10418,1266,2733,1
"TCKI1Z7Vv-M",25,272259,1062,107,24,1
"5WDw2ZMHKo4",10,272239,14218,376,1184,1
"73X4It_ziP4",25,272208,2090,386,1646,1
"0GFp7hAiJ08",23,272183,2107,348,327,1
"V64izKR5BR4",22,272139,1248,34,95,1
"WKEGJQWx5yY",1,272123,39449,230,22007,1
"vHog-Bpj624",26,272058,17169,641,1512,1
"ylBZEXVwih8",25,271940,687,300,960,1
"rXoA61VyfhE",28,271860,1458,165,151,1
"yxlblsx6k5g",17,271824,3945,236,2525,1
"TcfSTBh_sms",22,271810,3521,101,295,1
"9g9BmnrhRgA",28,271735,12031,569,3805,2
"FWFMPkU0hKc",20,271729,13212,174,3120,1
"AN11Xm--8A4",17,271702,9627,237,882,2
"RB60iaSUIu0",17,271699,610,10,43,2
"j80JbKPEMNQ",17,271596,1712,77,200,2
"ejJxEPvMshg",24,271583,2196,54,430,3
"UQChaUS1H2I",25,271572,2886,194,1222,1
"gvyvh7tmxHY",24,271549,5779,70,340,2
"nAfjthIeNvE",24,271519,5687,112,717,2
"FaUDgQi-thQ",25,271491,962,107,979,1
"jhAgg6-jwfY",26,271296,6541,464,892,1
"Xps0kdhpD2c",10,271254,10068,356,1248,2
"qxt2JE06PYw",10,271233,16853,341,2411,1
"2dFNmnhohW4",20,271232,13727,114,1266,3
"OieYNToD_V8",20,271222,12869,145,1651,2
"kvCu2HJHZok",24,271171,2043,196,620,1
"WPLNyvvksWY",25,270981,1262,148,328,2
"i6ymUKcHGRk",22,270973,2288,130,128,1
"DMT7EnJ_Kp8",24,270964,10489,105,905,2
"Z6jagREDl7k",26,270956,11199,134,464,1
"Q0XcptkS60Q",24,270939,15738,158,2721,1
"z9BDS6s5Cw4",22,270925,32620,76,1521,1
"7D1HRZh6Pkw",25,270893,2759,242,1565,1
"RKy6kBInxSc",24,270880,4802,277,901,1
"Aymo3du_qrE",24,270869,10485,162,355,1
"Yz2FKVX8S7o",1,270798,1477,81,146,1
"ksiNN_-ABDU",10,270710,1795,462,1562,1
"izjXOS6FnPQ",28,270703,11101,266,899,1
"NrnK1f6THj4",2,270585,11348,79,1013,1
"IofKxoLdWW8",19,270559,4238,396,349,1
"3RMiGRLnkBE",24,270546,5146,79,145,1
"fCXW4DsjzH0",23,270540,30262,107,2027,1
"5cXo3VhbL-s",17,270535,3365,376,1859,1
"C4dtKusJJhs",24,270508,1731,186,487,1
"rgfk4qFQC2c",17,270451,976,126,258,1
"Az7Evhgbc7M",15,270443,10278,172,1237,1
"1xNJ6hVRbNQ",25,270372,2749,450,1329,1
"n53o1iZim20",10,270256,994,152,62,1
"d-4W1y6f3hg",26,270245,10040,138,562,1
"vebNxWGotC8",27,270226,11326,174,1318,1
"r0qD-87oeJ8",24,270219,5026,254,862,1
"z1giTGoyROI",17,270210,2713,178,1107,1
"wNkRz5VAG30",26,270198,19054,156,1748,1
"EbuCLC_wVlM",24,270142,12507,114,425,1
"R1uHEFaGzpo",23,270134,10564,553,1533,2
"Hx_KBz9mIPw",24,270120,1710,167,333,1
"IOT9T15mkX0",20,270080,8793,457,1482,1
"2UfZ8ThANiY",25,269998,1035,215,1207,1
"m3ynTQSTjko",25,269898,5628,399,2042,1
"vNy3PvdAUbs",26,269860,20974,108,1485,2
"8XvpfNgx6TM",23,269761,2879,154,393,2
"zUcA9Xzm_oY",24,269736,25084,101,4057,2
"Y3thCkrb7Cc",24,269711,8077,113,1448,2
"zbb76wxJ1vk",1,269654,19712,84,1278,2
"vVoEgYAkniI",24,269649,3603,307,957,1
"Q7BU9rBy93s",17,269640,3460,181,2623,1
"Luud1xP-PAY",10,269623,8253,316,802,1
"qDNyJux5HOU",17,269612,708,90,1367,1
"sKIitlNHqVY",22,269590,1759,308,1304,3
"6uzuSbnxsB0",25,269562,2314,123,593,1
"ahkkJaFi6Fs",23,269523,9165,208,1980,2
"6_Qnc_P1xMQ",28,269489,13830,5860,2720,1
"Cf5w6LGrMk0",25,269483,16479,231,7895,2
"sSKJvQ2rjmk",26,269449,15053,202,940,2
"g_GgwaHnSaw",17,269400,1149,59,451,1
"pbzDC2vH9oI",20,269367,10274,168,1440,1
"yNnjXxi0VQ4",24,269349,3272,239,1974,1
"tJuAFmv0pow",15,269256,9355,309,1327,1
"EYypZ-NUdn8",25,269229,3970,358,1974,2
"OE9aMtCWRvE",2,269223,13555,127,1358,1
"s7rdXrDWQRg",24,269131,4666,79,70,1
"BJEAWxCEbfE",24,269122,5799,413,782,1
"c-ly2SGWnGw",26,269122,13139,154,935,2
"iNAJOgo5_Xg",23,269103,5232,207,485,2
"JGos0kg_d40",22,269098,12741,124,1011,1
"csDI2JtSDUU",22,269061,1343,207,391,1
"xNga57xIUKw",24,269050,738,212,502,1
"-B_a7VOeKuI",26,268936,6713,452,1101,1
"2qx4yxZgtJA",24,268929,10964,64,920,1
"PhWrrfEjY4E",24,268823,9876,384,3799,2
"fPcnfGfE4So",24,268776,13535,79,674,2
"dlW5ERrjuqM",25,268730,2597,238,1841,1
"YzDhoAoKulo",24,268714,2578,244,797,1
"8Rg6csfHBr0",1,268682,10495,86,1134,1
"31goTLDnjmM",2,268637,9933,180,709,2
"emISpWXVuJw",24,268634,15344,451,6502,1
"wvgIY-6aUUk",10,268608,199,211,13,1
"TU6bZqO6xzs",25,268556,23135,218,1574,1
"hWlE60HW9aw",24,268531,1105,91,740,2
"Lls7723KuSE",19,268458,9287,209,653,2
"PXnm46_RgPw",24,268430,2817,354,705,1
"eu1HntSgAyw",17,268408,3347,270,3923,1
"gXfnrEguhxA",22,268393,6983,261,274,1
"Cm4lftnRKpY",24,268385,2446,1437,971,1
"7eRlKW3bQ2o",22,268300,14028,552,2494,2
"k65nlhQEEkQ",10,268273,8296,120,658,1
"bOXa8XhQw3o",20,268269,11569,491,2907,2
"9pXLSjDkcEE",19,268248,7151,138,597,1
"fu-fjcRCGXo",24,268135,4081,413,894,1
"QeMdYTWzVmg",24,268109,4110,185,948,1
"5gNWD_PBYT4",19,268071,7086,123,487,3
"uFDPLyAWpVg",17,268057,6157,64,397,1
"Zm_xdvGI8w8",24,268055,10119,939,3864,3
"0ndumZPtVw8",24,267950,4113,354,1051,1
"wWbYbLbFuws",24,267937,16362,358,542,1
"nZM9Ko806Bg",28,267900,15931,223,1836,1
"rSqpZFUAAjQ",17,267851,913,128,677,1
"VA_P3p7MI98",25,267777,7882,398,699,1
"aLRQLkqjHEg",22,267738,2200,133,895,1
"K0t8KS0udz0",24,267716,12226,161,3601,1
"feMut5cvng0",23,267631,14278,438,1291,1
"iO5ZHPmh8LM",1,267627,5055,195,1291,2
"pJICAek-qIU",17,267519,7371,51,477,2
"WlDVOIO1rIA",10,267507,15283,306,2389,2
"Vgfsx4J5Bcw",23,267473,9829,217,3259,1
"GWRwuilpbGw",28,267410,11845,278,1261,1
"roizoK18VZM",22,267365,6251,356,295,2
"zTJsOjFbkuY",26,267299,16901,200,1382,1
"SdzyZ49dSQc",10,267267,4963,605,794,1
"MC5ChT_D894",26,267240,17948,421,1300,1
"-o6fJAU3WOA",24,267151,539,238,991,3
"6pnZHEKqHIQ",26,267135,20474,137,1203,2
"_NUUgUinZds",24,267135,6600,109,2257,1
"3UI_N4HlLRU",23,267110,2719,128,442,2
"9pWvmg-t9fI",23,267091,7257,644,1280,2
"20REZmnhHSA",28,267067,1274,445,317,2
"ZU9Lc-lvCPc",10,267030,3284,292,224,2
"dPMqNCAxpMY",25,266964,549,523,795,2
"R5Hy3Sd1OU8",20,266944,24018,390,1447,2
"Hkz0NcKPzMs",23,266861,29527,147,2591,1
"lE2IMCCa328",25,266848,4975,362,3572,1
"QVklmYejCVk",24,266821,1075,143,122,1
"mF6vwuGWQZU",26,266759,9848,295,1593,3
"twRH07bNSvc",24,266732,5763,50,531,1
"18JBkN3FrJs",23,266707,21073,584,1401,1
"1P8KsBg9-uM",24,266694,1392,697,249,2
"sG-S5BDkLCs",24,266654,1651,244,476,1
"fUiL1f7_AB8",24,266646,12141,76,1262,1
"fi483E-A8P4",26,266644,15623,122,2696,1
"35ReY3CfxCc",24,266619,46836,348,3054,1
"uTRUQ-RKfUs",24,266594,18547,228,3212,2
"F0ZdMq0n8-Y",23,266297,3477,129,327,1
"WtHJtXlJ868",24,266269,6090,260,436,2
"pP9fQZsstIg",22,266267,5534,311,1030,1
"pksUvEf8IMs",25,266239,8064,399,4512,1
"3vJVlaSDzz4",1,266108,1346,90,294,3
"lmkRzT90LWA",22,266102,12643,190,2043,3
"MDPCLiDf1qs",22,266085,19114,228,2081,2
"cusdrAivBRU",20,266038,19043,744,74,1
"KHuPDbOTVWY",10,266017,6996,129,520,1
"Oll2GIHyRWE",17,265939,933,120,83,1
"X027rQu6sJk",25,265926,4741,280,612,1
"r46PllA7gZE",24,265836,13489,1164,3763,1
"p_KFUULOqBY",25,265833,26919,463,4883,1
"JLMU8eNkXd0",24,265821,2458,145,470,1
"IhnI1geDce0",24,265771,3740,255,929,2
"B74dKMxfaCE",24,265765,1797,223,635,3
"uGQvAU1tjD4",24,265764,9344,118,1487,2
"gJM6BlOXaPY",24,265698,2136,423,1080,3
"rfx3eaJWIvc",24,265645,7008,90,545,3
"3XgepJetppg",24,265638,10051,184,2411,1
"-D9n3mPCp-c",22,265611,5243,403,574,2
"4zvNr5-OSg4",25,265554,8934,690,1608,1
"hhvJVEKIYVY",24,265435,12891,235,991,2
"Q-UcuSIyFk0",24,265392,1393,186,415,1
"o-y6Q0bANm4",17,265303,1475,110,273,1
"r0gE9k8S5II",20,265298,17714,99,1332,2
"oaUP7jDvTyc",22,265280,4937,274,749,3
"du1FpaDZaZI",22,265254,8745,170,1849,1
"m49wcX1mXEg",24,265241,1779,124,288,2
"Ht87IdKUe6o",17,265139,2483,84,1072,1
"0WEzJX9Netk",24,265108,3296,127,466,3
"oZ2z9IlP1-A",19,265098,7083,163,1525,2
"x_WfEo8FJMo",24,265034,1395,276,531,1
"z6uGZ0dp_E4",25,264985,4025,711,3508,2
"uDh7DeiLEbA",23,264978,21065,157,3456,1
"we2XODhx-CM",24,264975,5214,217,308,1
"2hPFxS-jX2Q",23,264965,7797,1451,4742,1
"AIzdBWo2iuM",24,264906,12223,467,1431,2
"kMVmGjCC8Eo",19,264865,8741,207,1067,2
"7BBGaNrYXYc",24,264849,6907,1321,2137,2
"mf2jDv5of2U",24,264845,12205,131,2630,1
"TsxEhxXpLXc",24,264830,15775,195,3735,3
"71o8g30pru0",23,264826,16160,422,2426,3
"03R5Aoi9BGA",20,264819,17908,104,1574,2
"h-RNIu-Rh-0",25,264753,700,70,434,1
"Ub_VUzgDWWE",24,264707,7235,91,1054,1
"jNyho0OvvUc",20,264593,19713,574,39,1
"lT47mzF3QVM",1,264577,487,5,48,1
"oKbCqWFWv1Q",23,264571,25092,200,3955,1
"-S1eiCUQlvc",26,264549,8493,238,878,1
"8xFy_Tvd8Ro",15,264532,11416,212,2127,2
"o8cenWvPMg8",24,264492,17706,342,689,1
"ciMdlj09NLY",17,264477,1261,121,176,1
"ZkOVHb01qzM",24,264464,9427,120,1816,1
"zPjmvghGACc",24,264365,648,164,329,1
"TorPh4wpPSA",24,264357,3510,206,1166,2
"TYljYZPHd2U",17,264293,3031,131,1349,1
"P6UIF1zp4pI",24,264280,6686,84,628,1
"xU7uZ4a7aGs",22,264252,2530,284,1289,2
"y_11GkgozC8",25,264220,912,458,1272,1
"FBbBWifAdCg",24,264195,7380,87,727,1
"O-TBQyj_sUQ",26,264166,11236,269,568,1
"q4Gnc_EpTK0",24,264093,4470,297,990,1
"p3df0ZoycI0",22,264066,2374,213,577,1
"uH4sD-FzqlM",23,264032,4715,126,135,1
"NFvclr3vayo",24,264017,1860,214,765,1
"SwoGRlc-K5U",17,263963,1948,21,278,2
"GokHHPOpMY4",17,263936,3014,257,2458,1
"vR-8AvL9Ztg",24,263828,13412,42,1073,3
"y_0ybTKt8Hc",25,263790,3007,301,489,2
"ux8H8NhOEiY",25,263785,6313,414,2267,2
"Ab0Kbbl7jY0",24,263680,1211,695,548,1
"1Euf_Qv3LN0",24,263540,7570,201,3725,1
"sOl2aj5nuck",24,263486,2904,192,98,2
"8i6akhc68hA",24,263483,9297,52,509,1
"NQTpsx6S3bA",24,263463,2467,983,2047,1
"UJMrEBfelQk",2,263438,9414,143,994,1
"M7tsMLliAjY",43,263434,1172,254,313,1
"7ZPaaPK2uro",24,263433,1364,261,551,1
"olTFEkcE29I",26,263379,19073,398,5300,1
"-humHGoKXzw",24,263367,7865,116,808,2
"G-5H_cZX6o8",22,263357,4151,309,128,1
"IZipPUCF7eA",24,263351,10488,240,1328,1
"RUApBid9vnE",26,263309,14729,238,1419,2
"KbdPDY1-XqM",10,263296,687,182,22,1
"GR_p9EVsUNE",24,263285,16687,548,1353,2
"xlMllY7odjs",24,263250,4446,414,610,1
"8auLvd_vCQU",22,263246,154,59,12,1
"lrxK6fBTMTQ",28,263234,10376,359,1196,1
"MPIpcr6hy94",24,263209,27548,161,2044,1
"wOAFHhs0Ots",24,263207,4690,304,742,1
"TzBzdmT6N0U",17,263195,4280,894,1977,1
"ElNYkDt2Ruw",24,263126,9808,364,932,1
"oxfLytrYTIk",17,263024,2421,156,1687,1
"TP0houKsKEg",24,262975,7156,124,631,1
"5AGyFelwyk4",17,262946,6366,175,1491,1
"QFxQ4CEo98g",20,262918,9712,194,1534,2
"qDTSIk_xSzU",25,262917,1951,51,601,2
"Z-0bYA5iZDo",24,262842,4113,116,449,1
"OikbgMdWfwE",15,262841,11220,213,2714,2
"lHz-0c2dMDA",25,262839,47043,473,8321,1
"8RXW2dk5URQ",24,262821,7717,188,1562,2
"3t51noqyGlw",22,262797,4469,191,98,3
"4sMejozB6XU",19,262772,8934,217,933,2
"NVZ43DRl0A0",27,262720,17715,75,1201,2
"whpgYPN6KAY",24,262654,4404,268,863,1
"u1aCA3GWA2Y",25,262539,26374,278,5170,1
"1VOguGOU-aQ",23,262472,2870,115,436,2
"q_Y0RLe9TVc",22,262441,1510,162,101,1
"f-TtQ6jR1gQ",20,262434,27302,252,4548,1
"NJSnAt1SMMM",25,262367,1959,234,1647,1
"bBDk3acUtNQ",25,262242,583,924,0,3
"hgtR0o6OjjU",17,262238,1875,303,524,1
"RwFNYOxCS3s",24,262135,17702,187,4118,1
"yZJXUeh-fv0",24,262066,768,229,37,2
"xaqwV7jisic",10,262042,20842,113,1895,2
"2kfIkm5qVsQ",10,262017,12809,239,1241,1
"lVJayBWm_50",22,262000,8443,247,1161,1
"yKuF1OYL79c",22,261942,14769,190,829,1
"hXBe3h13G9w",17,261888,3318,152,2112,1
"te8ro8wbaNc",24,261884,1277,166,201,1
"W7RUUjfQ2pk",23,261831,3100,96,169,1
"WH6dQrQn-uc",24,261830,1020,170,169,3
"CCnUNuRulwM",20,261817,29514,81,1266,1
"VX40Ew1daZ8",25,261799,6044,683,4122,2
"E2I-KcjM9ME",26,261799,6606,470,1008,2
"aXPCtdRxnGY",17,261637,6551,265,1406,1
"3nsXGkRsYC8",24,261617,1394,147,287,3
"Dgut-rlPVrk",24,261603,4276,2148,0,1
"vrq9Yl5lZOw",24,261585,3706,383,932,1
"D503z0qGrH0",23,261583,10010,85,1249,1
"V7N4MDMj2iQ",27,261577,13139,305,2595,2
"K7NE3nfdkgg",23,261544,471,34,40,1
"XUCcx4JEClQ",24,261478,6215,78,874,1
"ZKD5f6yaoiQ",23,261467,10144,108,1229,1
"1nZmSnt8aeI",43,261418,1411,281,342,1
"mrcd3YEt5-4",24,261418,1378,723,448,1
"helT9HXnexc",24,261385,23459,130,734,1
"1-EtUdRLJ60",10,261370,14614,231,765,1
"56B_eo2JksE",24,261351,1609,185,331,1
"YZa7VlmFc44",26,261320,7774,347,973,1
"CPxtXeoelWw",15,261181,8402,224,1511,2
"MXu5cK5q-Z8",22,261141,10416,194,552,1
"KJUIoT1f034",24,261135,2186,54,58,1
"uTGsMan-6Ss",10,261128,32078,91,2021,1
"uX-m6PNtoCs",25,261074,22360,184,5469,1
"Qwz9L4WyIj8",24,261033,2563,240,772,1
"1FpeYCccCik",19,261020,7537,175,736,2
"rs0hdVk6ilA",17,260935,2790,83,1031,1
"TtCrs2JSUEg",24,260926,8981,186,3171,2
"dnEBuvfcFJE",24,260907,15441,261,1266,3
"tzrAmjgZYT4",10,260841,8001,111,859,1
"Vw4Hr-IKXGk",25,260826,2169,190,125,2
"9QWwoZckJvs",24,260820,2648,140,521,1
"Lm36RovEH6o",24,260763,9624,465,1370,2
"GpqHeprJ3ME",25,260705,2272,169,1242,1
"Vdw5Dvb-XBk",24,260647,2390,74,397,1
"TEsebOvBInQ",24,260619,1419,769,1778,3
"Vo6luaBOhYY",24,260496,661,113,514,3
"ZVM_V18Tz1s",28,260485,7628,559,3276,2
"gLJIyL_u3_s",24,260465,1180,188,240,1
"RGvl7jG6l8I",24,260453,5596,126,2067,2
"pPcUZF3OQH4",22,260335,242,322,49,3
"mwCvf8sMGBs",24,260327,6059,63,376,1
"FNhtPcHK_xo",24,260261,13017,246,397,2
"1YhtkrC2t0c",22,260199,4833,302,860,1
"SSumXG5_rs8",10,260148,11412,189,1154,1
"VuylK90flcc",24,260126,9567,202,655,1
"3l5OgRu92UY",24,260115,1861,248,544,1
"aB1RWjW0qd0",26,260102,7315,364,678,1
"0U9-CBPrfaE",25,260034,6567,763,3084,2
"hdmjscyogQo",23,259989,8046,163,1294,1
"KksXbA66RQQ",24,259982,6431,413,602,1
"j5vTJPn3IaU",25,259905,1014,183,0,5
"oZKegRQxzV4",17,259869,2508,72,774,1
"6OkByoPMOo8",24,259853,1768,47,64,1
"aghnrGCUzik",22,259838,1740,188,272,1
"Wb3r7VwIjkA",26,259756,17948,532,1649,1
"4GcU9LjuVOo",27,259731,13779,207,1886,2
"ZS9OtX10slI",17,259712,2532,88,1214,1
"_GuyKCLrJqk",24,259590,3924,46,969,2
"3aAy4smn_rg",26,259514,4205,278,389,1
"hCp6_vFb-mY",22,259480,1707,218,127,1
"YAPrfEb024Y",22,259469,2069,182,730,1
"tXI7RrMFtB8",28,259429,11643,468,1111,1
"jvTsDvi_F6E",25,259403,1696,623,5008,2
"tC8RkLDZHDo",23,259384,5474,936,2179,1
"RKOscDQ0_rg",23,259378,1194,198,156,1
"vuPv2KYv278",24,259313,1788,149,612,1
"4u-7BNRgESI",25,259311,9090,270,615,1
"c1FOkAXlaCc",24,259309,726,129,645,3
"rLtfWmcNuKo",22,259124,10886,265,460,1
"xUps49gv7ak",24,259034,1052,90,465,1
"ppLEscB5EU0",25,259009,825,320,1483,2
"2xtjlcWrCf0",22,259007,13453,230,1108,2
"5uBCsoktZr4",24,258981,46852,179,2842,1
"BMmYvfKS7Yc",25,258875,6296,79,802,1
"6EaDRhPm1DM",1,258869,4892,156,426,1
"QqPVFSbh4HQ",26,258825,7086,317,710,1
"R0IqNaE513w",22,258800,3931,341,611,1
"PozebhIoEGU",24,258739,2433,106,216,1
"ZU4RRACX-Ng",20,258704,4643,103,657,3
"px_qWjuLaD4",22,258688,12366,135,1685,2
"cI6U645tA3g",24,258581,1586,220,670,1
"-L5NOZ8jRzE",19,258561,7557,283,1727,1
"TxQUwJhxjbY",24,258492,2605,2367,887,1
"QIE3rDGb3Fo",17,258460,1861,130,710,1
"NxgQH9M6hg0",24,258356,4448,588,1606,2
"V6MQkOyTbdo",22,258353,4561,500,939,1
"xpv_b0rjUgQ",24,258345,30499,193,4891,1
"G1QenOtwoDs",24,258319,282,110,336,3
"urmMgOxgi7k",25,258291,301,56,367,2
"EZpyGjJR6LY",25,258224,434,106,761,1
"ocQeM8YrqrM",20,258160,11527,1379,1900,1
"dH2m2HZpHQM",26,258121,6772,83,377,2
"hDFByZlO8kM",24,258112,1244,650,359,1
"TrS7LSXKATg",24,258090,4508,111,720,1
"7imgrie8Sw8",25,258026,0,0,2501,2
"LzzV-WF4ggg",20,257912,23393,308,920,1
"_3YjO-M2puQ",17,257904,3500,175,1554,1
"Zk3lpy5bjac",17,257863,2522,190,1149,1
"dprfHZ7gYvw",27,257797,7148,136,2006,1
"tQCGOuhfovQ",17,257791,4410,53,273,1
"aAnF4RE7UHQ",22,257786,2756,201,529,1
"TLOZPoVV04A",28,257776,2108,135,16,1
"GJKaqobHid8",24,257738,5100,62,135,1
"xDCdWG_mH5s",24,257718,5424,97,463,1
"3QQlr0-kJok",26,257710,5735,326,680,1
"8SAKdoV0l9w",20,257677,17275,1531,5057,1
"G9eDsqdppUM",20,257642,11216,199,297,1
"f3HymOZFcCU",24,257627,2620,318,2116,1
"RQhIu6qZKco",24,257545,9461,215,1412,2
"PqunhjwssEA",25,257493,2052,338,1268,1
"O6epKIw7W5M",28,257483,11236,367,1076,1
"Ml7r3jHjAsE",20,257411,9686,136,1338,2
"oow4SbQKoD0",24,257272,511,115,241,2
"mdQKLsPQbPs",24,257200,12706,157,450,1
"sy46_nRQZ0Q",22,257199,260,237,71,2
"eRngrNXk44w",17,257196,8407,88,995,1
"qpwnMTn0K2Q",15,257161,1711,289,169,2
"i49lpgp7fvk",20,257161,23266,82,6413,1
"SP2g1aHAr0A",22,257159,5198,287,764,2
"-reVadNbv3s",10,257101,1171,29,497,1
"bo8OYPYRTIY",23,257082,18097,226,1889,1
"ekS0ZUyhNlo",25,257065,2582,361,1585,3
"IY0ZfXoNC1g",24,257002,5651,2199,4380,1
"tww9-OkuJso",26,256922,8110,131,679,2
"wn9Ulh0oIN0",25,256922,8152,259,3904,2
"0CY0S5lauwY",25,256922,1725,101,177,1
"b5Vmaw4I55s",24,256906,7116,242,1464,2
"LEMI1Gd9b50",20,256883,37608,90,1325,1
"g4ELX7LyXDw",10,256866,53448,160,9440,1
"MsCye16rIgw",22,256834,7304,21,348,1
"Gz8KNxufA_c",10,256718,7320,288,1561,1
"sK-otTkQ4ME",20,256588,11990,113,1386,2
"F8o5Ya660AI",24,256565,5663,103,212,1
"oeAEuiovVbg",24,256552,7413,91,500,1
"FDGfOZ6Nu8s",25,256487,266,187,338,1
"znK545Ex86I",1,256471,4514,49,379,1
"T3TUj5odzqI",25,256459,1556,302,615,1
"o1j-U-lSeRI",15,256452,17173,134,2881,2
"kIp6lqm1-KY",24,256450,1050,195,231,1
"TUmyygCMMGA",25,256426,12656,1363,2368,1
"IMBfT38xbhU",25,256367,7990,227,2279,1
"Za4QbXUZMJ0",24,256361,5815,186,957,2
"MD4YLJLKl7w",17,256355,2679,86,838,1
"Ii6YC2q3fYk",23,256269,3598,53,295,1
"Wzdu1CJaJ6g",10,256211,335,194,8,1
"Ddj6lZYxiXU",24,256142,12104,147,4674,1
"qQuvIdH39HE",22,256089,4164,164,858,1
"4bt-ZSvzQnU",22,256061,3913,266,1078,1
"ox1gTZU47uo",25,256058,1955,122,981,3
"4jTNG_K0SDo",17,256016,2665,192,1139,1
"xMsT1Igpl6E",25,255982,2850,361,4181,1
"z-JurmXtLCY",24,255952,13896,196,1094,2
"JpR_JaVguBk",24,255936,9480,618,698,2
"u941-HzC1qk",20,255933,21679,150,1835,1
"KZLtTyaE3tE",17,255902,2054,154,1278,1
"HI0mU0WAIeM",24,255813,2391,164,317,1
"Bqb_12Cvyhg",2,255810,12461,151,2219,1
"zQoEa_h_AnU",20,255807,18016,149,800,1
"cpxwX6KvWbQ",22,255764,9742,104,674,1
"sGCyuh40Eds",10,255753,5464,285,173,1
"IFF-BFcIVcQ",1,255725,9158,69,1904,1
"eC1rB1nVaXY",24,255722,4240,240,621,1
"MyCxIk6vBUU",23,255693,8087,84,941,1
"fhOlHaBoyWU",26,255608,8360,86,300,2
"2fJnalpveZU",17,255563,3006,225,3108,1
"uq557RjKxws",1,255490,5086,511,1445,2
"NkeNFinWCM8",24,255488,5420,140,458,1
"pQrwEEzHZag",23,255456,38429,183,15105,1
"hlT9t9LaQ3g",22,255419,3400,269,693,1
"Bjyu92AGgUk",22,255414,224,280,74,1
"0aWESl0HGHs",22,255380,6695,128,662,1
"Pyvyi6QGAUM",19,255373,2375,178,214,1
"FBIWomHpIL4",24,255330,1143,219,155,2
"OmKL2CuAgGo",22,255264,1097,51,201,1
"1zoKPt1HZjY",24,255224,6555,204,1043,3
"Zcs09SGmxuc",26,255085,12713,226,1017,1
"tNkhADMy1bs",24,255076,3903,267,1110,1
"6A6OQHQKq_w",24,255068,1205,111,226,1
"fq9ayOOV9II",24,255059,44403,234,9399,2
"mZ-Q23hcDyA",17,255036,3062,134,851,1
"rvkm8DPbWgc",23,255034,1427,453,1220,2
"y_6u0tkIV3Y",24,255024,12598,174,3188,3
"UY1j57Wppng",24,255013,3553,36,632,1
"0NJR39MtAP4",26,254983,8460,363,1451,1
"WjC9qJS6CRQ",24,254839,4972,160,973,1
"LT5DslcLab8",22,254832,1278,180,77,1
"M38aWHxwtXE",10,254820,12935,110,400,2
"6qVlH9QIKRc",17,254600,2795,96,725,1
"8wvsCaXT5eI",1,254592,3846,163,418,2
"Rh7bFsjFQ1k",25,254539,2288,246,1427,3
"64S0qEGJdh0",17,254470,1489,72,101,1
"s7L5MQ7EgdA",24,254469,11148,14536,11912,1
"aOXk6usydDU",23,254453,17696,1064,3246,1
"f1e0BPbTjvo",24,254440,1024,191,203,3
"8Oz9ocSaY0k",24,254436,4331,96,446,1
"gjJZCFqlVpw",24,254360,3215,969,738,2
"Sj5nCNnPUL0",22,254340,2310,167,606,1
"usF68C42G0s",17,254284,2665,423,1407,1
"nrPdlsSpG9g",24,254255,1732,46,333,1
"f03uLmg2JQc",23,254182,2200,183,255,2
"GzidfhCfosw",20,254179,12664,110,1867,2
"UKka73nn1dk",17,254170,9568,166,526,2
"m7Pen0DOAWg",17,254140,1303,82,728,1
"KoA0veRo6N4",25,254123,2353,142,2797,1
"J8xfz8lCE7Y",17,254093,1172,52,302,1
"cHOH5zULU-E",10,254084,8395,54,725,1
"2HXUQ-olyMc",23,254078,19872,254,2912,2
"tYMoKZRxtCU",25,254056,5177,75,245,1
"jcsQBciFTRY",23,254020,13111,274,3449,2
"I4140nIOKC0",24,253977,1147,143,217,1
"v_CMMWCN5nQ",22,253926,14350,315,477,2
"hgIls-1GqLk",1,253895,13869,414,1978,2
"TLDIoZtML74",17,253893,2420,120,1041,1
"gZbUZg-WuLc",25,253888,1993,576,2330,1
"sbXy2vkJxSk",17,253876,388,31,80,3
"IPJQtb2Ryis",22,253825,5200,325,1096,2
"EmXiFUzz33c",24,253763,2290,80,1440,3
"b9lhjMIu1A8",25,253759,1660,373,1765,2
"hkUHV_6y15I",20,253729,10015,307,21,1
"fnC2_ecJ1Ms",24,253710,3701,333,975,1
"nGB5TQUrM4Y",24,253669,4248,249,1734,2
"hgVZtxnNpeg",24,253661,4096,726,1348,1
"IsNqBMqIVMY",22,253637,1390,189,463,1
"LYrUEa6hBok",2,253630,9425,423,935,1
"MmbBkGL-tK8",24,253602,5539,68,755,1
"lgs1Vynb31g",22,253583,1820,177,303,1
"-ui6kdUYpyI",24,253555,5773,107,1345,2
"f6Mt5nzW_5c",20,253514,12318,83,1128,2
"r8K5s5u6j94",23,253450,18039,929,1035,1
"O3ckwTg4yJ4",24,253441,7549,221,1041,2
"NAkQ5snMA_8",1,253420,8356,105,755,1
"NwTmHNt-IG8",28,253384,13097,291,1600,1
"gURZ-1opDDo",25,253328,420,151,186,3
"P0PlnrTPZhA",24,253319,2073,421,656,1
"OzEJQFxIu70",24,253309,20098,733,1055,1
"ipJvRPNKdVo",24,253260,18295,362,1263,1
"L7WeJ2LTQag",24,253174,24995,115,2179,1
"rdX5c9egKJI",24,253161,8784,1080,746,1
"-FXZbNqo-do",15,253065,2956,64,213,2
"S-X0w3gRR7g",2,253053,10907,262,1836,1
"ek656N8hqDQ",24,253049,2429,529,246,1
"hDm-OuV_Xnw",22,253044,1395,211,393,1
"1ZyCoJ3NQuE",25,253018,760,321,1522,3
"RqHwXJsGtRM",24,252958,1078,187,147,1
"dvv0NU9x-8g",20,252935,16113,236,987,2
"eO83CR7VCTA",23,252909,17256,402,420,1
"9JBppEU1B-0",25,252908,3024,209,1626,2
"8Vhag5TIg-0",24,252901,7884,145,1207,2
"IS2t3Meeivs",24,252845,1900,197,258,3
"32qi5txaYro",24,252841,992,194,169,2
"MZBqFxeGGaw",24,252835,18306,138,1040,2
"PdYtulRRfDU",20,252831,7833,509,5417,1
"KcrAkPNB8jc",25,252785,12635,127,611,1
"f_PRdno8yiA",23,252719,3272,172,285,3
"SkfUnpQ0Tw0",24,252613,42939,289,4664,1
"fIp1344iNXA",24,252598,3669,257,1961,1
"3os76kJ4hN4",24,252543,4424,219,949,1
"x8-dxIavgvE",25,252501,439,124,464,1
"0RxvkzAXQog",23,252485,15546,172,4274,3
"GZa2B-knFGw",19,252328,13557,235,2253,1
"voaLwHv9Qis",20,252295,16400,216,7498,1
"1kvbihjbmR8",17,252090,789,467,571,1
"eDLX-QlrA18",25,252044,3745,147,0,1
"TOrJy_eUgxE",24,252037,3003,42,737,3
"ltOltc5MOW4",24,252022,3308,317,654,1
"-RgsVCVJglI",24,251980,1928,197,313,1
"QtwiEGHo98Q",27,251956,20268,305,1987,1
"Fq6dCJtuD00",24,251944,3985,57,442,1
"KzSv7JKwpMY",24,251862,6476,111,927,2
"_mgCQHZayHI",23,251854,22414,154,950,2
"3Y6ybOV0Q_g",22,251798,9894,314,994,2
"LUa5wE_voT4",22,251797,6144,72,236,2
"_az9zMT-Pcg",28,251782,6549,692,2578,2
"ENnNNLSkdb8",26,251753,17048,165,1524,1
"LqUy9gGJr2Y",25,251714,786,178,282,2
"UZiCI8OrOOQ",24,251638,11009,102,2707,1
"DwexoI7SKt8",24,251616,2081,326,662,1
"nQI1SdMIfbo",24,251555,1431,182,495,1
"9fkGsxb6vx8",24,251481,11110,128,2300,1
"WjgEntE0UyI",17,251464,3073,176,266,1
"k81-6E7kzP8",25,251411,1873,1207,1864,1
"NWLA89JXqbY",24,251396,5686,513,848,1
"M5dAhdNTJdg",22,251372,7282,302,724,1
"He3vd9i_r2c",24,251354,15025,78,908,1
"0SWsbeX3YDg",22,251318,936,414,274,1
"eyCgK-wmif8",17,251267,8353,124,789,3
"Emkn_iCY7Oo",24,251213,3402,193,1602,1
"5_qv0hVjyvg",22,251183,1870,180,547,1
"8ELBJkeuIM8",24,251163,2623,174,1251,1
"-Kp09Vv8dMU",23,251072,4767,220,1971,1
"PiJE3XPu1XA",22,251032,8096,237,1618,1
"5oUoCvTinvA",17,251001,1824,81,853,1
"k26e8GrwX_k",17,250983,1560,98,76,1
"T9wghL2mTME",24,250971,1557,173,128,1
"0_iy-OdH0yA",17,250899,20744,298,1886,1
"LQSHVMQqAqs",25,250817,4733,754,4425,1
"oqqWdaaTq7A",27,250778,8679,133,1094,2
"Ok-6LgAW08I",22,250701,2835,205,1111,1
"kavxsXhzD48",24,250678,24617,180,855,1
"dGTNowguxQI",10,250616,15373,142,1378,3
"X1ZaPImB6z8",25,250613,1739,1212,2318,1
"MJTVM8zP9MQ",17,250593,1746,190,1607,1
"JAQSYYyZUvw",24,250568,1780,204,362,1
"buBAwDcujk4",25,250464,4988,451,1599,2
"nsxxEsp9AsE",24,250408,16301,116,1444,2
"bdokY1kvRy4",17,250378,7008,55,574,1
"3ajRZOaTLWc",20,250360,13698,111,756,3
"PGKeDELPzk4",24,250350,4546,216,754,1
"r4DD6ZrZ3_4",26,250346,9697,154,1018,2
"aTXbm6OGC98",26,250308,17028,369,1108,2
"oKoR87I5f9w",24,250280,1420,224,291,1
"m0L8E6SaTrE",24,250271,3592,127,882,3
"kfEjzSbMzfg",22,250215,905,452,1029,2
"Ady-OKMcmUc",24,250174,2671,126,574,1
"Ry-JeKr-i2M",26,250140,7150,289,1233,1
"kCaAFCVtHvM",17,250102,3445,247,1834,1
"Q2hqcPnIWiQ",25,250069,1724,193,1027,2
"vLPNc9RWiTM",24,250066,1430,301,368,1
"GpScGLZtzmk",22,250034,4521,417,1083,2
"rGAab6Kfdzc",20,250011,1005,60,238,1
"K6Y-Yvw_Jno",26,249965,10891,178,876,1
"VwpYuT2cr9I",24,249959,2221,171,170,3
"v7DXX0zn2c8",23,249950,16936,265,2413,3
"TF3deVRaxSg",25,249913,1854,547,0,3
"HzAkCsXxFdU",24,249893,2744,317,1690,1
"2NdrNJXJsPs",24,249882,2078,49,59,1
"OfKQMYa1cWE",22,249828,1159,193,376,1
"HmPNnt6N62A",23,249827,2902,170,261,4
"YjXSuN-jP18",24,249817,4923,235,987,1
"arnKF5mA0ak",10,249750,5235,135,256,1
"tISJDc0d0OY",24,249746,952,62,112,1
"j67FgNEvyh8",10,249735,5642,137,1041,2
"EvLq8DrBhrI",20,249676,12645,147,1182,1
"jdWhVZutmkg",22,249667,28142,50,2596,1
"bCi6TzRoAHc",24,249635,14133,1394,4031,2
"YyAfTlhCX2w",28,249609,11735,165,1374,1
"BM3PAxm-iZE",22,249600,18155,729,1739,1
"5PEB5qZ-_Gk",17,249562,659,79,456,1
"fkgSZ5d-gVk",25,249558,5294,589,2781,2
"naRwoyeZ3KA",26,249554,6283,223,433,1
"daTc6vkhJ5I",24,249492,550,484,140,1
"CTmRASBwJkE",24,249488,507,49,24,2
"pCBOU77-iwI",24,249470,1228,249,276,1
"zUofr5WcdSM",17,249414,1534,138,1984,1
"qHpg70B5I1o",22,249413,4204,222,564,3
"dDeTYzmNfXk",24,249327,1522,33,54,1
"PpKNVQXD9HA",24,249315,1391,47,0,1
"Lndnx4NZgcw",24,249310,4193,291,1017,2
"tPDiF5bAlV0",17,249263,2280,122,1171,1
"SLcM8Cis6oI",24,249255,7921,125,1040,1
"lK6W2cZFyI0",27,249204,15364,182,3707,2
"xduJEGpcwqc",19,249200,9788,172,1220,2
"ZPNgL1Ss7fU",28,249181,12103,471,1392,1
"WnClnjjJHhg",22,249173,3473,463,664,1
"gKZUjlsjG_U",26,249152,6944,526,827,1
"2YgpZ0lEnwY",24,249050,11814,142,1250,1
"jGEJgk_2UM8",24,248993,10984,136,2063,1
"HQMzDGJHmQI",24,248988,3112,33,144,3
"GrzPw0YOPSg",22,248981,1041,267,523,1
"3ywZuLTw7Rc",27,248873,10261,218,1501,2
"TRbeb4e_uLM",24,248824,1596,254,931,1
"fZteRFnXwVs",24,248798,946,176,133,2
"6wHHD8Qdjrw",22,248797,792,186,25,2
"OjA3lyWwidA",22,248753,16916,109,1826,3
"4WNICq_zAPo",24,248726,9455,189,1114,2
"cH3fcmHMb7s",26,248700,18145,96,4290,1
"eg34o0bY5Zc",24,248527,1909,66,104,1
"Alq056oB4fE",24,248512,13977,101,1041,1
"asc5hcs7CNM",25,248494,1959,118,1014,1
"l6LxQEiApWo",24,248485,1697,164,252,1
"NDBwsMIXlMk",24,248455,7174,200,1291,1
"0JOL34aKRN8",23,248423,41621,299,2552,1
"bO7Qwgs4IFU",19,248362,6887,142,572,2
"iqO_eHuTNMc",24,248361,9940,87,778,1
"DxGlBTPEx5E",24,248352,8423,189,2017,2
"rD8ELZE41OA",25,248340,2047,1489,1459,1
"KAU9c0eX5pA",24,248338,1955,170,403,1
"0zKqvxCIAjE",25,248290,2427,125,466,1
"tzN2is8Ncsk",20,248257,8774,230,42,1
"vtQinoueFu4",23,248238,2776,166,813,1
"KSGapU5S-fw",24,248234,16746,204,4208,1
"nkRwEfkNc7w",17,248232,1693,49,170,1
"jpxnjlhBMvM",17,248223,7644,82,1170,1
"CnSBw_sID2Y",25,248212,5049,143,1132,2
"TP2DBIWPjJk",20,248177,9192,116,736,2
"vY2eJp8Ofvc",23,248172,18027,203,1039,1
"PdrZmtKm52I",25,248124,563,190,437,1
"D_cBdleNWsk",26,248074,18153,287,3088,1
"t_Q3NcWKZr4",26,248006,6080,339,593,1
"qzryra2K48g",23,247973,4752,291,1199,1
"QbET_heKmqk",22,247890,5877,154,749,2
"pM_dNhthEXg",25,247888,5835,488,3506,2
"-s5S9F0QmWA",23,247886,6875,1016,4462,1
"8ejmCJa_W0k",24,247844,14644,222,1892,1
"Bkqxp8jzxtI",23,247787,35976,166,2333,1
"CLiP7_Q5JUY",26,247755,14109,246,3681,1
"xeWMCxWJQ-I",25,247747,7634,247,1366,1
"wfUL8nJ_Ppo",20,247718,25951,147,1954,3
"6yu4NmpJRMk",23,247667,13988,182,2647,2
"tHpwviobxJk",17,247650,1763,488,2823,2
"s3ChukSDGRU",22,247528,12744,141,1461,1
"X1rfgbHfPDc",17,247470,2719,79,1005,1
"l11e5d-nkAM",1,247415,4362,200,3292,1
"hL4R3CdnOCk",23,247385,2113,231,422,1
"GdIGcX6-HFY",20,247378,12765,491,28,1
"bJ5LPrrDtek",10,247354,1458,212,393,1
"HnVGQbF4nS0",24,247280,3639,165,174,1
"k9eonVzCnfw",24,247267,5647,155,780,1
"y8CIhPqs63Y",25,247217,19857,702,5102,1
"CMwM11VfOlI",24,247217,1692,157,377,1
"9CwRjQaoTlE",24,247190,4931,305,976,2
"tl2HlV4mXos",22,247095,9524,44,647,1
"2Vp0J_nH41c",22,246900,13974,386,4135,2
"34qH2MsSbm4",28,246895,8632,1259,6549,1
"qCFb7U2s8cE",26,246884,6951,178,775,1
"H0-UQQXDTYA",24,246852,2638,56,157,1
"zwcY7L1vCy0",17,246847,2081,125,1226,1
"N5DAsXZah1I",26,246688,9984,211,2594,1
"4Qs8herYTqY",26,246687,18770,114,1818,1
"Ccp0sYNivJ4",25,246566,5629,467,2648,3
"5U9Jc3QwvRQ",17,246517,1680,92,1359,1
"l87WLq-fhv8",23,246506,7923,157,1361,1
"1RAD-DUDqy0",25,246498,2570,114,889,1
"qngBLbNvGHA",24,246490,2965,44,208,1
"ZpQ4Xl_v2LY",24,246461,4633,38,230,2
"iGD4bBgWPcY",10,246454,13133,208,637,1
"xpYqvrYy-xw",26,246417,6399,250,488,2
"TclVKerLJq8",17,246343,2230,144,1496,1
"16GiHtV1zew",24,246335,1512,215,526,1
"xomvPUZ1IsI",1,246301,197,177,369,1
"HPj3CyBJrIE",25,246298,24018,310,10454,1
"bJ2B4VYPbR4",24,246286,4615,179,1025,1
"6eF59X5auFo",22,246237,3543,316,620,1
"RB4fPK-4_Ts",1,246202,1341,21,110,3
"ZRGgPfmpBo0",22,246175,853,180,33,3
"MXoW1aU40EA",22,246038,4814,515,1421,1
"raWFHTsfXsY",22,246022,1179,254,355,1
"ZwvrFY23Atc",10,245973,15196,507,1749,1
"ttKazCRoxWM",24,245956,6621,187,996,1
"F3G-urlOb0E",24,245943,1511,209,201,1
"iDPIHdDf1g8",23,245931,9593,213,3069,1
"SrQl4CyvWUY",24,245912,3473,170,956,1
"57QuvOnkLxU",24,245695,4504,107,923,1
"KMF_iV2cVTA",10,245666,11569,242,2136,2
"5Zc07gMRyOE",2,245595,6364,135,611,1
"v4u2LmYcivE",25,245556,2598,255,272,1
"tsOlq0L-Vqg",25,245550,3378,292,1674,2
"8qubInEjSfs",24,245522,17452,1773,4891,1
"4Z7_o9sw_HU",17,245498,2795,157,1275,1
"yQhHbLHJbqE",24,245419,905,171,82,1
"4bvu4_L-xmM",24,245406,460,656,889,1
"OEuhPO1L1Bg",25,245383,868,413,1825,3
"XT75oE-BRaU",24,245370,2302,2474,787,1
"6k0-kOaLKj4",26,245363,8032,316,622,1
"nc7kLdyyn9g",24,245333,3620,337,611,1
"dVrStT5b4rI",20,245277,16564,84,1210,2
"24LQXzxNGZw",23,245257,2787,103,236,2
"UCnvggIdBMU",10,245241,10242,165,1287,1
"KH-NMuBWQWE",24,245126,10805,474,1716,3
"OgiY3OR3jlg",24,245121,4845,168,2243,2
"rgCN187IKNo",20,244957,12437,290,1605,3
"t8Jg4lKa_Ig",22,244955,2302,113,735,1
"g5wVhaupuKc",23,244939,17027,382,1062,1
"kf_qNA3Sdlg",24,244926,1238,246,405,1
"-rWjII_ULhk",22,244830,4447,1254,893,2
"Y-GT__9dEuQ",23,244746,9155,384,3901,2
"MTNkcmfBvdM",17,244742,1916,148,952,1
"-eS1eAtXgJ4",20,244711,8835,313,91,1
"N9-SUdwoQic",24,244699,4275,226,889,2
"lF728aHFA98",25,244647,752,81,554,1
"AwHB1xzk_Pg",20,244645,20895,75,5822,1
"bT5f6h6lJac",25,244597,1964,164,950,1
"ubDAZQOoc9A",17,244593,1681,114,242,1
"J18itfjNOQo",22,244581,1619,78,621,1
"McUGtgHdiV8",25,244571,3354,264,637,2
"jzDbkR8GsxE",25,244512,2393,185,952,1
"J1zoju4biU4",22,244459,29893,105,3075,1
"bKEzr8p4_TE",23,244451,13976,213,4854,3
"213hSXVn4EQ",24,244386,1094,146,137,1
"jBRUonZ_YI0",28,244313,8377,282,667,1
"tdvVkYfg5QU",24,244248,3077,285,1361,1
"13rz0dWZMDs",1,244241,3109,91,701,1
"cydUt07JdKE",22,244204,0,0,789,3
"3XirUYqS6DY",22,244200,4792,361,637,2
"-JAG1bK30Tc",24,244193,12168,631,3146,1
"udHn6yjfei0",24,244151,1348,223,147,1
"bhAtmrm0mwE",24,244121,1452,549,336,3
"QenWwRxwxp0",1,244106,569,121,279,1
"zajF2_81ixE",1,244104,6465,907,994,1
"keelOjhE59A",24,244092,16855,183,1058,1
"LiwBZ_zCvEc",22,244039,1216,224,424,1
"jy-eDZkhljg",24,244001,10777,649,1833,1
"XgBhN2WHnHg",24,243990,4576,208,651,1
"xG-5JQ9mZM4",24,243858,15266,127,3309,1
"DloLoFd3Qvw",25,243851,9376,109,467,1
"eIgMCbAlrO8",24,243850,12761,162,1480,1
"s86TCspCCmw",20,243781,12229,573,4694,1
"CVxz2TTH0oQ",22,243770,2381,190,326,1
"OR2qX1oQd2g",10,243760,4006,2874,4823,1
"tBukFNN8Mt4",24,243739,8671,376,1178,1
"c1apM4hQ40U",24,243608,730,161,71,2
"dBgQvc6AcV8",24,243603,19699,665,1189,1
"DEPoUsiy21w",27,243595,11788,386,1842,2
"hthKaOqga98",24,243565,7835,142,1109,2
"3spcEeE5Quc",24,243565,4507,469,711,1
"XZLKqE_v94U",25,243536,1825,272,1578,1
"p1bV1gZ1cvU",24,243518,1118,1297,1703,3
"RBsTGZQLqTg",22,243482,4212,1208,778,2
"03RQLmDNIEw",26,243420,10374,292,387,1
"v36KWxe6IRo",20,243384,8679,143,2539,1
"Xfq-WttsRDk",25,243384,516,535,526,4
"6hNCEQpjKqE",28,243300,31557,1180,3560,1
"idp0wNHADr0",24,243254,3817,3420,2538,1
"RGBK8133YAE",20,243241,11292,111,1637,2
"KtwVjaO8CwM",17,243174,1403,97,208,3
"mXOTJ-tluUU",10,243168,4693,164,206,3
"Tby_mosKZDY",24,243149,4890,401,1191,2
"4OuQxk5-jNY",17,243128,10583,343,1704,1
"Fkgudj8NQf8",17,243112,7580,40,444,1
"2McDKO-E3Pg",17,243083,2666,93,796,1
"cvcnxe-eePU",1,243038,8641,106,1333,3
"wMhnpH2-vIY",17,243004,17506,262,1239,1
"Iv22Ko4LQEQ",24,242997,6696,54,350,2
"nFkbsvbJl7w",24,242908,10097,695,1148,1
"Ln0_Aq1jXi0",24,242888,2132,48,131,1
"dU4H6MwEiMs",24,242879,1167,1368,664,1
"Vtyyz_WEwEs",25,242760,5884,1650,1904,1
"JJ-9WBed46Y",22,242750,4457,304,677,2
"NiuNmGT9Mbs",24,242690,11361,119,2379,1
"p0XdUx2w1Ec",25,242676,2620,177,1287,1
"-SC8Vt8vrh0",20,242628,8225,224,362,1
"Ha3-xQeaJGE",24,242592,3520,71,548,1
"nlXkfbVRWkc",28,242525,937,358,302,2
"QtilwMzitPw",25,242420,10188,227,4930,2
"gfIrR7k2JNw",27,242407,15936,235,1069,1
"DxHkWn-15l4",23,242406,3875,232,377,1
"5i4oYHrpWCc",20,242383,13391,91,3943,1
"eGjmhLhp0ok",24,242382,19934,154,1183,1
"s5ePrRFNnHg",25,242307,2154,122,753,1
"t0-jfhXRXy8",28,242305,14568,246,4194,1
"6zo_LaK6MDk",19,242294,6842,149,773,2
"SpdYXOIkwTs",24,242213,2704,226,1177,1
"5gP77hDOEno",24,242181,331,108,245,4
"EG-okykRwok",1,242164,541,137,293,1
"njdUgYJHLZQ",24,242033,8352,102,1359,2
"R3WNOu14wRE",24,241973,1953,91,265,1
"2vNZW7NJFBc",1,241967,5733,147,244,1
"PsFwtImQhJU",24,241933,307,91,387,3
"66dwcQ1Y048",24,241914,28506,123,2697,1
"Vvz3Rk06C9I",24,241899,4439,256,2271,1
"-zro2JcQucc",17,241896,3049,142,1683,1
"au_Ab4TP6lo",23,241892,21220,133,2092,1
"OVbrWuTlmio",24,241886,909,136,125,2
"vcnPXIplEvw",17,241873,2967,65,631,1
"u_J4HJQvYYU",26,241861,6547,543,817,1
"H11ivJO9-bE",24,241855,8398,776,465,1
"1ySv21e7Tqs",23,241843,3556,172,975,2
"Q70fd11vNls",1,241839,2885,137,236,1
"Bxyyir09w_I",24,241718,884,59,92,1
"NClxhreUgAk",24,241705,10931,386,2332,1
"1WakgZ8Jdto",17,241694,4057,206,2128,1
"HPBZww-3LiM",24,241675,9936,347,2569,1
"dEWXzAQkJjQ",20,241672,15556,93,321,1
"rx8FzevZzvU",20,241671,9868,284,2077,1
"0-qVBWdmiJ4",24,241634,1536,92,1251,3
"rP4RZtUsg30",24,241559,2353,2388,954,1
"SYMze7FpGP4",24,241558,2018,204,539,1
"1qaTF0RcjoY",17,241539,692,48,214,3
"MZrq8Kco4rU",23,241536,655,477,1263,1
"K7y33diHA4U",17,241495,2830,225,1426,1
"R0G5wwBdthc",22,241473,1363,168,271,1
"uUCdUCxTjyI",10,241377,2974,129,813,1
"XdgqqFw57X8",24,241313,4996,194,2391,1
"jNTyQPUoFHs",25,241266,6023,574,948,1
"strcvB243YI",24,241155,28019,238,3849,1
"Nr42pNrK5iU",26,241152,8130,166,743,1
"hblTkXD5Ico",19,241091,7826,125,693,2
"r-Fk-3_0Z3g",15,241069,9217,380,1164,4
"zEjDlu9SR2Y",25,240999,4544,212,1520,1
"GRyv2HNAl_g",24,240945,4490,815,1499,1
"l7vUNo-GjOk",24,240943,9576,138,708,1
"9hPIobthvHg",28,240927,21430,201,1665,1
"NmMJDr3Pc0U",17,240843,1324,257,1693,2
"Jl3K63Rbygw",24,240829,20870,91,2717,1
"Gk8278ZJdN4",24,240821,3261,275,673,2
"Ze_qaAOgPls",24,240797,16127,164,1650,2
"1WFHFpOTUrs",22,240794,5884,313,520,1
"fYwRsJAPfec",10,240768,27485,73,1208,1
"9II9xHVbLV0",17,240725,3793,116,1129,1
"tTf8U5nGM14",24,240720,8914,741,783,1
"ZA8D5QJ8nfo",17,240706,2441,470,1133,1
"7V6eprr4amU",24,240689,3252,2104,1225,1
"SvyBemoZV1A",24,240668,1936,94,0,2
"DDu6d1Lnh1k",22,240663,1253,322,1527,2
"yMikNuRdWLI",24,240616,4378,40,125,2
"U98yP3rXYYQ",22,240606,100,544,0,4
"1sCVjsA4fk0",20,240560,14483,98,3196,1
"YPfln78hf0k",22,240500,5161,287,737,2
"Q-iacolSpi8",24,240451,16050,534,581,1
"SoXREYnK8cU",24,240419,1915,291,434,1
"yZ2Et4XY0Dg",22,240402,1427,178,2228,1
"lEXmrXurjDM",25,240399,454,323,51,1
"rugoBphAaIE",25,240325,580,372,340,1
"DRFzldUDa-Y",26,240301,16833,174,1395,1
"YGtzcZsthos",29,240231,4383,354,126,4
"Tvq4KL-sXhI",24,240131,381,125,529,3
"L-7psT1Mv-I",25,240115,1162,80,530,2
"Eg84ARTYhCo",28,240088,10199,328,1350,1
"srVpKGVaD5E",26,240053,6186,296,596,1
"ZJ-aGc4hIqg",22,240014,8540,285,1113,1
"upWUDORtodU",2,240001,9608,274,884,1
"WFRANlA7_iw",25,239922,740,153,106,2
"DoBRxk-sxJM",25,239819,11378,555,3760,2
"uHIq8Stb_yg",20,239817,17308,124,1251,2
"fwzyemJOvg8",26,239806,17201,113,1186,2
"Y3bZ1iom5Dg",24,239792,1329,82,359,2
"WA5MaHhVGpM",23,239763,8963,529,6439,1
"u2pTK-dy360",22,239713,668,251,26,1
"HnkAskYj86Q",1,239694,923,107,117,2
"R3SAzS7YTBM",22,239658,490,52,196,1
"MNEqN4cFqg8",26,239654,6653,416,768,1
"EY4JL4HwaIA",17,239611,0,0,0,1
"7GqQHkTZXus",20,239505,2569,258,1,2
"G80HmNT9OpA",28,239494,8706,769,3403,1
"-Acq2MyrdYw",25,239453,1643,161,96,2
"5C0wCnhikt0",24,239447,1466,320,436,2
"czx3jnX0UYk",10,239436,1444,136,456,1
"N8idmC33d4s",25,239423,1983,130,879,1
"1cpb7XIu9fQ",20,239406,6781,268,706,1
"AFY7kr3XHFI",24,239384,467,112,153,2
"Tp4Yeku9ikk",22,239349,2855,388,1210,1
"4vEfgLmChMA",23,239335,18469,581,1405,1
"JR4oPuV3CWg",23,239226,6932,341,454,1
"5O6iNs0cEIU",24,239156,1598,252,327,2
"8IQ2Pf_HV5E",24,239150,5555,174,622,2
"sa-zB6bORP0",20,239115,11376,236,670,2
"EK7c51cGro0",22,239076,12354,161,499,3
"StjdeTM9mIk",20,239060,15908,121,1448,2
"0gunZsV67rI",24,239053,12057,144,1754,1
"ZnX4UQU_pQY",25,238948,2393,247,1347,2
"gTRfLHrwXz4",24,238897,1628,409,423,1
"5Y1bFg9rUac",23,238896,6832,65,337,2
"2gmjuyxIcig",24,238892,23931,187,3003,1
"DpRhki2IxVw",15,238871,7366,180,1608,3
"d9X0vGjFBa8",22,238782,120,105,52,2
"yUAVD5BCymY",25,238779,21288,135,4992,1
"AvANkuP0mAk",20,238697,23306,564,1550,1
"1TtwGoPSuc0",23,238697,7139,142,791,1
"OfkmE1LcBy4",25,238661,1960,393,1692,1
"RXdP5eqAVRE",25,238651,5092,307,913,1
"TCQ2kwO8Row",1,238469,3769,147,324,1
"w0NxaTGx5Xs",26,238458,17851,105,3256,1
"fgnhU_qA4RQ",24,238445,4935,512,1870,2
"OWvrFhCFR-U",24,238427,4820,488,934,2
"cw3w5VDRGSQ",25,238425,1506,102,270,1
"7k_5vluwRAI",24,238329,1340,272,304,1
"I24Yw1krxD8",1,238294,2862,158,1127,2
"0TFRglIvnV8",27,238287,6750,225,2856,1
"nfsEAWjI-qY",26,238260,5168,606,1037,1
"ceJcHUoO734",20,238255,5780,1255,0,1
"s3Bd9400O8Q",24,238167,2169,47,163,1
"AHaaaO4L1jk",24,238157,18543,300,1554,1
"nMfBqC7BuTA",24,238155,13212,39,990,3
"HXvCmv0ha9c",24,238106,26270,583,5542,2
"D7e5rJC1Nlk",1,238081,177,55,170,2
"agnGIJlcQgs",20,238010,11282,81,1450,1
"0Q0_xFYpYL4",28,237993,23613,134,1872,1
"zJ9M9j2mJ8o",25,237932,0,0,3889,1
"kgC8S5jpqRg",25,237922,2628,120,965,1
"uROikp4GrZI",2,237857,9335,352,2504,1
"gEn3wcpNsg8",24,237796,11880,159,2516,1
"gGgeN_anIPQ",22,237788,1342,162,246,1
"UWvWT2G6IgM",24,237769,360,122,81,1
"9LfRSms5D5Y",25,237736,720,148,1645,1
"H_HBY7h8K1Y",24,237677,5694,69,509,2
"_ggNmXDblBg",25,237639,2421,95,732,1
"kxpzTCSh6Ps",24,237604,1566,28,134,1
"QKl1pXu6tc0",17,237513,1540,189,1144,1
"zxmlmjRr7eE",20,237440,8197,90,718,1
"Xn1L9pvk6sE",10,237412,18867,100,1831,1
"7S9HsRzfSrw",20,237396,12808,68,704,2
"f6Bs62yMlqg",24,237347,1431,134,182,1
"c8peFU3FKfc",24,237257,2329,42,134,1
"2ZniMA-UfjM",24,237199,5430,271,3097,1
"FApBWHvUzMs",23,237081,19148,791,3869,1
"wbYOHEJjtCg",19,237003,8558,245,809,2
"fEMxFSjmo5Q",26,236959,7106,197,747,2
"UaR3Y1dqVZk",24,236911,2281,23,426,2
"nPa_GYh-XYU",24,236878,4900,28,233,1
"3h9HdMhm6_s",27,236864,10658,286,1443,2
"vm1MHePQXUI",17,236863,2515,212,1394,1
"hmjsZLyn4aI",17,236806,3334,34,291,2
"4_hzSjyerpU",24,236715,15092,371,2276,3
"fec6D30X2Vo",26,236697,20958,153,1236,1
"ALnQxL6pP_M",24,236686,2632,84,1626,2
"3G8CM-6BZC4",10,236662,25725,164,1341,1
"RRF5WH98Mic",20,236565,13940,214,1220,2
"7cGrg2Gh4gg",27,236543,12538,286,2350,2
"lMn1UstYL-I",23,236484,13648,280,348,1
"-B_ZZjD2ZeU",28,236420,11473,163,513,2
"pxSqj6692iY",10,236410,13643,237,1410,1
"v7L0nvzmfdE",22,236373,12346,91,1248,2
"veVMdktN3GY",24,236249,1020,106,1004,2
"M5ymmzVmvDg",25,236201,1927,304,153,1
"QQmjP5CqSxI",22,236201,9604,519,1227,2
"o27M0gXjUqk",10,236139,31168,429,2114,2
"vjgAu8XgU0k",10,236095,12387,554,1672,2
"qMdwzIogP5A",25,236070,7549,286,1737,3
"Pw9Jt5ZGoT8",25,236019,3387,249,562,1
"C7lQ_jqSqKQ",24,235958,14962,197,2109,1
"67LnlgA_Too",24,235948,9376,581,501,1
"9iqrIJaZi0o",24,235945,3121,166,293,2
"VLdie2aou1I",24,235920,10622,139,2362,1
"-ShNuJOAYSA",19,235877,7386,132,817,3
"eN2uYLf2ECg",24,235869,1478,152,156,1
"yVm8qtSChFw",22,235865,3948,537,677,1
"5OS-NqmMMlY",20,235759,14477,182,857,1
"22tBbgACwy0",24,235671,1929,213,274,1
"Hc3jHNXRejE",26,235630,10529,149,1650,2
"bsNQj_EYI64",24,235569,2718,167,1689,1
"2AEKYskEwfA",25,235530,3806,250,1712,3
"OnlbKm0fblc",1,235462,9957,105,450,1
"0I8AH7ZF_zM",20,235425,9953,66,668,2
"PK4zgEEqirk",25,235421,21551,298,4114,1
"e478nXVyDgo",24,235369,2442,43,724,2
"ETi52lkszb0",17,235352,122,99,141,1
"nSynniXR3CU",20,235323,16942,449,39,1
"9s6ljIjmKZM",24,235301,10347,564,2210,1
"GWH5vyi3lTk",25,235291,7035,328,451,1
"kADsFgp6AyM",25,235232,1543,132,190,1
"7RVCdNdUjgo",24,235208,1529,278,131,1
"Aopb6YZyeFU",24,235207,8930,306,1394,1
"9bLSykjNLGY",22,235156,13078,209,1466,1
"arcJaowc5Fc",25,235123,1999,804,1837,1
"rgzigflsWXo",15,235114,16449,97,1097,2
"pcfyR8a96G8",24,235068,918,213,460,2
"cEbclbkxJmU",24,235025,22222,314,2863,2
"YcFV45-GZTo",25,235002,2079,553,2490,3
"0kErOtN3q_w",25,234983,2358,125,344,1
"BaoM_RRY66o",24,234982,5338,100,624,1
"K8rE3XR9z8Q",25,234975,7542,575,0,2
"ru3egc1OhXs",17,234972,693,45,316,2
"71jy28a1OZ4",17,234963,572,64,201,1
"C5dOsBpG0Tw",17,234960,10283,170,1203,1
"l8najix38lw",24,234957,1577,214,243,1
"Mv_Ke7YX_5c",1,234956,25354,166,2368,2
"NGZTFEUYC24",25,234925,2178,276,1865,2
"OkBApRU0k-c",24,234923,25136,71,2784,1
"shOyZrXt8Co",1,234919,470,129,167,1
"ZMHihV-zocE",22,234911,5108,323,848,2
"qsDcPh6z7fs",24,234848,4629,377,687,2
"D52z52yIZ60",24,234835,10184,117,1353,2
"4YB6mVWadKQ",27,234785,8120,121,827,2
"fi4fS3HuEtc",25,234711,0,0,3632,1
"zM9ifZ_GDzs",24,234614,3893,72,99,1
"XkKtViwvoCQ",24,234610,965,167,214,1
"NS-KIvX7y18",23,234419,2653,75,325,2
"dClPQwNbBys",24,234417,11735,102,2417,1
"9Bd82d_NV20",24,234379,11714,178,2243,1
"WvA-AmmJcUk",25,234329,2280,317,1598,1
"hcb0ZMow89M",24,234271,2034,240,116,1
"MEb2Njzka6k",24,234254,1005,308,325,1
"MkmrZYFpYac",25,234217,1540,94,653,1
"Wfq5NzgnSqk",1,234212,176,64,278,2
"UY9iVrhw4vA",24,234171,1323,122,485,1
"ERnOs89FR0w",1,234075,22489,762,8053,2
"PfAy8kMseXo",25,233971,1830,297,968,2
"A0kABnQ2X8o",24,233969,5414,334,538,1
"mT7dvl6ySlI",24,233909,5602,100,939,2
"dnxi5CZc_NA",17,233879,10506,271,717,1
"xQkOp1rcCDg",24,233875,9730,93,771,2
"5PB-nyU2LZc",2,233841,8331,400,1776,1
"k3GxDSG1c0Y",24,233803,12837,297,4073,2
"9GMShsXJwio",23,233755,15232,390,1285,4
"FonKlmYXUPo",19,233751,8114,287,1187,1
"3gZQOJxptyc",22,233736,2108,276,1385,1
"HLcDEH6VbL0",24,233729,1344,160,216,1
"7mpZ-Gex80s",24,233715,3136,195,972,1
"ew2EnxvVKM8",25,233698,646,473,0,4
"v1q0YiPQqlo",25,233695,1706,433,1644,1
"ljEjBIZ2qCQ",22,233473,10557,276,1577,2
"mM666jhnn2Y",24,233458,3963,134,1067,1
"C1Z6N8SC1bo",24,233387,1778,141,344,1
"TQNWVRl2dpI",23,233356,17802,237,4355,1
"R7Y9WHaJO-A",28,233330,23545,447,1638,1
"MjYGgah15Kk",17,233310,2796,138,1503,1
"BQMgtvNdQSE",20,233306,13089,400,3109,1
"sI7sTwCFWP4",24,233279,6153,103,720,2
"kJ6ReamH5eY",24,233241,1142,117,794,3
"bEbTI1zgpB4",25,233238,5780,402,3929,1
"agjBUu6ou3U",27,233206,911,155,236,1
"Xhkoqq3IZAo",27,233202,20001,435,3293,1
"4EHEuJcoARM",24,233179,1547,292,482,1
"ygcUG9ZdeMI",24,233043,2213,96,245,1
"s6M2rirMvhM",25,232957,4642,207,1915,2
"0M9lydBXjok",24,232946,11286,150,932,2
"m784EVQ9MPw",20,232942,2859,135,72,1
"3cSCFI-pUF0",1,232903,4365,230,2300,1
"akKUAVwn9xA",24,232882,960,158,243,1
"_bqK6pqgv9k",20,232881,15433,202,1305,2
"_haKJaptYu8",25,232872,2818,464,212,1
"HXDxwaS2-KU",24,232867,238,235,406,4
"s8WHO_xkG8g",24,232817,1022,236,818,2
"FUQ__nhXd10",24,232788,12079,173,1680,1
"Dp1DFvQTcJk",26,232768,7932,117,454,2
"DP9b-iPdM9s",22,232766,6043,585,1069,3
"VjaqQQ3GoJk",24,232763,8580,83,689,1
"bYvQmusLaxw",24,232762,15515,329,3601,2
"l4xl6ZvJ4I0",22,232712,695,58,528,1
"j_Cl0xJHWGE",26,232694,19099,368,2915,1
"lymHZDmjsj4",26,232684,13520,120,1149,3
"EASMgCZ6A9Y",24,232674,17284,137,1274,2
"2hooLCl5zrE",17,232646,3212,120,1420,1
"nSQywocO86s",20,232635,27617,226,4335,1
"beJNXgrW-rc",1,232608,17340,146,2742,2
"F8s3j3sjpvU",1,232595,517,124,190,1
"dxqscm3OlZM",24,232562,5536,164,474,2
"cvQrxwp3QCk",24,232556,4196,30,141,1
"fkQT4UiFXAw",24,232444,14976,36,908,1
"YgqXYJQX7G8",24,232410,1684,167,273,1
"AJUiQU8-w8E",27,232401,9681,715,2062,2
"NRs3YCJDBAs",26,232400,15396,319,1255,1
"GGGcNzY9zbo",17,232375,7409,60,528,1
"chmTDFfMSS0",25,232361,6037,346,2934,1
"d4kDR5dresE",24,232336,5398,415,791,2
"38mdiZpexGo",24,232278,3354,60,169,2
"M3W0ELaAOIg",22,232236,13782,729,1295,1
"FAVp_UuIT94",20,232129,15839,124,1295,3
"Pgi3Gv9uqjA",17,232115,481,164,1019,3
"jhezW7swz2k",24,231976,2297,278,399,2
"0UJ54iT4yIU",24,231961,5803,95,687,2
"iFJFbHBilyw",15,231923,17510,87,1492,2
"mKBcEn-creY",24,231835,1932,58,286,3
"wiXhcwpMU1I",24,231745,10958,215,1433,1
"Dq7aMftfCKQ",26,231710,18431,137,1048,3
"oHFvUa36v90",24,231644,1535,190,316,1
"eQHRRmeudkE",20,231613,13557,236,2608,1
"XpVs1hD8hdk",15,231598,17238,346,5776,2
"TzmztaedBdU",1,231534,1363,274,259,2
"ezwyg2Sr-Aw",15,231381,20156,89,2026,1
"NNH7qzyuT4M",22,231379,18527,118,1428,2
"JNLE9_lv_hw",24,231322,4407,216,1257,1
"BIUOQ8R_ySg",26,231294,17335,143,1232,1
"nvyoNtWzHF4",26,231290,18801,318,1953,2
"RGID2PnYLHQ",24,231239,5808,105,1385,2
"ksEREYr6zJY",20,231167,13876,144,829,1
"OTqr0yTlC9Q",24,231154,2463,69,131,1
"2zC5AL7KJM8",20,231135,14149,100,1015,2
"VcB4hgT4jIc",24,231123,15491,169,7372,2
"aa9JH_iUSzg",24,231120,4518,49,59,2
"ErAeEW5D4yI",24,231084,1342,118,163,1
"x5qknQtO3HY",25,231052,3826,387,1948,1
"UwaAuEJXG74",24,231026,8073,447,558,1
"XQ98623OGJQ",17,230993,6777,54,334,1
"RxGNtTliRMs",22,230933,12321,85,2308,2
"75M5VnsStLs",25,230923,1967,112,1181,1
"jtJmOqgrzgc",24,230723,11576,215,376,2
"9cOoOcP9Ev4",22,230718,1592,250,1045,2
"1JdOPPRr9Vw",22,230693,14286,36,1600,1
"OAbAFgheKRk",25,230692,0,0,2603,1
"OCpvLH1-f50",22,230570,2083,96,1037,1
"IAto8htHCQo",24,230507,1858,174,548,2
"3BwWNv71lyc",25,230443,2261,177,974,1
"b3VEQWXIX10",17,230431,16061,303,975,1
"-3h4Xt9No9o",25,230360,6468,177,688,1
"1nJd3i4VuzY",24,230324,14841,95,858,1
"XHkAjUVoQME",22,230287,2968,56,194,2
"vzmAVbMR1FI",24,230276,7759,158,426,1
"G8F3VTEyoDY",24,230246,252,99,282,3
"UYDAgS2Mr6M",24,230203,4226,198,2125,1
"OZz5oU5QI10",25,230192,3389,352,346,1
"KIRvM550B1o",24,230072,3618,451,651,1
"oGEexn6aH1k",27,230005,8193,713,994,2
"qu52IPlQsFo",26,229895,13502,379,568,1
"KTYs34gdxtY",24,229843,1814,235,460,2
"Pgf7tfu2ujw",20,229842,3676,1324,32,1
"vqQUtgUMYwc",24,229781,689,127,298,2
"fpkijZZSrIk",24,229780,6677,100,593,2
"Lc_b_5Ewq74",10,229739,12207,644,2380,1
"PWz0oHLmlTk",22,229729,2218,182,607,1
"xt-OY6JcxIg",25,229692,0,0,182,1
"UwdLlnPaRAU",17,229515,9435,90,759,1
"INjxGNt8ek4",1,229494,182,52,346,1
"kyWtBaNNa6o",25,229448,2024,160,1251,1
"jiTX9pykkYs",22,229431,1128,160,272,2
"WOwRVObPI08",1,229381,773,81,97,2
"O2J3EXZJMbw",24,229375,3066,415,184,1
"SgqgTzY37ms",24,229360,7828,284,1158,1
"SO0HTI8QuQU",23,229334,7180,221,240,2
"EHsZB2oi1Ac",25,229314,2960,215,448,2
"jlklGaS6uUE",24,229235,1606,118,120,1
"2BMzEuSQ9aM",22,229211,9881,74,737,2
"ysiEyAQ27P4",19,229205,11432,244,1531,2
"K6kETHZION8",10,229160,30083,339,3124,1
"Y6KIfWMYf1w",24,229154,12240,157,1893,1
"rqAv3fPjVqg",22,229150,8187,46,345,2
"KTKzyEaRR9Q",23,229141,2068,63,135,1
"oNL_eKg_TiY",20,229066,15382,446,50,3
"rVBNqmHSGms",25,229013,25360,219,4955,1
"1DJVxuY2Fxw",24,229005,7719,246,1205,1
"sPY014ld3vw",17,228968,2395,183,1147,1
"aDBMVKtcG2Q",10,228962,10376,66,1113,2
"LXKyDFyRj2Y",25,228929,5504,1396,6976,2
"UsGvY3I8ZwY",25,228888,3046,295,1881,1
"pGaC-SYXInU",22,228759,7816,256,840,1
"JUnWk4s4_js",24,228739,9375,533,4729,3
"qYq_etzhrKI",25,228722,3899,153,1589,3
"xejjA2AFO5I",24,228716,3937,63,610,1
"0H8uCEV-z6I",24,228677,2440,218,733,1
"uixzxrxiv9w",10,228668,2141,896,2342,1
"JbLyTqPweQg",25,228665,2265,161,1149,1
"NkRZ9Lwt4tk",25,228665,419,475,963,3
"9uVj6Hr079c",24,228646,9831,148,396,2
"qwzrA2NF21s",24,228613,3376,282,823,1
"u2J6hPMZLCc",25,228573,1231,131,468,2
"jfASBwlxujY",2,228547,12767,101,1880,1
"NhNJjvStrJM",24,228456,12558,220,2004,1
"i8fIGRz29Ko",25,228415,4668,716,2986,2
"nx6Lkphzc9o",24,228387,25369,112,2595,1
"Q6vkQG5KsDU",17,228385,674,56,195,1
"uejZQz29NjM",22,228362,1274,221,1812,1
"3n0Bmjgeu4A",24,228358,9949,383,1099,1
"mniFYSyH7HE",24,228317,7314,545,1227,1
"MRH-Wn_zWbU",25,228175,1783,559,3643,1
"aD8msiFt6l4",22,228152,414,110,151,2
"kt8KCtetjxg",26,228063,6345,247,666,1
"Ix5uR7SxCYw",10,228062,6295,444,330,1
"ug6D3hgLX4g",24,228010,4455,320,2630,1
"avIzRWL7Jls",24,227978,1646,43,541,3
"kG41zm8HGSE",24,227867,7782,263,1053,1
"6c7aplyiJXQ",19,227831,5325,132,745,2
"3ImlSIu8ryc",25,227797,3100,324,844,4
"TtuxSpEiv4M",23,227749,1252,759,336,1
"OR3f9pGXNpM",23,227738,14680,160,2456,2
"1RrzxtmeIDM",23,227720,225,23,135,2
"-zrJwYFJtZo",15,227584,10553,100,1583,1
"SBORJdQdyno",19,227578,6450,220,1503,1
"zZcqgKUKD1w",24,227546,4741,303,959,2
"hV-yHbbrKRA",27,227522,7213,150,917,2
"fxMhg22w34w",26,227513,5512,161,449,1
"X9oAIw7jFCU",24,227503,1973,323,628,1
"cNRL7CmaSKk",24,227448,5545,79,361,1
"ocK2UnGq_yw",24,227374,5505,1006,653,1
"eMB2GzidIUU",22,227365,1296,44,74,1
"CaQsTwhXtaM",25,227317,2171,126,1280,1
"3OPGysCwyvo",25,227316,5806,421,3727,1
"Cq4vy5KwK4A",23,227302,1500,71,175,2
"9fozVTER2EE",1,227281,3356,186,861,2
"jKiPQOuDzfo",17,227210,1000,51,472,2
"yccK1fHpeZY",17,227198,1626,117,443,2
"_s1NfR6tjRY",10,227154,10790,203,1388,1
"NzWjHJGE6fU",25,227038,1963,142,1397,1
"6wVlxn7SdnE",25,227002,3162,275,1220,1
"6fi1RZNWCDI",23,226849,5788,130,242,2
"B7mNS5ygvAQ",10,226827,2491,802,2134,2
"u1YtIwW6HGY",19,226824,6987,198,654,2
"ybFEtEnSKdQ",17,226808,3144,165,1847,1
"TfUvhNuYJRs",24,226804,12739,315,2195,1
"kwZITtvKcZ8",24,226775,8750,125,1443,1
"WbqfRsYfSjU",24,226770,633,135,105,1
"5lxrH5Z_2fQ",26,226766,11823,90,549,2
"Nb-_ezmgLvA",17,226733,6730,513,1081,1
"YbYlMHaNt8s",17,226717,1178,68,501,1
"JvSZKB2WNKg",24,226706,3694,170,529,1
"eOSB6qbRgWw",23,226668,2002,118,158,1
"E2qtPth2W6w",24,226645,6680,79,630,1
"9aA18zHpoHw",25,226643,1629,396,2421,1
"26GvjUcuYHE",17,226637,476,44,203,1
"sKm4aUmT6rI",22,226599,625,38,273,1
"FaiFzzPWSX0",22,226589,6858,292,670,3
"qLEBQusxzo8",26,226576,5954,325,647,1
"RanbQqFTBTA",20,226554,12557,1110,3348,1
"J0PE9h-dvuc",1,226470,559,158,68,2
"VocyIOF1N6Y",23,226454,28074,77,1233,1
"JczhR11yF4I",17,226450,3665,177,1961,1
"ViWHw7dOPGc",19,226435,7033,220,822,2
"atWtmhd7HZ4",1,226415,4781,194,738,1
"S2UBy8bkgyE",24,226413,5552,282,711,2
"Wpy9_xRHzYo",10,226365,18669,199,1636,1
"CbgUAvaLB7Q",24,226342,808,70,403,1
"7UAqDHh7EI8",24,226327,9589,117,2130,1
"0AuijzC3v-E",1,226314,883,165,5,1
"zcQ2dyYCxgE",17,226298,3189,152,1628,1
"HBNDN1UJZeU",23,226249,5795,152,1090,2
"ThmGQOwhyZQ",20,226193,12514,461,81,1
"QbFtCLIzNpI",1,226135,9284,124,910,1
"ulduUfiTV7M",24,226051,1376,112,144,1
"o-MaXXP2uio",24,226037,11874,105,797,1
"-aOyAvbj2Fg",10,225955,11462,150,1158,1
"Z9myf-wV-Fk",27,225944,12151,1104,5657,2
"9OSNxUb_VN8",25,225926,3053,596,2469,1
"FMt57Pg8V9Y",24,225915,1088,128,132,1
"HZ8hmpazEiY",24,225909,1030,203,60,1
"hMxSJ8RENqw",23,225900,13614,108,1337,2
"bqG2J8Jb8RI",26,225880,23523,397,4556,3
"WL3TBpXE5JA",17,225869,2430,81,755,1
"xyf2wesvE7I",10,225846,6506,134,590,1
"R_7VgsU2YnY",17,225836,1845,358,1015,2
"nSPDdN7OTeE",25,225827,4752,341,940,1
"EB98i-dtnEk",22,225763,419,94,539,1
"nIZ69aEKlE8",24,225760,14767,426,459,1
"njMLadmB6fk",22,225686,681,219,57,2
"gN2noHIYSjc",26,225645,27515,195,4870,1
"HHyPo8VR8I0",10,225577,5320,38,342,2
"evKeFD-IfAA",24,225538,4692,202,952,1
"csv2nkglvOE",24,225522,9942,119,1424,2
"eZ93QZPFRY0",24,225447,5655,92,786,3
"QqVoe1ytw2s",24,225421,1567,41,59,1
"4o-NvvY0eTk",17,225405,2263,116,2692,1
"FNwo3NAknkU",20,225319,5161,435,22,1
"dUXW3Kh_kxo",27,225291,12429,240,645,1
"Z381cA05ILo",24,225287,641,61,185,1
"6tEQoF_8Z7s",1,225248,16885,31,1008,1
"oPTFMcLSovI",24,225234,0,0,1265,1
"-rbtnKEyV4k",26,225216,15753,167,1467,1
"dh0TkO3sypw",24,225140,3243,223,91,2
"hcKeExYD8z4",22,225101,6399,173,895,1
"YqOBo3riisw",20,225081,15028,117,858,2
"MAT19EhRFgI",24,225075,4237,199,731,1
"yPso-XW2ey8",24,225001,10852,240,1586,1
"d_0BXx_vVQE",20,224994,9552,86,1338,2
"YE6ILrxmXJw",17,224987,999,54,379,1
"VIVrBf10rhQ",23,224984,10595,934,956,2
"ciXDjUt3wgk",24,224936,13151,258,2450,1
"9AMBf-uBYH0",25,224931,740,313,1608,1
"xzEebELg41U",24,224906,4200,204,815,1
"0d7ADJuRKz0",24,224806,8110,936,1905,1
"lO-f_f3WGOU",24,224798,2719,248,677,1
"U52g6ZlR1W0",27,224760,8597,177,1030,1
"hlb3gGNBHFE",22,224742,7698,106,335,1
"U44YLdW9AL4",19,224651,10504,300,1586,2
"0HNRcNu8Efw",24,224589,1838,198,0,1
"wbvj3CqRip0",22,224575,2319,82,916,1
"Mc2Wwr_51Cs",25,224431,6487,298,1114,1
"d7Z7aHJSviA",24,224429,2481,243,1133,1
"rJ3W0EerONY",26,224415,17490,126,1123,1
"9ohJuyUydoo",24,224382,453,509,1117,3
"Z3fRX2SzxVs",24,224345,3766,98,591,1
"JxNysCWDOL4",24,224325,2328,136,607,1
"ZMX60YsEMUE",1,224302,7620,129,2832,1
"FUdX_Yg1_HM",23,224294,22552,453,2739,1
"UBWHVauTZAA",17,224270,3576,260,5504,1
"c-cSAs-SiTw",25,224264,6175,197,2363,1
"KxxP7abqPdE",24,224238,2239,102,419,1
"34ioGZYbDj4",27,224213,4613,280,1733,1
"Rxhim8o9lDA",24,224178,6787,121,511,1
"zNZJNlx4P80",24,224124,7770,275,1260,1
"dnODWqlkrrs",24,224119,20983,212,2953,2
"ELqeARqjcoQ",24,224061,1386,141,287,1
"6lr4fBOoKRQ",23,223965,14482,218,1337,1
"wBLWMdxvofM",24,223933,3262,188,1301,1
"B5HORANmzHw",27,223871,8422,191,1214,1
"B82029-9A1M",22,223871,10729,431,1080,1
"WKrwp2qVJ68",25,223862,2273,286,0,3
"itBs19r0xZo",17,223842,1743,83,661,1
"7I8c75dj5r0",24,223827,3397,364,1064,1
"7sQ2zJA63fs",23,223811,3493,280,347,1
"vZ4z4yzUf9Q",25,223803,4257,1210,5542,2
"CD4MptwCvWM",24,223793,3638,170,207,2
"pmHFm1gheMk",24,223760,6096,118,1222,3
"jG1ygabK9Xs",25,223759,2748,288,1563,1
"FnutYM4sgPA",27,223733,7414,188,1532,1
"VrWN8Rb0YGY",22,223690,6617,149,727,3
"WgI784bbC10",10,223678,5569,155,413,1
"ero9tj9ZN2Y",27,223587,4068,236,1391,3
"aRPIBpQ5cFs",15,223565,9736,389,1325,1
"cykH2E3ahFc",1,223564,17882,482,2234,1
"Xj_te8PMwpI",24,223558,2158,595,780,2
"ouMSvdtHKVY",1,223547,9714,71,1445,3
"z1CFGCEsk4w",24,223539,910,111,159,2
"v7n6jZXsVtY",25,223522,3614,245,2070,1
"9ryP1qh9s98",24,223493,16754,699,1017,1
"6Lx2g0dKTbs",22,223484,1164,41,114,1
"hZanytm6lQA",1,223398,1427,232,48,1
"aCdP9Q8bOjA",25,223310,703,167,282,1
"zHBeBG7EMeU",17,223246,3433,178,2164,1
"h7t6aN0D5lY",24,223228,1828,381,1502,3
"EeghAmB1W8o",1,223197,13689,569,2838,1
"FPBMv6ORAp0",24,223116,2371,1385,676,1
"jFKV4SzD1i4",17,223104,7377,47,648,1
"U9w-yE3SvkY",24,223092,5714,372,1573,3
"ZDvBAyIK5xs",23,223090,7636,98,2064,1
"YaLEX7Z1NhE",25,223028,598,86,494,1
"81yBSQ_hDMs",24,223009,10842,273,5115,1
"9THFdKeuAgc",23,222971,21173,122,2171,1
"FV1pMgB2pMg",23,222920,12090,437,259,1
"IbNfxq17EeU",24,222917,3811,165,628,2
"e2kzGfupQ4k",24,222861,5446,79,582,2
"kvLeLgb5Wyo",1,222825,15453,152,3303,2
"XALsU1VZ5vM",24,222774,4913,74,523,1
"Nv2viHg6Suc",25,222771,715,89,489,1
"d4ALpiMENYg",24,222758,1542,435,1425,1
"xmFH2Dw1h38",28,222757,18710,454,2672,1
"3oABD3tz1g8",26,222750,13629,123,3841,1
"RBllnpr5qDA",17,222605,7931,56,582,1
"GbZyl4pZIsY",26,222579,12696,90,558,3
"8s1HSanJZw8",24,222470,23483,253,1469,1
"sfMTQhiVdzg",19,222452,8755,160,781,1
"L3czjYgQiHs",10,222374,28125,232,2460,1
"_B5HSqOBAl8",25,222363,3501,186,320,1
"2n80rNftFaY",17,222317,2166,54,250,4
"XeSzLkaGWko",19,222243,6534,175,1286,2
"Ew9AR0xr0Gs",24,222240,2718,104,622,2
"EUbCJuFnTl8",25,222228,855,1011,2049,2
"2kSjgiV4wG8",24,222210,3573,209,688,1
"neUrUaApAFA",1,222209,16814,107,1589,1
"dGy7xOTs4uE",27,222188,10644,328,2355,2
"qXBlB2ZD1rw",24,222146,3086,56,313,3
"7ZRWMHisJjk",25,222098,1670,413,3596,1
"LX403l2fHdk",24,222095,1614,213,238,1
"TONwBl2NfJ0",24,222047,11165,267,4198,1
"ptnrsz5an6w",22,222027,1658,298,911,1
"_z5QGn-202c",27,221977,21025,267,1608,1
"-kigLPnOVXo",24,221948,7656,135,972,2
"cRIMXst9u9o",28,221946,10146,363,2066,1
"og3oaLAeZLE",22,221912,4167,240,502,2
"_MT4WWBZE6I",23,221903,2497,244,312,2
"fj1FF0iVR8I",1,221839,1748,62,475,2
"3SrU_WRVmuU",24,221757,10153,132,1135,2
"i-_YDA4s_TE",24,221727,5678,340,940,2
"Z7tkcyXkLDY",24,221726,3670,73,928,2
"EgNxiVub-Ds",24,221721,12119,222,1917,2
"BVRvrvCQdmg",20,221719,18374,135,1187,2
"df2fcYRD1_A",23,221700,13693,461,2608,2
"N2UPaPrYVLI",17,221698,7580,42,632,1
"RlNHFwRRO-Q",24,221664,10735,170,1484,2
"1j-XZLxXrPk",24,221661,893,134,126,3
"iZpxzfMkVzM",19,221624,12028,234,1417,2
"4iZuD2bQAR8",24,221602,1680,238,256,2
"uiJr4I0CqcA",24,221600,9111,593,1164,2
"-uh-Bl3W_us",26,221538,11587,179,3022,1
"RghX43tU1ds",22,221533,30389,2190,4571,1
"7g-WOMXe6Mo",27,221510,9038,144,790,2
"hbTwoLah2VY",29,221313,17634,324,5347,2
"Mmd2gBpf-m8",24,221295,1055,150,101,2
"kZLBVi_0ENU",10,221288,4262,71,264,1
"SpS3rd1WNQo",22,221281,1112,158,227,1
"MJmiRysJI60",25,221261,2048,747,945,1
"c-kWEDr6VS0",27,221248,11420,127,1478,2
"IvovuMqhtnM",24,221219,0,0,363,2
"GKXKQvCEEWk",20,221197,3932,115,890,2
"hscl4LE_DaQ",1,221190,13759,136,493,2
"GCTyFp0PpHE",24,221145,6790,85,434,1
"VFo13LWFIrI",27,221142,19889,337,2529,1
"K0BdBwZdjdo",17,221118,2206,287,1625,1
"onJZpbC4KqU",24,221055,6339,292,1397,2
"DmJuR6Q6ppo",1,221052,178,47,218,1
"ThKtYzsb2JY",17,221048,2071,155,774,1
"8P5SuCUc3Aw",22,221031,5158,303,966,2
"eq_qArn8lMw",25,220957,2121,213,1623,2
"9c2kibBIqKI",24,220948,2120,31,100,2
"7NDp_nsDaNo",24,220895,1000,121,140,1
"KU-GcoWD5_A",26,220893,15261,70,1832,1
"9n1PN6bd5Jk",17,220886,2125,93,1103,1
"795d_9SkCG8",17,220820,2081,123,1111,1
"2Odoh9AMAXE",20,220801,3606,97,950,2
"KyNjWBtv_f8",19,220756,8910,185,795,2
"-TKFDc6iVec",20,220749,11039,89,701,2
"unFZBeZFSxw",10,220732,2208,1621,2072,1
"DkttwnW7RAg",22,220719,5209,242,350,1
"2XVJ-qVWw6I",20,220719,10533,104,1132,2
"hwAYtDPknPA",20,220603,11381,37,565,2
"60z3zXI8Es4",17,220601,1859,97,894,1
"XJqOD_xP0do",23,220583,26048,122,3316,1
"Z25jDxWVIEc",22,220550,140,1047,142,2
"iHwBmMvjNuo",25,220485,1554,133,529,1
"LyBims8OkSY",17,220480,3420,117,370,1
"926hMiVuP9Q",24,220430,17609,1230,2767,2
"uLlV9hX3SOs",24,220411,2200,89,245,1
"PGajJ-a4_Ik",22,220302,12690,50,1246,2
"mghotNCMI8w",1,220248,9385,163,489,3
"zBvxvP3q1IM",25,220242,1014,409,1419,2
"Jg-hhRv1QAI",20,220228,8179,38,466,1
"fCvg-qPJSDc",22,220178,999,26,66,1
"urYCIF5Uo8c",24,220124,1781,194,502,1
"3nN2o24fA5k",24,220099,14703,130,3336,1
"tIT07dI2i0s",1,220091,365,85,423,1
"UgpL43chE-E",24,220085,1662,50,92,2
"0JOE69wnlFo",20,220054,12247,89,1104,1
"P5cRSSxz3n4",17,219979,3302,238,2330,1
"2y94xPhYgCE",22,219975,3681,87,917,1
"gAOCIHdSO3M",27,219934,10602,116,1281,2
"aHru5S8zCA0",24,219907,1292,166,1366,1
"VUN025E0PrY",25,219895,2365,221,1486,1
"x5bCuUcuQWE",24,219894,6669,85,396,1
"5xz-djN-cgs",1,219857,1998,402,904,4
"-2nHrtXYXh4",24,219848,13482,255,2535,2
"DhmXjAQxxhs",20,219819,11478,161,948,2
"GpLGLyag9P4",26,219749,11559,537,2887,1
"lL-FCC4im6w",25,219709,1341,303,2140,1
"O-eZjR38pXs",22,219706,3653,537,1135,1
"JtJTqLSzXaM",24,219695,5036,64,1028,2
"ZJ8ArnBrN-o",26,219689,6987,234,770,1
"XcOvzXJ3_k8",24,219629,3174,145,1754,3
"pkIr5FaNGhU",20,219605,24237,187,2941,1
"p_vTyApRF-w",23,219564,6493,123,588,1
"hLZ6JA_ZiHM",24,219558,10530,496,1484,1
"-E3_diX_g20",27,219549,2037,142,638,2
"uCeNqoJxXsU",24,219531,2341,194,592,1
"4pgLllbiQGQ",20,219530,7412,109,724,2
"SDlJoRkgaa4",26,219526,16576,302,1383,3
"gnZ1fHJm1Dk",23,219509,17817,545,516,1
"69de8_n4ZgA",27,219461,1252,228,570,2
"9M-odQRA6GY",26,219455,14671,171,1216,2
"jV6RicRcjW0",24,219446,356,44,39,2
"VY6KwlWuv2Y",20,219431,10327,125,1825,1
"-0CMnp02rNY",24,219401,3388,52,128,1
"MLlS6WhgH_0",17,219362,1267,79,197,1
"VPrZ12oweLI",24,219302,6183,26,162,3
"hv8w4HbmkmM",24,219299,6945,351,1247,1
"C_cziQcwjc8",25,219262,3061,225,2264,1
"AGSiA4rGsMA",17,219191,4468,49,323,2
"yk9vsuv5gCc",20,219189,13935,80,1123,2
"1xQyWyJ3a94",17,219182,10523,173,1378,1
"kWvQ7aAzN6g",24,219140,3688,305,960,1
"_e34vV_faKg",24,219116,2781,65,928,1
"WYfFeh6OqWI",24,219100,2366,37,71,1
"4CKwSvuuOtc",24,219085,2343,226,562,1
"aIBmF6pf9ss",25,219041,30367,372,8690,1
"ZCNyOsPh2ng",24,219019,4223,167,633,1
"Tha4f2HFtAE",22,218993,669,44,248,1
"0tZDdYlOp5k",25,218945,2462,369,1979,1
"PBKa-AAy_vo",10,218922,21731,75,1397,2
"GiQqDewaXg8",24,218908,1422,150,402,1
"alUito2i_wo",23,218888,734,1769,916,3
"gcJGM7htXr0",25,218870,707,3201,653,2
"1s6NKHnyX5g",17,218834,1430,87,560,1
"AEx-m5GRdok",25,218801,4515,406,3181,2
"vRGg8QqIZGM",15,218762,20311,76,1754,1
"eHLspswcbFg",24,218737,7709,131,1127,1
"ATZ2UWflVQM",22,218737,13595,85,1004,1
"nd9YoLVeATg",24,218700,6142,216,2382,2
"PPR_o-h1JVE",22,218699,12946,80,2246,3
"LzogjYc74_g",24,218528,3965,265,930,1
"V1MkfInxeMQ",24,218491,1645,681,127,1
"JWCgJm42sNU",24,218482,3628,132,1043,1
"biIUS2WV-60",24,218462,1278,173,336,1
"3Mg1qrgdjXg",24,218422,1148,155,159,1
"KGA5sZBrEc4",15,218340,6727,323,1160,2
"bCv8qHpnYqg",17,218331,2092,101,787,1
"nZqIhsnCUr8",23,218314,13945,486,2358,1
"5Xe6E8HGj24",24,218311,2003,378,1561,3
"VuZcrtyzuEE",2,218289,10624,339,1382,2
"CJsOuGOB2zs",25,218240,2388,262,504,1
"BPs_wtbHIX8",24,218191,2166,42,99,1
"6Y7HkAPTblA",24,218183,6730,294,4669,1
"iPhS-jpDLnA",24,218125,360,177,93,2
"sjvvAtFaLPA",24,218091,934,242,38,1
"E3hBqn14zSw",26,217999,21296,77,1360,1
"KA6CXs1QVIw",24,217956,11699,90,1163,1
"Ua-sEFWDQiA",17,217876,11089,214,1337,1
"6VggjgfkCCg",24,217795,2806,91,235,1
"7WjKXQ4UIDE",24,217786,1731,186,406,1
"yd6tztK-mto",28,217777,10368,502,3818,1
"CZCsUcT8wvQ",25,217775,2028,302,2506,2
"0n2NLUynnyk",2,217750,12177,94,1202,1
"fJFwlKXMFlE",25,217744,30185,522,3353,1
"5nD_gNcSCrw",25,217601,1472,572,2520,1
"GnAShGoZN54",22,217572,2762,35,151,1
"dCTIyGxf_cM",22,217562,3723,155,2267,2
"L4I3AYAf-9w",24,217543,2379,160,271,2
"WjeZ4SOI5Qs",25,217503,6113,728,4718,1
"vWS9dytm02k",20,217467,3709,178,761,2
"am0nAlXjJDw",24,217412,1504,182,242,1
"n8MzEZEEXMg",22,217382,11640,85,952,1
"7PI4Pk6srjU",24,217316,18326,136,1902,3
"cso9AYIY7Ws",20,217241,14359,266,7109,2
"UE-kaxIiNPQ",26,217239,14477,127,552,1
"-HhmI5wu0w8",23,217224,17666,542,486,1
"OwrjBiW3suM",27,217223,8563,1146,2873,3
"pOQWW145Kd8",25,217112,1177,359,1102,3
"D3kKCxXIF5c",25,217102,2403,104,660,2
"7Gd0t4n2PHc",1,217095,1839,32,198,1
"hdIHM23Fm4k",24,217039,1386,210,208,1
"xoFlRT4RnVM",24,216979,1463,136,223,1
"CY9w86hrdUg",15,216946,8043,259,1405,2
"PLKy28vFfL0",10,216941,4454,122,140,1
"7zccrlD3M9M",23,216931,3002,41,105,1
"IQvd2J4TCyo",24,216919,19134,157,4263,1
"VsWDf3PVI5s",24,216867,826,176,170,2
"3UR3Au-9dwo",23,216859,8912,1564,1450,1
"yh-dN2IsHHs",1,216796,400,97,177,1
"ERGgkBjqUaM",24,216719,12193,221,1025,1
"d-7PoN8ljl4",24,216710,4476,270,1194,1
"DTErM4uuPdc",26,216706,7973,85,706,2
"ZjCfYM6dywM",24,216689,4435,296,403,2
"UR7QHavBTXI",23,216670,6889,110,897,1
"5Bi0-JlykDU",24,216664,661,140,51,3
"Cq4uofaCcWA",25,216557,21034,185,2665,1
"ooXKWRzS4Fk",24,216530,2142,143,1236,1
"2aONmsu0GNo",27,216529,5384,247,1770,1
"bWmpg6p8Cds",22,216500,11573,143,1758,2
"pbg3aMsAszI",17,216488,502,40,229,1
"kbB7bqFFLBU",25,216468,2056,137,1154,1
"l5O9vgGrCRw",24,216418,1292,221,280,1
"OCKBxmGHSlM",17,216416,3578,151,1907,1
"R9IgDz2SlPg",25,216400,5031,154,747,2
"vmYcxEOBk_8",27,216377,11057,79,1348,1
"5Z2p6Vo3S-E",24,216374,2542,58,532,2
"nUM5WgmNTPE",22,216328,9887,130,1198,2
"2UBfSkohSOw",24,216275,948,194,49,1
"yE_AA6cPttg",26,216273,14946,244,1534,1
"Oy4ug04-eLE",24,216251,18584,133,3664,1
"TDN6UMQpdbI",10,216248,2325,282,0,1
"2VROWb1cPg8",25,216226,2053,214,675,1
"MISVkrFAiFk",25,216201,4381,506,1496,1
"BspHjvU11y4",10,216187,19581,162,1359,1
"pauGHTsGrD4",10,216137,3619,268,135,1
"Jaw5M5S8LqE",20,216137,7366,133,756,1
"vYx6viDwKrg",24,216134,1737,33,60,1
"thOm3ERcDa0",19,216056,7198,103,798,2
"sS0m0mEyXic",24,215991,11153,107,3414,1
"d9YSmC_N3i8",25,215912,4256,382,1876,1
"wf68uK9D82o",22,215887,19259,74,1665,1
"KSS2Cv74Unk",25,215859,6358,150,1097,1
"fnZHePcGsQo",22,215797,2170,352,4720,1
"ZcUNn8ZTiY0",25,215731,2263,148,1377,1
"yD5mm8FI5hM",25,215698,7289,166,961,1
"rm9BFh_jaRU",24,215664,0,0,46,2
"Hfe7b1FHN5U",26,215625,16334,439,3676,1
"zz2vrPorALM",24,215621,11897,139,1526,1
"Apv_kcZFjgM",22,215602,1111,405,3732,1
"y1WZBigMm20",24,215554,764,86,125,2
"41ThRwO1mDQ",22,215540,12535,71,779,1
"2ivNQeYOWUM",24,215538,1736,155,498,1
"TSqPhuVOGwM",22,215534,9056,293,0,1
"a10dbHCtsmc",25,215492,4393,167,1407,1
"D0sqexQK5gY",27,215438,4090,356,1567,1
"hw4DjKLQR_c",24,215391,1055,124,254,1
"bYPfZ50OiWg",28,215377,13852,204,904,1
"YYEL9Ilu_jQ",22,215354,3940,2653,946,2
"qguc70jfWmo",24,215350,5796,68,522,2
"MDWWfASC5gU",20,215336,14853,224,1400,1
"cxcsKW3_gWA",17,215335,793,55,143,1
"iAxYEkEkCqo",24,215292,6936,191,1125,2
"R3kNMCAC2Qg",26,215257,6040,355,1022,1
"ITJ4RDKxyOA",17,215237,1305,59,259,1
"2c0s4Ix3ngc",24,215200,2090,384,1153,3
"tAuCFZwAgyQ",23,215194,16502,265,350,1
"BN5C-JXIpzU",24,215191,1609,859,512,1
"vSpeqLAUJik",25,215121,6881,104,1390,1
"S04AFNVDISI",20,215077,8455,68,924,1
"eA0Di543OQI",24,215016,7738,236,1107,1
"ypc9zdVQKRY",1,214987,4812,95,647,2
"MTHhRkLLYJ4",27,214946,8307,307,1107,1
"5_LLeC_drl4",25,214940,2181,273,1501,1
"SzNBCU5_SGY",24,214893,1349,207,313,1
"zHRnx5ARXK4",22,214861,6772,695,14,1
"sD76r4DOd_k",24,214851,2622,92,654,1
"19LcKVgJ9SA",24,214831,657,227,0,1
"boUhnE06eIs",24,214762,7747,159,1106,2
"9FGqLwn04W0",17,214708,2353,170,872,1
"hVT88ok3neE",10,214708,1105,273,451,1
"gy4c4WwgBJg",24,214611,4577,260,646,2
"qdV7f-K7dSc",25,214570,1463,160,1048,1
"1uyIen2QnxQ",22,214559,5361,277,1103,1
"i43tv0mNlaY",24,214525,0,0,351,1
"yxGczEE3NSw",26,214521,5884,74,533,2
"fIznnEeIoZ4",20,214450,17678,115,1433,2
"qhxy8YtXcis",20,214447,10958,96,2381,1
"YzTTNawxh6w",10,214377,4477,408,201,1
"YhINec4cH38",20,214373,14044,46,395,1
"gXI61LgUc-A",22,214344,10586,137,2560,2
"bS9zXmexXUQ",25,214286,6802,1726,3506,2
"S2l1j-zkTF8",10,214262,2963,265,1227,1
"6K_nTNvyTtE",24,214239,8490,134,555,1
"7d7nBrscxz8",1,214220,1915,41,216,1
"DbS2QGG-xGY",24,214197,1175,55,122,3
"hcz4kDg8r8U",2,214167,19914,124,3660,1
"mQsuny2VXnM",26,214165,5283,304,499,2
"jgKmeATLFho",17,214118,3135,294,1706,1
"trMLhPi3cL8",17,214097,2649,91,901,1
"5ysiCqy11tQ",24,214076,8835,123,1787,1
"bQ_yEEY-4Do",25,214064,3177,239,633,2
"NXwn1iUbbJU",24,213980,3940,188,801,1
"eDoleYNNK-E",20,213957,18326,305,1380,1
"QV3q8_0TWp8",27,213802,11511,411,1571,2
"nfNrPWhRNGs",17,213797,1716,544,1579,1
"hAFTwPPZ1i4",24,213771,2909,300,1071,1
"QsucrIz_RTg",15,213765,338,117,32,2
"pTqr6Q5xcmM",25,213752,20283,141,5145,1
"yb5aEiV1ecQ",1,213750,1026,216,716,2
"iTRmycnyb84",26,213744,16045,148,809,1
"-yGIGAaF8Oo",24,213714,4649,72,254,2
"oK7samrHJlI",25,213703,1107,109,776,1
"muX0Uk1MnVo",25,213662,3522,264,611,2
"jVlfNd3fxMY",24,213641,11019,191,1363,1
"PEV0CZIKScE",20,213617,4017,88,903,1
"4KtBBzHWmTI",10,213558,34755,142,3044,1
"oKdyhd8a5mw",17,213557,943,120,181,1
"XYMj29WOpGg",25,213530,5157,576,2242,1
"d40V39LhnVw",25,213528,3482,507,1956,3
"796s9NN_23g",22,213503,3493,200,856,1
"EaKpCl03HGM",24,213471,1457,396,136,1
"a-Rk8UmG1yM",24,213462,8165,867,1126,3
"eu-8GlYHBqE",24,213428,15038,120,1655,1
"FgjnSCHoJnc",24,213426,5218,337,1119,1
"zCs6zaq70SU",20,213414,3972,114,730,2
"au3Zt6De7M0",24,213401,10258,157,617,1
"QVqm5YdtWyQ",17,213376,1103,67,546,1
"X32lP33kyOs",24,213359,1564,81,350,2
"2c7UCvK0Ixc",22,213349,36140,120,1935,1
"pqiZyKy1HIk",22,213301,13124,241,2475,2
"c_y2dzEr9qE",24,213298,2596,132,685,1
"YUloR6bWv7s",25,213283,2693,232,433,1
"LkY42cH_EZw",26,213257,13390,164,853,2
"BB6ZCkvg39k",26,213217,7754,214,551,1
"wotOMLQHdlc",20,213209,6821,448,14,1
"t-M8AgSNdFA",17,213194,5229,118,1300,1
"8Il8yOLzZ8k",20,213167,9186,92,1058,2
"Gb7xq3th3wM",22,213134,13718,67,1183,2
"JWkqcq3eALM",25,213103,1914,209,750,2
"nqcnzY7sxcs",15,213066,6961,210,1073,2
"O6oRPxiNIDs",25,213062,30274,148,5986,1
"SWBnVQ-gAb8",20,213029,16378,307,1436,1
"rUR9T3Cphjg",23,213001,9801,500,712,1
"OKj4GAWzZZg",19,212992,6625,202,687,2
"FqCZhSIXcv4",24,212983,14760,142,2068,1
"MgCJMYgpnww",25,212904,1391,123,431,1
"GnKS9OCIQhQ",24,212882,15309,381,1026,1
"tDq_gvjSqng",25,212841,375,289,104,4
"DvPW66IFhMI",20,212838,5199,542,11,1
"HFIqYjVC1T0",10,212812,5885,146,574,1
"M1ScDvqLqOY",17,212724,1934,66,508,2
"3f32gDWzMx8",22,212708,27664,166,2172,1
"bHU8c-toYpE",1,212653,157,40,157,2
"_9h3hJosYKU",10,212611,754,326,922,1
"W4mfv5w7rlc",24,212579,1616,122,389,1
"gQF1lOxpT8g",10,212559,7135,205,303,1
"HAf51CgPpZg",2,212559,10028,100,904,1
"N77vun8gkXQ",17,212436,1578,283,1257,1
"UhKFV7ZjQL0",1,212429,1481,50,536,2
"J5wNnkhT9Ss",25,212385,1285,76,812,2
"RlryMNcMxkE",17,212318,1440,116,748,2
"l8B5dqjsZUs",1,212306,569,7329,2989,3
"JKFgn6tNU6w",1,212282,11945,388,1965,1
"Bp8SEFNSnPg",24,212282,8610,138,1124,2
"j6PsLLPdiKo",26,212254,5971,512,276,1
"Vyw3Nl8LbFg",27,212211,2739,518,3380,1
"KwsMBGm1zBc",24,212123,8652,196,1777,1
"KWGI1Rel664",24,212118,4338,190,2069,1
"WCoj-tyAtGA",24,212102,746,90,304,2
"AifrWigQIaE",25,212096,766,390,1944,2
"0n_DK8KykSA",22,212055,1241,134,222,2
"1f-94EP6Nk8",19,212040,10217,125,1000,1
"sQmRdNlWQ7g",22,212040,13683,58,1007,1
"n9NpF3ZnxEI",20,212027,15627,390,2386,1
"5LI5VMbJVOc",23,212024,1993,62,200,2
"XUMhZXVbekU",22,211958,12648,159,1395,2
"9HFvEYejWxU",20,211928,20678,976,2986,1
"vqLTgFDBFsE",24,211920,3973,139,1702,1
"IEpAHNRxxxc",25,211907,1064,123,0,1
"08l0K3UyUXE",25,211898,1778,196,469,2
"skhu76iBvtU",24,211868,5610,853,912,1
"2kCbFmjEi6A",10,211742,20951,110,2245,1
"Q_nw_jXB-DE",24,211651,4774,185,2093,1
"6CdKIUZypwE",24,211632,602,120,134,2
"ROfjDRxvAs4",22,211629,4840,189,1534,1
"YVSjzLEVOlk",24,211592,1673,213,462,1
"8jVg_FGttbw",10,211582,935,127,134,1
"5a2Sj5MfG18",24,211521,6958,596,2001,1
"kj_INeVXuXU",17,211515,805,35,383,1
"wK_liWAOfW8",24,211482,1868,241,332,2
"fPCbxdAuMGc",24,211445,24487,212,4023,2
"BNOC9r_dZv4",23,211418,2893,78,237,1
"bfVmVbcHAGk",20,211399,12298,178,697,1
"qLVZiKDNxtw",24,211360,1848,362,431,2
"03Zqve9OPwE",20,211318,11402,97,1908,1
"s8_a5TxpjIk",24,211305,871,236,32,1
"j7z49-HpoN0",22,211212,110,43,17,1
"158YSzEonU4",24,211177,1160,392,454,1
"ZQxcE1h14EI",26,211172,14270,273,657,1
"oEqvJIKXAvk",24,211161,14484,9701,5219,2
"G3MLsk9X95M",24,211097,608,58,335,1
"ejQynx0PDYY",24,211026,1707,54,845,2
"4FkEYUPr2gg",23,211001,14708,528,2256,1
"0hOKMjLbGLc",27,210984,7134,167,1009,2
"g1_IekwasXo",24,210865,4630,59,110,2
"T267Zyi6V3M",24,210847,3601,132,1483,1
"VHMh7DF_ng4",24,210833,818,248,53,1
"Zpd3NPyaj2Q",24,210822,799,117,112,2
"TyKCnuxGJ0c",25,210777,0,0,543,1
"ooR2JJkd_oI",24,210771,2052,1110,1597,1
"YgWKoVQFKHE",24,210746,7793,160,1091,2
"mE_JyGOq9ps",25,210729,2487,423,1873,2
"CXsE6SlLa58",27,210683,8335,125,802,2
"JefYnYIXY_8",27,210579,7170,155,774,2
"WrEipvb5kAk",26,210518,5273,242,732,1
"pXEGYQ3DNug",24,210478,905,176,85,1
"mXoMjDyAKhQ",17,210427,4006,178,1735,1
"LC14sCoZvj8",26,210402,36210,170,4895,1
"f7mpVQv304Q",26,210401,6387,464,907,1
"UXnc_HBjzPo",24,210384,5952,61,520,2
"us5V82WsJ4A",17,210273,1436,125,686,1
"QwNf7mWQmFM",24,210208,6855,98,604,2
"rpkvqRhaoc4",20,210154,3648,76,558,2
"_8sq0BQ3Sc4",24,210101,2865,166,317,2
"6qz2rbBp7j8",24,210093,3898,343,735,1
"nNwiVTtod0Q",24,210057,13854,152,3192,4
"xIsNoHF-cMA",1,210009,18100,926,5090,1
"peRtspc0qXg",2,209995,11989,209,1103,1
"4CoSQUexM9Y",27,209968,13722,182,1624,1
"rVfJdcUEBoY",24,209956,1993,99,314,1
"Bt3Mca6iYYE",25,209944,4763,1331,853,2
"NJe_7L85RoE",22,209937,1758,87,623,1
"z7LGR2Jr4mM",22,209878,375,68,319,4
"GKly-FI0bpg",24,209731,783,69,357,2
"J9Zs2IJTfU4",27,209679,14265,411,1370,1
"WWTFvAXQ0Bw",23,209665,2465,57,173,2
"DAr7YRSsxt0",10,209608,3559,139,1560,1
"SlbOahDInOU",17,209605,2692,111,1358,1
"lLZahArmMls",24,209587,6342,327,1853,2
"-S2EvZbCUFM",25,209567,1798,250,38,1
"OAgMPfd-Ylk",25,209539,4411,225,1247,4
"FfDKIxN13Go",1,209524,7655,91,1165,1
"6XKs8AFKXZo",28,209459,11706,500,936,1
"CQ9oov8KLwk",20,209434,8444,35,327,1
"4tWB0jeGZAU",2,209397,4619,309,2037,1
"HZoX-10-VMs",10,209391,18477,79,969,2
"8K61dNi2ucg",24,209383,3336,259,1095,1
"30txq3FT2jg",1,209338,5798,80,722,1
"HWLxkeDRD6U",1,209335,3345,314,325,2
"VsbeZTNStis",24,209280,2188,136,517,1
"JNuVL0l5Ofk",25,209271,23193,358,10385,1
"JNLlC8fkRKU",25,209233,391,46,92,1
"AZl12hJ5lXw",22,209220,9955,92,2439,2
"4aMEdh1e4eE",25,209217,3051,244,551,1
"umL_MFrtLjA",25,209204,2285,112,1536,1
"U0Az4NHlzfc",23,209123,6975,536,684,1
"cB3gNl-EUEk",25,209109,5486,350,1409,1
"K1myaxq_cc8",27,209044,9943,190,1010,2
"hbw2IQCRlDk",24,208914,1026,132,114,1
"4PD8dRaM8Uc",24,208914,1026,132,114,1
"qrV6xD-UOc4",22,208898,1739,241,1113,2
"OpIyhLl6cvs",24,208874,2814,31,159,1
"a3bOsPeQ-8E",22,208843,4930,259,712,2
"x0VuQjEXMF8",15,208782,6907,193,1975,2
"oehWsVdYPCg",25,208702,25206,244,6376,1
"9858h10lALY",22,208633,26784,163,2816,2
"_a25UAetW-o",17,208573,1627,66,778,1
"FjBmpxR3vgw",24,208554,646,147,174,1
"FH_b5PtQFyQ",22,208552,2235,172,671,1
"4g44S3mbMuI",25,208520,1376,173,1243,2
"NHoObQBb1-w",25,208500,586,618,1499,3
"Gi-GLqVcyHc",24,208492,9668,100,1654,2
"lXk5LSOGC_8",24,208463,2582,160,621,2
"IyM3vPISQx0",25,208450,1235,183,67,2
"oOEVwDLiNvY",24,208383,1519,45,86,1
"U7OtNJK18wU",24,208362,1225,92,289,2
"Kl1-AVL4zQM",20,208354,12633,1588,43,1
"yNRfwMNTAEg",22,208279,8081,86,821,3
"QWz3W28YKqU",23,208263,12975,945,1863,2
"Bih9X2wp7wg",25,208263,152,52,352,4
"QRauyA_CK94",1,208149,4896,99,868,2
"2rq-jb8nJdo",24,208096,2188,134,756,1
"ni3wdDBNvfk",25,208054,4667,157,1066,2
"-DFyu4vyaY8",24,208027,1942,151,515,1
"KsPpF2ptusc",24,207951,6314,166,709,4
"VM0UcvVBHN4",25,207944,604,401,863,4
"HYPkP8eCU6c",24,207937,1570,119,913,2
"6lZGmqCPfJ8",24,207896,2598,241,649,1
"TrrxsoBawU4",25,207893,4311,405,2915,1
"MW0W4ewiGaQ",26,207883,7555,59,608,2
"2Ujzs2JJB5w",25,207820,1751,406,1377,2
"n5z2_fggZlI",23,207814,2451,53,115,3
"Hdh_mHSporo",15,207806,13888,71,831,1
"HCaKOl4dOrE",24,207804,1930,133,369,1
"K4N7F73XrEc",22,207746,8344,137,322,1
"IFW3cGDJCjA",28,207656,19837,186,1512,1
"kzhHu06Ergs",20,207649,8330,261,8669,1
"m4YT7_b90lE",24,207637,2922,42,206,1
"ALjaLAYhAdw",24,207613,1092,122,126,1
"pRTpsCsLdno",22,207605,11561,96,642,2
"TaTleo4cOs8",15,207532,7473,246,2120,1
"PtPKCIGBRNg",19,207500,7062,186,610,1
"IvUDNSfSQdU",27,207479,10430,52,894,1
"ozMaRakuDWI",24,207452,379,150,201,1
"zdWepsm3gTY",10,207437,1413,49,7,1
"HfCqloq_jjw",23,207430,13372,158,683,2
"Amv8khnq7oA",24,207406,1888,187,551,1
"saIJ3DPycXo",1,207394,1149,61,343,2
"jn-aV1pCzN0",20,207359,11836,113,1805,1
"1TNgF7RDK-c",22,207350,3783,220,367,1
"OUuCrksXbmM",20,207321,10824,88,1431,1
"u0QycegAP7o",26,207247,15412,168,1143,3
"qGqCOqhjSIw",24,207200,2897,52,274,3
"I4sWuqntZ9M",25,207176,2181,287,1999,1
"MjO9I8jRpRw",24,207169,2941,237,352,1
"Nq1Hjk_n_dQ",25,207155,2733,187,538,2
"HwQsI94Z70o",24,207145,5711,128,1180,1
"6BtuCa2PgEg",24,207117,2869,152,530,1
"6ePMGIsp_Ew",25,207093,8111,21,1765,1
"1lD9Y8HR1cs",24,207061,868,209,38,1
"9KYRJHPabWU",22,207027,1491,237,592,1
"HBsW0twk2Pw",24,207027,8667,586,563,1
"lVlMZmwjMTA",25,207010,1005,136,343,2
"qxo9OzKb-iw",24,206977,625,196,51,2
"SXhqT8_9DdM",24,206904,8542,706,1726,1
"_HdXCnCWVnw",22,206893,12588,72,2567,3
"at1KGBXKSyI",25,206831,2047,556,2496,1
"Aer1Z3pyEC0",2,206823,13814,127,1699,1
"Uo89SfQ_22w",20,206820,8966,803,2825,1
"5MJpurZ9ShI",27,206816,6118,178,840,2
"QkVHkDVAONE",26,206751,6480,229,876,1
"sTAR5Dwan2c",24,206700,6261,108,1720,2
"Mocgtf8NrWo",22,206698,4683,122,381,2
"LaiJtQ3TJIA",17,206679,463,102,102,1
"n6lwWEghuR0",25,206651,4584,296,1078,1
"9hHafScm-Oc",22,206647,12772,309,577,2
"VRI44F7HjA8",23,206627,2761,406,352,1
"5F0UeG-Lsxo",17,206594,1387,180,668,1
"dIe7ev4iSFU",24,206579,703,206,45,2
"DulNakuRwzg",24,206566,881,124,131,1
"B7meAh0Rm1M",24,206474,3242,133,994,2
"azOXlJggJwY",24,206459,1866,69,198,1
"twYufDBowrQ",25,206455,954,515,1710,2
"Ck4cNlhb4go",20,206406,9629,777,23,1
"1oKxLqaB9zE",10,206402,2080,142,287,1
"MsmjxbhrdVg",10,206377,2231,215,1517,1
"YfIpOLtflWM",17,206367,7225,33,585,1
"gYaXlyROsuo",1,206349,2230,166,1074,1
"fB0ZhNYSqBs",23,206343,7763,153,1137,1
"Mybvh1K3YVs",27,206221,7325,144,951,1
"2KDai2DuRd0",19,206206,11255,270,1302,1
"0w6rnlRpwvI",1,206097,1654,262,456,1
"0WjNXuqmbJ4",24,206014,2584,382,728,2
"0YVbVXOjJv4",2,206006,1530,69,212,1
"nx0RGHtP15U",2,206006,1530,69,212,1
"A2qw5T1K_Z8",22,205996,11591,232,980,1
"WznyJVUkMUM",25,205979,2713,231,1837,1
"nT0Qmx00s8E",25,205920,3113,242,2094,1
"6xe64i_4GhM",25,205883,916,1038,1440,2
"pMSiunfo5IE",23,205878,3665,50,236,1
"I4Ei7XvkMRE",25,205861,1703,616,1917,1
"GmW3YPMQ1nE",28,205855,44,224,14,3
"iPPI35qtaxI",22,205844,317,110,106,1
"JAyT10WP-cY",24,205843,4843,64,1002,2
"vrt9yAxDLBM",25,205812,456,144,66,1
"OVRjkAjE8j0",24,205749,4277,305,440,2
"leOoTaEuIbc",26,205729,7265,189,816,1
"AxJ1YGnc1nY",22,205678,6714,342,1227,2
"L_N3nPrPGXE",1,205644,1366,142,256,1
"LlKsygUkbgU",20,205638,6963,219,244,1
"h4fR-bgU5Cw",17,205621,825,41,489,1
"XDU9HSsZP20",22,205605,3276,119,376,1
"zUahY3cUb7w",25,205577,1564,244,1149,1
"_TixdNYZuFI",24,205564,5226,341,837,2
"Q2iM8-O_Jh4",25,205563,5822,268,1749,2
"zpYQVGbar8Y",26,205526,11425,199,752,2
"kGCTIm8k5Mc",24,205477,302,90,329,3
"K9MZPp1h690",27,205444,3005,248,1548,2
"KRdyeZRHzuU",25,205400,558,144,489,1
"9TAaCzNmzRY",24,205360,1679,309,509,1
"mnx27SXcWDs",1,205328,2177,165,1020,2
"02Qhh5Hj8_I",10,205258,7309,64,734,2
"1OLDPI6xpUM",28,205233,7387,256,668,1
"gNPUpnCcoWw",19,205078,10748,149,1407,2
"pvudzQs67w4",17,205007,2136,81,975,1
"cp8TaPVK1Ew",24,205004,13562,105,3877,1
"Hw7BWXPa5xM",24,204928,5170,89,1134,2
"1-1F2QGyZgk",24,204920,1763,138,514,2
"GX9yfkf1wkY",24,204882,5034,782,1328,1
"3U9NGsmWefE",22,204877,13746,91,469,1
"JDjjyKtLP88",24,204859,1603,113,657,1
"bU3AG_cIa24",22,204852,843,175,293,1
"thzDl4tfB28",25,204841,548,148,894,1
"SuarlX9EuwM",20,204780,10891,150,791,2
"JWISNlu63QU",22,204751,19370,135,761,2
"Sh7DaaH297Y",20,204738,9153,75,1866,2
"U-zEuTIRbn0",24,204728,1799,464,54,3
"Ww-2Hl5g03I",24,204708,11279,40,797,1
"ZO8OcuXJvms",23,204708,3293,223,438,1
"dYk_dzMIsYw",24,204690,4053,256,1748,1
"sK2e9Qn2n5s",15,204686,21895,77,2011,1
"tsmdZlENbJc",24,204686,858,222,30,1
"bDkYYmWd2yc",24,204627,7523,146,1618,2
"4at3bqjqvsU",27,204622,8234,95,664,2
"qPg5GTUdxjs",24,204556,3620,279,968,1
"aZ6vNIGIGsU",17,204531,2529,91,1021,1
"W0sv1WE7W74",24,204530,3285,32,200,1
"1nJbvsxqGPU",24,204509,8183,70,1093,1
"XyABTf6NQ74",17,204494,8127,618,1324,1
"pX8nN7e6E0w",17,204488,1690,109,861,1
"nJw7f8LoC7g",26,204465,15434,212,1297,1
"VWHGo7g2ZU8",20,204355,12103,96,1257,2
"BtqVC7KrEkA",24,204316,17872,620,1617,1
"8VWvrcoxUnA",24,204307,6417,92,1339,2
"zJs2WdY9Sf0",24,204297,1234,191,312,2
"U73MhISX8aU",2,204207,6736,272,2821,1
"5mar5AHglGI",24,203984,20083,103,1135,2
"zs0eGCBcBTM",23,203975,9046,134,1361,1
"HQBAN3KtDXg",24,203967,4219,232,1025,1
"I8TyluI7ezY",22,203838,14130,64,2007,2
"hibFNdLYBms",24,203838,8176,173,812,2
"cCah82OutgQ",23,203828,3530,49,266,1
"wfRd0VcBbtc",2,203806,10122,214,1158,1
"4q9cvuXi7Ug",10,203802,11247,2721,2158,1
"gbQ203B25wQ",22,203778,944,106,245,1
"UEAbfBCPtEE",17,203721,9343,123,887,1
"II553BMJ3sI",25,203674,1239,944,2863,1
"5iu2BMemX-k",24,203658,9959,347,1459,1
"moOJgTl3DLs",1,203652,3146,205,1065,2
"8NO_6R81CAw",24,203652,3433,290,846,1
"3YWgrIcp4qQ",25,203610,23626,102,8484,1
"ftxpcFMcwY4",23,203565,1703,54,136,1
"NoUcOismOww",24,203524,1505,45,247,1
"Jh-d4kULKz4",22,203519,2923,127,954,1
"8iEcQPRRh80",10,203494,7330,635,289,2
"qfL2_cKBpNk",10,203489,13628,127,919,1
"XAVeyXwy3BE",24,203471,18989,467,2601,2
"mjXk6kC_zmg",24,203464,4213,376,327,1
"NMJpREnqgYk",24,203426,1244,136,1442,3
"hp30A4anGB8",10,203374,493,119,25,1
"FovZ7AefAmo",10,203365,1704,52,176,5
"SPcn4iABOq4",24,203345,573,133,804,1
"dxCTklQc-P0",22,203338,1976,814,1969,1
"K6EZV-_Up34",24,203332,3391,139,1034,1
"pb-MjCKznkA",17,203247,3730,103,1564,1
"olKNs19GIQI",22,203235,2455,271,1086,1
"h2Lq8FavgVw",24,203234,3827,75,596,1
"ZuRIQu0oOAA",28,203230,15021,72,1031,1
"ftTM9o-f6dM",24,203222,2009,141,1049,2
"m4KK_UqzFAo",24,203190,4038,472,1356,3
"Zu31qMYMSVw",10,203171,8286,269,895,1
"5LE73fMa7XI",23,203079,13049,273,849,1
"s46-P2saFBU",24,203072,45,33,2,1
"QHQ0qJwOWMg",24,203021,1944,59,214,1
"P55yM3JjC0c",1,202967,2544,46,189,3
"irs3FVSzemA",26,202848,18560,110,1425,2
"HeNLNc_29zY",24,202821,4161,95,404,2
"r1_8cPwMtNs",24,202817,6782,67,195,2
"_aMqMN3tE-8",22,202784,19062,3150,1630,2
"z_GAzamEEFw",17,202736,4682,211,699,1
"JX81_0y-tTk",24,202716,4604,44,201,3
"dGv-_8tk8g4",24,202688,4733,68,978,2
"wcohH5ILAUc",24,202663,1642,187,305,1
"AM9RAGTsXhY",20,202658,17045,135,2137,1
"ow8MBsdopTA",24,202650,1394,183,251,1
"Y3QevFGy7u4",24,202648,1458,43,106,1
"_R6vzlD67wk",25,202635,2736,221,321,2
"HED-xHoZ3W0",23,202426,3297,80,231,1
"uKcmhqAuxQw",24,202400,6270,139,316,2
"CJHDi7Nk2yg",24,202389,5454,70,2573,1
"_HE4dvug1YU",10,202373,4483,2225,185,5
"3OgH64BbFqY",25,202333,4585,225,827,1
"Td0w8lojb_g",24,202291,4405,373,766,1
"Cf5Dxe93vpc",25,202272,2478,232,1581,1
"08P1En_h2tg",24,202252,774,89,176,2
"J8hxV4V5fGI",25,202238,415,142,304,1
"fjF6Z-nwRvE",25,202238,876,91,58,1
"bD1ESpMTzPQ",24,202195,755,192,29,2
"65kT5uElK6c",23,202193,12327,272,2300,1
"RFcVESIDUW4",25,202111,0,0,236,1
"BG3lgqAL5BQ",28,202029,8187,176,745,1
"BGVSu8sxlOI",22,201940,6746,216,1049,1
"mBla7x1KhWo",17,201894,439,96,1268,2
"xJpHWDSq9Mg",25,201860,9768,235,3842,1
"7E1np354AEc",24,201847,1568,407,537,1
"NgCL68Bp5QU",20,201803,4010,333,890,1
"wXKPFjQCohA",25,201793,36771,388,2468,1
"bczH7OPRpsM",25,201788,16304,327,6458,1
"ioimgA1HFj4",25,201725,0,0,2094,1
"POMryx04Ciw",23,201661,12906,494,1562,2
"kCLTrXYpqfg",24,201608,8436,184,2028,2
"isvUsiAey_o",25,201572,4302,260,1006,1
"Jk2BOxx1Vtw",27,201532,12932,43,601,2
"32cwZWcCbZE",17,201486,2640,164,2582,1
"c2UgUEdyMKg",24,201457,1580,823,563,1
"sZdnbAIn2cI",27,201452,7262,237,2697,1
"rC1UH49QMYA",22,201429,5324,108,303,3
"0MdI8R0e8V4",24,201333,648,193,36,2
"2vk084myCAg",24,201315,1452,36,133,2
"s9oVqD2QKq4",19,201271,5521,197,785,2
"oyLWPWydvyo",1,201270,2994,57,84,1
"g0_EfWp1ocY",24,201146,2162,361,1714,2
"1bRJDOzTv48",24,201137,3622,224,967,1
"_gmPcYFnpSE",24,201045,2326,217,724,1
"9DSYkVmRb_8",15,201024,14190,77,876,1
"_suPAag6_i8",24,201021,5385,365,1021,1
"uedGpPH5E-0",17,200981,2744,83,1001,1
"wh3kU4C_HCA",23,200959,25634,278,2630,1
"qb-jtKrNMZ4",22,200929,1076,133,168,2
"W6aOCchbQCc",10,200866,407,166,4,1
"3BuE3j9ODIU",22,200836,9600,83,626,1
"pTvwoS07nJY",23,200808,14214,124,623,2
"EXEaMjFeiEk",20,200764,5620,537,45,1
"q1Hl9bRzwEs",25,200719,6554,1806,1673,1
"2k2yDzuA04o",27,200711,8542,176,998,2
"cZBAGbQl1Hc",24,200700,1511,139,119,1
"149BG4J8Vu0",17,200678,10588,220,931,1
"fMlCOSRdaeg",24,200677,690,112,1166,2
"Mvm8RTdJgq0",27,200668,10322,170,709,1
"BX0RnDYonz0",24,200613,6569,23,167,2
"rhQ3WiOjSts",23,200594,2042,57,102,2
"s1zxuEwWEz4",25,200587,19658,196,1995,1
"JN5ZVGwEgrI",24,200573,12224,216,429,1
"56khVC3LL7g",23,200559,1942,122,181,1
"tcgNXuicVNw",24,200542,4366,164,865,1
"PHdqLE6wC0M",25,200490,24429,188,3376,1
"3d1yi94iYKk",25,200484,2821,210,602,3
"9OZgJCQq3s4",25,200481,3496,273,779,1
"sRyJZJDjm3M",24,200459,785,176,55,2
"qs8xStp6RhM",24,200436,1719,148,696,1
"74bAjGQpMkI",24,200363,844,198,106,1
"YcTz_mnRRzA",25,200343,2082,113,1026,1
"cFPskzbmYJE",23,200311,1866,65,134,1
"DAdULiDWTR0",1,200307,9758,61,1607,1
"enKNZIjvWEI",2,200289,9533,96,1049,1
"FonBwwDBxN4",10,200269,30491,424,3599,1
"92Xk9aJWh7A",22,200206,11426,99,829,1
"POKHs_se3QM",25,200114,1107,138,306,2
"usZXhtoe0Ds",24,199972,3192,155,311,1
"ISQtw6irSHA",24,199971,21607,620,35316,1
"4eu4HIiuIWU",10,199950,14404,610,1873,1
"IUhe6h6vnE4",24,199906,11607,172,1833,2
"uGZGnwtJNc4",1,199856,3680,150,2198,1
"nboDY-hBRP8",25,199850,2014,224,1576,1
"Wc91GtbjM-Y",25,199797,1975,217,3217,1
"qcXis0cX3QE",22,199718,11788,1147,3320,2
"aVNGRLsIR2Q",28,199717,1242,215,251,1
"vlMFNhPUfPI",17,199705,1060,138,363,1
"90scbFqDXVI",19,199625,6076,208,993,1
"joiZ3SZdC2w",10,199610,1128,293,1245,3
"1dp-q0Zevxc",24,199589,2129,233,181,2
"cB9_r4HSIK8",10,199520,2171,100,35,4
"L32r6_FMYVc",23,199515,10301,74,159,1
"01mMQiP0kG8",26,199471,18043,65,2508,1
"OuM6TiHRGpg",25,199468,2711,210,442,2
"LjIVhTA4ask",25,199463,2171,221,2203,1
"9-56V4m6HRQ",23,199402,13423,377,723,2
"AqbLTjPyGMc",24,199364,1218,18,181,1
"Q5UBgqDZewY",24,199356,8130,128,1480,2
"de5PaIkO1G8",23,199317,13194,137,549,1
"F9XU2Gw2yME",24,199270,1619,189,447,1
"U3d--e3nDeg",17,199239,411,27,281,1
"61NZrJevZwI",27,199239,10422,59,910,1
"8F446Ux-NH4",25,199238,850,228,577,1
"NDfQkEURQgY",25,199221,4099,171,869,1
"TD9O3vPUqBg",24,199216,3145,21,117,2
"TCXjLPtPMec",24,199171,3809,173,617,2
"2J77dNFQi_E",1,199087,2058,151,875,2
"9wOWheJ_i5o",20,199066,16418,90,1912,1
"kuGF_n-9W1g",22,199066,7988,414,1203,2
"Lh19QWLOtBk",17,198975,18537,267,2154,1
"BlVJWZMhg7E",24,198917,5795,141,413,2
"C88j8vCvIqQ",24,198917,6000,259,0,1
"jMVwRZGH58I",1,198904,4319,142,791,1
"G5pyIPV0ERA",25,198900,2812,298,581,3
"_nXY9NZfSMs",24,198897,3249,277,1447,1
"Gy6SDZjErEM",24,198860,9540,52,464,1
"OAf7PClVfAk",23,198826,2563,89,357,2
"xegLxMmC7Rs",17,198777,1784,163,523,2
"qce8sPalYJA",25,198767,1740,115,715,1
"lC-oCA_v9Iw",24,198721,5618,51,831,2
"5e76N2EF8qQ",1,198718,2028,154,916,2
"NPLnNHwcr6A",24,198642,483,65,330,1
"ByfEOQKjV2E",25,198636,3232,293,1926,1
"n6bT_bOtYVQ",25,198620,12542,257,4527,1
"qIXRHXqLPOI",24,198605,705,123,66,1
"a3EIDwdfdQc",22,198568,12178,80,1824,1
"iChviQ-LeO8",1,198545,6961,74,673,1
"RqTPvkyWd2U",26,198347,13890,149,1568,1
"vw1tgc2cJuY",25,198319,200,191,277,1
"PfmlL1BFtJg",17,198297,755,66,77,1
"0XF0KapYqtQ",24,198292,2076,58,255,1
"izg_ccRFZzw",24,198281,2165,44,116,1
"0m4RQ_wOXCk",25,198215,33,554,20,2
"rHZL7mN9UA4",26,198195,8801,218,1194,2
"uiXCtHIJfWk",24,198164,4582,77,677,1
"2NvQTQa6BCE",15,198152,5999,177,897,3
"1NM5Tb_KOYc",24,198130,5265,77,311,1
"ecS_hymuWKw",24,198122,1860,121,631,1
"gOSHgzJ5jPU",17,198078,1738,135,762,1
"RI0nXOj5MME",1,198065,2451,31,119,1
"jVpp2BUtMoY",22,198004,15812,275,1982,2
"iR-dh3gYYPY",24,198004,16834,37,880,1
"84RRV3iqWSk",24,197978,10802,165,1201,3
"21gbLE2USJ0",24,197934,5503,774,3449,1
"hxCpOcskJ1o",25,197929,1084,253,1450,2
"MSEbKgpiY14",24,197889,3080,198,294,1
"LBDHE19PaDo",24,197734,2626,21,75,2
"mXkSTJLPm_c",24,197630,1564,39,92,1
"p7CZxCfdC0A",22,197627,10133,187,1977,1
"9GK0uwRHFCU",25,197595,1815,212,1760,1
"FJOEPhAQqU4",24,197588,3105,269,882,1
"KqMCIu0ay_M",20,197574,8470,96,708,2
"RWJOWESeuHo",20,197535,5158,253,818,2
"jo86XykoJ1w",24,197517,1312,33,84,1
"2EZbWMszzGc",23,197452,3637,261,456,1
"BsTcF-8IL-Q",25,197427,3033,532,2499,1
"767jhSGsQwE",22,197426,1400,77,836,1
"Jb_q1BBC8KA",24,197380,2642,175,1622,1
"96twF9I2Uwc",22,197318,1346,78,737,2
"pfDZdAzX2kQ",24,197316,1025,186,187,1
"cVccyJeB3kI",25,197306,363,473,132,1
"bF-Kcx1kI1g",24,197247,5356,88,737,1
"7ahN0t45Za4",26,197244,12217,235,1369,1
"A0XvRL-sLVg",22,197183,1077,90,405,1
"KOkZwj-uMtE",27,197179,5659,168,313,1
"XKTXL9mU2vI",24,197064,11307,346,1262,1
"epHRVoTFuVM",27,197057,9024,135,1425,2
"kGRogdyUzSk",25,197033,1667,4832,1377,2
"hfmYlHD1Dm4",10,197016,2172,148,168,1
"4Jhln2jz5hU",24,197002,5936,199,1429,1
"MXcngbOxn1Y",25,196998,2699,233,718,2
"kkKpdy8cUyQ",25,196957,3472,305,1572,1
"CrW1L-obihw",22,196938,2529,255,825,1
"subMUpOO8L8",24,196937,11310,107,1945,1
"85Htrxu6kks",24,196911,666,102,69,1
"BNte45f3-ec",25,196883,3260,262,724,1
"Rjv1NlMiUyI",22,196881,14120,84,1701,3
"8Qjx1m5TsNg",24,196827,5951,123,1197,1
"c_4Vy71g-j4",28,196806,1614,147,472,1
"w6ffL3PJ2Og",24,196775,5888,77,683,1
"PLZ62xqyNDk",24,196774,1080,136,401,2
"d0juphXR2pA",22,196732,9549,450,1792,1
"SsEGUe2sMZs",24,196729,20502,107,2197,1
"2J0Td0-bjK8",25,196689,5990,1125,6041,1
"YyUfGEthdZI",23,196624,1623,51,104,1
"qFzfY74lB1M",15,196615,7641,79,379,1
"0pChe2LI2Ec",24,196607,4143,66,1357,2
"VGrvXPjJo-s",23,196594,30742,102,1942,2
"K6BXPFZjK2s",25,196569,8078,443,2279,3
"vkHGedqmIPc",22,196552,12249,209,911,2
"mKYxly3rHP8",24,196548,6192,36,299,1
"u8a6JPsnetE",24,196518,5925,190,1172,3
"S-qLTIFTQYg",24,196476,5281,139,1118,2
"M0FoR4Dzuuk",24,196460,4897,404,1299,1
"BO9opiX7_5M",24,196458,13625,170,1036,2
"tdDqxw4hfOw",20,196452,9193,91,2264,1
"rfGiGlNLkyY",22,196440,2059,957,817,1
"O0P33f83Tac",25,196411,7135,578,537,2
"vFObuGNsL_4",25,196382,2582,210,413,2
"a6D9ksDanh0",26,196368,10868,184,1169,1
"giOGqua-34U",24,196347,8172,65,1214,1
"fFuQfcAbCIA",10,196246,1706,96,131,1
"v9R23xK0NtQ",24,196243,4656,118,503,2
"j8nb5LghLMY",24,196229,4299,551,3543,1
"kAFcVWQl-jY",23,196189,6732,238,761,3
"zFuOksI6AVg",24,196182,9739,176,1187,1
"HjTkODfC6uk",24,196166,780,110,661,2
"zwLEx3Yvvs8",24,196164,5339,239,604,1
"9Qtx1monBbc",2,196158,8291,528,1480,1
"1FvlGRpaBYY",25,196127,2149,235,524,3
"eB3WduZ80D8",24,196114,3962,64,913,1
"XlWO3878K5g",19,196114,7519,124,781,2
"ROtxF9ypMkA",24,196100,1332,126,243,1
"6zz0YUY0-QI",23,196096,16111,74,1616,2
"qcA0nMzFM8o",25,196093,5286,934,5628,1
"F0kKhl0stLI",22,196042,1551,159,368,1
"KstnLGOEl00",1,196029,1593,130,348,1
"meAoeOMDJVU",25,196012,6462,568,5969,1
"E08TI9UTugE",22,195977,1160,72,761,1
"2ueGsoPVhXQ",10,195959,6239,67,517,1
"FtyLvKNNhbM",22,195933,1151,271,1364,2
"hLV5rSZMAJc",24,195885,1181,107,233,1
"xfRo5dmSH5M",24,195861,1275,86,293,3
"_kqJH-OJSsw",24,195796,2551,183,524,2
"QGh6lCop3aA",24,195720,2112,86,395,1
"YTiYQwk7Bw0",15,195715,7670,231,2470,2
"HRBsxsEb_Gg",2,195600,9172,236,1038,1
"8Wop8U6ok5c",20,195589,9473,144,436,1
"ndIiPOfRJ_I",24,195520,7954,138,674,1
"0JdXDaUel7U",24,195517,1563,187,222,1
"zq7Plry_z4w",17,195504,919,181,1090,1
"PrWg58-1IXE",24,195487,237,74,334,3
"3q2lz5fWchA",22,195443,10979,64,756,3
"4iDksubJc3I",17,195414,1686,33,116,1
"PHAOQ3OsB8o",25,195362,1571,301,1930,3
"ayb1wJ9_Xmw",10,195355,5160,189,549,2
"vWkKZLtfH20",10,195305,2111,115,72,2
"S9TdkoI7-mA",24,195269,33774,52,4351,1
"-1Sot9o6LF4",24,195231,8960,122,629,2
"35FeoTSt7tM",20,195217,22169,1481,501,1
"Qu1uawjnido",25,195102,0,0,0,1
"LnLH7CLe6NE",25,195089,535,154,1321,1
"Kfvw_Y5MTlk",24,195057,10354,83,808,2
"p8vbUmeIv1Y",24,194967,2281,131,537,1
"Oa0tSw2iV5o",24,194955,16772,455,2130,1
"nB0fWE4m05k",24,194948,2015,354,624,1
"xTn18cmk1no",20,194936,9754,112,1655,2
"Qg3SR22g9ME",24,194914,11387,124,1771,1
"eQUhsMxWyXE",22,194887,12824,109,409,2
"6T7xxFA91FU",24,194867,2247,97,297,1
"Xn3p_mHWoMo",22,194837,2283,253,702,1
"qLuKy7Rgd80",24,194823,641,140,275,1
"bSuX69F2rJg",25,194751,934,381,2852,2
"MAXbXlNEYqw",28,194717,189,178,241,3
"DBuC7RiUXhs",20,194715,9821,86,679,2
"xnsUfWjQuoI",24,194624,7206,146,1036,1
"ficvtCkEP3w",26,194595,5046,78,330,1
"-VTVSB1FO30",24,194543,1764,162,271,2
"VZ2LpxJiFqw",23,194464,29282,260,1626,1
"WMkUunmqDCs",22,194425,696,64,448,2
"HLE3do-yNMQ",20,194408,6889,212,2017,2
"uCA-Ll2CJFQ",10,194362,21551,1515,3084,1
"-OIHmKSBAPM",25,194292,0,0,2366,1
"vhgjUaZ9o9Y",22,194280,15778,393,1758,2
"3TOHff0nvFM",17,194256,1537,61,669,1
"5DsBQiYNwuk",17,194231,19620,231,1031,1
"UJkM2RqQmTI",24,194221,14631,106,1905,1
"WmJDpZyVpzs",24,194219,6413,57,1074,2
"T7Q5I3wxZsM",24,194203,3945,480,1109,1
"lMaVV_d1xQY",25,194184,1503,275,673,2
"IbBSbdcTV7Y",15,194181,7005,234,1166,1
"FnaVcsLz3Qo",24,194151,9853,331,1905,1
"YQJ3OzoyTnE",24,194115,8862,73,1369,2
"zGADo4CFHrA",24,194030,2680,58,110,1
"KuIKGaaDh0Q",20,194025,24639,92,5607,2
"xukWkOv4a-w",25,194023,1889,138,907,1
"SRFBTqAjdDQ",24,193990,371,107,199,2
"XOTFkTBEgIU",22,193968,1489,141,367,1
"8wI9UHucyXA",22,193956,4852,95,450,3
"LinGzD6umvc",25,193930,2459,706,2911,1
"i9znQm4Kz2M",22,193924,822,220,538,2
"cAfKaTMj2EA",1,193922,149,47,233,2
"aVOh7jFjFpQ",10,193911,11795,83,785,2
"G73xkbrwyGg",23,193903,3589,129,536,2
"mv3q-gV0hX8",22,193877,248,103,70,1
"B5li67t-Q-4",25,193818,5025,275,2214,1
"RdJpxjewJvc",24,193794,6602,136,1340,1
"0ihHZuEN7Yg",24,193720,5135,237,824,2
"EAxcttU_faA",24,193691,1475,133,346,1
"6BGbFCBrmR8",27,193655,19141,71,1312,2
"gqzF09EPi48",23,193599,15797,126,1387,1
"ESeHrQ_c4Ig",2,193564,9577,83,1339,1
"q5YWNMLQ9Tw",23,193559,2539,230,564,1
"6x26GhLkO5s",26,193550,17114,130,2945,1
"jtTqhoCo7_w",10,193504,271,28,13,1
"U6gF3ZwOfBI",20,193432,7752,72,645,1
"7KmrvsOsw7Q",22,193424,4478,271,856,1
"AFBJWB2e2yY",22,193398,3965,81,338,1
"Ph-agWjXFgE",24,193315,1607,162,566,1
"tBF50tjNUHo",23,193295,1843,59,162,2
"JiOXpKU7tWc",22,193264,11835,235,962,2
"zqy5jFJ9xAM",25,193246,2607,215,1693,1
"XfwDO-7fI5U",22,193223,298,166,64,1
"hwrppUhC_cY",24,193089,2474,207,615,1
"I4LSLvFb9B0",24,193040,9661,214,3629,1
"5gKeJp3MyGw",25,193007,4844,201,0,1
"TzYHMBiQnOg",23,192988,8432,428,1233,1
"YqWAacAz0Xo",17,192988,2195,1411,3218,1
"fta-oFsi74U",25,192959,2959,290,1049,2
"-a12nTEcoqE",24,192909,2343,484,717,1
"dtV5ZmG6WoE",22,192907,6465,139,192,1
"asmT6YjMn8I",24,192875,12443,104,2171,1
"V7NcESTI8mU",24,192718,1760,88,252,1
"S3bczp0NAs8",24,192629,12188,90,965,2
"tDy7hFbtGqU",22,192600,9783,244,621,1
"m03pB1x7stA",17,192593,504,85,91,1
"MBTvc_A0cTI",26,192560,6668,372,941,1
"oGeIaeZeG6Q",20,192550,16263,169,1870,1
"3GgTA8e2LXU",17,192439,823,114,415,1
"37lXjnflt9M",10,192401,22349,315,1670,1
"qdAe9E-a_AI",20,192296,15421,151,1332,1
"7xr5CLTG6HA",26,192272,11868,63,1936,1
"ki5TmjGuEoc",22,192230,2869,52,593,1
"kAFhKcMBQf4",26,192196,8322,163,1198,1
"wo62d81YWmE",25,192161,1480,84,361,1
"Yg83DR3qIPM",1,192159,7052,445,635,2
"RelgvgfvSgY",22,192120,25070,164,886,1
"5SYXLQGBbWM",20,192113,11221,152,510,1
"J3r0NvVy_Z0",25,192010,2139,182,630,2
"Tmv5f02jA5U",24,191974,19681,79,3414,1
"OS9iBF1xoVc",17,191918,1517,310,2251,1
"7e9lLidNnrQ",24,191875,8201,223,1045,3
"dLYUc5t6wag",27,191868,10460,866,3155,1
"kRupYgqwtf8",17,191815,1308,85,924,1
"8gHURYmTzFs",26,191789,13887,134,1213,1
"jL0vTjnY734",24,191783,2298,41,159,1
"c88UuXGd1FY",22,191773,8383,257,1277,2
"Rp3ec1IY_cg",17,191754,1595,63,575,1
"bOL_J2agwx8",17,191720,2003,63,705,1
"fvEwHI4iRjs",24,191671,661,202,49,2
"INDwMeJ662U",23,191655,2891,72,185,1
"zd5Aamyi0UU",25,191627,0,0,1162,1
"R0rx28wgA4E",24,191557,4070,61,1052,2
"RF4_SMpb83o",23,191481,10223,751,1239,1
"SmlhE0vTRds",24,191443,2288,31,88,1
"RpjeacJii_w",15,191408,9818,41,439,1
"vr4yT8i69Dg",25,191407,3373,250,1718,1
"uEu5--lyNCE",20,191353,3307,85,534,1
"pTfZaj25hb8",25,191349,209,325,0,1
"4h59eDbeFXQ",24,191320,7072,1514,897,1
"zfTco6POP3o",24,191311,4657,371,756,1
"kg1QxSffWHc",24,191270,4126,283,636,1
"UdD0_DB-RhU",24,191214,1431,202,132,1
"anLftsRRgw4",24,191209,1810,783,732,1
"470ZcqzE-DY",26,191209,5479,210,483,1
"WTw41lBAFYY",24,191160,9060,200,1138,1
"Kig7GYe5AQ4",24,191156,25756,350,2357,2
"NqU9uJXxT8o",24,191017,471,78,21,1
"PNP3h2hmni4",26,191015,6419,92,364,2
"tR3xMnEptBs",23,190959,4203,37,273,1
"hL6yWko4vS0",24,190871,1655,198,233,2
"2XhiH7QlJPg",22,190798,1806,174,555,1
"11ZcjpDJNvA",2,190781,13005,299,2622,1
"rGCqQedol9c",25,190737,720,177,698,1
"dUltPi3EXzo",20,190728,3393,111,1184,2
"5wKYV-9Tq1o",24,190727,14428,118,1389,2
"oK4c3Yw0JJw",27,190623,10263,184,634,1
"02yYHl8DT7Q",17,190579,2606,64,1129,1
"1eIIUj7-wII",24,190573,4816,330,1099,1
"DWnnId-hvNA",25,190549,1312,297,1678,1
"GuxMTmGybxo",25,190508,4950,436,112,2
"QNXHLGC1FuA",24,190463,6467,128,900,2
"FL5QWGe3ZFA",24,190428,780,156,0,1
"DCBcK68vEr8",25,190409,6789,337,1901,3
"sO0g7-rpcrw",25,190368,3591,229,497,1
"rucem5njNVI",24,190343,4223,263,534,1
"QXxziyQDT40",24,190342,7375,102,2505,1
"WiXnFonfzBI",23,190332,2011,235,366,1
"0xaerwyEtnM",25,190320,808,182,1209,2
"LfZur-aNmo8",17,190265,1683,90,1251,1
"YFC6OragNJA",20,190225,10280,114,1837,1
"tGt-2VETsRQ",24,190200,1543,53,379,1
"6McpkcXk-Vc",26,190197,2349,355,0,1
"hOUqXWk-nCI",24,190197,3413,643,1085,1
"8O06tMbIKh0",24,190164,18037,544,3476,2
"Yy37PC8ErsE",22,190158,7945,90,1709,2
"mXHAHcVfQIs",24,190106,6646,510,756,1
"eMmfNGXdXo4",26,190060,12668,113,950,2
"dWJY3wjG30g",24,190049,4729,53,1053,1
"rRkkcI8kCeM",25,190043,1175,307,46,1
"ZpXPLVmC08M",28,190014,1171,87,562,2
"mY6kaGVS1_w",22,189996,15567,201,3498,2
"OaD7JSXZsKw",24,189974,3865,203,765,1
"if-jJTI7uBY",24,189905,13636,181,1614,1
"H2KxLein3Z4",25,189887,1718,375,1586,2
"CpmlVWFTW8A",23,189854,2091,57,133,1
"52kstDvWOXM",24,189803,1361,112,332,1
"T_RTYMrX4No",24,189721,4319,421,385,1
"KwcshNFmWBo",25,189690,3298,228,443,2
"cWqI_jkv9KM",25,189676,2206,183,323,2
"iYrX6qw7IUg",25,189652,1601,298,2414,1
"E6ZvwETGbv4",22,189607,1984,129,1241,3
"EOTFYmgts6A",24,189575,1408,155,311,1
"pErPter3HvQ",24,189550,1752,76,927,1
"Y0cnYsTxc3g",1,189538,1230,100,67,1
"udAQmQ7W0Q8",24,189531,16371,20,737,1
"HGTR3N4kBsA",24,189529,2342,221,267,1
"oQxIoynel3g",25,189528,1656,296,2315,1
"Z7-R881j6UY",26,189504,11737,86,554,1
"Bj796-0HDR4",24,189481,1533,133,460,1
"zCUkTWe-61g",20,189415,10633,197,140,1
"RDB_fKWbCcc",10,189403,16861,105,621,1
"HcwD15CWIvw",24,189377,4959,133,858,2
"RAmLa9oqAOc",24,189351,2315,216,519,1
"BWsRpT9LNcQ",15,189282,20740,64,482,1
"N0eu6U9PSbM",23,189267,5701,108,338,1
"CofZ7xjGyI8",22,189228,7199,207,461,3
"6MPXI_CPBM0",24,189211,4552,31,212,1
"73ZfvyUevQ8",25,189163,3279,104,945,2
"8Sp3OdptDsY",24,189120,21178,257,2019,3
"Hwk9Ou7jA20",24,189111,18101,37,959,1
"M4GON29PrKc",23,189101,5911,120,1815,1
"zylunvHhn9A",2,189093,5937,401,918,1
"-SSQzQlEqa8",17,189083,2878,44,672,1
"bDgB-UpPPRQ",24,189080,1822,74,304,1
"KNXV7e_3ghM",22,189061,1293,103,988,1
"F6Hzna55ztw",24,189047,5329,59,412,1
"Pv8oQKLpypE",22,189043,11261,77,3852,1
"M2QJiA5xRaQ",24,189038,6527,102,1593,2
"84LAkIevfZk",24,189016,2882,94,400,2
"GMtDeNXn7Uc",26,189000,7217,97,532,2
"BrrL8FHL25c",24,188996,4536,53,503,2
"YRkAmpjigXQ",23,188986,21682,388,1055,1
"vEeuxI5f5y4",24,188956,1429,84,393,1
"Gymxw4HI-6w",17,188928,1541,88,968,1
"v9ObsREADw4",24,188890,16082,68,2026,2
"q8jZtp0PjoI",24,188845,206,106,55,2
"HaJ8MABF-r8",22,188845,9877,95,1152,1
"JuRPK6drLbw",25,188832,5708,685,1099,1
"giZHH7wXPXY",24,188812,914,98,172,1
"MY-9zi1KTHs",20,188776,13185,93,2379,1
"_m8WUz81wwQ",24,188771,3568,50,678,3
"RnSxU8uP3_k",25,188768,1325,301,1321,2
"OkMqQ1QldUw",20,188750,6721,555,140,2
"8D_jSj-CWyM",23,188738,13156,112,756,1
"m1m7Y85A1xA",22,188587,4053,51,1415,1
"CgIYnbGDDtY",26,188585,6572,178,397,1
"07CwgjJ6asQ",1,188551,2419,255,89,1
"XAzPDBiQ0X8",25,188470,2765,119,987,2
"46N4P_FoB2E",23,188357,17233,135,3826,1
"71LaTjRcIl0",25,188354,1442,84,445,1
"Z5mu5s_yDwU",22,188341,760,125,132,2
"dqDc8vLnxM4",22,188337,569,150,589,1
"NVi5VHxdGBA",24,188317,12096,118,1162,1
"D8mu5AgUsPs",24,188236,1035,177,95,2
"GZFNvgc0pG4",22,188201,675,151,197,1
"PZWlGd-9aqk",1,188165,4846,29,238,2
"KC3MutXeqHc",23,188146,3186,126,297,1
"EDcSeoO8fC4",24,188137,5922,117,683,1
"BRvU2Xqy6kE",1,188111,4498,116,603,2
"xURf8DxlEDo",20,188012,3429,113,1126,2
"upWIe3gt-Gc",25,187933,798,59,94,1
"7fKNp-oc5dM",24,187915,4031,252,601,1
"Jm9FAWx8bGQ",23,187913,9376,78,295,2
"CoS4RmuzYjY",26,187877,12733,103,776,2
"SQmOaJciI7Q",1,187808,5201,53,428,1
"g7kywh1M6SE",25,187795,23391,101,3088,1
"0rc4CFLOBCA",27,187789,26552,327,2052,1
"E8ErJZIb7pk",24,187684,1666,39,0,1
"NkuUQiNY0es",26,187561,14906,223,1189,2
"JL5Qpdx5w1k",27,187538,5969,573,668,1
"C9N-Lp5IH2w",2,187473,6693,132,790,1
"zMjCELyZB4U",24,187463,1104,144,358,1
"6XsVq5OvUKw",22,187449,1429,302,1756,1
"8gE6cek7F30",26,187441,17475,110,962,1
"4SGbmahrw3M",24,187411,6393,266,1720,1
"JjcCzC7rcJs",24,187349,3782,205,2087,1
"E6k2v-vGdxc",2,187309,8646,203,859,1
"3pCCjHDPq6U",27,187297,8419,143,1955,1
"fmOP68S5v7c",24,187279,15108,49,1744,2
"7OWTD7F1GY4",27,187226,6940,960,2069,1
"h9O-JH4DtiQ",28,187209,1249,164,236,1
"VUYFDSs3Wlk",24,187172,923,28,44,2
"-6bXcufSfKo",25,187168,2695,230,425,2
"ForvnkfjtpY",27,187092,7772,88,591,1
"lTzVUGoXkEE",15,187077,7450,36,292,2
"2B8RO0GcLDw",25,187075,2443,185,324,1
"-X0TDyPe2Fg",26,187068,15266,67,802,1
"DupviAaffdk",17,187026,786,121,218,1
"gWmz4U65kls",10,186969,11860,121,934,2
"l7rQydyccKo",25,186948,547,176,843,1
"u7wMCqbebLQ",24,186935,16094,162,2204,1
"Gl9V4mBzy5A",22,186919,9912,110,902,2
"4UvcA2r2zWU",24,186900,5658,75,1371,2
"IoxWdqBXxHc",22,186896,308,75,316,2
"jRMbP5k22Ik",24,186866,11133,96,513,2
"yTiW4yOrWNQ",22,186815,1065,91,324,1
"70Tw5dxD3j0",22,186790,4803,173,1674,1
"sD9JXN973ww",24,186781,2147,55,437,1
"vAsrz_Vpfgg",24,186769,2355,196,641,1
"UdwwDXhiPHA",24,186712,6831,189,2025,1
"Wxwo1CligvY",24,186676,5433,616,871,1
"7h5HpTQgLfU",24,186663,1402,142,505,1
"5SeDLIrSTb0",24,186601,2492,45,934,3
"86fskzc_cic",2,186476,7888,498,1398,1
"B9pAtumdvs8",24,186471,4138,146,1147,1
"L_cxNGfEd_0",15,186468,28742,233,2168,1
"i4BVVwDFiTw",24,186444,2267,195,508,1
"xC1eRJoFWrU",24,186439,509,270,76,1
"s04fn1wtKg0",24,186437,14167,116,3587,2
"4Vr_xjyk9tw",24,186436,2549,201,625,2
"n8yMMri5C8o",23,186276,13990,251,367,1
"XGR1TM5NMKI",24,186269,8065,197,2654,1
"IBVykjz8Kos",20,186257,7567,326,1800,2
"St61eycUXFg",17,186212,1163,106,639,1
"2mAhfiTcYRE",20,186190,14893,89,1375,2
"guoDlHMtyUw",27,186186,5009,179,494,1
"pE4lzDuWYEg",24,186176,5408,334,794,1
"vPSkhRqkEZU",24,186087,9654,362,1085,1
"ISrMcDv9_xg",20,186057,9450,76,873,1
"n11raFYFfm4",24,186023,3442,106,159,1
"WNB534GlulA",20,186018,4086,187,765,1
"cyOrx2o8IC0",27,186002,7556,101,430,2
"rELK_bC0pxE",22,185997,2697,59,169,1
"ygWm3ozHAbI",25,185967,2686,171,704,1
"2jNFymV3J-M",24,185781,2899,34,420,2
"tp0pfSy8Wfc",24,185767,3795,205,1680,1
"UiUH-tWHbr8",24,185766,10733,831,12063,2
"59Wqsj0lQ84",24,185737,10703,113,2101,1
"ctWhgovItVs",24,185706,4970,113,1016,2
"hp-zb4cj1Lk",24,185632,5671,65,467,2
"vlVWrfyoaZg",22,185616,11131,66,605,2
"Rgkp52IgXek",24,185612,800,210,36,1
"Nj2zZ7XGbVg",24,185533,2981,130,0,3
"Z4UbOwulfm4",17,185504,2083,52,811,1
"dUL_CM_5lbQ",22,185494,4237,214,1084,1
"Sr7pHZQzd8o",24,185461,694,123,105,2
"NsdOMrnRsvE",25,185458,23743,148,6811,1
"bT88odMkBYU",20,185425,3658,83,575,2
"uxbS6j1B1Ps",26,185412,7485,94,554,3
"32oVNPggj50",25,185398,467,206,2,1
"MvdMBXFCOfI",24,185344,4846,102,898,2
"XW2BeMVVN9w",24,185291,9250,456,730,1
"Cs2Xr2b7ako",26,185283,12411,105,1077,1
"w86gSYR-otA",23,185267,14896,65,835,1
"yJFq4HV-MGQ",20,185248,10823,243,2072,1
"gpeXPasXfJA",25,185238,21239,96,3487,1
"IWJOtbZUpP4",22,185175,405,25,75,1
"sBvher11rw8",24,185138,917,132,89,1
"6wk0UmIAd6w",17,185115,24,95,23,2
"b9wJ97_fR54",23,185102,732,168,194,1
"nvxQxArhVlU",17,185084,1742,26,231,1
"tBVlCSWH4Eo",26,185038,5332,156,678,2
"BLfp7dA4lmA",25,185007,1685,215,1330,1
"sDpGHkUIDFw",24,184977,4745,199,432,1
"nI8Cti0_T00",24,184929,7277,125,741,2
"s20vT-pIZG0",17,184853,2481,123,1021,1
"hyXwQBjreW0",23,184850,5057,276,2010,1
"FzdFTdeWdi0",2,184802,8102,151,801,1
"h7D_mh8fxj0",24,184784,13338,154,2594,1
"E-KiDcu2H-I",26,184769,5503,282,1029,1
"72e0eiyYyjU",20,184750,4129,77,81,3
"LK3Yz9UpP_A",26,184718,7550,143,712,1
"keCW5QCezw4",23,184704,15733,82,813,1
"7qmt9rup6_I",26,184690,8180,79,665,3
"ckqeDARq1WA",25,184684,5385,270,1888,3
"j2vP8ordkYc",24,184683,4584,33,399,2
"3rG6TCWk4Ms",28,184664,5832,210,1487,1
"3N5lgUgAQ-g",23,184655,28308,172,3423,1
"i0-0xRSTW9I",25,184617,3441,284,657,1
"YuEnYHsD6vk",24,184616,13140,1161,2708,1
"BTlikkQBha0",24,184615,1362,67,308,1
"XaYJPeT1UXI",25,184601,1079,388,687,1
"a3k0p1lOsuk",24,184586,5389,72,1004,2
"phGwHpgKMUA",23,184538,14386,458,3936,2
"DwI4VT_Pq4k",24,184510,10058,72,699,1
"wLgH8oMKz3E",22,184394,254,45,191,1
"sp-YEgqu3Tg",25,184353,7625,343,2429,3
"S-pMbe0KlbE",24,184332,1738,33,100,1
"Klk5xTrLBjs",17,184295,2082,67,1118,1
"ddpmYf0I0fU",24,184260,966,210,174,1
"kWrGLKO2fOA",25,184251,743,239,1663,1
"qZEpl6J6Z6c",25,184240,4617,421,3111,1
"HoZGMqCIRK8",24,184171,4056,49,819,2
"V84c6CqZ3dE",24,184153,15234,269,1761,2
"GCPKJDNavIE",25,184132,6364,216,3261,2
"5LWelExsxX0",24,184125,1750,357,310,2
"8SKuSqTCQR8",10,184108,5780,235,614,1
"viorHD0zkLk",25,184096,4333,398,2299,1
"Z2yrJ9VzN8I",24,184079,1488,24,282,1
"b33PN2NB2Do",25,184065,8895,165,767,1
"8sqMKXzgXAg",24,184040,2145,1725,202,1
"raP24p_SXIM",24,183988,16981,123,876,1
"Zs4s5OFn5k0",2,183988,8736,87,1317,1
"fVqHQSlj5S4",24,183988,3848,48,199,2
"DiisfKbdNb4",25,183985,1497,87,729,3
"cDNMTq6k2Ug",23,183980,16325,684,1966,1
"6dYB_9c9Ep0",27,183956,9639,165,1529,1
"NauXJ4SVAB0",24,183952,1189,139,169,1
"IPLkET23X-U",23,183924,16871,215,1865,1
"SsvFOWT5LqQ",25,183893,3656,286,639,1
"LQRwAITgeSE",24,183892,446,55,131,2
"ohqoeXIxuj8",19,183884,4474,195,628,2
"VsWy1DAINDc",24,183863,5915,59,518,1
"3p8uI5oCJwY",22,183858,1036,132,134,2
"hnKvVZhZ2sg",24,183800,7141,916,933,2
"CwLBHbtnnUs",15,183786,6055,139,1069,2
"6nSUQb8YGaY",20,183771,11309,104,1600,1
"7JTEexxV49A",22,183745,2972,387,525,1
"LUGgIynLlPg",1,183670,10020,355,590,1
"Y-Q-IINNnYc",2,183649,6324,884,1654,1
"O9huWQOtPjk",24,183584,1281,103,269,1
"Fyq2DzbyR5I",17,183572,368,45,165,1
"X3EUbRdO_Hc",25,183566,4144,239,880,1
"Jf3mPOMonfI",24,183534,685,207,28,1
"0yU6hQujgng",24,183462,4570,269,251,1
"_cYedZVUKm4",24,183460,2785,57,768,1
"gFyCnSxdAw4",10,183455,18761,299,596,1
"KAhHswT4u8I",26,183334,14107,128,1063,1
"a8Tjigv61fk",17,183325,1880,64,370,1
"lI9YkbW0yJg",2,183286,6860,104,634,1
"n9WjhrCrHVI",22,183281,654,166,117,1
"17hH9Dtbve4",24,183247,3499,269,2163,1
"U4mHCIP-doQ",24,183204,2171,41,384,2
"pI4t2QvPUvc",23,183191,4833,125,530,1
"859eEHZiAZg",17,183165,2115,72,585,1
"5B2SHRQrx-Q",25,183134,1483,86,583,1
"eDPWC7u2Wuo",17,183131,6045,31,513,1
"-a2BrGvRBYc",24,183039,4749,406,1031,1
"FYVOhJpx2dI",22,183012,4222,278,678,1
"V_RydUFmBoQ",10,182981,1265,55,147,2
"7b-FXxlmadg",24,182979,8867,94,817,1
"omPcJufvFJA",22,182947,1488,120,278,1
"rV3QsfDMudI",1,182941,2694,43,126,2
"i0Tw48OLJRw",24,182931,5027,139,1093,1
"k2yZ6RyuWjk",25,182925,23640,94,4153,1
"_sMIQ-LCMsA",25,182917,1138,182,1900,1
"v6yg4ImnYwA",24,182900,18098,863,2175,1
"TB78WsZFNg4",25,182896,979,90,373,1
"PNCmrJI743E",25,182864,2156,205,1216,2
"5ccMmfoKHzQ",25,182861,1466,678,1506,1
"TXpEf1QKcXk",23,182855,2844,61,333,1
"G8RcB2_D4Hc",17,182833,1882,149,499,1
"e_NwMtdyzmg",20,182799,11313,818,1433,1
"KrD9J5lPMSA",22,182745,411,84,119,1
"c1EXFv67cIY",22,182729,7138,120,818,2
"q-HeLZ-QIFk",25,182726,23449,109,4097,1
"nyJP7Zfd9zQ",24,182695,2647,355,1027,2
"Rm09nLK-Pg8",24,182664,9449,66,1714,1
"MzMaTK3BXS4",24,182657,1902,45,131,1
"H7MRHuzCNvM",24,182629,5300,170,472,1
"gsRCzJ2CxbE",25,182466,4015,257,3043,2
"I_ZMccfRt6E",1,182451,158,53,494,2
"jxVAZqdQjOs",1,182440,2984,79,327,1
"CsrJk8M5XYw",27,182416,7776,122,582,2
"lIYk3qgGtM0",24,182395,5793,75,573,1
"FSdg3UVuBKE",24,182330,14901,55,1442,1
"urBtAEObqoQ",24,182319,11710,1430,3678,1
"Wk_Ak2IPGF4",24,182291,7166,284,934,3
"yCBaFlp-Gr0",24,182255,7705,191,732,2
"FXATwX5bVp8",26,182230,5036,558,2029,1
"m-Q0Ng61bT4",10,182220,4414,84,349,1
"FoOi-oTaIEU",15,182184,9710,128,1647,1
"d9637B9nLTw",25,182147,1771,153,1510,1
"fdYoNpJ0S-c",24,182125,811,160,31,1
"hoEhO_9uQ0w",1,182122,3757,264,821,1
"i1tHK5XfvGU",24,182108,4726,102,748,1
"lyE8K_K-Z4Y",22,182089,991,106,0,2
"mPpvKg1aVo0",24,182086,531,37,137,1
"XsGDD9RkXUc",15,182075,7917,171,1951,1
"-_BhTfyLUKc",17,182032,1204,78,680,1
"TR2jy8Odou8",25,181972,1911,223,290,2
"YvEGAcgpwqQ",23,181782,5659,102,271,1
"NZDTTefFZVs",24,181616,204,77,295,2
"mPuX-CMvx_U",24,181558,1576,184,251,2
"v1tYwe42zIY",23,181556,11474,105,418,1
"enmUtxh_3t8",24,181550,1410,149,202,2
"mRq3ekOgtU8",25,181538,3499,486,1927,2
"SDvfbvuJtS8",10,181513,9238,182,1220,1
"2nMujDGhw7o",24,181507,12489,523,1932,2
"3Y7voDfmWTQ",24,181486,5404,87,650,2
"ESyJop31cmY",22,181427,23507,121,1747,2
"v_e020Ncp8k",1,181399,14367,234,3566,1
"0uX_7-8TcQA",24,181295,2906,217,376,1
"-lir6ZOXqmY",24,181269,1299,59,170,1
"coX5snzvml4",22,181223,672,106,91,1
"Rykd2FE0PdI",23,181200,27019,98,1041,1
"JsHPiGs2l5M",24,181153,2172,110,371,1
"xjt2qghA-a8",25,181103,2890,288,1449,1
"-nEwFsLegA0",22,181102,4147,267,678,1
"LS82IBUuYCw",24,181030,4935,1014,5396,1
"rFMOLT0bM4s",19,181006,6594,136,816,2
"WZuerkwFuPs",24,180968,3308,257,2104,1
"mM5KRGFOt7I",25,180966,874,113,135,1
"d8XCvijXq_k",17,180960,2574,304,805,1
"ZkS83demrN8",26,180955,5703,205,687,1
"4IsdxwBMX1g",10,180919,5138,2646,1158,1
"v58BZsH2oAQ",2,180903,7505,88,715,1
"HGABy5g7Ays",24,180887,7280,59,779,1
"aXUTes4Bx5g",24,180860,674,134,101,2
"rWFrHt0CUXI",17,180821,12531,251,791,1
"yE1ieCzZTzg",24,180699,8019,605,780,2
"GM-5XQDnxDc",24,180678,1525,99,233,1
"8Ch48o4og8E",27,180670,8221,123,952,1
"Zd3dd8DLBpc",24,180668,5269,231,621,2
"NVW8mOchOZw",20,180665,4535,296,12,1
"Y82Cs9CFzTE",26,180662,11019,458,990,1
"PzGHHlSMffE",25,180657,1698,374,2986,3
"C5c_OQvAIRY",25,180612,2582,494,2249,1
"RqpepkTN45I",25,180571,2214,273,2592,1
"5lyVniefcFc",26,180550,4997,175,708,1
"BaDHavq8W6Q",25,180515,2042,223,696,2
"YMLKPWDmvlA",24,180487,1242,32,372,1
"xALKNX6PA_0",1,180453,1434,63,217,1
"6XloaDmgvlQ",24,180447,7657,764,870,1
"RAC7vFySkOk",25,180419,5681,141,1592,2
"e1wtxZap94A",24,180410,1545,32,424,4
"4T4mt9MuHEI",15,180385,6612,130,3509,2
"i6UcDD9KtXQ",24,180342,573,121,61,2
"OhgeXe_gJCU",23,180342,1779,55,171,3
"TlXGb7v97eI",24,180338,1172,146,369,1
"vdFZdgfgmUo",1,180325,7466,90,739,1
"GZx3eDVE8DA",25,180289,2591,376,2394,2
"53EeRfuvKiE",25,180201,978,365,1787,1
"zFactwzZ9h4",24,180165,9765,785,968,1
"ih9nzZtYn4g",17,180131,5538,87,440,1
"EinzsFG3nzU",20,180122,613,150,167,2
"GDtqJjuQYoc",17,180105,1866,51,666,1
"iHy7LvL68bw",25,180097,1720,283,132,1
"E1itcTDBevY",24,180073,6793,126,624,1
"EedrtctMqg0",23,180055,9421,74,1034,1
"AlWeoKTRThA",24,180035,1868,23,356,1
"l9v9SJpkySM",25,180008,1773,131,639,1
"HfBwWOpHZUM",24,179985,598,106,114,1
"6y6K9BVrbrg",15,179964,9115,193,2083,1
"eWfEbLAo3KY",27,179959,3718,137,383,1
"dsl-y8VK4ts",26,179958,6760,84,335,2
"-pU1qOHIJE0",24,179948,4909,84,621,2
"3k0VLfHwwd4",22,179906,1073,264,447,1
"m7erboCRldc",24,179902,3668,210,2064,1
"8qmYHYW5GR8",24,179865,1388,25,422,2
"XjG1ibDfMao",27,179824,3502,301,890,1
"f_U6T7xs590",20,179821,9900,107,493,1
"_xpokfgLU88",15,179773,6007,185,1005,1
"SxJzQNG52kE",24,179734,4619,229,617,1
"liLdY5aeo5k",1,179717,7985,88,1835,1
"hag_Tgl7bBg",20,179695,11266,72,839,2
"QGuYep0cSAY",17,179680,4574,74,574,1
"Yrb1dPbaeJw",22,179670,1099,233,1259,3
"av2xqb9jKxY",24,179650,3167,71,558,2
"NqygMHtn2wU",26,179639,7090,103,435,1
"6Enxr3ChzwM",22,179627,1535,143,627,1
"UnlXTNZ2e7U",24,179551,2442,118,419,3
"irfsontxe4g",22,179539,9345,68,1621,2
"EFXZ7tONrRc",23,179538,4412,114,781,1
"2khki_KYQgo",24,179534,791,99,154,2
"4G202Eesqbc",24,179528,9714,96,809,1
"AKNrL3b5ZFM",28,179435,1390,115,479,2
"HgNvzYcHq-0",20,179432,17468,449,2823,1
"HS_rSh52SAg",24,179416,2815,714,2221,1
"2LdkXT7Oo6Q",20,179399,9064,137,819,3
"i70TFesD3eg",23,179281,8710,129,103,1
"1bAN230aliU",23,179243,14112,240,2245,1
"Aj6eSbjDRaY",24,179226,1296,165,440,1
"ZAz5kfSQncc",20,179198,8468,123,888,1
"2-NZPmF50MU",25,179189,21099,88,5446,1
"D2UE_Gw7XpI",23,179148,14892,416,1106,1
"IMg2zh1NHyQ",15,179086,6516,108,940,2
"NnGxqsVVJ_A",24,179051,4952,42,285,1
"3YPLNqmNU1E",25,179044,5507,156,1643,2
"Bp98B1KFf4M",22,178950,750,95,144,2
"ioJLIHrBF0o",23,178910,1936,85,167,2
"MzbsxV6M8w8",25,178905,884,185,487,2
"zEWoVuNlz_E",20,178864,3978,157,70,2
"uHcJU2pd1QM",26,178817,4692,214,432,1
"hldAQhGoyeA",24,178809,12775,139,1181,1
"D_f-sp8MHks",27,178757,4964,71,357,1
"TSTz1g3rVzg",24,178755,3481,1109,2545,1
"AZuoT5F512g",23,178749,12598,115,261,1
"ibproakwcMs",24,178738,1126,115,693,1
"IPOAXQg3kdg",24,178716,3567,196,2604,1
"PYPkspppClM",22,178664,3745,575,599,1
"WTDQSS16RIU",17,178659,22830,206,2240,1
"6SzWWsBLpdg",25,178643,2112,119,724,1
"7zIMyMehxSs",24,178579,1787,1451,1595,1
"L2IGs3wlDRw",22,178569,13904,307,997,2
"k-K4NnrbUc4",25,178512,595,286,1298,1
"8AR0JW6Sn9k",23,178447,17203,266,1060,1
"BkFcPdvNt8Y",24,178412,668,139,117,1
"g86DSuIVOGs",24,178359,2512,122,993,1
"-vj8cO8rmgg",25,178342,1425,171,832,2
"JahWQ64GaYY",20,178249,9089,138,164,1
"g7kG0C1t3jk",20,178160,9762,60,428,2
"jqf8bD47Z18",1,178151,3933,148,2606,1
"w6hxfxc0Yok",25,178135,740,114,1382,1
"aJX1lm8-Plg",25,178105,17974,213,3124,1
"QQT4Dt82Kz0",27,178098,9160,51,912,1
"1pNn91Ewzbc",27,178097,7802,139,1153,3
"1hgz9wHsYEA",26,178094,11551,156,720,2
"k9vQ5IIhiV4",24,178088,3568,256,2441,1
"e3hZS29qwBg",22,177994,8256,257,997,1
"whG1ZzxFfe4",24,177986,3613,91,750,1
"FcmsFuLi3e0",24,177977,7549,124,1224,1
"H_N9Wp7K2Os",1,177949,4338,46,179,1
"URqkQkkS7Oc",24,177933,997,217,199,1
"w6jE3T_ooKw",24,177929,3746,72,796,2
"EF42EeBNwl8",24,177928,1227,47,34,1
"qyuc4SidVD4",24,177881,1170,102,319,1
"m3czWsO2Y6k",24,177820,1307,150,180,2
"NDrZN_4BGIo",25,177780,2090,314,2514,2
"4a4LjF4EU-c",25,177776,2057,141,1864,1
"YAX_-jJX4G4",10,177731,697,283,522,1
"mF4vrNIbU-I",25,177726,393,86,227,1
"nJBCiV2lCxg",17,177719,2395,237,587,1
"Rp5vNCvPC14",1,177690,180,49,297,1
"fyz0rhzRfJ4",24,177687,17914,34,1760,1
"SAUjD-DAAek",25,177681,23640,285,1842,1
"ZKchfFiHje0",25,177680,1562,271,1344,1
"RduyqdG5h1c",1,177666,4419,336,917,1
"lzgQrHFDNLE",27,177648,6932,786,697,1
"z477-ncTyko",24,177611,1911,83,259,1
"DqOOHdiKKHo",17,177509,1241,67,609,1
"bOomAiMMkcE",24,177466,8331,274,1247,1
"XtTn5EYz-ks",27,177444,14123,213,1091,1
"g9nLbiS7tDY",26,177431,11512,660,1717,2
"aolLKEtcYsQ",1,177391,1461,26,412,1
"SvkE6DZz9Tg",19,177345,9327,224,1019,1
"YpTJXflann8",24,177300,11905,102,904,2
"MVq-IS__mLc",17,177279,769,67,35,2
"8rk-kNEvpY8",24,177274,3517,140,659,1
"DvD3kHJYa-M",17,177236,801,49,221,1
"VFyG5CXvFjs",23,177222,20446,99,2356,1
"ueptucqSVJw",25,177172,1296,456,221,2
"m5YJl9gBnZ8",24,177171,8361,500,795,1
"XeXUG3Mm49U",17,177140,3379,149,1599,1
"Dp-M6QJ7qWs",25,177073,1013,303,1400,1
"vu6L6AlOrLA",24,177043,6185,256,1162,1
"My3xpFMZDOU",22,177036,438,46,30,1
"FsZ1sMNz-lM",22,177003,982,75,277,1
"5HwvcV4UFbQ",24,176992,10046,577,1818,1
"ebHbB2eDz1g",23,176990,2979,38,201,1
"D1eB--DsKfI",24,176986,7027,129,1453,2
"-A-yHx5wDT8",26,176966,14184,177,1047,1
"f7H0fq8v3YA",10,176947,10395,227,851,1
"m28762sla5E",24,176876,14453,1005,1833,1
"JKSNXom_o8U",22,176846,3134,13,360,1
"JQYgOUt57I8",24,176814,6302,110,964,2
"li95v2oLcLw",10,176805,4980,181,730,2
"k2GIo7woPiI",24,176709,859,142,172,2
"BiyievWBnC0",25,176695,602,101,690,1
"fRcmFr9cE5M",24,176639,11414,169,865,1
"OO2CplYD03Y",28,176630,10344,153,1032,1
"Z3gYvaVqqm0",22,176629,2133,126,750,1
"UpjiztXxOA8",25,176612,3343,353,985,2
"_ng7rqENGOI",25,176585,1530,156,1433,1
"gTea348Sa28",10,176552,5859,108,436,1
"-cl5a7rEgQw",24,176552,608,84,64,1
"nUDX6OCXEyc",15,176544,7552,223,1815,2
"7X3VdnQjpQk",1,176445,1994,136,826,1
"J0kCGeyHNoE",25,176272,5563,622,2507,3
"dUhZ1n6-4h0",25,176238,2152,183,369,1
"c0sGiqOWt1w",24,176221,10340,266,1321,1
"be6cSuicB2c",23,176181,4007,136,614,1
"eSzmVfWu4Lg",24,176106,1634,24,330,2
"ST0pegzrmoc",25,176068,20527,510,4971,1
"3eRcfp7Kua8",17,176009,1539,130,1198,1
"0mqWDMstjjg",25,175998,5128,163,588,3
"BPseQfShaWE",24,175994,7912,531,2387,1
"gS9gEu2qya0",22,175987,1044,10,84,1
"L5D1gia-b1k",25,175969,1683,176,1263,1
"moxu_uTemNg",28,175962,8889,143,1013,1
"BQdnewmrHwA",1,175952,3562,341,645,1
"ZwnKDXvzI-I",26,175951,5497,403,984,1
"5nv0cS5CqyY",10,175892,10784,118,530,1
"2Yz6TGWgclU",19,175845,6351,217,1412,1
"pknIu7Y3BvU",23,175844,4986,149,703,1
"VqfbYBzToFM",17,175826,4432,144,926,1
"yfftgaedPwg",20,175808,6135,57,1211,1
"9Zt4BKze9uw",17,175778,919,35,303,2
"lE7BSivIWaE",24,175755,9989,840,1497,1
"Ys3SzShSCNc",24,175731,401,83,57,1
"luAOUaCQj-4",24,175681,1351,37,76,1
"G9bqCd7sRg0",27,175662,10239,56,1081,1
"5LlLKk0ZQoU",23,175660,2152,42,174,3
"ijYpyJXxJE8",25,175654,1431,248,1439,1
"ZYWrgLTNKP4",1,175611,1289,76,116,3
"fC8SRkGlHzk",24,175604,1426,114,558,2
"T36qh56Ju3g",24,175544,20983,107,3238,1
"fdu0t8E0mRg",25,175523,964,78,511,1
"4C-frHrNWjY",24,175501,3818,76,828,2
"ajf-PXnp_fc",24,175464,4245,106,1041,1
"kw4uZzk_Low",23,175429,3549,111,475,3
"c8E_xjzIuOM",1,175409,16392,198,1105,1
"FPHrWxxw9Is",23,175400,3000,134,208,1
"pdLzWmdH4Ck",22,175390,699,160,153,1
"Xt0CRSPpUBE",10,175389,162,82,18,1
"cpmMTpAteG8",24,175367,4639,201,1122,2
"3tMESHYpD7I",24,175358,7881,242,1816,2
"sbDUP36qq6w",24,175357,13172,157,2651,1
"qyeAZiEo5Bw",24,175244,680,69,167,2
"knDEcS1y0Lg",24,175228,5005,72,507,1
"8RuCJCkpnEs",24,175225,434,52,141,2
"W2dgMA8-r_Y",24,175218,849,94,171,2
"e0eYfsEq8UE",26,175217,12220,201,1722,1
"6pubXTsfAdo",24,175190,798,150,78,1
"zE9tP6jSbgg",20,175187,27384,214,4302,1
"OdesAn1J3yI",24,175185,1728,109,351,1
"awFfoR8QHc0",25,175161,2399,208,391,1
"nhVtM3g5D4w",1,175148,7145,100,2079,1
"_la_NZDxqsg",24,175140,6116,31,284,1
"nDhDd9FTVPM",26,175138,5386,184,818,1
"wvBhUDn4tIU",24,175134,4398,357,664,1
"WsOa5zeryMU",25,175128,0,0,1857,2
"-oDJLzyBYFo",22,175116,4365,250,409,1
"T3HjJMgSxgk",22,175093,952,77,222,2
"GYbDIv91juM",24,175042,2271,201,715,1
"M99i7dkYf1E",24,175016,826,141,78,2
"XzL5WbxlFlA",24,174990,7095,914,929,2
"rjO6tTN-NrY",24,174983,12931,1511,2537,1
"yCrwp2-osE4",25,174932,639,131,772,1
"3buv_2PfMa4",23,174916,13976,461,1007,1
"9mEPDskbSP0",25,174913,1872,175,2295,1
"ma1r3Sy4jhw",24,174875,10423,121,2419,1
"ZesSDXOXRMA",22,174836,2354,73,890,1
"ntTR-Mo7Zuk",25,174831,1636,149,1775,1
"99oW1uP-9Pg",24,174804,3314,500,332,1
"IS-MFOpADgE",25,174789,2259,182,332,2
"sIcnqqS0_LE",24,174744,11932,127,2596,1
"OThoO-vnIZI",25,174741,1942,414,1527,1
"IHy6iXcj004",27,174725,7515,1969,2269,1
"20DMeQayxGM",25,174721,7164,200,3054,1
"LH_1LRqf0QU",24,174690,1542,708,590,1
"gmiKTOlOmtc",23,174684,6388,79,178,4
"6AByHNTsreo",17,174681,2113,91,602,1
"RbFHWtGi-7M",22,174673,278,15,126,1
"HnX1Q3o9IJU",19,174650,1315,108,98,1
"LDVlaYYjf-w",22,174588,7124,111,439,2
"_egXXed-Bc4",22,174582,4012,277,636,1
"VdHsK1Af7LM",25,174574,0,0,1306,1
"NO3k6kqbKGs",10,174549,20111,136,1427,1
"HWnXId_Zg4k",19,174537,6136,278,1106,1
"mn4n1uRSQAs",22,174495,295,88,391,3
"wuzDav1cNhI",25,174476,1402,99,665,1
"WtOuh3yuCm0",25,174394,2403,115,4220,1
"s9LdMWGiCWw",17,174317,2939,194,1515,1
"Bi46nLoIo6E",1,174274,3013,559,976,2
"ovQ1VTJ_IUI",17,174227,1242,14,184,1
"um4rK0lYicg",22,174192,8810,130,1643,1
"1IMJw7VR5WE",25,174181,679,258,1337,2
"homtQ43rY18",25,174167,20252,185,6833,1
"WsZtOSSyEwA",24,174148,1027,148,389,1
"j9nCXKlZaSM",24,174130,4565,292,621,1
"-p3twOk-_JA",25,174124,2179,415,467,1
"mGi50dGobdY",24,174112,4801,67,1085,2
"P_LeKRci-HA",24,174098,878,131,122,1
"JHWo55y_GDk",23,174097,12513,2319,3048,1
"w5WSujw_b4Q",24,174092,1712,191,215,1
"ERsijJRKPf0",1,174077,3505,214,1600,1
"OKRo6SAwYKA",24,174060,6021,41,482,2
"8n31bqMVM5k",24,174055,171,156,49,2
"Hxkf1E4Uz9Y",24,174042,2830,245,436,2
"dd6MbfUj0m4",25,174037,2092,252,1765,1
"MBVtT1HKgo8",15,174027,6014,157,1087,2
"32is58j1WgA",17,174027,679,29,289,3
"BVP9Cq5IFcU",22,174000,5873,512,1787,2
"hUxYmiwx370",22,173994,12248,221,1801,1
"odM-Q7BB4Bg",24,173991,2000,215,233,1
"Bpg7Cogj0E4",25,173987,3456,307,2277,1
"xBfrklkKU6g",24,173953,779,92,141,1
"qJD5K5KiyGw",17,173930,870,34,299,1
"YHJVl9PEtdg",24,173902,1631,143,201,1
"UFBrEMm_oYM",17,173901,543,80,139,1
"zKAva7XFTS8",24,173884,6688,67,1534,1
"AhPRROnPvN8",24,173874,898,98,104,1
"AGMmw99T028",25,173846,18199,151,3903,1
"w5Ud4QMeio4",24,173834,7731,125,1420,1
"C2n-qEQWmgg",24,173812,0,0,171,2
"q_qhVGbnW0A",22,173716,10908,149,2443,1
"R-OZ2Tmi9pw",15,173681,14873,72,450,1
"Y1BVr_GtFag",25,173671,549,116,987,1
"2jLKSqUqNis",25,173606,4419,233,1922,1
"FWxEqphFiwQ",22,173547,5874,110,1101,2
"Ba0F45y4D9s",20,173547,10259,99,997,2
"uhOZG4yUqZM",25,173542,6055,589,6977,1
"VzW5Z0eXHts",20,173541,10956,125,1021,2
"72ZELOsd_w0",24,173477,734,191,37,1
"Fjm7wXustmM",25,173466,283,183,183,1
"kFCaLpfwodY",24,173438,1403,164,270,2
"-sN5_gySqhI",24,173420,5975,87,383,1
"uI5_G-Hiu8U",24,173413,14192,100,1430,2
"tgpF_z_j1K0",25,173409,0,0,1254,1
"osjNdr7bSQU",25,173381,0,0,453,1
"kpRD1aRajcA",17,173366,1464,135,654,1
"niAR2A4AUbo",24,173345,672,115,115,1
"2JHfbEhqz3o",24,173335,3567,45,162,1
"05ThNwseSt8",1,173334,4705,62,385,1
"bXytZxQ67BM",25,173304,2378,293,2015,1
"MUpiQ1BnCmw",23,173291,8470,454,1860,1
"vM9-zZqXUIw",17,173212,804,48,168,1
"N_eDbShzO8Y",24,173178,2205,143,409,2
"qnQuwPQ9uTQ",24,173173,3886,25,217,4
"DNq6DIoqsw8",20,173165,9746,200,2249,1
"t1tVccdAlnE",15,173162,6002,159,973,2
"E7lHsughVmc",20,173138,4254,141,789,1
"r03V9OEJlgg",10,173107,8466,419,1794,1
"UMuh8oDBQNY",24,173062,13690,140,1149,2
"Ix4oIMKsJos",25,173061,1906,146,311,1
"KM5Kr_3di_w",25,173033,1911,219,433,1
"R0dXIyfXva4",24,172991,6770,133,1470,1
"SvXvZFMQHF4",24,172969,6328,234,1844,2
"AGC82c0xw48",25,172968,4078,246,2375,1
"z8ZY8ovDYb8",23,172968,15286,287,1530,1
"fVfd98a0Mbc",24,172966,1096,43,157,1
"W1F1NDvkqWo",22,172875,821,314,397,2
"AcyxWSzPTK4",22,172868,442,80,76,1
"Es-XtO9u2jY",25,172850,1659,348,1789,1
"oLyIVDINc3U",20,172848,17850,341,2519,1
"uh9tRBLsNpo",25,172835,632,192,1013,1
"MgMLdq9DnNc",26,172830,8161,272,628,1
"GiR7fqrK6Ic",25,172828,3599,266,756,1
"0nAKq-MAoE4",17,172828,2070,128,246,1
"8cGPpUL70iY",1,172818,1293,178,169,1
"LG4n_u52jHw",24,172816,2843,57,168,1
"D-nqqawsZfI",25,172811,1725,708,2094,1
"6PKbkJXVoEc",26,172648,13685,198,1606,1
"c-OF0OaK3o0",1,172638,5507,28,107,1
"4EaQ1dnFup4",15,172566,3716,254,639,1
"f7-d3dLAJao",24,172546,8866,115,686,1
"sgsSvHh82rs",28,172508,983,167,307,1
"QE5xrUs8iKw",24,172500,6967,410,706,1
"aavAcDpbjkM",17,172497,1548,260,971,1
"10rOJsz8afg",24,172469,4654,93,473,1
"IfX_MMSzDXs",25,172466,2945,266,669,1
"COA28UeY8mQ",1,172461,6580,288,1589,1
"S5CKjCW9dJw",24,172444,2812,117,836,1
"N_5NedzRwAE",22,172437,553,159,135,2
"8RmHY7qXCbQ",25,172370,4172,1362,2436,1
"seY-M0i78F4",24,172327,4061,46,764,2
"a-g9vsiZZeY",1,172291,3531,87,1117,1
"wAcy3EC21lM",1,172266,2725,153,599,1
"CqEErKDW_ic",24,172250,3666,63,732,2
"YTPxJH7UNWw",23,172223,1093,45,96,1
"Ohb0MtDXA54",24,172183,1890,98,336,1
"tPOVsnpXz9k",24,172119,2327,104,732,1
"eunPONMdJOo",17,172107,3273,88,433,2
"eJmoif-_vSU",22,172107,1005,117,672,1
"zXXxZmwpPnc",28,172102,9319,219,1037,1
"RDJB-vV81EQ",26,172075,6561,224,1188,1
"WuV_KvK9Tqk",25,172066,1185,61,95,3
"-VXhMmRx7tc",24,172057,863,55,161,2
"hKP-3pCmOAA",1,172041,585,127,0,2
"HvqYr5D5ikA",24,172037,1051,148,223,1
"oH72jRs2PcY",24,172028,13022,146,1572,1
"gcmADcbnq-E",1,171987,1533,85,216,1
"-Foheju_kHc",24,171950,2729,120,592,1
"xDc_LoTMEL4",24,171931,4765,88,1144,1
"_IOCEUlrWeQ",22,171917,11866,214,1031,2
"-7NTXrELrTY",24,171896,5177,175,544,2
"Hr3bujFZn6A",17,171877,1219,48,618,2
"KA4meYL4q60",10,171810,8978,32,494,1
"jehMXPadHS0",24,171804,3552,113,548,2
"WoTRR4hA7I4",22,171803,7117,451,839,2
"8IVDF3eF2Lg",17,171764,1912,41,558,1
"8JBWYtehJic",26,171741,8933,204,1798,1
"krqrAymP3Ro",24,171729,3816,229,1244,1
"sBQNCNXMQmk",24,171696,1252,82,503,2
"bGMHsDDZH3o",26,171687,4492,249,623,3
"imneybZIsvw",24,171686,583,167,18,1
"uch7rA0U9UM",23,171678,16601,211,2939,1
"OMWwhyzc1QI",25,171645,2984,206,489,1
"wNAvsPQWxzw",1,171629,3672,34,884,1
"Etg_LotCV0c",25,171621,2550,203,888,1
"1U8t5kQF7Xo",22,171607,3136,41,870,2
"-8tXDKmZaMM",24,171599,44,91,25,1
"DIq0aaKyAMQ",24,171598,7723,69,1480,1
"z4Da0kuYnMI",25,171570,6708,128,705,1
"Cheo1P22cUU",19,171563,1096,17,75,1
"CQztP0VBn78",22,171528,1082,53,54,1
"4DDyzSvQUqM",25,171524,1331,159,1239,4
"nSlTm6XDT64",17,171461,1650,111,678,1
"6dR0kex7UGE",10,171459,7719,188,907,1
"dDGokZjoqHM",1,171453,397,192,148,1
"Gy6bHtj-VKU",22,171427,10305,171,1080,1
"ZVXRilivcDo",1,171396,124,52,144,1
"SYAhPNTFtrY",24,171386,9232,215,2386,1
"FDru_tZSqoI",25,171365,1645,113,680,1
"idVQ61PLNks",25,171358,4060,212,2213,1
"X0e43Ox5Oes",26,171356,4532,288,749,2
"qZN9ZSbR3mY",25,171236,3123,420,1928,2
"cNkyE2EMzu0",17,171159,7559,118,1078,1
"20q1e5lIF6A",24,171121,543,161,0,2
"B9ZmMQOrV9o",22,171076,8262,90,1829,1
"3WrupYPNFkU",25,171074,20971,99,6761,1
"isJgzkuvcjU",24,171046,526,150,264,2
"D-ionJkxmWs",22,171031,547,110,214,1
"mnHZzT7PxDY",22,170991,1763,1007,116,3
"8U-17XtqMWw",24,170967,0,0,167,2
"jM9gj-JWJVk",22,170848,4911,129,667,1
"EY_uLFEJitI",24,170816,8864,204,1145,1
"py9lrUq7cOU",24,170799,5785,38,487,1
"VHi2hPwTChs",27,170784,5314,134,824,1
"lT-wFK4SgJc",24,170744,3622,57,661,2
"w5qMOyPuUqU",24,170707,1152,178,166,1
"6olqsC9NVA8",22,170682,12855,49,1070,2
"rXosjCHZPsg",22,170657,1155,22,54,2
"XxI4VwewmPg",24,170654,100,33,81,3
"UuOdVh5hc4k",24,170648,4600,156,2087,1
"NvWX0yBAHl8",25,170643,719,210,1019,1
"VifN_mPWDps",25,170628,4243,157,2022,1
"ok44_RNEklA",25,170581,3498,140,1401,1
"IY-rI7KcHZw",24,170553,1831,123,121,1
"THxkj29w3rA",24,170498,1400,88,298,1
"wYXI0Vt9oPU",27,170497,6097,496,1930,1
"38dVWh53jXY",25,170456,18083,349,6260,1
"jRMRJkwzDcM",22,170438,684,151,153,1
"EDerFEvWmZo",25,170421,2650,196,709,1
"QW4isEXy0BY",23,170388,874,63,35,1
"sL5NKLKgp4U",24,170328,1231,515,926,1
"w0dvx5QGekU",25,170327,0,0,2154,3
"zrlCZpSsFD4",24,170324,12216,654,2847,1
"8Pt-pk9YvKE",17,170303,546,22,278,2
"TR9opsqS-sw",24,170215,4279,101,191,1
"MZ8uuUBEgJc",1,170154,14794,360,1068,1
"Ze6OXuZt6DI",22,170145,1122,154,609,2
"evfM1QDfleM",10,170101,24297,115,1755,1
"LLqeR42OfRY",22,170056,1173,265,1017,1
"tkE45g7vXA8",24,169967,2164,47,253,1
"IAdZCeRbY3E",25,169964,10520,625,1455,1
"5YE-yuqX8_U",24,169960,660,135,26,1
"Nvp_HUj3lG4",24,169957,4416,439,654,1
"_8hvVUIKkPw",22,169849,12338,240,1175,2
"1P27Q5C9cfA",23,169845,1582,44,117,3
"k-LyEEn5Zc8",17,169844,835,94,412,1
"0asPIGtVi8A",26,169794,5780,164,527,1
"YgCRooFZYLA",24,169786,3536,279,270,2
"V-1umGhMkmw",25,169781,395,270,27,1
"d8nn-sLOu5Y",23,169774,9105,108,2521,1
"ZN0ziyue568",22,169734,1882,56,541,1
"EtjoeybhSQI",26,169726,8429,65,1549,1
"s1kSRMpxFhg",24,169723,1018,22,129,1
"pJMJduIG3co",24,169710,827,174,85,3
"E_wwvIA7tDE",27,169706,7628,86,1569,1
"XgbFJUpbk8A",24,169684,1680,277,688,1
"4GV0zWL5QKo",1,169604,13705,91,433,1
"wFUkYmDsEdU",24,169597,333,74,143,2
"Qh-kRij5uag",24,169566,13768,190,814,1
"8TodZkFfWSY",24,169540,1144,334,201,1
"ixGaSpg6Wz8",1,169483,3832,117,590,1
"MsyQ3na4HNA",22,169446,11959,73,1002,2
"ap9JqXgDLKA",20,169432,3319,1028,7,1
"4K8A3WJnYkI",17,169396,1702,80,228,1
"9cPT3IEXlGk",25,169350,737,237,865,1
"Y0dWJtrirvw",22,169329,92,32,93,1
"9yjXC3Im4RQ",24,169321,6999,107,1189,1
"9zNqMgJ5UFE",23,169315,1578,61,201,1
"8TUj_S024DM",25,169298,955,134,226,1
"P9riJUfBFwc",25,169285,187,127,85,1
"d0NcZUjUW5M",20,169278,1869,80,712,1
"x0uaEP43I6M",27,169211,9038,101,3589,1
"YOqmEdoIf7w",24,169203,5577,80,2168,1
"MGzNEPtwM6w",24,169111,5171,28,241,1
"cnzm-s25UcA",24,169102,12965,138,611,1
"gaEPYljtIAw",10,169031,14516,186,808,1
"Lb3wkNv2sxw",24,169030,1026,131,212,1
"E_ZGFa3FMko",24,169024,4915,113,1546,1
"cigfDmZQVlI",26,169011,12973,51,747,1
"TLjY_3SLQV0",24,168996,1995,233,967,2
"LKoTQ9NJmiA",22,168990,23804,89,4146,1
"jCHg3QAbiFo",1,168989,11886,123,300,1
"ryLh3ziJLL0",24,168947,2203,162,464,1
"qVyNjF2oMdU",26,168944,5066,136,392,1
"F_NL1kugVwk",22,168933,6981,82,1622,2
"rUiUdecj3kk",20,168906,6173,176,2587,1
"rJ1K2I7m60w",23,168848,17527,48,2731,1
"fReMsdwpl7o",27,168840,8879,179,1073,1
"f6YOk5M-6JE",10,168793,5049,118,199,1
"5mkXlB0LVnM",24,168779,399,75,61,1
"hBDW0WVMKRQ",26,168779,4294,346,700,1
"W7w369RuWMQ",10,168775,16472,113,1490,1
"PmsXxD1wM9A",24,168739,2332,36,449,1
"5HuUnJHf6yk",24,168718,6414,118,479,2
"sbxP1ndw2ds",26,168717,16278,165,1702,1
"_b4ORp2cwhc",17,168712,1255,130,674,1
"6zjni6dDW-Y",10,168689,14992,60,1346,1
"8GHgLMUFajQ",17,168671,1542,701,1250,1
"lqwRuzVx-Iw",25,168670,2403,174,315,1
"4nJ20vxL2Dc",25,168667,405,106,186,1
"Xv2nPTJdXnQ",10,168635,21309,232,2927,1
"DgehKvd25lc",25,168621,24661,97,5630,1
"1VK0VAZzrgw",1,168599,9559,170,967,1
"O7qCZ629im8",26,168581,12697,195,1375,1
"B5vBuijQgfo",24,168533,4634,80,755,1
"K1K0piNm3IE",17,168500,1502,40,161,1
"lZjDxpC8RSw",25,168472,788,1190,3716,1
"ba9zAwXnY54",23,168469,4059,96,573,1
"AIJuyBah8Dk",20,168459,3372,264,722,1
"pijvFtCXCKQ",27,168414,14703,378,1829,1
"ZB21MdEoDs4",10,168404,3302,535,2245,1
"YuRU3NN_ktE",25,168360,557,19,291,1
"_PGtWm3suSY",25,168262,6100,230,2595,1
"mpHw5399vhU",24,168244,367,88,156,1
"bAPRNe66wuI",1,168132,8856,507,2203,1
"u7xlGcLGTu8",27,168122,7205,494,718,1
"v_tjrHg7LOk",20,168071,1343,174,332,1
"ElKPnh0Q8pU",1,168070,12711,110,945,1
"3HdfZKpbg6E",22,168063,89,40,129,1
"dqecy_ezzEo",17,168060,174,209,699,2
"Oms4Lasc7-I",24,168057,1241,37,420,2
"4y9_V73e08c",26,167989,9954,118,798,1
"7CJ1LGcsdYs",10,167973,13057,132,908,1
"apwYMFh2_PM",24,167970,1104,90,291,1
"2GeslDuE6mo",25,167957,3544,251,958,1
"A4-Ato7oJVc",23,167927,3835,87,555,1
"yuDGcDygadM",2,167916,7684,193,739,1
"HmhKdhF2bMI",24,167907,10588,74,711,2
"tSQz6hDd-j4",24,167870,3974,27,164,1
"fkYxcnJz-Lg",24,167866,7480,112,849,4
"yI2k6OKsSVw",26,167847,6799,105,581,1
"wfAELZkdayo",24,167846,4552,1084,743,1
"nfWG9gCQ6z0",24,167821,6454,95,737,1
"Vs9u9w_xu18",24,167806,1504,182,1061,2
"goR9iTdflso",22,167788,677,21,35,1
"BO0HrHhrgCw",25,167778,2233,242,780,1
"1iH7bRCv8FA",24,167757,3332,61,421,2
"XLNZ6XWfTYg",24,167756,4487,52,438,1
"6-nJVYnpUMs",22,167686,9464,685,1107,1
"Z7ZxIKEkPHo",24,167679,562,163,31,1
"gEfNUJeUJpM",22,167670,973,122,668,2
"bWXvDEdnR7c",20,167650,13717,195,1017,1
"Wm1lZuPglf8",24,167590,1104,186,129,1
"G7kow44p8vc",27,167589,7340,600,1705,2
"KmaaVzsgQYQ",24,167577,3448,86,268,1
"DDooatmD11E",25,167551,3443,195,569,1
"xmHJnS8Mh6Y",26,167538,9324,247,413,2
"qjz8G4AGnic",24,167531,3052,112,446,1
"lFlI7Y1M4X0",10,167477,4788,55,621,1
"lRBF7NXp6sA",23,167429,2420,25,127,2
"3xkveC4ljD8",22,167356,2024,141,578,1
"m1_4JFbedZE",24,167335,1483,125,208,2
"i_cJjaMReyo",25,167334,8953,311,2706,1
"BB1BmypZymk",19,167332,1244,36,129,3
"3OCEb7pZwhc",25,167244,328,240,59,2
"usmu1jMZhSQ",24,167235,2335,130,1017,1
"jIl9CuP10ck",24,167227,1065,25,79,1
"EoFTfhoocfE",25,167199,1035,113,437,1
"7QXssPVCCT0",22,167197,8475,57,530,1
"5pZS1lA_MQg",23,167190,13742,395,1400,1
"buWkSPCO13I",24,167183,717,194,68,1
"9mBeK-kKPJ8",25,167175,2705,191,533,1
"Dbq50gCv7dk",15,167164,8706,507,1399,1
"CMc33yTV5yw",22,167139,927,173,475,2
"umPDFJkH3_M",27,167064,6304,398,837,2
"hPFvvGXIIf0",28,167053,11879,246,1435,1
"IkxLym4ENak",24,167021,1117,176,100,1
"nX4i5S_LHLY",23,167014,1744,43,136,1
"RNwsmC4EwCA",24,167002,355,82,136,1
"Xe7NWI-HYjw",25,166991,2961,251,709,2
"oXR1SdCJpTE",25,166977,2616,215,528,1
"s7TdlZ-NlBw",24,166929,3412,335,1055,1
"f4sNSUHR81k",24,166897,3514,173,1540,1
"WCeUjXhQ7FU",25,166887,2988,243,356,1
"TSkZ3UZgutw",24,166840,8708,139,5529,1
"QUUOLFAbJ6A",17,166818,465,42,60,1
"XXeG6oJc2Lw",20,166816,8268,213,281,1
"JlIJv4N5s5A",24,166812,8796,38,1306,1
"7x-1n4cqG7U",26,166754,12279,53,820,2
"WVeVXtC00YY",10,166751,1647,75,319,3
"a5nxCM9T3Pk",25,166710,1058,113,72,1
"QT6SOdngu9Q",26,166690,6074,98,702,1
"9OmSGgZlIK8",24,166619,4679,49,433,2
"I-EjUI-lkrs",24,166512,3165,138,1021,1
"-IcvdpRm9B4",25,166492,5177,96,1046,1
"y9r_3IJdtkU",2,166458,1825,112,194,1
"WqB0CE9YjCs",24,166446,1578,130,209,2
"KsZklbhI1kI",25,166443,4122,75,363,2
"AGBnpEU3gwI",24,166439,5383,43,672,2
"yoanYB9YvxE",24,166434,14145,192,2429,1
"pvIGyNR0-Xw",24,166372,1963,115,170,1
"BvGEtDVi008",25,166328,2007,127,695,1
"O4OFkLx7AeI",24,166304,4752,104,758,3
"WAhgxhppeEk",17,166292,609,29,326,2
"CeCd5ZWMYjA",24,166282,192,47,236,5
"dl3jeuZ7Ujs",24,166278,14028,296,6583,1
"9kaschYWeDE",22,166269,1580,237,867,1
"cyVwmYfnDgM",23,166257,18123,807,556,1
"_yhb3gj2B4U",26,166219,9165,163,429,2
"V7JDUXc35WY",17,166216,1320,207,1298,1
"a6nZkyS9498",22,166211,1214,171,808,1
"4CTEnvdpXls",22,166194,7393,584,11105,1
"PGUidGOv8tM",19,166167,5226,109,593,2
"14P_ewCNSlU",20,166119,3663,100,558,2
"Q3XB6FZ1miU",25,166110,1319,131,769,2
"GzZfa8XWYJI",24,166103,532,106,112,1
"_hBAr7uJ6L8",27,166074,6807,79,395,1
"t7oxWoH38h8",25,166056,1065,491,1695,1
"mgnC_qr7FOM",1,166048,1527,44,471,1
"yido7eBL-GI",2,166047,9420,66,1367,1
"NGfeEqMLfdk",24,166037,910,56,157,1
"iwrOIl7hwQA",25,166021,19881,97,5305,1
"EMgfQMnPtTg",27,165938,8401,243,1033,1
"J7iuXrfCDD8",24,165929,4006,130,2569,1
"44ElpmZZQEc",10,165852,12920,218,1858,1
"TQ2ZcJNMKEI",22,165832,587,124,252,3
"qhf6PVhFZcs",15,165832,17579,67,1213,1
"-tcumMPlVYk",24,165832,1050,109,383,1
"JRAEzT6Xg60",24,165828,1204,126,185,1
"RwokCE74vSc",24,165797,772,120,74,1
"Q9h6sbYeaVM",22,165772,771,251,1576,2
"g3d0s_tMn2U",23,165739,7955,417,575,3
"ttzrOVnPZ30",25,165639,5577,330,2797,2
"eOVOp0uO9cY",10,165609,5096,53,279,2
"4b_tL3mh-Gw",22,165607,11390,163,1968,2
"dZdXpYnaG30",24,165600,1654,129,194,2
"qdks6x5ny0Y",24,165586,673,120,69,1
"74Hcb2Vs1sY",25,165584,2402,258,598,1
"AmA7aUn6_Ls",24,165576,11129,691,1044,1
"ZEqWh6fl_sA",25,165537,2695,132,1564,1
"ah_u9Yzyilk",24,165434,4281,202,2135,1
"GY2eAWpW4_U",25,165420,23320,118,3914,1
"cdBGmiIOYug",24,165402,824,142,509,1
"0FH_P_maCdw",17,165383,1893,82,682,1
"F1OsnLHxlCg",23,165332,9051,94,916,2
"ICl3VK5mw78",24,165322,3914,246,601,1
"_2d8BTYMcIE",24,165309,4938,112,1199,1
"ZmPpYKwhewQ",22,165295,1272,105,612,1
"y7Qo4FP5Xns",22,165254,7081,70,550,1
"OZi6IjkTJ2U",25,165237,5923,77,591,1
"d1CRGkDgrrQ",23,165224,2548,65,87,1
"XILug7SKMVM",25,165186,3794,239,666,1
"nByvlE7y71Q",22,165176,34756,28,4429,1
"LnOcGSpB2lA",24,165173,1689,83,264,2
"QZTExTxX1uA",26,165172,12650,161,994,1
"v4U9qWxoR7k",22,165155,1391,306,1135,2
"uefLpz66eJg",24,165131,3497,113,2608,1
"4mekxI5PC-c",20,165084,7973,85,922,1
"hIBp40mAm4Q",22,165053,236,195,18,1
"n_KFt0Uk2V0",2,165012,9659,272,1802,1
"93OdUoIN35w",24,164996,730,104,85,1
"rs4jB2H8i1Y",23,164942,1929,109,211,2
"ww4UsAZQTxM",1,164924,3236,118,575,2
"rRapywqA-yM",24,164877,1941,92,348,1
"asUeleSCSgw",24,164870,1693,39,160,1
"gQ0QAUBjCK8",26,164837,5904,83,291,1
"SxHV2J5WY6A",25,164824,798,100,2766,1
"0mHNLsiNnzQ",20,164817,8868,60,531,1
"9eGBFS0d8ew",23,164813,856,17,52,2
"QzXter3x7mg",24,164780,236,81,279,2
"GBU0qzwIuqE",27,164731,683,135,26,1
"b2FZG0BjgRk",24,164726,3654,164,1586,1
"SLFp1gADXSY",25,164629,1359,127,756,2
"bEJMTFi27iQ",24,164616,609,166,24,1
"GxtfyG2c38M",25,164607,3585,151,867,1
"MvMnAFUehJ4",22,164564,2737,214,569,1
"NQsJNX3ttjY",22,164496,1215,113,825,1
"ZiyKNOrsk9Y",25,164479,504,229,1133,2
"qLTUGigdHw4",24,164462,1275,66,249,1
"ixQ0GrnfIco",25,164448,0,0,414,1
"chFKDaZns6w",24,164412,16078,1928,4132,1
"p_Q9VwHR-mY",25,164396,2685,210,695,1
"zk0VPV6kw80",20,164378,12128,441,7005,1
"UxGTrgTSggY",24,164372,984,119,118,1
"i47zrx24dpY",24,164363,12198,282,775,1
"WakC64UeF1c",23,164350,18373,66,1151,3
"pPpiBbWNUko",25,164313,2090,173,283,1
"LAwlYeeF8y4",27,164303,15181,240,1586,1
"Ku-GtdalD1I",25,164298,1898,103,657,2
"d4OlDh-WkTg",10,164269,14815,30,1168,1
"hkl7dke6UQk",25,164189,1845,1215,3472,1
"bywOcY2CaqQ",26,164175,7899,102,747,1
"oEj3mlOJbyQ",24,164153,4810,203,356,1
"nAT2FVqY0fI",25,164121,0,0,1584,1
"wc9034TQvVc",24,164112,1226,83,208,1
"Jjs8CIeHNeI",22,164110,725,133,322,1
"Ajp5GwnAtsk",24,164104,1616,109,355,1
"_3m18j-HuXU",1,164099,5054,164,657,2
"IsflKyIHlUE",22,164088,831,36,58,2
"0sqLSQv2vhk",25,164060,3624,319,1562,1
"UJ974Kj3z_8",25,163995,2936,232,694,1
"aL5pEcwfRgs",24,163995,1069,191,146,1
"TFXwWdKmevc",24,163968,2585,126,752,1
"Nt6sVqhG8Oo",24,163926,1118,150,390,1
"u6crRYCisF4",24,163901,998,104,179,1
"8ZzMvu2h_NY",24,163890,6603,151,899,3
"59UG77ujIf4",25,163883,1764,129,1334,2
"b1BAq8T9kqY",26,163882,11453,210,939,1
"46GWXL_EaHc",25,163786,1329,190,1464,1
"XahosSIg4a4",24,163777,3528,40,1747,1
"eo3Mm1FgF5E",24,163773,7144,83,2677,1
"icCEUJLJbEc",25,163752,1071,89,610,1
"citnBKXWli0",25,163745,2695,208,730,1
"wirPMSnVTX8",24,163739,18540,116,2373,1
"yP9pYm_ERyM",24,163695,4094,141,1874,1
"u6P4T0hIv9M",27,163686,7023,130,770,1
"BB31xmhTdsg",24,163678,8159,264,1585,1
"59R4sdIPuwk",24,163662,1017,72,268,1
"gd0ZNPL-W3c",24,163606,6238,62,825,1
"cC-NvnKGh8Y",22,163606,3673,180,852,1
"ix9lu2IwKgQ",24,163602,4087,293,2102,1
"KvYNjjBnY3o",25,163567,2597,92,754,1
"sB9dd0VSEMM",26,163557,6164,96,359,2
"wNLAbbnGTDQ",24,163547,5108,454,805,1
"2sxuAm569IY",19,163473,4289,81,472,1
"tdUGjaVZ7sk",20,163442,3794,91,1015,2
"-TEoysQoMJU",24,163393,3996,205,2004,1
"o5ftrnQI-Fk",23,163373,2074,99,362,1
"VzZcIKIsAxE",17,163352,1493,62,534,1
"0a_gFoE2a_0",15,163237,15009,67,1014,1
"ASgsMDz17SE",1,163220,16457,74,2309,1
"1ARqr3JWUOA",17,163201,330,22,167,2
"vpFUvfAvKs4",25,163195,9329,155,3314,2
"myRlR2LAWn4",25,163179,4356,115,1329,3
"Im2xy2aNnzs",24,163171,746,145,67,1
"P-f9U_YUums",24,163163,4789,128,2426,1
"63eHN7yl_y4",24,163152,2413,176,976,1
"_xGKlNzipdU",24,163150,1227,41,108,3
"0Le9b09TfTo",25,163055,2430,786,2638,2
"v-_9AyzX8Q8",24,163036,13435,201,782,1
"fMHfRqP0KSY",10,162976,11347,172,1065,1
"yWIJMEt5EvE",17,162973,635,44,278,1
"OjeAX4yn2LE",25,162948,2841,204,406,1
"K-AbozoXAKo",24,162918,2270,402,1540,1
"r6gYgFth7r8",25,162908,283,28,197,2
"F4X_oShJVo8",22,162888,2901,468,664,1
"qcYrYwHoL_s",25,162868,3208,202,450,1
"1Cj8d6EcFp0",24,162864,19155,33,957,3
"o3T_o4WM-n8",23,162852,10284,197,1845,1
"M6ahKUrCNNM",24,162810,6777,363,1962,2
"GEO7BS4CW9s",25,162806,2504,1758,3886,1
"eu2TH7WpnXM",24,162792,11364,165,1172,1
"IixNLqhrwRo",22,162782,1310,128,365,1
"w5fComqyUsQ",24,162718,2243,104,502,1
"zOQE5GqE7A4",22,162708,7136,76,1184,1
"dsZWCJlDl8M",24,162688,731,179,63,1
"xrhOwpl-LQo",17,162682,1015,48,687,1
"fRc10tCB3Do",25,162648,2048,158,294,1
"1GuLZmam9cg",22,162634,1512,170,53,1
"oQGA42-U0Ro",24,162613,3375,91,245,1
"6sAbH_ojIwQ",24,162601,3665,119,948,1
"tfun1a3AWN0",24,162563,12471,154,1772,1
"68rboS5kBIQ",27,162522,14485,37,1074,2
"f07Cad9gBy0",23,162512,13811,255,1056,4
"DyCXNVfqSrw",25,162498,1915,113,1044,1
"BjQ6hFnUsdg",26,162468,7455,186,461,2
"zOLnToPoMt0",27,162381,901,25,83,2
"GLER9zyT2Lg",1,162366,688,263,320,2
"XuOLcjcgTTw",26,162353,12945,326,1040,2
"ipjNJS6-TyI",24,162337,2819,51,281,2
"Q7tXF3oOCH4",22,162239,1109,149,1392,3
"-LWAuvg3aL4",24,162166,1059,107,0,1
"HU9E-CDCHQg",26,162113,10817,172,1239,1
"If-g4KwLz20",24,162046,1184,56,274,1
"Lqy1tQLywwM",24,161996,20185,74,878,1
"9_8mXKCBtm0",19,161971,6130,169,907,1
"krUz052oZXM",27,161893,5306,179,1151,1
"kP9Sr2awCmM",24,161885,15052,111,1086,1
"QS9UqUD9knA",25,161877,2541,185,366,1
"u31uorMMi-g",23,161847,17373,92,4409,1
"JaXvOMjPrAw",24,161807,413,140,59,1
"vx053TnBOz8",22,161747,4746,76,206,2
"jeqW_Ga6F0g",25,161732,1921,203,721,2
"axgFo7QazQo",15,161727,1938,170,167,1
"DTfQRFjxkFw",25,161712,713,100,1080,1
"VgAnp5cUwSU",23,161709,20224,182,1101,1
"vHmw9EAFrro",24,161692,659,161,21,1
"BoGOBJBNyUI",24,161685,4084,134,356,2
"IgUlowmSeHo",27,161597,8670,128,816,2
"198VKj8NcYs",24,161592,2783,71,172,1
"CgImeJcZEb0",24,161554,596,152,48,1
"Y8hzEMxM7Gk",25,161528,252,66,83,1
"Nf8flsgc_xI",20,161512,9401,178,79,1
"xWBVxTEgoYk",25,161492,207,129,1512,1
"ycrmp8eEAGY",22,161482,936,97,348,1
"6XfZzqh1kws",25,161418,589,483,2118,2
"DjL9s9yT3w0",17,161392,960,38,133,1
"Wu2teJiIxQ0",1,161379,12015,91,741,1
"S0IZJPtoX8E",25,161370,6020,288,2113,2
"1pBiCGsfStw",10,161350,2065,224,810,1
"kzqig4utv5g",24,161342,258,47,379,3
"uJN7M89omyg",23,161318,8854,157,3281,1
"_vUpDD-Qrwc",20,161290,10036,147,745,2
"niMdVNBet-c",25,161287,1392,195,1032,1
"jOZCFWAoAn4",25,161283,692,146,848,3
"hKt-cOkb-qw",20,161251,3408,195,607,2
"0EQuVfP-vXs",24,161225,431,286,250,2
"70JNAKYyv-g",10,161173,4840,180,259,1
"OaKdc_PiRp0",25,161162,1516,59,459,2
"O2dy35QATGU",22,161132,965,116,388,1
"Efa9BH-uvXM",25,161123,1063,135,141,1
"9SMAviS_ZIo",25,161120,17096,158,2462,2
"jADNUJvZMDk",24,161076,1416,131,105,1
"KBlme4px5n4",25,161060,6203,222,1733,3
"_tJgT1IHGOw",20,161056,12346,82,853,2
"yi4sdVS3oAw",20,161049,7351,184,3567,1
"9akI7kahHV0",10,161033,2658,49,479,2
"ab_2OvXXHqw",26,160973,5697,249,963,1
"5gOeBE-ylQw",2,160957,15179,117,2377,1
"5Rfx-Ap_88E",24,160951,6452,431,613,1
"vqf1pr36OCg",25,160844,16534,108,5414,1
"8_942GMxf98",22,160820,15459,152,1502,2
"j3sVkMYGejc",24,160816,11380,1403,3880,1
"7-X4Zzoyv8I",24,160811,4798,64,648,1
"Iq7cqwPrJJc",10,160809,4027,96,0,1
"9du6mAxEBtk",24,160766,503,91,113,2
"eXzdyhPeMMs",20,160752,9629,226,2363,1
"fUunfniUiBI",24,160747,924,145,120,1
"qWfnV7iapbY",22,160732,636,41,52,1
"UypNWebswzI",24,160713,4962,46,341,2
"Mer1eK9ot3Q",24,160670,772,178,355,1
"Rlw6iEB8tSw",25,160665,3399,300,1711,1
"UsFFsXXqCLQ",24,160627,2111,154,394,2
"4UioStUBwCQ",17,160589,369,48,46,3
"CxC161GvMPc",27,160530,9556,184,840,1
"7okT1lJ2TL4",24,160529,2046,61,785,1
"esPRRWVU52c",24,160528,14168,370,2724,1
"hgdtr4yvV9E",23,160508,4016,175,409,1
"-n5JYSl_ioA",25,160485,11449,466,1219,1
"r6agxRzU2ig",17,160470,599,33,319,1
"ZQfMgyqFCaU",1,160454,136,41,357,1
"OzhHC71EqB4",22,160441,3206,150,758,2
"_QBhZGPG7rk",17,160435,9839,34,363,1
"e30ZgPwFyCI",27,160405,8793,110,1522,1
"33kGtqkjLQY",25,160402,2428,216,544,1
"3Sk8m5SEpOQ",24,160399,9664,125,10154,1
"uCdF8FddtgM",25,160338,5239,428,3209,2
"aZ3t_tSBaH0",24,160327,1138,186,27,1
"jSR_iNlDAj4",17,160326,1280,159,1057,1
"OlEV7ZJMpWI",17,160294,477,35,177,1
"LDxgPIsv6sY",1,160265,1295,89,127,1
"BYxPx2mxNB4",26,160254,9019,160,516,2
"DG6ar_UDwPc",24,160229,347,55,286,2
"2RpuGq1I_tU",10,160199,10423,105,900,1
"xDsMX18qSfE",27,160188,8033,168,1374,1
"RfZPzeLUNAg",28,160131,1484,191,454,1
"mLNSoUnA6cM",25,160122,784,111,475,3
"vKZY-fNO3UI",1,160110,9516,139,2705,1
"X7ZU_PVw1rU",1,160087,133,47,183,2
"kZ2jJbO-APE",25,160059,526,203,641,2
"IK5kmFarbqw",25,160025,2644,232,516,1
"ZSCjN6B3EHs",25,160022,840,167,587,1
"KBi1D9Y_FP8",24,159988,1903,133,729,1
"UTwTbAiQFr0",24,159986,1231,71,514,2
"60visWJPLdA",23,159952,6523,75,719,2
"r1Ge-hBfRAY",25,159846,5071,297,1991,3
"5AsUq0WJfrA",25,159804,22644,84,5999,1
"jBXKzWbbCSc",24,159789,954,116,167,1
"-nu2hzgmn1A",24,159736,948,77,125,2
"7_C5v__scfE",24,159713,3036,115,532,1
"j4jaYFNwEbc",25,159643,3156,200,395,1
"9WnRyQ8jEAk",20,159619,9388,306,3940,1
"y1SpCc1jbGU",23,159586,1259,37,132,1
"mhHqHfwiGpA",22,159554,365,81,7,1
"5h5KgXBOF5c",23,159537,17578,65,971,1
"rL3y-7Fzmyw",24,159522,1625,160,1468,2
"fUN9rDzbq-o",24,159505,4757,55,471,2
"OCUlCAJ7uQw",26,159504,7714,46,530,2
"oYi8gbFlj6k",24,159427,498,90,528,1
"DtJtPv7i3EU",19,159386,4712,99,459,1
"htmbDkAgA2Q",25,159367,1411,122,606,1
"uPimPuPEWzk",24,159330,5188,98,511,2
"PcGE4WA_Kmo",24,159327,2859,301,1148,1
"H9zGeEiDnp0",24,159312,1647,244,168,1
"fAYef2fkfOc",24,159299,9683,39,2256,1
"ZPqM7Q00bW0",27,159239,9727,233,3210,1
"A1zDdqwS76o",24,159219,1753,17,588,1
"obiPv4pCAjg",25,159115,2669,212,367,1
"KNdFBDz0B3g",25,159077,3393,142,1106,2
"kqNMr1kGJAY",24,159040,13734,221,1882,1
"Mp9HNXd2I_c",25,159038,1876,311,1205,1
"jyD_pch62QU",25,159017,574,149,155,1
"H9TUFvu6OXw",23,159000,2237,161,255,1
"u8Oh1L1aN8M",24,158999,5126,248,843,1
"wAOaICfJ_vU",24,158998,9544,36,487,2
"KhNIhqhonIU",24,158930,2323,70,105,1
"WcmNEq81abE",24,158930,4100,503,819,2
"oNWScLy3Dus",23,158902,8988,184,525,2
"qL10pBTWqsU",25,158887,2682,231,294,1
"mXJ7wX6CVDk",24,158882,4236,223,1019,1
"fJhcZ3B5z2w",24,158853,1351,126,190,2
"o7j0ltKdDuE",24,158852,805,183,187,3
"AeaLeNuhSig",20,158824,11391,123,575,1
"FyZMnhUtLfE",1,158815,218,30,186,1
"XycGoUNcgEs",17,158766,5793,23,390,1
"uwuF1NxYb3I",24,158717,8007,151,1828,1
"niHjCxIb_eQ",25,158673,2309,167,350,1
"bwu1o6jvyA0",20,158672,7576,78,1949,1
"k9lVxawZCpQ",17,158659,401,72,25,1
"iN0rb1y5XKY",10,158601,9057,114,514,1
"y1YaDLhDrMA",24,158571,1441,583,426,1
"02HnkH92b6k",1,158567,15274,90,1941,1
"LPnFeFa1NXQ",25,158530,2842,309,1987,2
"2UIEBgW7IIU",24,158517,4187,66,472,1
"nFSMvRWLap8",25,158478,2165,153,350,1
"4YkK1BtBri8",24,158478,1723,137,152,1
"zbNXm6yLecM",24,158474,1837,582,1212,1
"uwcBC0lOiYc",24,158467,2246,32,235,1
"PzHwMHPJ-CM",26,158438,17110,145,1659,1
"z_yZp7vpHOc",17,158391,1191,88,426,1
"pRop_zhTiYs",25,158331,2125,415,450,1
"E05zxMgqH2A",25,158330,1416,235,743,1
"9M-Y6NKwMQQ",25,158329,0,0,1422,1
"sJdzFQBQrF8",24,158305,2948,340,1798,1
"7XEAaw6o7tQ",24,158269,1018,83,259,1
"EtkoAbnlWKc",24,158241,948,18,54,1
"uYvlA8y3kCo",25,158220,3034,176,771,1
"6acaWp91s3E",17,158207,2218,22,473,1
"frszzTXxwLY",17,158191,3883,67,104,1
"nDixoT8GhMo",25,158188,8752,155,1203,1
"1FYB1uPaW78",24,158177,9100,61,676,1
"hEUj5Lbb9BY",25,158167,2519,46,608,1
"NHcAwyDa1oQ",22,158108,13013,653,3215,1
"k_BPFzUI85w",22,158079,12768,33,1945,2
"f1mjOIa8pTs",28,158063,1271,174,322,1
"kZgfR4M1VhU",22,158019,597,39,61,1
"gu5Pi82-G8c",1,158018,14938,80,3180,1
"pWldZqMhEyY",24,158013,1578,213,1522,2
"qpAo_XvCQaQ",24,158013,2232,72,197,1
"2hvQw_B2PTI",24,157975,1960,40,375,2
"cRA3Eryr3tM",22,157944,8457,184,478,1
"_Y_a0PWlBr8",10,157895,14255,86,2241,1
"3zXWbNCaRtc",24,157868,527,102,918,1
"7qqRmrPU48g",23,157861,12174,206,627,1
"5gII9AmH_bE",24,157859,226,64,267,3
"HJLNVcBiObw",24,157851,2780,246,2484,1
"T5laM742hUM",24,157830,1136,107,206,1
"uJcvROfiHek",23,157821,8365,87,547,1
"C4gZjI9Avvc",20,157768,10045,49,584,1
"KgfWpWOueCw",25,157758,617,188,401,2
"5d2-L1Jejpw",24,157711,839,93,260,1
"BgsAIOVPhwA",22,157705,4396,493,1015,1
"9pfjrlYymuk",24,157688,0,0,259,1
"eezTtf2tFM0",1,157658,6786,85,2723,1
"-9_NI0fn9Cs",24,157600,1498,111,403,1
"rt2K9NyDn6c",1,157590,14465,79,5723,1
"2QZTXtJmbRo",22,157562,7931,63,1951,1
"udAMokMnMPQ",24,157537,9489,157,833,2
"J9dOORsPoA0",24,157469,6730,90,1132,1
"DKj0AR3Q6eE",25,157441,389,217,12,1
"yevjG5A_7Z4",25,157390,1455,81,1617,1
"g8isA2m0n_M",24,157388,1127,18,32,1
"EYspF1qHhEI",10,157356,19876,239,1811,1
"0spvT8pdFKg",24,157335,624,160,29,1
"tXS2zlwoYJA",24,157304,2545,1414,3442,1
"Rtm0P1w0W2Y",25,157301,4175,218,2493,2
"NrSD3bFhCt4",24,157293,429,100,549,2
"ySJZJ-glsjM",24,157289,1895,187,422,1
"pjDLp2gw7HE",24,157231,617,215,65,1
"gQqq4xOy1eI",22,157227,8946,395,776,2
"jfFQPGVZPuk",27,157226,6713,50,521,1
"VB3EAk-UeuI",26,157214,8127,166,615,2
"pltpEQXxKxM",25,157181,1141,58,607,1
"qoj9l0CCp6c",22,157155,2358,692,1405,1
"ALEjQge9Gcs",17,157067,1179,120,959,3
"8oHAKlhOeZQ",25,157049,2197,169,257,1
"oPIk6_u3TI0",20,157039,12040,125,809,1
"RJoVQZfmmjY",25,157013,910,244,469,1
"Kr4cqhytZMg",24,156956,10404,191,921,1
"8yuc-T7eR0A",24,156917,476,26,55,1
"ZeloaeRsan8",17,156861,1672,93,664,1
"7Prvp-QASfc",24,156854,5310,42,201,1
"jfTGBOIdkq4",22,156841,1581,223,794,1
"Ltodvng8XHY",10,156818,34387,113,3960,1
"fGz6tluEUmc",24,156794,927,74,136,1
"iSKO4igZtYo",24,156741,4588,57,946,1
"toPXUQTF6wg",24,156690,760,116,115,1
"AvTLlhV4fvs",23,156687,1919,101,129,1
"2P6dG-csseU",27,156669,8020,126,1015,1
"DzLJCu95RKI",10,156646,14799,85,1353,1
"iBIcBOdwPHc",23,156627,613,267,248,1
"_DBzRsStASM",1,156578,1574,149,718,1
"tXvMjFxMR-E",20,156575,2604,116,478,1
"bNJOpnztYgg",24,156531,3200,48,193,1
"c43kHHRXkF0",24,156528,4407,133,639,2
"z2v9Ac7kB44",25,156518,2782,238,1012,2
"uUPephy-FPE",24,156517,3155,182,265,1
"CNuqzIguyCU",20,156509,11061,236,1830,1
"g9bAixFICzo",1,156465,124,27,119,1
"pOTruEpsrYw",24,156463,1469,789,1426,1
"j4QVVe5paHg",24,156462,11880,23,874,2
"3nnE6V-4PHg",25,156460,2346,186,370,1
"rdVgHzfl_kk",15,156453,9139,33,509,1
"hqYqdgHIRY4",24,156450,2370,40,83,1
"fgHVaGmU2F8",23,156441,3094,83,194,1
"3S6HQGHqQa0",23,156397,12343,267,2760,1
"EAw7xodknpA",10,156391,5439,364,689,3
"VMsrHhGiCKs",24,156379,670,94,97,2
"U8PauhAxZ-w",19,156375,5024,83,894,3
"uvWUCNP5a1w",22,156354,1039,120,842,1
"Yy4Jvbnolg8",24,156339,2579,42,396,1
"5_ZsSvfr8Mc",24,156317,488,44,245,1
"zvkfWbrEEPk",24,156207,6743,150,1071,1
"JdxW2UU42Lk",23,156206,12390,421,1155,1
"3I49_goRLDU",24,156205,2786,54,442,1
"yZMRXTmFzPs",26,156204,13051,430,1270,1
"Zhn0TDqvVds",22,156201,2044,133,480,2
"GHu9-tSc1C0",22,156200,296,78,431,3
"2H_wqoOapu4",25,156181,2252,203,327,1
"XGgqTcnDg-s",22,156108,1861,200,307,1
"A3fWN7zD3Yk",17,156103,1696,79,133,1
"wdNdxixXIrY",26,156090,6995,124,635,1
"FTLIRhDKKio",17,156088,722,181,369,1
"1L4h7Y0frpA",25,156073,0,0,307,1
"7ubOigMct5I",25,156031,3204,114,820,1
"7mxb-a1xTOU",24,156019,578,36,35,1
"sr_o5J600tE",22,155982,915,225,631,1
"ZUmof5JNCVI",24,155970,18387,83,1824,1
"2nEvHeEUnVE",25,155969,386,5,34,1
"-qJ2X3QhxZg",10,155941,889,100,179,1
"vEUAFLgZ5Ks",25,155931,2862,246,497,1
"GXpItQpOISU",10,155913,1178,81,137,1
"0j-r8566-FU",24,155885,6053,84,862,1
"42o0tcaoCao",25,155873,2370,205,1119,1
"vMQYhSwQZWA",24,155853,3540,44,497,1
"olrLxfguR9Y",26,155826,14207,140,1354,1
"JTseGh8VE5g",22,155824,175,41,52,1
"supVs9ycy_0",24,155810,1791,201,178,1
"WsHuPGxDWCc",1,155787,2916,74,525,2
"6ZB3Ogq6C60",10,155770,3945,382,353,1
"2Mdgdg8hwuM",23,155770,13204,195,2100,1
"GeRBie-8OmU",25,155719,0,0,324,1
"auUvLsm8zhs",22,155713,7144,319,743,1
"FjK4dPNH0a4",25,155710,1182,72,1673,1
"4Q9cW34Aafg",22,155634,2578,44,201,4
"xwsD-PzgTWs",24,155633,6046,62,819,1
"DizdUzf_NeE",22,155633,7042,273,2209,4
"JABXxcHa00Q",25,155583,431,114,86,2
"bQU9_Zdb-t0",25,155495,2101,158,282,1
"CjeLXnNG_0w",25,155478,3630,259,3099,1
"t57DCRFZA8A",27,155404,5523,116,476,2
"3jDYE9txPoM",20,155403,5791,136,61,1
"fr5aMI0Whbs",24,155390,1084,28,88,1
"p3AdavAxQRs",20,155388,6216,431,32,1
"7lOmjcyYqzY",19,155387,6617,89,1268,1
"qLNq0Hjvq6Y",24,155361,3739,171,569,1
"CrGC6WHAspY",24,155359,2362,47,314,1
"hgawsqz880I",25,155339,1423,118,1334,1
"kB5l8duN-1A",25,155323,3245,229,1774,1
"RoVFJEP98dU",22,155313,5087,69,691,1
"Vvd9T0Mjy1E",25,155294,1138,396,387,1
"TgJOhyexcC8",25,155292,1411,135,870,1
"-NeVYMH4hi8",22,155234,1522,45,497,2
"6cKztelsmPk",22,155230,1296,89,496,1
"e3CyWpjzoUA",26,155224,5679,117,690,1
"6Ss5oA9JDBU",24,155172,1439,173,1085,2
"xixRf5bipg8",25,155157,1773,84,1145,1
"z5ny5inHBac",24,155143,4166,86,714,3
"_wNZbgBPz1Q",1,155135,12270,568,2287,1
"UnwjBv38fWk",25,155118,1403,133,1076,2
"wECnPUSZrf4",25,155092,2660,1864,0,2
"s0EuQe6BOWo",27,155012,10211,131,2655,1
"WA_bzIx8X0k",24,154980,534,101,47,1
"fdaFGfjfFeM",17,154964,1394,98,374,1
"H3CZSrTBXlw",22,154957,1374,279,1964,1
"s5ssH692b2I",24,154892,572,167,28,1
"uRm78Zbi-iA",20,154867,567,239,272,1
"uyn-3kduoFc",22,154863,1948,641,10,1
"tjZTEuPQWCo",24,154845,515,107,47,2
"2s_C-Bf2jJE",22,154826,753,86,115,1
"xLserXBaKV8",10,154803,1444,59,33,4
"rR4thoqzJcw",24,154782,512,74,142,2
"oMM0b9Jh6Lo",24,154699,3746,82,852,1
"LOFCVaHrZ4Y",24,154668,4792,50,467,2
"PBSU6iO7SCg",24,154651,666,198,93,1
"AS-h-hiLqbc",25,154636,2349,180,429,1
"xlKKqq6R21g",24,154628,1638,16,109,1
"jP7yW-JJuPo",24,154621,2133,76,188,1
"SRtDMiHEljk",25,154591,2470,174,273,1
"sOgvkUwwTa0",22,154571,8902,298,1169,1
"jxnAfB04BIU",24,154551,1218,74,293,1
"hZO_JWkdml8",17,154506,1249,25,206,1
"jBGmRaOSe4U",24,154502,5498,121,1547,1
"5yZ6pUCneWs",24,154453,76,41,72,2
"if9xdPQcrxE",24,154416,1387,328,437,1
"SdJQ1kCPt88",24,154395,637,135,233,1
"3m-g652uMBE",22,154339,5571,435,536,1
"MNyXLKTzMQY",24,154285,523,181,54,1
"GhXTV7O0tiY",25,154284,1476,108,1027,1
"0PJoP_ofCsI",25,154261,1140,210,77,2
"8y6TW2mk4ZY",25,154249,1836,246,958,2
"2-VpQz5MfRM",22,154241,1689,164,804,1
"KkRXsQqkRIM",24,154230,11354,591,3121,1
"HFEHxyZQWXY",24,154228,1393,144,223,2
"ulFK-xhtIzw",24,154222,177,57,151,3
"W4KCcqCWCRU",25,154190,1506,80,625,1
"NiVUJtM4s3c",26,154183,6062,37,554,1
"YWVmDSMl30s",27,154150,9146,96,2202,2
"zcyqIpTTtA0",25,154149,1410,157,1916,1
"Id0pJM9AJTs",25,154106,1908,131,1272,1
"V_aJ1ZDJnrI",22,154099,878,158,860,1
"92_kxhiZwLE",24,154098,2395,330,1238,1
"UgCbs-um8a8",25,154089,2496,171,518,1
"fIbdkKyB4Jc",25,154084,5185,83,625,2
"R1VdWpIDpjk",26,154065,11391,176,816,1
"r8codXckV2M",20,154061,9568,73,1023,1
"b_fQcyFJ8Tc",24,154037,3474,246,405,1
"WT0mbNvaT6Y",25,153992,11794,143,2445,1
"mW2NL3qx6Ac",23,153990,902,34,16,1
"2qMfchgUquQ",22,153942,5703,84,286,1
"NDGTOadoRgA",24,153940,986,23,39,1
"SxPvfd68WPQ",1,153863,254,24,269,1
"qfvWjh7NKCI",24,153855,4415,250,866,1
"1O-f3WdG0AA",22,153854,8308,175,585,1
"iDhC7JQSBhY",24,153844,786,53,338,2
"Y7NQhvto-zs",24,153817,2191,192,604,1
"YLyxEgo4KGA",25,153757,393,89,176,1
"oGSNSLD8rcw",24,153736,1387,18,516,2
"X2MsB4oZydY",24,153713,276,140,52,1
"due8Cq9ehAg",26,153705,7530,606,1888,1
"B1lgYvBEvzE",25,153663,1073,256,30,1
"5RjbQrzz7W8",24,153649,4553,77,515,2
"g9SVWJm7eO8",20,153646,13438,51,1808,1
"T8phn9cGgV0",24,153581,1390,21,632,2
"sS4oNdZk9o0",24,153567,1222,34,458,2
"MSzRaQNCefE",1,153566,1074,18,31,1
"oj79eaTyS_0",1,153561,12630,129,430,1
"HCYcUolhGPE",25,153539,3109,193,522,1
"vTwOhPPQRW8",24,153502,227,76,395,3
"JFfE-fE2QDM",24,153430,1878,104,267,1
"NEfCmplXP1I",26,153413,11276,157,1226,1
"bPxCDGRoss4",25,153378,980,163,18,1
"O42e-NsMcTI",25,153333,0,0,0,1
"muzbUiBIZyM",24,153305,4372,80,580,2
"4lhABC1AJQ0",22,153258,86,32,58,1
"-3t6yONlGG4",23,153229,1234,122,65,1
"wt8yp4sE1qQ",17,153211,788,21,74,2
"ZpJDgHMXjfU",1,153198,120,22,147,2
"XjJmcxYCE_k",22,153181,8908,37,276,2
"Vk6hYdH7ug8",25,153126,2106,226,538,1
"jK68KgD4Cj4",23,153122,17822,243,1306,1
"VcEytDBwzh4",22,153121,468,28,133,1
"zhWvM3r5rJs",25,153018,1428,121,640,1
"TOz2s8hODL4",22,153015,7723,132,638,1
"v7UjGdubx6k",24,152980,955,59,153,2
"rK6JpH11F88",24,152976,897,112,363,1
"5-NBiddafNQ",1,152909,145,40,159,1
"rQh1TGmm1dQ",10,152903,2165,360,176,1
"oB6ex5itrA0",25,152859,2063,398,1133,1
"k7d1tHsPnVo",24,152847,6216,141,957,1
"iGFgMQkLigs",24,152811,2609,55,416,1
"VUvXEq4y6dQ",24,152768,816,102,441,1
"Ppx8iOQA9Io",24,152749,575,153,30,1
"kteHW6t4G0g",27,152724,10591,263,2533,1
"4kjA1X1TSSA",24,152681,520,177,29,1
"Y_S8jNPB8iM",25,152588,3418,262,1533,1
"9icgjMutcoE",24,152588,7639,819,1029,1
"2-ok-Gjqpgs",25,152504,22108,92,2856,2
"Wr4JC5MRPiM",24,152501,968,144,146,1
"_BFWA9_uDys",25,152493,0,0,1382,1
"gKyysb8HdpY",19,152430,4684,141,709,1
"BJmL3lpJIr8",22,152397,452,20,42,1
"j2wuWo19i3I",20,152389,2753,777,10,1
"u0PR11BKrTI",24,152357,4138,192,1204,1
"5LoL9pv12TA",15,152342,14439,70,1211,1
"vKblXAikzEc",25,152299,2494,265,3066,2
"ByPoqDBpV6s",24,152286,1113,97,414,1
"w1v4MMAyxbo",17,152250,1105,42,313,1
"1i4krQH-2eg",10,152222,21974,67,3061,2
"ek7sF38QWpA",1,152216,253,33,303,2
"er6Nf6GlIwQ",23,152143,12150,145,654,1
"b1fyAjX3R6c",24,152131,8994,159,2102,1
"y16jaCk4tLY",27,152129,2207,115,320,1
"pVu4zRW5eso",15,152118,9642,129,6095,1
"xw-GlFkfFfY",24,152107,2247,36,115,1
"U5n81oLEOH8",25,152099,3041,645,1048,1
"SPpBVB8cuPg",25,152073,2995,134,962,2
"lTJL-hi7WFU",24,152047,4026,154,332,2
"AEhBwiIEdj4",26,152032,8138,83,388,1
"IgIQX7GPxbs",25,152030,2224,171,272,1
"n7jLWqzTAjc",1,152030,138,55,359,1
"d7LKf15ZJaU",25,152024,4038,399,2282,2
"32VhpMNtBY8",25,152022,1841,54,1017,1
"5EraAtPx0J4",26,152016,18615,119,3046,1
"Z9b4C0mS2DE",25,151994,404,115,820,1
"YdkDKeOdJpQ",24,151963,444,91,86,1
"mxa6kymVmAo",24,151929,625,144,87,1
"mdyegeGkdL4",24,151917,4323,689,2039,1
"ZtnkV5jszRY",24,151903,5490,97,772,3
"Nb1IUSw16ok",24,151894,6007,154,710,2
"JC-y5-6O99A",24,151883,4640,264,618,1
"CJHHiot9yBY",26,151868,5432,74,802,2
"6Xl5QzRQx4I",24,151856,584,146,17,1
"u6pF7j1Kb7s",24,151805,520,186,23,1
"Kqf_KazmPrw",24,151797,861,64,208,1
"_2GJHX1iC6g",25,151795,2406,167,408,1
"gReRDjfMGlo",24,151761,1888,42,131,1
"Up09AUDzLVI",28,151739,8015,104,1774,1
"Mi2itO08qK8",24,151681,4052,65,606,1
"Iln6xfwYt8A",22,151660,3269,29,106,1
"CLc-s2A8-YU",25,151648,1099,357,2630,1
"YwTKw76_wPc",25,151640,3807,201,955,1
"wa69W9qYNQM",25,151626,1779,309,1047,1
"kLmv5Z_d6mo",17,151622,895,90,965,1
"_Ybok1npYWI",20,151615,6559,48,768,1
"PlegwI19CHE",17,151596,1236,298,1185,1
"BJDrepc-shM",24,151566,1323,233,395,3
"r1ZtU7KMhIs",17,151561,1696,24,593,1
"0OH8Uiy48RY",1,151534,911,104,137,1
"bRIi1uelxjk",24,151506,9158,35,442,1
"OVHxWqsNbxY",24,151483,3883,1486,2459,1
"ypeo-IHgp6A",24,151449,5458,106,948,2
"CtHttRKHboE",22,151440,106,55,164,2
"GoFAj1vP-gU",24,151412,1115,75,277,1
"2hU-CdhgJ7s",22,151388,3368,328,453,1
"eMM35uDBv6Y",24,151387,1099,66,299,1
"0IFEyDxO52Y",24,151369,3787,103,1370,1
"e9JQQjzoee8",24,151334,5090,60,944,1
"8OJdwuvZWrI",26,151303,5588,83,707,2
"Oc2obsupJxI",23,151287,3792,69,461,1
"PoDSzE19J2w",20,151281,11560,106,2574,1
"Jjown7Lp0hY",24,151269,4819,92,435,1
"IMQAByErzf4",24,151245,3705,53,773,1
"bE89bMMO22I",25,151235,2354,964,2106,2
"vGtnmcseipE",22,151200,890,87,411,1
"t5DD41bPpi0",24,151163,1670,82,201,1
"AU5xSHQpbgE",22,151163,10028,45,604,2
"3KS-h2ZivrI",25,151045,632,217,209,1
"RCTFou8sf9A",26,151010,6413,114,790,1
"mw3IKKWs2Es",25,150982,1201,108,786,2
"zxuvr9tN924",24,150974,220,65,201,1
"9muHjoYmmJk",25,150965,2284,161,513,1
"QuCvfLrO2Zs",25,150964,1069,193,262,1
"vm6BDqI643s",24,150933,935,64,231,2
"6ZaZ6qowTzo",24,150917,1406,188,1160,2
"eSbK-C3xhD0",24,150914,5645,147,595,1
"3Yj6jXSXQLA",22,150907,91,34,178,1
"Q_0uEFXbqC8",24,150871,183,63,233,2
"jUQ2RY7X9WM",24,150863,4442,147,1610,1
"HHseLTldYnM",23,150859,5299,55,609,2
"ofBkrD6lwPk",26,150842,10346,317,938,2
"jFhkQ9Z_x6k",24,150831,897,98,123,1
"yDc8dE9Dka8",24,150809,8676,233,1419,2
"77sjglTt9XU",24,150800,2432,83,124,1
"gbBhfqM7Mzo",24,150761,11193,43,787,2
"YAme_c2J-rA",1,150755,1242,31,164,1
"BKy0j6F77Kk",24,150706,628,165,24,1
"_kU7IMlvg8c",25,150687,19258,116,4034,1
"0CT159Lip5Q",24,150672,4728,46,614,1
"bK0xQqkVpcY",24,150650,3574,101,1342,1
"zfuiv0GS2yw",24,150613,7678,141,1638,1
"2-Bd21xINAI",22,150537,2104,77,236,5
"U7fcGDploxA",17,150518,1421,44,484,1
"bxCZHKL8U4I",24,150512,1283,262,253,2
"50zQfANhu6A",24,150507,6005,53,1290,1
"vgaSWkg8wdc",1,150444,1087,18,56,2
"jPzioV5r9pc",27,150422,5007,103,607,2
"iOq7pAdY1kg",17,150386,927,45,357,1
"SwH0d3-IDOE",25,150337,3698,212,2786,1
"eIW6fO6a1r8",24,150326,1950,62,709,1
"OefOYZmUtUI",24,150277,4336,557,2833,2
"jKleG7rPl6w",25,150269,1118,172,225,1
"HiAAgI0sy_I",24,150265,599,159,23,1
"jlAH9Dtf_lk",25,150243,814,121,323,1
"UngXu2zwF9E",10,150215,15234,229,886,1
"HGDwQ2L_SU8",26,150211,10276,180,1258,1
"lRhSPf2B2nA",22,150194,508,110,103,1
"rVNBl1y9ypk",27,150096,8616,573,1791,1
"vGmJiY2Awek",24,150087,1728,190,209,2
"QYCUB_PqAvs",24,150079,1757,219,173,2
"eBrcWPvqyNg",25,150067,1546,684,2383,1
"OfYEcOY8Dzk",26,150058,10264,117,844,1
"aEwgyCX2fTc",24,150029,15722,41,553,1
"bqO7bZmBpUw",24,150022,993,74,95,1
"T8z_9yUMIWk",2,150004,7177,95,650,1
"L_vwZ9HUfyQ",10,149999,13081,186,1425,1
"jGsE7y46Eqw",22,149975,11580,30,1086,2
"0DeD9ABxFVA",24,149902,325,41,225,1
"_OOE_2IAyOY",23,149897,7003,181,2605,1
"gRP6MVU8b-s",23,149880,3920,75,606,1
"TNKwrOxI1tU",24,149862,2825,283,891,2
"sMf-uQW2kek",24,149859,1282,118,462,1
"qxdhpYJPxj0",22,149854,8840,87,5034,1
"wjdXv3bOtqc",10,149849,13931,327,1316,2
"YYyexJUY_5E",22,149831,20193,66,2307,1
"L89rRCwdiAU",24,149826,9123,128,393,1
"1CHV1QoDTl4",17,149784,604,389,425,1
"doRcrFprMEY",24,149760,234,52,244,3
"zDprDKIrjvE",17,149752,1092,24,160,2
"_8_AyVFCn_s",24,149750,4465,33,767,1
"_4JELLfv_bs",1,149740,263,38,239,2
"Q8WIJGT9Qgg",24,149737,6211,65,1142,2
"f4cC3x5GUl8",25,149723,16486,338,5278,1
"l82ysZr8oAQ",10,149693,1214,22,78,1
"CEO5ttOL8s4",24,149662,288,72,39,1
"IvuDmQAKiwk",1,149582,147,50,214,1
"LtCZJI_6np8",25,149572,6392,268,470,1
"VZnfvsq8p7Q",24,149548,3689,84,153,1
"TfOmtK2ikgQ",22,149538,772,51,747,1
"34fHgqmuzM0",24,149502,11626,89,1299,1
"WnSVLUP-WJc",24,149467,1309,108,294,2
"xBdQVDXh0Rw",24,149463,3433,82,607,1
"Iq40EwooCGg",24,149428,2977,409,1206,1
"XsGKr8X6Bp8",24,149422,10386,40,1324,1
"wR1Ys5itPc0",26,149406,11508,48,755,1
"q-lY3912MD8",24,149322,12287,111,2568,2
"nqdr9qdeSIA",24,149315,2981,395,753,1
"H7gxE-Xq86Y",24,149294,1324,118,150,2
"9MfRaFVOH3o",1,149287,137,46,144,1
"Bl2sg4URbig",24,149259,5164,95,834,1
"MYf-Slm3hQ4",24,149242,3040,113,471,1
"59qrNc1J9aU",24,149235,166,36,280,3
"vvboIwlehJY",17,149217,1089,117,968,2
"PC1rmoEwIwQ",25,149205,2621,133,505,1
"00M6gHlkeko",24,149182,184,90,243,3
"HDK2Zin3oI0",25,149162,4303,161,1259,3
"GOALfmDp_Dg",24,149155,4874,109,1169,1
"AopLxYdALEU",26,149143,8837,65,955,2
"CpU72eM8vCo",23,149138,2624,67,194,2
"sCgK3GD6Sfo",24,149125,8793,97,741,1
"tnFqWoq4_jw",24,149108,1143,146,766,1
"C05Go99AGI0",22,149107,4181,256,430,1
"A6oYdlKcWPk",25,149098,1041,168,827,2
"LNyNFtd7hoE",1,148959,3635,67,565,1
"y4UsXv9TmzI",24,148941,1402,187,700,1
"3i0XKeD3bVc",25,148938,2962,128,964,1
"qZD8QC7-W-0",1,148935,152,53,199,1
"TFooGQEvO9M",1,148918,2258,138,1222,1
"NTZkqSbxJx0",22,148917,531,152,761,1
"0yE2ORkLxoA",22,148917,531,152,761,1
"AU4rPxwPadY",25,148916,1759,101,1064,1
"cSa35UsmdTA",24,148884,11815,247,1711,1
"BM0c2CjomSI",24,148880,4690,52,940,1
"9Kbo0GkJsrg",24,148877,590,168,24,1
"eBAkfj5D1II",25,148868,4525,70,369,1
"kPWgHPyCiZs",23,148843,1706,153,320,1
"fAslPnC96Ss",20,148842,8972,235,129,1
"Ay53xMmb974",1,148823,2144,119,1029,1
"AM5Wh6ORsog",17,148804,954,27,293,3
"uR16y9ttUIw",22,148770,7298,98,737,1
"lRWFbZUdDmQ",24,148755,4754,87,1778,1
"nCmRpOWpM2c",1,148741,2937,80,124,1
"dI_GLAGsD2M",17,148733,966,24,137,2
"eEBx5KHWnYE",22,148668,1137,266,1433,2
"U984yEQb_Hs",1,148663,2275,165,1330,1
"RzKhSHYBRBc",24,148581,1129,99,201,1
"mDrNi4ghF2Y",25,148517,1795,118,840,1
"CnsSM4fkMlw",22,148485,11207,39,1171,1
"WAiq9CnwNa8",23,148454,7595,185,1159,1
"rP6518v8tAI",22,148438,87,25,53,1
"LOZ9klnoEc8",1,148438,2055,116,859,1
"O7X5DMovg7I",23,148334,649,104,109,1
"AvaJmJiZR0E",1,148307,161,35,191,1
"2-42Lue2Yak",23,148283,14453,72,461,1
"n67hcWV6a9A",25,148227,7347,390,4058,1
"FmwEeHfnMo8",24,148175,6399,121,1199,2
"2tY1WuFbHq8",1,148128,6479,175,431,1
"ERz5nPSj2Jw",24,148080,5067,394,672,1
"94WI0KvMpf4",24,148059,883,95,456,1
"cWxargw78ZU",27,148031,6022,96,947,2
"6JhMHt690-g",24,148030,534,178,42,1
"e6HeD7jN3Mc",10,148009,1831,89,477,1
"7SS2Wfv78DQ",24,148005,523,122,21,1
"Lh-VqchUf78",24,147988,757,86,170,1
"lfFozQhFntY",23,147988,2733,94,332,1
"j9-M4fSrTEg",22,147944,6843,79,494,2
"vMDwGkX3mAg",25,147937,875,128,494,1
"T-9mMF4Bp_0",22,147936,3227,89,1342,1
"9oOO9vDTjuU",24,147920,2611,26,404,2
"LnEk_2IWooo",24,147915,864,839,131,1
"z4NhSjjSba4",22,147880,1306,181,201,1
"F4buKTEZvIU",24,147874,3051,145,1062,1
"RCuL5nMpgV0",22,147855,1946,359,1880,1
"oNSCz9O5LvU",27,147840,10084,156,837,1
"JccdF9l4HEA",2,147839,6644,55,552,1
"QqAK822pdYw",24,147835,4963,74,230,2
"Gk5uiUOIp9M",25,147830,2212,158,1020,1
"7TXSoU88Fkg",24,147814,2940,185,934,1
"FeSjIrpRRp8",17,147807,1224,105,443,1
"FygrL4kJC_4",25,147718,630,194,627,2
"-0NhqVYR4UY",25,147706,1162,74,591,1
"Q-CaWF6EvRc",24,147703,4039,35,267,2
"vT3gfTPkVNU",1,147698,7822,63,1093,2
"3CtjVZCdh-E",24,147668,1438,64,315,1
"Xlc-lhybovM",24,147655,785,53,379,2
"dT8qcZANgKs",26,147653,9751,163,1178,1
"zMnAuhVzwyo",22,147627,871,69,155,2
"XsPrUnObGXU",25,147625,1276,152,1372,1
"_FMvR2BtGa8",24,147623,527,93,65,1
"iWBechE0C2w",24,147573,3366,147,570,1
"YjxHDaqvBlg",24,147565,199,49,165,3
"1P1-RlTxHyc",26,147547,16867,170,1643,1
"UpM6-sw9RRM",10,147522,11959,223,654,1
"3SUGgvfyqDQ",10,147468,3894,42,91,2
"tDf4TaupdmY",24,147413,1798,207,866,1
"7oT5SwiuT5E",25,147411,1162,103,727,1
"Zt5-MzM3kTY",25,147362,3448,359,1170,2
"TKye9-o13hA",24,147297,1132,83,165,1
"dVD4W5e_X2A",26,147272,9959,105,531,3
"XdpBhWUoj9Q",24,147257,969,67,135,1
"GneGKpqjb_Y",24,147240,1440,186,981,2
"ua7mHrl-hgU",24,147183,4696,202,935,2
"H38nz6wYXoE",22,147169,611,45,149,2
"6mC4H2mn6Uo",20,147164,28938,307,3524,2
"OiObkI4vEBI",24,147139,5413,192,695,1
"wifTxhSoZ1k",1,147103,503,76,41,2
"80Ic84G1hKY",25,147080,204,14,0,1
"ZO82FbHKHxg",25,147054,1539,369,166,3
"tUE39dfSyj4",23,147037,5502,47,265,1
"pdw8u4OyLD4",24,146994,582,220,50,1
"R5Yjzr_2f5k",22,146992,2575,923,1090,1
"ww9yhzUkka0",24,146988,726,82,293,1
"qKC5BXSqq7k",25,146964,707,212,1175,1
"objBBRAurLg",24,146900,1377,52,128,1
"YsGHSo8ufEk",25,146895,0,0,470,1
"_OkxKKsL2u8",23,146885,844,52,59,1
"QNxBwN-xsLo",24,146858,7567,84,1739,1
"qpZ2b-EZjAY",17,146850,5084,26,318,1
"SzPGdlvurws",25,146818,1128,163,393,1
"_h0KKbS-yyk",1,146777,147,43,179,1
"rEUqEXy_dVY",25,146770,1509,154,520,1
"oqcV6hNSmIE",22,146718,3747,117,288,1
"6r8l6-wRvrA",28,146714,990,299,369,1
"kHUQxG3rrtE",24,146712,3820,85,576,1
"HG6M2xQZvj0",27,146646,829,20,79,1
"TBBu38sdFpE",24,146600,144,52,263,3
"8qitxIJAdLU",24,146585,7507,521,522,2
"n2LAiZIB988",26,146517,7632,191,2166,1
"89aaI6Y3FnM",25,146463,981,134,0,3
"R1VAq8WGkV4",24,146451,4759,44,538,2
"YTWx42YMkbA",25,146437,5009,133,80,1
"NsDKREnHZAg",24,146418,3694,8,208,1
"yVNSwV2qh38",25,146400,1592,90,356,1
"IiU3ZJXKG7g",24,146362,183,54,158,4
"JZYQPB9o7aI",24,146333,1515,81,268,1
"uynrUnueckU",22,146324,1224,129,254,1
"J9gJqVLT0yg",24,146242,5284,309,1544,3
"6sJaZB4wRJI",20,146197,4902,302,35,1
"D5wzLPRXeXk",24,146173,754,77,305,2
"abV1jAOgC5Q",23,146161,1501,44,104,1
"AiHfvn4gV7Y",23,146136,3193,294,607,1
"jZ9dn2kyIbE",24,146093,1244,91,975,1
"T_qDqJBbk2k",22,146075,17331,168,1844,1
"_YTG9vTkhGs",24,146069,5286,29,453,1
"atvrv9Vx1p8",10,146061,5807,126,2012,1
"vhsdZ_IrjCo",22,146044,9175,69,987,2
"bJQnKExEvA8",24,146037,827,127,84,1
"pxnmZ-VEBfI",24,146034,510,159,23,1
"VGPKryH8D2o",23,146034,2083,410,370,1
"8TKPzVNLViY",24,146023,2428,129,786,1
"duTYG2DSJqk",1,146005,1212,59,90,1
"GowQkA64cfk",22,145985,599,55,518,2
"zdwS9Sqi5OA",24,145983,5532,120,1504,1
"CSa3jWSEZZ4",24,145925,537,201,34,1
"AC6iklI8Uco",24,145888,6689,393,969,1
"TwCbmLPTT5U",20,145869,9196,90,1420,1
"W8UDquMJkpg",24,145866,2274,230,549,1
"d4KL7vqhpWA",24,145820,5241,40,1182,1
"xtNNkTWYW8U",24,145807,1219,118,377,1
"Tzp9ofp4TfU",10,145805,656,67,27,2
"aTzqvrBFXww",25,145805,1824,148,613,1
"X6bg7_Z5vfw",22,145805,2353,199,1160,1
"oVMCWefRHrw",25,145772,2067,115,725,2
"_nodqT17KmY",22,145748,902,62,441,1
"4DQUrg0Yhu4",28,145742,10076,164,1547,1
"Gc-qhsmupcs",15,145731,6569,50,307,1
"HIz1H_rkrl0",22,145723,74,29,121,2
"w-af5CT0BNg",24,145704,4017,144,1601,1
"kZYKnREz9Vo",28,145565,5483,464,1009,1
"0d7URhH9IHI",25,145559,954,159,679,1
"kfBPzTK0wDE",24,145549,8664,68,2253,1
"H00djJq68VE",26,145545,6017,165,719,2
"qiN7qEDiLz8",24,145520,1604,200,740,1
"RHgr1YYbKg8",24,145505,215,55,233,2
"8RtoVDI01-k",25,145496,536,89,1699,3
"bTgkGjoE6qI",1,145490,6049,134,236,1
"TgktA1p1qM0",28,145487,10385,274,3188,1
"JiTEtvL9hIo",1,145452,163,517,600,2
"hKS8zv4db6I",24,145405,3912,122,2427,1
"KofOcCs6IvM",20,145387,5639,91,1040,1
"rrOJH3PrdNg",23,145367,1710,74,93,1
"dAi_jcB0pks",25,145339,828,363,2966,1
"0zmFDJh0ghE",24,145318,7922,139,1428,1
"KnOwsuOSVyo",22,145317,768,98,747,2
"SlFslGc3_og",25,145310,3320,119,1449,2
"QyuRmJJaUy8",25,145300,998,130,658,2
"8-AqCaavUfQ",27,145214,9039,263,1487,2
"rwr7JPqkgyA",24,145183,940,63,203,1
"Zq67f9Y3MpA",24,145157,932,91,466,1
"e8Cu7bt8OQw",24,145153,0,0,480,1
"kQj8ZmHb7tE",22,145092,3098,1991,1409,1
"bOmI4uXhj5Y",1,145050,3853,190,456,2
"_QufBstcsrc",22,145038,1987,222,457,1
"g-XBDvMWd1o",22,145027,535,95,147,1
"mLUemsYJ6l0",17,145026,1139,282,1142,1
"HDU4_UYjiw8",1,145024,280,21,251,2
"VYPoUFKV6BM",25,145007,0,0,1960,2
"6x6WabWDrNk",25,144974,3195,84,1388,1
"8DSCFnBZtjs",24,144967,4982,252,1128,1
"VCDXt8MAvYs",26,144959,6485,148,1039,2
"K3s4tq4t86g",25,144941,1236,142,1457,1
"kzCoHuttrKQ",25,144937,2886,182,1070,2
"jlG0zlSm4zA",24,144919,535,161,31,1
"LvzjHcYXNTs",24,144910,514,40,191,2
"S4SDThFougk",25,144861,1468,106,998,1
"tvj0AESEJ4I",25,144801,1442,244,1480,1
"3dlZyig8osQ",22,144788,1175,161,671,2
"7LXLlngIjHU",22,144750,12187,92,1050,2
"6FmtiDbg4xY",1,144722,16544,182,2551,1
"RgbGGJ6b2O4",25,144669,2654,212,596,1
"gA1ZXBqI-FU",24,144652,4414,224,201,1
"pbjn_RpvmUg",25,144647,1923,169,1877,1
"ieTdvQOH5Gc",24,144609,1584,23,548,1
"-p3IuaAlvGY",24,144605,3753,61,401,2
"7B4OimNifls",22,144542,3796,141,614,2
"i42BGL89Gfo",22,144536,978,88,705,1
"TR3PLEg3yeE",25,144495,399,87,784,1
"LDzYM1_hVh4",20,144465,8013,49,811,1
"w-bWd6Y0_5E",24,144415,11062,59,780,2
"ep3mGOViLsk",25,144407,2279,186,437,1
"aTb4nec1cuk",25,144401,818,155,10,1
"Ka1mO2CTCLU",27,144375,7191,104,1335,2
"M5RsnRRvDs0",24,144374,3873,45,802,2
"viVmESE3GBg",24,144275,5518,88,537,2
"8vKave2Kp_o",22,144246,1259,232,1086,2
"alsL_ngvqzc",24,144227,530,61,355,1
"ysWXD1pQ2L0",24,144186,7576,23,508,1
"UoTIqXOBGsc",25,144146,1002,83,67,2
"DmWm3ar0PiQ",26,144133,16025,140,2220,1
"2s3Cs6gBExI",25,144126,724,94,655,1
"zqGhiJ4qTQc",1,144093,3059,134,2343,1
"TWAgKVWi5Tk",25,144052,2217,232,1044,1
"joRlJWiP89w",25,144041,4618,64,1682,2
"Mc6175hsbWA",25,144016,2290,133,817,2
"912TpdiyJDs",24,144004,513,202,59,1
"-Wwv_5QBwfs",26,144002,6047,77,446,1
"fjxXCn4_FfU",26,143961,9405,61,667,1
"pZhiA3atnuA",25,143944,1652,124,1057,1
"He6FBwK_-b8",23,143902,14305,197,633,1
"aFXnqNid-aI",25,143891,0,0,834,1
"qfpQLpCvtfM",22,143850,293,75,448,3
"ZY1BFv8qEeM",27,143843,3760,288,296,1
"DMmmxvhQwGA",24,143817,1080,59,265,1
"tXEDCVQxlQ0",24,143748,3426,89,833,1
"OSFdiFnkhQE",17,143706,502,10,153,2
"G80BTq6zIkg",22,143666,849,55,128,2
"x8r29efN7Vk",24,143659,550,114,134,1
"u_yFsOfEAjM",25,143616,1566,78,711,1
"A0N1E3APtks",24,143581,3950,161,395,1
"h-fBZgIi5Rw",22,143580,2007,124,147,1
"Go2e0v0yVEw",23,143554,10283,112,1194,1
"BSkXq7QIqBs",25,143535,2715,87,642,1
"W9EMATdiqzU",22,143534,6631,364,590,1
"TbwFzNeztuY",25,143524,1563,105,1201,1
"cXiOMqyDRrU",19,143515,5625,100,1097,1
"c396NKiARNc",22,143514,993,95,650,1
"nZm19foYg5g",24,143492,4042,35,0,1
"XnjybofIwaw",24,143477,2009,215,523,1
"IGU07H1yih0",24,143475,546,79,38,1
"c_RBhZpJj7U",22,143464,941,493,1218,1
"Uk6DChXHNJA",25,143445,1259,151,1215,1
"zDaUwkfoH_g",26,143407,14694,491,776,2
"AsqYW0mRWOQ",27,143378,8463,117,635,1
"JAepPh0hOto",24,143364,1810,121,208,1
"h4tbUdOZDvk",24,143329,1486,57,101,1
"nl-VY4BDCkQ",20,143311,7670,59,365,1
"QFA6op8C8vU",25,143300,6919,254,3018,1
"UK7lJamAQHM",22,143289,722,220,290,1
"GO9I3BgMNVc",24,143287,12274,325,2135,1
"lzkTpKIetLk",25,143282,2771,190,611,2
"Nq59WhYQ428",25,143272,3048,169,889,1
"NOfCCKxqpt8",25,143254,1036,65,742,2
"2DkrOjQ0lkI",25,143230,1229,21,374,1
"hS24hdMt2u4",26,143214,5649,61,423,2
"BY4y3qHlB_o",23,143208,4311,151,564,1
"YzDF2IRSNV8",24,143183,5039,75,970,1
"akZkOb_g7qo",24,143178,16748,93,4210,2
"pEBMoJhWipc",1,143167,2158,110,877,1
"C_SJ3Rs3Nfg",25,143159,3684,313,3356,2
"wE2zRLIaU98",17,143143,1009,79,948,1
"vJxzudmDS6Q",15,143129,7847,65,340,1
"ZynfsLOdQJM",25,143068,4498,67,611,1
"kxe_Rd1Qwj4",22,143063,23110,59,4847,1
"KjKYVS27qdA",24,143030,4699,134,845,1
"bKrTBVbFnfc",17,142979,685,44,609,1
"nmnQNiZFDek",25,142972,3705,152,1048,1
"cbxF8ogICjM",26,142970,8479,108,1184,1
"7IKVfCirVms",24,142965,656,152,33,1
"BlAn_M5WLho",24,142940,299,97,281,2
"NH03i68cJL4",24,142906,522,141,20,1
"VeXoFFxxUyc",24,142903,442,147,135,1
"TBSkrCJnc3M",1,142858,2584,123,431,1
"KC-mhZz7n6o",24,142792,65,57,98,2
"A3ZKKui_0ss",22,142725,1456,51,357,1
"jf-mR7vDXXc",24,142724,2208,23,133,1
"5L69-EGsKw8",24,142711,1829,304,567,1
"Eekpz-bMYCI",24,142701,1100,92,225,1
"jdIZ87LjuVw",24,142676,3474,110,147,2
"_0Hpo6M-v6s",1,142622,2325,124,1346,1
"6_vu0skjZIM",24,142610,986,73,238,1
"p7fNNqrpCg4",25,142585,1019,65,558,1
"yHJmIcgTAjg",22,142564,1968,196,1098,2
"JAMa4s9tOFk",17,142466,2936,106,297,1
"cc6zwWjegNU",24,142422,354,85,186,2
"wZmX5k73fjg",22,142395,2466,273,1759,1
"zhKENCHdM6s",25,142394,1096,107,458,1
"MVEjcbtJEj8",24,142391,2071,265,824,1
"9SEWb40em_g",23,142377,22394,173,2676,2
"fyO5AA65h8U",27,142360,7298,71,470,2
"fWrXkMbVmGw",25,142346,6143,535,1989,2
"jBlBOp3nkd0",24,142289,2759,61,486,1
"Tqhcsurkwps",25,142273,2045,168,566,1
"X_9LCZPLhrU",25,142269,2294,699,2979,1
"XASMbPHl8bY",24,142266,520,42,72,1
"GqpZEpoNkXE",23,142254,9828,287,154,1
"I2UHb0pjWj0",26,142244,9503,92,512,2
"lIGn7Ii0cCU",25,142234,1386,181,476,1
"0LSQepixQ4Y",26,142204,8765,57,336,2
"HfOleIu9hyc",22,142201,642,78,192,1
"p1UnXj4-kbQ",22,142194,208,36,81,1
"q0TNTWBMZBQ",24,142174,807,156,114,1
"vuw2voslDbE",24,142169,4228,71,581,1
"eLt8zP6S9bw",22,142166,777,93,619,2
"1W6Q36A8MuE",22,142146,549,52,39,1
"97zdmCGqwC4",24,142145,1129,19,267,1
"nMkuAYL1F5o",24,142136,598,159,48,1
"O-yzmIlradI",24,142131,1780,262,909,1
"ygmnmIUR1JI",24,142088,1065,22,76,1
"zzVFyVNgtsc",25,142083,4606,225,2314,2
"aU7M4ArdjDM",25,142069,2640,224,271,1
"gACZX0d_CMk",25,142024,18990,603,4025,1
"a60DzFNVxio",20,142021,7120,150,63,1
"8u-u29n39_Q",24,141913,5757,86,349,2
"Iu5YdqvK7fY",17,141897,2502,44,341,1
"7ure01NtDBs",27,141897,20707,621,3229,1
"HEwbDP01Fc0",10,141897,1509,107,128,1
"Knlfbyo7Y3Y",24,141880,538,155,22,1
"i5a4dypBvpE",1,141852,1638,130,408,5
"7BffChqYEPo",25,141852,16254,174,4344,1
"pRjr_cmGsV8",24,141840,8915,245,1812,1
"kOkoRSGnnZc",24,141831,3397,81,220,1
"UAjQtgGJ6Yk",23,141828,13841,164,1529,1
"XpT2A645nik",15,141815,1586,36,60,2
"3Qez7PL-FOo",24,141804,150,40,280,3
"1_0T6N04_Jg",17,141798,500,98,886,1
"_zfIb8LJBwE",25,141736,1857,218,1007,1
"9YhYC7Y-Fb8",22,141716,9067,97,288,2
"suYm0gDQ_lE",24,141681,3471,86,605,1
"f7bslrJ3vJU",25,141637,3576,210,1223,3
"EA3qE3TiFsE",23,141613,7457,202,1172,1
"wgAT4SJdn2M",22,141592,7238,172,674,1
"I3uxl_51wcA",22,141591,8637,257,1514,1
"vEbu3xHCbEs",22,141581,4580,122,133,1
"bqbWMgkvedI",26,141543,5659,142,234,1
"WQl7qroFhuI",24,141529,518,218,75,1
"0MPTvsMUjx8",25,141526,1545,85,1295,1
"riP5saJgAF4",24,141496,851,116,86,1
"4VxF7YR86YQ",17,141446,1203,116,435,2
"28Gob7QpakE",26,141437,9291,153,912,1
"nElEFdfrxRE",25,141414,2097,236,854,1
"uMsVNaQmPpk",17,141413,1305,88,565,1
"DaV8qT7JrRg",24,141398,6010,91,1242,1
"YlVTjLF9g3Y",17,141383,5369,31,339,1
"nqOPXtjy4VE",20,141370,5350,309,676,1
"wEmetHs9mWI",24,141324,1069,71,186,1
"E9UNFPJpehQ",24,141308,12400,280,4302,1
"9YHrEFxLgko",24,141273,4242,47,532,2
"9YIXJQ3K9io",17,141269,672,31,206,1
"_3afaZSB30E",25,141263,5062,217,380,2
"gSST_hjAr94",24,141239,744,61,145,1
"eT7MhNj_oTU",24,141221,920,102,99,2
"Tkz_3RgvfLc",24,141187,180,49,1143,3
"GDuJr3KG-Qk",24,141179,928,68,121,1
"Q47Uq96lILA",23,141166,2327,28,85,1
"yMf3dvNzXbU",23,141162,8870,84,1271,1
"p2hJxyF7mok",19,141148,1661,70,236,1
"4ge1Ec526ko",24,141120,6321,800,691,1
"6Z-y5-7Ywko",23,141120,5626,120,754,1
"xTmFzX7SXtI",15,141111,11958,76,1175,1
"_rAdV5DjSDQ",25,141110,2127,213,1690,1
"RK2Xgk8JlW0",22,141090,578,187,776,3
"F6SIFCgipC4",24,141045,754,102,139,2
"ydPgDOXQDzM",28,140899,8052,215,1755,1
"2r9238ysnEk",25,140881,1015,87,262,1
"4iY0lnKsFgw",24,140879,605,172,31,1
"jZcVULjTujs",25,140861,2889,691,2592,1
"TFw2PkqzxhQ",10,140846,4658,55,247,1
"ofItGhNiIig",24,140837,2197,54,741,2
"Ja8sm19k0e0",24,140800,1516,704,1088,1
"BaSUL_Ovq5Y",25,140778,448,93,686,1
"izlMbQabRZA",17,140778,980,73,342,2
"u0ybAefNeGU",24,140765,2439,96,526,1
"uhOMmPXtP8I",24,140749,1812,187,773,1
"OAKxZeFc8Jk",25,140729,1763,2363,4165,1
"0TKzJZQc6fI",26,140696,7216,77,1429,2
"ZVxF4FoCe3w",2,140686,6336,61,528,1
"X3mtWkiOgrA",24,140665,529,147,19,1
"AgWwoEDtaH0",26,140651,7503,342,567,2
"Wf0McesjcWo",26,140645,10208,118,503,2
"3hn14sIQc6E",25,140627,663,110,521,1
"-o6qcF2FyaM",24,140621,3274,154,686,1
"7gA7-fUyhjY",24,140616,603,160,32,1
"DJp1Mh0LHko",1,140615,1946,89,1106,1
"_YcRlqHss2s",24,140611,1219,73,195,1
"ReQzSP20lOk",25,140604,5911,88,1562,2
"xbDIbbhOn_A",26,140591,15687,138,3238,1
"IHlrzwTV3KI",25,140577,728,121,152,1
"1em2vMOyWVQ",25,140541,0,0,981,1
"uAvRYuNIRuA",24,140539,17877,171,2118,2
"Jg99KD7-Rxs",24,140471,3076,152,1520,1
"0ja6qyJoliw",25,140471,2709,355,2712,1
"8NW3GXRBw70",22,140468,31727,157,1282,1
"NYu5QpZElIg",24,140461,1017,98,199,1
"yhz48a1tAYE",25,140384,3445,105,1291,2
"1y4GrRedi5M",1,140361,599,22,30,1
"g-9Y2ixMvNM",25,140341,5038,162,1695,2
"6v0SdYSJEXE",22,140325,487,22,61,1
"_Xxqggt0FVg",24,140323,8326,60,1548,1
"eYoD0qjFfgI",25,140297,256,106,95,2
"6ztB3fg9knE",24,140271,4250,241,1202,1
"0drvDEF7A-M",22,140267,14123,96,2348,1
"MXqjDRQbibw",10,140261,15602,95,1231,1
"C6Y25qvWu6I",23,140255,13261,63,885,1
"ppw_3Yh_seY",22,140251,662,21,43,1
"tsooN6K-DH4",22,140200,3424,82,364,1
"-bD9TW9C1ls",24,140169,5111,32,583,2
"zDUzPWru4cw",24,140165,9630,84,866,1
"pyi-9mfWZp0",25,140150,1283,52,299,1
"DEL8dMmQc3g",24,140149,1900,152,376,1
"KmVdzXvicac",22,140137,878,94,286,1
"fE6gy6Ww91w",25,140122,8671,347,2246,3
"TW-7uvAE_AI",24,140109,744,90,770,1
"ecCjoMFSIZA",26,140099,6140,130,428,1
"DtNyIMh5oLQ",24,140084,2153,642,645,3
"9O4WaQ1zqUE",24,140079,717,703,631,2
"StjYXOSMJxk",24,140075,2866,47,202,2
"nbSeMTCc7QM",24,140050,3080,51,487,1
"JVapiOu7Hkc",22,140049,1433,137,247,2
"yPkOYgLgGBk",22,140046,4848,235,616,1
"9C4u3Byi_bw",20,140017,9038,65,715,1
"O8S9TdwD6lo",23,140007,5251,40,678,1
"TOCKmss8Ipk",24,140005,2231,70,372,1
"g1sr1REou50",25,140001,5042,69,763,2
"7H6ayeU-sxw",28,140001,9927,378,2538,1
"JPyTVxF1YZw",15,139987,5621,205,1579,1
"6eyBTD_SkIQ",25,139957,1132,148,898,2
"DsiEuFYdjeY",24,139952,902,52,176,1
"Xc-VdFxLDW0",24,139935,9422,50,544,1
"dHBF3K-8u7g",17,139903,606,35,103,1
"pCHehwl9i9k",27,139860,11811,172,1356,1
"4PP6nQo7CBo",17,139851,235,15,177,1
"s3iZaBaKbmY",24,139842,865,55,186,1
"_JzUfacvbtI",15,139830,5194,129,936,1
"MzK8s5c8o-Q",19,139827,6960,125,1258,1
"QJuWgzrY7TQ",24,139819,496,196,50,1
"Qq5KTkxvWS0",22,139800,671,113,309,1
"n12_RAEPf5o",17,139782,5938,27,217,1
"mGSk8iRAQIw",25,139766,946,175,92,1
"da8FXyzpuL0",25,139752,337,56,164,1
"zAFv43lxqHE",24,139733,11155,119,1968,1
"cxQskZkthv0",20,139731,8910,568,2487,1
"yDFyw9EalAA",24,139707,4686,186,699,1
"eVKV2m9Zjx0",25,139701,1865,195,433,1
"VHuaRxpx4wU",24,139701,1876,746,933,1
"538b_zuciYk",24,139696,831,97,295,1
"wKWDuexCiRc",1,139667,1902,127,906,1
"0Fb_1pubf5Q",24,139667,3981,131,1885,1
"wNrRRCyGe2g",25,139621,1533,96,226,1
"Xm8P0mOC8Do",24,139620,639,126,110,2
"esvocncrlQI",22,139618,7397,121,614,1
"4wIBCoxuOJ0",27,139617,9605,283,552,1
"V2z_HbaWP7M",24,139596,177,56,256,3
"qVFEMZM9ccU",1,139579,285,33,267,2
"AIbRaSJHMh4",26,139573,9044,113,552,2
"sbA54L19Yrk",22,139552,70,32,88,1
"aSPoDNSUDgA",22,139514,1639,52,478,1
"ShPWVx6iU7E",24,139499,1355,106,446,1
"emeoyUlHroQ",22,139497,1052,90,146,1
"gaLQ2ERbi6Y",25,139455,2157,214,413,1
"_gpO22T2USg",24,139445,3649,129,993,1
"InGCOKjFJdo",17,139417,1852,86,1140,1
"1yAJ4MH8mss",24,139370,6034,112,741,2
"l599Vj9_1PM",24,139310,1761,171,237,1
"qbDdKfw5jgw",27,139271,1077,166,396,1
"1hVja9gDaJM",24,139197,2325,639,1423,1
"C2_KuiKGaHw",24,139197,985,62,329,1
"DlG1MYNF8aA",1,139169,152,42,182,1
"iwiULjXUxIc",24,139142,340,16,60,1
"KUoBDCq67hA",24,139129,1064,72,332,1
"HruB3mm5CSc",24,139114,6577,190,531,2
"jYPgtlarcgw",10,139084,7797,444,608,2
"YIH_7r4Oo2c",25,139084,2578,217,1559,1
"XYXkHIsslD0",27,139079,9494,432,3409,2
"Tmfn_l2lt0k",24,139023,5814,552,735,1
"aOiIGMt5CGU",24,139013,808,37,202,1
"VHWu6JvzrJs",24,139011,5473,110,1762,1
"yWShcoOIq7U",23,138967,10061,205,707,3
"83YYNWaCoKM",22,138960,8556,63,351,2
"ox_gW7l6ng0",24,138949,722,129,201,1
"el48CcjeRXM",24,138932,8295,121,398,2
"Fwc4xyA0p2Q",24,138922,1869,226,427,1
"LjoxZudPSCM",24,138910,721,79,432,2
"MsrybaWje9U",1,138887,17000,156,2551,1
"JT_MgX6S1gc",17,138772,1167,100,635,1
"R9ZEdacTIa0",23,138731,1422,34,175,2
"HW5rdoqtTiQ",25,138730,13752,127,7414,1
"IXm3QTGda-8",24,138726,10487,260,4887,1
"akJrvh8akO0",24,138695,931,60,221,1
"jgfuWix7hII",1,138695,2053,60,94,2
"243NYLOn6WE",24,138649,5311,54,482,1
"nT41_o574Bw",24,138638,470,56,468,1
"dEyZSrCUu6U",24,138628,2632,88,245,2
"bQcxRmZkKR4",24,138627,491,169,46,1
"PfkPCYoswDw",24,138624,842,64,239,1
"JOSvINrYh-c",24,138609,498,80,617,1
"_HiXvFlircI",25,138603,7127,81,1311,1
"R91OuaO82Wc",22,138596,4619,449,263,1
"MyBmdGEiEr0",24,138589,841,72,276,1
"ZTU2IZxOv98",26,138548,5713,80,312,1
"q1L-I53o3Iw",1,138547,1199,101,115,1
"f4ZJ4Cwk_l0",24,138544,2015,222,662,1
"_N6QovHPQmo",24,138532,13799,17,778,1
"NnzZs5B4dnU",25,138510,0,0,943,1
"c2pTEkeZNjY",22,138509,1254,402,1215,1
"h0wrB5El1TM",25,138489,1614,356,2269,1
"m2ukvaJgWKg",1,138413,1939,115,1175,1
"ses3bGwKwYM",25,138363,3766,632,598,1
"Ha8rV7wP8XQ",24,138351,974,98,140,2
"xMkiOe3lfZg",1,138347,1338,70,173,1
"HO9cqRm75VU",24,138332,1985,110,471,1
"cIqp9faQKNw",24,138314,773,83,234,1
"SavZ-yxkaPU",25,138309,3969,88,296,3
"6I7ECaj70dM",25,138285,1973,242,799,1
"yq46zaFV-gk",25,138235,2853,257,812,1
"KyWmYSMMX7E",1,138232,328,51,41,1
"Mg-ZEii7tM0",24,138222,4648,41,393,1
"FtR5J4kIbpo",25,138196,815,113,178,1
"K_Gml_ps4Mo",25,138191,3153,264,1328,1
"H3rwLjWxreY",24,138162,699,118,188,2
"eWNct_DBNaQ",1,138142,1266,58,191,1
"43IyeXtIMyg",24,138135,2343,83,215,1
"dD5pu9Yv-zo",25,138110,0,0,991,1
"mkEogmijNaE",24,138091,581,155,35,1
"VaPMUACYWww",1,138059,5097,116,499,1
"CbPnSy8OmvQ",25,138046,2323,187,751,1
"bXFMc66KmEw",22,138035,7913,102,2105,1
"ZQz_sy3IUJI",22,137995,338,51,396,3
"2sDc5o3CvB8",22,137986,10840,37,595,1
"XN5fw25HTZQ",22,137956,241,44,249,3
"g1cEOzYChN8",17,137914,2076,142,423,1
"sOt87OMvX8Y",22,137904,5168,81,335,1
"TCiI3ToQL2M",24,137878,713,46,79,1
"tVGVX0aql6M",24,137810,2727,70,331,1
"RK5_B5msXS4",24,137808,8369,132,1319,1
"yyRnlZVTyME",24,137803,1986,45,127,1
"oNXqQ5ZJgWM",25,137789,936,203,969,1
"G0FL7uUCGnU",23,137774,10459,90,1542,1
"iSc1m1uKW48",27,137751,6394,73,486,1
"l0hMNP6_ZR4",24,137741,10466,68,2545,2
"l_Vme1oQTO8",24,137729,1026,126,64,2
"MtxSfrOI7Zo",24,137699,759,79,109,1
"sUUzvE236_0",26,137684,8982,65,589,1
"-oDCsNGDXBE",24,137681,689,120,126,1
"RrRcTzrCM3U",24,137635,605,81,74,1
"FehZzQWVzZk",25,137635,158,557,890,4
"n8l-jIiht50",17,137610,505,114,425,1
"jyYTaucW3EY",25,137602,2235,465,2404,1
"yS6I5Vxkaxw",22,137598,2475,52,671,1
"sADvCu_a7k4",25,137588,2084,129,440,1
"hdXmRcm_Mlc",10,137519,6831,99,366,1
"12IFXP64Oi4",10,137458,7395,222,1140,1
"qBw5wCs4keQ",26,137447,7240,63,611,2
"gEJGADrL5Ss",24,137432,3417,110,2224,1
"HQ0BwwYYV0U",25,137430,1668,243,1003,1
"K2Bwmdl61Sw",27,137411,7071,53,300,2
"mqjc8lataww",25,137407,1320,110,517,2
"fNnekN_Uf_8",25,137397,1443,207,1353,1
"kDltmQS5d3Q",22,137394,522,46,70,1
"RE-aVnbJyOU",24,137357,1531,35,119,1
"k2qwT9LOpWs",24,137337,6778,203,646,1
"2uxCQHWhYRk",15,137332,3638,270,1133,1
"HQ-wYONgagI",22,137293,7573,53,813,1
"rGWg_83dGak",24,137243,457,159,28,1
"97pFUTFvuEg",27,137219,6364,91,565,1
"Eyy12yQgPzs",28,137213,648,28,25,1
"xfmqmmBTRXw",22,137210,381,105,156,1
"zeP9SVp2ui0",26,137185,6762,152,937,1
"EWYh4LhcICc",22,137132,16491,88,1741,1
"DTWOHPX9ubQ",24,137097,423,101,55,3
"doOztgjJBdY",25,137077,9872,140,2435,2
"KdgOhXgKZMo",24,137072,1661,12,277,1
"JSoLPm6a2yo",24,137066,1595,562,1333,1
"9qwzx1M9dHY",24,137042,6243,40,419,1
"K63qtfaC-O8",24,136963,1013,112,100,1
"Uscq2110yEs",10,136944,15322,130,2282,1
"Aj3EEs677v8",1,136923,11816,110,1201,1
"IN333L7RMFI",24,136908,1698,76,186,1
"RJmWsxwmoEs",24,136897,16051,370,2016,1
"tHLmd7F8QB4",25,136885,4718,272,1541,2
"2X1BQoM5_js",1,136873,1480,157,387,2
"1f9O6pBhZb4",25,136845,978,78,674,2
"CnQJVhH0AL8",24,136805,0,0,379,1
"FntAcDisb1Y",25,136799,2698,140,737,1
"d_5fZPgdXns",1,136789,150,35,161,3
"UvjOKUcDyjA",2,136782,6518,90,580,1
"vkPth7BudW8",20,136776,5707,69,477,2
"tOy2BMjzq1c",22,136766,11616,105,1470,1
"b5nELcxjtUk",24,136743,408,69,200,1
"YI6Mu4MDJOA",24,136731,2937,71,377,2
"rIr6G8qA-es",25,136715,4564,298,1723,1
"j_C7WC46IP8",22,136704,2032,283,559,1
"F4i4U6BcKUc",22,136661,227,52,305,3
"-A2yPgWzQOo",24,136628,4276,59,1169,1
"OgcFlwFxpSY",23,136608,2069,104,219,1
"1aEs7swBdr4",1,136608,1496,87,605,1
"1jq-vNalHkU",24,136580,812,99,124,1
"VdIc9JKv1Mk",24,136555,1725,43,659,2
"zPEdgTz_CGo",15,136553,7562,183,1044,1
"XcqS9okipTU",28,136527,8362,107,738,1
"UxwiXA2n62c",24,136526,1772,87,259,1
"4akFLFq3b-g",25,136515,790,241,866,1
"MxDtkS-byNY",24,136489,1352,71,592,1
"1Mh71Uz8Cmk",24,136469,1729,38,1048,4
"Flu-Afl5V4I",24,136464,3449,70,326,1
"2B5ZobWSOLQ",23,136437,16411,49,1505,1
"vaNufjeA3lg",28,136435,1147,136,283,1
"L12eRKXz2lw",24,136412,8042,321,772,1
"w9ADYSAko78",10,136410,2619,90,140,2
"wbwTEpWZ8qc",27,136359,9610,154,600,1
"ySoE6wsRNrQ",25,136319,821,138,344,1
"Qsur4kxI9wQ",25,136308,0,0,869,1
"PCvzvc7E_Dg",2,136250,7601,246,1469,1
"QruoK6j8yfQ",22,136246,602,83,201,2
"eRjb06gHDNY",25,136241,4099,351,2007,2
"J_2jwnqD5DQ",15,136241,12568,211,786,1
"3LbCCYiYm0w",24,136218,1131,130,820,1
"ASSpThqyt9s",15,136214,8261,176,1825,2
"vTJKosHxYtM",1,136187,5958,105,772,1
"j210gCAUdXQ",23,136176,12549,124,1273,1
"pxGVjiLXHBs",25,136169,621,185,675,2
"_83hYoV4-iQ",24,136161,1642,88,290,3
"uZ62kvyGhjQ",24,136159,1519,153,229,1
"XNk_312QpVg",17,136147,842,115,1173,2
"CZgHbTfALLo",22,136144,11150,70,800,2
"UtePG4Pon_M",24,136054,8054,153,1890,1
"qgVrs6lqhnA",24,136041,6228,93,815,1
"tY3ZVmkAKyM",22,136038,3326,508,1657,1
"7fXh6Cru7Mw",24,136017,509,217,65,1
"eMtDTzNRVoU",22,136014,860,81,572,1
"Nsg6ZDd4NfQ",26,135983,11305,95,1076,1
"7oSwWJedjbc",20,135931,9542,314,915,1
"e_p4E4ISzQs",24,135923,4800,33,606,1
"G6n7oA5yoPY",28,135910,7312,233,696,1
"JgzHHjBUFgY",25,135894,3669,968,1709,2
"cNYwnlcjnDU",1,135872,3069,214,292,1
"Vtiz_GDgKzg",24,135800,790,73,103,1
"BK0lh6im1oU",25,135653,2894,250,1246,1
"pQgPR2V6924",25,135620,379,86,449,1
"oF7FR7TjnME",27,135568,123,4,59,1
"Wv1WtyUt0N8",24,135550,308,53,88,1
"LkOsgh5kcgQ",25,135510,5044,159,1154,1
"tY1BhilMqg4",1,135500,8200,128,809,1
"cqLWFhQTYms",20,135453,6454,91,2410,1
"j2MzGn2Bu_w",15,135394,6916,323,1459,1
"jcK4ioF8ODc",24,135315,6644,60,1590,1
"BeNxESAFh78",23,135254,4443,141,3235,1
"zQs6rLsgpXU",22,135234,604,73,125,1
"CaKrY92KZQw",25,135214,0,0,786,1
"aC1VAPJ5cgE",25,135189,2557,163,1744,1
"2P5g7rOyx-w",10,135160,11766,86,1250,1
"WTWhXBPDb98",24,135105,10332,129,2138,1
"fJj2EusC4d0",25,135099,2287,157,392,1
"uy0bF-PFpFI",25,135096,7808,152,3223,1
"DLXyqb7k7Iw",24,135090,5378,392,2042,1
"BeLQb91_hG4",23,135064,2676,53,91,1
"hQGsYhQzdOw",24,134955,1091,107,419,1
"zg4U78QSYJI",25,134951,1031,71,560,1
"TrYc0-NSZZg",27,134899,6270,127,1004,1
"KCT_fhzYIIY",25,134882,341,98,933,1
"Dkq8iUNLO6s",25,134868,1463,158,1396,1
"AR7WdXCbulU",24,134866,2114,354,988,2
"cBi4MhS69jY",24,134862,0,0,82,1
"ZFvgqLHA-Ec",25,134824,598,302,550,1
"DtAmJdK1Jck",29,134799,6547,161,1709,2
"nnLtBUPxIx8",24,134789,4342,153,1268,1
"B27KP-yP32w",24,134767,549,12,79,1
"xvC8cR5rdRM",28,134718,6493,305,3618,1
"69MvSbAfXjA",24,134705,2158,25,95,1
"qtloK8m224k",24,134697,4996,72,698,1
"9ic5xNI3fB4",24,134692,570,118,415,1
"VKmdmpH-YHo",25,134679,1853,182,384,1
"XbwtR8hXfb4",24,134678,12469,216,304,1
"i1yU4ocEkOw",24,134678,1510,100,315,1
"rHPpYxoOdNw",24,134673,1096,83,201,1
"Ef4PLSqqg50",24,134669,3182,21,62,1
"UDX-bWm-4fk",26,134665,5129,246,849,1
"UGkaWBMlPWE",23,134638,3443,155,447,1
"A-pb92PEUk8",20,134621,839,210,208,1
"ACnh9zlmPNE",24,134609,4786,32,464,2
"zGx_48XFIAI",24,134581,4791,195,552,1
"hrOrbGbc0gA",15,134548,8381,102,459,1
"8ktvlMD-O8M",25,134526,3041,195,489,1
"3EcSKp4ojk8",24,134524,12528,126,1265,1
"7L4iRi0EWHI",28,134504,1145,141,229,1
"l0t0qgxSJbA",23,134474,5574,105,1440,1
"gwT0UJwA6Fw",24,134429,887,61,194,1
"i0-QmKTa4lc",24,134415,843,64,130,1
"yZoFbsarg3s",26,134411,8298,86,476,1
"xPBIOxTC78I",25,134367,3474,214,1396,1
"RlCwZFrQvAQ",24,134344,5393,77,625,1
"9FnDvfybyw0",22,134338,636,82,163,1
"E37swnRU2fs",24,134310,11232,159,2737,1
"YbL3lcdvjyk",24,134304,4732,44,634,2
"zA_NdghMdeY",25,134271,0,0,1085,1
"9K-4Jc2l-7U",22,134264,6804,155,2043,2
"usyI9myL2hs",24,134244,421,64,323,1
"mb_AvfW8p6s",17,134234,2828,135,1198,1
"teIl6BGB2GQ",17,134223,719,28,287,1
"Jc6MamHRpZc",23,134208,5916,152,844,1
"I2RZinRpGTM",24,134189,4305,73,1237,1
"Y3H-TwdUJJ8",26,134151,5238,89,1408,1
"bwOMObQxIdQ",17,134138,1808,65,917,1
"UDbdAvmCwls",25,134135,2039,182,1123,1
"_B8bNVPney0",25,134132,1118,155,408,1
"4YarxU5-5iM",15,134032,6288,128,817,1
"vnpdz1ZT0Pg",17,134024,1008,155,540,1
"Xrid83VZIrM",25,134000,1294,97,661,1
"NEliU00FaGQ",25,133982,1020,107,726,1
"L7bpssGe6VI",24,133965,1606,104,255,1
"LqSkYMmyUWU",1,133924,3251,47,441,1
"ukFqTAo-2yE",15,133919,11905,58,693,1
"SmxNisdhI0M",23,133890,7032,65,1520,1
"qp2NeN5E_WE",25,133876,4317,65,383,1
"wltNrU_G3lQ",17,133873,545,34,534,1
"UHvLPfe4IAI",1,133840,853,60,62,2
"aIIs1l7KO1Q",22,133832,7483,22,577,1
"2ZqR5StCDt0",22,133822,9620,49,4288,3
"X84aTwDgMgU",27,133804,6616,101,679,1
"Z88AhAnUC88",24,133756,1076,74,155,2
"N8kMrx7lxew",1,133755,760,60,698,1
"X9TFhfRntrw",24,133750,1434,192,520,2
"KLSkvMzj0Ak",24,133723,5860,329,764,2
"0h2quyUIUko",25,133699,303,93,529,1
"U4Nbs4fnKT8",25,133699,6810,245,669,1
"fmSTHI1UiBU",24,133686,2563,23,118,1
"1uR3kQx5Otw",24,133649,3462,108,1331,1
"naje3zJ0BZo",25,133641,923,107,376,1
"--wOJ2VyKDI",25,133631,569,214,1513,1
"tEuyWsB0n5g",24,133604,8643,381,1118,1
"HoF3rq4qjtA",25,133583,621,104,901,2
"Jt3QMZzT8HQ",25,133572,0,0,1353,1
"8J7QBYvzdjM",1,133560,3704,68,883,1
"PDGBsPalpRY",24,133558,10165,83,1607,1
"jTt6ncDm1MA",24,133520,1063,75,181,1
"ROByUohCVcs",24,133516,1404,198,314,1
"4IhAQBL8r1c",1,133509,2862,146,1210,1
"VZimSFta0Kc",24,133502,895,84,83,1
"9wRecvEpCz4",1,133409,95,35,61,1
"XzzQL96yAwE",23,133384,6469,370,1396,1
"LLuqMYb48Ps",20,133383,4964,88,1801,1
"MqoFaK1LK3g",23,133364,9882,64,518,1
"NNzBhlFkHl4",24,133355,804,99,106,1
"NgrSGM-7uyM",26,133340,5512,129,524,2
"QjIdpwCqrwk",24,133306,3566,88,588,3
"Osh_AXDxnOE",23,133288,6972,120,1229,1
"lTDeQBwmZIg",1,133230,1920,155,1136,1
"OLrRTjvadSw",24,133154,452,77,48,1
"qPpUaeChvuY",24,133150,6597,164,1249,1
"xbKrL3oqGMQ",24,133143,1209,87,257,1
"ycTmoIlN9gc",27,133122,4373,119,927,1
"Ts0ItJHZB4Y",23,133119,7297,184,236,1
"aPN1F-9oDJg",23,133112,3197,203,612,2
"rxwYxZSeCho",26,133104,7497,101,406,1
"jghZXw5RNGY",24,133086,1902,66,545,2
"HvxVeZ5_Lqk",22,133084,431,156,491,1
"wvKD4YH4TsM",1,133072,113,46,173,1
"q0Br4rJM7po",1,133043,3737,157,1288,1
"RN_0KW7ah1c",23,133016,1561,178,286,1
"KiuV9VxYa2c",24,132955,418,71,70,2
"1TtWUk4EXs8",24,132903,879,101,184,2
"YSVLsQ6VBdM",24,132893,766,867,461,1
"MbdATElT85o",24,132864,1915,52,119,1
"8ZivfJUezjA",26,132863,4678,128,435,1
"1xynmeMvmGY",1,132860,2753,138,1020,1
"fTal02shXfU",24,132844,625,39,367,1
"yhmP2DQun20",22,132835,555,128,255,1
"1ZLhStlxI9k",24,132809,4797,35,672,2
"HngLuzgtg-Y",25,132792,1932,186,351,1
"lweS0jok-Pg",24,132769,1902,32,558,2
"Tk0v91GBriw",25,132753,905,158,826,2
"JqeyOTwnGQs",25,132723,324,75,439,1
"DALnATGj_pc",20,132713,8387,1235,44,1
"lOPRhDWl448",25,132642,2312,133,1761,1
"BLFQLlCBTj8",24,132598,3925,128,832,1
"Bw5fAQBGHEg",24,132518,3729,102,1612,1
"NMU0XukMr3E",1,132510,150,44,266,1
"i_jgF-S746o",27,132462,10584,32,1903,1
"AtbyHpFeVDI",24,132458,3334,55,162,1
"A542ixwyBhc",27,132451,7063,83,324,1
"YI2Rm4LNPJM",17,132444,275,65,21,1
"Wks1mu8S5ic",25,132433,837,113,344,1
"mmKTEustFlk",24,132403,3258,27,122,1
"zKMtceLC3dc",24,132392,1733,28,489,1
"PD-qo4yYvKw",24,132386,1623,101,196,1
"xGsqVgtkcr8",24,132384,3828,73,389,1
"y8W124Pkdwc",25,132381,1382,81,637,1
"It5hauk2cV8",15,132376,5426,166,1132,1
"0JIpk9zFBWs",24,132359,5787,61,948,1
"QOMh4C9Npak",24,132355,925,53,259,1
"XhMj0y4Hz7k",10,132354,3830,65,126,1
"cdDYCgQX_GA",24,132337,2528,64,372,1
"UC3xdEYmyJU",24,132336,495,234,48,1
"c2fJ2qeSxhk",24,132301,782,57,378,2
"atymeurvyAc",22,132285,9648,76,671,1
"-wi93uQmqRU",24,132264,1044,225,908,2
"WRtzJRQqf_8",20,132262,6256,102,735,1
"LiGzbsBoZfI",24,132250,1410,80,206,1
"zirALMrJgns",25,132203,831,27,135,1
"1qvJDQTqSHY",28,132182,13783,142,657,1
"lG--0KSOe90",24,132177,3728,38,501,1
"F_ua1N-VLZQ",25,132160,1109,65,336,1
"jSqJDuTJUSE",25,132144,2778,291,128,2
"btQY_vY75G8",22,132115,14196,76,2683,1
"NhPOM5W-SBw",24,132070,5503,48,660,2
"0J65c2yrySw",25,132038,5068,61,667,1
"hLCI07WKNQw",24,131989,773,57,103,1
"ObTUR3zXObQ",25,131959,1249,33,284,1
"FyFwko9O2UE",10,131958,13084,164,619,1
"0JfzRLNTG9Q",24,131947,1392,684,1513,1
"OHFpFqaJlB4",24,131921,566,246,440,1
"Ngom-51kaCw",25,131909,0,0,1410,1
"QR06c29ghbg",24,131879,3942,116,1615,1
"aEq08BWoEyg",23,131867,6981,77,1014,1
"rJ4lVXgvfp4",25,131839,1872,169,1116,1
"jffs3GJfq5E",24,131830,870,75,139,1
"BW1YOwD1ueo",26,131823,11655,92,1297,3
"-ldE-JblumQ",24,131818,5784,69,827,1
"1NSjvvVr55M",24,131746,6401,155,1039,1
"9soLlXPL4zM",26,131717,6387,73,608,2
"-sH-a_e7sr0",23,131629,639,162,265,2
"_JAJCBeGbzw",25,131585,4983,236,1427,1
"cBnXlLyP1Lg",22,131585,5984,124,1006,1
"8c-jJC9yP74",10,131582,9447,35,404,1
"o4sfbx5qLbU",24,131572,664,41,85,1
"Py8VDZKrWEA",22,131547,4333,76,738,1
"VB8cOAHSyRc",24,131541,1841,68,175,1
"VtrL5Y5kxSQ",25,131538,1289,108,0,2
"prIxMrsZI8Q",17,131513,578,33,393,2
"cOMPl9iH7Yk",24,131495,3411,40,361,2
"wv8YnMgL8F4",25,131489,390,94,848,1
"IAFllaGs6Z4",24,131486,564,183,42,1
"7DQ21or0zL4",22,131415,634,175,592,1
"TG0Zm5T_PsE",24,131379,2116,270,1311,1
"ysayxiQVvnU",23,131371,7061,93,1654,1
"lQ-RhorEwpo",1,131366,7801,177,1887,1
"KkyYEBqpvK8",23,131343,2711,81,120,1
"rUfHmxRikSk",20,131338,8846,63,1434,1
"1bx7uLcBITs",24,131250,1144,79,227,1
"fykxT-cWibM",27,131160,5939,68,416,2
"N3F-8NHsqDM",1,131100,136,38,102,1
"uY0Ws6e1u08",22,131093,135,99,38,1
"CHLBoUz602A",22,130934,2646,163,964,1
"UHQGVbhiNdg",23,130905,12924,159,1307,1
"aeBaafUCh4o",24,130861,1919,85,452,1
"NLOKfFaS_yw",26,130855,13056,98,2188,1
"D3lKZntCwlE",25,130849,2554,129,338,2
"oNrWuvTTTh8",24,130840,5323,406,871,1
"9cBMAOWednc",25,130815,2031,164,351,1
"aeNu7tt2E3c",24,130757,7912,77,1029,1
"9X8CU47FEyA",28,130756,12354,79,906,1
"zpSeYidciC4",25,130737,843,97,260,1
"RDAufWTC-tM",25,130722,2657,79,1229,1
"QZzAVawbF7s",24,130715,5335,104,630,1
"e8yEfl6cFSw",20,130702,5351,65,546,2
"MDFladjaoMI",25,130677,918,146,66,1
"kNx3YboB4dQ",24,130618,5304,626,650,2
"mZCs2N2VjgM",25,130578,4432,2106,1357,1
"0unWUcTtriM",1,130550,1834,140,1053,1
"Aj5oA0YxCi0",22,130531,5336,64,283,1
"fjsirJ2YMXw",26,130512,4919,94,290,1
"s1vxAN2pMCY",24,130497,741,38,73,1
"WLAlJf9WaXI",25,130471,2778,641,2242,2
"duIdrfB5LzY",24,130416,713,66,52,1
"-aUcWb37Nkk",24,130404,7553,118,749,2
"-ml3wLj1G50",25,130403,4085,79,839,2
"Uz_sK7cDpRQ",25,130393,1850,180,771,1
"Sj5U4IrhHv0",24,130364,1953,55,283,1
"8wLHrMXJoEM",25,130333,0,0,594,1
"TZsLacht9Y4",24,130305,881,75,139,1
"BkIuZVGTkM0",15,130290,12647,42,455,1
"nSzLLGC-Jjc",25,130288,1415,111,286,1
"hNHJ1X7-DvI",20,130267,5166,142,3322,1
"bcLDC-u09eY",25,130257,1206,26,196,1
"WrSHj4nLFf0",24,130248,1005,66,130,1
"1cyl1gTVw8Q",24,130225,2201,162,295,1
"YBT_rfVxY5A",26,130199,4739,156,212,1
"bvBNvAMeovw",24,130172,2874,112,1124,1
"lpb_RRWGp8w",24,130161,1583,44,175,1
"Cr0-AKa7IKc",26,130129,8271,420,2602,1
"Ic4Xo3BIHzY",25,130114,14736,76,1786,1
"QeXs5NyX5WI",1,130068,9519,150,1104,2
"8u9RkrikpXQ",22,130057,5362,107,650,1
"NfbpLYEXOM4",25,130037,3506,316,1045,1
"2bJCdKj0jVE",24,130033,1428,140,390,1
"PSm60_YEYWs",24,129985,861,78,473,1
"iL_47PfdSUo",26,129946,9450,99,225,1
"t2TtcMh1g0Q",25,129946,4023,286,792,1
"cHaWrKBoARI",25,129930,1557,57,299,1
"09lz1fRBBsY",24,129882,9120,95,1561,1
"QQRLErks_WM",24,129859,1004,98,377,1
"gk7j_kLjb0c",24,129820,137,48,210,3
"FscynLftkZU",19,129817,7512,107,1416,1
"C8dfiDeJeDU",27,129804,13033,868,3374,2
"fc5tIKFDy1s",25,129797,2113,196,1586,1
"cyVX-c8futE",24,129786,7120,588,708,1
"6epjkX1sr2M",26,129777,4471,140,372,1
"blTglME9rvQ",25,129769,3423,6099,4092,1
"2rvWQu9qjQI",25,129761,1635,211,293,1
"ehe2H5Vznh0",1,129690,1085,83,141,1
"_ex51a7Jfrs",24,129687,2677,98,165,1
"dBpxVawy8mU",24,129649,6587,86,944,1
"-dL5ctL7fFE",1,129607,9019,57,294,1
"Ukwvov5FtEg",10,129598,690,291,212,1
"I1tCLn47Xqc",24,129537,994,62,147,1
"Vg4N0wUeUWo",27,129528,5787,362,843,1
"BAxHzUq3QQQ",25,129522,1095,192,280,1
"rzOWkdVgL1A",24,129517,10882,73,1967,1
"3HScBR9ylQw",24,129459,6061,124,1416,1
"mcL3XKy0I-s",22,129383,5795,100,1798,2
"T0zBYsGFbgE",22,129325,10557,56,805,2
"EUZtQkYcTfg",22,129278,722,44,272,2
"5b0W4PCeMUk",17,129267,335,42,117,1
"dYabRf4Vf-8",24,129262,713,81,54,1
"HQKkTRVaDFQ",22,129230,716,94,222,1
"S1cmXcZYfA0",24,129228,4419,120,884,1
"hQg2Sd9mWrQ",1,129213,1615,40,428,1
"3sADXHgxT6s",22,129165,426,147,680,1
"sa8-FmLjqnA",17,129067,588,61,212,2
"fkQl4I37PRQ",25,129057,1063,59,477,1
"fa3g4zx78cs",1,129049,863,12,225,1
"SL4Fo6dJ3o8",24,129041,4411,93,379,1
"f-4l6UfGY-g",24,128993,1250,38,189,1
"q1opxG92q1Q",25,128926,1670,148,1591,2
"VjTl2sbV7PU",23,128912,1432,129,227,1
"6dc-6tYDvKw",24,128901,1325,40,378,1
"rMCPHFTf5YU",26,128894,5788,78,686,2
"gUKIhe9DJpk",24,128884,399,126,163,2
"4W6gn_GR8Ss",25,128849,910,92,351,1
"TQTP0lJACcM",25,128844,3970,345,2439,1
"DURyE-qrBnk",24,128826,17197,29,893,1
"AQ_SJHXYkQI",23,128793,8594,81,167,2
"g7vPDY7Faok",1,128792,260,36,166,2
"T4C2ASIUJZE",1,128751,1646,93,153,1
"J37CSA16k7k",25,128704,0,0,644,1
"R85-QibQUYg",25,128665,1092,958,2204,2
"rWH49-k921o",24,128620,815,53,106,1
"htTcLTqNGzc",17,128597,486,84,213,1
"t2sJpeL-Ars",24,128580,14330,53,1248,1
"eOkV8GU-CTQ",25,128579,1099,297,2179,1
"zdL7ts8JfKc",24,128561,957,67,84,1
"zIaifPR7fSA",26,128543,7894,106,3642,1
"TD7HmuWG0Ug",25,128526,2942,84,874,1
"9ZZzKJqJqos",24,128508,10028,319,1153,1
"mLs4QQCnvIE",24,128469,728,156,178,1
"mecSHTQw8x4",1,128452,10555,84,629,1
"KnFQNygSXtk",25,128442,2173,133,1552,1
"PKrD9rqjvYE",26,128435,6460,60,828,1
"W9RcZ659HlQ",24,128434,738,52,161,1
"YE0qGSCuHK8",25,128405,2313,191,945,2
"lRlVPAeZTzc",24,128402,4570,200,790,1
"k7yYOUOndsc",24,128377,866,76,99,2
"9xX6QPIQdZs",20,128360,2538,20,43,1
"pH6rA3fiQ1s",26,128353,11110,53,428,2
"aR9PM1Hj2fY",24,128343,2857,113,324,1
"zlzt1Efyzfg",24,128321,357,35,161,2
"yqw_TVUZqd8",24,128315,9850,320,1237,1
"9pgzqgKAWCE",24,128305,1499,182,633,1
"gn7xwdKAoJU",17,128281,841,152,1238,1
"wjjcPRQaOBE",25,128257,531,147,613,2
"kqs6xYzeqWU",24,128155,5240,1281,602,1
"zCDU91_QQGw",24,128150,669,53,68,1
"-k0AST2sQRI",25,128123,9419,349,6436,1
"mzm-nWfETD4",22,128106,350,56,38,1
"oJ-kmE8CAw0",24,127987,819,87,550,1
"-swZB45oNYw",20,127984,781,140,236,1
"-nbm90xAhWY",24,127981,5575,107,1079,1
"yWJkC-ycLUM",25,127970,3304,268,1572,3
"bs1DCH1nmQ8",24,127968,3793,73,918,1
"sfc208pAjRs",1,127932,1098,21,120,1
"V_MnWtkyxs0",24,127927,1689,253,964,1
"5g8fE_o1ASc",25,127923,816,156,623,1
"PIWacLik5Ww",25,127913,1055,73,303,1
"Ja3KlzhVU5s",27,127879,773,106,1278,3
"6dI1HjBa9Os",23,127869,9939,50,1066,2
"e1e4eSTcSpE",25,127780,11954,260,2464,1
"iPc6UptBWIM",24,127775,3200,22,119,4
"_hnGYWokp4I",22,127766,18513,75,1299,1
"PMFZl9WQL-E",1,127747,156,50,292,1
"xptpXSTtgSY",27,127745,7297,57,346,1
"Rz2IOG6WqhU",10,127676,2081,825,1296,1
"Rhy2GtW7m-Y",25,127639,2336,135,1552,2
"6lGU6nBSXkM",24,127635,1521,27,74,1
"sODyVd7oLPg",24,127607,632,60,158,1
"tYTsroZH8X0",10,127599,4545,144,629,1
"ijFXjntekuM",24,127598,903,104,101,1
"Ll2YDU5Y15k",27,127582,5633,61,527,1
"pet2VsxrdWs",24,127553,738,142,167,1
"6acbBrLoi14",24,127549,7700,219,1286,1
"hRJht9e55vg",1,127430,2750,135,1092,1
"SFXQs4tWfXA",22,127412,6717,239,1506,1
"A81iC9HQLkk",25,127374,987,80,402,1
"PbLDd3q449I",22,127356,295,76,13,1
"WywY79twjV4",24,127344,11208,82,308,1
"ZQJQVKWAFoc",26,127330,6187,67,617,2
"zbGXe6_3L8A",20,127326,10595,393,7481,1
"5YBnhPsdZho",24,127289,6603,125,985,2
"JF5HCUmINE4",24,127270,2515,17,148,1
"y-ZRIBlfsYg",22,127266,73,33,163,2
"bX1bdcvz8o0",24,127263,865,89,302,1
"ok935myNk5U",24,127256,2639,12,100,1
"5OUq8U7-03Q",23,127254,3668,243,1193,1
"I3qNZxv_4y8",24,127252,3964,193,1446,1
"6dy3Mi3iufQ",26,127251,9630,41,452,2
"MpS-hg0I1x8",17,127183,800,63,802,2
"TUIjNYr6iJY",25,127168,4676,268,2476,1
"uHNVXukRG54",22,127156,721,119,510,2
"JOtiHM7XYMk",23,127139,7388,382,1084,1
"WysYHSBhYc0",1,127107,7952,67,776,1
"YS4G5Z1C0C8",20,127071,9173,142,5197,1
"8ZEDedgZX_c",10,127061,7742,69,277,2
"cdwwbJdXLds",17,127014,622,32,127,3
"fmwZwixkBiU",1,126988,6363,75,1109,1
"4i6ZNrGmjcA",2,126977,5279,119,554,1
"YD7hKEn_OS8",25,126966,1268,34,379,1
"dz-i_VZonHk",25,126961,1019,95,254,1
"0agni95o1J0",22,126955,777,139,787,2
"b9rlTRq9Nd8",26,126885,5328,432,380,2
"8PUz38kp29s",24,126714,918,60,101,1
"qz_xALU-xtw",24,126671,62,44,53,1
"oD9PH5GPR6Q",24,126661,8126,267,2044,1
"eXabcWjKoao",25,126632,6582,126,1986,2
"p71R9C60MtQ",24,126596,1023,127,408,1
"Ndatg39wabU",15,126588,4985,264,1567,1
"OmAGXeEb8tQ",25,126584,1975,479,718,1
"812vmDu7JXY",25,126584,1120,86,270,1
"1Jz39i9RJ-k",17,126568,1220,88,453,1
"qlFnlzOoFgo",22,126548,4613,151,1990,2
"gki23QL3TlI",25,126547,4214,608,1476,1
"3gsw36ZryqM",22,126532,777,53,240,1
"zI8wC1-qDOo",10,126524,2528,268,79,4
"ho1NpEl93fU",25,126519,1125,100,1076,1
"YE8Carh78CE",22,126515,680,23,91,4
"-laOL_G3VBw",20,126489,5688,287,201,1
"cOdsbKnxsqM",24,126449,2306,96,624,1
"2yCp-Dj5-7c",24,126423,912,99,113,1
"LKnQVCCX8vU",24,126371,4096,95,274,1
"zPgUlJ0ii5Y",23,126321,7681,52,257,1
"UjH73pI3me4",25,126317,2123,164,465,1
"7SpFT3XRC_M",24,126297,2493,59,141,1
"p_RZ-qQkAK8",24,126277,511,84,235,1
"4leWdDwmR5I",24,126257,329,88,172,1
"xfZ5cNgBls8",1,126239,2068,115,1134,1
"toR0aaeKkFQ",25,126213,2626,138,485,1
"u4RkNlueTyA",25,126170,3362,493,564,1
"JjnWvS-9fSo",24,126167,587,40,51,1
"lWyRTOABEq4",24,126157,6432,61,947,1
"ZkbQxhZn4Tc",28,126133,7431,292,935,1
"EQ-YT7AJM4I",25,126129,504,232,861,2
"LCMOtb6v5Ss",24,126110,819,70,173,1
"t-Rc7QcmcQc",22,126077,2215,75,119,4
"A_9f93tIMh8",24,126012,7082,195,1755,1
"MHwR0rJR83M",24,125999,936,77,114,1
"5A5FMojFUf8",25,125984,1016,105,461,1
"NpX3DZxAjSc",24,125958,3144,60,273,2
"cYSLGHA-UyY",1,125929,2943,124,748,1
"czftJ7E7wa4",10,125921,18373,42,1769,1
"XpDjUlgJhCU",1,125898,3033,131,966,1
"sQ0WsP7osAU",1,125827,7173,51,1434,1
"5dmJWb8VHJo",24,125817,4350,73,372,1
"_b15m0x-Qis",22,125797,83,29,143,2
"uwe4cbnLicA",24,125779,734,83,167,1
"ST2XKL1E0bA",1,125768,9461,91,250,2
"5NHxDBPxPGI",26,125766,6796,57,1865,2
"gTec-EiU_gI",23,125741,13405,113,1326,1
"14ecdBv907E",23,125719,2672,81,386,1
"4G3zEevA7Xk",24,125706,280,35,172,1
"iKWTGNStyUs",17,125681,890,36,620,2
"u8MgPnPv3wg",24,125638,3603,48,179,1
"oQBFWgDmo9g",24,125635,7990,78,1233,1
"AcoX4j4sknk",24,125609,2536,153,579,1
"_DNTLjwqcfs",1,125581,2377,123,888,1
"nUtzSdSqFRM",24,125556,2508,95,418,1
"yr1zwBc4r-A",27,125543,2271,148,381,2
"CaQbyH28nNg",24,125491,845,49,82,2
"xlpK1XKz788",24,125471,1354,113,138,1
"zrp4ARk_TFM",25,125433,1727,151,1407,1
"CS4mYbU6i3c",27,125390,3766,137,207,1
"Iqf4Lamnd_k",24,125384,2771,152,404,1
"yO0v_JqxFmQ",27,125378,9207,261,654,1
"avfu_PzZrFA",25,125370,1117,137,0,1
"TnDY-TefbGc",17,125357,358,50,46,1
"GjHt3kERkhI",23,125349,7256,149,639,2
"5b9Iqzyj3JU",22,125321,70,43,178,2
"jhQNfvvXP5o",10,125316,4714,134,574,4
"zLtwlPC7TIo",24,125310,3788,37,463,1
"rKaduAzP410",24,125301,7725,27,1433,1
"yp9lnxKRkD0",22,125297,23015,50,15552,2
"CHsY5qPyk0A",24,125292,1494,185,1541,1
"5f-DW6Oq2cU",1,125273,3897,36,481,1
"dRLVOLTJwHA",25,125258,1862,210,422,1
"S204OM-oXCE",24,125256,14039,139,1614,1
"NrltjcgMbvQ",24,125220,976,62,155,1
"_KXDz7GNj3w",1,125212,126,167,448,1
"gMr5ovZkDCs",23,125204,8425,112,1500,1
"dW8uEQ3uvx0",15,125202,7220,161,1485,1
"5JxqSNpB6-4",24,125187,716,54,110,1
"pgrQPWAjkTY",24,125165,6359,45,323,1
"bz8H5wWGpGc",27,125144,1392,107,385,1
"WGoLNsAJpgw",24,125142,3530,116,4242,1
"DxP91ZssrDU",24,125111,2018,90,130,1
"HIQtr_VKoLg",20,125103,4945,92,1397,1
"GLrSJJRKrDU",27,125094,9812,129,675,1
"DC5ItmyY5fg",1,125092,1236,59,138,1
"A6pL1dVW2LQ",24,125080,1540,50,250,1
"Je-89pC2YYw",25,125065,958,212,1955,2
"Z08-lj_sLTs",24,125001,1228,56,253,1
"Ie8vMG3TD0c",24,124990,307,97,479,1
"yF87BtxffXo",25,124981,7371,182,2508,1
"JqJMbTt5Vhc",22,124971,144,105,343,2
"p_dpOf8I4oE",25,124971,521,85,422,2
"iXfHlch1Lso",26,124903,1208,118,146,1
"_PLDrwo3pZ8",10,124868,15918,93,525,1
"i6ezQ77JC6k",24,124847,2692,21,282,1
"iJYyJsmU3ZI",25,124818,2724,357,1603,1
"rvPknsWTX6s",24,124807,8229,59,1167,2
"ZuPiuGcD-nw",22,124799,18187,1213,3379,1
"wGRL0O15xP4",22,124756,1472,66,0,1
"6cjU2dGuFjM",24,124756,595,144,30,1
"t6IrZTW5EO8",24,124752,1251,136,167,2
"WvoILe9_WGc",23,124750,13406,362,4296,1
"kstKMvFYxd8",24,124745,6717,40,2012,1
"pIoVgJTOx5Y",17,124729,1362,27,626,1
"C3f0v-cKdnc",24,124727,1249,55,177,1
"u-PeNDF7jCI",25,124697,906,49,286,1
"YgYkjLwtBME",24,124678,3148,110,779,1
"NkeKzCBtIKY",25,124676,3566,148,1412,1
"zgXKsUksZXI",25,124671,3718,60,311,2
"jXm3XPYH_UU",24,124670,396,59,48,1
"eVn0T6oJO9k",25,124602,4066,392,2237,2
"ozBlmGzRizM",28,124576,10613,154,2647,1
"8SAr4URIafA",22,124575,165,171,0,1
"cGeixjMQOm4",24,124565,5730,83,661,1
"bGXjWHR4Wcs",26,124412,4485,179,261,1
"TIcjwj1W39Y",24,124402,4345,63,990,1
"6PUAZjFROEo",23,124384,4996,131,212,2
"mdALdHgqozM",24,124321,4019,55,201,1
"9A0QCJqbyPE",24,124320,385,69,84,1
"LW5fE-Dmpcg",25,124280,234,76,45,1
"lYXZ6gNnOmg",26,124218,9494,104,795,2
"4TMi9EMRyQc",24,124208,3212,20,207,1
"GaFbnFVzhpI",24,124190,744,84,95,1
"_QKU4z2Q4x0",25,124172,753,123,332,1
"soBb4X5Hb6k",22,124141,4877,31,164,1
"TCq7WAsr0GE",24,124132,4430,639,1465,2
"3XzArLWek74",22,124117,14059,201,3109,1
"g1oEIRxY3XM",24,124087,221,62,15,1
"bi1C0loFoUM",24,124072,807,92,110,1
"vypp5DF-Rvw",10,124060,1906,142,124,1
"CzUB6_S4ud0",25,124052,4139,76,651,2
"cTsFyLCwLPE",17,124023,886,47,508,1
"Bm-CEqz6W58",22,123956,1212,219,1129,2
"dum24Tw-JbI",25,123951,1741,184,495,1
"On4YeAeHk1I",1,123949,106,23,232,1
"PfML-znqY0o",25,123920,4498,1809,2133,3
"fbALrKlrLgk",24,123910,1059,102,584,1
"H_xjE7jSr0E",26,123874,6731,92,2757,2
"UGgPKGi2zu0",25,123866,648,102,194,1
"gOQeUDHUNsM",23,123851,376,139,84,1
"9gSB06ZZK0s",22,123840,1081,58,322,1
"hPW7v5BMB1U",22,123829,911,155,619,1
"hCDkDR14hVo",24,123826,8778,54,1382,1
"tvVLyWoCH5o",24,123790,3876,60,498,2
"_A5Z00E5gx8",22,123778,82,20,64,1
"Bkus04-5kWk",24,123764,6008,86,846,1
"3ZnMxabk510",24,123747,2975,46,600,1
"mZzOKGQb_6k",22,123739,683,113,828,2
"0pSkLDfar8w",24,123729,693,48,81,1
"BwlBTFG-Das",24,123728,1052,73,540,1
"XHda4tSlRmQ",24,123721,8720,277,2786,1
"alza4IllNvI",1,123706,1382,82,370,1
"7ambwExKo-Q",25,123701,0,0,618,1
"9UFOggKxXLE",24,123675,5375,87,881,1
"b7yOM9-34mM",24,123675,564,90,66,1
"9_5wHw6l11o",26,123557,5806,115,270,1
"D3ylvIS7Iqk",1,123551,337,26,158,1
"v3stTxaMPME",22,123488,1706,1107,400,1
"m0_EDgs-5bU",24,123451,1653,160,337,1
"3VjvbVWjEJo",25,123450,836,128,224,1
"QpyTYdv2rSY",24,123433,4642,4938,3386,1
"lg7OXHU0dYQ",25,123425,0,0,785,1
"qXqdi8LjtmY",24,123421,957,133,138,1
"MTDMcJPc1dc",24,123416,3673,86,522,1
"ZriAMwor25M",20,123414,6296,93,962,1
"qV1sZ1vc-L8",25,123410,3873,176,1065,1
"94LqBrU3kgo",1,123356,88,24,118,1
"Umt0lvlA87I",17,123332,291,55,27,1
"btxaD6eiwj0",24,123318,1380,118,161,1
"zAbsICypApU",24,123317,3803,77,729,1
"nIQQ3nwuxu0",22,123313,138,90,33,1
"OKmQrsDHpH4",26,123312,5314,93,723,2
"TyI_u0WKnkQ",24,123281,4346,261,1640,1
"luZEZgZNFAg",26,123251,3601,149,400,1
"7snvaAmSHo8",10,123250,11033,51,1138,1
"5lr7nhtAxGc",26,123236,5768,160,723,2
"LwxLWKneLjU",22,123228,855,72,667,1
"n1DLaN4a-Qo",24,123214,6613,141,2497,1
"HPsCvUy6OvI",43,123209,1114,523,581,1
"z8RThKWEsAU",24,123196,3608,83,117,1
"iJVWV5_I40w",28,123175,1022,135,282,1
"zubDyh56lkY",1,123172,2474,112,797,1
"EB6Dp35f_eI",24,123169,1277,73,263,1
"vnN9sgDzgTk",25,123155,344,40,57,2
"1emyPmar0Yo",23,123153,11855,62,846,3
"Zae6H-G_f_0",24,123119,637,87,0,1
"OfbRcfVbxpg",24,123106,6496,337,533,1
"xdmIbmSb9mE",22,123058,291,13,30,1
"lFFKMxBDx0c",20,123005,8001,143,1031,1
"_Hvzkvtcjzc",24,122987,810,25,39,1
"Mi7Yl7DoCkc",24,122980,8368,175,1196,1
"zA90As3vLUA",23,122941,2107,159,237,1
"l9k-iMdAzZA",25,122900,2020,108,614,1
"KUzhD_wYgFg",1,122897,999,45,53,1
"-qbtkd2KBbc",25,122870,738,88,229,1
"BBfvNOXCs3g",22,122854,4085,72,549,2
"dhreppDdOlY",24,122848,4830,181,789,1
"SqAa1FbxqVA",17,122825,395,70,28,1
"DxhZiXuhzLg",1,122791,128,33,138,1
"D1HFP84RXak",27,122759,5741,82,601,1
"mYQK0h25Lec",25,122756,700,116,259,1
"MRC4XCZG4ss",20,122732,5297,68,1251,1
"HaQvKU-GX1k",20,122728,9876,63,1747,1
"akizG0WNAk4",24,122723,386,52,442,1
"TlWiKwFFFpA",20,122716,5685,52,537,1
"HQMcsutabmg",25,122705,4004,209,1880,1
"MCh-Gt_KbmU",17,122696,895,85,599,1
"FgYCNEgZSrg",24,122693,1309,115,207,1
"TFjFKEQIoZ8",25,122681,2686,138,489,1
"ToRRUYUP0tI",24,122676,697,40,142,1
"uePQWSi_nyU",24,122673,8145,325,792,1
"fwsuBkrcMLE",25,122626,219,43,184,1
"sstkfBL0f2M",24,122594,233,53,91,1
"t3TH60CNpH8",24,122593,1945,90,340,1
"2YRmZ94VBzQ",24,122547,12626,484,2088,1
"vaS7wHFAs9g",24,122543,892,61,236,1
"SvbhQeW0JmA",24,122528,2692,92,268,1
"0TTOXLtSCc4",23,122511,2655,90,394,1
"K4ul28pxviw",24,122507,3768,46,990,1
"3oMNoTubmNA",22,122500,953,90,448,1
"bGeQ8IcKHSM",1,122492,88,25,57,1
"lHFr7JnW36w",25,122489,2625,226,1720,1
"81uF0joCaLU",24,122483,5441,189,1782,1
"UWmicSmLYNE",24,122473,4415,64,333,2
"CHbPLdESdaA",25,122409,852,109,254,1
"yujFnEUpC-g",17,122408,1172,40,451,1
"hojeJJHJL0s",22,122407,20185,62,3845,1
"0FED0LKqcVA",22,122404,359,88,24,1
"KsJ_a35AYsg",25,122388,305,170,10,1
"MICQb4QW448",27,122348,7185,105,1089,1
"_zhR6d6LDzM",1,122337,11242,116,782,1
"SLnekV64gTM",25,122324,5366,167,1571,2
"culGGGiey0U",24,122287,5270,232,703,2
"H8IWLEtFt9A",24,122282,0,0,0,1
"3GkcMb-Qq48",24,122261,4884,152,541,1
"OAx6daRHuzM",24,122258,3026,74,543,1
"pVQhDRkrXkA",24,122231,3971,21,146,1
"m786k0quYdE",24,122225,8106,109,1012,2
"FgZVZic9AsY",17,122186,2484,35,848,1
"e6Qny9saDGg",22,122160,0,0,1031,1
"xBLzpMuKPzQ",24,122149,6671,352,686,1
"qIYWOtX3IQc",25,122087,1261,150,476,1
"GJxA1NXYwyE",24,122078,4427,105,721,1
"GlDJB5zDTvQ",27,122061,5300,393,513,1
"iS9WGCVa_c0",22,122040,903,64,417,1
"qylgzFWRg7U",25,122031,5903,67,1217,1
"-hwB-0DPK0E",23,121997,653,11,51,2
"bzyNVC2mzaY",25,121920,754,120,229,1
"QOHVIMUuOPk",26,121917,4157,254,709,1
"jpnFrBV6qsU",24,121896,157,120,28,1
"RjyEjlRBK64",25,121833,677,86,237,1
"1ZZVqUlHsd4",24,121814,5215,61,467,2
"ZtI0JLr0Lf4",22,121794,442,98,746,1
"iMaNOSsWBpA",1,121770,628,18,24,2
"dlB_vWGdLlA",27,121767,12050,27,2184,1
"1L6IVILEdps",24,121759,1396,22,70,1
"qjPLCpI9n2A",1,121737,964,102,145,1
"FYhGu1W8iGc",26,121720,5377,64,459,2
"tGwcgpm0yjk",24,121709,793,34,96,1
"ItJaasrbEE0",25,121696,815,122,329,1
"geUiG7pdJKo",20,121681,1385,78,187,1
"TE3-7DXhsdg",24,121664,1557,62,325,1
"rJtteSPj__o",1,121652,2890,111,1308,1
"T_LyluLWUS0",24,121651,426,69,80,1
"JJSod2YwbrA",24,121648,1279,499,1063,1
"-hWfdyHjk0g",23,121624,3184,81,422,1
"wKl8RWYV8ac",22,121618,2719,193,711,3
"DLscbceR9eE",22,121612,631,45,62,1
"mtixu95o2UE",24,121599,1150,11,311,1
"9durq5qFKHs",27,121540,2339,114,986,2
"ykebaQNF9cI",24,121514,333,66,286,1
"Ruu9DwzVyJ4",10,121506,16571,216,1556,1
"DN8OjYxFwDk",24,121498,12046,182,1803,1
"gUppZqM-vpg",22,121482,388,49,50,2
"-4lgt0xQgYA",29,121471,1750,74,28,2
"FvVN9oaHtdA",25,121468,422,71,37,1
"8NiWHAmE5j8",22,121455,5959,39,815,1
"cmal2KNt9pI",25,121429,594,68,131,1
"TLS837FaO4Y",23,121381,13285,58,1213,1
"1ib1qxQvxII",25,121371,1176,72,207,1
"7BakcCZemXs",24,121354,1509,40,602,2
"14wNmoAqPyc",24,121333,1842,67,270,2
"fxRlGk-1RZk",24,121307,6751,83,984,1
"k9ixzuob2rM",24,121305,3922,197,317,1
"YzY36gm0ME0",23,121291,8891,71,379,1
"OChD3Wz2s6Y",22,121277,7102,743,2217,1
"bfLckjKIo-g",24,121216,2307,17,200,2
"wv44Gbejx-I",24,121214,1722,16,62,1
"RZ54XSb_4oU",24,121133,809,131,50,1
"1Nojg8pTHJU",20,121126,9353,76,899,1
"mFxpjj85Z2Y",24,121113,1482,521,567,1
"0cHbgH1XiQg",24,121108,975,53,219,1
"Y6FEc1gc1Xo",25,121090,1754,400,2677,2
"nMQkLiBFKOc",15,120991,4724,116,790,1
"JUaKihgxv_I",25,120979,3114,107,461,2
"wtItjwLSEU0",25,120932,1700,308,2050,1
"G6dUxLxSrDo",24,120931,9445,58,604,1
"IpRsvSHGVvs",24,120926,2036,85,379,1
"btOXG_M49VI",10,120900,2152,75,13,1
"S0rOgykSjDo",24,120900,2499,80,496,1
"31mjfjIkWiM",22,120889,4335,104,311,2
"vrVD88K94vo",22,120886,6800,90,1087,2
"sDwyll_OxXQ",24,120885,469,60,201,1
"nIXCMvobQWE",25,120846,1899,175,984,1
"1qwX0d_G2wo",25,120798,769,65,343,1
"8llGh3n3SjM",24,120797,740,54,222,1
"s2yYR3IJ8wE",25,120780,1052,169,1041,1
"4KK9uDdHyNU",24,120764,6131,66,1457,1
"WSPNbxImuj0",22,120744,904,233,811,2
"tcmpWIsVoHM",25,120732,3713,60,269,1
"2K5BMheHo78",26,120711,8380,113,837,1
"pOCW_rDLedU",25,120682,844,168,414,1
"hEdtudt2mos",26,120666,6830,59,728,2
"wvcCY_DJK-s",25,120657,2470,388,1583,1
"0PiVsvyZHzc",25,120649,0,0,877,1
"QNZ53Cpl9B4",24,120576,644,149,79,2
"WhS399esKq8",22,120545,568,206,803,1
"-HfiguvMtko",25,120537,703,300,1202,1
"FCEN-hbeoXw",22,120512,7134,539,1284,1
"5BXOzst1Kpc",23,120508,256,77,647,3
"_B9u16fyIfU",22,120500,465,16,40,3
"_X2gaVBDtsA",22,120473,369,60,268,1
"k4qIHWLSOn8",25,120469,4693,333,3160,1
"6bUCiwd7HZI",22,120433,2453,61,512,2
"twzucOt4j1I",24,120424,362,75,53,1
"aDJTuL1VNTQ",25,120405,517,353,1025,2
"fGCtGvmjk2c",1,120378,5410,130,1384,1
"1w3TvKhscIc",24,120345,1002,57,87,1
"EH8y7tomSSY",24,120336,1798,34,532,1
"ntNd77RIRLk",24,120306,0,0,0,1
"oZSQ2ijfrQU",24,120296,339,32,82,1
"W2bov6kY7ko",1,120275,1233,99,67,1
"QGEB4jwTcDo",25,120255,941,79,254,1
"FQWmz9-P0Bg",27,120235,5103,44,558,1
"hZYDwkVQZm4",22,120233,471,13,18,1
"63mlkk2qYTo",24,120230,0,0,115,2
"679xaKECVHo",24,120228,4255,38,465,1
"3tU8ad5Sosk",23,120208,15331,24,998,2
"IRGwGekRPrk",23,120162,3688,52,261,1
"2gKD5sNKXew",10,120133,150,76,7,1
"0GpxEF_RQBY",25,120120,4190,73,461,1
"1s6oL9tCrg8",24,120081,5452,58,706,1
"ASyCPEgnE7M",26,120074,7885,140,937,1
"BWjaKrStBCY",22,120057,1129,223,158,1
"WRf4lAwuCVs",24,120036,2507,418,718,1
"OsdcnvGpFzA",23,120020,1331,43,157,1
"DrE96Xs1VRU",26,119997,8171,177,747,1
"Qr92nBWJ5I4",24,119993,174,41,229,2
"RE9_34p2iQo",24,119981,3776,67,891,1
"DgSJfbQyAlw",24,119971,4928,88,1042,1
"kHsZNtnGw_0",25,119969,3427,129,843,1
"OjIzTuCiHk4",25,119968,1630,214,1121,1
"IPL_zg_hYnU",10,119903,4276,143,553,1
"6hZaKLbRwIA",22,119872,602,48,133,1
"G_17WUNIz-E",24,119858,4373,74,761,1
"CWaymcuj_q0",24,119827,427,44,405,1
"JF8azEkdkYU",25,119818,736,156,879,1
"hM_BYbi3vPI",26,119814,3082,97,359,1
"BQMVJsVIHQs",25,119806,622,97,712,2
"wz8yQamA-sg",24,119738,796,48,165,1
"MuZ2J6iWDag",24,119705,623,85,61,1
"_UDwKkBxSC8",24,119700,394,16,125,1
"T8qVa3LedGE",25,119697,2579,178,1647,1
"zM65IkGfNRg",25,119685,1773,134,372,1
"yior8V9DfKQ",23,119664,7252,186,939,1
"7TmQVUrhKtg",20,119652,4754,64,687,1
"ev8xQG1fkDY",23,119633,5556,185,2239,1
"nwyhtVf5RKs",24,119611,1266,119,183,1
"eWtSEFGJDcI",24,119596,6220,100,814,1
"XmbtgNjh_DE",22,119561,2148,164,1047,1
"jdsH9FpvllY",2,119558,2772,182,2131,2
"YXc6L79HNVQ",1,119497,436,12,14,3
"LVVa9LvAW7s",1,119458,1372,76,458,1
"PlQzifnTk7U",28,119453,6488,112,862,1
"uQbHH9HdMLQ",2,119449,4233,36,268,1
"NGErMDEqHig",20,119438,8653,219,1999,1
"WKMOuDoVxFw",1,119437,184,33,267,1
"BbjlLQx170I",24,119435,1508,76,416,1
"3LjD0Jb0Tjs",24,119423,7071,2494,4528,1
"_dfFvOQ3IJU",25,119408,1927,310,396,1
"FFgRlevgFYM",24,119395,5284,20,667,1
"CqigwEzUYmc",17,119330,6833,85,664,1
"Y-qiIH4Du38",22,119296,1462,252,504,1
"5AVTP2sNTcY",25,119281,534,44,490,1
"gRDW78_KCwE",22,119277,7434,294,720,1
"BF4SFJOMpi0",24,119277,1334,121,151,1
"zAiZlX92QfI",22,119267,5260,109,2383,2
"LulgvyStPFI",25,119250,2872,294,885,1
"4_ygSAeDZp4",25,119213,4084,256,1232,1
"gHnuoEj3t-0",23,119199,1072,92,71,1
"txdfAQFN9_A",24,119182,1248,114,1,1
"PS26fIOc5_U",24,119177,5303,31,266,1
"vD0ww9hfTpw",24,119170,4767,100,970,1
"v-hzyV5cpes",24,119110,174,45,198,2
"CPTk7xa0O7s",25,119030,1926,208,1754,2
"7bDvhiHoH-c",26,119028,4868,106,810,2
"f61SfmxdzSk",24,119028,551,44,60,1
"R9Z3BIoH41M",24,119026,163,38,151,2
"JjgVCiw7HBE",25,119017,1588,105,1466,1
"QtJyOj6_ecg",25,119011,3277,176,1066,1
"bXc-eXnvsoE",27,118976,6231,114,805,1
"faJOpxEyTWk",24,118969,0,0,0,2
"F1Kvl8DImYw",25,118967,825,84,211,1
"YNhMPl6blT0",22,118956,1132,76,169,1
"-SdhmSm0wQA",24,118934,7142,688,1151,1
"tFM9hvSj0y0",24,118927,1373,139,154,1
"1ysPliXPokE",22,118923,3798,125,542,1
"L67Og0lET_A",17,118918,356,54,29,1
"PUzx0M5wASg",24,118901,1660,39,337,2
"reeHWTnjY9s",23,118896,1280,34,77,1
"WOgmmn16FG8",27,118861,6000,121,706,1
"A24yyyYbh0M",24,118859,673,55,141,1
"8g9t5Tm5Hb8",15,118816,4321,196,1305,1
"lAyFrvSTFvA",1,118780,406,12,98,1
"rTMlicdQ5D8",23,118724,17431,108,1235,1
"XPz8uUBHfXE",25,118693,2247,118,1008,1
"6FoqovKpxjE",23,118687,3099,158,515,2
"RdrsGq8U0js",25,118657,904,188,405,2
"jhQI4w1eV80",25,118632,1611,3649,4090,1
"KS0d8Zl63-Q",24,118621,433,33,16,1
"UwlWKQJxEmE",27,118619,5455,386,483,1
"TDgjVJZ1QYQ",1,118613,871,57,185,1
"9eNC7sME5lM",17,118579,1101,84,496,1
"F7dstruQ1bU",24,118577,5941,74,1305,1
"zcadyhiatSg",25,118555,2181,152,843,1
"OP7HyZpvYE0",25,118531,4536,108,935,1
"twud_xaZvAo",22,118485,480,61,66,1
"TCkl1eGmxTM",24,118481,9548,121,1310,2
"CA7_MFlOF-Y",20,118455,7671,47,2215,1
"xs_OWx2BT_M",24,118436,599,68,92,1
"_5EUgIImxiw",24,118378,300,50,305,1
"0Q9ZnWC_Zyg",24,118343,354,58,362,1
"6o-pgYMJaAU",27,118304,7259,86,904,1
"0r1wzBMkkVk",25,118267,2871,129,751,1
"FjQIk5cnC8Q",24,118266,5169,165,1371,2
"BbZwk1FZ4XE",24,118247,2498,53,261,1
"jYngIIib9vo",24,118231,4667,218,1438,2
"nO2mi9s8XnQ",28,118225,7051,153,1063,1
"8BvL9sI1TUw",24,118219,2977,250,1116,1
"P4Fj0B-aUj4",10,118197,3559,205,619,3
"emuMxrTL8YQ",24,118184,5503,116,910,2
"zQW5rGR08uA",24,118179,3977,56,1288,1
"NeQEQP_pXfw",23,118170,490,70,88,1
"pqyNzal705E",24,118159,1196,93,140,1
"K5dbRwf8PlI",26,118135,6737,191,713,1
"-UXQPR0DLzU",1,118111,2513,74,708,1
"3znnZ2Yndgs",1,118103,976,58,198,1
"9puSV26D5Sc",24,118097,3774,168,1419,1
"egzzpCYSqdM",24,118054,4173,490,518,1
"TVdsvu2BLD0",20,118049,2747,126,21,1
"aJhmfPZ60DA",20,118024,12542,151,644,1
"qdN91DG83lM",25,118019,250,163,789,2
"3y2MWLyBq3k",25,118012,0,0,570,1
"hUK4hWMK8IE",22,118001,852,49,642,2
"xWYAug5lMDE",26,117989,4414,191,332,2
"Uta01ET5Gx4",26,117985,7130,91,533,1
"K5QIMkOWjdQ",24,117932,3598,498,798,1
"ZbWTEbEx9D4",1,117902,14419,296,746,1
"vMxxeK49iLU",25,117882,4328,48,389,1
"fHj3IMpy3Co",10,117828,10317,304,988,1
"85Os4XvygE4",24,117810,8065,216,3158,1
"EbQpyZvDE7o",22,117780,5113,68,439,1
"7kRDYwtE10Y",22,117779,9514,95,674,1
"sL0JtdXSJ6w",19,117756,4525,100,902,1
"5XfoaIAg4MQ",24,117736,4498,163,651,1
"SRAuAfueJSs",24,117721,3556,37,674,1
"tuhJY1cx2DI",1,117721,1355,85,516,1
"2mrOcJNPxEc",25,117714,858,229,534,1
"qYMv5cE8RFI",25,117711,1223,123,392,1
"xDjqSBiG3Do",24,117695,5013,28,380,1
"smyfA77EBqA",24,117684,775,104,103,1
"_4q8x5fR4Sw",23,117682,6259,57,456,1
"G-YmC3ywBA8",24,117662,6096,177,481,1
"rNWcR2F7XYQ",15,117643,5932,35,319,1
"8OlpHKeOy_M",25,117631,0,0,957,1
"42M31YliUok",25,117628,957,92,284,1
"5QB4hypsMVI",24,117622,13150,91,962,1
"ca6fuwmrNUw",24,117618,4918,73,938,1
"DAeqL1KopNs",24,117588,4773,75,699,1
"NKb7mW4YSJA",25,117569,2502,1655,0,1
"SRmmp9T0kVI",1,117567,581,52,48,1
"xYpK4TzpI0E",25,117565,561,195,1084,1
"NJu6uMYQWAE",22,117456,5697,55,294,1
"VfwGxG-Abtg",17,117447,1017,42,382,1
"EPrxtj8FIQA",25,117381,3188,140,1082,1
"a8cBeNyZs4s",25,117371,3762,79,389,2
"WWRzgCa5jLk",1,117366,2691,107,953,1
"UgYoQ35CmXg",24,117344,281,51,102,1
"017wRXOkSDk",17,117331,403,20,65,2
"BL4NNbpwT3o",24,117315,6147,107,958,1
"jZ143NrTnQg",25,117304,470,82,89,2
"cCmUcstjU-4",25,117294,1116,84,651,1
"eGzs37_NGBc",24,117290,1265,45,125,1
"ECzsJcpeqFw",24,117242,924,81,240,1
"oSZ55zhqLRY",24,117211,5093,181,1307,1
"fVAWwHWKvmw",24,117201,469,96,72,1
"kl_jxVID3PE",10,117177,12062,49,691,1
"GitxgZ3MkpU",24,117159,701,19,168,1
"5m9DNW65HDs",24,117124,5587,50,453,1
"rmpiI4awXyU",17,117120,729,68,207,1
"BO1gEurWFaA",25,117115,9968,244,2100,2
"AJaRFsvhBdA",26,117103,9472,85,879,2
"5nWL8pCSfS8",2,117103,1240,89,427,1
"3Ww0lZubjnE",25,117100,721,121,305,1
"GBcjGlXuQAI",26,117087,14450,55,2083,1
"6KQBub0I5Xg",24,117077,693,59,321,1
"FMYQIBVAI7M",26,117071,3529,292,428,1
"p7MMmu4uJ08",25,117063,2982,205,2457,1
"Kwt581mBxNM",10,117026,2812,217,1602,2
"pw3iSkTRJWw",24,117022,466,135,24,1
"Cx66RkjggLk",24,117016,1388,66,280,2
"pwSALZzLSnE",24,116987,5797,102,1128,1
"ZT8Ae6gMe70",26,116984,7321,122,534,1
"FF76ZiQOQpU",1,116979,2639,108,897,1
"2XYl3RmnACc",24,116975,1795,86,235,1
"loZjOD0ud0M",24,116948,2197,126,588,1
"p5HH2UfZ2wE",15,116946,2899,29,211,1
"pLd-rqYP0lc",26,116931,6484,113,418,2
"PvxK95bp74M",24,116860,60,35,53,1
"imv_Cz8V_LQ",17,116843,575,34,284,1
"pmJQ4KwliX4",2,116820,1503,139,1066,1
"AdrLcOlqmVo",22,116818,5239,106,384,1
"RQpPhYSUrsQ",10,116798,2499,52,1034,2
"Fppg0n86p3c",25,116756,2542,225,1732,1
"w_Cf-LT0Ajk",10,116756,2691,96,756,1
"PCcrzCo9nFI",24,116745,1946,21,394,1
"049D5r-rwbo",1,116690,167,23,259,1
"GvUm3aaOpM8",24,116686,1726,227,448,1
"m-nZmgHWoEw",24,116676,4324,136,618,1
"DpUaU90STYo",24,116660,2699,199,1759,1
"IzIwJlTIllk",23,116648,2628,56,383,1
"9IUJMoqJAzY",22,116644,846,199,1556,2
"UbpfsmQ2tYU",25,116638,4056,50,401,1
"G21koLfJ-sE",24,116630,2743,209,292,1
"9a0EiOE8OiQ",17,116623,1120,127,699,2
"arPFr2IkQWU",24,116610,8804,631,5846,1
"e5gWl8suYuY",25,116580,751,309,2443,1
"fcRVdHxKdKQ",25,116572,728,103,202,1
"kII1sbbmbxk",1,116539,2494,62,513,1
"6wixAPZKR7s",15,116529,4780,101,1271,1
"KA-oxZu_ObA",25,116445,997,217,1276,1
"SRqUOef0smE",1,116392,11352,21,1130,1
"RbcGCMtlluQ",25,116344,5068,106,1341,1
"l6wJr5tmn-c",27,116344,10647,35,568,1
"3e_gvryr8r4",22,116314,3819,73,368,1
"dT-fU0jOfgo",24,116294,349,64,64,1
"ceq1gyuh9ss",1,116258,118,32,184,1
"njq-RNI5Bmo",22,116229,378,100,0,1
"UdpRqQgbd-w",24,116216,660,90,113,1
"2vlkgs3RKW4",25,116201,1648,250,650,1
"5GLswqDbH18",25,116185,620,164,725,2
"UHCRupRer1M",27,116173,2103,529,297,1
"1kqFkbU6YFo",25,116166,623,96,150,1
"pwBs55YynfM",22,116160,11330,39,670,1
"NynjjvVcDx4",20,116158,1343,150,374,1
"h_jCk8Vmpjg",25,116141,7281,184,1141,2
"twURo3eABmM",24,116125,1405,189,245,1
"VX_jkRI5pNE",24,116114,3737,32,191,1
"7Jbkl5sEVlw",24,116113,1634,147,213,1
"Q2I7dxNBngs",26,116111,2912,129,687,1
"wnbgvuA7dwg",1,116084,2672,124,821,1
"uqk31buVcMw",24,116070,0,0,234,1
"TxSrjn7VBzA",25,116060,2293,140,639,2
"6ZmrNuvW8K8",20,116021,5082,93,1453,3
"Z2T4cyRUoTc",17,116007,337,22,369,3
"R8ldV0K1bQM",25,116003,0,0,394,1
"MlBu1p2_kzw",24,115935,166,40,249,2
"orGS2eBpfIo",26,115925,5186,45,321,1
"LhPkiJirZHo",24,115915,674,87,188,1
"Z3Q6QxBMlb0",22,115885,844,59,154,1
"FrB4cJDsi7g",25,115867,1990,23,193,2
"Yk17ozHoJ38",25,115852,1461,105,1042,1
"ByRDWwYzFCw",24,115847,836,85,53,1
"8NBVn5UPKmQ",17,115835,1047,67,720,1
"looOKhwV1pc",23,115827,758,193,93,1
"qe3hOhS2WQY",22,115813,394,93,718,2
"1cjdslm6xMk",24,115794,6578,52,807,2
"o5UaMnxsXTA",1,115793,1270,34,258,1
"7din4YbEzHU",24,115791,671,36,176,1
"IPbgLAJBly8",24,115772,189,20,108,2
"WzQrvFAPoII",25,115736,4186,530,1276,1
"EnNRI_3c_YE",27,115732,4741,356,589,1
"nWr9i_rlK1I",24,115730,275,50,232,2
"jTa3wtRaEvk",25,115728,1010,77,602,1
"UZiJC_TS1ho",24,115671,5580,145,1043,1
"gAmGK4zwbqA",22,115663,3866,92,1314,1
"hhf7NYwoCSM",22,115650,2827,170,1485,1
"RqASfBgAHd4",24,115633,396,77,402,1
"sXo5v4-tgSw",24,115622,293,38,130,1
"Fag9kyt8tAI",24,115609,2107,118,346,1
"Nm8gO63JXq0",17,115504,1005,62,543,2
"4ia70nI2ti8",24,115489,4119,152,0,1
"b44teB7rp4c",22,115450,419,206,270,2
"RBdHGhJVCAk",25,115389,1050,47,436,1
"hi5YfnHfR0Q",23,115386,2719,119,329,1
"OWC86LPSSd4",1,115372,1834,50,395,1
"CfyMD5rSK50",1,115344,9462,248,2596,1
"h1sNwjALq3w",23,115333,13900,81,585,1
"zD3FfY7HJ8s",26,115243,4547,113,353,1
"E9jEHTg1NYI",25,115236,508,61,867,4
"EfgUMoJrWIE",23,115226,2549,537,812,1
"lbMKLzQ4cNQ",25,115225,2115,182,1672,1
"L7jc9jVJ7dU",24,115210,2700,31,398,1
"BnXjoilAiUI",24,115143,960,95,201,1
"Uc_91tF5gFQ",25,115139,1828,122,1030,2
"ukFSWBMQucg",24,115131,334,15,37,1
"nG51iciin7Q",10,115099,1196,52,431,1
"JBFQwySmYAo",24,115083,270,33,250,1
"-BqVv0dDvhM",22,115060,8579,89,1036,1
"kF4AA-186Ow",24,114964,3727,58,982,1
"55blEfMd96g",22,114948,3887,256,216,1
"i_DA2Uze6GM",20,114933,511,18,25,1
"Zy6nbhUW_5E",26,114894,7424,179,347,1
"x-D0rXldt-o",25,114862,1096,53,574,1
"VUMqLAXhASA",24,114829,742,47,131,1
"G_OMfBP-yWM",26,114816,6136,88,423,1
"Tz9R5FLnTeo",19,114793,4116,171,1164,1
"sHW98ZXOh3s",24,114766,5271,64,523,1
"3JAbiG5rIuk",25,114766,2883,89,439,2
"DgHB0iCLnnE",24,114742,609,144,244,1
"guNT4LzCmFM",22,114734,1574,11,223,1
"HkQk4G0VST0",25,114727,3456,193,1507,2
"TyvM2fb9kdM",24,114685,3247,42,551,1
"v3lTWi_Ncxs",20,114681,9929,96,9799,2
"yTTeGV3bApM",20,114675,6352,72,436,1
"OXztwkG66PQ",24,114655,594,40,198,1
"WXxfFy-OywY",24,114648,3625,60,607,1
"c0arVTRwytA",1,114643,0,0,0,1
"v5yJnvJb17A",24,114640,5686,397,2050,2
"KolWvUeQybQ",25,114628,10143,156,1974,1
"kdht391PUho",20,114607,3117,180,7,1
"C3dYXpRypp4",22,114605,925,6,42,1
"qz_fheZDt08",25,114604,1775,298,445,1
"j-tQBFL59SY",25,114603,263,31,107,1
"xScZWifqFdQ",15,114588,3800,100,560,1
"M1f9u-v3pmE",17,114581,742,43,596,2
"pzyd2uJsmXw",24,114563,1311,94,383,1
"Xez-R_G3Fns",22,114540,7271,69,567,1
"ISRAWV36TrM",22,114487,288,30,64,1
"kgI3Y7gxMO4",23,114465,2532,25,280,1
"usWUNuU2fMI",24,114432,354,100,117,1
"SASHBwh09Lg",24,114420,858,150,691,1
"qIM8lyo_lto",24,114418,1056,17,47,1
"GrOmmLN1xnk",24,114404,8346,213,1375,1
"Op3ZqDJmEj4",25,114396,1070,62,402,1
"c5VRdsDzQwE",24,114287,1234,116,166,1
"o-B8xtg995k",24,114272,357,59,256,1
"NOcJ6L6cFyo",24,114264,1430,93,119,1
"enHNhc7aEo4",10,114246,18003,30,1451,1
"af_MSwMi0vQ",23,114224,1911,52,92,1
"6RTvw8RB3CE",25,114216,4319,66,4940,1
"DxjfyBEIl7Q",24,114207,11235,69,1065,1
"zAW1kAUN4qw",25,114133,1563,51,460,1
"iY2Z5kifL14",22,114129,882,162,1060,1
"i6sS6-ROLOA",24,114102,3837,38,152,1
"RZG3q4dY4Z8",23,114086,1147,89,87,1
"eEqa7NSg3_c",20,114082,9032,84,545,1
"Sv9B2TIcZMo",17,114077,374,58,147,1
"dh3mKgkgWFc",25,114076,1215,243,1679,2
"UB7UpXVYjVM",15,114059,5397,190,567,1
"cKuymqp1pEY",22,114040,728,70,879,1
"koZAtFxAFZM",23,114016,1763,65,36,1
"PhdPu72f0co",24,113990,590,41,162,1
"u8oit_p5kTw",19,113989,3988,97,531,2
"ilS4JsjOheQ",25,113976,731,225,1862,1
"0ZyFxb2mXUA",24,113948,2470,90,545,1
"9R8TX1MO-r8",25,113868,1169,253,1132,1
"iOIwZSXF1Ec",27,113860,6765,155,499,1
"KPE_aFqQ1jw",20,113816,2262,82,825,1
"rmBJp9jOpBA",17,113771,543,27,248,1
"TdZ1OCitz7M",25,113763,2270,178,765,1
"EFInTZ_Rx_U",24,113749,778,98,230,1
"Ip3ypEatWNU",1,113748,2793,110,1676,1
"AJAX2OpqBzE",20,113742,6686,45,306,1
"HyDSFU0pX_4",24,113719,4877,57,1130,1
"n4YzfOI_LEI",17,113632,187,45,185,3
"iJBXGSQyzpM",24,113607,3689,23,198,1
"OChfIom5w1w",23,113581,3578,758,416,2
"w2_pH9E-z2g",24,113581,1908,57,201,1
"0CRgv61t4_o",25,113575,755,81,155,1
"vgInInZ9O6k",24,113571,2824,27,591,1
"DFxIAzZDSNk",25,113516,219,156,5,1
"eM4PmePyKoA",25,113489,1532,188,570,1
"CWxmxYvKi34",22,113429,8243,21,378,1
"Sc9nJl0JHP0",1,113364,833,39,203,1
"451jzIesWoU",27,113358,8781,40,1450,1
"Zyt3zfe7glo",26,113332,11387,134,1922,1
"NU4GcaRvhpc",24,113316,717,92,193,1
"4rw6ZOzsAgU",22,113263,147,29,98,2
"HgfY4ggTBDg",24,113227,328,80,325,1
"dDqwlCuY6Z8",26,113222,6067,49,1058,2
"6NBgcJxpI9M",24,113186,3332,199,776,1
"PEFeuqAjEn4",17,113180,311,39,30,1
"NnaYDbPUsgM",24,113169,583,57,151,1
"wZ_hSHMR6Aw",24,113142,2261,92,186,1
"Dn-kIdEZS8M",22,113129,465,87,406,1
"WO3wgDBPtkE",25,113075,0,0,1362,1
"O56qgx1iQHc",26,113062,5192,115,592,2
"xXRIjwfbhbE",10,113047,870,168,161,1
"r_d474t1yIw",20,113039,14096,92,1073,1
"CheK8uFiW2Y",24,113020,932,109,245,1
"RpWFnFvOQBQ",25,112934,991,499,0,1
"bk4Vc6ynpyE",24,112919,1423,81,321,1
"Q6YNCZnSalk",24,112907,8494,42,233,1
"OYZrhlasN6o",25,112906,2420,79,899,1
"TirDyxjzkSg",24,112884,4360,75,608,2
"jNgKSbrfOX0",24,112879,4491,75,750,2
"-cftrBIxEmU",24,112871,151,40,125,1
"wpT6eAErXws",22,112870,514,27,54,1
"0fXyT04slds",15,112844,10563,70,1121,1
"GprSy35gXoY",24,112836,807,279,444,1
"PhXzG1FGTkE",24,112815,1451,101,570,1
"0mUtb1XYaY8",25,112807,3484,83,628,1
"S7qNyePF28o",25,112805,1691,162,593,1
"c3PLJnKPn6g",28,112776,11796,203,1886,1
"2tCRk_iBMUE",24,112740,857,105,268,1
"hxygUOXxlKE",17,112736,220,35,18,1
"WnL9XMYo_uM",17,112700,4839,80,1234,1
"dqgYnF4aygA",22,112688,10400,27,1072,1
"UsGlEV3RLbk",25,112660,1563,347,932,1
"aihL8NAwb70",27,112644,4837,73,339,1
"3ESzGBifAAc",26,112639,6287,127,609,1
"jSuJMhAgpFA",17,112595,347,12,107,3
"Iuk23YBLRes",24,112589,1175,37,170,1
"xWRffppwE1A",24,112580,4239,64,620,1
"OTHHeIAYfuU",10,112578,10108,112,1297,1
"Tii7XMtCC0A",10,112547,2661,28,323,1
"hMXMACGyeq4",27,112544,785,98,160,1
"DB3IPCIecu4",26,112513,8010,110,943,1
"H_haGRTvAqs",24,112513,279,55,147,1
"GFr70SHwcX8",22,112511,1074,135,673,1
"jbPpjz82dYw",1,112497,2017,136,691,1
"RBJgpXyezgA",24,112493,2261,31,414,1
"mkybkPqy9LA",20,112469,829,115,245,1
"Uzxf2wmOR6U",23,112463,9836,416,1967,1
"eAvZLy-mFdI",24,112455,5315,64,784,1
"O0pmWv7tIr0",24,112451,2689,89,3205,1
"CjpGZN742Lc",19,112433,4031,124,2421,2
"DjEYuhGGsf4",24,112426,2762,23,125,1
"JkegrWZOiTY",23,112401,3850,52,175,1
"96EPZtr3OUg",24,112360,2998,204,0,1
"c0VxDZuCJBk",25,112357,678,75,262,1
"ue5JhrFbgSM",25,112274,997,103,492,1
"P-J4GAVyZ1U",25,112272,819,215,1037,1
"QkQC-7_RfpQ",1,112253,95,32,92,1
"dkH-Nu23KEo",28,112192,3981,77,855,1
"uJPWH6RKLiQ",22,112186,782,39,160,1
"WmHVbh7qf1s",26,112163,5205,81,525,1
"HutuyKMH3Zs",25,112146,3996,258,1438,2
"5SHlvD_wmas",26,112123,3905,248,510,1
"czz_oSmNXfs",26,112104,4779,102,705,1
"abAL3AN_3K8",22,112102,1004,32,393,2
"csqJK8wwaHw",1,112090,5583,108,268,1
"-JYZrOyPMjQ",17,112090,347,54,76,2
"xJKHdOgA-e8",1,112077,5279,138,601,1
"v_Fm4T_ftec",25,112065,1130,51,463,2
"ICQINkb8Knc",24,112060,880,120,149,1
"ykYTTBms4ag",22,112020,884,104,630,1
"Kj-AtSIFwcE",25,112007,1906,162,600,1
"JVrmgcTNz08",26,111998,5098,105,548,2
"4oFVKcBAx40",25,111984,1081,139,103,1
"3_mod2vpel8",24,111965,769,101,171,1
"-x1UMEbZNpI",10,111964,7749,104,437,1
"L09dGqLByLo",24,111929,495,36,83,2
"HM8Ba21aRqI",24,111892,5294,222,457,1
"ppfcpbztbqY",10,111872,6348,128,1242,1
"bY2d7hfC6tc",24,111844,1157,108,166,1
"lY8vuDdzDKE",24,111834,4748,55,578,1
"IHBvEBIUSIQ",24,111817,676,56,115,1
"uxSAnJsb-SI",25,111810,1168,66,330,1
"SDPh6Dpc9ww",22,111809,4346,124,548,1
"NC8nYjhVsOE",24,111806,5614,108,276,1
"nbwjGKLi3z4",24,111783,676,80,78,1
"Ed-bV7wvqDo",25,111776,0,0,0,1
"n260lqofSVQ",25,111739,1274,97,1547,1
"qs1QCpvmNlc",25,111734,370,205,391,2
"WlWR5gV3800",28,111729,614,19,51,1
"0rreXyz0EVo",26,111675,6818,72,604,1
"db4tpGGbCeA",26,111674,5801,129,1100,1
"CYY54ANh5jE",24,111650,147,45,140,2
"AGkBdfXPCco",24,111623,587,51,150,1
"2lY31vO5d8A",22,111607,539,53,96,1
"-JHB_LyMBKw",25,111590,494,26,131,1
"7e6M4ZWPaEc",17,111587,768,67,211,2
"Xz1RVdTbw7s",24,111572,693,80,55,1
"HJrU0R4L0CI",1,111562,635,109,109,1
"R7k5ZaEeNWA",25,111553,3260,54,372,1
"Q5IW8yUCiTs",24,111510,1218,32,175,1
"3ayyNRsJgFc",20,111508,4568,67,311,1
"U-aVxVVjROw",24,111506,1599,36,169,1
"ccn6VPsRark",24,111505,1188,126,139,1
"MLQLOOUO84Y",24,111491,62,18,36,2
"YCtHcroNWLo",25,111484,808,94,613,1
"TshVk1-D5fM",1,111472,1232,74,706,1
"is7ereZfiRc",24,111471,2847,19,503,1
"tOfBPDkqdvk",17,111435,253,50,49,2
"0n3E7mmGXpQ",25,111394,3822,133,1460,2
"ozbHMNhYe0A",22,111380,6113,306,3224,1
"LbbAOjFHVO8",25,111378,794,90,192,1
"Xaypw6p0ZiY",24,111363,871,94,151,1
"DT4mP1TiH8Q",25,111350,3345,206,507,2
"dbOLr0N4yk8",1,111308,5951,61,1031,1
"wT6LmoLFXJU",24,111259,1285,157,132,1
"CWzPHXgdCnA",22,111258,1228,148,2194,1
"Y9PEqZHdXrI",22,111203,1986,86,609,2
"Ub_oaMgiWvw",22,111203,1986,86,609,2
"54gUE7u7AzI",24,111147,326,45,167,1
"bE9OCTLtk3I",22,111141,499,68,53,2
"6XGLtt-RhOI",24,111139,865,85,84,1
"3G7KBobkGxk",25,111137,1016,153,540,1
"ykbsLFx9H1c",20,111123,2552,112,20,1
"1KG8Qha7uXw",23,111105,3178,387,341,1
"1Ia5RR1uzLQ",24,111070,281,13,13,1
"0bCq0AwXSkA",17,111067,967,74,478,2
"BoD4Fi-gsfI",24,111051,247,280,139,1
"LerC609ml3A",25,111040,722,278,0,2
"pvENeb_qErA",1,111011,5166,26,436,1
"yVW2fTkYFJo",26,110981,4590,75,315,1
"9MJ82O-3TSc",17,110961,921,30,510,1
"RB9-OSBLJz0",24,110923,1929,116,558,1
"A_9C2ar7TpU",24,110909,3383,64,339,1
"9Nohvg-A6QQ",10,110875,3523,123,317,1
"Q6YWQP7jkk0",22,110871,8581,102,554,1
"hEgEcFyJIww",24,110860,153,48,231,1
"WH9QKAZuOSU",25,110858,915,118,750,1
"1LRRdcPlUrs",23,110829,1063,33,139,1
"ELv-f3aRdXc",22,110826,538,116,312,1
"xySOFEMR9n4",25,110825,5413,102,3197,2
"IgSamdvtdF4",24,110805,6849,94,1576,1
"1TWkTCcExQA",24,110745,2856,74,615,1
"94d7ZXySplo",26,110744,8326,48,757,1
"L07zzjmxpYE",24,110724,1826,151,919,1
"ezBU-vfN1MU",24,110670,15736,157,1119,1
"BhuEAoHQmZM",24,110660,523,31,47,1
"IEVI13JvI2U",25,110625,884,120,564,2
"wZVvD9LaJ1A",24,110608,1497,72,296,1
"dSNCDu9pXEk",22,110598,453,81,51,1
"UnFpAijRtpI",22,110598,923,131,106,1
"r7MuV5OjPb4",25,110543,2603,148,529,1
"ZVRtKPbZoww",20,110526,4678,71,765,1
"K9ni8Ncoh1E",25,110520,746,63,214,1
"AcqCSonRQwk",24,110500,202,48,139,2
"NjGJhnwe07o",1,110499,4640,93,692,1
"UUK6w20e3Ng",23,110371,1757,81,185,1
"8UpomEPrPKE",24,110371,985,80,385,1
"-zAsv8ESWHM",24,110350,5052,88,1429,1
"P416D3T1pik",23,110349,2383,67,223,1
"uoZlLqCIeOo",25,110348,2891,148,676,3
"AEOiOOW1evE",24,110344,4204,73,405,1
"Rh9TXAd26Lk",10,110333,3867,254,410,1
"Ham7DQtfs1Q",22,110324,6354,160,514,1
"KDSV3MFGF3g",25,110317,0,0,533,1
"kR523F9XZXo",24,110306,2438,159,493,1
"RjjBwnSB9II",10,110259,6541,176,983,2
"KgJsFn0MoxE",24,110250,668,64,413,1
"EIVlP00Z7rQ",24,110249,885,21,50,1
"Pg9pjaGCl0I",24,110232,3675,278,460,1
"D_VC8F2aojc",22,110229,4093,48,201,1
"xhDKtWTT1yI",25,110206,1068,123,816,2
"xd5PlASr8Mo",24,110197,328,99,289,1
"tpKJGx0JotU",24,110193,1126,125,127,1
"B50LsAKTT6M",17,110190,298,34,63,1
"FeCXorUWj8g",24,110172,1461,29,120,1
"JYnNlHQzYTY",24,110153,4929,86,610,1
"zCdW04sG1zE",25,110142,473,252,1538,2
"cAuANq7yPXU",22,110139,905,146,1532,1
"W637sjj8Nfg",24,110130,3013,28,94,1
"9Pwy-cAf09I",22,110104,4844,37,638,1
"Ym7Zkv0hzB8",22,110094,5035,141,977,1
"TAFqQezzjf8",23,110046,3506,107,369,1
"E6E3KBZtBPY",24,110016,0,0,20,1
"D0vL-SawCP0",22,109959,2350,164,873,1
"PpZVPwm82AI",24,109940,3616,57,397,1
"QJMCXnWyicA",25,109939,1172,124,862,1
"tSX7nA2a2n8",26,109936,5363,44,540,2
"3VwQLjbC2hk",24,109903,1232,137,254,1
"r_Ak1JS7qMk",24,109870,593,33,41,1
"YA_HV-vrW4Y",22,109867,1005,72,181,1
"etwU2jPB_oc",24,109867,3304,40,348,1
"TTxXQyySQ58",23,109862,17427,145,896,3
"Ti08Bj0y2Zo",25,109821,2849,74,775,1
"WQkV0PTcXNA",1,109809,983,16,201,1
"Zuvrw9lDLXQ",24,109794,342,57,170,1
"P-VO_HgMIfg",25,109766,0,0,671,1
"hlcXgyk99Qk",22,109752,7325,121,1640,1
"X9XFYNgT9bs",1,109741,1067,37,270,1
"m-R4l2JnlbI",22,109720,1527,84,274,2
"c4KQYzaelRY",24,109717,7410,107,1058,2
"3HuxnX6hoD0",22,109662,7056,42,635,1
"wN6Svksh7qg",26,109661,4125,112,518,1
"m_c8b92y4qo",25,109646,5787,195,1989,1
"mKr7ThMib2w",23,109643,4523,695,795,2
"uCU5Bc2Q6pc",24,109639,722,139,34,1
"wjHcCSG8KII",20,109570,1802,22,53,1
"zaSEchE2tAc",24,109557,515,66,385,1
"rmw69BNeCqM",24,109555,614,101,70,1
"xOAEFxtgfo8",1,109547,13506,98,1918,1
"ngl72xfwP4M",24,109527,4172,53,350,2
"blGztWC7iw0",17,109506,410,30,216,1
"2gIcNyFG5XM",27,109461,5432,135,507,1
"WyTDK_VvxTY",25,109454,5807,150,1572,1
"xsfT-qiJkv0",24,109434,601,48,247,2
"SmzbvkpxkdQ",24,109344,1145,43,280,1
"L62ag105WX8",23,109296,3832,236,894,2
"Auj5tAzoadk",25,109291,3138,247,2357,1
"1nHxwPrKO9A",24,109273,695,57,157,1
"oExaUOkcFTU",24,109259,1351,121,369,1
"zV5WXORIxWE",26,109246,7321,79,656,1
"6R-gTZ-z3hQ",24,109240,9267,112,1356,1
"MGKVR3vmRnM",24,109220,1667,20,270,1
"08Glvoo7SvU",24,109163,1147,112,229,1
"GtTNHjDglvs",22,109154,2074,996,1525,1
"YYxLwSPSaKQ",25,109111,2776,651,2656,1
"8fRgFKZIEvE",1,109110,1318,56,196,1
"fo2Rb9h788s",24,109105,10155,63,1562,1
"9812fECnzAo",24,109073,2452,26,100,1
"XjD3Zzs_kBg",25,109050,540,250,1168,2
"x_IG4DeedB4",24,109050,10963,99,708,1
"d5fS0cv96xs",24,109034,4767,59,597,1
"aE4YOT5sfWc",24,109021,3395,79,976,1
"DTDnD3MYwuk",17,109019,535,168,118,1
"zKo4GLYu8qI",25,109008,3507,33,368,1
"Bqp-7zfr5NY",24,109007,3128,60,174,1
"C1VnVHdQ_RQ",22,108974,486,179,740,1
"HQojvhHfdZo",24,108971,881,72,416,1
"5X-x5KtE9mg",1,108967,386,32,111,1
"obh8-p9wLWE",24,108967,309,68,287,1
"naHlztf1hH4",25,108967,1168,171,671,1
"UJF2UKYExYM",26,108941,7508,52,640,1
"ZMfTREkG4oM",25,108882,1366,86,1121,1
"HQw0LJbwHY4",1,108850,730,46,67,1
"0y5ptWIDxhw",24,108845,7871,75,1991,1
"is7F_WJ0hps",23,108832,13310,53,575,1
"y3in3RdlCGY",10,108791,7408,77,966,1
"PF1dKz_2NS8",26,108766,5757,124,485,1
"C8SF8tsVqOM",20,108756,833,123,324,1
"sZxXNa7JpUw",22,108755,4435,97,1139,1
"XsH20vd4eMk",1,108746,6272,112,757,1
"v85VNXT0Euk",17,108723,527,66,200,1
"-5VDLThKH98",20,108654,891,79,213,1
"0dAwMQ3PkYM",26,108648,5592,45,432,1
"u0-pfzKbh2k",19,108646,1041,28,230,1
"344Pp928KJ4",22,108643,1972,332,1744,1
"edw-raxQcC0",25,108638,1429,139,645,1
"jz1wDyd6YQM",24,108477,1268,80,420,1
"eE7gINOdLV4",22,108475,8766,229,850,1
"flvn3JfcVHk",26,108437,5559,200,525,1
"Wel-AWhGDF8",25,108423,1875,156,450,1
"jMtP2oepUNM",25,108410,974,74,0,1
"DV5480VD9dc",24,108392,1967,36,381,1
"wc27wBExdyw",24,108376,534,57,74,1
"pOsiEsIoePk",25,108376,3475,309,3125,1
"eLDWBQhuHR8",24,108341,693,83,84,1
"aVpvVq_yZLM",25,108339,663,427,801,1
"GwCcZiqZuT0",24,108323,527,43,47,1
"HLR83NSFgw8",24,108319,542,56,31,1
"FIIBgTFFZu4",25,108217,632,143,458,1
"D-uEEGyX9jU",24,108214,1350,71,360,1
"MQWS2ALEHgc",24,108184,5297,112,307,1
"J3Z9uoQ0A8g",24,108151,322,49,200,1
"mupBtw-dSUo",24,108133,2341,358,630,1
"uxvEa2UYOnM",24,108132,543,423,549,1
"N1oOQ02jX6s",24,108124,286,89,210,1
"Wk6mbUXqMHs",1,108104,10413,44,451,1
"U7mb2UMlTX8",24,108037,6835,144,977,1
"6OqZ6XCEhxY",23,108029,913,20,24,1
"j0bhIKlkr0s",26,108026,3510,451,391,1
"XQtDDJBWzfs",24,108008,501,73,89,1
"Yz01LMPn300",2,107980,185,3,204,2
"xsjBBubwFPw",24,107911,9105,38,947,1
"Dg9ySKIPEF4",2,107872,1513,54,634,1
"2lq2k9NPbSU",20,107845,7840,153,643,1
"pSSBKDRbrzI",22,107840,688,11,58,1
"Q6YiwAscx6g",17,107808,436,29,223,3
"n95Nc8rB0Rg",22,107805,6613,266,851,1
"XZZfxkbhy6U",25,107804,2066,182,864,1
"Ddna11goAu4",25,107801,652,117,504,1
"Oa6li6ZMku0",23,107796,2616,56,364,1
"nQHguvLbKxg",17,107764,1124,640,616,1
"5dlGym4CWFc",24,107659,1212,94,320,1
"955NtIiK0rI",26,107633,4265,203,218,1
"Z8oojkEH6Eo",22,107603,4318,197,1780,2
"c7jr3H7Ts9c",25,107558,917,185,720,1
"SQgO567RpBc",25,107541,5454,135,2102,2
"_MfzZprhNcI",24,107527,2006,312,1316,1
"ui0Qub2hG-M",24,107526,494,69,119,1
"MH2f5C0z0Kg",26,107468,5109,73,661,2
"TPL0lpp4nL4",24,107456,322,44,430,1
"wwVOmTImfLA",24,107448,2744,51,180,1
"POTgw38-m58",24,107392,300,62,251,1
"sWqJpbITPMg",24,107367,1071,35,300,1
"L1fwxUV6GJE",22,107331,206,5,8,1
"StJKV0tkqUk",28,107329,5172,139,507,1
"eJXcEbEUNpQ",24,107323,1748,107,299,2
"DcdLWJPNpGg",24,107312,395,36,93,2
"3YMQxmNWVkI",26,107307,4518,30,589,1
"6RrfMEwqH0w",25,107298,421,194,349,1
"MI4SD4ARHEU",24,107291,688,72,64,1
"cG6PiAZ8Qk0",25,107192,538,93,791,1
"ZmIvwxjCDxc",25,107145,3573,100,676,1
"qPajgEXR1UM",24,107140,357,58,131,1
"CgjHBhI1FPE",24,107126,1531,8,75,1
"8MeBSUxfauQ",24,107117,705,55,207,1
"4NPSm2Wqh9E",17,107108,601,30,345,3
"_xLzJV0zMAk",25,107094,0,0,216,2
"8iAOtfNzjS4",25,107088,1131,87,791,1
"svyM15NnPgg",25,107086,2564,230,1075,1
"ceVPIov2iqU",25,107072,1739,171,545,1
"vo9CRxh4Xns",25,107057,1351,80,368,1
"QJ5DOWPGxwg",10,107052,1060,20,52,1
"s-LrrS2BBbA",24,107049,697,70,61,1
"deivOZai1K8",26,107046,8803,45,710,2
"qOvMazijKMA",27,107035,4602,85,824,1
"V1iLAJVFuHk",26,107020,5390,92,481,1
"L_HeU5jd30o",24,106991,763,126,321,1
"YKllXeoRsEk",25,106988,1267,91,372,1
"ik_IIjEyZt0",24,106965,920,54,252,1
"oQLv68xJJgo",24,106919,3418,124,468,1
"WkIeQzqauo8",24,106893,7755,123,1013,1
"2SfRYgBLRtU",24,106881,1340,13,147,1
"qbhH9MLmOYo",24,106879,742,47,186,1
"vlx2IX8T4lE",24,106874,756,19,27,1
"3E1VhZqYCRc",24,106858,256,57,98,1
"SewIHHAOHmU",24,106854,2998,90,280,1
"9allKN0Sv9U",24,106845,4733,55,427,1
"-B-nWVYoahs",22,106827,732,66,179,1
"d10jHS8rxs4",20,106808,6161,159,356,1
"0Ap-XZMeD5w",24,106777,4682,79,641,1
"KNUMrvolY2Q",25,106761,619,75,193,1
"hswBI3MiFRI",24,106748,4957,103,956,1
"8ZW8F73l22c",26,106746,4491,38,470,1
"NqB19wB1eVo",25,106718,3245,485,3329,1
"VEh8PeFFvJg",10,106668,1064,117,477,1
"iGckEAPJhmI",24,106652,5178,134,988,1
"4oBMQCY7plo",26,106620,5232,54,184,1
"s7QAVmfFA2g",27,106557,6433,80,553,1
"GEInxzD773E",24,106553,701,95,101,1
"sBzuH13jOrc",25,106512,893,97,670,1
"0vHaRDwOSFc",17,106509,526,50,24,3
"LWMLnKGZZeE",25,106507,1215,51,554,2
"bZ94LX7BW7Q",27,106506,728,79,394,1
"27Sn3XELwa8",25,106480,993,121,897,1
"fEWm06Ve72k",26,106416,6330,241,366,2
"ryv6zgz7JQk",24,106386,3372,97,348,1
"Kf5QpRBxBSQ",24,106371,1182,103,141,1
"P8UTX92vUWI",1,106370,6726,116,1400,1
"oolNgdPGACc",25,106360,945,67,421,1
"D8EM9YKi7kg",24,106349,1923,74,0,1
"KuPKjrzeDlk",24,106281,678,47,168,1
"XSrfg0H7liA",26,106273,6121,57,704,1
"vow7PgzYs2A",22,106244,814,194,617,1
"kXd_ABYxnJQ",1,106241,117,38,73,1
"-IJIy18-u7c",23,106218,8030,58,1549,1
"qTm6Nc7U5xA",24,106190,725,53,69,1
"s_fPdpna5uU",24,106189,266,105,231,1
"zD6H1UOiOHg",24,106175,3200,25,176,1
"haR3_60wlUk",10,106136,4000,133,485,2
"S8ibKpOFL2s",24,106103,3932,168,804,1
"boELGtlkeHo",25,106036,985,106,0,2
"idk31yArd7M",1,106026,2623,90,1336,1
"eCnbzIkV_5M",27,106023,2242,173,2545,1
"yP88kT6ZvwA",27,106003,5687,256,795,1
"Y_rlu7D3RB0",20,105975,8702,49,417,1
"IzhNbccJp5w",24,105971,1178,114,158,1
"WkVBo98Mp_A",25,105948,753,101,1228,3
"8G7owQqL2mU",25,105926,5680,211,807,1
"_ji5z9NRLQE",22,105925,9095,335,526,1
"NSyyTLGyBUY",25,105878,3976,49,508,2
"EhzomX4g6qQ",22,105869,575,65,50,1
"2hPeU-TdjrU",27,105807,3828,153,1090,2
"5_k2-Y0QR90",24,105784,717,33,76,1
"zCNVAQW-L70",25,105782,1088,85,946,1
"E-qBnWI-Qts",25,105762,0,0,1116,1
"JMX3gH_HZQY",25,105760,860,64,537,1
"7-OqRXC9qfA",25,105756,819,70,1161,1
"C4OMOuLEsuM",26,105747,3444,89,877,2
"Jfu2KF7Tp-4",24,105743,1081,51,65,1
"ACv0gcIczQw",24,105722,4652,154,630,1
"ckXRIE61YbM",22,105687,677,69,67,1
"Du92MRr86II",24,105684,618,175,85,4
"KmEiUHyrEQY",24,105656,3013,16,228,1
"UYXxs4LFJdA",22,105654,246,91,3,1
"7_ZhhfBXBf8",25,105604,785,83,198,1
"ElMCJgPlM7Y",24,105581,491,86,433,1
"PLoM8eufKY4",24,105577,452,49,76,1
"C6SCvFee8tQ",24,105557,4195,108,469,2
"Rg09HBOjqv4",24,105543,1433,49,286,1
"WT6hmgKdyYA",10,105539,3346,76,589,3
"DIyruYQ-N4Q",24,105514,9909,119,1073,1
"f44NvLRFWaA",26,105426,6152,79,326,2
"4FYzsJIzOSg",24,105363,660,110,78,1
"uvTZ86gl7mc",24,105363,1150,15,330,1
"ASVY1g58DIA",24,105360,1383,87,174,1
"J5Jyr00fWas",25,105358,2430,166,0,1
"oe-kDqBy4KA",24,105324,1638,19,297,1
"jJNPrdvTnCs",25,105323,1164,159,848,1
"vnJvURm1WvM",20,105317,473,152,171,1
"hYhylwkPSJM",24,105276,341,42,161,1
"DZhZJlrCegs",24,105267,2914,47,732,1
"nO_GY7WCneI",1,105261,1905,158,108,1
"l_rSbThVeeg",24,105222,946,90,66,1
"pEf6yeI_Khk",26,105161,4114,85,243,1
"oA8C0ltYYpg",10,105135,7224,78,783,1
"CrfXvFcsoEU",24,105133,698,36,88,1
"M-D5YHPbweg",24,105108,1890,61,603,1
"uW64-onNwsE",25,105103,827,67,427,1
"-EdWiaxCZtM",17,105081,653,125,441,1
"Iedw80zKNnM",24,105060,323,128,202,1
"CLlsfSpKkNg",24,105052,487,62,107,1
"cEddQjIJM4U",25,105021,763,103,347,1
"Te2OVezSXVQ",1,104964,4305,70,708,1
"9Qz0MsNbccM",1,104955,4746,57,780,1
"8oAxDgVJFAg",25,104947,2387,93,507,1
"kB0zCpNGhVE",22,104932,4021,116,1266,3
"2XPF3Snm9JE",24,104928,12699,419,2421,1
"04SISqgRf8g",25,104903,3270,172,1971,1
"FUmUoE-n8BU",19,104868,4358,37,847,1
"z86dQ5g6Wl0",24,104849,175,45,178,2
"GX_g9mjqFxA",24,104845,1124,52,132,1
"PpLvNOjHDuY",24,104845,1462,77,44,1
"05hFEtwH05g",17,104842,335,26,92,2
"D9_HxoW_CYk",27,104816,10596,116,484,1
"hF6tMPcbL4o",24,104807,3099,47,495,1
"y5IajU2vUQU",1,104681,259,39,134,1
"5BGruTTUfRc",24,104652,828,37,181,1
"iJW9_d0EX6o",24,104643,259,84,143,1
"xr0mpCK7NZM",20,104585,5440,30,262,1
"GucsPYIZLn4",24,104576,129,46,172,2
"bEQQMxFiz0E",24,104551,174,150,212,1
"WOmDWYRAtiA",22,104543,4800,94,1487,1
"MXBMZblYeKc",24,104483,57,27,14,2
"7s2KFmnqagk",1,104458,1631,90,547,1
"-opXduAeLiY",25,104434,4293,110,1236,2
"K-hMM5bxM_E",26,104424,5705,72,473,1
"d9ValOmKcyM",24,104407,3839,29,364,1
"g_xnzTNDXRI",24,104393,534,46,259,1
"Zao32NPYAns",24,104393,3167,110,314,1
"IErOGx7xw-0",25,104380,634,140,993,1
"TqczKtOI0Ks",24,104365,2644,67,669,1
"8oH96UvqFJM",23,104354,4304,49,516,1
"1r5POZln2Dw",24,104315,4450,111,805,2
"-A4I-a6X3Lg",24,104292,550,77,51,1
"xxbkfmYFxnw",20,104279,718,94,218,1
"GQ6cKZ3Zf9A",26,104256,4273,57,359,3
"7Bx6hAJYWqg",25,104250,3508,60,419,1
"vqgCjC7kibw",24,104249,502,67,86,1
"-UqXdOJtOio",26,104230,3936,71,350,1
"qa1yYj_A2Bs",10,104212,2915,63,99,1
"cWYwbuf8DiI",26,104193,6253,220,1131,1
"Dfga7b66B-g",25,104187,770,51,378,1
"2NsmJF0UBbY",22,104178,1768,75,157,1
"nA0jFoOcLbA",1,104165,1349,39,11,1
"5F1_gqQU5kc",1,104089,135,33,79,2
"vOn9grCVO7c",27,104086,4959,198,953,1
"2THqrnc6qVY",20,104055,8879,46,860,1
"QPjIlxPLS-Y",24,104051,265,54,146,1
"O4vBOCkff5g",24,104041,286,36,128,1
"-smJmQYKBsA",24,103957,3002,13,392,2
"aS_1sAbqo7U",22,103940,2768,108,1090,1
"lasIxavbWFI",26,103935,4567,173,364,1
"qbbraYYRqsI",24,103929,386,10,62,1
"TbYjyoIkb2U",23,103920,9645,417,1578,1
"6Dso8BQkBLo",25,103916,1707,165,22,1
"_GjNgGywUl8",24,103893,476,125,35,1
"9oNI5TdzKtQ",24,103872,1171,108,406,1
"tJatgb_fjH0",1,103860,0,0,296,1
"mNhsTkQPzAo",24,103829,2050,80,574,1
"R-DQXyCqs-I",26,103812,5838,173,879,1
"GNLNmDhvB6o",24,103776,6453,1219,1168,1
"HHJqEzIjG-c",24,103769,3501,1344,497,1
"VZn6G0M9wNs",24,103726,4687,96,312,1
"h-9SKbZH9kY",24,103649,627,39,173,1
"mn_l7Y9m52E",25,103647,1549,108,227,1
"K5hKAmtlrRk",25,103642,813,93,304,1
"MurYjlDOP0Q",25,103628,1708,262,1101,1
"DNOBq-3OR9s",17,103610,888,85,399,1
"ij6-Y01JnWM",24,103602,57,29,12,2
"geYkMPaUA_Q",24,103599,570,17,355,1
"s9ka7xsmEyA",24,103594,1672,27,310,1
"AYnj4Wy10Oo",24,103579,290,45,199,1
"WDX4JGddTGA",22,103529,2927,310,783,1
"Az72jrKbANA",25,103513,1722,181,76,1
"DonI4suw0us",20,103509,6262,47,339,1
"lrhi2EvXtY4",23,103494,10572,77,813,2
"z9QdkrANGbE",24,103493,594,104,53,1
"CGvlg0-RM5A",24,103488,11012,98,3432,1
"To19gdMiUrE",24,103476,2372,61,2862,1
"6GvEmwNWFvk",27,103466,16180,147,2182,1
"3AQ5IJ_exb0",25,103447,5903,143,2140,1
"vanv9E1PKCA",28,103444,983,84,275,1
"FwdOu5fMJhc",25,103431,290,205,295,1
"u8Op7Og84TE",24,103431,845,62,138,1
"wMcTCu-PcsM",24,103429,6565,92,853,1
"3iHI9nB_yxw",25,103402,618,85,134,1
"8DJXNQkitS4",26,103386,2556,77,227,1
"b4lurOtr9fM",22,103381,1433,119,648,1
"8HNuRNi8t70",24,103339,460,66,51,1
"dduA5DL2w9k",24,103260,1236,42,281,1
"k5HFSKJY7BY",22,103248,283,34,111,1
"YuEwCIeyLwE",24,103233,1254,138,1455,1
"riWLKwTg5AE",25,103228,390,29,217,1
"Xnvd8JII0ZI",26,103223,8175,113,1542,1
"727zbzhck_0",20,103199,3817,100,2243,1
"x1H9YtGLwis",24,103151,56,21,35,2
"yPam5F7bQlo",26,103149,6447,75,550,1
"E_G2-q-6zzA",22,103148,351,13,27,1
"tLkMxaI7gpU",25,103143,599,79,1103,2
"FZN2oiggTUs",1,103110,1344,30,186,1
"I3hK-4q-6XA",22,103090,493,194,923,1
"DncG9o83YJ8",24,103088,2350,87,345,1
"gm3RifNLfZo",24,103009,10225,132,5665,1
"M-268qaQqRc",22,102999,1097,63,250,1
"R6lYKy-oUiI",22,102989,7703,91,1026,1
"yUTzmkHAMp8",24,102988,5643,166,710,1
"OapjFv9Voco",24,102981,579,119,140,1
"jXZXmDiDRl4",24,102976,13152,80,2637,1
"0Ciy2I4L1IA",1,102969,9803,38,1233,1
"VzFECxY-MN4",25,102944,702,386,2487,1
"8jvfcBriDk0",24,102929,347,41,80,1
"4gOoNKmatUA",24,102921,1468,54,285,1
"PEfyZZx37D0",25,102900,426,79,497,1
"wGZyeBgFhQY",26,102882,5398,70,543,1
"-qum4LmvDeU",20,102863,1157,29,451,2
"L7M3i7iUDIE",26,102846,4634,58,309,2
"JbFGsv9b97c",22,102835,666,87,305,1
"anAi9kgKS_I",17,102828,0,0,25,1
"1VrWaED18_g",10,102826,6378,49,885,1
"1KHCqtTC0EQ",17,102766,294,39,39,1
"fBiPID3iBoM",24,102742,232,27,158,2
"CfQ7pK5TYqw",26,102675,5777,82,729,1
"rL3S0872Meo",24,102598,1090,10,81,1
"c28sydB3RL0",23,102593,2790,84,381,1
"dKBThyjj0J0",24,102591,1766,33,362,2
"K3G9wmDWF4g",24,102560,293,52,208,1
"U3htOGBQb4w",24,102543,4939,458,537,1
"BTL6CvLrBEs",24,102528,1211,104,150,1
"GESh9Dg8oJE",17,102520,838,30,155,1
"GVCPRpIiRaE",24,102520,1585,121,484,1
"C-_vayF1K40",25,102509,1024,35,210,1
"hJlftajnDFg",22,102503,462,129,179,1
"k3pxrKj5LxM",25,102489,1363,59,707,1
"1RS4tPia5i8",24,102477,1242,98,55,1
"cdwTAnq7Kgs",24,102468,1605,22,97,2
"AAom1EgnoQM",24,102451,1605,17,518,1
"1VnY6QILpKo",25,102450,2445,242,807,1
"Px9EU1fARH0",24,102420,921,32,186,1
"knewBlhMJKM",24,102417,575,15,114,2
"uHgGLE80JiE",24,102397,998,12,383,2
"PrNRtC3XfWk",26,102389,6248,211,711,1
"8OHLAZwegM0",10,102383,6060,394,1618,3
"WhE0tLP0740",20,102364,2992,132,10,1
"QY-e7NKOYpI",24,102357,7878,23,527,1
"Yf12qTDBrPs",25,102331,731,57,769,2
"mqSMgp0G0bg",1,102311,1858,83,1052,1
"b1i2QTgu5eE",22,102298,4462,135,306,1
"NqLiMOwrvXk",24,102286,455,263,0,1
"uzup2wh-0V4",24,102263,1698,42,31,1
"X2IX7SGcnCQ",25,102183,864,441,1352,1
"ifFSX4hLVM8",17,102169,718,102,207,2
"JbcbirBPSA0",25,102168,254,226,959,1
"KaPhvNh8gsQ",24,102130,1392,67,416,2
"UKXrGkpmGEU",1,102126,562,53,20,1
"zNAhMyOFET0",25,102098,2457,182,1517,1
"Iv7zU26qZSg",24,102091,2282,12,142,1
"wVaosvTeuw0",25,102047,6896,126,2636,1
"Ei6AtHXJ9dg",23,102043,2604,23,161,3
"sT6j6byOXbI",25,101985,1690,83,842,3
"zb2xp0bnq9o",22,101957,5308,49,652,1
"MgoDL1UlXF4",24,101952,233,41,112,1
"b15q4Q-fVr0",1,101871,410,27,42,2
"avqTKDPD9vE",24,101860,6956,45,800,3
"WY_l86QcMmA",24,101844,2810,69,185,1
"rlPI5jKobRI",25,101823,604,88,167,1
"8xi-doydf6s",22,101806,394,135,499,1
"oOnV8LiFEPs",25,101782,3011,87,1169,1
"Kr5YI8PD5ic",26,101740,4355,62,508,2
"ShLHEIwFuh4",24,101703,3859,90,528,1
"BNVN6ltPEkU",25,101699,454,216,963,2
"pf0eUcyuXTw",27,101672,3431,101,1266,1
"sgT2Ozn17_c",24,101636,4153,293,629,1
"jp58Hg_Ji_Q",24,101623,3239,35,192,1
"hjiv5yxW8rY",24,101597,3050,515,0,1
"HDTrEj7wwj4",24,101571,3818,67,1543,1
"gIG41XSZFmQ",25,101559,797,86,276,1
"MZBwaeQixwQ",24,101538,10333,63,1589,1
"7Mj7hOIG6Ek",22,101536,1552,90,676,1
"eXWfz4Mpe0M",26,101526,4435,56,599,1
"dgJ6SM-qQnQ",24,101452,482,33,55,1
"r-8NzNW6mXs",27,101444,5274,97,297,1
"G8EoDWuRaTo",24,101414,271,89,198,1
"yxJPguJ4wik",26,101375,4537,32,256,1
"gzgqdPOf11s",24,101365,345,94,147,1
"XBCi2W70jdI",25,101337,779,87,166,1
"RgVvBXcnJHU",24,101320,4656,78,582,1
"XlOlB27EvRI",24,101305,1448,80,109,1
"6yhVuyE0e08",27,101298,5270,288,611,1
"SdHl13XIKoI",22,101288,0,0,1116,1
"13oOInTY2ik",19,101282,3727,51,609,2
"vAIIQVk6dac",23,101262,2980,112,1194,1
"ByqBT1loIFI",26,101257,13964,475,1017,1
"zylF3o81fHw",24,101218,530,52,123,1
"Jy451Ez7rpg",22,101152,1269,174,420,1
"3llhzV618Ls",1,101111,1244,91,627,1
"X75Roe_davA",27,101099,9199,57,282,1
"9EbZBJZruAc",27,101088,3754,143,536,2
"hsciWLqg0vc",24,101073,1326,42,335,1
"kDNF_g_SoU4",22,101027,9020,34,616,1
"F9y3QPJwzTo",24,100941,222,50,83,1
"3VLNxH9uX6Y",24,100909,2311,20,111,1
"cRTODtnLAhE",22,100899,2119,369,1304,1
"v_w75Fw6PiU",25,100896,9307,160,2139,2
"jd5TMX3pm3M",24,100863,8296,91,577,1
"JH7UjF3lPuM",24,100842,5301,470,770,1
"wQ7n4_kUCvs",23,100836,1909,194,188,1
"xpeSfNadQdM",22,100803,6098,46,354,1
"isfe-03HvQo",17,100757,242,33,29,1
"5yk-ow79w9U",26,100746,4363,143,404,1
"pN6_MhIOkes",20,100744,5120,36,347,1
"fc2ojoY8OYY",24,100721,4234,74,873,1
"MkYiCWVpVec",24,100691,270,60,126,1
"1kPGbTXQg2M",1,100682,200,23,115,1
"1XHb4zHzz30",25,100674,2588,100,649,1
"ijJPFowBsBc",22,100666,3573,121,258,1
"g2EPIs4RH4M",24,100638,608,69,125,1
"hSJHJodRwcA",25,100620,737,68,281,1
"CmWFpmFLaVk",22,100609,543,80,147,2
"Ae7rZuR9oBw",17,100589,134,26,105,2
"986e_jOx4qc",25,100551,1038,268,1236,1
"ZL0wfmFFeB0",24,100535,11031,130,2757,1
"e0BycHyZVNA",24,100486,1648,56,226,1
"uLZyy1EYi8A",22,100461,138,61,62,1
"JLUu8NnAgrc",25,100429,1175,27,234,1
"8Wm2r3eqHTU",22,100421,459,59,92,1
"U98b5HJ0IrE",23,100404,8384,191,641,2
"NYGw85JVPEE",22,100403,485,162,401,1
"aT7P-wwJV3A",25,100403,195,142,9,1
"90Tz0MfP-vY",25,100398,569,87,176,1
"QEBTK5_dRZ0",25,100394,1619,907,1595,1
"Gk2lj3x3z4c",24,100390,2662,47,443,1
"yWLwys2YHRA",22,100371,1288,124,551,1
"kJYjMw-lUNY",1,100362,137,49,94,1
"d1oZ6P8ZBoM",22,100359,2244,45,95,1
"6QAY0qc0u-4",25,100356,4293,181,1960,1
"M96hIcntDg8",24,100355,391,26,69,1
"n0girj5pM1o",24,100337,1666,21,342,1
"mhC2wo9JmAQ",22,100327,973,91,235,2
"TiNpuUfthlo",25,100305,2849,52,273,1
"frN173iorSo",22,100288,1495,63,322,1
"_-PikiF8I-Y",24,100272,524,31,173,1
"ly9i7--r3pA",24,100262,331,93,257,1
"J7q7OS9xEpg",24,100259,2728,63,507,1
"yXzx9KPiCZ8",26,100252,151,119,13,1
"oOII5kIeSAM",22,100241,4180,48,691,1
"hfdHsQIZb4U",24,100218,103,25,35,1
"8DY-JJASYcA",25,100210,969,66,312,1
"hkcjlimFGL8",25,100207,784,56,546,1
"Hz3nF6rx5Wk",24,100200,1073,128,928,1
"ONBZGYJU8q4",24,100196,2698,187,1091,1
"RyKX4fxCgFg",22,100179,5448,202,1323,1
"bYFGqcYm8bE",1,100169,407,68,98,1
"8Al1ZAQXjrw",22,100167,2144,119,801,1
"4mNbB0RTuoI",22,100147,3602,144,1740,2
"vM9aHPFrum4",22,100122,2259,56,163,1
"HG_cixFHsp0",10,100101,4607,21,242,1
"Jg1C6KVz244",22,100069,5797,35,207,1
"EfNSPCwjxP0",24,100028,850,59,601,1
"TXYVdKXxtP0",19,100017,4105,58,443,2
"AYZZlI_cfVQ",22,99964,1333,42,623,1
"q4yySLdDVaQ",24,99939,1764,163,1021,1
"uYJ7V_WEVp4",24,99915,1911,34,88,1
"Av5rI70b0lw",24,99878,8358,67,469,1
"16mP3XymgDo",24,99826,620,83,111,1
"kOsl3cmK3zg",24,99796,4727,152,373,1
"XGf_ZshHAqA",20,99766,777,191,184,1
"hRKOT4tZR7E",27,99735,5788,103,645,1
"7TzQQ3dgNjI",20,99732,5452,41,525,1
"lSdku9gGJ_o",24,99726,735,22,210,1
"B-CDErvATh0",23,99723,1664,205,542,5
"T3kLyowl5z8",24,99670,239,40,73,1
"JRcUCNExJws",25,99668,4364,95,701,1
"58NabJ6jLwM",24,99665,930,11,154,1
"AVgVJP_dTFg",22,99662,1611,115,112,1
"gxGox0Ppc_E",24,99627,595,98,49,1
"qmBzraEg0hg",24,99526,2419,28,159,2
"MB5LAU5z9gk",26,99466,5578,50,618,2
"_us4opgxJWs",1,99465,2495,109,1538,1
"kwHLkyLuW-Q",24,99439,837,27,27,1
"2sKADUBfdMk",27,99429,5130,59,341,1
"rx1tc-0tIvU",24,99424,1359,18,137,2
"nLjS4B00tl0",20,99412,2289,18,41,1
"7ygFXv6JOFE",22,99403,1104,70,118,1
"C5nks615HTM",25,99393,2214,414,1654,2
"zSGQ4MK8L24",25,99391,545,134,232,1
"ChF_ypmiIs8",10,99348,3521,414,401,2
"Ouiq5zRTQiY",24,99343,1684,30,141,1
"Gcsv0Fajsdk",22,99336,5052,82,634,1
"yrjWseovjXw",17,99317,2329,49,932,1
"M8MFfxVyX8s",24,99293,2233,74,587,1
"Pa3ao2TVn1A",26,99272,3040,74,311,2
"lugbqZkSwDw",1,99271,75,30,106,1
"Ji0usz-NgfQ",25,99224,1713,185,765,1
"DXPnOq-XJg8",2,99216,3538,400,1364,1
"uWfe9AOz7LQ",24,99212,1172,44,290,1
"gKGT2jlVrgI",22,99179,4950,104,1486,1
"P8GEYc5lwPg",26,99148,4630,131,233,1
"zX1_qEVop0Q",22,99137,3750,160,288,2
"xD8PEJeqbfU",24,99107,1374,86,171,4
"2nsbLf29hcA",27,99069,7527,34,362,1
"yXmrDRhpXEc",20,99039,5440,72,399,1
"8Ci3Hcyghl4",26,99020,5461,54,797,2
"ztJ0UQWazTw",20,99008,4968,84,489,1
"zb_lcTj81AQ",22,98947,22743,17,4102,1
"CSYqvdbJG3Q",22,98928,4399,85,1652,1
"ZdLfErCdykY",10,98924,1648,638,3150,1
"XYxEQacWBrM",24,98828,4569,31,832,1
"KlS2oUD1msk",24,98822,2432,55,96,1
"oRKkxE8qKvs",24,98806,321,120,298,1
"RAD_HPsfHbY",20,98802,5849,81,774,1
"AcBx4z_aQLs",24,98777,1708,77,545,1
"n0wkSHTMKUs",25,98775,1019,446,2717,2
"2JzNWBo15xM",17,98758,1343,54,908,1
"FdSa0c_Xj3k",23,98732,1781,40,25,1
"M5yjvvYaEmg",24,98707,698,48,58,1
"6EH9zJ5pfb8",1,98687,1888,88,326,1
"4KtTO-j8fB8",24,98671,4776,132,476,1
"mJo8Nr2M13w",24,98628,6707,44,464,1
"y4a_tk8cn14",24,98613,2108,29,195,1
"zG5zweL_TWc",20,98585,668,104,195,1
"A8DebcS6WvU",24,98578,4456,82,1085,1
"-8fYBChYHsg",1,98540,2052,102,806,1
"F3FMWmn8GnQ",24,98540,647,38,151,1
"1zoomb3qptg",24,98533,13131,154,3263,1
"Z3bUxQ_FXo4",25,98427,438,56,671,1
"nLcS6Qec32k",1,98371,2892,63,371,1
"xjJZ5WND704",25,98360,3822,570,1503,1
"KaxXm0nS8N4",20,98357,5822,97,504,1
"nc1d30mCHbo",25,98342,1486,318,636,1
"Pzxar-1X4jk",23,98313,1418,39,285,2
"bb_2YFNur_A",24,98299,484,42,118,1
"JM8Y2-ejGLY",22,98285,220,83,55,1
"JuYhIyN4SKw",25,98258,962,56,0,1
"j4bCgjJUuQI",24,98235,2966,130,288,1
"LbpAdX4RvGU",24,98213,1398,76,478,1
"1mJW2Gy1u6I",22,98183,536,92,27,1
"QPcFmHlRLNI",17,98173,1004,349,573,1
"-0qe75Q5vOg",24,98160,3474,46,259,1
"-tqKJE4v-nE",26,98126,4415,45,354,2
"zz0YBj12gik",17,98111,1711,12,677,1
"55jvbB9nB-0",1,98107,6802,1605,2981,1
"Lb_MmgPWuGI",24,98104,5059,96,1068,1
"VWuk4lk1mqQ",25,98069,4624,206,920,2
"nDhYgP4Nns4",22,98034,6812,362,643,1
"LyPfrx4weoA",24,97984,5593,534,671,1
"8bQBT3RsFmE",10,97907,297,134,10,1
"PTrlmriTpI0",24,97887,306,66,207,1
"sdBHHw91yf8",27,97834,4024,102,1578,2
"ybVQ-o5CwKc",10,97831,2460,8,169,1
"Mw25gHsPkjw",1,97810,4140,125,521,1
"RWwl36NE8Dg",24,97802,8614,24,740,1
"qmtqrf23Xd8",25,97784,2867,204,1109,1
"6IKiKV21gqE",25,97772,3070,139,575,1
"Xa5x86Mub5Q",22,97768,480,95,463,1
"Teg_TxzApps",24,97756,1614,30,80,1
"iAJU4hwp22A",22,97754,2111,114,315,2
"8WVDtiDLBhU",22,97752,120,72,63,1
"840CH5ohU6c",24,97748,4043,33,780,1
"raWomBGbxfs",17,97747,817,47,360,1
"5DejvDvOxqc",24,97735,3176,60,349,1
"cnyPktHyKKo",24,97727,6521,87,841,1
"bGFBEjAEt7k",24,97685,2834,69,476,2
"CDDm6eu3unU",24,97657,5377,55,1939,1
"QH3SA2VjaFo",23,97644,8347,191,494,1
"oAgSGEuQyjA",10,97591,7636,47,642,1
"YYEkABjb2ck",24,97587,1092,120,196,1
"DdiM5lA-05c",22,97571,4313,96,1120,2
"kyQTARyyfh4",1,97568,2184,159,590,1
"_XHk_5kMWfk",20,97500,5146,67,510,1
"uVs5KJFgKNQ",10,97421,2601,68,145,1
"lBraYvycs-Q",24,97398,4651,169,775,1
"s7zVYJDj2Ok",27,97384,4645,55,527,1
"3HxgtQ4Wkd0",22,97381,580,177,1103,1
"5xTCk3x28aw",23,97362,1512,38,97,1
"LsAY9i4ig1A",24,97361,1589,38,482,1
"f6beXMO0Hjs",24,97348,1984,156,198,1
"UrfIH9bKenc",28,97345,699,162,539,1
"5oKCFofByhc",24,97252,4372,30,279,1
"6Ig4lObywzo",22,97227,475,181,687,1
"IPgvIZP97hU",17,97219,924,22,337,1
"YJWZKYwkFqk",1,97211,1186,54,294,1
"DhgrOi0yuhU",1,97192,385,55,47,1
"BTzW1ol5vkc",27,97188,6188,85,485,1
"ZWV4DmTGljc",24,97181,2350,46,365,1
"Mpq8AmjGYpI",24,97180,667,61,432,1
"Zb4lpyD28l0",22,97158,130,49,74,1
"OAl56KRO08U",24,97144,5638,484,671,1
"1MCa6Enx0Cc",26,97134,8021,142,1175,1
"K8mldUuAE6I",25,97129,2953,52,222,2
"Qp7QJpLhOs4",26,97095,4157,61,317,1
"S6MJ167Va3c",43,97092,632,102,438,1
"F6LKwQ77HNQ",1,97070,1262,47,177,1
"BJ2yzCRPonA",24,97050,555,33,122,1
"VYFdu7Xo5Uc",22,96980,8873,41,947,1
"tU0346-3JKo",24,96950,509,74,97,1
"m5WKCoS3fDw",24,96949,4712,70,1151,1
"T3JypQB1wcM",25,96941,3875,600,2625,1
"NoSN-yyzIrQ",25,96927,1042,24,196,1
"ckghGbapuxs",24,96901,423,83,83,1
"xAXPHU6vkc0",24,96853,1766,100,822,1
"jyn_orqdyHQ",27,96846,4679,56,304,1
"sVa96nMXwcM",22,96834,1408,111,99,1
"_ldNAKG0eJ4",25,96832,286,123,239,1
"7bCMImKszio",24,96803,4548,417,823,1
"pcMGwToaD9s",24,96752,5987,146,699,1
"no3puNSK6BY",24,96721,2000,13,399,2
"c0IsvrSpcx4",1,96681,16008,91,771,1
"eToxG08cPLo",23,96648,8521,293,1175,1
"ftqeN3mG9e8",20,96641,6623,38,418,1
"UXn-E26fsNM",24,96639,266,35,232,1
"55xDaXGk_aA",26,96637,6428,67,476,1
"Qzj8CfZ4RXo",25,96626,238,80,421,1
"A6cx7h9DtSw",26,96614,4195,103,304,1
"U1u7IXwNOPY",26,96598,6305,127,745,1
"clIvdBfCHOE",22,96547,7630,27,937,1
"LxPrnjX1Bmw",23,96537,6180,80,733,1
"XzXBq8KCw8I",24,96504,4866,186,957,1
"oHZlDagkrYg",22,96503,6210,55,1714,1
"GjjZacZSWT4",20,96487,13649,109,1529,1
"4viyb0r1DE0",22,96476,116,9,21,1
"U9gpcBDMRBA",25,96473,3390,135,1183,1
"LN3AWwoeno4",25,96464,578,96,584,1
"koUB3vl737c",25,96458,406,281,908,1
"epvCORHGrL4",25,96451,4119,146,1214,1
"-RvZmYtfYTM",25,96440,2909,186,1434,1
"y8aGaeCePFg",24,96435,2064,81,481,2
"fgo8LruI8yM",25,96386,2195,153,1372,1
"HyG26J6UF9c",1,96358,81,30,198,1
"EbLB9mZkpqQ",29,96347,4210,75,1350,1
"Fi4OjUrKgo0",25,96341,3001,63,834,1
"mm43bKcpC3U",10,96339,410,99,11,1
"pxx9kYaa5uo",24,96334,483,40,103,1
"2VK4uyxeMXk",23,96305,5237,94,513,1
"E-44bT94h_s",24,96263,309,23,122,1
"m-TYzPH-6zc",1,96253,357,42,68,2
"P2fpQC-UBoU",24,96238,981,42,399,1
"w8TeV93Ji7M",24,96225,2786,23,386,1
"2fzOCbJdv20",22,96188,538,53,174,1
"bVCM36XAidM",24,96175,88,24,75,1
"5Du-hlj1tus",20,96139,2060,95,396,1
"ebpO50Xf6jE",24,96086,1908,70,526,1
"lQZhJohP-0o",25,96085,1060,38,360,1
"XzfKQq770zI",24,96081,290,58,162,1
"hhxQjbPf2Qg",24,96060,1025,97,153,1
"TnDp6AyCIcc",24,96050,759,183,267,1
"AeL1jubdEZw",1,96041,1778,69,276,1
"sarCtt5FFVg",22,96029,1647,139,360,1
"Zalv3HV1xF8",25,96002,385,100,6,1
"vGIUYsuygg8",22,95975,87,50,9,1
"8FaEylcEAik",24,95944,523,45,158,1
"faYHcPdDcNA",25,95892,3569,128,1049,1
"kfvH72JpGDY",10,95886,3187,54,322,2
"OYadZSweALQ",1,95834,2022,92,330,1
"OsNT75zRCDM",1,95810,2477,20,261,1
"YG2wvFyaTrQ",28,95805,799,126,186,1
"_1y1t-MWbRs",25,95804,3655,57,432,1
"9fb1kyhH--M",25,95803,5021,88,1564,1
"54cGamoveGw",17,95791,736,73,415,2
"6h7psEH0AGk",24,95787,1826,86,1149,1
"-pCzLbCCppo",27,95771,3886,49,458,1
"nqynW2ATwjs",28,95771,789,144,233,1
"ILm-b0Gw7-E",10,95748,3276,172,374,4
"fyR5WP_JgYw",24,95734,312,74,230,1
"8AQxt8TbeiY",22,95730,6944,116,1145,1
"y7wXRm3sTBo",28,95727,992,89,341,1
"Wlxz22bTBpA",25,95691,503,73,274,1
"SYQ3yCfC6z0",26,95661,6132,55,817,1
"e_LpxldL8h4",1,95656,570,12,47,3
"KpnSqVf1lZg",26,95625,5412,28,584,1
"4yhZUYuNVKg",25,95615,620,400,2377,1
"hRID0eR1kPs",26,95580,5274,45,384,1
"vVwaYo-sxrU",26,95559,5624,71,243,1
"CFGXmPaOhuE",22,95538,914,117,919,1
"AmVI4WL_qmU",24,95503,0,0,1957,1
"2dWxZMVDgLs",26,95491,5039,288,303,1
"r5r5ocJoLGA",1,95456,717,38,180,1
"AtBUA4HLvBM",20,95426,2365,107,445,1
"Eujr3_CaIG4",1,95348,75,21,56,1
"zYEEnlzqoz0",24,95346,741,89,311,1
"EsBvX4-4khQ",24,95337,161,54,188,2
"PFGVOsBnP-U",26,95323,9598,117,483,2
"gT6KRNu-MBs",24,95304,4923,58,1159,2
"ebvgXrNPruw",24,95302,1486,30,810,2
"bjWQeHPZUyE",25,95278,1949,147,518,1
"1tVWFsd5nMA",25,95253,118,41,40,1
"Kl3MyuzCdRs",22,95244,3708,105,1271,1
"8BZMQTk57vc",24,95234,1987,161,283,1
"1E8xQzGlfrU",1,95226,126,48,134,1
"3BdpPCcI91g",24,95216,695,58,128,1
"FQp6F0PjfpI",24,95212,1595,23,82,1
"z-CaOuFDT8c",24,95198,814,28,173,1
"etisfLMUagI",25,95182,1797,134,271,1
"67QoKA4fbVs",25,95160,369,40,314,1
"QYtTRiBjHxc",24,95022,1111,89,114,1
"KxOmVH3npF4",24,95004,1823,13,57,2
"rm85cWs4fOo",22,95001,830,37,210,1
"8hwvr2otagg",25,94995,775,75,394,1
"xOIqh2n8P8o",20,94942,5136,58,351,1
"R5MS7JpU5So",20,94935,6706,52,514,1
"Il_q-onyBik",20,94914,5301,51,322,1
"xzzrdGaqjkY",24,94894,1085,95,47,1
"QgAK21bFxH0",24,94868,664,38,82,1
"lWYPDFv2s9U",22,94863,275,121,278,1
"ECqYHv3LR7M",24,94849,4087,155,490,2
"cwBcZFDZDV0",24,94814,418,36,222,1
"p_TztvSGLpI",27,94785,4094,50,256,1
"H8bPKxdWcMA",22,94780,3666,72,653,2
"zEUkzkRiLDM",24,94756,564,29,125,1
"14_MlgbYgFU",24,94748,146,43,133,2
"CL-HITe4EJI",26,94733,3424,75,2170,1
"rkozDD9ARJI",24,94699,616,78,387,2
"CJVOUGUGM1E",10,94686,4133,116,312,1
"_sRt37QuIgA",28,94668,4550,141,742,1
"vaPeQE9m4_U",24,94667,5428,59,583,1
"4NAaJ_vKy3w",24,94599,3297,49,522,2
"9L4zm58Bgk0",24,94549,1633,143,190,1
"YZ17BnXNXmo",26,94506,3308,208,330,1
"TcLUJGRKhic",25,94494,237,186,184,1
"3NHJjEFk32c",27,94492,4805,65,721,1
"enZeUmyDNnc",26,94416,5231,42,313,1
"YIM3EMXVgHw",27,94391,4657,115,859,2
"bDLTgG1XArQ",24,94359,6855,337,1391,1
"sfal2DbZcjs",17,94354,3823,72,1168,1
"wPdhiiNYv4E",25,94314,882,126,401,1
"yabSoxBzo4A",26,94240,4012,93,149,1
"kUSueItE_DQ",24,94217,1234,90,111,1
"WWWEErdA2EQ",17,94214,1512,33,562,4
"oU_XHuJvSPM",25,94188,177,92,151,1
"3h6taoiAik8",1,94181,770,65,75,1
"2A0fxH7AqAU",26,94167,3010,21,648,1
"x4WQCkMEnwQ",22,94162,554,64,69,1
"cL_t4HsRF_Y",24,94140,371,89,297,1
"vj2hKSNJddg",22,94139,991,89,201,1
"Qn9Ir1YKJis",25,94126,492,131,191,1
"U6VfpTsqw-s",24,94111,1683,137,377,1
"efOa93LFSQ8",26,94079,6545,24,616,1
"ZKo50h9bJEw",25,94074,200,84,304,1
"h01HKMYTgsc",24,94069,1300,46,249,2
"3xphwBeQ4cQ",26,94065,3057,57,351,2
"l_mXqPO7N-I",22,94051,57,17,33,2
"LwTvS9v15LE",22,93981,4614,72,1119,1
"Djr_s0N5Z_I",25,93967,1291,265,21,1
"AWm3n3PJfzw",17,93961,742,48,253,1
"7XcwJxgEJTM",25,93918,4270,309,1383,1
"fMtql_WLGRM",25,93908,1363,117,1016,1
"3Lah_yprJx4",22,93897,982,90,647,1
"WOZkc4KpGTw",25,93851,1825,124,931,1
"0EVKQ6eTRIY",24,93832,2516,23,446,1
"iRZNeXg9n6c",22,93826,920,68,0,2
"Yb6FFDhojC0",24,93783,2581,27,592,1
"zts9tWuJGTs",17,93777,522,34,105,1
"OGoNmuCwieY",24,93743,451,59,103,1
"WMv0pMw8rAM",23,93727,19041,29,1388,1
"19g0hjPQhSw",24,93711,273,45,86,1
"GPWcmTnP1Dk",25,93686,1509,222,680,3
"z2gEkdPZOM8",1,93680,10068,108,1256,1
"OJG_4M7WGsM",15,93657,4752,42,1213,1
"a3zv6-eBHyU",26,93648,5504,57,827,1
"Ac75L5_HguQ",1,93646,654,33,51,1
"mtNAE95qg4E",24,93641,7381,572,2722,1
"C0LND7-Nkko",25,93622,346,61,503,1
"7G90b_iEU7o",22,93575,10057,76,1288,1
"VjuNfMdUDqg",25,93573,2819,230,798,1
"2YLOoph7TTY",20,93550,2640,54,694,1
"LXCTMl_Jp9M",22,93539,3448,228,1804,2
"M_mAT5k7kGk",25,93532,2991,200,1111,1
"PxMVJjHaP9I",25,93522,613,68,170,1
"Fm4bkLWtwSc",25,93468,774,1149,778,1
"Gh6hJDMbObE",20,93465,626,115,84,1
"ndCJMR_czEA",1,93447,760,27,167,1
"qwz7ElnCtWw",25,93410,3699,212,1555,1
"xyqFefgU_9g",24,93383,500,44,16,1
"0J6wRhWkw5Y",24,93370,8030,22,340,1
"BIdiMg7r7S4",26,93365,2976,36,767,1
"tx1Ue06b4Qs",24,93354,992,15,255,1
"66VxjEgCS3E",24,93341,1531,276,1123,1
"hgimG_9Fh2s",25,93339,4842,449,2697,5
"xhyrGhWZZME",24,93330,949,32,663,1
"Sj0jpH62QXc",24,93324,969,31,47,1
"1hbps_Ycdfs",24,93299,556,77,485,1
"QXLoK6-o8qE",25,93288,1277,69,938,1
"DgC2SrR4gTU",25,93272,1271,60,967,1
"fjMw5Le_5jw",24,93231,1219,18,38,2
"njo5kr1r4B8",25,93198,607,46,206,1
"t5bCMK_3B-g",24,93196,3210,254,530,1
"KHzUOLOC5eQ",25,93187,602,438,1691,1
"IB-kpAo7-hk",20,93169,6791,146,733,1
"LGNWwqO6IbY",24,93143,862,94,121,1
"ytg67l_Skow",24,93083,1292,104,299,1
"CqM9PZQwNcw",24,93036,117,41,63,2
"TpyqXoagW28",25,93031,1059,395,648,1
"FOa0EEAcdXM",24,93024,968,8,266,1
"Z6MDENNKsqY",1,93022,678,25,33,1
"-4QP0JZyLAQ",24,93013,1170,44,108,1
"XFYDFDI7CAg",1,92936,5759,41,1019,1
"eUT97MfUu-g",24,92927,3700,186,496,1
"4p1k4EnI2sw",24,92921,2620,42,146,1
"SVH9PYeNdB8",25,92898,1488,96,887,1
"fUpxn78FEvk",25,92888,681,163,548,1
"GhdleSdas6c",22,92882,1423,116,889,1
"zQzjz4dedr4",28,92869,267,50,32,1
"IAlrFLpQ33M",24,92864,1128,111,193,1
"Z018r0ZyMOg",24,92851,1168,75,214,1
"68YDiZQz_JQ",25,92820,685,61,158,1
"2ia6WEngkkU",24,92801,1515,20,40,1
"4MZ-vD66DZQ",27,92800,4297,55,311,1
"RzmTucw1mvQ",24,92798,847,12,366,1
"pqPjORcOkhU",25,92783,1080,117,1422,1
"r3HEppd4V_4",24,92782,642,53,56,2
"qjFR0o564zY",22,92778,526,83,341,2
"GVWe5brmGlA",22,92761,2190,98,683,1
"EavItmK7JdE",28,92727,7521,143,1155,1
"Gwt2xFm0loo",27,92701,3841,78,1299,1
"QERbVdO3_wU",20,92669,2775,144,24,1
"KYgBdd8QxUI",23,92656,14420,49,2280,2
"yPFceMpVZTU",17,92651,427,18,307,2
"ITQZ2OrIBNk",27,92629,4689,82,356,1
"OKjaI-HsHXY",22,92614,3679,106,851,1
"5gJejGrdr_w",23,92614,4300,37,435,1
"aFt49e5cwuU",24,92601,757,62,114,1
"oCDIQdiyHBk",24,92540,1606,28,243,1
"e7dCgwfJfEg",22,92535,7655,35,585,1
"x58USc1DX84",25,92532,1176,66,773,1
"oxsJHDFihmk",25,92522,264,143,2,1
"XeI4Ne4Dukw",24,92521,252,42,61,1
"_2g_Cv6GKP4",26,92517,4696,152,606,1
"WbFSyRL-3Ts",24,92492,983,98,115,1
"nlFxV2j99y4",24,92484,4065,73,709,1
"yfBor-Ty38g",24,92481,608,52,335,1
"ZNUSbxyWpRA",1,92471,4284,58,2184,1
"wvB6jpUEzNQ",24,92440,219,7,30,1
"ev2RHDUkE4M",24,92394,2174,26,201,1
"_mw_UlhOetc",24,92371,1678,54,102,1
"EQKdFm8rW6E",25,92359,1910,102,416,1
"kDZDYgaonjo",26,92276,6263,50,412,1
"4x-47pn6K0A",26,92229,8067,38,1012,1
"tPX_NnwTdxw",22,92210,5273,59,521,1
"jDx_qyAGhWY",25,92206,711,83,450,1
"ObSo4VxCFzs",24,92201,14273,40,2095,1
"H5UxLyOT2zI",24,92197,1068,23,190,2
"aLHRwMXNBrk",24,92184,1142,19,164,1
"IQpQVOPokhk",27,92173,5112,93,284,1
"jnAIlc_ylSw",24,92116,107,22,52,1
"WdkWHDTYSfY",23,92109,249,29,123,1
"NcdWmwXbEHA",1,92074,5688,38,1562,1
"OqInPOy50p4",1,92069,11350,181,824,1
"t-CZVCk4DXI",22,92054,551,152,467,1
"JgRCp_DBnZw",24,92050,1013,46,766,1
"Fq35Mmpds6Q",24,92040,295,19,17,1
"W4Wa_OFLDsw",23,92037,4581,93,233,2
"q9ZMub2UrKU",27,92022,1173,40,64,1
"Uf-48VIuRWg",24,92010,1169,20,363,1
"xwcr_tSu-98",27,91975,3466,75,454,1
"PtspnQA9YAo",24,91973,221,54,103,1
"zf0oYnCW-78",25,91966,0,0,988,1
"IUEURsP6Ft4",24,91951,695,16,68,1
"VSN1y31Rhbo",23,91942,1952,31,145,1
"BFpddEzBNVs",25,91928,3451,201,1548,2
"SLPY-kIECfY",26,91920,5843,30,523,1
"YyaJMspfiHs",22,91861,4560,179,343,1
"qqkv4YRWexw",17,91849,390,55,813,1
"b6nV1heycCY",26,91847,4060,71,437,1
"l1DTeah8YAs",26,91825,3949,40,415,1
"L_vxiLDaqus",24,91822,915,112,120,1
"QE86f3Af3hA",1,91820,125,19,171,2
"YrDBb4dcMkc",24,91807,5041,59,407,1
"i2Vo-Q5wHvk",22,91801,4886,22,441,1
"5HiuI5gHKfA",24,91797,5235,78,599,1
"IPJruJbmjD8",24,91785,351,47,160,1
"EVAF1K0NHYY",24,91755,7618,62,626,1
"rZeHe2wGMkE",24,91747,1036,104,120,1
"JOp28hQb_Xw",27,91715,14345,227,1868,1
"y_zQ9LfoHQ0",24,91696,592,80,64,1
"PJAHiYC3bWM",24,91680,1463,24,74,1
"F350zodFfps",24,91645,904,68,93,1
"dr-PhK0Bytk",24,91575,1226,16,201,1
"VbfC9bA9QdM",24,91567,7470,121,1543,1
"-Uxfcoe2ClU",25,91560,2860,198,1867,1
"RRJVBCMwy64",27,91555,3889,85,445,1
"ME_7wAdJ-Jg",24,91526,1224,82,209,1
"gt2Fy9Ede2A",25,91509,2397,40,453,1
"CPUnmyF09uI",17,91456,731,53,445,2
"dH6RCwWLln4",20,91424,895,26,266,1
"uh9OjpaPIXQ",24,91421,1354,33,217,2
"fEitujHoYdg",17,91392,785,41,396,1
"8xvRuhpdq84",26,91333,5595,58,431,1
"Ho1WCH9jJVI",24,91304,12767,106,2967,1
"fSG1taRcEjU",1,91302,1199,90,290,1
"qVi92t54nns",29,91278,2450,180,89,1
"PuCctkFVsdY",25,91265,300,135,114,1
"Wt2b3VGI-j8",26,91264,4479,62,162,1
"qETfaJXx22g",10,91212,7676,44,473,1
"2VyeTBUrPuo",1,91199,175,12,111,1
"e0_44PRMWeQ",25,91174,536,182,185,1
"xC2ddO40-74",24,91158,2739,87,208,1
"Uo6fYl741Lk",24,91092,6339,100,270,1
"hbnZ3KwjJrc",24,91054,5698,62,473,1
"zNBH9UREFw4",22,91048,75,18,98,2
"5UBV0FK95R4",22,91039,367,14,26,1
"1VWC5rlhr04",24,91033,535,37,144,1
"Zbzh57g7eDY",24,90989,7332,53,517,1
"SLTejJlA6Sw",25,90955,676,58,703,1
"x8hOuTpzE8o",24,90929,798,471,416,1
"6hfFo0_H9IA",24,90922,1158,64,1082,1
"jOTjqXi0844",24,90912,463,69,121,2
"hNSv0gCuS20",22,90888,942,107,806,1
"_I91o4_EMf4",22,90854,2323,122,796,1
"xVaqubofAlo",22,90810,745,76,456,2
"Xxs9fy9Rsqw",25,90806,1375,49,350,1
"ucJlWcSo18Y",17,90795,898,49,343,1
"ojqwuLhgZNw",24,90790,2051,76,786,1
"yyr51Kznab4",22,90786,2185,247,584,1
"kvXFgvBKgiQ",25,90767,772,249,0,2
"Duso6KEWsQE",24,90750,1667,75,1028,1
"TgixaTuIe_8",24,90694,6506,32,1200,1
"o_AbrEUMOqY",25,90673,660,343,0,1
"pxp_RQ1K0f8",25,90671,2183,67,316,1
"1CULcPBvPHo",25,90552,1628,123,466,1
"heyAIujPb-Q",24,90543,1193,158,805,1
"ivpqUnAC4lk",23,90538,3693,190,864,1
"FcOocaULa0w",17,90475,64,6,9,1
"UqVfbu6cJWo",23,90453,2410,261,611,4
"gM4BzSFN1YQ",23,90452,7323,131,534,1
"Jk3QE0tZErA",25,90419,1422,170,732,1
"SxaMrCpigNI",24,90337,1247,25,73,2
"Dmx5UBWUUf8",22,90331,2743,182,215,2
"QjNapuOHoT0",24,90299,1794,12,146,1
"3ESqmVFVC1Q",22,90294,1999,37,691,1
"F7DcGkbqauk",26,90276,5422,36,588,1
"Tbk-L0woO8Y",26,90271,4494,30,419,1
"3OgXVs4BV_0",24,90220,376,97,248,1
"7PbSq6QpjiA",26,90196,5309,120,917,1
"qPzJGsLyW9g",25,90193,781,119,772,1
"-Gxnwk9ftEA",22,90191,5613,249,556,1
"PoabRJfEs-g",24,90188,1019,119,353,3
"Pi8W_GnPK74",26,90169,7191,52,1053,1
"Q7Ry9eLCpPk",24,90160,1648,69,345,1
"i_X7ZdHYIYs",22,90155,467,76,207,1
"alETHGFEpuQ",24,90149,557,67,103,1
"UBkhHJA59Qw",24,90146,985,87,178,1
"FvzK7jj-YzI",25,90129,361,331,1129,1
"pCBcuVitjKo",25,90116,12960,115,555,1
"cNEBm_u6kmM",26,90113,4460,127,177,2
"VwI8FXcDWMs",25,90094,385,128,716,1
"cSkEMK0Z3Eo",24,90077,5377,85,1840,1
"S0fLtwl2s4w",25,90065,775,151,1553,1
"LcdPFbmFmJk",24,89949,1108,88,144,1
"9v9xO8h0Tfo",1,89926,343,14,22,1
"8uXTX8nxG_g",25,89922,758,32,202,1
"qWZfXqFGxxg",24,89888,4946,69,467,2
"LjFsqeAs-dk",22,89882,7645,114,979,1
"pFxqg3r2hVw",24,89878,8624,38,1666,1
"oR_RyjaAOq0",24,89845,2402,238,369,1
"zTLzp2x4DZ4",24,89822,455,76,65,1
"-uXDGZMN_ns",24,89821,1177,107,122,1
"RPhNq_K2scQ",25,89809,1823,68,458,1
"rI7fhQleAkQ",19,89808,4146,42,674,1
"m2ui3mG-Ze8",19,89791,3386,40,557,1
"bTtrzdaZ6yc",27,89787,886,142,1101,1
"ez6Xdf_p7Yg",24,89780,4239,16,228,1
"MJGDKnlBMjQ",24,89770,5197,28,277,2
"TXb8BH6DN6g",20,89750,4672,30,294,1
"pkR39pW-xKI",25,89745,1333,294,1194,1
"VcA-L3Pzdks",25,89698,471,139,1091,1
"ytnr23-yQik",24,89693,1078,127,307,1
"q2HzGJK3q4Q",26,89679,4629,68,235,1
"mbAPZq5HFAE",22,89657,4276,138,490,1
"yedHVNKwZBI",24,89653,572,54,129,1
"s8b60mB3XHU",24,89646,508,80,164,1
"XENTaHpbb74",27,89642,6602,55,424,1
"pWqEv7Zo5ys",24,89578,1170,88,125,1
"flSYmWkp6Qk",25,89543,3500,128,890,1
"sMbch47oz2c",27,89538,7484,30,1547,1
"r8i9g3DP268",25,89509,3447,146,914,1
"bDif-1JXcWQ",24,89485,644,62,54,1
"9Rl8U6v6__4",24,89479,671,9,11,1
"W2om14p_xfw",24,89444,753,45,666,1
"zdb5EHucNXg",24,89439,1274,56,558,1
"iB5RmYZpKV4",24,89416,1076,115,823,1
"8FqgrgVPvio",22,89411,7243,48,3128,1
"PBGPWnGjrAw",22,89400,203,45,16,1
"u2gzQurxQMk",23,89394,5768,291,1061,1
"uJDPbMVKtSE",23,89381,5228,71,785,1
"yLpxCCr3658",24,89381,2625,24,419,2
"KuLttXDQBSE",24,89370,1854,38,345,1
"0Ssvqaf3gdw",25,89339,10595,703,4324,1
"iWX7P2d-4Fg",22,89339,141,20,68,1
"j0qTOneQLAA",24,89337,5854,96,1125,1
"7_l39yRlvzg",25,89321,2703,61,511,1
"ieiQOJ8W6YU",29,89319,4923,91,2006,1
"ER7Kasi8J-Y",23,89301,3242,47,355,2
"tF7PXrnn4wk",25,89300,1298,51,423,1
"6vUfGsmAdEI",22,89263,137,9,59,1
"64NJSqHJIoA",24,89251,876,63,142,1
"pRhj8wPGCUo",24,89232,670,54,143,1
"oReGR3Bjjmw",22,89222,4095,96,1280,1
"Fc8Ej_H-UYI",25,89221,571,109,135,1
"re0Iwd8YTlg",24,89206,506,41,120,1
"c0K68agMnvU",17,89173,669,40,318,1
"_OUayavEI5A",24,89161,1021,31,142,1
"nJV0mFIfE1w",26,89144,3890,31,519,1
"ACnZZVydef0",25,89142,2781,120,1311,1
"e7X5RZO0eRU",20,89110,2102,75,400,1
"gquzjl8I_cQ",22,89089,411,47,274,1
"DbSHS3Oh7uE",24,89085,5911,117,55,1
"hDqhUjCnfsw",22,89083,1005,63,159,1
"K1mxzhZZZzA",17,89073,821,16,44,1
"yPCFroqRFQ8",24,89038,880,62,222,2
"5zHRjG7DIpc",22,89035,306,32,52,3
"higZGd1fU4Q",26,89033,4329,62,256,2
"tv8q1su5bJY",24,89016,2285,12,201,1
"mYfyAn1tJgw",24,88966,247,62,85,1
"KzZnEkC2HIQ",22,88951,552,103,570,1
"OAybZs36-bM",24,88926,121,21,62,1
"uYaN4OLxm08",15,88923,6603,123,304,1
"lav2JmRrsQI",24,88922,3469,127,318,1
"u2Ba65YELoo",22,88889,25599,9,3619,1
"EmEF22qxqxo",22,88877,495,71,643,1
"OJj7uOy38hI",25,88867,3104,74,1092,1
"YWhj5xe9rr0",25,88835,816,96,769,1
"wm_LKnUZ2Z0",25,88825,517,156,741,1
"YE4i9V6j_qM",25,88783,723,141,423,2
"X34yb_ju9Sw",26,88732,4147,41,1207,1
"xQCRomDiVm4",17,88724,2556,83,287,1
"6qmercUsqfs",1,88690,2273,100,856,1
"OtX1eXe9tNA",19,88686,3941,54,385,1
"SQJvfTsgx4A",24,88662,179,65,126,1
"YkZm_V6XATM",24,88651,2724,14,198,1
"b1HdgunBPns",26,88632,5045,38,599,1
"Lx6KZtSGUVE",17,88627,665,88,914,1
"YH77ZZYhhHs",25,88620,645,55,266,1
"mmEygiqkvz8",17,88617,379,44,651,1
"kF1_qecmP4Y",28,88600,9979,173,485,1
"DN_G5mY7_uw",24,88599,2648,32,503,1
"CcQT9TYEpjE",24,88585,4469,52,732,1
"YKGRLeJ1xdE",24,88567,488,54,30,1
"rBwXe088D2E",25,88557,1343,274,618,1
"p3JdbTRCQ5M",22,88555,2170,35,333,2
"XM2vHizcgt4",25,88554,512,124,852,1
"LRF5QkqLSSw",1,88528,2556,58,298,1
"xI0qpGOuJ8g",24,88502,166,19,35,1
"Z-N6-I9fhsc",25,88500,2469,108,395,1
"EyLK_rCRmPI",25,88488,3494,84,1883,1
"OyPi2IaqcZk",24,88478,713,124,225,1
"V45gVtB6UIY",26,88472,2994,264,486,1
"s8O90RWolbU",25,88470,2419,103,621,1
"VsqsLo6ZK3o",24,88432,746,42,99,1
"UWMI4I1VZB8",24,88429,508,7,15,1
"fuToSTnZTTY",26,88409,4933,20,431,1
"TsTrjP2tSQc",22,88408,145,62,31,1
"ugh-R3i3u7U",25,88395,2854,158,435,1
"e3AxY05vtB4",22,88390,1108,47,187,1
"iPhIJc2dbg8",22,88360,334,67,97,1
"oZfUBTMX8kY",25,88354,1122,978,815,1
"fotYFcF-x_E",24,88353,1104,67,593,2
"LJftaVYahr4",20,88344,2953,59,378,1
"s23LmfJGcNo",23,88323,4235,76,647,1
"45HDWC6fi70",25,88321,2981,112,573,1
"ZwRdj-vOzdw",24,88314,1477,57,337,1
"yarzk1NFuyE",24,88282,535,37,176,1
"-XOwaDqdkAc",24,88280,473,9,246,1
"O7ry5-5Gf0A",24,88267,1227,98,574,1
"Zf2pTjpY_aA",1,88259,319,41,42,1
"4N74zGbAsdI",23,88251,1386,46,125,1
"5h_KtFthpCY",25,88250,3164,37,383,1
"a2aRBGA3rl8",25,88173,937,41,299,1
"VpSy9lqQIHo",24,88170,2219,67,1793,1
"m4T6Kw7Xtso",22,88146,4430,53,360,1
"5wH9lO3Fd_A",25,88141,5971,129,2350,2
"MXKu27XNaak",25,88122,501,43,329,1
"YQIJ6iH6GY4",24,88102,2844,50,307,1
"0MroWT4iN9o",22,88083,109,17,13,2
"5mBf4b1mZvM",22,88067,408,17,18,1
"lHcXhBojpeQ",22,88061,47,58,17,1
"PFP-K67_Cio",24,88033,844,64,619,1
"aB7cXKdWWxI",25,88028,2203,54,661,1
"KLNVa72ZIlk",26,88024,4340,105,776,1
"XmwwmV8FE64",22,87996,429,99,318,1
"CScWiRmcbR4",24,87995,1138,97,664,1
"0qbuZJYTrT8",25,87981,389,111,267,1
"pRg3nT-ycn0",25,87957,386,170,281,1
"RQldGGK4rW4",24,87927,1012,30,245,1
"v1pN6cj8TuE",22,87925,1488,38,56,1
"Bt8H1iMZFVg",24,87904,6854,94,666,1
"iix0KMmXQBM",24,87899,7136,58,1216,1
"v0Gku2iX2rY",24,87890,577,48,149,1
"EBRF0kQIaxA",24,87838,233,36,112,1
"BqyUne1vSSs",25,87832,11371,135,592,1
"-pwwEE--B7o",22,87832,2703,329,555,1
"bJTpLNFKFHo",22,87824,59,28,3,1
"MC2wuaoEMyw",25,87820,272,16,186,1
"FNKm3GV1r_k",25,87803,14956,141,1074,1
"z2FyAvKZ2Zc",26,87799,4263,45,326,2
"PD60Cs8CcLo",25,87787,290,119,338,1
"5yYafCaFDG4",25,87733,1266,55,201,1
"FUzXVjYQ-W4",24,87731,248,33,172,1
"ieYu_594VQE",10,87677,4500,139,883,1
"ZuiutGVyN_k",23,87675,15374,88,1163,1
"gMlxiRonPuY",24,87670,452,61,93,1
"cQNfsJlUezE",22,87662,11970,15,1527,1
"MjHir4H-7CE",26,87650,4897,97,658,1
"pNpQx2TlAGk",10,87604,621,12,146,1
"LkZha3CEXUY",23,87584,1748,78,242,1
"NDMeBosqXjE",24,87576,1537,119,660,1
"5YV3vtW8CI8",25,87560,896,80,985,1
"GYua-3JmnT4",27,87537,7700,95,1752,1
"ZWxC-0c5z2k",24,87505,661,121,1027,1
"XbU8N8unPFE",24,87490,1374,39,209,1
"PhnEYSse02Q",25,87467,962,27,121,1
"PSRJfaAYkW4",27,87461,5549,46,343,1
"KiquN-KIAno",24,87448,783,23,45,1
"1Jm1FH26gNs",22,87360,1262,81,558,1
"undNAVE223M",24,87346,273,157,61,1
"_t5Q-n1dAMA",24,87326,3044,60,347,1
"f1sfwYzOxAo",24,87322,1589,146,82,1
"6157PzJG8Xk",20,87312,4448,38,1049,1
"HY-E7l_Gfe4",27,87263,4216,104,313,1
"qRcVQpaYknw",15,87227,3744,30,586,1
"zbZZLML7Wc8",24,87203,254,37,179,1
"ezd3RpWiC7w",23,87195,7079,86,662,2
"hBz2-E2LKgQ",17,87116,333,66,9,1
"gF0bvI9vLvI",23,87093,502,30,28,1
"3qosYmUSUas",24,87072,0,0,4,1
"v-WcGjP7d3Y",24,87070,1598,121,427,1
"iEGZANgB5aI",24,87044,1003,171,818,1
"U2p_umPHnac",26,87044,7546,75,1399,1
"yDuqRqQEDsA",24,86882,1143,16,452,2
"9aZ4PXuZnZs",24,86881,1205,31,74,1
"iej-R0a1tMs",25,86861,1015,108,467,1
"gHwuQqGKLMU",25,86859,612,118,910,1
"vLgS9rvotx8",24,86858,4627,85,1282,1
"jf9c_NrNnhc",27,86856,3961,45,413,1
"CxQjfrKbpjk",26,86851,4095,122,227,1
"0lVPq2OK12A",23,86850,5247,271,773,1
"2Jv_z-BmdSc",25,86845,1965,25,347,1
"PRkOERE8xSw",25,86841,9784,243,2259,1
"_LaMGYVnwYc",25,86826,1167,77,692,1
"byGpZWKI3DQ",26,86814,10637,74,1429,1
"m11BH_xsdSs",24,86797,1668,5,67,1
"zRchdqwM954",24,86795,702,83,375,1
"JJrYvzWAyGQ",22,86773,1390,38,296,1
"KxQ9v87qExE",17,86755,484,19,75,1
"9nkiqSX9h1E",24,86699,3517,46,656,1
"D-Icmw--L8U",24,86698,1404,71,388,1
"D4qilTS2p8s",25,86690,1552,112,663,1
"Wa1h-Riuzkw",23,86675,1043,87,172,1
"gP4nAJnys_4",24,86673,943,24,222,1
"lxlmgsfVUhE",26,86667,4689,115,469,1
"_8IL6mQ8P0s",22,86631,485,50,390,1
"dje96dGdSyc",10,86594,1601,33,201,1
"qc_VLyxUqbk",15,86575,1146,105,194,1
"Y98FdMjOh6Y",24,86562,264,35,103,1
"gTfUxfrOTfg",22,86551,2166,48,208,1
"44aLHs6uEcs",19,86544,3503,62,696,1
"Fmcf-LjWUn4",26,86538,3607,76,627,1
"d_WLZV5_x2w",27,86493,3422,95,565,1
"W692CShdNgI",24,86485,7645,236,1361,1
"J-OJrydxVo0",25,86470,317,22,61,1
"6RCoUYexrHg",23,86453,4617,81,229,2
"a8AGreEQ2Cc",24,86441,63,15,42,2
"hjujR-XsWV8",15,86412,1667,70,884,1
"vvf7u5AU0cg",1,86383,1777,44,308,1
"Tg9ECyMwuXI",10,86342,636,54,326,2
"fZX-sil-vq8",25,86331,2880,69,1364,1
"IqvzoEXox-g",24,86326,8154,136,1642,1
"QEwp_LjaiEY",20,86324,12241,353,5554,1
"050nfjJZARY",24,86324,3492,97,555,1
"_n9NRESvsxU",24,86308,3291,41,340,1
"4aDXW26b9-c",26,86298,6615,126,1121,1
"zjuEE7x1rkQ",25,86291,511,137,128,1
"oET5srqwXGc",27,86277,634,85,305,2
"qHaH1v7ktu4",24,86268,753,29,57,1
"T51NIXk9YGI",24,86249,244,17,34,1
"LB86WK96S4E",25,86234,934,38,408,1
"JOCxEgfea9g",26,86223,6599,38,402,1
"y999fXAx5kQ",23,86216,7392,182,1460,1
"cjiPR7pv-qY",15,86205,4387,62,384,1
"Cuvwtp6ai2A",24,86185,6089,60,1664,1
"bzkoDKaHrPw",17,86063,688,42,35,1
"KFwjXC3LiwA",43,86017,585,45,42,1
"Pit2aFhyA7w",22,85993,4484,57,375,3
"ygBq80qEt5s",24,85945,1436,255,891,1
"aZ7k2LyqsJU",24,85939,3671,255,405,1
"icpZFeANPsY",24,85937,3441,70,481,1
"p3Orma1SddQ",26,85887,4779,35,370,1
"tCpAJpQdQ4g",24,85829,2162,10,151,1
"8L1Wmy0jO5A",24,85807,272,37,94,1
"3UUko1-fCac",27,85799,4613,66,522,1
"IuVzHVFtFIE",27,85798,3868,108,1984,2
"2rUjuRACiVE",24,85786,1023,17,49,1
"-0Nuw8wX3tE",24,85782,2507,30,131,1
"eWH5WS5ZKxY",25,85746,921,95,223,1
"o-vgQFtjBZQ",24,85741,47,27,64,1
"UU3Pb_Y0VVk",17,85716,1042,32,178,1
"UtWIzSuW1s0",24,85700,3990,20,532,1
"fzDhRSVf5PQ",24,85688,2867,38,821,1
"a-Qq7E7uMok",24,85676,7267,85,1174,1
"nQ1lxgv7mZ0",20,85659,3929,44,610,1
"2znBeYWMPBM",20,85638,4381,65,2684,1
"hHcInn9TmXs",2,85619,369,8,52,2
"WiS0Fh8MDfo",24,85543,1046,98,653,1
"-st20_zs3HA",1,85543,475,20,48,1
"FgqVlqDc2Rs",24,85510,1151,80,65,1
"bGZ1xaJglLU",24,85507,305,9,11,1
"d47t8m8wJbM",1,85495,772,47,132,1
"_EGhynp8FrU",23,85493,3515,37,388,1
"Jp2CPSeerXM",24,85417,5847,348,326,1
"WlU6RRmqrsg",23,85380,2026,66,513,1
"26jwHeYK6Bw",1,85368,213,22,128,2
"Lf2mkD0G1iQ",17,85336,1067,61,404,3
"USFyCrNbdaw",1,85330,137,30,108,1
"bLBz6N2dk_U",24,85305,8804,908,2180,1
"luqIUChnxh8",23,85300,7252,32,1159,1
"Bv23iGS7MIo",25,85245,839,104,241,2
"c5lS5C13sxA",25,85240,311,131,1,1
"vcc93a_2ODM",25,85231,2968,95,683,1
"-giRf8YAu30",24,85217,1900,27,104,1
"DV4-6BKyWcI",20,85216,1775,49,299,1
"nouYuX3Waa0",25,85182,1919,219,1397,1
"fCwOAkYRx94",25,85153,689,40,492,1
"hPlkLFgiRBw",17,85132,972,36,290,4
"qLxfqXRHup0",25,85127,586,55,256,1
"6ixLSd7vxts",25,85041,341,208,840,1
"ZYPUWUo02u4",24,85041,549,43,494,1
"-cIqEbYFPck",24,85005,553,119,128,1
"Ni5NWjOxXp0",24,84996,1091,13,134,1
"HaUuRMt9vdA",24,84982,1117,74,664,1
"Pl_TJHihEBI",26,84973,4229,29,568,1
"IcHfAZ1IzNI",25,84957,933,125,1123,1
"Oj22JVi762E",27,84949,9510,77,382,1
"6-UY7WcLzmY",24,84947,2772,59,243,1
"ZxrGdrZOScw",25,84930,1231,101,232,1
"d7xz4pnfH4o",23,84930,12290,55,678,1
"cvhvjmR_zwk",24,84903,1075,137,966,1
"Kocwh6WySvs",24,84872,520,60,68,1
"3fnnpKHhld8",24,84868,57,29,69,1
"anm2ZOhFcvA",25,84829,527,64,121,1
"OGujQjhi6Bo",24,84828,931,30,183,1
"g-lFZObPxIU",22,84820,12452,43,676,1
"8N5ykDVT9Dg",22,84791,1313,72,671,1
"VqKL0aq27KU",25,84777,1226,73,605,1
"MTKfoUZ1sws",25,84768,517,69,92,1
"Flsg2al8bYg",25,84759,565,84,130,1
"OKWu4Ik429M",24,84733,995,128,146,1
"gjUdBNqH67E",26,84723,3433,253,1032,1
"y8Ir-WxLr0g",25,84721,1087,22,353,1
"obywWwAmiEA",25,84720,8076,121,2172,1
"4AvxOFGoLXI",25,84700,382,117,955,1
"MHJij0ql0Qk",22,84636,3001,48,682,2
"7wavUI8EnaU",24,84606,911,16,444,1
"tQqEeepdD2U",10,84605,4338,268,333,1
"BhkY754pCos",24,84557,599,122,155,1
"Kcr8ukhV2ug",19,84517,4565,38,645,2
"hpAWbuqMleo",23,84487,5175,421,1102,1
"zuFxrp-qu2g",25,84454,2167,163,751,1
"GlWq1-t6n40",24,84403,5764,42,1318,1
"6DMES4BMZ7c",23,84395,2522,45,87,1
"WULjbKZAtyY",24,84356,4691,517,854,1
"wVbjNY7H8lk",25,84343,3045,269,2133,1
"dGaNRWDOQgg",24,84319,91,10,60,1
"VW38tyCVAUY",24,84315,1087,57,131,1
"M-EPiVSlWtw",24,84308,3535,147,572,2
"U-Blm2Tm4Og",25,84308,923,31,256,1
"P4leT4uu1Mg",24,84295,569,73,82,1
"lKr5jXSrNpA",22,84289,263,53,314,1
"OPdhpE6xr38",24,84245,6508,69,1082,1
"sWwmilrJ-qU",23,84210,7554,104,1928,1
"wtTxdBsd13k",23,84126,6672,88,432,1
"wnUzCr9-i6c",20,84114,6241,46,1746,1
"mkIEEahHZz4",24,84086,1419,10,232,1
"3B9KNnMmotk",1,84065,2218,102,1350,1
"itOFbuOXpko",22,84064,572,87,647,2
"qgK3Y_L2t0A",26,84046,4017,41,428,1
"eTmRP1cO0Dk",25,84040,300,32,545,1
"kbws6ZYEXRE",17,84003,385,54,552,1
"TkS4ak31htY",22,84000,942,71,209,1
"w2WysxOG4Ms",25,83944,0,0,357,1
"mEPP2pqLJsE",26,83942,3028,69,298,1
"PJNrovkVG1A",25,83941,1257,95,974,1
"N1z-qU2kj8E",24,83934,494,61,90,1
"Mn9JX8eE-fA",26,83884,4415,71,977,1
"tSGBoE-ebq4",19,83884,3631,34,486,1
"_J7ert1AGYg",25,83876,758,17,87,2
"qGpe45bRZlE",24,83868,372,56,56,1
"6eW1YlXeVDE",25,83852,2782,131,843,2
"0RGXwheBv7M",24,83844,578,44,325,2
"FigGN6fGdZo",24,83840,1509,322,470,1
"9qzbZuj75aU",20,83741,11661,264,4276,1
"kaowDZRkDao",24,83738,786,25,103,1
"xda5VESj6eM",24,83733,8319,1998,2427,1
"uWup8HSKuWA",25,83728,429,81,48,1
"3MSQnDlAqWE",43,83680,610,63,71,1
"hsq1zbrxaSU",1,83643,877,52,203,1
"3RSL5k3yZOM",1,83640,3987,100,388,1
"dixzcSGVONU",22,83582,2148,102,215,1
"gxEs8U8a9RE",24,83572,1007,86,735,1
"TKSlH-1XZho",26,83571,2193,108,414,1
"fzS-_6oQKrs",24,83527,2611,49,419,1
"GcwV2vMtOR4",24,83519,4697,31,865,1
"NEy3-ikBJvA",24,83517,1316,66,93,1
"bMWIDBnA6Z4",22,83499,4714,120,1163,1
"FfOGxRUoVMw",24,83499,352,12,35,1
"2IhCbkaaQ-Q",22,83473,6034,107,872,1
"d3rgsDZ4-qw",24,83414,391,60,66,1
"UvBG_kbzm4w",24,83365,1064,92,142,1
"BrwpQKUBDp8",24,83356,595,64,144,1
"DrY5z1LjZBw",17,83348,496,47,154,1
"yF1CD-59E-Q",25,83321,503,77,90,1
"UHj6i3WE7fg",24,83274,4000,198,706,1
"ONBHTpoqQl8",25,83243,2238,122,843,1
"PCs5wrVFJjs",24,83227,2233,266,0,1
"_u9jjcbgMpk",28,83215,8391,68,650,1
"JczzDGg0W2c",1,83191,4351,30,883,1
"tanME8Jkaxo",24,83184,1936,32,302,1
"F5FobXrvY3E",25,83156,3839,102,1646,1
"H81gR86nnIE",24,83138,499,29,51,1
"aU3zW0KDB5U",22,83070,5721,42,664,1
"5MELgeuSyN0",24,83057,1330,25,95,1
"J6TRJ5ShyK0",26,83022,2282,94,191,1
"UnrIkaPnl20",19,83002,3575,39,560,1
"a87btDiR7YA",26,82993,3907,62,359,1
"ivN75StAApo",24,82986,1142,82,142,1
"HXxIXoh3M5o",24,82978,837,34,242,4
"0AQ2nzJGs50",1,82953,83,20,59,1
"vVk-27i0dWE",24,82894,470,73,263,1
"rrsDASImDVI",24,82878,740,22,337,1
"G-EcVsICqyA",24,82872,1284,64,1208,1
"h3unKklAlng",24,82849,2540,66,347,1
"-jtb_zwgEaI",24,82844,2870,62,469,1
"W1WFS4fQ3No",26,82841,7714,79,1084,1
"-wcvKNKZJbg",23,82827,12399,149,1846,1
"w3JWNPcspoM",24,82810,2585,35,483,1
"HoXUEwtnsgA",25,82756,329,234,1225,1
"F5BUoNJy0-A",24,82749,2543,81,1986,1
"d06YAUfj_yg",24,82704,269,17,87,1
"INotkJxL_Bs",24,82696,1037,24,565,2
"0TuYag60_-8",24,82685,3696,23,245,1
"uPIQ7YhE4cE",27,82642,4278,239,537,1
"rPs2_MSjUTg",24,82633,3172,30,336,1
"t_icGQsNlWs",25,82596,2297,125,941,1
"Pl_BHQOCFDY",22,82591,3136,79,264,2
"_Y4DNYTKBxc",24,82580,2766,70,338,1
"sxVNS_f7CQE",26,82573,3243,43,144,2
"i4n0kmyb4WY",19,82569,3634,44,440,1
"fWupVG_7AaA",24,82548,450,33,98,1
"ESnLHfRSXZ4",24,82535,3144,53,1146,1
"Mkmom9xaDrE",25,82508,883,25,299,1
"SD8wZfHpraw",25,82505,724,79,174,1
"oWDBskFP2BI",20,82496,2492,272,758,1
"b9C9A-jFP28",24,82487,1691,40,228,2
"MMwhybA7U3Q",24,82478,738,117,578,1
"P-BUFrhc5WE",24,82457,3509,44,516,1
"k_3rgt-h328",17,82447,728,30,216,2
"nspGMcDjCKM",25,82438,2996,56,1257,1
"2XIMw7XtPCg",24,82389,60,17,11,1
"ScmKH30NTxE",24,82387,2198,13,207,1
"pfzysHOVJ40",25,82347,1095,64,950,2
"WXHP97jt25A",24,82332,4890,84,575,1
"LZToqNVGMoc",22,82319,580,76,444,1
"zrHecEkbcDs",24,82311,8048,555,2010,1
"UfWHPoTN_Fk",24,82280,11716,278,1774,1
"Aem-QQ6WYdo",1,82270,958,22,98,1
"ObUPAe23EjQ",24,82218,2323,57,312,1
"nkjL1NuNWrY",10,82206,0,0,425,3
"ti57TfLxg5M",24,82177,1053,58,167,1
"kTjMqEJGutY",25,82167,305,49,36,1
"swlJB91lNIM",1,82132,106,41,106,1
"07VXWXXYh8E",24,82044,261,26,84,1
"dmohxy_bvZA",20,82041,1670,63,452,1
"oQuX1_d-hik",24,82016,1471,22,255,1
"bWnMUeBpOpc",24,82012,5966,45,845,1
"7HVyFG5g7XA",25,82008,2087,87,992,1
"JOWei2ZXObo",23,81962,1291,95,232,1
"Lo52BObqCds",25,81949,3729,567,3483,1
"Z0N0q9hsdvY",22,81940,5647,27,786,1
"Mcd-_YEdYDM",25,81927,3108,426,1549,1
"KM6DTC_i-8s",22,81916,4687,112,1765,1
"dQDf0E9oRbA",24,81912,602,72,122,1
"IzaHDSDihdg",24,81873,4420,87,1179,1
"Va_x8Uio-gs",24,81866,229,44,106,1
"bns45bl1Bv8",24,81847,3278,37,396,1
"Yj8D7HU6tNA",24,81839,800,49,70,4
"HvbTGXRDfks",25,81815,1680,116,221,1
"W2i-eOp0qSQ",25,81790,677,95,695,1
"eICFR8W3wp8",17,81782,321,11,52,3
"AmaaUH5uqq4",25,81777,1913,54,1274,2
"AQ4Bfx1_Yk8",22,81763,1112,34,342,1
"Qf1xyI_iKWA",22,81759,5896,166,864,1
"ECN_YxBk-o0",24,81757,520,66,74,1
"UZijPRDxpQ8",1,81749,3505,49,541,1
"NJ6xoxgN1Yc",24,81746,2174,46,332,2
"Tlgr96mhAGc",26,81728,3470,63,456,1
"yjePBQ12BwM",22,81701,1017,60,192,1
"W4KZtpLksc4",24,81640,622,62,131,1
"GQbOaYY8Lgo",24,81595,1594,33,251,1
"odIrkNkH8Eo",25,81555,8716,177,2568,1
"yMxJ7ZCd5eg",24,81539,2623,91,674,1
"MS79zdRbWkc",22,81529,5324,36,1432,1
"tnawnuAa8zA",24,81505,2869,95,135,1
"PyFMn1ZBOj0",24,81505,1078,16,40,1
"-olA_5uClWA",26,81485,3330,72,587,1
"9H6zTiYda5s",25,81484,3378,37,587,1
"JMS0a_mxgeA",24,81479,1295,30,271,1
"D2O43F3gdrI",24,81440,259,58,383,1
"0HOYXj-l5ec",1,81437,591,36,72,1
"lHCXjeoiFII",22,81422,1315,87,958,1
"yRlVTYJjTSI",24,81416,420,65,98,1
"OGJcuTFp7Ns",24,81411,930,77,261,1
"YIiFjONHEp8",17,81401,265,11,119,1
"3n6rpy9a7YA",22,81375,4638,231,284,1
"HiPUKqPGGPg",22,81362,333,76,403,2
"DjrVgjxafyk",25,81344,2573,465,2258,1
"UfyU1D5HNQE",23,81281,5505,978,784,1
"WgOdQJIcCEw",24,81246,413,63,70,1
"ZAVpB094Clc",1,81222,1128,560,218,1
"6MQ5KA_uIas",20,81201,321,71,260,3
"92wqd-qebkc",26,81174,258,119,285,2
"rysrhWszoho",22,81166,360,70,201,1
"7nQTOn_UBj0",23,81144,2263,52,74,1
"iwbDEyGyIIY",24,81135,1086,112,150,1
"8Syag1EJ5tc",24,81133,6891,143,765,1
"oe1UJSyR3nU",24,81097,2772,68,253,1
"4qLDHfLbFK4",25,81095,1486,125,80,1
"uIPl5FUuQBQ",25,81076,765,80,710,1
"hJdg26lm5sQ",1,81038,104,11,73,3
"ONKILwxOewQ",25,81026,1095,37,319,1
"x7HzXlEGaMo",25,81017,2006,73,636,1
"VWep_AJXHtw",25,80998,1516,88,464,1
"jIc_rykgq3s",24,80980,854,65,116,1
"huuKJlw4-ho",24,80941,1556,38,271,1
"t1-5-i9d1dA",1,80933,80,16,112,2
"34JUKU3kztk",26,80915,5460,124,286,1
"VobNYohtEj0",25,80910,1915,207,846,1
"1zPD2H2FIRI",1,80860,2031,44,258,1
"hs9NyzKdH0A",22,80821,420,54,318,1
"zmksQTVs_vU",27,80815,4887,49,416,1
"8o39H1tgQH0",1,80808,795,36,312,1
"CrIqeEBtos8",25,80806,40,182,89,2
"c7qmiIThD7U",24,80804,516,66,90,1
"WOikvp9uRpw",17,80746,299,38,239,1
"kRYxmSFdTpk",23,80742,7860,34,278,2
"4UnfXpK_LdU",24,80717,944,24,165,1
"sGolxsMSGfQ",24,80685,1701,99,1312,1
"3tCs9XuJOd4",24,80671,2134,120,930,1
"3yU5aB5dlhk",24,80647,2367,161,129,1
"Pb-cX1oP6-w",24,80646,10688,393,2245,1
"BSitS67ZQMs",22,80644,5519,132,1487,1
"K_i5p83OxZQ",24,80638,2809,39,449,1
"qewwlhlSLVM",25,80638,2620,44,212,1
"rnOFqIoKtB4",17,80635,560,261,666,1
"03Utw5tbLf4",25,80630,895,65,1014,1
"RNmTqX1c184",25,80627,1965,72,451,1
"dWVHJR6Jg44",26,80612,9856,30,427,1
"ypbcYO55VIo",25,80592,373,63,120,1
"pesRlYUi4jk",24,80589,912,42,118,1
"GyxsClOeQl4",25,80586,1582,1752,3028,1
"X_SHRG895vw",25,80572,857,38,489,2
"zz-0sqP-lvY",17,80521,589,54,304,1
"NqL7EeYTd9s",22,80510,2858,104,1530,1
"MOA2xnQ5HKY",24,80479,414,95,54,1
"sR44xCRfvfY",24,80467,3991,36,707,1
"S4vxoP-IF2M",28,80436,5844,41,561,1
"edwCJ8KVW_c",24,80434,6202,34,496,1
"zZlS9gObZtM",24,80430,651,41,218,1
"ZigSQCitlFA",28,80424,5693,283,2462,1
"08Sur-awjyw",23,80395,694,88,86,1
"fo-ewLaps9g",24,80361,4398,226,685,1
"QQP2sAWgGAg",25,80353,508,69,519,1
"yT3bJqoJplo",26,80329,7977,89,496,1
"QeZqaXdqu60",26,80309,3217,58,255,1
"8P0T-hFYHec",1,80264,665,7,41,1
"k_YtadXMmD4",23,80212,285,4,15,2
"E44XVDnVC6g",24,80194,631,207,178,1
"KQhbaCAbz-w",24,80156,950,84,413,1
"PtwgCeKMhhY",24,80126,2723,45,305,1
"ZK45Ddi6u8g",27,80099,2155,105,618,1
"h9TsjZVi2eU",26,80083,4358,76,473,1
"pNFAI4_ITEs",20,80081,3248,95,224,1
"5bgDjoortrw",24,80075,58,25,15,1
"fQ8hYlK1_fE",24,80068,2481,155,313,1
"m0ihku6sxUE",24,80059,512,10,111,1
"K1KPLPQroS8",22,80056,60,13,102,1
"BX_0-SoMDcg",23,80052,4191,63,425,3
"Z1Nl3XFjgw0",25,80036,861,22,162,1
"OFhVwXzYA6s",22,80025,500,71,613,1
"n969zB4AL_0",24,80004,3079,115,426,1
"RDSZD-IGAbA",26,79997,4652,146,227,2
"V-5u3-u2uQQ",25,79992,205,123,679,1
"1Ju62prwtys",24,79972,1073,53,140,1
"W4QhPfFhkMk",25,79950,369,43,42,1
"zZGT44lHeXY",25,79932,3535,225,1669,1
"cXgLFgH37OM",22,79928,8609,55,486,1
"Q2EFMOEOdiM",10,79924,2826,137,471,5
"SEbbHH-7mxo",24,79915,3996,41,1091,1
"0J5o-gCzlZw",24,79912,652,207,230,1
"yFXfZHMEX_k",24,79900,858,28,201,1
"BO0jkL1oWjg",25,79882,1038,65,377,1
"gbgINGs7XEo",24,79875,0,0,129,1
"3jHniGMZZpg",25,79874,382,499,794,1
"6k6amyRmeck",25,79871,2153,78,812,1
"mUF99_IFBoY",22,79868,181,50,188,2
"Zt8aq-TOk8I",22,79868,1026,32,394,1
"krkZXnGysHI",23,79867,3755,48,470,1
"P-i7MX2fdbc",25,79847,489,59,244,1
"vHoXXJBDBtg",24,79847,1062,11,151,1
"d_R_7jp0u1M",10,79833,1151,147,356,1
"DJJx_k4vyhQ",26,79822,3450,21,354,1
"qxQ9K8BJ2vI",22,79798,1914,35,266,2
"gUkB5Kk4WAA",22,79746,3282,62,932,1
"UNLChRv7jHo",25,79728,394,82,10,1
"RvzEZfk3ld8",26,79699,5569,36,298,1
"i-PVtYfQutM",25,79686,493,74,278,1
"3kHC304OGvI",24,79647,3158,156,2539,1
"0DU5AoQhx3Y",23,79624,7118,80,1181,1
"knFODQj0rm4",24,79608,365,13,30,1
"hUPkrHpPRYk",23,79578,2599,31,163,1
"ZrQ90r8qqxI",10,79577,107,97,8,1
"8LL55ZE5OGM",25,79575,364,76,300,1
"UCraFk-81dI",1,79559,2032,56,232,1
"hixQHBtQtTY",1,79550,122,22,106,2
"26AKp-_IpIU",17,79544,264,46,68,1
"p-Ysd2s8tzo",27,79541,2776,320,699,2
"0a44QWdC0GQ",22,79540,1169,77,313,1
"my757mTNnNk",24,79515,1692,67,613,1
"gyBLJm10JkI",24,79502,347,30,64,1
"gpvObg5H61M",24,79421,5379,74,665,1
"kqnVUhCedgo",24,79406,376,33,222,1
"PDOHyGYvcoI",25,79381,2780,114,2271,1
"fbaZrQeVGjk",22,79360,5118,39,384,1
"wwC6h3QrGlE",24,79341,3574,89,358,1
"J3FDD4f-cqw",25,79339,407,55,136,1
"S3MY5qB480k",24,79330,5006,73,583,1
"BGRM-KYanuQ",24,79326,2599,77,751,1
"_v3RcfYWbIc",24,79323,5829,111,122,1
"6oGKnE46GIU",22,79283,8703,19,561,1
"ygJzW3kqo6c",24,79247,0,0,133,1
"GTNHqpL0N2g",23,79246,801,17,93,1
"GBsoKbzNyu0",1,79246,1029,17,90,1
"XYfZRuuI0KI",22,79238,1486,56,384,1
"wxGBpFTP0Ao",24,79212,1891,297,331,2
"ZyvDg_QGza8",24,79163,681,66,181,1
"fcN4ywzW35o",25,79135,315,46,290,2
"VzaOlaYyCmw",1,79117,13496,79,693,1
"J19CqaXkniw",24,79093,1133,132,149,1
"w_xTA1bu8Uo",17,79086,738,50,661,1
"4oQ3LzDv52k",24,79079,1258,120,191,1
"94My_TRwWRQ",26,79077,4276,60,542,1
"q9hQ5al0kaY",22,79064,223,18,32,1
"k7uhe91wGUE",25,79058,1366,121,1001,2
"sXCcvPorJ9Q",26,79050,5168,29,457,1
"89D11Bo4-Yc",24,79039,953,17,76,1
"0ZLwaSShk8M",24,79038,2497,33,404,1
"WBItqPDYsuM",22,79007,596,101,383,1
"CMg6oMUcBd4",24,78965,708,122,418,1
"BMfnoK32XRo",17,78947,262,34,28,2
"TNfIGtZ3k1Q",27,78939,4209,40,593,1
"dBLWku2FVBk",22,78937,1441,90,159,1
"LBeOQlKpM8Y",24,78936,886,31,117,2
"h7j9jbe_pEs",26,78911,5059,116,218,1
"2H5OLXbWMws",24,78865,4810,102,752,1
"68PyBpxcpWA",22,78817,2724,42,349,1
"ia_QG01Dzk0",22,78814,1240,85,104,1
"GdFm50yJF94",22,78782,6995,103,385,1
"1mMrGEQ8oRs",24,78751,1183,96,116,1
"lvyMngBdlOY",17,78724,4205,29,458,1
"glKnCp5hl-A",24,78721,43,20,39,1
"2F0qRI_U_ls",24,78696,379,60,83,1
"Tf_Wcnyaak8",25,78681,5364,686,1065,1
"0FIJFl13H-I",22,78677,1032,73,204,1
"jAJQaSVL0nA",24,78613,40,18,8,1
"wOy8x3ZaF9A",24,78598,5758,44,495,1
"9k2sr1CA4Uk",27,78577,746,397,284,1
"jZoHuMwZwTk",24,78574,5750,55,2016,1
"OxDgSTsKtnI",25,78570,2253,66,929,1
"naL_bKFX8o8",23,78569,6166,61,493,2
"gI_5fzt27kw",24,78562,639,111,461,1
"GuWu5iji3s0",24,78468,2245,228,0,1
"JhUdkF6QF7M",24,78450,3339,86,714,1
"wCWUJvqJ4KI",20,78449,3392,74,201,1
"j-T-oqkVWyo",25,78353,651,234,392,3
"_Mzd56ceVC0",22,78313,1255,28,69,1
"VgA1VYesqhE",10,78292,826,96,161,1
"l3DYG3KA9w8",24,78290,296,41,49,1
"Un9JRbRKQqU",25,78286,541,100,312,1
"Gc6L0fZ91jI",17,78285,165,48,38,1
"hDj-bfMz60w",24,78271,2794,47,383,1
"ePqaDqXuygI",26,78242,4970,98,1100,1
"R5s5so7qoYw",22,78199,3204,128,1340,3
"5IKpgZbpnJQ",26,78190,5856,64,883,2
"SSLxfJ9rWeA",22,78178,65,64,24,1
"PcrVm1qEJyA",26,78163,7975,82,956,1
"oV0bAlDFaGw",22,78146,862,44,0,1
"geHoqpcoiw0",10,78141,46,61,2,1
"-lTs1EoCwLo",24,78135,829,112,95,1
"e0G0jyQyyIM",25,78112,3372,38,980,1
"L9z8TEd4Hl8",25,78105,28,12,20,1
"nmYAkzSQcTs",22,78095,929,78,239,1
"lG7_wZVAwAI",24,78043,1187,15,200,1
"23jdVoB6E34",25,78038,1668,124,706,1
"_iM_ND82eL8",22,78034,4605,63,381,1
"wG8i67b1cB4",22,78032,42,15,9,2
"78qa7u85dyg",24,78013,35,9,11,1
"JGUePngk1SI",25,77989,917,50,353,1
"Td511eJQQF4",26,77984,3743,105,373,1
"SvlBBxUdpU4",2,77980,472,28,301,1
"4nftJDKoKmE",25,77944,2166,101,273,1
"S297Bixe5-g",24,77940,1262,87,414,1
"Qa2bfVP6ChQ",22,77912,4196,74,913,1
"xhuR8ErlkI0",26,77902,5878,61,1027,1
"lx3kE0c0bgU",17,77895,217,45,34,1
"avc2Xz_JBAs",24,77884,814,119,617,1
"XU0RswLdTAM",25,77835,1514,324,669,1
"3uUTgPQpPFw",25,77819,447,43,565,1
"1Zp_x9BSVVA",22,77810,311,39,82,1
"LG2i7wcHeK8",24,77808,108,19,76,1
"gBe8Kp0bmU0",17,77797,721,36,297,1
"IbR788MUadQ",25,77773,3913,128,1530,1
"sdg4l0xHTE4",20,77735,4904,206,2375,1
"5S00LmWi9AU",26,77733,4542,60,431,1
"DBS-xQ__7a0",25,77703,6179,133,1828,1
"DCkhkkb2nqM",22,77697,3241,121,1000,1
"cWFCEeCMJ0E",25,77650,553,79,448,1
"7Jgkk90XtRc",25,77626,4106,161,1196,1
"NZVpbwz6kPk",25,77546,1207,113,292,2
"9zy2YI7bk2o",24,77527,913,65,197,1
"lRXjU8xLFhM",22,77517,47,35,83,1
"p2OwJfkWW8Q",25,77495,200,65,0,1
"YAIDvgt5S7I",25,77485,358,43,35,1
"8XhbgCREDn4",24,77481,1483,117,331,1
"ov7SCivAo5A",25,77476,712,68,542,4
"C7lMZ4NVAO8",24,77472,100,19,139,1
"iLJrG0hDI-8",15,77470,5544,87,579,1
"eQ0Xopk_1Iw",25,77442,672,34,396,1
"5vr-noXVEPs",25,77418,2030,41,429,1
"mOdZkU5-rfg",24,77392,2115,224,424,1
"cB0EsMFz0ns",26,77380,5647,73,459,1
"tEQjxa5SQFE",24,77374,1555,142,378,1
"r8orqWWRGF0",24,77329,4869,191,810,1
"UXeV61ma3cA",24,77313,774,30,207,1
"Bywqliyisnw",24,77304,648,28,399,1
"HQ05mj3s1Ls",24,77276,638,22,0,2
"95qPJ2YqUAc",1,77275,103,24,59,1
"fkdvHo6tYM4",25,77248,2709,147,1189,1
"iDqQSXbjCIY",22,77246,250,113,371,1
"5eJ_AiFbLVs",24,77163,1710,28,0,1
"6LZZEwRBOmg",22,77158,7607,46,485,1
"JZ-h6DpvB0M",26,77155,3930,77,460,1
"wqV070b25GA",27,77111,3823,44,780,1
"R_EJLcU5VZc",25,77016,315,134,247,1
"27Pe0nWZRdE",1,77014,146,21,163,1
"ud8vIRTw3Cc",24,76996,1709,55,0,1
"3aSIX8SZo-I",24,76996,1491,158,602,1
"xjVBTlmBb-I",25,76987,361,99,0,1
"n2xs1NEclYY",26,76987,3491,13,294,1
"zgK4F6NW32s",27,76970,3488,80,822,1
"iUeMujmL-fE",25,76947,860,94,679,1
"3B4a2XrldIY",25,76935,5798,1267,3527,1
"uiMAVMiLgeg",24,76899,5302,55,868,1
"4qensmPdyf8",25,76878,4196,211,876,1
"DuX-qGqCoSQ",24,76866,778,36,327,1
"ZaDWOLKPeBA",25,76865,1471,120,1127,1
"vt15FzjaMD8",25,76851,2049,101,729,1
"K1cPBahx7zI",27,76850,3200,65,351,1
"u_qiiKr8GCY",24,76826,1349,53,121,1
"DuokxFg7F84",24,76809,3356,277,332,1
"QSauCNx3zHo",17,76805,396,17,250,2
"43VW2QK4-vc",26,76783,3921,53,461,2
"QNkVT0E4T8c",22,76763,35,9,59,2
"kmve-IrVmtQ",25,76751,2077,194,1702,1
"FyUgdtjQ4BE",24,76746,302,55,58,1
"DmKvSA6RZuI",10,76720,5340,20,697,2
"rdNCDtvhPTQ",22,76706,415,32,74,1
"Qxe6hDUTPvA",24,76690,955,89,792,1
"CdO6kBUt5dM",24,76668,628,57,82,1
"eyPRDwsjCJc",24,76666,2068,61,171,1
"z_n8OeyVgtA",25,76659,2670,123,670,1
"sPaLl_GtrEI",23,76638,6344,34,386,2
"0TktsXRnAkA",25,76622,482,300,905,1
"w8v5dklUOlc",1,76572,3358,54,460,1
"wnNwZoO4gvs",27,76493,949,83,477,3
"ChUcojgJbuM",20,76474,1542,47,220,1
"AW1Ix66PTRc",22,76467,7649,50,535,2
"_92oAZwZNXw",22,76461,1706,21,194,1
"DXBsFg8oeto",1,76460,1227,37,271,1
"OOzgeepRZU4",23,76447,1639,32,164,1
"ZH5oVaxiico",24,76421,1532,20,191,1
"bD2Dle63JPs",24,76360,1045,87,122,1
"ELGydGJJT0Q",24,76338,1392,15,440,1
"YXiHNcJXGUo",1,76336,2400,103,492,1
"XwyVpFEx6Kg",24,76314,939,68,159,1
"jVdT6jBRYqs",24,76300,1266,62,410,1
"YJ25apqV-C8",24,76297,1032,67,56,1
"7QoPKZvVVAE",20,76278,4228,46,1578,1
"JaY2_lpq97U",24,76261,312,66,59,1
"rNZepW-0GUs",25,76256,2950,143,532,1
"oCPLcZ_tneI",24,76255,1276,51,83,4
"SQrJQAk20hY",22,76240,5438,69,4701,1
"ZvKS6Gxx5sE",25,76204,2138,141,855,1
"9xmfPGmIOdo",25,76172,960,25,210,1
"SrWCYbOPp1Q",23,76113,1054,99,239,1
"M8J-d8qzk6Y",25,76085,333,114,548,1
"4I5R1Y55kaA",26,76067,4540,63,527,1
"UPreIAuBmRY",24,76001,50,19,10,1
"ANX98DKD5Ok",22,75953,307,60,64,1
"o_Ud5I3mko8",24,75884,645,124,184,1
"uh0gAmszVyQ",24,75881,935,39,280,1
"iO04CCzoHCY",22,75869,534,92,196,1
"O5RTJn-JsEg",27,75865,3484,74,899,1
"_vRKMmb01WQ",24,75857,525,403,979,1
"RHGXrJ-gpSY",24,75839,924,18,322,1
"o2vVFj4vPgQ",24,75785,2247,45,379,1
"D_a5pY7wudQ",22,75753,293,54,62,1
"RrW47fEYrwo",29,75746,2071,114,100,2
"RFxuCurY1Bk",26,75714,5651,26,445,1
"VVQGLHkjb8U",24,75673,1079,65,291,1
"uynsDVvYin4",28,75658,319,81,96,1
"wn81bFCQJc8",24,75602,5147,540,1058,1
"8ExgCZZF5c8",24,75574,7856,661,2404,1
"PQUPqDGm3ww",24,75546,315,89,119,1
"BcZTeKvdeRI",22,75544,3842,41,1077,1
"3UZQoZx-0SA",23,75542,332,5,14,1
"VfYJEnKry5w",24,75537,1445,27,118,1
"zE3RFP-EJho",25,75532,332,88,366,1
"4bz6J4tQTfE",22,75527,60,39,100,1
"3yU7w30233E",26,75487,4039,58,332,1
"M6ZxukkfNts",22,75483,7399,63,361,1
"Z6DpdCkUvQc",26,75479,3242,63,464,1
"48Y4F3Q8D20",24,75476,859,26,98,1
"Z034KY-7zTE",24,75455,481,100,90,1
"lEy2XcZLyJc",23,75399,3877,123,885,1
"SDqeFQKOyrM",20,75399,2454,38,399,1
"ix9GNmWq8bQ",24,75384,213,40,59,1
"jf69bmCkts4",25,75363,3631,524,2850,1
"9cqysDQgAew",25,75361,2701,88,752,1
"DuSJmGiP1sA",24,75342,40,32,54,1
"wu7e4xPWaOQ",26,75341,3762,73,447,1
"VxX1Wgncjvs",23,75335,4071,336,1148,1
"lB1t4cZZmHQ",25,75332,1911,92,351,1
"VXUFy2ZSnSk",24,75315,1411,23,114,2
"DjzB-pDlqtg",25,75314,582,80,352,1
"4OKlkO8PkIs",22,75299,395,2,25,1
"MCQYL7uAK1E",22,75247,4721,46,852,1
"74_DIg1cQJ4",24,75236,1412,172,1162,1
"wfMan8d5240",24,75217,2747,20,159,1
"KESisesUtZA",22,75203,890,53,155,1
"KmnElitrt5w",22,75193,724,90,282,1
"Mw9jv5KMXBM",24,75171,854,86,101,1
"xe59lto9Q8I",25,75162,3352,77,1288,2
"YwLnw9It9d0",24,75156,80,16,13,1
"1-JIpSl4MZQ",22,75153,3531,279,229,1
"W8mkksk1Ouc",22,75139,6790,40,522,1
"j_oXVv-oAPE",23,75130,304,41,84,1
"7x87vZMM_fA",10,75123,1353,213,0,1
"z9GTRwjpZLo",22,75103,2650,160,929,1
"G_ZKYIRhb3Y",17,75046,913,18,42,5
"x35ZQ5xgwqc",24,75005,793,39,0,2
"5LT0a-FXigg",24,74961,361,76,45,1
"HouMpVypBrc",24,74956,108,30,94,1
"HzR47GZThDY",25,74953,1722,87,1109,1
"qI-4-hA4NtY",27,74945,4178,71,349,1
"pT80f-O4MpM",17,74940,1103,8,68,1
"FYIfW3bSwHQ",25,74934,219,32,79,1
"HbgHz2nYayo",25,74925,912,14,174,1
"YTMVH931kNs",1,74896,431,44,42,1
"hDmN6QbElDw",26,74896,4456,40,393,1
"eRUoMFfQqoY",22,74879,248,63,134,2
"56lBDsUYrBk",24,74878,774,30,162,1
"1YOKB-bLaPg",24,74864,626,47,183,1
"YYD6Z_l0vIY",22,74844,664,36,142,1
"Jirh8pzKh8M",22,74838,500,42,90,2
"wMPcWWrcshw",24,74801,862,83,150,1
"67MLCmZ_pOc",24,74793,51,27,56,1
"EI2SIpKgfS4",22,74779,1181,68,648,1
"SWHNXV1C3N8",25,74777,97,5,0,2
"HVKOL2UfYcs",24,74736,904,47,111,1
"k7l-CdJfgwc",25,74709,1046,69,690,1
"dNdFWYmZCy0",2,74704,800,7,6,1
"5UUqle1pJdE",1,74696,195,24,226,2
"EkWUtZYO-Fc",27,74664,403,62,573,1
"X2sjoQY3zSE",22,74646,4073,112,909,1
"gK5Fd8eT-iY",25,74622,1242,79,325,1
"897icGv58TM",24,74622,1055,63,156,1
"ZmSXVPApUfg",17,74616,4159,10,557,1
"AePg3zssuEA",10,74601,3629,65,476,2
"WaM8nuqq0pY",24,74600,480,71,98,1
"qCVDqzcdw-s",28,74589,457,31,32,1
"P1L2rFr5n4k",25,74577,680,232,798,1
"ifTVbjGoon0",24,74538,793,14,236,1
"rdCCebg8gtE",10,74526,11587,51,1366,1
"JCJUECVo2O0",24,74505,569,55,126,1
"G-PDcK6RCQk",17,74486,544,68,373,1
"YzqPokWu_6o",25,74419,2385,50,498,1
"3jRDH1hSnpM",24,74406,1680,14,88,1
"nUfr195i_54",24,74373,2987,20,312,1
"I-S2aGX8NRs",24,74360,2903,98,1424,1
"Vm5vWpeZ1U4",24,74356,2379,18,201,1
"Rumd8Pj6LMg",25,74343,2303,72,521,1
"mIXYmE74YA4",24,74325,1082,11,161,1
"QM6d3ADqYgA",25,74323,1369,101,424,1
"4wUtAXpjAKI",24,74279,0,0,151,1
"7AhWb8c0kXM",25,74244,3246,159,111,1
"YRmmy6NQmlE",24,74205,584,121,208,1
"qTYCtgOr_8I",22,74182,5325,83,1292,1
"kbrFdAdSEXY",24,74171,14473,402,3815,1
"h0i0s5V6QXg",24,74157,1056,35,82,1
"1D1STln0NiM",24,74128,839,62,114,1
"328NUsKbug4",24,74110,301,60,56,1
"dCFCpgrq7HE",26,74084,3836,53,401,1
"VHHKTcWnnqo",26,74080,222,35,548,3
"kigAB1rAtpg",1,74074,98,27,49,1
"SDm_BbLmVr0",25,74062,1616,131,983,1
"xzLn8PSqFQw",24,74061,6344,339,536,1
"2vOZZ4w2fD0",17,74036,1876,1694,889,1
"z08WBje5-G8",24,74025,1364,24,156,1
"KbLaihSKNts",22,73999,788,55,169,1
"T4cJTv12CT8",25,73869,2612,314,2469,1
"l5eUqh2K73o",25,73849,2047,124,650,1
"Ivck-Ao0ZgQ",24,73828,232,38,94,1
"vi2UdG_XjRc",20,73802,5219,61,474,1
"zDfKkk-GSXU",22,73769,450,61,517,1
"7nQyBdJVd_I",24,73729,1139,15,186,1
"m3CN_fnkLhI",1,73700,111,30,78,1
"YiT4Bpv2mpo",24,73692,542,261,338,1
"lQbd8jqQdeI",43,73685,350,81,185,1
"IR-J27Fxjxw",25,73671,2509,45,285,1
"E2j9xhrOjUE",22,73671,1268,100,120,1
"ewFax1eIPqw",25,73608,673,57,359,1
"eC6endUIykE",25,73596,0,0,1338,1
"3gucQU8GLQE",24,73543,6396,251,1504,1
"eY5waAossO4",24,73536,33,17,4,1
"zV36nnkMbmU",25,73502,6380,119,1931,1
"j_-2dUvlEdY",10,73490,9050,64,469,1
"0k2m5K0A7ag",24,73465,786,18,284,1
"AXR-9tYJsOw",26,73412,3504,21,345,1
"ylcSnEtFAg0",10,73405,3222,81,368,2
"W-__fOAUomc",24,73398,992,12,198,1
"aKrIEOOkC1A",22,73340,1451,15,22,1
"ltXl9qK4Db8",24,73334,861,24,423,1
"XzOai-W61-w",25,73314,868,105,1036,1
"FjUthGK7yy0",26,73270,2933,58,212,2
"uVmdJ8iAgU8",25,73238,146,47,286,3
"q0nZcgvDouc",24,73231,48,8,43,1
"DBYch9PJzQM",26,73196,924,45,601,1
"AIERsOqQ0W0",22,73188,3280,97,581,1
"JbPnV7RZRyM",24,73181,2793,275,810,1
"28kI8kcthAE",24,73175,9220,13,1033,1
"pdpljH1Lg5g",22,73173,5140,58,874,1
"Pydyhus3Jqo",26,73129,3369,61,214,1
"7UJde86hgj0",24,73107,278,44,39,1
"utKpjcIYSCI",17,73078,570,58,399,1
"hDBfRamDQ7A",25,73076,2777,139,926,1
"LJwRP2GJiAI",24,73019,1294,18,211,1
"iXkL6NxAv4w",24,73006,2852,16,225,1
"F76cCx0zhaA",24,72990,793,59,106,1
"ObM6qdQcP8I",23,72960,3845,65,546,1
"PzIoCDKX4UE",24,72955,1547,28,157,1
"D4pdh0eTsxw",26,72945,3535,200,493,1
"tJVW0tuw0uA",23,72935,6989,184,587,1
"h2UfM0knMKw",22,72930,60,26,77,1
"ojPa_gczHi0",22,72919,146,52,30,1
"nJiXZpcDwPY",25,72905,2554,303,1585,1
"NSkjTc9j30o",24,72891,1386,66,84,1
"4FnKDaQyd5c",17,72861,318,38,14,1
"SC-ki9DdMiw",25,72818,151,20,83,2
"EfwDvt4woAI",24,72804,3232,286,461,1
"jdAtEfXgYEc",25,72798,1442,105,455,1
"Wwjl0tmEyEM",24,72797,384,33,17,1
"bC-AfkVCwFA",24,72782,880,70,111,1
"barXpiDMdGg",25,72769,324,88,0,1
"EVVRqDMS3to",25,72727,472,54,302,1
"i_c-lJ-jCtY",25,72722,977,155,338,1
"K1Uq8ehrOUk",22,72721,475,53,387,1
"amqFgIH3NXw",10,72715,3670,20,324,1
"VxyfdLosVts",24,72701,2826,131,485,1
"DssgjSAVfrI",24,72700,210,43,183,1
"GNvB8LZpNHw",22,72670,582,100,780,1
"TIs37TiZY-Q",27,72657,3360,45,460,1
"q7I8sj_3rlM",27,72618,2771,99,750,1
"lvxiRvQlXTw",25,72608,836,17,232,1
"EPFETm7WMLY",1,72607,294,34,0,1
"4pNjt0gCs0M",17,72605,473,29,461,2
"OQb-q3vYHyI",24,72577,888,15,102,1
"FyuJfBubxmI",24,72573,839,14,481,1
"Fxh5AgumnAg",25,72567,301,117,486,1
"3fzDVYNEMgE",25,72555,4880,71,881,1
"pYp0Al5XQGw",24,72502,283,26,182,1
"KZDxcb92Gak",24,72492,500,4,63,1
"XMeexI8NckI",15,72458,1415,65,195,1
"ZwG4QldqAUo",22,72457,483,40,52,1
"SY14V2CgDNI",25,72431,580,177,221,3
"6X-r4QdTGc8",26,72429,3104,39,483,1
"2NxXpMAApa0",24,72417,10572,199,1245,1
"KCKYeJxXsJQ",25,72408,950,172,0,1
"NgOUhAjVcJ4",22,72388,358,105,285,1
"I5aEvoWlDr0",25,72373,3198,1289,975,1
"vI5wrh9T4Y4",24,72292,79,24,80,2
"2m5m2fwCwII",24,72285,887,53,147,1
"1rSUygF11n8",26,72267,8777,134,326,1
"3IGzooyhoSk",26,72262,7308,38,791,1
"JdHovvb0KD4",25,72253,1217,146,569,1
"B2GySnTq4qk",24,72249,311,61,55,1
"wmyIZwL7Hyc",19,72246,5443,47,1013,1
"iHqnm_Zo6nc",1,72192,826,38,93,1
"GooGXTS6Jko",24,72156,4285,63,584,1
"w80cZy9UNSU",1,72133,2355,36,1625,1
"PvT9kn6bau0",25,72127,455,42,182,1
"0N0gjw4Cwvg",26,72125,6296,46,554,1
"Xk-ZEV1XA2E",22,72080,5811,49,815,1
"IqTPC4z-tsU",17,72073,342,12,268,1
"Zjh4i_-uBKk",2,72053,2452,125,1096,1
"BvXFO4HGVws",25,72052,6171,70,1201,1
"YcvB3cEEdJ4",24,72049,721,43,176,1
"oOLwB-wpMyo",17,72039,226,26,26,1
"tC4ZDtsi7OQ",22,72014,2274,45,733,1
"HY0uwlUI420",22,71993,290,80,293,2
"zoTxQEsBy-A",25,71986,326,38,630,2
"PtwQxrf1FZc",24,71973,1667,56,518,1
"mOIYIutWZKk",22,71968,4400,53,1629,1
"zfiGsFM7dP0",26,71932,3988,43,269,1
"rPUTtdmh3Lo",24,71876,686,70,67,1
"OPoLBmeQ5gU",22,71805,1074,89,863,1
"w_tgs52CbAA",1,71765,121,37,88,1
"8ZuX-QXaCsE",23,71741,6858,16,1519,1
"bzAYF7yEn7Y",22,71739,3008,81,622,1
"V59pKIXUQuM",22,71701,3669,68,832,1
"wF9_wG7LqjM",17,71691,524,46,221,1
"Fq8mwkddYZE",25,71686,2720,76,462,1
"AEFloYgnnKQ",17,71639,554,43,227,1
"0gNePDlG3Aw",22,71624,4076,95,950,1
"HIWxQH6EiYA",24,71616,516,73,62,1
"b-8T5wmrOiA",25,71614,2427,83,672,1
"OIIg58bKqpk",23,71608,3478,36,344,1
"9fmR0gJnU6o",24,71581,1123,21,79,1
"Vf0FZozqP58",24,71574,2289,22,198,1
"ERalk1IJSg8",23,71563,537,160,677,3
"Kd_pZwGkm6k",24,71537,2235,93,447,1
"i8VDK89xXzg",27,71485,3247,116,1948,1
"pf0eYq9FIDA",22,71474,876,63,761,1
"b7WRofBaoz8",10,71474,2892,95,242,2
"C26r5UXsHgw",24,71473,3224,60,922,1
"Xeol8NoZ3zs",24,71424,6183,26,952,1
"jzbWW3McxS0",24,71418,787,18,301,1
"HroIlEjw0K0",24,71414,796,52,85,1
"zCKlkgpTrXo",22,71408,4336,66,1079,1
"pjt9gVMz8K4",24,71398,543,51,105,1
"mHFu8ME-rZU",24,71371,1306,18,274,1
"7MroMxwNJoU",1,71362,2697,79,443,1
"uwcrZUXxM4U",22,71345,182,50,31,1
"2n2ZFC8IdOc",22,71343,3600,58,635,1
"5MI6Vzrpfq8",17,71343,626,32,340,1
"_eT90ktn2BM",22,71330,1206,12,75,1
"RO7Nfk6RGzE",26,71324,4139,85,454,1
"hkBX1Ajxtg0",1,71320,146,14,101,1
"2zCcY3ku4to",24,71281,1272,34,223,1
"9tjSk05-kaY",24,71268,230,17,111,2
"6-2L1RkbaBw",24,71249,1554,99,171,1
"4cg_IuQ0zT0",23,71223,269,56,38,1
"GCgVdw5zn-c",25,71218,262,54,128,1
"6OYIOXhVraM",24,71207,811,72,99,1
"I4ZUNdIxPXU",24,71177,2818,51,333,1
"ThcZlAqKVmQ",10,71166,16167,26,851,1
"MQxYCV8LN0k",15,71144,1841,46,124,1
"lUgosf8LufQ",27,71126,3787,32,1538,1
"dUoTrVc_nYo",24,71126,2223,29,513,1
"teXPkfD-LC8",24,71105,2421,67,223,1
"AlFZFgZt0YI",24,71094,677,49,183,2
"eLMSMs6AYYc",27,71077,2754,40,194,1
"XJHl8JxmZyc",17,71046,464,18,210,1
"QvQJ11YgAI8",1,71045,4476,115,253,1
"YAhj82UNcvY",24,71038,284,88,274,1
"YiLWFF__qiM",22,71037,2660,100,846,1
"uceMWbjhBho",26,71003,2405,144,226,1
"nyjBKQebbF8",24,71002,959,8,136,1
"lDqRoU82Ry8",25,71000,2143,49,717,1
"AR75GgFSE-U",25,70997,406,81,258,1
"RGe-mNfprN8",24,70984,3035,57,201,1
"L9LM1GmsU3Y",24,70974,0,0,157,1
"BGgPwJxAdTA",10,70961,1539,136,317,1
"9FSnKxvqGMU",22,70957,6536,24,467,1
"C1hTvYOMSiQ",25,70939,3094,143,1035,1
"rhiOWhGlFUY",15,70937,8940,32,1642,1
"Naz7Muhqtws",24,70896,2757,62,322,1
"apzaWeo1p5E",26,70822,6643,49,452,1
"UZ_MRpYnvHU",25,70817,809,17,164,1
"KcrDSlO9VDE",24,70749,1176,89,183,1
"KYCIO30ecfk",25,70748,606,91,269,1
"CeQq-W19js4",25,70732,932,16,242,1
"bQu4WvhX2cM",24,70645,0,0,71,1
"0ltpTiJ9-MA",24,70644,882,72,90,1
"WAX8tyQnTpU",26,70640,7179,58,833,1
"aHVEpQkstUE",22,70624,1302,63,784,1
"QTHrWtkQ8U8",22,70574,60,19,38,1
"G2iuPWrIkUk",25,70549,470,26,28,1
"NC-63RinsCA",20,70526,4014,49,734,1
"gdIsIMZbNSY",25,70523,2395,35,421,1
"hZM5V3GKxzM",23,70522,226,38,94,2
"lb4cRju375Q",24,70513,4435,55,531,1
"_fpyjYPnEGA",24,70493,584,125,111,1
"eDwaOTkIDGQ",24,70463,5992,44,402,1
"1lXLGwe_DUU",24,70448,1963,117,155,1
"YICUU7-dgds",22,70442,477,27,97,1
"6515NoRjBXM",22,70415,7145,30,527,1
"tSDFfiCq-eA",24,70403,1361,18,194,1
"PjnJvN0lniU",25,70354,2137,344,1925,1
"ah5i1R-mhN8",24,70345,1455,15,202,2
"xb8IW_w4XAU",22,70341,36,31,108,1
"9QI9AwpI_bY",24,70320,2528,40,275,1
"q7fg69m5His",24,70294,1106,13,336,1
"1YH5I7AfIxk",24,70294,3606,199,596,1
"ynEUqMRgM7g",24,70279,1904,31,125,1
"50vihZrOsN0",25,70258,1207,92,324,1
"kL61yQgdWeM",25,70233,4254,114,2172,1
"T9UNMxGHqbE",24,70231,330,52,53,1
"-t3X4ir9Sqg",25,70229,509,118,786,1
"WHMuQqoqwY8",22,70186,414,48,312,1
"_CHjrbE18h8",25,70095,4370,67,1001,1
"SQa_LqpB7NI",23,70064,315,67,53,1
"EhLHNpGgBoQ",24,70039,503,136,165,1
"VJh4MFn_fgQ",25,70013,334,118,30,1
"JkC8jiMQZ04",22,70004,176,62,158,1
"9fIADnSemtw",25,70003,1636,61,528,1
"5qIZIBemSac",24,69983,2329,32,72,1
"MMoomvcj6MI",25,69980,330,174,403,1
"z7kgrGL0QZ4",26,69962,3810,46,176,1
"SvyN0PlWwkM",22,69957,2295,113,1030,2
"EDuNXy_QY_o",26,69951,2898,132,776,1
"P7WRXaxu1u4",17,69922,661,28,273,1
"wm_TqjfcNFI",24,69917,281,113,152,1
"bFoJFJ8ZrdM",10,69901,1949,81,101,2
"wZmKLbw-nNE",27,69900,2950,28,307,1
"Z8ZfEs6phhQ",26,69828,6655,72,589,1
"cTAOMXrCbAg",24,69819,4926,49,411,1
"VK8fwLQJoEY",24,69814,3191,85,359,1
"zcUI1Hk0GRU",27,69750,5787,102,532,1
"PUvVjWR3zTQ",10,69743,1503,15,170,1
"QNRGjaQJ-Ig",25,69740,674,48,266,1
"nMGV14Q5zpY",26,69708,4815,48,282,1
"nQG6g5kp04w",24,69699,0,0,222,1
"mCy59eLFjZg",22,69670,3695,68,1317,1
"CTOeluyi5AM",25,69661,2740,280,854,1
"LYXVJyYDBYw",26,69658,6391,65,412,1
"Y-3_nket6HI",24,69657,1372,83,287,1
"OnP7-HyYskA",1,69655,91,13,100,2
"9rLdm3DBgQo",24,69654,311,48,111,2
"OEvWwODaIpo",17,69629,872,46,71,1
"eR9ssp4MDSE",22,69583,35,21,74,1
"JMhSl6CxF-Y",25,69548,3503,128,125,1
"jj3B84TeGbk",25,69538,1851,48,408,1
"PCuGE_WeCag",25,69531,456,60,201,1
"FLbz_Crdaa4",26,69521,1408,146,303,1
"tvUVwOIRzpY",25,69491,456,67,619,1
"ma_Qi5S8z2g",25,69461,0,0,3188,1
"M9VgLridp7s",25,69458,267,123,155,1
"3hurQUvEHac",23,69454,5144,42,332,1
"_TFZYeWu9hQ",25,69452,5585,65,1507,3
"Rz9rCkGnF78",1,69421,102,27,50,1
"UroDMfQv5L0",24,69420,6428,42,501,2
"8PFnpTiwADo",22,69418,469,61,99,1
"Szq4oROGixU",25,69408,661,69,118,1
"U4qxmXEyr8o",24,69404,240,19,114,1
"EFfBxLKqJbE",10,69388,1149,100,386,1
"OdGs5MVwJfk",24,69387,335,35,52,1
"1rtHBpt9Dug",24,69382,290,40,56,1
"aCNbFFbq2w4",24,69379,1005,13,85,1
"C9mhlineTpk",24,69343,1890,21,154,1
"IMs9bHWou2A",25,69265,1834,39,587,1
"vFER9MhFrP8",25,69241,331,96,2,1
"DYmyWPba3Jg",25,69219,318,193,0,1
"hYOa56nwx5Y",27,69210,3200,27,403,1
"MDBWblA26po",23,69205,10311,10,663,1
"LuchnQtK86U",24,69201,1657,28,188,1
"KVUhMUckDBw",24,69141,2454,19,344,1
"TaPWeRmc7SQ",25,69140,4557,51,804,1
"r_uTdQ8LPGs",22,69132,501,64,759,1
"Z47fxU7psnQ",1,69110,282,18,21,1
"CcGhQwAVubc",23,69100,5463,41,968,1
"uUOru0pwXO0",17,69082,667,45,347,2
"9m2AaftEqrg",25,69068,6038,69,2396,1
"SH-9ld68kYY",24,69063,633,40,126,1
"Pt7VZy5RoJo",26,69050,2936,63,351,1
"psMOpQwYH0g",25,69016,631,92,613,1
"FeGP3HtPEAo",25,69015,445,90,220,1
"YRnFAW2q7y8",25,68998,3141,320,1052,1
"TtqttKrUYig",26,68983,4702,142,526,1
"_rBaHuQi9gQ",26,68970,7246,76,975,1
"Mh5AysE03-I",24,68967,43,25,81,2
"juWcYiGXnPc",24,68959,4229,312,569,1
"4w0U7pGGhtI",25,68951,2596,125,1587,1
"jGEtxXK1cDo",24,68942,787,45,280,1
"MYerXcr2POQ",17,68925,488,9,183,1
"nWSlIWpgeFo",1,68892,357,20,20,1
"HvCsnWwmvAg",25,68892,6893,49,231,1
"mJQRgnpCSUQ",24,68846,1878,44,327,1
"zaXplMvTmSg",25,68829,1926,68,1088,1
"-JuoCd2tocw",17,68800,242,29,296,2
"ttk5BJn-bDk",24,68750,4021,96,506,1
"Ist53IOQhzM",24,68741,0,0,151,2
"g9YdyLjft_g",22,68725,435,70,353,1
"LCXsStIubNs",1,68714,180,16,116,1
"wv2K6tWStMY",22,68712,1393,106,257,1
"3fFBEPZeYY0",25,68659,350,50,55,1
"af0GMFIlb4Q",24,68646,2166,11,355,1
"uETlOZViR7o",22,68646,0,0,0,1
"uY0EWjTBVQ8",24,68604,1432,83,822,1
"jRuVomXwqpk",17,68594,547,36,331,2
"Li6thKAtFLo",26,68531,5327,128,707,1
"YAvD1jfBjE4",1,68525,66,12,88,1
"iGuAt_VoEi0",25,68519,4583,53,1405,2
"wtBE3ommUs0",10,68513,2751,65,269,1
"YLAKzkZQZJU",24,68507,98,24,97,2
"eo9rNMv9gq8",24,68490,2179,76,379,1
"tROYebzHpNs",26,68452,4310,64,148,1
"Cx1B3dUl724",1,68443,2600,47,261,1
"_yPDXiZaoCY",22,68436,49,19,53,1
"-z41CAxZzkg",24,68418,2028,73,421,1
"pTg2qgI9EsQ",24,68396,981,136,265,1
"3SQ-55IxikQ",22,68369,191,52,169,1
"xdaMN3Mt1ec",24,68305,668,24,468,1
"FiWbKSg7cUE",10,68217,2831,58,604,1
"l6WSoijb8cY",25,68206,1025,59,454,2
"J97oLRHJKSw",17,68202,495,29,266,2
"5khTN_EnAlY",26,68193,0,0,428,2
"Bvnn0CVxDVk",24,68190,9278,48,1017,1
"bm2xcviOnJM",22,68174,4938,63,567,1
"rYjJz177bb0",24,68173,35,23,39,1
"_WOZhXhVABg",22,68152,476,91,623,1
"QgjFMnWS5-Y",22,68150,101,27,67,1
"i4Rbkj5NHBc",24,68131,1036,13,334,2
"iSh-YOqZyW4",22,68118,222,63,42,1
"9KN1c7Tx8l8",1,68109,919,23,102,1
"GZ_ifwFpWY0",17,68067,411,54,225,1
"-v76wKI5GIE",22,68028,763,60,428,1
"ulaAK6XJX_I",10,68011,457,38,285,1
"adkWFR5yv68",24,67987,223,24,88,2
"NuRDxWpb2TI",24,67977,1517,101,817,1
"p75ifq7VfiE",24,67974,627,9,310,1
"veW8Yj0v-Fk",25,67969,2120,195,1862,1
"snOSnjWmpTo",1,67938,73,10,120,2
"gKADzKhVttA",24,67912,463,345,552,1
"tMFdJnDrf74",24,67909,385,32,45,1
"YtcP3Yt9vhw",23,67908,259,144,0,2
"a8j0r7ZlEEA",25,67906,576,60,147,1
"MidS4yjXZys",22,67898,21,9,22,1
"Q00czZyNO-4",17,67891,257,48,128,1
"qc7iGiOChnU",28,67853,4299,361,2273,1
"N7-6u_N1NYw",24,67837,43,14,80,1
"-P8dkAqUKZY",22,67805,2536,96,810,1
"HSIz1Pnegn0",25,67798,296,84,617,1
"L_r9SDUy-KQ",24,67786,2224,125,321,1
"OYvuDH_rvBc",24,67785,899,18,141,1
"fWcRzwzxmYM",22,67767,117,14,0,3
"0WDbkL6V5Ck",25,67744,90,68,21,2
"KwHEiBeZKN0",1,67741,1979,21,228,1
"Hp7CtQhGKCs",24,67712,3530,102,885,2
"avqPqNfRZa0",1,67708,127,17,50,1
"AbV29V6mthU",24,67703,675,86,133,1
"bFScm4Z7ewM",23,67703,3697,195,1643,1
"UrkI0zvjOXk",20,67697,4464,27,437,1
"zb12K5G_zE8",26,67693,3665,242,426,1
"moqgS4jrg1Q",24,67656,563,4,22,1
"TcgDf67rQm0",26,67656,6571,131,607,1
"LncOzTaEdCU",24,67644,562,49,561,1
"S3za6BF84Qw",25,67643,6335,183,2178,1
"gACgQnmVneo",25,67623,2279,407,1450,1
"yrNM7eK7rNg",25,67585,129,31,96,1
"o4MmNO6FjaQ",24,67571,505,18,0,1
"jrdL4aK_3XA",23,67548,1613,21,97,1
"6HgTk4YkTYI",25,67540,478,54,505,1
"HHzCgEM6kZw",1,67538,596,20,61,1
"tzMlq__RnRc",25,67536,2375,68,418,1
"RLire4O0BEg",25,67527,462,79,153,2
"XZW7zZNkjeo",1,67526,6313,132,1086,1
"EgyrUOfWU4I",25,67484,1978,67,998,1
"pxS1IXZFpoE",24,67481,5085,135,704,1
"6iKJIEhhLk0",24,67479,106,22,52,1
"-ObqIEtozaA",24,67463,6273,58,1123,1
"gD7jlLKa6DQ",22,67451,5451,132,1323,2
"2d1M4DtNRis",22,67432,489,70,474,1
"W8XZoXJpgHM",22,67426,423,40,401,1
"P4e-GN1e21M",24,67401,2606,70,338,1
"o_6d80Z4hpo",24,67388,495,47,108,1
"9DeeCRpG5Oc",23,67387,8308,509,333,2
"H6pihld3C40",24,67381,573,54,209,1
"lEver6wnmB0",25,67378,1057,90,941,1
"RVLl91i50Sg",25,67366,856,29,148,1
"5frTGd8-Nn8",25,67329,2695,114,879,1
"wIlKig_TuDw",2,67317,1470,115,549,1
"QUdrN6kvqp8",25,67316,962,104,217,1
"qMUocsbXHC4",24,67299,1792,42,793,1
"MWhRfYwkIhI",26,67287,5433,90,497,1
"j1wU18J9UVA",24,67278,3557,120,487,1
"wOEKdWrtz6U",17,67241,3362,19,327,2
"nOe_Gb6GOzo",22,67231,68,93,7,1
"NJRLWHhLxp0",25,67217,1854,117,1127,1
"CkDTbckV0ZE",28,67202,694,64,173,1
"5XlIrj3zb3o",24,67173,87,19,64,1
"vftJV4lFWrM",22,67163,545,107,463,1
"CXRDMkpC1_4",24,67156,4560,12,634,1
"gHhFT9WsEN8",25,67128,335,43,153,1
"R6WAt_eMBbg",24,67117,1016,21,143,1
"fj_UklR1Kz8",24,67113,1099,52,96,1
"9iaCM2pWzKU",24,67104,3583,339,507,1
"ytE6hC_AIns",22,67096,3047,41,223,1
"VSP2T5W05aw",24,67084,1521,96,356,1
"DFSVLmDoOfg",24,67048,800,68,71,1
"W3aGZ_Ump3M",23,67034,5751,39,362,1
"f5dV9EFZBPY",22,66981,499,56,40,1
"T4MNuX29QRc",24,66978,271,43,58,1
"uRpkiBoarqY",26,66977,2634,61,333,1
"0HuTS84pc1E",24,66955,114,17,76,1
"Pv4QQpGGfMM",25,66953,1776,103,805,1
"ZEP5A2-hb4Q",20,66940,4650,162,3424,2
"iJyui2xjzG4",25,66907,1102,114,118,1
"YdYHpmCzhmk",24,66890,1345,30,298,1
"_xkJvHy2MSk",24,66889,3648,70,249,1
"U896PKfowrw",24,66879,529,90,63,1
"WVPHcr85fuQ",25,66857,358,40,110,1
"MzSafLq6i7Q",24,66851,896,15,48,1
"0IrO6jhCfKE",24,66810,104,24,59,1
"WiIZVWY0Asc",25,66810,3750,53,977,1
"NM_foqNyfwg",24,66803,583,94,145,1
"Er78KU5SX58",25,66790,248,79,279,1
"PqUQee58oT8",22,66777,1049,55,243,1
"IVnILS99-iQ",17,66769,267,9,239,1
"gLglJ7YBZRA",25,66759,219,38,20,2
"j5Af2AUg2ag",25,66757,5465,195,2535,1
"vthJio8XAjA",22,66694,177,18,9,1
"NiXlKSqZbQI",24,66687,4262,68,1325,1
"GzxMD7FYlwM",22,66685,433,52,359,1
"sKa8QUxjXAY",26,66635,6156,74,424,1
"Yok9s8pNWAI",22,66578,6361,38,280,1
"jPBERPU7EC8",24,66556,2741,152,480,3
"XJZLDhvZ75w",23,66552,299,9,39,1
"RuS-e-5oOiU",23,66549,1522,36,142,1
"Mof0nSLHxkk",17,66546,643,45,331,3
"wtkTaHArhvE",24,66527,774,80,125,1
"bPfeL4zILKg",22,66525,295,139,48,1
"SDV2sIm8T9s",25,66517,90,48,105,1
"Xc0UPWOavPA",25,66498,2335,70,469,1
"ym0WPVCQbD0",24,66483,924,171,163,1
"bqh1zTDwX6c",24,66476,25,7,21,1
"XxJFMCjpgxQ",25,66474,486,82,512,1
"PE0JqEXFBtE",25,66466,2036,183,1427,1
"NCR9CWj4fRo",22,66461,1137,40,364,1
"2qoq9TKt-Qw",22,66438,216,76,201,1
"M_56wdrkovE",1,66433,120,38,67,1
"KuRXxy5Gnoc",25,66422,4727,205,1890,1
"aQT4QCcpees",24,66422,538,52,140,1
"H_NJwmJWGBs",25,66382,349,29,38,1
"hRvpXOyCL_s",24,66372,87,22,63,1
"Q5GV9l7plV0",24,66365,3035,87,212,1
"-vS21V11Naw",23,66326,6803,22,972,1
"OzG7PfxNV1w",17,66287,723,25,503,1
"AzZBvRtmW34",25,66273,531,60,883,1
"afax_Vpe6XQ",22,66273,2281,26,213,2
"ynDPED788g8",26,66267,5546,67,683,1
"tuHLyH158ao",24,66263,1037,13,156,1
"YWl7mDUgeW4",26,66227,4332,85,364,1
"WoMjsFMj4iY",24,66213,1464,93,295,1
"O9iy0OV-Uos",22,66213,1647,96,553,1
"OxfvpDy2vPM",24,66211,447,12,59,2
"GqJ0eokriUY",26,66207,6216,65,723,1
"562BXzrjuQ8",25,66200,2401,56,1073,1
"GiSNF6RPC-I",1,66173,400,5,16,1
"Fq-XD6Pb9HQ",24,66105,5738,46,732,1
"I1e0PQL8K9A",24,66091,2311,42,409,1
"uVlR53DYIK8",26,66084,3902,68,582,1
"H1PJxQCZZ1k",26,66080,4418,50,571,1
"jlhaV831RB4",22,66046,773,60,419,1
"Rfq4VVaYhVA",24,66035,120,16,103,2
"2N4SCW98Spw",10,65974,1598,33,81,1
"I-0zrKkC9zA",24,65898,5551,121,1059,1
"sO5gV_vmabM",23,65882,3432,52,535,1
"Br8r5qLiu3s",28,65878,2657,101,942,1
"G-W9JEQiwS8",10,65862,1000,19,81,1
"ZN7a_KyHHpg",25,65854,1900,28,563,1
"gFio_8aUS4I",25,65804,2575,328,692,1
"XSXtTDbvS40",10,65798,7713,23,847,1
"rqIhnOS4sBM",1,65798,117,25,104,1
"ycgmHtdrE_Q",1,65787,44,37,6,2
"C_ca1p8GA4A",24,65773,500,95,118,1
"TLNnFWX6pmU",24,65749,366,69,70,1
"wcWdluBQA8Q",19,65725,2136,86,410,1
"lLyWN3DBoeA",1,65705,290,60,206,2
"ooHxX3whFXA",22,65699,3051,113,1379,1
"jiAXOEnDu6o",24,65696,271,17,21,1
"cAeAaYK8YWE",10,65662,392,28,17,1
"qWTNlUl0Cjs",24,65618,2995,550,685,1
"COG3zwPGOnM",22,65593,38,27,103,1
"G0q80pLoDdM",24,65584,737,73,100,1
"uZBor0RgdIs",10,65579,3757,42,441,1
"LiCTaet-RJ4",22,65567,581,93,528,1
"xrlT2UNQ_AM",22,65551,4007,21,384,1
"B6nriqcW8MI",20,65550,2326,36,1080,1
"NWYoRNepves",22,65508,451,74,571,1
"V4UINpzERRg",24,65500,1293,10,165,1
"m0zRoquKRY0",22,65485,47,6,80,1
"CWKb6J_Y3zc",22,65481,1518,116,561,1
"RuuWrNVahZY",22,65463,287,32,181,2
"NJxM6e5FxYE",24,65426,3490,181,410,1
"C3C1bnZFNJw",24,65403,680,84,83,1
"8DAsqYhGkq4",24,65364,283,68,314,1
"OSGTn8zzchQ",25,65352,801,20,107,1
"1rTg3Jl2qRs",1,65340,884,5,41,1
"v6V9NtxjeC4",23,65337,186,49,0,2
"lU6m5ouUy8c",24,65309,941,47,201,1
"qvTD11X4EvY",24,65305,1048,12,101,1
"Yw7cC8XcbUc",25,65274,339,171,330,1
"1-wU3jpPkxY",24,65274,1947,38,327,1
"XroSktVLo9U",24,65272,1062,539,472,1
"fwE2ZCW8NYM",24,65219,1670,91,515,1
"BBtcdAZQSOg",25,65182,228,76,493,1
"Lx2kuVsWQwo",26,65177,2278,40,229,1
"JYiNS7xzjZA",25,65172,437,68,426,1
"wArXnqpcUVY",24,65171,3408,16,369,1
"BwZ_lRQypmg",25,65158,1099,188,919,1
"EJ0kpjVkpGw",25,65146,1185,57,446,1
"Qov0jQpHevI",25,65131,3183,125,600,1
"5xXfZTWhJe0",25,65064,1846,116,1003,2
"LrSAw-VXfAc",23,65043,4158,63,351,1
"Tvb26DCsOW4",25,65042,395,242,614,1
"lcqAisTrCE8",24,65037,693,22,66,1
"FFZREHZMwyA",22,65032,470,32,149,1
"rpEaXqfY7yo",10,65019,923,61,656,1
"qCO2yv4cEhU",24,65018,656,37,58,1
"Ao2abBxOiLY",22,65016,3465,56,737,1
"VpuEFP4zGB4",22,65011,626,64,94,1
"cSjlzRLEVlk",26,64988,3983,82,712,1
"Q8aI7om5YIA",28,64986,1045,25,0,1
"hPQLUjdtsSY",24,64980,41,9,12,1
"nVgFvM8UDC0",23,64973,6445,46,660,1
"zwaMolMAKNQ",25,64937,4645,74,1426,1
"fz7T9v4WX-Y",19,64935,2446,159,1617,1
"P8f8mXmNmDc",24,64864,4759,43,541,1
"7qDHiSsjbuA",22,64840,56,22,84,1
"rrijGc1GNK0",22,64818,250,48,68,2
"VaDc4X0euzg",25,64812,720,67,739,1
"O0G-Gw4czZI",28,64800,6433,49,845,1
"matqiDFKMnc",22,64796,542,83,501,1
"RaZf5Iazczo",25,64761,5020,59,1228,1
"mMugjKaOLm0",28,64735,829,54,0,1
"l-LXbikumfI",27,64713,3127,49,757,1
"2E_ODEWrB8w",20,64707,2618,57,117,1
"2G3F34vw09Y",24,64659,322,62,49,1
"xTfA-5TxYOI",17,64636,336,26,10,1
"Vg6nsrwxIrE",24,64584,553,24,0,1
"vO-3JsLPFWY",24,64583,759,7,101,1
"lB8NyWtsa6M",24,64568,863,40,131,2
"j6nCG8qxb9w",24,64541,286,53,43,1
"ySApf-r8SWQ",22,64485,455,61,55,1
"Y2XmjV1aPFw",24,64477,1014,30,317,1
"p-KUdXKZ6rs",25,64471,4677,104,1113,1
"vdlaCs1RVHA",24,64402,0,0,225,2
"BhPYVzIBwXE",24,64388,386,28,52,1
"w749rQf9gl8",25,64386,1639,86,472,1
"odxnfu0Bprw",25,64381,303,125,0,1
"pEIE-OXdkSg",25,64366,1341,121,1092,1
"QWdlw6c8gME",22,64360,341,51,415,1
"T4tmTKHo8J4",22,64313,3948,20,698,1
"dAR0O8QXgkA",25,64305,1962,143,1060,1
"WdISF-ivBgo",24,64297,1448,87,58,1
"DowaZgcRp3Q",24,64272,842,103,133,1
"yejvWm8EXJE",25,64257,367,31,98,1
"WGemAd_yaV0",25,64248,300,77,518,1
"mrGDAl2gD7A",24,64196,392,54,85,1
"C-cRPmVOtAk",27,64184,5387,16,1101,1
"V1uKinF4vrI",24,64179,4550,41,586,1
"5DK81SUuoe0",24,64176,427,62,54,1
"PKP8Mimj3QI",24,64165,437,145,175,1
"Ao-sehCtdvk",22,64148,352,72,487,1
"TqeFBlce48U",24,64134,294,44,71,1
"uGeDmtXt3dM",24,64125,582,63,152,1
"tzRSHSmGCd8",24,64123,758,19,112,1
"g_1a4BFZbZk",24,64093,1078,20,193,1
"aSATK8rybDU",22,64084,73,23,37,1
"y7BfvUbkL-g",24,64075,605,40,56,1
"B9Q18jjlLis",22,64061,166,28,23,1
"piWuVxPe-As",24,64049,320,67,39,1
"mQOSrM8PgUA",24,64032,1848,8,189,1
"SXyl7JhX2Zk",10,64031,533,66,287,1
"NSy7KsgPvzs",24,63971,1028,32,572,1
"JUwPwvMSArA",24,63949,0,0,214,2
"-4Ffqg9Fvew",25,63945,1155,100,811,1
"LcUOf60yzzw",22,63943,320,42,161,2
"WzI5W8KXhEE",24,63939,2195,142,564,1
"RzFyUHWJVr0",22,63925,834,65,77,2
"oPT6DnhjlpM",24,63853,1094,71,58,1
"kaWmEHY5k6k",24,63846,306,16,153,2
"7g7XDCS-OEY",25,63766,331,40,419,1
"S4VUG6ova1E",24,63760,1075,73,190,1
"xg4pltyQ7HE",24,63686,3094,71,1776,1
"bqn8_azCUN8",22,63656,702,123,97,1
"xq9PVtS2TYo",10,63614,1794,9,72,1
"a7vIaeRQ9P8",24,63610,361,22,34,1
"FW4iNoQa08k",27,63571,3084,83,892,1
"mXmfTPYPO1s",22,63508,201,31,181,1
"u0BGn2WO0lo",25,63499,888,49,387,1
"EdkuPWJxaYU",22,63471,51,16,133,1
"MdhuBmF6TuM",24,63471,1637,20,209,1
"ALzHBOnQOC0",10,63458,7487,69,771,1
"FTo07ejsYoQ",26,63454,2020,23,496,1
"nqF4aZGG0a8",25,63439,433,23,79,3
"ubax32mF9OM",22,63406,211,49,80,1
"F5kaLDGMQ14",24,63404,779,69,122,1
"DOIlfn2IfTk",23,63370,5494,43,339,1
"IkShFzBS3cM",25,63367,269,33,118,1
"7mU4QAUlT2Y",26,63349,7417,32,432,1
"JXnHNSsceV0",25,63344,1075,71,301,1
"jdQssqNXea0",25,63336,3936,69,957,1
"HcV_yocDLfc",24,63319,259,34,62,2
"wdXHxEEAvps",22,63312,2552,85,793,1
"rpLCEF3Xz14",23,63291,9651,74,1313,1
"h8ZnqgKAvY8",25,63277,494,17,306,1
"daCU0mKhz4g",25,63270,2934,136,790,1
"198ouT-HNZs",24,63229,1831,108,225,1
"-_PkjdcGtUQ",24,63228,436,62,23,1
"j1dJ8whOM8E",22,63215,8424,155,2368,1
"tyw5Rcwd2Qc",26,63210,4709,35,353,1
"Zeo1Nd2rNXQ",25,63203,814,252,296,1
"hYzwNf5OFgk",22,63184,2885,97,1553,1
"tPKMjxhZG20",24,63166,399,62,248,1
"UTxt7WlPTuY",26,63134,1861,66,196,1
"1JnU2GgvS6Y",25,63119,3701,501,903,1
"rYHTbrXyT3k",25,63079,727,62,465,1
"Nc7DYWkGrGs",24,63069,206,35,79,1
"dkZxd-ADRXM",22,63053,385,18,65,1
"vdxHeSI-7Wg",24,63032,430,89,160,1
"315cB73j1Dc",24,63026,4107,138,503,1
"0Bs1nntEC9k",1,63019,1903,74,165,1
"NrAz1fjxzNY",1,63008,3119,36,729,1
"s8j8V6uyCfE",22,62994,72,65,17,1
"XNgvvgDiB5E",24,62947,410,70,97,1
"zQxUrjQp_ak",25,62939,724,13,127,1
"UkajMDFEHDQ",26,62934,8677,63,332,1
"67vJjyFVfzY",25,62918,587,60,223,1
"O-_52G3aKVU",10,62915,1007,21,55,1
"_o41z1YIs3Q",1,62906,332,14,22,1
"dKLzWemK1DM",23,62865,9097,37,1187,1
"fr5fRoOVSSA",25,62851,524,30,340,1
"KGMoyXYicmM",29,62824,1789,14,389,1
"CytSrdrrnYw",26,62809,5342,29,588,1
"xpjO5_6Ul1k",22,62806,789,74,450,1
"-UheCa9O_Xo",24,62798,320,46,35,1
"sxLpJTz51dI",1,62792,144,14,73,1
"wGqL5KVs-TM",24,62790,1939,114,345,1
"KWeBNy-P2aM",25,62776,1333,301,391,3
"VfH5Hcp6ZN8",24,62755,271,24,273,1
"XDowSaS45sA",24,62730,2477,28,468,1
"Z95f_2gWfJc",22,62718,653,45,501,1
"6I36mY9wMOU",25,62714,1886,33,707,1
"WCwa8fpKJlo",25,62690,810,17,163,1
"nWAGeZQV_sg",24,62685,1312,141,269,1
"o8-ergMTsUA",25,62659,133,17,70,1
"exRDfVgQQe0",1,62638,529,17,100,1
"lN-pBRxPLZI",24,62623,2257,222,276,1
"Sl1Fp9CeFU4",25,62618,2036,45,732,1
"BhahqDnOekk",25,62595,4628,80,986,1
"llB3pKpZQJE",20,62579,2837,97,872,1
"3t7o0mHRt2A",24,62549,3603,120,1171,1
"SWq6ehCNC18",25,62537,388,48,50,1
"CwSpn7F3kNU",26,62535,6402,53,401,1
"KeLUPqy_lEs",25,62502,167,58,166,1
"XxJ1COauXbQ",25,62459,2704,236,1986,1
"rRLYJmtQkFE",25,62434,586,84,0,1
"i883yj99aBQ",26,62405,1997,20,229,1
"oindk3EImxA",25,62404,2356,169,1625,1
"cWNqQXEUr3o",1,62403,256,7,19,2
"r28ffzOq7pg",25,62371,1034,101,603,1
"yXa9xtIyphI",24,62365,1219,15,77,1
"e0DaE9kFC6Y",1,62306,374,17,32,1
"4hQRFSp7m8I",24,62305,1316,23,201,1
"aA0juoZa2T0",24,62280,5550,21,292,1
"Zc1krHdtBoE",25,62274,1291,70,628,1
"UsQnNKrJodM",1,62269,1671,50,1350,1
"6JTyRzegq1k",26,62264,2138,15,498,1
"QIycmAPvXpo",26,62259,3787,49,164,1
"almrgqJ_izc",1,62250,102,16,52,1
"JrnSfMggWIQ",25,62249,994,107,182,1
"p1HL6WdcF_U",24,62230,1965,11,322,1
"XkVNjIehjp8",17,62205,320,12,53,1
"LLDhuUNTQbw",26,62146,2110,12,542,1
"5_TvKr7fcKM",24,62139,404,62,274,1
"RlsMikBfYEs",28,62108,319,137,149,4
"OsvOvlepZN4",26,62100,3579,135,700,1
"lNdDCZKra5c",24,62075,716,29,200,1
"ZGVSch-dSEE",25,62039,1181,51,582,1
"PJH_R-BK9LU",24,62021,410,47,54,1
"U8iMIuCkdNY",22,62017,697,58,97,1
"KV2f2IGg-zk",24,62010,93,36,28,1
"cNMCZGBquzI",26,62003,2147,23,839,1
"GWyyNusrVTM",24,61961,0,0,0,1
"XOxaSDCNkbY",24,61953,742,63,135,1
"w0QO2XR96js",24,61941,795,36,123,1
"KD153J4Xo5Q",24,61941,2088,37,165,1
"6gkriCS6CTE",25,61941,301,85,428,1
"pmdu67KRIqw",26,61926,2385,68,270,1
"ggCzBcCYJaA",24,61924,1443,30,201,1
"VhuypwO2BcU",24,61844,1860,58,669,1
"Nyp6265ep9w",24,61828,734,62,96,1
"nhnppChJPuE",1,61824,3700,34,867,1
"cpAeoTwKHlc",22,61786,3047,96,1000,1
"e0tQjzAjZ5A",27,61782,2948,36,423,1
"D0CO8cueUb0",10,61778,375,29,283,1
"-HBHl8rb3xA",22,61763,332,26,52,2
"wx9Qt7DO6c4",25,61741,2480,33,621,1
"mNXuqlCNnYc",25,61707,1062,51,6,1
"ZA_rES_cKmM",23,61705,310,107,155,1
"jwxXdS6KEvk",24,61690,399,45,123,1
"OO8bo_fpoQg",24,61687,0,0,202,2
"TCp8zhJzYy0",25,61668,772,84,891,1
"oDML-I8wUu0",24,61667,44,14,22,1
"IG61YMUfKzo",22,61665,3377,52,877,1
"EZyllv1eme8",25,61642,5506,95,2169,2
"outyFmnB6cw",22,61614,313,42,333,1
"fZwx_Mvogmw",24,61597,465,19,161,1
"m-32iH9JSc0",22,61591,267,24,33,1
"89rFKKbnUGg",22,61568,79,48,11,1
"Los24EL7f5w",24,61562,840,111,143,1
"hpkDMJezQeY",25,61516,2825,63,730,1
"Uy9VW75OxXI",24,61483,355,25,39,1
"AEc1aJZdlyw",22,61483,2252,55,379,1
"eUbwcz82D_o",24,61462,2500,79,363,1
"ZzStPviPY90",24,61449,3725,63,2584,1
"apANXSwo0ho",26,61442,5363,39,437,1
"fOeoexw9toE",27,61426,3851,43,505,2
"LhTieecbCS4",25,61422,1796,189,1555,1
"lX-amU7i8Jo",25,61401,3288,29,486,1
"DXLYJKt8syo",24,61384,429,78,85,1
"14xTyaoL1Yw",24,61372,722,3,29,1
"Jmcj6nCZoTg",24,61363,2484,82,216,1
"46SHcuBiQEQ",24,61356,277,52,39,1
"ohbxjxR3Nyo",24,61354,2734,42,511,1
"qh7VSkUFACc",24,61354,1203,20,76,1
"__KezVnxSy4",24,61338,614,17,66,1
"1ls1Xa6bIZQ",26,61323,4994,57,539,1
"3tUfesx2ivs",17,61315,394,27,312,1
"QPDitpx-OZU",10,61307,931,29,118,4
"dk--eGYUD6w",26,61297,3857,55,426,1
"QuQ-EstpAgA",24,61288,304,45,48,1
"FijRAW-JtAQ",17,61283,15,108,12,1
"cRQZWPp3_3I",25,61274,2236,1195,1005,1
"cyjt9Vm0imo",22,61257,2777,78,775,1
"QV93XyIE9WQ",24,61245,2723,72,695,1
"l_oUQTy5Pm0",24,61222,281,48,73,1
"SPUw5BD-R0g",26,61222,2176,76,239,2
"Sk5TFr-HOyE",26,61215,2424,26,208,1
"j2EPAizMPO4",24,61215,658,182,300,1
"YNl0-0QG8W0",1,61215,77,8,73,2
"_rLzmgZ61ok",17,61186,491,33,277,1
"wxO7MJA_ItY",24,61181,570,29,87,1
"doieImeB59s",24,61163,2205,155,322,1
"9UUARjWvE2I",25,61162,201,173,0,1
"h1UBM3UgAlw",24,61149,765,16,201,1
"caThTTx9bUE",24,61125,250,55,71,1
"UanHYotVQMM",1,61112,92,25,82,1
"sPueBjDLRq8",26,61101,2119,16,561,1
"zAHS2Bu_qZs",22,61100,959,46,305,1
"mLuzmXLORSg",23,61093,153,22,14,1
"aqZdqv4E87I",24,61020,328,27,23,1
"RyL9KKiok3g",22,61009,1563,44,243,1
"7ZfVqm5MJmM",24,61006,377,59,37,1
"FkKFhkZ0qVQ",26,61001,3106,69,746,1
"LkbL3wIXQQM",22,60996,256,68,43,1
"X86DhwFXHUE",25,60984,343,282,1117,1
"fbbaFFpUMDY",15,60963,5619,15,626,1
"QK2LVAOyepc",1,60945,1381,26,217,1
"bhmG2oy39W4",24,60882,767,23,104,1
"BC8X8BE-F78",25,60882,325,136,408,1
"VUiXO-fkig8",27,60864,4052,89,620,1
"nlUbK7uUnd4",26,60854,2039,13,553,1
"6LoE-VoNVvY",24,60843,406,90,77,1
"EGB_okSb6RU",22,60818,355,54,234,1
"4zmOnU1N8yQ",24,60816,276,7,16,1
"yhUgwCx-53U",25,60814,1322,87,588,1
"pEKIqaUvLu0",24,60803,1115,126,209,1
"0g5yDy08MMQ",24,60800,586,17,0,1
"rGJtj8HxQ10",25,60759,2248,112,1351,1
"9OjI9kfaj3g",1,60752,146,12,38,1
"kwZqIl17v_Y",25,60735,1628,80,699,1
"O-9OkZI-3kM",24,60708,0,0,240,1
"co-gaXXd9Yo",26,60670,5059,35,575,1
"u9rUy0lvWxE",22,60664,5372,22,916,1
"t30rnmCivNA",1,60660,292,22,41,1
"DRfniGCgW0I",15,60601,5896,34,791,1
"QRITT9JKQ3w",22,60577,825,120,487,1
"d4RDWZj2CWY",23,60575,3451,23,397,1
"xlc1LGv9ufM",20,60554,3445,36,877,1
"H0hIMd8RP1w",1,60524,323,25,17,1
"BwY8ph1FrDU",22,60501,610,37,298,1
"xkERqj5ycmM",24,60471,158,58,42,1
"akhB1bpm3ms",24,60379,389,54,56,1
"K6qcEZA92TE",24,60371,2651,69,384,1
"v33Vx2eJBqg",25,60360,2113,247,2196,1
"PDKbRyaQIcg",25,60351,1712,63,498,1
"8L50O0uWze8",24,60350,3469,219,511,1
"TTpaFYMj5X4",25,60343,347,224,814,1
"806QNcXoFsU",25,60313,334,35,19,1
"G9f0eHBm1cM",24,60303,2239,29,97,1
"q37fHUXlYrg",26,60298,2219,399,305,1
"fBNknE5o6I0",24,60289,280,40,91,1
"7uLWqykxqjY",17,60282,768,12,168,1
"j8hPRMrU1jQ",25,60262,4803,45,1091,3
"oc6FyKbURBw",25,60237,731,36,0,1
"QYZh93WRXuA",15,60225,3697,52,520,1
"uDQEeZR2614",1,60213,168,25,160,1
"mJhn_ds5zyI",23,60187,209,54,510,1
"VNFFZz4AUCU",25,60161,212,98,238,1
"6y1XWBwCr0E",22,60127,262,33,4,1
"egupBXj0WfA",25,60104,275,75,214,1
"mfrwReAi-3k",27,60091,1293,71,200,1
"y1ZOF0g3NW0",25,60089,204,40,14,1
"TEm2N0o0d3A",24,60066,1475,63,243,1
"EgHxiQsBIyM",24,60049,448,78,83,1
"Hj8PNKpJC7c",25,60031,4154,35,1616,1
"-u8RRvnpzt4",24,60022,3115,44,420,1
"Z4PIFD-g__Y",22,60018,436,95,163,1
"N_MuA_07PhY",22,60001,4980,32,283,2
"oRgZj5_zZVE",24,59991,94,16,42,1
"KPx_ENQSqpI",22,59976,133,75,0,2
"4u9SMc8Ajlk",23,59973,209,110,138,1
"KI5Pvkp-lio",24,59963,234,32,122,1
"_QPStIydtgg",25,59957,193,121,0,2
"YJ5uzYPAvQA",22,59928,1343,32,885,1
"zLgdwM1r7Fs",26,59925,1804,82,237,1
"Vb_Mif1ZEe4",17,59897,502,13,81,1
"Wevv7-buNkU",24,59876,2749,65,895,2
"7bXdQ9-HyQo",24,59870,1962,20,104,1
"x0WVdewZocs",22,59860,1241,9,75,1
"FU4nR3amLSY",22,59816,348,24,32,1
"mwZbW2dS9tc",27,59805,4616,42,1877,1
"GtTjdz7uTVA",1,59784,67,6,84,1
"UbrZlBj3MIk",24,59769,557,118,125,1
"DtZd5liS4l0",25,59768,435,58,41,1
"PE3AfKmfSOk",24,59742,4498,56,645,1
"U8CJoBN3Lek",25,59701,1451,50,500,1
"zDtk6ldpMUk",25,59674,1609,67,932,1
"VMqnzALvJwM",24,59669,526,39,133,1
"U9IHAwi5pUk",24,59663,926,38,405,1
"c-IM5PP1KlI",22,59646,3808,39,472,1
"E7QPBxlfWsI",24,59638,3361,67,650,1
"F1ZWz2RRKxY",24,59630,230,27,89,1
"BB6tkSTyGQA",22,59590,201,50,696,1
"DpDFX7FbZqg",25,59570,2735,36,518,1
"WbBVFfO6Nc4",22,59558,2416,109,1038,2
"vkNRmpvrnkA",25,59554,1320,33,428,1
"XCulwHxUpA8",1,59503,2392,71,460,1
"MlMwUG3NXsI",24,59500,3757,76,678,1
"kervoM3YiNw",22,59492,188,22,69,1
"OZWZOvpx72s",24,59491,4470,54,554,1
"Riixniwgv7E",22,59452,690,78,488,1
"Bas4wTPTFIc",22,59449,101,7,1,2
"PNeeRpKAbuM",10,59435,3256,20,129,3
"HWbpAFQz_40",1,59428,1909,7,167,1
"ppAN4JXpfp8",24,59407,712,22,456,1
"ziURVbCjHI8",25,59401,1810,91,511,1
"ljpefmwQJPA",24,59387,339,83,453,1
"cAowbM5a58Q",24,59352,1080,54,92,1
"-ZT-JWNPaJs",25,59348,1634,39,390,1
"GlZ-1O-2-nI",22,59324,343,64,812,1
"HQaPUpqmPDk",26,59290,3415,32,201,1
"T9RTvr4Tp6k",17,59273,269,19,283,1
"Up-MRtsG4Tw",22,59263,3557,54,1033,1
"KTECyen3mDc",27,59245,1293,124,191,1
"QjTdAnKqLqA",23,59217,4235,7,77,1
"mOysxuLjsl8",25,59123,1178,94,764,1
"6lbYskC3GDg",1,59091,95,18,50,1
"Bt04f3nrZ5A",27,59071,4209,36,344,1
"s-BiDo7q8aA",22,59061,549,38,326,1
"klANdHVAzc4",22,59046,70,52,37,1
"RpSwu3n5hEo",25,59038,4256,72,790,1
"afSnlvtQV8w",22,59012,331,42,575,2
"Oe-7YpAYnqM",23,58994,2384,58,191,1
"066fDOjsP7g",22,58991,299,34,456,1
"U1mijKqcLvw",22,58970,156,24,39,1
"cnrJLF-AZkk",10,58901,677,46,61,1
"pgQrUO-C7gs",24,58884,2362,11,141,1
"_n-1hKGsYqU",25,58855,3578,48,1258,1
"JdSyOiNoako",24,58829,96,19,55,1
"J8KptZelAf8",25,58805,1472,62,295,1
"R5CBQ_jq-V0",26,58723,1757,37,312,1
"alzLy0IKrBA",20,58702,2539,124,1810,1
"jbx1hWlYY9Y",24,58691,513,65,51,1
"Slz9KZWkPLU",24,58678,213,11,7,1
"GVtgu_b7svA",25,58675,390,28,53,1
"6aNvH6JGFYI",24,58675,1302,59,312,1
"ibBNRNN1c3Q",25,58673,107,33,137,4
"NEYU_5LkjHY",24,58662,809,11,110,2
"Cmdn37IqgpE",22,58657,457,67,327,1
"yezewmx5wqc",25,58652,2514,32,326,1
"fbOFogaFF84",22,58534,368,40,549,1
"T4e8_FClVSA",24,58516,201,24,36,2
"XPSDMF1jZ6I",24,58510,870,41,103,1
"PkbwNFnCBns",24,58504,447,49,175,1
"bWpJ1A8gjts",23,58497,1370,50,160,1
"GyQjVtIGQg8",10,58491,12247,20,1217,1
"v5PbKgc7jd4",24,58467,870,17,79,1
"ZTU0ccxkk1k",24,58467,303,75,84,1
"bsl8FMF6PT0",24,58456,852,2,308,1
"jal0jAoFV70",22,58441,2357,43,541,1
"MjttubnVpqg",24,58410,945,30,170,1
"aKndH1k1e_M",22,58349,129,21,151,2
"1o8ar-9ZcHg",10,58345,3283,47,294,1
"QXVuPTmX2HE",24,58319,1771,76,176,1
"I89MV1Nf_RY",23,58317,590,52,106,1
"dyEg86HSHl8",25,58304,765,22,200,1
"zP-FrWMewAI",22,58304,330,54,434,1
"m4ecXiRH1_M",24,58303,157,14,8,1
"Vnsy7nc9rG8",1,58289,287,23,14,1
"7Cm67Z1ajdo",24,58240,1995,29,344,1
"0qASRbue9hw",26,58240,3389,30,182,1
"OxN0qnqaYx0",29,58116,1585,12,89,1
"dP6NBRCWmcg",24,58107,22,13,9,1
"ONUkxEagt60",19,58095,1595,28,613,1
"oqd88x21z-s",24,58089,1391,55,309,1
"suhZ-Z1By9s",27,58083,3150,45,867,1
"MP3mCRCUN24",1,58059,108,28,72,1
"thwQfF5kHk4",1,58048,114,16,100,1
"C1_2t1Vtkjw",25,58045,1009,39,202,1
"-JoWt1YDtpA",24,58016,1247,16,177,1
"hQO1YKJ0UKI",23,58000,3483,27,332,1
"JHwzvVKj-ek",27,57982,2084,109,249,1
"uO6kMvApcW0",24,57896,337,14,387,2
"Mi8kX9JrFfU",17,57895,337,15,139,1
"EOXcr6_4BWw",24,57890,3913,49,252,1
"OCpilgtSlOE",24,57881,3626,50,393,1
"lGwXtmcIsYQ",24,57851,1090,71,328,1
"oZomCSHgcrc",24,57831,1613,254,571,1
"2UiAPKWU6io",27,57801,691,46,168,1
"KL0oMhNEXSU",24,57795,2173,22,118,1
"rVPLQZMkkfs",25,57770,560,47,315,1
"hdl5Jlq_YVg",10,57757,3209,41,312,1
"8MrMKdb_PxY",25,57741,354,48,300,1
"4IXfmrWqKHs",17,57729,418,35,264,1
"_hdntX3oLNc",22,57727,525,57,206,1
"88RpeUxEvbg",15,57715,3193,37,300,1
"Zurj89fKwsI",25,57697,529,120,440,1
"yJfLzcZYwkU",25,57651,320,49,21,1
"ftDgp2aFTt0",26,57580,3049,32,194,1
"NmhnBSv-sm4",24,57571,21,8,10,1
"O1YQo0kmnok",22,57566,343,34,287,1
"FliQCxX2Ml8",27,57514,1026,52,114,1
"zUO74EdQe6g",27,57513,5679,68,1100,1
"qK6ah1QiK-8",25,57506,337,72,114,1
"-0DjA_r32uQ",27,57494,2190,62,768,1
"zOwUDlNo_sc",25,57488,281,129,383,1
"ovEfotjoKek",1,57440,1216,40,1062,1
"b4Y_VZExPNw",25,57418,440,60,284,1
"tDoCElIUnw4",24,57376,320,18,113,1
"tC3z-e6vOc8",24,57373,244,10,66,1
"7tRLv-0yXtw",24,57346,248,206,78,1
"iiDhBm4TKcs",23,57297,208,50,23,2
"7YDeGRI8aMI",22,57293,7345,92,1974,1
"FNbOVeOtFKA",24,57289,2195,17,182,1
"N0iSKIjUiAI",27,57244,2767,23,626,1
"z9dyFBQl9Oc",24,57220,1089,26,342,1
"5rRbHyRiI-s",24,57212,631,35,498,2
"ZriHnY5_B24",10,57174,2422,48,302,2
"LzPJRz6ST1E",22,57145,114,25,9,1
"Pec4xwnHxSs",24,57144,3052,67,653,1
"ZtAy0bnsAO8",24,57112,454,98,101,1
"bdmCAfFUC20",17,57022,316,12,30,1
"mKqQ5JtPylI",25,57014,1790,85,972,1
"ZUhOgKHO0-o",1,57006,190,27,157,1
"uLfcgkbJDWA",24,57004,113,41,216,1
"kibbPo2i1bk",22,56991,25,4,2,1
"9Zs1s1AzkP4",24,56976,226,16,89,1
"9kOCzxbwFn0",10,56976,2793,34,217,1
"mngkOO-0y60",26,56972,7781,40,606,1
"Okhi38mxnd8",22,56970,3044,74,1372,1
"jKEcakmNyzw",10,56952,1986,56,259,3
"dWcWQZ2ll8k",24,56949,855,63,251,1
"11yFiMBtfsM",27,56939,2927,38,197,1
"K0RoDKUlgo4",25,56930,493,92,591,1
"XJ1S7jPPi08",24,56927,745,23,225,1
"BmPUKVAujW4",24,56924,844,77,155,2
"ScSYgelrlb8",25,56884,455,32,89,1
"5K-vKebt4U8",25,56865,151,118,365,4
"JYXIelIcFjA",24,56864,681,8,88,1
"kuSZEZ0fCY0",26,56850,1857,19,243,1
"P_e2Y4GzsWk",24,56845,521,61,148,1
"MfnXrZE9owg",24,56840,1333,80,701,1
"GWmZBe092xo",24,56768,94,27,102,1
"2OH4X_lUK6c",24,56767,903,19,574,1
"9dyXNT4Q8nY",1,56759,1038,10,103,1
"Ndt3ZUes1Mg",25,56758,532,21,0,4
"CPIAxzu-kn0",26,56752,6698,33,639,1
"FxfCF37TIFU",22,56749,269,28,231,1
"mQgntjp6428",17,56732,237,18,54,1
"6xa1f-ztvog",24,56631,534,18,91,1
"ZLOxUCwW-I8",24,56512,690,41,90,4
"j9OtuMSpagg",22,56494,192,41,27,1
"iRf2PUdsOxg",24,56493,2764,142,411,1
"RKUCZGish-A",24,56476,465,174,207,1
"W-m1930mh1s",22,56407,734,136,10,1
"Xg6UheSKIu0",22,56348,979,142,226,1
"IMdnhGpswBU",25,56344,2021,149,949,1
"RiJ7rK3An8I",24,56332,532,45,0,1
"4N2PCEdOHLw",10,56328,201,18,117,2
"5WL8Omm7b-4",24,56321,1945,12,163,1
"TY3cHmoQGdc",24,56313,1631,76,144,1
"rMEIr0eYweU",24,56297,784,13,109,1
"lPuwEd2PMUQ",22,56293,689,89,543,1
"fjaykjiJpHc",1,56291,877,86,59,1
"smBJPMUACHs",22,56277,2093,34,309,1
"9DDr82vYxl0",26,56224,5954,57,1183,1
"0mKnK2n4Bkk",24,56222,255,63,57,1
"6BoyHWoHd_s",24,56201,2368,86,119,1
"Sq7hMzKbHog",17,56181,1073,21,133,1
"5bm4kh5Efas",23,56174,1073,24,183,1
"EoaxAjh3RJI",22,56172,588,94,303,1
"RR_LXMtOvX0",25,56160,610,89,0,1
"d3UeeyMpJiE",17,56148,357,13,22,1
"oSmPMM3ikVc",20,56136,3157,56,298,1
"188yfjWBsKM",25,56101,2706,92,1578,1
"aJcdH7hFtM0",24,56076,373,44,94,1
"SQuobwAP6xw",26,56072,3245,55,175,1
"5UwjIy5bDCM",24,56070,1134,13,165,1
"Mzh4AARBavU",24,56059,438,20,0,2
"geE4as-ABd8",24,56055,3727,51,431,1
"oqC4it3Ub5o",25,56038,2658,134,944,2
"3hFdMpnXc8k",24,56033,261,55,41,1
"Rm7ChN0QUas",24,55985,1554,12,171,1
"pQi_nYNWtv8",26,55983,7815,126,875,1
"E5bHRyKARzY",22,55949,2331,29,282,1
"bmoC4qxN-3Q",25,55917,0,0,0,1
"lRmK7-rLR3M",22,55843,232,4,6,1
"NAG6bOPKfjg",24,55841,4453,10,567,1
"-lBIkAwNfYw",22,55837,501,46,23,1
"OkNeI9HwfHc",24,55830,1719,10,128,1
"LHdRnAFVteY",24,55814,2548,36,452,1
"D_IckBgTdeU",26,55806,4026,146,469,1
"sreGhR4bOGY",25,55796,1644,55,507,1
"41PWqPb1U8c",24,55748,285,70,56,1
"FX4sYTHpP3A",24,55608,1362,16,116,1
"cI25Xhz1qnk",25,55596,306,173,808,1
"2pY-LDzlCrM",25,55570,2227,57,811,1
"okf6zBeVe7o",24,55561,3600,81,373,1
"a28Q1gYW58U",25,55550,1780,32,248,1
"D8cTocDJtOI",24,55513,393,28,39,1
"vGTMKKFjqdw",22,55481,138,65,16,1
"9tMjmYLemXg",26,55469,6201,35,401,1
"H_NNvs2bEeg",24,55459,555,38,230,1
"qdpkE0xcu8Q",24,55427,896,19,108,1
"dJy3IDlIyM0",26,55386,4126,51,293,1
"xp5W9Vj0wZA",22,55367,410,104,700,1
"0cu31yCxg2E",24,55356,344,76,411,1
"elnqLnINcrY",22,55337,415,32,104,1
"v5wiOmKpQk0",19,55332,61,127,42,1
"nDEGbhHagtk",22,55330,522,49,220,1
"DYRE3BMFdM0",28,55282,274,8,51,1
"wahylwsz3Fc",24,55267,621,16,227,1
"fM1nsjmBdN8",24,55266,710,58,124,1
"fhdZfyEhfAw",26,55248,1518,50,272,2
"JwVIlCYOk7c",22,55216,19,12,5,1
"024W1BxcIys",22,55192,4684,39,1183,1
"imxrQbeNdZ8",22,55175,248,72,443,1
"GySuurFt4AA",24,55162,682,75,77,1
"xxSAIQh0o48",23,55140,546,31,121,1
"-W4sjXXMDpg",24,55104,1993,79,463,1
"v3JBWmRGjkU",24,55097,482,136,111,1
"7evf93RWu70",24,55095,253,50,135,1
"yF1Hg-3XfZY",25,55094,0,0,956,1
"9srVA2F1pKY",23,55086,7315,217,512,2
"6nEvGSCm13Q",25,55069,578,38,225,1
"cMJVwMa_aSE",1,55061,1088,62,820,1
"BTG4h-5bBzM",22,55056,27,2,5,2
"sqPf-QFFtlI",24,55045,110,5,124,2
"fDh6TUVRaz0",1,55016,71,16,64,1
"RdVePoUwjmQ",25,55008,2174,172,80,1
"foR6taRL1IQ",24,54999,6680,43,264,1
"rbl05o8KNe0",25,54993,1125,143,1101,4
"dT-9Biv2PLw",24,54991,264,54,32,1
"Radg-Kn0jLs",24,54975,7144,57,838,1
"Sl1Oe4-DEB4",24,54973,476,97,136,1
"WiSHYQwv9Cs",10,54950,2762,343,241,1
"dsMdDT-iQWE",28,54946,4609,163,1271,1
"4l3InNocQok",25,54931,2793,67,953,1
"amkRLXIBu8w",25,54911,4164,64,1398,1
"_aR4omnwntY",22,54881,244,10,5,1
"oZlSd0PNhfA",24,54876,0,0,144,2
"BVacHQWufTs",24,54857,50,17,22,1
"KZcDXzojvzE",25,54811,202,47,100,1
"qYOr3GM4LZg",22,54768,2313,47,509,1
"cftOL4t2Oi0",25,54738,199,108,22,2
"tL5xfikyJgI",26,54735,2410,14,535,1
"nZO0qERU2Vs",24,54712,314,82,55,1
"UID-g8STSmE",24,54695,677,52,108,1
"--iJShLChIc",17,54691,153,134,254,1
"pMDLpmIk9RA",24,54681,812,40,152,1
"u3RUG7T47_I",22,54676,358,41,224,1
"eDP_fVf4pz8",24,54654,418,96,115,1
"LNfuHCBHb9s",25,54648,195,59,157,1
"nIySKRAFTtg",24,54639,2774,67,322,1
"z-1uAjx43cg",23,54636,3300,34,307,1
"CmpGAwaiT3s",22,54629,369,41,549,1
"QzM1qIgyYaw",25,54605,1950,96,832,1
"EaOKqozxtBI",22,54599,9701,181,961,1
"V-IKcfSDQSE",24,54593,434,31,61,1
"NjEY5C-EPWY",26,54555,3271,183,243,1
"AT2u1MffDhU",26,54548,4820,40,1145,1
"51Ai3Tp2pQ0",22,54536,68,15,0,1
"JgN2DLj_1y8",24,54536,1181,16,101,1
"vEpHibZWtgI",26,54533,3470,25,227,1
"t5p18zp7xMU",1,54511,110,16,66,1
"0AMSBbsthKY",24,54454,0,0,0,1
"M4_0z9DEDpY",24,54449,1290,47,338,1
"bcRSfShLgIg",22,54449,594,19,114,1
"uVW2N-kv7C4",24,54403,471,57,91,1
"KYke3FFiyk4",24,54395,285,61,37,1
"LwpbHYp476I",25,54394,233,21,31,1
"n96cRKy8Xy0",24,54341,26,7,1,1
"Yx2lD-e7KRE",22,54308,220,27,179,1
"p6TBQlwjvGg",24,54307,279,52,147,1
"p1SOySMmMQ0",24,54292,306,42,86,1
"vKNEmOtnBqY",25,54283,176,41,197,1
"vgncMjsKYDo",22,54211,274,123,154,1
"8gPUNOhsp5M",23,54207,5184,38,533,1
"jIhCZ3WpDfU",24,54185,798,33,96,1
"fCqarwmVyx8",24,54179,490,7,22,1
"klXMVUR-Y7Q",27,54171,2890,35,393,1
"22y0fVt-lAE",24,54161,6835,43,542,1
"mW1HsxTeNtY",24,54149,407,25,52,1
"trBXAINoVno",25,54121,403,30,0,1
"gBr3Ca9c0ko",24,54084,305,10,64,1
"L-ec54fYXhA",22,54049,44,11,68,1
"HV9XRuwDdZ0",25,54029,1068,126,318,1
"RjpWujLAYkI",24,54016,5674,16,700,1
"8rsCbzig2eo",22,54005,42,14,33,1
"GkSnNlb-iqY",22,53996,36,8,41,1
"N-MojOq7ZEk",22,53971,9432,28,2091,1
"hjTDt3UutAo",24,53939,485,22,119,1
"X-644d46fmg",24,53920,434,12,22,2
"5IBsrBoj_Qc",20,53916,1122,96,18,1
"hy9Uo864i5g",22,53904,2481,33,527,1
"uMMSWQgpU6A",24,53897,5731,129,2288,1
"f-E8dFs2j4E",25,53843,496,77,345,1
"vnvDdOEy40E",26,53800,2869,31,259,1
"HpFMTju5klk",24,53791,772,13,52,1
"1dIZ5bhHHxY",25,53763,1520,31,586,1
"Z50iIh4MIV0",25,53739,306,38,29,1
"Hei31S72Ul8",24,53738,36,75,69,1
"7MrcK0OTxWQ",25,53717,406,25,212,1
"LUiOmQ2_VlM",25,53665,150,25,248,1
"r9Eyh2XY5rA",26,53576,2901,26,199,1
"7sPgevOO_Jc",25,53566,372,39,155,1
"1hmkwLA3kD8",22,53552,106,70,61,1
"1AxIRcyVhPY",26,53544,2660,149,336,1
"LqFsJJGfWh8",1,53487,3920,51,1382,1
"h16F5jJZYPs",10,53467,2253,34,209,3
"50wA9DRgDMc",22,53461,50,9,67,1
"XJPy9Wqe9us",25,53441,307,73,33,1
"Ho9em79_0qg",26,53435,1942,20,240,1
"MOlKG-s8lsg",1,53435,523,24,64,1
"eWPAjPXIgmY",26,53389,6835,49,658,1
"Y-dJQsFJZM8",24,53385,857,15,195,1
"vFsFp46YiEs",25,53383,4034,82,1476,1
"gSD2hD_b2Jk",25,53379,867,69,533,1
"wWIz28q4miE",29,53379,3632,34,697,1
"9rq-a1WFggQ",22,53367,2811,84,321,4
"q2Gwrz7QERA",25,53354,5201,144,2094,3
"Y2Aar9T7NtA",26,53343,3196,36,600,1
"ZWvYYkbgj4k",24,53310,236,70,122,1
"RxopZj_KfNQ",22,53306,288,39,260,1
"gwqFS9Ld4wg",22,53262,103,220,258,1
"EUCI-N_tHLw",26,53253,1844,18,530,1
"L8Sxcxjt_5M",22,53251,271,50,226,1
"9f8e9x1Fe9A",25,53237,242,46,0,1
"M9qVyBo7WKw",24,53209,632,23,57,1
"p7VbRc7vnbs",25,53159,1922,22,611,1
"YgZiM_prrgo",22,53126,2338,57,201,1
"FyMEhAyZkxk",24,53119,302,57,69,1
"FfVT2IwhP1w",24,53096,740,16,31,5
"FUff3O53U4k",1,53094,244,51,361,1
"BTWYY7m3IK8",24,53086,615,41,189,1
"FksPL9HteEI",1,53083,95,20,54,1
"x2WrgISUSxo",10,53078,1241,23,98,3
"7FTPkyP_GrM",22,53065,21,4,8,1
"5jhW6Pp-I60",25,53055,1041,66,210,1
"wSYg_N99I3E",25,53032,904,37,0,1
"HhoaRzaB6Cw",22,53029,3582,99,485,1
"hPUB-e0BnHg",2,53021,254,12,26,2
"paXTGtXwMs8",22,53020,15,9,12,1
"sZHiRLsWQQc",25,53020,191,23,122,1
"F36qvfyclPw",24,53007,1820,31,320,1
"7J-9spNWIsE",10,52988,2421,29,227,2
"kchxDznl0Jk",2,52978,200,89,16,1
"r0gnyjcMq4s",17,52947,306,25,38,1
"noel-0RkHt0",25,52926,410,30,237,1
"fO2EvhRqxZw",22,52912,33,16,21,1
"ksnvi6c9sAk",26,52882,928,9,44,1
"f1XprHlJJ7k",24,52846,579,21,107,1
"XEQfFriNWIM",25,52815,504,32,459,1
"C00ovmkoFUY",22,52797,1790,11,461,2
"oGq44iM1rUk",24,52765,424,19,151,1
"8Gj0Ir6SUuI",24,52760,5258,18,540,1
"BKA45tJu9RM",26,52751,3180,40,275,1
"U5yKMTzxIVE",1,52747,199,22,21,1
"Mix7xeTxfMw",24,52728,335,48,71,1
"NMbUvsMtqfA",25,52708,753,156,1775,1
"AnU2p6Maw6w",26,52659,5473,51,411,1
"_jdUmbLrTOo",24,52649,3789,37,183,1
"q1fZfG2b1c4",25,52611,1149,49,253,1
"jwbJAjLeI5c",24,52589,3186,24,1926,1
"KGZV8G_Bg-A",25,52588,1814,42,496,1
"jWp8TCXmMOY",24,52587,99,22,10,1
"qAsSsCZvBuw",23,52570,3891,40,584,1
"Ae54RX-ml94",17,52556,341,30,72,1
"sDUyFgslThs",25,52555,230,80,156,1
"BGlNp0Qu1GE",25,52544,140,43,43,1
"4rkiFcea9PI",26,52542,4013,96,295,1
"kTl-s4qRMqU",24,52494,103,11,48,2
"reEsYGsu0vQ",24,52485,368,13,152,1
"CF0eXVC6Tdo",20,52473,707,13,201,1
"rReGA5OD3p4",28,52458,2486,76,1018,1
"_I060GFksi4",25,52407,561,45,186,1
"A6hqPLj5GX4",27,52349,2406,47,710,1
"5flC3-UkdyU",22,52338,2504,73,1079,1
"TA49zI8AZzA",17,52322,366,13,127,2
"PJr2PMnkkW8",17,52307,428,15,153,1
"jZUw5WqfWIc",25,52302,386,163,718,1
"J4kUv-uNfZA",25,52298,40,3,20,2
"BWG1xCpUZEs",1,52241,366,24,42,1
"BcZuvOSgFWM",26,52232,6385,36,936,1
"XgeijiuKDbw",24,52223,463,14,0,1
"F9U2nqQKvsE",25,52208,833,31,167,1
"AMidRmYfb-4",25,52208,1513,25,412,1
"rhMFiuo3pB0",22,52205,164,27,93,1
"hnEjF0Lqp8s",22,52191,207,30,109,1
"4zYNeOpOLDo",10,52160,3033,64,490,1
"Fj2Bln2ns6c",24,52157,508,19,184,1
"KR8BPJtflBw",24,52135,280,54,48,1
"rFDrmsZv34E",25,52107,1354,53,912,1
"jXxbhRMeb6Q",28,52096,3054,83,1388,1
"QrrPQwoYiCQ",15,52064,5331,23,1022,1
"2hy5lBCvq_4",25,52059,1394,170,623,1
"lnpne6I5u9M",10,52052,1373,50,126,3
"wAmbqX0YUTc",25,52052,353,180,0,1
"qZkZ8uQ-1e4",22,52051,372,48,214,1
"YhNWlzvZGLg",25,52038,631,34,470,1
"6-XoMGXJYLg",24,52031,486,81,123,1
"j3vaBh1fyVk",27,52029,2990,54,710,1
"N8GpAr-77LE",25,52018,178,39,37,1
"c0Gg6jLnAXg",23,52017,3395,50,658,1
"AXu8klNl7aw",26,52008,1849,13,530,1
"sftFbuUlUdo",25,51987,421,12,811,1
"gcCECp-9krE",24,51960,32,9,8,1
"boL74vGKeKc",25,51922,1080,38,177,1
"GohGTbjb0nI",24,51903,85,19,67,1
"sRYbfTJMbPM",25,51890,525,128,0,1
"L019W3jacGo",25,51885,736,83,89,1
"nIYrRNklra8",22,51882,5032,26,510,1
"D3HUWzyJzAA",22,51861,475,8,79,1
"yWG9w1l_pXw",25,51854,195,81,565,1
"FWX3xTwX6vI",24,51842,282,44,59,1
"-wM9Xvry658",26,51816,1684,15,339,1
"80fT7fyA6Zg",26,51790,2728,54,329,1
"CoIGv1FGmYI",25,51770,282,49,106,1
"xagR0QKgAMs",27,51752,3553,115,615,1
"lJkm7GbmFv4",26,51655,4308,23,302,1
"OQ8QR4q75eM",1,51631,112,6,110,1
"vkYE2AaebM4",10,51623,423,27,235,1
"AW8RvI_sYSk",17,51623,349,45,138,1
"FryTblnP_WI",24,51598,908,51,0,1
"nYkvvOdPquI",25,51575,499,17,193,1
"cGUr0QXNCmc",24,51505,624,22,120,1
"lfVg-6PBJAk",24,51497,1026,16,70,1
"ktrNPjMkaEE",24,51464,4370,76,781,1
"8XpSIAvMomo",26,51457,1735,11,351,1
"kV3cX_j3nPw",22,51394,792,32,0,1
"wlRh6aRXEY8",24,51360,3729,17,614,1
"dAVOp-oJmPs",24,51356,436,27,63,1
"9JCdCs-Ip6M",17,51334,3295,37,117,1
"bGNv0rbeIpU",29,51327,517,11,37,3
"ARjzG5rEHEg",24,51310,2456,543,1041,1
"IG8eBVDFyZk",24,51307,2233,31,553,1
"LGR0hZqBEfU",24,51302,2823,43,662,1
"bicN2JBRc24",23,51257,4373,49,368,1
"O8J98tRNR7M",25,51252,1614,258,356,1
"hR9dC4pRD9c",24,51232,234,61,47,1
"8Yg_esdb8U4",25,51222,1817,64,580,1
"LzefVqRNiqA",24,51179,3167,198,1254,1
"thBQhCoJEFQ",25,51102,437,51,1016,1
"ucSVU0J8Eps",25,51090,1357,44,690,1
"BoT-6Z597Tc",24,51081,1670,14,206,1
"CsBrzSTb3-0",24,51062,4086,130,1411,1
"rlDApluBWg4",27,51059,2891,72,1117,2
"QWlfnT9jsBE",22,51001,720,39,214,1
"M-MT0hvxF7k",26,50983,6593,33,764,1
"MUFgPWzgy9o",22,50964,378,43,219,1
"-yOwzTXUTuA",28,50949,3975,49,2192,1
"nPRGWjUYGow",22,50929,2280,91,900,1
"XB1gGUKK7jg",22,50921,2888,12,550,1
"1_CarLAuBiU",24,50888,6566,418,1782,1
"mH5VBWYAgjM",10,50883,803,31,433,1
"mgVFxBk1s6o",24,50872,314,71,71,1
"meIe_v4RtNw",20,50859,693,12,251,1
"tKEtvo38Lh4",27,50820,269,36,653,1
"BmC1zklHAV4",24,50816,9924,12,458,1
"nT26UCAXLHU",22,50814,47,15,11,1
"ubRbaA0yyqw",24,50714,1619,48,374,1
"dS-9OS4qTi8",22,50704,171,33,55,1
"H9Sy-UzuZKU",24,50692,3785,15,386,1
"Is1FIb4Iabc",25,50654,3112,58,1302,1
"-UfhC2KkpwQ",24,50653,4253,58,1557,1
"6kpmnioYfwQ",24,50647,598,37,137,1
"tSS819OpJWE",20,50610,1364,44,338,1
"uFDzbOjUfbw",25,50603,1162,75,599,1
"KvpRYegmxtQ",24,50561,240,61,216,1
"ujKF2k98_9o",25,50525,710,68,3,1
"jop-fO-yHx4",27,50524,4585,28,275,1
"1xzGmmWJmhU",22,50490,80,49,15,1
"6aXr3IMKj-g",25,50468,533,83,209,1
"2Zh_i_CJb4g",22,50459,2129,14,301,1
"wtgsk8hKac8",24,50454,0,0,157,2
"AqIybp_jpjE",1,50448,1038,19,132,1
"uq_LChW-pFo",25,50421,1439,228,1244,1
"ksZ4bhuCBn8",1,50387,551,20,51,1
"XFspfVzM3UY",26,50371,3048,59,267,1
"Gg_prdJpVUI",25,50364,2723,60,770,1
"9PluGinulQM",24,50357,2162,11,138,1
"OFMtIz8p2fM",23,50350,9824,106,628,2
"U7rDh9RXmgg",26,50328,3400,56,362,1
"anPZk6a3N2E",24,50307,352,53,54,1
"IV17bu7vQcw",26,50297,3059,38,210,1
"buK6zMINxUg",26,50288,4555,38,567,1
"39OlXOunTHg",22,50256,222,30,141,1
"BI9Uc2Izcf0",27,50241,161,20,70,1
"ZMRX1KjfkRc",24,50233,368,61,81,1
"9AOp3V1xgps",19,50231,1292,28,94,1
"S_4lgpl-jRk",27,50181,3486,253,979,1
"GThX5ssVBn0",22,50173,2006,74,908,1
"xoz49d6TPuI",24,50171,210,46,34,1
"EaJnYMQ3pkg",24,50170,5206,40,1141,1
"LyuJ1kju68g",22,50149,718,37,1003,1
"tuazpLcXttU",1,50123,684,20,106,1
"SnRXoBxaxVw",24,50111,3352,57,465,1
"cSfq9rGihLI",26,50109,5051,45,573,1
"pnQy6kXvx1s",1,50104,65,11,48,1
"t3tPgmk2eTU",24,50080,3627,6,990,1
"i_oPlhO61Gk",26,50075,6972,63,504,1
"1-X0xk6kN4Y",10,50047,341,45,14,1
"jVz2u0j3mOg",24,50045,505,51,114,1
"UqX_HjTCAbI",25,50037,124,4,38,1
"Z7YjFQmasww",24,50034,2374,7,271,1
"0uleuYRCMt8",24,50027,502,274,480,4
"onk2Y3sMzq8",25,50025,250,30,16,1
"oliE-xrD1aI",24,50012,1169,15,46,1
"brpcUzFD8po",25,49984,364,25,50,1
"_2xb8z2zYg4",24,49903,337,25,72,1
"i_m1JvXdrlE",24,49867,2172,78,620,1
"-55OlnWP3eI",22,49858,337,51,0,2
"bFLBtu-G9ao",25,49848,0,0,577,1
"6-E1D8smzMM",25,49844,237,46,357,1
"UQYzXS-S1KQ",29,49841,154,39,108,1
"gtebzAdwqXE",24,49833,1137,12,173,1
"NrjmN3VTKHw",24,49825,6171,25,1371,1
"CwW-_xj6lV4",25,49825,1484,264,1576,1
"Pm-cwuYslB8",24,49813,241,24,76,1
"BoJLGHaP5NU",26,49744,3220,67,1053,2
"jd7DsnwXbyQ",24,49724,576,33,133,1
"ZZ9U4KuEYjI",25,49682,222,75,344,1
"ZeQzXLeoA8k",17,49662,354,45,155,2
"0EMGyAzeO8U",24,49647,220,30,42,1
"5VEvuGLguvM",26,49640,3104,35,133,1
"1QAIb3OPxW8",22,49620,271,41,186,1
"SFE8RlKlLCE",27,49619,2687,39,677,1
"eroexhJFTV4",1,49575,2562,130,461,1
"ZgDiIoFPPXo",22,49563,58,47,54,1
"8OpvyE2Hobs",22,49562,309,39,185,1
"e1l2Eh36mrA",25,49554,176,48,326,1
"rlIZUAmvHEw",1,49536,121,22,49,1
"uVaaPUaw8CU",22,49510,310,35,463,1
"fBy2ePCiA_k",1,49500,132,10,156,2
"5k69GPh4JHE",24,49470,872,59,225,1
"N1s8P6KPL28",24,49461,104,5,79,1
"N-NnXy7NVRM",26,49453,1826,16,444,1
"YAQB-65e9nw",26,49434,2656,70,392,1
"nM1SJDjxMyQ",24,49420,196,37,79,1
"SwTmYVT4IGg",25,49404,1543,169,1015,1
"sCzosfG925Q",24,49397,1006,25,232,1
"zyUwVMzlXn8",26,49367,2538,65,295,1
"IibouWsn3tE",24,49346,1387,13,49,1
"_tG7i5Tj0oI",24,49298,530,16,131,1
"iFA2iBsAGfw",17,49284,679,9,0,1
"vAUUvs9x5oo",24,49280,1349,98,281,1
"MD8J4qB4NwI",24,49275,1007,21,350,1
"wNWYp9Qwu3w",23,49242,9425,51,792,2
"7K2eePsPGWY",24,49234,368,22,98,1
"JqImeRGqqdM",25,49187,1317,194,579,1
"vMzLq7979LI",25,49182,317,15,84,1
"JU3WyhOoli4",25,49180,4500,184,840,1
"qmpDK-8ib2Y",27,49171,3762,30,689,1
"59LTGIFEOMI",10,49167,2877,85,560,1
"JejqRZOi1p0",22,49159,639,61,97,1
"PVIK1aokPT4",22,49119,205,40,209,1
"-gg5yy54tgM",10,49108,3695,26,329,1
"-HSlxLT-Q0o",26,49108,3887,41,447,1
"cbxwHT4wl88",24,49100,370,116,111,1
"SBxHpXz1oOY",10,49078,3779,109,645,1
"DPoPpp-f5iY",25,49055,1540,147,640,1
"5XUwdZkM6N8",26,49037,5037,61,678,1
"2dOZP79aHgE",17,49034,336,28,111,2
"API_sR_IpbE",27,49029,2448,124,173,1
"OI-CgdW9rzU",24,49018,3724,212,1044,1
"C54cHGCwBdk",17,49013,2088,20,297,1
"1KZCi66NmW0",22,49011,6021,32,482,1
"6Mvm3g9PV8Q",26,48976,1540,18,417,1
"IFb6UVqSZS0",25,48970,621,14,151,1
"gHZMOupPYsg",25,48909,2358,59,960,1
"UA3PZ91LAAw",22,48908,2495,13,436,1
"HhWZsGEuE6w",25,48883,491,52,74,1
"yFTBejkrQxY",24,48880,773,24,64,1
"9CulCaTU9oU",10,48869,9574,46,1323,1
"vEFQNMRIJC4",26,48848,6051,55,889,1
"91MWq3h2SBM",1,48838,397,13,51,1
"UgOEG-qvwQ4",24,48785,394,109,150,1
"JeqHOhtlhQ0",25,48771,2217,33,732,1
"M_AHppQywE4",25,48758,135,62,19,1
"G0x298RhRZw",22,48737,36,16,40,1
"X-0va7KHiJ0",24,48714,1105,19,148,1
"wez9mUFryvY",22,48708,231,28,78,1
"vaJwuV72N5M",26,48697,2683,91,381,1
"u38yzHWUtBo",25,48691,550,20,51,3
"cc4YxLKgucA",24,48682,4518,44,919,1
"xldGm6EuTTs",22,48672,212,31,154,1
"fwHYEY6sRU4",24,48621,249,25,78,1
"Mvu_Tfn3mVA",27,48615,1432,44,640,2
"RaoKg_b2mds",1,48614,89,21,61,1
"wWdaNPz7L4s",22,48611,34,29,4,1
"3m5aN7WbLX4",25,48589,301,29,184,1
"kYQ6fP6QEf4",24,48584,938,22,57,1
"GjijiwfIKo4",22,48573,154,43,68,1
"VgvY0tJs_iw",24,48550,3393,83,632,1
"fUOW0sreq6Q",24,48543,1285,35,107,1
"8eNZz9PTERg",10,48507,269,33,269,1
"syIo1TKWEXI",25,48490,2778,35,726,1
"t1QKLzs9IPA",28,48482,2907,80,1187,1
"xrx9oCPfjmA",22,48461,170,34,136,1
"rac_vo0g4Ag",24,48441,380,55,95,1
"qk74eFQemFY",24,48440,427,84,198,1
"KhbuFwJchMU",27,48421,2978,949,1073,1
"Ngi7vJrmNzQ",22,48391,3304,34,386,1
"eWZmKr-tToA",25,48387,392,57,0,1
"KCwjge3qDOo",17,48364,220,27,28,1
"oKuJeO82_mk",25,48348,798,214,735,1
"8YcNzCWcwT8",10,48314,2612,34,208,1
"wO2NCieMj9U",25,48313,1752,91,795,1
"Wk8UQ2RtzXI",25,48282,943,46,426,1
"HHDEq2EAUA0",24,48278,686,17,85,1
"H1JRtdRZaCE",24,48275,249,25,70,1
"m5KPQaoQmtA",24,48262,531,9,0,1
"gy45HWaFhhA",24,48260,341,48,68,1
"BEEceP3Vv5c",1,48242,729,9,140,1
"8SLJZbQCHR8",24,48228,461,18,293,1
"XUy_SifkUlg",24,48197,3141,21,450,1
"QF60VV3G3_Y",22,48165,2067,137,998,1
"zrUAx-qX_7I",25,48059,1103,52,432,1
"8NrJ7H51ZKM",22,48034,65,48,10,1
"T-xboEvg7Ho",17,48005,388,11,206,1
"wGOjfYzw8Vg",22,47980,266,36,200,1
"GU5aK9UYlww",26,47961,3410,19,155,1
"qGZkHwxJj1Q",22,47953,30,7,37,2
"COyq-InVLWA",26,47925,1696,18,451,1
"zx1SNX_MwLQ",24,47919,589,109,256,1
"lxHhma3HOt4",24,47915,1544,154,614,1
"xvNZGAiDudo",27,47911,4753,36,671,1
"x3Vs7989yE4",17,47878,435,12,52,3
"S0SWX8xdYCQ",24,47838,440,65,181,1
"Kdq9iU46Td0",25,47826,254,46,275,1
"pUV_alGCJcw",17,47793,387,25,318,2
"xzU5nyf8r80",17,47793,238,9,30,1
"_Hy8fg7Qe84",26,47790,1397,20,136,1
"H4iAP3wnHLw",26,47781,4031,28,547,1
"SD7Pbd7gXFw",10,47745,1538,43,163,2
"ReIRP2fkprg",25,47699,1550,35,500,1
"S2PmTb3xA2U",43,47693,392,62,27,1
"xAHMRD649lU",1,47691,77,20,62,1
"66U6VDvz6Ks",25,47680,130,66,6,1
"f-xSBDH5z8Q",25,47678,307,66,291,1
"eKP86OqNwMA",22,47658,184,22,57,1
"G8mVjYzQbko",26,47579,2450,37,327,1
"3CRLKxtcTxw",24,47568,4024,41,800,1
"ufg-vo-TDiA",24,47564,924,11,88,1
"U-NOeNp_HvY",22,47544,313,38,520,1
"v1Nn8ZejIHw",24,47517,726,226,305,4
"ELniGiPHcvk",24,47514,1254,160,563,1
"qhpgRpECZpw",25,47514,2438,822,1029,1
"FQ-0Ciz1qm4",25,47490,2231,172,1079,1
"xkPrCbndx-o",24,47480,370,45,87,1
"3aohzC9k9lI",25,47458,366,39,181,1
"pQozsjUR7uw",25,47437,251,53,253,1
"OF_qbkkAF0Q",24,47391,1008,14,150,1
"Pl7CKKMGC9M",24,47387,2493,128,629,1
"S44AVb4cnbs",22,47382,681,37,137,1
"CDi9WO5fLX4",24,47328,185,19,41,2
"w8iOjbwBbco",24,47320,617,89,359,1
"TgV9azkdKXE",25,47290,3891,94,1067,1
"V65B_g_-ANw",24,47207,3232,49,468,1
"G0SpzIIHEaE",24,47096,3761,85,1991,1
"cvWMHO9kCr8",25,47091,170,38,221,1
"0_6JGVdbUCg",24,47080,601,8,149,1
"m5Ro5SD2C9Q",22,47078,7,3,7,1
"DtCQa1R2vSw",10,47072,1584,39,432,2
"OtiBBfpyrpI",24,47061,493,209,49,1
"hQfgA-yKzPU",24,47053,901,46,136,1
"g2XWivhjKuw",22,47051,433,43,286,1
"VgRzkIjPu04",22,47043,932,36,164,1
"QRG5MOuPgwM",22,47036,35,2,43,2
"L5e_favPleI",26,47020,469,14,88,3
"zGeonq49IsQ",24,47002,436,38,114,1
"cEdI1wudjKQ",24,46999,834,35,0,1
"w3onKVqLSLc",22,46979,632,39,248,1
"htEVDJRUoqE",25,46967,563,21,99,1
"vL4kUEGKlq4",23,46950,457,31,103,1
"ynvbdbCAOGg",1,46916,198,17,27,2
"Alpkml-14LQ",17,46911,381,113,389,1
"S-5IU_xdAIg",25,46905,228,29,0,1
"BLbmipYjHR4",25,46871,2602,63,634,1
"YjF63t7KFns",24,46860,950,8,123,1
"YrGeI_ZtiLU",25,46848,1558,113,425,1
"MA271ViruBE",24,46848,4108,23,607,1
"q79MNkMpi_s",25,46847,375,38,0,1
"OrM6CuhknI8",26,46844,5405,105,1435,1
"KXtT9nYaHqM",17,46834,955,12,93,3
"2m4HB8tBkCg",25,46830,1463,71,920,1
"F4kFawHY2I0",24,46827,733,9,212,1
"tzeN-t0KWmw",25,46820,333,38,282,1
"Qp2JEjH1i5Q",22,46806,255,33,54,3
"Fv_riHoGbmM",1,46790,1319,78,1133,1
"iZ0LuExxyFk",17,46778,764,5,271,2
"IOo2DFUxzb0",24,46740,1120,41,72,1
"F70o8M4P42g",28,46706,1050,36,333,1
"tMpBbkSpuro",22,46679,218,28,129,2
"XJLnz5pDXdo",25,46678,211,9,107,1
"ojFLLEdXIXk",22,46672,4831,40,352,1
"_rKIDfLQOcg",26,46665,2571,52,230,1
"CKc8kV9ZI20",24,46664,379,96,145,1
"N7AU4JqD0XM",24,46654,438,13,241,1
"VKm1oNZuiBc",24,46611,536,43,222,1
"fRG37dYhTNw",22,46578,340,37,31,1
"jJ1X6JMggV4",17,46572,189,14,161,1
"jVMGtvpZ2Mw",24,46567,717,42,140,1
"K3x2_eAfzYM",22,46551,1303,32,510,1
"du4cj0zdCW4",26,46518,4027,60,439,1
"8KpzP5Gj1Yg",1,46490,78,12,42,1
"4fLvhKGRGr4",25,46464,383,92,142,1
"z1sdvfkN-Ug",22,46448,1723,69,555,1
"G72XtRF0dSA",25,46432,655,77,249,1
"KTO2cZt1c-I",24,46381,212,28,47,1
"q1sfXwfFU00",25,46362,246,65,299,1
"E8hJ2w8ULTg",22,46293,168,22,85,1
"gnDVjDTXE0k",25,46258,2557,56,1076,1
"LvaUaOfX4_o",25,46254,546,26,397,1
"Qrc9SW2RXDg",22,46201,248,28,63,2
"Dqg9tikO2YQ",10,46179,1619,71,250,1
"dzKK9-y_kMM",25,46157,756,19,165,1
"rCOJbD3GPFk",25,46141,836,212,1170,1
"YBKA4LXVuFM",24,46112,0,0,51,2
"Y1A9X9bD-1E",25,46111,2705,34,840,1
"H8pQ-8keFs8",24,46105,352,35,269,1
"td8PwMAtpQI",22,46085,2053,50,553,1
"vvazzKx2vNE",25,46081,2212,33,913,1
"NTXy_U0DGSM",24,46043,331,170,206,1
"E_ViwNxUldw",26,46041,2576,49,427,1
"MKJh3EP6GJA",26,46034,1765,48,151,1
"w2Q-ET6YchQ",17,46025,157,17,22,1
"bPNX7q5QMog",10,46024,3375,53,535,1
"wlnQ57-Q6sQ",24,45990,245,57,321,1
"vDx1GgfP2hE",24,45985,138,12,69,1
"9EnZVjg1-EY",1,45977,93,11,83,1
"ewm_FQ-PSlQ",25,45973,436,38,207,1
"x0x6odWmUb8",25,45970,112,93,422,1
"dY40uNd5Gow",23,45967,6857,27,238,2
"Y05GGrznYvk",26,45934,3017,80,343,1
"pylECP8CdHE",24,45930,1662,79,230,1
"HQiXNlhjxNI",25,45927,221,47,265,1
"J6-nswD9wtk",24,45877,378,55,93,1
"yUA9u0vpcx8",1,45877,108,3,82,1
"vHNqIlbEQTw",25,45806,0,0,64,1
"VXBuobdfqTQ",17,45798,378,4,74,1
"7B5EbbuXKgQ",23,45761,3993,33,282,1
"JBYqV2sK918",27,45754,2329,36,466,1
"_V6G05MpQwU",25,45748,408,9,41,2
"Jh9utnMYRKs",22,45745,248,39,386,1
"NA3eTJ5ko1k",24,45724,35,11,31,2
"V21PHG_xzkI",24,45708,272,44,133,1
"j_8bOJnGDd0",25,45691,907,61,654,1
"h9Wkpi49hvg",24,45682,1001,4,278,1
"j06RTT1fUUQ",24,45662,219,57,63,1
"EmmZ8EE-Wcc",26,45648,4489,36,562,1
"jWByworXeps",24,45607,183,35,69,1
"4W6qR78Yum0",24,45546,143,36,92,1
"YW17sUoxqIE",24,45511,365,18,49,2
"T7RKuvO5n88",24,45469,404,80,349,1
"XFC-7viI3WY",24,45461,198,56,40,1
"NrEBUtBWPI4",24,45444,209,89,255,1
"G2X9S2UW5mM",24,45438,0,0,266,1
"uImvvJhIbGY",24,45420,346,38,104,1
"zirTHK6RrnA",24,45392,551,44,159,1
"qVGETacZYys",24,45321,467,75,70,1
"UEmteBWAzag",25,45298,1451,276,1874,1
"qLbUaVBO6mk",22,45289,230,41,341,1
"pdB-T5Q8y0g",22,45269,1154,43,290,1
"P6J83-8L7R4",25,45250,2030,75,406,1
"XPgoByWWGvI",24,45230,618,25,0,1
"by2PxJhY_js",24,45205,354,15,41,1
"4BMiFzqBHbg",25,45199,326,24,281,1
"XEgbUe_-h4I",22,45180,291,29,157,1
"WMgPEkkgZsg",26,45165,2790,43,327,1
"v9EUmHHhe5Q",25,45161,1951,52,440,1
"SZUf4PYXjUg",26,45160,1518,15,442,1
"B840wabv8wk",24,45143,1690,38,345,1
"HhZabuR3U0I",26,45129,3817,26,499,1
"RE5zF_2QcuI",23,45125,6387,42,945,2
"gU7eD4zya28",24,45101,1053,16,45,1
"DmDbYeNBsL0",24,45100,752,16,0,1
"zbJCkVFJrL4",22,45079,30,12,48,1
"7BuaHCVFRzY",24,45060,258,27,33,1
"kliDEvO49r8",26,45053,1565,17,316,1
"jLJwJLMy3w4",1,45047,106,12,91,1
"YxecxIbQmJM",24,45040,661,10,63,1
"B10QWgsAWzw",22,45037,4133,39,718,1
"0ybMDVbuft4",24,44995,209,47,102,1
"QDXnKKxqawQ",24,44968,505,9,0,2
"kKev3c5QSIY",22,44933,265,8,31,2
"7L5FAHRfdaY",23,44897,1536,44,174,1
"5uAeUFmeHYI",25,44889,221,36,11,1
"5EitxN6DDN4",10,44887,3236,48,517,1
"eS9NJfwqTUM",24,44874,421,78,122,1
"hmq1V38k1JM",24,44859,264,52,63,1
"kE-KlD9MRFg",24,44847,337,51,141,1
"oiSMMFXGgGY",26,44838,2326,28,796,1
"x3x99VG6qQk",25,44831,2948,67,1146,1
"Eitvb_5zEaU",22,44829,2120,34,305,1
"x33A0tQgAy4",24,44813,2583,218,581,1
"aK7ALwIArP8",24,44809,134,16,9,1
"QvwTGiB9aLQ",29,44802,1091,71,7,2
"k9pqTb39hfE",25,44775,201,89,201,1
"1texQ-n85Qs",27,44770,1151,35,176,1
"fvWUvxGmqTk",25,44769,4870,385,1386,1
"gJ35lBFkoaE",23,44733,3788,56,287,1
"VKW64fQwzRc",17,44661,379,28,284,2
"Mf1GiNpcHGA",24,44636,1605,78,761,1
"UGoqMQqgMbw",22,44630,2858,60,1192,1
"sP3gRrfgWZA",22,44600,1273,62,326,1
"HD2rMd49yG8",24,44597,730,16,131,1
"1MrfUQv49m8",1,44559,1059,53,92,1
"st6Y_7dRvoE",22,44554,304,23,33,1
"8qx3kIGmin8",24,44535,1153,13,134,1
"J24tPJKnHwo",22,44532,265,27,176,1
"5923HlAnm34",24,44528,527,23,0,1
"TtEhxYAMbVg",24,44527,824,12,127,1
"1oRK4bLtrQE",15,44526,3227,29,542,1
"hk3nvu5-nEw",25,44513,253,19,0,1
"pz-9Y_m_Np4",24,44496,1820,14,111,1
"KqFMds60UAg",24,44474,1454,24,177,1
"njMEFfBsDjA",25,44465,194,26,0,1
"RRdeuKmux9g",25,44462,990,88,332,1
"Eydjlz8ehSY",24,44456,36,7,22,1
"q2rgnmAks8Y",25,44423,228,47,13,1
"uHiL7u2pWiY",26,44417,2814,14,139,1
"vUltH53kldI",24,44417,756,14,68,1
"7RdHm_z05Yo",22,44409,41,13,21,1
"wN2eyFaBh4E",22,44407,28,12,47,1
"_lw42oDH2bA",24,44405,1794,32,246,1
"6y8NoeWISLE",25,44402,597,20,0,1
"WBU89etq2NI",10,44379,1986,39,305,2
"XFuyZ2k9mxs",27,44364,2969,108,662,1
"QI362ZEPob4",10,44328,1568,55,162,2
"6dfFf3Je6ys",25,44328,2080,50,1131,1
"lYItb8IwgCU",23,44316,4350,55,495,1
"ycZ6kCoXEHk",1,44314,79,16,61,1
"ngpD8_PE9-Q",27,44307,4313,13,497,1
"0LbceEfsDy4",24,44303,834,18,59,1
"sHdmQPkvLew",24,44287,544,52,55,1
"SlPfQcfO3CI",24,44262,561,20,29,3
"5sf9c0Y1M20",26,44247,3597,27,459,1
"zAMUkWEwfmc",24,44245,79,4,1,1
"LbL0oTROHGo",26,44238,1928,53,93,1
"hi_hc7-JjK0",22,44212,205,29,74,1
"NACktuQR2WI",26,44184,4137,33,228,1
"BbmHVnA0JLg",23,44177,1205,36,327,3
"eTq71PkXgPk",26,44124,3944,31,397,1
"R-gjM8dWTFA",22,44109,4062,39,238,1
"RrM-jlLchH0",24,44035,38,8,34,1
"G3O8xd5QYts",17,44029,59,18,295,2
"nghMpHOLFxg",17,43991,329,12,10,1
"UgL4OOlZ_mQ",24,43961,365,103,71,1
"qS4nPrfP7g0",24,43942,2359,14,980,1
"kGSjCSWdbK8",24,43910,561,46,76,1
"gaJcAx7PbmI",23,43866,2881,23,116,2
"gbHO7a1dJ4I",26,43864,4350,30,301,3
"4_0Q2OX9Mic",24,43851,0,0,110,2
"UAHuVEBXel4",25,43851,2546,32,1490,1
"spl_vUnbhSE",24,43827,2122,196,539,1
"mfrBxVBAF1k",25,43821,667,53,381,1
"TN53UH4HpCI",25,43796,375,23,32,1
"5DHPn12rOP0",25,43766,2150,75,348,1
"iojcsQfg2K8",24,43756,1058,34,86,1
"BFpURJDyv_k",26,43751,2831,13,4150,1
"u46HzTGVQhg",25,43743,725,162,469,1
"h74ITaQ7Caw",24,43742,2832,190,153,3
"TaEXgTyBtsU",29,43725,2402,43,857,1
"QBOzHhuTzvw",24,43688,1232,31,382,1
"KMMelNEViBw",26,43677,2621,20,139,1
"h0qxFyj788c",22,43665,644,25,129,1
"H8OG7J3UPwA",24,43658,1708,44,253,1
"NFmvoO60GYg",24,43625,457,40,73,1
"7LNSM_R1sQY",24,43623,16,6,8,1
"aHxzG-VdO_A",25,43555,532,232,786,1
"07ht9tfKPlI",23,43553,3937,31,418,1
"zpITBz1SYMk",24,43549,637,5,68,1
"_LYsBQ5qiOQ",25,43544,576,167,307,1
"Rmxim5ozSKU",22,43518,1622,46,239,1
"7YkN3KXI2PU",24,43506,339,84,247,1
"Ags38CisHog",24,43503,428,37,165,1
"wHW3eyDLhN4",23,43482,3407,65,744,3
"CKXu0p_e3a0",22,43466,47,9,22,1
"I51S0BRmMOg",24,43452,261,18,111,1
"58cdmVpZ_G8",28,43443,448,63,110,1
"8b6dUkeQQMg",24,43434,838,125,153,1
"xyx7JVQsxSI",22,43433,43,32,6,1
"r1tO4fT7Pic",17,43389,136,4,10,1
"HaQdrVC5QOI",24,43367,333,9,30,1
"BhACy5hGo2s",22,43363,138,47,186,1
"zxErbW0hM2M",22,43360,3370,15,337,1
"K8XxS5o5PPo",1,43347,97,11,40,1
"601W2iQR3kI",22,43343,3834,39,820,1
"Rck7y3m2xXo",27,43341,2222,50,796,1
"YKISULHWs3k",24,43273,2037,37,426,1
"hfqnCgwTQuY",24,43263,3155,172,735,1
"_KoOSqiUIzk",25,43254,854,42,304,1
"cE0qg2z-ogY",24,43247,267,26,153,1
"q4Y0EqcuN7s",22,43238,1190,41,70,1
"KIiYlIeaNJk",27,43234,1706,34,230,1
"yOX2HhHX_d4",22,43231,67,13,47,2
"GtIh-ieo_0w",10,43230,3010,59,566,1
"Ji7Q3-N3XDU",22,43197,20,9,5,1
"XI50C7EPTfc",24,43141,6611,49,669,1
"cMrvTmwKehY",2,43140,629,31,167,2
"eopBwjy2bR8",15,43139,3073,23,328,1
"H-4M_DTEvQg",17,43135,195,15,38,1
"Az8NGGOVZzw",24,43109,4689,195,991,1
"0voejKDHqqo",25,43103,1423,234,952,1
"IB7bvNTYsrM",24,43096,316,92,235,1
"RkTgSx_JKy0",25,43079,401,48,113,1
"AbUkLeBUmxI",26,43075,2227,34,177,1
"-0XP8UXesHg",24,43056,141,6,69,1
"2bQrnwdhgaE",24,43054,1246,44,173,1
"IP38OPYW82M",24,43040,486,54,224,1
"kSRKZr8Xe44",25,43020,1088,37,614,1
"FKqs66J3CjQ",25,43015,153,31,104,1
"W6QXl920Tdo",1,43007,86,17,48,1
"pYOQutHfCDo",26,42956,3188,47,188,1
"qnR8rFPsIqk",24,42951,577,16,0,1
"Ah8vf090-Tg",1,42940,671,26,275,3
"TytaaHxK2Rs",22,42924,467,21,46,2
"yiAbt_u3DAE",26,42908,2757,104,280,1
"Y3nBGD65ZNU",22,42902,138,56,201,1
"NuIHgWdE5Dw",25,42889,152,33,199,1
"0VN1zxG3GoA",26,42885,3369,88,474,1
"2KihJ-V1BdY",24,42868,239,35,209,1
"e6SfdM-yjXQ",22,42821,69,31,8,1
"MOACj3FB4dk",25,42813,532,64,252,1
"XbLod9JGfII",1,42805,265,10,48,1
"uuB0jc9yiLs",24,42776,417,110,193,1
"Z_ixeldDBqs",17,42774,193,13,146,2
"kkQwEd2gzHU",24,42754,1076,40,208,1
"oIRS30FRQNY",25,42746,0,0,1053,1
"27X-2WMVako",25,42745,216,38,349,1
"8_JGnXBzrs8",1,42723,101,21,64,1
"VlPWjQ7DSUw",24,42663,622,11,198,1
"nZUwSdU8jak",26,42656,3376,36,439,1
"yYarOqR_UQ0",25,42622,100,46,137,1
"Vw7jTVTzj5M",24,42583,217,51,44,1
"dlkC5LNR6OU",24,42550,2869,17,711,1
"st2XOoTTUUQ",24,42546,1450,10,94,1
"pI1F4HrbzT0",24,42546,319,55,416,1
"Lr-KULJBY60",23,42544,184,37,20,1
"-IF2i3dBc2c",1,42482,45,11,45,1
"khlbnwjvax8",26,42461,3240,105,239,1
"8x_fkwASV9Y",24,42437,35,6,46,1
"mVhwMz2NQHU",24,42375,88,9,60,1
"6o54Y7dhOus",22,42360,2580,33,781,1
"7be61HJon4w",1,42355,98,14,73,1
"f_W70ABuSPo",25,42348,234,49,415,1
"xMJQ2kwrlg0",27,42279,2209,48,483,1
"OxfrLktoo0U",24,42261,450,7,146,1
"06cQHUqwTEs",1,42260,89,16,40,1
"shJ8fI91eZM",43,42240,122,38,128,1
"qInc4IA6Jtw",25,42231,167,30,164,1
"AxKb2V1e2yI",23,42135,472,44,106,1
"oJveN0UHsaA",1,42123,4386,12,308,1
"Una_WymXCh0",26,42105,2753,26,251,1
"CkBw0-avtFI",1,42084,63,15,40,1
"vhEhHA1_lYc",25,42056,2133,48,611,1
"-hgSB0CghVI",27,42019,50,50,29,1
"5Diyv70aBGQ",24,42013,308,43,30,1
"ablUIYTofCQ",24,41976,1281,55,459,1
"TGBv8XE3sco",10,41954,1956,24,238,2
"_IBepCdpMto",25,41925,391,52,98,1
"bKY0e8-r3Mw",22,41898,1688,39,354,1
"6BAQtrbK6d0",24,41885,195,102,375,1
"1qxksXmFHOw",25,41866,2606,46,791,1
"42_8ZB6V6zU",24,41849,168,51,213,1
"h3Uq8oGEmfs",1,41754,670,22,339,2
"L_bCqYAnh84",22,41751,674,62,270,1
"qHOerOgM-kU",26,41749,3007,36,272,1
"WcaS_uTilyY",27,41742,1057,133,821,1
"hgzfFjIwzko",17,41737,163,12,45,1
"L6RO4uRbrNc",25,41734,179,36,164,1
"w0OSb7FbXas",22,41695,2217,61,632,1
"4yBKKGuVEAA",23,41663,3822,33,429,1
"VU1yr-AoWoA",22,41647,1454,38,315,1
"AvMh3Ty_RnU",24,41637,227,15,90,1
"HceAq6_LieE",25,41623,954,93,1011,1
"lxpGg5AnQqY",1,41596,114,62,229,1
"2ONaKQxDMrk",25,41543,2539,116,1304,1
"ff5ov4l1ILA",24,41538,1211,6,84,1
"n4DFdeoi234",26,41534,8542,26,2597,1
"yXIGftzvxj8",24,41533,427,13,30,1
"ZyoYL3eZP7A",22,41524,2179,54,567,1
"ktXQ2fo80Vk",24,41523,763,3,26,1
"5j2_3c-4YDc",24,41508,326,56,100,1
"aG1TCwWFXBE",24,41504,36,13,28,1
"_Nc0iQw8-bY",22,41503,14,3,1,1
"3RZ3hfo15_Y",24,41454,505,9,113,1
"0zhCSMDoxrE",25,41437,377,58,182,1
"Dpg7FDe2MWY",25,41406,269,104,681,1
"YkKeXRIA8O8",24,41391,1988,35,201,1
"JrkNAXOq7-4",24,41326,156,20,122,1
"coJGCwzkuuQ",22,41318,580,38,459,1
"qlAYvPPPhmE",10,41294,5072,70,730,1
"rJOMYEXK6cs",25,41259,673,112,0,1
"4A2eZPIDUE4",26,41256,3227,41,339,1
"3oR1Ij-TZ0A",26,41249,3652,29,570,1
"B3ETfO21AfI",1,41231,308,4,64,1
"sJwHTfczDGw",24,41218,556,17,0,1
"bni2fuOmiXo",22,41217,265,33,193,1
"bp7gGN0wCAA",24,41200,0,0,11,1
"2-BnFLtRd1U",10,41165,1766,33,252,2
"f_fnICkngGQ",26,41152,3011,29,281,1
"_m4DEOuMIBs",22,41135,1563,76,623,1
"oh9gfElmL7k",26,41126,1452,15,201,1
"RpSyb9bY1Mw",22,41124,25,15,56,1
"kbSqXseTaA8",24,41094,489,48,79,1
"aZ2ab7RtuDU",25,41070,731,260,0,1
"MZcbudUBu7E",22,41068,140,24,84,1
"JwboxqDylgg",17,41029,296,32,33,2
"coCP8MAwdws",25,41012,3543,63,1301,1
"kOvTe71UMEQ",24,40978,958,7,97,1
"qGBMi9aLejs",22,40977,1735,36,197,1
"Gqj6BwAtroU",22,40959,16,241,34,1
"X0RzmArLCyw",25,40959,285,36,148,1
"6-UkUa3Gzu8",24,40954,854,41,224,1
"Wn7dlZdhEc0",22,40941,318,18,53,1
"a494JG9OGwQ",10,40930,2674,44,130,1
"APvZYovy1hI",22,40929,355,28,76,1
"WviH5SMISAc",1,40863,274,37,143,1
"mkcClYmV23w",22,40849,147,26,57,1
"dIypnpzl6Wk",24,40820,336,42,247,3
"VTadEBS1NA8",25,40815,180,37,15,1
"5M5E-sHJpxc",25,40797,476,19,80,1
"W2wxakv-p6o",24,40753,343,54,55,1
"wKp5Ml3vyeE",23,40672,4322,16,423,1
"BqQjeTMRxok",26,40646,2795,27,163,1
"f_X79_1IGCw",22,40623,87,23,3,1
"aLaE3vil0DU",25,40577,210,30,88,1
"08s1JuBw7o0",24,40567,177,7,97,1
"Y_iF-szXwdU",22,40520,43,5,46,1
"e7D3c-f3EO8",24,40514,663,71,0,1
"zKueZxfJalA",24,40508,495,19,0,1
"wSKHzvrWsWA",1,40495,603,33,269,2
"emS49vKyCUM",22,40472,226,33,80,1
"0yG8J7wfijw",22,40467,1583,50,461,1
"ydBFjl6rHrw",24,40460,446,17,0,1
"9yeaWbUotuY",24,40457,1020,15,184,1
"SwnP04VvfOY",25,40454,2,5,2,1
"3D6EhmTuGvI",15,40428,1354,22,124,1
"-_xtA9Pxh0Y",24,40407,1256,72,303,1
"2ciTI3Y-POs",25,40381,162,86,0,2
"9t8_HU7MHPI",22,40350,1450,36,263,1
"PT5fXUNktSk",24,40336,360,93,201,1
"5rV4plSk3kM",28,40335,1048,76,501,1
"XrDtAoRpqLk",26,40328,3807,37,245,2
"5rPHn0TJOJQ",25,40321,2189,47,635,2
"w4_vKccFqbo",22,40298,113,21,16,1
"DB2qwfBeV1g",26,40266,2045,72,274,1
"Fj3n87kvrl4",24,40211,0,0,2088,1
"geF2uw_89vQ",28,40171,2698,71,869,1
"tdbTYuHqokw",24,40103,389,43,359,1
"LJmZXepO_lE",25,40088,343,105,191,1
"kdsBH91HdHM",26,40086,2030,62,427,1
"oxCKVjWH5es",22,40058,444,17,53,1
"D9BzW5a8u0c",22,40034,1904,115,736,1
"0W16_CO6Pxg",26,40022,4412,29,421,1
"5erNfVKerHs",24,39958,456,12,0,1
"W6O8Q7Otwpo",24,39952,70,6,0,1
"jsflZxEUl68",1,39943,349,45,0,1
"ZZfDvXZee34",25,39937,226,28,121,1
"QbE1dQVDM-k",17,39930,261,10,41,2
"CuiRsOF5JEM",24,39879,216,61,161,1
"dfuOHkZN_uM",22,39873,62,26,5,1
"f1BDdjmqYIo",25,39868,1540,33,349,1
"YaNA0kOIn1c",26,39849,4535,48,803,1
"3YJRS1S5mZ0",22,39780,129,17,45,2
"Y3BA-O0dNH0",26,39748,2108,44,169,1
"Mj5Vw4a0G3c",25,39747,1233,36,715,1
"BNoceHEQ0n4",24,39745,151,21,178,1
"IXZkoEpxu3I",25,39701,3240,47,910,1
"MdT5ReqAO60",1,39698,555,21,201,2
"JMRM40ziZ5I",24,39696,780,20,83,1
"CNtDlrUVQVY",19,39684,169,88,0,3
"u_e2XrZx50s",17,39682,297,13,115,1
"OaM6Zl0_O98",22,39675,2242,14,328,1
"WKxGNpK5O_I",24,39641,536,36,80,1
"6B3TLZJh8vM",25,39568,204,29,13,1
"tocbTy57ju0",1,39561,72,8,37,1
"nnxmbR2lWEk",22,39551,190,23,119,1
"SCjB3y-KtZw",24,39550,88,16,25,1
"Tg0_AZbm71E",22,39534,1875,44,532,1
"AlF9oeGiroo",17,39533,393,14,27,3
"sxElZOAWzbI",25,39496,260,27,0,1
"WMfb4YFNFZs",22,39486,471,42,197,1
"uojKF_A6iCA",25,39476,224,19,0,1
"zeF8n-fnuD0",24,39423,3384,48,296,1
"mRgq5aoPz0w",22,39411,0,0,44,4
"PY9s28za5D4",26,39409,3213,53,390,1
"iPgKA99mumI",10,39369,2548,14,195,1
"K7sXnITyzDY",23,39358,2654,27,372,1
"4hUNopUEw_A",22,39347,35,16,24,1
"zpHjPMyQ7RM",22,39312,210,27,184,1
"NsnFg0ItNCQ",22,39290,11,6,0,1
"tOfRihKUNe0",22,39272,125,33,80,1
"JdGdRxKNawk",17,39256,328,26,154,1
"V6C8DUQtD54",24,39249,752,9,85,1
"_ii1J0Usnvs",10,39225,3340,17,524,2
"9vWpKk256Ag",26,39222,3103,29,476,1
"5_5rEa89n-E",22,39187,172,29,96,1
"LL0uHWQOVUE",17,39146,493,18,215,1
"sDklloRNjT0",24,39134,2512,12,312,1
"R9kODgFr4Fg",24,39133,613,3,15,1
"mWWeXQ4ANd8",26,39058,1409,22,186,1
"h0F5LYtnTCE",20,39057,3212,93,1153,1
"CPV7Zo6Rg4U",24,39050,174,15,45,1
"Vj_nCMoQxuI",25,39035,488,21,0,1
"aE2h8YGeTpg",26,39023,3003,52,473,1
"5f0oKcvdGLs",17,39002,2236,20,408,2
"AoEdlF567VE",25,38999,258,13,37,1
"FolB2i8kh30",22,38994,147,22,16,1
"Erfp78sCx3E",25,38988,2054,28,639,1
"jVZapcDTWDA",25,38975,2287,53,675,1
"73Ciwf5R3R4",24,38969,206,20,70,1
"2UvkZd95n8k",24,38958,53,11,6,1
"P2jid1hxDdw",22,38876,336,13,0,1
"Sk9p_4VmvDo",25,38867,348,66,256,1
"gASne2kVDOk",25,38864,284,31,232,1
"mZFh-PDEwRo",24,38853,1842,51,444,1
"1CoyQuMav_Y",1,38830,592,26,275,2
"L2VuYNa-Q9I",22,38805,1402,62,394,1
"Frb6FaDfNxg",24,38774,397,11,62,2
"oqEF9pH0jXc",10,38751,1987,54,313,1
"qzstheiN4Os",23,38729,3760,68,129,1
"H_yCyysNSMI",24,38727,232,10,85,1
"r72jr7l9yZI",24,38715,4724,35,1013,1
"Pjs0vzEy4q0",27,38708,2398,11,206,1
"vnDAh2XnPZo",24,38646,575,31,0,1
"2h2s48YQEMA",17,38619,564,5,59,1
"ac4IbzPqLcw",1,38617,213,81,49,1
"DSo6hiDwOpA",25,38595,376,31,63,1
"DYma6sfPiSA",26,38593,4702,30,996,1
"2Vi4XM951cQ",25,38565,1576,21,437,1
"JuVmQWjWAO0",17,38557,325,16,75,1
"AXYJxKlxa-Q",22,38545,1939,28,200,1
"tiyD31-nA9I",25,38528,429,88,237,1
"QOE7WAHLW0E",26,38514,2886,13,112,1
"_hqzg37D_nU",22,38508,23,30,95,2
"r1GXKpDBB6w",10,38446,8501,67,1645,1
"Ufqs0mxfqRI",20,38436,2718,23,316,1
"uZkSoYBj1IE",25,38328,952,75,339,1
"z6ExDVXaQFc",26,38323,3483,62,271,1
"6044all0Nv8",25,38320,94,219,235,1
"gOfFEZpfOgY",24,38301,485,42,66,1
"4fS6egD9cSc",22,38292,2252,64,801,1
"EEcDDNZ5FPc",17,38274,158,16,23,1
"YaQp8g489wI",25,38273,846,74,268,1
"KLVHOkXkA3o",24,38262,653,6,573,1
"vrKWu9vj0Jk",26,38246,2942,35,461,1
"_JdVRJ-D_A0",25,38246,318,75,527,2
"fFSKXb9A-Lc",24,38227,827,8,103,1
"LjLmAWs1H_M",1,38211,3099,60,1171,1
"m6GitVKBS3c",24,38200,331,13,24,1
"lDG2yFLP-Kk",22,38199,177,20,159,1
"zFBZEm7Q1c4",22,38117,278,23,16,1
"Op4i0O380Jo",24,38105,529,28,0,1
"Z5GtlHfajgk",17,38095,313,24,109,2
"IqutUA3UOuw",23,38090,144,6,11,3
"NIRPE7ddOfw",24,38089,405,61,177,1
"n_0g1lNxBbA",1,38087,2606,23,478,1
"tgzxe7jJ6oA",26,38082,2227,44,421,1
"CJvfR4bTf44",27,38047,2070,201,1435,1
"6kf-DGnGv7g",24,38013,1728,24,274,1
"MSyo-5ma4Gw",25,37991,183,23,0,1
"4-J-nspUNUU",24,37986,506,28,50,1
"i82PgpwDhbI",25,37976,3340,57,967,1
"Mn1EeVg0Mk4",22,37969,36,28,5,1
"6s4Yq_y2BFY",25,37957,2779,156,1290,1
"v0HrWX8kpCk",22,37945,464,16,1008,2
"vpzvsyuTOLI",25,37941,83,147,4,1
"MFDizSNyfQk",26,37936,3738,56,484,1
"aDMiWI2EOTs",25,37927,1743,26,572,1
"Dk9uitzdGXQ",29,37900,2745,30,845,1
"2CQ4558fD_4",1,37898,5086,46,1368,1
"0jN4D8KPeVU",22,37896,260,29,74,1
"BI3RQKQGVgQ",24,37875,356,19,0,1
"8iGj3fUvACo",1,37869,551,22,56,1
"UEzH_EIOzo8",17,37866,215,35,242,1
"0sRuHXIc7bQ",25,37859,321,8,45,1
"ocZqvs7gUzc",2,37857,163,14,53,2
"ImihFhKWMLw",24,37851,172,35,48,1
"ejnyigayXq8",24,37835,321,39,70,1
"_N2tsJ8p-Mg",17,37827,176,53,17,3
"WQuGahdH6iE",23,37824,207,19,12,1
"YkG4Yvwucxo",26,37789,1253,62,263,1
"CSfLsAqTQ8o",26,37749,3476,34,334,1
"cuh5VOhQOxM",24,37728,245,91,358,1
"loMxrceVavo",22,37713,163,17,83,1
"Zax29OBBoC4",25,37683,75,40,167,1
"aoqAPgwJj1E",24,37672,628,6,117,1
"AhYL3rUfH90",22,37661,545,27,264,1
"wzx2WK-pFNU",26,37635,3647,42,708,1
"0z44Bup9NxE",24,37631,661,32,102,1
"sVHm-Z1VoNc",26,37614,2644,59,109,1
"tEklSDpLpzY",25,37593,146,23,20,1
"92Ucp9NU-Ic",25,37566,167,21,166,1
"Onc2w3Vyj_8",24,37562,0,0,0,1
"BKHNOxqsSiM",24,37562,0,0,0,1
"eGt_iBDVces",10,37560,4094,157,1326,1
"RRIqKKcbSL8",25,37547,1003,55,399,1
"dMcvPsYvFvI",24,37542,656,86,69,1
"5x3RmC5Wrnk",25,37520,179,20,223,1
"sty-ZuPIlpM",24,37468,211,39,49,1
"draHBfH1wZw",25,37467,288,44,172,1
"IxzG3BdXGPU",25,37439,238,21,88,1
"ixga6yB1qiY",27,37414,2149,52,462,1
"74-7GylKadE",10,37381,481,10,58,1
"gqr0pnf6h4U",25,37354,361,29,158,1
"1Edm5sClq_E",24,37326,1857,5,108,1
"VKVTOfo3cXU",25,37316,176,31,174,1
"ifzcKmJqLkU",25,37286,562,35,225,1
"fT7udYwcYJY",22,37272,1528,35,247,1
"ilYNhdQ7PAc",26,37228,2463,42,284,1
"YGSOPMfqjUc",23,37227,4093,13,100,1
"6uN1eJwoL04",17,37225,9,9,2,1
"Axmtu-NJZnc",28,37209,365,136,0,1
"iQhNuTai_f0",24,37204,52,19,37,1
"Y-KArUvOdD8",25,37203,3663,106,1952,1
"Hb7rCWZ2Cqk",22,37193,153,19,73,1
"rtSxwGLf-e0",25,37188,1651,98,849,1
"OV3zjWJUqMc",10,37181,1758,209,227,3
"bZFNhDIvOZA",24,37170,227,39,96,1
"1kaJJXvFbaU",17,37157,675,4,57,1
"kZU8joec-pQ",25,37156,1088,75,443,1
"NOxaYZv3Jn4",22,37121,1482,41,414,1
"e1zA-Bk50XI",17,37107,263,46,291,1
"VPbAPjIebw4",10,37102,1530,22,243,3
"bF8LzVTsgtc",22,37080,42,7,30,1
"GbRlWwb96S0",25,37040,146,27,103,1
"FLRRARpCwbY",24,37037,1329,19,448,1
"qFAA1-GPlcw",24,37021,1198,33,222,1
"9Rll9Tq7yoo",24,36985,575,24,0,1
"ZIlhe9bg8LE",24,36981,405,53,98,1
"2KBvSXOc0rM",2,36959,168,86,57,1
"8C5h75UYlCg",24,36948,179,34,28,1
"6nrKnny_OaE",22,36930,467,11,0,1
"sVNwas1g0w4",22,36912,1789,20,164,1
"PubyDwbNqYA",27,36903,2171,68,374,1
"a-HlAlne2dY",24,36895,1751,15,86,1
"8k4Aw35sRZc",1,36867,741,37,336,1
"htmLGVUqIos",15,36860,3209,13,173,1
"-QXN0bCQ6To",1,36854,680,84,437,1
"bNStQcegUAo",26,36811,3247,13,138,1
"8IUIzr2KZjw",27,36796,324,33,84,1
"i9LJExRxbwU",25,36765,324,10,219,1
"lnbUhE7PzbY",26,36758,3025,23,286,1
"9p1G-sgqreE",15,36713,702,69,268,1
"e2LJYeBzulY",24,36699,349,79,280,1
"asVXwjEtRL4",22,36647,454,33,185,1
"wIyPQj4IXpA",22,36632,1995,37,732,1
"aB2aJTe1218",25,36629,922,75,726,1
"o4JFb0ieT44",15,36613,593,259,188,1
"-pL9wztMd3A",24,36610,346,69,240,1
"O-vsJwpZ5kU",25,36603,452,32,143,1
"2S8gjkafTU0",1,36571,334,44,14,1
"YPqgqPuftww",1,36527,264,54,159,1
"6rrZnT-jk_Y",22,36470,149,26,86,1
"aiIj2fNjyqc",1,36450,195,14,89,1
"T2p9mCQ7-tg",24,36447,875,23,162,1
"b8FQqmXji_E",24,36445,801,22,87,1
"LW2FGRwJcAs",22,36438,1288,49,491,1
"hhEt-9lSIHE",23,36423,180,169,11,2
"SPgydHmkpDA",15,36423,596,30,46,1
"8ZgjNeXXTjU",15,36409,1628,39,229,1
"OmvxNq9ppHo",24,36399,489,14,132,1
"EOjCMPtfVlE",27,36396,1449,121,374,1
"p4uCCj5Roo0",27,36367,3250,51,531,1
"fNurCEGLdzM",22,36346,2204,9,347,1
"3lzD89Z_FVQ",24,36338,537,4,113,1
"-83Mybv6fmk",26,36336,3939,22,303,1
"PW-kwHRqzIM",22,36305,137,30,22,1
"v0wZ98YdqxQ",23,36300,2035,14,185,2
"P8qiG4l-hkQ",24,36287,363,18,85,1
"xJ7UvWirWMk",24,36287,1698,37,321,1
"Djx7yxIIsuc",24,36268,270,24,42,1
"3RAq5lbNxJo",24,36246,66,10,31,1
"ETyspExLXeM",24,36228,435,73,85,1
"aMTCxm0aWLw",10,36195,4073,9,793,1
"mWfo0cXmsJQ",26,36180,3603,18,246,1
"YweCSmsH_e0",26,36086,2688,54,2299,1
"QodfZ7NfE_A",25,36084,301,176,56,1
"B_HUmKiLsGU",22,36078,3391,44,152,1
"_E-sQy8s0Tk",25,36077,1513,27,354,1
"rKjDhbMdjpk",22,36053,10,3,0,1
"Ea_7kRoGQxY",1,36027,44,5,52,1
"bpg_-8q3xho",22,36027,1846,95,429,1
"kUM1c3X45_I",23,35998,175,3,10,1
"K4MqZwqrZAU",22,35996,1466,24,141,1
"_Kly1EmwIeM",22,35982,2085,33,251,1
"PpxmBJZtrxU",22,35944,278,36,251,1
"sPzRjr8AG5g",22,35917,177,35,0,1
"RaQUB-_L3y8",1,35886,601,24,231,1
"fwsFt-6BD3M",25,35885,1511,28,388,1
"r5J8ZmrS9LE",17,35868,207,42,162,2
"YiJqHUZ_kAY",24,35851,461,23,0,1
"IVKykpy2dIk",17,35827,306,12,170,1
"nyo23FlIbHg",26,35824,2684,42,219,1
"E21PHK8vgbQ",17,35819,391,12,9,1
"YpMdXpmtNf8",24,35811,719,3,73,1
"ZyHdFqIvppg",22,35772,806,11,136,1
"Uk_rzVyt_ZE",17,35768,488,76,188,2
"pLguhmdIvI8",26,35765,3338,26,304,1
"7iHDeoyQVu4",24,35764,613,44,70,1
"lQgYgBxNoLQ",1,35757,649,27,304,1
"bzCEAKmxlVs",22,35748,2186,75,660,1
"w9b9TBAWWns",24,35741,470,39,121,1
"2tnm90EEJrI",24,35735,2097,11,557,1
"iTOJhxAbspQ",25,35689,241,14,97,1
"sXHSmV1UPYc",1,35679,624,23,261,1
"wD0RnMdXVs4",22,35667,2065,22,283,1
"yLeQuz8YzIs",22,35640,467,39,323,1
"CNR6poEZYIk",23,35625,445,16,22,2
"FyI3qMtQywY",25,35616,149,23,167,1
"9GZMX9XBb7c",23,35606,412,40,137,1
"W-ZoeXvU5YE",22,35556,263,29,61,1
"DfN7K2LjC0s",25,35550,228,135,449,1
"w7Dm4sHmV_4",25,35542,1331,84,64,1
"78_S_F3vf18",19,35539,77,14,5,1
"-uoQ6HU9_hg",26,35527,2561,19,1794,1
"0WPYpeJA__U",24,35467,227,8,48,1
"CTLQN3ZH5G4",24,35438,1892,32,313,1
"CQecAhDGZNk",24,35432,1971,95,366,1
"AXM0d9UfkY8",17,35405,235,28,30,2
"rngGcD81gMM",1,35403,547,33,243,1
"QldBP574S4I",10,35401,1309,27,39,1
"7WJ_xKnf9q8",24,35389,560,8,57,1
"E4taDMElt8E",22,35388,131,34,10,1
"rxsroM73cp8",25,35348,309,21,175,1
"gF2KcQuGvlw",25,35275,554,39,103,1
"olcrp1Ck7dc",25,35270,2673,25,806,1
"M0YwGNAnCns",1,35263,133,10,158,1
"RbIPjJu6fgE",22,35222,1508,9,166,1
"M5zO1XSmOg4",26,35215,1235,44,136,1
"DopDcDE6aOo",24,35154,10,3,1,1
"EhapNHgDabU",22,35148,273,29,433,1
"o8DYR-WBKHU",25,35124,1670,110,688,1
"zx0WJ7q9KjA",22,35089,2695,54,1309,1
"JznDbHT8SQM",25,35066,1242,127,312,1
"AaBEJCv7zEk",25,35060,1522,28,518,2
"XG3KzYPxnp8",17,35060,386,11,47,1
"OFbbfdThPWk",22,35046,577,41,699,1
"xZgJLzPW_kA",24,35009,727,4,31,1
"dY6JBxGnDKY",24,35009,480,12,37,3
"li5HB2ArStE",24,35008,1507,29,130,1
"zuFbluehZas",22,34990,2289,43,533,1
"ru4yrQFH1Uc",27,34973,2459,59,518,1
"NFN-nv2ku_s",22,34968,24,14,24,1
"NwLxamXuclI",22,34960,44,17,3,1
"ZnHW63aXXB8",24,34957,661,70,312,1
"LcPpHWmUX7s",22,34914,247,32,51,1
"eODvXG-yfhE",24,34886,0,0,98,1
"61pkitfytRs",26,34844,3366,39,206,1
"ZtWDExIfU5o",24,34797,614,20,120,1
"7agPtDXqq18",1,34685,15,5,10,2
"RZfqUAZddmk",26,34685,1858,45,313,1
"k9m96ve63qc",1,34594,45,11,27,1
"18neA-7yUVY",22,34575,1362,51,400,1
"e1ZXIN9HXSA",27,34547,1856,22,303,1
"K3ocuKYEx90",25,34519,1104,65,626,1
"FrtFARoLamo",22,34515,307,34,91,1
"b_zXQ3PAbro",26,34508,1969,34,302,1
"-G0UMYAyfBE",26,34501,1296,10,163,1
"PHNN1myzcm0",25,34489,1541,28,438,1
"XITEqUD_6Ow",26,34484,2358,65,532,1
"wWwq9CGuXZQ",24,34439,496,32,158,1
"RokCkouFFtg",27,34434,3122,17,279,1
"aauT5183_Y0",25,34410,2203,39,571,1
"YwuIMZAwzWQ",22,34399,440,23,201,1
"1G4XAByqwdc",25,34399,2238,38,1163,1
"vBLrargEVsw",24,34377,1830,343,531,1
"YnpQWQ12dK0",25,34354,226,26,0,1
"t25Uk8UyBdk",24,34341,507,19,189,1
"cGv-gtr11Aw",24,34329,1983,25,551,1
"sMkYJDDGwtY",24,34318,1747,34,381,1
"ek0WpVWWl5o",22,34272,337,31,367,1
"oxyUcgCPoBY",22,34261,29,1,25,1
"UiY6wr--0dE",27,34224,2210,25,267,1
"KMAMCY-vEZQ",25,34221,0,0,762,1
"Myrpp7xhmm4",25,34201,334,70,489,1
"5u6OdqC4uWs",25,34184,140,19,227,1
"w_ffwCgd7kI",24,34181,189,24,68,1
"qe7_ed3nZmM",1,34115,620,29,370,1
"LLlhERiAUMI",24,34102,1611,10,144,1
"q1Y4P4vRlag",25,34096,251,21,0,1
"vEHl0XnqKrA",24,34090,1861,44,211,1
"DOpzAwwUkWc",25,34088,69,47,65,1
"jAwiZmRusGA",1,34082,249,5,50,1
"RqvoYRyMPnQ",24,34078,170,15,133,1
"kDrphP7yJoU",25,34076,154,20,172,1
"s8GfOrRCmXM",1,34057,71,11,49,1
"JUrqjLMsD0g",1,34034,40,9,32,1
"VMTDhPl_T1I",22,34023,34,9,21,1
"m9zakT_UDY4",25,34014,2115,53,858,1
"y82iFW1fzpY",17,33975,1427,16,97,2
"L0JHnuxqkbk",25,33973,223,17,34,1
"AjgwXR4HONo",25,33970,700,29,228,1
"HrRHsxepb5k",23,33947,2669,20,263,1
"8e2cOn9f8IM",25,33935,127,40,137,1
"535YZSfWx20",24,33927,66,7,19,2
"wJysw8JG6r0",24,33923,1409,30,516,1
"qnfHAi3qzlY",26,33916,3020,41,291,1
"IN4cCNNDHA4",23,33890,686,24,147,2
"OKwkFwATbEg",28,33883,911,92,221,1
"QXsyV24BLdA",1,33875,213,16,96,1
"iaXmsmUPabI",22,33867,180,33,122,1
"Hhmjp3n7N1o",25,33855,275,18,90,1
"MuBup_PnLfM",24,33822,365,18,15,2
"BIG7JHMpjX0",25,33820,138,19,57,1
"tSFpN1xmXLE",24,33806,216,29,17,3
"iQL-LPzRhNs",22,33797,293,24,54,1
"dSHhtrLV9FI",24,33789,1331,50,102,1
"1momRQQZPaI",24,33763,497,5,74,1
"JBWUa5AKRME",20,33754,83,24,14,1
"1CHOC3xCsFY",22,33753,4641,160,1113,1
"NJsXHH2FWvc",24,33739,509,16,124,1
"0_d1rqO7nIY",24,33734,14,11,0,1
"GoJA8kpeIq8",24,33724,214,8,34,1
"Rv0gLu_rK0U",24,33723,2178,7,83,2
"KLMcxlT8zEQ",17,33653,323,14,67,1
"w9wFRvhme5c",24,33637,116,14,10,1
"HoRP2vX2eu8",22,33560,214,172,206,1
"IHx3TbkybTA",25,33532,60,114,37,2
"RXLV9LGMcZk",24,33504,152,70,66,1
"wt7_pHGoOKY",22,33489,216,20,133,1
"kPhvwhKKpZk",25,33462,1269,31,390,1
"mpbNCJwD4nY",24,33455,368,19,52,1
"0HaZxFJt8z0",24,33454,301,107,376,1
"k4sz1pS151s",22,33441,254,24,83,1
"CQ7SCHg9gTo",24,33440,1441,9,117,1
"EO0pr_x6BoM",2,33431,128,67,4,1
"w21AP-GKN24",26,33363,1114,17,114,1
"dZOPY-DEeg0",25,33334,626,20,128,1
"_Y9mvBVVKwk",22,33330,8,20,10,1
"aLPuKXdXen0",22,33328,39,5,21,1
"HPIM9zZbAxg",22,33324,169,27,120,1
"ezC031_Sntw",25,33320,238,15,82,1
"2gcD2Bhblis",26,33260,1105,102,297,1
"l67MmcffIqo",26,33229,4289,15,298,1
"h7eUqlhub-Y",17,33204,497,7,79,2
"duxzKNYjtKQ",22,33172,544,29,0,1
"WuzMMgFsJFE",17,33167,304,11,71,1
"46rOzctIXX8",24,33166,896,7,42,1
"kNHUon2GoXk",25,33156,2112,41,782,1
"_jzDcfIp8ZM",1,33143,30,8,12,1
"u4L130DkdOw",27,33132,2364,87,233,1
"VytuMwew3-Y",22,33100,852,9,29,2
"SouT8-y4cMo",24,33099,0,0,169,1
"uY3F94jxeew",10,33080,3428,20,293,1
"oxQGSZ3xZ_g",24,33079,62,18,24,1
"RqoTMr9eVOU",26,33032,2143,333,323,1
"altHQp6NMoA",25,33026,1972,23,694,1
"o3oH5Bhbfxk",1,33004,439,19,183,1
"bIv4wS5Q6Nk",24,32984,1370,32,0,1
"-uVXh2k0R1I",22,32977,846,11,144,1
"OA0vhAKUD0g",1,32941,149,2,5,1
"32rRrPONTVw",1,32937,53,4,57,1
"vrIL_HZiJ_k",25,32890,917,191,988,1
"c7NcnrOec5Y",24,32882,1061,14,382,1
"gg17npoP0uk",26,32876,2709,27,315,1
"NOGQtgAA-gA",24,32837,1050,4,96,1
"eYA9mC6QrHc",26,32819,666,1039,1764,1
"1-nrC3fhbwQ",1,32790,491,23,166,1
"cSn79P9CqSc",26,32780,252,40,4,2
"Nn-5HERj-E4",24,32764,0,0,3,1
"5pbh6r2FIXg",26,32762,2236,80,134,1
"jziRzx_rejw",25,32762,609,16,78,1
"Ncyjimd3AdE",25,32759,137,46,96,1
"AV-LDV4qSnI",24,32758,4488,46,437,1
"68s8bQ90hDs",24,32733,300,12,0,1
"oGgzXrlF0m4",25,32684,1785,33,713,1
"Im3qEATB4cI",24,32669,477,31,105,1
"ulCH4i07ED0",24,32647,2523,5,373,1
"0mqOnx__yDg",17,32646,238,21,87,3
"iR9YhG6jGsc",24,32642,1470,26,547,1
"ta0AK75O5E8",22,32580,116,31,19,1
"0x4DmHCzUAk",24,32573,405,19,0,1
"2U4NMEJUsec",1,32543,215,10,17,1
"ItsGW1Nlm3c",25,32534,171,1123,970,2
"uUS0pB-I23E",24,32534,65,19,30,1
"wGderHO09HM",24,32497,538,22,128,1
"8Z93q6pAcWQ",22,32489,32,7,41,1
"YcFulAYOU1w",24,32477,58,12,72,1
"xyo9IsvKR9g",24,32470,0,0,76,1
"lTshJ-2GVKM",24,32438,116,149,50,3
"XnR3kxyEGZo",25,32377,244,26,135,1
"RD2h189xMjA",22,32357,297,27,84,1
"pdfLAcK2FbY",25,32345,262,41,647,1
"2IZDD3qepNw",17,32343,269,19,61,1
"AYC5uP0ogos",22,32329,436,25,234,1
"CMUv4J_PGxc",17,32263,245,13,122,2
"bB3_wrJnzr8",15,32232,960,19,49,1
"1OwpOJOi2OY",22,32199,1844,15,280,1
"G40RDV-Xfhw",15,32184,2157,17,201,1
"rVDKa3lY8To",24,32077,886,13,62,1
"PcWhowZbiX4",27,32058,1282,41,544,1
"QfrGkGR_6lA",25,32051,3006,40,665,1
"jvWRu-KQFLY",25,32035,158,33,208,1
"ubcskmVeTA0",25,32034,263,37,0,1
"wpIu93O1IGY",25,32029,125,56,0,1
"kGSB1pGYdhM",1,32027,349,33,47,1
"hdQZhRTotjA",22,32023,1202,10,130,1
"Z35RozFsrrE",10,32017,670,11,84,3
"qkah3zhxCGE",26,32014,3144,22,528,1
"8V2Tfi_n7KI",24,31953,389,16,0,1
"gZEvwZay-8Y",24,31914,295,67,192,1
"NptQ6b6ayFo",24,31908,9,5,1,1
"eXT2F5ps91Q",24,31904,1273,60,248,1
"WKOQQJvmPnY",22,31901,503,229,545,1
"1zrQf7KyaDM",24,31897,281,12,0,1
"F_POqJpHdGw",10,31855,1552,33,202,1
"34SnjkpKcTI",17,31814,561,18,234,1
"bAVE4jOsIW4",24,31811,854,9,134,1
"ZR4-shPxpvU",24,31793,580,21,77,1
"xDky0drSTG0",22,31755,435,37,0,1
"fi3VoQHJtWM",24,31746,2532,36,198,1
"1izunMw5G6o",1,31697,289,7,70,1
"l7N2cZqltuA",22,31649,1439,10,299,1
"j25H-vH6rrU",24,31645,168,6,10,1
"mUuIVyPqxYo",22,31610,114,31,216,1
"FXO-fAY9gMY",22,31594,1871,11,303,1
"ZECYsAkRNJg",17,31589,235,13,108,1
"yv2xrFahvjE",25,31554,244,19,50,1
"3F_W2BKOJb4",25,31516,742,24,195,1
"CaK4qEmWDgk",17,31506,541,6,83,1
"bmvGd1C8Fd0",25,31501,78,13,70,1
"5uQYY56Huvk",25,31464,2004,57,411,1
"6Bu0ECF1IME",17,31464,311,15,205,1
"XSjulzRgXww",26,31463,2218,32,207,1
"nyKiPZYrJoc",24,31434,831,4,132,1
"hcOvIXdkx7A",23,31431,5170,18,678,1
"9CGNmlDNHK0",24,31408,170,17,12,1
"cgh9dNLmRRE",26,31403,4016,231,1399,1
"wd9izx-h660",1,31387,30,11,32,1
"jaU8CpJjdEI",1,31359,51,8,46,1
"16CFdpyrSMo",1,31339,60,5,39,1
"EP0hJdOA8lE",1,31317,680,16,326,1
"j3vEOJE0gOE",1,31307,536,14,164,1
"EKIFxjX4pb4",23,31287,1723,23,42,1
"-2ZDiW0dgIw",24,31275,0,0,208,1
"7d65dx2u5W4",23,31272,4608,27,184,1
"E6kh4i-VJkU",26,31271,2060,38,253,1
"amRIoXu5htA",22,31249,1841,64,160,1
"e-wJyFk9wls",22,31240,161,23,204,1
"czvKfFZGey0",22,31238,135,20,86,1
"Wc2PdwWA97w",24,31211,631,13,222,1
"UE7a4MnDNlI",17,31208,156,107,29,1
"chD_HxHwEcY",22,31197,1703,9,244,1
"nmazBxBNffc",22,31197,660,18,57,1
"ifR_SYfYi9k",28,31186,1140,52,233,1
"6aBMlZFu-BY",22,31172,2454,26,223,1
"z8RyU19Fbjk",24,31148,780,38,310,1
"IiM2p6-lMpE",1,31147,43,10,78,1
"gkOIrNnsAkA",23,31124,2257,18,602,1
"jm14BeJVaXc",24,31119,820,209,225,1
"ia8WDOQOTss",25,31070,2014,49,453,1
"DhusTmJGs6E",25,31052,1399,26,327,1
"sCpKR0JfQYg",25,30998,2151,34,994,1
"nOgq38p_5eE",22,30967,1652,19,422,1
"XhLpfK-9xWo",24,30933,0,0,98,1
"d8Z747JzCtM",24,30916,265,56,170,1
"7NzT26s8qZs",22,30907,2131,19,196,1
"q0wqZWqL6Kc",24,30880,475,14,139,1
"bcv3aGpPZXg",27,30848,1496,33,265,1
"WqO6LDQtsZg",25,30844,113,27,103,1
"meFws6G2Av8",23,30843,80,45,9,1
"zcy85eqq78I",24,30834,468,16,0,1
"N_u4pVmEh8s",25,30828,1236,13,567,1
"lq-UD8mFEU8",22,30797,1547,5,156,1
"w8nXQ4xbBps",24,30791,207,15,14,1
"iHm61eK5JIM",22,30779,1541,32,416,1
"LawCDqeAF68",24,30746,479,13,97,1
"LsfO-Ek-5Ho",24,30745,476,13,0,1
"EQlzGsBYKig",24,30737,1259,70,222,1
"2xSYu0FpNKk",24,30731,421,20,130,1
"NIluMdWhOx0",25,30729,121,593,370,1
"kwX4_BQPLPQ",26,30684,2321,26,129,1
"_Cn0RG9xdxs",17,30666,166,8,64,1
"bz91MAdY6FQ",24,30661,147,23,22,3
"BWP5kHxO9Y8",22,30652,27,6,15,1
"5iOnVnCK-3Q",26,30646,2323,31,167,1
"-LrCAOFZNXg",24,30643,614,8,101,1
"Qixn6GMy5_M",23,30590,886,14,58,1
"9suXi5GTqmw",22,30532,34,9,40,1
"MVO4ra2PDIM",24,30528,456,13,197,1
"vwcbTeUQh1s",17,30515,1407,12,198,1
"H6xHBMCNfs0",22,30515,128,34,235,1
"RM3ZYvfoDpc",22,30501,50,6,4,1
"NgDLZspJR5k",28,30484,1043,36,212,1
"FSJRwP8FaG8",25,30480,150,40,0,2
"UfJufKBoPKk",24,30477,63,12,89,1
"8RbL657NCEE",24,30475,125,67,84,1
"LtXhH4mYF8E",22,30472,390,37,144,1
"4akzAls_eEA",22,30470,131,17,31,1
"W2BlfgOI5Wc",22,30416,285,44,23,1
"AprlXwXJo4Q",25,30393,139,17,0,1
"wu2cJXF6fo0",26,30392,2231,14,159,1
"LKp2gikIkD8",24,30360,3236,15,401,1
"gSuv0CzSnts",25,30357,197,101,401,1
"bWAwYW2UmzU",24,30330,434,19,67,1
"kEojtSscgTo",1,30274,369,31,29,1
"kYbmlMJYVeQ",25,30206,233,43,63,1
"zjK5MQnlk5M",25,30204,3850,44,1181,1
"swk2_AlCFCY",1,30158,40,9,57,1
"n-I1MV-gpds",25,30155,202,26,79,1
"IhbharWod0Q",25,30123,146,22,131,1
"wJYcoukIzg0",25,30076,77,49,7,1
"7hb8AYnRb-4",22,30061,2660,60,359,1
"bJmsjgoQLOc",24,30056,62,13,57,1
"hBzK52EG-IM",24,30054,144,23,42,1
"JccE_V5q0-Q",22,30001,221,7,101,1
"2dDZcDhCwyQ",24,29999,1602,11,209,1
"uUXrv9gEkdg",22,29992,337,25,275,1
"11ojm2XV80Y",22,29941,1463,35,662,1
"kCMC_n2Jycg",27,29918,1657,28,782,1
"gRRF2aX-5cA",24,29914,2323,17,343,1
"XO9Fy6wwJv4",25,29909,149,13,0,1
"PViJd1xsR88",24,29906,1073,75,233,1
"Le-HPguXs6M",26,29901,1710,64,164,1
"8IM4ZSY2ssw",24,29847,853,7,102,1
"rxO8QZAdkCY",25,29845,200,114,510,3
"IY2G6S-Udq8",26,29831,2591,21,351,1
"HkavHLqd3Vc",20,29820,1027,33,166,1
"2W2FJgqZTEw",26,29760,1786,30,131,1
"8Br81mXFt_E",24,29720,480,5,0,1
"m7TtuejNkOw",26,29719,2186,40,407,1
"DoxLxZNCTLw",24,29703,622,106,159,1
"oipAEszsQSY",22,29692,704,87,734,1
"nyWal0_lPdk",27,29685,1796,34,329,1
"ID6eO774w-Q",23,29630,3719,41,402,1
"QOi1D6v-_D4",25,29616,156,32,185,1
"TJnqg1FP9fY",26,29614,2827,32,212,1
"ySv0dkML5-I",22,29602,2269,48,765,1
"QoLyTqseUIk",24,29592,505,18,68,1
"s3mw804PdMA",1,29591,180,13,23,1
"_cTvHl2LeKI",26,29557,1736,31,197,1
"IFK9H0eUxX4",23,29540,1751,6,317,2
"0sL8cFM_1t0",17,29525,404,4,0,1
"AVCao0ZLzWc",17,29516,1554,12,299,3
"xCyzsBH2K-U",17,29499,303,10,163,1
"1vm0h9RWB9c",23,29494,4918,17,256,1
"vkV6TSE_RU8",22,29487,310,31,86,1
"PqeoOGXcSaI",24,29479,25,3,2,1
"Pq1tEz_bf04",25,29479,144,22,102,1
"cRtO9AYPsns",22,29465,193,17,188,1
"XmT8sbjdMjg",25,29410,350,55,147,1
"GjJqlEusg1o",27,29408,2057,16,186,1
"aNiLpW24wBE",24,29404,58,26,55,1
"KZkDSdap9HM",17,29361,236,9,197,2
"HK3kV0QxeK8",17,29343,273,40,132,2
"opsT6FAlIRs",25,29307,3407,31,457,1
"PsKftkecBLk",26,29306,467,488,902,1
"UUKGaPjxZJI",22,29287,2555,62,693,1
"pxL_7MM_f7E",1,29244,337,21,199,1
"F5mzb086QM8",22,29234,37,65,62,1
"6MiCrp2AHH4",17,29231,1195,25,325,1
"gfNfjAcsLmE",22,29211,1444,29,242,1
"Liz-ykdGF-g",1,29208,326,31,344,1
"CpSLa3LPB4Y",22,29208,1004,46,271,1
"L69bdYByOR8",22,29183,1384,14,252,1
"7DUEdEKnIYQ",24,29179,205,34,57,1
"NT4PgZAmX2M",24,29170,676,22,134,1
"yoX0vEDn5a4",27,29166,2069,23,411,1
"ueUaQWcY-XE",24,29162,183,48,39,1
"d5nISoC0JPk",24,29152,1044,78,159,1
"d2O6hM7d8AU",28,29144,2460,52,1362,1
"Rn7-lcEGD0I",24,29127,151,72,201,1
"z3_MAYSVfWc",1,29113,446,18,249,1
"2Z31Mi_VmjE",25,29097,860,16,379,1
"r0bxbRRa1OY",26,29091,4205,29,202,2
"I9zs5_c6kHI",23,29090,6036,26,274,1
"_MkBpcSRtT8",24,29078,448,31,0,1
"LSEsYxg12wk",25,29071,195,36,535,2
"ZJN-PX2m8s4",26,29064,2253,22,302,1
"gNY0ab8BqDs",24,29058,408,16,0,1
"RqT41BgyiN4",22,29028,482,26,37,2
"hW2B_GT3b1E",25,29014,1954,85,433,2
"1Vidz22NKdM",24,29007,41,9,40,1
"7SgSQpdfg_0",22,28999,1212,99,225,1
"UtW4ZjAcLmM",24,28995,509,7,315,1
"ThLVteoxnSE",17,28992,1409,9,188,1
"ceu_7IvUCLY",25,28991,2191,37,797,2
"vT2oF8SDVic",1,28987,62,10,67,1
"JirSbOF1vBE",17,28976,269,4,114,1
"Wt9Gkpmbt44",24,28973,2167,175,10,1
"NBg_flmYUCk",22,28939,229,4,86,1
"-RY0ClBRk_k",24,28927,127,20,73,1
"B-AiYUk9tIM",17,28904,1356,47,608,2
"wlpNlmg0BHg",24,28897,0,0,269,1
"1yNWIkDRr4U",22,28892,1379,30,296,1
"DoN3RwEUMvU",26,28885,1834,19,193,1
"nCvjeYip6P0",26,28840,3069,11,190,1
"Amgv74GfWtw",22,28821,2178,59,784,1
"zCt_jjE_7O8",25,28808,597,31,144,1
"eick8iAJa4E",24,28785,99,15,29,1
"YIxspaxk1Ag",10,28770,3238,6,606,1
"-a6eHQC_7po",24,28730,340,235,539,1
"gtfrqqT0ma4",22,28697,34,4,59,1
"dtUAQTBeG2k",25,28684,510,38,221,1
"l0ewJLn-QFo",23,28682,673,14,174,3
"QW9dpUP74JE",24,28632,323,9,0,1
"A_dRRyfs9Z4",25,28629,2325,38,589,1
"3lt-Zq6DwrI",17,28605,1352,16,313,2
"See5pQpQhzQ",26,28523,1726,19,255,1
"hzp6lbqINMU",22,28520,923,29,278,1
"A_pOLAeOeyM",23,28497,1529,14,175,3
"RMWYXmJ5DaE",24,28469,468,15,0,1
"GsORUldhfUU",25,28445,1531,29,925,1
"G6Zzp9zxW_A",22,28427,1083,40,316,1
"fw0L_IRzywU",25,28398,1151,22,207,1
"QhM93ENjMuA",22,28384,200,12,35,1
"RTzZVVT1ccQ",24,28351,53,5,43,1
"D6r4ZH1ByoI",26,28350,3242,23,502,1
"6SG-KgF4sg0",22,28337,23,5,19,1
"wceoB6YlsZM",1,28326,49,16,30,1
"Wk8vfpL9ins",22,28307,1185,22,277,1
"srpgUG3QaVc",24,28211,0,0,288,1
"1YQDddDKz_I",10,28191,3397,24,386,2
"Ce7sHMqpV9I",25,28150,162,20,46,2
"W4F8SbNS0uA",27,28106,2230,24,252,1
"zGCzUWv78SQ",25,28070,586,58,262,1
"gXgzTiIczDk",22,28068,291,11,74,1
"k0ACeXGu0_w",24,28060,218,98,61,1
"V_BrMhLjPbQ",17,28028,1536,10,536,1
"BUUmg3vThdI",24,28017,744,19,126,1
"2S-cLrhYrJQ",24,28012,240,12,0,1
"ciK-SVGV_-Q",24,27968,380,6,154,1
"g4ZnUQ95iOU",25,27956,133,25,213,1
"F9qdxZvP3Kg",10,27953,1445,20,141,1
"Vc9w4fpACk0",24,27925,44,13,20,1
"VDMOFa8iRqo",28,27910,3360,23,695,1
"2HiYRa5gI1A",1,27860,38,5,24,1
"UlWSWGPArc8",24,27856,2451,6,987,1
"nca7qbxuIBk",17,27842,1705,18,271,1
"E3cwrIDrQQs",24,27838,160,7,20,1
"64OiI8yb7KE",22,27794,4,2,1,1
"9KDZcW-Ts9Y",24,27757,617,6,25,1
"LmlDBzd5fZE",24,27756,1218,104,330,1
"69hfz2XZxtk",17,27744,251,14,85,2
"4gla6FZVEFE",25,27744,939,15,660,2
"Y-HQ8RywYH0",17,27732,125,27,11,3
"U5Hs10mB4yE",17,27726,1230,20,255,1
"oN-kcaAoqho",22,27718,454,19,36,3
"Q0IldW2EVvQ",26,27688,1840,17,286,1
"GpTslx8-f5Y",1,27672,43,3,45,1
"R8QG7nf5IXQ",10,27664,3855,13,428,1
"S4tg8_TVrBo",24,27657,669,5,92,1
"r4MPs0ERX78",24,27656,870,11,196,1
"y4Cfdrncmi8",24,27644,460,5,66,1
"nypT4GxmzFE",22,27630,1029,36,260,1
"GS7NUXb_66E",22,27604,587,36,67,1
"pUQr6vpxgjM",22,27604,25,8,19,1
"8gXSBZuCov4",17,27592,115,13,117,1
"Rt2vLQ7QEyE",22,27549,1358,67,174,1
"xdGI_JTV9_8",24,27518,2158,8,127,1
"AnEDlG16iZI",22,27515,106,10,30,1
"WTDpbkL7E0Q",23,27499,687,22,152,1
"PF_A_hVPhHI",22,27497,706,51,35,1
"SygEOblnHb0",24,27482,1182,30,181,1
"fhfXH2ugpyA",23,27437,1487,9,243,1
"zIkbHeQx3kI",27,27418,1744,30,264,1
"SPJHBxixbzo",24,27399,127,3,64,1
"6GAltDruNFA",25,27371,358,11,83,1
"e85bU17Ertw",23,27352,23,2,9,1
"DD9cQ8qCWq4",22,27333,101,35,88,1
"q5jm7WalFk0",24,27284,0,0,78,1
"DkeaEn_PBmY",24,27281,493,10,567,1
"EeCqrFnR_9Q",25,27281,891,320,1664,1
"9_Ztk7_v87s",22,27276,17,4,0,1
"KcyoKIjayGk",24,27274,2668,16,372,1
"uW8I4VcAqYs",26,27225,1489,29,243,1
"GWarzMd_aUY",23,27208,1693,14,276,2
"DORWlpS9tqs",24,27195,135,22,47,1
"y88ZsdYpELk",24,27187,486,34,177,2
"zu-euxP0uWQ",26,27103,2342,22,266,3
"3A5-wv-_QbM",29,27097,422,27,1,1
"2gtrIvdNyEY",25,27093,165,98,31,1
"fT1yllhCRwQ",25,27040,3308,144,1272,1
"_e5ecXpy8YU",1,27019,142,16,12,1
"aKeilu6gBOc",10,27016,671,12,66,3
"X98Iyqva2lM",22,26995,290,8,0,1
"l8evTV6h2DY",22,26989,228,15,91,1
"TQzHwz8OOBU",26,26975,2227,11,92,1
"3JSh0hGA3_8",25,26946,47,22,216,1
"MrKbQg8DpaI",17,26913,453,4,65,2
"KqS-uV0khJA",2,26909,929,9,80,1
"G4qPnmEpjfU",25,26843,80,19,17,1
"nys9ETT-1ss",26,26822,2197,22,214,1
"z3SQYfO0PC0",22,26819,49,15,206,1
"kYLyWwiObUE",23,26785,470,2,68,1
"oSQn4QK8QDY",19,26761,337,6,68,1
"CuWXtNotvPE",26,26744,2139,27,298,1
"XZaBfzGi3o4",24,26718,653,39,394,1
"o3HBjFZRbWs",26,26714,2206,15,334,1
"v0ckHiILXLU",24,26710,572,6,67,1
"ipE-iN_LLcA",22,26699,934,34,74,1
"SeKT7zWY9zs",22,26691,188,7,14,1
"W3ePtSQZLJ0",24,26670,1100,34,146,1
"fVt1fWsM73k",24,26664,846,5,27,1
"FTzcz1gCq3g",22,26653,1188,15,78,1
"8NOumt5ajok",22,26609,274,44,239,1
"LRyw4fn6eqw",1,26594,48,9,26,1
"HUAaTsSYQaU",17,26569,1448,12,282,1
"hp1B_v8YKYk",25,26568,618,47,128,1
"eh_KalWO3J4",24,26555,143,18,12,1
"_UNqAWPmAYs",17,26521,528,15,47,1
"POr8NNLhG0Q",25,26519,182,24,81,1
"Xi4sCTkRPEY",22,26519,1602,6,416,1
"6ZXIDDAXNoA",22,26506,1663,38,137,1
"gay7_so8WhM",24,26482,247,23,209,1
"unhZDGTTCVo",17,26480,114,6,40,1
"6czRFLs5JQo",22,26438,4089,72,1194,1
"QFFWRqkGmX0",27,26424,1814,40,148,1
"jYhg6DbDVj0",24,26395,1323,154,627,1
"VQXbH1KKWPM",22,26389,71,12,18,1
"9CKojy14SMo",17,26372,247,10,101,2
"J44e8gpA7fk",27,26293,1822,13,211,1
"Gr6nYtAiMZQ",24,26282,357,20,0,1
"zuamC-WhLZI",1,26270,66,7,73,1
"Pd06ztAruQ4",25,26270,189,35,52,1
"lD3rBonIxxo",22,26268,163,31,192,1
"bg-qlAJiUmQ",25,26263,548,13,161,1
"WPbuYEFGyC4",24,26224,218,44,38,1
"l6xo2cjAJto",20,26186,108,13,7,2
"45OAXTWkD8A",25,26171,164,15,0,1
"-Rd_tArjGLc",1,26123,34,10,20,1
"nvfk3btaC2A",24,26117,492,11,0,1
"1rPZhvW9dc4",24,26105,627,8,243,1
"8XL4oDhwj8M",24,26099,2107,6,122,1
"PGnsiru6GiE",29,26096,788,29,4,1
"7kTZ6EerZjc",25,26039,2047,65,842,1
"f6R4W4UKC7w",24,26037,289,71,188,1
"6KdANAT63Wo",22,26005,147,29,47,1
"pXTjKwdOf1s",1,26004,55,16,32,1
"JLG10e_IwZQ",22,25986,245,26,29,1
"-RsFOp0wQ5A",24,25969,0,0,26,1
"unV4rcZbfdA",24,25963,0,0,284,1
"rGlJV5TpzB0",25,25954,766,22,189,1
"tegyk_kDfpo",1,25953,16,8,26,1
"nhNlF-nDWcs",22,25947,174,27,0,1
"VvjEC_c2tAM",24,25916,582,6,78,1
"veKiSuWl0gg",24,25906,2043,751,599,1
"GPQ_YGM_NA0",1,25900,275,14,185,1
"PLWX0UzOvqo",24,25896,548,8,507,1
"amEZKmJQ4Io",10,25887,0,0,6,1
"otp6wlvZ1NA",27,25884,1353,79,372,1
"QOjpd0vk2nk",24,25881,244,0,19,1
"TB6OCCgOXhE",2,25840,116,48,26,1
"1eXyk9ie0H0",26,25816,3358,13,105,1
"HyBHr_rjTE8",17,25786,184,8,26,1
"AZ2aHTPYRRI",24,25782,459,11,536,1
"Zvye9eV7VUg",22,25730,43,5,3,1
"-jpfrVNerp0",22,25674,79,12,149,1
"NV_oeAExHBE",17,25656,159,9,52,3
"F4uWufIRUDg",25,25651,1446,54,395,1
"A3MsZxnIqJY",1,25626,2231,18,865,1
"CQNi9mScIGE",1,25615,27,7,12,1
"AX4UDinVy9c",25,25588,65,22,53,1
"2fy1DTpdsBE",25,25581,134,25,390,1
"zSvSqWU_vEE",17,25575,195,17,41,1
"WzvkZbF9bVw",24,25570,39,7,17,1
"nZJhF4zPQpo",17,25550,243,7,52,1
"Trk_90maSwE",25,25542,228,21,62,1
"4PInBzmA0eY",25,25518,204,38,58,1
"ND0qBA-mm1U",22,25518,102,10,54,1
"kksotpkOGVM",26,25474,1085,10,160,1
"XOeA4_UUVsI",25,25468,1641,39,769,1
"UHYHd9jeqQg",22,25445,142,14,88,1
"t4LzQKGGOv8",24,25436,88,20,16,1
"20pgLKTAdGE",25,25430,817,36,579,2
"bTGdFY4vryk",24,25413,78,8,60,1
"u6WzSygTyVg",26,25407,3620,24,842,1
"EvGCQN7s8vw",17,25355,233,77,148,1
"ZprMu_R77Rc",24,25348,0,0,19,1
"Efzq0EiFJBM",24,25337,372,12,58,1
"vOUb-Z6yQRA",1,25262,2216,17,636,1
"E_K5CNJuzK4",22,25234,1284,8,285,1
"c9nc2FKB0L0",24,25226,887,32,89,1
"pGMOj58Bpt4",19,25224,2936,177,1129,1
"_VKn-jZNUEM",2,25220,158,18,228,1
"cySgoxca2AA",25,25196,121,23,105,1
"hO2xBr5EmSo",22,25193,359,28,186,2
"zyWCABSzS8I",24,25160,495,14,55,1
"XB7dHNLT1EA",17,25157,79,2,31,1
"5IhaFQjOqJA",24,25150,392,2,118,1
"ekSBSo19mjU",25,25141,109,5,89,1
"UvAqIR7BQFU",17,25136,259,18,90,1
"5KSEqBzgTSg",25,25118,536,9,150,1
"aC1_55Ifr6w",24,25117,1968,5,83,1
"5vC_N5bD1Q0",22,25101,800,6,234,1
"9e3Yeokru0M",25,25086,623,54,265,1
"fNElyD5WN5Y",22,25032,135,12,131,1
"oULTKDe6rPE",2,25022,78,12,34,2
"43UkBzk2t7k",24,25006,192,7,97,1
"_OC-rIHi1YM",17,24989,262,8,53,1
"jN-MkK8djcY",27,24987,3545,26,1549,1
"hgY0Anux1dA",17,24983,137,7,93,1
"Ujw6d6S6RrE",23,24982,148,11,20,4
"x7K02QfyxUI",25,24940,253,29,22,1
"-ScX8lq8sK0",1,24938,85,639,131,2
"eOF8-0px644",24,24935,1231,18,314,1
"d9LXRB6fNWA",27,24878,1869,21,127,1
"dAqJ8XieEV8",24,24867,1788,5,88,1
"GUV1VszJfyE",17,24858,274,2,65,1
"4fTrOmDrDgU",22,24800,1521,27,228,1
"NPBBWBdHso0",22,24753,212,18,43,1
"TXyzrX1-yQw",24,24736,0,0,107,1
"CE0fIfzHfSs",22,24719,198,62,0,2
"NZ8tJ4xKzdI",1,24711,200,20,11,1
"BFKIge2Vcrg",1,24706,149,33,21,1
"wY7svC2EhnQ",24,24688,395,14,0,1
"KmO5Rb65zyA",22,24666,390,18,1293,1
"DP6T-alRwFA",25,24661,285,3,22,1
"LlmUq1QehRg",24,24652,13,7,0,1
"On6mkkIHqlk",1,24597,1409,31,194,1
"LG4GSa2o9Mo",25,24588,1515,82,798,1
"FpNfVihuuwU",10,24576,93,4,7,1
"rkkmTOj7wgw",22,24575,33,73,114,1
"IhF4SDcrtN0",17,24565,53,10,6,1
"u8ltaPXc3Ec",17,24520,132,31,77,1
"KV9i17MvONI",17,24505,1325,13,263,1
"bu2LaqQaDjw",17,24478,146,18,132,1
"y3-soWqisSM",26,24476,1446,48,123,1
"E8ud79kOcp0",22,24466,11,6,6,1
"HIQyOv218SQ",22,24442,31,5,19,1
"rvf6Ih7noW4",22,24440,235,5,10,2
"nZFwRyDSQwA",24,24360,12,9,3,1
"xnC0BDZa_aM",24,24353,428,3,104,1
"lvmV8rGvdFY",17,24349,1144,16,166,1
"jzJd3NQzu6s",24,24310,0,0,103,1
"9AAgNN23k_Y",17,24291,129,9,169,1
"eowaHzGVTgk",17,24276,557,7,105,1
"r_bvGf7qfZ0",25,24255,75,65,0,1
"5lRwrPwp0eM",25,24236,306,24,86,1
"AAxcazj2HAI",10,24208,1318,65,158,1
"-HNW2QBBinY",25,24118,135,42,0,2
"OOV_vdA27zA",25,24094,534,14,219,1
"lZewQ-1uLjo",19,24091,1205,45,258,1
"qYvp4OrCa3Y",25,24086,203,31,0,1
"Ca1QFcP6gtI",24,24049,37,19,12,1
"PIWdkUYcCf0",25,24046,699,12,207,1
"p2hE9tSj_K4",24,24037,558,5,39,1
"YnL8dNqp3aE",24,24029,29,5,5,1
"i1ilAT81z-o",24,23963,620,5,40,1
"pA9McFNloug",22,23836,0,0,0,1
"fIRD5NbtfIU",25,23835,2065,61,984,1
"nayIT1jO9Ng",24,23831,1852,3,343,1
"fKb4UFjfotE",26,23825,1480,14,128,1
"NsAGvONzB84",22,23804,1036,22,211,1
"RRegN96U1y0",22,23796,126,8,19,1
"A0sM0oPp5mk",24,23795,1162,7,72,1
"INqVF9uHcyA",20,23758,1316,14,230,1
"wtuj_iHooWE",24,23748,299,3,47,1
"iW-C7GhOYPM",24,23744,47,10,26,1
"-sJ548MNYB0",22,23742,0,0,70,1
"QrKeTpWyRFs",24,23717,135,10,25,3
"3KQee9aQs4c",22,23705,196,29,115,1
"c33XamYFt58",23,23702,144,25,18,1
"D71AcN3P31k",22,23672,270,28,104,1
"Rz2ZpjyhXL0",17,23662,176,20,68,4
"XQ5oZbPrHSg",24,23660,77,3,14,1
"g-zIbVEjVpQ",27,23634,1766,32,276,1
"SpBzDBXQQe8",27,23602,2126,21,221,1
"EJ1mDKAmiPw",22,23573,1668,12,295,1
"K8F4SjSczkU",24,23553,600,23,282,1
"IPAkxsToyXM",1,23525,144,24,28,1
"hmT6D3HMLA4",1,23514,125,26,127,1
"x4yh3KGe9os",22,23482,127,25,58,1
"cGJ1gLE5Oqw",25,23460,393,20,186,1
"ZsPJKN7qPH0",25,23400,182,53,246,2
"FXPp-E8wasI",1,23362,78,15,45,1
"1Z66EEpiD2A",24,23325,1249,12,126,1
"L9Dht_SW8U8",28,23280,1046,68,206,1
"SDCEv80uJcc",17,23235,187,15,39,1
"CO3sTOTum-M",24,23232,303,10,35,1
"eGqaHfxm864",24,23228,43,12,47,1
"BWTQwXiCHY4",25,23211,57,83,26,1
"L4IEb-_6NRc",24,23181,1940,30,235,1
"vHXHLHGSic0",25,23160,73,34,24,1
"w798qKzR2sA",26,23144,1933,13,114,1
"3Puo92lyFck",17,23124,987,17,262,1
"ihm8LmK9tYI",17,23122,210,25,68,3
"6JNpp42q59E",25,23106,759,54,830,1
"oe8pXlrxrTA",24,23087,1683,32,106,3
"uVIbNn07vcM",25,23085,810,37,110,1
"mkI_g6z7_2A",22,23060,2253,19,347,1
"1WSkjPryXA0",17,23057,157,20,88,1
"PldJN1EKHbk",25,23057,1444,104,831,1
"4b7frX7Os5c",25,23045,189,18,0,1
"jb_KSLyBaiU",25,23041,46,13,365,1
"dA4s8xXSrJg",22,23028,1110,25,214,1
"dvubIWNmr74",22,23023,18,4,11,1
"lqMLG1tUGMw",24,22978,2169,22,239,1
"CSKyIYDx53E",22,22934,512,53,273,1
"uOXzkdvAUv4",17,22922,1102,11,203,1
"Xd-B92lydcs",17,22922,482,6,121,1
"M0Eth0tUuAQ",24,22914,415,2,40,2
"AHjpl4qwUVk",17,22866,145,23,172,1
"cp63c52SOhY",29,22865,927,38,4,1
"419o8HXYfik",24,22862,96,46,27,1
"43KTNdwnD5M",24,22855,202,26,68,1
"Z4mMUi3GqUc",17,22855,167,14,55,1
"AvxRSbqwD3g",1,22836,345,17,190,1
"DS9q2VsyoTE",17,22829,400,7,78,1
"EwaGrK4tWFA",24,22809,2643,15,676,1
"poDC24E8UfY",24,22790,1965,22,86,1
"k9KDG7u4I9E",24,22790,117,10,24,1
"JDAYH0GSDWs",25,22740,297,610,0,1
"1Mq0tG5AZRs",22,22736,32,2,11,1
"qvamS7wlwFM",25,22731,520,19,125,1
"X_RPWO51HoM",24,22722,179,2,4,1
"cM-29aqY5UM",22,22715,91,37,14,1
"8R2cPhn4Eas",25,22659,688,26,350,3
"vlNM73cMZDw",25,22656,1088,15,152,1
"IQdIchUaydI",24,22655,48,14,26,1
"TA9MfSdRooc",24,22631,0,0,154,1
"X7oHkpVh11c",25,22615,0,0,74,1
"PExKBUqIq5c",24,22614,928,14,164,1
"OuHOER3X8R4",24,22589,293,19,114,1
"K5tH2VC0ddg",25,22588,987,34,376,1
"h_dC3tBXiB8",22,22474,345,26,189,1
"tlD49G41wPQ",17,22447,186,7,116,1
"F00DWF31gqA",22,22439,212,22,104,1
"_LuPQmF1wq0",24,22438,1152,15,209,1
"efnfb5WQzF8",26,22343,1496,58,338,1
"3xlqv0LLacQ",26,22331,1795,23,519,1
"MN53dcLPDuA",23,22313,962,13,162,2
"lSozbwZmq74",25,22279,29,18,27,3
"VTmzXpZFXTQ",22,22267,707,33,143,1
"_zaUQX_V64Y",22,22264,28,26,11,1
"5QOS8rzVlDI",25,22238,112,18,0,4
"fGbMK7G7ywI",25,22215,1562,118,548,2
"Rs0_-PE7sWc",17,22208,603,3,28,2
"Yl2XdLsMRLE",25,22195,1390,19,500,1
"0muhx_QcIM0",26,22195,1870,22,123,1
"6x5lWHYWeA4",1,22173,23,4,17,1
"hyGlHre_Iss",26,22156,596,38,90,1
"CBls95v-fMs",24,22141,81,7,19,1
"7SEO1YTOKgQ",25,22133,615,23,135,1
"bIc6lRYktVo",24,22120,72,4,7,3
"-T2tqRx6MJ4",1,22113,87,11,39,1
"Js2gg-odaHU",25,22113,229,23,56,1
"MkGpKU0xE7s",22,22069,90,27,13,1
"GU2MpB0y_zE",24,22060,457,8,412,1
"UgwhgZOmomg",25,22059,42,36,53,2
"Quq9B3OxjrY",17,22043,169,15,39,1
"zeEHtTCZ2c4",25,22003,93,9,92,1
"JHV0abAf-gM",22,22000,463,26,48,1
"GUKrboAyiLs",25,22000,205,11,35,2
"ARciMyIK1Ng",24,21945,1005,27,233,1
"9JCCZksOi1Y",23,21900,701,53,255,2
"n8K3sT1wvNI",22,21900,346,33,208,1
"of41GjqY0UA",26,21900,1056,100,108,1
"-_wDlu1VL1w",24,21898,2438,7,106,2
"9ufyBT9Pclc",17,21897,123,5,88,1
"rGwVwh_0R0g",24,21894,1449,81,586,1
"uRh5Mtjmh78",25,21886,1864,31,496,1
"MVLUdhIEQQQ",24,21857,0,0,95,1
"vmpm3KDE0AU",24,21851,945,37,451,1
"YTK46QkTpns",24,21843,103,7,31,1
"nQICjaXhwM0",25,21836,13,7,19,2
"5Pwn9Da7hP0",24,21825,2287,6,94,1
"ij7LPGShV4A",25,21823,21,36,154,2
"DFIZnPJQRHs",17,21801,186,86,410,1
"UZO4P0fL_Y0",25,21782,502,11,304,1
"FC0RR_TsqQs",17,21704,1134,10,161,2
"z1iLi6PprtQ",26,21702,1431,96,270,1
"2qrzmYBNXyc",10,21690,1186,14,152,1
"7bdViVtt_qM",22,21687,1128,13,83,1
"cFaM-if4Qb8",25,21686,231,3,5,2
"zcrkLUXY10Y",25,21671,207,4,25,1
"fCDL7_0KyKI",24,21660,122,5,16,1
"_BxMmAco3Yo",24,21642,1629,7,91,1
"aAUQwXW0m7I",17,21616,31,1,4,1
"ZKZ6AsOBkPo",25,21602,473,40,85,1
"5VBL6k40v9I",25,21595,2169,6,668,2
"zBe2C4eXFRw",24,21580,614,6,491,1
"hKoYeR0dvkU",22,21555,2375,16,190,1
"7z1aDa0EFRI",10,21550,89,14,5,1
"MnAJpHeB84w",23,21533,88,8,10,2
"NMmbRah-D4M",25,21529,243,8,57,1
"bzAW-xCMB1k",25,21528,509,27,723,2
"ZBdnyrzq96s",27,21527,3068,38,464,1
"mcEW3O4xTG4",10,21479,1057,17,33,1
"47j4fifbaiY",29,21475,92,26,140,1
"-sAA0zaLUEA",24,21406,1815,108,9,1
"NrY0quJNi1g",25,21364,565,10,386,1
"vgdhCoF3j1U",26,21349,2746,39,417,1
"Fub3Q1HwMrI",25,21339,2453,17,805,1
"JRbjdxsxoxs",22,21334,32,5,6,1
"JD42ICB08Vw",24,21331,453,52,102,1
"YLAKEOW8HB8",24,21331,1533,10,125,1
"VmlrldDx9pU",10,21301,1211,13,149,1
"sRiaDUU9F18",24,21295,107,8,39,1
"EtmZOcgfhII",24,21282,503,8,0,1
"PTvJqRhfWwc",22,21235,119,10,26,1
"WeXSjTLFydc",25,21225,598,13,139,1
"iVUPPpZB32I",22,21207,227,11,38,1
"TQTI6HSsfpM",25,21195,1635,26,572,1
"B_q7cxtIDsg",1,21140,56,5,19,1
"hH3q58prqTY",17,21108,762,5,95,1
"iDk6ExMXLxQ",24,21107,1932,3,110,1
"3QgcksTJBZE",17,21106,126,28,104,2
"jbc0HrsPYGk",17,21085,244,3,25,1
"dhgEpr87Yac",27,21077,1340,22,166,1
"WSxTeuH3hi8",24,21065,87,10,15,1
"MumTDhKwn0Q",24,21017,22,14,28,1
"pu1c5tU3t5o",23,20980,1115,11,171,2
"wecg_rozSNI",25,20957,74,21,0,1
"P_xXvDNZjHI",26,20907,1623,20,163,1
"i3TdwHJArio",22,20906,137,16,35,1
"xNki0ZQ1P04",24,20868,472,5,556,1
"DvsHTURQ6uQ",19,20846,294,10,30,1
"vOYRThCgAKk",22,20843,540,2,504,1
"Vk4AQOPQFv4",24,20834,81,12,45,1
"6DOghnCV7G0",23,20825,503,12,145,1
"DLyRlcRRX4Y",24,20807,25,7,25,1
"hcM7UBal4M0",24,20786,99,6,41,1
"8GwnztOeqE0",23,20732,4057,16,270,1
"bM8Dg5U3he0",22,20726,308,13,50,1
"mK_rozfIgAo",25,20723,611,85,428,3
"gSgbRQHqtr8",25,20701,50,18,133,1
"C3MhNpO8gjo",25,20698,231,89,37,1
"O__OPJ7J0jg",2,20690,737,11,160,1
"wc1kqwx7JU4",25,20687,345,38,175,1
"4vY_HsPmIX4",17,20677,142,27,23,2
"GvW8LrAFYpg",24,20669,81,8,17,1
"ONpJoOQsva0",1,20653,675,11,276,2
"N5nfa7JCF-A",24,20648,734,11,126,1
"J1GegvjENPs",24,20629,408,29,56,1
"HEkAlQuI8yY",1,20617,20,5,18,1
"ewc2U_eYnFY",27,20597,1674,16,186,1
"xLG6kih5mlk",22,20596,216,19,122,1
"7QQY58iwwwA",24,20595,1223,11,215,1
"uYplfzS6puY",24,20557,32,5,11,1
"FYf4V6XFIFA",17,20545,98,15,81,1
"-3b2Fov6iQY",10,20534,570,22,58,3
"wCcjEszzrTI",22,20528,2227,15,612,1
"aWIsQ3aTV54",24,20525,1483,5,97,1
"rHfKX7X8NUA",10,20504,114,0,18,1
"QRhFSqRK5iU",24,20436,29,6,18,1
"OL0KUmLUyL0",25,20319,97,80,272,1
"MDtOmgCjpA4",24,20260,0,0,91,1
"Y5bYAT_pLZE",22,20254,21,1,2,1
"todLKPriz3k",26,20239,1603,16,52,1
"1kT9erRLN-4",25,20235,948,13,240,1
"-A7eitZt9OY",25,20217,225,70,315,1
"_QHEPUKBn9g",23,20163,44,34,8,1
"AsCPBuuguTQ",29,20137,658,23,0,1
"c2QCrnH-7l0",24,20133,327,1,19,1
"8MtDNys79r8",24,20123,483,6,30,1
"UVyLmr267Wo",17,20118,167,28,96,1
"Gq2HzqK5LqE",24,20108,126,12,10,1
"X3RDD7jkucg",24,20107,37,6,14,1
"IWu1uU6I1SA",17,20107,5,3,3,2
"mFTrsEYbZRM",17,20059,144,22,82,1
"_jmHf9BJwFs",26,20053,2158,10,458,1
"eNox9pn9_NA",28,20049,791,34,107,1
"AtcN1_JFZlE",22,20042,136,16,13,1
"DvfC6uK0Aew",26,19997,1434,25,123,1
"rCranb4YnXI",23,19975,133,5,7,1
"4WyiJV5rIts",24,19967,369,15,73,1
"b0rXykt-zDo",23,19967,825,45,120,1
"J6vlM0Tnjio",17,19945,346,6,164,1
"Qq4xzO3lRGw",24,19936,96,42,51,1
"Npqj2kSFmXg",25,19911,433,14,350,1
"YW-EAR8N7y8",10,19859,1070,14,132,1
"0DuSqqLJqEU",17,19777,204,5,34,1
"L8Y-JhYCt_c",24,19738,0,0,77,1
"safM-tI6os0",22,19732,3294,19,470,1
"zCYeIrJpYQA",25,19730,138,33,46,1
"4YrWCRKy4mI",24,19711,22,6,15,1
"-QlvI6z06z4",26,19700,1730,9,120,1
"HAK94Es1Ey0",17,19691,91,4,0,2
"ZFePlZ0de98",25,19658,135,18,0,1
"l--R_bDONrU",17,19649,157,11,81,1
"ycl_rNvCshI",25,19642,346,41,94,1
"IpSgGaSfPf8",22,19572,121,11,77,1
"bbkIYWbz3CU",17,19535,213,5,119,1
"PZxBGCVsdZo",17,19534,178,13,116,1
"S1mBYIVg-Rc",25,19520,92,25,17,2
"KzQ3XtRJgW8",22,19488,1454,14,80,2
"AmUjiyzZWJU",24,19484,0,0,3,1
"ULBVgLYXSL8",1,19481,20,2,10,1
"Qnko2SJa1Wg",17,19478,142,17,35,2
"lFHPu8049Pw",24,19473,354,7,0,1
"nsYYtssbot8",24,19439,0,0,28,1
"DOSJV6S9I6U",24,19437,1052,11,65,1
"c4-ZDcGSITk",24,19423,470,11,57,1
"B-rrH5L82Ws",22,19410,1603,18,489,1
"x-MxWwzBGrg",25,19398,40,11,17,2
"PTD3YUKO5TI",24,19329,47,4,8,1
"bsEkDbRAfM0",22,19311,87,10,77,1
"2XsIu01UDoo",24,19305,1180,9,161,1
"JNKuoDWgNwo",26,19281,2042,7,231,1
"3qugdkzbUP8",25,19266,61,50,0,1
"_IqC1gE8x5Q",23,19230,420,9,96,1
"CxD6KdAEoDQ",10,19169,444,7,58,3
"6qUcGyJnDms",22,19138,924,3,149,1
"s2-sGmnoR_w",25,19129,987,59,508,1
"gVyJRqt_huU",24,19109,243,6,22,2
"o9EXoKb7el4",29,19094,396,66,163,2
"GrTtU3w7zik",1,19088,1012,8,52,1
"TFtDdO3gOi4",24,19069,1200,1,234,1
"kekTCiqWXVk",24,19056,88,6,11,1
"FU-3uwTS5hE",22,19047,119,9,115,1
"wDEA3rpYHnI",22,19024,106,1,0,2
"7hWcnKVEGn4",25,19008,144,20,291,1
"JZFsCsw3xUY",22,19003,841,4,156,1
"YTKe125mS_I",25,18984,192,10,107,1
"WKKLqmzfmH4",25,18982,2002,18,776,2
"dOHshkKb7NA",22,18952,417,28,220,1
"Tzgx43YCvRU",24,18947,144,4,90,1
"LQB-ET9JwAo",26,18935,1124,37,103,2
"JCy-nLzlTKs",23,18930,791,35,137,2
"w6_Gx9Xx6OE",17,18922,958,5,164,1
"TNGYkLqXD7o",25,18870,366,14,144,1
"AHR63TNGn7o",17,18869,169,7,5,1
"6blBh40cNlU",20,18863,322,18,415,1
"HweeKMRv-ho",22,18863,129,13,30,1
"7eRCxZ5obJY",24,18846,105,31,32,1
"8KymMNYX7A4",25,18782,672,8,664,1
"6G1UNSM9DQ4",26,18767,1634,55,119,1
"AT_XoYrpcDU",10,18764,79,278,65,2
"TPQqpxfm6BI",24,18757,573,21,96,1
"PErWWvlNXec",24,18748,355,8,108,1
"2oyRQwjr-Lc",23,18738,76,2,7,1
"k_PvPruyfXY",17,18687,221,4,31,1
"OEKlb-jo6l8",24,18628,1051,768,977,1
"Ay3gshiguqc",24,18621,29,15,27,1
"0hU-KsbvXQM",24,18571,156,34,59,1
"rWxzDcpNaTk",20,18512,313,9,3,1
"FtBYiNWecnI",24,18511,140,33,28,1
"-10X8LZxvOE",24,18484,489,6,29,1
"BXTmW8vY0tw",24,18474,98,7,8,1
"-3upAVcNsNM",22,18467,168,7,17,1
"KK6eEPQMOEs",17,18462,275,1,21,1
"8j417R0Nu2k",25,18418,109,28,0,1
"W2hKvIFhhro",22,18416,107,12,119,1
"vBsKGztn8XQ",25,18406,450,10,105,1
"lmYmCruSzAY",25,18373,165,25,18,1
"HBzzB9Ra9b8",17,18347,751,7,187,1
"B1aSZglNzJ4",22,18339,196,17,61,1
"VWACDL42puw",24,18336,71,8,7,1
"D8INyt1-bms",22,18320,124,16,33,1
"YWT014rb7qQ",24,18311,300,5,192,1
"qajTAgz4i2o",22,18304,1235,33,125,1
"7biQCM2X_xc",24,18269,1490,24,405,1
"Xb9mhqU1pxo",25,18266,106,49,0,1
"giDVHfCW6sI",25,18260,1772,55,956,1
"i6H9m36P2A0",24,18253,330,8,258,1
"Srgi1OZff2o",2,18248,673,10,106,1
"NZdFILXVsKw",24,18247,1413,3,105,1
"VjzvJNrsZWA",22,18219,527,8,174,1
"4mP9lEingWs",24,18183,1499,20,317,1
"s3rh5UTj3jM",1,18145,64,6,22,1
"uIxOKIUErcE",17,18103,95,0,7,1
"ERyZFaVHDDw",25,18031,699,1,218,2
"j32A_w5sVoE",24,18025,85,20,38,1
"1mNXtxbPACc",25,18017,818,16,454,2
"HOZItg1y2sA",24,17986,0,0,10,1
"382tsQnD32E",17,17969,0,0,18,1
"jxfNztGWiZ4",26,17966,1392,13,104,1
"_vcRe1uGH5g",22,17956,7,2,1,1
"zP8vyq3-O8o",17,17956,124,18,134,1
"sT0inxWZW18",24,17929,732,12,136,1
"S_TB6_hTQ0o",25,17914,37,7,22,1
"BiTsCdddews",24,17912,1535,13,174,1
"KcdD3GVJzu0",22,17862,1013,36,47,1
"WFK42PwwpXs",24,17847,2810,9,101,1
"_3EvmuaFrX4",25,17831,29,17,58,1
"9LzlIEB7Zzo",17,17828,147,48,105,1
"U1LY9QUW-eE",28,17821,890,25,154,1
"VP8ZA6KWxBM",24,17807,350,1,10,1
"55D0EAOv1kQ",25,17772,201,8,98,1
"YCwwv3THLbA",25,17762,554,37,74,1
"JsF-f1fD2Ak",25,17736,200,9,146,1
"NNd_nB6CCJM",17,17728,48,6,0,1
"9Zls1PuWmQk",22,17712,120,12,79,1
"uWNUD-NpxoM",25,17673,657,1,355,2
"lhY_FKQNR-E",24,17668,578,33,152,1
"3TV5FMH86i4",25,17617,180,12,196,1
"rXuV7AYnwA8",24,17611,585,2,91,1
"LJsbf7KNVCA",17,17584,50,7,45,1
"tTjMJpkYYRg",17,17570,358,3,51,1
"RPw86GHg5Wk",24,17568,94,52,33,1
"wfS5CggD_bo",22,17564,203,39,122,1
"U30iabnt3sg",22,17535,676,6,79,1
"Snqu5j6iMw8",22,17520,499,19,366,1
"4x4CMDvVI78",29,17505,794,32,2,1
"aiCVmRiQ918",25,17469,8,0,3,1
"rbfBMyQ4daQ",25,17466,112,28,0,1
"sGjSgtJhprw",24,17405,535,10,0,1
"oGZnbS8VZ2U",24,17402,123,15,29,1
"lKxZezQcp7Q",25,17384,211,51,93,1
"_huTyo2Tqaw",22,17354,329,28,185,1
"257WAWdkW18",23,17340,2209,18,131,1
"fjwSr_MgJcM",17,17306,69,2,5,2
"oKNGVnzWe4k",17,17305,148,13,56,1
"s47fQDnpy-c",25,17292,80,62,0,1
"2INS4TlOtHE",25,17265,1298,8,489,1
"x1BaPd4tRhw",25,17191,104,28,169,1
"zFaSPQ5rEE0",24,17189,1283,10,82,1
"c_s2PrX2TG4",24,17178,338,14,128,1
"iIDT8fcTpHc",25,17153,35,9,174,1
"1v7kTzF2Ci0",24,17134,246,10,97,1
"OtfuTyyB5H0",24,17127,2008,84,289,1
"bYMlIHJZ4FE",17,17073,369,10,6,1
"JNtimIwDM2Y",17,17061,48,5,17,1
"NOjXOijfQTk",25,17051,36,10,37,1
"U9kBMGUXgX4",22,17010,59,10,53,1
"XtdVR2_DTNw",2,16994,100,5,15,1
"xI7Byrv2DwM",24,16990,65,4,57,1
"QSmWxo7J6cU",24,16959,419,2,385,1
"_Zf3cJ6nycY",24,16949,754,9,65,1
"bsgocWaULIU",10,16921,187,0,5,1
"TJvDYLVcZzA",24,16919,89,5,43,1
"_ArWA4znL4g",26,16910,1877,17,234,1
"4_MMmEJ2BIc",10,16885,1492,38,542,1
"evTd3EXcIoc",23,16874,564,8,36,2
"5Wo6xJzHL8Y",24,16872,7,5,2,2
"e6hBdSuZQtE",23,16848,680,7,19,1
"XundpLSP2q0",24,16845,316,13,99,1
"-xMhy9JS6_c",1,16844,102,25,124,1
"0PkVodF5QQ8",24,16825,102,23,36,2
"2CsZW9pDIIU",24,16824,276,5,28,2
"iPJcNn7ngeA",22,16812,31,72,68,1
"XRVox5pVPQU",26,16799,1930,4,223,1
"Z1_cVpcMInc",24,16797,287,12,50,1
"PMvQ81VbwMA",10,16795,21,1,6,2
"2pL7aDAoteI",24,16788,86,5,2,3
"KSeTSV1NYxc",25,16754,103,36,0,1
"N_Hg47B6NWk",1,16742,37,12,40,1
"_9BgJQMUdwY",17,16708,160,10,31,1
"JPkd8xTy_aI",24,16698,27,12,18,1
"L7rj4-HnBQg",20,16691,87,7,22,1
"LXVSo2IbOL8",24,16681,279,8,149,1
"ikm5EKm4vwU",25,16659,1963,11,612,1
"1K0QSVTw75s",17,16644,73,8,7,2
"OhCXDC3lYsI",25,16631,292,54,337,2
"tJFg3td4dPY",17,16618,245,9,82,1
"gpjYSj1DV6w",17,16617,202,15,50,1
"8gHiJt9UuSw",24,16606,10,22,52,1
"b58iby5woL4",1,16584,57,16,10,1
"2-zrgpsODqw",17,16574,141,17,53,1
"4U79KiBOIPI",25,16572,152,20,9,1
"4vm8HBJX8dk",24,16554,256,3,77,1
"yN1mQrfzx-w",22,16546,345,20,168,1
"HFi7o1JsDYs",10,16532,677,25,149,1
"JcMu2hta5x0",25,16513,30,3,12,2
"kZGOnzeYJaM",25,16509,14,28,134,1
"NFFbdgZ-zBc",25,16486,203,11,135,1
"zt3u9f4TXfc",24,16472,1256,5,91,1
"h4EV0Wqvhhk",24,16457,958,7,209,1
"CK_5v5mLGZQ",24,16454,77,2,4,1
"Yb8FA-tKmiQ",22,16449,93,8,85,1
"7m5N9aZ_9PE",25,16443,215,12,13,1
"D6R9q4bZU_Q",22,16422,981,39,351,1
"3xHbJ2peC5I",24,16408,258,5,90,1
"Xk2OplnKDdE",10,16400,973,21,124,1
"tzLTKetYw6Y",22,16387,20,19,31,1
"HHkLM7inunI",22,16368,74,23,40,1
"gn34eG-cpwA",23,16331,2048,7,576,1
"27CDlW9DS38",17,16322,78,3,14,3
"U72R_TOGan0",10,16316,531,18,44,2
"On3LubUYd0Y",22,16274,106,10,29,1
"2oSdMUohPWY",24,16264,9,0,3,1
"UNQy1OhXdpE",26,16257,1387,14,201,1
"qWoLwjAvpxg",23,16236,1746,58,299,1
"UWnocqoetos",24,16226,82,4,11,1
"tzptAMtX-q0",22,16207,17,4,14,1
"GHzCXMALSh0",22,16169,123,9,16,1
"5RVdOCvBHV4",22,16166,116,12,43,1
"hVTaHlOxkRY",23,16150,15,8,9,1
"jer-mex35f4",22,16139,134,23,28,1
"kqgWhCv2c_M",25,16109,99,35,0,1
"zUS1RInEL5E",25,16108,417,31,161,1
"rjPA6125Mao",22,16078,1056,4,141,1
"p_0xp8BTU2Y",22,16005,801,7,231,2
"t0QUHueDuxk",22,15992,375,3,562,1
"mtIgppWwnA8",17,15984,79,0,27,1
"u2-ACwHEVmQ",17,15951,79,2,59,1
"ibQD3haB0aY",17,15934,125,21,22,2
"LlrXVkl4VTE",29,15913,408,18,0,1
"aMwzUVmT-9c",17,15881,77,4,6,2
"XPnYRrfMMPY",26,15880,680,27,85,1
"ShUp6YmwV38",17,15879,70,12,18,1
"dGM_E8T1t_E",29,15873,549,29,6,1
"f-28oF-p0_0",10,15823,126,7,5,1
"_5r0XPpkzJo",17,15812,96,4,46,2
"cgmkBofq14A",24,15753,1445,1,84,1
"5pT73LBDbC4",1,15746,1192,19,133,1
"_a7bgLyeaxY",23,15703,157,46,25,1
"eGgTV1yCUAM",25,15676,367,89,498,2
"TQo6kr9f2EU",17,15617,167,16,45,1
"2YJyMHuxCqg",22,15616,491,6,45,1
"kByqoWpR_PI",17,15575,148,17,72,1
"s9_NPWpeBJs",24,15567,68,16,53,1
"GfqVfIcAX60",24,15557,1351,25,125,1
"7inXGynoWA0",17,15541,67,9,5,1
"9LC5ZbBYsWk",17,15515,17,11,4,2
"-obiwumHClw",24,15511,315,6,319,1
"yPeoacFHIcU",17,15500,139,6,34,1
"0pxzlX6UFbo",24,15483,85,2,7,1
"LcGUoZLVuU0",25,15482,22,8,92,2
"c7XLY1U5X1I",28,15479,126,56,6,1
"2_Ym0fCFZPI",1,15477,644,39,321,1
"lzdeapOjN5g",23,15460,1975,5,124,2
"80pqa3RB9Ow",15,15437,379,11,4,1
"meRKbDusFN0",24,15431,267,2,13,1
"qdCzJtesqlE",25,15417,84,18,0,1
"Ah7WUGALNhQ",17,15398,363,3,67,1
"vBb5KVQTQL8",25,15397,1653,26,561,1
"-SDtO5Ov2FM",22,15374,61,11,6,1
"DPhxzBd7PfA",25,15363,25,7,44,1
"h94OKJF0cx0",24,15331,550,6,136,1
"s5c5teLL1mE",17,15316,141,17,68,1
"sYqO3-nuHnw",24,15276,130,2,5,1
"08yM19xTzAk",20,15263,179,14,59,1
"7RtiZWdnAdY",25,15261,1119,32,9,1
"gv0cyVVGGNw",17,15249,72,4,55,2
"C3aQLuvCnm8",17,15248,67,5,1,1
"Hjl49IbU-9I",25,15239,92,22,0,1
"ZHzyrdTvB0E",17,15219,32,5,6,1
"Z8L9Vfhb4AU",23,15135,2521,8,86,1
"3geeLnVL3V4",25,15124,73,26,0,1
"rMsQ3CCeOkI",25,15115,85,25,0,1
"ppcAfRoR9p4",22,15094,16,126,38,2
"-yIBaNSmJng",17,15090,165,7,36,1
"XulNBuak41E",24,15087,266,7,0,1
"MjRK-4DqC5w",25,15076,70,29,88,1
"hxCY0OGxnqI",17,15046,125,15,41,1
"D9nOG5239-I",22,15027,135,9,11,1
"vJBUJBS78rs",17,15008,130,9,20,2
"Dt4EIIUFiYQ",25,14940,36,6,4,1
"dthO5Rc1ac0",25,14939,415,23,61,1
"ilVkT7d1Awk",24,14901,1323,14,87,1
"oHU8xEfQqvw",24,14851,555,1,14,1
"oeblbSg15jY",22,14824,5,2,9,1
"UD1TgRPHlGk",10,14816,816,10,105,1
"0-sh6R3x9Nk",24,14775,287,1,15,1
"4k8KQDqpowY",24,14669,306,4,264,1
"WXx-auCQZe4",17,14630,142,14,44,1
"w77GmgbGQ-Q",25,14617,543,21,227,1
"zwxWKnUzRq0",29,14593,354,12,1,1
"d94e1BHSDNk",25,14566,1144,16,415,1
"fo6ZIeXPK1g",24,14555,344,5,0,1
"Ot4n4txl4Ko",19,14550,154,3,11,3
"4Y7PRjhHJRg",24,14539,126,24,23,1
"ngQSiXOug3Y",17,14536,131,11,50,2
"X01X-PYpemM",24,14505,198,13,28,1
"iJ3xdfyIn5w",25,14501,33,6,25,1
"LOALnbOcXMo",26,14492,2137,13,123,1
"9EVBo8aOqno",25,14480,28,2,17,1
"6YPWxk_dtao",17,14455,93,9,45,1
"Cf1N3Sr72Nk",17,14431,127,3,61,2
"WUyWfSm15i8",2,14389,992,24,222,1
"vsZ8ageOkzo",25,14359,148,40,118,1
"LNvOjjC1FaQ",22,14357,21,2,17,1
"63t8BTqRkmE",22,14303,123,15,28,1
"KYE5QGcspjk",25,14300,1409,21,405,1
"Vb43JgXaRGY",22,14294,90,48,59,1
"GwncXRkmut8",24,14289,106,2,8,2
"Ao0_tYflUMM",17,14286,353,6,104,2
"Aic-LB6MUtM",25,14285,473,11,445,1
"iIebx812x5w",17,14178,369,4,159,1
"bA487xuFcNg",22,14086,71,8,163,1
"Hs3-LaUpGHw",25,14082,19,17,34,1
"iN2ShUYFBO4",22,14071,648,31,526,1
"7Au5ri3AwUw",25,13991,1447,16,554,1
"hN4P6z_RfqQ",22,13981,596,46,283,1
"4ANArRqwENc",25,13935,75,33,0,1
"ThzTrGqENHA",27,13915,194,37,0,3
"KNwbrRgJOfM",25,13910,345,6,195,1
"YkZj-mynxAA",22,13829,1493,12,82,1
"lnOsXnieLfs",22,13798,985,17,163,2
"W9Pqsc9VCsk",25,13786,87,31,0,1
"KHeqvTDqvg8",25,13767,76,24,0,1
"WjgHSg89Wd0",24,13765,300,18,134,1
"_s3tPcvPIGE",25,13761,983,32,198,1
"q9gQ6Gd7Pww",17,13758,303,8,141,2
"rW8mZrEklZQ",25,13742,81,22,0,1
"qSJAc47HAw8",25,13692,49,26,0,1
"cRkivB3bsJs",24,13646,118,1,40,1
"uGYH6tv0pco",2,13609,182,12,42,3
"8TDr3yUseuk",24,13599,578,17,206,1
"c6bkRQNfHCU",20,13594,149,22,54,1
"oCoVIbUESJ8",17,13579,75,7,15,1
"TzV6VAa8pvg",17,13554,86,4,72,1
"nd4hMiS_EuA",1,13548,1133,16,112,1
"0g2gaMYLw88",17,13526,551,6,90,1
"1IFaHK7dg9k",25,13518,70,22,0,1
"15JHOKXGsFw",24,13491,59,30,44,1
"r74rJC_5tYs",24,13489,41,50,18,1
"TIvI07xLPnA",25,13433,74,57,0,1
"JhXpgsC5U6Y",24,13425,984,19,101,1
"s0LXmrJzGOw",22,13422,912,5,107,2
"sPi5OLUi30Q",25,13421,31,6,16,1
"6Fvkpkm2d2M",24,13417,69,0,22,1
"pGCDmsBZW4A",10,13397,434,8,57,1
"JlcbKzvQA7I",25,13397,1266,16,429,1
"fHljAanSs_w",25,13383,39,10,31,1
"bK1KegwEcSI",25,13379,147,17,15,1
"a6MSTnIcM5s",25,13324,77,20,0,1
"zYd8uPx6f-U",22,13300,122,1,22,2
"vDbfW53qEFk",25,13298,81,27,0,1
"JKrqaPn-ulk",22,13293,111,3,28,1
"5Ny_LiDC_RY",23,13283,544,2,15,1
"nARjfRhxRcI",24,13283,221,13,0,1
"iTfJBkCxAVw",25,13277,70,17,0,1
"ymKFpf904JE",25,13275,28,6,36,1
"vI8WvxOSsK8",25,13268,32,10,33,1
"5xBS6LxsIQw",24,13244,84,29,58,1
"-wpoXMhy8IE",25,13222,33,9,9,1
"_wY3DfQ2EUk",10,13197,143,0,13,1
"ImInn0hSbDE",17,13194,68,12,7,1
"KWGLaCqvISc",23,13185,581,4,28,1
"092tscLaOZU",22,13175,467,76,412,1
"lsoywZf3HAQ",25,13164,1169,14,563,1
"231wTUeDiok",25,13112,66,27,0,1
"xtHa9K97Tak",25,13110,18,6,29,1
"46VaIYguG1M",25,13092,1137,7,420,1
"CZ2zHOn5quo",17,13085,72,5,35,1
"AJt3OuB1dcU",17,13035,75,13,6,2
"aWSQhP_ukD4",17,13009,346,9,147,1
"ss8aj7m4xLU",24,13008,270,0,24,1
"8-L392k6IoU",17,12951,54,4,8,1
"1dwytOnCfIg",26,12940,440,0,12,1
"1pIjEBy8TBk",25,12933,38,3,78,1
"fowjzEAveeY",17,12926,47,6,25,1
"i8HeCY2_84U",22,12902,168,7,21,1
"a54__3PWAUQ",24,12846,1159,9,58,2
"xlWyucShmRU",17,12811,141,4,29,1
"snFhuy-Dnm8",25,12807,33,5,0,1
"BJpQIcXH90g",17,12768,73,4,10,1
"qF-67YKU5uQ",24,12763,377,17,74,1
"PHE4lWolTWM",22,12749,247,5,0,1
"BRTKQPkBXYw",27,12740,618,16,59,2
"bqbNMf5ZSzc",24,12703,57,8,31,1
"fkjX072CTnE",25,12686,1057,26,244,1
"dB2IV7ub2-o",24,12660,118,20,65,1
"d8TvjGrIL-g",24,12646,650,6,113,1
"OgyaoICzF9E",23,12608,780,21,78,1
"vqfU6N0IU5Y",22,12603,90,1022,8,1
"6k0uccES8jM",17,12586,31,4,22,1
"6o2Mpo70Ww4",22,12523,69,9,42,1
"1dUPvyhYWGk",24,12496,207,13,0,1
"WGwp852alMc",1,12494,18,5,0,1
"wzfSFKMXIDo",29,12473,511,28,4,1
"GlKAV2jRyVQ",24,12472,191,7,26,1
"kxUI7idtfYA",22,12449,37,8,27,1
"NNJJGlyjPYE",24,12423,629,7,62,1
"OH2R9ObnnRA",29,12419,294,16,1,1
"utHzOC8zEok",10,12411,729,13,37,1
"FamxLPkeOhI",24,12375,150,2,41,1
"LYdwNYPfWtc",17,12334,316,5,97,1
"3wjoR7se5Kc",22,12330,702,14,467,1
"t8h-HaIUEes",24,12318,231,4,13,2
"IK9NcQOiCSk",17,12307,63,3,13,1
"U6zPDAhXXHg",17,12298,349,10,148,1
"alCjegmS4l8",25,12264,235,13,129,1
"rynT6gpywWU",17,12205,247,6,37,1
"RctDticEAN0",2,12205,193,35,134,1
"hcPrMvUtjpw",22,12170,95,11,10,1
"bppIMQHFaGo",17,12123,136,3,14,1
"UOAWps8djuQ",29,12063,328,20,2,1
"Z1_E9ob1Etg",10,12014,216,10,25,1
"7UrEv53E5_w",20,11983,104,38,7,1
"oC9NvrOOfBQ",25,11945,11,6,10,1
"7TIz6hX8eNw",25,11941,69,15,26,1
"GtpmMCfL4T0",17,11933,297,2,58,1
"KZmV6b2KLn8",22,11928,107,12,180,2
"5-qYc_kHa_A",17,11925,397,0,31,1
"kmOcaz1NCNQ",24,11884,222,7,59,1
"EvYtTEIcBWs",17,11846,72,4,63,1
"OlCfEAfHlOs",24,11840,238,11,426,1
"LfajgipdxmA",22,11810,1,0,0,1
"VKy0_hLjWx0",2,11791,195,15,84,2
"MyagVVZ7zHw",17,11763,98,5,29,1
"Ed3wQVhyJUc",29,11716,371,18,0,1
"ELU7iQIhQG8",17,11663,388,6,54,1
"bceMBEYFR7o",24,11649,504,10,111,1
"cy-8BrEFbdU",17,11644,75,5,12,2
"RTErcDUaOxU",26,11642,1574,9,425,1
"D0yFtB9Vm3o",24,11634,132,12,185,2
"eqb1QZrDmCo",17,11623,153,1,40,1
"OwGwSuv7R1A",17,11579,67,16,4,1
"d6tlVZLIrgo",22,11575,132,14,15,1
"JArW__dKz0s",24,11562,360,2,10,1
"7ClO-1OGP4k",17,11551,106,10,84,1
"7QaWqzojx1I",24,11550,263,9,147,1
"VfI_9YMuYNk",22,11549,101,6,10,1
"DBEpw0WCL8s",22,11516,783,5,97,1
"dxsneLCPKr4",22,11508,89,7,14,1
"UsJkgwsZodg",25,11499,358,41,420,2
"iyENBGyECH0",17,11476,99,5,42,2
"NPpHmilDjG0",25,11457,70,16,0,2
"qKB_7_ZzKvs",25,11429,0,0,10,1
"6kUCDT6tG-Y",10,11425,69,2,9,2
"jP2pLXHU6i8",25,11412,76,25,0,1
"zUqoCaYPcGk",17,11408,103,2,46,1
"_k-8c1V2yME",25,11369,40,21,0,2
"hV23YfxzTMA",29,11276,327,17,1,1
"IosFWnCStWw",22,11258,35,1,43,2
"aTqzs9Htm8s",25,11240,152,55,232,1
"FLepbWKgQZo",25,11214,818,13,494,1
"9BV477fs1XU",17,11210,307,10,100,2
"pBpefESazkI",24,11189,261,6,88,1
"lelkwk8NHmM",1,11123,29,7,0,1
"yS9BXv2zKpA",22,11111,226,5,36,1
"GUV2N9edvY0",22,11109,28,4,6,1
"wrYLKbVtL5o",26,11105,1181,14,339,1
"JlV38i8-HYQ",24,11068,287,7,25,1
"05dIy5B-nK0",25,11054,146,28,254,1
"NRtOsA7e38Q",25,11044,42,26,0,1
"S0L45gCJWAo",24,10999,961,21,180,1
"ctUYQoD_Txg",17,10930,88,4,6,1
"KWaEFH_kXH8",24,10929,235,12,110,1
"GN1lWxbVEK0",23,10917,1762,10,140,1
"Y5Ona4TDEbY",25,10912,465,21,388,1
"DkDGluGrco4",22,10891,657,8,146,1
"labyCYgevms",1,10878,289,6,54,1
"Bn1mBRcQ9Og",17,10873,240,2,42,2
"f1sUBtUX32Q",25,10871,85,39,278,1
"bp36yP-xm3Q",17,10848,315,3,116,1
"yYNA158zPsw",17,10831,35,15,13,2
"_-JdGn3EWZQ",26,10829,1027,6,102,1
"N4l55wh89Kg",17,10822,119,2,44,1
"UMKGdivcKpQ",17,10803,81,4,3,1
"wyoQABzDxC0",17,10774,170,0,10,1
"GADaHlgeFDA",17,10759,341,4,53,1
"J3KdH_dg8Ps",17,10749,549,8,347,1
"VSARRPaqZN8",22,10649,56,7,16,1
"QLxBQUS6GpY",25,10632,17,12,9,1
"5j_giyX24zo",22,10622,365,9,26,1
"aVeoZl4YC_M",25,10621,527,7,573,2
"YVBW_oSrCfk",24,10613,248,5,69,1
"c8tdRYy8jfM",17,10602,198,8,18,1
"rkGfkbCM0Nw",25,10596,737,3,218,1
"aRBYw1lA8WA",17,10586,216,2,45,2
"-5chTN98WN0",24,10571,118,5,7,1
"npF7u_uG0lA",17,10567,374,10,259,1
"AOvIx4f9Zos",17,10527,97,10,16,1
"1ICc5DY38YA",23,10516,389,7,27,1
"8t4CSM11930",25,10438,19,18,110,1
"L1r4GVcY7HI",24,10437,905,13,154,1
"Y6Ls4c-Oi7w",2,10434,187,11,36,1
"_5orhzrRL3E",24,10408,566,2,43,1
"3cYMhZzsBZ0",22,10395,19,2,4,1
"_JAPVgF-nWQ",17,10386,61,9,1,1
"6zQykUC5QXQ",15,10383,410,5,2,1
"cEZF2PRRPC4",25,10372,494,10,428,1
"CpdYqrSRoDw",22,10325,138,8,20,1
"b8xzvb130m0",17,10319,97,3,20,1
"VS4GCpo9jB0",25,10301,932,11,416,1
"jxMiDv5dCKU",17,10293,279,10,86,1
"drYEWUHd9dQ",25,10291,0,0,0,1
"s7IchhU-o-A",25,10288,319,16,368,1
"VazZ_Si9mUY",17,10228,36,22,104,2
"dddvod8WWSE",17,10185,85,5,32,1
"ehyWcnOfQV8",15,10173,359,8,0,1
"WBfOtfotvi8",17,10164,29,3,3,1
"2YWyTROT7Ks",17,10154,339,7,147,1
"GtStI9e4360",17,10119,54,3,6,1
"8Xr_gjeSeXQ",24,10105,67,4,11,2
"ymzhTiAMeWo",26,10101,1079,8,315,1
"c_kTEYjo11s",23,10095,456,5,82,1
"SOcArtrkU-M",25,10093,124,31,192,1
"AVFEnCubdQI",24,10084,196,9,38,1
"7m3jc_VLcvA",17,10052,105,7,36,1
"hM7diCCnyKg",23,10037,33,66,7,1
"SqahEGDzYCg",22,10026,413,17,78,2
"QXId3UwOyEc",25,10016,53,2,87,1
"d6nFSNcc-bI",25,9996,67,6,0,1
"tsM_IGkTBZk",2,9988,152,10,18,1
"K8OWx7q9Yzw",24,9955,128,9,3,2
"fzu-JzApLc8",25,9953,1115,16,559,1
"IsWtUmYPAEA",22,9941,69,13,6,1
"d9RPMuSJ1rI",17,9924,202,1,50,1
"r8w5A6UBGV8",25,9924,135,13,13,1
"rs-mqG7gzoI",17,9924,121,12,49,1
"RY0FzicdYD0",25,9910,1386,16,648,1
"RlSF_U0CGKo",22,9900,184,1,9,1
"PsqX8Rg9KtU",25,9894,808,21,312,1
"IcEzTXmBIgI",25,9875,36,14,11,1
"nMOHwK-3zO8",22,9873,63,4,37,1
"RyOMAvYW-E4",25,9822,16,16,70,1
"4eIyTaB-6Yg",22,9820,64,10,16,1
"mvLy0jopOvk",23,9816,1432,9,89,1
"Fnu0Vg27NKA",25,9773,45,20,0,1
"8qOkpp0o1ng",17,9705,277,6,142,1
"WKrCYOVzCEQ",17,9695,220,3,87,1
"C5bxMYpTazk",17,9660,102,3,16,1
"aW0fzD_2SgM",17,9651,643,3,133,1
"tWNEcu7RUSI",25,9636,936,7,434,1
"y91Jsgz40tk",24,9629,802,8,70,1
"3GpmrIPER38",25,9626,468,6,523,1
"Q6olJsNjiro",24,9618,122,4,83,1
"95pAXNJL8uk",17,9616,42,5,11,1
"I-UiDLu6lII",25,9616,504,7,252,1
"t-xIHn9GGjk",17,9585,249,11,137,1
"EigOCOwWxRA",24,9542,506,3,45,1
"BOC2cc7tp70",23,9501,41,7,10,1
"bD3jftH8ZBw",25,9433,111,15,39,1
"UIyP6J7h4zo",17,9384,301,7,98,1
"iF3OG6c1WRc",27,9356,905,12,431,1
"jSHJLeB5W7Y",23,9343,5,11,11,2
"ujv5H54a0Us",25,9338,22,5,5,1
"WTJ-abzfLX0",2,9309,140,7,11,1
"x-2riBvM6Gw",25,9303,695,19,475,2
"xykPzNGFki4",2,9286,138,7,22,1
"cHZjiy6L5js",24,9271,224,9,73,1
"s0sQjn-8QO4",25,9256,42,4,0,1
"xckSAAsS3DY",24,9243,0,0,0,1
"c2e8n9ZyVzc",25,9238,94,27,0,1
"X8JXilKuIPk",25,9218,46,7,0,1
"EKQhd-CnLJA",2,9201,313,13,84,1
"_e7xnBNyVbM",25,9192,1002,45,759,1
"zuJJFXi1VIM",24,9189,57,1,11,1
"bILf7MfRf-k",25,9176,175,24,0,1
"yj8ipvR1EWk",17,9174,236,5,113,1
"OnOkoE0VpEY",23,9164,1124,5,69,1
"uxUZ7Y-Yp9o",25,9156,676,22,315,1
"FCf1QP5HBR8",25,9075,30,23,0,1
"3d25EBfiNns",23,9039,405,12,17,2
"q2NxXZBjekY",24,9021,476,4,27,1
"4CzVVge1vuY",23,8976,360,10,20,1
"y6tXWVqD6r4",24,8932,267,6,37,1
"qniD1SHd42M",17,8915,27,6,13,1
"y1K_gJI04m4",17,8849,86,6,14,1
"QCkEQz1Z68E",2,8822,140,12,24,1
"jSVFB8npuWU",17,8818,321,7,62,1
"ntH-3-Czr-I",22,8805,118,1,0,1
"RGxvgyclQh4",24,8776,33,2,12,2
"g06ir7snzGU",17,8764,78,4,10,1
"-MSglZuHIoI",25,8748,6,1,6,1
"NjAtUG9xh5w",25,8737,0,0,0,1
"08cZf0dqG5A",25,8715,41,16,0,1
"MeWSBEdzWyg",23,8703,369,9,32,1
"01pnvqL51iE",25,8698,124,59,159,1
"-pbPU99enbQ",25,8685,15,1,8,1
"v7ikL7H6lko",17,8665,195,3,30,1
"mugFX9RL2MI",17,8659,267,10,62,1
"pf5V2BLe9I8",25,8646,39,13,0,1
"lav-gT5QgOY",25,8620,34,96,124,1
"YlkENUwsItw",25,8606,32,28,0,1
"KeWZzmHz83w",17,8597,93,3,1,1
"E2azUNaXx9M",24,8595,372,4,47,1
"l-BPNmEl_Cs",25,8586,99,7,55,1
"4UvDbs-aehU",26,8584,1044,2,97,1
"OssSrPxGTQg",25,8570,820,8,356,1
"QHtWbW4s350",26,8570,917,10,162,1
"9BVuGwHJaI4",25,8551,17,5,10,1
"GsycvDyFZ_c",25,8533,11,7,56,3
"1yvfVrqwvSo",25,8531,36,13,0,1
"TKkR1jfS_yY",24,8505,157,4,201,1
"_w2bBVFXyVg",23,8490,366,10,22,1
"m3PfGa-jylY",25,8437,39,25,86,1
"pDLBeAxQ60s",25,8410,18,0,4,1
"be9JNpA_FZ8",24,8348,44,1,3,2
"oViMVBn4dJg",25,8339,39,10,0,1
"2rCjQ-gP-zU",17,8308,242,3,36,1
"8BNTsHZ86h8",17,8294,115,2,28,1
"6AuZdomkS7U",25,8285,673,13,152,1
"NN7yRZT83pk",17,8267,363,9,253,1
"MAQFkdGd-S8",20,8245,25,2,23,1
"kwVFYYjXU1I",26,8237,912,11,124,1
"ElmsL2_VN0k",25,8223,57,13,0,1
"NtkWTczhzs0",24,8191,226,25,29,1
"BwzAQhNvzzw",25,8175,356,13,106,1
"VLgeJiGwEXo",15,8171,405,10,2,1
"ZiaTw2Z16YA",25,8158,66,20,0,2
"GC8MwNgz3T8",17,8124,102,9,107,1
"h0vCVB0aGZY",17,8113,68,3,34,1
"MN6eejyENV0",24,8102,72,5,4,1
"rTkg6g5JPUI",17,8092,87,8,36,1
"kIupesLj7SA",25,8072,336,7,233,1
"qDcQww9IXzE",17,8044,140,6,9,2
"7PoCFLT6PQ0",25,8043,879,102,394,1
"I7p52SKOGZE",23,8018,403,3,21,1
"fxfSERY6Rz8",25,8004,36,8,0,1
"gTsHLFrJUGk",17,7998,76,6,28,1
"PZzLBj4_Jis",17,7987,74,1,12,1
"PI2_HS_7r3Y",2,7982,269,7,86,1
"x8Rv7vPEetM",24,7978,59,6,8,2
"PEv21CrTRSg",23,7966,410,14,33,1
"u1ISAJiTlSg",25,7956,569,9,634,1
"rGyZd6U58PU",24,7955,247,4,53,1
"AG7sbVNlBO8",25,7953,33,19,0,1
"oB7ElnIr1AQ",17,7914,4,1,1,2
"woddgOATZHY",25,7898,11,7,2,1
"g1BUfk0dd20",1,7889,220,0,3,1
"xaA8KJAnhDs",24,7877,43,1,26,3
"k5Ae8zk0QuA",25,7867,32,6,16,1
"XsTUGVdL4vI",28,7855,67,31,0,1
"rhskvaaFSnE",25,7845,553,15,357,1
"7aZ0EXXJl0s",25,7841,21,5,52,1
"f5BKsnNybgM",17,7822,69,1,8,1
"4LgU02-XH7I",22,7788,94,7,30,1
"wH9GFMOmhYs",2,7778,184,7,31,1
"2ZIHzE5EO4E",24,7764,50,5,61,1
"cDEuUqG3oH8",23,7750,279,8,82,3
"N3rcUtXjTA8",25,7742,761,9,269,1
"3RXnDkDVR_M",25,7700,510,2,331,1
"HuoItGFyOkE",22,7697,99,1,5,1
"z10CZO6VLkA",24,7660,177,6,6,1
"3-uXkuiCwew",24,7650,200,8,87,1
"cQ65yIrAyCM",22,7605,94,20,102,1
"4YvaX1lK2AI",1,7592,108,8,14,1
"4gIJ7cCMDac",17,7556,161,5,24,2
"Xx_NyjmMon8",25,7525,750,6,226,1
"0qE7Vuy5Icc",25,7497,11,8,3,1
"TWKzDGCLI9w",17,7494,136,0,44,1
"K-QGEWaJct0",25,7471,85,32,161,1
"kWk5w6JPucA",17,7447,248,4,81,1
"DcCA7O6P1u0",17,7440,327,6,197,1
"7RQXhN3QCvs",17,7440,67,9,37,1
"jMdLuyfWnB0",17,7437,71,5,29,1
"4cxSvglcIN0",24,7435,49,4,8,1
"ay3oOZCz0MY",17,7430,102,4,41,2
"_bKNOnRFN_c",24,7400,59,6,43,1
"96-f5698sQs",25,7357,15,5,2,1
"cpg2NUJQ8u8",25,7355,35,13,0,1
"abQZUEHiY_I",26,7316,695,2,84,1
"A5mLC8oKUEc",17,7299,423,4,203,1
"uLoF9hlHmRI",17,7288,46,1,3,1
"Yp4AkGusRhA",25,7268,27,9,0,1
"QZgF7MG9f4w",25,7260,115,37,184,1
"mdnkDgLkQGM",29,7223,104,1,14,1
"sh_r-pF_QHs",25,7219,562,10,201,1
"F59Xeblp2SI",17,7212,180,5,24,1
"Dry4gfqMerA",25,7209,358,8,278,1
"gvJeFFybxxU",25,7159,590,21,156,2
"vcyI-R3tDz0",17,7152,59,4,22,1
"UGmPQRyy-GI",17,7118,53,1,5,1
"RRscN5NRua4",28,7094,35,10,0,1
"uwjk8NMU8RU",23,7090,12,0,1,2
"gNx9I7KfHuI",23,7088,155,2,4,1
"zpNPdBOJnMg",26,7074,618,1,42,1
"cC_dVRMQqWQ",25,7066,37,15,0,1
"5mSOqUZ7Bao",24,7062,123,5,42,1
"2H-FxHWPugY",17,7027,74,1,13,1
"tskL1iqpYlc",25,6997,379,5,280,1
"mbnHfXIb1Uo",25,6989,854,15,431,1
"8Ll6eEJ_jBc",25,6988,312,2,320,1
"ni9PhkUKETk",24,6957,0,0,0,1
"7fc4NEOKNSw",17,6940,304,2,32,1
"6INqGDNtAnQ",2,6927,182,4,38,1
"8ApKpqgZDbs",1,6916,966,7,73,1
"-O3AYksXg18",23,6902,83,1,6,1
"BEoomLNzAfg",25,6885,398,5,216,1
"wEBSU_Rx0kg",25,6882,49,9,144,1
"JKwcg7VEdwg",25,6880,17,3,2,1
"FqwWFl8e67Y",23,6878,59,2,5,2
"3dcnx0Fm11I",25,6874,8,6,3,1
"uQxh3pAnqlo",19,6853,834,8,117,1
"z_syTlziiPA",25,6843,23,4,7,1
"WizSn2ybup0",24,6818,71,2,35,1
"JvzZboNIRi0",25,6813,124,148,0,1
"0KAgwnlbwEw",17,6811,276,3,65,1
"P6LUVXAgyJc",23,6772,1016,8,41,1
"5BTToG-BvMc",24,6717,0,0,0,1
"qqhh5WmU_9s",17,6711,22,19,46,1
"HR8ydddkULA",24,6696,84,11,29,2
"DExbJi4p1co",17,6684,23,1,37,1
"0X3uEymy0l8",25,6678,787,9,284,1
"CgSYkCPLf9I",22,6677,519,4,31,1
"9IVUQqNbUFw",17,6634,0,0,48,2
"FU6_gvaRSao",24,6586,38,2,4,1
"G6xfUZ0x01I",25,6536,564,6,153,1
"4aF1H38RBMA",17,6524,69,4,18,2
"XMrE4GgIs4E",22,6510,180,2,8,1
"VaAhIMAAcqM",24,6508,163,0,13,1
"BNScuIJmeck",22,6471,134,2,4,1
"2xM0Peo7JNI",1,6463,1724,6,115,2
"BcesEcvZ1gI",24,6456,131,4,26,1
"nU8256C0ltA",24,6454,166,6,3,1
"br0sJicBEGw",17,6448,177,1,34,1
"pVfJbOZShu8",1,6421,477,5,62,1
"4z-3iiXRkQY",17,6393,209,4,100,1
"AnpWSlOuAqY",25,6377,627,6,222,1
"22iqz9CQN7A",23,6330,178,3,15,1
"K4ke7hHhAIw",25,6316,26,18,0,1
"xF4VdBmHxJY",17,6266,45,2,20,1
"zglsSQAi5aM",17,6262,62,2,15,1
"UmY82f1biHM",23,6256,149,1,13,1
"ZO1nhDbqL-s",26,6236,28,6,3,1
"qbMLBCmdl6Q",17,6216,11,1,9,1
"0Y9aV8SeB_Q",26,6204,529,2,120,2
"GAsBk5HKUs4",17,6198,54,4,10,1
"uSSrmLDylAY",17,6197,130,2,29,3
"HPMpOp18Nx8",22,6186,6,5,6,2
"9PT3ucAFmhg",25,6151,183,6,96,1
"G6Sw1-YHO2Q",25,6147,809,11,196,1
"J91kn8FTTYI",1,6075,60,1,4,1
"gdkdm2z4atI",19,6071,52,1,18,1
"-0F7AFzWXik",25,6070,152,108,205,1
"9rcVawytYb8",17,6058,84,5,52,1
"JH1wI6I57KA",17,6007,178,8,41,1
"5Xto50rT_DI",17,5994,339,1,155,1
"2JZlepmR-xI",25,5982,8,4,14,1
"UNxohP9PtsY",2,5974,215,4,30,1
"SCzT-PRYPYw",25,5964,58,10,0,1
"O-9aVacemzs",25,5960,10,3,19,1
"z8YqfFMS54s",17,5950,105,2,15,1
"gnOeij9tPTA",10,5926,147,7,25,1
"jz0-VqHHAn8",2,5884,168,24,58,1
"Ew1_UuER31I",19,5880,35,0,8,1
"0SHo9NSpobk",2,5879,165,17,76,1
"oHqo19dH0sY",26,5874,710,5,71,1
"nc8-hdY4rTY",24,5830,450,2,45,1
"uh-gkhd_tL8",25,5827,138,98,298,1
"h6kJ477ixNk",25,5781,26,4,22,1
"kP8ZJPU0AkY",25,5770,25,6,37,1
"haLgkB7CEYA",17,5706,105,2,51,2
"BLWsr7GkDjY",25,5694,244,6,256,1
"gZ6xM1K4q48",22,5660,180,11,22,1
"1K4CZw8p8D0",20,5660,269,3,113,1
"7R8qRF0f68U",25,5657,394,2,317,1
"hD1vN6ZFfQo",25,5650,469,8,94,1
"64n4Ol0C6lo",2,5618,283,5,64,1
"uJMT_UC0Ppg",25,5606,789,12,268,1
"sDR7B5k9Nus",25,5599,524,2,179,1
"MTtFpn9C7Q4",24,5596,29,5,5,2
"wpcunND0g-8",23,5595,30,0,52,1
"0fT4O86vRZg",25,5595,60,2,51,1
"h8BMqjEF4ko",1,5525,957,4,66,1
"y6pwaaTT6cQ",17,5501,58,5,26,1
"GHXrFX4xgxI",25,5494,479,8,236,1
"RAZdotTN6uY",25,5493,24,11,0,1
"cMEB9QKKsO4",25,5477,590,7,219,1
"JGUQWdjyMME",17,5461,29,1,23,1
"gU8nnZTCksA",17,5449,102,1,57,1
"hjy9VY6CPI8",22,5444,340,1,168,1
"e3cAjHLA-iU",22,5386,7,2,1,1
"cf1o6VjTMMM",25,5372,703,2,206,1
"HCtObPe4Sf8",17,5371,164,2,27,1
"7lCZqxPQ_BQ",17,5355,285,3,156,1
"dt317OTm8lI",25,5353,352,0,191,1
"v85-O2x9e7Q",25,5336,6,0,10,1
"P9_2cdAjkkA",17,5317,140,1,44,2
"fMxDCUgnaeA",17,5316,65,2,23,1
"5_rEg4wotYg",22,5312,121,4,20,2
"3eZCcqRBmy8",17,5307,39,15,43,1
"4f79jKuZvIY",17,5290,9,0,0,1
"WsE8szxhQbs",2,5288,211,16,46,1
"p6AQvfo48I8",25,5279,21,3,46,1
"ulDaGvYPKI0",25,5277,438,9,202,1
"PWDOo30EWKU",25,5236,517,8,230,1
"f67N-hljgrY",22,5213,604,0,32,1
"gr3HBAmjUV8",25,5203,574,8,184,1
"q4kOREgIGys",25,5200,434,4,130,1
"ig6xEJ-g5ko",17,5181,194,2,23,1
"aPFpqf4mHrU",25,5169,463,2,216,1
"MHh8151aRVw",25,5166,612,7,208,1
"npl8n9gphZo",22,5164,19,70,74,1
"5MIpf4QwLGU",17,5145,64,0,4,1
"ajoX6PSvkHA",24,5132,29,0,5,1
"3zQ1b_luah4",25,5111,394,6,105,1
"4FzbTOIF9mI",17,5108,51,3,27,1
"SEpc1cES3-g",22,5106,299,3,44,1
"KNaDdZNbSEA",27,5097,91,0,11,1
"f5XvBNg2Y0k",23,5096,418,2,19,1
"fS6s4pzpKdA",2,5080,172,7,51,1
"vvkmG-IWPcE",25,5069,39,17,0,1
"WBFDY3rgF40",25,5050,185,13,211,1
"axnyCl4yil4",22,5050,479,26,90,1
"UUjLVj96rBA",24,5048,126,0,19,1
"rjeIRwbS_HQ",25,5034,634,11,520,1
"z1lLZXOq12w",23,5032,35,2,6,1
"z9gcsxVRI5w",25,5031,54,7,0,1
"OeblTYVy0k0",17,5022,11,2,1,1
"R7CLvUHsUts",23,5021,237,3,74,2
"EA_-S4CGP7c",10,5004,70,0,8,2
"UQniNh_6LOY",29,4986,151,0,14,1
"14x_3HsyLN4",17,4977,160,1,36,1
"m-ROPHpie7w",17,4974,22,1,1,1
"olkgPzlh5A8",25,4967,102,27,93,1
"FTJNtSpj2BU",22,4953,173,1,15,1
"6goVBQ_57e0",1,4953,214,5,35,1
"SjOI54Z2RM0",24,4946,38,3,25,1
"NS5HgQJkRRw",25,4938,32,13,66,1
"QQtfmGQXdLI",10,4936,80,1,10,1
"NMz2aVBdKJQ",25,4888,97,15,25,1
"qxldmorHzTA",10,4874,375,6,67,1
"EP9A73lm5qA",23,4864,482,6,219,2
"nnBgCv9jCMk",26,4863,536,3,43,1
"8sdQ7dP9Drs",17,4851,31,0,0,1
"eW06IfXdOG0",17,4840,55,1,11,2
"5-p81ZrE7ZA",23,4836,195,4,84,1
"t3mQLWduIDo",17,4826,84,1,11,1
"8T4nc3lf41M",25,4817,466,5,200,1
"xtfyGu4CysQ",22,4816,36,3,18,1
"xX5OOKtpfPY",17,4803,148,0,26,1
"l2EkjbyZ1t4",17,4776,35,2,5,1
"3GCjS1rEGZY",23,4775,33,2,9,1
"n4MFJgqSTBs",25,4759,492,3,181,1
"JbBFOxeFqoU",23,4749,190,4,41,1
"DqihQBYEPas",23,4739,1137,3,224,1
"iXs35UdIS1k",22,4709,5,0,0,1
"gG7ULMuHLy8",25,4704,510,1,337,1
"b7z78cP3N0A",25,4656,286,2,249,1
"LtF0ZAoHM8o",25,4635,460,4,350,1
"uCM9R-iH6Ms",25,4608,223,4,76,1
"mYEpnVt80Kg",17,4589,71,0,27,1
"FkDET6WwKLI",2,4586,206,10,57,1
"A2LiscAnKog",17,4570,17,10,7,1
"bgBtQT27UFo",1,4555,188,1,28,1
"5TkalDZ7mtI",2,4549,180,7,47,1
"sJF7EuWyUfY",25,4537,110,11,0,1
"_3NeHPOuqDw",24,4536,125,6,48,1
"v3Mg8zltz7U",17,4507,186,8,135,1
"1u3xP7ovVag",24,4384,98,5,0,1
"thyvXWn-6Mg",17,4373,3,2,3,1
"v4AprNac91E",25,4359,497,6,293,1
"xruaTlgWKZs",17,4352,46,0,10,1
"fu3pithj4ZY",24,4350,0,0,29,1
"otMtDZTHTu8",23,4291,104,2,7,1
"mn1-mtmO0Cg",29,4284,66,0,2,1
"pfvpnv74V1o",2,4262,187,1,39,1
"SVMvgade6N4",20,4254,130,2,53,1
"awIf6Ya-zrM",25,4249,443,7,338,1
"sozcqzc_3iM",24,4232,0,0,21,1
"6peOBqr3QzY",23,4230,363,2,20,1
"IAqetXwohqI",17,4227,199,0,13,1
"WaXzbNKyGwY",22,4216,111,23,44,1
"HsINKcqbnyQ",17,4212,220,8,100,1
"PDOhDHcKp2E",25,4164,407,4,231,1
"bYZajWpce-w",17,4138,144,0,15,1
"TH5reruLKsU",25,4124,55,7,0,1
"fDHMq0qLS0Y",10,4100,228,10,31,1
"lAprdLGNuDg",17,4085,92,0,8,1
"QxxD3EAq_qY",22,4083,115,1,10,1
"GsGSOnAuTag",17,4072,63,1,10,1
"VVxBhKhYyY8",25,4069,269,5,435,1
"K3VQJAxut0w",24,4057,3,1,6,1
"go1oPJG451Q",10,4055,79,2,17,1
"tOq_OBemiJU",17,4040,87,4,32,1
"wH7PeWwz2aU",22,4023,52,6,37,1
"nHDC2BXjDIU",17,3998,14,2,26,1
"nVZP0j3afzY",22,3991,8,0,0,1
"Y8qh1yEvFnQ",17,3968,77,3,64,1
"VAOs7gtSiGw",26,3955,352,0,108,1
"M7wzRS-iMUU",26,3954,339,3,0,1
"szBhoMzxBuw",22,3952,118,3,38,1
"i4uVdORhwLU",23,3941,184,5,20,1
"km19OW3AOIk",28,3933,49,0,1,1
"i7Hv7Glh2Pc",25,3926,80,37,16,1
"MhXEEPxVLvw",22,3925,689,2,89,1
"7qriHqE3XHU",17,3907,214,2,69,1
"sT9_llIn3eg",2,3892,66,2,5,1
"eT3ysRMqcS4",17,3883,62,3,35,1
"P-Kl0XkZuCw",25,3881,86,16,43,1
"gk5iEo-s_6M",25,3872,134,6,64,1
"gSNr8ZRYYyQ",22,3866,161,2,22,1
"p4a1HcnElEA",23,3862,261,8,14,1
"Dpu_i-IHlGU",22,3847,155,11,48,1
"7Pyt05PUhpY",17,3836,65,0,20,1
"lbCZZAaAak8",17,3832,54,0,34,1
"YAogCl58WBw",25,3827,418,2,183,1
"zGp-0ZQ6hpc",17,3809,211,4,111,1
"stvBXbtvfuY",17,3805,40,0,6,1
"aRvajALsgI0",2,3802,157,1,36,1
"R71Cq4jreLQ",23,3756,352,1,34,1
"dgtvSP9OCn4",22,3744,39,2,0,1
"tZDlnWsJ3MM",17,3733,57,0,31,1
"hPftq7ppMe8",22,3727,3,15,13,1
"BG9gXilwBug",17,3709,25,2,6,1
"OJAVUyVU0VQ",25,3697,470,2,107,1
"t3FYESkzjUI",22,3684,4,5,1,1
"O0psVki3cKI",17,3684,22,4,0,1
"yaDLn-gSsag",17,3680,90,0,23,1
"LbuYFYyDStI",17,3668,52,0,24,1
"IkQhv4qzbc4",25,3663,2,0,2,1
"yt4dgXqv7AI",22,3631,152,1,27,1
"jXiKP43YxK4",10,3619,183,4,24,1
"06K7TaXuDWQ",24,3614,60,0,17,1
"b-L4HBZsz9U",22,3594,258,1,52,1
"7fuEP1GTbSs",25,3574,461,1,106,1
"Ua4urETuPec",26,3564,264,7,0,1
"1mzYelCS440",17,3552,78,0,19,1
"aWk9cyQhI9k",17,3549,229,2,24,1
"iIy8oOHS0kM",2,3549,149,1,29,1
"JVTUsdSg6Do",17,3547,335,4,85,1
"bl_zQfgSups",23,3527,112,2,8,1
"i1mmLOPlkDE",25,3526,22,2,13,1
"NkBj7eL4lvY",23,3505,345,1,27,1
"7d2hx6WEgx8",23,3504,89,1,7,1
"o0c_zEwtraE",17,3500,50,7,12,1
"V5W40Snk4lo",20,3494,161,2,35,1
"-dziyuN-L6M",17,3470,16,1,3,1
"0351vbGpH6g",24,3466,203,16,7,1
"CiYU8EHLzos",25,3452,46,25,51,1
"kNnjyr7XU5s",23,3425,330,3,27,1
"yhLR_VtL0cY",25,3424,323,15,148,1
"7LXvFbgRK2s",24,3408,14,2,5,1
"VN07WCif47o",25,3380,447,3,224,1
"cw1-3q17Uks",24,3364,20,4,4,1
"4J1uM9ZOyUQ",23,3352,257,1,13,1
"UB2JcCfxcXQ",24,3325,21,1,0,1
"MrCSmS7or34",23,3318,312,1,13,2
"7gWnmoChoPU",23,3271,404,4,45,1
"srXFN9GJ03Q",25,3270,399,3,116,1
"eQ3B7efRIWA",22,3263,93,6,10,1
"2rFU249LFj0",17,3256,26,2,33,1
"5DQKotu_q3Y",17,3249,50,1,25,1
"DquP1HFepKQ",23,3245,89,0,7,1
"-YQSH-3qWPM",17,3244,8,2,2,1
"O1ZZD7oDfGk",10,3201,100,4,1,1
"Ef7J2aFVZ5g",17,3189,131,7,91,1
"Xb8uOnfDo4U",17,3182,71,2,43,1
"ibVWKiwIOIM",2,3154,131,2,43,1
"F98Y4zNqQGg",22,3154,131,1,14,1
"imySaGvDXMs",19,3144,4,0,1,1
"gqF29TdxmEY",25,3127,17,3,12,1
"5CZA8YQzSik",17,3121,44,1,15,1
"sQavzKT1VRY",23,3113,125,0,8,1
"_oOymFaH7Gs",22,3090,108,4,42,1
"N2NWdit63g8",24,3087,78,2,14,1
"dWM-SGhdgOw",25,3082,209,4,150,1
"6v3I3khbtos",17,3076,4,0,0,1
"1bbcPdzMbiU",2,3059,95,2,22,1
"WFkyuEEBj5E",25,3058,11,0,4,1
"M_D1TYP9f1M",22,3050,3,1,0,1
"344FsB5DvwU",23,3048,277,9,169,1
"hkngv2Um-P4",24,3029,26,0,3,1
"3OOG4si83CU",17,3009,47,0,8,1
"MmrB_tGZ3JY",17,2962,73,0,21,1
"iGjGwJdGHVo",17,2952,26,0,0,1
"4uUcJctTI28",25,2943,441,4,94,1
"TMjXwNdHPoE",25,2934,3,1,3,1
"JVGh5MWXeiU",24,2932,5,1,2,1
"-MzKm69EKfs",25,2928,14,3,0,1
"k55Pbi4ut0w",17,2925,11,1,2,1
"78NQoJ2Cu2U",25,2921,10,0,1,1
"oOIx4LQVx_k",25,2920,12,2,35,1
"qvbjnPzD_E4",17,2914,41,1,13,1
"jFha7GqeILs",17,2903,39,1,12,1
"CSy4LvMfV3o",17,2884,59,1,5,1
"ocTFKJ2lxYE",17,2881,90,3,18,1
"T2MBiQeDSPU",23,2874,412,5,60,1
"dYjxc5EaIJc",17,2851,42,2,8,1
"NA07mLRE7uw",17,2851,18,0,22,1
"SvAVUtk_KLE",23,2847,243,3,17,1
"KunVjFKcmUE",24,2847,20,3,28,1
"NDqMohIR-EI",25,2846,369,3,199,1
"u1d64ubRpos",17,2836,201,3,94,1
"HoB1Rp4eF_c",24,2825,181,3,33,1
"ypc6PnSNl5Q",24,2794,17,1,0,1
"tRrgSOBwwuo",1,2774,174,3,19,1
"PR5XmzG_B6w",17,2761,68,5,68,1
"eY4Q-JCwLGc",17,2752,27,0,7,1
"9d7iWzliyLw",23,2750,50,2,2,1
"ke3SWcoFw7s",17,2740,68,1,20,1
"ohp9UTnlXzc",25,2720,29,5,13,1
"C_S0hvTwXak",24,2688,97,4,46,1
"4Bwbt3nCXqk",17,2641,44,0,7,1
"mMMZxkMLnDU",17,2618,11,0,3,1
"_u3L8atSuAM",17,2596,99,0,30,1
"QyM6q7xAKSM",17,2591,46,3,12,1
"Mhzau3mvaiI",22,2570,122,4,12,1
"gAwU89KGqtg",22,2553,308,1,44,1
"F4wFZgjdCyw",17,2546,17,0,0,1
"Z4bkYm2Xbss",24,2526,25,8,5,1
"2AZOHnFoB7Q",17,2517,127,2,13,1
"PtMj4-Njl2E",17,2513,27,0,0,1
"PnS1B6aCSPk",27,2484,174,1,28,1
"1uhFGYriB2c",22,2463,361,2,64,1
"oDXDe6axbJ4",22,2417,360,5,86,1
"pTUaJWDxNok",23,2414,138,1,6,1
"4_seW3CqNNg",23,2378,178,6,12,1
"8ru8Bijg44Q",22,2313,112,1,15,1
"tS1aFbb9a4A",22,2307,0,0,3,1
"m8kGNkajb_k",17,2303,102,0,13,1
"zvMpzVpxzp0",17,2291,8,41,52,1
"5dCa4cUvJ4M",22,2286,80,10,38,1
"TtyWh7GsP0Q",1,2274,176,2,27,1
"p0WBr71jOEs",17,2248,16,2,0,1
"cB12p-Wm5HY",23,2242,535,6,100,1
"4ZAwkh0EPpM",23,2240,84,11,29,1
"FgF3ENGluoI",17,2236,68,3,55,1
"F12ocrDjkDE",25,2214,33,18,53,1
"2qZGTGZ5KFc",24,2190,96,4,22,1
"J3ZJERdafqM",23,2182,282,4,37,1
"oc06rSC_Xk8",23,2170,98,2,5,1
"DIX5mWnGDL4",22,2153,323,2,43,1
"SKiFdfRnJWA",25,2143,77,2,21,1
"1ilKszUoGmk",17,2128,59,1,5,1
"_X2Q1Tla6Sk",17,2099,10,0,0,1
"oY4JRzrsayc",23,2087,62,5,1,1
"eI4yHWWQYe0",24,2078,129,6,35,1
"lF7GYgdtcSo",23,2069,16,2,1,1
"LvD62cwOSfs",17,2059,14,2,0,1
"nfH7nTZhCX8",17,2036,8,2,0,1
"FBqNeEtTTHI",17,2003,57,0,15,1
"Ia-7DpA9b7s",23,1986,355,0,30,1
"YOjewPG5TAw",17,1980,55,0,11,1
"nMO_xfBbBCs",17,1954,38,3,81,1
"ferS-KJWpYU",24,1952,117,2,29,1
"wuF9_Jy7OfA",24,1941,39,1,10,1
"yWp7YrLjoSQ",24,1921,17,0,0,1
"ClwBTkLiivk",29,1898,0,0,0,1
"c6fTF6ZAsS8",25,1869,22,1,7,1
"ioUY2CrBfg0",17,1830,26,2,8,1
"xcPZrDTJv3k",17,1814,6,1,0,1
"rh1-EnikbZM",23,1812,53,0,3,1
"prIDo-4C1H8",17,1780,11,3,1,1
"zQlpcWkZPf0",17,1754,60,0,16,1
"X4wQLfMtKGM",17,1730,25,0,1,1
"LfuLRh6MmvM",17,1728,60,0,15,1
"TcR_zHxK4NE",17,1727,54,0,13,1
"g-bqzhVZyv0",22,1683,213,1,56,1
"JPoDf6zdt-U",17,1651,49,0,16,1
"7RKMWl5r7WU",25,1637,10,1,1,1
"eEDLBCoByAI",17,1626,98,0,8,1
"nthAQ_ICbCc",17,1595,37,0,9,1
"rE3C5tu_S50",27,1569,23,2,2,1
"s029voQMRzU",24,1542,35,0,6,1
"IwINjHIE8wM",17,1508,63,0,14,1
"o1n4-s9fue0",23,1487,106,1,23,1
"Qv6zA6jZdb8",23,1464,25,0,0,1
"0c8C0p1WS7k",17,1392,25,0,9,1
"q-_6-i2kNoE",17,1369,52,0,13,1
"xuLevcMO3BI",23,1295,69,1,13,1
"nqR7jkb3ehM",22,1187,0,0,0,1
"0ayARJdf7I4",27,1141,0,0,0,1
"CGv_PLrWArs",17,1023,65,5,23,1
