"video_id","category_id","views","likes","dislikes","comment_count","daily_trending_appearances"
"_I_D_8Z4sJE",10,424538912,2818771,149275,99380,36
"9jI-z9QN6g8",10,337621571,2581961,166549,113564,33
"kLpH1nSLJSs",10,328860380,3823879,215530,225216,36
"wfWkmURBNv8",10,288811992,1618180,151147,67506,29
"VYOjWnS4cMY",10,259721696,5444541,379862,553371,36
"xpVfcZ0ZcFM",10,258164991,4737873,117198,301756,32
"ffxKSjUwKdU",10,208876887,3394437,150086,259613,35
"zEf423kYfqk",10,200862743,1668418,142569,97826,21
"FlsCjmMhFmw",24,169884583,3312868,1753274,845233,18
"sGIm0-dQd8M",10,167456025,1633407,74005,65395,21
"TyHvyGVs42U",10,143408235,2686169,137938,144217,1
"2Vv-BfVoq4g",10,138578860,2584773,49428,113639,14
"M4ZoCHID9GI",10,138535053,1493942,44048,57119,33
"Ck4xHocysLw",10,137081637,824296,44012,27109,31
"7C2z4GqqS5E",10,123010920,5613827,206892,1228655,14
"tCXGJQYZ9JA",10,117270304,2161260,133428,175635,31
"U9BwWKXjVaI",10,106147032,1275948,52924,65066,31
"au2n7VVGv_c",10,105629911,1340938,41651,45784,30
"6ZfuNTqbHE8",24,100672931,2701353,56313,368739,15
"fGqdIPer-ms",10,100159686,1339372,67821,73838,31
"DkeiKbqa02g",10,99282704,1003879,46089,30620,19
"i0p1bmr0EmE",10,98250935,1461215,133068,274087,31
"JNkTNAknE4I",10,94344388,322360,25183,7941,28
"xTlNMmZKwpA",10,94254507,1816753,102474,101077,15
"WtE011iVx1Q",10,92838957,518759,22739,19482,22
"sD9_l3oDOag",10,92771184,579534,13946,18573,21
"VTzD0jNdrmo",10,90788918,518612,37336,16793,25
"LsoLEjrDogU",10,90598955,2248693,93089,151099,13
"gu9_m0vm7fM",10,90111676,980263,113549,65517,14
"dfnCAmr569k",10,87043012,2153475,125686,161972,14
"iWZmdoY1aTE",10,82158039,1494346,37963,70756,36
"aJOTlE1K90k",10,82032462,2677256,48906,150549,12
"36tggrpRoTI",10,77400236,1548451,22106,76066,36
"817P8W8-mGE",10,76816483,1221200,39201,51421,14
"z5WrgDzNIZ0",10,76687716,1059582,119267,141358,31
"zkG4Xpz6t68",10,76024264,862536,155954,93053,29
"Mgfe5tIwOj0",10,75532895,1684437,50122,67130,14
"vjI4Alon-3Q",10,74630710,915895,69808,56494,35
"BQ31l1gPGKM",10,74572317,610489,26045,25437,36
"pgN-vvVVxMA",10,72660090,1348854,24139,98495,22
"NV-3s2wwC8c",10,72469458,729263,27323,41072,36
"UceaB4D0jpo",10,71173287,1642648,52596,108846,14
"l_lblj8Cq0o",10,71069947,895394,57096,49552,21
"liczsmUSMA4",10,70001631,1183998,107821,86815,21
"LPTlvQ1Zet0",10,69907195,835963,30861,40903,22
"JQbjS0_ZfJ0",10,69257303,1021380,24463,54073,36
"Iwz4P8HfGVM",10,67670181,439856,15076,10945,30
"MGYJuETPQEg",10,65929869,729339,25305,26657,29
"wfWIs2gFTAM",10,65582241,1495054,39195,75173,28
"DqSBQqj94JU",10,64580507,539001,26128,15806,30
"BhIEIO0vaBE",22,62338362,0,0,0,38
"X8sSXU-J8fI",10,60426299,861376,50469,37921,21
"J-dv_DcDD_A",10,60414277,1423206,37435,89484,33
"FVRPzwb1Vi4",10,60138087,776017,75951,44079,13
"0XElmYomloA",10,58053323,202514,8712,3509,25
"eACohWVwTOc",10,56959955,914182,30818,40872,18
"QwievZ1Tx-8",24,56293347,1592657,33719,199294,22
"rRzxEiBLQCA",10,55754734,1052809,103994,169779,13
"u9Mv98Gr5pY",24,55552122,1265757,45632,136872,11
"8q1NFlE17qs",10,54872560,491089,19919,16826,36
"qtTM2YV3bI8",10,54087829,1184184,421473,275795,26
"kTlv5_Bs8aw",10,54083634,2960250,57944,556154,13
"y0PMqR7IbAQ",10,54067360,395019,16026,8652,31
"Wpm07-BGJnE",10,53733950,979325,102776,102676,36
"LJjsm6CVsG8",10,53494574,599425,82606,58619,30
"oWw1BcFhk-k",10,53139295,614588,20665,23039,36
"9TRjE7i0ERY",10,52032179,352803,14278,9976,35
"tsp7IOr7Q9A",10,50122125,873431,119401,85578,37
"1Aoc-cd9eYs",24,50122125,873431,119401,85578,35
"U4fErC9skHE",10,49603959,566035,25682,21392,24
"6YNZlXfW6Ho",10,49178073,547875,24493,20091,17
"jzD_yyEcp0M",10,48159989,992668,18795,48643,28
"VwAnsAUYnw4",10,46548888,652216,30104,38898,36
"95Rzsn-zjr0",10,46514582,464054,21839,18391,29
"4uTNVumfm84",10,46205645,633772,16442,23724,37
"QwZT7T-TXT0",24,45349447,1572111,1944971,1626501,14
"31OMf1H5Rk0",10,43761370,816361,37706,40040,34
"wzKL-bQKcgA",23,43460605,1253154,38693,58235,15
"J6-8DQALGt4",24,43449888,136933,3975,8770,26
"Ph54wQG8ynk",10,43106222,910701,32162,55041,21
"ToY6sjSV8h8",10,42844249,476638,17720,18896,15
"vUTI4bPdlgE",10,42563351,680669,41361,51164,36
"YBpdL9hSac4",1,42560014,461135,22464,50255,37
"vn9mMeWcgoM",24,41612497,566948,28954,68309,11
"n1WpP7iowLc",10,39235314,1044324,63815,137383,14
"pjTj-_55WZ8",10,38668356,298371,7116,3777,32
"WS7f5xpGYn8",10,36956703,849778,171027,83392,15
"4GFAZBKZVJY",10,35463645,316384,12902,0,4
"VY1eFxgRR-k",10,35181079,1323550,48192,71176,9
"xVhnfTwh1OA",24,34828669,524685,16519,36102,30
"pVxOVlm_lE8",24,33980206,360978,16511,31246,31
"op4B9sNGi0k",10,32798394,645657,16453,27360,32
"kton-qrKNLc",10,32324578,455891,35823,28005,36
"khPLWaBioOs",24,31940868,1179247,167640,212787,19
"9t9u_yPEidY",10,31815783,329709,26927,14718,12
"tcaw6lzYt1Q",10,31686727,431403,13669,22340,34
"sS0LCjOiIhc",10,31391976,1091118,11924,234054,24
"p03TIGqEc8o",10,31371692,261343,9958,7886,27
"aEM2kOrrNJI",10,30599645,455949,42374,25679,21
"CX11yw6YL1w",10,30522582,613227,13465,36232,35
"p8npDG2ulKQ",10,29742824,2700801,29341,371864,10
"Il-an3K9pjg",10,29641412,394830,8892,19988,38
"vecSVX1QYbQ",10,29556761,733604,9747,81022,29
"eVmxh5Uft0Y",10,28817060,553450,149024,71164,23
"Bm8rz-llMhE",10,28352613,499345,14965,12002,10
"EBt_88nxG4c",10,27740942,555364,24946,37148,14
"_hMQe2U4c6w",10,27549116,463655,25743,26846,27
"gA-NDZb29I4",10,27494161,356469,69469,35734,12
"Pgd_Tgi-pbQ",10,27483029,257507,12560,12847,33
"nQcUJdncTeg",10,27258657,340440,14698,9081,10
"3ATQvgkXT9E",10,26813229,520998,62725,35370,18
"oWjxSkJpxFU",29,26703269,2061275,545595,704824,12
"tYDmvYhQ6wI",10,26578841,246620,7252,8811,26
"ZbB4SYJNuTo",10,25910075,1006918,16389,126652,34
"i5qOzqD9Rms",1,25733743,341650,14002,29924,36
"dc89yyOS0Z8",24,25462255,863519,13918,133359,22
"l884wKofd54",10,25066952,268088,12783,9933,37
"E5yFcdPAGv0",10,25016614,911150,30130,78492,15
"sXP6vliZIHI",22,24651559,443444,24028,32049,14
"h6Yx7IIl8iY",10,24374813,276096,10803,14657,19
"NooW_RbfdWI",24,24293173,275268,7806,21900,38
"20bpjtCbCz0",1,24152049,429341,5175,28740,18
"2nUW3nIOOOg",10,24075677,312850,12549,13619,30
"nFmSepfF48o",24,23676003,1475306,94391,162839,14
"6OcOO1k-vGE",10,23600245,441246,18806,25691,13
"SCq8n_hOcN8",10,23570987,412553,36120,36623,31
"ryr75N0nki0",10,23464557,747059,38972,63767,14
"OK3GJ0WIQ8s",10,23416810,2672433,29088,477233,5
"1SnWTW6YXbE",10,23237150,289848,6943,16137,20
"8h--kFui1JA",10,22999573,370027,9680,12724,37
"V5cOvyDpWfM",17,22975455,69172,193053,71735,37
"S0nbOenwCLw",10,22912517,353087,16408,28108,15
"g4Hbz2jLxvQ",24,22713067,450315,21428,45545,8
"BNzc6hG3yN4",10,22262762,486543,10572,22547,31
"HI-mXMr8glQ",10,22031899,338994,17937,26657,17
"ycy30LIbq4w",10,22030457,582706,7300,30091,20
"90CCjgX0n20",24,21964337,31530,26891,2456,8
"V54CEElTF_U",10,21893347,706163,20875,50812,3
"VhQmTmqcEY0",10,21853809,78212,5701,4780,5
"wbSwFU6tY1c",28,21530325,392249,13004,39468,36
"AQNj9fMnzDo",10,21315034,125502,6636,2795,22
"p6E9R9qv1No",10,21265117,343875,21224,45346,34
"8JnfIa84TnU",10,21250349,454441,10532,13881,15
"xZNBFcwd7zc",1,21172465,374690,6623,19876,36
"AE5PqQ_6V5Y",10,21103105,532063,19613,56131,11
"mzB1VGEGcSU",24,20981880,437224,8516,37560,23
"9XaS93WMRQQ",10,20816288,301497,10608,11275,9
"DKPCBAlDw2A",10,20756156,428005,13395,17941,31
"kX0vO4vlJuU",10,20721039,2250087,20951,234455,25
"xYtsL9znopI",10,20710860,372155,8309,13856,36
"mdWcaWBxxcY",24,20705342,341449,35429,29365,27
"UUkn-enk2RU",24,20667905,453483,9531,32726,36
"d1D1SJ-KqaQ",10,20622018,598174,12532,58032,29
"kFMZUxX6K6o",10,20520499,309082,53001,41156,19
"baj6llvgpWA",10,20449534,191204,16432,10395,35
"V15BYnSr0P8",10,20409647,568680,44854,64390,1
"BidS_rcf7UU",10,20262996,481934,27992,40235,21
"fAIX12F6958",1,19864779,228670,16420,46318,9
"coOKvrsmQiI",24,19678970,162345,14147,27912,14
"wS4ESheuHDY",10,19629105,272475,16086,24283,18
"wrvN87l3s08",10,19556652,299800,14524,24313,33
"71Es-8FfATo",10,19551051,365952,15928,18879,33
"tjA7nAHOAww",10,19377506,440667,6863,13733,27
"ufynqs_COF4",10,19377077,492814,12211,28642,21
"9mQk7Evt6Vs",10,19366458,524049,14028,39356,21
"DdLYSziSXII",10,19280188,425133,22539,38968,34
"jY3lRSmdLQg",10,19266701,141038,4728,1663,23
"P3iLo_JI9oY",10,19161496,272687,12476,15935,24
"G3Sl2vJrmf0",10,19157357,337282,22222,15322,20
"_XyBa8QsVQU",10,19121908,284093,10177,72171,7
"SxAp27sFaIM",22,19001424,328989,19721,35958,16
"NZ74oFctP_g",25,18994966,259800,11070,43269,21
"6SuMbFuKDf8",10,18897251,444666,17061,42731,28
"JwAnH6PLimo",24,18809249,221487,9897,9624,35
"pHE8nIB6j2U",10,18804942,218197,20368,8918,11
"6uJf2IT2Zh8",10,18778325,661110,21949,69878,13
"ErKz5mD61q4",10,18663711,188502,6229,4884,19
"R59TevgzN3k",24,18189982,273666,36339,37586,7
"HwkLbeEYz6E",20,18158133,394974,7123,17171,13
"_KBc4B5JFoQ",10,18049888,254279,5343,4221,22
"TbfxmTQkLAE",10,17957402,238446,10802,13480,3
"J75enyWdbBM",10,17901712,171103,7788,5602,31
"tlILlcCE8Sc",10,17841722,349589,6825,9566,15
"JSXGagNzNLw",24,17652685,1276073,29541,225618,30
"dARAN1z2KqY",10,17172722,336484,10827,34486,37
"ZEkImgh--PE",10,17164692,327508,11837,11925,30
"wQ_POfToaVY",10,17111348,443466,30010,54480,12
"SA7AIQw-7Ms",10,17090129,595365,9353,24662,8
"7GD1oeLeGUU",10,16981435,400943,14077,37405,30
"tEnCoocmPQM",10,16914678,436075,8108,17014,35
"NukmFF__G-g",10,16878331,539752,33129,54785,36
"5sEaYB4rLFQ",24,16869165,269467,6961,23338,29
"Gc71AmT_b2k",10,16796088,502488,6291,20163,29
"XiHiW4N7-bo",1,16651726,173506,5497,12814,20
"IlkBLwl4aBM",10,16427563,877539,6472,64707,11
"dzxFdtWmjto",24,16416756,219113,25700,35166,37
"iQp1_GfDhwQ",10,16391077,119884,3587,3177,4
"w4AImq08j9o",23,16202327,894677,27207,84255,14
"u_SA2QkZd24",10,16126209,559580,12476,36126,12
"JVDyowAzBrU",10,16001760,608425,63288,64755,28
"uxbQATBAXf8",1,15960127,374825,3823,9059,5
"elwTgpHlty0",10,15931393,510639,13454,24738,37
"x4CF5pruJz4",20,15919643,915212,13924,16011,30
"FRjOSmc01-M",10,15870333,202745,3679,4241,36
"b7K_lbglfI4",10,15671489,424888,8212,31101,14
"8O_MwlZ2dEg",10,15635625,1841936,12330,183567,30
"OrnpSe4OChM",23,15543723,299135,9885,22416,10
"5x-d3pabd5o",10,15145276,213192,6037,6234,29
"pmMjkMtpnTc",10,15007407,643285,23624,81734,19
"EhSXsTSNDyo",10,14565961,437904,5090,28739,31
"PVbQrvlB_gw",10,14563324,497021,25238,53655,28
"A_xWDAbnBSU",10,14445005,124359,4724,2772,30
"tLOl3s0uIM4",10,14399269,248198,12940,9972,17
"_qQsPw4CqUI",10,14328102,245065,9142,18282,10
"-DRsfNObKIQ",24,14317515,151870,45875,26766,35
"M4vnmgZLA8s",10,14271333,240575,28862,21473,14
"9_LIP7qguYw",24,14261473,234355,22315,23450,33
"2z3EUY1aXdY",17,14251760,169320,54005,31899,38
"swqmsRWM4rY",10,14241297,49094,9151,1325,12
"56KYMMGudcU",10,14225905,422458,45549,95744,17
"H4Hb6HcCm_E",22,14181777,273438,13186,20642,8
"HgknAaKNaMM",10,14178451,150743,9483,7334,17
"GpxCT36DxKg",24,14173801,123134,11014,18700,17
"pz95u3UVpaM",10,14161007,369329,6667,13413,12
"ExJmET8boVw",24,14134753,402524,28569,29894,8
"VmwOMtkDxtk",10,14008109,279214,24989,71318,6
"3Q2j5ApzSqs",10,13990890,488836,13400,25438,15
"UuCq8mtK8J4",10,13935992,268812,5129,7278,13
"V69XYIRjKww",24,13899153,2005,231,350,17
"XUqRem0W8L8",10,13884808,720230,14407,60394,5
"RQUuqbzQVsY",10,13809604,475592,9170,20933,6
"N1HAMUAXzbs",10,13799079,123856,0,10903,23
"CziHrYYSyPc",24,13779935,271123,39644,42070,28
"L_u97PqWX6g",10,13763329,225673,13896,10918,3
"_5d-sQ7Fh5M",24,13754992,1207457,280675,432534,3
"k1xvol1SCx8",10,13752785,279910,3580,7872,4
"1XKSo2mFC6c",24,13592652,499673,26397,0,4
"sjVqDg32_8s",1,13532625,73894,9565,6153,19
"P3BMmJtbZUs",22,13521617,295696,21117,28122,28
"9wg3v-01yKQ",10,13420530,888170,18995,61911,9
"2NlNEj2mCIg",10,13344328,621842,12538,68878,13
"xCwwxNbtK6Y",24,13259857,90540,7783,12314,31
"yzGmnjDFuZE",24,13227145,379006,14716,29845,20
"p8XP7A7kvzM",24,13217367,239834,9859,13073,14
"ntLtNTUCuII",10,13189806,271898,6515,11493,16
"BQ_0QLL2gqI",10,13175590,255406,3627,6228,13
"6S9c5nnDd_s",1,13140827,341526,6810,19664,21
"_EvMYEfF_hQ",24,13025011,436454,9298,31464,6
"ek1ePFp-nBI",24,12955997,200539,7647,35147,6
"NWdc7PyZNLA",23,12924004,190116,16758,11083,1
"TnCa71iUVxA",10,12742106,327428,11304,13285,3
"ox7RsX1Ee34",10,12730630,577712,10568,34480,5
"D_6QmL6rExk",10,12709520,1817699,11949,156793,13
"SKV6h_5XFbk",23,12642523,281020,5481,11431,22
"gZItyr1SNjU",10,12595519,510643,2886,50741,21
"8OARiNiJ_w8",10,12344800,241534,4888,5887,30
"r1CMjQ0QJ1E",10,12340820,295654,10129,27636,36
"wowAOdTYqw8",10,12332882,199982,2967,14059,30
"5GHXEGz3PJg",10,12293782,171071,3972,5819,37
"3ChgRbqGi-E",10,12173614,231730,3636,5863,30
"8LPVjHxXvJM",23,12147267,242938,12796,25200,19
"TdyllLZeviY",10,11979805,408461,6516,17964,10
"fRj34o4hN4I",28,11807992,212024,5260,36458,13
"jPEYpryMp2s",24,11683185,191124,21969,36371,6
"qUmfriZoMw0",1,11619692,41486,1407,2902,21
"i3cN9elJWvk",10,11548688,62902,3653,1368,22
"rDl3gAJpm_4",10,11505443,235346,6085,9326,28
"RF-Mqs2qC-M",24,11489427,294539,9588,26981,16
"y06RDyNXqbM",10,11395548,166958,12020,11561,36
"M3mJkSqZbX4",10,11380346,110269,9634,5735,28
"dNW0B0HsvVs",24,11344490,200012,25690,32796,25
"yzshoDMBkqE",25,11304442,610526,25837,65001,22
"jQNazsWnQKU",27,11240174,383049,6740,19451,31
"udm5jUA-2bs",1,10916709,97827,3733,9934,34
"2BE4X3bYpxY",10,10796531,337074,18616,20116,11
"Ku-WC1EaPXI",10,10782034,352562,40850,44964,10
"rxmtHVSVjdo",10,10680181,299474,7479,17500,33
"jVXauWq9Hwg",10,10653177,370097,5361,35581,30
"D18e8aU-UWs",10,10643045,156303,4072,7456,28
"3rkXFyt7EXw",10,10589247,296411,8077,15313,31
"DSRSgMp5X1w",10,10505570,209254,40950,30151,13
"o7iL2KzDh38",10,10470459,321211,4510,14879,13
"cSp1dM2Vj48",24,10370273,161252,8324,32391,4
"ii3n7hYQOl4",24,10349746,177687,14945,29925,16
"tNtcYIo6N04",10,10269107,366328,6625,21317,2
"UaAHl_m_ybk",10,10257399,320856,3949,34095,18
"k5TqNsr6YuQ",10,10233594,528254,11813,40442,10
"HE8SYbMsm0E",10,10207428,84770,7502,4817,30
"XvIpLfV5GKo",10,10159399,267097,6167,12121,17
"MFWF9dU5Zc0",24,10031591,94720,51602,33030,21
"J3vav5Sfhrw",10,10029280,273528,4755,10903,19
"5E4ZBSInqUU",10,9995273,295851,6477,16425,14
"lGEY8IulWiA",1,9782937,408031,8519,30113,23
"CANm1UMAChY",24,9776804,48834,42249,2344,30
"WAwRrtH-4Lg",23,9768052,417467,5296,88550,23
"u_C4onVrr8U",10,9657370,152765,3266,5211,38
"FFsp5b4AUTE",17,9648943,95586,19156,21762,14
"7dGwk5-QMpc",10,9486589,763365,3600,68828,3
"E7q_wbbwGyU",10,9448387,357993,10836,17837,7
"VaGcPRMY5UM",10,9438274,175644,6840,6400,30
"LjUXm0Zy_dk",10,9419910,255386,3572,18003,30
"tJfDBSWYqU8",1,9358186,35045,13876,10375,34
"GfCqMv--ncA",10,9297153,236345,5055,11819,12
"T3hXC5yNZOc",10,9251221,212864,19816,20834,36
"vAh7jTAkCKc",10,9211780,207868,6783,11738,22
"LgmxMuW6Fsc",10,9193290,100730,5270,6051,9
"E-u9uo0laA8",10,9137359,342121,12347,26350,7
"SphTGtDlhHw",10,9095192,183059,11024,10812,30
"Ml9v3wHLuWI",24,9057507,265787,6765,20052,28
"axVvZrDz60k",24,9020432,354960,5653,25571,7
"4HU6Z7anycw",1,8982414,333141,5975,19469,32
"fN5HV79_8B8",24,8968431,148523,67516,27939,11
"0aan7Vtcco0",17,8938666,55124,7676,8469,18
"zi_6oaQyckM",10,8903489,371240,19952,22822,16
"8BAhwgjMvnM",1,8883305,85940,7130,14283,28
"8_rTIAOohas",24,8842980,284040,5096,24559,5
"Vm4Xn5vjqRA",17,8788929,1291139,6762,91663,36
"VloKUNlNG2s",10,8778432,131613,4250,3787,23
"2tDKp41nrw8",10,8753550,1431730,6335,125168,2
"0XuOkYlUWIs",24,8725060,253421,9949,26527,23
"Jw1Y-zhQURU",26,8721841,63875,12539,8121,14
"xuAH21DkJow",10,8679504,72998,2890,2182,36
"WlZu4RmD_oU",10,8673159,282243,34610,35638,13
"X6SaVOLRcF4",10,8656752,160821,2850,6676,18
"zxwfDlhJIpw",22,8626957,168370,19694,48689,36
"K0GRBMSCIK4",24,8623591,263354,7571,13881,31
"Qcj15vHJTtk",24,8607264,66559,14179,8382,25
"n0j_CX1S2es",17,8597814,89838,6312,18067,33
"tGRzz0oqgUE",10,8585663,150947,9745,10393,37
"PfLCyR6Efvw",10,8581199,144469,2293,3359,18
"cmc8q2dcIMs",10,8573471,258951,13104,16911,13
"9f5zD7ZSNpQ",10,8568571,240597,4217,8622,29
"lVNt1sUWyDU",10,8538481,205649,13776,11902,12
"VXa16Zl81vE",10,8490391,75812,2823,2622,31
"305ryPvU6A8",28,8486629,114569,18945,0,32
"ixxR3ZoqnF0",10,8484137,1066852,5230,93583,8
"wdQeKqYrhjU",10,8476656,69980,1841,2406,3
"rCnU-IDcnnI",24,8473680,340254,38359,41159,13
"nVzA1uWTydQ",10,8432344,422697,8366,20291,3
"PjqKPHZJgF0",10,8429354,144795,8303,17089,15
"f55HngFE9YM",10,8325207,149490,3778,8717,28
"rNYduKIyEvA",10,8320357,239157,4761,13721,26
"Q1JiptOTxno",24,8287791,345812,4552,23777,30
"mBrdEYW0Vno",10,8256930,224181,4357,11897,12
"Vm-avsAjrIo",17,8184869,46921,657,2415,10
"Kbj2Zss-5GY",10,8139750,266690,3179,11230,9
"7AXo-bYGXI4",10,8136336,209684,3361,7240,14
"sZoZryCb0P0",10,8025330,97110,1406,2422,36
"a7NJ6Gek9v4",22,7994101,302644,8513,15376,17
"425M4M3Opkk",1,7919156,149679,5942,18771,32
"Jodbdj52Vc0",24,7917701,531624,3003,27216,3
"igT1QKKm2GE",10,7916368,47122,1648,875,36
"rQWZK5U233s",10,7915595,116255,1516,3918,8
"jnQ4V-wajLY",10,7882139,131904,3318,5026,31
"2SJ0hgdciNE",10,7877471,251597,6820,12339,15
"9flG5EqRPSc",24,7841325,49541,63167,25519,27
"J41qe-TM1DY",10,7800545,1040583,2822,119219,5
"zvb2kBii-OU",10,7746670,83244,2448,639,21
"V3EYjVPRClU",10,7742820,183202,8594,15163,10
"BgR_HJ7aGDY",22,7724919,334549,1648,27343,28
"CZkUNPBlJIQ",24,7701371,179872,2979,9206,11
"efxiDBygvdg",10,7693735,189954,7721,9991,19
"UKserM-i0_A",10,7676068,230427,3383,22924,22
"J1L3nDC4mEk",10,7675202,518490,11075,60820,10
"HbaQ9xnoMGQ",10,7608552,93096,6025,4222,12
"TSA9VZduuZ4",10,7604626,413254,2207,56460,18
"pRN7UAGVzPE",22,7602365,5311,3705,295,1
"5iOhzJdDawE",24,7595900,189002,3015,15485,10
"jSJr3dXZfcg",20,7590874,138279,3461,26438,3
"K5xERXE7pxI",10,7540361,291215,5577,19949,5
"Q17z9a03YaM",24,7536395,205275,3860,13436,37
"O-fydBL9g_k",10,7490989,78283,2995,2069,31
"gf7FV1i7lb8",17,7472536,60804,4303,6848,8
"CyzEtbG-sxY",10,7434919,434255,4734,38460,2
"R1TSiB9OuVM",10,7390059,106718,2620,3952,21
"EBYsx1QWF9A",24,7351946,260539,5226,15128,22
"7bfS6seiLhk",24,7308023,144410,5839,5790,2
"nRafaCcfrcI",24,7301457,525450,5482,24579,12
"ABLsSWE06q4",10,7285185,108466,1525,1603,37
"lMSHTnkVJVs",10,7268812,170210,4253,6752,9
"leu-cTvMWTA",10,7201892,833114,10990,94121,5
"XGd1dq1BatM",10,7200827,118098,4027,3556,22
"NaY91YjVbEM",23,7172963,265719,3950,14870,1
"RNlQU-7y9Fo",10,7124076,256053,4948,50774,10
"nVHcXZK7pKs",24,7123638,402374,5877,28262,11
"7PmUtmfTmbg",10,7089685,164149,4305,6218,22
"7R1N-8SoqcM",10,7075316,418594,10661,33709,4
"nsZvmFUXkrI",23,7070175,286050,11958,29365,30
"P9Ijqa_2eu0",10,6984304,287605,4352,16498,15
"Wd_idMpg_qQ",10,6966384,164663,5411,20732,33
"4ughEPQGd8w",10,6943585,173312,2377,7602,22
"BEePFpC9qG8",1,6937924,241122,11515,15101,12
"BC19fhyTG_M",10,6924540,657782,10898,81765,8
"vHwOMWGAg_o",23,6807013,16512,1709,5141,24
"kgaO45SyaO4",28,6802437,83512,3909,17281,3
"vjSohj-Iclc",28,6791996,87079,3145,13591,34
"k2NskGo6x40",24,6768765,134882,28439,38092,11
"4xN-jUfJAyM",10,6763128,464004,2783,37611,13
"v0RrsWK4GlY",24,6747924,379386,40964,70015,1
"l3uG4T8pJfw",22,6744540,273218,15838,29589,2
"aj8mN_7Apcw",1,6686262,57972,8015,12712,18
"6sHIq41sI-w",10,6682726,435537,3829,44173,15
"86sFN_2kw5k",10,6630434,170411,4438,8662,21
"9S1Gc1nSXd4",10,6606758,83318,4558,5539,36
"i63jWjoAWHE",23,6597033,301185,14448,16505,1
"lo57l5ZDgwU",24,6575631,297935,3384,23951,22
"B663R7kgxEA",22,6558768,123094,14985,7892,13
"cMD63TwzB1o",10,6547510,155775,21352,22030,18
"IVzGsh0zRec",22,6543327,625174,31577,90245,20
"7iQn-toQp6A",24,6535720,16788,4312,5000,4
"AenmqoozqoA",10,6519662,117690,4362,2608,20
"uexk7jWXYmU",10,6503316,278072,1804,17767,13
"WyuPSLj_6aw",10,6479552,266382,5658,16609,7
"nlozE2m-NMc",24,6466047,116428,3301,5343,8
"scLYjsvrUMk",10,6426789,109861,3613,5357,16
"Y-iFgDK_D5s",15,6416920,187524,3461,18532,24
"4AtOU0dDXv8",25,6379367,80554,37789,86138,34
"NNJKWVmK-GM",19,6362355,9564,410,1216,18
"me5ifeBFaFo",24,6355949,99291,4377,8244,11
"I7B0z_2EZmQ",23,6337564,607197,9357,205692,13
"mctn16hLzhg",24,6319238,105570,2961,3910,12
"VQhjbCxOxdo",10,6298207,100763,3043,3698,35
"aMcjxSThD54",25,6289507,198295,5291,86221,13
"AbEHRrq7xwU",10,6230350,60003,2337,2030,6
"C_ijc7A5oAc",10,6210175,127778,7260,18209,16
"ItL6vcUrpUs",10,6164967,160541,4038,4972,19
"WapBwuNtUzQ",24,6155214,270229,48887,67563,26
"inZzcTXYowY",10,6155059,472504,3211,33283,14
"7bPSxB-8__o",1,6132645,30654,2153,2084,28
"ceyU5UBumLU",22,6132079,211186,52733,29518,18
"UfR5dKcKJvY",23,6102245,211702,21506,12566,15
"pisY6J2Ky6U",24,6101540,188889,6650,11036,34
"0URpDxIjZrQ",1,6095300,164449,4190,18665,14
"cHB_s970Uyw",24,6083953,149598,6041,17980,13
"Ibp6KqGRVbY",10,6078793,75335,2106,1269,36
"ptYSpR9cTHU",24,6057884,340958,11608,45740,12
"8LAoB0R4S5I",24,6052396,39467,14741,0,17
"W4CB5SeBGkI",24,6044998,87957,2208,8407,3
"f1xIeTCgoFk",22,6023641,184392,2582,14061,24
"fC8gutkCu1c",10,6009216,225191,5352,11644,2
"pcJo0tIWybY",10,6004782,210802,4166,15169,27
"WR7cc5t7tv8",1,5967802,12936,244,1368,7
"mQ055hHdxbE",10,5948415,181069,3711,14394,21
"CG9yQ8PXf6o",10,5916361,44220,3125,1670,20
"6p-QzY5bxJ0",24,5905916,274103,1573,11193,2
"Am6NHDbj6XA",24,5894832,99272,12986,3425,7
"BjRNY3u3bUw",24,5875934,15319,1592,2535,7
"900X9fDFLc4",10,5855069,171218,2491,8157,14
"2WHcBwq2wHc",17,5851780,134437,2370,0,31
"gPHVLxm8U-0",24,5829270,87323,3668,11933,2
"V-F7tpdPZ-E",15,5810628,74731,2251,8651,19
"jG1JY0rt2Os",10,5801731,205203,6145,17144,14
"KUUjtUP2CrE",10,5752621,58728,3331,2975,34
"fNVUTgd4pio",10,5736755,67629,3664,4656,31
"v6yg4ImnYwA",24,5730531,215833,13277,23956,28
"eZRmP-l3Nz0",24,5692404,181319,6120,16356,21
"TZSVf-yD7N8",24,5643605,133267,2493,3837,20
"PaYvlVR_BEc",10,5621537,121255,13581,12900,10
"guf1L6HmeOc",24,5617319,44326,3186,4458,1
"ys2x8oOK7wE",10,5604640,185955,7780,12531,11
"MctZLEYlU4s",10,5603180,249753,1576,31276,34
"SbrOMrjhyvI",1,5587218,33110,3503,4007,7
"LxoGNkLpgZk",10,5572104,141646,11894,14046,26
"pOEzjT-SED0",10,5554444,123613,22499,26011,14
"bZs2ImrTg5w",24,5548248,169889,1410,8409,35
"q2sI-T69sjs",24,5547578,110621,5101,5008,3
"2fGXDFiFBhg",28,5539467,216113,19405,53786,11
"h3EJICKwITw",24,5529883,173300,2139,16624,20
"mUYsp5baMXo",10,5517903,243696,12874,16841,3
"Wlnt6VrVUgc",1,5494956,52102,9345,4591,13
"xLtYmhj-0Kg",24,5484928,39679,4177,5098,20
"m4faDISwSVo",1,5455878,197212,5240,35404,35
"vbiiik_T3Bo",24,5452917,107993,7256,11405,8
"uBYzYji4rmE",1,5431961,118892,6413,17248,31
"r-d5HI-zC3I",10,5419382,113545,1368,6941,17
"z14A0Vblm0I",10,5374678,79403,5149,2835,15
"zX0AV6yxyrQ",20,5371857,189359,8622,19436,5
"GKBI_bVFSfs",2,5362914,29715,1303,2639,13
"kD-_iyS95AQ",23,5356479,67845,2132,3646,11
"VDndE432GpU",10,5337228,55942,4911,1606,18
"r1afdZk0qcI",10,5322710,374892,2184,36004,6
"zVc-K1kKkVk",10,5275410,162802,2846,7445,22
"pFc6I0rgmgY",24,5261033,35953,3260,7228,28
"cVx9EFK3DWE",1,5255797,8265,4230,1580,1
"AOvCyD9bbDM",10,5246181,125895,7953,12835,34
"QS8bma7LRX4",24,5156609,79865,3195,4410,28
"T8lWjQRhQXY",10,5152446,169084,4777,13098,31
"37lXjnflt9M",10,5149084,107028,4587,4655,31
"qE-gdNIL8WI",10,5148427,41017,1843,1750,31
"lpkRFHSpvGI",24,5147621,55076,6752,12159,4
"_J7dEhYttbQ",26,5123814,157961,6707,21638,33
"f5I79eakR8E",10,5068654,126769,2199,5646,34
"lRkTgVynmbM",23,5058767,200327,4061,11154,33
"A70B_LKyOrU",10,5050120,421599,1861,22116,14
"5uXsCaakZD8",24,5044197,399135,18212,39128,20
"Zg165-mZ7x8",10,5038301,160533,6411,13420,21
"oI42BohDabU",24,5026544,139349,2871,5097,35
"pj6k-EFxqAI",10,5012688,165201,1924,5596,7
"doP7xKdGOKs",24,4992055,96995,2692,0,30
"eVoXmDdI6Qg",23,4983962,282715,8261,33213,21
"Ob4Nk6gz8Ec",10,4941139,103969,2473,3406,12
"8hKbIhrb1WU",24,4884403,69686,2257,4749,12
"Ek3aeUhHaFY",22,4881616,144323,2068,12009,32
"L0xKz5TsYb0",10,4879951,57190,1894,1410,29
"UqItlHUSN-4",10,4858143,132541,4150,12388,11
"m6lY1GXTu5M",23,4846885,270682,1945,9530,6
"0uJUW24505E",10,4838733,88297,1748,5540,31
"ZcCp7488puc",10,4816820,209174,2681,15853,24
"hsh54g9JmC0",10,4811392,245227,5389,12725,11
"_7985zBEM3o",22,4797747,182762,1707,14508,21
"IXNrHusLXoM",10,4796321,114977,2381,3587,13
"3N3c3ZX6hoM",23,4793484,293978,5926,23282,22
"lrWRy9BBp-c",24,4757066,111585,9699,16621,12
"2aQykuIaJVI",10,4756686,198554,3642,13871,28
"Ifpq10K6zhs",23,4750957,256586,9484,30221,12
"nhs0fuubs1I",10,4735620,55283,3429,2703,6
"CPy0-J6pxKI",10,4731630,87009,2755,2217,30
"rTKaXaPIfG8",22,4729184,185104,25707,154958,15
"1EC8lBwroOc",10,4728241,51796,1231,2518,11
"QZL2NrrhjHY",24,4720264,137570,3219,3541,11
"_7z85ipjSwA",10,4717173,70939,4163,4442,31
"P6ODTQKhaXk",20,4704560,207679,3482,12859,11
"FeRi86DcfyA",24,4700254,18756,5339,6782,14
"T4FAg5A4wQk",10,4698799,254861,2553,17698,35
"Lj6Y6JCu-l4",10,4695504,148985,2438,4766,8
"PmUL6wMpMWw",1,4675996,28286,2503,3444,1
"nSbzyEJ8X9E",24,4653335,62663,1911,8269,7
"-7tSTUR7FG0",10,4651793,251125,1013,12150,15
"1l26UFQ06eQ",24,4649310,60641,8997,13976,5
"0AUFyFEt35g",10,4645909,520454,4456,76042,2
"za0qXbofvc0",17,4629859,30171,1545,17927,7
"BmLSua7LPR8",10,4613299,194040,3155,13189,8
"MvIwx0JThsk",10,4591889,205556,6344,10506,20
"uK7JtrAog3U",10,4588792,87983,2380,4794,8
"tz23WFb8HM0",10,4584309,317396,3426,16793,13
"ydPYNo8o-lI",10,4551982,123904,3405,5137,20
"kXIF2FQpgjM",24,4548677,40718,4666,4028,18
"GJTtiYMdMtk",10,4525244,53364,1464,1526,22
"xbRLc8kzNr4",10,4518268,58852,2029,1523,4
"7Jz8wZbXuDA",17,4517468,65316,3821,7887,11
"E4c7EE8_IX0",10,4506015,112796,4924,8979,5
"92RkVMMvgAU",24,4496300,11696,3061,1304,26
"GBTV5ekQwWw",17,4440991,41568,6687,7014,4
"f6Egj7ncOi8",26,4439763,341145,2506,139582,14
"-QPdRfqTnt4",1,4427381,96391,5508,12726,1
"QM9xgHibvzM",10,4412274,69215,2434,3600,16
"EdRmaKHqYJY",23,4407054,78201,2877,3663,31
"2UByqalCfnk",10,4375940,55565,1773,1327,36
"lpzJNwur6Zk",10,4336590,127904,3485,7672,29
"8iFGgfJiLsg",10,4329588,67042,1209,3469,17
"lYATz3STgew",10,4325436,80553,3209,10331,12
"JeRtUXTQ_aQ",10,4306445,66494,2114,2764,35
"XcSMdhfKga4",24,4299666,49146,4274,4461,19
"8BQqX3bUqtY",10,4294101,127448,2262,3384,13
"Xc4xYacTu-E",24,4292852,228735,3421,28899,3
"-xt_j2aIAkg",17,4288382,10615,2102,986,13
"VsYmwBOYfW8",23,4281966,46971,2538,3009,3
"g5c1bk8weaQ",23,4274091,337785,2794,12731,10
"osGl1krYP-g",10,4265811,120105,1328,7743,6
"8pfXS-SwbTw",24,4249764,70851,578,3498,23
"uthHP6FoBmk",24,4221265,150661,12821,15838,6
"2kfIkm5qVsQ",10,4216642,67429,2537,3755,13
"BsjQqm60ZEI",23,4210732,129667,856,4299,1
"niviooakBLs",10,4207558,78634,2681,2158,31
"iLZwZX39FXU",17,4191959,9910,2354,3231,14
"h-6fIyaVmDM",24,4180960,26374,1894,3738,36
"YynKelHGhNc",10,4176506,318069,2963,17846,8
"AiyZ92_JZxA",24,4162540,31716,3658,3406,5
"3TCcDE4fi4Y",10,4147634,75264,3766,3650,29
"Oapebl0bADA",10,4139204,144224,2053,5461,21
"nranUeNkXpM",23,4136623,105250,6986,8600,13
"jLM2ibaRbrk",24,4110136,293974,2835,24356,6
"RHUxyXZBXY8",10,4083066,87439,3308,6523,20
"wIimU5-UEPc",10,4080130,111118,2450,5991,5
"zkNzxsaCunU",10,4071266,101730,865,10060,4
"UvDJ-ZdHiSg",10,4069209,181150,5446,8636,27
"eQ3gXtX3U7I",22,4053308,85798,2650,6014,14
"34cHO5_LX9g",24,4033320,10566,1020,1045,16
"jp9hK-jY6yY",23,4028489,231376,3723,21108,10
"NHglTopVlKQ",10,4000448,176017,2044,10960,6
"MUcBkpwnKcE",24,3997980,27272,3104,7751,25
"MQIvV800Atk",24,3951704,10953,1678,1963,33
"O8hm2Ml-pA8",10,3944660,54493,1272,1370,30
"HKIIgYFhQlE",10,3905540,130790,1197,4230,10
"dx9mF1KJr0s",10,3893242,97347,1724,4540,31
"7Khl8D9RVvw",24,3886949,50548,1303,1935,5
"l25AL0BdD6w",10,3877234,163281,4337,11961,5
"zlAqizx7Lf0",24,3872861,245027,7882,25426,30
"zXHUHx4R9kI",10,3849649,145476,6290,9137,20
"2PH7dK6SLC8",10,3839019,79766,1662,5639,20
"HzILu6yyA20",1,3803817,2624,301,854,12
"V0HCZ4YGqbw",22,3803572,308595,6534,35348,12
"hiBPUpCJ7MQ",24,3793527,53572,544,2170,3
"asaB53-M2uE",1,3793215,22708,581,5390,30
"Zv7mc3TygO4",24,3790712,312570,70615,112369,22
"T8jBIVi6rrM",23,3781831,110267,8336,6402,3
"bNW6oR670s4",1,3776818,64904,813,1814,31
"xXP9xBgTFv8",10,3763881,94940,2480,7901,8
"6IL4sMC_XBE",24,3763816,31791,3603,3779,4
"OAGfx7eB3gA",15,3763347,110153,2841,9804,30
"TjXQzRWmb_I",1,3750515,48426,1438,5963,3
"Q48VduIflPk",10,3741415,399377,1066,24595,10
"BJeCOo_CRyE",10,3740389,135396,1822,6926,28
"Tfaq4UTH7P0",10,3731409,162188,1961,10391,11
"aHUmy5PvPjQ",10,3716247,96078,2018,7273,29
"tN8o_E_f9FQ",1,3714056,27322,4393,5215,7
"mcsTWPSMDtg",22,3705832,142034,2994,6797,36
"xvmTr6S00Aw",24,3702093,264850,4914,34125,35
"ElmsIGT85tI",10,3697105,79217,2234,4022,13
"KQRq9FZqNj0",10,3691162,71226,1595,2023,29
"97IfPfjSaDg",1,3683523,113231,5488,17462,13
"I5uXtODq74w",24,3667425,287752,8503,33210,13
"6S3phVSi0tI",1,3660625,11293,473,1159,3
"eFjFxgHedgM",24,3660580,57224,4509,8823,23
"nx1R-eHSkfM",10,3658155,0,0,0,14
"41PTANtZFW0",10,3657305,272706,8408,24623,8
"guRbfQFddfg",24,3650713,100369,1082,4197,31
"ipuU0hHYiF4",25,3644542,42887,2669,5591,13
"muAPJiMho2Y",2,3640031,114841,1209,12083,19
"6uGQ_ypTw08",10,3631356,116557,2065,7786,31
"sottGW1p5os",24,3621389,141681,1289,8127,1
"sJGgV3p8JzY",10,3619058,175060,1937,9810,28
"Ks6I2rtI4ms",10,3598569,239661,1080,22002,23
"-BDImdAfodA",10,3592011,52578,2414,4919,32
"MEYmQlWBeAE",10,3582721,128404,14884,17977,4
"yKVAhDbSito",26,3571563,215627,6553,48760,28
"YL9sNrOlK-I",17,3554105,35067,753,2105,12
"YXTzMOmmEfE",10,3535997,179735,2319,10242,9
"-XjayddbksQ",24,3534066,17362,2322,9793,1
"A8ScwhLh7uo",1,3515606,100707,2958,7746,9
"G4MtkhJehhk",10,3514158,136574,14252,16679,10
"2pJlpCfueV0",22,3509600,51324,2285,9951,3
"giOZ3EAleeI",10,3504679,104668,4694,20359,2
"Ytzc6ehAvOM",10,3495806,35699,3457,8684,9
"aLt_4e6MthU",24,3489582,189491,2054,10784,23
"zNs3AQOVeVs",17,3488652,55413,2245,7562,4
"KZ_eXk5t0r0",24,3487437,37052,2270,1496,21
"sFLTqo2emQ8",10,3485395,151782,780,8816,29
"Z4b6BPaO944",10,3484305,26236,398,1555,21
"rMFxV-l3qG0",23,3479682,31734,9676,12581,4
"sn3Ct2_L4OA",10,3456835,53008,1802,4180,21
"VQhIUzPJi8o",10,3447350,229803,3083,14505,15
"l3vbvF8bQfI",10,3445095,116259,3200,8486,20
"Q-oM2BQ8Jow",10,3443597,191228,2341,8677,12
"3wnHiK5sKgA",10,3433317,230277,1390,19838,4
"44NYFvhXmW8",10,3426889,88502,3664,5430,9
"6i9UUvxhAlY",22,3424000,134467,1385,8028,10
"gNTIOZ3jJJo",10,3416477,105593,5882,9175,30
"fiusxyygqGk",10,3407008,207262,3167,13279,1
"AtCLwYFRp4o",23,3396560,37979,7507,7019,6
"i0biqMZrxJ0",24,3384358,44914,8019,10389,13
"vbZbnpbVc0w",10,3380185,126110,602,5544,31
"J_QGZspO4gg",10,3371691,107043,1613,6565,9
"1ce456Nnkt8",10,3371368,92738,2630,9840,34
"QNzzJzdgUto",24,3368971,35801,827,2098,28
"ZJkc_C5-Cd8",24,3362428,35137,10550,7524,5
"h4tcNcZ0MdY",24,3351239,35338,2120,2937,15
"R10qTLfwm8E",22,3333451,120086,1265,9539,2
"61G3tDZQNhg",17,3327423,29744,2693,6914,20
"z2GvJtzn41E",10,3326417,59674,1055,848,3
"8V08Gu1DOgE",24,3322130,35099,6902,4030,2
"82QbMrg2HoI",23,3318466,63768,1735,5550,5
"cQp_C_Zrc3U",24,3314473,171167,1748,8919,12
"5NaAwSpswJE",24,3298489,48309,8099,7335,2
"p1DAEZNyJ8E",29,3296668,69432,1283,6474,36
"qfZcxeqa1g4",24,3296614,7813,333,738,24
"89PKbJ2NAqc",23,3286636,41394,894,1634,6
"FhwktRDG_aQ",24,3277760,93769,2339,8099,30
"zbyu6MOzpLE",10,3277326,217017,3296,6274,16
"gegW-vR_UHo",10,3274628,44395,509,677,25
"JcC5VGOx8I8",10,3265672,113760,708,2344,10
"pWqef6cbwzI",22,3264771,316062,1928,65821,19
"fzmM0AB60QQ",24,3250746,40204,1614,5695,26
"4WnizmrnJlk",23,3247265,28370,1396,3520,12
"yxfZBun1uBU",24,3244281,32820,1760,1797,13
"Z0vLiQLpsc8",23,3222946,81715,18649,33795,5
"sxvC647Yi0A",20,3212673,172219,2270,11081,29
"2HboMs0vbsE",24,3211941,231095,5397,12490,1
"paxgKBUK4wQ",1,3207833,80409,6065,18769,10
"O5ROSS9ReUY",1,3203079,69520,1210,2629,31
"aZUopuhqwCM",10,3199707,133233,1556,13577,31
"mXiFHDfvn4A",22,3195356,98873,2713,4632,28
"E60w-0q8Y0Y",24,3192494,181943,9475,30,20
"5w1GdX44DHc",17,3184455,27766,2797,1335,15
"QH9UE7FDbcM",24,3180906,94113,1386,4083,31
"-bx_vG94LSo",10,3177766,92573,1301,4276,22
"nE_TyW-7F4Q",23,3165639,31437,4473,4779,4
"bYpItS1jS3Y",23,3164547,271178,1394,8033,11
"D_eZxSYRhco",24,3161413,32474,1246,7259,27
"QW8whgmyTNU",24,3158685,0,0,0,33
"mkpINSUnDpA",24,3153709,35135,918,5140,10
"r15_6z9xryo",19,3151902,23791,2434,2356,9
"PzcaR1N0pTI",1,3141764,57674,3729,9991,2
"sjN-NGsRg9g",10,3133284,142673,1168,8752,11
"11K013qpRR4",24,3128325,38937,1198,6580,6
"fzCct3j-pH8",10,3126660,52171,3143,2640,30
"o-nGPNn19vE",22,3115765,51917,2701,8694,7
"3VbHg5fqBYw",24,3111226,127078,12403,18233,1
"dXt1ftcdxNg",24,3108264,257083,3801,62607,4
"aKPz583WRpQ",24,3103457,23051,860,2390,10
"FxFF5bgG6xs",23,3087094,85283,7968,8666,27
"ROzC9ZySGos",24,3078660,117658,13802,11933,4
"gEHCXl4J9Qo",24,3075265,78820,2018,3666,10
"dRvKm__GrqU",1,3074952,18020,1014,1625,20
"8z_cg5CypRc",24,3074263,96530,1011,7415,1
"CzmIrPvIzxk",1,3073599,57473,1836,6844,13
"KHyvGmuvIoY",24,3063537,34036,2573,1841,10
"EbSOKsFHwU8",10,3052912,166026,1459,7498,33
"6Y65fxIRs8Q",20,3052668,37734,2841,4175,12
"eT9eWtb7C4c",24,3048748,103,135,83,7
"NVCqz2BDfcQ",10,3043598,65509,1885,2492,12
"HS6R2Q7eRdg",20,3038406,114709,1385,8398,18
"nUv22OHdjQU",10,3027431,25901,7771,10710,13
"sm7_baYCIkQ",10,3020386,119010,916,6086,15
"Q9vZHbcx6cQ",10,3010190,101660,2855,4439,4
"R8jVjBDcV4M",20,3009610,81272,2792,21332,14
"uovntV3ZMDc",10,2991013,74659,1509,3828,22
"NJAtY43vsl8",24,2985521,37345,2946,2451,4
"h0xHxZpNAHw",10,2981926,94466,1596,4147,31
"JpvC3j9Qxus",24,2975208,41581,12380,61270,11
"aMGQgC5yV-o",10,2971860,48641,1327,2529,30
"MOP50VQBdCg",10,2968478,163531,2311,5148,7
"48qcnpCWBq0",10,2945748,176129,1537,10826,10
"gjXrm2Q-te4",23,2943435,93892,1431,5261,8
"_0ovuLsnU1A",24,2941282,43641,4772,10277,36
"A8HLnDP6uRM",24,2935898,28777,4642,3742,7
"xe6o4ex7-YA",24,2935778,40408,1820,2309,2
"nrXlY6gzTTM",1,2931630,9407,1015,1425,9
"T1-k7VYwsHg",26,2927810,97039,2294,12123,30
"_AsPY1bQx70",10,2924302,52045,1963,3542,31
"BYG1qf3XJNM",23,2919799,61331,1951,4144,17
"M2zrC1QF7Zo",10,2910486,120513,655,5370,27
"ahSKGi_21xg",23,2881650,42354,1283,2649,2
"V6wWKNij_1M",1,2875637,18008,783,1655,29
"yEWb6bsd5lo",10,2857908,37252,990,3263,2
"miY8hckQPwc",10,2849710,52916,1349,1487,8
"I2sRc3j7IU0",10,2840146,110733,1733,6139,26
"Z1rZAT2GtmI",23,2836865,57766,3756,5813,13
"VYzDZ1qeKEc",10,2836772,139256,16041,31491,14
"Ut7e-0X8lds",25,2834549,8422,9114,29896,18
"d72Ru3y4YJA",17,2830903,14570,1591,5627,15
"yl2GaxVGUaI",10,2827993,68080,996,1788,15
"yN7N0P2TxHQ",10,2797099,68524,2877,5785,29
"y5SxNJSGDTw",10,2790005,59174,4639,3251,10
"UsciN7COX1g",17,2788033,39291,2447,5223,1
"soBb4X5Hb6k",22,2785672,95869,796,2370,29
"PWwvR6cSH4o",20,2774358,116004,857,3958,22
"MMGrzOu1amQ",24,2755329,110010,1312,17293,13
"5TTdcyRi-nw",1,2754268,21016,1541,3653,28
"RdMWIgZIPD8",1,2753967,0,0,0,18
"tEA_n4mmBok",17,2732822,50791,2059,7086,5
"hWLjYJ4BzvI",22,2730038,78954,982,8953,9
"6wGj89GE6aQ",24,2723351,143498,1548,11908,21
"lfIhBu0TZBs",22,2714429,79239,7871,7825,19
"S10azlzvS_8",10,2712840,151050,2047,12162,11
"MPhAEcLaiNs",10,2709257,313108,1358,20778,4
"R_O5x0LNksM",24,2704906,30293,852,1888,31
"hOulcmOHCIQ",24,2701442,27542,5428,4698,1
"T1B1CxmAXLk",24,2694758,9023,1739,916,7
"mriYyuDmB58",23,2687148,65579,510,1775,7
"IOuFE-6Awos",24,2684758,163010,2347,20141,3
"UsXI9cvTb7E",24,2678985,206913,7991,23817,1
"yef_HfQoBd8",24,2678626,27592,1609,3047,9
"rYzLh2QuraQ",24,2667336,79079,796,4253,6
"Un8b0JDw0Bc",24,2665975,26126,599,3377,26
"Yv_rod8-Ma0",20,2663507,40883,2045,1796,21
"noUH5aYUBx4",23,2654222,29306,2643,3650,5
"hHaUQh6Gx-Q",10,2653229,48889,890,1181,15
"gaEPYljtIAw",10,2646329,58045,1844,2357,21
"6781x0TTSks",24,2643362,78391,805,2344,2
"TM-gCW45YHc",24,2641454,239681,927,36355,9
"QVoleJYgdM8",24,2636357,63128,1367,3467,7
"TXHB9wL4WFg",10,2624150,60830,575,1689,36
"aJrCQypP4a0",24,2616726,113851,1946,7157,12
"oSZDe6CrfN4",10,2616417,54607,2067,2869,29
"wYeMe6_ISKc",10,2613120,80297,3954,2435,2
"r8FQ5wUYm9c",23,2608451,89524,1308,5065,16
"PxJrWCSJfBk",10,2605329,58374,1888,1366,21
"Xk_2NB0RIaA",1,2604269,108488,1348,6405,14
"9Szts88zY4o",24,2580817,74718,4678,14342,1
"yqulWPljawo",23,2578951,75419,3372,6148,2
"y_WoOYybCro",24,2574791,141679,913,5422,12
"r2vDabFVj-A",24,2573166,33902,1772,1600,2
"vW7H-DKivX8",24,2570365,73139,1244,3423,4
"I6N-XuYllgA",24,2569307,107502,1330,4769,13
"ijUK3z5rt5s",23,2569113,71405,8767,13238,10
"CaE0JD1X12g",1,2561508,68139,2778,6874,23
"fiGSDywrX1Y",10,2553871,53771,794,2565,13
"Ev9rOA2Yjs0",28,2553605,46817,3789,4323,12
"Zh4c5IrllBg",1,2552879,87078,2019,8173,14
"8mBHDHIb-kM",10,2544874,294023,2984,9792,11
"BspHjvU11y4",10,2543999,50144,1192,2518,33
"HZzeieUGyA4",24,2539879,16508,616,277,9
"8Y4eFnLRIzI",10,2539688,78598,1174,2885,19
"RlSzahonkTk",10,2537478,157779,1807,7820,20
"UbmGPOHJYpA",24,2537214,34858,5771,7543,2
"Sy3ERg7OCWo",10,2536670,252419,3006,22101,6
"SFKPktgfQdI",10,2524744,112574,1938,11159,9
"Ymt4lpzv62g",24,2523395,206618,14342,36870,12
"b4vTZx_AtHk",26,2516401,107524,13141,12381,11
"H-WEhug-up8",15,2514066,49407,1848,3948,22
"6Km34EXxGZ4",24,2510689,132017,4424,29340,27
"Htu3va7yDMg",10,2508936,35752,2469,2561,12
"qc_z4a00cCQ",17,2496894,38177,1683,2759,3
"sHupIDugAD8",17,2482831,59417,2069,9387,2
"xG0HmKgwo0c",17,2481213,18727,919,5383,10
"rP3UngLFou4",20,2477491,72125,2505,11121,2
"IQYLPEuAClo",24,2464874,127288,1129,3966,2
"1gSu12JpKP8",10,2463668,47639,2778,1846,3
"prmQgSpV3fA",10,2460996,83399,893,14341,21
"UhZ56rcWwRQ",1,2458345,25034,5586,5802,13
"ckS1F3mJzb0",24,2458004,41106,1260,1603,1
"hYc95vB-nT4",10,2455913,74118,1620,5301,7
"gWV7JIxFcbY",17,2452211,39173,2229,4935,8
"8mCcM-PUmLM",22,2434870,120702,1439,10223,12
"2kpJ4GbVvNc",1,2428403,32417,2169,4347,13
"gUWDiXBNohY",10,2419996,360638,2130,27912,4
"zQYarS9LYgk",10,2414311,58961,1530,2853,12
"N9OpxDiCfbM",10,2414100,128351,4696,14192,5
"2kCbFmjEi6A",10,2413851,61858,1477,4881,17
"IAWI6nMQhQI",10,2387108,166069,1518,11165,8
"NHrwcQQ38bA",17,2382933,51023,658,2359,25
"aCAhbjLKkt4",24,2378309,23794,2453,11379,28
"1sl5KJ69qiA",24,2368985,104805,3037,17100,15
"v9ea5VDQfXg",10,2364433,364886,434,29115,4
"SlbY1tGARUA",2,2362958,5726,12647,2724,14
"2MiQonPvlVM",10,2361405,90036,3970,10271,9
"_lu_Hgw60Ns",25,2358886,12886,9462,23740,10
"GWMKelv5Bmw",23,2345227,77379,2732,5594,27
"tTlxjhG7SOI",10,2340970,42655,1134,1147,15
"bTE_EEuVRe0",24,2337779,41409,544,989,2
"tr1Loa7r7sY",24,2336280,70995,1660,10775,4
"kjaHhduqS5o",1,2331462,22143,5280,2058,14
"BnANUza_uXQ",24,2323244,72024,1633,3487,9
"izyX4qtsVew",1,2318870,25794,1046,1039,18
"p55AlBd8XDU",10,2312478,77132,6094,4594,31
"hu_4yAZVNsU",24,2310736,30718,3781,11391,18
"Zo_mpwmashg",23,2308894,63367,6927,8259,11
"2Nlo2ekTRvI",1,2303131,42395,2237,6802,6
"IMQCrDQWcvQ",20,2301406,24856,8200,0,23
"wrpeEitIEpA",1,2301015,66188,3372,4620,24
"Z5ze4CUAkE8",10,2295938,55936,674,2111,15
"PJBmeqpw3DY",24,2295021,45785,1361,6379,3
"csCCdQLqcVY",24,2291800,84076,1817,4136,15
"t9QxlDaI3Y4",23,2290941,72131,955,2239,11
"QsSxRElRe1I",23,2276396,49349,803,3159,6
"Xg_4tbLnIOc",10,2274296,126274,1437,6030,5
"5n9xafjynJA",28,2266117,37409,947,5728,11
"-kxPDAiuijo",23,2265310,57277,843,4707,13
"dhFM8akm9a4",24,2260309,16385,342,1559,7
"E9pIhue2lSU",17,2255825,27645,1711,3260,14
"UEhsFEgsI5U",1,2255796,33642,2534,7170,29
"TQ2uDO5CbYg",10,2255227,144085,2347,12074,4
"gsKjJRSmYio",10,2252559,72899,1172,7635,18
"8b6IQQMRYCA",23,2242830,23998,1193,2672,13
"e1bEWoblGZA",22,2239356,157822,6494,9393,35
"t1v0BgiYgHE",24,2235685,6467,2592,1026,19
"GxYimeaoea0",22,2228345,32140,1729,38126,9
"gbRijjvIeyk",2,2224539,58173,1521,0,8
"ir0G79oHXMc",10,2216288,45074,3422,3468,21
"mRo6MnXObuE",23,2215553,142409,2294,10352,2
"c47kn_Y4y8A",28,2212468,49400,818,4540,12
"evhLzq7Gsak",25,2209067,11467,4915,7681,6
"6tiphMs-dCY",23,2208478,72051,1930,2448,9
"wswvNZveNHc",24,2201784,35149,16812,12894,21
"_H1vcldAsP0",24,2200854,36494,3044,8631,12
"3uGIEY7tdg8",1,2199149,15097,1393,1912,10
"2nshBD9EbxE",26,2198783,50773,1108,2252,8
"1zNr8Pf1QkY",25,2198480,23920,13221,19227,2
"R9q5lBy2w1E",10,2194222,69854,1577,7524,30
"r03V9OEJlgg",10,2193629,25620,2548,5184,35
"LAQRtjvtQRo",24,2189861,23694,761,1325,3
"fupYIggOq38",24,2186681,22244,1158,3987,2
"iIaVdlcDRA0",22,2181378,17139,1496,2967,13
"M0X3jVSVzao",10,2180731,79715,2087,2782,13
"gIsDpBMXbLo",24,2179020,74906,1292,2599,2
"f_lDdj755PA",24,2175530,23377,2411,21346,15
"YJcergNiMDQ",20,2173809,70044,1770,10344,10
"wV8HedOp17k",10,2166914,34309,1810,4076,13
"lERhNXw6FaQ",1,2166880,51646,1819,6561,14
"ve3oQBjcAGI",1,2161978,53178,2903,11089,6
"Pl9oc13p534",24,2161318,27328,1442,1069,4
"PAQjrGGhoUA",24,2160045,29726,947,2329,10
"X-QSZhh_YWg",27,2151076,43488,3180,7168,15
"M1fKcktiPuk",10,2146828,99983,2995,12608,14
"GEsK9GudV2M",10,2142751,100507,1255,3997,30
"c5_LROaHGtw",10,2142320,287343,487,13527,9
"1XsKiDXWtyE",24,2133127,123421,839,5798,15
"yvYeAdcM2Ss",24,2129493,40626,1140,5285,27
"MjdpR-TY6QU",27,2120634,120500,1025,8840,3
"yHHnywiSwIE",22,2119956,235912,1077,32715,10
"yN0O8UaTnRA",24,2096196,39093,1688,2625,2
"h_67XloYXTc",24,2092066,33584,1037,1289,5
"Xo8FPXlI3CU",10,2091614,180444,1051,10995,9
"IDpWeURKkbI",10,2085778,300278,881,19531,3
"m6qubM54PtE",23,2084432,28701,1580,4462,25
"cJ1zhq3yNBM",24,2082499,47510,317,2215,3
"D0aAYfRBVik",10,2081899,63452,2936,4014,12
"5nEogChRGE8",23,2080718,19737,1185,1895,13
"ZxD3o-9H1lY",25,2080614,63248,12145,55446,6
"xIZYxqqpjJQ",24,2069643,20077,1386,1138,5
"hcCCe_R8e9U",23,2068116,61091,1003,2354,3
"r5g85U5lJso",10,2065373,41631,1721,1407,11
"zXV4Sgeyr2c",20,2045157,59989,1981,10536,20
"J-7FkW1Cuic",24,2044478,30549,1167,841,7
"OHOkdEBpwDc",24,2038269,95638,2894,17212,13
"MnK9_fWPT3Y",10,2030890,45008,910,3533,1
"colIbxVLUrA",24,2022094,55403,1828,2658,8
"hFFn8K2O4po",23,2017888,20938,1539,3393,20
"m4-sL1r9i1I",10,2012383,117683,1084,3952,28
"-z2EqJTyAiU",1,2008876,64028,906,2681,14
"-mZZAvIHMvQ",24,2007659,72334,3465,39865,15
"YFHHGETsxkE",1,2005280,185043,1368,10849,33
"YtKap-E0OGM",10,2004311,66762,840,3007,16
"8XBLuU_4Qgo",25,1990055,22811,1082,4159,31
"IkV5VpEROW0",22,1984047,52616,1099,3134,28
"HyNJ3UrGk_I",24,1978041,13245,306,1489,4
"KisKKE6zIk0",24,1968984,37224,1536,8828,3
"kh3yIsFuPRw",24,1967065,49642,509,1305,4
"7SAisWFutbw",23,1966578,30298,1451,2122,2
"jjNf6SolPvU",24,1963752,22768,1002,1739,7
"Bu2Djx2ejlA",10,1961295,61000,1281,0,1
"iqsQ0KHImrU",10,1960852,87703,471,13996,16
"dyBFAX4SDEc",20,1952508,50462,1073,7260,15
"_t0LX_Of33U",10,1948688,173694,4325,14535,11
"YGXiVHTy0JE",10,1948382,189103,1174,12538,29
"GpEuHHMy-Z8",24,1946547,18608,3573,6862,5
"itE8Cd85-QM",24,1943930,35388,628,2068,7
"HEVonh8bjC0",1,1941790,14248,1913,2109,27
"7a6irhXRudo",23,1939634,17697,1379,2118,18
"uKxWP56VStM",10,1939400,169578,1202,5889,5
"RP3UsFrDJfY",10,1938197,79966,1308,5009,13
"IKomhXgz6Io",22,1937795,118688,15007,17309,4
"N7HFXgyTya0",23,1928358,83723,1327,3749,31
"x-R19oA1m8w",10,1920092,27156,932,824,30
"RL1e5ZyVUkU",24,1919068,63934,687,3925,23
"cq6wjjN73Q0",22,1915105,26132,318,3732,25
"7IS-wPfdIG8",22,1911551,92716,7771,12524,5
"lwzfPL-rJqA",24,1911317,55180,548,2208,20
"j7WlcSwe8Ws",24,1907912,18641,1741,1771,2
"L8IYPnnsYJw",25,1905347,29830,8194,13280,36
"UwItKU4CxMQ",24,1887155,77455,2044,13168,6
"ao7JzzfIqVE",24,1881374,131005,3157,13157,20
"XAzqBDFs418",23,1880789,142207,1256,6685,4
"a8gzChJsvEo",1,1878977,39738,3423,6830,14
"18RqtFuaNe8",1,1877518,16521,1447,1056,4
"RECFTvCXhPk",24,1873725,32563,4122,0,17
"3v0c6smpHSk",1,1871106,71118,1016,5047,23
"Vm_CmfA5gRI",10,1867270,27750,3156,5947,9
"4FBqT80fVKY",23,1860672,21000,1400,2521,7
"54BVvP7zvDQ",24,1856381,32619,1483,2131,7
"bI31WqFDxNs",1,1851372,50638,673,1509,10
"7KPcfdbVTic",24,1851082,19654,489,1966,30
"szaJ5aW-LUs",10,1848816,139542,1676,16698,20
"DIU3xPdhCBI",10,1842403,39312,1347,1469,11
"B7AjF4of300",17,1834484,23748,876,1290,34
"XP32nDUMYS8",10,1832031,31328,656,1060,35
"zTIoErJmsp4",10,1824925,123832,1145,6066,30
"LmOPXhFensg",1,1820239,34597,571,2803,16
"Ff7wbSwTuEk",23,1818053,16396,1268,3752,16
"4KtBBzHWmTI",10,1816550,78149,748,5420,20
"BYF2tfdD1fA",1,1813786,9985,1358,1883,6
"M-E5wDgptQA",24,1810704,29771,831,2665,13
"zUofr5WcdSM",17,1809424,3023,473,3686,7
"E-8e0cqUGTw",1,1808997,20173,2276,3320,7
"__1SjDrSMik",22,1807024,166272,2095,9591,14
"A5TPOKoE1_M",22,1806199,77267,6582,301,14
"9yDNAc8YS9c",24,1805396,51723,1617,9497,20
"k3uh0MJeypI",23,1802608,127971,917,9826,24
"xIZPbhq37WQ",15,1798530,21843,282,1903,12
"nSuregWhlWk",10,1796545,35359,853,3513,13
"cL5oCP0VIEI",20,1796323,70506,13509,31803,19
"REbjfHF0N0s",10,1794588,99054,791,3136,13
"WeyLEe1T0yo",25,1789569,39639,2442,3757,13
"uRP4nAGMYCY",22,1781913,119468,1371,16413,34
"p5N6tFob_Rw",23,1781662,98810,730,5152,26
"oR_e9y-bka0",24,1781122,56456,1185,5290,6
"9CO6M2HsoIA",22,1780493,8949,639,1861,7
"3s1rvMFUweQ",24,1776127,35741,3214,3585,3
"Xz3GEsF-VKA",24,1772309,43561,908,0,13
"ZOBvRs4btvE",10,1771884,35501,3434,2758,6
"-5aaJJQFvOg",10,1770509,163869,2704,7269,34
"Ja_GMU7-sjs",28,1767441,55975,1645,6179,10
"XkVwqEdYlNA",24,1765356,57386,777,2905,13
"yOOiVK31h7g",24,1763271,76063,1879,5904,16
"94k6kEVGZzg",24,1759634,90950,1323,9630,10
"-43MBOJnVks",24,1758599,16188,832,2182,2
"Kd1xVG6f2No",17,1755108,6594,511,3469,8
"nFpEuUY-zQ0",22,1747801,8539,939,1406,14
"z4dH6hEMuwk",10,1743819,129292,523,10528,26
"sIbv19R2rfY",22,1739987,14686,3060,2704,5
"kCwMARo94QY",24,1731217,11318,3751,6683,4
"JRAOdRq-1lw",23,1727872,64655,1335,4837,7
"wGxT2tg4It0",28,1717319,52216,8436,9425,3
"JtIY1Naxg0M",43,1709880,44588,360,4335,21
"CZ7KRUYQyKE",22,1704991,128278,2874,7662,17
"4oYYVrEFWE8",10,1702293,32630,2071,4489,12
"6hhNXHojemc",25,1701922,18129,1400,3016,13
"BFZz8wHL2a4",24,1700526,103577,1715,4792,1
"mCx26FLXWuI",17,1689382,24186,3330,3414,1
"tIWpr3tHzII",24,1688804,85485,1381,14737,15
"QOksZ8VogRw",10,1687541,45643,942,1676,11
"BZt0qjTWNhw",15,1685609,38160,1385,2657,23
"hSvnepZS26s",24,1684504,36713,812,3842,11
"yJqsPBWbtjk",24,1684193,32242,5762,14323,15
"tiH07VpwSLY",10,1683838,43425,996,1978,14
"l3xmc0pzzJI",22,1681425,81546,1115,4846,4
"GKPIae1_LYw",24,1677359,18071,379,1849,13
"iNf6VErGDLI",10,1677111,69379,1586,4695,4
"QF031DwMffQ",1,1676342,32308,1300,4617,12
"nCWKrEA4FBw",10,1674907,127388,2749,10205,24
"qu-biRtYEcU",10,1674208,1416,5939,2870,10
"aRsOBFhNjVM",24,1674134,88854,538,6268,32
"S3VZxB_iNoA",17,1672605,17739,1026,7814,6
"VtZV_rFnI-4",23,1669936,24721,981,1745,12
"jpStWV2GHF4",10,1669936,24721,981,1745,2
"NAirxs9Io4k",10,1659512,33093,914,5076,13
"EfypiGi3K-I",1,1658884,17203,448,3610,3
"s12qaVEyW14",24,1652338,53341,2430,9186,17
"vAmnAXNVRrE",22,1650995,16547,4249,6107,1
"caCdf94Blfw",1,1650959,20415,5213,8749,13
"6J-D86wfxiE",24,1650492,61491,658,4404,25
"MNcssFQTO9o",20,1641198,23453,8717,6081,15
"k3zmNrf0Eog",10,1640847,71921,2102,4596,2
"GnevZOMl78I",23,1637463,56268,1481,2197,13
"zVVrfqwA5lQ",10,1630365,28236,582,2307,30
"HszBf-CJeVE",24,1629213,68846,787,2894,12
"wjOK-U2GhIs",26,1627330,87183,1481,3803,25
"5qxqo2CQakA",23,1627118,34850,8593,3144,13
"-l6wrTvMcbY",10,1618827,49271,2202,5452,22
"Bzu4G8uZs-4",10,1617680,109650,1300,3718,20
"iPf_ifCKftc",10,1615785,66252,2362,2227,24
"2vPw8QbzFTo",23,1613530,24066,969,3482,5
"o31pGcwUmCM",10,1608675,131283,438,8637,13
"M6LTqtYKDtI",10,1602184,55878,1540,3690,7
"CWAX-tiepMo",1,1597322,53661,2936,21522,28
"tkhbOc-jZ6c",24,1595758,20330,5256,0,30
"dfeEwt5_jsQ",10,1590689,179705,621,9316,16
"r17fqELkv7g",24,1586946,22701,7954,22492,18
"KI9e5T8X4DQ",10,1586337,42848,1087,1233,11
"lR-oJvKJyUY",26,1584801,31765,1687,3892,6
"uIzhXFnhURQ",24,1584205,34093,813,4862,4
"510KQ_LXGww",26,1583680,91709,3236,1370,7
"fTK0hhBiCgA",10,1579758,64797,1223,4465,13
"H78P-eAvWqg",17,1573791,18165,1084,7209,1
"EEIP1YpFXrE",20,1572691,53257,983,7597,13
"OTHHeIAYfuU",10,1571008,33781,1288,3179,35
"af6L1jBZGYA",23,1567140,17598,951,1369,12
"24-AhdoN_Nk",1,1564193,19725,4510,5766,13
"FvBcYkY7ZGo",24,1563120,19252,601,675,12
"ZKg3jKEbgqs",23,1558578,47705,1248,2548,8
"73_OWzBr8Fo",10,1557498,143141,1678,10604,22
"8l_e6bx8UG8",10,1556912,38754,6798,9942,3
"lYEj9snU838",25,1556796,10164,18828,10650,17
"4cucHc2vef4",10,1553813,54970,1040,4434,19
"Oyf5o1zWMd0",10,1552678,128812,2599,13318,10
"7LNTrcguDaw",24,1551905,37627,573,3740,30
"chjObfl72xQ",23,1551558,24768,463,2357,35
"NBOT5jigRy4",23,1549690,32228,923,1489,4
"rgqU0MbRLDo",22,1546842,56454,3256,6041,29
"VsRot0p7ObY",2,1546831,54261,1450,2973,2
"TDlHElwoKLY",24,1545132,8000,2343,9128,1
"zUelEgXDHa8",23,1540401,83389,878,48028,15
"0GQmGOju6CE",24,1540207,90236,1012,15397,26
"NKin_i1pcFA",2,1539966,30596,1085,8019,11
"eEDZuFw34YM",28,1538347,33576,1133,2093,23
"gKo7V7nxvqE",24,1532312,69065,733,0,13
"_ckccU8ojRg",24,1527599,21201,615,1398,12
"nlodY8nMw-A",23,1526415,79468,594,5478,12
"oRSVrtKph_k",10,1524561,165933,660,14562,11
"R9YYmoJjBxI",23,1524420,17892,1320,1472,1
"e1YqueG2gtQ",10,1523432,28343,1164,1603,35
"2VggEmXPnGw",22,1518753,43630,296,1570,29
"1Nu_oGucpDI",10,1516337,70745,1087,5708,10
"oddXT5uaRb8",10,1508950,181682,2062,9854,2
"kGOmPmILndU",10,1500067,65867,1836,5638,2
"ING5Ygbqo_Y",10,1499550,15616,624,1075,12
"TWpt-ze_cYU",23,1498833,69463,675,67426,12
"ouWuzQb9vNg",20,1497938,40596,2651,10709,23
"DHMBJ2do1XU",23,1496352,52195,1623,4161,4
"IP8k2xkhOdI",10,1492219,61998,13781,24330,35
"OtL1fEEtLaA",22,1486123,29647,1321,10180,14
"av4QVqEMWyk",24,1479645,19299,975,7968,2
"kCkuuzDOKwE",23,1478168,18599,1213,1685,8
"X1VzzNbfPaM",10,1478117,35381,515,2062,22
"jb-To6qJcxU",26,1477244,36955,1299,1365,8
"ZHBYGpAlNog",10,1476745,101624,1086,7082,8
"CgjAN_wgmiI",17,1475009,3519,565,5710,6
"lb0Ymam2Za0",23,1473225,84202,2170,53756,13
"GZeza5xTeuM",10,1472296,22822,932,1769,5
"YKKE-LX5FPE",24,1469966,19489,560,692,17
"nkWn5vKCZj4",22,1463583,10835,2597,12799,28
"2ATuTL5i0_c",26,1462803,58336,2802,3888,36
"HtNWc1AIU20",17,1456733,33589,630,5469,24
"i7FgneNlM14",17,1450762,611,837,941,13
"zCot9TDoA-M",20,1447528,72405,3100,10485,13
"sJWu8sMMh0U",10,1446213,31658,712,972,16
"wH-by1ydBTM",10,1444402,76887,1908,10820,8
"m7b8hitvfoE",10,1441725,24390,501,1831,15
"Fjm81OPZbpU",10,1440858,40393,604,1997,11
"VZsBRynPXHY",23,1439346,34773,2699,2260,9
"_1mIPOYZzfo",24,1438540,11883,1118,5363,9
"ixNNLvyCn5Y",1,1437894,0,0,0,35
"fsT5SyBLlIg",24,1431319,12795,598,1381,6
"jdH2Sy-BlNE",10,1430487,64559,896,5008,14
"EC5UCCnk59c",17,1426823,25850,747,1423,12
"II-OP6vdMs8",22,1423550,18876,28293,6240,13
"b_lULj6v804",17,1419843,9279,560,4736,7
"sZcuF1T4Vxw",20,1419347,43418,819,6208,16
"TYVD7XzW55I",22,1417314,29784,645,1923,33
"9S9O2T1B6xE",22,1416396,77451,1404,20117,21
"sun1x0ANt-Y",15,1415969,11362,434,919,11
"oaU82_uGTQg",24,1413409,24051,694,1265,12
"Cd8UxUlqaZ8",10,1408369,146503,591,11442,16
"4HOxZEdicuk",1,1407724,17509,2057,859,3
"OKA-3wsJTs4",24,1405825,23021,360,0,8
"CmO2143BzYA",24,1404525,9141,1333,1404,2
"bVU-MmJZFFA",10,1402868,29971,1940,4023,2
"CMzzImAolMc",26,1398617,65040,1541,5765,28
"Uv1xscwDtIQ",1,1397537,18813,1563,1534,17
"JFmkRNbDF70",24,1394264,35697,738,2561,15
"0-VAnh7r-_8",20,1392609,38471,2932,21316,2
"zT7VEhfezn8",24,1391768,31534,528,1374,34
"OZqsFkJpvj0",24,1388010,31247,540,956,3
"c0arVTRwytA",1,1385396,0,0,0,31
"tQR5G3kvfNQ",22,1384644,19659,558,3027,11
"O02MnrL_wrc",10,1383568,31354,856,1497,25
"Wzvr_rtI82w",28,1382009,150566,1074,39907,10
"Iiukq_ilT0Y",10,1378098,31362,522,1376,2
"pDi7cezk9CA",24,1373069,175743,3362,23659,10
"f_jTeuajas0",1,1371079,17862,283,1913,8
"oqvGFqR2h4w",23,1369908,16472,817,2352,5
"5R2ZZ-t8XS0",17,1369201,21686,772,2189,1
"_KEN-cxmGw8",2,1363409,11920,1640,3203,12
"qaSOyhK3gTM",24,1363377,8941,646,1469,1
"bNcj9iR956M",23,1358775,18960,759,1230,7
"DX5_o-mumvE",10,1356625,40807,2215,6493,35
"FOLQlEh1D20",10,1356534,29314,807,5277,13
"8KgiaRPxRnQ",20,1354047,50686,1915,12823,13
"pkJtiVCMXVg",24,1352472,16328,857,1013,4
"LFhT6H6pRWg",22,1348067,10576,258504,33809,19
"137EH-5jNLI",23,1346522,22986,384,861,26
"pO481doRObY",24,1343386,95896,1006,7641,11
"m-Q0Ng61bT4",10,1342248,24775,630,1056,13
"-mNlASb89Wo",24,1338389,3906,591,3149,1
"EpW_OEuHNX8",24,1331716,11015,458,1475,6
"qJKgfOUUrZo",10,1325784,31240,26906,6467,15
"vLVSf_yI_r8",24,1322154,51255,3677,7258,7
"Nw-BMNnr1Ko",23,1315966,17258,1239,3162,1
"FtX7GY_iPok",24,1305358,12738,270,1013,28
"IX3_Aqji4yE",27,1301467,4213,268,135,14
"qpAo_XvCQaQ",24,1301301,15394,1048,1635,12
"61SWGdZ2p2M",10,1296219,41984,1409,2025,15
"GcbsIv3QdFs",22,1292991,56503,4769,8460,7
"mbsSCJEP7oo",24,1292816,28465,871,2265,12
"aq-phmpUJ_E",10,1291512,30304,1164,1796,32
"4W_YgNW7gs0",10,1288916,63878,562,3455,19
"AHwZBYCwxPY",10,1285088,38312,460,4603,36
"MXzEbAv0QN0",24,1284910,35976,736,7919,1
"VTVLcK2zybM",10,1284065,96848,628,13418,9
"dhF3Y7esoWM",10,1283358,152060,570,9359,13
"nOQxBSp563M",17,1281445,14405,4371,3285,4
"X-5yy4ETxlQ",24,1277694,15943,1592,1683,1
"8kFnLQySIzU",24,1273520,18455,1519,2010,4
"rG7fLWcvv-4",20,1270751,38835,959,9088,8
"jYuQzAxBVZU",24,1270251,26596,348,1691,33
"STEUAcTmXTg",10,1262612,161416,440,12661,23
"hkFYWyy9Jek",23,1261678,112226,580,6140,10
"iaL3EEWspLo",22,1261570,16441,2514,6217,7
"_wVB6pfWwnE",10,1257023,63254,727,3526,14
"UVaeRX9LybU",22,1256322,62062,2032,12130,10
"_zu53yAoTJE",10,1256086,19547,5597,5574,15
"WyWqEFeKX2E",10,1254170,19702,2355,1936,12
"PFDElc5sfSM",24,1250558,41463,639,2731,3
"RUCXD3_wW2w",24,1250529,9870,2437,649,6
"cWGWYAhLuAQ",24,1247687,64386,682,5443,26
"yOqT0Bk-A_Y",24,1246642,105447,411,5355,5
"NHEaYbDWyQE",24,1246175,95646,1687,17368,10
"meLOY29qarc",20,1233661,33486,322,4504,5
"WrcwcMIYpQg",27,1230509,74029,466,5332,25
"RQm0nKoODo4",10,1230449,82977,741,6723,32
"K6xwB8Kkce0",10,1230259,182028,593,7707,6
"2B85lYenaxE",24,1228927,9446,32838,8048,12
"44szOPIixaU",24,1226998,19339,407,1748,13
"U1MzkfRLveA",23,1226994,13073,643,1581,1
"ziLWPlVN0MM",24,1224477,16744,1159,7055,24
"qOioqgPyCwE",24,1223231,13397,654,1031,29
"UWl2fVxb-Mc",17,1219133,12246,347,4346,4
"8KT1UCsOE74",24,1218654,37460,1966,11662,13
"A_Z3AokMwWI",20,1216539,0,0,8182,12
"NMFnVfsNf5Y",20,1215931,12413,575,1032,26
"PPCDMi5xmmk",24,1210329,15694,940,1440,7
"GRwmtpr79qE",22,1210049,22905,5733,13756,17
"ozbnTScWups",10,1208568,38681,446,3706,16
"Zz_JEN74evU",10,1207630,39094,1659,4010,7
"dsNNfiA6qjs",24,1203368,63889,4078,4509,15
"LF-1zy8VII4",10,1200905,71788,664,3888,10
"bFbOHqCpeFs",10,1194803,22672,720,2333,15
"TUUUh-51t1k",1,1193969,11760,593,1050,14
"twjTkBN3Q9A",26,1192068,27508,943,4935,2
"LjNhW2mR1lM",24,1189445,34609,821,2030,2
"iDXlWTRyxgE",24,1189325,21859,7016,11869,1
"oSumNo-j-oc",24,1188853,29151,282,3021,17
"eqVHah0f-1c",24,1184870,27336,398,861,18
"th2lhZ7VeVk",24,1184223,8641,501,1162,14
"KFHru5tiDng",10,1182857,21679,552,1270,11
"AumaWl0TNBo",24,1182775,52708,1431,2333,1
"tJLtDRrimAs",23,1182368,16357,680,2784,1
"rwYd2kIZxk4",25,1175958,5047,404,3210,5
"xzpQSINtLkw",10,1173586,28430,706,1683,11
"eEdPnm-AZ94",24,1172315,14474,894,871,9
"kMRe5A215xs",10,1171850,28406,867,1775,10
"-N5eucPMTTc",22,1164201,57309,749,624,1
"Da2crn5NXc4",26,1162900,73330,3324,1324,13
"XvondF0gfro",24,1162896,43618,2722,10071,15
"8B2esiq24Hg",15,1162609,33397,494,3182,20
"D3V0aw-ljEg",20,1160731,12152,395,2132,11
"byGeEw9tRh8",10,1160123,92824,3263,9188,28
"5deYJLWFplc",24,1159979,25202,849,1362,4
"sECcOTO8Ij4",20,1155926,39079,624,6827,9
"fS2fsa1fuIw",15,1155420,39057,414,2630,8
"HjnwaagBigA",25,1154891,6066,273,3058,11
"AfC2pHj0VZA",10,1153803,48228,430,3073,13
"4JGWxG-vE24",24,1153104,38607,2508,11845,12
"vht9VHo8r5c",24,1153057,26074,479,942,2
"QRyzwPzxpcs",20,1152245,2810,247,520,4
"z4bLKt9k5dk",24,1152016,25612,678,3920,8
"D04ogdPt4EY",24,1151785,26449,478,2213,6
"7-T08gSQmxk",26,1148340,51644,2034,330,14
"PCVtE3wRNPg",24,1146812,93324,4099,4399,12
"tfaGleA4qYo",25,1142732,8209,1682,1960,12
"cIriwVhRPVA",10,1141907,42409,808,1837,11
"d8GHT9nK66Y",10,1140558,18501,776,432,7
"OPHbqY9LHCs",28,1138583,21594,934,3225,20
"ElKPnh0Q8pU",1,1138385,27645,493,1369,28
"p4HrpCPquk4",24,1137918,6793,10661,5192,3
"cVdnrt6HCh0",17,1136925,4707,541,3585,9
"tw6pCt1yeJE",24,1134566,23163,1753,6828,15
"tAn7wxn2Atk",24,1133283,17054,1681,2414,12
"maAa7J3iEM8",24,1129129,24585,1856,3861,7
"JBw1nwYJESc",24,1123725,12523,3717,2046,1
"fOfIObhGMe0",17,1121265,5536,252,5140,6
"VM-g_bkFdzo",10,1113267,206212,507,19119,1
"23ILq4uxd-w",24,1113240,14251,233,734,1
"gx3S73InQ04",17,1108692,9208,406,1273,27
"tml1mo26jmw",10,1105217,117863,923,6652,3
"SupFJHdlVGc",26,1102522,35608,897,1538,35
"y4bAULTwAJU",25,1102306,28007,1114,4055,12
"G5V0rsKkMDo",10,1100221,16486,514,372,11
"_4_V7ZGCYDE",15,1098131,59581,378,4235,19
"7zLzYiw1wdQ",23,1098041,86894,891,3095,6
"VA7Y_Psp5l4",10,1095787,51560,1070,3381,14
"L_SyKf-ETlY",10,1095765,56438,1850,3659,11
"ObRqWRfC5rA",10,1095311,24779,811,1254,14
"d3h_uD-5d7A",26,1094075,56970,1753,511,13
"upIaeqJEA2I",10,1092715,24249,6292,5726,23
"rnhlTS8RgUM",10,1092582,28594,643,1671,3
"J3ue35ago3Y",20,1092165,9728,136,908,15
"lYN26wt1lJQ",10,1091470,24725,593,933,3
"8gFGhT5GpAs",17,1086201,24341,546,1693,1
"kr1BBxXXj48",22,1078279,26021,581,5053,6
"5ELQ6u_5YYM",24,1076928,22757,306,1730,13
"UHh6kJ-HWYw",25,1075976,41550,898,2988,14
"YHdOh90kGHQ",24,1073102,62704,957,4552,8
"zbGSbZXzvqw",23,1071689,8088,349,635,25
"P4YJwy_T9pM",22,1071286,45049,288,1748,9
"p9RLCdyn_40",22,1070142,55662,540,344,18
"cosN6ilQ5u0",26,1069666,44526,1039,4474,14
"C59j0Rmucss",10,1067349,78311,1498,4690,6
"fsoyuZDgkxM",10,1065613,9042,201,684,21
"6zRtrLBg3vk",24,1060809,12094,976,6691,8
"VhMW87avFIM",10,1058658,40446,1096,1633,6
"DrApVH3afMI",22,1057019,124630,235,13545,11
"N1MZRowhMtc",1,1056924,25996,1204,4453,12
"ao_CJr7-NR4",25,1054267,12339,383,2306,10
"676hNIhKO2M",10,1053402,47309,1408,2407,1
"lJFqvRwOiis",25,1051339,34531,8658,9059,11
"mHhZ9jk-DrU",2,1050937,12700,2960,3642,15
"PkRo5l8679g",1,1050017,7336,351,859,11
"l7VfDVVxiMM",27,1048317,15682,2573,3670,13
"h0zMjd5ZAJ4",23,1047192,10891,1023,1105,15
"-jWIDwq44ZI",24,1045948,26913,908,5582,5
"jOTLVy7kgXA",24,1042921,13694,1179,1511,2
"p5HH2UfZ2wE",15,1036313,24095,298,1706,23
"QpFcf7uBacI",28,1031633,23471,293,847,8
"8h7cnLWQKtM",26,1031470,16328,435,263,27
"eeBMQpzoEXQ",1,1031262,19231,843,2265,6
"zMV51hydg8E",23,1031151,57261,601,1183,20
"JqA6TZW9-0w",22,1030553,52872,647,475,4
"qzt7JvsYIuI",24,1029600,23264,1121,1825,16
"wYQcU5VXde8",24,1026139,24038,7739,8570,11
"0oXu0XfXYYE",26,1020294,59974,3081,472,2
"ypcmAXSKrLQ",24,1019083,42406,654,1580,11
"hU_oxkN9wsw",17,1018300,27029,346,1263,3
"HPc8QMycGno",10,1015382,27489,573,1995,20
"3XklsSF53pc",24,1014570,24606,668,2010,13
"oQxKEtoHygY",10,1012986,27316,2788,3561,20
"L9hwGZFPSmw",24,1012972,42228,2327,16218,9
"v4DFeT9z7yY",24,1011961,0,0,0,7
"-crLmRLgeNE",10,1009304,31775,550,960,3
"rWHrWuDnReM",24,1008863,40897,3451,6309,24
"6HZ-nfMfu8o",20,1008837,35714,1549,3102,15
"Ob48twC1yf8",24,1008632,26482,9232,0,2
"QNNcl2mEHzQ",24,1008315,14954,926,2036,13
"TOeWI-HClI8",22,1007094,55048,566,441,7
"ejlD0Sg-8ig",26,1005215,58618,1639,5997,7
"I5X3vC-XsU0",24,1004309,11351,848,2721,2
"8pffcngJJq0",25,1002079,534,128,0,6
"Cyf1eXYE9Bw",24,1001459,31545,316,1539,36
"d7gOtEwaJzw",10,997078,3766,781,295,31
"fMbuWa-OdN8",17,995222,7317,457,0,3
"icyhX6PjKjM",10,995001,26910,607,940,11
"hLljd8pfiFg",1,994928,26040,2662,4681,21
"PcYhtiJneHg",10,993486,114411,887,5231,4
"k-UAk-kp7q0",20,992666,28833,570,1383,6
"TVARgV7H4xw",10,992009,21305,824,2766,13
"hpapqEeb36k",26,991224,38475,941,2042,12
"bYXM3uz1bjM",10,990904,19093,1348,1276,27
"2dls8iCoQTI",26,988788,50196,1335,3657,15
"G1Ky9-OoWyo",20,988435,37980,2376,14652,8
"7FM_MfpYOLU",1,987735,70500,475,3994,33
"xNNxGzBfZ2k",24,986267,7900,475,1048,27
"IPgdIHV_zMo",1,986201,10386,37132,7376,6
"k1cA-Wh3Tc0",28,985989,21186,997,6655,12
"v0xBdIyNijk",17,982290,13498,494,1525,15
"oQGA42-U0Ro",24,980256,14055,488,882,11
"xSMA4LZESY0",10,979968,15745,202,658,16
"eljAjPH6zQI",26,978232,43329,1203,2967,13
"fABSffnIhrk",24,973471,7300,366,2513,19
"15aTCG3as6Q",24,971601,45286,785,3568,13
"kZkIDiw0jDU",24,970237,8863,2314,9696,10
"mwgUesU1pz4",1,968539,13391,609,1074,17
"IC_lnyn2R2Q",24,967640,6348,356,788,4
"pwj_SZHqiSc",24,967548,31972,2260,9806,16
"eQVhAN7-IAw",10,965593,46970,704,2764,13
"akohTFyGu88",20,965376,24210,3786,8851,2
"HjoJqZDjxgI",24,963680,10220,736,2013,13
"6_DgXvcfhYg",10,962671,19716,814,1326,19
"dbMtuJ1tZnc",24,962532,20492,1002,1608,13
"gd0bB-5X4o0",17,959841,11081,406,5420,2
"BR4aMnZMwic",24,959750,12361,1563,6021,12
"SJsvPv5Q_oY",15,959368,44578,301,2623,20
"IdyXKJ8NcNI",22,956440,52541,397,1557,21
"alRtHXnZMOI",10,954825,4433,195,303,19
"gXg2_yExgVY",24,954230,18356,718,1673,1
"PUcS24GuAog",26,953238,48369,488,4532,3
"tJFk9dPdxO0",24,952714,52532,1287,4243,28
"90IJanuV_0M",22,949695,18316,267,889,3
"7Usr96nwjqI",24,946562,35382,2241,9235,25
"o9zRQijCN5w",10,944726,35156,461,1263,9
"wxe8weq5RtU",24,944671,12719,396,866,14
"GiEuzWc62V4",24,942463,84072,362,4391,8
"J1QKJxYsZMQ",24,942321,7103,1461,2068,12
"jNStfcyNrOI",10,941709,19992,544,624,16
"3p-lyt78cyA",24,940627,51412,1890,4439,13
"H08xgoXkpa8",24,939527,10918,1666,2959,19
"INHVfx05Sy8",24,939212,8881,189,326,20
"c84hT_DseRg",10,938244,13832,477,0,15
"Mr8fVT_Ds4Q",20,938147,17873,1992,3840,3
"0Np4K_PAfnI",24,936825,16197,339,1896,2
"v1OhsiZjpww",25,934082,2537,916,1,13
"hNsd-m30m2E",24,933797,54166,606,2789,13
"36DAv_m8Mlw",10,933283,30992,552,1224,9
"yNOAs3poxMw",24,933253,32177,4589,5448,6
"kP3xrSPYi-0",10,931770,27082,412,5966,30
"Y99Wj-NStok",20,929926,40563,776,3766,8
"UuGl1BVCr1Q",24,928963,4605,399,859,3
"7ej6uL4kjHM",17,923989,21095,275,683,4
"iXfHlch1Lso",26,922816,15194,1147,929,28
"Zlj7SUy4CcQ",1,920330,14775,599,1757,5
"enq2P7ltPBk",24,919136,51514,248,3091,5
"1cgK-BIrXes",24,916104,27405,2153,5292,9
"k9PdgjmQcKI",22,913634,54582,750,2233,3
"idD1C2-ISlo",10,912815,13357,541,604,7
"CW_UQL2gm7w",24,911394,19680,901,0,2
"EsdjC5dsOTM",17,909308,4683,190,1089,12
"pvxIoue1Qpw",24,909085,8314,343,574,20
"jMf16G4kZUo",10,908717,24797,676,1961,29
"IiRmtBZu0pM",23,907719,45540,9262,8604,20
"oSS6kGWNEeA",24,906417,5864,1315,1818,4
"NsGrfU5buKc",24,904915,22332,577,3368,14
"NzrQg6TMd6c",10,898989,6675,209,88,8
"Uk44LId1RIc",24,893992,58047,264,2993,13
"wLWlmJABZOg",10,893890,36077,385,3816,12
"dHDn26UX4aw",23,893409,12481,1271,1849,10
"d6wJfdfFnYY",23,892247,19038,1318,2122,6
"H95362B0YOg",10,890161,21317,373,1913,30
"PcuRZ3WACBU",24,884833,16975,193,566,21
"o8lSb-UOA3M",26,884786,123281,262,9005,11
"MmPPxQnaGDY",24,884415,28642,1246,9213,16
"akNs04ef_Co",26,881505,120749,649,9440,22
"M84oouivF7k",24,880824,35154,598,1416,28
"N-XXZ01aWvw",24,880154,9422,3182,8212,3
"9r6NI9m_IxM",10,876916,2867,424,150,12
"ZlPgrJFMFYY",24,875695,6915,1700,2618,20
"BrlpU99lGzI",22,875306,6206,3484,4548,7
"FHl0nIdbiLA",23,873230,24682,3343,3109,6
"rog8VV2A2bY",23,873113,40163,4078,13925,18
"fHc-O9MBGnw",24,872865,5726,284,1931,8
"jH2t4Tcl3Pg",10,866181,29137,614,1594,9
"6h8QgZF5Qu4",24,864189,18811,399,1074,1
"JhvwFB-NUbA",24,863560,6254,3450,2927,13
"4DQ-2tDzJxw",10,863398,28004,865,2337,17
"BsfhHKx6ajA",24,861532,13757,2329,1168,11
"_zhR6d6LDzM",1,860499,43413,886,2900,17
"elmet3x4AeI",10,860160,41532,767,2667,3
"JSXKDi3gi3g",10,856166,4905,238,170,1
"LHUKKrcXfJs",10,854627,15694,630,1292,28
"QJb9-ri3cLs",20,853875,77516,418,15403,11
"IORxFXptCWw",10,853834,21867,510,1554,14
"d1hs-JI_yBE",17,853173,16075,302,2135,9
"pzPtlmzwajA",25,853030,8162,4527,6355,3
"c_y2xNUu2aU",24,851838,19047,373,1766,3
"hH-wCe5oAv8",24,851015,8286,320,1214,9
"3TPY4TKo6uQ",24,846693,10028,190,674,16
"JvVYL7s-HMc",10,846012,24718,849,3460,9
"DlU4ZSU2xzg",24,845441,2151,49,305,10
"aCYf-NK3pxQ",10,843579,17791,313,1141,12
"eNbKd0cABD0",17,842736,4742,304,2433,4
"WZEFya56qPw",10,842661,26180,627,2506,6
"DfYRIN3U3SU",10,840784,5502,260,199,8
"FIFLT8iTyJk",17,838986,7704,587,3161,5
"EFNeulNdfRI",1,838640,6202,813,2759,26
"PoNWU2cox9w",2,838340,17857,263,887,3
"6QtjdDiMLVg",10,837247,16251,263,2052,7
"_4LsQ_kdLh0",10,832215,17972,389,1921,1
"nSSXvOidHeg",24,830738,11857,479,0,19
"ibI5-k5sin8",24,830143,10478,871,669,21
"CXK3OiDgymo",22,827155,27918,298,851,12
"WnMv6-XTROY",24,821423,5031,56,184,2
"VQhvtVJvcdg",24,820488,6048,448,429,14
"KrxDhokzEv4",26,819723,25057,906,3794,11
"dtER80sOjX4",24,818772,34061,1967,7926,13
"svZScJMh4Pg",10,818174,45157,801,2707,12
"WxAxIy1DzXE",20,816096,9241,5292,0,9
"Yo0RvZZz_ds",10,815125,27589,359,1340,15
"BqxqG8IM-TQ",24,814295,12812,1321,1380,4
"IMwganRtaPM",10,813101,55587,863,2586,6
"08qd-vsHbaY",10,812144,12959,351,932,35
"1cUUfMeOijg",27,811112,28095,329,1214,1
"GfxNGjfSKRY",10,807683,28245,536,934,19
"0O2IAz1E9Ts",24,806361,21343,1600,1166,6
"8I_NkJ8VTEI",22,804935,4372,59691,0,18
"FwzoDS3zL_4",24,804049,4266,5624,2570,1
"WB8ozD7l02w",20,803236,19479,908,225,10
"KxywNVLAf5o",24,802483,9584,422,1279,7
"cIQKKzZtWwQ",10,799725,8316,834,438,13
"0nybdPCuvRI",17,798144,3356,287,1299,13
"wa5eXqjEewE",25,797314,3745,413,2208,15
"GFMyMxMYDNk",27,795148,36423,332,1862,14
"XJiCE88hOmM",24,791920,14116,338,1197,4
"h208HbsyTzs",10,790918,31912,892,2958,17
"exwdh57hGCI",20,790117,31110,413,1606,25
"m2i_SLAQPpU",24,789498,23190,165,716,12
"m1sdAmSq4vs",20,787814,14386,284,4676,15
"efNXlVeeLIw",24,787340,9603,74,0,2
"iWFgvbf_Zu8",20,787002,10169,244,2398,15
"XAcjj16GMR4",23,786869,11124,177,439,3
"dGaX8AuGiuk",20,786787,7501,2168,57,19
"0gwkMY-mzUQ",24,786404,37608,770,1831,12
"P6K9Y6FWo74",23,784803,50080,463,1389,2
"CdE2zc4qsDs",17,782198,6671,287,1398,11
"BmMuLuG1yW8",24,781858,12207,1162,4069,6
"6mDsa-AqNcQ",27,780934,25844,1622,6122,12
"t6Bi_0q_17Y",10,779273,157675,549,8975,2
"aXPCtdRxnGY",17,778630,13984,547,2263,8
"0W86V2KcqiU",10,778276,85086,544,5692,1
"zUDcGDK_bRw",15,778269,13736,1512,3719,13
"MYnpO03crr8",17,776998,11796,126,784,12
"X5DWRXTOUD0",26,776168,48067,1722,3854,11
"hq1ijbMabsM",10,774849,31987,1336,3529,20
"p3r_puQXbJA",24,774817,8169,1522,1808,5
"eqMC2qENv1c",17,774572,5380,442,496,11
"TxY10VhmLR4",26,773025,31400,1560,31166,17
"B4WBB8gAwTE",24,772099,28054,2090,7553,5
"14G7Qw5DC9M",26,772049,7135,659,508,1
"2AAUadR6Hjw",17,770714,9162,223,486,10
"Tp_hNsBjXQA",23,770135,13783,435,1159,22
"S_1SwS7Jj-Y",24,769705,9169,463,708,25
"Sqbv7cCM5AI",10,769315,20998,1434,2209,11
"Hw2e2XS9Wmc",10,769047,10512,531,642,3
"LPsRp7uUXUk",25,768222,44493,4753,16642,20
"9pbCuFxRuqs",28,767436,26424,1475,3772,13
"ggpoZyF2lU0",24,767146,20176,540,646,12
"pA5NbgdpRpk",24,764775,20132,1600,7991,1
"7uzjz51S--M",10,764771,24031,453,1065,3
"n1PrGpIekYY",10,762622,131042,955,10132,8
"-xxfT301Ii8",22,761744,7910,546,1815,6
"uaa5x5UwF6Q",10,760112,10221,952,2088,11
"li6f_0x0IGE",26,759853,44849,769,7580,15
"rplCCSqWXIY",15,754143,26012,268,735,18
"XIZmIl9SsXk",22,753170,10979,1362,1245,22
"nX5k7QxYJdQ",24,752731,5998,356,584,6
"vHCvmZlC5jQ",24,751858,0,0,0,8
"OXZQ5DfSAAc",1,750287,8010,149,320,1
"-A9rYcBmBFo",24,750136,30695,2263,13690,9
"T-f34TPnngQ",17,749988,2629,178,491,12
"F1b5ouja_VI",23,747604,41811,541,2004,10
"-GvVeT7pNT8",22,747200,1990,1170,438,12
"5ZVyvY9dySg",24,747093,6728,282,725,6
"aXWfL-1ieuE",28,745912,4140,332,357,12
"s2zlBSsumeI",20,745860,26520,622,2539,3
"i3Cyofu6hLE",24,741934,20712,397,1718,3
"goR0ki9OUts",24,741729,6366,175,579,5
"RrhSJzM8NLE",10,740971,16349,793,967,12
"B-t4bU3-lHA",24,740854,22000,3118,9747,21
"Lu7a7zKbJo0",10,740784,26270,618,957,12
"Oqca3fl0GEQ",20,739844,3808,1050,859,20
"yzJtC835sio",23,735486,11806,425,704,3
"CHXD9k19q1Y",10,734995,79715,1047,6279,20
"_YCGFLhrMkk",24,734688,16356,1801,2419,6
"cZ2KJtiNZ0U",1,731272,7354,952,953,8
"8HON4AswPVk",10,731007,4022,72,240,4
"k2p9gsjcfQY",24,728006,17941,223,708,22
"DpSWgZVIfi8",10,727532,35314,351,1416,12
"jgshHi6XjJ0",17,726260,17310,381,1823,1
"1qsRU7C_Gp0",25,722366,13531,6811,4031,15
"vVoxIgwdppE",24,721890,36296,826,457,12
"UwdLlnPaRAU",17,721001,21204,248,1454,6
"X9VlCV1ZflQ",10,720322,22986,314,2134,4
"NsJkUfrqLzY",10,719940,20416,1025,1447,11
"qgGooEyeNNc",10,717049,54355,275,2698,7
"W7oeROkyPgs",22,716851,9610,388,1002,16
"payPzC_QHRw",17,716500,7707,320,3061,13
"BHloD113J54",24,714737,24964,1011,1133,26
"k_JTFUEp7mw",24,711324,9057,718,2012,16
"YZrtSdRS3cs",10,708348,9107,86,701,9
"Gz8KNxufA_c",10,708233,14044,1140,3138,3
"WLagbArQsuE",10,707605,31741,385,1732,8
"PdWe5ULGy_s",23,707051,11247,299,460,5
"exYLX9xGoyo",26,705232,31549,298,5489,11
"-8X32zNup1o",22,704552,7920,2680,4386,9
"yyROtEW9Jdc",24,702494,18028,1074,5367,2
"aaOB-ErYq6Y",28,701322,6649,734,2538,7
"pykyNOEVqCU",10,701024,70841,1103,3203,1
"I2kAkhboAn8",24,700973,38544,836,283,4
"2YVMusIxisY",24,699507,64414,220,8291,19
"nnrkPRApQg8",24,699217,5729,213,470,9
"i-G1hy73Mb8",24,698827,11721,461,1175,7
"FA2k2U_pEcw",24,698538,4828,323,711,7
"FvedKSaHCBQ",24,696357,27784,2113,5642,25
"g4ELX7LyXDw",10,696271,92955,359,15524,6
"lOT0GOyw2pY",25,695072,18723,2365,4784,2
"WhLvS5GTK3E",20,694643,9343,654,523,3
"xmxEuQXTHUU",10,691618,15943,145,1893,27
"0DpCDxoj_Xg",24,690533,43218,304,1617,1
"CbCVIrOK2qM",17,690031,11353,587,1174,5
"YsXK7vGLoTA",10,689695,6288,447,2033,8
"Ew-3-8itpjc",26,684718,24468,280,1107,34
"44W9qstI8H8",10,682590,25961,671,1491,13
"pVypbknP4A8",24,682546,9619,854,1776,10
"ls31TkGSQGA",24,682131,13405,541,2435,2
"d6YkGejS6IM",20,681434,6923,234,2482,3
"caIFNg_JRL4",1,681088,9080,76,575,6
"QgaYsdnOMiM",26,680853,26470,321,2218,11
"o6XERmXsP-U",24,679104,22056,299,1046,17
"jj6ibow2tdw",24,678185,8590,841,1222,8
"Uy5ATBR15yw",17,676464,7168,198,3419,17
"3RdLd4imW6U",24,676133,8661,680,2482,3
"DnSO5Uhobvo",10,676095,61088,644,3973,9
"YR5qurEje5Y",26,675225,34262,453,3977,16
"mMHT2vdWvpg",20,673099,10054,433,2316,17
"xq9FgX_mXiE",24,671425,8050,125,405,1
"qPpUaeChvuY",24,671419,17175,624,2691,7
"SDGHRQyZKes",23,669789,15530,311,592,3
"VVoePRCvENk",23,669003,10882,206,630,1
"XymR5UCxSfA",24,665951,34806,565,1766,2
"0RxhuBwCwMs",23,665386,8098,436,646,1
"Ecd4eA067P0",24,664839,20262,2876,3946,5
"oVruAfu53z4",10,662034,22134,8703,7778,2
"nrB7aqfRzyE",1,661738,835,39,149,19
"bye513KciIk",24,661254,6077,447,318,4
"QKn9yiLVlMM",20,660849,32175,267,3115,8
"IIS1M7m9tw8",22,659564,25797,2452,2733,14
"-Gptp_ui-Sg",20,658805,8480,1711,2292,12
"L_Ko2895D2E",22,658476,3245,1076,5564,16
"kdzSkAEFJKA",1,658476,5157,198,443,7
"Fh3zmz7Ravw",23,656687,11131,351,758,6
"7HIt7pA4WqY",15,656301,8746,2258,1681,24
"nVTNrp1RuEI",24,655459,5991,1725,2970,10
"_DiGQRaaHvg",24,655028,11769,890,1245,15
"r63VBOagGAo",17,653114,65624,547,3819,1
"XspEs1x9cPU",25,652407,16254,683,1343,12
"rx2qG_YMrDs",17,651446,2035,248,409,12
"z0iTGgVhPKE",24,650530,12757,173,541,1
"9vDdx1dba6c",10,649105,64545,496,4033,24
"ZANqw73F9Pw",24,648868,19938,294,986,1
"u_OO9taOvG8",10,647098,7990,254,1210,16
"SQmOaJciI7Q",1,646792,11043,306,858,7
"uSDRtVGLcWc",10,646278,24186,324,1090,9
"wppAQ8uZpfQ",23,644576,29669,4862,4963,1
"ma8te7ywEio",24,644097,8394,250,633,2
"DfxhWPvhFCQ",24,642908,5898,2566,1986,5
"rp2I4P6bEYA",24,641465,15278,347,1753,5
"35aEjj8C4Cg",24,640971,43481,1880,14678,10
"7pLdjf2NSiU",27,640204,12824,5084,5884,30
"Mdm8rpv045U",24,639571,26418,953,6083,19
"VquESKGqsDI",26,637503,18445,312,1143,10
"IP6zLZmVnfo",24,637101,15855,504,2065,4
"lp_bsz_4e3U",24,637028,11311,356,1400,33
"ByucbuSe958",10,636653,18400,519,720,7
"fRQfrB6klX0",26,635403,15741,1251,257,10
"lTyDsnDq66A",24,635192,25888,1629,1738,12
"xyXscDJSHD0",24,634302,7566,1252,2768,5
"ZKw1m2yr6Wk",24,633154,5436,943,723,14
"QerVvvNem1w",24,632993,7802,5669,2930,1
"PpElRBQ-yGc",20,630957,35396,444,3521,11
"AvFNCNOyZeE",28,630508,12913,158,556,18
"PHWAZNkqwN4",10,630483,20697,905,1904,13
"-CCw4ZzOGlI",10,628134,28465,5354,3268,7
"nIwCVaYR-HU",20,627388,27629,531,4476,5
"XYl_Zr8nvBo",10,625192,46536,122,1445,10
"YfOHh5mt9SM",24,625030,54563,734,5449,18
"U0yo2XqufgU",10,624406,13408,210,530,3
"6UcGyTD8twE",20,621467,17107,186,2437,14
"QFfEtKvXMAs",10,618861,58650,219,3137,10
"tnCbI51JpAM",20,618370,12841,2643,958,14
"Mv-CJ44KbW4",24,618336,38349,977,174,11
"tNoMQSvNAWE",1,618333,36847,10249,19664,17
"yjV4PIDJVHg",25,617479,4623,789,1997,11
"qEEtzzi1EII",15,614570,21994,321,1027,9
"IZMkv8_w1yI",20,614095,21589,751,8107,14
"iRinktgcrcw",24,613781,20013,340,2984,10
"CWrjDoEBQsw",26,612653,23052,301,2125,6
"DkXD5949qqQ",10,612123,6155,473,535,17
"lq0WUudJiSM",23,612091,15889,440,1527,1
"ZurW-Uc6Lc0",26,612048,23890,499,2961,13
"MICQb4QW448",27,607969,19093,467,2122,16
"QODABIgXtCM",26,607885,40240,651,3907,21
"4YFo4bdMO8Q",10,607552,18271,274,1423,3
"4hrrK3rXrR0",24,607283,15283,190,808,24
"bGW2eZGnznk",1,607226,4531,715,869,20
"gLOxQxMnEz8",24,602029,24086,1846,5444,33
"TX0UsGn0GPc",1,601830,11576,367,2293,14
"1KVBFtSuCm0",24,601175,430,59,43,8
"-i1_jpjmdJE",23,598735,10416,1474,1904,10
"ya6CQrFacIY",10,596505,11013,540,739,9
"GWoOLpf9G_A",24,594141,22224,3521,4430,13
"fQjGRb4-IQM",15,591053,6443,218,398,28
"94n19Cp2O2o",24,590282,2341,707,385,21
"YJ25apqV-C8",24,590126,4407,1341,496,12
"KB_GCuJwPE4",22,588984,13637,1998,1810,15
"VEf7dupxbRg",1,588153,5315,292,865,16
"7WbdxpZ6Khc",10,586562,14363,419,666,20
"v0TiqC_C8wI",23,584618,10326,403,943,5
"p09c0MXDxto",24,583816,13548,1822,2871,8
"t8a8EFMAuSU",17,583735,10475,869,5928,3
"a9esk9m9PqQ",26,583416,5987,231,499,19
"Yedbkvwm2rY",24,580649,14957,174,1639,11
"w2A8q3XIhu0",27,580538,24422,290,1341,11
"XMAMyhK-CHg",17,580314,5959,156,1630,11
"nc6pLSQGcHQ",24,580038,58921,99,2999,4
"KzNK1-mH2Xw",24,579046,10344,243,403,10
"OPtomB--3Ss",15,579019,21960,383,1844,9
"494VkPnSvJk",26,578717,27603,254,3759,18
"BCGt31FpN5c",17,576780,5629,165,1073,10
"pspGtXW0QYo",15,576167,15037,588,1083,17
"QBOzHhuTzvw",24,576139,8726,450,1802,33
"vIVaLtJmyPs",24,576089,30897,310,3605,13
"ewm0y9nL--Q",10,575352,60226,179,4060,23
"AmXb2s1_UWo",27,575233,10888,555,1440,14
"S0NMTuz9Duo",10,575173,7449,553,579,20
"nuKhpdLgR2U",10,572015,10633,412,1406,20
"80T59B2RVOo",24,571647,24420,1592,3960,11
"DSAsdcDIYgw",24,571188,10692,415,1749,16
"e7b5hbWvWEQ",10,570602,21291,506,899,12
"6TOSV3-7hzU",20,570451,6747,299,757,14
"uCNXhk4jFXY",17,566922,6437,249,3133,13
"IpjK885tG2c",24,566505,5080,197,304,9
"-SIp6xSP7ds",25,566345,2640,1235,1640,13
"k_aT3jAK_QU",24,565283,4300,408,471,8
"mebZJFd8_Vw",20,562408,20375,721,2932,14
"0JcNT6jYGwI",24,559159,15688,192,2446,22
"FB64ez0kf1c",25,558689,2559,3019,1892,14
"4OiHwMtKwis",10,557993,16913,1117,1654,20
"2lCW-iaOZ_M",24,557877,25670,12847,6010,7
"KQT32vW61eI",10,557726,19324,377,1222,12
"XKrV_JqZX1Q",23,557639,9433,156,573,1
"_Oht6ZNXx7I",24,554883,14327,238,503,6
"yZhoHsgJlEo",24,554551,27204,217,1860,13
"bwi9BNyKTcU",17,554130,10148,730,682,2
"H0uvmD8CSxs",25,550292,3255,1752,7974,7
"MLFQxVOvan4",25,549560,16613,638,4509,18
"w4SSZQDFuc8",22,549313,4734,424,1329,10
"2b5szHlQI_A",24,549193,8044,856,5458,12
"MwdYpMS8s28",27,548547,21940,297,7803,16
"aP0izmLk-Q8",24,546929,23992,339,722,14
"oYL6kldXWkg",22,545636,28044,915,2953,13
"iB_XgqdeU1o",22,545235,7112,624,3712,2
"rKH3G023Xfw",1,543623,4387,1717,2297,11
"BLOIU9DpLq4",23,543067,20302,502,1009,2
"gEn3wcpNsg8",24,542622,18069,334,3890,16
"KdBGLKvISJQ",24,542519,20087,441,1255,1
"Wff1pf2EdS4",10,542216,65600,396,3900,12
"KdfCcEnJDlY",23,540998,12917,3699,2908,2
"ifkRhaEDzzo",24,538885,28171,768,276,18
"mdY3XDGtVnk",24,538762,2767,637,328,6
"A9k89DYdHKQ",10,537822,6686,837,682,6
"KIEVOMxKWxc",20,537124,13092,452,1689,28
"SWcdQ-6TKmI",24,536460,4895,1472,2021,11
"y-CvcTfcllk",10,535182,16880,1202,1087,20
"IHy6iXcj004",27,533207,14223,4824,4618,13
"R4EvoDEmqzY",24,530990,6401,448,1730,6
"hEUj5Lbb9BY",25,530921,7260,163,1143,11
"A9R5tJPbcKI",23,530315,14966,358,766,1
"09lz1fRBBsY",24,530206,23147,267,2401,13
"ERyfRmz0N-w",23,528163,11467,1619,1731,13
"n0h0q0zmYHY",1,528130,4618,347,764,2
"Ox-DSihhpBM",23,527285,7042,188,489,5
"0NWKUHl6JLY",20,526710,13379,1668,3718,10
"Geg4yDxZZDs",10,526078,18359,912,2785,15
"T3zm1_JSPOQ",10,525887,15280,369,2323,15
"PSqcvmLE0ek",24,524783,17423,417,3787,9
"geeTiovdXLQ",27,523216,16044,725,1806,22
"f3uZxD39awA",24,523106,2764,1939,2219,13
"v_Gdg-fEz6k",10,522346,7892,168,558,11
"dAyg7C2-mjQ",22,522173,13448,402,1104,11
"e7WSwRVKwBo",24,520704,15519,309,3225,18
"7tm6bhXE5mQ",10,519837,21434,266,2251,12
"nah07N01UF0",24,519080,24647,570,1220,14
"VSKuhdmYkUU",23,518852,37088,336,1927,1
"qT6KNyLEV24",17,518687,6171,480,1081,10
"Yg83DR3qIPM",1,518580,17859,722,1339,33
"NclJj1h_MW4",25,518455,3521,4128,4120,10
"GCTyFp0PpHE",24,518377,12038,159,554,11
"XQ0sKCp_NZA",24,515277,11019,122,389,14
"RGGyTO-VlUs",24,514873,12540,523,1528,11
"aQzai9oXb-g",26,514740,18539,322,1117,10
"DhwwTxTh5To",28,514603,15543,1155,2455,13
"HL1LiSiBPMo",10,514403,12861,188,845,17
"PUvVjWR3zTQ",10,514389,7161,264,619,14
"UXm1xHECZu0",24,514125,31056,173,2511,12
"fAAAZqFmDfA",10,512974,9182,487,884,12
"DVWxQvlgRrM",24,511990,3117,4394,4828,2
"ZzO3DCW4LXw",22,509784,13256,850,4594,12
"og77pfVFJTs",24,508797,25606,1275,8017,27
"w_Cf-LT0Ajk",10,508550,6813,321,1476,15
"5SkwvwSydmk",24,508376,12313,352,567,1
"l1DTeah8YAs",26,507731,9017,522,1029,28
"y5MKhfqMHX8",10,506576,53751,131,3174,2
"AcZBI8UaMso",17,505846,2752,180,1872,21
"YpnV0M6XTc8",23,502916,21837,528,1056,12
"e5IRkF20JmU",24,501650,27999,559,8430,9
"kVWj8lgQvsE",24,500676,9780,251,375,2
"2eoEctPNGNw",17,499437,2456,152,307,3
"O8nZrqbHwaA",24,499023,4947,147,293,2
"yDo3Ketyb3w",10,498696,9328,590,1712,13
"9XaUPRA6ZAI",24,496051,5034,246,209,11
"hph2mamrzfE",22,490949,4403,215,655,8
"SCnVbXlC1Ds",24,490925,8040,320,1001,1
"LFxjwBfFIiY",10,490458,61743,235,5920,7
"QLUXGKtRaEs",24,490252,51651,394,710,12
"JwivtxQEmc8",23,489735,5298,599,363,16
"MyEqfBkzESU",26,488652,11133,3382,3641,11
"OTVF8zFIyyQ",24,488461,14147,307,3024,22
"2pVHOaT9CZ4",24,487769,14788,164,1019,19
"8gHURYmTzFs",26,487735,23553,370,1530,20
"Qi7t_g5QObs",24,486952,31864,664,5082,19
"FO6dRbQMPPw",25,485160,13094,643,4936,17
"HBfEf9MsRr4",10,484180,4060,1854,3008,10
"RdyeDDJLTAM",1,483456,2646,400,325,2
"je_0dC12gOs",17,483048,10086,176,653,10
"Yjf5scyjifU",24,482578,3063,626,1011,8
"kNg_RFDYpTw",26,482479,18294,864,1179,28
"Kpxn9nl02qg",24,481938,12139,1134,636,11
"wEKIAHrugZ4",20,481051,14424,1182,0,12
"2Yb_VA4L3YU",24,480142,3052,56,227,1
"OVCZQJvgKLY",24,478538,8669,177,1487,8
"eKHUU2NHP5U",20,475066,1632,65,170,10
"jDvKFN6aYsE",24,474692,19607,1671,955,3
"i6pw07k3GkM",25,474126,11125,316,913,17
"HuJkBDBloa0",24,473410,7314,1120,1977,18
"E9eAshaPvYw",1,473236,5944,620,840,11
"urBtAEObqoQ",24,470435,18957,3902,6925,15
"GZlCYNxt-Jk",24,469686,17437,252,0,7
"ONQ-fAp5X64",17,469080,11530,374,598,11
"zUrDUxh5xS0",27,468190,20109,562,2285,12
"URfbzdgxFmE",24,467829,24438,329,5449,17
"HMKoFuOzkxc",10,467756,8157,591,957,11
"aeMv9uKpAZg",23,465374,8458,203,626,14
"LVPzYHk5VW8",23,464826,30924,105,1302,6
"ijnp0bn0u6o",20,464038,12243,954,3032,20
"ovEH_0lHLsk",24,463438,9131,113,583,1
"taxAD2LePy8",26,462101,39103,507,3762,12
"LeWtF5y9-6Q",23,460472,10876,327,811,13
"NUjLi_tm-aM",17,460353,4906,188,3143,18
"CBZgoICDr6E",20,460311,3131,2903,883,14
"I8S7ZH4-wIs",17,459809,2114,185,365,20
"AcjX4z2_Z5c",10,458444,40112,119,1104,7
"_yiQHtBFYkg",10,458154,9852,630,1364,9
"VoYLwjHSQAo",22,457752,4753,461,1466,11
"w9PkRku5srg",10,457720,5708,402,1904,14
"q260bjSiyq0",10,455956,18034,153,1076,12
"pWZtbfBGjIg",20,454088,12954,201,799,11
"tXoJTxPLrKM",24,453361,35528,835,3149,1
"PC1iHFQ0zEk",24,452773,25045,764,3739,10
"j6PsLLPdiKo",26,451671,9859,1057,439,13
"48-pr5-G6Pw",10,451253,12290,374,598,15
"ClM-MORjXQI",15,450283,15675,263,1369,13
"qkBXzkD6tis",22,449039,9583,467,2292,1
"ROZgx6HXw2k",1,446838,12153,1597,1487,10
"7JMV6iBlXFo",10,445417,11163,347,320,3
"tOzCoDvRqyk",25,444660,6275,143,477,2
"mJt1O3q0zKc",17,444628,10063,186,653,14
"crjugtkXZN4",10,443960,10592,453,776,12
"bu0m_UdtoaU",1,443621,12892,3829,2275,9
"je2FN-j8AhU",24,443541,21631,312,1718,6
"hEXCdNnUErY",24,443007,7432,149,496,1
"3KmIMuLh4Vs",10,442492,17004,178,1670,7
"2afSbqlp5HU",1,441268,7750,1367,1558,4
"FofCwLXknq8",10,441152,13842,730,1499,18
"6RyOsIseJbk",22,441111,5033,183,197,9
"7bFcHyI4dOk",24,439964,10334,499,5062,14
"bvBNvAMeovw",24,439258,6745,324,1921,11
"XZNUgzO9xJA",24,438737,30532,406,235,6
"Fy2sbisN7Qo",24,438474,46648,101,3821,3
"nVrkQyLS4oE",24,438173,30622,383,1645,12
"NuhhbcLyWWo",10,437967,46127,503,4341,11
"MTstD7FHcBw",22,437536,10752,3192,3564,28
"ggm2Pvj2QHQ",24,436319,14323,1150,3654,8
"tpyQLIpv4Yk",23,436114,49129,411,5652,2
"1hX1KSKqVmo",20,435697,7621,247,1150,10
"_UlPkHa4POE",26,435523,23023,269,723,10
"hzCeq0-Vd1U",24,435486,3885,413,569,12
"oxI2lyW31zM",10,435169,34396,550,3292,5
"NBkC83-vh9A",24,434081,4163,146,697,21
"xg9ebVTL9yE",10,433712,15553,220,820,11
"3adHok6ytJI",24,433624,9182,409,943,27
"FntZKz9fXp8",24,433532,9264,623,3999,18
"KgBWLAKxi-c",24,433518,14615,537,3640,4
"fmhbFFAFqRE",1,433481,21860,459,3303,21
"UKka73nn1dk",17,432576,12212,318,642,7
"iiWm8AxvWtw",24,431006,12007,256,874,14
"bUMWiiOlee4",10,430068,50898,90,2606,11
"VH0wjFRNKXw",17,428620,16746,257,806,5
"ElPJr_tKkO4",24,427994,27571,454,4358,10
"aJ9XruZm_Hg",24,427730,11714,1732,1245,14
"CvAQpSdcvno",22,427495,4169,88,210,12
"DKk5eDqZDKk",10,427342,65313,479,7664,1
"xVArq_Qs9lY",1,427322,3537,130,403,15
"C9vVz7j-zV4",25,427205,5971,191,2020,11
"jpl2X8tDfIA",10,425974,18155,111,1287,9
"KTbOAMEmnfI",24,425784,5351,179,265,5
"H4NjcO2GAMU",22,425037,4817,454,815,1
"e2ExvdtmIyU",24,424764,2810,6123,5381,13
"Ic8yK9YLyak",24,424688,23727,364,296,11
"5UL5wZJPLEg",17,423814,6116,269,374,5
"HTDNGv61-Dk",1,422992,3258,57,150,15
"wsXxfgJZ4E4",26,422379,11817,461,275,9
"NhNJjvStrJM",24,422368,18400,468,3231,4
"KDPG0YEsD5Q",22,421852,26554,106,1115,13
"_wNZbgBPz1Q",1,421573,20545,2286,4354,13
"ZnHW63aXXB8",24,420979,5504,321,1229,14
"g0xVbwXs9jo",26,420528,43194,221,4541,16
"c24xTGTaTNI",22,420297,9839,297,711,18
"-uuq9V38Akw",17,420228,2319,166,1019,6
"C9c9gqKl_xo",24,419821,14281,386,1552,1
"KWXvMicCzm0",24,419487,5050,241,766,18
"Mjl4OReUX-c",22,418752,9573,244,1059,14
"XQmI7hTE4Jw",1,417198,8219,121,352,3
"7snvaAmSHo8",10,416834,22775,135,1507,15
"7Q5dDVHGr1M",10,416749,9169,393,608,4
"-VgOGzBcMIg",24,416635,11430,2143,1434,5
"YiEFcURJ67U",24,416014,10251,175,530,4
"EENwBr3Mp2o",17,415700,5350,798,659,5
"NgVF0DMX3d4",24,415663,3869,109,278,9
"CoAiBdkXFBA",17,415209,11516,169,490,6
"ofdSsBKW6NU",24,414801,6578,494,757,1
"_bzQ6sMFUb0",24,414775,11047,482,0,1
"tFUKsthR-Ts",22,412810,5657,68,284,1
"ddDwAMvq5fw",10,412757,15913,329,1190,4
"UpvVb5pUEFQ",24,412258,26246,674,2058,7
"xe8Id7pDNOM",28,412247,14754,297,3805,11
"_j7z_oPTvJM",24,412218,20406,348,1541,8
"3hn14sIQc6E",25,411549,1520,400,1068,9
"l2HlSkv5T-A",24,411490,9515,259,591,3
"d8RW-WSpAhQ",22,411310,1863,132,275,8
"3DflRo_Vids",24,411118,521,113,141,9
"bNJOpnztYgg",24,410353,5908,130,361,8
"9PluGinulQM",24,409574,12616,103,673,3
"6F5x2ArbQKU",17,408213,17627,201,896,15
"kqbJCW-jxYM",10,407075,5819,598,2815,1
"WqMOHepSpkU",17,406930,2423,282,1046,3
"iztt-GoNv18",17,406742,2228,93,1008,3
"_6lGaYh71g4",19,406422,16104,583,2716,13
"fS37K3Lcf6g",24,406422,10953,330,1511,2
"M_wZMgZNpaM",22,405412,18880,216,855,3
"e9byydi6cns",10,404861,12193,557,795,15
"-3VBPAZPTQI",22,404690,16002,306,858,14
"JpR_JaVguBk",24,404397,11568,750,801,9
"rjIsrpAg3JE",25,404313,10499,1578,4276,4
"5JTMOt4BeDc",24,404143,5616,99,368,15
"UYDAgS2Mr6M",24,403559,5577,303,2521,9
"KjHan6D3O3g",10,403548,6345,379,253,19
"ZQ8ir66M5XU",24,403283,22630,1625,5336,9
"BOhylL90UVQ",10,402345,32126,427,1895,1
"D2mjQP8cmYA",1,401375,2470,170,286,26
"I6YQz96PYvw",1,399274,1990,147,751,15
"ir8UofAKNCM",22,396920,12159,172,1189,10
"Y9PYlF43i3g",24,396262,18974,173,509,1
"o3CaFMmKA7A",23,395808,36053,512,4275,3
"9GqL1DSQDL0",26,395774,24109,771,1549,9
"ciaSosapI5Q",28,394835,11154,647,2342,12
"aAG9G35ioT8",1,394335,17750,1357,6185,14
"sdnD09M5uj0",10,394151,12294,464,637,12
"WBxwX1myxqc",17,393218,9645,171,587,12
"aRz_XfwcVtU",10,391156,18623,246,777,3
"esewCYA424k",24,388940,5634,225,768,2
"CpXaNIT8P5I",24,388683,6853,84,219,2
"mwpHSMv1pI4",23,388606,16002,230,1190,7
"XthLQZWIshQ",1,387500,10123,420,825,1
"LHDHdyB0A5o",1,387357,0,0,4,13
"fZB-ptAnoQc",10,385615,41173,607,1192,1
"kDVMAIGZvvw",24,385595,5008,334,476,2
"Aeful-nI3ao",24,385525,4261,266,2184,17
"riaA0GW9jeI",24,383206,4536,1446,819,4
"JXZG_Qcm6Nw",10,382665,2366,109,225,6
"_H3OHSoNQUI",24,382446,14992,346,953,3
"LftOOM6qlJ4",22,381741,12108,204,1216,20
"UQHSK-kgONk",10,381675,6307,101,406,12
"AM1pavPRU8E",24,381343,27589,560,1272,13
"lHNmUUi6LzM",23,379476,3635,146,306,4
"Qc9-dHabR2E",24,379118,28316,164,2119,12
"d4a9KApRUks",17,378492,5299,113,709,5
"qLVZiKDNxtw",24,378334,3491,599,579,14
"4FgV0yBZG6E",23,375897,8088,293,631,2
"7sce--mR0kA",17,374763,1402,97,657,7
"9lH5NgUnPUs",22,374728,32673,172,1527,13
"OunFUkc2JeY",24,374585,855,79,91,11
"6x3iBCfHFDc",10,374541,15998,440,1362,1
"kPEzyLTR-a4",23,374013,3460,267,501,7
"juYDGDEIGVk",1,374006,3163,680,1650,20
"QQDL4stQCqo",1,373727,4157,254,399,8
"9bAiXJoNdy0",23,370481,28342,515,1230,9
"qtWjb6ZJ3OQ",17,370125,2889,278,1543,2
"8nWw8q3zEpw",22,369844,8343,749,1857,17
"CFMRJSPDr2k",23,369367,15007,1365,2955,3
"0Yp9WS6cJFA",24,369291,15019,197,1698,5
"pojXEFDFMw8",24,369011,4782,483,0,19
"1R0Xgq1bxZI",23,367132,12521,2635,1546,9
"MYATU9yZODE",22,366988,27843,194,1125,13
"AyiRO0_Ta7o",17,366765,6216,252,1738,3
"YfWSMMPnTiI",24,366449,9210,389,994,12
"LMCuKltaY3M",10,365565,3684,238,326,13
"hwnDMahSwNI",25,365407,5413,4931,8019,7
"Nsg6ZDd4NfQ",26,364750,20740,223,1609,12
"YuAA5DEXbG4",24,362640,59242,173,3961,20
"TbniWvd5OZ4",24,362554,14870,123,940,3
"MnpB1X5VbOQ",24,362474,6240,54,298,12
"ceJcHUoO734",20,362065,7986,2157,0,15
"8QCxV--St8o",10,360462,20697,166,1405,10
"KP0r5LSbWL4",10,360084,17087,272,1625,16
"bU-vnDmxd1Q",24,359447,2415,297,677,6
"IUmdcd_8Vwc",26,358231,8964,324,685,32
"Sf2ttFEyptg",10,358085,7742,159,1289,2
"bxeHBBf21UY",17,357668,18102,163,976,8
"arY6lepNdzU",20,357624,2944,220,38,2
"om0h_r2TAmw",20,357460,10563,1069,1539,2
"G9j8wV0ghlg",26,357430,12444,351,1486,12
"vFK7oWLWapc",1,357409,11506,2210,3182,12
"oEtEBOy0ys8",24,356088,24891,560,5299,22
"ScHb-rczYbM",17,355384,2983,81,272,12
"Kc6j1IAK19k",1,354691,827,76,228,8
"HNa_UWX51_s",10,354338,12863,393,553,7
"IEq4clKnsdA",24,353574,4880,214,1522,6
"0lXX3dJUAGY",27,353435,13961,514,1200,12
"4TcIHlJQpEQ",24,353153,5429,258,1105,9
"l9Rwc7-p5uA",1,352531,13794,473,1045,3
"ljEjBIZ2qCQ",22,351319,13134,425,1638,13
"NBYL_QwYhjs",17,350116,11186,167,388,4
"AB_u_kOSP8Y",17,349326,11755,76,815,2
"UAdJvXMIlXc",28,348863,7082,245,589,11
"wjdXv3bOtqc",10,348471,21889,653,1718,15
"kIHhVkkHV2k",26,347257,7430,398,992,11
"FZ4Na4rkst8",22,346725,4037,934,1582,1
"-5WBCrazSfg",17,345486,6810,121,688,10
"PDELaG1YreU",20,345395,8005,249,1979,3
"JWH5KE1atAg",10,344710,30119,235,1722,6
"07w3u8iLa-s",1,344639,12811,816,2467,16
"aw-r_G7rfnU",23,343805,4535,76,286,2
"UedDBjWIMgU",24,343592,4346,294,1191,3
"ev2RHDUkE4M",24,343456,5113,90,439,31
"pomoP2SH8Cg",24,343286,34350,484,1606,6
"Ps-nEyvsCKY",24,342865,7820,369,439,1
"xp0m08eOD5U",10,342386,9578,357,478,15
"8rWuGBPA7bE",15,341655,4215,95,335,2
"8ETcciGbBss",25,341639,1252,195,1318,8
"cokpaG9SyiE",20,341002,6633,169,970,4
"HmBIn9De-Yc",24,340750,11201,163,1077,9
"Z7-R881j6UY",26,339976,15330,214,690,5
"w8elLwSfGEM",24,339646,11524,336,3205,6
"DRfniGCgW0I",15,339517,11486,333,1148,10
"RAXo1Y7AK_I",22,338268,2388,4059,2920,10
"vN-9kXivHZ8",24,337432,13476,289,0,1
"1hTLGlgZ4Z8",24,336967,6752,49,500,18
"jy-eDZkhljg",24,336349,12673,895,2215,14
"_fQtxKmgJC8",20,336112,25663,192,4758,15
"mOvMR9K4YNc",17,335501,5216,63,193,12
"EYkEshCOhEU",22,335478,16735,415,1013,9
"PmH948yZwhE",10,334870,60743,172,4954,1
"C8dfiDeJeDU",27,334653,21771,8924,8553,18
"Wjq7x2d_s1w",10,334492,10199,294,587,7
"EZOZ-XD5wmg",22,334209,17306,237,2086,8
"UtuUGoN6HPo",24,333699,3313,691,1156,17
"MiqL5nR5Cyc",23,333525,11704,794,1782,4
"rvkm8DPbWgc",23,332911,2038,585,1444,13
"c7gO55FhKUQ",10,332751,20322,206,984,15
"L9YpYhe_L2A",22,332236,1150,38,73,1
"fkBYn3QkgpA",22,332228,6856,338,688,3
"CQZdAK_0PXU",22,331571,4920,168,1298,8
"exdrZa-k0GY",20,330984,15957,496,3221,29
"1HcoMNJUiM0",1,330869,5045,200,553,6
"XtqJd4-VX94",17,330839,7175,189,1216,7
"dPcclBGKAMw",24,330650,12561,158,614,11
"52L2HML5O1k",24,330439,5111,371,949,11
"qqs3fxfmWr4",28,330435,5059,145,370,11
"Zy6nbhUW_5E",26,330289,14205,472,282,10
"03RQLmDNIEw",26,330158,12536,388,292,7
"TosJRlDgKCA",17,330155,524,35,197,8
"spOc_9ZhshU",24,328941,3754,104,221,8
"FUzs2oMEs8w",10,328651,11856,177,1271,9
"D8mu5AgUsPs",24,327679,1630,339,156,5
"P2z7Jwu5OfQ",23,327325,6418,223,339,1
"l8B5dqjsZUs",1,326871,970,11793,5071,13
"4Lng7bi50To",17,325494,4898,222,894,2
"N2MHDzMcGpg",10,325229,6276,128,346,10
"QkR_xPPmT70",24,324600,28610,520,4673,14
"BVRvrvCQdmg",20,324342,22423,189,1345,24
"UCKC-QVcVn0",28,324151,18151,100,1004,18
"o7OwzKm8aa0",23,323881,23573,457,1946,11
"dm6ZSfE5muc",22,323417,16246,297,652,13
"m7CtnR47w20",28,323233,19559,261,1731,9
"EyRzpUQTIGA",20,323072,5363,358,1758,9
"59-oYSzold0",22,322376,18147,94,942,1
"LwZC54Ubl8w",20,322017,4218,201,553,10
"XR2ezV6pusk",23,321632,11313,1586,836,18
"iWVlOHSmzzo",24,321478,10529,566,2020,6
"SGuSLRZgr5U",25,320510,1721,194,1033,9
"uUCdUCxTjyI",10,320287,3784,161,1011,12
"xxWXD073Ql0",26,318635,11427,431,248,3
"_akwfRuL4os",22,318386,9383,238,2224,12
"_P3l2rwAaOs",24,317661,3310,408,1856,7
"clIvdBfCHOE",22,317121,16887,78,1680,8
"5zP4yWzb24M",10,316863,3657,199,371,9
"YMdo_0H1thU",24,316651,8357,172,540,2
"s9EE_r0WRMk",26,316143,11317,262,507,9
"51cbHTKdILA",10,316044,25255,356,2070,7
"EUtaUM0mfc8",22,316043,5855,103,259,6
"2XPF3Snm9JE",24,315612,23848,890,3569,5
"1xvyVnkcgtE",20,315175,7515,612,1519,9
"xPsEiZAOb_I",24,314718,43254,417,2951,12
"uD6IkyLMNkQ",10,314613,9385,213,669,13
"L-T-aSHM0fc",10,313347,919,44,102,1
"ZdtobM01EHM",10,313192,4092,116,128,5
"IKuKZIISPE0",24,312224,5001,18,238,12
"4LqZdkkBDas",22,311196,19829,1996,7090,7
"5ER1LOarlgg",22,310501,15379,113,2012,10
"eYf1IKFNHgM",23,309535,23670,135,1535,1
"2TQAP-uAN9I",17,309412,695,84,895,13
"EW3KD4kqqug",29,309079,2913,587,1467,11
"dcVFxgm2S1I",24,308959,5390,692,5345,7
"p6keMgLmFEk",27,307752,11018,260,1883,1
"XdE5Psqh57I",22,307473,186,14,56,15
"Dg--VBBuWhk",20,307130,1380,734,683,13
"18thGW1YjRM",24,305868,2582,241,0,12
"YBT_rfVxY5A",26,304979,8600,328,212,17
"Bze3VoLmTTs",26,304917,13511,215,1204,11
"flqzJnOehOU",10,304586,11849,151,655,5
"cOaRPJQXFG4",10,304105,5670,156,296,2
"KBlmLfHSKFs",15,303963,6492,298,657,7
"zmcGIBpgG-Y",19,303341,14600,166,2528,9
"fs_eQQZEZRY",27,302344,13391,155,969,6
"ca3eYxZedD4",20,302084,9013,108,696,8
"Q-KsToawMJE",10,301974,7740,232,468,2
"1dQEfL2BfUM",24,301583,18437,334,785,12
"IOd0HGH6xKI",10,301204,7052,418,316,8
"UDwDF6xgv7Q",24,301161,8050,443,756,2
"oyC4lLTOyL8",27,300577,12852,415,700,10
"FVjXoM4DjTU",22,300506,13220,214,689,13
"iNsTzqwwioY",27,300006,11793,223,1647,9
"L7pElZJaB2w",1,298762,3212,123,683,5
"LtqHnoHMQOY",24,298736,1978,133,423,12
"1glTOFPECNI",23,298633,6456,85,417,1
"QPn3lUhzaqM",24,298203,10621,334,1567,2
"5KKszaZ4uOw",26,298119,14515,244,1825,7
"GdR-iTH_f-I",24,296922,3764,328,1622,6
"JVapiOu7Hkc",22,295242,2688,265,458,5
"fIElFIuzGLI",26,295222,6877,1063,1451,12
"oU651Rj9QP4",23,294760,3341,257,298,2
"C4ZN-2MrgBA",17,294729,11019,259,425,11
"8mFUhpKz01s",24,293835,9350,255,980,11
"OdJh_Q5XY4U",17,293780,2412,531,2891,7
"CfyMD5rSK50",1,293698,17612,612,4411,15
"KMTJrFPie6w",23,293401,5553,92,178,1
"VONVWm2X4JI",10,292528,7077,290,569,10
"KXRYlfjlFLk",23,291940,5305,452,589,4
"yBXcNcBnImc",2,291742,9107,199,5708,11
"6rCBG57gQJ8",26,291698,12910,236,529,6
"5O4h2x9NuTk",24,290758,3847,430,290,3
"1Xr-3eDioL8",17,290757,9084,122,697,12
"PUqi2P0ry6Y",24,290725,4887,183,391,3
"XZ-IYxacK3I",10,290217,24771,351,1184,14
"W60dqZCEpiY",10,290175,7125,336,924,7
"Dlwf5u2BLAg",25,289992,1883,146,346,11
"sn_Sgcxg5PQ",24,289399,4139,135,1036,13
"bGr7gouGzbg",17,288681,5531,135,1284,6
"uJOCux8B_w0",24,288233,7293,412,963,9
"s_LxZx42sIk",27,287828,9514,176,556,10
"JWISNlu63QU",22,287477,23540,194,912,8
"-PJaVBbRKcI",24,287354,5531,68,269,1
"Up09AUDzLVI",28,286704,10933,231,2386,5
"lWDWVDu01P0",28,286574,2120,1926,5998,7
"zorKvDiLbxw",24,286110,5295,118,248,11
"jGiqc3HSxEg",27,285789,13945,266,667,11
"qxXZF60EPdM",10,285687,3082,56,344,11
"WUxZCvYkwss",24,285290,6598,218,259,11
"bi1wcqsFoCs",24,284933,8527,2876,926,17
"7HJw7_fmwjY",23,283745,3972,124,447,1
"eHIY3HNNqzM",10,283206,11321,141,375,10
"Hxkf1E4Uz9Y",24,283045,3951,685,916,15
"ArVEH6KS6dA",10,282062,14067,94,562,21
"fc5tIKFDy1s",25,281793,2562,382,2231,5
"MgMLdq9DnNc",26,281689,10722,439,789,10
"IrmTRb2Ar1I",1,281589,6333,278,2118,7
"jHBQDOabJLc",24,281108,1568,704,276,11
"hSXf6ozQEwo",24,281064,5230,145,561,1
"4yG_k2Zlw7Y",1,280219,14842,78,972,11
"nRJuIrO9GaU",23,279691,2828,543,1545,1
"KnQrvQep5Eg",17,279591,3395,339,653,5
"OtkMzh9lilI",23,279563,1732,88,559,1
"lU9xmWHBTXA",20,279265,9652,237,1578,4
"wqS9QwOIH3s",26,279155,13766,144,507,12
"4j-ED6tL85o",10,278534,7528,189,693,7
"M-9A1Ysq9RE",17,277507,8422,123,520,6
"4Ibn7DeBS-Y",24,277446,10908,154,1407,11
"OQ8v_KUS0Qg",24,277199,1697,90,468,14
"iLp0CQRLgfQ",17,276632,3487,61,912,8
"66kn6Dcr12E",10,275733,25406,479,2165,17
"TdjAJeUy0zM",28,275436,12624,139,1247,18
"zxjv0lo8bU8",17,275408,9697,107,564,17
"4pq_VGpPooM",20,275055,14034,1150,2526,20
"7fm7mll2qvg",10,274981,8745,77,449,10
"4WaNHlisU4c",17,274425,5966,197,1326,5
"XHkAjUVoQME",22,274032,3766,77,243,12
"CjjQ-T2n8S0",24,273841,3314,191,443,3
"lHG6I6Ec4yA",1,273640,1245,556,534,9
"JE03bUlN0rM",22,272086,1886,99,117,9
"36PDeN9NRZ0",1,271796,6141,115,704,2
"kn073_61fpc",26,271210,16202,342,1548,10
"M39tO96E6B0",23,270920,15650,553,1493,15
"FQUmz9QxtFc",23,270057,11546,126,593,15
"yabSoxBzo4A",26,269270,7913,281,286,12
"Pi2a8oxh-kg",24,268943,5990,103,1228,9
"B3jbfLe2ZZs",10,268828,20107,233,1212,1
"nyVsiKX8ojQ",10,268687,43182,168,2261,8
"7YoMGxBa0bw",20,268492,6040,572,1552,6
"kmH6rve3qF0",24,268058,6098,348,972,5
"oUingTdSjC4",17,267976,3316,92,2193,6
"h_GwO10HroY",10,267555,17765,262,1737,3
"MJGkm0UwNRk",24,266231,6259,113,735,2
"R8QG7nf5IXQ",10,265906,12949,104,817,12
"EVNYfoFcrZY",20,265679,9318,165,1234,8
"Ct_lrDNvxoA",1,265512,2731,14150,3933,2
"UU7OcFBjNgc",20,265088,13527,2157,5726,5
"Cy44KlXh6Co",10,265084,14604,201,351,11
"DM-q4pEbxFQ",20,264922,7180,198,742,14
"ic1kMoM_kPw",25,264839,1161,937,1181,13
"Nsw5HuVGdBI",10,264070,8249,289,236,13
"RYs08kX3Ih4",26,263147,15884,441,1172,9
"tH2U9_v7q9E",22,262936,3324,95,751,11
"D_Rl7NSpp60",17,261875,3386,125,298,11
"mTf3Dcj5NPU",1,260738,2708,69,159,10
"6l9go9X1EbE",25,260508,10120,1783,4827,19
"ymrTNoGnP5Q",24,260338,3015,181,389,22
"qQYou9xSKys",24,260334,4973,130,1000,11
"Yhea380bYp0",10,260150,18894,213,1333,11
"zN_DJ3c2N28",22,259931,14846,251,938,2
"6BF7IWpaZoU",1,259799,12010,1301,3279,18
"N6hVmn9FM7o",20,259786,17123,52,450,13
"8Jg90Lqg3VM",17,259428,9662,91,395,10
"mA4NVRV1FGU",26,258380,8899,612,836,11
"HfIgfy0HJHU",24,258110,6281,279,534,1
"FaxqVBYVOVU",20,258037,9190,103,737,12
"tIeXSCPBDsY",24,258018,2591,98,1870,13
"-GZZ-KSfuCw",17,256547,1263,54,207,8
"KKwmGuQaMfo",15,256461,12711,123,1484,12
"aJqEx_t_9S8",24,256350,4989,833,3017,12
"muYm5x8DyLA",22,255936,11538,372,1656,3
"B3S9H0129Rw",24,255483,2339,115,290,2
"OWvCCu2t6Ts",26,255394,10422,272,641,3
"wQZ95eZQtBE",24,255303,6171,123,379,9
"1_Nr0hrjR24",28,254737,1585,77,505,12
"pVgx8pYpwRE",10,254444,7119,195,863,1
"FjqBekVMwjQ",24,253060,3048,43,211,19
"s9STSzi4iPI",17,252858,8754,157,339,2
"HHauPi8CS4k",15,252463,4618,434,663,14
"o4fHlldbRHo",23,251872,9849,245,579,28
"NXNM0dTzHOE",10,251634,1496,30,267,11
"Vctcsa8Slxo",24,251152,3074,216,254,13
"OTu9N40E_MI",1,251064,4658,74,599,18
"RzK4sqmgimk",22,250874,11418,72,384,12
"Nrt8lWPEEgM",23,250861,3336,117,348,6
"Qf24J2Twws4",10,250759,18279,214,907,8
"o6TJFM0JDU0",20,250326,3829,138,1088,10
"HlRd9Zy25zo",24,250021,6416,59,407,10
"s2GLaxXMVq4",20,249857,9515,123,825,9
"hW9ScsV6QJ0",10,249109,14207,110,619,18
"17wT_2StvnM",17,249023,1827,264,1622,8
"oJ_g5fUxtQo",24,248771,390,430,146,8
"f2rWMFf-pUM",24,248675,1593,506,247,5
"McenDl9NdYE",20,248403,8399,217,927,16
"VygnE7XlWJc",20,247997,13085,997,2826,10
"LO0FwPXJbi0",22,247537,7241,447,1027,13
"Ihci78IBvzY",17,247275,3392,210,400,4
"gImQUUb8cU4",22,246889,19975,660,3426,13
"zwEn-ambXLw",10,246809,8626,146,328,15
"EwIe8nLwZMY",24,246797,2311,475,2229,3
"RoYzoe0FHMg",25,246434,3409,602,858,2
"ssbOzbL1SJQ",24,246054,1974,100,440,9
"w9JQf4Lw46g",24,245875,2655,58,213,1
"qZwEZOuSEI8",10,245811,13013,106,571,11
"yLdav-8af6g",1,245263,13881,159,692,6
"OR2qX1oQd2g",10,243760,4006,2874,4823,1
"-yMXWp-Fh3g",26,243634,7232,233,1571,10
"h1-AXcb5j18",1,243244,4310,525,364,14
"r9Dh46PLjOY",24,242905,5449,158,738,12
"0ldBURP-cWo",10,242354,6173,79,445,17
"yI2k6OKsSVw",26,242099,8584,164,716,4
"EYeIEou-5kg",1,242095,3059,228,988,15
"qYmPNNvfawM",20,242069,2824,375,527,5
"7-7mW9daU5E",20,241787,1443,93,812,11
"mjtn3EEG65Q",22,240891,521,2465,957,12
"QqJZxmU-iZM",23,240837,2814,167,264,1
"W187SzNVGvc",10,240545,5471,182,846,13
"dIPu12KHIDo",24,239907,2107,40,215,2
"5Kk5QxB9lWk",23,239613,18765,189,707,13
"FUMpp2Rqpnw",24,239358,3017,326,642,1
"urkiePoszu4",24,238405,5207,199,496,18
"mjBIsBPG1N8",22,238028,7850,171,371,12
"ZNsvGhLM42c",23,237623,4692,52,378,1
"moLKl5PzZLc",22,237563,1082,26,155,10
"Y3UA5Qf1pt8",17,237287,2180,32,545,2
"PIRSVcRIjq0",20,236604,3199,78,513,9
"ILZ7Oy3gM5U",1,235620,9090,248,1586,22
"ki-Afm4arC0",10,235468,12872,55,1107,13
"WX_0qCyFaeM",10,235449,7186,46,201,5
"4diqg8_3a-0",26,235081,145,25,23,1
"x8DegXNFOns",15,234662,5841,82,987,13
"gzVTDKK-EKM",22,233822,3091,349,507,24
"_hTTvO50QTs",25,233679,2229,300,976,10
"puREqwXzyCI",23,233540,13212,1028,1846,12
"2m2HLU5uVwg",25,232589,6829,3310,2190,7
"SMBXARpIqME",25,232406,2949,211,594,5
"58sRIu0PUok",17,231182,9510,75,421,10
"I92OeEHWmTc",10,230114,2303,213,424,11
"r9C7Grxk4bU",25,229148,15474,4599,6882,18
"8HvwNOSnveE",27,228667,7418,143,1112,19
"zGN8ghHMaKw",17,227836,1207,137,1296,5
"v1pN6cj8TuE",22,227512,2809,121,125,5
"wwVOmTImfLA",24,227101,4782,153,351,2
"Jb3xzXyNh8I",20,227091,7815,181,2512,15
"Vlv_rWiwp-0",22,227074,582,1336,293,3
"lJM8qqEy35c",25,226775,950,91,881,10
"S1XtMT9ER0o",10,226551,27529,67,3364,9
"ozkqm2ifMw8",10,226317,11702,125,471,2
"26ZX7NbOhks",20,225986,12129,3543,3276,8
"EAuQBaienc8",24,223483,4510,127,423,13
"6eB_iBslIfE",22,223133,713,106,0,14
"2S2qtGisT34",25,223109,484,276,1249,1
"s4_d8WWS7z0",24,222724,12231,227,1309,10
"QlnMYbtEy2A",22,222638,9695,167,2513,11
"79dZ8JBTIL4",24,221771,12922,80,437,21
"4OdLgsZOM14",20,221521,4140,217,489,10
"4FXO1Ydzkpk",24,221067,4210,149,1143,5
"3XIV3mfc8S0",17,220664,1039,50,259,6
"FaJmopuuhZE",10,220332,5081,199,582,7
"0GGbHtKmobQ",24,219083,2095,27,289,2
"0enOVnTDmqA",24,218541,4450,32,169,1
"_bQbYmLAZ_k",20,218453,11419,679,4621,11
"mZpGOQ7tBKE",28,218153,5155,308,655,1
"RlrVhzxV0A4",20,218040,2743,175,213,11
"G2U_H5dFKH0",24,217825,5248,295,1041,12
"rxwYxZSeCho",26,216931,9744,181,361,4
"BYwrSAZzXEc",22,216925,7508,186,819,10
"cntsqw7XOF0",10,216848,7913,465,508,19
"mCcN8NVAB8A",22,216738,141,13,40,10
"VLuS34uhLJQ",26,216603,11327,239,796,13
"r5JK6eEHwIQ",24,216491,1289,189,1791,8
"7dhRpJ9ydiw",17,216042,1539,272,694,11
"bE89bMMO22I",25,215909,2556,1542,2472,9
"lojZXnH_978",24,215659,10984,1115,3089,15
"jrkhLuroyzg",20,215336,2591,111,200,10
"SBH83sXfsP0",23,215117,2186,37,80,2
"R0HwrrqTaiE",22,214315,120,55,172,4
"wqsu0vtxQWY",24,214223,3377,97,224,2
"25ibuwW4Dm4",22,214201,8144,380,2650,3
"Tl_Qfj8780M",10,213094,2951,339,193,1
"9Ktmmjt8Tq4",24,212885,2217,141,336,11
"G4MTmN7n8Ks",26,212586,10108,192,1058,12
"buUazE5BR38",10,212295,8387,140,1177,10
"DBC04auZVcs",20,211841,5887,123,532,11
"rll790aP60Q",10,211660,2326,106,345,10
"2vJDniqV8V4",20,210975,7465,185,916,10
"8cmrzeDJ8JM",17,210922,881,329,684,6
"sVjXp_341NM",20,210457,3344,189,999,11
"tT-lTxhW7pY",25,209811,631,4807,0,15
"NqYDzyIUfh0",17,209571,1720,161,1192,3
"u5Jw7D-c3II",10,208585,4625,101,266,10
"8DR0RhpKp2k",22,208474,337,149,124,1
"eLyGI14jDGA",17,207287,2840,66,780,7
"TKc65We4Yhs",1,207284,1557,264,441,10
"Rm09nLK-Pg8",24,207265,10151,74,1791,3
"Q_VeGFPY6BM",23,207243,2052,148,305,10
"8ZivfJUezjA",26,206383,6042,195,538,10
"Ns7h153aFb0",26,206165,6616,233,518,15
"Plh2sfrbdlc",24,205177,14099,95,1125,2
"2mrOcJNPxEc",25,204915,1179,421,1025,2
"AVoe5SH_K8k",23,204806,3514,308,1199,13
"hYip_Vuv8J0",28,204496,6656,357,1004,10
"dmdlKqW6zII",24,204182,8869,242,957,2
"paRcIxlBq5c",22,203557,9878,182,688,11
"nwPQVagUfrU",26,203399,13127,176,1541,10
"CofZ7xjGyI8",22,203210,7596,228,543,12
"0EQuVfP-vXs",24,202376,525,340,366,12
"w-n3YPSHv4s",25,202320,902,106,324,11
"6EHbZKLkeMg",24,201928,1296,274,647,7
"JJWOLBw7tEY",24,201690,1559,68,599,11
"pHvXZLREt9E",24,201287,4402,719,2601,17
"r_ho3R3LbHU",22,201264,5384,176,500,9
"mSatYnXyXq8",22,200649,5284,351,453,10
"c8ngetsBSGk",24,200556,2157,76,375,10
"31mjfjIkWiM",22,200232,6011,156,416,9
"1_OVkSsH4NY",22,199781,20345,75,5167,10
"N8U2EPiEbZo",22,199723,4221,312,349,9
"emELFiKMuf4",17,199670,2580,55,611,2
"BZyUEu1osf8",10,199638,2342,173,358,4
"j6Z573n6-xU",24,199252,5800,357,910,6
"KUaIX_3W7GA",20,198697,5539,292,565,21
"xVp2opnGrEA",25,198684,2138,139,397,12
"hTFdtso911s",24,198207,2828,80,206,3
"Klr7j6LmBXY",25,196312,9297,820,1780,10
"UgolB_YLQGs",22,196052,5088,195,306,5
"Mn-3c6of8t8",24,195706,9157,550,1345,12
"CE7SkcoyVAI",1,195665,15467,4160,4578,14
"x1QroTKqG8c",1,195637,4825,581,2405,12
"MaTSyJDoxPo",26,195542,5854,88,249,9
"YInRqgNMLBc",17,195527,303,10,61,9
"CSDHM6iuogI",28,194341,2722,87,472,13
"UNtOI5RzCek",23,194293,4618,61,709,3
"F6rBIWN8SsM",23,193184,887,66,438,7
"wgiW1uFZYr8",27,193162,8311,168,866,9
"-a12nTEcoqE",24,192909,2343,484,717,1
"FmYMq9EHhdE",26,192138,6909,158,523,1
"WXlr35jV3cw",10,191327,3060,288,615,9
"2Fdx4TcQFe8",1,190456,4923,89,436,7
"qQFPikYSalg",10,190410,7055,123,251,12
"sQc00uS6qjY",24,189996,1529,54,311,8
"4A-E6EJICvM",24,189801,4260,148,565,7
"wujdQNW6B5c",24,189274,8042,157,933,13
"yRTRm9RrVaM",24,189270,3299,207,526,13
"iptUNUFdyas",24,189192,4353,916,467,9
"dl7tsRkAD7w",23,189148,3474,123,290,1
"L9FA9U4s3Tg",10,189038,8607,133,497,6
"uERIXLWeik0",22,189034,6277,705,1107,10
"8U88dHTfDiA",23,188573,2557,320,432,1
"N40CC9Wzd9A",22,187910,949,189,164,4
"f9KnpxU2LNU",20,187417,4331,355,878,7
"NoyaSowvcJw",24,187085,2492,106,177,9
"hUDAcPr9dQs",24,187070,1935,244,294,18
"F_thvMnIxEM",22,187030,13813,529,1648,2
"JD40Q9esDws",25,185923,2727,122,664,4
"nRRBajXoN4M",1,184630,2304,210,280,10
"qIXvh9rXWJs",24,184566,261,20,87,2
"BWhqHJtvbPo",24,184226,3468,77,0,1
"Djxjmq9pvrM",26,184115,4686,232,413,11
"UM_3NQtO9BE",23,184112,14018,87,788,2
"2cosj7UeQoY",10,183679,1709,526,644,15
"FtB3YSdLQR4",24,183668,1531,242,313,10
"eeOnYPobY_g",10,183553,11605,68,329,8
"3BEpWWxPXSU",10,183473,4171,614,378,7
"RYXGWpH3ZvQ",24,183396,1572,36,266,12
"MjttubnVpqg",24,182837,2018,194,413,10
"L424fq8RICQ",10,182791,4249,139,695,1
"q57eQqq9-IA",20,182776,7867,120,1405,2
"hsLcTO2a0Ec",1,182670,2948,431,1073,12
"7cql4KuraEo",25,182597,4252,4301,3976,14
"l-2xdJWnDv4",10,182343,4624,137,270,7
"Swtha2lg-xI",20,181883,1829,123,152,17
"QfuOtGLfg04",25,181775,8075,126,2404,15
"WY_l86QcMmA",24,181615,3716,106,245,2
"v_CnHkclnC8",22,180962,2714,39,329,10
"KweizHAroUU",24,180322,3401,538,927,8
"j26WyjSo1dE",23,180296,10236,746,974,9
"ty-AFKiiTRA",10,179808,5762,90,520,9
"za_7j4vSRyA",10,179323,7557,129,293,8
"6epjkX1sr2M",26,179201,5586,192,383,4
"ZcTZJiBTCXA",10,179186,11836,353,939,1
"TUv06BScsp0",24,178431,4008,54,450,4
"If75XsbYCZw",1,178097,3874,1429,1936,11
"z7VBtM7clT4",24,178045,2169,49,232,9
"DOEgxMcRm1c",17,177434,1473,341,280,11
"PkIKCdT-f6o",22,177202,5938,216,386,9
"sOIBkZsGb0A",23,177062,5979,404,628,10
"d6awT91VKUw",24,176914,1853,201,245,2
"KSbHlycTciM",22,175955,2630,1771,1058,4
"2MxAwOC_o5w",24,175851,3263,72,155,1
"FTldNZ7V8ls",23,175802,1257,442,244,8
"CHLdNpzdXIY",10,175730,7753,92,535,10
"oj8JK6c5x3M",24,174836,8763,185,1892,8
"QU8g0XNyHRw",10,174799,5667,195,820,12
"lyqww9P7qyw",10,174643,17232,324,1014,1
"JgByDCdtNE8",24,174569,5616,74,497,1
"45tSUnisIos",15,174504,11738,78,1093,9
"q6xkWA0Qi98",23,174354,23129,177,831,10
"mHL8xhktzDc",10,173634,10713,64,560,16
"exLJr1ScSKY",22,173038,7719,148,836,7
"rgyPpsX2B0g",25,172785,8424,96,1668,8
"XTTf2fmh_QM",10,172410,1596,930,344,9
"y8dm1IbpMj4",24,171873,646,583,40,13
"aEEPQK96aDU",20,171804,2855,148,1456,1
"_804kr2rMrQ",10,171794,19752,53,1485,7
"GBhrvR838Ag",25,171463,1254,708,1128,9
"uN9zBcweN4M",17,170797,1209,52,459,12
"3yt4JsB9psg",25,170662,1980,981,1089,13
"BPyNxoVJsr4",24,170441,1878,284,907,9
"wLZIWQnACjc",23,169760,12175,61,583,3
"Blgj9YbU9ww",22,169535,5318,322,433,3
"TNRrY8m71u4",26,169120,4496,77,750,8
"RtvUoab88UE",22,169099,13780,795,2084,7
"_9wK8hVvjAU",17,168625,8448,67,652,11
"g2GbkH12xMg",24,168486,5421,98,455,19
"hj44lITeFHk",22,168472,8045,94,269,16
"1x_5E3gquFo",17,168312,950,1043,260,12
"QClzlZTXj4Y",10,168228,5104,171,622,16
"tJoAYpurA6k",25,168193,4296,611,1612,14
"3rVFuscWyC8",22,167929,28657,144,1173,8
"rL4WkebTT_U",24,167920,9784,80,1002,9
"lyfRkPDZuz8",24,167723,4048,235,516,1
"cJzOUbYrQiY",10,167453,0,0,267,15
"jcNwBdJd1aI",24,167441,332,20,100,2
"jrfsschAssI",24,167391,7780,116,290,1
"rLNK3wi44WU",23,167375,2653,68,378,1
"GJCJme9ILPs",20,167318,3787,201,1082,4
"aydY1eiGjgs",24,167263,8357,53,365,1
"nt7b-Qp34hk",23,167248,8694,46,722,7
"vEhoc_zGeN0",24,167216,15848,78,1433,10
"k3PEl45DjkA",24,167142,2654,46,144,1
"hq9SEUlkZ5s",26,167077,7833,167,626,11
"S-iiG3-4FJ8",26,166971,8677,154,765,11
"ijJPFowBsBc",22,166741,4940,190,343,13
"rXqh6AcIb-c",23,166184,20663,115,1737,1
"tSjvx_c4meE",26,165847,6850,378,836,1
"7keZTcdouoY",25,165610,6059,5928,3974,3
"YWE9YX-Km-M",26,165111,3800,186,1224,12
"6uBuxJXlWrQ",25,164979,1932,49,540,10
"weebcQPRGUE",15,164817,3475,57,389,11
"Rhnp3tMFaS0",22,164766,9945,263,703,10
"VeDIOvlN2Gg",24,164746,5464,87,573,22
"g309T2rLOKk",24,164680,2524,89,661,9
"kNOTqGpcDw0",22,164498,2472,57,410,3
"TwUaijHsNF0",22,164162,6522,265,257,14
"HMvx0NbQ-Y0",17,164061,1351,224,1062,7
"w7m0T370Dkk",24,163907,1212,49,535,10
"P1nCVWBTays",10,163750,4633,54,633,10
"qECkYR4sjJE",25,163745,6963,527,1979,3
"wjy9Jgnjv6U",17,163639,5967,44,557,8
"ILDMJavIY-k",1,163553,3529,61,238,10
"dqkEniTFTH0",1,163538,483,21,126,15
"Ei6AtHXJ9dg",23,163348,3175,36,191,15
"7DLKv39MLbg",22,163048,8921,193,809,1
"eT2D50_pgUU",20,162847,7629,1299,3760,12
"51tc6o12uqA",22,162834,5691,29,680,1
"8diVDS4qW6I",10,162165,9959,65,660,6
"HJBqbRMUOaI",10,161945,4672,155,203,11
"7SxLRFuEuLE",17,161630,1320,126,1538,3
"_wM_jY_rass",25,161624,1173,1174,0,7
"ZzStPviPY90",24,160936,5413,120,4093,15
"pwnsGOlcdvI",26,160489,4456,178,202,9
"ZBM7DYktEyo",1,160121,8408,168,1117,9
"jCAuNTEO52A",22,159911,8624,143,1085,8
"dIjms29rFA0",24,159656,9797,256,586,14
"icqp_XDH_BI",26,159593,6309,204,549,4
"0gLsukihjVg",20,159557,9914,849,3908,14
"_qEfXjdZrWg",10,159488,4527,43,741,10
"3QeRZj3LhS4",24,158197,217,424,0,9
"SMAysGggM_g",17,158106,588,27,45,7
"Yp5R84V1bDU",24,157951,1625,229,1200,13
"e9nFy2DREw8",25,157935,5567,248,2243,3
"4SANXNco_y4",10,157833,4758,197,452,12
"yqFIrrcmsJI",24,157337,2375,102,246,2
"eaNCTyuvVrQ",26,157281,4684,55,275,8
"_JbpTEtGTz8",1,157177,1535,120,489,8
"eIG1Ix-3gdc",24,156896,9887,37,692,12
"4L43VVORo5c",28,156359,7032,194,722,9
"MU29Wqg_BVo",19,156307,13219,95,847,6
"COeinmZMYaQ",24,155706,7572,255,0,1
"SLzq5EZDteA",24,155655,6272,326,739,13
"gvYVO6vWm2Y",22,155541,3710,1184,2868,13
"ms9j25XkYoU",23,155219,2276,166,251,16
"j5AILysDDTI",24,154978,17,10,18,2
"PNsUgvkjviY",10,154944,5048,105,438,9
"mPg__kEZ6YM",1,153833,7488,745,1346,6
"47_BVBakJqY",20,153824,7841,83,1351,10
"Kx90AspFmEA",26,153749,4548,177,246,9
"tjVJgR4OrgM",25,153742,1436,60,273,8
"TKddxONWn78",25,153728,6121,298,970,11
"59yWucSYhO0",22,153652,2380,340,819,8
"bcSFnVQg47o",17,153123,1980,93,307,4
"dkUF_rHF-K8",20,153032,1538,276,244,9
"Q4FZi6_DUO8",26,152875,8289,236,386,11
"FVwR2zK_Ahs",26,152807,13679,69,849,2
"-su6If-bd4U",24,152072,339,64,124,10
"9iM7W1Dvl6Q",24,151807,3021,57,201,2
"BOQ-wZQhZZo",24,151767,8474,63,573,1
"Lok2EvthO-U",1,151626,9040,270,327,4
"3Z6kYVQC83E",23,151461,9533,125,826,8
"OwuuDpwPYxo",1,151350,1231,26,59,17
"WrWSqak9t7Y",22,150663,218,26,32,11
"T3E6AKDbI2Y",10,150597,5165,83,262,17
"Cr_mEzG5JHY",24,150175,2266,22,229,2
"0PW9MWDWLH8",22,150117,11143,64,899,7
"i9EyFghIt5o",27,149627,5988,357,974,12
"q9bGAAYR2MY",23,149178,7035,250,521,10
"jxFwvwYPPcs",20,149028,3568,76,1062,7
"HaI5lLd3RvE",24,148735,2852,113,174,2
"YgZiM_prrgo",22,148628,4457,185,307,20
"rIh1NW7afo4",17,148531,1427,163,478,10
"H3PKipRZKv0",1,148243,8518,200,1760,9
"V2onC1_QOmU",24,147906,2149,111,142,8
"w3Rd-KZeVp4",17,147504,313,301,224,4
"it-ru_UiMgE",10,147502,3833,44,163,10
"1zKXeSkAgEs",26,146971,5009,147,274,3
"GoNT7uT8oTA",23,146789,1863,46,181,4
"ZzZ-BsiSamk",17,146105,907,822,1038,1
"AV5TOlGFHk0",28,146094,4332,436,3804,10
"VGPKryH8D2o",23,146034,2083,410,370,1
"sWk4b3RO4EA",17,145703,2843,382,916,3
"OGKchfcd-5w",10,145633,5824,44,891,9
"OG6qjAivguw",23,145506,1483,124,204,2
"a1WEz02s0m0",17,145412,973,403,832,6
"Jj0uBQ7j5c4",22,145263,1124,68,62,4
"wJ7ffCNtCKE",10,144189,11580,99,647,12
"CR9zYgr84QY",26,144066,6306,58,269,9
"NA5vT1LooXk",20,143765,10046,48,1183,9
"DD2snaPATbI",23,143694,8168,422,2670,16
"X3o3Vol7a1o",17,143666,2863,42,525,8
"PZG22Oy1anI",24,143486,4355,64,733,4
"RbmtNSxxkzU",20,142653,4906,75,885,6
"Klfho60budI",24,142194,1450,85,332,6
"JWAvRIpuj1U",17,142136,0,0,0,11
"GWM8x6Y6cXU",20,142100,5814,2470,2871,11
"OXf9D91wrIQ",17,141965,1183,28,377,6
"zX1_qEVop0Q",22,141775,4879,218,347,8
"PuaBdAwbbZY",24,141711,1453,43,818,18
"EcFJbKJxjDA",10,141655,4507,86,848,8
"kRDb2X3gFmo",26,141556,2840,276,452,3
"3pxyo7eSknc",26,140460,4787,113,213,12
"S2Cq_TpNXoQ",28,140084,4312,226,434,9
"94oSf_56ilU",17,139381,441,136,249,17
"o3_jM-Ccb9g",26,139263,5225,215,444,8
"nshmwFK3yd8",24,138991,10009,17,306,1
"akTosGXl8pI",24,138690,886,497,566,11
"FCdvOAcbK4s",17,138240,2037,41,50,12
"pwCuWyq0fHQ",20,138170,1815,180,50,2
"n1rblnOWhmM",24,138064,9521,88,678,6
"6oHn_mmeUOc",10,137991,6248,478,593,6
"kAp-jpENAlo",17,137273,822,304,861,9
"F-nQ_KJgfCY",17,137225,5704,78,317,1
"gOh2XtaPDWk",24,137150,2249,55,213,1
"OjhBeB9ESqw",22,137081,1070,52,99,17
"pYWUamYfN7c",22,137018,11344,1519,3597,2
"tMLy3u0I8VI",26,136206,5816,181,1131,7
"wLl4ONpfbw8",17,135630,1264,157,348,9
"WOndRFZkeh4",15,135451,13495,164,1129,6
"doFpACkiZ2Q",24,135325,1472,467,395,1
"SCPkXjwSWCY",26,134881,5954,304,602,7
"MowKgO0IeyU",24,134871,2645,37,432,8
"TPQqpxfm6BI",24,134314,2670,213,392,16
"ZDMgHk2DjoQ",22,134067,3805,118,514,2
"FJ_TFXjr__4",24,133465,3735,147,166,8
"F62QpaPWXDI",22,133161,5656,93,327,10
"He-HBXbHT_U",22,132856,10178,40,613,10
"jjwiwepvS1o",10,132390,2149,112,464,11
"qTCksOKwTiA",22,132365,3741,58,1545,16
"XeLIvgsYdFI",24,132283,10987,488,3301,9
"-B7J36GNaDk",26,131985,5051,122,504,6
"3ONSFeRy9iQ",1,131977,5008,170,704,4
"COLLKZ-q9TM",24,131511,2787,59,136,2
"70pJZ9w3oGk",10,131416,5716,91,661,3
"DJXUWLs6FI0",24,131259,2235,69,399,9
"Qj7DVNDb7To",23,131112,6931,81,4620,12
"0gv90B5DIPo",24,130918,1636,365,1785,15
"RDP8Oh-br4Y",26,130064,4139,160,344,13
"EXZmln6LY6k",25,129853,866,203,1814,1
"IqNQrpSe7UE",24,129159,2454,58,441,8
"f7kPSYWU1JA",24,129124,5077,100,128,4
"oTn329CjrRA",17,129026,1638,29,275,3
"WkzmaFnPKOs",1,128972,12444,40,790,6
"2Zvmi5BzDbs",10,128916,21727,59,1056,13
"59w7ymFyQVI",1,128779,3530,175,695,1
"E7kUmvDKFLk",25,128047,1923,219,703,11
"UDIkXCDdLTo",17,128015,1175,44,409,11
"aqzPj4WjO94",26,127938,5914,142,419,4
"6iVbBd9h7W8",25,127865,3220,205,1330,11
"5ZoKBdxhXpw",10,127796,10070,59,1033,16
"HSezK15Ewdo",26,127307,4183,74,257,7
"Ddt0k3yU9Q8",20,127034,8415,1274,2353,19
"ny_RtONZr4M",24,126952,15394,39,1539,10
"i6htP19PyEU",22,126926,491,98,166,10
"tpcJt1HF6y8",28,126923,116,52,109,4
"Zukh-0csKPc",22,126680,573,33,48,8
"TvLGiAbgRc4",26,126393,1473,1151,564,13
"rqeQ2hRDDbc",24,125806,2568,70,201,1
"NGMnnrw70lA",24,125609,3410,599,1277,13
"zxGg8QqWrRQ",24,124057,1981,98,347,5
"J2kNt-PHayo",26,123944,4106,89,295,3
"agmPDVtPEc8",17,123686,2384,166,294,11
"xSmgnf6PHmE",10,122869,6571,55,628,4
"VwIXMm0a_t0",17,122702,737,94,418,9
"j1oMVG1ZMlA",29,122357,5500,6936,2189,7
"IbVR4kzVQrk",24,122220,753,131,161,8
"Pl_BHQOCFDY",22,122204,4160,119,365,13
"scIrzG3kgRY",24,121549,16980,30,1158,1
"Y5MqpKlKiSM",24,121541,5908,168,291,10
"gkemkf8vs0Q",17,121167,632,107,333,10
"gSW2l1z1lKw",22,120982,6381,248,357,9
"JqIkzS2wSz8",24,120806,4153,37,501,9
"xvaCIbcM2-I",24,120699,970,80,254,9
"21jcP-1w4DA",26,120676,4101,212,158,18
"3jtjkXSvuJw",15,120366,7829,35,786,9
"cKIXdtntMac",24,120206,4516,95,1159,3
"vkbS_oEN-Tg",24,119856,4449,1835,1660,5
"cm1_NPyNRvw",24,119504,5203,70,409,6
"Hi91aDmYI2E",25,119500,863,262,786,13
"ZsT3m5jdjr8",24,119334,11632,53,1212,8
"DuTReBPNx88",25,119256,988,416,1257,12
"9BAwZN16yo8",17,119187,894,29,401,7
"2nJ3U5dzvPs",10,118944,2566,116,264,10
"2UmRhLA3Qzk",20,118916,2868,325,7,12
"0fOZ4Nwm5Pg",24,118828,1061,238,741,9
"xegUPsJaUKc",22,118679,7660,113,438,10
"bNF9VJgfPS4",26,118245,6772,103,557,5
"wNiDGbmOFVM",24,118181,3753,35,510,1
"3db2XrU3__0",22,117970,4323,325,2881,2
"Rtyv9919Lh0",23,117745,1743,58,112,1
"dypSszf0d3I",25,117401,3856,106,461,1
"Er5jqmjaoo0",24,117316,9669,23,890,1
"rxUfRhVYeKI",22,117036,3642,101,317,8
"Ub3ot5DC_iE",24,116872,1392,3390,826,2
"Mmkf4zYlW4E",24,116255,5437,88,400,10
"8vambqBQVwk",26,116007,3000,213,382,7
"icNpyzmE0Nc",25,115955,1965,572,1987,3
"ReNY18XdFTI",24,115700,3630,72,1766,11
"jm_mZqqL40M",1,115562,13953,82,449,7
"LPBPma9YJnE",24,115521,4445,371,3251,13
"qN1_nEdly7I",24,115218,6859,67,1100,10
"YWVylysTNIA",15,115131,819,28,55,10
"7LlWd7HP_bc",24,115052,1683,257,447,13
"8PwD3DUTJWM",26,115010,4031,109,232,9
"YemaMEMB8zc",26,114876,6845,69,1182,9
"EaC6LTIxBrA",17,114615,4137,91,814,12
"ENr6CXm1YxU",10,114370,2549,113,100,11
"zcJ8BTAGqE0",10,113922,2536,137,373,10
"MLywBJCOK6Q",28,113669,2985,52,318,7
"nR3OdeqiEF8",2,113286,3266,62,539,3
"LdbbfkKmpT0",24,112827,5089,3102,3866,6
"c5E9Rns3HOo",22,112735,6619,199,606,9
"KMmXvAncPqk",26,112648,5421,94,331,4
"V0nfRcc4PJ0",24,112351,7398,469,1726,11
"Os4MTTzTKRo",24,112317,1084,5790,890,2
"rR-wWKCe92o",26,112093,3468,290,232,12
"sF1l7v3XY6I",26,111971,5303,109,274,7
"-trTIbE3N4Y",19,111864,17725,68,1640,13
"xF9kTkjrHdQ",17,111834,13,0,1,7
"xPixhGo4cU4",17,111740,592,194,337,1
"U31cQJLi-mQ",24,111686,6155,149,1660,7
"ECLwG0sHrAw",20,111614,1164,45,136,14
"X9Gc_g638C8",24,111441,5242,23,414,11
"Hp4z1ztsYBw",24,111294,5716,185,1146,16
"72QQsWm7yFk",1,110895,8916,71,707,8
"QfmgAmtGXwo",1,110880,15937,79,4090,18
"739XDwYBEdI",1,110798,13064,80,1332,8
"n0pMQHNjtxc",25,110730,695,774,0,5
"I5vjN78Eroo",24,110446,1126,38,97,1
"KdFRkillEfM",17,109748,4657,69,613,7
"utsPTIL0ACE",24,109287,2890,127,611,18
"abSc5wLOqBM",24,108625,11690,140,901,19
"RJyb4Nzi-qo",1,108420,7785,136,859,10
"6ULbkqAuo48",22,108395,8335,316,2398,14
"Bhg9I26EghQ",26,108331,4373,264,409,3
"dCROpIx2s0g",23,108299,2068,91,257,16
"J4DKqWlk8DE",26,108214,3159,92,145,12
"bRlXatOvsZU",10,108081,2352,419,92,5
"LF32cBrUAy8",17,107945,5008,47,219,3
"HgjVWV0Uw3M",24,107574,2787,322,1212,7
"76owSh_PPG4",23,107459,6982,672,763,11
"zwrlJwed2mQ",24,107312,763,3,26,7
"kQQZ2hje42E",26,107158,411,600,361,9
"R0QPCS4a84k",24,106852,8884,499,1870,8
"Lfy5Esue_ls",22,106737,373,11,134,11
"wrzwGuLTnOA",26,106629,4835,69,597,4
"4qOeuzeNfQ8",10,106581,793,8,53,10
"hxVnGH6llkQ",20,106398,2716,52,450,8
"WTyNJOXycQk",15,106337,5386,68,1063,2
"tpF7R7ou4OY",24,106330,3267,152,462,10
"JIr6Bv_JTSw",26,106211,5195,84,358,2
"kwraJAssyuE",10,106209,1420,166,83,13
"Fmonf-b8Jgs",17,106182,483,143,239,10
"DsyeNGEmobA",22,106130,2256,171,152,7
"ph2RlcltYdM",26,106126,2897,138,239,6
"SU0g1AAuBmE",22,105965,1389,26,59,5
"d6u1muHTO5A",24,105932,2004,285,719,5
"12B8DNBoYRA",10,105743,2044,122,948,12
"lo5ERI5nPbM",10,105704,5475,365,483,3
"L9eFkmjIIWA",27,105608,5073,54,334,12
"ZWqClKiz4_I",23,105505,2004,131,227,2
"PM5r8ITZn-s",19,105478,1354,51,211,6
"EvWPqF_AQHI",26,105390,2662,212,371,13
"SzAuB2FG79A",25,105293,2123,157,342,6
"FDTKws5WxKw",26,105049,4624,66,292,7
"3a3vMfOCb3Q",17,104586,828,133,272,19
"QRl9IO2ORGE",22,104235,13220,70,671,6
"NRh8KWiCxWU",10,103812,2891,15,151,11
"0VsgQmCPgoI",22,103429,4547,80,444,17
"SEmz3MZHYds",24,103415,7608,204,490,3
"lmb6w5luY_Q",26,103310,2648,140,142,6
"UkXBG_DL1ec",24,103234,403,22,115,6
"_6ViZ13mN9I",17,102688,692,82,717,3
"3lynMqYvPnw",20,102675,2001,32,615,1
"14G7U6pTcFk",20,102608,583,46,98,3
"saZizkBOOJI",26,102557,5110,168,494,11
"hX643KbiI4s",24,101336,1251,105,346,2
"7AhWb8c0kXM",25,101263,3618,403,481,6
"JfksIHwO1qw",25,101202,1753,233,894,7
"WAuSHwVwvzk",10,101143,1511,39,93,12
"w7kjFVvgiDY",10,100970,2267,12,149,2
"vfqeeScKVyc",26,100721,4941,132,572,3
"Z5UcSC2lWQ0",22,100709,5788,75,527,4
"z85JsxyICg8",10,100619,5380,103,507,5
"YMw28iNfXAs",1,100585,3931,239,319,10
"Ra8PvLtSvCM",22,100327,3551,54,795,1
"-pOSRBAqUdM",17,100236,1274,20,297,14
"SlQPqC_bX6s",20,99976,4511,182,3287,6
"N9s2YY3g2r0",1,99835,2398,35,324,13
"2-bTbRjqjoE",24,99706,2702,304,1514,17
"cdO78z5_jhQ",26,99581,4332,159,405,12
"YQJmvXamKYg",25,99048,2231,151,1294,1
"p9zTSvEpt_8",10,98981,615,12,138,12
"O5xqc3NcNVI",20,98860,3885,69,756,12
"jyTqvjvj8sM",24,98543,4652,38,221,19
"TlvsuVe8Fh0",26,98540,3101,201,432,9
"qf_rqde7B0A",24,98508,5608,1626,2546,11
"PUTEiSjKwJU",17,98507,424,44,54,14
"FJgx-_eGRh0",10,98454,4129,114,362,12
"IjKdDRfJGT8",26,98430,2736,105,125,7
"HQYl0PBFI3M",26,98402,1665,93,118,11
"8CdP3MbrIZk",10,98270,1304,107,327,3
"rtQXLmkeOgo",27,98065,197,17,74,16
"sWVUjFXV9Yg",26,97982,3576,137,134,7
"SLJYTr78NUQ",26,97961,4067,61,372,5
"vd4zwINEcLY",24,97772,910,52,188,4
"aixso4N2vhI",25,97682,2846,513,1711,11
"yVm38JyRCVQ",24,97547,961,39,73,2
"EgEljsUNCe4",10,96875,1178,304,414,3
"0hcp-eMOn4E",24,96699,9267,44,854,4
"PGMR2A1_9pE",10,96677,840,79,89,8
"tE8pKjl9jgo",22,96301,4556,52,327,3
"1ihTE5cxUCQ",10,96286,753,54,221,9
"zpgn8U5Ug8M",20,96228,1337,104,272,10
"hUxQ74iAc5c",24,96224,2013,136,787,5
"USc52ljSmuI",22,96091,2138,197,209,9
"XB3_v3sxq98",22,96046,6079,45,317,7
"Y1GgsGcuk7U",15,95966,1567,136,382,7
"FTv-CE43PpM",24,95834,2008,232,905,7
"hdyD3afxyxc",20,95581,2228,151,561,18
"6m0lnvcQPP0",22,95555,446,10,38,1
"IVRVXYCrr14",22,95090,3776,91,320,1
"JDDP9fY6dmI",25,94580,1510,597,1539,10
"SWeEeugBQ6w",24,94034,5198,72,497,1
"XUjY0p_kLJg",25,93802,1431,324,1604,9
"2h_TxIxx-Kg",24,93749,1208,62,250,5
"_PvfiCuNfO0",26,93234,3346,152,300,8
"5DpvCOebmo4",24,93017,4258,150,445,18
"6BhLaE0PHRA",24,92701,721,18,84,6
"ktQH78FNCfs",24,92548,813,198,255,12
"g4txv3A9ICQ",10,92541,12867,39,986,1
"ZKUerb6IH4Y",26,92533,3725,147,183,3
"PE2at2Wo9sU",27,92475,6322,353,958,1
"CFwXUarN-wg",1,91867,16140,29,1018,7
"VXvu5rtJNd4",24,91811,1302,50,100,7
"0NS51Iph2Ms",25,91790,1552,644,1155,8
"zLDR4HJfheA",20,91773,2332,187,1245,10
"C2-Fm2vpEKA",24,91756,3796,85,223,6
"8iEoyqO98qM",1,91633,1040,38,280,2
"ffHCh6ZCZfo",19,91566,561,28,67,11
"TJS52KsNAjc",17,91451,1052,25,279,1
"vk9dMICMQwg",25,91302,584,233,1271,4
"kROW5iooUKE",24,91182,3421,32,143,3
"bkI4AZn_saY",23,91108,5534,518,380,8
"FoxwmWaS1J8",24,90947,3946,28,176,1
"qGeXRr5FFY8",24,90344,1647,14,156,11
"g4Go-VIweZY",26,90217,3921,215,520,7
"hWgy6gAK9OA",24,90174,1230,123,467,12
"Yzk7ZhWPPfo",25,89985,1566,202,250,5
"U33sa3PAMtI",24,89980,1555,40,37,8
"Eonq7PRPIqY",10,89952,8588,33,686,9
"bzzk0R14HD4",17,89590,412,19,50,11
"pWqRw4NfFDA",1,89066,1019,458,269,7
"-Hz00xRLPyo",1,88987,677,142,252,12
"q-WipZ9p0wk",26,88909,2205,85,215,9
"es9-P1SOeHU",22,88799,6625,162,733,2
"pVvuvegAYlI",23,88778,290,18,41,8
"mi2oVgaxj1k",22,88767,1276,111,490,4
"kKk6vEqFFOA",24,88434,1004,131,399,4
"SPNsGbjXVwY",10,88432,6483,81,437,5
"ipE-iN_LLcA",22,88411,1897,118,149,7
"L6vhib5e4so",26,88309,3193,190,342,7
"EROqrFqHegs",10,88150,4953,809,1189,3
"O1RNq6rMbds",24,88142,2424,135,358,7
"WipbEpll-rQ",24,88006,1327,86,151,2
"sLJdBmAeB_U",26,87772,2617,86,192,1
"ky8MhqSovW4",24,87491,3352,59,654,10
"T0_M3t3UVao",20,87171,3202,108,340,11
"HRstc9yxjBg",24,87096,11629,52,508,10
"daR05oUWKmU",26,87063,2638,101,175,9
"JMhSl6CxF-Y",25,86863,3866,243,375,4
"SvYAPV4FEaQ",20,86848,3998,40,398,11
"xpSHpVJsgCQ",22,86628,3573,98,298,7
"YkG4Yvwucxo",26,86535,2056,128,345,8
"R8QfoQYUsek",24,86092,2525,45,604,10
"Z61wL27eDRw",28,85715,4028,41,503,11
"AN3vM-T-lm0",24,85153,1692,181,324,17
"rXfnPGGfSh8",10,85123,1767,67,299,15
"E9za4QHGnqQ",10,85068,3260,29,142,4
"28_tNFnMrTk",22,84369,5854,30,929,5
"wYUqHp3_nCE",22,84293,8099,85,373,3
"S0A4hBJHND4",24,84212,84,108,75,3
"RumNBu_KJjk",24,84003,4107,446,1515,3
"GLZZn7lCtcI",17,83958,323,51,443,20
"MAc8B58wOoE",23,83917,5081,633,1683,8
"KfD8nLAeMDQ",1,83872,347,79,75,5
"Y4lhAHTzbRE",17,83678,430,126,525,11
"rEzEGto67Jw",25,83677,925,294,412,12
"zB1pY4n_FyQ",24,83448,3883,32,234,5
"YNpCXG66_PA",15,83417,1569,41,170,11
"_gRC4L6lNoc",20,83110,4750,101,2925,10
"7YiQ0-SBbT0",10,82949,1882,55,214,6
"cUtYh_ZUjqc",24,82582,2068,217,348,9
"agGa4wRid2A",17,82545,858,22,67,11
"gxz-OhTuo1M",17,82279,525,38,275,2
"mXfyOYAdCUc",1,82117,16840,75,1580,9
"NWGguhHrzpw",26,81992,4298,64,673,3
"IFE_dep7_zI",26,81674,2378,149,144,13
"CYebJBcLZHA",29,81616,5035,28,231,19
"uwbd0-gaoY8",22,81527,2486,226,633,6
"NfFlVcAW_PA",24,81441,644,39,190,6
"L99Bi097wak",26,81157,2494,97,120,3
"-KeFvjm_hcA",1,80992,6537,91,1696,1
"hXcoq5XDwyA",20,80946,4893,130,568,11
"tP_Dk81f9fg",10,80828,340,2,25,9
"Y_BgapvcZO0",20,80586,1385,172,434,7
"7RZzxbZ6WWY",10,80546,1487,80,243,8
"BsX0xICayWI",22,80359,2884,77,223,9
"ctmgkGEOKI4",25,79388,1046,216,792,9
"aWS6Oa0kq2E",24,79181,6869,1437,2638,7
"Y5Zu1P4Hg3E",24,78981,1527,33,127,1
"MkR8GY2YBAU",25,78804,1878,252,650,1
"I2eSx0sGReM",20,78639,1555,102,209,8
"WsZXJKfJ52g",23,78584,1408,61,135,2
"7d9cu_dmQ0c",20,78506,1216,42,266,2
"4eOq4xzaPsA",26,78345,2775,88,154,9
"60Qi7Zv6Wbg",10,78321,8172,22,782,11
"4zD4HPlc-BE",26,78106,157,3,16,10
"VnaOp89Ir48",26,78088,3391,79,219,19
"N0I2u6DKnwI",10,77430,663,17,75,12
"oGf4sf0yxI8",27,77400,2441,73,200,2
"a0_QIfAT9tA",17,77174,1325,15,94,8
"13434sOl4Zo",15,77145,230,4,26,6
"soYZ2yzxEjM",24,77107,5388,184,629,11
"nVy68X3cubA",22,76629,1384,170,534,4
"Zt803kKQ41k",23,76287,2195,79,353,1
"IY-M93e2lok",26,76222,2088,85,147,4
"q2_8cSXTtDY",24,76088,150,26,103,1
"1vc1cKeor5A",1,76068,3340,64,677,9
"IVW7-k7pHE4",10,76049,2234,45,161,6
"xa2LxGIQ1DQ",25,75804,48,15,7,11
"3_keXD1yV3E",26,75700,2199,64,160,17
"q8kIxK2kI7k",26,75675,2590,103,177,6
"3GtSorFUQhc",22,75662,364,34,79,10
"EofDwwembIw",1,75512,2207,19,295,9
"iwd9apG72IE",23,75487,148,7,40,7
"Q4nc8Ky94IA",26,75449,1103,255,435,18
"odfYSiTpXpo",20,75188,3177,67,585,1
"qE_EDUhzsPM",27,75117,112,23,0,8
"ZvdPvq4dX78",24,74993,1075,42,90,14
"EQwhPkX3fnM",22,74877,3288,117,155,5
"eF0ziX0TyHs",20,74830,1108,89,405,7
"ebzooSdAbGE",25,74643,4919,68,311,17
"TIVvCUWMMAY",20,74616,2616,43,225,11
"Z35ALmnFo9A",10,74554,3602,38,314,3
"4FDpjKdlIxA",28,74547,1019,263,1226,9
"jjbcWoPXyas",24,74296,4544,172,396,8
"BRWLN_Hxo8Y",25,74041,2677,558,749,2
"_8VHAHoCUVY",20,73786,3012,90,706,12
"9qTJR0575Ek",20,73656,2391,39,691,5
"PE6a5Amt7O8",24,73576,1187,18,61,1
"0SLu6i6Rm2g",17,73474,503,172,289,6
"fzs6O7b9Fe0",24,73167,2138,46,151,12
"Eel8QDRlIGA",24,73092,7105,26,716,1
"IJ9OFwFxxt4",1,72913,528,11,50,9
"Wg-HTE1WbeI",24,72887,2662,375,1715,4
"G86COtz0xjs",20,72760,3861,112,441,10
"FA_gIAGNDQ8",25,72611,1341,57,301,8
"lw_KFCgcvA4",26,72266,4522,105,175,16
"jTyx-Ep_LBg",20,72107,1899,92,337,7
"UImlvzT2hHQ",26,71647,3311,46,282,8
"E0yPapgxIgo",26,71624,2014,86,103,6
"rPmh6vmIGUE",24,71294,1887,116,826,8
"If3NqScFjg0",17,71118,233,58,180,1
"54Eae2ewc1c",10,70857,440,17,32,8
"9Vb8tOUh2C4",26,70842,2669,103,306,1
"W8_T7MMywcs",24,70636,1880,50,247,10
"be3BHwNi58A",25,70601,525,141,374,11
"Kap77SLzVyI",26,70419,2236,145,160,4
"xnZA52oTp6M",10,70143,1685,59,100,9
"bxDX-nywiTc",24,69738,4744,614,1669,2
"LxIBv_XS3ls",1,69685,4130,57,471,9
"DtWriozwdR0",24,69537,1284,60,110,6
"wEkCf0IVAV4",26,69430,1808,100,60,2
"diOhJMLSCNw",24,68887,4349,801,2976,18
"3K4WG7Tqza4",24,68829,828,45,71,2
"6ZwXRnueOMg",15,68307,3322,43,303,7
"T_AyI8I4O3U",17,68288,1077,17,227,7
"pV5r-dlSD1A",22,68164,193,24,131,1
"uCnPZHrrSDU",17,67917,453,186,392,4
"M5zO1XSmOg4",26,67575,1729,100,178,2
"6jV798JxoTY",22,67113,3870,80,516,6
"_ti2nJnJZnY",24,66871,4216,524,1294,7
"QopkF3p9nBk",17,66666,515,63,237,7
"hNpgwz8wvE8",23,66141,7091,58,608,1
"Wl9NFbqbwEw",22,66039,2235,70,202,16
"nYykdHDv4N4",22,66023,3210,98,395,3
"fW_SW-EwVRI",10,66018,2800,52,232,12
"pIYFz05yrUY",24,65928,1429,221,299,4
"3QohbrF0GIg",24,65920,3885,42,140,1
"umAXAP50hKw",24,65643,1518,58,429,12
"rhGRZ0pedY4",27,65641,3437,152,1382,7
"l4HxWVA59zk",23,65587,1253,109,107,1
"LctCTZKdO18",24,65556,1984,100,719,11
"yzl_ZKQExnk",1,65396,10459,39,548,7
"H83cVi2sCJM",26,65368,4594,152,173,3
"ZKSeQmgg40Q",26,65102,2464,80,197,3
"BWX1ygwYzWc",20,65046,1662,19,161,9
"JAqQ8Myx-1c",10,65015,1256,21,100,8
"1eS_17CG9sk",22,64691,5540,42,954,1
"uVQTVw7ucak",24,64504,405,74,94,6
"NqH0kLCm1cI",22,64503,43,12,22,5
"9StYOIBLanM",24,64473,595,40,67,3
"a3Iaia_MYPc",15,64464,1587,25,367,8
"c1cvDqM_CMg",10,64450,2299,36,201,5
"L1TScBDOdwc",22,64251,3201,147,213,11
"JAcKgCfTSq4",24,64115,1090,22,112,1
"Kk4gQ3mVI4s",25,63734,1142,171,890,6
"W5eoXXO9a4U",25,63257,1038,255,1241,4
"5LCjvpjhf_4",10,63013,1839,7,96,11
"EA5Tn5Gw_8s",10,62838,2236,85,155,4
"3qYt_fXdaXY",24,62794,769,46,229,9
"gxaoefdyJRM",26,62748,1830,59,234,7
"sDvATt2VBxU",20,62388,4402,27,617,9
"P4ohTV_28Oc",24,62248,981,14,64,7
"mTKCKBu8CLI",10,62012,536,10,51,7
"vzyENzPa370",22,61968,5523,45,189,10
"mrTNzn4-K3o",26,61954,2337,92,266,15
"SHI6LfICx6k",10,61641,100,236,316,9
"w1fN1_9BNM8",10,61467,521,4,67,6
"vT_IlY0A4_0",10,60989,2569,33,479,1
"C0Uv23ELQMQ",24,60632,297,41,0,8
"_Jc8hxt6kdU",20,60270,1182,58,212,11
"lE2iJ7ftB_g",17,59901,1843,21,303,10
"qdSUlpc67YM",27,59301,2549,128,1087,12
"VswT01nKLLA",10,59295,120,65,114,2
"CrUETaziY_0",24,59289,1481,65,754,8
"wf3t5p2XDAg",20,59201,1531,34,215,1
"Eeb2CgoSt9M",10,59050,1779,58,93,11
"ejD9084JJA0",24,58898,1655,166,495,7
"uXNIeQjav80",24,58605,1782,79,148,13
"nQ7mhC5_Rys",28,58488,0,0,0,8
"AGbuiYvynhY",22,58365,1814,79,117,12
"X_vVMmvjEts",24,58349,351,20,67,5
"iyOY5nAtLuM",10,58222,2309,43,176,10
"8WZuk8KXC5M",20,57701,1061,33,230,2
"NNSO_4yKM0M",17,57610,440,63,357,2
"xeCSGweXykQ",17,57359,518,15,365,5
"q4_icwNQJJw",17,57231,332,117,297,9
"s3oogx4roPI",26,57061,6750,60,303,7
"9Jn8TXoPQTg",24,56243,416,609,282,11
"CWSYOdxx8Tg",23,56138,2814,73,170,5
"os5mMTl3IBs",24,56062,1766,69,85,4
"41oqd-mogW8",26,56046,2906,64,300,10
"Y_1CaQl0FJs",24,55747,1895,41,106,6
"L4KiF0gHpvU",10,55649,4651,31,273,7
"Ssvv40iz-Ls",26,55610,1977,103,141,8
"l9nGCJlDclQ",24,55572,191,191,83,5
"SsaI0u8xn_4",22,55098,2296,129,175,10
"o3Fam8LqZjA",17,54928,2673,33,500,12
"kAQpyoCls7Y",22,54345,69,13,5,8
"Fjdbk8kBFNA",24,54171,3450,13,312,9
"d5w7iCkHvaU",22,54124,35,80,46,19
"JwfZqomlPsk",20,54100,136,3780,745,11
"I-GRBHy4TjU",24,54087,2052,177,1131,7
"bkwLxcfcKTY",26,54054,2627,75,253,9
"KtqVezaUhkA",24,53416,32,4,23,10
"XPrHD-7jjUs",25,53399,1014,51,132,8
"wVy6mbSbbiA",24,52793,2978,139,1559,13
"CCPX4EYrskw",24,52250,1550,26,40,1
"UNhI8F-C89o",24,52199,608,30,63,4
"GL8oRm8Wo3Q",22,52144,6367,78,595,4
"1XvdgeXuyPs",10,51939,360,2,40,7
"4MtAl7F6xio",24,51808,256,37,226,3
"Z8qKEQhBdAg",26,51789,1781,38,169,3
"YypPLpuPJZU",23,51703,83,5,14,10
"hIwRdDcQBEU",26,51301,1654,87,166,1
"XmNm5e3AAjY",10,51153,484,22,68,8
"ZwIuff3270M",26,50755,52,13,104,9
"gBUBAfGIytc",20,50702,1688,103,186,5
"Oa9c9JBBGxM",1,50637,725,4,323,3
"acIRvVxB4go",26,50614,1596,75,178,2
"k6fEpn_lzmw",24,50602,693,26,187,2
"NxuwtI5Jp_0",26,50487,2251,78,354,3
"_ROBzItOaOs",24,50249,3670,19,209,1
"XY8QQmFswmA",20,50174,354,64,181,4
"AeVJATwE2N0",17,49650,413,92,136,7
"xJ7A_o2Toog",1,49447,2193,85,520,6
"U4COOi4942A",25,49439,1822,140,752,9
"npCluN5VHF0",22,49179,3255,39,415,9
"kGTqQUyYiLs",23,49139,1312,38,115,5
"KUNX9KK53lA",22,49090,752,76,312,7
"MKLlDnUqho4",10,48955,2602,97,343,11
"d9aIHhsjupk",22,48882,76,3,3,7
"IE5TzELzvmU",22,48880,2438,77,272,3
"6Do5X8A2HYQ",2,48781,879,30,524,9
"cZV6ebHoJ08",23,48660,1126,49,192,4
"Y0MjGxKe888",10,48525,662,11,54,10
"j3IYFeVwf5I",25,48452,2104,109,870,1
"b_aLROw98NA",25,48418,649,122,482,8
"oQx3h5D9pwg",22,48348,2055,23,404,13
"9xPz2SUdYGo",17,48323,912,21,165,14
"N0tmF4j4K6g",15,48308,2171,19,168,7
"cWy8jWXhdnA",24,48289,3520,283,1431,9
"YJ1aeCE6pd4",22,48202,108,2,40,10
"bi9NkBZ1qe4",20,48025,1887,46,303,1
"VmdKae7P1xQ",22,47801,941,101,558,5
"87YT_i8Eu5s",22,47772,2838,101,827,5
"Qn4ctBaNI00",24,47421,2539,12,71,1
"RQpGCAkpEtY",26,47378,3119,32,300,1
"PJ-b7o6RFCE",15,46944,1245,31,79,7
"Sp81sTev4cw",10,46940,395,7,48,8
"rXbrryghxAA",24,46598,2280,60,536,13
"29FW8nTF0Ww",20,46362,1874,81,1105,6
"WKcYTvyoidw",25,46344,1113,56,295,7
"dQhH0vPTSZY",22,46206,2802,113,36,9
"eRdjw3dlGEE",24,46059,284,83,370,2
"OZhUjWMS0qg",22,45826,1960,35,129,1
"949vJMp0v40",10,45694,425,66,35,9
"yN8Jclaqf0Q",22,45281,4482,380,2356,7
"WXzA0pfvO6w",17,45194,687,27,370,7
"ip_r4y-23JM",22,45175,255,3,51,9
"5wVnr3cahQg",22,45160,3601,86,555,10
"bCznvAkpwWs",1,45036,689,19,0,2
"86atbRCxDgw",1,44807,1355,12,97,1
"QcFZLREWnBU",10,44528,385,23,34,5
"kWolKH3zwkY",22,43297,944,16,37,1
"V6cb-D8-vTg",24,43293,3397,34,350,1
"E7Er4t8PIYw",24,43285,1305,44,37,16
"hVEgTsmBDw0",26,43253,2234,43,209,10
"bJ-wMCV05EI",24,43074,614,135,174,1
"k9oMv0JzCn8",10,42983,484,28,62,11
"NuKHa6c2LuU",26,42855,2396,55,273,9
"O3eO646jjzQ",24,42633,400,15,33,9
"s0qeYQZ7mEo",25,42538,896,102,969,11
"pNpsjMnO7mU",17,42498,373,808,540,18
"uI4AsXCHfWU",24,42154,4186,57,222,4
"3Xb3eOH4PMA",22,42141,1147,43,71,9
"6uJemANlDqQ",26,41968,2030,105,414,7
"MMjmdNqIrSU",20,41726,545,24,697,8
"9DgrJ89Oo2w",1,41570,3741,98,485,4
"DdDRtQPXPtM",25,41474,143,59,79,7
"7cTi6PHUqMw",24,41432,1453,86,827,9
"cvvgmjAaMnY",27,40676,2334,64,613,12
"UdRZLPG_xUM",22,40634,6603,17,598,1
"DI8JsP05k5Q",1,40484,3428,307,1328,6
"L60GziFpdA4",24,40464,282,2,47,7
"kb1qAO9KB3k",10,40395,254,10,65,1
"vgX5M1eVhyw",26,40342,1293,33,97,11
"nU0HDSalUQk",26,40304,1662,40,113,1
"zMLfhTnyPVs",1,40162,430,59,167,11
"NdqLiIaZoeo",10,39941,1614,23,115,7
"uNOJaKrNhc8",25,39754,408,87,522,7
"Q0hEOLm6Wrs",26,39650,2301,157,155,6
"jCRK5vy47v8",25,39576,2221,521,1210,9
"5fW5dsc0-5g",10,39474,4009,29,316,11
"ec9r9THD5eU",10,39417,974,54,142,11
"g1vFoVDKA_c",29,39250,754,21,271,5
"GRkHQ3RCW34",1,39219,0,0,0,16
"b1JsP0hLrg4",25,38756,1492,67,751,9
"USigj639wTU",23,38293,3501,17,467,8
"g7IfZX91qV0",23,38211,1098,42,53,1
"7I1H0ABg4oY",20,38205,922,36,304,4
"8vRliTJ0-CQ",15,37831,2543,15,238,7
"aV2B1-Qhab0",20,37759,1776,30,628,9
"1Wo6WEBhBBw",25,37743,1007,40,230,14
"DH1G703mf7w",20,37615,513,7,123,5
"7Fpbkpsx3cM",1,37603,1848,22,6,7
"KVw7fdB8gXM",10,37434,807,15,92,4
"pfGq40iHpME",10,37390,226,31,13,1
"T8cBr45krls",22,36825,290,33,211,6
"GO4hi9004hg",10,36520,193,2,45,6
"Kx-TGqqMuPU",24,36477,118,8,36,6
"Pu0lwHPW3RM",22,36419,485,41,423,9
"UBh2ydkoDU4",17,35759,885,12,133,8
"aSWbndbyYeo",25,35260,1351,95,581,5
"nzlazAyylw8",1,35182,673,17,53,13
"KopT-9VSZn4",20,35142,1701,88,725,11
"oky9_tJyvpI",24,34860,768,9,170,10
"ZAO9WjsFcaI",20,34708,1466,25,135,11
"5tCyAEMaE-I",24,34575,1816,55,262,7
"MfLcjWq6m9o",15,34425,904,38,50,7
"cpvoCLX8agc",17,34347,55,1,37,7
"gRhgPUbOIyA",25,33868,523,96,332,7
"XbDKZMy-HEg",22,33716,4861,10,182,3
"pYClHihdjsE",22,33481,2491,14,183,10
"sAWeoDHzBgE",22,33479,2679,18,136,6
"w9dOyO1QM5Q",10,33170,398,22,40,10
"Ux7f_eqeLYw",22,32797,2069,29,97,11
"yo8cCV0_zCg",24,32386,44,0,5,7
"OM9h-llN4TY",1,32273,262,8,55,9
"Fkwkn7vXpWI",24,32198,1184,37,115,8
"dDBAhxHUkFw",22,32160,2596,16,157,7
"vBuR-I4AT-o",22,32160,194,18,49,11
"1LWbRkt490A",17,32124,315,22,41,8
"mO5vP_iNUMI",10,32034,404,25,50,8
"X6NyvN4ZTik",17,31969,216,65,10,5
"WsEpPETBbeA",22,31920,1129,26,84,3
"OmhvgIgwLeM",10,31746,359,6,40,7
"R-lhShtMfvQ",10,31565,556,2,27,9
"5PI1xwT2-74",24,31549,635,2,30,9
"JhfACxB_KWs",22,31513,3308,55,325,4
"8A3ILTZaswo",24,31259,415,17,0,8
"3Haf2k6R8sI",1,31112,500,30,67,1
"aRXgvkpMZrI",22,31023,2832,11,164,13
"zslYmBRhdOM",22,31013,3258,35,798,13
"zhbjf49Lv9o",10,30898,1399,12,86,10
"LS6xrrsU1G0",1,30849,403,325,73,10
"iCXQwI2Luw8",24,30703,705,10,38,11
"xmMxtSwTwwQ",22,30422,1745,113,295,14
"gqKrByxzpgg",10,29909,215,7,10,9
"dgW5kpeSB1A",23,29724,806,30,66,2
"leFNoUJmJ9o",22,29582,2071,12,355,12
"FYk6BVoyWFM",22,29520,2927,18,286,8
"zw6hMTAtdwg",20,29357,810,9,21,4
"VEoOuF_cN0Q",10,29336,1205,19,86,11
"svD_Nxqer00",25,29228,837,80,588,1
"IJuZSD8GGZo",24,28872,327,27,38,1
"0ANDjPQPS_Q",26,28869,3110,90,454,10
"GpekGi00XCE",22,28804,3367,29,262,2
"--uXQQ0h-yQ",24,28725,253,3,12,9
"bOBL980Xsg4",24,28360,1169,16,76,7
"r_MU7WAR_6I",26,28204,1394,60,83,11
"cY-7vOEC7Bc",23,28149,155,7,11,6
"8lPoqMD7Ko8",24,27841,1076,6,184,9
"s08CL44QLck",22,27753,2322,29,258,2
"SNCMtOdaIxU",24,27732,867,50,42,2
"WYgBU1U8h8E",22,27343,2993,15,123,11
"Uz-uEW_Rur4",10,27322,989,18,65,7
"pfYEiDg67AI",26,27147,1687,714,1013,11
"hROYRchrJkU",22,27048,508,23,117,5
"INRXOIgmNUU",22,26951,2360,11,67,20
"h7MBKjAyBU4",17,26682,170,24,58,14
"Zqh2DS7oIbU",20,26295,723,39,149,1
"ycPdNnpVE08",10,25621,20,7,26,10
"MVyJZfFH9GI",10,25490,1625,23,142,14
"76nG5pENy_Y",25,25484,349,51,190,13
"jbeEE0RaEeA",20,25367,1068,101,850,17
"5pJLKoB_yCs",24,25251,1151,14,57,1
"_2v5kMaGCNI",17,25146,177,37,127,4
"tOr88uFiOjQ",1,24778,2034,49,138,2
"WHzTLDP4o_Q",1,24585,76,157,29,2
"kFiJG9KZJ3s",10,24553,276,7,41,9
"qBThRxhUzo8",22,24432,192,8,4,8
"hLqHZGhIFaI",22,24369,704,23,42,16
"kEU5V4jq2w8",23,24322,2147,113,271,5
"SuIAnnSsuXA",1,24078,609,286,322,1
"nwv7rK2Zrx0",24,24056,944,35,249,9
"jBzwpspHssw",1,23963,114,3,18,7
"xzWDIgvsFTY",17,23719,257,371,530,5
"UCCcvxvwNVo",24,23651,164,13,0,11
"1vtYKgv28Jw",23,23297,88,2,9,1
"0VQysq26ozE",20,23274,481,52,86,1
"8HTdbCohTXY",25,23146,276,170,651,6
"sVfTvLm-7Ac",17,23008,32,0,1,14
"CI4ve0pw380",10,22765,127,2,17,1
"5c7FL9QV1bs",24,21856,547,11,126,9
"UhSJp34wOeo",1,21665,1920,302,550,13
"1m7WNpBbjKM",24,21410,351,11,30,6
"n8v0HrixDHE",19,21344,78,8,19,4
"RanHW12ZP5o",10,21295,1512,147,205,5
"nIPt7dJrSXw",26,21183,1651,28,102,5
"dtdT-ZHCBw0",22,21075,67,14,11,4
"5QpnRjXtm1A",22,21071,334,81,30,17
"wIPzAALdjaQ",24,20842,417,83,329,6
"sdvfBbSsPaE",20,20617,85,9,23,2
"cM7HHCI1EPc",20,20555,793,260,342,1
"H6tRAXugvHI",17,20443,742,7,53,3
"uT3wso5Zp7k",23,20387,1322,68,68,1
"zaPsZVFAzH0",17,20166,528,4,42,5
"aNpl8EsTR94",17,19799,109,44,42,1
"Xz66QlXXYyw",20,19628,422,99,223,1
"Ca89nJLefXY",17,19550,252,22,41,9
"hbmdI8A7SSo",23,19499,1216,16,160,10
"cpB-tg6eK3k",17,19118,90,65,128,6
"JK3QFj8mD1o",17,18976,58,22,17,10
"UTNnhZqTY5c",17,18728,173,27,171,14
"eQPoVNrCZTk",10,18543,173,1,26,5
"o8Z_FMVbJqI",22,18458,119,6,82,1
"ol_ieWX8SxE",2,17867,137,3,7,13
"34yQnVJDTt8",17,17865,147,11,61,1
"jxbDvIXcW_Y",23,17401,22,4,4,11
"b-ufhlIlfmA",17,17227,817,14,153,3
"2rp_8lf-kik",22,17180,374,21,142,1
"ODuU3wkNqfk",22,17096,457,13,63,8
"-XcvFTYVxnA",22,17036,2539,15,163,1
"FJPkiOX9NgE",20,16902,293,4,24,8
"ia_NWRMgoAA",25,16860,448,11,39,6
"H1Os-ouhHG8",20,16572,489,15,64,7
"VIfGG7wLlM4",20,16364,1038,19,263,4
"NLCfRHdi6Ig",17,16074,689,8,142,3
"PHhYqLCsAos",20,15144,222,33,119,7
"G0XLp2AQxek",22,14608,953,17,52,12
"R0KavFAQs0A",1,14584,264,3,26,7
"0XR-FwfdOos",22,14236,47,60,55,12
"6W45zR0knjg",17,14125,56,0,14,8
"7LQ08Lyy_tw",27,13927,292,22,42,8
"J6H6ND35Swc",22,13836,31,6,19,8
"I1uCGgc-Jag",24,12858,463,7,97,4
"SfUDDMj3NO0",25,12630,319,7,10,4
"ip1FhJhM7vg",10,12316,292,5,43,1
"r81egea0QPo",1,12190,90,0,26,7
"3iXwXYflCSI",23,11619,856,17,198,6
"m0HN1TB-Jcw",22,11511,612,19,105,7
"iEHB_opjO0k",22,11257,237,5,12,6
"O3hz_DQ63No",22,10101,745,16,376,9
"rHwDegptbI4",25,9815,30,2,30,1
"5-rHVxhQUJA",10,9667,97,3,15,6
"AtIoXmGwyfA",24,8766,638,8,131,6
"aJJcVyiZT0U",22,8368,325,4,64,3
"9YTQMPf3Z6o",20,7565,77,1,7,4
"UmHVoBKLw68",19,7044,80,0,10,7
"S91qCkeiu3U",17,6535,65,139,87,6
"3mUtNE82ZV4",24,6292,54,29,33,16
"E7ykb1geOoU",25,6006,333,27,85,10
"dwkNG9qeYIY",22,5279,51,11,16,9
"BsQZPKeaKBg",2,5246,140,2,18,11
"_f_LqAXzol0",24,5112,207,3,37,7
"-tjucPZlcgc",26,3571,5,49,9,3
"nXDZCuFESSU",10,3342,125,13,12,5
"PQX93KCpcCo",1,2938,69,2,0,2
"B1tEq5RU-Wo",17,2915,64,0,31,12
"NXin9D2Nc10",17,2881,9,0,0,11
"au3S8F08v54",10,2254,45,0,9,4
"NcVxrr_q3Hw",26,1583,90,12,37,8
"vPsic3dEndc",22,1228,2,0,1,6
"n26wtR-OFr8",25,1014,13,1,3,7
