"video_id","category_id","views","likes","dislikes","comment_count","daily_trending_appearances"
"FlsCjmMhFmw",24,125432237,2912710,1545017,807558,6
"6ZfuNTqbHE8",24,89930713,2606663,53011,347982,8
"u9Mv98Gr5pY",24,53822757,1250535,44796,135405,12
"QwievZ1Tx-8",24,45064699,1494997,29812,186005,11
"rRr1qiJRsXk",24,44171797,780895,30791,47829,16
"tCXGJQYZ9JA",10,43738208,1658756,94043,148548,7
"dfnCAmr569k",10,42019590,1804377,100033,146917,6
"xmU0s2QtaEY",10,40953758,679940,69161,65564,5
"2Vv-BfVoq4g",10,39082222,1721384,23137,90352,2
"ePO5M5DE01I",1,38664360,865914,63908,103907,3
"vn9mMeWcgoM",24,36971093,544117,27450,78618,6
"F2lN25IayH8",24,36957773,530146,30924,42087,8
"1J76wN0TPI4",24,36224215,744304,28571,75080,14
"zMxIW7uwDGg",1,35702242,230576,21904,4858,9
"lkfpqGWzHCE",28,35276532,45148,36352,3348,6
"xWi8nDUjHGA",10,34631260,645921,45039,58459,7
"dUaCEs3HfdI",10,30340611,432533,42767,20964,10
"ZJDMWVZta3M",1,29964922,431134,12821,47119,9
"q2gICJFG6uw",10,29503026,320346,80059,31872,7
"xBht9TG7ySw",24,29437104,564399,182589,95395,11
"#NAME?",24,28080774,450360,26383,29837,511
"aNwWdF8qq-M",10,27893636,397141,43165,27596,12
"TIE92mUvSsw",1,27696924,468469,60026,48740,6
"YBpdL9hSac4",1,25965876,418707,15419,46424,6
"j-I0Uxbh1uY",10,25952473,455361,71793,44916,10
"D86RtevtfrA",1,25228211,512740,11725,29277,4
"dZ0fwJojhrs",10,24248933,522839,23990,27454,6
"pVxOVlm_lE8",24,23587674,335916,11248,29129,8
"iWZmdoY1aTE",10,23543061,1095526,23886,58948,9
"Qvd43XKY-f0",10,23476984,315111,15695,21198,7
"pnMQLrS5sTE",10,23345196,618776,39821,48371,8
"J-dv_DcDD_A",10,22769424,1059309,24724,79913,9
"g4HDfqEWf6Y",10,21982564,406579,18848,16546,11
"SAcpESN_Fk4",10,21176709,574511,18893,43666,3
"g4Hbz2jLxvQ",24,20771856,440494,20324,44778,11
"VRJmcxCrAOA",17,20761480,871933,11595,43026,4
"naW9U8MiUY0",24,20030814,433044,10649,44330,11
"VY1eFxgRR-k",10,19687255,1101522,36325,64156,7
"NooW_RbfdWI",24,19617103,246215,6745,19430,8
"64UX1npgRkI",10,19472216,309752,10303,21731,10
"d8O6SoPOkAk",10,18904020,296229,83691,47404,10
"Wm_vSSlVsV4",1,18877505,467498,60323,27680,10
"pC2yUlN2kMU",10,18390214,302409,25481,16948,7
"e8XoJsBCi2k",10,18189708,317334,23370,17511,11
"xvYBg6MWPbM",10,18092075,371541,24579,30691,6
"fAIX12F6958",1,17741854,211522,15153,43359,7
"xZNBFcwd7zc",1,17485497,349781,5833,18151,4
"eiDiKwbGfIY",10,17446067,891115,13501,36931,4
"S9KxqRUcnCU",17,17433516,747641,12441,32529,5
"3h4thS-Hcrk",10,17362743,223099,6597,11485,5
"UUkn-enk2RU",24,17333594,424200,8671,30690,10
"f1qz8vn3XbY",10,16676487,284518,6659,12982,6
"0B7athiVJBA",10,16482187,165251,19034,12967,2
"MuPL-PSMX0Q",17,16363949,450655,20389,39970,5
"YjMSttRJrhA",1,16281667,260718,15144,17229,5
"coOKvrsmQiI",24,16199598,149353,13055,26336,8
"D9kxpUcWID0",10,16169625,215228,114882,46332,9
"sXAwqoJ-WUA",24,16151630,82998,7852,4120,7
"uxbQATBAXf8",1,15960127,374827,3823,9059,8
"v7K4vGYL9zI",10,15896753,273575,16778,20141,7
"EyPXz6hKa_s",24,15718041,870566,31029,97036,12
"M4ZoCHID9GI",10,15582864,658063,11621,34119,6
"3SWc5G8Gx7E",10,15521288,301126,34467,16635,4
"wb49-oV0F78",1,15187622,219445,4127,16602,8
"i5qOzqD9Rms",1,15070716,298541,9081,27080,9
"XiHiW4N7-bo",1,14800528,162079,4964,12016,11
"i8J0cR-PY9c",10,14703926,135170,14302,7137,7
"qZHycHI3F1Q",17,14654718,585763,7996,54262,5
"4Jdp_dkduJc",20,14589314,117415,12425,7612,5
"y-PQiShdTKA",10,14574802,212962,10316,17727,13
"20bpjtCbCz0",1,14365383,340113,3364,26072,6
"5sEaYB4rLFQ",24,14160344,244404,6085,21198,4
"DIBw9dSVKdU",1,13694999,254369,10642,46855,6
"RF7DhGIQE1k",24,13555470,278687,21023,26823,8
"oSEeK9yDNQI",20,13418844,258720,22805,19877,8
"h8bvxiE3KCo",10,13301387,117639,7416,4217,1
"I7nbSzLCtEE",10,13295746,140386,6367,6223,3
"FepIkIILumA",17,13275050,431020,19914,30932,5
"w4AImq08j9o",23,13241801,793330,21961,80579,5
"VJwoSfTOhyM",17,13234006,488655,8870,30713,4
"GpxCT36DxKg",24,13103833,117417,10264,17218,11
"DMl1YJyqEdo",10,13065320,345946,36259,35726,11
"orkPrGSAETs",24,12958520,485435,32122,28119,8
"qYAiAivwTvc",10,12947601,137338,6238,4161,4
"c64I9HNpiOY",10,12936568,149414,10929,12397,4
"XZhAJWI94hk",10,12919528,85162,3437,5680,6
"yFFL1we4j_Y",10,12824359,256350,15745,17881,13
"kckDWrICC4s",10,12821078,250671,19646,11141,4
"bvhBIsmzhwE",26,12447671,68625,11176,6510,5
"dzxFdtWmjto",24,12393755,198271,23450,31402,5
"rmCD_Hv2XmY",10,12370462,198547,26589,16343,1
"ZgTKmRPWMq4",10,12360534,204051,6549,6730,3
"9m9oO84Q2fk",17,12211480,357498,8183,25199,7
"TFktziLOsFg",24,12179587,822766,14613,92658,5
"WS7f5xpGYn8",10,12023527,519160,101457,52759,3
"1FJD7jZqZEk",24,11915843,171077,7096,16902,9
"WpqUOW19aJQ",17,11896309,478750,4778,36507,4
"ek1ePFp-nBI",24,11873989,193752,7338,34111,7
"nLSaCFlXn-g",1,11801227,188036,5800,8183,7
"XgVrYVBs2fc",24,11771976,507718,23906,48898,12
"khPLWaBioOs",24,11767339,882821,117842,150856,3
"ZG1Su0QwPYs",10,11566387,185752,10223,13703,9
"D969_pLCniQ",25,11510500,47780,13182,6143,4
"v-dfygYIfLs",17,11465487,407347,8769,35173,6
"OrnpSe4OChM",23,11362844,248097,7884,18884,6
"UumBg2myFrk",10,11270724,159239,11496,6693,6
"9sQkjMgFglY",10,11249726,275924,12615,10407,7
"KcWXKmnZZVo",24,11229929,171941,4683,8656,6
"p8XP7A7kvzM",24,11218307,216489,8821,11975,5
"Hk5dxn5dj2M",17,11201666,352228,13696,28643,5
"zIPTP3TKUSg",10,11086865,237870,11915,15776,9
"5hpkINjCf7A",24,10947704,542796,23577,53876,12
"_7rvYV_YmaQ",10,10886719,180502,6005,10598,5
"o8z-dLhqlOQ",25,10792947,76202,13063,7069,7
"yIIGQB6EMAM",10,10703864,202877,8888,7722,3
"QX-yPEu885s",24,10627277,56970,23180,8504,10
"_BcYBFC6zfY",1,10592828,204228,11980,37655,7
"VUH_DIgULc0",24,10536872,111474,31787,34968,10
"6S9c5nnDd_s",1,10535890,306123,5937,17796,9
"rAH8qm5oQHg",20,10531608,122553,7011,10736,6
"qrks9Zu0f1w",24,10495263,152980,6502,6897,9
"knaCsR6dr58",24,10494233,491345,52135,36837,4
"ORIpWftFyqo",10,10478610,207831,9552,7406,5
"l4XOm1iJuaM",10,10465719,310726,10126,34354,5
"kXKw2skbLdk",24,10445879,107447,9187,7655,7
"z-ZEHL4Df-A",10,10433575,189899,5966,10067,4
"g2orJgNOpnU",24,10433510,674784,17155,68078,11
"FPm7xM849-E",24,10415360,612718,16544,40230,9
"Ix4lshS3j5U",24,10408003,33358,10168,5538,6
"qUmfriZoMw0",1,10385748,31250,1148,2362,1
"cSp1dM2Vj48",24,10370273,161252,8324,32391,3
"t-My3vpDBvA",24,10294388,660730,17079,56644,10
"97h9fBWltBM",24,10289838,304465,31750,18102,4
"bYSRPuDEnTg",23,10256578,626237,20773,33764,13
"ad_higXixRA",24,10236502,140374,7792,10642,5
"BUobY0YtF48",10,10166879,130762,26061,18588,7
"ot0O9iSxzgQ",28,10161505,37280,8009,2660,1
"IBVo8dfqTBc",17,10130930,176613,2839,18134,7
"RQaVzbxZqXY",10,10101893,261664,8090,7729,5
"EnfoA2fF6GY",1,10099242,208506,39000,16178,7
"eACohWVwTOc",10,10073675,439797,14741,25895,5
"CzC2vkPUvVA",10,9998338,30304,9978,4955,6
"DkeiKbqa02g",10,9947934,370275,12802,14791,4
"YHmYop9Bc_Q",10,9906528,86872,2288,7096,10
"1Drha8HZN_c",24,9861841,292745,15912,18811,8
"8-Cjsnq8kVU",1,9779219,283197,6202,13116,1
"WtK4VJS4Jvw",1,9745925,55797,7675,1303,5
"mKpPhVVF8So",10,9680651,299401,15273,8387,5
"Cxqmu-EOdaQ",1,9666317,67362,6088,1690,7
"9aoUpCXY7uk",10,9643250,137485,7525,8836,4
"Dto7Nms-Xo0",10,9622388,84189,13725,4253,6
"fL15eJ6bU_k",10,9585655,28797,2119,1603,6
"wTHR9x5Cdu0",24,9568811,418593,17015,35837,6
"PvSzuxOHP8s",24,9560330,22523,8411,2849,1
"kZUxD_pEqgg",10,9556534,158748,17411,12633,4
"dZbDNqY-uj0",1,9538234,74680,5653,1617,6
"8YaF2m7hCx0",24,9520025,159514,22369,18160,5
"voG07pt-KYI",10,9501171,498324,12238,33480,10
"M2q64UowX9g",10,9500472,167629,2185,5262,4
"7MxiQ4v0EnE",10,9454988,174248,10099,10770,5
"3g6p7UGUvww",1,9453255,64768,6244,1944,9
"_hMQe2U4c6w",10,9437149,319960,17437,21253,5
"PoJ73OXEEy0",24,9432780,734509,8048,66208,6
"NaX-oGJEZI8",10,9395757,129355,4858,7590,5
"ycVc1jsaAA0",17,9387347,389347,5901,35377,2
"GWWHI7SE0KQ",10,9382978,98616,6624,3840,10
"0vV36TV0oms",10,9377347,334328,25127,16949,6
"f6WDM-QTwEo",24,9366417,686345,22935,80940,6
"Aahj3atxdS4",24,9365016,138496,5385,6407,5
"sueMmTm-M4Y",24,9236901,198466,11865,11089,10
"w5YunG1wilA",10,9181013,126619,18393,7440,4
"nP4eMiaGpog",24,9158983,41782,9871,3838,5
"bjPOg2bAWJc",1,9001206,49951,4874,1174,5
"yoxGIKh3OkY",10,8906284,43290,1720,2286,3
"13z2kF6TiCc",10,8902861,119571,3604,4535,2
"gLVZNTtr_rI",24,8870850,468048,11104,33070,7
"fJXWRFizc6E",24,8856042,544189,21042,60749,11
"m1PDqdLQMv8",24,8842399,77128,3884,429,5
"mMCEvr3VWqQ",1,8758674,205980,35569,13621,12
"GlngwhWaLBs",17,8755813,115640,8517,12562,6
"mevO4I0f5lg",10,8747826,100384,4255,6270,4
"FFsp5b4AUTE",17,8718657,91398,18207,21050,5
"3mDDtCSC7fU",24,8713351,347706,27136,26144,10
"8_rTIAOohas",24,8522873,278609,4964,24305,3
"0KVJcOTWZ_c",24,8501135,56838,7983,8460,8
"yzshoDMBkqE",25,8476168,530022,21139,60126,4
"JZf9UPGqcRc",24,8426351,409963,16974,44369,6
"MFWF9dU5Zc0",24,8368152,87366,43944,29060,5
"C1Pn5Ln1R4M",23,8240953,35578,7619,2379,13
"JATYGQrOXG4",24,8195488,559409,16305,46054,8
"Re5UkSq55nI",24,8137872,434551,19196,40000,7
"Ku52zNnft8k",24,7993597,32160,2250,1348,4
"f_R9_xdhuNw",24,7971231,165298,5207,27083,4
"Jodbdj52Vc0",24,7917701,531624,3003,27216,2
"p4lh1h5hdFI",10,7825060,219287,4349,35114,5
"uYmpUa38-Fk",10,7805316,213251,5188,7618,5
"KiBS-dbv_x0",24,7804127,225931,4500,8369,1
"T9WN2_ikz6Q",24,7769007,1084173,9373,125740,2
"10ZHNmmwwHw",23,7734497,241884,9367,11417,6
"k-55qW19zLM",1,7706384,51586,5685,3899,7
"ED0PSAElYio",24,7687098,297388,14029,27311,7
"PALcJ0HW1-I",23,7678343,433753,28404,43141,3
"jaGZNgosNpk",10,7663753,295475,5533,20812,7
"JK7bH_WwO0M",10,7660092,26696,2320,1707,8
"ggJMQHltiQc",10,7640122,117848,4314,4984,5
"EIc3B5ljJwc",24,7594291,38182,9822,2712,3
"Y0r3ksTy2Kc",1,7578398,36546,12925,3414,5
"64K0ZNYZBs0",24,7545559,410232,6169,44068,4
"xhz0tRDKfOU",10,7480171,44999,1526,2499,6
"Wje3zkc7syE",23,7478504,536989,9270,47113,5
"8xUwwOmCSqs",10,7475373,59830,1311,3224,7
"f6NJvg-kWJ8",24,7471411,535778,17391,50704,7
"WDiK14qI3pQ",23,7461268,431044,22386,33789,13
"8GOk8Ci3kn4",10,7438645,196967,7798,10267,10
"l7E0kTvARsA",30,7398655,77789,4785,4489,14
"iPimqm8a1Nk",10,7397623,203176,6926,10198,11
"9dBepLCkjZQ",10,7392622,31658,9272,5328,10
"ZnVIUr_BQSs",1,7361726,158566,14593,10527,12
"4BjTHvJZ8IQ",24,7319656,130116,5022,3889,7
"iN8zmmCRqUA",22,7301276,149751,7510,19230,4
"biNFtfIVRZ8",10,7293113,69628,2975,2365,2
"uSKh9adflNo",24,7259902,31888,6909,2271,5
"KhI4xzwYImA",24,7235699,96287,4856,8603,11
"PDlw1Tn-PVk",10,7228499,177522,4530,8171,6
"0Sh_yqlYh8Y",1,7226200,41349,4101,1120,6
"Is3S-6hHQLk",1,7179677,49756,4763,3498,5
"NaY91YjVbEM",23,7172963,265720,3950,14870,1
"bF_naHpa-T4",24,7146248,438662,8486,57007,4
"9V0hw6QjzSw",24,7125369,114359,5041,4637,5
"QqI_dpqteC0",24,7081766,364149,16268,26782,9
"266EI7hdjFs",24,7080039,63371,5261,10668,4
"6z8TP4tikAg",24,7055737,306755,15263,25317,6
"hYM_iZII4U4",10,7039514,504342,70103,27619,5
"XXfTL-umTnE",10,7008617,90721,11076,5001,4
"D4fC4HVpP3M",10,7008605,155408,6377,11130,6
"Q3jege0p0dQ",24,6983042,177110,4209,0,6
"9oyKePWRi8Y",17,6969112,324853,3151,16270,2
"il_pSa5l98w",24,6946197,103728,4496,4884,4
"RsfUZe606LQ",10,6913742,56388,6654,5282,6
"SbRPW1UO244",10,6887724,103116,3507,3326,5
"5srcGpF3JdQ",10,6823245,116785,3863,9350,1
"1E9j4689ZWQ",10,6811862,132980,4389,4648,9
"U-am9AabIio",10,6798211,165098,6295,10096,9
"YINoc51BbB0",1,6766014,35949,4284,548,6
"p2MjWMKgrkA",1,6753819,115068,921,7422,5
"sHlOHZQacME",24,6738364,15122,3147,954,10
"c7MwlTFQBEQ",24,6725073,242373,3569,14606,6
"n5LoVcVsiSQ",24,6641272,27908,13828,6470,2
"ys2ktusi-4k",10,6629283,27948,7789,4163,7
"nX_FEC2J0FU",10,6627200,28734,8032,5491,5
"NwP1zp4vOJU",24,6603124,722684,8768,79664,2
"cstA-AoF68g",24,6553589,449284,10328,53176,6
"_uSbEKDaqkg",26,6542112,59867,5177,1955,2
"8dfXKIzU_24",10,6540418,186523,8294,19856,8
"J6MwAGArfZc",10,6504190,197647,6948,8259,2
"4juJXyLX510",23,6483404,528175,13443,38184,11
"7oqm94UfE7Q",10,6471873,115630,2730,9548,7
"aBr2kKAHN6M",28,6401464,165883,2331,3006,1
"e-0YnJlFPeE",10,6400374,148345,4569,7519,5
"kjSX2qC_znk",10,6342691,85910,5384,5117,10
"0Xj1inkyHko",24,6326623,15900,4316,1538,7
"bhF9fBKyMEo",24,6307424,305339,10676,23126,6
"madsiEmiEZo",10,6306567,74125,4956,3617,11
"7cZVSBd4du4",1,6289543,42789,5714,3817,7
"BqW6YBJx3go",10,6270545,135779,10538,12467,8
"AdZpDrdIEU0",26,6263637,53006,5620,2721,4
"N1Bsvxje-Dg",23,6219503,477932,9727,28089,3
"Gwb6XaddA20",10,6212638,36645,3561,2436,3
"2OGCfWrJ5XI",1,6199612,32955,6214,925,6
"py2Z-UNKtes",10,6171775,160818,5162,10216,8
"b-4zZROZ-GQ",23,6163362,357379,9644,20394,9
"ycPfmwVZ5DM",10,6111819,159078,32656,16029,4
"4U9b58rtoNg",23,6074141,386429,14935,17112,6
"vFWlCsjWFMw",24,6073361,165713,3486,6603,11
"o5QHbTL3uUI",1,6067443,29007,4788,2126,5
"XR7Ev14vUh8",10,6049133,258605,3643,9854,3
"rMQ_TUEwQEs",10,6042547,205754,6209,24022,4
"a9_oVKNGUjA",24,5989375,7110,4246,1217,7
"kMEfhcc6zxs",10,5987198,63052,1485,3107,4
"jmUooZZ96Mk",24,5983832,38173,4881,2119,5
"cyPyIj08drw",10,5975148,151367,3233,2787,10
"aj8mN_7Apcw",1,5952978,50247,7174,11780,4
"mwKe-dsEDJQ",25,5931417,6349,2608,146,1
"2byhW3BOKTU",10,5885954,111880,3933,8059,6
"0XuOkYlUWIs",24,5784740,209646,8134,20196,7
"C8kAZoUpAfE",24,5746096,20346,6208,3706,9
"EN32N-HlGtE",10,5736932,111490,2604,3818,6
"sYOSR6sPL7Q",23,5682512,323742,7039,18537,6
"FgPGam6RBZg",1,5643806,20698,6209,2912,2
"RlAN6EpUxvM",10,5594259,82591,1585,1983,3
"BzrYAbVwioU",24,5589544,23152,4676,4663,11
"vwTPlIGfoIY",26,5580658,43511,5711,2695,2
"4xTpw-05J0k",24,5538066,374782,8463,46339,1
"DKPCBAlDw2A",10,5524232,266387,7637,14388,6
"ivmmk3Ud_Xg",24,5523591,104434,5459,6452,6
"ekvi8tVYem0",10,5490160,191780,3074,10327,10
"TeA293PMT1s",1,5480015,46835,3880,1397,2
"gR0pSSISaVk",17,5451646,51723,3351,5498,4
"HFCfYCewHuA",24,5436462,240509,7489,27437,2
"Q1TXk7ZdiQE",24,5432414,149111,3183,15905,2
"6Q0AazVu1Tc",24,5423477,85639,3361,0,5
"D5f1WGMQ7Ks",26,5412459,62407,6106,3710,5
"1ZAPwfrtAFY",24,5392036,142006,10797,18930,4
"n92qIk6nU84",10,5374428,78340,1578,10785,4
"FCUPcNBpq4E",10,5364271,72741,8055,3774,11
"G7RW-KVDeEo",10,5356850,91485,3546,4286,10
"UfKmSfgFxi8",24,5338017,316584,7537,17977,3
"GjDK_6NtYGQ",26,5338010,39989,5091,3134,3
"fpxBxp9QKrk",24,5337764,74984,6234,6031,9
"5lbLSfEdBeI",24,5334775,34279,2044,1175,7
"vJJxV4goxo0",24,5330172,19972,6080,1715,9
"QCjk_NPsIqU",24,5295639,154091,12230,23982,3
"hmRt1GgCqxg",23,5275905,340058,13770,38802,2
"fuoCUfdqZFI",10,5267622,63846,3190,2884,6
"xzzs_1EdfJo",17,5250265,27042,3796,2890,4
"W7S4jPxaPno",24,5237190,19781,5629,7416,10
"H34qrTkhFz0",27,5217644,352049,7352,35998,2
"yHRlVjx3tGk",24,5217526,21981,4814,4406,11
"I37Aa8AAXXQ",26,5217373,46787,5200,4441,2
"J-IzGBU344M",1,5214168,42060,1884,2337,8
"uVcvhKTVZ8g",20,5205536,150437,5939,13416,4
"j2O68Ho3Zgg",24,5181596,52079,6358,6381,5
"1SiKopOt-QM",26,5168203,51975,5286,2538,2
"0l35jAGQPOI",24,5146567,415268,5337,48943,2
"Xe53gFvlUD4",10,5111035,74973,3444,3074,3
"_vvvSyBNiHc",24,5099409,472106,7290,54478,3
"mt-pg8FBBDw",24,5065002,288382,6835,23221,7
"Bu815qW1_zA",24,5027872,1523,36,185,2
"Yo2xGjYCYjU",23,5026542,376252,9071,23511,6
"OX-h7MtkeOI",10,4993836,83964,2882,3888,4
"NwV4wn18Ys8",24,4986969,93992,4666,8543,6
"Ku8PsnI9Mw0",25,4979532,17315,4719,1170,5
"2RPuAW7E-YQ",24,4978688,418207,20558,44389,5
"Sm2ArOlORFQ",10,4951002,78402,2675,2893,6
"Rlmxohf1i_8",1,4941744,42548,2199,2291,9
"ZQc34LzQeZ8",24,4936575,240715,3872,26876,2
"6eRlGufav7w",24,4934366,40581,2607,1519,6
"bFCVXPTJt_4",10,4894651,65899,9183,4977,6
"7kLO2AB5SPM",22,4890338,223455,16884,18874,3
"n7YddfDo4N0",10,4870853,90868,1518,5707,6
"zDz9s2AOTVE",17,4837982,62706,3745,6127,3
"ogyVcszhaKM",10,4829440,109456,2768,2505,5
"LPVXV5YSANY",24,4826836,13685,3549,540,6
"qdkDicI1Vp8",23,4805885,300101,17036,17822,6
"clQGvMBNmqs",17,4802685,57261,7261,10039,2
"zN23NjdOT14",23,4800152,278199,9601,14430,6
"YEzbFCLLvtc",10,4795706,131754,3621,5235,6
"2s4GMLkTNv0",24,4791237,431897,3350,36972,5
"w6HNZpaYXtM",26,4784549,56169,3482,2240,3
"dT5ALH3ICTc",22,4749671,116435,5782,11521,2
"xmupkoVfUnQ",17,4748704,32398,1909,2810,3
"q8v9MvManKE",1,4733057,445944,10306,35394,11
"jvO1GDJXOgo",23,4698989,355229,8792,41355,3
"9AemOdm8LrU",23,4686547,339183,7621,42964,2
"LuswB7sAvyo",24,4686186,232318,9116,23706,4
"xF99M6Zilac",26,4662080,39448,9609,5339,2
"41dRU2x6K2c",17,4660155,39676,2158,3010,8
"eS4rlDJ1aVQ",23,4628972,280539,7213,31392,2
"6WgnE6J07e8",24,4628021,48084,4464,3847,5
"lT15HtJ5Gsk",1,4621863,64622,5770,4272,11
"Lcij3jhmslU",10,4597238,15121,5088,2036,9
"WZ00WbDS2Gc",10,4576889,50203,1558,2902,1
"kPu7_3IWjkY",26,4575038,28447,4350,2290,1
"emZFn3qK2BM",25,4560551,43382,5485,1750,5
"FbfRstNT8N4",10,4556911,11695,4542,1200,4
"vFiXnSXr3kU",10,4555785,100367,2269,2874,5
"9ND-Kmd60t8",10,4550983,100242,2698,3398,3
"ZtFjx3-gRkY",10,4542236,112384,3328,4285,4
"uBYzYji4rmE",1,4539805,107953,5670,16124,7
"2hkhKftPcIY",24,4531157,75512,2636,3303,6
"06nBPJaLIP8",26,4521181,22708,3653,999,3
"VGQ1BM_DKKU",24,4504979,20668,3613,3586,10
"Waf5MF-UUj0",24,4493196,239299,3739,38861,1
"lN9WqViMBKk",10,4483185,57289,1210,2107,8
"KQb4d9N-sQw",23,4467830,279699,5094,16665,6
"pHxlZ4dTXug",20,4460448,298827,6213,39500,3
"Sw018TePayo",24,4459620,32381,3110,1755,7
"njF1S4oQbgs",23,4426623,269799,11929,39567,2
"LVAsRO4QxXU",10,4420282,55149,1875,3083,2
"TtLv2thtu2s",26,4414429,36761,3737,1999,2
"Jz50eTT6y8g",24,4410665,247064,6111,28453,3
"Qu1KNkhXq8s",10,4408150,123883,7457,3538,4
"lGF8nd0mZVs",10,4399046,95016,1979,2798,4
"tCnbAAgfxH8",24,4391924,48797,10521,7239,3
"iNQq32twAH0",24,4389486,39892,792,2237,5
"hOoqzQm_c5I",26,4381895,37020,4294,4012,3
"lctpxIeBFWA",10,4377097,11570,762,531,4
"Tx0fhKJRaeU",23,4375355,328356,6380,19368,12
"BASh7eNGciw",17,4361354,19709,3364,1926,3
"Ka8QsMQY4go",10,4357419,6546,950,453,2
"76h4h9DlBaM",1,4344447,26698,3039,1951,8
"dDRfdMWtRHI",17,4337113,76178,19274,3514,10
"425M4M3Opkk",1,4316022,108577,3888,13454,2
"tjA7nAHOAww",10,4306937,226771,2558,9992,3
"LpYlebfz4fw",10,4305862,55477,2013,4438,7
"bn6j8i4bmZc",24,4295369,43852,2671,1799,3
"ySy8mcceTno",24,4290425,77142,19170,26472,2
"DdIs03ufvxk",26,4289651,31671,3277,1876,2
"2wGSKHW2PvI",10,4278134,212829,13136,19447,3
"JwB_qfwFXZY",24,4274433,66765,4905,3018,9
"RkvczNWh9ZM",23,4271647,362130,7551,32433,3
"ZCPwpcurYns",24,4262630,284464,4430,25169,2
"g6iDZspbRMg",24,4258967,94506,3247,10240,2
"wiDdIq4UPIM",26,4257041,28611,3271,1860,5
"h3cgHyusc5s",10,4245570,127694,9624,6541,9
"SbrOMrjhyvI",1,4238781,27641,3051,3491,4
"tzh-kQvtmiw",10,4231464,87841,1890,6072,6
"L9Eb35q4-go",22,4212327,22073,2576,1355,8
"W6abyARVpLU",24,4192239,21743,3950,1008,9
"7qxPqKnSbpE",10,4171658,63028,3023,2149,6
"YAzs-timxnI",10,4155798,53087,7195,3827,5
"V9tw4yMJ600",10,4153997,115515,3041,5467,9
"ZyWX6CjJCIU",28,4138484,76430,1801,11335,1
"HKYR54uam0Q",24,4135577,75550,3248,3745,4
"CcdgO10VbcQ",26,4128228,55961,3633,2331,2
"jSxKvP5VaTA",24,4116637,16372,3329,2012,12
"AeJ6xTBXA7w",10,4109122,10828,3527,2019,10
"x3zQELlrY6A",22,4065061,85048,3769,9390,2
"Dv2uCOtlWYs",25,4051747,34951,3322,8977,6
"gZ64Kn1rIOk",26,4042640,60593,4013,2006,1
"j_Vlg4K05s8",10,4040002,116246,2217,9350,7
"TQGF3t1HNoM",1,4017379,45293,2496,1417,5
"Q6M255BZ0HU",24,4014269,311846,23838,64316,4
"sjVqDg32_8s",1,3967200,41742,1500,3896,2
"GvrpSm6d7_E",24,3951879,16330,2989,2346,11
"k-6TLz9LBrw",10,3949557,8518,1112,471,4
"1Znl8OUBa_o",24,3947122,258380,4546,36035,3
"QDkI8YZouc8",26,3933964,40620,3424,2228,3
"zRdxP3PbUVk",24,3924544,10716,2376,434,3
"tlILlcCE8Sc",10,3923869,206388,3039,7263,7
"M0DJx_EqFxU",24,3916674,16280,3532,2386,11
"R4LA6v2u47Q",24,3903735,25232,609,1127,5
"eyIr-cvzrRA",24,3902101,21589,3384,3302,8
"U3xLOo-CNwo",26,3897195,31125,2771,3665,2
"KhGyqT58vEY",25,3896398,45484,5126,5210,12
"Q3L0gArhmaE",24,3893338,289795,8865,32839,2
"LBouZZqO0mc",10,3877713,81572,8608,4885,6
"R2YVa4Nirsc",26,3876654,31762,3161,1598,2
"pn6M7_L1JbQ",10,3864577,103014,5540,3504,5
"mXQuto1fMp4",24,3860484,72491,2845,4456,2
"Zqv5CBWt9yA",24,3854712,524135,14650,55735,2
"P8ZWk3S14ec",10,3846957,86179,3704,10348,2
"tORKgibhfBo",23,3846666,261554,7810,30919,9
"fl3gun0J8XM",24,3843096,15445,828,1115,5
"s1NkRKhH9ss",24,3825489,0,0,745,6
"ZSd1Ll2nnCw",24,3825372,42048,2185,4805,3
"89OP78l9oF0",1,3819497,24081,2247,3310,2
"KCnKJbNSibA",10,3809799,37102,2923,1275,5
"tqPub3p3k5E",22,3777322,90542,1768,9705,2
"qtROOWvg9MI",24,3776897,22168,3487,2629,6
"JUabUTqMgpM",24,3770017,294566,6240,43425,3
"thQyg1i5kI0",26,3769407,33824,3013,2070,1
"lRj5d35ePvw",24,3742740,76756,2931,8398,2
"qhQqaLZnGoc",24,3734379,216725,13725,14371,1
"zOOmEDwPJX0",10,3733789,54050,1286,2813,4
"OJpb33H5JfY",25,3729663,6554,6723,1467,9
"rdeQT7KkqM8",22,3723063,88706,3541,8059,2
"5atVDycaXWM",23,3715225,326491,4375,26962,3
"nDOpAEW2q2w",10,3708920,13335,677,761,3
"vrZaG6hZInc",25,3704049,18461,5662,7817,6
"VvjjGtSDDo4",17,3701118,72869,1870,6058,2
"a1tvkHx7iW4",24,3700836,32959,2756,2464,4
"kuKF1WICu2M",10,3700611,12461,3254,1627,5
"53smGgdkBcU",24,3690613,43539,1883,1496,8
"rs2RlZQVXBU",24,3690551,113068,6202,12160,3
"sYvH7Y16iUM",28,3682919,112306,4336,11516,2
"vbiiik_T3Bo",24,3672946,80404,6040,7919,2
"mCoP4PjFZ8I",22,3672025,126003,23290,32119,2
"KwTBowhertw",1,3670263,5474,2745,1143,4
"5JjPfpSrtvY",17,3668650,32163,2600,5812,3
"Ey-23Tw7f2E",23,3666901,232934,9038,14421,6
"Y0KgYB3wIGo",24,3657659,56981,2069,1633,1
"UbFo4U43e5g",24,3655908,181281,6382,7937,11
"bc5BnTYRgx8",22,3652312,97738,4141,13743,2
"ZIHhuwvT7R0",24,3645728,19546,1980,1384,4
"U8LHgq3Jlnw",23,3644430,229416,6627,13658,2
"SUrbuJuP2hs",10,3637277,81378,5069,4212,2
"6ug9zvC9pJM",10,3617966,135853,2331,9089,5
"w5gbHSfbiK4",24,3615349,347329,3106,47835,1
"8LPVjHxXvJM",23,3614310,104767,5237,13379,1
"SPQbewtlChg",17,3611707,23113,2862,2071,4
"mctn16hLzhg",24,3610620,73422,1845,2878,2
"mPk4Q4Rep08",26,3608275,52440,3578,2199,7
"ZfUyn42jeqk",26,3602745,34652,3099,3745,2
"oMe2I3AkWPQ",10,3573174,68387,2898,3875,1
"IxD2NbXzgpQ",22,3569446,89308,5479,15527,2
"5phMkAbP0SE",1,3566946,18162,1956,1190,5
"Nkh00qokVBA",10,3563619,53505,15341,4525,11
"VJHaIJPf-ss",17,3559870,26808,956,928,4
"o39s-MNM2to",10,3553910,72228,1493,2707,6
"yzWkFrthVdI",24,3541028,26966,1504,1104,4
"KHIJmehK5OA",10,3531669,11508,564,789,2
"hvDDl1feEug",1,3529469,68752,4366,4095,2
"LEcbagW4O-s",24,3528067,107534,7930,16503,2
"vcw-juQsSNo",10,3527331,82218,2607,3808,2
"oiqqhuWYbvs",10,3500064,146562,12147,9832,5
"a7NJ6Gek9v4",22,3495663,198519,4655,12821,2
"OQkfDJ2zVNo",23,3493116,58396,18009,29907,3
"rDkjsZ6i4FE",24,3488918,63979,2545,3914,5
"3NKyqVWZQsI",25,3458879,11985,4705,6037,3
"y_aWUnh7RkI",24,3439987,24111,2993,2394,5
"UCoogBnurWk",10,3437873,97833,4514,5628,1
"7rfsVUD1g4k",24,3429463,8392,1429,506,3
"3IYNmenNBoc",24,3424933,8047,437,322,4
"JMavv6JDjS8",24,3424579,121694,6137,7999,9
"Pv2k8eyuOSw",24,3421628,34704,2674,895,5
"vUxpKtjFV_s",25,3420317,16083,2753,1065,1
"tugFFhML7VY",24,3408749,296816,4379,29359,4
"6YkK1fTSzss",10,3404447,149027,8125,12480,4
"hrkLzHGwRMk",23,3401497,249240,6925,18245,5
"j2wDUFASet0",23,3391406,351069,9615,43298,5
"QhkQe5Ftp7w",1,3387120,18764,2012,1600,5
"cH4mYC91omg",24,3382059,35229,2646,1944,7
"rlwkjeevtZU",24,3377158,28409,2087,1075,9
"Mg9NphC-Z-I",24,3374004,53485,3285,4971,8
"fUTyUjYldqg",23,3368378,306921,19515,28269,10
"HCkc-PkQ7sw",26,3361697,28720,3212,2155,3
"u871WK7kem8",10,3358036,6851,365,455,3
"ycuMyyqBWQY",22,3352817,165678,10159,16709,3
"4Poic_Mj8WM",10,3344805,34584,2299,1661,8
"z_rHZI7AIUo",17,3336417,25285,1226,2354,2
"7bfS6seiLhk",24,3335892,73812,3665,3354,1
"M7od26BQnvM",1,3323210,14156,2274,692,7
"8V08Gu1DOgE",24,3322130,35099,6902,4030,2
"JlCBt9tYNtA",23,3316303,234243,3616,12896,6
"BAp-LNDkGOg",23,3315697,322915,10068,28008,6
"IaeLD8bbZFo",10,3308384,138281,1233,2107,9
"nlozE2m-NMc",24,3306528,66034,1749,3483,2
"pefGcGvkStI",17,3306094,22784,1148,2163,1
"CZkUNPBlJIQ",24,3304617,100368,1415,5472,1
"5xnZ_CeTqyM",24,3299266,68171,3221,7629,2
"TjXQzRWmb_I",1,3295486,44238,1289,5498,8
"KsJtR49UlYU",1,3292160,17673,2268,1026,7
"kwrWhv7FQV0",25,3289947,9152,2336,56,3
"45Nkhoa72gY",1,3283995,10595,2567,0,3
"sVA-SDYndg8",10,3277824,43571,9820,5593,6
"94yKLV8k2aE",24,3263604,20444,1869,1669,5
"g8kzR3wEk-E",24,3259766,108664,7634,2747,6
"Ye4z35i1b2Q",26,3257549,34529,6489,5361,2
"II2BMr4LzcU",25,3257462,17820,3463,0,1
"WO5s0HXcqr8",23,3253680,224606,12286,40739,8
"gnLGPslfX0c",23,3236130,178012,6427,9256,8
"V4WrziiFXPw",24,3235183,18293,2988,991,4
"PjTU0DmBWiU",24,3233766,279457,3762,30611,2
"YG6kkjm0QvY",1,3231065,9014,2967,1449,4
"vjnqABgxfO0",24,3221044,48368,13805,9578,1
"nZVlisKtw6s",10,3215881,93114,4039,3624,5
"sqFVrfinlYk",24,3215567,195559,8978,22398,2
"iP-wzsu8pKw",23,3214731,281562,44753,44827,9
"w0acWCFOfmk",23,3209037,243770,3647,13310,4
"MFII4q-QSXg",23,3207629,211116,4763,12360,5
"DCUyV3eBilg",22,3207142,162852,25167,40124,1
"r-3iathMo7o",28,3205123,74191,5438,9400,4
"Lfj5-qN13jk",1,3196475,15636,663,798,7
"82QbMrg2HoI",23,3186914,62375,1683,5381,6
"2fhfmtPDqLU",10,3186351,8014,3093,918,3
"E9Nh1gayzOE",23,3182787,64341,576,1606,5
"VhI2EpAIcm4",22,3181665,74464,5916,13099,2
"0-xwTI8MKO8",17,3174035,12969,338,1572,1
"JJpcCKKqc4k",10,3172831,56079,2448,2097,5
"gDBz7Oq_lRI",24,3171129,66837,2838,1759,5
"YSNzBAEQBpE",23,3168478,239010,9445,30461,9
"muzsTfb-wlE",17,3166997,36929,4552,2736,11
"nCNXaH67B-w",23,3158126,328448,20029,36377,10
"O92pekaban8",24,3157704,130225,5403,11825,4
"AubUZV8tWKk",10,3155413,74141,2378,2168,3
"ihwimHKNTnI",10,3148409,4637,567,1216,3
"yeij2JKM1mU",23,3147561,192171,2896,14055,7
"DZ9U5xXXPUM",1,3146172,9133,2427,571,4
"S6OAoRLOIdY",26,3145891,33202,2912,2912,2
"EJsp2HSTyOM",24,3144214,17225,2209,859,9
"PzcaR1N0pTI",1,3141764,57674,3729,9991,2
"ipWfcK1HVdA",24,3134196,48734,1634,2685,4
"3VbHg5fqBYw",24,3111226,127078,12403,18233,1
"hWQiXv0sn9Y",24,3111056,66571,1473,5787,2
"ARjuAXCX5ls",1,3098405,6494,2064,889,5
"KKTli67I340",24,3089368,32762,7443,3917,4
"4ZW46kW7mG8",1,3086548,145472,1040,2426,8
"T5nF_TXzCnI",24,3082078,28905,2751,967,1
"P9IyhwSBqVU",26,3079348,27953,3259,1447,6
"AawqPRfIDK8",24,3076083,33260,2900,1442,4
"PppTh1aEU58",10,3071712,9264,3965,1184,7
"1LOYHEM_P58",17,3069534,48461,2547,4266,3
"yHIpYDPbOho",26,3064808,26665,2715,2051,2
"GwCjC9uSFjg",10,3062904,82803,1912,960,4
"BIKnffj4r34",10,3057874,58264,930,1195,3
"YXC2C6o9EgI",10,3053515,43379,1594,2074,4
"kYs_-iqfO_k",10,3044329,46393,995,1020,4
"mOVPStnVgvU",24,3034924,68076,2861,7083,2
"tHmAPWOo2jY",24,3030716,204977,7261,38190,2
"X7azjtgdDrs",1,3028544,89656,1941,3286,7
"prgbaGi7_Ls",24,3019522,18189,3661,890,7
"vO6AEZzL_oo",22,3017856,73984,7152,8240,4
"nfuXbnmdpRE",22,3006287,50060,4391,4758,3
"HhwTvDbsebw",1,3002972,10084,2109,571,4
"yANcfPr-EOM",10,3002626,69910,1779,2901,4
"WJ_9PSzvroo",26,2995128,21336,2264,1354,3
"GQ6vzpy9QKw",26,2994756,20739,3189,42,3
"9fB0GBwJ2QA",24,2985326,76527,2952,10301,2
"ON6fCdE0XiM",10,2983739,40434,3895,2285,8
"Ehgj5ZPCS04",22,2981313,69567,4380,2203,6
"yKkheNpuOKU",24,2980781,16579,2549,1628,5
"9fRbhzna5Q4",10,2961432,68015,11035,7026,4
"5n8DiGocuRI",20,2958547,40124,2117,1369,4
"Hm32viIpFqk",23,2957468,383520,9323,34883,6
"MYnO9Gfh5ks",26,2952783,24876,2740,1284,3
"GoAdwD3VBV0",24,2947931,38840,1548,1499,9
"28j8h0RRov4",24,2947917,43605,1345,2038,10
"sPK8bwoqJvI",10,2940141,81501,2957,4638,3
"s26JfwmlIKc",23,2933896,322696,3851,24534,1
"Z6I9D_ZA_zY",22,2929769,17844,2046,1575,7
"4BD0jvKhFPk",10,2915821,48977,2872,1931,8
"d-xSH9zlKpE",10,2915253,68540,2067,2903,6
"XYviM5xevC8",24,2903560,64666,4816,0,3
"XvHSlHhh1gk",24,2901230,59942,1520,8886,1
"1T5dBuOA4Us",10,2899980,104887,9386,8958,4
"8ObjsIdOzR0",25,2895347,28775,3459,1137,5
"E1WbmCr9MeA",25,2893991,17776,2365,1272,5
"yhXJLldSdkY",24,2893676,13847,1416,1111,2
"_cjgmrR3NOQ",10,2891686,45521,660,770,1
"_kPbMBMxKdg",10,2890314,91739,21866,7570,9
"J83sZrz9XTc",28,2887961,102175,2307,14290,3
"DcV7d3py-Mw",1,2885804,74479,1643,4082,4
"qwnvwaMdPbo",10,2881659,24816,2139,2546,4
"YziLDTeZXoQ",10,2878418,45764,3762,2123,9
"vkA1rFrNLWs",1,2856266,193959,6440,11392,3
"xRZAqqxiigE",22,2852556,24064,2132,1582,4
"B1Iv5lRnOSA",26,2851157,28160,2420,2025,3
"XvIpLfV5GKo",10,2842871,166109,2699,9020,3
"LWkkT7y0sa4",24,2838825,11808,2608,1669,6
"EsPrpf_vpi8",10,2832158,174579,8034,11830,5
"78ICyjpJ-4M",22,2828699,16484,2703,1719,4
"VEY8mlKPjP0",22,2825226,102538,11306,25914,1
"CbWP9nvnRhw",24,2823761,183160,3283,17183,1
"-7dTzc8kTOY",22,2820328,96617,6336,12063,1
"k8MsKn2QPEg",10,2820188,77035,2710,4713,6
"Xr2UE5SQCIU",23,2800717,215444,6164,16324,10
"FwBHy9h2iPk",26,2796075,31742,2016,2564,2
"W-wC9I3WDV8",26,2789693,21779,2263,1845,2
"UsciN7COX1g",17,2788033,39291,2447,5223,2
"2Yj7dHCAtiQ",10,2782852,55739,1442,1774,7
"u4jyLpmIdqw",24,2782697,43970,5319,2215,3
"niKoi5npA8w",24,2776367,163442,6676,15701,9
"QCybY-kdhIU",24,2772480,30893,3309,2829,10
"rucOLpxX6WE",25,2769089,0,0,0,2
"BGJc2BeunGc",1,2766591,65531,1773,2230,7
"rACUJRvOKy0",10,2765957,57827,1259,3060,4
"t3HuWPihmQ8",43,2764124,19387,1436,571,6
"7sDgJi9z4Us",10,2761526,73057,1765,2030,4
"QAwugvwTPEs",17,2758507,15509,1599,1789,4
"x4gQHzfLKsg",23,2756403,278041,8745,37304,7
"PSQAW9zXPpA",26,2753851,22301,2792,1811,2
"NeaMJlnXa1E",1,2749568,74919,2874,4062,4
"mXri_0ZxyIA",10,2747177,43527,864,1596,2
"oz3IhrrTslw",25,2738582,11833,2932,5770,7
"zUZ1z7FwLc8",25,2735945,2357,6763,0,6
"1qnu1Bmg_lA",24,2735831,24277,4246,2210,4
"UX6jUMGmtxM",23,2733632,157215,11241,11207,8
"XD0lxNiZ7mE",24,2723768,170140,8886,22429,1
"yi6Qul006Ac",22,2715114,16011,1763,1362,7
"AKi4CSvMGS0",10,2709093,83867,8547,4155,6
"PYzAFml0uhU",24,2708547,31972,6426,3121,2
"MN840bAdQyw",10,2687405,48583,2278,2197,8
"ZzGidJNb4eI",25,2687134,6351,2476,13,4
"pjagqAGyoS0",24,2686783,203314,2207,12989,3
"PTQMog9u2Zo",24,2682056,39322,2362,0,2
"UPbi1oG5UPg",24,2675706,96485,4181,6634,10
"aziP2wrZqME",24,2675561,27843,2300,4573,3
"7HVPdTTuDno",25,2666181,24428,1804,4900,4
"PBuCqgA7u5w",24,2664065,2351,4169,883,1
"lUnu1n6FzsU",24,2655637,23606,1910,985,2
"ptqKHvxfQVo",20,2649484,39648,1626,2043,4
"7Z7xbelZI_Y",24,2647997,68117,779,2130,1
"cphpCPRrIIE",24,2647456,22912,4812,2322,4
"p6YqqDEaNno",24,2646722,27899,1435,3230,5
"yt3WwZc637M",25,2643320,8074,1719,0,1
"xM5y92gT_cI",17,2639852,8458,755,1828,2
"ja703gLo4eM",25,2630305,25060,3246,4192,5
"X2pdfoBng-A",28,2630109,402773,6780,377912,7
"xZsONNB3gXU",10,2628415,67466,2637,4351,5
"vD7bmadZb24",26,2626139,17382,2475,1732,2
"6l21a-M6jqo",10,2625379,32148,1085,1318,4
"ndGRpZ7c49A",26,2618026,33740,2548,3226,2
"FAs36FIRAzY",1,2613792,73964,3481,3545,4
"L7ikn3dU7R4",26,2592680,28536,1784,1051,3
"ndj9CppYvv8",22,2591514,83562,1821,1449,6
"TDF1qdUtbzw",10,2587681,38714,889,1563,1
"xsbLtHql4g8",10,2587225,111346,2624,4005,4
"aaVPh1Qr_t4",17,2586322,14325,1557,3609,1
"rMFxV-l3qG0",23,2583424,25747,7267,15274,2
"VuRhr5z4_Rk",22,2580312,21435,1947,797,2
"hN1ytpWkDck",24,2578856,31375,6040,9459,2
"P0oXH5SyUuI",24,2575649,12279,1786,694,5
"uz7DycAvLtU",26,2568372,26914,2417,2486,2
"bPNi_492aEQ",24,2561527,44720,946,1826,2
"fBq0DLDLZ34",22,2561475,14211,1428,796,4
"W0fKl43QmIE",10,2559993,86450,12744,6846,2
"sfU0qBEbY_A",10,2558560,51280,2341,2379,7
"lWhqE2Vs9DI",10,2552709,57520,1745,2497,2
"y5uKhAsNVks",24,2552228,13172,1291,522,5
"iK7ROzfOW8k",24,2549922,217178,3104,23420,2
"XWvhubdMsNY",17,2547724,54188,1568,2885,3
"gD1KhjplXEQ",1,2546223,15961,484,1230,4
"YasQ-U0QWR0",10,2545590,62600,2146,3089,7
"M0oZG60WD9Y",24,2538751,103221,4104,6593,10
"3TsZfNzzxIM",24,2538246,87917,4639,5383,9
"9dSxRSbEZd4",1,2526833,44804,3839,3873,5
"9wfx7EzxUIc",1,2523395,22995,1400,3719,7
"Wj34yfjN0OA",24,2522998,37123,2626,1653,6
"wGZ8MfccVaA",10,2520976,19193,3354,2502,5
"XCMyDvUqQnY",24,2514068,69205,3696,4703,9
"d380meD0W0M",24,2509626,144816,2262,18893,2
"qvHirdMiebE",1,2508823,20610,1133,3830,8
"VIzi6Ade_0w",10,2507252,23406,847,1219,3
"io-WuGHSax4",24,2505814,94174,4685,10910,4
"DwHPlawAJ2Y",24,2503966,48657,2419,2662,3
"UyDZofuB0zk",17,2503420,17252,1482,4010,2
"2HpSqRPffZ8",22,2499937,11332,1168,832,3
"Tz6yV62JP04",24,2499914,81483,6011,4059,5
"UeybP7rjYkE",24,2498557,48354,2322,1880,8
"qFcCpM8tOnI",10,2494133,50958,1935,1648,2
"XlCHEONTqnc",15,2490776,186307,3322,21384,2
"svuLVNad0BA",1,2489168,18807,1841,1397,4
"7Nv1KoqM6vc",23,2489141,26177,1253,1820,2
"_nRicl21hd0",24,2488115,17627,2300,1493,7
"rYY0gf2-eLc",22,2486139,10528,1840,1092,4
"ZAfh6okEgUM",26,2484656,26414,2051,1414,1
"Tdp8DqQcSPo",26,2482022,29659,2279,1285,2
"O2N9RhlVSoI",23,2477298,225649,2705,11519,6
"P6neTV6N-Xs",10,2476878,62069,6038,5306,2
"AtkjageFeiY",24,2471057,116994,2758,8193,3
"nezwYEtwlOA",23,2469564,17840,2165,1324,7
"eImcshbklK8",26,2464973,25052,1908,1430,1
"JBDWIGpKnwM",24,2462247,147894,2027,11420,3
"ZRas5gKKIp0",1,2462051,64530,3900,2596,4
"VS6L_gDpXcM",23,2460731,185237,6622,16839,7
"Uhc6pgU8W88",24,2459701,14499,12376,1648,7
"aTauLr_RVms",17,2459371,11707,3113,2946,2
"59mSWKsw-S0",10,2459115,12727,583,890,2
"ckS1F3mJzb0",24,2458004,41106,1260,1603,1
"3nPEkZv0-OU",22,2455496,60403,1324,6836,4
"DvDty9y-8Gc",17,2452830,16315,1534,6302,1
"PoMehCHkJ-4",22,2451268,12086,2130,718,2
"5JYqTSSH6IA",24,2449920,49061,908,1992,3
"YpkJO_GrCo0",10,2446019,34399,1130,1740,5
"KGE0x5dIpxA",26,2443111,50703,31993,18651,5
"i3fnoWnd04w",24,2441595,13758,1864,1584,8
"sbN6zthDv4s",24,2441167,45406,4840,1747,4
"eIp7PYuAu0k",24,2438381,43792,1039,2050,4
"fZmtdMiD_c4",26,2437072,25395,1943,1983,2
"j6zOKx5swFc",22,2434814,14882,1634,1092,4
"pC9dViGfJ2Q",17,2433172,10370,883,2587,3
"NonKN3YAMHE",17,2432130,15263,1140,1252,2
"Hb-1swI5E_0",17,2429275,14517,1024,1588,4
"yeRAwhtyD3g",10,2427505,41562,3305,2932,6
"qt13pXFT4tg",17,2426665,18264,1946,5692,1
"3DvCd1SERoU",26,2422977,33058,1929,2354,1
"KEFLv6o8ATU",23,2416876,180888,3443,11512,5
"8c6-SPYAaRs",17,2416034,22005,1363,1460,1
"K0wOMX42b1Q",24,2415966,10998,2228,1621,4
"dT7UQbDwWPM",22,2413546,12532,1827,910,7
"tEG1Eo7OexY",24,2410999,232441,1327,21144,2
"6jetElIwt-w",17,2410559,16816,826,1410,2
"82sSofpc1II",10,2408347,137345,1780,10650,5
"T3qcb_9lRr0",24,2408210,20860,883,1381,3
"Gp40Uztk3bg",24,2406040,26845,3483,6845,3
"_jlVhEs75Fo",1,2403622,93273,1743,4475,6
"EDyzbCgaCLM",22,2403143,12119,1528,748,5
"7pbyoNwmcpc",10,2401132,67849,2009,4632,5
"m82CeMRZ3WA",10,2400489,68148,2847,3217,9
"U6b_QeukGuk",17,2399022,11607,1151,3384,3
"05KG0F86lJc",25,2397699,5763,1750,2004,8
"RtMflh6B2eg",25,2393740,12718,4716,2244,2
"PdCpZF-RWnE",26,2381144,21224,2239,751,1
"DbPIkpi0ik4",20,2380874,87420,3248,11093,7
"PJWBgE0nPkg",10,2378777,18893,1234,2082,3
"JChBRzeLz8w",24,2375944,13868,1015,1629,6
"YHFGWsQrafY",24,2370897,23889,2823,2198,7
"A02DgEXB2hs",24,2370154,122583,4886,9420,7
"Jtzn9OQ20Vk",10,2369761,83419,1346,4239,4
"mfC-E6oku9s",10,2368233,49279,2410,2297,6
"SuL-JnQsiKc",24,2366078,18777,5546,2471,6
"JDxH9O2X0I0",22,2365304,11600,1542,699,4
"ZhqZCMdvKyg",10,2364553,57627,6204,3186,2
"rWmv4OzdHQw",24,2364382,16842,5087,3055,7
"ePue6c0HtdI",22,2361501,20724,1640,2097,1
"0R8DWtZtLEw",24,2360088,8009,2074,652,3
"pWT8Snks6oo",10,2359376,57406,1176,3690,4
"LFxOeKDchNM",22,2358827,7697,1606,1286,5
"LFSacMbImys",10,2357542,60763,2043,3801,7
"XsdbNvZnD70",10,2351989,51993,2040,2207,6
"d0NNTQLLVQY",17,2350928,31283,1703,4131,4
"IBXj3NnIEl8",24,2350043,11268,1066,479,3
"daDh5JJdLYw",25,2348459,23048,11442,2749,5
"WGD8XAcgMe8",1,2343973,12348,1704,572,6
"Tg9OdmUD9cE",17,2343623,17883,883,3769,3
"GKKTIB99OMw",22,2340159,6927,1692,154,6
"Vqw1OZRY6GY",22,2338579,12607,2045,785,4
"-6rP8FO_Vwc",22,2331112,52965,5881,7898,1
"_g3CYTjLmS4",26,2328327,24874,1740,1725,2
"55tYSCEuHVA",24,2327721,11609,2072,1119,3
"lEIiEJYszSI",22,2327719,9863,1346,739,3
"Mqfh8_Uk1eM",22,2326210,10760,1089,1048,3
"2kyS6SvSYSE",22,2325233,91111,7543,21450,2
"GABCneYEE84",1,2318176,65752,2188,10950,3
"xSt82bXKhkA",24,2313203,10636,3692,809,6
"Tim5gKNe2ic",24,2307831,2692,1493,328,2
"LmYWMB-u73M",24,2306283,6237,2032,645,8
"QpyHrQYeoIE",22,2306250,63841,1502,7015,1
"CvyzBMTQa40",24,2301094,169319,3117,16155,1
"xOYNd577rIg",24,2298573,10095,3787,1104,9
"5LzfVwxDTPU",24,2297252,59290,4159,3483,6
"VGmq8mK9hno",10,2297243,7048,2373,1329,2
"OJCkO1w9JoY",10,2296736,50415,3137,3448,2
"LEuklUa3UUE",22,2296712,12712,1724,851,2
"dbDqMXmQEFU",24,2296421,6786,1798,1176,3
"T2YJYVYYhfI",24,2291019,24379,1852,0,3
"5bJ_gb19pKQ",1,2288613,73233,1938,9125,3
"G6w5OP4KcgA",26,2284450,23828,1935,1439,2
"t0DvlqtufNM",10,2284068,21370,2174,1221,6
"YAdPv-QPLHQ",28,2282721,122710,5636,35669,8
"qh8GLwXuU_g",24,2282637,84837,2817,5103,5
"o-nGPNn19vE",22,2281675,43498,1694,6843,1
"ogfYd705cRs",28,2281355,25338,3004,0,4
"eF8fQRkWaUQ",10,2280965,9963,1854,840,3
"GOZTZxpv-bs",24,2276495,15753,1480,814,4
"YOPbPj36AWc",24,2274803,9584,3354,3232,5
"G4g2Kg6wXBc",1,2274252,121587,2520,3636,2
"2fQORuHsuL0",10,2272897,50881,1550,2592,7
"F0rYqvRk9r8",28,2269522,74188,1966,7962,4
"N5pP7k7qppE",10,2253818,72068,2060,2302,5
"czf1JK9Sn_c",25,2253662,7839,4517,1464,6
"UQOOKyvkUgc",1,2253630,20266,1095,2944,8
"3n3L428I8MQ",10,2253014,51947,3204,2433,9
"IwhFMBzGfEQ",22,2252152,13725,1546,849,2
"Ta3Yruzx_lA",1,2251292,79804,1752,2450,6
"QtNvvWsSsoE",17,2249448,41914,2881,1574,3
"UJORrlMkz1A",10,2246849,63061,2138,2442,6
"JtnPpxe8K7c",10,2245098,22806,1492,1528,9
"xXfJOID3bXo",22,2243125,13507,1431,1003,2
"ky2dX4UE3j8",23,2241577,89774,2427,3962,8
"8x7UtZKwfHA",28,2229357,62593,4456,13300,2
"V00PcEnXc7k",24,2227289,2341,789,194,3
"mWdEmV5tCZs",23,2226742,14620,2826,3779,4
"gjXrm2Q-te4",23,2223948,76806,1169,4176,2
"D-Pp6HZYwL0",10,2221454,59021,1582,2097,7
"OBhP7ng674Y",24,2221452,16982,2161,940,5
"MhZ7Zepw3Gg",17,2221301,41479,2511,5146,2
"M-nKvjXmeIM",24,2219718,13780,1142,3030,6
"QpHvpo8Fa8Y",22,2218063,8099,1212,587,4
"RKjk0ECXjiQ",24,2217638,50441,1420,4199,1
"SU1Sq3NdnTA",1,2216785,41176,1626,1739,4
"8ktEOccsbbI",10,2209364,28390,1194,1930,3
"D5dZ8_OCJV8",10,2207015,38022,1033,1391,1
"W22hnV81Zys",10,2204362,62511,1538,2989,7
"yef_HfQoBd8",24,2201357,24694,1482,2703,3
"h3aGMCgtT3s",26,2197777,26658,1559,2239,2
"FPF034i9SW4",17,2197018,42242,1474,4440,2
"a7JQzSn8Ptg",24,2193778,59564,596,2926,1
"uy6vFIxfsjg",24,2193221,162172,2282,16173,1
"ApLzE-TLBYU",10,2193206,59305,10618,4104,3
"SiduJA4p7SQ",24,2190573,69128,31900,21572,10
"h1bV5A0Mqq4",10,2187498,111050,4635,5602,4
"TvEpYnAo0Tc",24,2186990,29224,1911,4801,2
"lQOMzMzX73M",10,2183158,33495,1576,2194,4
"IB2o3ZJ91ho",25,2176191,14786,1407,1039,9
"dD-YA5GXp4s",24,2175903,15185,1797,2042,8
"W2V9YcVFhHs",23,2175607,115964,9589,8851,10
"aLDjHS1HKpw",26,2175382,22019,1843,1331,1
"qFy5XyZsUeo",24,2174156,47370,1077,4329,2
"23bqSayhGgA",26,2172956,22796,1888,2063,1
"EatzcaVJRMs",10,2172794,40139,1126,1711,1
"7Sj21YiURi8",24,2172553,13865,1016,1148,5
"Y5vFlD-HIWo",22,2171127,11472,1866,938,4
"INMivo8eCDg",22,2169169,13608,1825,1207,2
"ga2gixoz0Tc",22,2168143,10722,1632,609,1
"2obMLs4kAKQ",24,2166269,12159,1707,723,6
"DGjs2c_FQmg",24,2164628,59964,3189,3093,9
"yTjmwsla5Vs",25,2164560,4574,1765,0,2
"8gOdVsbfjW4",17,2161335,15958,935,2609,1
"stO99uGSqos",22,2158517,10773,1461,651,2
"EAGhzuitLXU",10,2157281,141648,2025,6513,2
"iWQTNkhGrPU",25,2156768,7436,2942,3394,8
"kZS4lt0iCqo",24,2151062,6749,3734,537,6
"UVrmSi724D4",10,2148250,102463,855,1157,6
"_RTMvAhKtAc",17,2143186,28805,1073,2184,3
"iSZq3l-Fmbo",24,2141460,68201,530,4333,3
"pVtX74pi8ps",10,2139880,47479,1975,2412,3
"3sN_VxkpNAc",24,2138895,8770,2726,0,2
"TdqEfE3cs5s",10,2134271,19570,902,536,5
"dMNHW4IAOd0",10,2130648,61871,893,2297,7
"wC0XqhktfV4",23,2125133,75229,2558,2983,7
"ogyAbT2q_Ds",23,2122843,39531,9620,3140,6
"3uLXSGTECJc",26,2122644,13700,1998,836,1
"DA_S-OBJvQ8",26,2119311,15823,1809,994,2
"O0BhCqOFZGo",23,2118043,9659,1979,1477,5
"nfqgsSORqWg",22,2117817,9185,1262,650,4
"xko3vId5Wds",22,2117232,10902,1266,800,1
"dUNeStFgxWs",10,2116110,20380,2452,2233,9
"veVBbxZyzKU",24,2115548,24322,1263,2179,2
"udZU4Q84oPk",26,2115112,20495,1648,1005,2
"K674LKBUukk",24,2114724,38171,1596,4541,2
"f-xe1qxhcUI",17,2112381,53247,1292,4735,1
"zZ9cPmJ_v4w",23,2103668,145476,2035,7647,9
"GUQuLss6nzA",24,2103259,82343,3744,4760,5
"dYVMN11-zek",10,2100285,43966,5108,2684,4
"oe1dz3vd7sE",26,2099763,18960,1911,1165,1
"nG2pEffLEJo",24,2098624,55043,1027,4184,1
"teenjAQh5yY",1,2098355,39506,1296,1661,5
"ykHeGtN4m94",1,2096711,49452,2641,4983,2
"Jc8COx3TvpM",24,2096536,19220,2565,4286,4
"yN0O8UaTnRA",24,2096196,39093,1688,2625,2
"Ut-JRKyMjEI",23,2095536,74424,5087,3671,6
"yc0kcGgg3o0",24,2087032,64030,2868,5533,2
"oMNqsSVuYvA",10,2085215,58406,1902,3661,8
"8GWI--fsj_o",26,2084873,19453,2282,1644,1
"SKU2lZRP71c",10,2081692,9256,2893,1170,5
"1DJ1hlPr4TY",25,2081636,2909,3745,582,7
"3rWjRJzx2ig",22,2080746,10602,1471,723,1
"_6Dda6gacFA",10,2076438,10384,510,721,5
"M8mCjRbCPIo",1,2076012,38784,4035,1719,9
"pzD9zGcUNrw",24,2072162,61948,1263,6143,2
"Hsbd0ebtCF4",10,2070868,22362,1684,983,4
"EmUaWk5HBSI",24,2067731,72244,7013,4574,9
"aLce0YrMTsk",10,2067185,36387,2697,2008,5
"9fyeNrb7wag",10,2065269,59553,4694,3249,10
"1wMXRgWAEZ4",24,2062957,108600,3363,10601,8
"XF2Uva_B5JQ",22,2062637,11966,1749,1026,2
"bptMdobawTg",25,2061774,5311,2432,832,4
"APwwqWs2kQs",22,2060659,10311,1441,770,2
"EIG6CAj_fYY",10,2060337,20457,354,891,3
"dcShg7QttBA",22,2057481,8035,1451,541,5
"DWqMjjiyADk",25,2056911,14334,1223,1297,9
"xykQQaTeYuQ",24,2056700,46386,4458,4053,4
"o46dpa3NPzc",26,2054436,26008,2084,3504,2
"CA88xbOW1Ow",23,2054420,43851,1980,2410,6
"lKL-5el7rb4",10,2050061,89632,1213,4562,4
"VXOJPfk5k9o",10,2047593,24105,819,577,3
"xXUUnv1W1vc",24,2044956,12259,2122,1032,5
"ttMYkpL03CE",24,2044301,71551,3387,4946,9
"BmJUu5GqdpE",24,2044125,12743,1564,2273,6
"5CG-AXOAYko",10,2043744,24786,1435,823,3
"iSallxKpm8Y",10,2042254,152195,2499,15674,11
"wb8NuscWb5Y",25,2039324,6463,2962,7408,9
"jRaDgg5gKtw",24,2038234,20854,1779,888,4
"sfgUeF5BNjI",25,2037777,10986,2722,1237,5
"kzwfHumJyYc",1,2035734,46159,1807,2224,3
"3Kt5tobRNt0",10,2035459,49845,1444,3532,3
"ashrS6GKcUo",23,2034931,176257,1651,10257,8
"ynNKe3wPqVE",24,2031714,26082,1486,3805,1
"OPG6RNNZ04M",10,2031655,43009,2082,2735,5
"bJp0_4ysL90",23,2031195,84221,12922,6000,8
"hZg4-AtRVHQ",20,2030453,151902,2392,7671,2
"IEoL11rLOXo",10,2028837,7125,1530,800,5
"WJ6F9NG2UWo",24,2028664,32343,1271,3818,5
"4ubwGb-vLA0",1,2027554,53910,1522,5874,2
"9dHLFD_Jveo",17,2026827,28553,3710,4246,3
"_8SlJUpKn7E",24,2026482,9135,878,491,2
"KlwjChAiHm8",24,2026192,10985,1998,784,5
"AP1Scjdy_Kc",20,2026011,321673,1832,20849,1
"9vHzfUkSEsk",1,2025910,62174,6023,4580,6
"72A5XT-xtF8",24,2025569,69283,3614,3261,6
"Nv54RjfJWzs",22,2022952,10787,1589,634,2
"D4uWz6rm0RQ",24,2022418,33525,2602,3178,9
"a_c4eabLFS8",10,2022065,64643,1805,4110,3
"phBgk_3m0Do",24,2021486,11419,966,671,4
"MZx1MY7yDuo",23,2020553,82553,4280,3344,5
"DsMp2NZYIog",1,2020427,21525,978,3614,7
"qSVFwv1Albo",25,2019764,2264,1411,279,4
"VGNulc5qhDk",10,2015830,38084,1745,2276,5
"5iKIqK6iBuo",10,2015420,63564,1361,4232,10
"Q0syccy2ano",25,2015288,14627,4120,2549,6
"IIEuvbfiu-8",22,2013805,7321,1023,457,4
"OZmLMcYrvpU",24,2013624,8575,5622,1050,3
"Zf3sV_iM8Hw",26,2011719,25358,1909,2049,2
"KZ2Gcz-8Fx4",10,2010345,7753,1460,680,6
"Nhmk0wSXl1o",24,2009871,37025,2256,2370,11
"xp_hlUxJSI4",22,2007404,137565,2417,22539,2
"R9_hKhf0TDo",17,2005172,13775,836,496,1
"Ny6T1WyLK2k",24,2004333,16109,1002,581,3
"NJBtwZmln7s",10,2003680,36648,1647,2316,5
"lPRfKlJeiIE",23,2003322,122284,4117,8333,5
"KHdPtwVy6M8",24,2002964,19763,1725,2586,7
"jrfSQTnrLvU",24,2000331,55747,2541,4100,8
"_cOsfsfrluU",24,2000177,40504,2130,1761,5
"Y3zyOHhzVe0",1,1998460,3765,1951,546,2
"MSUrb3Ci1oY",25,1996606,4378,1010,195,6
"WtqFjTLB8es",24,1996556,21508,951,2166,1
"i8gE20TW1n4",22,1996240,29100,1031,3110,1
"prpFIbl2ZQo",10,1995546,74227,8085,3586,8
"5Y1SzdjGb_8",24,1993445,12532,1017,1010,4
"KYcUPk3boYY",24,1991963,17052,2299,3636,1
"TSblrnXKfkE",1,1986439,22239,953,1236,7
"gxepM2uSW9g",24,1985886,36847,627,0,7
"Qdjna4Nh7DM",24,1985723,109548,6429,16286,1
"iO4CVmv-9H4",25,1985065,3680,1217,558,3
"tZ37dPjMw_E",10,1984604,36846,2670,34,6
"jd4TphVdDm0",25,1982112,6116,2900,489,5
"2m7bazCkvi4",25,1980148,21770,1750,1489,3
"L1AuR4NORTk",23,1977131,214429,11312,16543,5
"y-hg-wS732I",24,1976731,58391,3333,4673,8
"sviwxUNagvc",24,1973724,14261,1120,1505,2
"s4A2Tz-yYBI",24,1970608,29838,2355,1177,9
"ukMF1xsoWjA",17,1970267,10354,1495,2422,1
"3N3c3ZX6hoM",23,1969090,170932,2912,17933,1
"41QTrSsLuok",24,1965980,10507,1684,1689,4
"pD01wFRmM98",24,1965126,14403,1283,1346,9
"8wVSSamFj04",24,1965054,26286,1424,1287,5
"79MjHknHx-Y",24,1964745,100052,2512,10279,9
"KKkowG5h7Ls",23,1960946,98093,3419,6139,8
"3mrev4uOh-0",26,1960863,13252,1618,790,2
"Pt4UfqG-Plg",24,1960142,11889,959,730,4
"EQ4NEBPU-Hw",24,1959696,230185,1637,16369,1
"wiF-WlWS3dE",1,1958987,0,0,483,6
"I_n5xZKGr8o",23,1957648,200522,4482,7042,5
"azFe8b6yfb0",23,1957425,87925,4472,3927,8
"KYLRBbSXmBM",26,1952263,21684,1898,2018,2
"o_QR7ptPuP8",26,1948296,21632,1721,2173,1
"76n9k2jubIs",24,1947462,25571,4070,2880,7
"UwH743ficgM",26,1947234,25734,1488,2301,2
"czhSzmxN3WU",24,1946403,30587,1450,4459,2
"LsC1C9OgviY",1,1946250,17384,910,3185,5
"n_bumZzpGA4",10,1945977,47138,1459,1577,5
"_gU5rVPWUoY",22,1945044,10271,1096,375,2
"_J_P9HIaeds",23,1944918,12193,3915,3997,7
"marAZRRxLgs",17,1942268,10218,941,828,2
"2HYd3nugLTw",23,1941428,191510,3603,8610,6
"nuIoxlJYCXI",24,1938813,7558,1674,364,4
"tBibHSnMJGo",10,1938051,46409,693,1047,4
"UvkhLm19n-0",22,1937784,6749,1006,663,6
"HpsNMeomQgY",23,1937449,216075,5159,32572,4
"exZiLFpStQ0",22,1936948,6719,1333,940,3
"6nFb5deIimA",10,1936672,37351,459,522,3
"jp0n4TPfA5A",10,1936601,57475,1509,2351,5
"nm-iunlHHQg",26,1934184,26441,1897,3069,1
"QBFiNY162oQ",25,1933020,12487,1215,525,2
"2EPi1R9oZIw",20,1931985,179199,1720,13614,1
"pARwtWh3cC4",22,1929857,4116,2967,0,5
"qjQhlwQg6rM",22,1929501,43394,3505,3040,9
"7LnZEmi6KXA",22,1929313,24866,1225,3128,1
"L75Y1UT4Tgc",26,1928033,16607,1840,1085,2
"PmiEtQT8TpI",10,1927376,15760,483,968,3
"DNRhS8F5Jds",17,1926982,7596,839,1367,2
"UhLoR0iAchk",1,1926686,8692,1477,422,5
"OCs9fgS88xM",24,1926141,101743,1352,12609,6
"azVAxbETWmk",23,1926113,27258,1053,1674,1
"IiD-hBGmTIs",22,1924401,13292,1370,815,4
"ptZITVRU2y8",24,1924269,22815,1160,802,2
"Lxet1zLBTM8",28,1921581,65968,1177,7006,4
"rJ6SyvwnPd0",17,1921510,11468,1220,118,2
"OHap45tpS38",10,1921438,52872,4110,3197,3
"3TOnJI1BqzU",24,1920926,96673,2072,9511,5
"Ho78eOffWys",25,1920873,18315,2334,3222,4
"Vk8UEWHYfEg",10,1920497,287069,2569,39872,1
"a4oVaZ2O8iI",10,1917213,25908,1354,1786,5
"SuUZftW4SFc",26,1914116,21334,2220,2028,1
"ZgH4A2lmzPk",22,1913742,128581,14939,58559,6
"tM-5hUMkXFU",26,1913507,22091,1692,1868,1
"2QMjAiy_2t8",24,1912737,32162,1114,1425,1
"aJ2NvLALHf0",22,1911755,7292,1157,657,3
"d_vMkYoblMU",17,1911194,9512,3050,1249,2
"V13uoEdYW6k",22,1909065,9211,1373,584,1
"hQkQlRYqvtg",1,1908682,37184,1371,1294,6
"8_Wt0G4b7i4",24,1905684,4930,970,422,5
"9u-zwfDvgrs",24,1900233,28445,2267,3449,5
"fzy7JiJBfjg",25,1899796,5648,2570,990,6
"giWhhm8q2oM",24,1897017,85754,2577,11497,4
"gWpIelc_xrI",17,1896590,13515,632,1187,2
"jRT74op6xak",20,1892557,126641,5016,21821,4
"sPQ-7mdeuHY",17,1892074,9147,1203,1516,2
"54z8jWNM0bE",23,1891995,32122,347,1017,1
"rqNHHY1Ni_c",23,1891064,271090,6162,21839,5
"uIxnTnY25rc",10,1890390,12076,2358,1730,3
"YrKJHI55HQU",24,1889384,55820,2552,3659,6
"0Zp0dvT3nCQ",24,1888660,9814,889,862,5
"8S79QKPHDpg",10,1886337,58799,1866,2118,2
"g8fUVpgUHgo",1,1885073,20173,1032,3898,5
"3AL2UkOn-Ow",23,1883330,102388,4777,7641,5
"7axyUaubiCE",10,1882178,67205,10179,2257,5
"PJBmeqpw3DY",24,1881659,43112,1163,5676,1
"UNIXnayqdHw",24,1879136,2955,1236,331,6
"3TtxYU7oKOI",10,1878540,18527,1275,1076,3
"iRnUOgosau8",24,1876852,134664,1296,25399,3
"NTPAau4KNPQ",17,1875142,11393,685,1115,1
"EN_c8gBuvP8",24,1874910,5687,3666,799,8
"QvT_aEUd8Go",22,1873977,27402,2426,4309,7
"R-NrqsvCFPk",10,1873596,68430,1176,3086,2
"bXkekTgx3ns",1,1868499,19730,960,3284,6
"duEp1tSxEcw",1,1867560,5574,1287,0,4
"lLouMAqOSR8",26,1867308,20936,1268,1761,1
"nLaQO1rYFLo",24,1863808,74890,3872,5156,6
"Hu2kmL86K9k",26,1862879,25760,1323,570,2
"z2fSkAcMNPA",25,1862554,6271,2573,835,3
"LkqgsilMq_Q",1,1862146,32828,1003,1980,6
"u9jvyu6NX_I",24,1862146,10931,871,764,2
"yv5i0oTHubc",24,1861668,83027,2742,8170,4
"CzmIrPvIzxk",1,1861361,47240,1156,5700,2
"fqkzu9FzwSk",22,1859897,10075,1286,590,1
"TChlrkoxEkc",1,1859108,3561,1645,660,4
"3iUlgvI3Szc",23,1857553,91382,2852,3322,9
"lfIhBu0TZBs",22,1854852,67224,5904,7449,1
"vWD6kUP9RTY",10,1854103,340605,8310,4783,5
"yc-iu4MjK1g",24,1852675,41342,637,2832,1
"x5q5PXHc2AU",10,1850428,33328,741,1574,3
"Am6NHDbj6XA",24,1850242,41512,3692,1951,1
"AX_oTMHOb-E",26,1849399,21875,1703,2238,1
"RhyxuAXt_uc",24,1849224,8647,4997,1241,4
"0FQfThSU11E",23,1847439,17293,1333,2685,1
"8g-VjqONplA",1,1844814,53733,3371,7205,2
"MsTEzgur1ds",10,1844582,81226,1583,1173,5
"LRi7p4vNa9w",1,1844018,4832,1382,0,3
"aOctSYoPLXk",10,1843172,25252,4249,2417,7
"hFRWNMIf03Q",22,1842618,9596,1522,607,1
"ElkmMsTGvRw",1,1835901,20028,960,3432,5
"WDqnr5faNBg",23,1834626,8263,1348,309,6
"_kvUoFl9guM",24,1833617,10579,724,709,2
"6sqfiBoksqw",28,1832555,56142,1486,5766,3
"xLsgOBwzkXE",22,1832370,96991,3210,4802,5
"5w3UxZbWe-M",23,1832360,23595,721,2178,1
"Ca84M23Vrzw",24,1831397,13240,1122,519,9
"ymQAkH7B43Q",24,1831293,21615,891,2878,1
"Vf1XGpg7PWo",26,1829812,23235,1438,1146,5
"ubawFigGGGU",10,1829630,40631,2118,4325,9
"PJXBbjr7fuc",23,1827517,198410,3445,12857,3
"9Ca8zWJOlFQ",28,1825705,77531,4156,12025,1
"v2TrdKpGlhw",1,1824132,5854,1201,0,3
"HtbVkw8mQZU",1,1821722,30089,1205,1685,5
"z3v1CYYKwdU",10,1820896,33418,1699,899,5
"7D79nbOz3wo",25,1820885,2921,1628,247,5
"aoMtchn6VFQ",22,1820402,11118,1388,920,1
"jaNa4JXnJJw",10,1818975,14966,1693,958,3
"z5eGdan7MXU",25,1818975,10386,2193,870,6
"pG0kds3ItEU",22,1816471,6867,2574,3135,6
"8msycIZUEdY",1,1814070,45576,1263,1682,8
"yxW-fNNjVrw",22,1813857,4145,1070,200,4
"RaClqCzY9i0",22,1808400,32809,5195,1765,4
"P7jCjQrl00k",24,1808006,21104,1238,2218,2
"LwH5fgI4B_U",23,1807008,168228,7092,10962,6
"BYNV3S5nq7s",23,1806004,120680,1370,8567,3
"asud3udH6Hk",22,1802111,21041,1050,2184,1
"gWBYfSTI5rM",26,1799063,16492,1764,1609,1
"PrOrmzAiFhI",22,1798754,7175,1044,478,4
"N1vE8iiEg64",23,1798367,86446,2179,2918,4
"wJs0yai2t-w",26,1796997,25527,1675,1045,1
"0-7wMD5ISIs",22,1795145,179467,3239,13123,2
"F9jMHZHXIu0",26,1790842,23841,1559,1341,2
"5WBIrw8LFMg",23,1790202,43262,2714,2465,4
"HEa-e1zVv7M",10,1788144,40256,1102,1277,4
"DfgDFIqnvmU",24,1787797,85278,2818,10409,4
"7T-4A2MZYxE",25,1784458,2648,5558,0,8
"F4AEdWCB37o",24,1782949,6579,1602,1372,6
"Huab6p5HW0E",24,1781966,24138,1083,1683,1
"gFiwhD8Cvsc",23,1779901,63370,1421,1867,5
"qEpdEJNrLqc",23,1778134,42778,2661,3564,5
"qD-ofY9niOs",17,1775669,13177,1824,660,8
"D1WWGHcJfyA",26,1774711,14344,2119,1094,4
"M63L7XozWbY",2,1770864,3688,1147,0,6
"Dsvs0JUVKk8",26,1768892,12734,1426,676,4
"yEdSoJlYw88",24,1767957,1571,956,144,5
"MthrFLY1Xl0",22,1767094,20066,1790,1869,3
"XnRs9InyaA0",17,1766208,39193,991,4189,1
"9kt_lhXnl1o",25,1764671,0,0,0,5
"1HLMi1s6Tho",22,1762606,114272,2255,15061,1
"aMQbRpxgFvs",28,1760011,99783,3339,15395,2
"CixoPJ-BUGw",10,1759960,52021,1303,994,3
"C_2ZH7K2sL0",24,1759817,11844,1902,0,9
"U_lYmW3KDFo",26,1756384,21868,2187,1970,1
"OfIhm9SvmX0",24,1755796,119180,5201,6245,9
"WVHbHzGDs7Q",22,1754643,143917,2401,13878,2
"xrs6-RgAQ-8",24,1752412,56305,2334,5406,7
"LyqEhGyeF5g",1,1751244,20010,1383,2130,5
"9A3P6_jO5Bg",24,1748261,3332,7267,571,6
"cZEumkQ_h6U",24,1748123,55546,1711,3466,7
"4eZxvnmnrvk",24,1748097,4953,1195,513,7
"O3tY_fE88Bg",24,1746958,18987,574,2077,1
"J6oJn8oIA6o",10,1746719,11700,2080,1307,3
"243wWj9haKQ",23,1746394,30247,1439,4090,1
"EqVijmCOfis",24,1746085,4904,3115,420,7
"k1KiS3GHTrE",24,1746083,3382,1740,1222,5
"WOgPy-OxhNE",26,1741236,17808,1335,1113,1
"yWiKFBLafJA",10,1740801,27052,5254,1678,4
"6SOUGMRM_2w",25,1739582,11798,1010,453,6
"U2KRA1JdQ68",10,1739242,24649,2333,1669,5
"dJHNMz31G8A",23,1738097,145972,1917,5243,9
"QoSbAOZrJwQ",25,1736129,3316,1131,1232,3
"gU1RxhTB71E",17,1735935,44307,3575,8701,3
"N83vyDC9YmQ",24,1735291,0,0,8551,4
"1d0xe3t87fs",10,1734611,3417,1415,608,2
"_CwOBWkK4hI",24,1734498,6097,1414,529,3
"dSxrZ1ETBU0",24,1733116,1801,1255,108,4
"EIdzdUZuL-E",17,1733060,9498,727,663,2
"qNEPqGU-hTw",24,1732643,14090,2840,761,6
"esfDTroU-wQ",22,1731796,10555,1192,627,1
"0UM_FOOYVXs",1,1731635,44192,1551,1248,6
"pgGFtL3tfE4",26,1730127,17879,2055,1094,1
"L9dMNjVtG4o",23,1729535,38743,1164,1995,5
"0fFw-q98GQY",24,1729039,17585,21342,2232,9
"BiiuUzFQ2Bg",24,1728864,29795,1885,7771,1
"5g7SFnNuDU8",23,1728203,34443,2614,1805,5
"Ogti8Y8a1MY",24,1727662,3217,1591,744,6
"NLVQ2qTFFxA",22,1727662,53163,1148,5931,1
"Y00cvQP9oL4",24,1726328,43561,2889,2366,5
"OQQ1sGphUj4",22,1725649,96846,866,4189,5
"4MjERKVBs1Q",26,1725426,20843,1771,1244,1
"OVKjMIwPqaM",2,1724928,0,0,386,5
"byLufx7Izfg",10,1717466,43677,1097,1560,4
"ysik6z44B1E",17,1717414,34163,884,3175,2
"fPWAca0VC4M",24,1716274,11154,1342,454,2
"ZXfdLoTOpXc",10,1715070,26230,726,557,2
"mhgCxEMltpo",10,1710817,23638,817,716,4
"Tw9qrNGvW3U",24,1708119,8130,1641,662,9
"WfenqQu_qE4",26,1707946,11097,1292,2682,2
"-9C1Z3nIsPQ",10,1706816,31452,1120,1324,2
"QtGue7HuuwA",24,1706619,3987,1887,669,5
"m5SWt4wge48",26,1705883,30930,1829,1580,1
"fb7DPhNbFc0",24,1705253,5536,2092,433,2
"pNB3ATLRc2c",25,1705110,9763,5079,1489,1
"gTTiALTE6Ak",22,1702838,11464,2564,805,5
"YZ1UN5gvLjQ",24,1702171,82915,432,5844,2
"TvhjpOaNmTs",22,1702151,4877,1583,373,7
"pI_UW1F-1c8",24,1700012,53870,7001,5190,8
"N-f-iS-PHIA",24,1699905,0,0,0,5
"x3k6azF9EL8",25,1699002,5514,1390,907,4
"5nEogChRGE8",23,1698875,18073,1013,1751,2
"01TgqDvqcyk",10,1697470,54204,311,3126,2
"PsldHmrxEqw",24,1697140,27878,670,2027,1
"XXODt5c2pV4",25,1693379,4835,1174,1382,2
"HD9Ng0gs3E0",24,1692639,6311,1241,619,4
"Jxc7SBL5TbE",17,1692435,10695,1453,864,2
"BRUvbiWLwFI",28,1691742,35854,926,3077,5
"prlbXZVSGXA",25,1691523,3478,1577,230,7
"M_KmEWGMLsY",26,1687956,20003,1149,1434,1
"3rwpd1PcCdM",24,1687113,3908,1160,150,2
"f-e-4UWd1eA",24,1685029,6931,1025,328,6
"Gr6tH-u_HBk",22,1684546,6490,2400,609,6
"Y6_Ec7i19qk",24,1680878,2321,790,231,4
"Qx54quy9tDQ",23,1680547,36197,724,4912,1
"mcYrCSri_sU",23,1679684,56305,9718,3943,3
"xw-QSWvZjXI",10,1677266,26270,1012,732,4
"dmY9PY_IoYY",10,1677249,20017,847,2151,5
"TPUssJ75Bek",26,1677149,16031,1851,1833,2
"oCoEN8frx7U",24,1675754,73648,2416,4369,8
"Z_T5FAZjMEI",26,1673475,18530,1436,885,2
"ASeDPHVHY78",24,1672290,22084,781,2204,1
"nXgvW1pB8KI",24,1671864,24359,1100,2197,1
"d-ua07UhoLg",22,1671204,3278,757,1,4
"Uu9ox9CPpMg",24,1671163,32391,1257,4395,1
"yqoSnfnFT3U",24,1671130,44611,2428,2297,5
"fRbIqg5Kz7Q",10,1669181,60410,2783,2316,5
"RkztSs228oo",25,1668712,11342,973,2084,4
"m0xho2iwTGE",25,1666064,0,0,102,6
"DAkWnqWDGok",24,1665704,110299,5372,6277,5
"MiUFhVrG598",24,1664547,23910,597,1402,7
"3hGW_HKwh54",10,1663852,17619,333,1174,3
"nLHC3pGgwj4",24,1663349,36905,3924,752,8
"3GpRDnNfX2E",23,1662742,76869,3350,2820,7
"LTgluz33HVw",24,1660490,1711,1321,208,9
"kskSwiotReE",23,1659832,13866,1306,657,3
"jzLlsbdrwQk",22,1659538,41402,3781,5216,4
"QCjkbXAN4uE",24,1658352,4076,5268,1783,4
"1s-h-bx-cbY",23,1657668,23457,783,1881,1
"3RKsPYaBDs0",24,1657185,53936,10726,5331,8
"tEsa0MotkXE",24,1656138,7335,1127,289,3
"3dwQK7XUfgg",25,1654794,11645,3127,4255,7
"3QSiWNm80AM",10,1651523,4071,1486,664,2
"S8kxh8ffa7c",24,1651161,2038,1175,368,2
"CLSEaK-jiBY",22,1650228,60733,4006,1501,4
"nDDfFws3BfA",27,1649569,20713,2375,6354,2
"6NAISxSPVSQ",24,1649389,21644,966,1107,2
"6pZBGTfRjGI",10,1648472,34067,1033,2367,6
"vQa-pLzQWRs",1,1647136,4297,1140,0,3
"vI4LHl4yFuo",28,1646541,75269,4833,8303,3
"6BxjYvg9KMw",10,1645110,14538,394,1254,3
"v8JWgpbIIeM",10,1644895,14487,950,417,6
"Z9cB0TjfIkM",1,1644841,54133,883,5178,2
"SJlmVOG8qj8",24,1644752,132609,807,19862,2
"rgdcbx0lLjg",24,1644549,55250,3939,2808,4
"efpUCPITNmw",17,1641745,7643,702,1082,1
"ew0GKRBzFWc",26,1641015,26636,1185,2546,2
"3qH-_qgHHQI",24,1639459,4807,1980,782,4
"vaZtNsgBgHg",23,1636741,9733,1998,1298,6
"3VJbVdhdkR0",25,1634994,8073,2794,1125,5
"nENwkA-h5MM",22,1633387,2289,735,263,5
"g0CqKhGwge0",24,1632084,173938,3671,9776,4
"ZYR02RgRc1g",22,1626723,9406,860,693,6
"WIk9n4R7u_M",23,1626112,90737,2398,2620,3
"QLRwMaNKonk",23,1624599,10109,1956,1862,4
"tETQaX2pIiE",24,1623989,30540,775,1243,1
"7a83uj4Xwmw",22,1622985,7166,967,482,1
"33eOAeFXL6k",26,1622456,22781,1539,2383,1
"kw9LUFreF94",23,1621099,112026,3718,5501,6
"rLlRw6yqFPg",24,1618598,78189,2033,6329,4
"6Bg1-OV9isw",25,1617427,8312,2831,4205,4
"Lb7eCca1iAo",26,1616950,22610,1288,1534,1
"PtZZQGMsHo8",23,1616618,65474,3366,3424,6
"476M0nR46bs",17,1615977,0,0,0,6
"63Ic_z3XtMY",24,1615969,10033,847,1208,4
"XGEFeVzceNg",24,1615238,10334,1957,1171,4
"LmMA1ZbL4xc",23,1614810,166255,2869,12232,5
"2MIyipJK5RM",22,1614141,68021,2814,3060,5
"4vMbaqWNqpc",25,1613018,5323,1241,741,8
"DoBtC-XknLU",1,1611556,20516,898,3633,4
"I5nChL2gZ7Q",23,1610278,171698,4074,8767,4
"gR0XvajmaMY",24,1610129,24610,1403,0,2
"LHcOOkSvmO8",23,1610076,112594,4807,14166,8
"euaGS3tPRBw",1,1609627,22942,1590,2314,1
"wWHDej0DBGo",24,1606797,10812,591,323,8
"g95EtDLSK3I",26,1603959,23464,1932,2230,1
"Gwr4rEx5ycg",25,1601069,2183,1111,0,2
"E5bO-chVuZQ",10,1599988,36824,977,1818,6
"rsII-IIPFSQ",24,1598573,55247,2000,3906,6
"OnEJZDqXP8k",24,1597746,9545,968,589,8
"cwrt_dMmRW0",24,1597243,14422,579,333,6
"D6zROcdkZw8",10,1597071,16060,1298,994,6
"fJDvVXeFNXg",23,1595709,163902,2781,9946,6
"kS-dPqJ1MgE",25,1594927,7507,1661,1974,7
"1vOck2Nguso",1,1594613,62885,4268,4367,4
"I4Wkxdy2Kr0",10,1592243,6263,1520,628,4
"1vzYs_X4yLw",24,1590176,36425,2679,2600,5
"Lw7OucL_k8s",24,1589474,4366,816,286,4
"BqoRhZM4Sas",24,1589392,138014,4589,6738,11
"39iCCXA8uC8",24,1589188,13197,1132,1191,8
"gSxkueLTOXI",23,1588877,158383,3037,8622,6
"0MVEBkYt8U4",25,1588859,6904,1891,2045,4
"k66mz_kyLqg",24,1587447,41208,1564,980,9
"y8M5KuXHGik",24,1585634,8622,1066,641,7
"dRtqFjYYUY0",28,1585506,69222,967,5930,2
"DSLGz3UwAa0",1,1584778,2576,1741,0,4
"NHSZ2_kV4cM",10,1583697,26888,1382,2071,4
"F0GL758ECTU",24,1583581,12076,664,0,2
"yNHtyP1DyE0",24,1583216,2493,1487,274,4
"UVxE_MM94tA",24,1582738,19856,1957,4009,1
"gA_VXEdPNe4",1,1582719,4819,999,0,2
"izyX4qtsVew",1,1581988,20279,806,870,3
"pOaW_Pj_0Rw",24,1581224,3195,1160,227,5
"V3-Fd8wPuRA",10,1580987,30144,997,1792,8
"DrT9ZHSpBXM",23,1580922,148931,3216,6869,2
"3J9wLlAbwh0",24,1579448,4209,1669,1145,4
"6GXJBiLn2Cs",23,1578664,96522,3192,7191,5
"jUz_MRN-83E",24,1577527,22101,492,1675,1
"kIqFpUsaJh8",10,1577474,7481,1598,907,5
"OWVTtuxW6Fg",23,1577255,23483,851,2553,1
"Sk1_ytol_bg",24,1577161,19162,955,945,3
"h_67XloYXTc",24,1576814,27339,868,1141,3
"mvppwULNJLo",10,1576101,50797,1732,858,3
"8brYvhEg5Aw",24,1575608,15910,634,3032,1
"gPuxJYAuT_g",24,1575589,12585,973,388,5
"3KdPBWXHA58",22,1574385,0,0,0,5
"6VUt9T0VAdY",10,1572645,21624,1608,1424,1
"OvPvrcZEi4M",23,1572367,69716,5515,4610,6
"k-xS4NwiWrc",24,1570258,13129,1193,574,3
"qRIdM8y3izU",24,1569554,108473,3346,5674,7
"StVc9S6NYV8",17,1566550,11764,989,2831,1
"O6BODAJVYc8",25,1565942,69362,13151,18227,2
"XNqdFxwtuo4",24,1565213,59716,6247,3794,9
"tMJyud9sFuk",10,1563809,41132,1569,1169,4
"pPTK3uTJOPI",25,1563635,20061,3456,3837,3
"9Vyol9k58cY",10,1562209,56456,952,1529,3
"8hKbIhrb1WU",24,1559003,29898,884,1838,1
"-4K-rcHrmQ0",25,1558451,7391,963,538,4
"2ktuvx9hrMw",1,1557418,25079,1669,3840,1
"qCSu-X_aEvo",23,1556513,20166,1376,2404,4
"Pl9oc13p534",24,1556038,22896,1117,1082,1
"J-tjx9KAZ20",24,1553339,6683,1749,0,3
"11pxLSpNB_k",24,1550341,18662,1144,319,4
"IOuFE-6Awos",24,1548962,122671,1422,15016,1
"KEj2jmEjP_4",24,1547357,106168,5972,4277,8
"mRmuVYP36Hs",24,1545487,54285,2981,2171,9
"RyOBy0RKJws",24,1545446,65954,2256,4837,4
"PYQ5PwVXErI",1,1544363,7027,908,557,4
"A47EHIKO05o",17,1543550,25039,1218,2000,1
"iiOzcMQiDZs",17,1543330,7389,687,2042,2
"8MwQRieuPac",10,1542835,22389,537,898,5
"_3_0nZu1GJk",10,1542079,17852,1674,1241,8
"Gzy_nCkn88U",28,1540399,60112,1833,7861,1
"qWfjVkrUiJc",26,1539218,17612,1649,1173,2
"cs_sWQX45NU",24,1539093,7922,673,741,5
"w84Xb1lu2wk",23,1538015,103536,1847,4486,5
"T6nZ2yXrh6A",24,1537691,54315,4556,4581,6
"wPdmDCmuhM0",10,1537614,9286,839,494,6
"DInfmi-YIiw",10,1536731,32743,536,1249,9
"yoraaGd5gvg",24,1536165,63921,2213,3498,6
"yj_8DAuWbLo",24,1535474,83089,3873,4735,3
"QcAr4A1LiVA",1,1535047,17060,1046,773,3
"3ncMdLwPGMk",23,1534351,18893,531,1667,2
"llK2CnVRprU",23,1532285,66003,2466,1735,5
"kBf_8f07hBs",24,1531066,2730,1497,224,4
"bV3V84dPQgo",10,1530245,37641,1658,5515,8
"Dtz5HJZ0nVs",10,1527389,13855,1820,2864,2
"GCFjz-151ro",23,1527331,50410,4701,3034,5
"9l6ZsvNWEtE",10,1523795,17024,1899,1231,7
"QJUK0N2R0oU",24,1523709,2666,1017,96,4
"gPT1ITXaqko",1,1522362,22829,3792,2007,4
"uutnsezrTEQ",10,1520084,56255,1010,1899,5
"a5neMxN5I5w",24,1519224,31306,4523,845,7
"WED6gIYX0Ko",24,1518785,3134,1631,0,7
"mrWLYHVmUhA",22,1518572,1719,3077,1521,4
"Ffj8pSYX6G0",24,1517595,77222,1510,3513,5
"BE6olH4Vd4E",24,1517114,3876,142,233,1
"Le5kBwN6Vsg",24,1517027,22765,802,2165,1
"3-IEuxIRl5s",26,1516448,19595,1182,1688,1
"wxrl4WWmwL4",24,1516399,2193,1135,823,6
"rZdKMg44aro",1,1516191,2462,1067,265,4
"Y4VIMU8ggtE",17,1514687,21804,1527,2500,3
"lZfgmJRkjto",22,1514058,32658,1746,1677,6
"oy8AOs82o6E",22,1513094,36638,3410,2582,7
"VN60MZlCZn4",24,1513057,15590,1981,1625,4
"tcWtdT9ZkQ0",22,1510223,71145,5095,12481,1
"cMC_PtgKDJE",24,1510182,10653,670,282,4
"__03GOeEMZI",24,1508761,18345,507,1630,8
"67LFrXVIA00",10,1505774,58269,1505,6219,7
"DDZIG9bE_CQ",24,1503865,20905,1173,4494,1
"gFbY974MF88",23,1503131,20618,607,2676,1
"qcjuTF7BS8E",23,1502375,48792,5015,3411,9
"hSfJk7YXusY",24,1502310,45665,2215,3370,5
"XjT6-n9aJ3s",24,1501572,10323,2842,3154,4
"QXjFt684nnM",24,1500767,2199,942,148,9
"5dWcaaNwuQY",20,1500114,2314,761,219,3
"RSL1-rvGmj4",10,1497912,22394,826,648,5
"9VAZ0WCTrGk",1,1496570,36434,2466,1783,5
"DjTarIkoR7g",24,1494963,60901,3148,3683,6
"Hfmta-9Rs3A",23,1494098,89362,3518,3197,6
"D_Iei8Ge7bs",28,1492862,42803,1899,3023,1
"N_VOx6l9efw",1,1492185,2159,1602,355,7
"4swif8r4z3Q",22,1491799,16709,747,1656,1
"0JslhZRWQko",22,1491372,43643,2240,2804,7
"xb0vST0FhVc",17,1491081,11945,471,809,1
"I1cRUx_nOjw",24,1490775,3426,638,127,3
"TKju1tD7rHI",17,1489771,29549,2823,1450,8
"LulRAZRAGdw",1,1489122,134798,3043,9521,9
"QsSxRElRe1I",23,1487803,37425,528,2618,2
"jaap2tlFagg",24,1485891,45392,2553,2624,5
"vk_plFFiVcA",25,1484517,8017,1086,1446,2
"D7q5y2chaTk",24,1483661,8036,917,548,7
"BoEFQAJDD7E",26,1482514,13497,1432,866,1
"phUgGEEzmWk",10,1479238,34412,1271,1244,5
"rWVgT8Rbk-c",22,1476561,0,0,0,6
"2kxeAg1Ydi0",24,1475929,23379,679,2962,2
"hFovrFgnlGI",22,1475568,7831,870,732,4
"9ZfMNpobmwo",1,1474578,4108,1130,0,3
"GMACtL6t6SY",22,1474173,3469,939,500,3
"tIe6c8n8xVc",26,1472636,19300,1318,966,1
"fWajtP80g54",10,1471136,67663,1221,1380,3
"imp9ZzKKiDQ",23,1471034,65350,922,2932,3
"u3S1Jd8G4e8",1,1470928,25952,3050,4065,5
"VdFfPoBkWJ4",24,1470404,12253,1245,578,2
"t6qYhCZR1uc",10,1468690,33533,693,1971,1
"neuBFUOnBJ0",10,1468545,32001,1634,1962,3
"vDUasQsg178",17,1467677,19966,1532,2483,2
"50AZQFDGqPc",24,1466857,50981,2428,4973,5
"P-pycrmifwU",24,1464225,4134,1350,278,5
"bYsFulbZvOE",23,1463579,77102,1610,3026,5
"NDKwzQSLSlM",26,1462681,14725,1308,916,1
"oDDqFC2OUKM",10,1462669,21289,190,336,4
"jJWs2YOhR_8",10,1462236,8182,1548,1186,8
"TGav04cuoBI",10,1461519,17847,1649,1329,9
"1xLvNRg01h8",10,1460595,57038,1873,3351,1
"3QaJr-ds0P4",24,1460361,2611,645,443,2
"X31GAj6beVA",24,1459855,5580,854,455,4
"DzPuvzbCU5Y",22,1459314,9594,5261,2570,4
"PVaI4Hb88Co",22,1459203,6448,820,495,3
"EDy1vR0n204",24,1459115,48469,1932,2301,9
"C5z6jcw0LP0",24,1458417,58254,1903,4466,7
"TqoeZccmxtQ",26,1456821,22693,1101,1788,1
"6Xq5Mj66bqo",26,1455341,15995,1288,909,1
"Zyfhxlaeihg",24,1453890,58167,4159,2591,5
"q-jZm-FUbqs",17,1453741,26453,1860,5097,2
"2ha8YQ0SyyE",10,1453676,45020,936,3084,6
"C-DfipidnOE",28,1452821,81929,1850,7534,3
"bC4xNZxqMss",10,1452090,25127,673,1082,4
"TxxbY4WddK4",28,1451929,68208,4135,18620,5
"yR1OwH_gmiI",24,1450922,6039,742,569,5
"A4Fiz8cyh8g",22,1450329,0,0,185,4
"ozZ8HpIBsGw",10,1449239,120289,3108,3296,1
"xNp5yIGHD2g",26,1447307,19494,1309,2394,1
"PHmLNpdH59A",24,1447219,91359,2574,8112,5
"pLIRpF5ZC4w",26,1446591,16334,1175,1599,1
"ph87XKOjZ0s",24,1446442,9653,1771,687,4
"LPjQIXAqGc8",22,1446242,13335,2806,609,6
"QRlkGbr_Pr0",10,1445545,32996,311,829,4
"4M4R-dwnTQw",10,1444683,52291,1868,4284,2
"XXUIyOrO3PY",17,1441856,24160,6003,1327,6
"3smrEURoJcM",10,1440745,21584,1045,961,5
"NEYtxauVqA4",23,1440514,19955,607,2335,1
"VvDtU_9VGvE",24,1439722,6172,2349,1103,2
"wu4-4ioLC2s",17,1438957,23910,892,1154,1
"VukVPfztS_0",1,1437772,103995,1060,4384,9
"vLNXXNCAHY4",24,1436649,16066,524,1464,1
"Js63OppByUE",10,1436118,21362,770,444,1
"DUJFJ23RW6g",24,1435737,7142,438,303,6
"PZIMinTP2e4",25,1433418,7473,1547,978,5
"WCAbXg_4Xq0",24,1433131,153160,2853,13634,6
"uLTfIm5aptQ",10,1432794,70257,2894,4559,5
"kBy56ajSK2A",24,1432517,22891,1258,1139,4
"lYh8al-HhB0",22,1432122,5141,669,283,4
"w5FdfullATk",28,1431748,237090,2827,192229,2
"TKnu8eRMysk",24,1430200,14729,642,1965,1
"IEkPYVEtO2s",24,1428639,6449,1924,1142,2
"_gPWUSBVZDo",24,1428232,5249,1122,1007,5
"kDwl3TUWdLg",22,1426900,7466,1194,288,1
"Adg-A5tY9lM",22,1426681,15292,481,1485,1
"aFGzLzsdRzA",24,1426594,8208,991,1363,4
"TTS8wx75ZPc",24,1426007,6726,3774,550,3
"7i3LymfKdGY",17,1424879,5609,730,4034,1
"SUsyBr9xn0M",23,1424800,77978,2119,3860,7
"dvUTfQhVVrY",24,1420902,1434,933,99,6
"OZO9obKSEmU",22,1419317,37731,1342,1467,6
"es-5OLRrUf8",10,1419247,57936,2185,1990,4
"CWrdxq5OWO0",24,1418156,107311,2772,12201,6
"kBu-GiDS1oE",25,1417306,3004,3867,0,3
"f95uCixtik4",10,1416445,27267,1191,1327,3
"cgwTSdglSPk",23,1415800,106953,2336,3708,7
"C3bYhRS2unQ",24,1414866,1982,1106,0,4
"e4VmGrGGPuU",17,1414634,10432,575,1046,1
"DoyAPLgvITA",10,1411910,10409,1629,1255,2
"X09ovQVb1YU",24,1408760,14708,1073,516,3
"wrpeEitIEpA",1,1408283,52981,2726,3947,2
"Bb8nNqkdfbU",17,1407988,14622,1321,1840,4
"USXoINPEhoA",28,1407615,74000,1018,12007,2
"Ks3OUSc40TQ",26,1407262,20503,874,1551,1
"SVc0gV3pWC0",22,1406559,55320,1136,2229,2
"64nwp6u24WI",43,1406170,10196,2064,1991,1
"bCfmB_FG6os",24,1404406,5640,616,335,4
"SdGnFRCbwOs",25,1403849,8666,4379,2976,4
"sGIgbvXRHb8",43,1403073,6333,1527,1105,3
"1Hkvkdymw8M",24,1401098,1438,2191,413,5
"TcM2Z6sThQs",24,1399853,3400,835,367,4
"kzEQNDNaSXA",24,1397343,28728,906,5454,2
"FZ0ta4AP5qY",28,1396489,8839,3640,2575,5
"LLF_PS4r6Ik",24,1394162,5785,717,458,4
"Czac1W577iU",24,1392641,8500,868,479,4
"Ykqx3BYXKmQ",17,1392611,8980,473,840,1
"9bv11NgyTi8",25,1390734,8309,2271,5779,7
"kN0kAoCENIQ",26,1389194,10258,1252,748,2
"8Y_aQgCEx-I",24,1389193,8620,575,563,1
"nJBXFRvKP8Q",22,1388552,4349,1002,538,4
"E0rSeGP0nIg",17,1387458,10697,671,1450,2
"wtvV2OBdL88",25,1386629,9421,5490,2107,6
"KTc7nOTPd44",43,1386464,5208,2644,1015,5
"3JZDGo55roI",24,1385906,31396,1008,1073,1
"qyKivZT2wig",24,1385846,18094,498,1732,1
"7LB-L5YMKzc",10,1385463,9905,2029,2234,3
"iM4h5jhy1Us",24,1382527,49376,1489,3398,8
"mewW_pRSgEc",23,1382432,16481,916,2497,1
"Ztbw3tz47JI",17,1380681,5062,1333,217,6
"jBwfiA01ok8",17,1378629,21049,823,2355,1
"9ZTDk9Sx030",24,1376135,45944,6711,3324,4
"eUeZ6YupSiY",24,1375374,71389,912,8849,4
"IMTxBWr3mQM",10,1374986,9202,970,382,3
"gjX4aO458rQ",23,1372977,42957,1436,2174,7
"nCj-RiS8LXU",10,1372355,22467,2443,781,3
"sT1an-dH94w",17,1372080,8963,1711,771,2
"Z6dqZsJi0bc",10,1371614,13908,1127,513,2
"JEf1rvI32Wc",24,1371175,4573,553,217,4
"mMttiIQyOJ8",10,1370058,27988,1762,1177,2
"ERfz6yUvElU",24,1366407,4823,917,210,4
"uMJiVqREr_M",43,1365742,4469,2540,818,4
"knN7TQlTPu0",24,1365592,7422,634,398,2
"Yj_TU3fJBk4",22,1365475,4086,1025,594,2
"DtpFKvvOxJA",24,1364323,3125,1701,750,2
"f89pdcm2VTE",26,1361242,12720,1212,1021,1
"2sYbqgFfkXY",10,1358116,22126,606,862,2
"qd6Kd5k8hoo",1,1355911,7193,1006,0,1
"FNRhc3aYqFg",24,1355471,144222,3885,9288,9
"c8bkGdeqwWw",17,1355333,27086,941,1305,1
"nMbUA7dghlk",22,1355237,52745,862,4155,1
"xhybjeRciYg",28,1354278,58865,972,6342,1
"Z7e5H7-_qbY",1,1353130,24878,2576,4093,3
"eaikOPZn9YQ",24,1352710,8731,600,474,2
"u_c2mo3-rB8",25,1352334,10497,1481,1423,1
"I8lvZ5hfHpU",24,1351058,53667,1163,1826,5
"JOmDzomv8IM",24,1350943,0,0,436,4
"I3YUYdZI8dI",24,1350674,3775,1090,468,2
"LAF4bOzFbM8",24,1350635,1615,725,189,2
"5T5w0Vpf5U4",24,1350204,4503,896,327,4
"2b36m9_QCIQ",23,1349550,20804,615,2733,1
"jJUbyInM9Mw",24,1348319,6555,528,426,2
"_E4cdaRu5y4",23,1348105,25029,997,2948,1
"vI3OGlvYsyc",25,1347469,5281,1743,2052,4
"DiyQPg4AGcg",24,1347038,8360,555,1076,2
"xVFYd1BQgGs",1,1342658,1964,967,304,4
"RqnssQgRnfA",1,1342532,2438,1296,284,4
"RLNhdRNR0OM",24,1342241,33167,1309,1253,5
"dy2-apJ8ZIQ",24,1341939,2142,942,169,1
"s7X7F9NWtoo",24,1341824,7072,1164,676,6
"PGaWhFUbb5g",22,1340583,5653,1293,675,3
"rtiwIkQYUko",24,1339782,33991,1335,4106,2
"yS0QXeFz7Uc",10,1339109,0,0,0,2
"iXK0xmn3vMc",10,1338897,57465,732,820,3
"NiInmAxkBO8",10,1338805,24685,368,630,4
"mNhTWFUmrLQ",23,1338592,21183,650,1579,1
"FlOZtxoKR7U",10,1338189,20364,1620,732,4
"QtE0acRimSw",23,1336226,26942,746,3011,1
"59Jw4Db5WAI",1,1335358,2831,908,138,3
"Xd5yIXCHeEo",23,1335188,58501,2229,1753,4
"oHJkFy_ax0E",26,1334794,19559,1096,1285,1
"JUi3psxB3QA",1,1334580,43366,2082,3690,1
"vB5iSOSfZpU",24,1334074,5042,875,288,4
"jHUbSt7ifWA",24,1333180,7557,540,433,2
"SC5t_1201Zo",23,1331502,67906,1242,2635,2
"mjTSwmKqmuA",23,1331359,116845,1100,6682,8
"j_cplTt-Lyo",24,1331330,15606,1981,889,1
"bbib2QkcCEs",22,1330630,40955,6718,7758,4
"yN_fZEPtjWA",25,1330543,7154,1373,1183,9
"RKwYOrsIBlc",24,1329524,107859,3586,5683,5
"dNppXNV7s3A",24,1328878,18617,1961,1130,4
"x9-C1Zr0lKQ",24,1327822,25170,530,672,4
"9mwNVKxKu5k",26,1326581,11767,1066,742,1
"CCV1YVyEI74",26,1325541,11257,3307,3331,4
"8YQnIsREZTk",24,1325152,6106,1003,335,8
"7XrF2bn7LgU",24,1324966,14267,1871,902,4
"5nO1H7kNNwM",22,1324405,8055,2342,471,5
"QEC4HkHgUb4",24,1324375,9297,1038,1932,6
"uKZlI_vu314",24,1323917,15688,1903,2732,3
"xuzU4ji5Ms4",24,1321663,7036,1161,572,5
"2_wrY5hVlA4",26,1320135,15227,1198,1117,3
"Shoqjze-BIE",1,1320054,21885,4482,7559,6
"ny_1UURma7Q",23,1318124,35424,2544,1147,5
"4L-BPQVZYXM",28,1317168,49163,1145,5796,1
"y76BJN0_0QQ",10,1316132,18091,591,562,6
"flgC_W43Qjg",24,1316021,6551,985,722,5
"bqx08H6wfI0",10,1314910,43857,4507,3485,5
"S2Clf5m3Ai8",24,1314467,5861,1263,572,4
"stNh_di8OM8",22,1310602,55981,4167,13893,9
"vvKO5suexeQ",1,1309207,15990,6454,1770,4
"PPQ0par6DK4",23,1308694,32561,12435,1933,8
"M5mFxEFxWrM",23,1308615,23088,847,1421,1
"8D1fLSgvFnc",24,1308250,8514,834,932,8
"pj42Del4btU",23,1307898,63611,4769,3736,5
"gC2J-PD9xk8",10,1307246,4698,1328,272,3
"XE2J9bw52RI",22,1304347,38784,2479,2384,8
"rZes3Kp_ZuU",24,1303732,9960,1087,1740,4
"doUyKmNIbog",24,1303472,89012,4702,15203,5
"9B39WrzW9C4",23,1301605,83776,1920,3975,4
"igLj7cjHhyQ",28,1301114,60557,5758,14287,4
"TAYlQ3vJwi0",1,1300726,3036,1495,617,4
"EcJGGe5D3qE",26,1297660,12761,1566,335,5
"jfC0sCvtrB8",22,1297438,6988,993,568,1
"Zh77RR0Uo5Y",25,1296060,7207,904,109,5
"4JNhnz2dBSo",25,1294563,9334,742,704,4
"BnYxQdgQi5o",24,1293402,5883,431,208,4
"F0_PiZMO92s",1,1292467,2154,1176,295,3
"Ab7wBY666vY",10,1291766,33405,903,2105,6
"eOQpjvnm4ME",24,1291361,16081,1368,2877,1
"iPWIULW-joE",24,1291052,15842,812,1974,1
"CEXva7G-7r4",22,1290253,0,0,0,6
"Ik8xSM7PBmU",24,1290109,37773,4721,4027,7
"fMU6ZvKT3X4",17,1290080,7282,752,1721,2
"RPvRJZkr_ow",24,1289296,2001,2175,750,6
"NyNQLRhsAsk",23,1288731,14665,978,2567,1
"fdgAMPzwqnU",10,1288676,16739,454,580,4
"Kvnbfh8v-gc",1,1288531,1553,909,221,3
"96GzIZZDJ40",23,1288003,38456,2529,1294,4
"2SN78FcSjPQ",23,1287615,86840,7313,9696,8
"yh55XHVioo8",10,1285696,31603,1631,1537,5
"QZL2NrrhjHY",24,1285594,50662,878,1594,1
"T-qbxsXgv_4",10,1285181,19336,1413,1469,3
"kCJeqDdzjkg",10,1284665,6532,1097,896,2
"jz_Z4A_237U",25,1283557,7022,2235,1034,4
"09vzBTqGcJ8",23,1283467,92253,873,6658,5
"rsbshRIHjVQ",24,1283039,46853,3725,3255,7
"J3ve3CZ5rog",24,1282881,7065,1458,468,7
"1jhbgD4BGvM",24,1282011,61242,3126,7325,8
"WhEEJmr06Ac",24,1281838,17425,1381,977,3
"tTqLFs0rT_Y",24,1280130,19867,802,1607,6
"gDIPCZtTGVg",24,1279181,7948,574,497,2
"F0JUYfQOkLA",10,1278953,62876,5900,2257,3
"wERgpPK44w0",24,1278249,22466,1609,1205,10
"nrE67FL0K7o",24,1276377,5349,1136,261,5
"0PrUr3bQdwM",28,1276224,53334,2208,6231,2
"fCQJ4TmdH54",24,1275099,6161,1308,592,4
"VNtqIq8PfXk",24,1274578,3687,1305,301,5
"hLVi_IEuLMM",24,1274334,10839,1083,521,9
"_lUiJsnGXh8",1,1274141,35046,948,3829,2
"VVYZneoP8O0",1,1273673,5684,130,28,4
"RVpnz8mbVDI",24,1271331,41111,1410,2964,7
"qJqEnZHfjz4",25,1270505,12132,1253,1216,4
"ks6PS2hAcw4",22,1270438,3417,1464,0,5
"d-b3FWwPb34",23,1269952,26134,934,3503,1
"X4eL6fL5I1U",22,1269930,56765,1301,4256,9
"oigDKXK_xMk",24,1269597,1530,772,107,2
"KB4_WIPE7vo",28,1269190,88335,1932,12709,2
"cpCiPA-kczA",24,1268813,8534,578,444,2
"76gdTVk4eKE",23,1268797,63865,1922,1980,8
"IwJ0xHIYsg4",10,1268691,69751,1917,2287,2
"Deu80xFFTNA",24,1267552,10144,940,1825,4
"1DhAsOxPpcc",23,1267498,55982,995,4002,4
"nrySmTqJ2nw",24,1266496,7574,953,1351,4
"EK8oTZp9M4E",26,1265971,14734,1078,1063,1
"crci7GHuXfw",10,1265870,20776,1374,1683,4
"8hGjKhVQuFY",24,1262372,7187,1140,541,5
"NwCfrim7vPk",1,1262135,8273,524,548,7
"b5W36yFJZwQ",28,1261881,56309,3767,19677,4
"JtriogH7GgM",23,1261821,61578,2512,2121,5
"dROvhepEATs",24,1261744,8786,1181,1227,4
"o38WAS8ufyQ",26,1259866,8374,2668,0,7
"tr-cbaH6JXA",17,1258989,6280,494,963,2
"ZGwFDFQEe6w",23,1258627,27462,1965,3189,5
"K467hCOsuf4",1,1257942,3615,823,0,2
"WXN8BzAsi3A",24,1257923,20769,2641,2298,2
"w84h4bJLNDQ",25,1256609,8193,1329,1260,3
"EzqAHxAwuu0",23,1255931,47769,2029,1827,5
"ntjZEBobMec",24,1255687,7129,903,296,4
"5000ZcHiMws",17,1255386,7766,980,518,2
"AzOCO61rfb8",26,1255018,7068,2068,714,4
"qUnUoxa8Bww",10,1254476,25975,539,320,5
"sGCzO9frUS0",25,1253923,2384,1327,403,2
"lw3vHwyaFTw",25,1252431,12093,2864,2322,1
"PEbjOAx-ElU",24,1252198,11031,1198,1007,8
"jbzn3c5aafI",24,1252019,14880,582,1320,1
"CtBca6H6Teg",1,1251180,32186,455,4166,1
"t7cWvV-XyFI",24,1250887,21495,1896,1981,2
"k6VdVviZFRg",10,1250814,29675,806,861,4
"W2uDhRdmvYc",25,1249760,5715,1576,1710,7
"plecEcRYBkE",22,1249059,43425,3798,4200,5
"jNYti0kJcvU",24,1248714,138969,2740,4588,5
"bPfiWUK3-90",24,1248214,4448,1163,223,5
"2jrb73BMAGc",25,1248212,11137,471,272,7
"vIJwOe4D_xE",22,1247884,45138,4114,4039,3
"PHYvZDjo5uc",24,1247657,23076,2003,3553,3
"vYKkt95uYKw",24,1247616,12614,1996,733,1
"N6ZYJ__tiXM",23,1247210,64240,1385,3030,5
"1JHY490K_A8",17,1246692,27422,859,2724,2
"eHoSVRXgUCc",24,1246543,45051,1697,2359,8
"duCd0Gy-k14",17,1246408,7302,571,1025,1
"8OwO2zyz55U",24,1244424,13280,925,1079,5
"QRzR6bvnvD4",26,1244140,13561,949,756,1
"rgkVEOvr1iQ",25,1243059,2461,401,163,7
"JwzPmgVOV-M",24,1242671,8640,715,650,2
"AJvSZr96vTY",24,1242336,122482,3653,5201,8
"86VjgW1wDfI",24,1242316,20923,339,1660,2
"9qmcyucT6y4",23,1242249,18731,544,1983,1
"o4zrhUqWQuY",23,1241704,42190,1255,1805,6
"mRbvhHil2hI",10,1241389,63285,1175,3320,8
"QJgvhFKsouw",24,1241243,13932,321,1219,1
"qCRhteWhEtQ",17,1240199,6552,521,1044,1
"EHlZQr-dbIQ",17,1239338,11155,890,447,2
"fX2mNMHXsYE",10,1236862,6947,347,266,2
"P8agdtIiL_o",23,1236825,72636,5944,5406,6
"nh_eZnSZCLw",24,1235551,8819,1400,839,4
"ssVrzoCgr_w",23,1235481,13805,463,1891,1
"WfPu9Jrcpuk",10,1234928,81151,1475,4595,1
"tx1S_lhDmIk",24,1234653,9501,762,273,3
"6PQHL8CPPjw",25,1234007,7245,1139,265,4
"38Y-DxTukuY",24,1232830,73837,1341,3580,4
"TVT-5AuWYhY",23,1232714,26619,1050,3159,1
"ny__LB_WFfI",22,1231800,3646,1807,955,8
"WxJ1t3S14yo",23,1230389,167134,2825,7921,3
"GJ5GBUpLCZE",22,1230195,25368,412,1178,3
"hpEjxsHT0Zo",24,1229691,6260,1327,602,5
"gbRijjvIeyk",2,1229538,51014,805,0,3
"lJAySKHHg5k",24,1229302,4715,975,217,4
"aumXGJnd_hU",23,1228037,64760,7083,3949,6
"5lgxy7qYx2E",26,1227473,18384,1353,2305,2
"r1l3cYVRlnc",26,1225982,14626,1324,1882,4
"zVc-Oe1wZGc",1,1225976,12164,1105,0,7
"HdteSQzKE_4",23,1225827,20987,1124,2970,1
"jymQtiNgfVU",25,1225379,6423,877,869,1
"tTuMlgcN_9Y",22,1224977,4895,600,309,1
"FMxntNL0v2A",25,1223942,1558,459,0,3
"ZhMtE_8wu2o",23,1223718,154306,2409,10255,1
"A6GxAR7TxzE",24,1223381,4938,934,157,2
"qKM-TRIWfhs",22,1222793,5566,2088,1481,3
"RkLcDESD-B4",25,1222586,5196,824,765,1
"DTFp3gsfZoU",24,1221752,5216,1005,189,2
"0JED53VkDVc",24,1221379,11894,920,920,2
"iABlo-V031k",22,1221108,0,0,190,3
"_KRN6cxGZvs",25,1220642,2692,837,261,7
"WUrhLdaY0do",24,1219822,7913,1358,1919,4
"PP2SSbSfsnc",24,1218188,1353,343,188,2
"Q6CUaLa1Rtg",17,1216411,5497,1088,1609,4
"J2whskXsZe8",10,1215533,17964,499,641,6
"NFXe2Kgb8Bw",1,1215146,5612,1078,597,1
"bvNonoGTjgw",24,1214765,11087,946,537,5
"eRyvGUC3yHs",24,1214628,15061,1075,714,5
"1-0mS2ZBrQk",23,1214423,85601,4677,7628,6
"hxt8iSz_eMA",10,1212827,10599,1654,2209,3
"Xwseq5D77GM",17,1212478,27079,2939,3162,2
"kiuVtSg4DS8",10,1212382,19523,929,770,4
"0_w4OWI_p8o",24,1212205,3975,458,304,3
"3vlHA694lyo",10,1211784,15449,1850,1445,4
"KPtRb20FzH4",22,1211314,6483,663,499,2
"ck47IYhCVjc",24,1210997,5004,1805,689,2
"XI8vaIASFmE",24,1210601,20592,730,1322,8
"pJ2XRPQH5BM",10,1209733,13236,639,326,3
"Zncv5d5FSA4",24,1209709,3771,869,129,1
"Ce4EbZ9T2vs",23,1209052,85611,2228,3434,8
"lQy1uADW8_k",10,1208496,22551,930,415,4
"HEkvdrB3YYs",23,1207864,91053,3006,8517,9
"ZCY7yhgmNG4",22,1207815,56821,1142,2508,3
"bEump0zeN1c",24,1207757,4910,431,231,5
"OJfOsoUYPts",28,1206662,47066,1895,8290,2
"g8QsfJhFpjY",24,1206433,65917,1752,2778,4
"E-EHVmNevxs",22,1206362,32762,1013,1424,9
"91dCMceBGkg",10,1206357,30435,815,1902,4
"aIj3s6KlIKA",23,1206158,6961,875,1351,4
"HqSQhNoNiqY",24,1205160,79059,2200,5257,4
"Sdar8GHtD0k",10,1205088,65244,1435,2729,1
"tHKl8Vmc49s",22,1204971,4786,642,342,3
"hgqy3o6ec-8",24,1204601,17895,290,1257,1
"Lg8RMAHE2x0",24,1203760,11038,1008,3292,2
"gjqjGbsbgPk",1,1203561,24472,1951,1322,4
"2Zms3lJsuns",25,1203112,14539,1452,12126,7
"CQBT-NIgzdY",24,1202623,3727,404,407,4
"UUQkl9WwrDQ",25,1202255,6984,964,3148,5
"qzk6MgLJ3M8",24,1201756,29522,2084,2478,5
"qZnge-xDI2o",22,1201552,15798,1086,2504,1
"A6NwRYq9sTM",1,1200428,23735,1915,3639,4
"Us4SdcEh--4",10,1199863,18053,2850,1447,3
"dQqqIcQWm6Y",25,1199757,6017,1497,1805,4
"MyQi9XGpGPg",22,1198596,5866,645,366,2
"5gJo1hN5nuA",24,1197881,3919,670,82,3
"TGlnbi_OpBw",24,1196613,7913,5970,5615,5
"qwgXnOQ7ebo",22,1196495,2027,771,313,2
"rz_SgYcmrso",24,1196329,3095,1336,435,4
"QLVhaoausGM",24,1195700,7349,786,291,4
"2h8sbU6iZHQ",24,1195202,5322,629,338,7
"JM2ssSyX7Eg",43,1193088,4467,3407,1068,3
"aIv10kRurEU",23,1192285,6204,1529,1413,2
"opmDMIg4Lvs",24,1192248,18097,500,1271,1
"H9ui6HGyCt0",24,1191463,43181,273,4368,3
"7fwFv-LnuhQ",23,1189987,108054,1276,4456,4
"nKQH9NwOOpg",25,1189926,2871,954,699,6
"pq5CKlWuZJw",25,1189537,8153,2289,2753,4
"NRlezrTVPuI",1,1188217,1882,1239,242,4
"s1mXjqCkenY",1,1188041,3611,813,0,2
"C2YqFvjTG84",17,1187663,10163,1054,522,3
"iSoLxGnEyN8",24,1187369,40617,1741,2410,4
"HIKqzkOXYz8",22,1186969,51955,1174,4543,8
"vaOlchJ83l4",26,1186815,11101,942,676,2
"uHsGqC9UTdI",26,1186737,16287,1094,1053,1
"wkpmdDCfdlw",23,1185923,81339,2480,7536,4
"sNbGY2GYFlI",26,1185641,4455,1075,306,4
"byU2uSU2tBc",10,1184989,3845,750,499,2
"IOM89IbXUSI",24,1184562,6711,818,338,4
"p86oUHE2IFA",1,1184057,37983,1100,1776,9
"gkRrr0w7YnY",23,1183681,62462,2074,2377,7
"Gc_BnMrFhPc",22,1183659,49506,1117,4594,3
"WeyLEe1T0yo",25,1183611,30250,1863,3429,2
"xx0EO0-WSNI",25,1183498,6115,1557,2795,3
"rLwyewjozJs",23,1182853,28796,3011,2214,7
"7xnVrktQY0s",24,1182736,7093,911,374,1
"DR4E0qRvpaU",23,1181845,23211,1687,1445,5
"iN23gIIKs9A",10,1181678,12716,7901,2090,6
"pLPgoPRCyMs",10,1181151,10635,1341,1239,2
"BYvOozMBwdc",10,1181005,4921,975,587,3
"PSTR_NPEmiw",24,1180767,6296,520,300,2
"K_yddF7QnfQ",24,1179896,12930,324,678,1
"3acxT_LfaOI",24,1179584,2414,791,252,5
"8JUu6zCg3Ig",17,1178894,4063,1672,1185,4
"wUq0QFaMBvc",24,1177206,8733,760,350,3
"zYoum2gQip8",24,1176940,5415,1165,605,5
"CVri6p7-fwU",22,1175556,21199,1012,524,5
"zsNA8EXeKpA",24,1174740,13376,738,1216,4
"5vzcu0ZXdFw",24,1174358,11851,1760,1117,5
"JL8rXteFzMI",22,1173910,6821,885,508,1
"NBQCMwnoP_w",24,1173740,47242,1709,2310,5
"Ov1u-0VDU7U",24,1171799,5000,1118,409,6
"bpWv-0WVi-o",24,1171441,8669,958,1165,1
"TcdB5kP9I4I",10,1171004,25704,1168,1057,1
"_itgA1qgQWs",24,1170407,14491,951,556,4
"bO6sw2nAaaM",24,1170294,3647,1071,357,3
"W6E_Pjayhl8",24,1170258,16125,437,1311,1
"7V6nvMw0NVs",24,1169714,7084,670,508,3
"mVutD41HaDs",10,1169453,13122,1664,837,4
"ufoiF8wH7gc",10,1168536,39686,851,2327,6
"iCzUsXUEz94",24,1166787,11771,856,559,1
"56zxKLA0SuQ",24,1166712,2793,1187,666,5
"lzZYkRiDOMM",1,1166561,13238,3463,1536,10
"Qzsnda62XLc",22,1166434,36068,1744,6330,5
"zdRj-FmLJ3o",24,1166291,0,0,0,4
"-4BScB2GHI8",24,1166084,3068,1134,250,5
"5vfQJrkREsY",26,1164238,12539,1092,939,1
"MUufMZHPedQ",24,1163705,16534,497,432,6
"ZIdqYB7Ij_A",24,1161991,67780,924,7386,4
"cGIHV0mwnH4",26,1161372,16649,984,986,1
"ZwRy5ZmBSGw",25,1159096,0,0,962,4
"tHd0twRKZ9s",24,1159025,7385,815,1741,4
"I3GfDNpGp9M",24,1158940,1896,741,253,1
"Tt0nPX-vBU4",28,1158671,42587,2549,12323,4
"5O24YDZTj5s",23,1158501,77228,3340,4331,3
"qhZrDy-DvFE",25,1158464,10990,974,2814,5
"TyYV_h2bXM0",28,1158291,370533,2519,382685,5
"sGcX352MseI",23,1157822,5897,967,1054,7
"svDLPOpmc2g",10,1156633,34080,2240,1620,2
"hvFbmImsCc4",28,1155899,40052,815,5399,2
"A7bMbZZ92t8",24,1155651,2110,2031,0,5
"yVu_wJl0wgI",24,1154727,4333,2057,608,5
"s2-UCIXJAyw",24,1153945,27444,5134,2730,6
"rb29E84pi1Q",23,1153820,26864,1391,1478,7
"rVxymHb8nwI",25,1153763,2530,631,657,8
"8Ah68MjWODE",10,1153561,27169,837,1348,4
"dRx-RApORDg",10,1153279,77389,1169,4114,2
"QQVrQEtUV5Y",24,1152926,11083,1616,1697,2
"gcyqfrzF3VY",23,1152828,32052,2084,1039,9
"02Q4RAS09Mg",24,1151534,11293,462,957,1
"yscQtS_Lay0",10,1151179,46510,1380,1558,2
"c_CWhv86Wc0",24,1150918,14226,417,1491,1
"yyvm8-r-LXY",26,1149692,11926,944,548,1
"kGyO2J94gno",17,1149601,4415,1159,673,2
"xN-pFgLbpOo",24,1149070,3196,967,0,3
"C31XVeWaMWY",24,1147897,3528,980,201,1
"7_VkgZbfmro",10,1147872,45152,166,1101,2
"ytI6c8OrSQU",10,1147618,4874,248,540,3
"14Hehc661uc",24,1147524,57290,1132,3770,4
"R1tJ6i_Sxyg",24,1147480,36255,4064,1816,3
"OBmX52IGSXQ",23,1147420,8061,871,2042,2
"tyhBmsLC-JY",23,1147171,16311,388,1524,1
"HHITT8NTEGU",1,1146912,3573,1692,431,2
"KX3wAQll0Ek",24,1146144,7361,621,598,2
"VtZV_rFnI-4",23,1144879,19469,685,1337,2
"XN3Inmw--V8",1,1144873,11989,225,182,2
"h-h5Mhlt6O0",28,1144752,64551,1383,6406,1
"SR64ivbI94U",25,1144485,9698,1716,0,4
"mpjREfvZiDs",28,1144263,48259,1109,6132,2
"A_OTro_GURY",1,1143928,7124,971,363,4
"zN-M9aobnbE",24,1143890,9176,1116,1646,2
"0jU1fXOUr98",24,1143400,2645,537,271,2
"KWImTqoHbZo",23,1142327,59079,1427,1538,4
"997UF08Emco",22,1141558,3258,750,440,1
"5R2ZZ-t8XS0",17,1141062,19744,693,2433,2
"hndSZXjmJmA",24,1139756,14380,485,1227,1
"bPkprgUDnDo",24,1138705,6728,936,523,2
"V1pLr9Y74XE",1,1138590,19308,915,711,6
"ajJC_TQvDig",26,1138338,13651,1674,1598,1
"E8jrQAmQYRA",10,1138302,32573,2815,5410,5
"2wlYHYFNPtM",24,1137733,52979,360,3416,4
"14NpTr0mFis",22,1137332,6131,1412,252,4
"I69o8N2alSs",24,1136725,3104,1889,780,5
"wJC_HJ3ZhbY",1,1135785,1387,775,161,3
"fhQaawlJPIo",10,1134451,28435,1288,1170,1
"cWmPLxhlxRU",25,1133657,15990,1052,1195,8
"2-e3RYWr758",24,1133012,12764,632,1415,1
"MaKUmY3E6fk",24,1132646,26480,522,3262,2
"aeOdOAEeX-E",24,1132121,6761,1537,730,7
"25xrub6bxeo",24,1131779,2963,478,147,4
"8MJeOafIASU",24,1131555,7946,788,322,3
"di3SMcIN_OU",23,1131524,18537,478,2722,1
"Y83L3JOlWHo",23,1130877,40297,2383,1259,6
"Unj1z4BpduA",23,1128939,67055,2690,2350,3
"AOSq-SkhyKU",24,1128733,1619,474,162,2
"HnnRyhuX_jM",24,1128618,22760,1091,4490,2
"rO5PxXFR5b4",25,1128573,5497,816,435,3
"k2sFR6O6AQE",24,1128540,14534,1410,758,8
"IWqeTxCdsrk",10,1128181,35008,645,1194,5
"btxciF35Qnk",24,1127610,14989,800,1414,1
"i31kP_hMGDc",26,1127557,10990,1045,609,1
"5QmftliIrgw",1,1127414,3136,802,0,2
"iZgN7Xo66xk",24,1127403,10183,788,362,1
"kJzGH0PVQHQ",24,1126296,1266,1248,156,5
"vTglnKvkFBI",24,1125379,2400,1125,0,2
"wNMg7E_ypHI",10,1125244,25966,569,524,4
"LDwue1atp78",10,1124137,8496,1092,582,1
"RBWw1S0dX08",24,1124064,37746,2265,2544,7
"hQyeNBDCrsA",25,1123815,4048,12290,0,5
"2c9fXDI2EYE",23,1123139,22986,513,1254,1
"s1ksryg_p2M",23,1122828,19288,1979,965,6
"WV-IXl_fUxQ",43,1122821,7839,1268,982,2
"CWstkticDfQ",24,1122119,5398,388,171,4
"D-o-UFJkE9E",10,1121906,9830,1444,1273,4
"34qhkRfTPh4",10,1121514,15631,788,1056,5
"bgmIq_DDKGs",24,1121426,4815,524,209,4
"fTIkoRdreZM",23,1120226,104993,3823,7285,7
"_crYYMysH7M",10,1120085,11850,400,468,1
"dmYghbivxWQ",24,1119092,113145,3029,8927,8
"0AGMg91t4sE",24,1118657,14662,620,0,2
"9NUBYNqNazM",24,1117346,8950,775,1495,4
"SpWsbQHPTGw",24,1117223,1892,652,97,3
"xaEy9D6T-wI",24,1117114,6489,736,271,2
"TwR1lreLwuQ",25,1116818,3035,1078,993,5
"7Bycm1I6N_4",10,1116497,6272,207,263,3
"lhDiV9rd2Sg",10,1115607,35092,936,1959,3
"foQtnYBeFNA",10,1115174,11414,1236,1015,5
"LRfveNMtcB8",43,1114075,4264,2643,712,3
"O04kz1TsnAc",22,1113938,2743,591,391,1
"_iRBspjg2pw",24,1113890,36539,1328,2267,1
"YLWXjD30SaI",22,1113794,5190,516,346,6
"mx7ZM-U12q0",23,1113627,4384,1045,1016,6
"qulVEscM11s",23,1113503,106129,2536,8292,4
"i-zfoywTw-g",24,1113477,5971,739,354,4
"H5nybkKI34s",26,1113450,6305,1028,215,2
"23ILq4uxd-w",24,1113240,14251,233,734,1
"IS8H4yVjAlo",24,1112702,51108,1145,3572,9
"Fi9j_dtPU2M",43,1112557,5768,1180,348,3
"noeMxDXlA6s",10,1112532,20941,2085,1549,7
"JnpYYa_tlwY",1,1112478,26417,10041,6354,9
"g8Y6JhOVYqw",23,1109766,19873,936,2900,1
"mVfikHzuU7M",25,1109766,8828,1074,902,7
"OZqsFkJpvj0",24,1106283,26607,396,774,1
"hi8fd2fmS44",23,1105699,130099,3538,16851,5
"xIZYxqqpjJQ",24,1105347,13154,672,741,1
"_sLxAHAvcks",24,1104896,53258,5542,5308,5
"PBYxfBdsJMk",23,1104614,8569,1205,1459,3
"CsSsigYQrOM",10,1104234,11427,1912,773,5
"Aho8h_BYTO4",10,1103642,17889,1591,936,5
"bKxyQseYyk4",24,1103242,4157,768,187,2
"MYQIVsugZSI",25,1102946,7641,1831,2374,3
"uNtY6HpiM4M",23,1102828,107317,3026,7931,5
"ck9_cXMpAfo",24,1101802,2271,1383,566,4
"C7w8VvzzR_E",24,1100857,3877,1048,180,2
"9dfzkUEpEf0",10,1100632,10081,1791,1208,4
"F-HTGrI-NXE",23,1100630,19312,519,1359,1
"46TiqS5SSQw",17,1100175,6142,643,298,1
"3ZVgdtGfOD8",23,1099532,101688,2797,11296,7
"jjCP_khIxLM",24,1099221,18713,450,1180,1
"kNXZvShByPA",24,1098739,1974,1362,449,5
"SlQTAJfpCRg",24,1098710,3598,2354,630,3
"beHCFMkodEY",10,1098546,9432,590,372,3
"Ub67RZPz6bU",1,1098513,3659,652,356,1
"Xpzc6hZpVKI",26,1098148,9122,2501,0,4
"NOKB9Y8g_Mg",24,1097667,8735,654,294,1
"OIb4BXssO5Y",10,1097459,19364,1238,664,4
"uqIimB2dt4s",24,1097387,23231,1553,1715,8
"589V8qqcJzk",24,1097197,18745,181,456,2
"GcbsIv3QdFs",22,1097055,51250,4306,7886,2
"ZyqL4sMrEss",23,1097042,44235,3051,2379,3
"qO5edY-vaA8",23,1094328,18050,447,1254,1
"M13T2XdiX7M",24,1093595,9341,971,317,1
"DkYe6YqQjUQ",24,1093087,7649,837,1358,6
"07OS6CW8ifM",24,1091657,108721,2677,3892,4
"mRbZXwcI3Dk",25,1091574,7122,626,483,2
"t_3YxbCWgM4",22,1091299,7712,704,332,3
"RROs-zCrSko",28,1090691,40494,940,3225,2
"NxvzisNwyQI",24,1089783,10635,958,941,5
"030x7qXGgtE",25,1089707,5244,5724,4162,4
"TQG7m1BFeRc",28,1089685,44154,1399,4654,1
"P2fgQfuQNI4",24,1089609,5482,618,981,3
"zzcAq02ncAE",1,1089236,9928,416,577,1
"kg-E_f0ykIM",24,1087919,4042,858,105,2
"BvoDi0PpFPo",24,1086676,127124,1221,10826,8
"WdAbH0ZhlXc",24,1085288,3184,570,172,4
"EfN-is6TCKI",24,1085080,7428,673,667,4
"bJxUMHgvPxs",24,1084069,38316,2461,1546,4
"rUWIZgMtZw0",10,1081323,16536,1649,1393,4
"yD-baFKSIOs",24,1081065,4014,2852,1043,1
"W3D-rS-H-kU",23,1080897,86142,2275,7873,8
"AQJPbaSkEms",23,1080709,43095,4677,3706,5
"EagvqXJx2c0",24,1080683,4131,937,256,2
"e95ZcmNi_hQ",24,1080559,9717,983,408,3
"SYtxYDSUF90",24,1080263,50320,1388,1859,4
"YEIozlOEg08",24,1080060,7569,637,268,2
"PFcehzVfIH8",25,1079985,11826,3009,12581,5
"emM4kIHyFa4",10,1079699,21276,542,898,2
"wBEZiNtReFI",23,1079466,20150,737,3091,1
"7qxtaZ7xa_A",23,1079285,49062,1201,2045,5
"Gxs1iOxbBg4",10,1079224,5812,1165,574,3
"OdUryRvNmgs",22,1078139,59459,873,5614,1
"UnPI4xKvf0c",24,1077962,16676,706,1528,1
"biNcyoWah-o",24,1077452,44041,1864,2715,4
"PXlVzMiRIHw",24,1076856,7635,821,1228,3
"cLovJeESCUA",24,1076028,7093,797,1221,4
"4lq43svBFLA",24,1075698,7843,779,1319,5
"XDXOjF0F0i0",24,1073804,8281,632,1498,5
"wTzVDSxOuwo",1,1072977,2428,979,285,3
"uheBhLyCEUg",25,1072680,7580,1156,863,6
"_FtGIdMRk_o",27,1072632,17690,3234,5701,5
"0Fo5rISAJAw",26,1071590,8721,722,720,1
"_pPxJdur_Hs",24,1071224,3127,479,143,2
"ZnQGzfrEpsc",24,1071080,29203,367,1056,1
"B0jItb1pcOQ",24,1070719,37579,1549,2238,4
"fguRnROCs7U",10,1069924,22487,877,534,3
"dCctj8j7jFw",23,1069497,21173,562,2386,2
"fdNS1KjJkI0",23,1068813,73525,2017,3902,5
"BWgepkzDnMo",25,1068593,8826,1512,2674,4
"MLXrsFTBKTw",25,1068415,6409,660,317,3
"Hq6rk6xT4Sk",10,1067593,21174,777,949,7
"Gsj3Uj2MAGo",10,1067261,33574,1485,3294,5
"jY9Q9jiqKMI",24,1067115,9790,824,671,6
"ekDggIFnrCc",23,1066286,131000,2209,11690,3
"JL0Jcs5SDoM",24,1065689,30797,2767,1409,4
"7sZ1t8_47RY",10,1065369,27299,790,1662,6
"Pq-MinfnOSA",24,1065194,3577,367,136,4
"cvB57oklHlA",25,1064986,3885,1161,161,7
"Ulz2Pg-aLkY",22,1064820,1608,1411,802,4
"7unZ3zp9jck",25,1063832,4410,970,0,3
"mz1krG4cWF8",25,1063580,19486,1275,2301,3
"ut6UYwbt6Xk",1,1063506,38117,616,3472,1
"FjsQkOt553Q",28,1062676,39852,1136,5025,1
"PWk6otUD3Cw",25,1061777,5891,1701,2480,4
"3tCBIDzF34M",23,1061217,52902,751,4528,7
"XK_hddIIgfk",23,1061054,41727,1840,1948,6
"iQ2bPjNjtlY",24,1060769,62218,1146,2494,4
"tADrNTPfDVk",24,1060505,3884,960,151,2
"1u_VGlwvQHw",28,1059709,3246,1515,405,2
"F2MGNXj8HLo",23,1059267,21327,476,2119,1
"GIyMO3zkfWg",22,1059134,8803,1284,476,4
"nLFX8rBUNdk",28,1058398,90492,2430,87723,3
"Jlbs-kVZB5s",24,1058202,2834,290,124,3
"o_mmAxF51hQ",23,1056682,33508,2058,1205,5
"ZQ4VHs4LwhI",24,1055755,124319,2832,9626,2
"A8CBIXGVQxY",25,1055693,0,0,0,3
"CKtfVLz24qk",24,1055692,46559,2071,4468,4
"FFL3h6ZTCFw",17,1055482,7680,1074,384,1
"E5JoqPTrSgU",23,1055090,84014,1011,4731,3
"5hvRTAuLJA8",25,1054796,6164,1240,1365,6
"GBTV5ekQwWw",17,1054453,20084,2202,3658,2
"XB3NN0Fy1g4",27,1053689,25656,835,4921,4
"_dn_8RR3SyY",24,1053654,15411,366,1433,2
"xUIrq8ZNqSU",24,1052337,13815,395,1056,1
"4du1KXBl4YU",24,1050556,6086,3245,3775,3
"UmVSUuv514g",24,1050298,2298,1028,314,5
"W16tAWU4hdM",24,1049923,12405,445,902,1
"3o3-3UJpFYs",17,1049288,15597,859,2514,1
"kjaHhduqS5o",1,1048201,12967,3028,1179,1
"FH8N-RHxqkA",1,1047772,1713,939,266,3
"UGmEHJrSHU4",26,1047696,11077,848,648,1
"CV39K_uHae8",24,1047456,14449,555,1288,1
"lfMyikSJfqk",24,1046819,0,0,0,2
"ncJpPNQ-uZU",23,1044742,19827,488,2176,1
"tDOMk9LydxU",25,1044503,19851,1377,1196,2
"ftoP58i_g9w",23,1044133,62890,2401,3839,6
"LtGhUxmWVKs",1,1043841,15777,634,2519,2
"x2g4tavcarw",24,1043600,1205,782,307,3
"jE6SRnRZ32k",24,1043544,6349,665,1274,5
"JNnRbYj6Rnc",24,1042730,17204,395,1097,1
"GhklL_kStto",10,1042396,26474,602,1185,5
"0ukQpPD0P7Q",26,1042229,22937,852,2690,1
"H-Y8vpZ8F_g",1,1041653,2190,695,103,1
"xjxkJmc-fcI",24,1041395,7213,758,611,4
"z1kLBFVk9HU",23,1041392,39519,3950,2440,3
"KZ8q3_5kQl4",24,1041056,22415,6144,1514,4
"6RN6cbF3LNQ",25,1040962,5625,366,603,4
"chE6-4yJrfU",24,1040033,3462,960,274,3
"hQ6-boBoJMg",24,1039970,19975,2400,1266,1
"f6zIqnPxRMc",24,1039175,5336,806,465,7
"GFS2YfmiPwg",24,1039170,7935,1211,370,5
"aemnUmMoPfM",10,1038866,7365,310,170,3
"Vtq1eQEPxII",23,1038786,64072,3237,3666,8
"0_K4z_7fvGA",17,1038768,15162,1196,1522,1
"cSLv_HM6tr0",24,1038410,7443,658,1267,3
"YpHS7vcKXF4",26,1038329,11219,1208,602,5
"KCQTRBxB1z0",22,1037776,2190,2214,658,4
"PpHEXUeXMxc",24,1037158,11876,443,1236,1
"XU69_u7eXa0",28,1036745,48994,1146,3926,2
"5otsWm0CApU",26,1035263,12395,975,1009,1
"OV9n85JDEK8",24,1035219,12769,451,1413,1
"HQu8yBRX8QU",26,1033619,17411,1182,1480,1
"MKio29y4zG0",24,1033501,1858,1179,115,5
"9ynR5n97qCI",10,1033344,32842,825,1078,1
"1P2Ihk16s_I",26,1033078,16024,1246,2296,1
"rAx8xncndRU",24,1031935,6326,716,894,4
"8-vWm6cDnak",24,1031763,25431,2267,1495,5
"Lw5-QrMrIx0",22,1031706,4647,456,200,3
"sjN-NGsRg9g",10,1030999,96347,500,7612,2
"sVdIWxa4dpA",28,1030361,39203,4952,5370,3
"_gJmgx1ptDs",23,1030147,13261,942,637,4
"fL30bWrGrfE",28,1029854,70406,1101,7048,1
"a1uNkQNUNDg",10,1029769,15245,576,878,3
"3uWReK3nbYI",24,1028762,3103,1192,382,6
"QlGs_lohNqo",10,1027912,6289,1130,1195,4
"XjF2n3NaoSk",22,1025941,6019,234,280,1
"b-ShNqtj8Yw",24,1025278,14064,593,1825,1
"iJtl3xnNOIg",24,1024817,6528,8813,5653,8
"vpNnkd8CkSs",10,1024586,11228,1320,968,3
"PVzPXILE-PY",1,1024037,13267,963,531,6
"zQpayXoHMeM",43,1024022,3909,3208,1071,2
"b_7I7kANNgI",24,1023697,22275,1612,1559,6
"p9ZmShm1428",24,1023324,1557,2796,0,2
"fYybt6w1IUw",26,1022511,13583,981,1007,1
"dvpm3XFWNqg",17,1022354,12122,1045,1607,2
"UuiabjRSDs4",10,1022148,28187,3005,1305,2
"unY83S0dTkg",24,1021597,5079,828,184,1
"nG_Fzgphx78",24,1021581,3911,980,186,3
"xAJwmYwMJH8",10,1021413,3480,495,187,2
"t7epj5tK54M",23,1020827,18515,530,1814,1
"58jE0jh03aA",17,1018965,10585,926,682,4
"CeYiWpZ5svs",1,1018369,2661,1408,198,7
"U4pZc-FmsPE",24,1017999,38593,1097,2463,4
"My7e4qkIemQ",23,1017824,19498,297,1341,1
"HWjtSGIqVMo",1,1017783,3694,784,0,2
"8l0HpNT5TPU",24,1017730,6676,369,284,2
"1YYfRHcWyBU",28,1017216,40638,2887,7152,5
"m0KWvm7Rshg",10,1016791,16472,430,566,5
"5gYuK3LixLo",24,1016582,21968,1073,496,7
"oGyXPUHY2jQ",10,1016346,44749,1202,3994,6
"6unfjTI4_-E",24,1015889,38735,5403,2104,4
"QA43SHFz-SE",24,1014728,3392,779,228,5
"NgEgYjvh6rE",23,1014724,25413,891,1030,1
"YXIysbnKKJY",25,1014117,4235,563,422,7
"kp8BfkLeEtY",1,1013986,23101,613,1280,9
"4AJigX9bJO8",24,1013756,40361,3752,3168,2
"1L6Nrdjyp_4",24,1013633,3477,785,311,2
"8n7VCC4Xxzw",24,1012891,51552,3096,6936,2
"RqccSEEO-5M",23,1011849,18214,577,1604,1
"uHI_iTUxndE",24,1011808,6362,578,237,2
"bIOpP1qC5Jw",17,1011117,24142,1584,1223,8
"pd2dtGbWIco",10,1010121,474,52,20,1
"NqU9uJXxT8o",24,1009917,1820,650,99,4
"qoaad0TKV4I",22,1009343,7045,436,180,3
"A4EKZRlpcIM",28,1008091,58932,1360,8409,1
"Go8VUAZWhpY",23,1008063,42392,13678,3774,8
"bJOSwdM5p-g",25,1007861,4982,2682,719,4
"30mSNZtgAdE",24,1007486,4950,1300,484,2
"kf6M9Qumyf4",24,1006589,2473,1236,357,5
"PqSS687e4Os",24,1006283,7365,2406,2598,1
"EBeO6lI6MS8",22,1005633,42162,2115,6024,3
"DnEYmG30PQk",24,1005539,11278,1238,969,7
"DfeScRY4jd4",17,1005012,7568,1112,284,1
"MYoYYQVGCc0",22,1004948,6647,1108,937,7
"ezaRKh6WSLs",10,1004821,30673,1062,1608,1
"OhQ6lNlHLQE",24,1004746,54699,2513,3078,5
"B1HH3fWOr2s",24,1004650,7296,345,1109,4
"OWPBtPivj2Q",23,1004500,52463,1531,2806,4
"8aoeu6lwwVk",10,1004480,4942,1342,630,10
"VVchNC5MJjc",23,1003232,18067,460,1459,1
"b9Tht1pW11U",10,1002859,12847,667,662,2
"5gWsGXJTuPQ",24,1002747,2951,299,284,3
"KjJ6jg2Zic8",26,1002005,5346,1392,397,4
"5JaMqRu9ItQ",26,1001844,16375,971,1529,1
"MG9_daxKLlc",23,1001252,25615,3558,1044,6
"HHgQO_rKLHU",22,1000932,42694,1232,4243,7
"j2nMl2n9Bpo",1,1000781,11065,939,612,6
"eDxsDwslmew",24,1000533,46257,1643,6290,4
"7BQWaxwWM2E",24,1000529,8484,1172,722,3
"s5H7g9x4O-0",22,1000490,52438,5557,2789,2
"kG0zQKBz7yI",24,999324,7675,705,944,1
"Oedi37b6-lg",23,999205,137752,2750,5684,4
"aCMZjk_1jzE",24,999150,2361,865,215,5
"BU8TS4A4DI0",24,999109,35333,825,1862,6
"MkdGyNI5k7Q",24,998175,17189,859,642,4
"2d69Yfuimk8",24,997248,4938,1313,357,8
"3zDr04UIr8I",23,996313,20961,442,1570,1
"SLH_9djMff8",24,996309,4862,668,276,3
"NbXSrab0suU",24,996154,16570,796,1509,1
"ubCJelHwJ18",23,996138,53589,1811,4438,3
"HH18T8TDuIU",24,995448,995,635,98,5
"aBkHb8e3UAk",22,995276,57139,1220,5328,1
"4gDYt1XPkkE",10,994736,21623,965,1157,3
"WxpVc_8QzeE",24,993571,5759,1162,923,9
"-7ge2A8bRr4",24,993075,2242,1169,207,5
"sUtEKDdmxXE",25,992853,3614,407,271,3
"qTvrzXELn-k",24,992480,0,0,0,5
"gu_cSXf1zGo",10,992449,8328,2045,722,4
"VgyBAtA5yXs",24,992071,15483,1249,628,6
"N-S8qAQBquI",10,991273,30627,824,1442,4
"RFWeRXGHKyg",24,989817,1460,817,77,1
"L844mgtBy20",24,989224,42514,3491,2426,4
"E-adXaGlFZQ",25,988975,1316,679,124,4
"F0dmbvepsXg",24,988272,77331,8361,6003,4
"VEvTU59QxK4",24,988258,3646,532,242,6
"oxIRIrRggOg",24,988033,6385,789,1161,4
"TkpV2bUthdo",24,987747,2911,733,345,5
"CR-HCvouutg",23,986824,67528,4971,4723,6
"T6aPJVuON40",23,986271,36020,1152,2913,8
"9hfKRCsghJs",24,986260,5543,314,357,3
"Y2qlGTG2Q1Y",1,986114,2635,938,0,3
"LSWZGgJ0K0Y",10,985759,12433,919,936,6
"YW97rikiFqI",24,984536,4498,712,168,1
"BDhBBAnSZU4",24,982001,3390,918,207,2
"dOwXLXqWoi0",22,981079,3663,1355,1692,4
"Tr4X1Ev2l-8",24,980736,4689,552,343,3
"nAPEWf7L8ag",10,980735,1758,626,170,4
"-pRBNnI-9dM",23,980721,44665,963,2409,5
"1534GZXeszY",23,980559,54447,3220,2927,7
"U-nitbDOZaY",26,980299,10823,953,924,1
"0xwGK7apOQY",26,979919,13467,854,851,1
"xZ7J_rjRGR0",25,979197,17557,429,557,5
"NN6KOJiNvuQ",24,978793,33541,722,1391,6
"7EtHkyjl2B8",24,978748,0,0,0,3
"fTFQIe01-jU",23,978413,56361,1360,2173,4
"YLOOdfifC3Q",10,977440,31865,847,1771,4
"o6T9mUq9Vgo",28,977085,34189,1702,3426,1
"5k0jdnnxbVY",24,976772,7421,626,268,4
"W2lF8ttZ3Yw",25,976645,6826,737,0,4
"G6a67bzgy2w",26,976228,5777,1304,0,3
"0cfCOYT9sd0",24,976167,4854,1061,508,3
"FVe1otlBNf8",17,975738,20429,824,1179,1
"5NeUjjglMqE",25,975348,16305,1439,2795,4
"7BROr-mtGw4",24,974860,5462,426,398,2
"81oEIrDYX4E",23,974517,139173,2210,6631,4
"2XEWN0CFghA",43,974503,4912,1361,778,4
"1kllbOrLfoo",28,974269,45334,1008,9237,1
"U-v6HDIdC94",24,974139,12634,767,1748,3
"Lb9SCI0fSRw",25,974104,3981,1120,551,1
"ySoiqO0U5BY",10,973623,11828,586,473,2
"D6yCN-UQalQ",24,973486,7785,524,641,4
"tWDK9rK-f1Q",1,972834,31285,673,3479,1
"S0Tw2FECy3I",10,972747,33246,2361,2418,2
"G-ghxQ-09lA",17,971403,3881,1697,274,1
"UL4jyN7HYmI",24,970550,6302,463,255,2
"GkHeroo5YmU",26,970509,14616,754,893,1
"o1_asi0zWv4",24,970243,4310,764,309,6
"fBdFlSRSyC8",24,969292,35552,6016,2176,2
"qt7E5SkHwSE",24,968692,79901,2320,3288,2
"jn9mHzXJIV0",28,968631,38551,1569,5232,2
"0DG5QI6vcSE",25,968154,19442,404,719,2
"9GqohosViw4",28,968116,41998,559,2459,1
"wp3kcWOda6k",10,967687,87835,916,9191,5
"xHljr_VuTJQ",23,967380,25693,336,1323,2
"LGFsjJ8Oj7A",24,967340,4014,680,177,2
"i1MCCn34UoI",24,966999,13041,1807,1188,5
"Mi0cla4GAmQ",10,966755,20745,369,340,4
"L8dStgiivTU",10,966543,2498,721,175,2
"hI4D_39F-1Y",24,966360,10826,1147,562,5
"VQLv3xBbHtI",24,965612,8979,702,550,7
"beMSYSyjj1U",25,965494,5689,1646,1076,5
"H8eka8W7oBs",24,965187,40494,5694,2060,6
"6bFlNGM45m4",24,965161,3888,674,237,3
"uZkZVmMOCh4",25,964836,2458,420,56,4
"oG-9BZiocYg",23,964692,18828,1411,1533,5
"LEJyP-g_olY",23,964478,51780,1118,3331,4
"e1-OxAy9uxM",17,963847,16557,780,1962,1
"JNuLtvgYwNM",24,963826,1255,823,147,5
"so0ccfs-psI",10,963491,26977,264,719,3
"DwPe_KYiaRs",24,963318,4732,556,271,2
"7odyDcqdouc",17,962568,13045,3330,911,9
"3zQVAumvdf4",24,962236,2367,1683,228,2
"5dKUziTKmyo",25,961485,2422,1580,572,1
"7R4XPIaB1lg",24,961400,6435,332,135,4
"Hd1PfUUjoWE",24,960667,43263,2593,2870,4
"Lzu-KVt7NsI",24,960628,6937,663,355,2
"xckcv9K3mBs",23,960205,67117,1422,4473,2
"zk7g86AGFDo",10,959916,23605,863,1714,3
"tW-R3DeV41M",24,959338,48790,1147,2081,4
"cOZr5ncJEWY",24,959115,3900,902,139,3
"EsdejyuXmQI",26,959091,10656,1027,626,1
"lmh7oScnK14",24,957867,62389,685,2286,3
"PbzBz02pSos",24,957827,15183,1369,1873,4
"dlipekkPXmo",1,957255,17654,517,3869,2
"QFW6FeWdklU",23,957188,16225,410,1346,1
"o0rEviLm44A",23,957187,32782,1149,2255,6
"uXGXtVcNJ3w",24,957050,40006,2025,2132,6
"d-JP7LkG8EU",10,956870,5601,877,524,4
"2dHxnzkHTz8",24,956711,4183,716,264,3
"x-ifMGA3YsE",25,956286,2751,1170,593,4
"Ri_Ph1Og33o",24,956265,3793,715,201,3
"vv8yh7kJt1E",23,955987,17812,347,2355,2
"sRfp-Zlj6QY",17,955656,6612,558,503,3
"48mhsixjAKA",26,955519,10809,943,783,1
"YoXH6cZYI_s",10,954599,65291,1938,1030,3
"JUW6SxcHAxw",24,953952,4644,595,169,3
"0hhzH-8oXwI",1,953834,15118,569,2594,2
"KK1X5PqF4NE",10,953717,11803,596,587,1
"NBnT2ZqaY5c",24,953498,4813,1282,347,2
"KlZYpIM5b5E",24,953168,2380,744,94,6
"k3v6OEyCjdg",22,952895,127998,2751,21624,4
"f5mCUZxpsDA",25,952704,7329,877,814,4
"qDUyZliyRIU",24,952418,10041,1084,984,5
"AlE0ce1bPgg",24,952412,2623,343,143,1
"j-ivAyqJh0Y",43,951618,7053,1171,960,1
"cr0vnDVmoeU",24,951600,7603,2097,2063,1
"PuctcXmZ270",24,951179,15358,584,1203,2
"rHhAOOsR0R4",24,951050,7906,647,441,1
"yCxwmH3psxg",28,950903,44855,4470,6239,1
"LipKJVINSJk",22,950798,2438,1403,796,5
"laMDXox4xlw",23,950427,47513,3775,2911,3
"n39LjU5ldcw",24,950290,8320,982,545,5
"tMQ7VVit04M",24,949736,2329,321,143,3
"qQpGmDhxgRE",24,949522,5504,1113,2772,4
"8peRht36nZ8",23,948675,44727,2181,821,5
"E-bQHrXqWgA",24,947649,5530,668,189,3
"word2RfnPgg",24,947409,5145,647,209,1
"WJ0McnuNDmU",26,946387,11703,945,1019,1
"cWTp5xejawE",17,946381,26088,553,1679,1
"p20vjER9UnE",17,945489,19145,667,1256,1
"kreWFDa0-GY",26,945223,3777,871,201,3
"A4aXSYOQU8g",23,945212,45138,1421,3715,5
"dbYVURhZZSs",10,944845,6992,1308,813,6
"7jG0wdJZvFE",25,944812,14387,1376,1769,3
"BNdPAEBEhQU",24,944463,6333,512,239,6
"j5maoYx2_F4",24,944250,19750,2847,1688,5
"EV8E6P54dLU",10,944057,19353,500,949,1
"y75ZeXSOb5Q",23,943554,6647,751,1486,2
"fQvYMRtjQJU",24,943394,5991,407,341,7
"EjQhPXSXgAU",24,943235,5977,618,1141,5
"Buml6KaNlcg",23,943162,28658,4259,953,6
"E29UIfIwtvs",25,942860,6900,1076,497,7
"iQDc_eGMA_A",23,942139,41888,1120,1642,2
"76GuHQccj98",24,941546,10487,1136,791,7
"5_7XDbgvyiM",24,941378,17536,409,991,1
"oD_3wMh5kLg",28,941341,42143,718,19452,2
"CyPPi6T3D3s",26,941030,10031,881,458,1
"KSD5Gn5s7wE",1,940816,21563,792,609,5
"MJjmEBDNIeg",1,939766,1827,830,246,3
"QxTJhZqLM_I",24,938138,4731,1298,1476,3
"pAQhexhPoj4",24,937832,5719,951,504,2
"3Cx9Qu2Gppo",24,937621,6579,386,370,2
"e8yTGQW8cps",24,937326,5061,1515,325,1
"rHqVcWxwQKw",23,937314,10953,992,999,4
"Dlsf4BAWVEg",24,936774,1732,744,1133,5
"YXF_H3-dPoA",23,936427,31576,1833,1338,6
"4csQhMHvQWk",24,936298,19675,433,964,2
"71wAEnP9NpM",10,935849,19568,1238,1054,4
"bExC7rzOPHM",24,935120,5804,338,341,4
"vXxDB2Sry-I",24,934597,1999,2195,169,5
"D9uNiDTK-CI",1,933402,12290,549,370,2
"NEGQ_j5q8mI",17,933181,5904,1019,674,1
"W7wu0zx8adI",43,932698,3855,974,292,2
"nt9J_PynaOM",28,932451,52286,963,3995,1
"VKjbrcyhknc",23,932328,36309,5229,2035,8
"9Aod9-YG8Bo",10,932219,5089,1032,415,3
"H53Y-LoFlUI",24,931469,23048,1255,3993,2
"BC7RkUQjUKc",24,931452,39814,7335,4977,4
"7DOk1KMtd9M",24,930882,6169,721,1410,4
"MvIwx0JThsk",10,930349,115341,2614,7372,1
"oYmaZa5UyUM",10,930297,7218,523,284,5
"mbXfJzBkhFI",25,929791,3062,2116,607,1
"sTVKQ6hmRqo",24,929783,11535,748,568,4
"wn963ng2igQ",24,929524,5347,447,309,4
"jK6UOvjMPp0",23,929480,11643,749,464,6
"f5GganBB0Yw",24,928767,5920,512,209,1
"WabptqXRxhw",24,928529,7601,2971,2537,3
"vxyjN1VouQY",26,927832,9369,848,579,2
"B1XCBp5Qlec",24,927209,10977,283,1270,1
"7mqEA_7DK60",22,926696,3391,710,163,1
"S7b6AzisWUU",17,926690,0,0,342,2
"Kp4sOVy3DMs",43,926558,3717,1992,830,2
"sosljVNKfgQ",24,926452,5079,713,252,4
"krolsw9KVFs",23,926442,31282,1937,1206,5
"fHWaKx5MnNc",24,925939,22734,302,815,2
"ME5bQritbWE",24,925624,2824,268,367,2
"tlZBKJ703Tk",10,925594,3677,598,266,4
"j8LN-SYc7wk",24,925501,1054,2164,221,4
"mccaV26xWkM",1,925297,9021,330,446,5
"wU2IbJxeHfs",10,924123,23993,2817,480,5
"0m856_8nLtQ",22,924097,11344,2851,7386,2
"LJ7k_dO7unc",23,923837,24208,1005,1097,5
"MAG0ggL4jkU",24,923567,19201,434,1379,3
"TS_mtju-lYo",26,923050,9133,973,827,1
"nBvK0Tk0Uk8",24,922999,2885,506,66,5
"hnINpTGFbtA",24,922594,4653,754,801,3
"NO4qNHkaZn0",24,922529,12927,923,669,6
"wCQw-ZLzht8",23,922468,37540,1389,2309,5
"R-5RBhqngUs",10,922199,12600,581,390,7
"It2NbAk5288",23,921789,11343,649,545,7
"GqCAVnvb3QA",28,921731,252602,2006,295139,1
"FbyaYgx--mo",10,921526,12011,221,612,3
"r65qzitj7vw",10,921236,19758,411,749,5
"YDefO78Fv8U",24,921053,3460,343,140,3
"sARscbQ1RhQ",43,920820,3771,2489,776,1
"vL0InFiBRyM",25,920165,949,427,84,3
"Cv28C0hqDbY",17,920121,16225,843,1883,1
"Jok1fM1_kT4",25,919723,2861,1364,132,4
"5OTSFVnjUg0",26,919383,10606,1044,657,1
"Vi_8NJuGmC4",25,919352,2599,401,489,2
"8RZg4V1C3HE",24,918926,14658,343,1018,1
"oUTuhhd09GI",24,918591,33410,1683,1617,4
"KAKkmkL78_w",26,918421,9108,849,671,1
"zULo9vPB2S0",24,918026,39409,2932,1547,3
"aJfIh6vmmSw",24,917872,1222,431,0,4
"Lsr1OG9NJUQ",25,917499,3806,809,614,7
"8HfCRPLTXiE",24,917314,7615,647,1333,1
"2IDrHTOOuwc",25,916640,1636,773,79,3
"hikgpPkFwbo",24,916485,5154,794,320,3
"ULKaHSYU-SI",1,916174,1741,686,0,5
"4ZAf_7nZHII",1,916148,14657,684,694,5
"B1D6Clmiwsw",25,915519,11070,2875,2710,4
"gOkkrN3H8Nw",23,914521,14387,429,1727,2
"6AdW1UFXY9w",24,914439,3683,732,136,2
"x8Z07R8axag",25,914310,5369,939,192,9
"JFZMqI-h8E8",23,914200,56509,2018,4355,5
"TtiLD-h_HgM",24,913979,1401,1054,453,4
"AixkpAKEerE",24,913676,10620,530,271,6
"IDFq6rVmkao",23,913447,14377,443,1803,1
"EgSHzasTRug",25,913373,7286,1492,142,4
"79W4w1iNPAg",28,913042,21450,1124,2918,3
"QP5w0thkvYM",25,913007,14654,242,324,4
"NK33kaxIZZM",23,912918,38015,2027,2089,6
"p5QpMIFz5Kc",26,912030,14105,857,699,1
"jUiP543q35k",24,911828,13702,485,1464,2
"7KWO4C1ybzc",24,911750,6885,157,201,1
"6F4Vr3inx_c",1,911528,8396,934,480,6
"VZ8JOHM9TnM",23,911102,53976,3659,1935,5
"2qQHp0Vj5Bc",25,910529,3127,638,0,3
"TYH_dSW691I",27,910263,20871,2258,2382,6
"h0ChlY8mR5k",23,908768,19667,455,1809,1
"SI4MKw2imOM",24,908585,1605,752,370,8
"IFqsPoEyvxc",43,908560,3842,2049,935,2
"lp_sGRz8224",24,908226,9037,2847,344,4
"WyIfwSUz0LQ",24,908082,9130,971,1534,7
"ij22wwVWras",24,907683,4197,1149,518,2
"tte055a3tHQ",23,906991,71095,2092,7445,4
"aIhEZdqaJvc",28,906761,82292,2062,27807,3
"Qil63kgj0pU",23,906263,66699,2274,5192,5
"kcjQ1xOcqjs",1,906199,15397,612,2716,2
"8jb98wKpCXo",22,905869,2450,609,156,1
"KPOv9E40Q-4",22,905776,4341,1367,0,2
"NiBIt4CuShY",17,905331,5153,1463,401,1
"fXMh3VMC9CQ",24,905230,12356,819,1833,2
"sj0QExiyFfk",2,904591,10728,422,873,5
"-27pqCGF5zw",17,904082,21269,725,2138,1
"RmO8IITolmg",24,902828,1275,937,402,5
"fTvelC4ZZds",23,902702,43324,979,3574,7
"qDyaspdzhXI",23,901147,14271,649,1590,1
"SF8uPHZ7PBo",10,900910,21399,5030,1784,3
"5W6rLMpitAk",24,900622,8871,537,367,3
"xpTOkPDdeao",23,900419,22031,585,2417,1
"EKvpYRiC8NU",24,900143,3623,580,1445,3
"aqj7Uvi9jK8",17,899815,25885,953,2670,1
"X0p21XaNhEI",25,898589,2507,2034,2013,5
"nMJfm-AMNQU",22,898436,3639,500,223,4
"NXcGCGGtJI0",22,898349,26438,1279,1320,5
"C6EiYnpcOPg",25,897895,1500,708,473,8
"RWFdAgFRDfI",10,897498,16298,305,846,6
"6ZMH6gCWbvU",28,895480,53930,2430,9875,4
"0bNU_vv6mJA",43,895366,3876,1990,641,1
"b25zVPsXcRo",17,894868,6560,476,292,1
"rYsHH1x-iJ4",24,893976,5625,669,923,2
"6MdyvhrtLBs",10,893847,8629,824,491,6
"TqyI5sW7hNU",24,893126,918,567,94,5
"nNqbNtoyk1M",25,893041,4596,975,3889,7
"aybQKMrpPsM",24,892028,1776,912,0,4
"8Fu9M7_pW_A",24,892002,2696,400,165,1
"yUNMH9KaTjA",10,891254,22373,1968,940,2
"JT6FiIW5r8Q",10,891175,23076,1905,1810,3
"gw7CLFl8z64",24,890693,873,1380,192,3
"EhSp7D1ZrBo",24,890578,3746,1636,793,4
"9qCNq52GBI0",24,890409,3346,965,867,5
"k6oMWq54tl8",23,889930,45816,5930,5734,5
"Ny1H0YGyyU4",23,889797,14082,836,750,3
"ynDbuweokwk",22,889625,15646,577,895,5
"S8jISg0eZdk",24,889394,30492,973,5346,2
"FIHU2IwhrwU",24,888372,7240,859,870,6
"tVmPvoor7-o",24,887830,5382,799,1120,4
"etJcrUZDcL8",1,886980,15257,513,3430,2
"H6D81MEXEEw",24,886667,49765,1503,2010,1
"H-nJ5XGjY80",24,886662,3340,549,286,3
"LlRZu9UeMMc",17,886254,14977,696,972,3
"Ne667W9SwWs",10,884950,6057,244,550,3
"dKj1h3WJHE0",17,884862,3738,359,0,4
"Lkn1Op_Mwow",26,884598,14607,1024,1614,1
"vsvImg6LEHA",24,884063,10002,2054,2815,3
"ohRyXxc9CIc",24,883804,24959,698,855,2
"Yt1VflEmhUo",10,882297,38966,4052,1813,2
"ixeJyJtDcgE",23,882156,52785,1616,2929,5
"u6hPW839Wik",10,881687,5212,988,765,4
"GZSz5LRx9tQ",10,881674,17029,333,699,6
"xb0iBrBG6fo",24,881585,4162,715,417,5
"17Otyekfq00",24,881208,5292,574,299,3
"ePkvn-Zn5bo",24,881070,3586,590,120,2
"-2bvmM69A_g",24,879924,21152,246,1227,1
"VD00884BaGs",24,879848,3719,664,128,2
"lJsIVSck0jE",24,879371,1556,1692,529,5
"hyh2NlI8Wq4",10,879285,15115,1474,1983,6
"OZQpFyhwCng",10,878706,13944,764,594,1
"HK63mYhZ64c",24,878437,5772,317,263,3
"ws2cJVuTtJc",17,878312,23324,1116,2942,1
"XISuk-bqCkc",23,878191,27902,3241,1378,8
"SfG43DrK70o",23,878163,74294,1858,6308,6
"_gSk5ZYfZVA",25,878135,7382,1232,540,4
"bvGvmWb_3Sw",24,878016,20896,645,1624,3
"NR4J_T7I3pg",1,877493,2405,532,101,3
"wzijpVyAtf8",24,877230,0,0,320,7
"ICMkbo4kc8w",23,876764,42935,1514,2371,5
"MsQmkQe7a60",22,876357,2733,527,458,4
"EKOwnGG-Bno",26,876291,12746,843,1017,1
"X5KOXfIqD1Q",24,875558,13161,789,518,7
"sPPmWfHhyBc",10,874976,19862,916,720,5
"I0Ne2Kisosk",25,874904,1984,903,216,2
"UQSLTy6m3uE",1,874597,1565,779,202,4
"AW4lFfZOLcc",24,874525,6826,897,599,5
"ViaFRIwrtAo",24,874433,5891,400,92,4
"dRbzWTnwKgU",22,873854,3966,1004,482,7
"bOPDm8kDv9M",24,873393,3051,616,117,2
"lAgw1ptL3Yo",24,872516,3136,456,281,4
"Ih5cUsMkOVU",24,871909,7398,672,1075,2
"68406oiodLA",24,871406,3367,568,334,6
"Swgh7jkHLhI",25,871107,4789,469,318,4
"L6LAeZBKQAc",22,871076,2079,873,126,7
"GTgV8wkY4z0",25,870915,7663,1920,1701,4
"OzFdM_S37ms",24,870888,4972,547,684,5
"2z8tMpPdK2U",24,869589,43660,498,2626,4
"3QsBs8JM3sM",24,868921,34242,1317,4604,1
"5AX36aYgzDE",22,868636,3268,2088,225,4
"qV_fXgjmNnQ",1,868173,1453,622,206,2
"GAvoa7QTXL0",24,868140,76756,1930,2912,4
"Ea7KESiZSP4",10,867736,47858,1390,1513,8
"cK-8_GJaiJo",25,867712,1388,752,439,4
"rAisEqV6Yjc",23,867679,62554,1505,4113,3
"ij3SNO0ThRQ",28,867360,15413,1637,2856,3
"tKqo-4qAeJA",1,867194,6344,589,402,4
"vn7rG7zaVkk",24,866873,2154,416,136,4
"7FYF7oTMGgA",23,866688,5524,717,883,2
"AkUgf2jIPyI",24,865920,13907,563,901,7
"ySSwYCSfcAo",1,865743,2329,419,112,1
"Mc7buNfZm30",23,865458,4151,760,634,7
"ICdwCjMloWM",23,865155,101249,1978,5923,3
"1HG349cqBV4",25,864224,3079,451,547,1
"QOVlrmtkxkw",24,864092,5244,958,1047,5
"-3iXPJwKItI",24,863938,1773,1556,424,5
"I8wqqsoc7b0",17,863419,7298,903,580,3
"BjWfuh-x9F0",24,862859,1864,179,74,3
"8RfteH_UG3M",24,862505,1316,391,107,3
"PpX9GAE92hU",23,862389,19450,904,781,2
"ysOGmCHU6C4",24,861569,7495,887,783,5
"vMLs3kIuhzA",24,861106,10629,1123,1551,3
"hOe0U6nIrNo",24,860781,8667,1639,518,5
"LmkCdJbpkIA",25,860470,6475,431,233,2
"GUVJ-hF6BTc",25,860349,0,0,150,5
"Hv03nRrmkMM",24,860207,5025,2094,1964,4
"JT_SWFfYAws",23,859931,65193,1216,3622,2
"5CbJqvlLf7Y",24,859919,3295,305,80,6
"tyBELcbeT6Y",23,859898,81043,1291,6342,6
"Pf_vGjefaXI",23,859823,43659,2428,2655,8
"pCMEIlEA5Js",43,858137,5886,1028,909,1
"j51MsbQxNQA",24,857492,9637,1092,1041,4
"J5HT7ER4w_Q",24,857088,3239,1075,376,2
"bzMiBV19tio",23,856754,33836,3014,1154,6
"UwafMR3kVPQ",24,856555,2517,1507,311,7
"R_JH2JCYDq0",24,855389,4463,304,229,1
"pulec44UCK4",23,855289,43521,2550,1304,6
"E0XxGrILfeM",10,854918,24346,748,1317,5
"bs9y2NTRg_c",24,854900,10389,500,1065,1
"hIkn0ecQPxI",24,854720,1967,841,635,2
"gYVjHIc8wVw",24,854540,33113,1303,1712,5
"WmFvh7YNqoA",17,854117,5081,268,537,1
"Ckdwsx3mWxA",24,854075,3045,801,1168,2
"Js3WIRF595U",28,853894,74675,657,4157,1
"Aa0pMMyBVLs",43,853654,4193,1236,437,4
"SqOILJpAlJI",23,853350,4538,549,349,3
"EsNtFuysX0A",26,853240,8293,741,563,1
"sC7R_93Jhx0",26,853073,12724,893,979,1
"PRe4GBjfKfM",10,852913,6526,1058,272,2
"kQHpE2i7HME",23,852813,58531,1573,4640,3
"zy7Hm41h-As",23,852673,4677,1023,876,2
"fg_4mFz4aV8",24,852558,24037,772,888,1
"DTZs_GLIGCY",22,852461,3816,965,617,2
"adb71BQ7Y6g",24,852143,9188,2349,3019,2
"Y6qOsBRampQ",22,852095,8401,592,640,7
"PXIUb8Bpw_g",10,852082,28118,1823,1082,2
"KuWnanSN_AI",43,852031,3549,1145,584,4
"tq7rAuPUPMo",23,851879,33317,1798,919,3
"IfDu6zY2_VU",23,851870,43543,4167,2635,7
"BaSZ0Uj5eVI",23,851561,11450,618,531,5
"EL-iJP7UXRU",10,851499,4812,847,454,4
"iXaiTgxQyXY",24,851421,8198,491,557,4
"FN9ljWAxuiw",22,850951,5869,420,139,4
"6GXZ60NCiuQ",24,850707,4756,1304,714,2
"QxCVv3M6AhI",24,850196,7089,1923,820,2
"ulCxgb1kFw0",24,849671,4785,571,692,2
"k1QhHwfiF2I",24,849154,9104,439,953,1
"dYRAtfuWyaA",24,848585,4510,662,155,3
"7J3LhLvKGrc",23,848488,89112,3384,8988,4
"oRLL2rpgrsg",10,848370,5039,275,222,4
"reS1Z7oNuf8",24,848335,5047,2759,792,4
"PmP7rTaNXLQ",22,847679,3514,616,304,4
"KWhJKd4Y37c",10,847367,12619,1978,840,3
"ILfL6fA2VBU",25,847339,3425,1579,2157,4
"VtV4nNeZlO4",43,847111,3670,1009,294,6
"3d7NjfTziNM",23,847058,15007,533,1027,2
"enV1Bkwc3Vk",22,846738,2331,749,459,2
"KM5Kr_3di_w",25,846679,5232,767,920,7
"oBXFFxQBuX4",24,846615,1519,726,113,4
"8dOBo2xrAlk",23,845978,49801,3692,2468,5
"ezEY4FnptF8",25,845616,6063,1390,2577,4
"tMJM6B4HHt8",17,845344,5900,839,439,3
"1BnVApCGl7E",24,845134,11854,1203,1000,1
"Qco6CCuk8KM",24,844440,1631,990,469,5
"1ku3uA75MbI",23,844391,55114,3487,3869,8
"7hLhLdzddo0",24,844368,4912,410,256,1
"N7zu6Bf71kc",24,843798,9321,706,361,5
"-4jg6R-DPww",2,843570,6619,1232,629,3
"_WLRrZE4Ug4",24,843487,60688,1619,4399,7
"mZNrn2rQruc",24,843351,4907,659,739,3
"QZs5SiM-C2E",23,843298,69078,2749,8988,5
"XlrLFPj3Agc",24,843103,15319,773,699,4
"KjP7O26saoA",10,842192,32440,2286,2379,1
"ZSnVjIUqwSg",24,841815,3912,1136,296,3
"6c5dqN3B3b0",43,841399,5706,781,1157,1
"91Ad9mQsGKU",24,839286,24103,1379,1622,2
"GTfrEHtPryo",23,839269,16525,909,1575,4
"vQmHWr9fS80",24,838936,4773,580,672,1
"P4kTOc61pMw",24,838848,3694,729,138,2
"SaiBNwLj42M",25,838292,7339,988,1270,3
"M8WDB3mKmHg",43,838141,4222,1092,681,3
"Jg6yJ9IHsRA",25,836286,5896,1551,490,5
"hgSgLWNKGXs",10,836051,8829,1013,555,5
"UIwdCN4dV6w",28,835935,92016,346,8775,1
"6NzR-BiNxlw",22,835568,4163,1167,326,4
"XnCXqz2S8_w",25,835382,4253,23324,0,2
"BpCyoXv95ME",23,835351,29383,2050,921,5
"VxZgNqL0niU",43,834132,4989,1199,550,1
"OiQTuNgINvc",10,833853,14611,1316,1190,4
"jK7AeiPS0-0",43,833766,4700,1900,1194,1
"xHu2OBXVOY8",24,833374,25478,1191,1423,4
"7xaI9tu5ZZU",24,833291,25950,1555,1022,3
"yf327kvltwI",10,833179,18872,2635,1464,2
"pV42vOPP41s",25,833016,2387,804,200,5
"HkB7ABq61Ls",24,832975,5179,794,657,1
"TEdocRGphHI",25,832732,1830,651,201,2
"HxR2UaOng_I",24,832662,8925,1070,867,4
"ndV1RCtMsGY",10,832163,12053,501,445,3
"9hbVVnzN_7Y",1,832147,14670,1367,2295,6
"Og7NUPoS9JU",43,831626,8235,389,221,4
"1vmhLprZYBg",17,831373,2157,505,225,1
"_qhZ8EjZ-es",10,831232,9828,301,517,3
"cUEIWBXyFCw",1,830487,20066,1163,582,6
"Fr2GksNWdX8",43,830130,4005,1235,380,3
"1lflbV7H0KY",24,829984,7211,822,633,1
"ISksGKZhZ6A",24,829197,1343,837,158,4
"DvGP_jmnXNo",25,828187,2210,666,313,2
"qLtYowQUdl4",20,827979,3677,795,227,1
"jMRrE7_dmLM",24,827491,4247,626,471,3
"v-3xpSO0PqA",24,827374,9802,1944,3621,4
"yyHMHjSXJwk",24,826761,5926,579,262,2
"IYq4-V0ZOg4",23,826497,44063,1651,1738,2
"l6OJvtAtn0s",23,826262,43780,1299,5760,2
"QFHLn5HrESg",27,825867,2370,473,114,3
"KP9JelGZg38",24,825653,5251,581,806,2
"mzK5Azn0Mrg",24,825097,7656,190,246,4
"mQQoVi_PvdE",24,823874,7573,732,1247,2
"nK__yBd1z1E",23,823477,37385,3598,2895,6
"0Y-jrWhBULQ",24,823373,23432,1031,2789,6
"ZYin3ZPhFTI",10,822958,16565,145,790,1
"s1zHtig9BZA",24,821417,12132,425,1295,1
"3emHDYBbIrE",24,820906,12791,815,663,6
"lfhMgE260Hs",25,820855,5171,473,0,3
"N0EJxb4JsEk",1,820640,2409,551,0,3
"ogTs9uqE-rU",24,820386,3310,373,186,7
"EG1_yC7LwWo",24,820195,7563,414,343,2
"ND5KzS-cyBY",10,820158,17638,462,576,3
"rGERyuAWT0s",25,819977,4662,1229,1094,3
"7kQ4fy1vgr8",24,819927,1687,1017,312,2
"9xo3jR4NP6w",28,819926,46519,2215,16719,4
"t9j4Nf1FUbY",25,819816,1114,282,18,4
"JLi4NGNQIkE",24,819571,20412,2193,1571,5
"wUib6a_Q0fc",24,819280,4853,587,752,2
"w9BJkvwHquU",24,818579,27333,1355,1479,8
"UmtRPx-pYpI",24,817922,35648,1767,3760,3
"BfawmhUVXVo",24,817870,15665,414,0,1
"6n2BC_3NsLo",1,817747,1580,742,201,3
"05tyrZonnmw",1,817532,33948,543,3704,1
"HoFEa5Lbnu0",43,816868,3486,1058,320,2
"6Cuo9M43izc",23,816641,26026,1021,625,5
"IprmiOa2zH8",28,816590,24030,2102,0,1
"iWHNNkHZ4mM",24,816269,1813,470,61,3
"CfZSYm-mFgI",22,816047,4328,664,152,4
"Xz3Qcp9WwAk",1,815564,18964,1068,701,5
"IkNqmCkbI8Q",10,815195,16293,1389,442,2
"OlVG0U6iZEs",22,814608,1878,517,102,2
"vtL4d4LHI90",28,813870,55987,2805,9207,4
"gz5t34056G4",43,813752,4603,977,526,2
"iIihLKDx2cc",25,813244,2255,826,710,4
"oJWJXk1gYUM",24,813179,1215,274,69,1
"31pq9NjME0M",24,813138,1770,714,174,2
"IrfCpRtfGYg",24,813126,2028,191,157,5
"SQh3WHCfCoM",23,813026,4437,571,720,2
"6K6yLHau48k",24,812462,4515,1430,613,1
"qSBh8B996mw",1,811893,1237,1723,0,4
"f-hsrO_HAIQ",17,811823,13839,3407,3037,7
"JPr_6aIyXuU",17,811524,14137,560,1597,1
"i48o5jdePys",24,811328,6790,815,654,5
"tcN09hpP5Ko",24,811182,26047,2786,2129,4
"LYsNTDA3WCY",24,811060,61042,1724,3341,4
"qH9j2bqiMpI",23,811021,35009,3881,1954,6
"muhb_a2tvtw",26,810978,14409,1041,3211,2
"L59DvD-q61U",24,810856,17980,2764,1204,7
"jQkZRWoE-wM",24,810207,4008,1439,744,1
"00uHMkOzsyo",43,809542,4646,1286,556,4
"h9NbyvGfIns",24,809412,2529,436,126,3
"BwYmaDSXdQY",28,809247,162027,1702,144493,3
"Ge_Fb1qQQ2s",24,808702,1503,867,74,2
"E9OIbE4ntc0",24,808077,6861,674,396,5
"qBjvxUseb3A",24,807962,14324,1223,1239,6
"JDYQCV5bZ9Y",24,807334,9528,668,545,5
"oZxczFaBwto",24,807263,5079,849,772,4
"TV4hyRQZMhI",23,807178,38386,2907,1855,4
"pE1VrkLpZvI",1,806646,2406,57,200,2
"hHTxLbW8JBE",24,806617,750,478,236,5
"MkdOarSl1t8",28,806548,47821,2044,11567,4
"la16Q2S8Gcg",24,805859,3536,1024,273,4
"c9mg9Fotm1o",22,805031,2987,1691,613,4
"mOBA_bu5FTs",22,804569,3755,371,302,3
"LcOqptFf3yg",25,804317,5535,766,244,4
"3YT1ex69-_k",24,804187,1569,1185,113,4
"QVgSyvzmbxw",10,803861,19050,344,532,3
"iZ3v0F75f_I",17,803697,8019,598,696,2
"bjxB0oYI6z8",24,803679,3484,577,242,5
"CJdehmJIH3U",22,803153,31204,623,2512,1
"VaM2jEHxVUI",24,803025,7854,808,613,4
"UTVFNrRwL1o",24,802933,2851,701,214,2
"fYjsm3EtJe8",24,802859,9480,445,580,2
"PCHB3DDd6iI",24,802825,3389,483,133,3
"d1ms0PHfBVc",43,802497,4553,1122,733,1
"Ce4qkWyUBKI",24,802482,1725,390,78,2
"HzwAeJUIbl8",23,801862,12573,689,864,6
"nsg8nKM_a8E",24,801760,5219,1330,947,1
"yWzITNHRCVU",24,801578,33747,4104,1680,1
"MJnlLFRbBaQ",24,801476,3494,1070,315,3
"N_UC6gydu8Q",23,800649,57436,3159,2522,5
"_xB2Kry8JOk",23,800439,35972,1324,2004,5
"gvDeCm_jd8E",10,800028,16508,623,664,2
"ubyqacDBSPg",10,799662,7563,1714,618,1
"7vYwPlMWhf4",25,799540,1200,1789,0,4
"6L4vsIIt5HU",25,799471,2432,637,670,4
"ggoeWxrJTY4",10,799370,16581,555,402,2
"gpzqbOauL7Q",24,799176,3496,1587,606,4
"UajmJurKKcM",25,798879,1602,585,0,5
"hNNXCvls1hU",23,798669,40875,5398,2508,4
"Cxp1nnxa7_w",24,798653,3194,661,120,2
"4UxYL3wVWXs",24,798240,8061,699,405,5
"i02hFj5UZI4",23,798143,16602,308,973,1
"Xrd1NY29kQE",10,797993,10699,507,294,1
"uLVck0MVPlk",43,797615,2988,1904,1051,2
"5z_XblGKXBo",22,797434,38261,1054,4704,1
"bmoVcTiK_iQ",24,797378,881,339,20,1
"VqlHBjX5deM",23,796838,33259,9196,2463,5
"gu5phlkEINU",25,796579,23998,680,897,7
"Ah7ZCnIIJdI",23,796569,60410,418,3045,4
"nvOrYzltjb0",17,796369,5644,855,191,2
"Ywch6ZS5g5s",24,796265,704,647,54,2
"kXjeAqydmtk",43,796126,4342,984,334,1
"IYMsX8Kz8uw",24,795677,3482,1110,286,1
"lFD62klwIZM",25,795526,1560,3686,0,8
"_0M5IV3Z0ww",24,795525,2335,235,153,3
"Z6t2EpwtJxM",10,795476,7343,408,169,4
"UxS0lOqqgmg",24,794986,7567,1733,1070,2
"5CFZZHF-zjA",27,794934,46670,922,7313,5
"tWzUQyoJr1I",24,794747,1652,278,162,6
"JSkOecmAFFo",24,793778,21956,1590,1661,1
"mzRqIPVmyg8",24,793524,4603,292,246,2
"G90kJlY8AHw",24,793486,4325,504,977,3
"ep3SLMuRbvg",23,793427,41314,996,4055,4
"_yf4la-ddmc",24,793426,4229,1013,545,4
"VIWXvzEfWcw",43,793273,4082,1472,680,1
"Yy5YOYdqYuQ",24,792957,3046,608,243,4
"r3g8yEdRgQ4",22,792831,1619,376,0,5
"jrZQr3Ts9PI",24,792652,4885,550,871,2
"V0x8jUljNt0",24,792484,5417,575,944,3
"i8Ho5Q54IbI",24,792386,3468,937,201,2
"OzH2JmipzO0",23,791903,4199,632,509,6
"xyVdZrL3Sbo",22,791832,39076,1387,4493,1
"3R_a-waj0sA",17,791564,6952,356,341,2
"GBR3BPRkUDc",25,790992,6894,899,262,6
"mYfoh0xLKeQ",27,790875,47267,2131,6695,3
"A_b04fwnPa8",24,790537,12145,7191,2507,4
"YSMZtrTyVDg",26,790499,12849,1265,3100,5
"Kam3xozMyqs",43,789985,3624,895,208,2
"D2OiJPUbJBo",24,789724,17613,2998,3327,8
"TmN_mMnlUtA",24,789673,13926,336,1137,1
"LjmyL82TGEo",10,789432,8561,65,124,1
"YNDRPZpH_t8",23,789232,24782,10441,2442,4
"00MDAhT7bdk",24,789062,922,484,109,5
"mEBhYXiLYkI",10,789024,16529,344,1199,1
"zt13UtanTas",10,788833,11540,467,973,2
"_Jw-e4Y8b6o",25,788547,2701,576,0,1
"dUBRMK7c2bg",24,788061,6217,725,526,2
"jf9_jP2iuAI",24,787909,28873,2513,2448,1
"wBK6GYgdzG0",24,787875,0,0,0,6
"aBoKCe7GHIk",10,787498,23130,1233,19,4
"dxVh3El37eo",24,787276,21655,643,1604,5
"oyUPF89gwfI",24,787087,5014,402,480,3
"2AFEBFRESUI",10,787081,20175,810,1053,3
"GN7YogTeKRI",24,786768,9011,2507,2277,3
"yf4NB3O329U",24,786605,3788,428,415,8
"w8C11gs-hQE",28,786200,44920,1865,6842,2
"eOCTibfbQTI",24,786079,5755,532,201,2
"rAYdbt8Xor8",24,785183,2889,651,341,7
"YVGcKHALee8",26,785109,4217,1010,143,5
"1Hy9056MnEc",10,785085,17900,356,552,1
"THvz5YqCLc4",23,784680,117155,3213,14132,4
"X44nWi6ahg4",24,784673,10095,219,652,1
"Ija8gz5YRX8",24,784522,2941,831,134,3
"yGEUmkf5zhM",24,784143,18059,530,338,6
"E1besnW-Oww",24,783843,18038,966,5527,4
"N51td9rmXKA",24,783412,6357,190,604,3
"fRGQg1PO6Ys",24,783402,3544,340,154,4
"HraNmhX3By0",22,783327,3037,385,165,4
"2zm3EhuX7Y0",25,782846,2408,630,451,4
"B0RFMnzP4Us",23,782826,44396,736,4597,3
"SrmBuGll6No",27,782765,0,0,0,4
"a1OWkHhiNSU",25,782130,2359,763,873,5
"3Azh-UOxtmc",24,782121,2948,544,174,1
"rrbHID-DwO0",24,781601,3177,1018,230,2
"sPG1OQvYyp0",26,781572,7769,849,578,4
"ZqG90jzu2QE",27,781371,61498,1096,7067,9
"CSsnZJ1En7U",24,780737,3467,1159,424,4
"72ZELOsd_w0",24,780665,2464,1422,186,5
"LRYfRTQHLPA",24,780305,3544,597,106,1
"slCyktUk_h4",22,779404,38507,2472,10182,5
"88-AWKZzH7I",23,778658,32104,2390,2499,7
"OiSlaQkyxaM",27,778547,9876,1098,700,4
"CtSZLqdO-y4",23,777875,13242,267,1102,1
"evri_4HRwdA",24,777833,3284,470,208,2
"pc7DtweWSGU",24,777598,4504,330,607,1
"xB83_Z5jX74",24,777288,12250,677,0,1
"EfhdU_xBSwI",43,777277,3838,1308,623,1
"PP_4FS7FllM",25,777175,4134,551,95,2
"ehu772l5eKE",24,776998,34417,1043,1290,4
"MdmTiJYaFAU",17,776938,13250,3227,646,7
"AI9RVl7JDMI",24,776701,3260,899,275,1
"TQV1quHPgvw",23,776258,50248,1980,2917,2
"ulGGzctfQQU",24,775604,4723,1498,907,5
"r3CAdQGo_6M",24,775565,3245,355,165,3
"er_dkBZaiS8",23,775519,35659,2895,1136,5
"3errns8XgyQ",24,775436,4517,211,129,2
"u8VkK1ydBvI",23,775194,30870,4070,1331,7
"xgGDV5CrdC4",24,774761,4579,313,427,1
"sBlesHlPqVs",1,774582,3616,1018,455,1
"zhIg2ou0W_M",24,774072,3258,1425,437,1
"ROTN5SyGNcg",24,773680,20946,1919,1242,4
"oRyaPq1-vro",24,773605,6025,609,378,9
"ffLeuHQf5XE",24,773087,1829,170,183,5
"Npj7iABevzA",24,773044,1390,1235,823,5
"6Cn1e0_2Wmw",23,772735,52487,7113,3212,5
"3ofNzPZCdkU",24,772338,6398,512,561,2
"OUi0u_hlF2Y",17,772336,17196,580,1285,1
"10L1hZ9qa58",24,772324,2939,381,274,4
"Tbz7Y5-qf1o",24,772233,4683,636,813,4
"vRhNPd7IPfQ",10,771708,30889,1082,2020,2
"BEpzZy5dGZ8",24,771708,1476,664,226,5
"v5mckYDwxtU",25,771464,2945,578,604,7
"_PZdOD_8swg",25,771373,2288,514,18,2
"oGyboe1YzWc",26,771341,9481,784,775,1
"3MTCSll3KGU",17,770873,13316,552,1175,1
"ZDz89bDGT0k",17,770825,5124,847,581,2
"UaZ_ZMwXbtI",24,770566,22106,1006,3095,6
"uCuCIZMYqjg",24,770445,4716,489,759,1
"SN_sa-BBugU",17,770274,5387,720,149,2
"VGQUY-4FC3o",27,770234,4405,621,189,3
"40YSAPmSSyw",25,770014,3645,727,494,5
"uV4nS6JG9Ls",22,769850,1593,647,423,1
"pRN2VS7gyj0",24,769772,4861,1050,584,1
"jQKkQth9Vqc",25,769692,5935,724,996,4
"mU2yb76829Q",43,769673,5878,1117,921,1
"mYSxQT5c2wk",10,769424,15307,594,776,5
"02CtKrU-hDc",10,769360,31693,1060,1816,3
"GwpZKy05D-w",24,769100,26161,508,2348,6
"QjSVOZLITcQ",24,769073,3968,605,356,4
"OHGnJq7BjvI",24,768644,1711,1244,0,3
"H1J5jCVKE14",24,768565,2138,1809,0,2
"v70b6o6bk3s",23,768540,43564,2868,3387,5
"rQSbKaLweFs",2,768242,46863,429,15015,5
"HntiKIn-q54",10,768064,24722,513,1229,1
"PGT1LNRVuNY",24,767801,5258,1936,0,6
"dl--XgEZxA4",24,766459,3913,399,211,4
"l4LydEtfSYY",24,766083,27245,577,1618,4
"kETHE0s-6Ro",26,766059,13955,718,1144,1
"HBEo3UHhDKk",10,765969,8989,974,394,5
"e_L1L_hia2Y",22,765600,2016,403,75,4
"LhtSwcbTtq8",23,765582,3668,591,618,3
"Tb93daf9gfY",10,765464,2046,393,138,3
"4UWAM6mBJD0",23,765027,15365,232,1145,1
"iqzJa8FGpyw",10,764809,7259,920,359,3
"4Td7ImSgVvI",26,764769,10147,744,768,1
"s7rWg-LfnTE",22,764488,2386,314,355,2
"0zMvIfB_DKI",17,764256,4433,435,1194,1
"o4OwcU9Prr8",23,764152,35930,788,1227,2
"3Azs1fs9vNc",24,764043,4146,459,155,3
"fXtEAkHAFSE",24,763853,1297,883,115,3
"_07-k5kkrlo",10,763757,4264,1259,571,3
"uvgLNiQHrkA",24,763700,4104,343,344,2
"9cOvhuGcYYk",24,762880,26806,3443,2844,3
"4Vgigt3S4d4",17,762808,3838,374,247,1
"mnL1k-mhUXk",24,762012,53872,1174,3636,3
"eQqGJFNHoFU",43,761688,3273,3445,944,2
"v0xBdIyNijk",17,761468,11991,388,1425,1
"0sG7IeyKO3w",25,761449,7391,1904,1480,3
"ndqoSMZvHik",25,761058,3489,1095,2088,3
"6yHrAfqrebg",1,760906,22203,1981,1078,2
"PnPqK2BV7kw",24,760782,3555,618,217,1
"dcii8lk5xQU",17,760490,5556,622,516,3
"kmCFcccfUtk",24,760275,5625,634,1006,3
"YGtmOp2iDc8",23,759766,62711,1425,6713,4
"Q4XgP6R6fjM",25,759461,23397,1572,8294,1
"zFFV2Gr8LYo",24,759329,9553,598,528,5
"wLBrjrcMlCo",10,759270,15816,270,713,4
"gThaVN408PI",24,758945,2465,359,108,3
"eXdfm0Xgd34",24,758846,3769,554,190,3
"BgFbeThGHRY",24,758798,1281,591,0,3
"u0MarI4kfM8",24,758664,17903,1354,1709,2
"syrtp8YYxow",22,758385,1445,1603,474,2
"Q1IY_WS3kws",23,758159,34107,1512,1549,3
"cQKnL70iZbQ",24,758153,2901,773,357,7
"xj2DPynmgXU",10,757802,7320,623,682,3
"vMk_6_DHjnA",22,757515,2811,629,207,4
"luU2o5o1vPA",24,757375,35123,1290,1855,7
"xK81LJ6wzvU",43,757370,3697,1710,549,1
"exfUnO1_M8M",23,756005,37902,3350,4025,6
"kzuOQ4Cyvnw",26,755765,9064,695,621,1
"KHxdrECEsD0",24,755543,3513,372,272,4
"gRMRs1OFg5w",25,755088,2812,1312,1173,4
"iLXoizOBIN0",24,753911,5928,661,1556,2
"3cMizbwPTWE",10,753878,2983,712,279,1
"Hkfx5FBKKmg",10,753368,23682,372,1308,2
"SAQLDbFGypU",22,753230,32170,667,3831,1
"VhO2zRMhUcU",24,752876,1318,862,155,6
"NTA4joMICMM",25,752697,0,0,1033,5
"KoVCaHgZLVs",23,752084,3398,673,603,4
"fTSMFZvhfCQ",22,751943,12603,1043,785,3
"Q0w-uhg-5Yg",24,751919,3678,2119,584,5
"D02rnrlkd6c",25,751519,6488,1220,3809,5
"JogJm2_EOFY",25,751490,4564,721,777,6
"OFawo8koz8E",25,751100,9593,304,941,3
"8IuEZ5l7VwQ",24,750879,3574,691,169,1
"kjC1zmZo30U",24,750825,17322,427,1893,1
"3-9J-TVgHoA",26,750437,7363,662,571,1
"7ZSRN8jRrOA",43,750394,3354,1496,580,2
"kE5_m_ExuYE",10,750367,2925,568,237,1
"ldCZsy0p3UU",25,749698,4515,486,489,4
"dbhT0P2N_FA",24,749640,4454,485,141,2
"jX3OyzkLHr0",24,749605,1120,260,71,3
"Cv7AzAkXZuY",24,749487,17941,528,639,4
"ExBnZv7mYys",17,749448,2680,244,513,1
"VWz--9zdvn8",24,749296,3614,628,1053,2
"NJYt8bJ_NZw",25,749223,1071,551,105,2
"BgXOoWQY-MU",43,748860,5001,930,800,1
"dcFP5fysG_Y",24,748806,4219,350,106,2
"ahxUkogct8E",25,748708,12684,1202,11047,5
"HWbgI_57nPo",23,748625,22904,945,749,2
"UpwcofzPPec",24,748566,3164,506,306,5
"FBzjw0yPup0",23,748248,18891,1001,2078,1
"8OiMISeR7ak",24,747252,1698,776,313,2
"1-eK2ktThQ8",24,747064,5361,689,1060,1
"cseroHjs__E",25,746974,49041,3580,8738,5
"swkqokzNs_c",24,745863,4065,739,321,5
"L7cdApi5vTk",1,745689,3100,406,105,3
"4XrtGVyHogc",24,745340,9434,261,791,1
"pGilen3BJ-g",24,745267,32119,4506,2901,4
"J3YIgmfQ1OI",24,745154,666,903,0,3
"E_YaXDDbOQQ",24,745076,8258,408,279,2
"O9Zc6CWv8js",10,745051,34063,878,2041,2
"I_HS5XouqXM",17,744923,19085,788,1706,1
"EUBQzbq-JN8",23,744609,4672,426,1543,2
"si-SWBSJvTI",10,744174,19797,677,869,6
"ZtZkAGmu5yw",24,744173,1018,309,303,4
"IPjs6-Wf89Y",24,743838,3260,1186,1343,3
"quf1NJQ9G14",24,743778,4160,231,314,2
"WmMavGZx8Jo",10,743688,11253,364,354,4
"6bV4vxVad-g",10,743528,19785,167,249,1
"FZdjeCjHR5k",24,743478,45302,1141,4569,2
"neGYRmOBMRs",24,743459,4567,539,793,2
"MLTAmCQjkQw",24,743331,4801,124,369,1
"k_o_tyjjxRU",25,743263,7646,1178,137,2
"lIMagTfmFno",24,743051,4353,427,317,3
"fBsXBjn-6W0",24,742684,40308,595,2957,6
"S6JeI5iIiiI",24,742486,2824,373,114,2
"Q9SIBNWC1F8",24,742411,4988,655,826,4
"7EQaBkCfRVg",24,742380,31019,1627,2858,2
"aDTqxbChWo0",23,742367,3870,692,796,6
"XgnoUB-lr_E",10,742101,14857,1199,492,3
"FSSbGBIY_-I",24,742087,2056,280,131,2
"zbMAja48bQo",24,742078,3091,704,172,4
"citWf6NqhQY",27,741463,5350,748,457,3
"sxukU0t-dAc",24,741050,2950,779,165,3
"R3P8D5jRLjQ",24,740887,3414,505,267,1
"SgKdKyOQ9Pc",25,740507,1663,756,362,6
"aCDKULGwsps",10,740251,12438,258,303,3
"XmkLHUGXL2s",24,740178,3552,1067,976,2
"rq0e-kO1uLA",24,739791,10713,963,996,4
"auZVpcFr-S4",24,739737,2000,1140,107,4
"RlWE8WQluvU",43,739416,3321,791,197,2
"4mB0xAi1iEA",24,739385,4078,577,521,2
"CU8qwXYH83c",23,738925,8895,118,272,1
"LEHeUhdQ6fU",23,738923,40805,3482,2587,5
"GPrfm9Vwcjg",23,738821,7782,607,370,4
"Q3Iq9FwbdTk",17,738714,2326,720,332,2
"-0neBEVK-3Y",24,738707,1442,1510,0,5
"59B8UR6l824",27,738461,4429,1429,0,3
"u4y_WuIO3bE",24,738457,3492,1307,808,1
"Hx1Tdg6Mp64",24,737875,2054,194,96,3
"JKa-zo6gJpo",24,737870,14589,382,253,4
"zX65xRqH-S4",27,737770,105927,876,4600,6
"HxVLdhm2B6Y",28,737047,41422,2567,3668,1
"isxrREkP44I",23,736683,12767,335,1365,1
"Yptd5KSYJSw",25,736368,832,391,415,2
"EMuhARaSS_E",24,736272,1380,668,143,4
"daSu5agYchQ",22,736165,4648,502,348,3
"DPbheyCNXFM",24,735882,8427,1210,485,4
"yFt6wpGd7PM",43,735851,4056,1274,661,1
"uzYYYE6hnyI",24,735848,8815,586,616,3
"iMDDVItcn6A",1,735846,20844,2265,1467,9
"deJzlHBFRZo",24,735543,4881,682,442,4
"IvxI4WPvwQ0",24,735197,1641,263,84,2
"Au89_9bd0LE",25,734911,1758,538,0,2
"Yj7U4E8NUUE",24,734709,1845,412,178,3
"NiFdy0NJuvY",24,734563,2878,572,146,4
"NFnzQPYyzJ0",23,734530,28663,745,610,4
"t3U05X9UbPA",24,734393,3960,4495,0,7
"FqAJKJlexE8",24,734005,6808,323,428,3
"keA8FfXMaRg",24,733848,34181,713,3809,4
"y_HtMHmBDHU",25,733804,8402,547,515,5
"v_Mhpc0EtV8",24,733511,56140,693,2639,3
"BHHIlEv_YdY",10,733479,60150,1138,5233,4
"gjNFsqVQOvw",24,732788,7218,651,280,4
"sgktTBLNgq4",24,732619,6193,354,655,7
"VesEFgZt-LM",10,732202,5874,207,177,3
"33OpANSRJEs",24,732022,3018,416,200,5
"eAWBiKVGIWg",23,731861,30097,1733,1891,5
"VK48OAx1TO8",24,731746,28085,3456,2040,3
"XJ9SzV8gSwQ",24,731093,14631,808,521,4
"8Cgy39KP3N0",24,730412,5237,714,758,2
"fhxayRNEtuQ",22,730080,25018,681,1065,4
"wp_86QrEQBM",23,730019,42763,467,2054,2
"64QXmeV3FtI",1,729856,19854,1814,4587,2
"TOuz_GxO-H4",24,729556,14691,840,1184,8
"rHsyHGGPdGc",24,729140,2655,555,149,4
"NNeJR14kgTY",28,729114,13218,994,3384,1
"uH1FWsW0nGo",24,729016,2310,301,269,1
"HopJRE7iYNo",24,728880,4586,474,122,4
"jJ1AT4Rz8Vc",24,728744,28944,490,1635,3
"TmCnvdoZ39A",24,728644,26343,731,1889,3
"4N00K8k0NWI",24,728427,29497,685,1539,3
"hbNBomA8ft4",23,727974,8338,702,308,6
"XTVs8IP236k",25,727040,1452,454,246,6
"mO-RSPLdpPg",24,727012,12216,231,847,1
"DOt_secWopM",10,726825,11734,633,624,1
"h9J_olor3Ag",24,726140,0,0,0,2
"Hr4r0smKFTQ",26,725833,9049,877,601,1
"9UxZJVBptWU",25,725665,11075,1247,983,5
"pnrftViBq44",25,725123,1503,710,299,2
"V98DU_549u0",24,725063,1249,974,138,4
"9GHpcpjFyC4",24,724509,7358,594,1618,2
"gG8GmarTeq8",23,724051,4018,749,579,2
"ETfJqAO8HJE",24,723912,4243,477,171,2
"aBY8L_RBmw8",28,723665,1664,1092,209,2
"uk9otWH4hIU",24,722701,1349,692,167,8
"6_C0qitYQbQ",10,722612,3836,840,536,2
"0KsC50OJmNw",1,722590,2897,948,273,5
"i2AWgeqSuy4",24,722098,34666,769,2034,3
"Y9v-aOWd460",22,722093,18855,1426,2348,1
"MPCdWG8zIAQ",24,722080,2271,305,99,2
"8bror5M8PPE",24,722051,2975,205,167,3
"Y53AevwVjSU",25,721787,3391,2612,1272,2
"bAhxSr6yY00",24,721762,2742,303,201,3
"dt9LhvlRbsE",24,721475,1554,502,187,5
"7C4CjMuAInE",24,721140,46010,1467,2428,4
"KdRPiY2KE8w",23,720866,47148,1297,2747,5
"AaLTCtMsqgM",24,720726,1626,400,107,7
"LH4bA_hqdio",24,720235,8429,786,290,1
"QraD9ZQHMOc",43,720062,3808,732,552,2
"xKDQv0MNa9E",10,720031,5183,350,186,2
"ye2PrGGFhg8",23,719289,28901,2144,1583,4
"FbkmSCwNZl8",23,718906,15133,331,891,1
"ddfD4mxU7mI",25,718884,1491,226,196,1
"C3IMDkYkAZk",23,718276,30308,1532,821,4
"nCYUHQOnuRU",24,718196,2605,483,236,1
"N4ykNuh-11Y",22,716969,3093,553,36,3
"uQ3JAO0M1xU",24,716542,6076,484,540,2
"NeIyUdYfdP0",43,716436,3324,1156,716,2
"w6ae8kGEJK8",24,716425,5059,399,201,6
"HMyTolEOhbM",24,716422,3627,468,221,1
"TXwUIAdkaF0",1,714844,8970,1279,730,3
"C4yma23zGsU",24,714730,5226,1394,717,5
"f0VA3xyt2pM",10,714661,12078,784,264,4
"RKR2h9J3GjQ",25,714637,4716,603,580,1
"89OBIp0A_qc",24,714477,3065,1017,403,1
"aQy6y5r_9MU",24,714369,59981,739,3909,4
"I7WAiKAfQ3M",24,714038,1226,3542,0,4
"Asq3uAjVYjI",10,713941,6767,300,196,3
"j5Wc2tk1E_c",22,712646,5668,157,342,5
"5eAmJtvgQyQ",22,712594,1192,579,316,6
"4yNfXg3B-xs",10,712397,17198,566,770,1
"PCybqyAdWk0",24,711699,6808,669,495,1
"gLLi6tO60LM",23,711675,19954,403,1960,1
"labueHUmNFA",25,711525,7768,776,487,4
"59xJ2qxKe8o",24,711414,36864,1584,2358,1
"K4IKSsYoJew",24,711019,3112,562,228,2
"GIUJA033Wgk",23,710881,33495,2365,1653,5
"1hL4ZQYX7cg",24,710438,2370,349,92,4
"4jUCSnp1zP4",24,710169,2936,350,332,5
"ERqhLv0S0-0",24,710125,12878,686,762,6
"tM6A7YGqA8k",10,709998,6700,658,311,4
"GfPnnK1FSjo",24,709098,2007,727,270,5
"WpFc1XWzyGU",22,708856,5350,272,278,4
"I8KlefZ0Dns",10,707747,6002,768,247,3
"Z890d2wX910",25,707613,2475,715,821,3
"k963g9IwC8g",24,706349,7858,371,266,2
"vbw-TBhwSVo",24,705690,2540,523,183,5
"WE0Bq-1cw8s",10,705124,16304,505,800,1
"yqGjQjSxM7Y",24,704922,12515,1487,2156,3
"7Yw5gLNxvn8",25,704833,3600,1847,878,2
"plKRc-ABCeU",24,704200,6686,649,1221,2
"vTTs2p_SVnw",17,703922,20136,769,2426,1
"J80E0wDhKEE",22,703674,2622,953,234,5
"jI0BiWkZS_U",43,703450,3616,1142,480,1
"VnDwvHCjQGk",26,703401,11074,856,717,1
"G5STtCZUEMg",24,703392,1395,947,452,5
"nN1wuS9BHMk",25,703386,2323,766,264,4
"_d4YwsF008M",43,703289,3349,1812,506,1
"smtD5mrdcbs",10,703169,12734,3019,458,3
"gcx2UexjG3Y",24,703085,30611,1546,2045,5
"EJVvdjDGnak",24,702815,741,402,77,4
"rKitxI9qGis",25,702726,5697,1225,198,3
"guVzBC1CKNQ",22,702546,1449,729,380,4
"PXzVdXXYsjY",25,702207,2066,402,231,5
"KF9pKtHC-pI",24,702133,3772,1584,1476,5
"JflN59pba0M",25,701757,1247,481,277,5
"QmXWtSlaV54",24,701722,3445,261,134,1
"V7jjZgR3sQs",10,701699,4640,360,112,2
"SdetHab0wTU",25,701216,3990,1112,2639,4
"JTr2c_Cx4rU",24,701171,6055,396,296,4
"EWYj4vKGpQM",24,700724,3284,408,339,4
"VLPbn07flxQ",22,700679,2285,327,357,2
"xmVhz4thiMQ",24,700443,1426,209,74,2
"8kQDAbE7Gx8",23,699884,13817,121,549,2
"9gZJLA3I4no",24,699783,13470,684,499,5
"CqzKzeCZzyA",25,699559,28447,472,2861,2
"elr-tOT87Hw",23,698931,14868,312,1362,1
"TMrUP3VTqaY",24,698341,3575,1608,180,7
"_WiilkPcHT0",23,698186,10795,765,776,4
"hEk1_F0qoWU",24,698146,35317,2202,3075,4
"0N3FBSAED94",24,697936,2347,511,162,5
"8YBIVRjWd6Q",24,697784,4654,497,950,3
"StxhlQJi10g",10,697698,10391,580,162,1
"XJ4BsLFoNIk",24,697060,3328,424,229,1
"3iWIQ7_PXRQ",24,696925,4267,473,1452,2
"8C8IFR53tts",43,696743,3455,2794,849,2
"k5ZFiPE7oP8",24,696551,21468,1821,1604,2
"xjFKfAudCOo",1,696515,12397,449,385,1
"9SbimLLyseY",22,696393,5453,395,347,4
"SDCffmveHp0",24,696255,8555,2231,3538,4
"Y2-1vfXj_ng",1,696163,2720,403,125,2
"2FDYcrofU1w",24,696092,2528,478,232,4
"rsJlT53jU_4",28,696065,81634,1212,11415,1
"KY4Ulc7f7Po",24,695972,25429,1967,1499,4
"USgbTi-6g0k",10,695785,10776,564,510,4
"AO3Uak4y84M",23,695766,44387,2032,2783,7
"aMVPJZZVYHw",24,695523,2957,223,261,2
"0O60hJvgqbU",22,695149,1500,246,97,4
"5Z_3pHtqSpY",25,695135,12542,2155,986,2
"8tZuRKsfCps",23,694838,40234,1087,1686,1
"nuYDMbI_Akk",22,694832,22154,586,877,5
"P9-dzM2DtYU",10,694773,9037,907,915,4
"8ExcHZGy-e4",25,694685,3053,519,579,2
"j_gJDaBe11A",24,694555,27604,1570,1919,5
"j6484HyaMic",24,694273,5094,428,985,3
"SDfXtMU8rAg",24,693792,2557,614,158,2
"m--0_3vTr8I",24,693783,3034,612,435,3
"detkNwOHdEI",25,693264,0,0,18,3
"4-1dqTSnWjc",24,693201,2264,1288,377,1
"2A_Y2qMEZgo",23,692800,23862,2680,1948,2
"qA86TYfWeQo",24,692784,5460,495,220,1
"mEZF_4KeFLE",24,692765,1209,571,154,5
"2GFR_b50EKM",24,692661,9760,750,511,4
"k5chI_5-HmU",24,692600,3359,678,0,3
"MIkSyZlMWP8",24,692397,1596,258,348,3
"10LzfzFmwFo",24,691856,3232,425,238,1
"r1N8oKFiat4",25,690996,1362,589,652,2
"hVSn2JXJm5o",24,689966,7510,923,641,2
"_2YeWEhN1Ts",23,689959,14651,1656,1473,7
"Txsj-DgYbv4",24,689729,40784,810,3205,7
"nFRPwohgjq0",24,689272,3647,260,74,1
"hY6BedG38RE",22,689126,5742,389,334,7
"6JymCwpTnS8",24,689011,4319,462,238,3
"9GkYcX99Pl4",24,688861,9674,386,399,5
"VJR5GrWGi4I",1,688838,1452,644,166,3
"znYbKxZmIbw",24,688825,902,525,0,2
"gjoG0b_r5wQ",24,688317,3023,411,192,2
"UJtVhPkIE28",23,688122,22284,177,1019,1
"g6zBLhnBxks",1,688076,11797,2290,1357,5
"8w3R7VgOsKk",24,687984,5662,255,236,5
"AuInu_SdT0I",24,687801,2479,428,1217,3
"PTB_6rhIqug",25,687768,4403,439,614,2
"Le_i6x1Oc4g",23,687739,21317,2456,1447,5
"HxV41zjCePE",24,687467,2133,385,47,2
"qXMsc-cGiNs",25,687387,4393,9950,0,3
"Uo9w5oEfsj0",43,687065,3823,1229,519,1
"QmGQ8uRuRBs",25,686912,5017,316,255,5
"ey1SQ-rz22E",26,686550,9445,625,370,1
"w3rRzSsCxQ0",28,686128,126124,2762,54928,2
"nBJX1mWnrak",10,686059,6248,904,1544,2
"tDUZe55N1UU",24,686056,6112,241,230,3
"EGSpqfjK-10",22,685180,13473,1199,668,4
"j3ZPQUBKDjw",25,685142,11176,498,601,2
"6KbUS33vOqQ",17,685077,0,0,1183,1
"mu_Iw1yzMPg",24,685025,3083,177,241,4
"wfCmRAz1GzQ",1,684950,1122,479,110,3
"pgc7yopnewg",24,684010,7014,708,648,4
"G5huMKdzu0o",24,684010,13446,1051,665,2
"GsyMAbsohxI",24,683753,1367,736,140,3
"WHVYxXtmCiA",26,683657,3623,952,246,3
"W0sWnTzIcNY",10,683310,12868,540,486,3
"NeV1oExo8PU",17,683097,18551,645,3522,2
"4BTtD9Pcdd4",10,683060,14760,497,570,2
"iSLbQK5MXwY",24,682442,6391,590,936,5
"Fm2bnWnt77s",24,682441,1819,134,133,4
"ejFqVVOBkWc",43,681681,2811,545,313,3
"3GgZPrJ80ho",24,681591,4093,955,508,7
"3oAZ3QlP_BM",25,681253,10369,1137,2246,7
"MoAI4nQQhno",10,681084,12494,1421,801,7
"Vtyyz_WEwEs",25,680708,10252,2785,2688,3
"_lwAwkdVsFY",26,680343,2697,544,201,1
"SzoqlhtzVEY",24,680072,1685,510,117,1
"lrNvE7dhtcw",24,679673,2299,549,201,4
"WIrNRPVpkOQ",26,679388,10644,747,496,1
"bE0qOBlKSa0",24,678885,3590,404,197,1
"haZYCCPnnj4",24,678669,2276,303,118,4
"H9KDcSp6yyE",24,678452,9026,396,1109,1
"VQAigwxzu_g",24,678275,23241,3368,1989,3
"QK_iX5cPDhE",24,678272,19605,539,2560,1
"XqvDY9u6wn8",24,678124,67481,1205,8527,6
"2fEKIx04yx0",20,677984,24857,2851,3608,3
"pbC8BI0AgAM",10,677811,6989,347,178,3
"AMGbpPDqnkQ",24,677810,7582,417,232,5
"nLATDA9Vw3A",10,677660,13523,1107,402,4
"kKLz26BcsdY",25,677091,1129,671,165,4
"QVtqLwl1MLU",24,676687,11304,645,555,7
"wYWec3Q0cdk",22,676618,2113,851,227,5
"ixk886J6Xf0",24,676536,1381,548,0,3
"6Wt3-dNd2qg",24,676261,36758,2138,1702,1
"R5fvWV94pYo",22,676234,1169,654,153,7
"yX0H6cExeTQ",24,676078,1755,620,173,3
"naGY4_ZVDd4",24,676036,1854,467,202,3
"8NpF-MjeTgY",24,675673,2675,542,1337,1
"cn0-cSUeBiw",24,675571,29256,615,2480,3
"d_KFQCKkmgI",24,674929,7551,181,504,1
"G8v2F-nvkoQ",23,674849,56695,1280,3182,2
"wbSVEzUSU5Q",25,674776,9210,324,868,2
"LA7ebBKHEGc",23,674671,9041,429,409,2
"dRl9Oj8ewh8",24,674642,4512,1431,201,4
"mqIriOpXJOw",25,674146,0,0,5697,4
"8-JxyLMUfYY",23,674051,31433,2010,1927,2
"nD5f7xoxsNI",24,673993,4193,508,808,3
"Zzs6wTGDD2A",22,673970,18656,914,701,6
"6AlzUeJ9zn0",28,673709,31391,653,5035,1
"5Mcpic8oPL8",26,673537,5633,1017,394,3
"TdvKdUm-kYk",24,673467,1325,460,94,4
"i6VtZTMP38w",27,673231,3914,1441,594,3
"wkIXZWRBxXc",23,672847,40178,1055,2874,2
"0yiP3oXcbDk",10,672487,11801,274,290,2
"8OyEihNiv2o",24,672469,1720,178,107,1
"9G5fuBG9ZuU",24,672312,9319,343,578,3
"YaqJwnVebuo",10,672218,6382,821,1034,2
"hIPyqtX4tN4",23,672181,23331,643,1157,2
"4KT6VVGQPF0",10,671814,6367,209,557,2
"blySvGEKGY8",24,671566,1840,673,123,2
"wB9cbdeDyp0",25,671417,5357,1241,65,1
"nfw-cchbM0U",26,671367,9088,538,623,1
"5PoKpYmGvHQ",24,670908,3562,566,530,2
"45SeBrGDp0E",1,670876,1143,502,192,5
"fHbkfuzNqn4",1,670717,12005,1340,1165,2
"Z0bzJCvmgLg",24,670660,10203,4182,1524,4
"Vi98yrS4RX0",23,670288,3728,582,486,4
"bYHfxbzhZy4",24,670125,13032,483,587,4
"WaIOS1V2n60",24,669970,3620,1732,703,4
"FmqbooWjTTw",25,668758,11174,761,1409,5
"7HRJaUxUQxA",24,668742,45830,1161,3055,6
"vBOFnyucDcA",24,668658,3113,496,303,6
"6XeuMzd5Na0",24,668330,2352,302,136,4
"UZEU5czmucI",24,668208,13504,525,0,1
"uHylm6XJYXg",24,668193,5503,234,179,4
"zHI0ui0qx3I",24,668125,2621,664,330,5
"5VUioBwLNmI",24,668114,5224,814,803,1
"hTkm0Zot8TM",23,668008,65536,2669,3590,4
"xwxb3wh1up8",10,667679,4795,293,283,1
"uF0TgrzYKEo",24,666139,3610,236,143,2
"eUyb51fxFw4",24,666138,4213,896,421,1
"7-H0BbfhqUI",23,665827,52417,3360,2878,3
"_UQesYLqiXc",1,665680,1517,407,77,1
"ASXutG8RjrE",23,665298,7357,128,409,2
"EzPoyn0hHlk",1,665193,2497,571,0,1
"SglM7ppcjXQ",23,665141,4601,704,844,4
"dOSCZngPYWg",24,665073,11101,240,752,1
"bFOJYjrTJAQ",1,664785,13058,364,578,6
"d_Cz3cTSxGI",43,664658,3701,1411,694,2
"xjEczPCsmqA",24,664352,32599,1633,2331,2
"3lHg8J9YCOU",23,664049,5240,543,1093,6
"JaNs468a59c",1,663171,12233,978,830,2
"v3nuxG2Q6Ew",24,662980,18875,2323,3995,1
"jKCvZiNinYo",22,662924,25451,1572,5544,3
"ocI9GCSkYAc",24,661959,6630,1898,251,7
"NgUGQKhaiLY",25,661699,8247,1311,1784,6
"4izUqU1VfSI",10,661690,10174,526,729,3
"tQb0RR04QTg",28,661514,37837,2255,6067,3
"_jdkzV7cWXc",25,661153,0,0,845,5
"HcCgs4YOcbU",24,661002,4179,480,896,1
"oZOh7X1LV4E",27,660926,39813,4313,2241,3
"knKwnDA9zSs",25,660748,4285,443,336,2
"ny_GNqecGSo",10,660642,8177,285,1031,4
"3pg9pUSIKtM",43,660161,4046,889,463,2
"UI0EuCqWuWE",24,659592,6274,587,1140,2
"NfG9Jl-hxqQ",24,659253,2499,1394,0,4
"Ftes6SjnCYw",24,659183,37428,868,2786,5
"JMNIdf5tyro",10,659135,18487,613,328,4
"9sgls5OhOTg",1,658892,2243,414,0,1
"w4XQleYbXPw",24,658850,2328,658,413,2
"ifBMIpX4tJQ",24,658839,3810,2045,935,1
"izmxrxel00A",25,658798,4072,438,0,6
"EX5e_DvmWF8",24,658219,2762,809,371,3
"aTfUnVL8OOI",23,658018,44536,1134,2511,4
"954yv2ahWJM",22,657984,43833,1259,3478,2
"HWDELTsAZOg",43,657796,3035,999,335,4
"flB15nV3DEo",22,657513,1209,827,199,2
"VnYFg3wknKU",24,657056,7557,419,1092,2
"TB_McxE_ovc",24,656851,4220,1064,1047,3
"uH1UApCiqw0",23,656359,53357,2341,4475,5
"VcydWUWWnes",1,655901,4495,451,140,1
"g3s0--LcgQw",22,655732,43039,961,3794,1
"dn9Ov0_j9GM",17,655610,16483,471,2291,1
"kQgwyrHYKUM",10,655577,7012,446,241,6
"6QyAOfalGQ4",43,655281,3309,859,355,1
"lICK0hSNAuA",23,655219,32380,2390,1711,5
"KqXf5QS8Ggo",17,654770,4189,336,236,1
"QOTiTskyY40",23,654691,4040,498,564,3
"YWZXjZKhivg",10,654312,9392,1133,460,5
"PGoKaLp1Nro",24,653665,2279,341,171,3
"C8EykP6KbG0",24,653662,1653,221,139,6
"xFS78FY3lZA",28,653594,38794,1360,14335,3
"GvQCFW6vxiI",10,653467,20445,1034,1245,2
"DjJ4O8BoAAs",24,653296,2902,530,158,3
"VjQOCUEPpI8",22,653000,2853,885,897,1
"DdXxXM6g0jw",22,652955,3469,934,217,2
"UNZutENw034",10,652294,18542,909,671,4
"TgA2y-Bgi3c",24,652159,14129,238,1299,1
"x4APEknrumw",25,651941,5560,1093,138,1
"DXb5jVSnV3s",24,651748,7742,718,350,1
"YQ2eP8qUYEo",23,651338,36377,1301,839,5
"HrOtCXpPSuI",26,651333,3940,1066,271,2
"d_OhexXqCmY",26,651229,7913,668,557,1
"oUENTeHPdC0",24,650707,12083,539,917,3
"pT9hbP7iTrU",23,650683,5047,590,911,4
"EHJ_EqAjqjk",24,650197,2796,655,2091,2
"SAVlJBfvc9M",24,649825,2513,495,251,3
"IALFEnYAEns",24,649790,3145,406,216,2
"JzesyIXtMPk",24,649338,19316,1632,654,4
"YIF8e0g7HH8",24,649275,5717,498,659,3
"E9pIhue2lSU",17,649142,14931,790,2548,2
"FIbNg0WMKP4",25,649090,0,0,488,4
"vyL0vU9JZj8",25,649071,4664,475,459,3
"a9iruCSpRwo",24,648993,2356,620,269,4
"QqC85L1o5wM",1,648973,1141,576,143,3
"xpK4tK4DenY",24,648746,3893,346,131,3
"k_o9xe8diaU",23,648248,52520,2130,6200,3
"32M21Ag7II0",23,648166,7152,455,217,6
"V4uyeKG_cJI",25,647920,2472,1091,413,9
"IAfaZUZGuGY",22,647545,2026,394,156,4
"JhVQllFg-2Q",24,647520,19872,2193,0,7
"QlcKU76r_Gs",24,647287,4604,279,261,4
"nnWM9LsDOiw",17,646922,2885,797,122,4
"7Y7fHMIf4rQ",10,646530,5931,615,234,2
"OKPBS2hN9G0",43,646494,3272,2864,752,1
"kwvnJsyc7LU",24,646273,2468,933,533,3
"wVXQMEN00NU",24,645780,6286,726,1348,4
"olZ2dwyD6R8",23,645687,15462,527,1282,5
"aBTd3mtPRLc",24,645428,2041,431,81,1
"aVoFPeiN77s",24,645406,2575,255,101,3
"_o01Xi3vU50",24,645403,1038,396,180,3
"6CL8RdmcYwQ",10,645393,23092,2313,1862,7
"FZqDrDV8C4w",24,645193,1628,136,127,2
"Tqwp4yQb1zE",25,644965,2253,1294,10,4
"vFszhH899BI",25,644914,1086,464,595,5
"2kI6bUdLZaw",24,644893,3085,1162,399,3
"K9ed4cZi4nI",24,644871,7080,266,317,2
"frfeTlhHI3M",25,644798,1877,554,507,4
"HBxsSoc3atg",43,644734,2787,960,367,1
"NOtkAV72glU",25,644404,2687,1389,287,4
"_lg8sNpeOUM",24,644267,15928,801,1437,4
"S3tGLg27NtA",24,644106,11382,9638,1597,2
"51cmnm8Z8NQ",23,643483,51380,1975,4843,2
"O7xSGDIPgVk",24,643370,1160,658,128,3
"p0UiW_2tUQ4",23,643111,3799,1108,1433,1
"5SECYQ-Can0",24,642912,1548,523,162,2
"nndXA7mGrhc",24,642288,4725,285,409,4
"v6Z4QQIqCU0",24,641866,12432,481,1053,9
"q8XzWBadFiU",24,641684,8299,563,1338,1
"zibpYrl9N3w",43,641497,3166,1297,785,1
"T9V59_z_Sm0",24,641304,5947,1321,1332,2
"3Q3XB2q5l5g",43,641172,3279,988,315,1
"3eg9pPk-Umk",24,640964,3390,394,200,4
"gLk6Oz64oDg",24,640705,1645,297,63,1
"vVOHWYEbVMM",17,640615,21783,460,1934,1
"VtoG2LTugpA",22,640611,31980,1369,1129,7
"4yPQKYU1zeA",24,640435,1821,619,161,2
"u5Sqb6d8Ljw",24,640342,845,608,76,5
"dFX50YNfnyM",24,640251,2176,297,185,3
"Mcpkefljixo",25,640162,7800,829,520,4
"FSINB0Uiy2o",27,640114,47084,1837,6389,3
"cdVrQWiZOvI",23,640005,41833,1165,2958,7
"vlEPpQhHXlU",22,639742,2087,750,92,2
"EAfkkFGytvk",23,639560,37837,492,1199,2
"WLzQDPCjfIM",28,639525,103942,2051,106076,3
"hbdpMSHjWkc",24,639237,1690,441,374,4
"x6x-SsMF1JM",24,639046,9838,611,2239,2
"Cgnk3MLw9TM",1,638788,9786,1254,1581,1
"1DcSAvffKYU",24,638758,3069,2510,608,1
"AC0Z5lmxJmU",17,638604,3644,530,719,2
"a7hVUhmNeVc",22,638337,10712,698,424,4
"dqaDpwweeYM",24,638173,30253,1577,1776,4
"fpzWz5lYg9s",24,638133,1680,184,124,2
"r9xEA5XGWSo",25,637960,5374,1338,1141,4
"74Z-qNt7U0I",25,637932,3715,351,401,4
"Ipao-uy9cY8",23,637698,30259,2781,1505,1
"6OTzIh3xRZs",24,637583,3873,390,320,5
"sSXixTzPrtg",23,637419,33173,1996,2319,5
"kTmtgrLoHr4",25,636353,3850,893,1428,4
"pmTVqECi1CM",24,636218,14649,2027,4750,5
"1Hu2E7tUfiM",25,636054,2859,355,247,3
"BjQaJPCpTso",24,636053,4741,184,203,5
"VImtsyYmCjs",24,635707,10062,1016,1333,3
"Bbu3GyfQWo4",24,635538,2017,440,114,2
"9boD8of6niQ",24,635237,16791,289,426,4
"XfLyzM8_Oqc",24,635040,599,238,236,2
"ztZTEoy8TRU",24,634655,3498,341,164,1
"uQjZvVfgs1s",10,633995,15188,454,339,4
"LDz3WVN4TzE",25,633686,1188,639,360,1
"RsPNnzCbnGM",24,633614,1924,320,147,2
"CSUVL7x_3Pg",23,633542,10503,567,440,4
"ng4pyzyrIb4",24,633252,3860,537,352,5
"iDNESDyr5s4",24,633075,976,172,112,5
"MLn_llHg9PA",25,632837,4514,379,424,4
"XHpVUfBQBXs",25,632772,1564,3904,0,2
"ePOoRQgXXgg",26,632748,1104,294,44,4
"ronlPwniTTo",23,632326,46708,1665,3577,2
"Ztel4Tuq_Gc",26,632140,21094,2186,1942,5
"vcKPjDUc5EQ",23,632019,50849,1820,5457,1
"Tkjy1euut3U",23,631820,18880,717,2854,5
"LwIaKhvI3r0",24,631675,20462,342,1322,4
"MzsGEGLcSbc",24,631496,5406,389,271,4
"jh_uFP-v-DI",24,631326,15589,4988,960,1
"UFFt1F5qumY",24,630932,5917,521,1163,2
"bcEU0Z_34AE",1,630895,833,460,66,3
"bSA8z4WoVKo",24,630749,30491,1472,2120,4
"asq8SwB5ytM",24,630700,6950,272,416,1
"YHXIKYZR9HE",25,630559,943,246,100,5
"sQezaX5hIf0",10,630392,17734,281,440,3
"I758Fq53uXk",25,630203,4232,408,250,3
"6ZB3Ogq6C60",10,629488,8912,1049,779,3
"uV3t0n-HX-Q",10,629476,2843,637,324,3
"U2ZLv2LXKPI",43,629302,3975,954,305,2
"Se0qBIRUdks",23,629177,1703,591,100,4
"OmIYyeSg3v4",43,628962,3436,1483,736,2
"SJUBculeEiM",25,628923,3937,804,625,3
"wpsEPx7wBVM",22,628722,2535,926,857,2
"cnzy5mvTsVE",26,627611,7694,883,584,4
"u_nrjjXlO1M",24,627198,27764,2416,3042,4
"isOIN0vJ-ZE",24,626764,2684,436,247,6
"aCLgXLzwwk8",24,626759,1278,323,185,2
"Qzlv-R06dNg",10,626662,13062,677,996,3
"b6EgOI3gkBQ",22,626269,1507,407,265,2
"f6Mtsuj4z7A",24,626104,6680,656,731,2
"VlDQAWVjYuY",24,625998,36999,1217,3089,7
"Ik4yOWK-wG0",22,625900,9239,363,511,1
"IKiJsr5mm3A",24,625741,2813,424,221,2
"gJJHJZGDOmM",24,625595,5848,692,508,3
"YqiPaR4mjoE",24,625590,16204,462,1121,2
"dlW5zRZTczc",24,625333,2244,816,305,2
"k3Y9_Om0LCw",23,624919,41326,1543,2275,6
"hL41UM8_54E",10,624742,32218,757,3054,6
"2vxDqHrXLzs",17,624570,4061,683,414,1
"7XPRcVWA83Q",25,624472,10634,1116,1500,2
"hkuN0VCJ_d0",23,624472,38209,6045,5757,8
"gAxAKtHJ5Ac",10,624452,1290,339,197,1
"oO4G_xPx-9o",24,624373,3145,471,157,3
"x1tFeb7uR7I",10,624282,11802,104,1228,4
"Q646Qq2SxhI",24,624193,8241,200,700,1
"fN491KqvtP0",24,624054,3035,2860,1176,1
"qMZhbi0Dav0",10,623996,7396,106,263,1
"wggY4eK1ilU",10,623719,2682,589,279,1
"FF8qQlbCD30",23,623601,12024,616,479,4
"NeqhJos9rsM",25,623194,13467,4799,5618,5
"dEsZEEPWN9Y",25,623157,8473,1435,1436,2
"94RfP_GdjtI",17,622601,8919,289,870,2
"L58Fdr0Le68",24,622047,3360,547,217,1
"CI2zVegJBWA",24,621962,3783,1061,391,2
"ZutqQBGiEFU",22,621886,3612,1206,922,2
"VdAQtdV-ddk",26,621843,7795,777,524,1
"pCzEhJPg3pU",43,621739,3859,793,562,1
"miCY-JLN4lg",22,621341,16413,542,554,5
"BVelWBi82PE",23,621135,30918,849,1348,6
"4b07d_ihmB0",43,620555,3397,780,300,1
"nF3v61P8ZoQ",24,619730,4277,353,558,4
"GUjXDkRFssY",22,619587,23552,631,1527,4
"dSkb7O1-EaE",23,619206,48325,1481,3150,7
"RJKdrsWCgus",24,619034,14840,767,1746,5
"06yknTMEMbY",24,618995,3579,255,179,5
"L5pTGmMkvWU",20,618843,26435,747,2553,2
"9edpKIQXito",24,618694,3072,965,422,1
"HRozbQXwQ1o",24,618549,1547,469,87,4
"7L5vKupaPZM",22,618467,3054,212,218,3
"KXzgdavpg10",24,618414,3014,849,239,1
"UcTVMck3UIU",28,618261,42619,2123,9206,3
"DdcqDYiblvw",24,618179,4577,517,525,4
"4g39QA0mfvE",10,617575,18420,363,386,4
"zQD5NLOQWoE",1,617367,21702,2264,3135,5
"3M-EnxNuTc8",10,617152,2880,123,320,5
"R5rbU-yEydM",22,616927,1869,337,437,2
"vTJ7OrO7mHg",24,616233,1136,254,130,5
"BzFaMc9NfSM",24,615585,1574,344,160,2
"IxsRrH2borU",23,615505,16903,1989,1896,4
"4G7BYsNiP_o",25,615491,4508,452,29,1
"7TZfpauB3gQ",24,615127,586,450,62,3
"Qylxag3_RhM",24,615075,4656,643,1479,7
"WwaTzS8tXV0",24,614886,1179,455,104,4
"V1sADbhm5xE",23,614594,47319,1246,4164,2
"jr0THyOw4h0",25,614360,3862,723,1105,5
"HN1nO9hHq18",24,614336,934,342,98,2
"w5kU3b7ZcDs",24,614051,2320,619,276,3
"QNV6qw65O9A",1,613929,1764,305,61,2
"xUcgGE09kdo",24,613084,2837,554,2172,3
"_z_s-3nBtFE",25,612927,8608,717,781,4
"pcWugUkVA84",10,612752,6767,163,445,2
"xb7XT0SCqXc",22,612631,1152,383,79,2
"woXWxwtLDS0",10,612476,20947,1819,1454,7
"QHlmfQY0WrE",23,612376,68420,1502,8518,3
"HTkZLXK8yGw",24,612188,3174,505,501,2
"MLSUiFGnOeA",24,612171,811,312,74,2
"lVE456ceg7A",10,612056,10541,235,591,4
"Ruxf5EBQTsg",24,612015,6919,742,443,3
"9zmbOS9eFuE",22,612002,31647,1484,2483,2
"5Nr0tZpSARY",22,611983,39882,2716,3013,4
"1hHvH8xQDKA",28,611786,173149,2000,153049,3
"QvUP-hKiN1U",24,611582,1583,179,66,1
"oucv9fd1hbM",23,611237,33133,3138,2329,8
"mA45IV9njv8",43,611125,9990,464,520,1
"F0iTExrT4l0",10,611048,7974,852,385,2
"ZXSGHmgBkWM",22,610391,22701,640,1800,4
"xl1s1nLv2Kw",43,609998,3070,903,431,1
"miD3ujpqYTk",43,609769,3245,1738,802,1
"3PmSjJY0T5w",24,609553,3160,1014,316,1
"yi5AKhU3LjE",24,609477,1950,286,86,2
"1Zwq1Oqm4Sc",24,609464,1459,419,225,4
"J3Jx_dOC27c",10,609432,5826,182,526,3
"Xqrv6skU8Ow",24,608973,5194,627,981,2
"_8vguSZ_lJw",17,608747,6077,222,128,4
"hSXprL3dThE",23,608710,7836,553,177,7
"LTBUdmTT4Jw",24,608644,3752,712,628,1
"p8XiUJhbOXE",24,608643,3246,405,688,2
"lX-4rhwLs3c",1,608406,9129,798,491,4
"Py1Q6tb8ZEg",23,608063,35385,1304,3055,4
"JtgAw5TYJpk",25,607622,1862,452,76,3
"u6DqT0OA15M",24,607622,1841,772,179,3
"IkScPfdGRmk",10,607257,13400,512,1031,1
"6NHW-QKB7o4",24,607210,2269,428,72,1
"bJJOzPOsduE",24,607161,1589,318,170,2
"nCx_6IU9yoA",10,607014,5846,88,463,2
"q168JzYLUNM",24,606838,867,1126,173,7
"e9kBWI7VsS0",25,606660,0,0,746,6
"Sg_9zyTv-70",24,606382,2576,510,117,1
"aK0s7LK9WkM",24,606377,6800,576,1451,2
"n-k_bY41BY0",24,605986,3787,416,125,1
"or1hMNj6-I0",24,605946,54975,920,4682,5
"NAnfmT0xspg",24,605896,2827,283,189,3
"wicNVNjh_AQ",43,605651,4214,738,673,2
"ju4MDaz9IBI",24,605529,6022,211,352,1
"bGy2fAt6REI",24,605083,4999,251,418,4
"sse1WR2q20U",1,604880,8030,1007,532,3
"UOfM-htL31w",24,604814,1774,249,141,2
"PGxaBYOZf94",24,604699,2914,339,198,1
"8LO3wm_CTWo",10,604661,5222,460,282,2
"9vxo8j9558s",24,604507,22265,2766,1519,2
"Z-9iyiuNaq4",23,604391,31332,941,2336,5
"Hpm8O--mNTc",43,604388,3330,788,338,2
"ScLI7JTSaLc",23,603920,4176,385,655,2
"gWZwfjfgwGs",10,603817,14448,481,503,2
"tvBAJZ6F758",25,603460,1053,254,426,1
"sznSnqREKrc",24,603166,2985,142,152,3
"lv2HF8TerCM",43,602783,3440,1430,784,2
"gGuT3MNE_QQ",25,602755,10758,602,1092,4
"c9bO7wRpUsA",22,602741,1274,382,86,5
"kYN6o0Sgby0",23,602547,33542,2281,1389,6
"7Y0GSMYRCzA",24,602520,2426,843,587,4
"Ie_su59U1Tk",10,602368,26199,787,2776,4
"DKi7Hfy4uC4",10,602299,13358,455,642,7
"cIYLwrEESKg",43,601943,3702,926,279,2
"PxJ5LDeK4mI",24,601902,1673,135,84,2
"ifa_SGkGoP0",24,601861,3929,146,200,1
"3ZS0MU0iTvI",24,601841,1721,1077,292,3
"xmP9JjGS1kQ",25,601513,1033,251,404,2
"sZDCN-e-q94",23,600994,28746,1602,2359,6
"3o_22IzBT3w",25,600900,3559,2234,497,1
"05eV8HpCvZc",24,600479,2109,1022,587,2
"UmnWk-Sa5n8",23,600162,13709,220,695,1
"xiILTSKuCAc",1,600161,7037,419,10,2
"ZsGsHYct-vk",24,600154,3646,1167,463,1
"i2t0fuWP0Q4",24,600067,673,206,0,3
"IPHOXC2uON8",24,599943,12565,1030,2015,4
"wJTU0l_bq-8",43,599897,3328,937,409,1
"qGMsDi_zAC0",25,599663,1958,628,536,4
"l2hcLfqc4qU",24,599532,3337,289,150,4
"tVhv2pNweTc",22,599478,8173,304,501,7
"0A9RyOaIa4o",24,599361,2522,749,1185,3
"FZ9QAWFRuh8",24,598792,3525,707,448,2
"4VL9VPnSfcY",24,598461,6689,1020,3895,3
"jlPu-7F8WwA",10,598379,15887,529,1019,4
"EG999UE24AE",1,598365,8132,445,386,4
"ioTFAXQCb1U",24,598091,853,426,72,4
"6H0bd1vAA3c",10,597976,4857,787,982,3
"qYpIo1DYMyo",24,597897,2067,1071,483,3
"Q_FAO1ZNKgo",24,597836,10079,324,855,1
"R1B-WENvg74",24,597727,1541,457,116,2
"H-g3Jurb60Y",24,597492,2806,561,382,3
"BPseQfShaWE",24,597488,16143,1271,4156,1
"ixZJ6t9jMSo",43,597287,3013,742,288,3
"nUck-UjyTic",23,596609,6627,487,201,7
"98sRjs-nhzE",24,596417,1683,780,132,4
"tnS7uKdBxZY",22,596161,11176,301,224,4
"dm1XLnlLfVo",23,596121,36665,2484,2629,5
"Me-i41QBAh8",22,596060,1507,1292,456,5
"4uKE_VdhEq4",22,595887,6169,601,429,2
"kdDyAw0ihq0",24,595856,2340,562,244,4
"1GQ18r_kC7A",10,595704,5913,712,356,5
"oqKjjZBCAs8",23,595634,3810,450,368,2
"Y0ex2VlbbdI",24,595622,878,459,70,3
"kQHDZBm1VJc",10,595333,29240,1234,955,6
"QrTAA6hCkrc",43,595204,3360,878,521,2
"Ph5WXiekdBw",1,594806,1091,537,153,3
"91LmvA7r42k",22,594567,1805,347,394,1
"0931w5v1WHc",1,594470,16165,400,485,5
"QOaMkRXvEIk",24,594277,2189,644,201,2
"dPksin9O1sY",24,593802,3058,310,613,4
"V6aM41BYNTU",25,593682,2494,8873,2756,6
"jgYYxs_d_bo",1,593576,14520,338,597,3
"TJOQYnumxDM",22,593542,38149,777,3488,1
"AvgFmr-ckpk",10,593509,12333,363,778,2
"DzRWw8cD_6M",24,593428,2362,680,389,2
"Kw1pyBLiPNQ",25,593174,4259,382,114,4
"A_OHxcig2xU",17,593100,5311,275,810,1
"1kMaCrV6iQA",25,592654,1103,197,284,3
"NDgGal7bj5M",24,592361,2768,347,220,4
"uAl4a_t26Lo",24,592292,1454,1286,0,2
"TiIC4Nv-BC0",24,592195,5843,519,861,2
"GOR3Qp4gFm4",26,592185,6658,530,543,3
"VjDrNseQ_P4",24,592184,928,459,140,2
"lQlNjjyQmiQ",27,591846,44129,1723,4227,3
"TDQyxvbE0_Y",10,591759,3945,534,264,1
"AlrbKKGIcjI",43,591632,3231,1327,1030,1
"2HuFeeCfOBA",22,591366,1894,655,0,1
"4xyM3WzEfBM",23,591187,4198,766,2596,2
"AbGjLUdEAG0",24,591142,10601,716,579,2
"r7fjdsSM7H8",24,590915,19917,865,1979,4
"rHA0KEhVNUM",24,590873,2573,301,201,3
"QMK1Pb1xugg",24,590873,2540,609,105,4
"fZuYslUB0X0",24,590558,3060,1132,2648,2
"3srrfKOzruU",10,590281,12748,503,521,1
"URRpbARFaIk",43,590171,3418,865,467,1
"y5p-gxTm3WQ",24,590043,2377,560,92,4
"uuENwoAGhrc",24,589887,24688,322,1934,4
"qi_odP8ryD0",22,589478,1755,310,365,3
"QFtd9P0UOl8",28,589364,52876,1782,7826,3
"96-hacxp-2U",24,589257,1890,305,75,2
"iNa1rAC0d8w",24,589014,3792,624,0,2
"0wHRwj5w5kE",24,588890,3624,300,229,1
"6joCzIxiUaE",28,588825,34636,734,2748,1
"I2aUNmGQkN4",22,588697,1967,381,359,2
"t5gw3GGwPoU",23,588521,30818,3211,1543,4
"vymQSw7GuC8",25,588065,8105,2210,3332,5
"EwiIP4a-Ilc",24,587864,1595,136,69,1
"ZsXGvCniLxc",23,587550,24032,1736,1219,2
"ruD-L3FI3VQ",24,587431,2873,410,241,4
"NqWCE1izfz8",43,587317,3787,733,408,1
"eXpd3IjeiuE",23,587261,9842,574,488,3
"Im92cBvy4-c",24,586969,3015,907,915,1
"59g3OZmlrf0",25,586624,3743,290,220,3
"4kR1Jl4Vr6k",25,586461,2402,1698,1371,3
"TjtfAPHHBeY",24,586209,4395,410,264,1
"l1ERiRFyghk",10,585997,8194,919,861,2
"GJ-gDWTcpgw",24,585752,1161,368,131,4
"d6sRN0ZWqTA",22,585175,2193,603,82,8
"B7_2iNh0xw0",22,585010,42022,1182,5233,3
"388JgZwBGaQ",22,584889,1768,449,163,3
"4WO_0Bm10os",25,584858,0,0,684,2
"0A1mwjAI4Nk",22,584465,2477,309,184,2
"3uREDNRuXVA",24,584355,5524,542,347,4
"syiEqRf0Xp8",43,584323,2929,1738,919,1
"yUZUmerqGbo",24,584284,875,338,261,1
"_pnU8PlySCk",24,583855,1554,623,163,3
"WSEdCMHiUlg",24,583527,2989,561,551,6
"vFYbDciwcrI",24,582985,1547,794,225,4
"0LyhDmr0tDM",10,582838,7513,423,285,3
"uGjbfdMo_fg",23,582707,15442,1159,2195,4
"sftgDNHFyIw",25,582644,1709,522,90,2
"1UeP5ovf_TY",10,582456,19148,573,1341,2
"yHqdA4E6Kh4",24,582454,2172,688,248,1
"P1O-V05UJts",25,581978,0,0,486,1
"YbQrFrpzcoA",23,581758,34213,2017,1854,5
"vyvsA2ev3SM",24,581687,7885,2406,1221,3
"ZEDNXm-oGCg",24,581627,26323,1158,2058,3
"3vD1s-kQMjw",23,581374,3557,470,376,1
"hMZP19GEZmQ",24,581134,1758,1186,871,6
"TQ-B5df2Le8",10,580940,15337,282,648,2
"tpiNRbSyVG4",24,580879,1758,271,141,3
"LwdPfLYQTZY",24,580733,3538,978,284,2
"qx5Nm31Liis",24,580595,2099,527,213,4
"nvx34h3wIqU",23,580452,48331,1261,4754,5
"tAdeZ0XmBMw",28,580269,33195,14516,18514,1
"1d6cwVVQZyc",25,579965,3874,475,77,4
"HW4EsVuAhRE",10,579528,12647,570,566,2
"n3liqIgCeAk",10,579259,25349,2185,2254,8
"KLQQAYneljQ",10,579230,7698,465,521,5
"Gpdw7goJdWI",23,578738,31587,716,2335,4
"E8B8TniXXkQ",24,578667,2123,480,241,1
"t-xnSylpj1k",24,578542,1942,545,327,3
"ICmqBckmEkI",22,578503,3072,1048,865,2
"3t6Lu4_HWFg",24,578320,4399,416,182,1
"BLXjbEfDSEU",24,578285,8956,164,348,4
"VmVnDljmVFw",24,578119,12055,1341,887,5
"FZuqhiiHB0Y",25,578076,1209,463,86,1
"QEaAojDVMec",24,577849,7660,384,201,1
"57VEJjJ5sBM",24,577698,1399,967,145,1
"M9Svu5LvkrY",24,577654,10335,813,433,1
"D6GQ9Y8JZTs",24,577465,1615,348,217,1
"QCbr6-M9t2k",25,577405,2937,502,192,4
"TRPwZ3C1B9Q",24,576992,2879,742,224,1
"XXRbbdrDl-E",24,576148,4647,444,431,4
"4MiYBsG82Ho",25,576083,5047,793,1477,3
"2fHzDaNR4nk",24,576024,4972,494,331,4
"yxdRTaAp5Fw",26,575818,18111,746,2158,1
"9b02gu5dlrc",22,575817,3699,746,28,1
"UxNxcQIHTfk",24,575661,8503,843,908,4
"Nx0CsfFIhPs",17,575372,6220,323,831,2
"vKnC50i1qAI",24,575085,2564,591,414,1
"HX1RBvIGsj8",24,574983,11312,234,1374,2
"f1Ln_aB4cYE",1,574718,5822,1070,577,4
"mK9C6wViwn4",24,574670,10141,447,752,3
"DPTmY4ZCMeM",24,574635,2493,453,114,1
"ywruD49dUzE",24,574042,16047,333,2320,2
"sciBuT9Kk_I",23,573453,28135,2558,2024,6
"dU7BhlfWFEw",25,573431,6517,355,381,4
"lZdHrpqDJXI",17,573308,12631,922,1162,1
"ebL8_tEk5Y4",23,573226,17564,1232,1467,3
"6JXBRxdlm0c",10,572990,11951,427,594,1
"m5qV71rq1Sw",22,572756,2296,187,88,2
"rqnsB26fEtk",22,572508,13774,1064,673,6
"cf4DU1aSc1o",24,572348,5227,497,798,2
"iClARtzkpM4",23,571944,43863,1080,2269,4
"0kL-jv_TEb0",25,571761,0,0,1875,4
"HnpB13eXsbU",10,571359,2275,569,207,3
"mHfUSLzcjnA",23,571068,27604,281,950,3
"bjKr2ltVKII",23,570390,13351,212,447,1
"6vlQ9OsRGPU",23,570371,40098,1456,2797,4
"gm5agJuoiCg",24,570227,2156,233,228,2
"L6Yzg0pUS4M",25,570036,3822,438,379,5
"PmDUZw0_WQ0",23,569702,45944,1160,2796,3
"uO7HaRoRdok",23,569625,20463,1725,952,3
"AREQS-6zfWA",24,569568,4712,280,135,5
"YJe8As0X_8w",23,569435,14918,349,442,6
"_AbFedWFoNg",24,569259,1265,413,108,1
"tt96rnzhBRk",28,569246,11463,717,1443,3
"7I_U476cTbA",24,569052,2788,451,343,2
"rKBHwWJOjtA",24,568877,6187,431,207,4
"h8CG98oLnzE",24,568844,3310,226,191,2
"F0c9WalOIh4",10,568661,25870,583,2116,3
"4XQOBQQgApg",10,568594,11621,272,578,4
"rCDaQp5AuDI",23,568187,26883,615,1234,4
"iiURzrjJseQ",24,567673,5004,1364,5582,2
"b6zgN86N0kw",1,567517,0,0,91,5
"-66S0tT_G_o",24,567449,1610,218,172,1
"wWW9pgAi5T8",25,567284,1082,441,441,2
"F07glrBPJ8o",24,566755,17425,2972,1283,7
"gxG3eOcOfLA",24,566588,2055,316,220,3
"5SlvNprgEzw",10,566488,13406,295,294,2
"bD2T_YuVhrw",10,566373,9120,715,408,8
"PRavR35WK44",24,566359,3213,792,648,3
"QsdLyn4Omeg",23,566102,22596,547,797,2
"dI5o1IJR7y8",22,566057,34724,458,3462,4
"OZBviuO6whs",28,565802,80093,1608,73356,4
"l4JDUIR2-zU",26,565698,5737,831,374,3
"18RqtFuaNe8",1,565469,7544,681,678,1
"gXHau5ebHLo",24,565311,1371,235,77,2
"4wLxfm7SJl8",25,565235,4647,938,548,5
"R_5YBLuXAuU",43,565220,3669,1188,561,2
"NMtASo9TcXI",25,564862,3080,908,1173,4
"Majhxb0QwaY",10,564801,11815,226,506,5
"-9UM5SFwKRY",10,564733,3876,783,475,4
"-20cEGjbyGY",23,564598,53406,1276,3315,3
"7xQ6WkiNCvk",24,564551,3241,1123,845,1
"nQy_wzUu9YI",23,564472,71910,1649,9201,5
"LMcNZoFdK2o",24,564236,3946,484,711,2
"C2GXjre4ecs",24,564166,4269,476,1057,1
"e7E7Jj1yLuA",17,563675,15071,532,838,1
"MfZKOiaq0sU",24,563612,1707,139,1817,4
"PeV76d4RAxY",25,563324,1985,396,342,6
"dZR_STHkKM0",24,563182,1895,562,125,1
"wQvSdRVYv-8",24,563104,5359,358,240,2
"s0_G-Kk6-Yg",1,563003,42343,1315,1767,2
"WNjFZ6kURCI",24,562925,17924,3167,1291,3
"W-8VuIt3WKU",24,562801,1195,254,95,1
"r4X3ehjy-mg",24,562725,41378,422,2069,4
"pdpX3_FLnwk",24,562615,3482,475,612,2
"6TEYpJz5MXY",23,562208,9709,517,523,6
"tM8RB77x4dc",24,562194,3619,427,1735,3
"TacJGY6L7TE",24,562074,2510,407,151,6
"Lx4ESwFT9mk",10,561983,5540,496,546,3
"jGcSjkFbY5s",25,561320,2321,1226,841,2
"5vmHKxM7xcM",24,561278,1864,373,69,1
"ncjBOruN8w8",24,561229,2208,224,137,1
"WG-Br4lJIiI",25,560970,3642,346,286,3
"l_zhJyIDO4s",24,560830,1198,398,71,3
"GgQcd1mF2uA",24,560818,880,240,128,1
"NVRqtHxm7cE",25,560752,1021,432,610,2
"P1_OxXNhdgk",24,560717,2800,168,91,1
"sPAxUrrKqRg",23,560679,38519,743,4978,4
"ugxFEHjXKvk",24,560675,10835,433,575,8
"FvTQUOLkGYw",1,560536,13140,1648,1295,2
"XYypE9cR5o8",23,560453,20178,2654,1062,3
"K9dxueVOZ7s",23,560120,9631,1383,641,8
"D6zNtypqNLQ",24,560119,5329,548,1167,2
"sgX_StgXGF0",24,559930,20809,384,2415,2
"pXyCnqy6nZg",24,559510,1385,569,292,5
"dE5SLY5tKEc",10,559411,34295,1067,939,1
"5spXYrIbGbE",22,559290,10765,765,974,5
"ye8x8mkcJjo",25,559196,1717,317,137,6
"RoD1rAOZWGU",24,559056,7134,355,643,2
"9dx9r39Xf-o",24,559019,3591,365,625,2
"FfaQ7PJQd0Q",23,558925,20988,1764,785,5
"hv26pd-gylg",24,558869,1888,802,673,1
"OiA9Wh6DTKo",22,558763,4498,1435,934,4
"9tKmbfY2gBc",24,558743,7055,525,1818,1
"rAE1ug8ne9Y",22,558533,25631,1884,3902,5
"IG6r9Z9zWtc",10,558306,7713,404,995,2
"eca4NoV535g",25,557985,1151,253,152,3
"YX1_2DPBO84",24,557799,11847,343,903,3
"fFzuvkPYct0",25,557690,5175,614,324,3
"r9YzUCrhpLU",24,557260,1708,505,151,5
"YDzX1_FXpBQ",25,557253,1982,578,323,2
"fZXYJ2Yf4-Q",24,557189,42325,1454,2073,3
"WvqwUpMCok4",24,556782,885,1748,0,5
"6Um_Pkl8qiY",10,556406,10008,393,506,3
"GcAp5sSSIwA",24,556380,2959,1716,334,2
"_r0Y42rqAug",24,556163,1960,447,190,2
"55jkSumUcG0",24,556119,2472,367,216,1
"5D_GgPx3jH8",24,556114,17096,1393,1962,2
"TZjdNdh9c_M",28,556029,2527,927,405,2
"BPGspKxSMGY",43,555922,3582,737,435,2
"n3raQ-mZu-Q",43,555732,3294,785,258,2
"EGc1JGiF0fA",25,555609,3177,1590,3723,2
"IzISxr82gGQ",24,555509,0,0,288,4
"wyE_PZ4DNhM",24,555367,3473,1052,411,4
"Oo76nzAY6QE",24,555262,2409,4250,2399,2
"mmEvQNZsOs0",24,555221,2890,971,301,2
"6kxx0OCQR38",24,555199,1888,2044,2702,4
"PTNPWBAY-7c",24,555146,1440,487,144,2
"mebB8lcBNSM",10,555142,6459,348,183,2
"yOHtg7u-sAc",43,554967,3512,855,523,2
"p1-jfIipvwc",22,554815,24628,480,2701,5
"bKOcPrsvHFQ",10,554454,16134,789,1065,6
"h-amFAvKKN0",1,554324,12577,475,453,4
"QVYPB1NqV-c",22,554218,1918,308,182,3
"A1li901UC70",27,554189,4655,1085,385,4
"I7p2r18NH-I",27,554092,23171,676,1083,7
"BP2jaDpzMn8",23,553487,10396,696,554,5
"HsoT2CtuyTM",10,553336,29773,1173,2410,1
"Lqc6o48KQhY",24,552806,5257,590,1122,2
"rrZ8d0hDyzM",23,552781,12525,2945,1131,4
"Q-A62p6sJ5E",10,552724,23168,402,845,3
"IMw7bDW8uYA",23,552417,9632,806,449,2
"8wZRs4-o7EY",24,552219,4755,190,721,2
"EnQVQ9_-ZjM",25,552080,0,0,0,2
"zNG-ePrteA8",25,551798,0,0,1081,2
"lxLBGugXl7U",23,551795,80795,1345,6392,2
"rXussBvSW8E",25,551612,2670,261,260,5
"JSqL2yaWSKE",24,551493,1140,830,262,5
"FNAnGJ2yRSE",24,551343,1055,308,63,2
"g6ydk-TTdYM",24,551327,15545,1303,856,4
"ZD8Lj8SfvAI",24,551219,24401,720,3395,6
"kNusfIpiA_M",24,551148,2149,780,432,2
"HU1nGdGg-2I",24,551146,1584,128,96,1
"CxE4anlaCvI",24,550624,831,400,97,1
"1IivsJpJkoo",24,550518,17122,1429,1044,1
"nPkBVb9Rf7U",25,550340,3262,354,416,3
"jTRvTt2LrOw",24,550311,4668,636,1257,2
"B3yFBYKJMmg",24,550063,7813,599,998,4
"OIVIbeZdhTQ",26,550027,7161,523,607,1
"kZ3Ua_zToo4",24,549976,2598,391,208,4
"ANN7E6yzvDc",24,549907,2339,894,359,2
"nw9aGCkzbr8",1,549865,1703,282,104,1
"vd8wq_pBcfo",23,549781,2847,440,484,3
"omk34h8X4VM",24,549549,3518,797,228,4
"o0t6MwANVc0",24,549490,2274,294,188,5
"y8uB4JpFSBY",25,549480,433,833,0,3
"wp6JyLeo4mY",10,549201,11699,378,475,1
"AD8y62NvJqk",25,549035,1795,1153,344,6
"MDZomGkIrgU",10,549004,7006,183,182,2
"_amE6pAAZHE",10,548968,12818,307,319,4
"1g5mF_pw3TQ",24,548900,2373,445,1160,3
"ITflhZqN9Iw",24,548822,3705,249,0,2
"WCaeI1vlLRI",24,548738,12093,321,336,4
"ITgGCm2sRa8",24,548635,29444,1685,7546,4
"AkO-HWVFJtU",17,548476,8154,326,603,2
"mVAQYxO-Utg",24,548089,4464,220,289,2
"KMjMU042Pgg",24,547556,2226,556,306,2
"VjiZZaSyVvg",24,546946,2351,589,329,1
"hCH-S62dGuU",24,546933,3571,847,571,2
"Dsud40rh1h8",24,546634,5564,1010,504,4
"hK75gURF_cE",1,546610,13933,305,300,4
"2_YiKWygojs",24,546543,3072,359,619,3
"XRcAqUJ9az8",24,546539,3927,387,625,2
"dP9r4AkVhgY",24,546418,18951,803,881,3
"cRpX22lV6U8",26,546367,2666,688,172,4
"esP3tENzeYU",10,546080,22873,1448,1595,1
"R6dac-Q-PTM",10,546008,4246,618,335,2
"nfsEAWjI-qY",26,545858,8038,1080,1541,2
"i_Pq6VFA2nI",24,545762,2578,642,237,3
"wRMjVNHWmEE",24,545673,1581,546,237,2
"ZOh1iyHBTQw",24,545664,3719,897,278,2
"CFgGmk3KGmQ",24,545538,27879,611,1967,6
"sV9Nc4mprO0",24,545486,2280,589,366,3
"5NSkAuUQq5Q",28,545273,30657,1888,7842,2
"2B8kcxeYinI",17,544977,11682,398,1139,1
"SsTKQJInmr0",23,544857,10513,514,457,3
"qjx-PP8lw1Y",24,544798,23950,2940,2281,5
"O5QrLnVcQXc",22,544787,22006,538,2241,7
"DB4Y1TokT6w",24,544491,5911,584,334,3
"-8zTgjMMVWw",24,544362,2384,330,175,2
"8otf8RucCAs",1,544314,9475,287,319,4
"_Zhz8hF00pE",22,544282,28517,1738,1489,6
"UPAntpD_29I",23,544172,3267,336,617,2
"S9DiLY5dQxo",23,543770,28189,675,684,2
"uvSMjZpOguA",24,543663,2280,401,168,2
"GcJSg7ZFVwk",24,543514,2950,340,146,5
"UFQOGSp58b8",24,543420,3887,766,331,1
"Ch6aNppr8Gw",24,543339,4718,265,281,2
"b4w2GXz3Lr8",24,543180,2369,200,165,2
"sQEPrQZzVIU",22,543115,1648,351,395,1
"5XiCR7p13Ak",24,543049,1944,131,154,3
"wn57ZVIp1L0",20,542986,9829,793,1060,2
"WXWA5AlXxpI",24,542761,4917,624,914,1
"trIECHv2fNE",24,542624,2833,841,315,2
"6rv9Ak2Jnyk",24,542300,1507,861,780,4
"VWRqkKxJlck",23,542138,11020,543,567,3
"bc5oDTmaFWY",24,541904,10327,1765,1139,5
"vIN7-n368qY",24,541639,1558,156,65,3
"i7Z8T_Sq3bc",22,541570,0,0,225,4
"7K2PmIM5i98",24,541525,2616,398,1696,3
"TlXtXu6DJD4",22,541270,8621,652,404,1
"yNbeuH443FY",24,541104,3693,1824,2180,4
"Tf-yDe_ZLSw",24,540975,3419,438,588,1
"1xCGI2VDtS4",22,540718,1712,966,462,5
"UtsrgnLW4AE",24,540577,4382,397,224,2
"a8agPjE8xxo",10,540331,13038,866,475,1
"SQTrqeQXsi0",24,540330,19192,751,1118,4
"V4nICKJZS-A",25,539310,1186,394,140,4
"PXXy6C60SUI",23,539238,10744,914,1289,5
"fNrogqK82_8",24,539091,1802,369,63,2
"lIXNfcm2TGk",22,538913,0,0,48,1
"kTzeUlWY1SY",24,538893,7813,2556,1480,4
"rdnSMooiSfY",25,538871,1986,352,0,4
"2MWlNTZDbIM",24,538810,3395,536,185,2
"kLJLecYz5a4",24,538748,1176,225,47,3
"VYvBrl2pCwE",22,538350,26654,427,2517,1
"b5tJ35kPXgE",24,538235,3998,812,0,4
"gNTWoa236O4",25,538197,3272,384,728,2
"B76D5tdiQAc",22,538018,22919,1831,818,1
"U3vOQIOTa9I",1,537892,919,418,105,2
"4dtwU5xqR1Q",24,537482,3777,313,136,4
"LHN_0NO9vhA",24,537419,2867,996,293,1
"XbNu0Y-62Zg",24,537143,2978,745,225,2
"5TXt6A0zDWE",24,537006,3430,364,593,3
"ZUzzlRudjGE",24,536984,2170,475,208,1
"XPGuDx6RDlk",24,536911,4463,409,919,2
"ipyr1tiGpL8",1,536908,1297,303,58,3
"brBS23BJnJk",1,536721,14876,381,567,3
"5bFn-JOfRGY",1,536684,1126,182,22,1
"6VhtIJxeN7I",24,536644,1967,136,143,3
"MjOtGsZwW24",10,536501,13232,1613,1892,4
"XVBp7XS0r1c",25,536376,2680,407,470,2
"n4siMzEeTKk",17,536252,3463,379,130,1
"SPPskRX5CoU",25,535951,7294,1538,1289,3
"hHmYqnUftpA",24,535845,39881,1093,2882,3
"m9nqc42uUzU",22,535756,1406,976,139,4
"rZLhunJBQA4",26,535465,6902,630,550,1
"Q5bCKfHc0tg",24,535437,4427,484,740,1
"tR5FZC2FP-U",43,535254,3105,1403,898,2
"L_WFqfoORL4",24,535149,1046,258,919,2
"chHbIaJzugM",24,534951,5420,503,855,2
"D5Mq4E62oss",24,534843,1710,126,196,4
"i25XjckZsWg",24,534795,2307,486,277,2
"__XaQ6q2ZbI",24,534787,1771,698,230,2
"UVWHmrKJgt8",24,534463,2730,849,446,2
"2bMkkqzPvn8",24,534414,2354,142,40,1
"w-Tp4uXus2g",24,534393,7913,2795,1029,3
"KLMnGtoq5Oo",22,533830,3685,273,509,1
"gm6Cm33h57g",24,533726,35242,3383,4455,2
"rHRwCMip6F8",1,532840,1149,268,105,3
"H18inl0M7K8",1,532683,1019,461,131,1
"zkWiTLKE0mg",24,532650,16322,132,1972,1
"qZUY4e53pMM",24,532229,1039,488,69,1
"b54t1CY8qyg",24,531786,1079,748,551,4
"QuGQ3QVvxZk",10,531459,3884,344,266,5
"_lX76-2yda4",23,531390,28656,1229,2612,4
"3lCn-hLeB4s",24,531220,18960,445,2599,5
"JUruoiHSbLs",24,531125,11340,708,654,4
"94lHHiBC-PE",23,530946,17083,853,424,3
"iSUT1jJVTu0",10,530877,16172,1082,1158,1
"NP06n2oe8Kw",10,530802,9005,146,479,1
"DtfnWGDt6zg",24,530729,3230,611,0,2
"glKhXh-Tf4A",24,530580,3875,494,744,1
"IHwNbqGd1Z0",25,530229,2006,507,859,4
"8LFHKnlZ9kw",10,530213,8204,223,251,2
"_MH42OZVodY",23,529908,79744,1011,7025,2
"M3ZCKHU0PQQ",24,529903,2315,461,1044,3
"NQIkUVRBzfA",24,529877,8666,730,1792,2
"lsHl9KIO65Y",24,529782,3719,530,711,1
"28IeIaBvMgI",24,529729,2593,407,128,2
"18k8q7yHLvU",25,529547,2132,341,720,2
"s166nB5x66c",24,529535,2491,226,169,1
"8aUsh5vdr3E",24,529497,2490,476,210,2
"UiITmI06X6Q",24,529439,2181,1014,299,2
"n3F1q4ZbVt8",24,529106,1703,124,98,1
"Wi3pu6InO90",24,528953,4402,687,535,4
"W3R4GufVf6E",10,528928,5216,795,361,3
"odDm8LDnO3E",24,528839,2287,454,101,1
"DqFwJ1DkuVM",25,528813,1790,534,888,4
"s1Sa3upX3bQ",24,528558,12120,962,2616,5
"_Ifh6vRJxKk",24,528330,13107,785,800,3
"cfO3F0BtL4E",1,528199,6387,748,689,4
"Xsz7G3BNpDU",24,528009,18946,1005,921,4
"-3FaXkFBUDo",23,527937,30510,1188,3234,4
"IMAUNvSYs_Q",10,527913,15715,366,757,1
"MWezw6LZd7Y",24,527843,30564,824,1130,1
"4lCyGLHRti8",25,527741,2968,386,313,2
"ytHurcXhxck",10,527593,12349,1447,1625,3
"GsG26KXhaiM",25,527029,999,560,346,5
"DjVdzb5sryI",10,526704,5471,495,372,3
"mHSR2WBxKXw",24,526692,825,341,94,4
"6ZGMomOaRqw",24,526529,12765,694,1480,6
"CvuHKqenwbk",25,526509,7007,443,839,7
"BgMl9H6drMg",24,526348,2279,640,293,3
"AG8yHJ7N5eI",1,526046,668,313,79,2
"gnfB-x292Jg",24,525746,3102,706,245,3
"hze6Um6yvsg",26,525724,11914,1050,324,2
"VXhjJZnlESs",24,525527,2658,450,201,2
"dPL_3dUIU60",25,525518,3744,1528,1322,3
"IMzcFMu0phg",25,525345,2867,450,242,5
"y2OiVBFKuSI",23,524914,36493,1012,1980,2
"jcDWZ_e6Vlc",24,524619,13618,3426,1385,3
"VgCtiw2FL8U",25,524580,2610,299,282,2
"i8OKoSGJTT4",24,524183,1214,189,129,2
"P4XprZQUEx4",24,524126,579,537,118,5
"RXOUAfGaZZo",17,523993,12624,538,1077,1
"EK5K-xhyzXs",1,523861,1933,342,97,1
"gtyD7ae6W3Y",23,523845,3857,608,1027,4
"PVxtqaZ7CFM",43,523815,2364,1129,383,1
"qBCfEdcGSTU",24,523702,2991,745,185,1
"QlMJlp2cFtw",24,523453,7359,7828,1876,5
"qTPsj6FDvjE",24,523382,1585,365,118,3
"BvMOWx3S4RA",24,523322,1993,559,202,1
"n8LXFwB1b4s",24,523183,1996,211,228,3
"fNddOeXJj3Y",17,523173,2516,527,0,2
"hx03Cw-YPUo",27,523125,2405,220,116,1
"BxtvSubERwE",24,522896,1001,572,0,5
"ps7_dC9kmj8",25,522844,2215,243,201,2
"KNDpPx3nbK0",1,522012,6441,848,692,4
"gxMDolO4JNw",24,521988,9351,190,480,6
"rJiDjbIwC3c",25,521757,8850,1272,1356,2
"t6j-06R3B5E",24,521728,6343,209,307,5
"kfOeQj7HsCE",24,521561,12735,238,2061,1
"FvwiZtJLtt8",24,521331,13208,1076,1351,2
"HMjOGgTlo80",24,521325,1498,274,29,1
"PgEDv6cUHbg",23,521063,2731,335,300,3
"dmnfEX5P3Vg",26,520839,9459,382,1504,3
"p19qiGKZmfA",10,520785,7541,239,265,3
"KN5vMxFUzog",24,520490,4179,229,352,1
"YwE7Jlo-_iY",43,520417,3429,808,423,2
"7KolfbvdcLI",24,520364,23978,4411,7877,4
"1xR-XgReRg8",22,520131,25297,465,2229,6
"5if38K4wbb4",24,520128,1173,516,232,5
"gBYdWqHkTnE",25,520013,4103,732,0,5
"tpR9v60EVxE",24,519970,3994,371,562,1
"glOWHWuMEG0",24,519871,2690,655,1776,2
"9ZTOjsBpv7c",43,519637,2702,4294,2566,1
"qGFAgaN9w84",22,519194,1908,354,350,2
"f0KUdl2AMN0",24,519190,2026,380,139,2
"xL2hIBjAcdM",24,519101,1230,127,102,6
"sWetrgRiMBA",24,518743,929,573,0,4
"O-Gh3Dxm3XY",25,518663,2973,1127,1627,3
"q6TzcYC3uWY",1,518533,6835,423,277,3
"sOR62oH5Qt0",23,518509,73567,724,8676,3
"NrLzKs14lnw",24,518349,1865,725,374,2
"7Fk170DfmJE",23,518271,17150,819,455,1
"RI4v1o9zc6U",10,517781,7448,468,437,3
"YKSy3USMJ0Y",24,517693,1910,133,189,1
"t6QMMOwEHB4",25,517486,2632,1089,0,2
"T5JtuocuuHY",24,517326,3952,1204,872,3
"TeYaEpExRa8",24,517204,2195,368,151,2
"zHKg_GY57M0",24,517109,1834,217,108,1
"E465eAFxDIQ",24,517031,861,365,142,2
"HN-ZQOOa35s",26,516804,1451,636,106,4
"A_JJeMr8pm4",25,516739,8794,466,2111,2
"Os_-gLLxfGc",24,516609,982,434,207,1
"elFyAaSDO-o",24,516354,2059,704,304,2
"jF7eykwJljA",24,516257,1217,402,347,2
"YO0SJWfLPFo",26,516236,2315,401,36,4
"sbWaGBXyKHc",22,515521,0,0,162,1
"Dnu3XxIAETk",24,515501,2535,467,357,2
"uDf_WLrM7gE",10,515434,17529,796,812,3
"Rgr8u4iAjTk",24,515378,1270,492,345,3
"0O22XNPrWd4",25,514823,1008,237,184,1
"a--IRRuuwbE",43,514098,3296,804,321,2
"Oc7DgC3bIj0",24,513767,3203,490,2800,2
"1HbIcadAaK0",25,513509,7583,465,1381,4
"g7BHnHzwOVo",24,513503,14485,1240,721,2
"RjU7ve8IWfI",23,513483,16819,263,486,5
"czBa9nbvGNA",23,513446,12110,200,775,1
"HwJpR48KU08",22,513438,4511,278,624,3
"q6hx2NtVTOs",25,513269,3486,384,360,1
"pE2HlsFx_uQ",24,513212,2415,500,387,2
"jOeBTWmzXFM",24,513136,2111,396,206,2
"qcD1jSlPciQ",24,512905,4572,449,961,2
"4PjppYiapAk",24,512893,0,0,44,1
"22DU5EOlZC0",24,512816,7717,728,717,2
"GrEqOlVp9OI",22,512616,6913,518,544,3
"_5zMOMOHgL4",25,512575,1419,231,99,4
"xdrzpOIBA4o",28,512326,5839,295,693,4
"kpjKbaZQJKU",24,512272,9119,522,1179,5
"y39OCwSCmZU",24,512012,2780,319,132,2
"GGeDle1a3mw",24,512005,1373,241,116,2
"c35eFM3ai6o",10,511949,13301,284,327,5
"t7Y_QlNvskU",23,511904,50388,1036,4769,4
"kTeRj8iqXHg",25,511782,1508,611,354,8
"hT_U30QZwjI",24,511762,3532,321,157,1
"te9ZYLuYEC8",24,511722,30657,890,721,4
"f2GeSskSsy8",25,511595,5302,593,729,3
"IM1jRqHDbfw",24,511594,1062,328,91,2
"FMOnbs5_Bcc",24,511567,809,369,56,3
"RLvOIeYXobE",10,511482,14375,198,679,2
"8EuXrHC4l3s",24,511231,39523,991,2216,3
"VCisJUj2T0s",24,511016,1213,231,63,2
"9crAlCrrsJk",24,510840,2082,495,270,2
"PxSup7h97m0",24,510765,3356,349,319,3
"Uzu_E33_TFo",24,510615,21111,1465,1916,3
"aWDsUYX9S7k",10,510415,6321,3091,578,6
"lOqSAEhh21g",24,510033,10407,960,852,3
"U39tdiKiaUQ",24,509642,18307,271,570,3
"sD0XjmXZ_ZM",24,509464,3095,1339,604,2
"PbA1UjF2ag0",24,509451,24823,842,3123,4
"oQAU-w81c_I",25,509403,3280,297,268,3
"WHU3mz-A82M",24,509179,18318,1253,800,4
"voJaBszuk2Q",24,508903,4164,527,954,2
"hM9qLDSaxWk",1,508799,1567,306,0,1
"KzvqvHkxzsU",24,508522,5794,492,1125,2
"OkxCkz1KCZo",24,508039,4408,97,244,2
"G3BT_gqLyPs",24,507949,1983,512,272,1
"53RADm89qDw",10,507676,11190,356,682,2
"ib_IZWEgeqM",24,507597,4180,431,877,1
"W04PIic_NxQ",25,507217,1343,1212,58,3
"RmkDc6lHWi8",22,507164,2960,158,148,3
"4im5fmrSJ0g",24,507097,1172,544,0,3
"wz8n7C3-1UI",43,506073,2958,816,313,2
"wdPSw2uQj6M",24,506002,2164,750,411,3
"2KXV7GDwxnc",24,505878,1934,617,272,2
"oujqxc3RV5g",24,505876,5274,449,411,1
"po7dm3D36UU",1,505652,7970,1359,886,2
"UydOQgS6Kp0",25,505240,5161,612,26,4
"hziHYKyZEBU",24,505193,6355,6435,2027,6
"ifwaHnf32e8",24,504719,2890,1016,2639,2
"dvha0v56J1Y",43,504526,2920,1085,312,2
"03GmXujDf2A",25,504367,2006,958,0,1
"eW-Z5ghUjOk",25,504232,3154,1212,2355,4
"F5B9jmB_4oM",1,504232,11300,1915,2000,1
"q7bmOgqA3UE",24,504145,1726,201,101,1
"UPw1Nu7Zf0w",10,503956,14845,1729,618,1
"T37rjrt98q8",17,503864,5264,475,222,1
"GZ_FWjE245A",25,503703,1030,268,504,1
"ztugCwW3HKo",24,503586,751,389,0,3
"b8AP-UfOfbw",23,503540,41165,1272,1700,4
"tHnQtzdGmno",24,503423,2195,395,223,2
"oHvCLICs8Sk",24,503306,33239,1088,2449,5
"H7k2HU2WWwE",24,503194,2034,614,292,3
"OvIacuQv27A",25,502997,2902,681,728,1
"TJu7hiNz2Fw",23,502918,44387,1990,5032,5
"rGhPtHFuXNw",24,502780,8574,443,451,3
"hBH3yBtzypA",22,502702,30735,1436,4096,2
"pLU7Br1F5eE",1,502697,1163,531,136,2
"HeLyHoJO-mI",24,502357,43475,457,1545,2
"W_eFFimRJ78",24,501395,989,255,33,3
"gNX5O7wRLCE",24,501392,1309,141,60,2
"TxOZJDqz3zQ",25,501347,2445,765,2279,4
"NbWoW8i2zYE",25,501326,3932,1208,605,2
"px6CS6ctI1c",22,501326,1664,295,91,3
"OTREVdrVgZY",24,501041,5961,357,191,1
"qbxvxDmVhRk",10,500733,7961,345,644,4
"ujxf3DFh2pw",24,500611,3614,426,482,1
"la0zsV6e7H4",22,500170,1845,344,103,3
"XnydR6c3fQI",24,500081,11096,202,777,4
"yFp2jZFVv5c",24,500050,0,0,159,2
"Gwh1XjDMUwo",1,500043,13897,1628,1352,4
"YBW3mm63EYI",17,499991,3834,340,21,3
"BPz4soO2mHQ",23,499798,31669,2212,1679,4
"Hz4HhRA1Kn4",25,499493,1397,297,95,3
"eQcJpa_QHWU",24,499254,3173,306,772,2
"RbVKZdVNKsw",10,499161,4478,312,192,2
"kOUdzGsbBP8",24,499061,1637,771,169,3
"7635XrLD3mM",43,498922,2911,1194,528,2
"YO6ywR9Y4jA",24,498844,17979,492,1237,3
"MX5WHOUo8gM",24,498193,908,264,0,2
"QgpmTrkTdmc",24,498141,4915,228,286,5
"x9SMSnVNoqw",24,497953,1549,413,187,4
"YJ1-lczEaAo",25,497849,2954,234,231,6
"P4t80OyKius",24,497698,1795,701,181,4
"bn8Cc5kLXck",25,497683,391,438,262,3
"S-3rJOJVA1o",24,497636,842,284,300,3
"Pvi-aICt3Tg",28,497479,67233,986,31476,2
"U0PWKkf4gow",24,497356,3643,450,464,5
"x1ZbPmGwR4A",24,497347,3521,278,99,2
"Y8W34AmS938",24,497339,2339,832,0,4
"C6q-FM6ICcc",10,497168,3744,611,240,2
"pSz4jfv9hlo",24,497089,1817,462,579,2
"JrysoawAaYc",24,497051,1989,569,406,4
"61jLSaDVgnE",22,496664,1948,398,310,1
"H_l0wLRFqHY",24,496123,1284,251,102,1
"1MsENU8XLdU",23,496089,13646,351,963,3
"kxFPItCfYjw",24,495970,2991,335,310,3
"7oaoiz26SYs",24,495834,2967,955,193,4
"HS-JpLtk1Ek",17,495802,2740,348,316,1
"uVWplXKyxCA",24,495753,532,350,59,3
"gyKGpZ4yteg",10,495310,2878,706,371,5
"dgCU6jliBdw",24,495220,3653,391,105,4
"f0CWBd7-q4Q",24,494957,9924,572,575,2
"lvUs_SYMJzA",25,494459,2000,528,780,2
"lJGV_P8VVOM",24,494000,2363,504,329,4
"PoxG4j7v-CA",24,493978,2443,358,1652,2
"O6Z6-F2629M",24,493930,5889,1026,862,4
"cbVvkL1osKE",25,493847,6681,652,1339,2
"88U-MDhQI7I",24,493669,1513,142,75,1
"Ze79TNTf-Dk",43,493519,2996,734,301,2
"eq9XGDKsZSQ",22,493331,1879,680,596,2
"7wNy9QrY4t8",24,492994,1582,463,100,1
"uUQ_CHpemA0",24,492847,2022,488,156,1
"CJh_vPllvX4",24,492377,1237,149,148,5
"cWLtWT7W27c",23,492302,33483,1051,3138,5
"UNQaUvm9ce8",23,492176,55382,1272,5628,3
"SmdtPxUXb8o",23,492022,38370,1118,3170,4
"uJLQ5emm-0k",24,491873,897,287,93,2
"RcxurS17eJo",24,491659,4112,426,813,2
"hp47UvOr80w",24,491643,2061,436,181,7
"us3irZ3akpI",28,491632,11249,799,2878,3
"pZu9yMsPTZs",28,491459,29021,1747,5545,2
"6GmMr9S-8S4",25,491430,3085,735,353,2
"LZWYKCxAUUc",24,491391,2071,231,82,1
"T_jNgFqyRzs",1,491355,766,360,133,2
"RXkLgAL0HrM",22,491332,2588,841,957,1
"vV6J2aSypvA",23,491282,2268,709,536,2
"qAXwEVi1tvQ",24,491007,854,237,81,3
"Ip2tCRQCaZ0",24,490862,2291,402,328,3
"ma3ytSee_Co",1,490781,1714,195,138,2
"_2RRVOZAScw",24,490582,20811,1431,1794,3
"35YAia_IJ3s",23,490570,8125,334,371,4
"mSnGDYVVOgg",24,490555,2670,788,268,2
"es_YgKHJ9dE",24,490471,1846,477,197,1
"Lt46fYe7ul4",1,490187,813,284,0,5
"uoD_YUyCRw0",23,490044,9112,548,546,5
"bGGYI9kMfNM",24,489577,25995,1347,1899,4
"gJPDqGNCaWk",22,489467,2176,335,159,2
"b0Q0thPEnwM",24,489449,14335,570,1357,3
"tuam-FqCkhI",24,489415,9928,591,741,6
"kj1HTVrez-U",24,489323,2054,305,142,2
"KObFEYCaRx8",24,489274,1584,300,81,5
"7U1LJYwTzQM",25,489273,2572,239,178,3
"QW9THv7GJ-4",10,489111,7028,586,557,3
"WcmsURFfVY4",23,488896,28914,1204,1627,4
"5DLOCvpeoJQ",25,488888,4503,554,509,2
"0t6j7M877ck",25,488830,3822,1239,813,2
"24hEvlWy1J0",10,488695,15413,468,328,1
"MZO8IgL2mN4",24,488634,23469,348,2742,4
"rt8pLzYgVjs",24,488611,4173,371,247,2
"nL5BZ-MY0cs",24,488546,2557,393,212,4
"GfiIANUaobk",1,488323,7433,434,348,2
"uJH1x0kOwvk",22,488241,7733,633,574,5
"ccSbPSJwsCM",24,488234,3577,768,314,2
"pBn3o9HVLgg",24,488217,11226,139,466,1
"kJCUgcRPAhE",24,488094,1934,146,119,2
"Nid_Zbt_axE",24,488002,5290,224,615,5
"6boxGoYtn3I",24,487882,2690,215,507,1
"quAWroEKQUI",23,487470,10975,387,1143,5
"0G0Naw43hGQ",10,487236,11489,768,1145,3
"7gpdzfuVnzk",24,487189,3715,454,420,4
"7juktpGTi1E",28,486619,25850,1419,4250,3
"MejHV7bWUBU",24,486598,11437,566,523,1
"N62Q_Xdy_Kk",25,486433,3234,214,266,3
"Xca-nW0aALA",24,486260,3242,1616,340,3
"rQURvVkEK24",24,486207,1287,251,53,3
"vOHPXy3UXJY",24,486104,32163,820,1885,6
"CJjPOGQKwf0",27,485883,29228,637,4612,4
"kwBYyMdzEWA",25,485763,0,0,724,4
"S8zTy8R7rbg",25,485711,844,1216,0,2
"huDgbH3URTs",25,485700,1200,523,230,3
"1e3sxl6Fzis",25,485486,4190,136,105,6
"s5Svk84Nc_I",22,485463,2427,1218,983,5
"d5YYd5OXWuQ",24,485323,1346,218,121,1
"KVrHrq-hpTo",10,485027,10729,1018,3293,1
"_MBDzGNYsFo",24,484924,31400,2038,2585,2
"iUjcRQ48ciA",24,484802,3662,259,273,6
"eFujfILhVoc",10,484740,1788,491,302,2
"jQW0apSNm14",17,484715,8292,235,683,1
"cdtkJ_qI0sM",10,484645,4955,736,445,1
"XT05MoyaRCk",24,484556,2628,479,335,2
"LFs94KxPaSY",24,484484,15661,873,626,5
"C9dwTF1cTto",10,484190,3371,610,365,1
"ts7YmLdSwmM",17,484049,1306,168,121,2
"fj21HO0pfpE",24,484035,6479,358,696,1
"VywgR_cU0DA",24,484035,4872,672,411,6
"S6f9w4XwHsI",23,483821,2971,454,94,1
"MjnQHnlIZ8U",17,483781,2697,527,236,2
"Cmcwns8jCpU",24,483212,1779,431,589,3
"PCI71BoUjdI",26,483148,4336,569,438,3
"YoGfzrxCQoo",24,483133,2600,344,256,1
"zMi51K6Rkfw",23,483113,3406,346,416,1
"CRaNLIG4G5I",25,483007,1630,494,141,1
"X5r0nS8eYSc",24,482975,2742,352,135,4
"mToY-QvD06I",25,482954,4225,423,718,2
"_Qh5u5U9h80",24,482839,3978,248,848,1
"VrmHrzo2GkM",25,482755,2723,254,215,2
"Kr35QjXm0Gs",25,482749,739,326,166,1
"n5UJW1142N4",25,482666,1827,2762,829,4
"as6o-fqcsgc",24,482541,923,359,146,3
"lplrTS5ONlg",17,482520,1666,941,142,6
"iJIhujbH7w4",24,482027,3157,307,679,2
"HExKdlePVrA",25,481978,520,200,485,1
"IFtU96UXuDc",22,481950,1876,326,115,3
"TBlTMfPhCnU",22,481935,8577,662,658,3
"bx-QX2ZPH60",28,481910,10747,622,1934,4
"20vQXCtUdsw",22,481801,2068,231,122,2
"DR_B_FyA-6I",24,481638,1060,188,60,2
"pT_8SCKec0s",24,481596,2081,380,207,2
"CEO5EELFNgA",23,481582,37074,1167,2181,4
"Ik9guootKrQ",24,481561,3090,306,230,4
"PJbtHhAA530",24,481548,2245,239,65,1
"ckAh4JTjR7g",10,481504,8791,425,377,2
"hnYkKkYqsXs",22,481479,2264,632,349,5
"a__HU4Tt6PE",24,481385,1156,342,43,3
"8PYhr24iiCI",25,481137,701,612,19,3
"SalvkPyC-pk",24,481090,9007,554,419,4
"QC3hNV5hdSI",25,480748,2981,273,290,3
"vhglWbib0z0",24,480637,3155,129,166,3
"UBtL6Uc-VLM",1,480514,6919,899,459,4
"2K8uyZcB5Fs",24,480426,2847,336,366,3
"vIohS0xEIe8",24,480406,2129,635,362,4
"Ubdg1z4N7Rc",24,480365,30269,381,2153,4
"_k9mt677sGs",24,480344,3673,448,622,1
"RSX3R64_ryE",24,480252,2055,483,264,2
"K9tw0LPYuFw",24,480092,899,210,26,2
"3Xl9vMA4gIg",24,479728,5175,381,144,2
"iLcrQKuLRzk",1,479709,8104,907,834,2
"ZvQ7PK2y3QU",1,479682,5800,321,198,3
"tgkdrgg4Pc8",24,479603,1019,704,69,3
"o8wvpIUMfL4",24,479547,1445,717,213,3
"sLxaDn6T6hc",24,479519,7087,553,391,3
"surcS-nuBHs",10,479416,27935,282,808,4
"TXMj5y5y8Fc",24,479362,1528,120,109,3
"LoRBakPUgFg",24,479342,2048,464,240,1
"ozYeuE6vrE8",25,479247,2060,295,302,4
"UG9PxlRX2aI",24,479077,2735,552,1132,2
"x7qhdLjHxqk",22,478705,652,346,77,4
"xNQm-t-gbdg",24,478458,1912,539,189,2
"gRGrbT57Jjk",25,478058,3967,1576,1403,3
"urOpxQwQZ30",10,477864,8432,182,886,1
"AHuEx-ST4ic",1,477861,7014,692,536,3
"tZ5sEAG4ty0",24,477830,4033,316,147,2
"UxGc8mzjQy0",25,477477,2651,374,252,3
"32y8wrvYNQA",24,477401,6142,568,457,1
"TMJG2T9woq0",10,477353,18410,502,1466,4
"lyrUuEHDcEk",24,477163,844,311,100,3
"ywrCdTQqOu0",24,477099,1471,813,444,4
"LQXq34PbK2k",24,476980,844,272,61,1
"AjqBXw9lT2Y",23,476636,4946,1032,2187,1
"papWW9424zc",24,476597,3188,492,223,2
"W7LaDylvz1o",24,476523,1727,407,275,1
"350GH2SoJrk",10,476460,1581,338,116,2
"NQzqG-DJa5U",24,476365,4867,474,290,4
"6ItAlDv78f0",24,476324,2450,275,100,2
"JIR1umVwmnQ",25,476320,4077,283,299,4
"UhC0uD7aQlA",10,476196,7291,350,400,2
"wRjIre6l9gs",23,476106,19359,634,1896,4
"1Ry3i6324Yw",24,475587,2158,397,319,1
"RGuAnFgu9ew",24,475385,860,381,356,2
"0myJBoLcjgw",24,475357,2710,185,113,3
"n2sykmXOdKU",24,475347,2381,248,350,4
"g1uh6yq2VKg",24,475217,1796,365,206,2
"HI6WvWbzkMQ",24,475026,11956,983,1139,1
"0hmhBU1Zmlw",24,474644,12537,683,1014,1
"4VgcfxLmHDM",24,474590,4897,335,146,4
"aJylCI1nmCY",25,474563,6909,177,359,2
"MoEPugKtZTo",43,474427,2851,2886,1295,1
"nsqeMt-bjqE",24,474266,2270,1025,335,2
"YC9pjAD15MQ",10,474007,9119,392,462,2
"aYrL1Grn2WQ",23,473712,3609,373,715,1
"ZDQqwXZDk3c",24,473638,3248,795,551,5
"9mtQgxszcGw",1,473620,7230,1316,449,4
"7-1gwm3uvkg",24,473553,1728,217,45,3
"2Ey4epZA27o",10,473450,11684,1318,1247,2
"_KKdpGwTjN0",22,473139,1278,270,207,1
"HhNjMDjqrUY",24,472851,1537,489,58,4
"0pBFBN_F5CE",24,472778,9418,236,437,3
"cUE9CVcpvE4",24,472665,1638,348,46,4
"TKvGxz_icuo",24,472492,10934,71,487,4
"i6KIe3rlWSY",24,472055,734,579,0,4
"OEX5nfMCdrs",24,471902,615,901,0,7
"AFko9dpc8q4",24,471859,10338,393,718,2
"eKFOAxue1NM",10,471744,2490,465,407,1
"KX3b0okwL0A",22,471669,13218,434,737,1
"ou1AGa5v2dQ",24,471644,488,309,158,3
"5xdAGZgwwFM",27,471584,2854,385,28,4
"mgCbon31GoY",24,471550,1366,321,109,2
"XVsEuEN-9Z8",10,471369,9252,737,1032,2
"Dg21EeUWisc",24,471296,994,306,62,1
"YxqdrCpLAYQ",25,471221,5301,628,927,4
"_aYnysxozyE",24,471171,680,340,62,3
"5ly4eC-U4P4",17,471089,2911,367,302,2
"lgGosqWlemI",23,471018,6272,881,490,4
"4-gea7DdCyg",24,470996,1372,346,102,1
"6qLUFxwwErw",24,470910,2765,783,383,2
"KW0pr0jqAWw",24,470785,1608,689,151,2
"QxTtsZUcOjQ",24,470752,4572,114,1015,1
"bTv7IXWvO4U",24,470742,2508,350,299,2
"1VXw7T244jY",24,470679,11496,380,700,5
"_vwFTtBk-Vo",24,470661,2417,385,1035,1
"pqnNO4pFREI",10,470575,2913,575,234,3
"vWFq2T5j390",24,470547,12247,1431,895,6
"QOTadQ2zN5Q",24,470286,1876,445,221,3
"z7LBzuvxek4",25,470242,3965,309,521,2
"_XYIqbLWVo4",24,470216,31473,522,2237,6
"UL8pm0lRrzQ",25,469870,2148,214,316,2
"5xYzLjwDoPM",24,469593,1836,226,217,2
"pjgbj8KKKdI",24,469513,2318,272,258,3
"Atj7UQ_dD-E",24,469379,21543,2579,1250,2
"wRHQWlnoKTg",24,469133,1437,487,140,4
"o2pPZCjUc9A",24,469096,3822,486,594,2
"F_3FCmDD2NE",24,468976,976,301,88,3
"PY-v-ocJHOw",26,468942,2412,440,102,3
"SW3XVvjA7TU",24,468871,1634,82,83,3
"z_wMrd3AGHQ",24,468658,9296,241,340,1
"rewrhR1sKx8",10,468636,5028,384,458,2
"DFRTXc_q-2k",28,468508,8522,753,1893,2
"w7U-CkS8Ga8",24,468399,854,458,0,2
"WhnHKIT9124",24,468282,1804,409,159,2
"gEX56vZPZFE",24,468030,8362,1627,1360,1
"OrnbwDIMAo4",24,467863,1376,332,173,1
"03zEvcYt1eQ",24,467581,1546,114,191,2
"WsmTapbjpfE",22,467234,33016,1107,2883,3
"Oezke7z2Vdg",25,467064,1685,143,133,3
"cUrvLo8WhvE",28,466750,26305,1209,3838,1
"XB5gYFEJ9gw",24,466626,5700,613,640,5
"CfLCQ7UV7JE",24,466601,2326,166,134,2
"z5_Bn44WJN4",28,466561,33668,1275,7529,2
"KX1ygyJrKrs",24,466542,11182,243,816,4
"LMIIFG8tHK8",24,466332,1445,232,80,2
"9dirWlQAezY",24,466320,1411,260,32,1
"koQ_MZcIF_U",24,466141,5351,407,521,3
"RASKvC_DynM",23,465965,18346,601,821,5
"vHzCa7N1IiY",24,465830,3578,395,607,1
"mCDlC_fBBBM",24,465556,2636,653,765,4
"hDAfY-NdQyA",23,465298,10829,253,1109,1
"28QGPaNaHgU",24,465210,3485,361,401,2
"HDyC5WFXbPc",24,465122,17042,1185,1095,4
"zJH9GRYBxHQ",25,465082,1662,288,218,3
"x5o9OP9boz0",24,464975,15066,310,1726,6
"g_AotHkf5QE",24,464779,3647,441,665,5
"rdpBonYXgb4",24,464698,1337,144,151,3
"gk0S58kWUrI",24,464694,10097,469,700,3
"gXTOUXT-DlM",25,464561,1983,745,432,1
"UwNOh0m6r-Y",24,464392,1488,211,63,1
"BcREi-3YoD0",24,464011,2264,407,1257,1
"CbMpy0sKbiA",23,463695,45260,2332,6113,3
"4DkmeKhKtC0",24,463527,646,283,220,5
"rOQZ5K5Yqxg",24,463514,1105,211,90,2
"V2VquEl3zzE",24,463485,13682,651,1227,4
"N-t2RW7_gdE",26,463483,21123,1287,6192,2
"Gl2WNRnkWbU",24,463259,757,717,130,1
"P2c5mkTzSCs",10,463203,9875,736,556,4
"a5omkoFgQOw",24,463115,1656,276,233,2
"G0Eg4WXmErM",24,463027,3509,393,152,4
"SGq4N3f4R9g",25,463007,0,0,0,6
"MRGOhfutS4A",23,462957,6562,373,291,5
"TjraRHvPK_0",10,462773,1466,1442,475,4
"1FeMYcCk_t8",22,462704,12614,357,553,1
"7uD3bnbG2sY",24,462478,841,436,513,3
"k75oO2dUS6I",1,462451,3236,450,628,4
"1KiBhy7Sex0",23,461877,11804,1027,602,2
"8MOq66g2G1s",25,461685,1206,289,127,2
"m2KZgwc-jBA",24,461641,703,212,52,2
"qGVhnuIA_kA",24,461620,12531,527,599,4
"53Pzg1WI_rc",24,461568,5146,266,179,2
"96-duia0dTw",24,461487,1300,92,44,1
"Xy-qsiE7Gro",24,461486,3834,121,181,4
"BCHHOu5E2Dc",25,461447,2634,840,15,4
"J_lKpdO6BCQ",29,461408,46548,1131,4844,2
"3_dnepWDMPI",24,461288,42426,601,4034,4
"m8rIhOnP5gM",43,461047,2881,646,299,2
"lk4bI7rlsrg",24,460874,1261,151,310,1
"YthOZAPrtsQ",10,460754,6172,192,229,3
"TI9gJjdMMZ4",24,460272,1238,427,107,3
"YOs2X-xVwmY",24,460143,1879,325,118,2
"B3Rj0xCo_6U",23,459775,3101,471,89,1
"poftDrTUiQw",24,459702,4368,518,640,3
"vV0njDqoWxo",10,459422,6528,244,251,2
"dXt20Kuy84c",24,459358,2540,741,179,1
"IOhEpxcekDE",24,459271,2248,416,183,1
"J-tcQFTdHmI",43,459270,2840,786,339,2
"tmwz--YP5rQ",24,459269,29013,577,1503,4
"mQNDGTfma0w",24,459197,1353,125,50,3
"5NksokyGX3o",24,459132,459,258,26,4
"TK5n93-tL0g",25,458945,3307,300,252,1
"ktG6QDmJOU0",24,458923,913,150,216,3
"inc6M4qe-8o",22,458898,10312,1381,3343,2
"RkHWRWBbxaw",25,458882,0,0,339,4
"pzvPSuCyKmw",10,458815,19768,447,248,2
"H3g2GBRTzZ8",24,458671,1712,144,3,2
"IG1FZOLQJNI",24,458559,16585,174,698,2
"F3GSEVCw9sM",10,458465,12749,338,299,3
"nWn37_52pOM",25,458388,2993,1279,2392,2
"5ZtuGiSgidE",24,458322,8282,483,526,4
"KdeuwsEgqRo",24,458140,4988,393,248,3
"mKbVKGjFMUA",22,457948,1646,251,74,1
"NtXzS9he5Hw",25,457870,1921,193,70,2
"dayRyOf_Om8",10,457797,7127,691,579,2
"B90ykQqBoek",23,457399,15537,1614,769,7
"TjBuQnRugdo",24,457362,2268,345,1035,2
"gbk5X_LHIFE",1,457335,12913,754,576,4
"Fjl1XSiFRho",23,457206,8672,486,581,4
"UQqOrCs03_0",24,457122,36871,346,2661,4
"I2eUVwey9pU",24,457108,2216,258,0,4
"F-6a8MJLga0",10,456764,2126,609,340,4
"cMN9jqoHQts",24,456700,30300,1621,2455,2
"L3hjO5Xggts",23,456666,2495,401,331,2
"JqLfeYHI0GU",28,456488,18043,1068,3256,5
"StsVAaQ9NTY",25,456473,8826,2096,346,4
"0vTUmi56Jf4",24,456379,1957,349,207,3
"WH0x4_xVaO8",25,456248,2630,1243,1181,4
"pNl8xXkPJeA",24,456158,629,235,28,2
"GKm0wRm18wM",22,456152,69738,2269,21365,2
"-7t9WwH7pfc",10,456035,2219,356,269,1
"moASLrr62EQ",24,456025,2634,850,303,2
"JSXtS9Ga9Ks",25,455991,1974,269,103,5
"MJqqvt167Ts",22,455682,4128,582,2362,2
"KZK21zOnpos",43,455540,2874,783,237,2
"a6HI3D8V_yI",23,455479,20407,603,1863,4
"1V6rUOvieZA",24,455424,860,774,291,3
"mGMD9SeDFok",25,455408,1172,413,35,3
"u_UNwdZh-1Y",22,455330,2844,217,168,1
"2dKca9kgn8o",25,455068,3457,248,338,3
"pmqOI5YvbbQ",10,455017,3122,447,160,3
"tSzUmEsEcVI",24,454996,970,338,80,1
"yHLDHa_Wf_Y",24,454883,7012,2100,601,4
"AtvrwKnyHk4",24,454850,8131,377,3244,3
"mr2fiD4TuEQ",24,454692,17412,901,1016,3
"Q5pwlW1fG4U",27,454576,10415,447,671,5
"3U4nlSualNc",24,454450,1569,352,157,2
"WJ9lMV8UnSo",24,454277,16886,499,758,2
"JzkDtyPPMzE",25,454114,2508,248,248,1
"Rgr20ZbEPvs",24,454030,4382,407,826,2
"LqDIHPxBYU8",25,453985,929,295,124,4
"tyBUDZFQmCk",24,453914,2755,231,121,1
"4DLRozDurnE",24,453577,1082,533,97,1
"EwhJ0kxwbHU",1,453566,1354,285,95,1
"5TtG_QGvL2I",24,453552,2275,360,380,6
"1AOlnSeW_wE",24,453436,2400,201,97,3
"v_aCf80G570",25,453216,4429,958,3651,2
"gS9adUnhB2s",24,452971,1535,717,279,4
"9JPgH1kdsvE",24,452495,4191,469,260,1
"7cqyH5d4VDM",26,452416,9185,797,714,1
"4V-5NB9tRz8",24,452405,2110,339,768,2
"S_6Q8LXBxN8",22,452385,0,0,0,3
"QQpCG_IvUOo",23,452223,28346,1513,487,4
"7qTs95roe44",27,452219,44672,2788,5598,2
"Jm_dWKz2HUw",24,451469,12559,582,349,4
"6P_7oVl3XWI",24,451323,11200,329,262,2
"swcqqplyqCI",1,451188,641,331,8,2
"ixvhgpPPHX0",24,451108,1301,295,65,4
"3aZa0hpQwSI",24,450960,3836,490,120,2
"SBh0h9m5Bu0",24,450908,936,1166,183,3
"PRX12Wtq76k",24,450818,6851,871,1327,3
"yXaMd8pOGIY",22,450722,4880,337,169,2
"KVccbaQoXgU",24,450522,3207,360,134,2
"aeVtTvVr-2c",26,449894,22247,1720,3748,2
"ElDPLY58pIM",24,449849,37571,623,2727,5
"UzgOHtfbur8",24,449467,1924,503,234,2
"YlvPvUkzdxU",23,449440,54329,848,5567,3
"xRnLTkO4kIk",24,449382,875,310,77,3
"YomJwM64EOw",24,449365,1697,109,120,2
"sGEwug3liqU",24,449362,3569,453,249,4
"TnYVYL5YRnA",25,449345,1203,412,170,2
"9FaxMOL7lO4",43,449197,2917,781,362,2
"gqpM8_fanbc",24,448981,2985,294,267,4
"ahMla-qYPT4",24,448896,643,4192,1229,3
"ABn8UOK0Qy8",26,448883,4263,425,123,2
"6ajCr0Lih4I",24,448179,803,210,0,2
"gHg4kLagBuc",23,448163,4638,289,398,2
"zIvfX9vc0Nw",23,447755,23896,1304,1340,6
"mM_km22VZaM",22,447520,1305,738,728,4
"ABxzxpAT5BM",25,447419,1602,359,138,1
"rPN1pUgt9G8",24,447385,1183,509,480,3
"ejZ2MhklVf0",24,447261,1025,941,136,5
"qrcS2u4QuLE",24,447208,2044,346,540,2
"xR8EXsz3wTU",22,447202,2070,337,112,2
"9e-90Sz_iN0",24,447161,2791,286,410,2
"IPPpfXo-43U",24,447153,1128,219,80,2
"xwPrIeLF0SU",28,447149,13114,600,2211,3
"uKmx6OnbuN0",28,446879,131887,1254,118594,2
"duThJjPOXjw",23,446871,34104,554,2390,4
"pOBMJhaO8lk",24,446870,1175,220,170,1
"X8PwXlUwFXQ",25,446705,4038,259,500,3
"Ozx5tIzk0ak",22,446505,3245,242,151,1
"Ql7lAA-0n4U",24,446502,1189,262,196,3
"htOndiM5ERo",24,446477,0,0,0,3
"PdZWJ-Vejw8",24,446472,2848,331,145,4
"MbJ4zPEwFnY",23,446465,12676,869,1776,3
"GHxmLMaQFZI",24,446235,936,193,277,1
"RCxpOky7Qa8",1,445960,7583,822,692,4
"D52Sb8F168Q",25,445960,1285,262,335,7
"Zkp74rlLc68",25,445943,1116,531,0,4
"wQjmJOk2ctE",24,445920,32500,924,2255,5
"PwJNm2Qr5C0",24,445754,1196,145,63,2
"ZXRSyVWQQ8o",25,445552,7880,1408,401,7
"yliO6jWsdS8",24,445246,1952,239,197,7
"00TnpHQpGzM",25,444808,2579,638,403,3
"M8stuApKzjI",17,444410,3409,397,188,2
"7uJLXIdvs40",26,444332,11111,305,911,1
"5yfvTsLUazQ",24,443889,4360,191,201,5
"tWTRrBXebMs",24,443809,2173,543,201,4
"gJNF1R4EDnw",26,443772,9167,660,2316,1
"nnisO_pB-0s",24,443593,2758,508,116,1
"1jLQQlUPyrk",27,443537,2925,387,126,2
"vcjm6k25z2c",24,443350,2561,331,288,3
"wWb5gqnIAEI",25,443014,1407,284,214,3
"vhqWJTp_MKA",24,442995,2944,722,525,2
"oWDaEFEXsTE",24,442897,3592,216,191,1
"ePSwjYXQfgw",26,442830,2148,472,113,4
"gxtLzMqFzEk",27,442538,14885,757,1334,4
"wBLBS06nmLs",10,442497,13441,1053,1208,4
"i6JEjNvA83g",10,442380,3685,470,244,1
"1psandDZUIo",24,442244,649,1149,170,1
"fho4x2v0kMM",24,442209,3976,2103,529,4
"64EQ5fL-Ftg",22,442154,1848,419,66,2
"MwZ0MbAwaqY",24,442029,34421,1485,3992,3
"Y1sRKIRHK9I",23,441989,6469,406,379,4
"F4JRPtedfdc",24,441660,3262,325,679,1
"7-9W2bnMjqU",23,441474,19222,365,393,1
"tSwzl7tjORQ",24,441222,1666,140,146,2
"0bSRcHm_AaE",25,440850,1629,612,526,4
"tsxAv2GOxIM",24,440612,1641,600,217,2
"YCEZSU0qiSk",25,440594,2945,279,246,2
"15hnUYpf3jE",24,440453,1937,509,91,2
"bPMJSaQ_axw",22,440405,0,0,86,3
"B8rcJeX2U5c",22,440264,1903,293,107,2
"jYv42jWDZiI",24,440224,1715,746,221,1
"u57fE2sjcJE",24,440142,34122,551,2163,5
"OOGvwNHVtVE",23,440090,3022,505,198,2
"3bygpPwiGuA",24,439729,2519,784,132,1
"0ofpAJKeUpM",23,439693,9213,554,470,2
"Z9twWYOt-XI",26,439375,6025,421,565,1
"2qvsuXfjBsM",10,439207,13174,404,652,1
"GHHQuJC_sPo",25,439173,4454,400,404,4
"q8T-GdTYUUo",24,439078,5233,294,114,4
"jDEaZBzwJ_o",25,438858,1910,294,611,1
"AVr2DofrpkU",25,438789,2910,499,0,1
"HjTvB7rhvkw",24,438708,1046,187,91,4
"Lse8jl_ATFA",23,438597,13949,591,572,4
"pE1A3XNNBzQ",23,438585,19086,849,436,6
"Ky53VUgL4os",24,438367,28410,691,2603,2
"lDXhoW-9BN8",24,438245,3730,245,108,3
"q1Epg86-rdk",25,438209,1141,454,372,2
"j-Nwvy7UDqE",25,438177,8165,1344,1637,5
"mPCL6yY2d7U",10,438121,5511,1171,464,3
"lql4g9WbrRU",22,438100,1338,250,400,5
"6KeeVRc6P_Q",24,437987,1194,132,134,1
"mG20Ov6VrK8",25,437916,2747,137,417,2
"OuTM9ClTs48",22,437836,2052,303,167,2
"ELZH3PD3Tlo",24,437788,44207,154,1269,1
"AfqPD6kb7nA",24,437768,8072,305,2008,3
"oETZk9pm6kM",24,437650,3250,515,846,1
"0QWF81hT3Uc",24,437629,2208,326,177,4
"yot6kIhLdpQ",10,437597,5971,572,500,3
"XJ-7eLMwO6U",25,437388,3168,481,397,3
"erG6plRsPbQ",25,437343,741,898,810,4
"u1RGKDuO04g",24,436970,34780,685,1378,5
"uO2LA8FS-7s",24,436450,1799,205,105,4
"jVcsoMbs_gs",27,436430,2133,355,52,2
"wmLgU6-FE0s",24,436383,8701,810,403,4
"wFMyarLMXT0",24,436376,2275,379,1389,1
"2xzjKIfgfaQ",10,436337,6583,321,258,2
"GR9pZuk3sRQ",24,436282,3287,284,131,1
"Cl4zOn1u7Vw",22,435897,1671,242,161,1
"6H2bUCOZFPE",24,435576,2862,472,963,2
"Os9ce4XFS1M",10,435571,11039,245,467,2
"QcjrtPYGVbE",24,435530,2109,513,62,2
"ySPnqI605ek",28,435461,25526,1215,5666,2
"kvnAE-SbTbY",24,435265,1287,116,27,2
"wScqcjsvIGs",24,435250,1440,292,190,2
"qVt831N3q4o",22,435188,14387,703,1431,1
"1M1-TkLTYJs",25,435101,4721,400,2317,1
"G3izB6HQ0F0",22,435007,4119,367,284,2
"mf5EFW3W2k8",24,434895,954,318,0,3
"jJbULEbQyTM",25,434803,8044,141,332,2
"3L9wmlMlpgI",24,434627,1214,179,34,1
"qlvG_85vCbs",24,434379,2095,257,65,4
"bc-7p3k1D6o",24,434353,7773,203,256,3
"u2EdVVKlgNs",22,434292,24533,1425,797,4
"vt75oPbLCzo",25,433995,4339,923,1272,2
"cXl3krZZOGc",24,433994,2292,2556,1350,1
"hzdyJtjyIo8",24,433711,9238,566,800,4
"vkr74kiEPM4",23,433683,11025,1741,1307,5
"UlqoobYv8cM",24,433416,2391,554,267,4
"mET6uxaf4zQ",25,433411,1192,198,6,1
"RtBCKW0tLRk",24,433302,866,854,80,4
"7tx02bD_kPU",17,433297,6854,1123,500,5
"uFKqQLmEm48",23,433186,8662,639,408,4
"o_lt3r7-z30",24,433063,2470,151,214,2
"WPuhu6dYyQY",43,433053,938,298,119,1
"9tImXthQ5FQ",24,432807,2959,638,595,3
"OyVfJ7dstPw",25,432786,916,231,100,2
"8UJiXIJiWtQ",23,432780,29035,1000,2069,3
"1gx5bCXkwJg",23,432762,2560,303,349,2
"lgEsI_c-hLs",24,432330,1985,624,400,1
"UKkNcfTvVjI",24,432256,10267,631,651,4
"M5YscDQztgo",24,431998,2045,236,59,3
"LRXR_JuVYHw",24,431625,4093,313,198,1
"nCW6WnRoxcU",24,431529,3887,247,352,2
"ZlNEn93PEeo",1,431393,15862,585,350,1
"ql-WQp-jKp0",24,431341,2393,228,95,4
"i7IjkHtoxGE",25,431329,0,0,0,4
"_btXeNuigvw",24,431109,714,98,41,4
"EqVeSfi12F8",24,431073,2860,294,184,2
"jV5mV1U3CTw",24,430932,1186,364,111,1
"7Bbo5erYdO0",22,430908,2233,423,367,1
"fWCZDN1ph4g",23,430697,30798,1042,2043,2
"QWKHAeQCbwo",22,430660,1015,185,70,1
"fvsh83GwDi8",24,430399,2243,466,127,2
"gOy4HbD6bfQ",24,430366,851,286,96,2
"gg9MgabLURw",26,430261,2069,503,288,7
"TyZ45uGwxSQ",24,430220,1663,404,110,5
"ipuVY9GMK5g",10,430199,11231,295,284,3
"fpcirkEEjfA",43,430174,1991,858,255,1
"nakB4xtA7WQ",25,430151,3634,429,402,2
"RBHZiCo0DmM",22,430081,1760,383,247,1
"FsQvINUjEus",10,430019,25608,2438,1680,5
"g9NPLuIvM2c",24,429981,898,157,62,2
"zWwnvD1mSI4",23,429945,12838,1805,1070,4
"KRhvp2xufZE",24,429894,1688,293,138,1
"7TRFf7uUfhQ",10,429785,10151,500,792,2
"9UX3UUXQtyM",1,429680,15807,1198,723,3
"9gkxwIZPOZk",28,429673,20505,477,2779,1
"UP6Fs7Nvzq4",24,429648,2385,385,191,2
"Z79vbEnU6M8",22,429592,0,0,203,4
"WWeBnNLDd_4",24,429413,18663,1464,925,2
"7Ty1LlEAjbM",22,429292,18345,1204,984,2
"ncNaC4m4rxU",24,429112,8734,447,344,3
"Le5UkRtBahY",27,428992,32539,514,3341,3
"5kT4pry7wpg",24,428936,2510,330,1377,2
"ao7rtrWuwxs",24,428740,1346,847,493,2
"Bq02iidWHEM",24,428734,2440,373,105,1
"xUGYcyGCfrY",24,428656,1347,602,190,3
"kQvRWXuMd5M",24,428654,3585,59,928,3
"fcwEe0od1W8",24,428399,640,293,42,3
"FrHfRa3AADI",43,428371,2548,719,269,2
"uoWAf9FPJG4",24,428282,3088,223,292,2
"SmHK8K35EBc",24,428254,3189,398,562,2
"WhKbxViySLI",24,428145,812,263,21,4
"Mt6C9WXCXlg",25,428123,2787,278,298,3
"TcdWr9ikx4g",24,428004,1029,412,0,3
"ZdnJl80z400",25,427939,1692,299,59,2
"kPOqWhBRyLQ",25,427892,6093,404,553,2
"7n6mxhOf0j8",24,427877,3342,394,418,2
"c_7_uXp_IcQ",24,427670,1044,1292,250,3
"rKzPQye5XzQ",24,427631,27215,1656,1884,2
"TRjQieicOlE",10,427525,3812,560,366,2
"2eSLph2A518",24,427439,1744,206,67,1
"UzsOvoQr1Z4",25,427141,2944,262,317,1
"AcS1vzVeNrg",23,427125,12625,757,2119,8
"SSI5kKq4YYI",24,426899,1045,325,109,3
"72gsrslfoF4",24,426648,1875,333,170,2
"TwrPhtdrkUk",10,426596,15255,369,2046,1
"6-rC9np3x0Y",22,426592,2860,518,518,1
"fTiujTcfksY",22,426578,1716,284,107,4
"I7VClr3ft0g",25,426363,2346,227,207,3
"o0KENXJHy0o",25,426298,1823,734,0,3
"xiVFyVNYaXg",17,426204,14909,312,1396,1
"ZnaLe0NHGFg",24,425906,14589,1118,1170,2
"w5kYxlxwui4",24,425618,1586,659,2785,2
"d8XlK90bz1M",24,425601,2248,435,165,2
"Lrn8i2zFtG4",24,425403,11771,454,1581,3
"fEVoCK38rkk",24,425327,718,786,0,4
"IVAoSRRxsAQ",24,425176,8909,503,537,4
"HTCU53ONfPk",25,425126,2668,214,125,2
"4DOthjQvTm8",25,425064,3186,733,360,3
"raEoptmENCo",24,425025,5667,164,269,2
"8GU6OvvJd7U",28,424821,23255,2133,5079,3
"g3H6M02-uRQ",24,424725,2479,684,244,1
"b9hxf_bJfLk",24,424604,1116,243,41,3
"8Khw_1_0wqA",24,424587,354,504,80,3
"XngCzfakTXY",24,424320,2735,275,657,2
"DdSFtn12ynE",10,424263,7045,495,272,2
"XjXTB0pSl2c",24,424036,2039,271,593,1
"gNjyX9S-Qic",25,423982,3508,206,277,3
"P-_wNnb1TPo",1,423881,9953,1015,446,2
"hWidtvJYmMs",23,423697,4043,380,1022,1
"HJLiyZ618-Q",24,423665,1712,365,340,2
"lEgkxGhfrGc",25,423498,3830,699,430,1
"TdD5np3hb7Q",23,423421,2153,243,190,2
"3TAfds1tC34",24,423373,1923,181,125,1
"qsIQbV1oraI",25,423328,3172,268,288,2
"6BDnOuPDP38",10,423177,13134,406,842,1
"mkqYAZFXrug",23,423099,8272,287,160,5
"T7E3Sn-Pqh8",28,422925,25102,1354,4798,1
"xL-fV3MWEmg",24,422760,1441,376,0,2
"H8-665lReWc",25,422644,3533,1589,2032,2
"cL1LJ2WPgWY",24,422575,9398,206,385,7
"DZIq4w8YteU",24,422400,2935,481,62,2
"FyA06IGm5Ao",10,422386,13657,337,380,1
"4SMMf-nvg7U",24,422286,6686,1260,1392,4
"zX8qgp8DvfM",24,422278,1038,157,54,1
"VmFmCpkvSIY",24,422163,4499,260,229,5
"hZaymtrdZ8g",10,421850,12530,1288,589,2
"KN7uoyo6awM",24,421614,1515,356,174,2
"0jBOb_F7d80",24,421074,3191,359,369,3
"QSpeDA9M72A",25,421003,3993,557,502,4
"rXxUMRIy2y4",25,420920,0,0,0,3
"IGr6_3ckjKk",24,420770,1142,411,91,2
"JdJswwqQIpU",24,420730,2394,269,127,2
"rM7WHRZbwA4",24,420617,17973,1592,788,5
"YbFCADgXXK8",24,420492,1807,327,231,2
"gv7aSsIXC9c",1,420425,4424,139,296,1
"SFjHDaVXL0Q",22,420231,1087,335,91,5
"ZTZrWUQywyA",24,419960,1449,218,771,3
"gUlzhZ1ETXg",23,419906,14642,287,883,2
"4xfWclNV1jw",24,419872,1636,237,123,6
"offeGv-LTag",24,419853,461,1511,209,4
"LXsShle-JKI",10,419798,7594,293,186,2
"CQAQhJ_RRDA",22,419695,0,0,810,2
"gDe37wHUsEg",10,419694,5926,474,382,2
"TAUTRwEj9Rc",24,419548,705,165,2,3
"8O4ZbUaBr2A",24,419529,1007,350,68,2
"MKSaI7dTYME",24,419498,21131,711,1535,3
"OwVaWmJqUXM",24,419465,1786,600,314,1
"NZTF1Vg3M2E",24,419391,1954,584,381,4
"Bg_jvPZkYYg",24,419149,0,0,464,3
"BIkPC0QMRlk",24,418467,1567,294,134,3
"hk5BdLx1pbM",24,418412,1568,156,103,2
"dpf2-sB8Yxk",24,418393,12881,417,1803,4
"hUkVUCP6Axc",25,418387,1749,455,223,2
"ls_gHypURJk",23,418323,17351,480,452,1
"1LTpixReuyg",17,418081,6504,1264,422,5
"2rNTu1jFrDI",23,417935,9645,429,585,2
"5nv0cS5CqyY",10,417843,17950,250,808,3
"Yt62Efjqm2I",24,417809,1123,343,86,2
"mLTabnwFd3Q",23,417665,14549,1080,3806,4
"c9iebv6pvGA",27,417615,12967,990,2950,3
"LzEi5U8ZUwQ",22,417408,1396,229,295,3
"LC1c33f2V9I",25,417385,492,206,28,2
"kQByaHdKre4",22,417323,1167,185,263,3
"sjL64hmQeYU",25,417303,2276,779,556,4
"wibhwQ5OpWY",10,417218,6598,736,1076,1
"bVtCZ7Zhnqc",24,417165,1750,692,0,4
"DK35sq28Pms",22,417053,3805,195,283,2
"URgqLY3Z7PQ",10,416910,8905,180,324,3
"6w2jQvwoB28",24,416860,844,331,66,1
"Kou2MSwRrOM",1,416852,6504,821,584,3
"QlpXQWrGNAY",10,416628,16526,839,365,4
"ht0k6-Ihu3U",24,416611,7812,413,1688,4
"olrC2TIZ_r4",24,416561,3165,323,1072,1
"h6Z9mmSNJcw",26,416539,1648,525,0,2
"8WfHX9Q8S6w",24,416499,1763,374,203,2
"GfUme1S5e0U",24,416381,1833,373,254,2
"4jtUubW7Y9I",1,416353,7961,491,594,2
"5EBDXsTkg1E",43,416189,2107,714,219,1
"BoGvzZW9aDg",24,416115,1208,111,102,2
"5mcBxqAAH5M",24,415942,16709,259,1759,2
"LGCslFvv4lA",24,415756,4254,109,49,2
"9iLJTyguaSo",24,415685,3575,301,1097,1
"e45mLh3GKys",24,415680,5647,376,319,1
"myAPbq_IjTU",24,415584,2353,368,219,3
"0wZfJ4FIzJs",22,415534,2288,366,482,5
"eVhXWPb89o0",24,415521,765,404,217,2
"U3HKnZg-tuY",22,415506,33571,1229,2194,2
"vr3D6tBME2w",24,415453,2139,231,597,1
"sqU6JUzL7yU",25,415293,446,1236,0,3
"kD6yrB-N0i8",24,415273,0,0,0,2
"2W5_bPOgWxY",22,415228,646,313,56,4
"kFotmsNIeWo",24,415108,1807,261,293,1
"py-jsdZXSlg",27,415078,16567,599,1247,4
"Def-3JldSi0",24,414938,1828,398,232,2
"5tLIJKtjYlI",24,414907,467,216,71,4
"JfhRITPpK3k",24,414767,3232,196,146,3
"Uf2Cj7ppggA",24,414593,9226,520,1515,4
"vsup38R_c3g",24,414164,1240,243,147,2
"NimfYI1HvR4",25,413958,2619,290,60,1
"9_mHg7Xx32Y",24,413833,1559,467,341,5
"tJxa6GyWv0k",1,413629,8001,119,271,3
"3o-NOi6fefo",10,413546,9985,277,345,1
"2ivNQeYOWUM",24,413532,2384,244,601,2
"wTs64bJRyLw",22,413333,1229,190,106,2
"PP3S9pg3dVE",24,413294,697,337,208,4
"vgY3wrF1t4M",24,413105,389,856,0,4
"McZQaSlt4pw",24,413104,447,963,114,1
"jJCa2U0LLxQ",22,412869,4153,373,338,3
"t8LYfs7yK0I",24,412776,0,0,120,2
"qltp1qcIP1Y",26,412768,3633,365,255,3
"Cf_1xMOFFtA",25,412687,0,0,70,2
"Jc4ikJbbtiA",24,412500,2617,513,834,2
"uePEiMUnJ40",25,412429,1205,233,117,2
"xilrVsHPk5c",24,412166,3226,1023,811,3
"eUV75XdJuFs",23,412013,2530,300,443,2
"cScW65Rdplc",24,411957,2420,364,1421,2
"P8bIW8NaBq0",24,411795,2628,150,337,2
"xsJfz8AwitY",22,411783,1608,471,94,2
"WI6DoccpvQE",10,411700,7139,265,258,1
"KUCPuO9NpkA",23,411682,9604,1074,1465,5
"XY3IYYySpbA",26,411656,1899,414,150,4
"_XOKBsOFiCY",24,411635,8300,367,336,2
"MeM4OkbNpiE",24,411633,2100,411,1311,1
"v5yDOlD2C2A",24,411568,11789,596,795,6
"H2O-5iwiLYE",24,411055,1484,120,117,3
"MJg77yvjtW4",24,411018,1927,475,258,1
"CHZAj_kaHuY",10,410783,28878,359,5115,3
"Wmh4fhsT4Uw",22,410743,1580,245,285,1
"r1XjM8-Gojw",25,410489,1034,189,0,3
"ZnZ0eNb6t2w",24,410474,1580,397,243,2
"w1fXPi6VbVs",24,410421,10449,312,1157,2
"lP2y3NltBX0",25,410266,12786,156,827,3
"xrBWjIOn4XA",24,410150,1705,387,1256,1
"DuGfGNv0tus",24,410119,871,321,54,2
"TNPn4vnWyew",24,409961,7428,977,1427,4
"KQScNzvwdnw",10,409953,18547,414,447,2
"112gAgi0giQ",24,409787,13238,323,1366,3
"qD5HIMjbIbQ",24,409708,17300,221,1347,1
"ObeRKGH_X1U",24,409653,2105,430,192,1
"dJwtFbbRQyE",24,409580,1269,103,87,2
"QhqthT8RuVI",10,409258,8044,219,429,2
"3vGa_Gejmac",23,409044,18985,1649,781,6
"mR1fOpK8s1c",10,408960,20200,293,726,6
"MlQsyGJU-9M",23,408872,25219,506,1221,3
"Nl7xXyFzIV0",24,408772,22445,426,1353,4
"h6Av9oaYPpM",28,408771,1740,475,260,4
"CtoXuI6WG3k",24,408627,10075,356,508,2
"nlJ4WIj3j24",26,408351,12181,834,1646,1
"vzmAVbMR1FI",24,408011,11305,256,591,2
"JcDvhMVO85w",23,407872,2272,253,415,1
"dCmgBp0ogow",24,407798,1549,378,778,2
"xSjWm8akvYs",25,407766,4567,522,243,3
"KEodKuZbeAE",25,407750,1175,407,483,2
"sihLvRKHY9g",24,407581,2889,334,1625,1
"1ouYf66_etQ",24,407470,2614,175,153,1
"cMayLUfj5Jk",23,407046,17369,1860,1108,6
"3OrLH2A1_YE",24,406880,8979,670,1332,5
"j43RQ74U-yo",25,406845,823,228,75,3
"dpPmPbhcslM",24,406828,1726,478,1428,2
"dJ3YBw4ii54",10,406779,14525,839,1659,3
"TxVkTkYiPCk",23,406740,11429,730,1419,4
"dRvwjTgAGPE",24,406719,1213,208,54,2
"AggBNqMVPuo",24,406715,1063,72,84,1
"wKt1nDLEygc",1,406563,7479,721,720,3
"oLXVx6RiKbY",24,406231,2110,113,145,1
"J0WPU-f9mxw",24,406208,2275,1163,1626,2
"q5ekjrd4kco",25,406176,855,204,103,3
"FidX5un3mcY",22,406106,3312,265,532,2
"Src2kZD7RzI",10,405465,9839,273,287,4
"GqVZrcSDVBY",24,405282,20853,680,1681,6
"_-3j1Rask-o",24,405003,2380,241,436,2
"yGmIQJDZe5c",25,404951,548,525,110,2
"DviVMnjSfmQ",25,404818,2212,249,215,1
"81UWfnz0n4c",24,404795,911,290,70,4
"d6sq2qtbFLQ",24,404464,1159,148,93,1
"wes6mVmRSeA",24,404350,4005,79,537,2
"EM73ySeaPCM",24,404272,23354,487,2276,6
"zglPz49uKtU",25,404224,1017,185,101,3
"SwSnoB3Wgr4",22,404049,1825,90,107,4
"Hy8ISlyuz-A",17,404048,0,0,0,1
"yE4FEqQgCFI",25,404006,3719,535,699,1
"lRe5LaaaN4k",24,404001,698,241,60,1
"TI09lRZ19QQ",24,404001,2373,188,121,2
"hNNMbtmlMBs",10,403994,12767,543,980,4
"Hl-StXn5eQQ",25,403954,2524,564,1838,1
"gBuga_Fb5_4",26,403947,7226,408,1896,3
"kMTl20tKOiA",22,403836,3652,303,127,3
"8lb7xal3lrg",1,403656,44207,176,1149,4
"xKaOKf5VvJA",22,403594,9915,988,977,2
"tkYuF6gCj9U",24,403496,1818,339,173,1
"nzQGITCVPJg",10,403420,5431,496,216,1
"1MHU56OChgU",24,403307,2274,329,146,1
"wh4M9sQ8StU",24,403275,1635,145,132,1
"yoJBr4iOY3Q",22,403238,16956,3023,1029,4
"cPxii4_WJes",24,403237,1835,141,126,2
"G665g-AGCGo",1,403159,1167,195,55,1
"mAGWdbngsek",10,403098,22396,338,823,5
"_Ic1Jo71CRc",22,403074,1505,274,83,2
"u6zjeAraXlU",25,403040,2776,434,1147,5
"6gJfw-NVVe8",24,402996,1411,290,98,2
"84x-etyfzrE",24,402964,12160,284,456,4
"YLsqixEdspI",24,402923,0,0,2583,2
"xqelM7ho8aU",10,402694,11553,395,818,2
"vyVLOsY46dw",25,402692,3103,195,198,1
"RlGYL7o7ELY",24,402681,30803,970,2312,3
"qbXuzFHmBkQ",24,402605,1394,279,37,2
"MViSZ22n9fE",26,402532,2734,911,179,3
"S_aSAUEnxsg",24,402485,1268,334,155,4
"uAYq0zOoPkg",23,402474,2577,276,242,1
"psKWR8IB528",1,402331,7715,780,429,4
"HWBupExfzqQ",25,402288,3227,235,424,5
"JMsA9BFugSY",24,402259,1305,85,116,1
"yyHk8eG0VHw",24,402162,8342,743,838,4
"QYiOzEvTDu0",23,401990,2634,327,507,3
"IbkEGgqJHCE",24,401947,3271,426,464,4
"_Uksazt6G2M",10,401495,24573,932,1117,1
"FNrhn-SFrLw",22,401381,1649,247,274,3
"EEdi8nlsulE",25,401320,1699,325,1550,2
"KgfDonjRZy8",24,401284,4225,466,528,4
"pv-A119x7YE",24,401186,2703,411,404,2
"V4WQpAhBSb8",25,401160,2115,1093,818,4
"To6DorkCD3Q",26,401041,5608,806,227,2
"i7wpwATilqA",24,401020,1960,397,176,1
"H1a9k7Mnpew",24,400989,13984,867,1859,2
"5ocgxI9ffKk",24,400876,1490,390,250,1
"mlIdSpN0tso",24,400748,1969,454,181,1
"79nsFMS7kjQ",1,400528,7045,148,276,3
"0gwOQSJw3Uk",22,400522,672,470,582,3
"7F4K8Ystbe0",25,400505,1344,188,283,2
"vXAB9TQderw",24,400488,6178,705,627,3
"TAQKOIBH6iI",23,400450,4980,314,160,5
"IDVxubAYBWM",22,400284,3496,427,343,2
"aoW_dXeiPi0",24,400267,2680,273,198,1
"mSAgLsrZG2Q",24,399983,13950,167,1395,1
"Rh5BVQwfk9Q",23,399844,2579,365,810,2
"lYZzN4z5NlU",22,399813,2379,120,230,3
"5asNqv1u0oI",24,399774,34869,978,2897,4
"FtPSB7wPdJo",24,399657,1426,184,121,2
"abqavYCnXiw",24,399545,5086,220,520,5
"vXST7lCm394",24,399305,1632,652,1292,2
"DehMqK6WKrg",25,399285,2726,1036,2711,1
"9JdcGeJkntc",24,399233,35018,582,2727,2
"Y0eRSoQdtDk",24,399034,6558,921,801,5
"0stgncwqaEQ",22,398772,6567,756,613,1
"v6lwMyIFWJk",24,398769,929,196,85,1
"nFkchMlJSrY",24,398681,3009,276,149,1
"KcYIggEl4fM",24,398573,3740,97,100,1
"PFzj15U7CY8",24,398369,1040,133,65,1
"NCJE9r2V9Tg",24,398322,1135,290,107,3
"_3LEutdxpfY",23,398140,21688,3854,2748,4
"KfJYCmEPdK8",1,398034,7870,704,957,3
"TEQN8pvjbS8",24,397864,893,285,78,2
"GWrb3yzVc7c",24,397803,1794,570,232,2
"KyF_7Gm__n0",24,397789,1202,268,38,1
"0Jv64Cntv3o",24,397494,1219,267,168,4
"4a0dZSUpU_4",23,397391,19985,2974,4729,1
"hNxpugDszrA",24,397278,1300,325,146,1
"1obPlj-lna4",22,397201,1903,316,103,2
"2p1oQYMoFhs",25,397195,7503,628,838,1
"3o27k2Hb5No",23,397163,3125,384,534,2
"AnVgFzs9Bh4",24,397134,1536,294,193,2
"OONtopsMZDA",24,396731,2363,1608,959,2
"jZcVHNNkZts",10,396673,2204,442,301,4
"d1jVlRTnsYo",24,396624,11334,291,1742,2
"4BHBcsj7mKU",24,396600,2239,351,278,4
"hNf2udnJ200",24,396568,2316,344,216,3
"ibAs5tbC5fg",24,396383,5201,762,533,4
"TZpQN4vLe1A",1,396224,12684,1136,3026,2
"EnbMmUyxoMM",24,396220,26564,737,2879,4
"cHo0to_IwM0",24,396194,2528,185,46,1
"S_CQYuFpzmo",24,396147,781,195,199,2
"5AprOYRDHWk",25,396106,802,212,131,3
"VpQx_SRL6uI",23,396003,22684,944,1694,4
"6nreaBI7wWY",10,395997,26901,719,1754,3
"J-JT0XvksBM",24,395960,1817,119,71,1
"a3SZaEVjXVA",26,395870,2439,298,207,2
"phGveAOXF94",22,395846,0,0,0,4
"7OcjwJOWNRc",24,395711,1620,393,234,2
"eIuI45PEIa0",24,395642,20212,455,1459,2
"z1ZnJzOzIaA",24,395554,3352,365,178,3
"1pvz2vAADMo",24,395536,7259,318,536,3
"3G8yCdIEH8g",24,395438,2806,134,202,2
"dUueoeLg8ZE",28,395384,27943,1311,7903,1
"r5VMpj0GLJw",24,395236,1553,323,607,2
"RqLKhmNMYVY",24,395052,51503,1096,4767,4
"TQFKWUPQnVM",24,394976,838,314,308,2
"XIx8YUajIdI",28,394941,17081,3011,2561,4
"OUKIl0CzBko",43,394654,1069,154,36,1
"lFEfSLkP37Y",24,394577,1437,231,71,2
"le-5uUfp5Vk",23,394418,23614,854,1513,3
"myGAsu-RCwY",24,394254,2006,221,408,2
"OVeMmH2w7OE",23,394178,25573,573,1707,4
"yi23MMG7zKQ",24,393902,1940,708,424,4
"kzQfBzHTvBY",24,393662,4854,1080,1147,1
"nD44WULjUYM",10,393570,2869,385,170,1
"8Dw7KC7ilQo",24,393570,733,254,64,2
"ZfHLIXRj8AI",24,393500,1986,400,201,1
"B7PVSHidebY",22,393454,1322,235,354,2
"38uYnokkWsc",24,393450,3402,1190,1151,1
"1AfQZzX6CjM",22,393278,847,503,500,2
"oObOsdmwXBY",24,392757,2208,246,173,3
"e9B8MPP4AiM",23,392748,2533,281,254,1
"N4Jl7Qx8jyo",24,392722,568,198,65,3
"ZAyRv_JTXsc",24,392715,3131,167,297,1
"x3C56EMqDVg",24,392672,1834,279,599,2
"2aNQrVGRT9o",24,392177,1917,750,317,1
"ZlkzOw79pqk",24,391952,3423,249,678,1
"L4PseoIlltY",27,391921,2523,702,217,2
"VbDwoEglngI",24,391813,8039,280,194,3
"jeYdQuhPvi4",24,391714,1815,1082,946,4
"8Abu_lCL6c0",25,391690,1671,478,946,3
"2Ym3zZiNaIg",24,391626,1961,451,161,2
"g8yN87RVzQE",1,391570,12487,833,574,1
"dhtvv_HLWTw",24,391464,1200,128,85,2
"ogBL0952thY",24,391448,2656,215,319,2
"Y3ouEQqzShk",24,391397,9110,489,469,2
"3sI1d9xIado",24,391276,1603,318,112,1
"cuEY98wQLsg",25,391248,1366,223,141,2
"yhKjkjDM5C8",10,391244,33436,313,1891,4
"47C0LE6TMW8",23,391237,31159,704,1910,2
"k5SemdFy7DE",24,391116,856,125,42,3
"B35Fa0oLHFk",24,391064,1377,176,77,1
"RM2fOilqTfc",24,391016,1349,188,57,1
"zIYju9E8bIg",10,390918,1316,401,185,2
"hhMnexT2p2E",24,390876,1649,318,146,2
"UxdZJDw3cdA",24,390875,1882,216,253,2
"IFHfhB9K0U4",24,390692,4222,39,908,2
"YdW13DCWCMI",26,390678,6839,422,478,1
"6f7kfZUXI7k",24,390602,1648,105,108,2
"5LLU7dceCDg",24,390551,2950,133,86,1
"Y9f0Mtzox1g",25,390550,5111,507,680,3
"9PDPMR3sL_k",24,390440,5365,857,464,3
"zrUl5WgyquY",10,390340,5093,540,304,4
"Rw4qtSjzBQU",24,390219,1925,427,237,1
"Be2clG2gU0o",28,390210,23280,1320,4795,1
"42MHgc4OqP0",27,390119,18834,411,1171,4
"QZ3lMmnwV-8",24,390061,1806,275,309,2
"YXSbUKHg2to",17,389636,6858,376,933,1
"g_fR597BPTc",24,389516,11623,555,1458,5
"v5SlTRZouY4",24,389422,1262,452,222,5
"AIu48zGbrI4",10,389382,30639,1118,4328,3
"0lPM6_TmIhs",22,389285,1560,198,303,1
"vcl9SS_LsKQ",25,389252,2324,222,152,2
"VcE0Cun5Bd8",24,389183,421,235,35,5
"Q9Tk-M0FcuI",24,389060,11094,499,1907,5
"AVtRP4T1RDI",22,388930,1037,221,147,3
"NyrFuVSfm0w",24,388860,1689,263,98,2
"jfRUOHarC10",24,388856,20066,373,652,3
"DElvvvRMBcw",10,388836,8869,589,661,1
"vdHFa7HsGW8",24,388832,550,240,287,2
"bN6BSmWShbo",25,388779,4000,324,1078,4
"d62xGsXOsBA",24,388741,1147,159,49,2
"vTOHxXvSyyA",10,388714,5829,457,229,3
"jlxoMbXGcD4",22,388565,1642,262,100,1
"51us9LaIKTg",25,388536,3496,407,1888,2
"6qGcTqZUmYI",22,388447,1132,346,84,1
"NGPQj3N4Smw",24,388405,827,288,58,1
"I6ZU9N8A0M4",24,388345,1508,373,149,6
"mmOEBgamzlU",43,388302,1884,349,438,1
"A2XRrzywNUg",24,388265,910,152,24,1
"F7g8iB-iL90",24,388209,1243,547,557,3
"aHXCm_QL39k",22,388208,1607,263,295,2
"EaLI1lfw_wM",24,388131,2926,212,505,2
"lbtpCyckANI",24,388061,12099,231,1370,1
"meaG4I8lopg",25,387968,5033,594,784,2
"cGXpqe--BYU",24,387962,5353,93,1001,2
"_Qu6ReIn46c",10,387957,8552,306,367,3
"Mwi3aMQbiLs",10,387887,4288,225,101,1
"ZjR0Iq_OAI8",24,387867,1045,174,51,1
"eYZ1Jh2gVUg",24,387856,2608,497,377,2
"qb49-46VYro",43,387637,2465,338,256,1
"sguTKKvkWIY",25,387440,0,0,316,3
"1kuJkA9usqg",24,387221,2159,1214,711,1
"ln2sjXMpx78",24,387067,2356,221,85,3
"OsjW-9k-BiM",23,386716,35030,921,4314,5
"uuNivTp52vQ",24,386699,3885,150,332,2
"ss6R31jjT9g",24,386509,1108,557,63,4
"mV6aztP58f8",24,386319,1216,453,697,2
"4I_pkT_KxTs",26,386254,5996,328,359,1
"9af3MzG3QwM",24,386048,3498,370,221,1
"bP_HnlVnR1I",24,386042,11112,3788,3520,5
"dAA6MGJCTMg",25,385940,1853,237,53,1
"BnahyuB30_A",23,385896,19342,1151,1154,4
"c7QjAlfJH0A",24,385844,1167,363,134,2
"buLg8bRTzko",24,385767,1306,169,97,1
"Zh9yq1fgJvY",24,385730,579,215,79,5
"bdJOApMTy4w",24,385719,8989,4337,1465,2
"ml1LDKr5LJg",26,385637,908,256,64,3
"SairuI4B1Hk",22,385631,1882,168,129,4
"DtCWmc6GiX4",25,385606,3243,367,487,4
"MyJWoSOQE_8",10,385496,5749,51,149,1
"jvuQ0CHHd3k",25,385397,6554,258,371,3
"jH93U3_8044",24,385289,1630,972,306,5
"kzkor9G7TJ0",22,385280,917,216,364,2
"IqLqTLbXGBY",1,385249,658,154,62,1
"0inCYM4Y7HM",24,384986,789,99,55,4
"312Uu9zFZQI",23,384964,7488,316,333,4
"dgj4ZclbxcA",24,384877,1886,261,134,3
"p91n_1t5bt4",24,384824,5728,704,738,4
"PA19cJo8IsA",24,384728,3241,431,400,4
"u1kWw6uIBdY",17,384689,3854,298,39,2
"mo6Aj5fim4k",24,384688,1259,370,131,4
"3BVG88T49yY",25,384655,584,236,49,1
"9lSgE9ixNwc",23,384635,27865,950,1583,2
"ZBM4Ok26GfY",25,384537,4228,1913,2167,1
"KJSX-52-xxY",24,384491,4599,316,253,3
"NezD7APkjHE",23,384316,39648,323,2687,2
"b4TgS8tgm0c",25,384146,3351,212,523,2
"dkXVfNmhnOE",23,383969,4962,328,279,4
"BuBX0k_FZtg",1,383747,6382,141,597,2
"bj1srnjiIvM",23,383587,2324,298,628,2
"IT9AayuIl8Y",24,383580,3370,380,310,1
"f0Zxjph0dhs",25,383509,619,109,58,1
"Cv200Tzrqkc",22,383433,1097,320,153,4
"i9voUaIblck",23,383352,7157,751,612,2
"VgQPd6vEF7E",25,383347,748,325,107,5
"MXLGbVhj-1M",25,383230,6607,227,194,1
"bF5qctebcVc",22,383210,1662,265,132,6
"yPOnlqGGGGU",24,382852,2805,165,356,2
"6IzIg5DGJTY",22,382850,982,196,428,1
"rpbKlsmMsUw",24,382848,1248,216,26,2
"vP8fmkyY3sA",24,382837,255,418,18,1
"zqw4avoJ7sc",23,382764,28839,1460,3478,8
"KAdeWr0sxZM",25,382631,5815,852,1833,5
"p485q7uhcjY",24,382528,33704,807,3675,3
"4JJlS11e6Mo",25,382445,2277,1426,1583,3
"XpMRByaNzwY",25,382232,1754,283,366,2
"q6XR-fPJf4w",24,381939,1861,169,148,1
"L9YvaXTT4m4",25,381931,3927,491,0,5
"fETOc6r23ko",24,381851,8271,674,253,6
"0oXr9anv2L0",25,381845,2163,330,1103,5
"oAawkIU3V1A",27,381769,33248,682,3799,3
"qjKxo910e94",24,381550,1258,342,92,1
"7k_5vluwRAI",24,381368,1580,360,344,4
"tUg-WLRdRv0",23,381361,9626,180,438,1
"YLnEWO7JYBY",24,381232,1271,132,70,1
"K5pWHS1t9Rg",24,381040,338,414,0,2
"7ZuY-Spr3Yo",24,380961,1116,79,53,2
"ExM8oWyGOJM",1,380947,5264,128,201,4
"ZMtvs523gb4",23,380932,2332,271,561,2
"gs-ewJssv3E",25,380883,2984,216,313,3
"kUgdL1jEe1w",28,380596,51835,1359,12380,2
"XcBCP9LThtM",25,380488,1788,540,896,1
"j1EcWMozKi0",25,380407,0,0,0,4
"wr0RTCiWqEQ",24,380346,2021,500,200,2
"FciPpWOp2iw",25,380316,2206,826,353,4
"Me6L_sbd3Ys",24,380282,782,117,848,2
"4CG8IU54DX0",24,380268,804,348,246,1
"rpbhl0ad4d0",22,380231,1999,531,504,2
"HE5arCl17cY",24,380169,1372,287,25,4
"4msQW6OUPmQ",24,380082,5402,504,1295,3
"dcfsMV8dAyg",24,380078,3255,148,298,1
"fKu4Ktno3ek",24,379994,1884,295,239,1
"aUFRpl19OJk",22,379974,7750,663,263,3
"lNFzTeznRQI",22,379797,1394,181,64,1
"_VcRbGzjq6Q",23,379735,2445,398,747,1
"BOw5RtQGbYY",24,379671,5119,309,666,4
"dVC8ABg92fk",24,379377,4521,891,628,5
"G1WOeDAg43c",10,379366,1468,355,185,1
"UtVfhpn8HvM",25,379243,1187,238,219,5
"_V-Rx1r-FHQ",10,379132,14419,983,1605,2
"z-Tm08sJk7c",24,379078,4535,316,206,2
"clCzp59Qk60",22,378971,1082,205,45,1
"NkxOj0mvsIU",24,378828,2014,396,218,1
"hRtjzD-m2vU",25,378821,4056,3594,2555,4
"Uy0wWKwXzhM",24,378807,14152,1465,707,5
"QHxgamOL3No",25,378798,5152,172,157,5
"NEVyPA3PeqM",25,378693,2615,1128,0,2
"sSoNacegWSs",28,378630,45299,2643,10588,2
"5w8Ht9ECDfw",24,378621,1136,313,70,2
"_PSVI84Q_WY",25,378212,2058,329,605,4
"9vRsixjLK5g",24,378168,21643,936,3391,2
"Ix5uR7SxCYw",10,378136,8553,639,425,3
"VjSSwBIH4jc",17,378089,10897,310,769,1
"Au4v4yradhI",25,378086,645,244,42,1
"NhyolxnS-Qs",24,378046,7197,791,282,3
"MlaLvnBANuI",22,377968,3009,354,220,2
"2bv1eY6tFYo",10,377785,1470,351,139,2
"gQF1lOxpT8g",10,377767,9755,314,426,1
"uzcHSrzwp9I",24,377572,1717,170,55,1
"ELwBdozFNb8",10,377497,3205,404,201,2
"sz2K_JbhUj0",1,377403,3034,360,407,3
"L0IijAxp0S0",23,377387,8418,696,468,3
"c_Mw4TLzr7c",24,377203,2334,465,311,1
"1Cn9xg4DM2Q",10,377184,3361,1198,345,1
"YhISOvFmYe4",24,377102,1406,245,71,3
"lzGILT8L_sA",24,377096,2618,705,396,4
"uKvLdybRStY",22,376925,1919,263,191,2
"jFROhmtKg8w",24,376844,3055,825,990,2
"UZZJT2dN1QM",24,376679,1308,63,74,1
"JmFSZdrlJco",24,376498,2628,293,648,1
"Lcv9mjxqM2E",24,376211,5170,335,174,2
"kGBeq4MjNG4",24,376128,3935,405,244,3
"8Nr7q7-3qOw",24,375955,15457,308,905,4
"OD6HlOgSirY",22,375698,2087,591,128,4
"r5CrGkyS9R4",22,375620,3200,331,230,3
"jrXv7WNo6No",22,375547,8455,467,688,4
"bhBZ9xusfs0",24,375483,3418,152,253,3
"Rc3iB4NYRnc",24,375418,1381,160,78,1
"31_E5kdnL2k",28,375352,2116,668,222,4
"Zwav9h6rQQ4",24,375312,1098,276,134,2
"3m2PKytnYaI",10,375189,12210,134,771,2
"5I5_ZdlymEc",24,375069,1400,448,181,2
"ZY7jL2KqwW4",23,375012,2190,242,428,1
"NFS3DFPLRvM",25,374984,9462,192,771,6
"vQlU2oxsHe4",24,374966,696,80,32,3
"sNthgOnRRr0",22,374931,1059,194,155,3
"0vVROeA2vKg",24,374763,9789,3823,1084,3
"4ldL36VFU8g",24,374634,8080,896,842,4
"HBfXWXIrHCA",24,374467,29158,686,2913,5
"pQ7YnBs2vs4",25,374392,1144,343,45,5
"UlS9FNgophc",28,374384,30062,2333,4314,1
"a2KFnldIEik",22,374263,1340,228,432,2
"IfDQWvL6VLI",25,374249,1841,406,158,2
"4J88sNYLwko",22,374107,657,452,61,3
"cuEeo4AlOJQ",22,374086,1319,232,441,2
"Yk76oCLFRo0",24,374064,2047,463,251,1
"h1tyq5kS1Ac",22,374009,1836,412,106,2
"Hzr_2xsb4z8",24,373964,1595,265,445,2
"2byW16U3tmM",24,373898,20443,1321,1209,4
"Oagl7kJJkRY",25,373823,0,0,0,2
"HrmVc_NhtKA",28,373817,8227,408,1096,1
"hdXmRcm_Mlc",10,373812,11950,201,572,4
"0koNztY_F6A",24,373715,1178,182,112,3
"yGlp6XDmQmk",25,373689,891,199,59,3
"9asy2BN-36g",25,373686,1792,261,58,1
"AkG5eAZ8Cqs",24,373642,1462,105,124,1
"tOb7WGNeKAU",10,373528,12066,351,585,4
"HvBPDGfrlP4",24,373242,1450,299,94,1
"4z1cXD4NG-w",24,373209,2002,383,474,4
"sXROJSWjD9w",24,373160,4494,179,181,1
"7WrQl4s62bE",24,372968,3091,235,390,3
"NUMa0QkPzns",25,372826,26147,313,1489,1
"Fi3IoLusO50",25,372820,1913,363,1629,2
"ua4PKNu89sA",24,372802,2139,293,93,1
"DqimCxpuIZ4",25,372785,4113,317,117,4
"hJ6nM40tuKQ",24,372722,6326,166,347,3
"WhZ-9aJXsXY",24,372702,2675,263,221,3
"ADrU6kxcIsk",10,372544,11638,438,826,2
"n3p_dqiQV6g",24,372399,1732,417,244,1
"l09LBJFiSHU",24,372309,562,444,182,1
"t0bg7SeDieo",24,372299,9953,201,3192,1
"HNniVtQtWxA",24,372243,14132,1002,976,5
"LAykoR_gXqc",24,371835,1303,294,201,3
"3KJ0e6jj-ds",24,371828,2434,289,720,2
"GLdq1BruoVw",24,371553,3862,342,752,2
"aBK7G1XdozY",24,371493,2007,413,218,1
"8_tv2QBZ4WU",24,371488,10069,313,457,3
"UpUyqIICDDA",25,371477,4776,255,299,4
"QmZM7pboBhE",25,371412,1333,405,252,2
"UfS84WABvkQ",10,371385,17841,269,706,6
"deSJ841IS68",24,371354,2315,336,401,1
"QFU29J-aXDk",24,371267,3693,253,241,2
"1p1oCoMjqvQ",24,371205,21626,890,1628,3
"w3SOLnmRS-c",22,371097,1441,301,396,5
"baf7nC9hl18",24,370970,2820,222,397,2
"LK4QYJVTajc",10,370820,4485,60,150,3
"pzJ7ogH-ExY",22,370781,3388,192,331,1
"jwRFeu9jrFc",1,370742,5493,350,286,1
"fCheO66na8E",24,370657,3508,308,0,1
"plwdMoYAdI4",25,370575,0,0,438,4
"XCSrWJyuAug",1,370549,3218,129,80,4
"1OOxSx5QZV0",24,370378,18316,1408,2445,1
"Ny2ZDKQzpok",24,370150,1797,628,0,2
"PVyuSPi0brM",26,369986,2251,290,93,5
"L8J6b32uwhk",24,369966,1547,429,195,1
"zIBjsnd9Ukc",24,369906,1661,1122,225,2
"TRjusyhJuh4",24,369778,4573,416,307,2
"_lJ8TDEX_jM",24,369771,2905,268,588,1
"In53LeOFVuM",25,369445,858,263,396,1
"KkIsmJ-kiaI",24,369401,1818,404,334,2
"uBC5cPtnNu4",25,369207,5020,493,194,3
"3VjvbVWjEJo",25,369187,1762,449,520,2
"K6JyjjNnTlg",25,368957,3031,393,470,4
"Y4jDso266mc",10,368853,22333,364,1236,4
"RAimZDVvS0o",22,368820,11134,412,420,3
"NG8Jm2SRCqM",24,368814,9239,864,1106,4
"lWDR-VlpmRQ",24,368792,1698,437,201,1
"5hLsZ7oHd8E",24,368765,1037,825,261,3
"NHDd_rTKGhk",22,368398,16386,1049,524,2
"mtInfLxrCdw",23,368204,6485,342,323,3
"xfk_qjqrHfE",22,368137,5088,697,2065,2
"b1duW7RGFmM",24,368104,3931,142,235,2
"FKb6nCfsP5E",22,367870,1151,459,344,3
"1wqsTGkFHoE",22,367797,2254,605,0,1
"VtQNkJdK5Co",24,367755,1957,237,262,3
"zRy0_PQ8QAM",10,367653,1920,262,276,1
"hXkxExM3lik",24,367487,13217,1338,1271,1
"VZNjiGU36II",24,367353,0,0,104,2
"zMN0JR0dF4I",25,367014,950,207,269,4
"qBEAG2yWRYU",10,366944,6724,297,250,2
"UB-__FqyXCw",24,366838,2440,192,135,1
"ixlgbdjFaYg",26,366662,17692,1212,2320,1
"N_mKleivtek",25,366544,2375,311,154,2
"Qe5JjF3CAZ0",28,366464,8838,495,2136,2
"sC6Mg99ATfw",22,366363,1391,205,151,1
"VrGwU9di3Ls",22,366322,1896,206,123,1
"g7JUgRnPvRs",24,366293,1109,126,123,1
"CLl1RbxDRAs",23,365858,18073,865,1381,4
"IqzMNfDuJ5o",27,365672,1767,1648,822,4
"OSzBeZI7W2M",25,365553,938,211,101,3
"ZsqeG1goXx4",24,365383,1183,83,72,1
"NhWgoH09V1k",24,365146,1175,184,91,2
"t3UV6H5u3_g",24,365133,2450,714,142,3
"dNfQ8n747rI",24,365084,1033,365,343,2
"e6d5TOZk2-4",24,365057,15644,498,1815,4
"QdFnPaYjxIw",25,365021,6938,109,547,4
"KyONMk85mPg",24,364891,919,151,69,5
"20KRqhoUg-o",24,364837,1272,166,145,3
"8UQSvetgErU",25,364768,1903,264,634,2
"z8znufL0UZ4",24,364704,13813,333,2027,3
"YFTSkxHXxis",25,364652,2116,1010,587,3
"19Hg4OC0W24",22,364616,24196,754,2517,3
"b7IHLVVqqLs",22,364526,1122,196,48,1
"vg4s4-648pc",27,364315,23659,676,1654,4
"LW7XYjwhbpE",24,364062,12338,841,872,6
"4y9dC-DVims",22,364034,0,0,100,3
"LXmUQAojB-I",24,364031,1439,404,93,1
"pAYVAcurhHM",24,363900,7651,2956,1541,1
"EjC0r7QvkMg",10,363896,15493,995,950,1
"HbOGNQlG1PY",25,363871,7281,2404,481,5
"K94gQq0sJ-U",24,363820,10484,1158,466,3
"8gGW6PIt8Yk",24,363759,4111,334,820,2
"zH5v0rJeAYY",1,363616,3145,82,800,2
"XMP064nfL64",23,363606,2300,218,364,1
"WvBe9DvKx84",24,363387,2263,970,358,1
"fKzKvqyvUyU",24,363169,799,251,71,1
"wYAPTNDD_Vg",24,363102,8448,402,701,3
"fFU4GCqu2Aw",1,362977,1235,179,178,1
"Gn75Ofis02A",24,362931,1897,387,186,1
"66FAQ0IUMNg",23,362924,14336,659,703,6
"mlXd2jijecM",27,362810,29554,1365,2149,1
"TRL35WmLIgQ",24,362518,948,195,66,1
"IZc2Mme6X0U",28,362502,28948,1208,9188,2
"poCosRoSUeA",24,362337,2700,129,225,2
"7fD8HClgTik",24,362199,1215,173,69,1
"zHu0SihTXOE",25,362123,3751,339,659,1
"XyuaIAMqVQg",22,362108,1296,188,166,2
"M9111-TwA6Y",1,362099,1331,270,0,3
"6-Blx4Wpjv4",10,361987,16458,491,815,4
"z1KH2-2q_oE",24,361969,5341,1278,660,4
"Fkph2WF1ep4",24,361968,1203,247,194,1
"5J7xccyXTs4",24,361948,998,135,74,2
"QfiLmxE1nPE",26,361879,4147,331,247,1
"tL8zSoSGZEI",24,361838,2507,120,89,2
"prRDeW3NLLA",28,361719,1109,680,171,2
"xNLYxfZjWRA",25,361700,1654,239,145,3
"TIueYL8H9T4",22,361642,1080,193,299,2
"u-CownKb944",24,361603,428,118,21,2
"Y2BixHZleos",23,361576,26549,905,2017,2
"6CUPz0mKxMQ",25,361569,1029,5254,1718,3
"ViEZJa1JNjE",23,361444,19737,377,1272,4
"LWCzx9EuBhU",23,361257,19327,1031,1199,1
"sCI6tsf4e0U",22,361178,6010,927,1801,2
"2yqasEIYSEM",25,360958,1360,321,488,2
"lduo4gvJsaQ",17,360904,1218,147,134,1
"NxL8Qv_bdMo",24,360838,1912,394,180,1
"5zVwW630S1I",10,360789,1817,314,176,1
"l1EtQS63iJo",28,360743,9966,462,1673,2
"JrUgsml1yRM",24,360694,1972,418,171,2
"aftJ9D3SPYE",22,360674,1192,68,663,3
"uRNT5Nj_5ns",25,360601,1026,254,37,2
"9zko9tPc6Lk",24,360598,5869,252,1358,3
"uhwTdu1-XeI",23,360585,25600,1298,1274,4
"IiuhOvaYmCc",24,360538,1915,131,165,1
"rF1C5eRn4mo",24,360446,998,412,172,1
"gXiJM445mYM",17,360407,6041,125,621,1
"KTl0-EqbwmY",24,360399,4519,320,328,3
"DCMuKvjP-LY",24,360356,2305,346,350,1
"Fq9hla8ugX4",25,360105,4136,333,312,3
"WS-kCiCVEp0",1,360057,7667,987,765,1
"EhJMoLeLuE4",22,359989,1668,249,132,2
"xJqXgAG5ox8",24,359934,1675,234,730,2
"QLH_1JoMXy8",24,359863,868,155,43,2
"p6gDQRV4yyk",24,359861,1792,509,251,1
"x6LKJjIhUEs",17,359856,2915,303,137,1
"5NVrJ-LuvTU",24,359844,1692,454,222,1
"g2JZuiu9NhY",24,359829,1980,276,120,2
"CABhqeOj60o",24,359812,775,215,0,3
"MN-SwTGVj1s",24,359438,912,275,83,1
"KDRlqiiz5oU",25,359328,1601,161,256,2
"o7ck9-dNBG0",10,359325,1142,76,137,1
"56bgqsCZBPg",24,359293,2153,508,144,3
"tV5E8FNLnMQ",25,359240,3671,573,600,2
"xx5ur6QKnRY",23,359222,11202,442,465,2
"NyEmFAdd5VE",25,359184,2404,620,362,2
"ehYPZfCOpSU",28,359058,13089,601,2022,1
"s9CB7FxjcbQ",24,358972,13793,329,959,2
"FfB6Sk7nIeE",24,358956,1705,469,272,2
"bK7iu0eTN2c",23,358839,11124,3316,568,2
"QIlSlT12I8U",22,358791,1870,261,314,6
"RkFCDLkRhY4",24,358780,954,164,32,2
"In35YRmtLTs",24,358572,858,344,480,1
"7lgpLbn6RnM",24,358511,2976,204,187,4
"QnbffHwbeho",24,358503,2399,728,57,2
"oV4h-G3VfnA",24,358502,1287,163,69,1
"PZ5Rk0h-jUo",10,358416,10134,249,378,3
"M-zfwSqWajw",10,358401,12640,371,814,2
"lJx1_Z5E4ug",23,358399,7907,392,289,3
"wXVrRZm8mhA",24,358221,13913,466,547,5
"zeMakqeWyDE",25,358205,1215,260,301,3
"WAJFBuHvVSw",24,358200,1659,485,180,1
"iJPbdmMaMPA",24,358148,1211,224,53,2
"gN6eV6ctDmY",24,357952,1530,262,125,1
"SwAZHzdQ6fE",24,357888,2626,708,445,4
"S0rYPlProsU",24,357852,1666,531,217,1
"aBqhRJNR8M8",25,357827,3093,315,838,2
"YNBfxnHBrJs",25,357772,12651,235,1073,1
"tDUX2ulqk-c",24,357742,883,77,59,5
"MyGn84kUhms",24,357604,6804,349,406,4
"ON5YYRxcgVM",10,357469,11023,195,738,2
"4yCsPPhZTms",24,357431,5960,202,440,2
"A6AyrUWf6_k",24,357418,1348,461,391,2
"OU9MNQn8lNI",24,357414,3417,383,467,1
"zW2liGao7Z0",24,357407,25645,2895,5484,2
"6WreOL7T_rI",25,357335,5264,262,62,5
"bscQk5nBQqw",10,357248,5309,298,545,4
"q01p10lGz98",25,357171,8953,1182,416,2
"dR_vNsrIMR0",24,357158,703,244,74,1
"0LneBLI71zU",24,357110,1437,71,49,1
"ljYVfw7t5GY",25,357021,1191,220,6,3
"EU-y4Y7khJU",25,357019,2487,219,326,1
"e3J5DXwvzXs",22,357010,1572,204,124,2
"ysqYLk9kNtQ",25,356984,2759,843,2406,2
"58C9Ib6GHWA",24,356961,404,421,170,5
"PNO6n2l0D1g",24,356960,693,291,34,3
"MOxAGzgeES8",25,356901,1283,370,224,5
"uNy1ir0OO7E",24,356852,2168,309,196,2
"JMiAadxj8Js",10,356817,7516,249,410,3
"LEDt5Iy3JM8",25,356770,0,0,14,2
"LRCMHoCYDto",24,356745,23011,901,3466,3
"fgE3ZxbIEbA",25,356595,1864,751,1433,1
"povWr5ji6Dk",24,356565,278,132,14,3
"v_qyfQz5FpA",24,356468,1688,387,186,2
"gTl5DeVqzN8",24,356418,1858,330,156,2
"GPUMSvyH4vc",24,356394,2921,292,137,2
"o6H2PVojbCM",22,356323,1997,418,442,1
"vWaEIuGRWQI",17,356265,6461,241,897,1
"UrenNhrvyVg",17,356263,2686,254,7,2
"fFk2cIgDLnw",24,356168,20158,625,4010,5
"qzFqSwIe7rM",22,356091,1088,220,84,1
"h6c7m7Do6Hs",24,356044,2542,155,368,3
"qmB7wWkxvNw",23,355989,6767,641,1452,3
"U09EYMi6aMc",24,355911,215,1100,179,4
"ID3vJS-RnbI",26,355882,1573,306,71,2
"IGZso-Eyg2U",24,355822,1083,163,0,3
"ytUuaLZHzps",22,355762,3442,208,109,3
"azmAOzFvwgg",24,355755,2514,477,176,1
"jMiOT7OKhMQ",24,355537,2255,389,770,1
"CaI--yOpUY0",17,355523,9859,295,2269,1
"IOmBeLRLlNs",24,355439,1612,787,760,1
"bXf-etFadkc",25,355332,0,0,131,2
"aH9KYvODfZg",23,355315,1974,575,470,3
"0MnaKvzBqhA",22,355278,3155,331,654,1
"C44q7auvTEU",22,355200,1878,242,333,2
"EYRC0ck4yPI",24,355000,1598,395,327,2
"fNAbaTzAKEs",24,354991,2153,235,339,4
"yMLVswQtD2w",24,354895,6551,220,664,2
"fnHorZxcwyM",24,354837,11096,1409,1513,3
"0CvhvuJhMqs",24,354657,35862,453,2472,3
"Djvz06j84JA",24,354527,565,415,0,4
"efgaryCstvU",24,354521,1079,246,52,1
"gl1lc_xBaIY",24,354448,1630,286,85,1
"EzORmmm05Go",24,354381,1715,421,196,2
"iwsgFzInGtA",22,354365,355,476,32,4
"tWAb2u29OHY",24,354225,1093,303,98,2
"quhSaXh5FtI",24,354208,1266,324,504,1
"RVQZ2BmSehI",24,354061,721,217,0,2
"sWolkgKs2og",24,354053,18335,187,1594,2
"D1z2sKcSsfY",23,353789,25657,1949,1226,1
"zOi6qrGZ5vE",24,353748,750,128,53,4
"nyMNXMFl14s",24,353581,5122,153,284,2
"rDSnPerPWhE",23,353577,14227,270,542,4
"q8nXLmWOI6s",24,353445,558,275,45,2
"3VQQsaX4rcY",24,353408,5010,1211,670,2
"jk864bc-8hA",24,353358,2868,316,386,3
"IicV_i3wIOE",25,353192,462,158,33,2
"PnRbvZVWOZs",25,353188,2898,235,272,2
"7BgXyK2dnkI",24,352948,1914,80,102,1
"irovyDmAhS4",22,352913,1175,259,107,3
"trEE-BgrT1U",24,352913,1718,491,196,2
"sohRVnflO0w",10,352801,6514,312,320,2
"L5pwk2gWH14",1,352696,5947,660,546,3
"pfwEn3Jy8l4",22,352696,1387,191,75,1
"GJqq3ptJ6cU",24,352635,1066,250,247,2
"qRtHTAXbV5M",10,352608,6726,485,402,3
"R016Q5YO5VE",1,352531,1060,148,40,1
"nAiocyJLiW4",24,352466,3465,154,244,1
"DVO6HrIcDtU",24,352463,2332,753,0,1
"06JCLsitmLk",10,352422,3525,505,447,1
"UXN-Vv1z9s8",10,352397,1023,353,36,6
"7_xV-aDTinw",24,352342,1939,521,259,1
"dU44NLwl3Q4",24,352236,1169,202,142,1
"FLkf2JwebXI",25,352108,1664,212,160,2
"F85Jj9TEmiQ",24,352090,1554,321,71,1
"Q5tj5ZmP7mk",10,351989,7579,430,955,5
"cF2vRl_W7Po",22,351880,1701,290,234,1
"RiyEX5gtyVY",28,351846,28586,730,4485,4
"NWn1grPUtdw",24,351801,1228,76,80,1
"up9ZnPPD99E",24,351785,1258,242,29,1
"XGM3TX3g3IQ",23,351714,18091,1970,1121,2
"YtROJvfLauA",17,351650,4149,430,22,1
"iKe5SS7y1WI",28,351525,1163,1091,212,1
"Rf4aqFXRZtU",28,351347,33128,900,8202,1
"Odu0V8iIBL4",25,351209,0,0,321,3
"atpU_6zbsHw",24,350998,667,141,54,2
"pZyfN4p8K_o",10,350962,14042,3361,1343,3
"GAAkHpwQA6Q",26,350864,1332,838,340,4
"rSoMWY5iDAw",24,350504,15127,510,1874,4
"eYbb0CZjF78",24,350354,17751,1068,1578,5
"4EZ1X5WhgE4",24,350184,5255,307,660,2
"fw9VNPNhG9s",25,350123,278,96,31,3
"4O2PgEwqYPg",10,350110,6474,185,310,2
"8OTTQfSZfF0",17,349979,1507,265,83,1
"bXoEPINunzk",24,349920,1728,348,227,1
"2lh7jFVS_zU",24,349919,673,231,91,2
"sdOL3FDFwsQ",28,349859,10004,437,2985,2
"n9pR9X3BFWI",23,349858,40377,1728,4982,6
"ZoztKtQT7DU",22,349815,8685,420,999,2
"c4i2kmAx4R0",24,349655,442,169,25,1
"DhR0juCzn3U",24,349634,1108,125,33,3
"IefSimV461A",27,349622,24722,463,6078,2
"NvPmSC-BxLo",24,349575,1649,424,189,1
"Sg0w734G5kE",24,349571,4761,183,331,4
"Jr1TDPKqlZA",24,349376,1641,235,110,2
"hmAxSsI1AyM",10,349329,1024,256,24,2
"pHVAQNuETrk",25,349287,4015,363,345,2
"3Vy5GlPfzEQ",23,349284,1816,230,465,2
"Wn1tfxXcp3Y",22,349221,1602,188,449,2
"KkUAbgA6d6Q",24,349208,6605,106,496,3
"z-CaLb8k6jY",27,349061,33612,554,7220,3
"NpOv0mqwy1w",22,348972,1681,273,72,1
"vtfTq3GA0EQ",24,348967,9179,373,743,1
"SLUw3kvNKho",22,348661,9200,788,385,4
"FP1-zufDZiw",22,348517,2882,289,189,2
"lz378Aau6qY",23,348495,2061,419,332,3
"gj4Zdf5HpyU",10,348447,6087,118,189,1
"wwqAYbHWBXs",24,348398,1780,412,230,1
"kABmLHv8jdo",25,348030,3628,1742,3517,2
"0RH02wLzmNo",24,348000,1037,105,87,1
"FOPeYtpooo4",25,347919,1446,473,115,2
"Sfv6Zzx_15I",10,347784,6477,171,562,4
"N8xP4-kL5Lg",26,347758,0,0,175,1
"9zoqSS61HOs",24,347468,896,102,85,2
"01FGmk6VCMw",22,347429,1550,227,136,2
"PgrFJxJUbLA",24,347405,384,135,0,3
"5vbbO6eDCDQ",25,347388,3052,530,151,3
"a8LqPR1QivQ",23,347365,10487,1210,671,5
"HO1jkRDyK4U",25,347242,0,0,291,2
"AzLsaF1mhkk",25,347134,727,417,194,1
"sUbLdSG2PJQ",24,347077,390,162,20,4
"8FBZJ0Hg7_Q",25,346989,2455,194,231,1
"IsKKSPu-Mnc",24,346878,2411,379,102,3
"YCi98Hiqkok",24,346866,799,354,298,1
"hYjdASpBq_E",24,346799,882,252,154,2
"j0VZtMVAxg4",24,346788,9463,63,197,1
"RmHkNmZYZ10",24,346774,1460,334,239,2
"SxaA-XiowlI",23,346689,1946,350,513,2
"h9cs3ah1huM",17,346628,3000,261,15,1
"BF7wHATkHE8",24,346551,26954,236,2201,3
"lfY5noweik0",23,346528,2849,250,179,1
"HoB7u3UAqWM",23,346516,11707,758,1206,3
"FcKFVbB87SY",24,346482,737,512,55,2
"etzkziNGth8",24,346477,1834,495,847,2
"_siL9EhgsfA",1,346412,5320,474,375,3
"Mr_G0E8yZtA",25,346368,1790,178,280,1
"Z27oKIqPQL8",24,346342,1126,133,184,1
"mMPSi42afoM",1,346325,1662,182,230,3
"8uP0-0IOaxk",24,346107,32984,828,4680,2
"DlAjFq2hHuc",23,346074,2647,206,214,1
"1tw8_u9ejO0",24,345990,1083,224,27,1
"pbFr2Vb5hK0",10,345988,1016,598,305,5
"Tlh12hp23hM",24,345847,443,257,101,1
"qpQo_-25zOg",24,345755,1606,261,148,2
"KbeTjRunkWs",10,345683,10738,595,335,3
"wlETea7QhNo",23,345623,5934,385,240,3
"vQDx8vo-5D8",26,345458,2214,497,122,1
"YQbxaIpizf0",10,345444,1754,544,289,8
"v03CRr-FKkw",24,345128,1985,368,193,1
"an3-_6R0Q5o",24,345119,409,157,30,4
"as2HPostEZM",24,345035,1808,409,228,2
"zKtBpSS5g0A",25,344930,0,0,165,4
"vGObMgb5eaw",22,344861,1101,536,255,1
"gPYKPJ1RYJA",24,344834,840,176,201,4
"WSUaA25IcFY",24,344791,1773,379,258,1
"u7cVYpfx2_E",24,344726,988,82,54,1
"NZlIOdo-u-k",25,344691,4440,1688,1382,5
"y1h7C3ALV4c",24,344683,1917,402,223,1
"KNW2X4zKlkM",25,344450,13210,510,2084,5
"hzfcRqHE-u4",24,344379,2427,390,196,4
"Dref7pB1Bbg",24,344362,2506,230,514,1
"Jkr8VZ_UsNw",24,344292,3136,264,596,1
"FT4rYF48g20",24,344232,7517,303,481,4
"2GhCUd6SQdg",24,344113,7652,439,656,3
"QNFjcJOKwoo",25,344067,2039,495,181,2
"SE_jEP7-IDs",24,343988,1416,211,465,3
"buPzi0gYZ0Q",22,343977,0,0,92,2
"fxkHtKy0o4Q",23,343884,9834,1528,577,4
"NORBUe2scGM",23,343776,23941,1704,3063,3
"2Yfi8XxI6fw",24,343734,3568,831,587,7
"ukroJG4tX1E",24,343437,893,211,68,1
"YuBvSgk7rmU",25,343393,3011,702,796,2
"J9i1h7DR7XI",24,343364,1014,187,29,1
"P1nyfbREUDI",22,343340,1975,1205,965,3
"r4CTYvayzUs",24,343214,1919,308,208,1
"jSDaw8Mj2hI",25,343177,2716,223,335,1
"8un1Z1Nitzk",23,343124,8876,535,1054,3
"_8CMqsEmovk",10,343068,3990,69,132,1
"9XAMTUf9LFc",25,342894,7957,168,382,1
"okOAtb61mWM",22,342743,1063,181,242,1
"ntn9pdqY8_w",24,342538,1056,61,173,2
"0_6saEne8tY",22,342437,1516,224,196,7
"qf1M58b6n9E",22,342406,1372,206,117,2
"YNPOyYRkJrg",24,342354,787,274,84,5
"pZH-zcan0GY",24,342345,1487,252,65,3
"pjQMaBK3mbU",24,342345,1849,368,199,1
"IYw2doWoucs",10,342281,14590,880,467,2
"mcC4aHV-a4U",10,342169,2017,84,263,1
"kDS603BbCUc",24,342004,1476,194,111,3
"tVaqgItogRo",24,341922,1022,135,56,1
"G5yiW-Zotew",24,341843,913,560,112,3
"c5ZB0p0zBg0",24,341799,2197,329,267,2
"NfyEviVPEBw",24,341692,5543,309,243,2
"aiSoQPl0oi0",24,341677,15166,1666,941,1
"3JH8QSXxbTc",22,341600,2122,268,279,2
"58BgfUFllGg",24,341463,19103,726,1580,2
"tiQdD5WhoCM",1,341154,4111,249,187,3
"42dOifeZoUM",24,341042,914,297,94,1
"U_El6nBlsME",22,340822,2962,306,213,2
"6WfTuebemDc",25,340646,12094,585,4735,5
"nsZCtCu6xNM",25,340615,915,353,59,3
"JtEP_7jIFP8",24,340584,1342,212,60,1
"U4WLkjd86aI",25,340584,1242,485,345,1
"z8f7cPHN0SA",24,340562,7804,514,265,2
"2yN04AjT-cs",24,340476,20544,394,2166,3
"aP_rYIMEF8Y",24,340440,1732,455,212,1
"icFfTfeTO1Q",24,340435,874,158,114,1
"zLg3_0ipeAs",25,340411,1385,342,549,2
"6LHXhUbkM9c",24,340384,1174,232,201,2
"J2zaxXaC9LQ",24,340357,1451,362,887,2
"C-dvWa-IIG4",26,340234,7978,1077,3297,1
"HbSpJUwpQ0I",24,340094,906,169,452,4
"WQWiNE9pDK0",1,340038,13781,341,645,1
"EijptNGJUY8",1,339933,7724,960,879,2
"cYYiGxRBy6c",26,339857,10959,377,607,2
"gxm_i0ErK0g",10,339827,4561,139,236,3
"kcXlkIgT7Kw",25,339717,1172,283,4,2
"aVHqWcTsgxc",25,339265,434,185,73,4
"3UWxZMaKF6o",24,339249,1328,210,226,2
"B57nRCvjcqc",24,339180,2237,311,173,1
"uA7rPSnE6sE",27,339162,22854,377,3639,4
"t4ALGzx39Zw",24,339111,3730,541,382,5
"I2hExqRK9ts",24,338995,17184,609,1772,5
"tkg_YGRAzYQ",22,338990,326,441,133,3
"IqGgdhPL_Lk",10,338990,11499,247,579,2
"f-ODGYVExXs",24,338906,30470,1610,1384,5
"K7Dt927Rk0k",17,338672,1722,171,168,3
"YHbsIbtWYuM",24,338672,1491,335,1086,1
"z1J2DSARY3k",24,338547,1752,413,229,2
"uckszooobng",24,338504,953,124,35,2
"LK-AVukXsLg",22,338484,983,673,368,3
"jB42mPns-K4",25,338455,2508,179,348,2
"4I5QwNY1_mc",43,338384,1553,362,538,2
"1khfKEd8018",24,338380,34270,1817,5193,3
"qf5G928jqJI",25,338310,1640,171,235,1
"7FWVFMBwTyo",27,338225,41401,738,25290,3
"squUyFDngx8",28,338187,7602,469,1383,4
"zVbsJSTt8n8",24,337963,1941,231,99,1
"upCvnFuZJHg",22,337960,1394,223,298,1
"f_Pg0Z9LKw4",24,337927,1079,295,121,1
"_a32vhMjad8",28,337918,27884,1174,4896,3
"FwJS5JuOnz0",22,337672,1619,224,120,2
"jECmwHS1WVU",25,337605,2709,212,2,4
"xamewPxfdOo",24,337482,2459,287,592,1
"b3KF1zC87To",24,337402,888,390,375,3
"qF4G2iEYduQ",24,337364,4796,434,809,6
"5OkaxQbfdDM",24,337297,2543,175,574,2
"VqLLQi9K_iQ",24,337276,1767,365,208,1
"kEim0__rCRw",25,337268,1906,191,164,2
"JL4oAqKGYGM",25,337237,946,65,65,3
"5uf6NbsLYOY",24,337228,2988,143,237,4
"4diDhwp3JTU",24,337156,7147,370,701,1
"KplJi4r2III",24,337153,1069,906,198,3
"5UNloqjE9BE",26,337031,4605,474,444,4
"LRDe5zofQvw",24,336785,1558,233,592,1
"Q4jIq1KfVxg",23,336767,1642,233,336,1
"_JWd6I6jPC4",26,336732,3949,370,347,1
"8RMJH-Uoz_U",24,336727,2186,566,407,1
"NGJfJMIckRs",24,336717,3324,2500,982,4
"kocqRCoLAfU",22,336712,619,191,338,4
"PisKTrBPJD8",24,336637,2253,365,99,1
"GcrE88A4kA8",23,336632,1790,326,730,1
"89uI4dXHDVk",24,336565,1294,799,336,3
"w6XfRa4Jobk",25,336552,896,133,85,3
"-0qyoTYp7Lg",24,336541,362,380,106,5
"Z6L452Geb3Y",10,336483,0,0,4866,5
"5mD-aCfE-jw",22,336409,443,141,26,3
"LUx8wlA_dk8",10,336090,3269,474,406,5
"io82HGyOf9s",29,336020,3941,627,535,4
"G1IaHrsCjqY",22,335946,1400,202,155,2
"DgSmouILilI",24,335913,2603,173,208,5
"cXAt9q-09Bc",24,335872,633,218,105,2
"Ubpo4xjXW0Y",24,335858,248,213,39,3
"va8U1G8fn_Q",24,335762,13144,1143,532,3
"i7EOO8-P52c",10,335736,2514,598,323,2
"-FOKvL2-4to",24,335668,23910,1496,2434,1
"z4x9YLoc4JU",24,335500,3743,443,869,2
"2SGFXHPjk-A",24,335308,1213,188,88,1
"RmP4z1WTgEc",10,335301,12216,216,424,1
"iYt1LQKnodw",10,335252,7559,418,483,2
"z8GGQHCwpAI",24,335228,993,139,35,1
"FAZRYM9z-ZM",17,335209,637,250,94,2
"n2a0G16aPzI",24,335185,4798,334,441,2
"uJSIeyTEtj8",24,335010,936,133,24,1
"7B2x2VaUgD4",24,334989,1106,163,43,1
"n2Di9F5Sfnw",25,334858,4136,237,187,4
"7yTWI873yfg",24,334780,1307,230,744,1
"3oU4jzNgqU8",24,334754,7872,261,581,3
"siTZtTT1qe0",22,334685,1084,91,450,3
"7MTN_iygttQ",24,334676,4276,557,436,1
"zhpc4n5-QUc",25,334670,808,200,187,1
"M6b_2xbQwoA",28,334634,1436,553,415,1
"s9_ogXDhhkY",25,334414,992,248,188,2
"2iCyiYL2E6E",25,334352,5606,833,956,2
"t_vqK9XbxWM",25,334332,972,175,169,4
"trCRiYMuE7c",24,334328,1769,186,876,3
"7N9U2mbQwBA",22,334179,666,161,49,1
"p23iwVz-0HM",24,334079,1360,104,70,1
"D3VxdPPdk1Q",1,334003,7975,727,621,2
"JJG-hy1ke1s",24,333981,1825,434,320,2
"LSOKej5-eP0",24,333864,0,0,0,5
"2B-r91bmAqc",22,333855,1235,95,52,2
"HF1kW3-3P9A",24,333813,620,316,150,1
"tJZwjj6MC9s",24,333813,4463,560,822,4
"N6h2W3PdW60",24,333683,2096,183,226,2
"SLpaNufCysA",25,333663,0,0,0,4
"rMLdGQ2lW74",26,333581,5063,358,1261,3
"aQ8BjJvDJ4g",24,333464,1031,289,56,2
"-0WuM6ctLHg",22,333432,4086,161,96,3
"Txogjk7J-7k",17,333430,751,153,57,2
"LOpz6iAWkg8",24,333387,999,200,33,2
"Yy2b1ePtnDo",10,333074,5368,139,376,1
"Nmo368FfD4I",10,333067,2429,508,235,1
"YLls2sx9DWQ",22,333047,1134,199,381,1
"LvWqsd_Xyg0",24,333004,2487,158,125,1
"4hlceKhfCV0",24,333002,2939,367,190,1
"j4-XoyYVtWc",24,332785,947,80,57,2
"XNikJCwTlqs",24,332673,842,371,557,3
"BqCaV0CO4Jw",24,332623,1326,186,95,2
"QuvPfSnC230",24,332578,1330,235,125,2
"Wltj4mW3gfM",22,332453,11615,372,801,3
"0Lf1Baw_j4Q",24,332363,5282,111,120,2
"eszAgtg-Z9U",24,332340,1697,215,97,4
"3TGCuKztsJ0",24,332299,3158,138,109,2
"7P5KIRRINrc",24,332249,1329,242,35,2
"faByp-vee3U",22,332127,3799,687,1014,1
"Qpa6gb6uQqE",25,332125,509,203,148,2
"ztGIsPDsA2A",24,332054,9364,2033,1473,3
"GaPmn5IQ6C0",24,331930,1150,171,48,1
"MCISsggVFDM",24,331925,865,431,297,4
"lS5iJ-BNQ40",24,331692,565,94,55,2
"bHzunpMHAH0",22,331595,1445,633,565,2
"tDu8nmQ3PmA",24,331492,0,0,93,5
"CaNIlCM5G2o",24,331426,357,62,89,3
"SlOhSRPETNs",24,331243,6236,177,640,1
"OHpjRpxS7UI",24,331217,3354,619,484,4
"bYP_6IOPv88",24,331133,7189,1890,1104,6
"dh4A3-gIyKw",24,331084,1285,301,743,1
"qBhRsr6a1dc",25,331059,483,96,240,2
"eCAG9YoGCYQ",23,330996,15721,610,2084,6
"HACZRoTvxs4",24,330966,2754,290,839,3
"QVyWHqhsT_k",24,330799,955,206,46,1
"jOMA4O-BZEk",22,330751,0,0,70,4
"s5ajjI1qRes",24,330706,1111,133,73,1
"TmhD_8NPhfo",25,330582,0,0,712,1
"GDKIIbrAfaw",24,330512,1240,341,107,4
"8oB5cLBU0cg",22,330465,700,511,45,4
"EcJb_kRElOs",24,330373,1323,345,827,1
"CqF4iPq9000",26,330284,5823,357,1554,2
"EOhbQ4agSAM",22,330127,1462,235,94,1
"uQw57BBVA4g",24,330070,1853,409,253,2
"ShvVw6mwWd0",25,330043,1952,1162,551,4
"2I9ZuOfnHCY",23,329931,11466,987,1844,6
"Vsc3xzOm7pQ",23,329887,17364,1439,921,4
"hwt_6iu8-Os",23,329887,16933,770,523,3
"C4Ho1M-U2jY",28,329875,1870,309,311,1
"oqPuUn-QUWE",23,329746,9939,1351,548,2
"polnBPtTS0g",25,329622,1078,197,114,2
"1DJVxuY2Fxw",24,329594,9007,373,1399,2
"qdlX4Di8O2A",24,329489,1115,330,193,4
"3rrkcdKFN0o",24,329468,1666,203,57,3
"RKedXWFkQNA",22,329440,1121,199,93,2
"GjWc35AUbcA",24,329397,248,239,372,4
"4vSuJyrjN5o",25,329354,1312,409,132,2
"K8cZvBImIWQ",25,329346,5154,175,539,6
"Mp6q4EEw1AI",24,329296,2778,256,661,1
"xJOHpQopHVg",1,329264,6312,619,511,3
"aGP54oQa_9Y",22,329197,514,248,51,2
"7pHCktrxJu0",10,329040,1779,288,259,3
"7F-xwlWW0dk",43,328926,3445,132,105,1
"WmzSRrDAICY",17,328726,2461,196,582,1
"114rbGU2Sfo",24,328701,847,225,495,2
"tlV22HAvYbM",24,328617,867,221,83,1
"gzYxCP6BF9o",24,328613,1061,781,652,3
"dhVoyZ4TiJs",25,328594,3074,418,724,2
"77EMY4wiOCw",43,328368,1394,100,60,1
"KOUgUhV_AVo",22,328327,1655,200,137,2
"RsNcJUTJuzU",24,328322,1457,138,161,2
"bJjZfPGlUWg",22,328321,2790,172,130,2
"ColCG73Aaw4",22,328313,1045,187,418,3
"7QG_CJGVxc4",25,328275,0,0,22,6
"Tx_ukvRq5Bo",24,328123,23896,2456,2807,4
"bNcduJKOVBM",24,328109,2758,104,131,2
"C6FlXWl_Os8",24,328037,1145,420,0,2
"1KdsD5pTHIk",24,328033,1484,219,100,2
"x-2bRMGR40I",24,328033,1548,492,311,2
"D496EM6gnnc",28,327847,23981,1619,6831,2
"mMYxSweYEBE",25,327711,0,0,0,2
"eFkXKxvkn6Y",10,327707,10471,602,396,1
"5KO5E-ROWro",24,327604,3693,269,191,4
"_q_s2069sQ0",24,327579,16074,736,913,2
"ukt8JTTpj0g",25,327537,972,288,420,2
"gb20FrbPlrE",22,327488,796,383,291,4
"jjdq3E8tSGg",24,327474,773,191,78,3
"G6B1C7vg1ng",24,327377,919,78,89,2
"7eupQ0LwzKs",24,327303,1469,495,993,3
"35gYBjvcNqY",25,327280,2612,360,200,3
"fbKGDZ7V5kg",10,327260,7245,455,189,5
"7mryaMsQw50",24,327087,2014,190,109,3
"G5owJkYST-8",25,326993,2313,164,54,2
"kJ7OvxYjxxA",24,326878,3703,290,255,3
"rr6m0v4yrig",25,326647,758,225,107,6
"7bT5cTlc8W0",24,326642,1828,498,254,1
"pg811ynVBjI",23,326252,1697,225,357,1
"ChGxuoUMUWk",22,326192,1527,648,678,2
"SexE4hOFiAw",25,325969,962,183,150,3
"jwySwh-rjiE",25,325802,1753,526,195,3
"UZnU-duI_qM",30,325725,2237,199,128,2
"LBPYUWyC_84",24,325665,1288,525,505,5
"C4sQB5uGX8Q",25,325610,9996,1040,1572,3
"N9cvm72D1ok",24,325506,1293,171,168,1
"RbwpLmRSljc",25,325505,1046,559,734,1
"25cB1zxOXoA",24,325472,430,794,130,2
"CkiePYEjIjk",27,325357,1279,114,144,3
"2r-9Tj9SP80",25,325336,2449,193,417,4
"3yj8DGOWQ5I",24,325223,1976,178,131,2
"cRBl1PkGcbo",24,325087,1418,527,189,3
"xvDm4koa4CE",24,325053,774,322,57,2
"Dfq4mIBQiNU",24,324890,1436,478,87,1
"HHMdAQ2P5Gs",24,324861,2111,223,91,1
"SLP61YSCebU",22,324674,2853,210,191,2
"duGErpf7Oko",24,324541,11522,471,395,3
"eByDP21WYiU",24,324393,3265,767,482,3
"pMgq5V-xV0o",25,324382,1860,387,0,1
"bHX-8h6OKi8",10,324362,4234,243,169,4
"BAHSLc7OxvM",10,324317,4763,182,160,2
"Nzcz_yEDdkw",25,324285,986,219,117,4
"MHlUPquo2Ic",24,324284,1070,242,62,1
"iBOfGqACh3c",24,324190,1495,201,274,1
"iWLjf1StmjU",24,324190,1653,219,121,1
"UkmIT-hmfhI",24,323905,19591,296,895,2
"G-O9JkxoLqs",24,323905,1718,237,237,2
"eb5oN1MXTxQ",24,323851,1386,331,759,1
"QUCI0HQUGbw",24,323650,921,96,78,3
"tQWicuQSpxs",10,323647,1123,284,151,1
"gOB_5HPmEYQ",24,323640,1217,209,219,2
"Uhs-r9Kjg_c",24,323617,1093,455,80,2
"vfdLDruzBGI",25,323522,0,0,1352,1
"Z10zTYK3snA",24,323344,1540,665,433,1
"EMzJCF8LNJ8",24,323271,4670,622,496,2
"tK_JsbE3meU",23,323250,10371,635,1677,3
"2-YrDICBbS8",10,322996,2721,408,147,1
"FVPtvz3oSNY",24,322954,4108,269,140,3
"PySl-NLNvvs",25,322469,1716,408,87,1
"TbubNIo2r-Q",24,322390,3646,250,103,3
"f309S9Y6Q5M",24,322001,2563,213,166,2
"0SWsbeX3YDg",22,321876,1089,482,293,2
"L-cVCS_PIzs",24,321848,1107,330,120,2
"hH9JEF2GRT4",24,321841,34992,695,2328,2
"NxtjUVjZ5o8",25,321838,1095,238,220,4
"6QQ4V976_aw",10,321813,13781,303,543,3
"7PMDnVvWJ-I",25,321684,1168,228,412,3
"HJEXMjEnMyg",24,321669,18767,495,1542,2
"0W3S1n6zjwU",24,321638,605,91,26,1
"qhbVuXJlxLw",24,321561,1009,123,22,2
"4VW0Ojqcs1s",25,321436,752,166,169,4
"S1eoHmJtHkU",25,321387,933,232,256,3
"w3_0L9_J-DU",24,321226,2208,217,156,1
"uOba80Ql4Tw",24,321187,1751,248,440,2
"KLzxAcniALE",24,321147,761,56,24,3
"whpkP5I557I",1,321111,647,234,64,1
"X4SkLrvdP2s",23,321063,5589,273,194,3
"8gJ_aOmuj5M",24,321063,923,225,94,1
"aCy3HhJRjOk",24,321045,635,77,28,3
"MF9ovM9y0PE",1,321020,8992,82,431,3
"wvHYHVq9xio",27,321000,27298,468,3445,4
"oArDgKDy3o4",24,320979,20928,1071,2220,1
"cKt8EfqBYUY",1,320904,9527,1039,824,4
"2CRGrVa-5DI",25,320790,1743,425,470,2
"BmoeYztkzBg",24,320778,5877,200,1118,2
"Qt6CTz_A2gI",24,320734,1609,226,634,1
"v6hpElmQXws",25,320681,1135,82,64,1
"a65KqxBGBoY",24,320602,1783,468,209,1
"qG9z8PBRuG0",24,320559,4070,330,372,1
"lwud_WWF7gw",22,320556,0,0,55,1
"pzk_NdsUZhg",24,320486,574,192,65,2
"CtZlkkjN2R8",22,320482,1592,224,241,1
"AKhDxGJTe7g",24,320353,5002,843,309,4
"itUrUflsJqo",25,320351,2289,243,68,2
"OUtNLj4ETTc",1,320349,3104,430,297,3
"IDz_eccQ3lk",24,320270,16298,2375,1478,3
"Ppmf8CTxkSI",24,320259,1495,430,152,1
"9eF8k2D5UpI",24,320245,15668,995,850,4
"ZauwpAuNN2U",24,320101,1645,552,243,2
"89iL9GbhoXU",23,320005,7280,224,339,2
"PA_HmCXcUcg",1,319995,9018,260,525,4
"Kp9jpmDZYYA",25,319937,602,123,2,1
"qaTfJPNhq4s",24,319920,1713,395,210,2
"rpYLkcetoIU",26,319884,1167,337,134,2
"rJn0gYDeVj8",23,319870,17051,360,2250,4
"zZwI_7GZ5Js",24,319768,3925,342,756,1
"hnuaKesCOO8",10,319754,12995,249,434,4
"vzqiIwPdXAc",17,319705,2769,287,11,4
"qNqiNIzlWaI",24,319677,2839,269,724,1
"MFLb9kAG66M",24,319610,1412,277,170,2
"Du373PGewlk",23,319535,1602,184,433,1
"clXHKoFA2Sg",24,319503,1748,259,113,1
"JIwQ0ck1L4M",24,319397,8562,432,1118,4
"i7DiqkznlvE",24,319386,4783,577,959,4
"bFBrPZrq3Dg",22,319248,1475,197,130,2
"rKl5oyXwH20",10,319237,1925,274,115,2
"5jX22FQrd0k",24,319197,1007,63,67,1
"7ADgSUDVk2w",23,319138,1887,169,623,1
"8x-mzEO3Em4",25,319107,830,275,162,5
"MhXP9GpiR34",10,319070,12256,2099,1090,1
"xVCwBWTU8L0",24,318959,808,415,135,1
"6qr8tW_OVU0",24,318930,1623,279,153,2
"2C8_t9paCek",22,318742,1293,183,156,1
"Xk3KixvzGZo",24,318690,1668,316,253,1
"OjS-MiMe0tM",17,318438,3400,350,34,2
"4VQkSMeAbBE",1,318374,8282,965,716,3
"AwnvLmRb5sc",23,318353,1522,231,204,4
"sAALSjuXGEo",24,318198,1561,624,326,2
"9OPK3DXk4ug",25,318188,1240,217,183,2
"t_iSI89ZxYU",24,318150,7438,1119,3626,2
"IodBs5n6LY4",24,318109,2562,174,258,2
"551oGsGHoQQ",24,318041,1742,410,142,2
"4OSQIcdXVe4",24,318021,2213,313,356,1
"ELIgdo-2ZXo",24,317993,1126,289,151,2
"5c0bKyqHLyY",22,317951,1634,333,109,1
"qzKhAfgiAdg",24,317874,1169,100,44,2
"FHhcib56vuY",24,317745,1030,136,65,1
"OSKQ175B26Q",1,317742,6908,978,642,2
"Tiy_VZWkKe0",24,317666,1660,262,130,2
"FT5oOpjyd9k",24,317666,2697,262,682,1
"HUPTDEUpkdg",24,317411,1542,431,193,2
"x4CU0daFYdo",22,317402,618,184,71,1
"pvIzHGeoYSg",1,317142,4958,469,377,3
"lfjrk5-0ETs",10,317133,15215,1304,1377,2
"20aZHly_zTY",24,317124,3535,103,32,2
"uxLDNIUCshI",25,317122,722,326,40,2
"G-eW1jl773w",24,316966,10664,1482,761,2
"8Svg8GG4gHw",10,316878,36196,149,425,3
"WtZ67PxaQDQ",24,316871,23340,384,2983,5
"aNj9FbBptnE",25,316792,1215,463,407,2
"gr60GYwc4kw",24,316668,5557,2240,572,5
"zxVWKXrmDRM",24,316606,10015,1178,835,3
"I6kx5GKJYGw",24,316493,4746,695,624,3
"iD6vK5kbxKU",10,316400,3085,408,167,4
"AfDfoQE2iyM",27,316331,34287,471,2552,2
"EHeyeIxehqc",24,316328,1003,202,181,2
"ctIaI1kHdgM",22,316203,365,942,0,4
"ou2C0oJYZx8",1,316144,7438,340,458,1
"uDAqwYzZ0wk",17,316141,5819,1178,351,2
"0DzA7fHhnIc",25,316093,0,0,194,3
"FgF5O1nt4QA",17,316024,2466,210,0,1
"DG3jg7ShTEM",25,315974,860,370,735,3
"vJzKh-lMcms",24,315855,2491,161,161,2
"RblRQrFXv_o",10,315819,13032,153,573,2
"PEsVUaXO4k0",23,315809,15888,469,1007,2
"JYsiVRYtFmc",22,315753,1421,192,453,2
"ztNSxJfBH7M",23,315567,40648,1615,5180,5
"MSNdWOmahoY",24,315389,426,212,20,1
"_fJSu5naKX4",24,315154,842,219,183,1
"EarnEgB0CO8",22,315136,18575,943,2767,4
"5D-5wSaYub4",24,315012,786,185,60,1
"j34EfiV3BCc",24,314989,1189,236,677,2
"ux_JkKb2E7A",28,314931,30739,1018,5571,1
"ltrstdEFaqg",24,314900,6999,171,487,1
"qV5tTRrwh_g",24,314895,1044,74,106,1
"zDvwoOWZBog",22,314836,0,0,0,3
"fE3uWqaH4Qw",24,314779,760,68,34,1
"dJ2cDEcfpKs",22,314683,1273,182,77,1
"5qqeuMgtreY",25,314571,2715,79,82,2
"3AJECml36C8",24,314392,11513,421,1387,4
"X7rBP8d0K8M",25,314348,4729,276,462,2
"uNxGVpkrFqA",24,314313,7559,2162,2479,3
"LIjO3XNci7U",17,314265,2132,177,262,1
"LqdXPg4ANWE",23,314192,6693,115,424,1
"vmoL-XXbDuA",24,314161,397,123,501,2
"bIz6CI8Hq-c",23,314159,1542,245,1103,2
"mACc4mVS4uc",25,314139,2020,654,1428,1
"mGoJNeWEdXA",28,313913,58286,1476,54517,1
"5WqDAAzEcjk",25,313889,912,235,241,1
"Y1MBVt6mZL4",25,313880,1924,150,169,4
"1hPQOTF7fJ8",25,313815,776,159,166,2
"vSOQTmiY92A",24,313617,9171,391,1587,2
"f1xLsNNlaVk",23,313579,3679,237,427,2
"0582TMsrvns",23,313573,12684,3316,1551,2
"smcUETnz2xY",24,313505,917,3977,945,5
"DZRbzVK-98o",25,313454,737,434,116,4
"xmTHyoms5Vo",24,313428,1256,706,225,3
"EkL-7WX87uk",24,313404,13496,258,1436,3
"zvS2hxh3ZhU",22,313399,1633,271,260,1
"fgzRyHlfY14",23,313393,1759,199,323,1
"FlVeVqUCrjw",24,313161,3080,222,66,4
"eFfduTxO3FI",10,312937,8545,252,369,3
"3Yv8pOMsTRE",24,312635,11560,349,454,1
"D4cZ3r7lX64",24,312621,3700,68,219,1
"QlaFpoe1U-s",24,312524,9908,130,223,4
"N7p6nxAjvFI",25,312485,1439,165,105,2
"6dOhowcc_WQ",25,312405,2049,167,249,1
"BGI-nBF4dKU",25,312404,4209,74,7,3
"UH1JCG1xSas",24,312391,586,152,51,1
"SCIVb_QJqKM",25,312194,3113,361,1284,3
"wl0PzdbaZ8w",10,312133,8375,428,279,1
"9q4WV4SMamM",24,312132,703,65,59,2
"e1AgWVFScrc",10,312107,9651,297,556,3
"jjRMmoSgM2s",25,312028,1630,860,674,3
"68nJwAd-HkQ",24,311855,1420,367,219,2
"IF1BHPB5GSc",24,311840,381,170,140,6
"DFhRbCk0Mgc",24,311805,1401,170,46,1
"RQ9ugWhz0vQ",24,311688,1858,79,66,1
"4g_XQpyDVE4",10,311522,14564,430,1055,3
"gTea348Sa28",10,311451,7968,183,523,2
"xeLNzNYH5GY",17,311429,5365,983,161,1
"os168iCFxA4",17,311377,8767,1614,746,2
"4xM21KwmGBE",24,311321,6180,428,360,2
"EpEVWOXVG9U",24,311291,2388,211,336,2
"Y6n3Vxi3L8E",10,311259,2931,413,244,1
"kQzefga4v6c",17,311202,1289,115,202,2
"v06UN6BrJvc",24,311198,2609,144,142,1
"3Ux_reOuM_g",24,311164,1054,189,162,2
"w0WiNYjGuqA",24,311141,8545,291,1228,2
"Fn36EVTC3kY",24,311134,3638,189,146,3
"B5vg6tD8IKs",24,311048,5286,404,745,3
"yNIEkWQkPu4",24,310978,756,224,100,3
"uBUiUcMhxec",24,310959,1148,223,150,2
"YZ5txqs-1mc",25,310944,715,1469,0,4
"_q3NLZEzQ_4",24,310865,23642,802,3336,2
"V6-3qb8ejbo",25,310699,1295,206,0,2
"MEmfXG7AoJI",25,310356,2229,586,302,2
"AG96DWII1TY",22,310347,335,436,0,2
"accOMtn8Od4",27,310288,30733,663,4969,2
"gYG_wTRzM-M",24,310238,1434,507,224,2
"pGBRAKrYwEw",24,310148,404,646,66,4
"7fzr5j4x08A",24,310130,7199,319,781,2
"pwoA01rtwMM",24,310035,1064,80,123,1
"4ydzEQ1bVSo",24,309891,572,245,108,2
"zVUnaOE3hGk",28,309833,11884,389,2344,2
"yENTSmrz604",22,309825,1877,421,61,4
"Fisr4YY_2L8",26,309773,8993,497,5152,1
"pJEAFUT8e2o",24,309707,5472,136,373,2
"GZYDBArpHKA",24,309568,2337,229,346,1
"D1mTErTChjU",25,309507,2792,213,154,3
"Yvp9jUJtMuY",23,309490,1560,200,108,1
"ZSFM5WPcWv4",26,309442,5422,310,1204,2
"tZUu-iuXZD0",24,309374,592,54,42,2
"UAaAAmcqp2Y",22,309343,2379,394,0,3
"_CP07rMx5Gs",24,309252,1338,128,115,2
"mVq8xYUPurM",24,309204,518,175,56,2
"pPzv49GA9mw",23,309132,19257,1191,922,4
"oYFV9w-USFo",24,309116,1202,170,82,1
"mVBljbDFxcE",24,309011,1024,113,64,1
"n5tcTFTUDH8",24,308973,6801,196,407,3
"nRjvxbDj80k",24,308956,1430,78,25,2
"wwFsq6FuWy0",25,308896,1594,169,36,2
"pUGh0ydBzI8",24,308893,1952,301,395,1
"ldVkOjCI60k",1,308851,6217,595,453,3
"PCxup2LyoMk",22,308784,2424,242,178,2
"m7og4gogbKM",25,308773,3667,1126,1582,4
"lMsRUtAELLg",24,308582,1364,286,1092,3
"txnyOamVWm8",24,308576,1439,214,160,2
"fZXMzwEisV8",24,308576,1275,209,103,4
"sNz2MaJ_zsQ",25,308464,2960,259,794,1
"QioFeesI1qw",10,308399,15808,201,1128,4
"_bNrVP6CCfs",24,308394,5415,1833,568,1
"pBmmYgmN2IM",28,308383,20361,851,13553,1
"kOIO3kKxxNg",24,308275,839,84,38,3
"43DHqe3rIJU",24,308262,2367,247,143,2
"RFGBwM2psbE",25,308260,2914,592,581,3
"5HLlqIXTM6A",1,308256,7912,128,358,2
"H5OxZ5ESu0k",22,308208,6929,321,474,3
"SUpiJ5KneZY",25,308169,316,127,10,1
"MIj14_omSIo",25,307994,3079,234,77,3
"ZI2H5mMCmhA",24,307883,1343,656,231,3
"_NL7ohG9c7U",22,307836,207,784,0,3
"R8nYTkt8fks",25,307813,1277,215,0,2
"6UpfKH9CLF0",24,307757,1024,135,55,1
"HXamTw5raPQ",24,307667,1802,202,34,3
"Fbb5mtIxuc0",25,307527,1549,507,685,4
"lzsPNIKLmAw",25,307355,1661,516,371,4
"1b9oQiBHMpU",10,307340,5450,644,424,2
"8kb6sNtHB4Q",24,307311,4100,525,1045,3
"unVvGSBN-8c",24,307304,6654,300,537,2
"yAZkC7nM0d4",17,307215,7845,294,916,1
"CtZa-9CYy9U",24,307034,1534,539,235,2
"Kx-N7y9g7vc",25,306861,752,299,244,4
"4cytbCvAq4U",23,306857,26510,814,2171,3
"blrrsDqDrrk",17,306840,2980,298,6,2
"EcuHYFpewsU",24,306817,617,291,26,3
"THkCSwnTaME",27,306601,57568,377,5607,3
"nIu4x-z1NgY",24,306594,1569,331,82,1
"OsgRm8CkZ8U",23,306577,3695,405,280,5
"ePrsMj0ljyo",28,306483,27372,915,9197,1
"uVoV6TxNt2s",24,306460,2458,202,504,1
"Qwj_iP6SAAI",22,306384,1017,150,56,1
"Nh-w1XxqbZc",24,306382,362,158,0,2
"0wYY_icNrTI",22,306366,2040,338,91,3
"APVsOhB_Qv4",23,306360,3513,453,448,4
"8W1H8KdMp6w",22,306330,1228,169,330,1
"qN_zQOeGfu4",24,306327,6059,615,557,3
"BQvWztvk3yY",25,306180,2906,450,697,2
"zoSbFxs56Q8",24,306173,1277,186,85,2
"wuFxGmObK9c",25,306145,1943,388,190,5
"GJjkh5Giub8",23,306140,7394,352,527,5
"jGMNEHUpEUk",25,306131,4542,159,252,3
"sjvvAtFaLPA",24,306098,1125,301,45,3
"9k8HxQizcqo",24,306092,0,0,0,3
"O7DoSaFM7D8",24,306043,367,303,0,3
"EUZiq_I9yA4",1,305963,1120,154,71,1
"Vmo79gbPNac",26,305793,1530,170,93,3
"Lf_l_kyh-eg",24,305734,1723,157,42,3
"74IIr3phzV4",22,305639,1847,338,266,3
"eP-jkoUxTG4",27,305633,26225,501,2177,2
"ouhZOVZ3mSk",24,305630,1103,155,27,2
"OoPVweZY-wQ",24,305493,1075,169,26,2
"Sb-SfaM2PYY",22,305447,4040,341,478,3
"9do6ZWRmoRM",24,305430,1072,70,68,1
"vUOuXzG6cDs",24,305259,1736,177,102,4
"_MNPODMDI4k",22,305161,948,374,376,1
"tZw8tnz-uv8",26,305160,16508,368,1014,1
"w5o5o0LfCRk",24,305023,9854,214,1206,1
"NhAQZ_cktog",25,305016,1289,118,36,5
"j0TbzISCk7Q",24,304914,2508,147,195,2
"4aN_QG2CSo4",27,304884,3961,165,387,1
"ZyQxMQJJpjY",24,304775,920,140,46,1
"Ybk37X2YJxo",24,304699,13652,243,1207,2
"Z9JBCorjl9A",22,304624,0,0,0,3
"uOUQJ3_o1T0",24,304617,2224,129,56,4
"sGVJ5ZOCFR8",22,304478,1094,135,206,1
"_llUOtlShqg",24,304413,632,91,45,1
"y4dVUEsMjCU",22,304303,467,538,121,3
"qDnt4ZUS2_s",25,304285,524,224,32,4
"KoQOupXW98o",25,304261,533,123,9,2
"lZP0hXDLsYU",24,304213,3815,425,195,2
"sjVBoBPiB-g",24,304163,1577,488,301,1
"8zR5y6Skq2M",1,304126,469,62,33,2
"cDNJKtpP1ug",24,304033,0,0,0,3
"s_0xez9KYlk",22,303988,1003,180,256,1
"ijuYQ0kDyUM",24,303979,533,124,46,1
"I6xV455VRUM",26,303946,1300,222,264,2
"V93szbdpX2k",24,303904,7672,635,856,2
"a8G-vVFKm4M",24,303877,1658,287,201,1
"GjCAGhA9pGc",24,303840,480,101,86,2
"TNgd2mYnG7k",25,303768,579,114,103,3
"r6MDeLLNikc",10,303701,4126,330,528,2
"aWX5IU1FvK8",23,303338,1862,175,317,1
"95PoB-nEeAU",22,303286,2118,304,259,5
"ouUL9XDkTyE",25,303246,2626,1062,887,1
"WpZhbb44ZVk",24,303174,17142,639,1000,3
"G0106lkCXnI",25,303172,2577,227,381,4
"Y3wEUzbVKsA",24,303064,1744,311,156,2
"C9YPvmq-mR8",24,303054,1648,272,968,1
"Cm2zNN8ImLU",24,303043,1244,206,32,1
"mEds-26hiTQ",24,302905,715,69,135,1
"CcTmgbprcAM",24,302892,567,112,17,3
"XNi9thjL8k4",24,302723,9627,101,312,4
"VwBb77AZOxI",24,302706,278,246,8,2
"LDz4HYOJL2w",24,302674,1716,273,186,3
"IHUJbNKnxyw",25,302583,3935,322,626,2
"EmpoRYLF3JY",24,302539,1675,174,73,1
"8_d_4A0TR4E",10,302446,6931,211,229,3
"ddSObsitRJI",24,302424,2765,523,368,2
"HOQVqZuU7Xc",24,302267,402,150,17,1
"KaJ6hpl5CuU",22,302154,2293,840,497,3
"TKwA-wBKXkU",24,302118,965,154,35,2
"Wqe8qWtGJfk",24,301990,240,212,21,3
"wcEk6p-lVEc",25,301952,1966,212,195,2
"wn04wJoj4T4",24,301690,3256,387,269,4
"yR61iiTRYdo",24,301671,2564,150,138,3
"M2EG29lkROo",25,301629,1209,535,800,2
"p9SVCrPT4dk",24,301629,899,200,41,1
"TYIl7RuTJsY",24,301599,1329,314,145,2
"BAzmDFsN6_8",23,301529,30929,528,2684,2
"3ju2C5jbgWg",24,301506,2103,222,302,2
"64UhJDwAzqM",25,301451,962,173,82,3
"vMFJf6V_-QY",28,301362,27119,977,3680,2
"lRKMcS25CSI",25,301349,2761,231,1036,1
"qTOGKO7Fpu8",24,301335,1283,199,40,2
"VKGnphd9v6o",23,301322,1461,188,0,1
"fFv5lDAvCGU",24,301002,855,430,336,1
"i8AUGPMwmKk",24,300974,678,119,41,3
"zFUR86FIfFU",24,300966,763,175,43,3
"H1N14xPRvoY",24,300896,3035,526,271,2
"rHX7lHnuAw0",24,300861,1444,140,103,3
"3AhGp3ELXUM",17,300837,1621,292,458,2
"mRyRgIW00u8",24,300828,17735,468,2147,5
"Wp4pBYagvHY",23,300685,10939,479,1098,5
"pI6xWxByHrM",23,300557,3319,396,682,1
"zOC2f9lYXBA",24,300278,461,217,173,3
"UnfOSfas0UQ",24,300191,502,475,0,2
"bITT5CmF_7g",22,300177,2502,632,0,2
"zn04Eavv3Nw",24,300136,7740,189,2043,2
"QqjHV_p7YZU",24,299884,14689,207,1351,1
"-6tWZx26eps",23,299873,2243,202,113,2
"7Ak-0bCwRz0",1,299747,1122,151,42,1
"D8lrifSKRWw",22,299636,4475,159,157,2
"B_zvR6faKow",24,299590,518,95,31,1
"BrIp9yAvnY4",25,299531,11523,589,1459,3
"X0v6vnvVXcw",24,299433,3351,1188,651,3
"CmgDzkbGJp4",24,299351,3534,292,337,1
"97Q3_ZJm53I",22,299283,1947,356,154,3
"MWeYWuCAbtw",24,299121,1082,180,27,2
"VsW9GyxoO-Q",1,299019,2683,105,137,3
"LQ07x5sXSfs",24,298963,2621,988,490,2
"lB4KCWx96cg",24,298945,1095,129,63,1
"5RSibH30DdM",25,298925,1982,186,281,1
"7rOd8ujtqBE",24,298782,11997,356,413,1
"ZpyXA_-nK0I",22,298700,1105,178,125,2
"2jsBp2x00ik",23,298521,11595,805,438,1
"VORZWiZbVfw",24,298334,1736,169,356,1
"GXzo3jhPSAI",24,298104,951,549,427,3
"2Xveilyy9zE",24,298070,618,843,0,2
"OnoWDWNFeIo",25,297954,1824,157,194,2
"ZICW_IwK8mM",22,297830,2450,274,151,3
"y4wtk5PcIWI",25,297665,14277,392,2719,2
"7fEhif3PsXI",24,297608,10373,492,276,2
"vcnL9iZ-8X8",24,297392,1934,306,274,2
"4wfGEKQbdTw",24,297378,6848,730,1085,3
"Pqd5ojOD7Tw",26,297307,1669,319,95,2
"D93ClwGyKPc",22,297304,1944,11347,643,4
"iEyMyMA3rAI",24,297301,12050,677,538,6
"DYERlhWPxog",22,297279,866,167,275,2
"CzbXiHAQ8Ow",22,297150,1127,142,103,1
"WSrlM21FxFk",24,297140,1164,68,92,1
"pgOe401AYLs",25,297095,1147,497,158,5
"W58UliRrnDY",24,297057,781,131,36,1
"BVLO3k3GCHM",23,297044,1620,192,164,2
"S0ic4izwwiY",25,296864,2208,568,1483,3
"AuSew0AGngE",23,296798,38333,864,6230,4
"s0eNfufEem0",24,296722,878,144,119,3
"wdt19VHzaS4",23,296714,1744,195,383,1
"Beb2Iblr4sY",24,296640,2194,351,185,3
"GRNATEKNryk",43,296568,927,147,55,1
"v54s0UxkJaI",24,296528,2882,151,227,1
"1uBP0wfOk7M",24,296466,347,213,0,2
"BQp1O4RqwlA",24,296460,925,192,79,2
"OYcv406J_J4",28,296438,9061,969,1674,1
"3CKj8maHaxc",24,296435,813,69,30,1
"0xzKguw9tcE",24,296392,808,52,27,3
"0eX4BBS620Y",24,296361,1007,68,35,4
"ByJUppX6pPE",2,296348,578,143,80,3
"EeigUEm-UCM",1,296305,1143,98,32,1
"sGKQeLHnuBw",24,296280,1063,184,29,3
"EhuVsYgJcLg",25,296276,1014,257,144,5
"BdA2nHwpFi4",10,296236,4477,484,285,1
"JPbJCC7NP8k",10,296222,8791,521,750,1
"Zx67ZfaeSaQ",25,296197,2903,291,122,2
"W7l5iZl3lGY",10,296139,8305,281,419,1
"_N6CUiD8Fx8",24,296098,722,104,21,3
"1dvqUIIsU84",10,296088,10243,307,400,1
"TuROCL4PBGA",28,296070,29821,1259,3557,2
"hhtzBUFGfWM",24,296049,839,234,45,1
"RDjsxfTZF2o",24,296027,7638,407,653,3
"GAwP4DKF8Gk",25,295955,1007,395,0,3
"FRCVxjAN-EA",25,295872,400,159,48,3
"5qxNL1XPDnY",24,295851,13370,392,499,3
"it6FhNiVuWw",24,295842,587,106,23,1
"JoZCckH-54A",23,295695,5782,422,265,3
"Mu2xiFekdfk",24,295689,2748,1366,972,3
"fGMHhjuI9mg",23,295680,7880,1085,2038,5
"0dpIo2RExZc",22,295649,0,0,35,2
"wci7R7spK-k",24,295503,3360,216,259,2
"K4MIJ5e6lUw",24,295494,847,175,136,1
"b-LDelJrFO8",24,295417,6061,440,1031,2
"SOIJeoD17Co",24,295407,1171,148,44,1
"Iy84AW3w-T4",24,295398,3065,283,593,1
"zt6fYEdcLsU",24,295385,1302,184,68,1
"RLRhj5JDf8Q",10,295378,1104,214,130,1
"To8Qly-ke1E",24,295345,771,171,572,1
"oz-XiYNCo7o",1,295319,1888,318,303,1
"Ik9JXtQDqmU",2,295165,1398,509,582,2
"eIb_MIRXoQI",22,295153,927,151,242,2
"eMJuMB1asf8",22,295107,1326,175,75,2
"RMPxx71ICxk",26,295102,9594,397,602,1
"WpEjZALEPVc",24,295069,4128,1624,557,4
"uccFEfAVzAM",24,295046,2717,401,873,4
"fjiNwpF-CrY",24,295021,1026,73,24,4
"4hyWFjCY60o",17,294972,1983,253,280,1
"Oiu7BO8dOFE",24,294946,2264,506,630,4
"F7yf8MJUqhk",24,294732,1399,130,113,2
"1_kulL095i4",23,294680,8032,427,651,4
"X3xGDtZSMNM",24,294482,586,128,52,1
"f79RGg-5G70",24,294478,938,181,120,1
"_xyudTYEglw",24,294436,937,98,32,5
"CT4FYX4QivA",24,294334,1217,76,100,1
"arSgrwqP9j8",1,294292,412,181,17,3
"Tx69Ix8WXkM",24,294271,2710,164,74,3
"pI12D2ZcGEw",24,294225,1554,310,209,1
"feZdio1o8zs",24,294222,1427,300,183,1
"uC_jUDyWAmc",25,294127,1491,188,174,2
"RmgPx1oIRWA",10,294090,2012,476,238,3
"3cljaQ_RoAg",24,293965,5778,38,224,1
"dLW1SaWWmi0",28,293946,28088,1203,3528,1
"MRAog5Kp-kU",24,293849,1799,203,359,2
"1hyYO-e8KNU",24,293606,11236,349,951,2
"JO2WC9zl9OE",24,293398,940,352,175,2
"agf39sRCIr8",23,293358,13884,671,697,3
"JyCovUxccdg",22,293352,1778,176,118,1
"uL1lXlBU6n8",25,293319,2356,589,123,2
"TQypXve0Ork",24,293291,1411,248,156,2
"6SEG_U3Lke0",24,293289,1557,80,210,2
"A7r-hBCFtAk",24,293140,891,268,121,2
"bY5tNIoGxOE",24,293047,1150,105,149,1
"SBPUWKby3T8",24,293011,3114,189,162,2
"MEEbaQfxbqk",24,292910,2497,397,1035,3
"e6zCgTo8I2I",24,292891,1223,290,545,1
"Hj2GF4YG1Ww",24,292845,734,178,114,2
"iBlXf5EbMDk",25,292843,4012,611,492,4
"cGcMFul1GDE",25,292758,2162,161,176,1
"esLQ_TBSen4",24,292733,703,193,202,3
"YAwnH96aDuY",27,292668,47287,657,2855,3
"FliRCB1NE3M",23,292635,1777,171,255,1
"3WNXcEKqA68",24,292543,964,1048,448,4
"eARKYQVn8rU",24,292372,4049,189,161,3
"MnUciTsPd8E",24,292314,1305,42,47,2
"6VutOzF8gq4",24,292281,10244,279,354,2
"3CGGqXL7Qr8",24,292270,541,598,48,4
"1L_GpH3uSso",24,292191,1574,200,113,2
"AUvK0p-Ozbc",24,292162,1194,290,231,4
"c1PoawUtdbA",10,292127,7666,552,326,2
"1HbxwoWn3c0",24,292125,1026,78,37,2
"OfYxZ4DJj2Q",22,292113,1092,182,75,2
"m2gWd_VNuRw",24,292071,5029,1064,1316,3
"7gShaSuK_PY",22,292060,582,200,43,4
"AAuSqqFBJTY",24,291986,604,139,47,2
"UVrzAzqX9SM",24,291906,870,135,33,2
"avh8Nb2GdKg",23,291881,14712,493,2783,2
"lIeAAS5T2jQ",24,291877,662,122,93,1
"usdPPq1_k3c",1,291871,4016,114,163,2
"oFjvw_MiYkQ",24,291493,2418,162,177,1
"vwe-yqcsM3U",24,291344,8024,1474,528,3
"WpAW0vXxo9s",25,291254,1041,1822,1784,3
"fCWrF19GQnM",24,291214,2353,217,189,3
"s8_a5TxpjIk",24,291173,998,285,37,3
"Bao_X9LQ44c",24,291136,728,223,18,1
"bozXknHtnqI",1,291130,872,149,57,3
"BPtRo0LXVYo",25,290974,3466,261,451,2
"qdUNbpio-8o",24,290946,1070,135,65,3
"7MaV42Z3UnM",10,290941,1660,88,90,5
"onvHEjy6OzM",24,290768,2697,72,136,3
"mTVPgE2Lli8",22,290728,8824,623,648,3
"dxB7Mbrmp7Y",25,290689,1877,308,317,2
"2oEzinKHb00",22,290571,1076,101,39,2
"SIeRbTcer1U",22,290454,1286,243,171,1
"eMiOXlzVMNc",24,290348,3033,1806,524,4
"Od5Q9f-PLVk",26,290343,1810,223,111,2
"jNQ0P_u0AHw",10,289864,1840,354,221,2
"_whY-cy3vz4",24,289859,1526,274,193,1
"tzlF8oZd2BU",1,289853,4088,417,683,2
"i8Gk7e8YwlE",23,289836,1367,172,192,4
"M5-EvHOp6Tk",25,289718,1378,162,53,3
"jMtyrGUlPhs",10,289697,8350,155,162,3
"MmPXsvgfwRo",23,289676,4655,240,148,4
"Jpw5zpDlyzQ",24,289630,0,0,0,2
"j8vPbX3YfLQ",24,289625,1110,156,80,1
"eI5ILb53Dyo",25,289606,2081,467,108,4
"GEXuZmSNbUc",24,289490,1804,391,269,2
"pAHspmKFzBg",1,289471,2962,80,94,3
"OgyC_D-9NCQ",25,289306,2398,1315,1514,2
"QfhW2iqCvqw",24,289261,2904,194,603,1
"bkkG5jPFnnY",10,289218,3660,290,236,1
"VFN9i368Nls",23,289212,1540,181,348,1
"yYKo-vslNLw",25,289189,2179,187,189,2
"KOqTYRQobcs",24,289185,2588,173,214,4
"v3lVcGE6qpg",24,289159,1224,177,498,1
"5a36qYexzjg",24,289120,22781,259,2020,3
"imPlrI1jDsE",25,289019,0,0,154,2
"OezSZeVdZCI",24,289012,964,257,163,5
"8JbzLZ4dR60",24,288997,399,198,83,2
"OvdgydP4O_o",24,288971,833,444,96,1
"mq06LzlPuLE",17,288953,3144,223,264,1
"0aFnAF63j2o",28,288950,6453,279,1048,2
"4jlzBKYIhjc",24,288916,339,57,31,5
"H57MO6wVHM0",24,288887,820,193,123,2
"bWC6Ec0xwDo",24,288870,602,68,296,2
"RU6Y6ZRkP9Y",24,288636,3074,426,229,5
"Xh3gEh8-ftc",24,288607,718,126,41,1
"jCapB7AbXHw",24,288445,370,499,201,5
"QyWmSYy4m6k",24,288445,937,131,33,1
"5A3i2gpmHp0",24,288385,789,190,163,2
"neYRupCRYXY",25,288288,831,173,40,2
"J6R3D6jOgYk",24,288270,981,207,151,1
"6LJvECinKbU",25,288258,1043,63,45,1
"lXBuFqqLARw",24,288196,1363,287,224,1
"RFVROHwWO6A",24,288172,3447,2658,1899,2
"sVWEitxOyBE",24,288171,789,136,26,2
"qJYHegeG3kU",24,288064,1569,182,91,3
"UXpaX6kNFzc",24,288011,7171,72,382,2
"f4KY8JY0wIY",1,288004,3489,137,320,5
"mbzCiIzTYJY",25,287936,1334,187,24,6
"uAazOQDbOI8",28,287923,54266,2250,6816,2
"3jXGg4o-UZg",22,287920,1395,278,176,2
"UkhRANGL9Js",26,287892,7901,750,1897,1
"2TjoZXLgbLY",24,287533,7643,5628,1630,3
"qg2NmXf-hOU",24,287517,3033,174,241,1
"UvDGBIkJaqQ",19,287298,9292,178,2031,1
"8cpN5nA6PiA",24,287295,599,193,45,1
"oaBzIAMFtZM",24,287235,1390,336,211,2
"dy324T7nlAI",24,287234,1847,185,468,1
"iU8Sporf96c",1,287169,2023,540,421,3
"iEO90MO9wcE",25,287157,1103,260,153,2
"ygOgBnB9cjM",25,287114,4293,430,775,1
"jfrGsxoQJnc",20,287068,7228,279,461,1
"v9iInif1XOA",24,287037,9471,245,1570,1
"0mdP_YyqYio",10,287033,9911,475,849,1
"td1xI8BD3sk",24,286982,6381,422,1372,3
"ufuN6C4bmgo",10,286916,8396,215,190,4
"HDBk-BWmhjk",24,286892,2455,176,486,1
"wsjvc9hrbcc",17,286477,9327,875,1149,1
"x99CPHuwWho",25,286462,2327,604,694,4
"8r9FLxHelRg",24,286244,5530,63,335,1
"XS9BYn23cjo",24,286242,2472,164,109,2
"TqKwVA-tPAk",24,286172,4918,462,834,1
"oqg2IeXNy6c",24,286149,4049,229,411,4
"LRJDzEACAD0",24,286141,944,54,24,2
"g5XDlrfSxJE",25,286127,4595,216,518,5
"hXfq4lry_vg",24,285987,563,181,57,1
"-7yTJ7WdbSQ",24,285976,244,45,16,3
"oZ2iA-r717A",10,285942,11441,339,365,1
"NFRFEGfN5eU",24,285939,406,64,36,2
"0rxtYQSf6BE",24,285855,5664,311,722,6
"mLyGd6PJWl4",25,285843,1570,240,219,2
"tLkfkSztkmk",24,285806,15882,476,1251,2
"0fCM_i5b7io",24,285789,14765,108,998,1
"Q_JF6GHCT9g",23,285643,3114,342,275,4
"nrp3WUJUFeE",25,285640,335,121,0,1
"SFQEVtizh24",24,285556,282,3288,502,3
"1CvUbjgrRa0",25,285532,1024,2091,0,3
"4EKrU1tt5JU",10,285523,11174,428,601,2
"WZk-mJUQb1Q",24,285493,2088,897,424,4
"O1iT1tv6-Ww",24,285393,766,127,58,1
"_Yp13mJ1-DA",28,285331,28345,840,3444,2
"6CJeLRTkqyI",25,285315,1332,331,0,1
"NLW8VApXDd8",25,285305,2103,164,190,1
"aVAFkMBPxEs",24,285266,975,170,18,1
"UaD0E7IgAl4",10,285261,2981,457,174,2
"bpHw9kWH4bM",17,285245,4544,143,801,1
"jS-x5zzKaJo",27,285226,1449,258,73,3
"-8JJ2dp3u_A",24,285076,2481,197,182,2
"2dk8TdyfEM4",23,285075,20707,925,1402,2
"LSoefZ11KqQ",25,285030,1664,411,0,3
"Vfwv8jNNS3U",10,285028,4705,325,145,3
"oKRGrL7CjN0",24,284989,2394,256,319,4
"RBL0U_jyfXk",24,284964,477,100,28,2
"1scGad5lGlU",24,284927,954,195,622,1
"wPsViWN1_7o",24,284893,0,0,0,1
"_k111aEQjs4",24,284862,806,105,52,1
"ZRwF5xz4cg4",24,284824,16875,441,1067,3
"ChRkaE1h7S8",24,284818,1034,54,29,1
"Zmz7x7OXjtY",24,284777,642,133,29,3
"saoVqiNyH_4",24,284748,1096,122,78,3
"lgLWZ1BcX64",17,284657,1510,125,166,1
"R0zRN574yyg",24,284585,6901,155,444,3
"d3nzWm7BqbY",25,284537,2535,383,0,2
"o1XSaRV9jfk",23,284486,20684,1696,1726,2
"Mh5Twex8IuM",24,284461,828,173,53,1
"eFzkqFjyE_w",24,284438,2373,252,202,3
"YXtWw7609T8",24,284301,6313,256,3196,2
"ttM_l4oYBDw",25,284238,2540,237,74,5
"vaHfroquhJU",23,284230,12319,304,1057,3
"mGNQGckrDFU",24,284187,1506,105,169,3
"ZRyXRhxtyb4",24,284028,1088,223,115,2
"KobfUzsphBg",25,284011,1729,271,232,3
"iiLigAOPbFk",24,284005,986,315,67,4
"UOjgjZ_Ewkc",25,284004,374,99,49,1
"nkL5U_s6JgE",26,283955,4201,512,222,2
"OYSQ6-a9hj8",10,283939,6763,79,263,1
"AY3kdHElha0",2,283928,3059,316,282,1
"4ub9cNHJVfw",24,283883,3803,369,1659,2
"-Tzrej7X-1U",24,283879,600,149,23,6
"llr5eNlskGM",24,283821,1294,317,98,5
"6NEEhWP_tRc",24,283795,1491,175,90,2
"C8BWEaGyhUM",24,283726,0,0,81,2
"91YGsDA4Ejo",24,283682,2078,139,52,1
"TB689bGexJE",25,283679,0,0,0,2
"-0rIUynSiX0",24,283676,12458,945,993,1
"omMFUmoDJ8k",24,283626,437,85,36,2
"ZfW7hXIJWZI",24,283617,5185,813,369,4
"xfq2VxP0NF4",24,283537,1690,211,200,1
"1Q9WuvOKchA",1,283511,6281,611,401,1
"dBSprHonOO0",24,283435,1007,62,30,2
"q7qi_G3JWAk",25,283402,2244,365,404,1
"T-A24953CdI",24,283391,1117,180,25,2
"EwQcgTE95gY",24,283371,1257,275,168,2
"pRop_zhTiYs",25,283250,2751,587,603,3
"ODlADvNkL9g",24,283245,4712,596,480,3
"b-8LL1i1JjU",25,283194,1347,198,86,1
"BDHleYn0cNE",25,283121,1916,489,459,6
"F9ABxq3_-rY",25,283107,311,58,27,4
"nAX8L9nAbfE",24,283054,758,181,88,2
"HW5HTPviuXE",24,283049,1812,243,663,1
"4bcbltzyUxc",24,283034,1553,318,572,2
"ISvDxuV8DB8",22,282978,6309,469,575,1
"sl1wgVgUm_8",23,282945,34250,959,5323,3
"TRUHXERK7LE",24,282633,2391,623,698,2
"g90RWC51oxg",24,282574,539,119,23,1
"_EqvTLaKJ1I",10,282571,9252,270,414,1
"2UBfSkohSOw",24,282485,1074,227,51,3
"BCCbpfKl_LM",24,282467,3352,492,247,2
"h2uPg_pnl28",24,282356,7861,188,564,1
"_qgRouWexfA",28,282232,8044,489,2074,1
"R4Fy9SPOWR0",24,282231,9019,77,357,1
"DSjHUqilbqU",1,282132,10867,954,1753,3
"DPnrsbXG1nE",25,282131,1640,221,69,2
"jrAhlUJx_b0",24,282112,4906,476,450,1
"Xe27ny1Pl_o",24,282015,1350,203,78,1
"sRPs9LDVSA8",24,282004,859,183,44,2
"WFqEWedJzL4",23,281947,10178,292,1073,1
"gKGajsBSrCs",25,281925,1829,421,252,5
"kImmeo7GH8E",24,281891,1349,187,103,1
"fgu03YieB6M",24,281775,1188,203,136,2
"nk3iNaX-y80",25,281759,888,423,336,1
"kyC7PfvPlfs",24,281700,579,182,74,3
"NzK1AKg41ZE",24,281665,5958,710,524,3
"PIbj_05_ICo",24,281614,3730,156,247,2
"GdZsGV83N60",10,281520,1605,324,138,3
"yRiySGx9Zxw",24,281507,1004,205,126,2
"e-Cpg_KR_z4",27,281457,52380,356,2936,2
"_RpXtZgsZQc",24,281384,1269,359,118,1
"jdxH-OHmEoE",24,281364,562,103,27,1
"iwh1JYInglk",24,281308,506,82,16,2
"NnJot94R18w",24,281297,613,223,191,1
"E-Tbrqb6HxI",24,281225,18806,353,2206,3
"jyDXTJ-_FaI",23,281194,23497,1130,2480,4
"bV7dpGgOMuY",10,280953,10543,301,537,3
"uA4cSPgs_Ps",25,280946,1192,575,459,2
"cCQSh1-C7I0",23,280922,1529,176,372,1
"b3QdByI1D4k",24,280826,1149,244,125,2
"imgLTADletc",10,280805,14518,337,1654,2
"zRhe-5Q72PY",24,280757,10277,523,462,3
"FC61Ew_Nfew",24,280660,1272,391,219,2
"BDlUdxE3LfY",25,280477,733,1473,848,1
"1IVy3oxN9i8",24,280240,375,206,108,3
"p8L6F9YAtDo",26,280191,6913,286,1802,2
"VwV-c2qwNoM",22,280092,528,288,94,3
"lzcYjAiUbm4",24,280083,3237,111,220,1
"mGURUs9h828",28,280043,12078,475,1478,4
"IblwqRj9PCs",24,279906,535,116,74,2
"HEmbJxqK35E",24,279899,1152,522,218,2
"VHMh7DF_ng4",24,279880,913,293,61,2
"4pT2DLQXxH4",24,279768,964,157,19,2
"PNu3hO_KSyU",24,279760,1203,33,47,1
"1lD9Y8HR1cs",24,279743,1001,248,39,3
"K79_lAAoaMw",24,279718,837,128,47,2
"TrSV0yTD_yU",24,279715,1566,355,227,2
"Yp57o8nEw4A",1,279702,878,150,44,2
"sxEkfjLroZI",24,279656,1732,192,91,2
"zs7WWBGmDIU",23,279621,5511,703,710,2
"aVmVtfrUyCc",24,279497,619,167,145,1
"FSoh_sUpN74",10,279418,1643,364,298,3
"BoLtBTc5l9s",24,279373,5771,635,1156,3
"GuO4gJs9BFs",24,279282,2560,292,263,1
"R5WUpysakwQ",10,279280,10921,233,594,3
"JZVjfrdZER8",25,279272,2764,442,328,3
"HWLkT-A9ciY",24,279188,582,94,38,3
"lCe-VW4E5yA",26,279089,5567,438,1751,2
"Op81YCCo69A",17,279065,2303,352,195,1
"8K9MEtGfS3I",22,279001,1039,169,96,3
"2OSjL2U52Hk",24,278998,481,263,113,3
"zS9kqVDp_l0",22,278694,444,300,63,2
"TUwQOeh3iC4",24,278596,2377,176,507,1
"t9VlWhkqWtg",24,278561,23677,368,898,2
"rurftEfH6fE",24,278540,1904,283,0,3
"KwsV783Nd9M",25,278523,261,266,0,1
"HhXxwJVnYac",1,278181,4276,453,201,5
"Ty9yzhgT2mc",23,278114,8501,916,733,1
"BwIw80nybkU",24,277839,1167,162,87,1
"NTKBYlFO8Zo",23,277791,21542,1022,1974,4
"KKfk-Oy4i08",25,277757,3800,146,194,3
"00nigwd2aGI",24,277569,1001,684,128,2
"yNW5HMX_hC0",24,277501,3300,354,188,1
"ioBqtGUcEPM",24,277459,1688,197,325,3
"QuErOh8Owko",24,277440,286,81,35,3
"i9xxsycooiY",24,277398,3875,569,809,2
"jyLJ-Ee0pWE",24,277364,1289,149,58,2
"v2fTPeihHQw",24,277354,1461,244,277,1
"ODbakoYQlUQ",23,277341,21918,946,1557,2
"biv-EMDhtXM",24,277317,7864,468,853,2
"wjGT5LFRvJA",10,277298,3630,865,176,1
"LJayEyOwa5Q",24,277295,888,113,43,2
"RXVtM75fICE",24,277211,869,225,56,1
"tVeEllntglw",24,277189,793,128,47,2
"HPDP3-_fl-g",24,277119,9715,1440,1008,1
"XIV8kc0DAik",24,277081,1408,134,103,1
"yqV4godQ7Xk",24,277050,2131,113,538,1
"0iYYMTMLfgk",25,276998,1972,194,96,1
"Ti_sYiUC9Ac",25,276975,1390,474,105,4
"3rOhInir4cQ",24,276872,803,113,47,1
"pI2IS9wE_V0",10,276749,15192,350,610,1
"aBoxbN6ifsk",10,276738,4977,400,376,1
"3sFFcg0osgU",24,276738,1549,209,117,2
"hGWf4Q6RVlU",24,276649,3854,422,723,1
"K2k2lkgecnE",24,276617,1265,432,208,3
"O7SyrJCf2ck",24,276616,1735,297,480,6
"8wRYvW8s7n0",24,276576,10072,160,913,1
"OZ9JH8I1Ni4",24,276572,3222,363,249,2
"j9MBWZ37UCo",24,276571,949,275,42,3
"mj5QcQQ58Yg",25,276548,385,106,30,3
"ku7t0Sp7HiY",24,276547,2538,114,123,1
"gymzCLP7tNQ",24,276530,862,58,123,1
"FgX2_Xefelg",24,276469,2726,436,356,4
"qkzn6RcrSYk",24,276395,1328,420,201,2
"wsHgjJ8gzBs",25,276325,1251,214,131,1
"VlUfcbaTeEY",25,276174,3832,730,1485,1
"unSu3KLbBOE",24,276169,2788,138,303,2
"4cGqq5fiw-o",25,276106,3279,550,2465,2
"ufjhzCUq7ZU",17,276079,1622,919,143,3
"7-Csl-XW7XA",24,276036,5115,105,226,1
"VOEZbJQRiFI",24,275980,1696,371,181,2
"vJG70Czvzgc",24,275930,461,88,45,1
"Gxp71HNV2Dw",24,275565,16523,164,1215,2
"GYcvIcllUrw",24,275520,955,94,80,2
"Pmgq1K9MHq4",23,275478,1431,145,127,1
"3P4PFEBlRqk",28,275462,20464,1000,3571,1
"3iy8u71uM4w",24,275454,4727,483,840,2
"SA2uW6_UkHY",10,275387,3610,119,213,2
"GWpGF2urAXs",24,275364,1497,479,257,2
"Aikm9OO0znA",1,275319,3351,98,1023,2
"XkhLHzJfDpA",24,275261,305,142,35,2
"dwq3i92NDMQ",24,275213,230,181,23,3
"lT2O8QwjlB0",10,275193,5675,185,265,1
"Tts8m8IGoYU",24,275175,1388,180,88,1
"4HYWIAeGlSw",24,275128,778,98,19,1
"iOtJvtVHBPs",17,275118,2507,215,39,1
"D0lm144q2S0",24,275070,1132,565,564,1
"eOLxegUbtT4",24,274950,1582,465,257,1
"qRnb4JZykH4",24,274864,4803,134,101,2
"8aMckaI9k00",22,274861,16448,183,834,2
"TahxRGejXTM",27,274852,17849,488,1401,2
"te97-FqxGrY",23,274727,1372,154,351,2
"RTU_aF9Q-dk",10,274646,5742,106,223,4
"B1u7usc6h0k",25,274529,1729,219,172,2
"xx7mxgl8b-0",24,274449,2238,128,119,1
"_uQO17cmgOw",28,274423,25462,722,5163,1
"cmhcnu_sCyo",24,274401,1870,211,272,1
"udBTZhFy_-E",24,274386,422,70,26,2
"dlap0VQ9SxY",1,274333,5227,399,381,3
"N4LWQoEQZn8",10,274294,8325,259,508,1
"E2wmlKvRlsw",22,274186,1508,70,54,2
"8ftW6N2n0mo",24,274156,344,43,73,1
"HFGOtFT5n14",22,274106,0,0,250,3
"HBZF97NioyY",25,274002,2952,218,259,1
"z6kma1ACdpw",25,273878,0,0,857,1
"FpPNdAyqrJs",22,273793,1291,529,530,1
"EKiNW_cUMbo",24,273655,848,131,92,2
"3sOUIvarA-M",24,273602,254,85,44,2
"tfzdwg8etGY",24,273598,1108,272,149,1
"3VCMKI3vbX8",24,273497,20336,531,1168,4
"wtKBAiRyre4",22,273477,457,374,166,4
"7L7i98P498s",24,273412,1153,287,816,1
"ZpShLdgfNbY",23,273299,9702,352,894,1
"bod5wRBpUXE",24,273263,1503,253,207,1
"DETP_5mJobc",26,273253,6895,269,1970,2
"Qo840lxDpoc",25,273182,4588,239,128,3
"FQUCPQomuIs",28,273074,9820,404,1249,3
"ltHtdxjaYZo",28,273028,36490,4932,7963,1
"up5z3NyF96U",24,273003,1005,120,10,1
"waC2m4XdR2Y",25,272992,1180,434,145,3
"PnYHkw7X2MM",10,272978,7884,334,347,1
"5Ip3DkU6bO4",24,272946,11061,793,570,1
"lxilGaX83gE",28,272888,20316,995,3212,1
"UyckmUgzwAE",24,272843,552,56,43,1
"FXKLKk1hra8",28,272635,8303,426,1770,1
"hPkzZO4nT6Q",24,272627,3071,2075,1040,3
"GrUOn4yl1Lo",27,272611,44758,836,3113,3
"qp6IWylY8RA",24,272583,1911,112,116,2
"nn5GU5Fiyus",24,272521,8118,951,500,5
"68RdYrxR3lE",24,272423,553,211,290,1
"G3x4lx0kbqg",17,272360,3343,211,1224,3
"Lb3O5RjIgFU",25,272291,2028,250,292,4
"ezOY3L5F6Jk",24,272276,1372,286,94,1
"5WDw2ZMHKo4",10,272239,14218,376,1184,2
"gQgFGEerZHo",25,272220,855,85,69,2
"jMsCz4JU8q0",22,272188,2805,354,221,2
"PaSuea47bWo",24,272140,4758,138,247,3
"Y0O0rD1hJ6s",24,272104,20163,661,4046,2
"K6INLhebnO4",22,271948,1976,226,216,1
"uNb6cyoL9ig",24,271836,970,272,50,1
"dMcsNEm8iuU",22,271812,2022,533,430,3
"MgSr3XAnHXw",1,271693,4432,487,275,3
"ejJxEPvMshg",24,271583,2196,54,430,1
"nxC8OI9gtiY",24,271562,511,70,48,3
"2qtTbMNAjUk",24,271555,1327,332,130,3
"KeBpmhyz2Gg",24,271452,14089,447,2077,3
"OfCfkzpzfP0",25,271405,1060,275,466,2
"Ujfk3_mPDas",23,271322,23373,1017,1392,3
"uPgtO7BJGqw",24,271253,1780,131,210,3
"ZQBzCh_qz_A",24,271205,6894,330,544,2
"vRbcku7xLd0",25,271065,783,169,153,1
"umnHBQ5bge0",24,270938,1156,271,134,2
"s3K3cy8uchs",22,270892,1691,475,503,1
"iEfdDaBeGsI",24,270860,850,56,29,1
"Eb6Fd3giCk0",24,270828,4287,312,615,2
"52yhMPmRtAI",27,270813,2083,453,179,3
"S4wVIK13ciM",24,270805,3446,857,1382,2
"4Zm-xH11D0c",24,270767,1152,184,33,3
"B14nf9-4XiY",24,270732,6289,131,476,2
"Or0ykC7vvmc",22,270715,1167,152,127,2
"TM5hzHAvfUo",24,270473,3345,101,104,3
"nvTBtNK9eDk",24,270434,4229,213,166,3
"f5_3xduXV-Q",10,270412,8687,479,217,1
"dVhNi_jZ820",1,270385,409,248,0,3
"SK1wpxSv6mc",23,270325,18539,573,1169,3
"15HYrLtKn2w",43,270323,982,36,85,1
"Ecm7ukyxyyM",25,270307,1826,643,579,2
"e748X-vH5EY",25,270287,3162,237,184,2
"l8JUzkxnRQ4",24,270266,672,96,37,1
"LmcfsmJJw7E",23,270135,6265,131,118,3
"a-Ul24Dp-No",27,270065,21013,1090,2074,1
"iWcJHM6Q3Ko",10,270036,3472,206,176,1
"GPNPRnLZtsU",24,270001,4286,443,378,3
"E6oBZS_Z5JI",25,269893,1612,778,1998,1
"djjVW-DncYY",22,269769,1077,139,256,1
"FLCmiOesdxU",10,269755,4308,397,417,2
"AcaGVrt6jlQ",23,269725,21228,614,1937,4
"gBUk-yIcdLA",25,269693,2668,306,472,1
"L447qGEMmxY",1,269690,5460,377,413,3
"xwA2L2HogYI",24,269630,482,443,148,3
"9epTNvGgUI0",24,269624,1271,188,678,1
"SS_M2QGSJCA",23,269570,9758,582,505,4
"qUWoifAlYHs",25,269510,363,95,88,1
"2hrdWTd_heo",24,269393,875,339,225,1
"6RNtjZEHpHs",10,269374,3770,156,158,2
"Ss3G7PsWMmE",1,269357,1324,252,114,2
"SzYE0c3fMv4",28,269309,19100,807,4684,1
"30-mYBSfKUI",24,269255,931,280,72,3
"SxtTo6m0rEo",24,269231,1307,354,65,2
"H6DsKzsqe4o",24,269207,1151,269,159,2
"LDA3p9z8r5M",22,269188,810,287,39,3
"V87m3PyXALE",24,269067,365,52,29,2
"SgdVQY4kbho",24,269035,18016,692,888,3
"5EUw00jeHWs",23,268989,7438,988,886,2
"Hc9wODdml0o",10,268908,2655,327,145,1
"5UpXnyq4WAU",24,268856,0,0,339,3
"IXGcw48YpOQ",24,268658,15198,387,841,3
"ltvXA9Wvui0",26,268646,5835,292,1602,2
"w4JDOQChOuA",24,268610,2800,275,120,2
"N9aWlYpMS98",17,268538,1912,161,5,2
"Azd5IxgrbU4",25,268525,2856,567,1009,3
"ks0aUIiIvI8",26,268519,1348,202,104,3
"S81apGdq-jw",24,268452,545,137,46,1
"SII2wYwmCZs",25,268422,1192,82,91,4
"RiYlS6czepM",24,268380,5824,1832,1028,5
"nLT0Xv4-UhA",23,268271,1678,257,383,3
"YX9ed4bYR7E",25,268206,716,150,237,1
"4PlBXS4K6lE",24,268153,1428,177,510,1
"uB8Z2YlcHkU",10,268126,4224,149,283,2
"WgHf4sd47YA",24,268001,1149,71,88,2
"_1mPvuGxaBg",22,267827,2128,189,211,2
"tLX5_CghzpQ",24,267790,1944,159,84,1
"a6vJMBxKQZc",24,267764,1217,280,814,1
"omBMekl2DCk",25,267669,2347,199,245,1
"AQJlzUULpSw",24,267602,5540,187,239,1
"GTQT1iJwkHg",28,267570,27726,1083,2600,2
"SalUOnspo1M",22,267569,4026,326,274,2
"Ytrg7kIwLhY",24,267512,12086,356,781,4
"U9YaIVqvmJw",24,267327,6299,461,399,3
"T3BN13hmRUQ",25,267292,1893,295,349,2
"hOh8ck_ipHk",24,267265,1355,209,92,1
"WcSkqKl8dfk",24,267252,800,118,51,1
"Prp-E07L_Uc",43,267184,1105,167,95,1
"3_FVKT-pfXE",24,267167,2170,184,407,1
"8wYkzZQi8yw",25,267002,941,162,145,2
"KqY4d-GXoRM",10,266999,1945,322,234,3
"BTma7cV4DDA",24,266977,1035,391,278,4
"Y3OROsOnVq0",10,266961,9765,207,347,1
"PZLQ7UIL2xs",22,266946,1217,169,68,2
"KmTGHO9if3o",24,266941,1075,150,127,1
"Vk81ikWRASQ",24,266721,1074,231,0,1
"Gt2Xu8_ddSA",25,266720,2148,170,193,3
"FhsnuuB8ayc",24,266627,1041,270,149,2
"CBniJr3uty4",22,266594,1138,171,172,1
"RdyALBfPqfA",24,266432,2190,226,703,1
"3POlmTZUNf8",25,266378,0,0,63,3
"vfPpeW67CfM",24,266348,4717,238,210,2
"tMWpn3em3_Y",24,266319,4436,309,100,1
"s30sTUWuyTk",25,266308,0,0,1146,1
"TUe3KAoFk50",24,266244,1402,247,178,2
"VPcH9OXjzqo",1,266225,2796,212,213,2
"f4U4xXeIRB0",25,266198,1221,265,112,2
"XnahVOqCMK8",24,266134,1805,140,72,2
"5OYcJT1VKHU",24,266006,778,146,53,1
"Nrt6AFRLlCE",24,266005,798,134,46,1
"Kw7zXe-X_8c",24,265959,1427,147,85,1
"U563KRfzgbQ",10,265930,1424,394,119,3
"oM542murijI",24,265608,1612,153,149,1
"dzeI3BhZg-M",24,265572,1594,157,104,2
"H8ioWwyMxpA",24,265526,531,72,36,1
"XZBwHbNbvRE",24,265467,2184,286,362,1
"emIkfioZnoI",24,265407,4502,106,366,1
"0Dt_ul7dpT8",27,265277,15641,307,1316,2
"x_WfEo8FJMo",24,265034,1395,276,531,1
"27fN92FCUdY",24,264976,298,73,20,1
"aiTPa9nD-_U",24,264952,681,193,134,3
"FNW9tcjqwqU",24,264938,539,223,192,1
"Izlc58Gxy44",23,264879,1353,177,330,1
"Vpj_0mvDBQA",24,264758,1121,601,326,2
"iGI2rvpnvbE",10,264680,4227,117,641,1
"Iilm9IeFGho",1,264572,5011,439,701,3
"aGxE3HibqWY",24,264540,653,197,63,5
"7U6tFuoUPso",1,264475,9174,613,1572,3
"DUSXaw7eWig",10,264438,3091,75,280,1
"Pe4wFYYoGEU",24,264353,2176,97,84,3
"87eL8OhOVZo",24,264336,793,71,64,2
"A5XWo41Fhfs",24,264310,2242,564,746,3
"VPqP8zCq0v4",24,264225,1245,138,150,2
"r7PQrhhZFoE",24,264186,2877,372,125,3
"vhBkqHFIJbw",26,264171,2025,394,184,1
"93p5h_hXdtA",23,264119,11989,563,2189,5
"0p0VtcirXgE",1,263962,7364,201,369,4
"Nlk2LVKsSZA",23,263755,14278,987,1258,2
"2v2o-8hIKjo",10,263722,3637,171,59,2
"_BGzql1jW2w",10,263695,4312,235,240,2
"h3OD61AF410",24,263642,1902,621,133,4
"Ixq_fpdyDp0",22,263627,1350,153,110,1
"ZJaR1RPrvkA",24,263610,1539,263,128,2
"WmLVAy1wn9Q",24,263578,5447,252,1569,4
"M7tsMLliAjY",43,263434,1172,254,313,2
"Y2h0rc2SfBE",10,263390,1922,345,165,1
"g4XLlizgeC0",26,263350,0,0,0,1
"4WEEG70IahY",25,263287,2032,445,199,3
"mzu7Tp5yivE",10,263266,3178,328,206,5
"cCO_G-L7bpA",24,263200,0,0,0,3
"8-cYttwsTz0",24,263177,1190,248,487,1
"iO_tfamaoV0",23,262999,17349,406,863,1
"9xWc6dYwkRA",10,262972,0,0,0,1
"QF9dcrBABdc",10,262796,10665,266,0,3
"7xkPdmPjplY",24,262698,2873,304,577,4
"1psnmt45kdE",10,262562,1655,319,160,6
"ryU8v2hh_1M",10,262502,5842,268,178,3
"m2eCszBKIfY",24,262390,7134,1408,1054,2
"YV-qFJ0ICfw",24,262379,771,174,63,2
"Lmu6pkzzHek",10,262367,4978,506,598,1
"wwyj8GwqcPg",25,262352,7149,343,858,2
"ldW4kgaLCiE",10,262276,7817,168,621,2
"nGJTLM13EMs",25,262220,848,137,83,2
"Rsl0HePKM08",25,262181,1098,209,103,5
"24ALe879qaM",25,262142,1049,261,146,3
"nQ3yv6GHnDw",24,262083,985,129,20,2
"yZJXUeh-fv0",24,262066,768,229,37,1
"snHS6Nwf15c",24,262025,1153,330,167,1
"79QpdR5ESBk",24,261936,1072,196,72,3
"QQZr_PU1KVo",24,261819,1374,300,62,2
"oJ7HRdx60P8",10,261653,2189,432,152,1
"NNUgF7IARsQ",25,261524,1390,101,67,2
"BjaEca-Oa_Y",24,261510,4313,89,158,2
"A1Qj7mlZ0xE",10,261496,11193,231,507,4
"1nZmSnt8aeI",43,261418,1411,281,342,2
"mrcd3YEt5-4",24,261418,1378,723,448,2
"BUKhj5FU2_4",24,261408,8694,538,632,1
"rnGfXMas1ko",25,261299,4829,195,347,1
"eDY1j2W9OeY",25,261295,2048,155,169,2
"gW4Su5wq0b8",24,261202,1971,126,201,1
"d_Ot70lEot4",25,261181,3372,531,691,2
"UCoVXBzprOU",24,261097,4235,146,170,2
"ML3OD-ihsfg",24,261071,558,393,320,2
"5sYoZZEFNYA",24,260987,1187,286,378,1
"qBRh-cQIEKU",24,260983,2757,253,326,2
"vbzWY3iJC0w",24,260980,5481,484,923,1
"RaVWBtx98js",10,260978,5384,356,305,2
"ubGZd2vXaok",24,260923,1792,214,506,1
"c42_6Jz9C2k",24,260907,1017,116,23,2
"dzlXHyAdHdg",1,260680,3900,281,389,1
"rO8Kl1Yz1Hk",17,260633,2333,179,305,1
"VBD-JwBUfYA",27,260611,16816,887,1119,2
"mt2KmKCLzcI",24,260513,4477,536,707,4
"49YHO57ADJY",23,260481,2827,142,131,3
"S0NSWmn-Ddc",24,260457,9334,359,542,4
"dWZoPEdf-bg",24,260279,446,454,121,1
"ruKECFkcqqg",24,260221,1172,160,60,3
"dsyyY5pMQyo",10,260191,879,266,244,2
"EYBGrkSh7EQ",24,260174,971,116,113,2
"7fc5JGA4MCc",28,260171,38297,5186,9807,2
"wnnTKSyqx_M",22,260164,937,154,370,1
"eQ7TSo0goj0",1,260164,6767,468,403,3
"VuylK90flcc",24,260126,9567,202,655,1
"58Qy2GEdEg8",24,260119,4086,132,360,4
"UOkyvwwUjps",24,260103,475,168,117,2
"UeiXAQ84rUg",25,260096,1814,670,994,2
"BBIpdkoWDIA",10,259956,2221,371,123,1
"bySGY_nyyGU",25,259948,1536,435,560,2
"fpMiRMvmf5I",24,259692,1163,166,73,3
"6Yk_5xVq0Z0",10,259508,2904,560,269,1
"zDM6QJ5SmWY",25,259210,1629,344,497,3
"oj-SJHRkiAY",10,259053,1849,279,297,1
"jba6-To5L5I",24,258993,6881,645,1457,2
"jYjUjYGNjgc",24,258943,702,338,365,2
"dOw7C3vnYMc",24,258891,1163,219,563,1
"M_A6T-Yuzzk",24,258870,545,241,97,1
"xxXZy_sKrtw",24,258843,983,183,82,2
"YqqH7YUQUDY",24,258843,2025,161,120,1
"Rhu3l6q9Iyk",1,258800,10260,656,2080,4
"7MTyKEqAixI",23,258775,9384,428,8170,3
"B1xcYRf0HjI",22,258763,548,228,44,3
"7oydudR1-54",24,258741,640,123,36,1
"z7ddTuNukvQ",10,258719,3683,334,276,2
"CnAYIDkPm5k",24,258623,1769,86,77,2
"G_ga7EGEGWo",24,258622,1564,305,1219,2
"tmWGD8WjJPs",24,258568,5046,541,1101,1
"auJB55-EpOE",24,258526,969,252,95,2
"TxsFCeIEtZ4",17,258265,4492,643,370,1
"CMupY0yjDqg",24,258246,1737,214,145,2
"PDvmsCWv_AY",24,258186,419,290,243,2
"Mfj_A2uuJNE",24,258176,1097,221,683,1
"#VALUE!",27,258163,8991,430,640,7
"jUpwTpvwdE8",24,258054,0,0,512,2
"EqeiByLZVIY",25,257912,822,205,502,3
"HAZbI9jussI",25,257884,738,105,130,2
"cBGIbzzSJCE",24,257868,2667,261,76,3
"E2dGOUZe0j4",25,257613,1485,104,57,1
"8PggI9q42Fk",1,257597,331,254,48,2
"FVC8hxllqpM",24,257597,1408,231,266,2
"FN479NZ1ZeY",24,257506,0,0,401,3
"IXbWT1qMoFU",25,257481,168,470,55,4
"f8u_2Y87y_s",27,257476,4202,483,613,4
"hKRj50TIZGI",25,257453,34282,1237,7849,1
"iJeladxDeBI",24,257197,194,74,26,3
"UH_dzTXFaEw",23,257109,4598,206,144,3
"MUsiEtONloo",24,257085,2908,594,287,1
"WSgFFpDdYlQ",25,257077,1504,268,453,2
"R7RjzBu54PE",24,257014,13973,455,795,1
"M2GYqerN0nw",43,256964,1353,84,105,2
"YamPUXbc0iA",24,256936,1329,190,85,2
"HkBsicEJveQ",28,256887,8901,345,1541,1
"QehTt72-e6A",24,256842,839,118,38,1
"6M-0JFjGsXU",24,256756,603,330,209,2
"CzsUf2EGhcA",24,256756,3821,467,236,2
"8oE2_68H5i4",24,256678,1158,171,102,1
"oLz-fSyWcx0",22,256518,2130,492,145,2
"N9fZx7ANM20",24,256504,3679,236,352,2
"yXcHPvPT3II",1,256408,1530,130,52,3
"0M05pvDhIS8",24,256375,859,64,232,2
"RTBnJ9yo3Po",22,256287,667,444,101,3
"oIzou-BWlwk",23,256279,1410,193,288,2
"HeBj8cQQXos",24,256276,1566,178,112,1
"LiMNdmBaqCY",24,256183,753,114,22,1
"71yeChlLjrE",10,256149,9729,4272,1085,1
"OOxekuso4oo",1,255877,1250,176,148,2
"26GJ7c7XBhQ",24,255870,2613,144,201,1
"2k1jPj6mLkE",10,255810,3656,431,201,1
"d5U-eb24bfM",10,255781,3114,336,221,2
"0rUe8b6EL90",24,255674,5363,105,225,5
"sFV-009AzS8",24,255654,1664,55,49,2
"ETD0i4xNyJc",24,255638,1037,81,76,1
"6RvoY5yBS9Q",25,255582,1240,207,152,2
"q94iRjstZGU",25,255361,1051,159,77,2
"qOGap3Wnb_g",24,255344,1064,173,420,2
"w0EXeivltKU",24,255231,3790,124,159,3
"xKLN3z21Eac",24,255220,990,121,39,1
"MdzDNCWrtmQ",25,255150,673,178,104,1
"DnyYeUxVlQI",24,255018,1280,421,250,3
"rSRbBoRQaJU",24,254988,366,774,154,1
"Fh_48_COKeE",10,254864,6343,174,293,2
"S8NbmjKEy_A",24,254826,1007,75,197,4
"qXiZkrnK2jo",24,254802,384,189,212,1
"aqkd_pqWvR0",28,254645,26371,4983,7228,1
"sjeVzx1FTI8",25,254612,2458,205,214,2
"iT3D-vpr7SU",27,254537,2390,308,82,4
"AgO60e1UVBI",24,254513,3306,133,176,1
"d7IAaB-nS7E",24,254463,703,131,31,1
"63IU3SuefOc",24,254461,3503,398,262,3
"yv2ZFlsQQAQ",24,254455,863,104,36,1
"jFoowWd1LLE",24,254377,1539,206,128,1
"HN0Mu0narkE",24,254363,996,257,96,2
"7IMHS7NRc28",24,254359,976,80,58,2
"E8knZRa5xTk",25,254359,1590,158,97,4
"nIbv0eIfToE",22,254349,2593,153,200,1
"hFmHZj1kLGg",24,254272,4077,327,282,3
"2HsXrT3r1kA",10,254234,2417,332,134,2
"l8qbzNsoSJs",25,254129,918,117,99,3
"foruCNGpRq4",22,254073,3344,160,110,3
"h2Mljyvr-vI",25,253969,768,219,120,2
"vyV1r9ZDSbc",17,253895,2684,194,118,2
"tA-cUlv-3Z8",25,253783,2549,296,1081,2
"kRfBT4SDP28",25,253783,953,184,604,4
"JMMjvD8xElI",24,253750,716,374,335,2
"8wbrVyWBYr8",24,253729,2474,35,549,1
"Ln2TaqjrY9M",1,253694,8626,329,568,2
"GoeP0MA-M_U",23,253691,1599,220,276,1
"GbOYJk3UiTk",10,253668,974,160,61,1
"F6OzZyRL9nA",25,253576,1975,180,192,3
"B5rB6aNs_XQ",23,253556,1470,173,260,1
"rQI1x8TEp7M",25,253492,0,0,107,1
"OzEJQFxIu70",24,253309,20098,733,1055,1
"VASMz4-DVY8",25,253226,2217,255,114,3
"aK-Bo7NqUyg",24,253165,1558,137,104,2
"gy6misMDsPI",24,253144,1307,185,498,1
"H96M57XSpH0",24,253123,226,544,43,3
"oAGoSgP5tFo",1,253117,2786,177,104,1
"QMQ4N01GoWs",25,253075,1913,132,235,2
"S9LBQhDsu84",10,253064,3363,364,441,1
"9NlunGOEqA8",25,253026,1711,292,333,1
"GfO1uGmIDEM",1,252976,3489,188,115,1
"1HP2UKtvRXs",24,252940,924,140,100,3
"SLYSuiBllGc",25,252897,671,79,19,1
"CbyTFA2APpM",23,252878,9878,393,279,3
"CLvx0hFhA3Y",24,252877,1792,131,258,2
"xOP1oqGtokw",28,252827,23803,1248,3794,2
"ES-aN5E0GTo",24,252812,1110,140,562,2
"5H4VEdjoA30",24,252751,5802,531,3540,1
"g1oEIRxY3XM",24,252751,342,104,35,2
"ZPcKhaB9wHQ",24,252701,896,89,45,1
"dxwQXzAIXKk",28,252523,33327,1378,5550,2
"gebi6qxHJjw",10,252523,3492,506,685,1
"1JqOfybbl7I",23,252463,7211,373,450,4
"XA3l42LHSrE",28,252458,25985,1512,4405,1
"1JB2VNMy2X0",24,252326,539,168,41,1
"hq4zK6RaGvU",24,252294,5861,624,929,3
"pqAjMIR--G4",25,252289,10709,478,1278,4
"DVeI_XVD1Mw",24,252214,1416,272,118,2
"mzg97szxnpQ",24,252106,1008,271,109,2
"on3iH4ktUxA",25,252063,1852,260,678,2
"Zf5OmHlKr-A",24,252024,291,103,10,1
"Tjvml998_UU",24,251885,7618,260,335,2
"bYqqa4mhLq0",24,251882,727,167,110,2
"aX752YquC_8",25,251686,2371,623,474,2
"J_Zo56cLL2Q",24,251635,14633,384,1271,3
"jCFF2iDrzC0",24,251614,12485,302,834,1
"Yi3DvguCGtM",27,251575,21150,402,1673,2
"Urv3sQ6_Pe0",25,251380,1039,303,177,6
"Exrqhj-mlKc",23,251339,14636,1373,723,3
"UrQxcdjAb4I",23,251223,4359,195,141,4
"lajt1Hhu19g",24,251096,704,62,18,1
"taAqKeI9eQY",24,251046,1356,146,27,5
"wFKmH7wvYAs",23,250998,5756,235,496,5
"FBRtGbJZpqs",25,250963,2278,468,561,2
"q9ncawDK2Wc",24,250886,16301,449,1371,4
"Jk1oCuT3LDw",25,250861,2945,278,330,1
"kOeFLVLKlMY",24,250830,5093,320,259,2
"QjtdB0l5rjg",1,250819,4990,791,566,4
"SCqb-uSsdfg",23,250732,1953,483,533,4
"d-QbMJosdSs",24,250679,361,92,70,2
"xeq5uehjuSY",22,250648,216,192,26,4
"SODVWU6uTu0",24,250620,367,95,49,3
"UXFzXaApC_A",24,250611,979,50,38,1
"_JVghQCWnRI",10,250607,5020,167,238,1
"jkAsXwD2Woc",24,250545,871,161,153,4
"e5kh5pnazBU",24,250534,608,53,23,2
"ayjWr_0gQws",24,250362,583,127,24,2
"uKHXOU9L3u0",25,250329,1430,430,323,3
"s1kSRMpxFhg",24,250304,1226,31,156,2
"oKoR87I5f9w",24,250280,1420,225,291,1
"tM3QV4ZAhzU",23,250223,12280,478,1186,2
"ribKgKBb6ig",25,250143,1523,529,502,2
"JDNnoPH8ET8",24,250103,0,0,1387,3
"1a4t3o5bKMQ",24,250082,2158,246,487,1
"vLPNc9RWiTM",24,250066,1430,301,368,2
"OBeUtsovfX8",24,250011,796,129,35,1
"ia51AwuA6u0",25,249977,801,217,415,1
"Wlz1ba0NnhM",24,249915,1760,211,178,4
"IuEldTVhvb0",25,249863,1405,231,160,4
"nMN7su1YHKo",43,249846,992,130,107,1
"arnKF5mA0ak",10,249750,5234,135,256,1
"AL1RsbakLx4",24,249737,1303,483,411,1
"yp7y3lKtyco",24,249710,582,191,148,1
"VNZ3jKa0y9Q",10,249661,7478,655,878,3
"P0ImIqpPjnI",1,249638,289,47,20,1
"WdlXl4S0PX8",27,249552,513,340,82,4
"g2YhFvb9kb4",24,249426,1810,322,113,2
"bAl2OnwldqQ",24,249412,1666,151,110,1
"kkkqsF9ERms",25,249289,1996,166,250,2
"22XvJKSXB1g",24,249248,2323,214,24,1
"3iqP6rANGJ0",23,249244,32507,1244,4015,3
"dswzUry69cE",17,249167,639,314,137,1
"nSfdD4ag7Ac",25,249125,1033,341,321,2
"oVfXmnkDipU",25,249026,3008,176,269,2
"7go3ll78b4Y",24,248997,203,96,35,4
"bRk2nlpW9c4",24,248979,3499,380,460,1
"1dpX1j_OPyg",24,248931,1843,167,69,1
"sjCZBiFk4lI",24,248798,440,123,25,1
"zD_9co5hgMs",24,248797,991,143,63,1
"8HYnsLpuTv4",24,248514,27011,472,2959,2
"PSSxIjuS-aY",10,248501,5175,159,188,4
"per2L9Is0M8",24,248447,1880,262,60,3
"ATWEqvsiuO4",24,248390,540,103,47,1
"u84lPMD6UaE",24,248319,651,100,8,2
"8hWsY0BCuAQ",22,248317,2661,657,138,3
"piDlqFYH39Y",24,248207,3321,188,404,6
"4XmIjt0BDLo",24,248184,545,140,50,1
"AM_ijxzt3hY",24,248112,632,203,87,2
"cuPnkpruj4Q",24,248030,7611,141,289,3
"a8SGDmz2j-I",25,248021,1878,85,12,3
"mf5QyS5S54o",23,247986,11743,895,752,4
"MzPseRP2DV4",24,247979,7039,395,347,2
"T2sydNQI-lk",22,247649,0,0,0,1
"RrLE9kglP_Q",24,247622,202,128,13,4
"Bpk782aqujg",24,247596,1239,164,176,1
"q0bz37xaNYM",24,247555,3976,362,238,3
"7x82gDNEf8M",24,247452,1830,184,373,1
"MU1h4m8oqpE",10,247339,1950,314,278,4
"RIL--Uzmu0Y",1,247275,732,87,51,4
"v5F7qL9tJlc",24,247270,1131,183,107,1
"aIlb7oWPxWQ",24,247222,809,152,26,1
"B6MZr2T9ISw",23,247122,8957,215,962,1
"IbO9OnBng2Q",22,247036,0,0,0,2
"qZ5JgtYnens",24,247029,1058,116,81,1
"4SUXI-3eFXU",24,246942,11148,742,647,3
"6vb4i9jc7sY",24,246811,15880,384,1208,2
"Op49M3kiSgg",23,246690,13298,300,1598,3
"Z7vCdKWvliE",28,246649,26047,785,2565,5
"Kd_pZwGkm6k",24,246640,4335,173,702,3
"PowHNsjYumg",22,246634,1257,145,76,1
"rBw9RV-KTwY",24,246523,12118,560,737,3
"B-YW7ylmNKo",25,246417,337,160,37,1
"tPZTkdIbq2E",22,246401,3643,351,94,1
"vrhCIRWRj0U",24,246343,11489,347,1025,2
"QLFUOFYrJY4",24,246323,1435,188,124,1
"vhFodD7iMEA",24,246321,548,216,183,1
"iVxptSKVxa4",25,246175,1005,98,22,6
"FD0NQMP6_rc",24,246116,664,100,25,1
"nINT3ga-GTM",25,246049,510,76,81,5
"9lIwoxYB-tY",25,246002,1710,155,138,2
"fe4_MN9k-yg",24,245983,661,110,41,2
"FlEbEGTCLZw",24,245824,6227,1861,1298,2
"YyWQyvGK32s",24,245819,753,105,22,1
"IiBz_e6gABU",22,245790,890,229,77,1
"2HsvjH_eZFI",22,245766,920,87,118,1
"XRZp78VhNpY",27,245701,41495,488,1492,2
"-0mcgX4ro7I",24,245666,1169,134,79,2
"cXwQRd7VnRQ",24,245546,819,109,45,4
"eIAqcGv5EwE",24,245544,1439,270,257,1
"AV6PrR7FzjE",25,245449,496,243,66,2
"7SbSEGqHC58",24,245395,956,120,80,1
"XBkuWE0zo-0",24,245329,4514,305,3079,2
"4BEC10ORpJY",27,245312,11577,344,856,4
"oQvv1gIaEWk",24,245299,979,162,346,1
"erBoJOuTbEk",28,245223,8079,376,1606,2
"C6a5Aw2FkBA",24,245210,4608,1510,435,3
"LjAxWGCANvs",24,245122,645,191,50,1
"8YWs5YkHPqA",24,244997,3691,228,599,3
"JsdJ_64hQ3U",23,244986,1342,201,574,1
"RMIpeQHkexE",24,244947,448,381,172,2
"kf_qNA3Sdlg",24,244926,1238,246,405,1
"BbF4mQtyCLU",17,244925,2798,276,23,2
"NE46QdOjg9U",25,244845,2279,922,184,2
"4q8PPFep6MA",24,244814,1584,156,80,1
"n_MMwlrz4W0",24,244809,1237,223,418,2
"KQx3rtJ_tfk",24,244775,1265,168,64,1
"sykLxkX_-2I",17,244733,1558,85,4,3
"0eV-dMmTXD8",43,244725,824,100,40,1
"STtILs39v9w",24,244686,8382,397,1179,3
"kZg0checsDA",25,244676,4500,431,573,1
"IRFnFLHK8KE",24,244624,715,91,29,1
"ube3AWQHbXM",25,244623,473,909,0,2
"3Or4fPN5qmY",23,244553,2097,229,464,4
"9Lewz31ne3Q",17,244522,1750,164,1,1
"G_W3xITr6k8",24,244521,629,78,33,2
"q_gLmT4JExc",24,244445,1096,810,294,2
"jMJf53z8AyQ",24,244428,1147,196,58,3
"tAQOYR3xtPY",22,244408,1524,223,105,2
"bpLrkKI0Bgs",24,244403,317,72,25,2
"aLMxJY67UIo",24,244338,1367,226,519,1
"gFhYR89o3BI",22,244311,252,141,32,3
"JgwsWw4Uzyc",24,244308,249,264,33,2
"WACGTtC8JgE",24,244288,431,61,42,2
"Xn1plmGsQtE",24,244215,800,40,24,1
"udHn6yjfei0",24,244151,1348,223,147,1
"YjYL5toRu6M",24,244113,202,67,38,2
"eeJ5lYwKYOY",26,244036,884,129,231,1
"tyeJ5sQgv9I",22,244010,1644,115,102,4
"0tSM0rfAuHc",24,243973,411,320,197,1
"pZPWweiMxTE",24,243944,1516,243,81,2
"5ewx8t80-oA",24,243921,821,83,42,1
"0XJJxUuWXFc",17,243915,3575,263,20,1
"p1SMYy9sE9Y",10,243808,6145,576,812,2
"eGJdb7azKLM",24,243764,9406,227,493,2
"XZpXFIsYSD8",28,243745,25425,711,3948,1
"p1wm2CvnFwg",22,243718,3076,273,315,3
"M5qCmPpIv78",22,243647,1443,198,181,1
"qEuP2X7dETA",24,243629,492,166,61,1
"OB19FShQbDg",10,243605,5915,149,547,2
"dqOGcylJzxQ",24,243552,709,216,79,2
"aas9P3No4Sc",27,243454,2481,462,349,2
"w9Xyz56v7Us",17,243285,2081,156,3,1
"5KWKmWHX46M",24,243199,1048,139,125,2
"lbFzL-0pEeU",26,243187,8656,407,1145,1
"xTpm58ztqEY",24,243075,13244,418,1417,4
"rbZpVEFvn1g",24,243028,1032,376,199,1
"GQmantbJ7ms",24,243007,2822,675,435,3
"C9Rbu062OUE",24,242986,828,93,43,1
"t2b7hjYYTGU",24,242946,1042,352,170,1
"iWQ4OwUIiYQ",24,242944,910,255,22,4
"ZVtZUylxfXI",22,242921,6206,289,1297,4
"5ZhbvotyVWs",10,242908,7147,180,358,1
"XXpUsJcL7CY",24,242898,425,126,117,2
"LsH4KFz1sq8",28,242883,6192,248,1643,4
"us8e94yCFws",24,242780,775,314,75,2
"3pdPBVRVON4",23,242753,8048,377,5075,3
"R8oEYiohFeo",24,242683,1258,86,55,1
"IqykbCfnjh8",28,242677,40637,1470,3687,1
"kv72IIDsbOs",24,242578,937,108,89,1
"O3SGIbwR0Q8",24,242560,11804,254,2120,1
"EYY1E4ir5aA",25,242470,1336,315,224,1
"J3yloCpVth0",24,242403,420,177,49,4
"vBqNLGbKTtc",24,242372,857,40,26,1
"8rHAt80cgzE",10,242354,4100,227,248,2
"BmokWi1RDHI",24,242312,802,44,55,1
"fJiOBGGTbJE",24,242270,877,114,45,1
"Fs3ndz2gitw",24,242258,836,242,249,3
"EhvkasLmMS8",24,242213,1345,175,226,3
"lF15t20SksY",24,242127,6952,172,619,3
"WT-lZdTa8zA",24,242115,4996,408,413,3
"KBdrj31cUTA",24,242060,1047,266,620,1
"Tz05LiQBAQE",24,242037,631,86,15,2
"vIA73i3Juwk",10,241929,10648,855,690,2
"0MhAoY5piug",25,241924,491,104,136,4
"j93-yHpbWRw",24,241924,1154,185,101,2
"utuGfD3B5TQ",25,241890,879,70,148,4
"OYDziOoK_FQ",25,241887,1768,204,167,2
"lraeia5ZHt0",24,241830,21883,760,1244,3
"b78ePgx1CeA",25,241777,10176,622,330,1
"32OsTYjkrNI",24,241742,890,228,43,2
"1EpYdrKYnTY",10,241663,3457,180,356,2
"PP66lxQnn2Q",24,241639,840,71,64,1
"D5D90CLAILY",24,241578,2337,134,514,2
"f5KKZ6HYXWg",24,241528,1213,490,429,4
"fvK7Hv-b8dQ",24,241452,1452,203,47,4
"y-ChG3ytFYg",24,241442,5589,145,477,3
"AoH3kYQUY7U",2,241418,2143,293,335,3
"3MNEi6hkVIQ",17,241386,1865,163,96,1
"VdASwWidcW8",25,241338,3098,353,757,2
"QtNU0RGwT14",10,241322,3730,136,196,3
"4IGUCwV7XO4",24,241312,561,75,31,1
"K1Xm4iPTQGo",24,241304,849,186,167,4
"IXCejoy1M9Y",10,241259,3162,207,174,2
"LuIb0Izasis",24,241233,1077,402,116,2
"kK1GU2vYV1s",24,241202,7734,448,476,2
"ZYZFmaQx7yU",24,241153,743,60,39,2
"rvdIwQbrN6E",24,241075,538,265,39,2
"RYsdZHc7MI8",24,241067,5875,492,449,2
"U5vm7j9nghY",25,241040,482,199,111,3
"QGu0qqCkR3w",24,241018,1772,223,142,1
"6RcZKX_Y5Ws",10,241016,8300,224,490,5
"5O_zJ_vHOnY",24,241012,967,260,102,2
"7gM8SEYRNdY",24,240965,518,95,18,1
"LzZAdzJB_Mk",25,240929,1804,370,365,4
"Hsqsngsf8Ks",25,240767,1751,404,272,1
"QIi-xzrsEmQ",22,240697,1192,158,66,2
"OLrxWrBavmQ",22,240605,2034,257,0,1
"JbA7ehOXgmo",24,240590,7498,152,514,1
"hjZJaf6FbOw",23,240430,4154,99,312,1
"6ErU_EcckxI",23,240422,1367,165,337,1
"W8t844YljSs",24,240277,466,91,35,1
"kkTJoG3_kIg",24,240236,11071,888,1192,1
"ueNftSryPP8",1,240228,1681,159,86,2
"fRY7UWGFvdc",22,240162,3874,215,140,2
"Zua6WUB6iV4",24,240080,5792,402,2267,5
"xi6W2Dp9rDc",25,240040,1436,1053,1663,1
"3soVHA-f1zQ",27,239983,19832,232,3598,2
"dyk-LRCf_5Y",1,239904,554,179,39,1
"ZrVBEcZz4oM",25,239838,1207,481,315,1
"2mCnNNGvpuc",25,239831,12647,434,1044,2
"8v5NpgN9pTM",24,239748,10662,236,1173,2
"QX0E4k5Z_HA",25,239678,318,218,19,4
"CTiafs0qD90",24,239624,1502,83,118,3
"kEHcQhWJw3k",24,239528,14577,310,683,2
"r0zUkZccPQE",24,239525,558,134,30,4
"YXKCx5B_fEE",24,239486,7545,432,599,3
"3mBDVMPaMLM",10,239327,636,210,84,2
"_8C9X2XsWbc",17,239305,2181,177,7,1
"SewWZbm-wEQ",25,239205,1729,113,149,1
"niVERJGc3Bw",24,239190,1495,159,151,3
"P6dmZyjsGPM",24,238998,2608,217,214,1
"ritoyVCiQlM",24,238972,5068,463,535,4
"9Xop6vwE8gA",25,238890,0,0,113,1
"efKUoW87aX4",25,238823,635,190,16,1
"jRiI5bt0ZRQ",24,238716,894,102,102,3
"nGbFMRnlynw",2,238637,2113,216,304,2
"p04FZvuJPaI",24,238583,941,92,64,1
"IRmGT3jda-4",27,238552,8878,457,914,3
"qRFda46RjIA",28,238440,26445,772,3492,1
"mwd9Y8UROGE",24,238383,7056,139,252,2
"ait6Y_MyVMU",24,238265,8750,1398,604,3
"7D4hD9i717E",10,238060,15615,331,894,1
"U93UyoOK0XA",24,238046,1427,143,149,4
"HsmDe0KNyLw",25,238030,1342,248,189,5
"g3-qQyv4UA0",25,237997,829,213,275,3
"m-xAo63ww_c",24,237997,879,239,80,1
"hi3a14zgDlY",24,237988,841,63,26,1
"acCZZ-lWaMk",24,237895,432,190,61,1
"Mys5EZ8SXfs",25,237732,1505,144,225,2
"KtQGYCrTxWI",43,237663,899,153,95,2
"W9AQ_Cars4M",24,237630,356,254,67,2
"FdoklnqprDc",25,237489,2058,164,243,1
"-1Xf5LVK7aw",25,237449,2400,532,740,1
"QhGprUmrA8U",17,237419,1761,135,4,1
"CqU8bF5bAbc",24,237381,9743,136,796,2
"hziNFodFVsw",23,237318,8805,722,1236,2
"RAaWHw6WNu8",1,237269,5916,235,134,1
"TMdjbdu5gMI",25,237258,3117,210,310,2
"SGSAWd_c4_E",24,237217,614,99,46,1
"MnVJ_wBpZmg",25,237206,2888,273,398,1
"BJ8vuLnbroA",24,237138,1133,483,156,4
"FEvNNKstY1c",28,237122,34070,1027,2943,2
"5_qQRsvyZG4",25,237045,5022,124,104,2
"w9WcV2smaFA",10,236915,2833,417,157,2
"JKAa5JMtuhg",24,236855,356,118,5,1
"dEO0ezpwZng",24,236723,673,195,73,2
"z3V9LUA6VQM",24,236710,858,197,66,1
"yUs1Y-6PWgU",24,236605,835,156,43,1
"nYMxERQLXG4",25,236591,1587,204,43,3
"10powFeX0Hs",24,236417,555,81,36,2
"2RMOcQeQAkU",28,236406,6333,317,787,2
"Fy4rr6Laaks",24,236406,1404,293,95,1
"fdreCE-mBlE",25,236321,0,0,149,2
"HdMvDKhD6sc",24,236263,799,201,102,3
"68eXrHX8Gl0",24,236201,13820,913,620,1
"ili3qFpfoOc",24,236194,938,230,124,2
"0COg0mNHzE0",25,236173,912,287,177,3
"IXOnxTmI3k0",24,236173,468,90,44,1
"0I3huodoN-s",25,236152,0,0,0,4
"ZL2vCpRz_X8",23,236103,1686,229,292,1
"yiu1CIBlymo",24,235994,15699,278,870,3
"p_ZD4rfqmnw",25,235879,11022,363,1715,2
"63odIlis-14",24,235650,449,201,32,1
"pnD-jQSlpyA",23,235634,25737,439,1713,2
"sAryTcpxfXI",24,235577,399,48,27,2
"qARpGcNS0ns",24,235505,1071,75,34,3
"Vy7NiUfzBTM",24,235497,1227,88,170,1
"U_Jr7xojRog",24,235387,867,37,16,1
"w2YI-QU66IQ",24,235365,1040,100,160,1
"FH-rbk_wQLU",28,235277,24231,1051,3672,1
"PJTmHEszjAw",24,235266,4089,457,735,2
"xh0WXN7DLt8",10,235220,1985,299,138,1
"lBlFut7gJtM",23,235206,10337,470,604,5
"GKjCuNdC3eE",25,235155,2123,144,170,2
"MjattI6hs2A",24,235133,10640,458,2153,1
"FRDZ36aJaiU",24,235058,11888,706,992,3
"jVXQ0ofH45k",24,234994,977,157,182,2
"GEJrHKjTpU8",24,234954,1529,185,106,4
"uUl-7nDjPEs",24,234877,771,128,25,2
"0MdI8R0e8V4",24,234832,712,213,36,3
"gQuQkWoShbU",10,234733,1957,352,200,3
"phQ4Rq2BUlI",24,234631,2689,175,309,1
"mXMvGYcCT4c",23,234630,3103,280,318,3
"jttIs2H_M9Q",10,234587,1496,221,122,4
"f0_j07ZYbNg",24,234578,833,119,30,2
"8YYZGAxlJaI",24,234459,849,156,97,3
"Q4OTSbKBMs8",22,234387,950,94,43,3
"wTq_AKsPyVk",25,234292,1228,1301,0,1
"WczCW9C29-Q",24,234269,11502,857,1092,2
"IUJ-mUMnUSc",24,234184,3671,165,157,1
"0n40nA1RjOY",24,234181,2265,150,136,4
"xcrAzIt5-RU",25,234139,2415,145,187,2
"05CHGMEQ-8M",24,234092,932,155,80,2
"eN455Jlx2OQ",23,234085,14978,1287,1175,2
"oz-_nw4kXPk",22,234023,0,0,0,2
"FAG0G7y7Wo0",17,233878,1538,116,2,3
"ub6B1L35DS8",24,233793,192,120,47,2
"HXuKHWfadao",24,233741,4262,491,299,3
"A1b3d_lsHeA",24,233685,446,135,441,1
"lNAAZqbSA9A",25,233602,769,224,45,3
"BgW30TWkwzQ",24,233571,1392,614,0,2
"kne499fAlzg",24,233499,1748,144,76,4
"7BaquTQzQgo",17,233418,1666,101,12,1
"V18xUjrg4uk",10,233329,3891,60,405,1
"AnwhM6rxy_Q",24,233277,6237,234,286,4
"2bVzlWpnvnQ",24,233265,2859,120,126,1
"Pw0F_H7CiW8",24,233237,2704,482,952,2
"foaOCL23U2U",25,233214,3427,311,348,2
"YFwpg_w6XZU",23,233023,1086,166,201,1
"EgTX6WShqzg",22,232969,1561,239,53,1
"qHMKx9xqRig",24,232934,747,260,44,3
"L84_PzfkH2g",25,232881,1529,116,114,1
"7ZUp3pL3eYo",24,232859,6868,1043,702,4
"0cCxdgNqoP4",24,232848,2156,156,127,3
"sDvcg1GWMPg",23,232824,14418,608,435,1
"InMMU9Mugho",24,232773,702,165,64,1
"Mgqo5DoGGWI",24,232758,757,248,1,2
"IHtJgtBm9k0",24,232734,275,128,14,3
"UTKPGLP1BuA",24,232733,926,119,41,1
"OUY1DmnI4bo",24,232678,1018,87,56,2
"VUkE0IehNy0",24,232620,779,278,117,2
"veNYYacl0oA",24,232472,1914,163,117,1
"OH0PxmmZm7U",25,232386,1900,121,180,1
"ozFjEfB6Bpw",25,232375,9781,771,1678,2
"vl5fsXs5X8g",10,232357,1368,168,38,1
"BslKjxaP4Ik",25,232343,25875,865,6015,2
"AxixTGySuJ0",25,232273,2760,504,453,2
"BGe1HKXZU_0",24,232256,1343,179,92,2
"XI_btaA1nNo",1,232223,940,191,83,3
"9TEQPeIDTmU",25,232171,703,149,90,2
"abcilwRPbTU",22,232154,0,0,41,1
"1CS5lO2fyVo",24,232112,5800,238,1190,3
"NIZdSurKJxo",24,232095,2051,128,109,3
"7mfyIUI0EVs",24,232042,628,261,177,1
"b8Was1fayz0",10,232012,3362,155,67,2
"kw8TUqFi6i0",10,231971,7311,329,539,2
"y0hmQaZl0oQ",25,231910,2048,246,89,2
"rXZj8KuFZEc",25,231798,545,174,111,2
"I09JZsNiNOA",10,231720,4258,87,190,2
"KskjXRkmJW4",24,231696,181,301,37,2
"b7hDYu9mVSs",22,231685,1114,171,0,4
"RKO1-0PI18g",24,231669,942,200,174,3
"cb-t0YTGp1k",24,231666,2878,382,291,1
"BW_DMTsSM00",24,231626,714,89,42,2
"a5RS1nBD03E",10,231569,5875,178,775,3
"Qe5l5qJM5Ws",22,231524,630,151,91,1
"4J02dop_gYY",24,231498,6707,268,343,3
"XkC6cW35Ym0",24,231478,1042,286,41,2
"qd8zeIIkA5I",24,231463,1210,191,79,1
"294IJVra8as",24,231341,9226,345,627,3
"KEbins4ldf8",24,231324,499,163,54,1
"ef_KR7-U3bk",24,231307,1897,231,72,4
"5ub2ALPl89E",24,231241,2102,251,87,3
"NGjpRWDm2zY",25,231236,1082,364,97,2
"7irWtX1TSRY",10,231224,3843,338,258,1
"X422F2tkEcE",24,231145,652,131,17,1
"HhTRGnR9X6I",24,231104,2213,164,201,3
"C0kD2LTgMI0",24,231010,1530,91,71,3
"g2F_3Ve-_wE",24,231009,1092,276,164,4
"XIxhAgP1NY0",24,230979,384,141,468,1
"FdyaoHTJZok",25,230953,3566,203,411,4
"9WuLEB9aAK8",23,230913,4114,817,408,3
"Qdo59KVU93o",25,230627,1610,104,58,1
"_qvlycb-asw",24,230556,206,143,68,2
"NENhTiGTPZY",24,230553,971,122,158,1
"WISBAbtjlHM",24,230503,7187,425,878,2
"zawzRXSPyjs",25,230439,9365,435,1106,1
"BqizWkJ9pSM",24,230429,4415,302,1354,1
"8uxf80ma1SM",25,230311,1279,104,214,3
"d7JwbKSdNK4",24,230286,1874,101,72,1
"mwnvsR5Mqrk",24,230267,624,105,32,1
"bqWv6sj0Ows",24,230254,250,255,0,2
"e_gFKDMb0FQ",10,230225,2676,335,310,3
"Xi4HLL77NX0",24,230162,691,71,52,2
"w6qAXVbkwCU",24,230147,524,195,168,1
"ZeCg9DrUx1U",27,230110,1258,266,80,4
"zW9aLsVj25Y",10,230013,2804,186,315,1
"OvjS1Tkz4HU",17,229974,2989,270,24,3
"Q5d2C-oLy3g",25,229907,355,145,41,2
"cClJGI_TY_U",24,229742,328,61,18,3
"Jbcx9yEGHfw",10,229738,3117,344,328,1
"rW8lVpzXTaw",24,229712,294,126,19,4
"OQwC3mqXGcY",24,229575,1746,142,153,2
"WtGDvbmTYtk",24,229495,1405,133,270,4
"RhUJsKwvW7s",22,229491,1303,166,193,2
"1WjoLZi6SCI",17,229360,2046,176,22,2
"s-du8to_GqI",22,229299,201,59,23,3
"9JLd9if8eaY",24,229141,446,212,74,1
"zUWZtSSZfsc",24,229070,1925,114,41,3
"JwDGs9FAbmo",24,229069,706,143,128,2
"7XBuexwNyUA",24,228998,1714,181,199,3
"z5IwNVxE5VE",28,228903,27930,6415,9626,1
"ezyQ6gR17Mk",2,228807,8674,199,368,3
"a2HXUha90BY",24,228795,2143,1931,463,2
"mcvN-05vUcY",24,228794,408,176,55,2
"c64l74IDdGI",25,228747,1745,154,120,1
"4f-1OvBSSVE",22,228727,0,0,34,1
"k04vOOiTekA",24,228720,795,63,20,1
"0Qr-r7kOb2A",1,228694,1334,79,82,3
"3ExbAyLCFX8",1,228665,4725,929,631,2
"njeOyGTcjCE",10,228590,927,230,97,3
"FYFiubhNlaY",24,228503,351,94,39,3
"GnjNCNnIWSM",24,228461,870,142,74,1
"fBNmVnuTi6c",24,228392,3020,168,132,1
"WffY3TAZOUQ",25,228247,1211,305,279,4
"0z_ER0n1mbA",24,228172,734,126,19,3
"0dQbLHDWoIA",24,228101,540,238,232,1
"B6IxqP9z9XE",24,228060,2804,165,478,2
"a9V5aPkWBO8",23,228034,6054,497,786,2
"p7KXTgCvjr4",25,227969,1402,96,121,3
"sL47lpFQL_E",24,227951,609,211,103,2
"kD28VGs9Ybg",24,227945,6081,178,301,3
"V74QP00JuXg",10,227923,2614,231,177,2
"2sUG33ci3Xk",22,227883,10896,272,574,2
"XgZftsUWDAI",24,227714,608,94,43,2
"Tatnf0GKhQ0",24,227469,787,131,21,1
"84k8LN6V-fQ",24,227429,531,99,115,3
"B8vpwf8rIHk",24,227345,2045,262,250,1
"UNRKOOPwuu4",25,227336,1968,307,116,2
"I9WULi07VZM",25,227329,1229,141,61,3
"1trXIm1gBLw",24,227300,793,59,139,1
"kzi7Wx0yF-k",10,227246,9183,131,378,1
"9nuwMyNodxE",24,226999,4487,139,262,2
"veJRLu7KqnY",24,226997,1258,181,84,1
"1lTXwHAEdCo",27,226930,6344,602,1507,3
"hjxm--S4cwQ",24,226895,1322,197,68,1
"M7SdOGPKjzg",24,226889,1745,277,135,1
"TrucLZLEl2U",23,226850,13453,365,859,3
"bn09FKEfUmM",23,226823,2458,361,519,3
"TFw2PkqzxhQ",10,226791,5850,81,272,4
"imneybZIsvw",24,226772,669,199,22,3
"kliVAzNZ-Pw",25,226725,2236,489,854,1
"I6ES6opeHYI",23,226698,11375,420,503,2
"i9Oi1gYWMk4",24,226629,1168,263,212,1
"323ErGliWj4",25,226599,784,309,165,2
"KarUOTNkwhE",24,226496,1588,201,342,2
"g1XvR6LWgG0",24,226418,4592,194,1104,3
"l8T1ZeUWq_Y",25,226386,1676,134,163,1
"34d_Iy2s_2U",24,226364,340,358,101,1
"jHdy7Dkll70",24,226291,2300,472,1943,1
"BYWd6B7GleM",24,226289,550,172,144,2
"Ckzx7auMg48",24,226248,4489,390,444,3
"3RzD99MG17s",25,226183,848,113,10,1
"vakUfzbvm_I",24,226181,0,0,0,1
"dsokreJq76g",24,226174,1488,163,109,1
"s2a1T9kK_e4",24,226123,4088,181,153,7
"1DQ8k3-sz-4",24,226072,1060,116,23,4
"wRv8X5P4MP8",24,226044,1077,379,528,1
"EWm7V-yufs0",23,226024,5244,182,223,2
"HZ8hmpazEiY",24,225909,1030,203,60,1
"Ako9mX5oyNQ",24,225894,539,88,33,2
"9svDaqOVM7s",24,225879,551,74,22,2
"NWg7RUbROp8",24,225833,20250,296,1549,3
"w7a0dMtYMDo",24,225800,802,53,18,1
"MDO2ALHQ-qM",24,225770,4000,749,874,2
"aQoS9sBISF0",24,225709,923,299,47,2
"MXEPDB-7kVg",24,225701,453,99,34,1
"sSrXiJ9u_k4",24,225638,1006,81,32,3
"nJHesynS-sA",24,225638,4951,519,566,4
"wCrcbm7c_Kw",24,225631,268,84,151,1
"uM47eeDeLFA",25,225604,4337,69,221,2
"gQ9OK6Fr5qo",24,225437,17889,377,2353,3
"iBOwUrtdZRM",24,225347,545,246,253,2
"oqHpPd3V06w",25,225333,786,107,198,2
"n0nJgCt0MMw",25,225330,459,169,84,3
"mtWlgaTMSpM",22,225280,8776,246,487,1
"f6beXMO0Hjs",24,225119,2798,281,413,3
"tm-g-AxahE0",24,225028,8015,724,264,2
"GTRvFJ_qoj0",10,224988,1075,149,152,2
"UlNgIRaGumc",24,224954,3288,219,75,3
"m6sG3mY0GF0",28,224939,39321,2375,4330,2
"S4tDMbu2PD4",24,224902,1236,121,80,4
"cCJX51WZZmQ",24,224818,970,414,212,1
"Bwvn54aTdao",26,224815,1024,162,157,1
"kWdBIVh-yuo",25,224790,1934,216,179,2
"l-IQiReNojA",22,224764,393,443,92,2
"nx_keFSk_AI",25,224690,552,136,304,2
"N8MrRlKXqlI",25,224637,10749,1647,2718,2
"uicctZJskCQ",24,224536,1664,216,174,1
"sdMHKl6HEO4",24,224536,420,102,42,1
"kmbLS8zWTiE",25,224504,6279,1230,1165,2
"quBz913fEDc",25,224352,0,0,147,1
"bIprd4QxkcE",24,224342,1289,233,319,1
"suorpX0xHEI",25,224261,2206,87,153,1
"wCvWcBzEVeg",24,224241,4132,477,791,3
"x25OZdUKJ6s",24,224206,1085,228,121,2
"YNY1Nhdk_E8",24,224100,5392,227,405,2
"dFdg-kzXOrM",24,224040,1271,137,52,2
"LIkf1G1ENbc",24,224038,1473,138,43,2
"j6i9xlrPuZA",24,224032,778,45,30,1
"fWIps_oVv3s",25,224013,3138,298,338,1
"_8bWPDBsr5w",22,224012,2288,485,628,2
"xcRxhK_bAo8",24,223954,4364,167,135,2
"7JICsq3UBQE",24,223928,652,43,34,2
"sJk8Kc9HtNk",24,223886,5510,302,194,1
"PmV3T_-yxmU",25,223871,693,379,251,2
"_hDmwzZepnI",23,223843,3933,157,240,2
"yVY7yBl6UEA",24,223815,663,152,97,2
"jlnvVanBqO0",1,223711,4365,256,469,1
"lcBxo4Kkgfc",10,223692,16554,163,1036,1
"HDEmxLomMCU",22,223656,811,143,228,1
"2E2uBtPbqYs",24,223648,765,241,57,2
"ffi7WcLz5sQ",25,223648,1369,598,753,2
"jYw79Fdpv1I",28,223578,26285,881,8440,1
"x5vZh197hco",25,223573,978,1053,326,1
"wssMK9bMIic",28,223557,26558,819,2589,2
"cgtA4fdVdX0",25,223545,1373,101,112,1
"ZQYX4QDEHZk",24,223540,1911,187,72,2
"zv2Zp3z_FAM",25,223461,6744,971,3150,2
"dFXY-DWVRGI",24,223442,724,276,71,1
"lkmNnaKarWo",25,223423,1402,279,576,1
"BqpqqBdZek8",23,223367,1177,230,466,1
"Qdx4JZq6EWc",28,223312,21347,763,2834,1
"QE627i0jknA",24,223291,645,86,69,1
"5vniWkBSY3g",24,223227,1927,235,140,3
"b0a_50cIDMY",22,223218,828,121,205,1
"278u-J8bhWY",23,223217,1393,158,163,1
"Am0aMeu32uY",26,223167,1835,169,28,2
"8nYdPSEr5Cs",24,223164,706,104,20,1
"EpV9_R_6hLA",25,223151,1556,96,237,3
"be9PUK5SbZY",25,223068,2283,173,214,2
"jlG0zlSm4zA",24,223020,683,210,37,3
"smfAT1uPA64",10,222943,9749,169,629,1
"46aiEO97LvM",24,222832,1367,196,109,1
"W5jce_ZxvoA",17,222719,1568,105,0,1
"f7KuhIVl5hI",24,222699,938,261,54,1
"o-VR8lUly7I",24,222630,787,86,43,1
"Jxe8Tgnz2SA",27,222569,25098,326,2579,2
"T2jOLjtJgfA",10,222563,929,193,111,1
"GjU32NgXOP4",24,222519,3200,156,296,2
"7NO0jkqXxkQ",24,222471,317,52,27,2
"S-VEz5jCXDY",10,222444,559,132,89,1
"Kvd8xGzyDcE",22,222418,895,91,98,2
"5Clp4tL2wSY",23,222398,13361,382,1496,4
"rYIWWcDsGzg",24,222315,5962,232,1346,3
"XJBEZ-lnvlM",17,222305,12104,214,917,1
"vt5xIaE7IEw",24,222221,434,122,39,1
"9wts-7nihUU",24,222204,403,237,25,2
"LzTJlBl7utg",25,222180,3714,404,608,4
"iB2mIUbop30",25,222061,1989,188,186,3
"2JYIctjG3HQ",24,222008,475,145,76,1
"y2VoNQW3WWA",25,221992,1734,253,369,1
"4QAkdymQb5c",24,221964,16035,485,1807,5
"K-UbMxq2o5k",22,221956,1407,162,185,3
"wIOqBvEh6ok",22,221935,2741,108,147,4
"ajOjquPgVuo",22,221885,527,165,157,4
"bV9rS5aR7rc",24,221876,650,87,28,1
"TqIAY3iANR4",26,221844,1959,606,347,3
"iiQlL8amoPQ",24,221839,4364,194,1361,4
"WB9l4BX4LkQ",25,221810,1343,391,281,3
"OUYWwyyks_Q",24,221784,559,62,25,1
"ZrpyTdNGXBE",24,221767,16431,455,5355,2
"O7iNM-RdWfg",25,221705,1941,504,1982,1
"HlJme2E6A60",24,221671,2384,174,201,1
"b4pwYbF-PVk",23,221665,4615,209,328,2
"SuLH1OwwtSs",24,221596,2828,1056,1702,1
"e8b31uqh_YQ",24,221592,2602,116,201,2
"r6vrmPqjRB4",22,221511,2294,230,480,1
"VQ58jLqr5Q0",25,221401,3885,355,315,1
"F_sa-wXZHUM",25,221389,2389,1030,1253,1
"LQdzOcYkt1A",24,221370,2218,24,30,2
"irXtiNZGIU0",24,221350,4728,387,519,4
"WR3BEkpordM",24,221311,1267,97,63,2
"39NmAq_W09k",25,221227,1699,491,970,2
"Dc5SbL9O36Y",23,221192,13633,596,608,4
"elBmCws127w",24,221177,9175,374,887,3
"_HLlxn64RcM",22,221166,533,181,56,1
"GEXvkNaR3e0",24,221008,687,90,94,1
"7UiA0ky8afg",24,220997,672,141,21,5
"2GCklLgYcDE",25,220992,663,83,56,2
"q5Nr-lA7X90",24,220973,858,104,42,1
"vWhKDByshDs",24,220948,6899,395,452,4
"Q08TLoLbZcE",24,220771,954,219,564,1
"4Lu3stCm1i0",24,220734,26130,390,3088,1
"fSXsIx8OmP4",24,220717,1725,125,76,1
"Du4j36OLSMg",24,220663,1740,182,37,1
"ecsW26szrTE",24,220615,562,83,30,1
"R-CF9NylKVc",23,220563,12176,840,1781,4
"wKkmHM8IFbc",26,220562,928,314,104,2
"1EFOxCIweLQ",25,220364,1620,119,149,1
"_mJBsk545-4",24,220343,8083,896,847,5
"IODCgCFJEps",24,220337,719,69,41,2
"k9vuCo8tgkY",24,220315,718,228,139,3
"rumYZz_OnxE",24,220179,568,76,22,3
"ypaRHChKFik",24,220157,399,39,31,2
"teiqR1GgdEE",24,220115,308,142,42,2
"Bd38hF43oGA",25,220111,1709,148,193,1
"9kOnvpQJXhk",25,219963,3549,517,610,1
"c1Ki3XQ99Cw",24,219800,1961,112,150,3
"vz46rnQcmaA",24,219692,1556,85,29,2
"ED5w-Cm4BDs",17,219690,11659,199,676,4
"yK5j04MDxMg",24,219597,1590,133,68,1
"w8jWRfnyT4g",24,219488,6330,214,1062,1
"NHTeeLj90U8",24,219477,514,57,8,1
"uCM--sf04fM",24,219451,2211,119,129,4
"GL1hj67Er8c",23,219445,1225,126,220,1
"qybOPpfpyAI",28,219414,33164,1301,3669,1
"9Fg_C0In88g",25,219397,746,86,97,4
"uvxoBpNv-1Y",22,219361,757,141,112,1
"ZdWrZjxwl-k",25,219338,1945,449,1646,1
"Nq4WrPYGZNM",23,219152,9424,226,446,2
"K_voQbMkcAM",25,219138,844,126,98,1
"ce7YDAlIMCA",17,219031,1734,109,11,1
"SZHVdcFuH-0",10,218914,2811,252,135,1
"Gy8Avca4aAU",24,218893,1339,159,53,1
"AWqWMZ72y5U",28,218878,27707,992,4431,1
"lWaMvQMVjOM",26,218846,381,136,105,2
"_Swzcu4en3s",24,218828,1407,111,57,2
"vq66Z83lldM",17,218823,1742,137,13,1
"VDP3iqeBAnU",24,218766,400,233,0,2
"JExup0WMPgI",10,218741,18888,1171,879,1
"CcVqazulnZ0",23,218735,1289,202,131,2
"0GSm6n6oob8",22,218694,3373,153,85,1
"c-vtES6FYn8",22,218674,2316,697,1595,1
"h585g_AvK9g",24,218665,381,116,27,1
"Pr0HoguK-1Q",25,218570,2223,141,5,1
"QWuGkei4E74",25,218558,0,0,77,3
"gddFMG3GR5g",24,218490,1729,76,34,2
"3sh9cOopj90",22,218452,1613,248,716,2
"1qmKQv6IHHI",24,218424,963,128,29,1
"hGdiD_6sUxA",23,218394,1475,317,381,3
"o29HL8Fbdqg",24,218346,1260,357,216,1
"JrbKnBIbNZ8",23,218312,1188,250,200,2
"NFQeuhPFj44",24,218301,1025,190,106,2
"CSa3jWSEZZ4",24,218264,654,249,36,3
"5Sf7wrKYhlo",25,218121,396,148,90,5
"VOCG5stpa3A",25,218103,0,0,96,3
"GoVrRKYI8H4",23,218095,2616,256,341,3
"LBmk1Xqq1qw",24,218081,951,161,79,2
"bM0pcuiKhAQ",24,218072,4328,246,777,4
"gMTTvjbIjgM",25,218049,11418,527,1628,2
"OAqQ-rziZ2k",23,218020,9839,586,782,1
"Jq-sqsx-AMk",24,218017,11942,557,1532,3
"urzfa-LXrxU",24,217836,784,108,52,1
"70jTAv0YtSk",24,217811,553,80,8,2
"lT7Maw8lX5c",28,217765,25286,812,2291,1
"B_QxRuuGRGQ",28,217752,31609,1082,4348,1
"U9jd322X0-Y",24,217736,1395,198,144,1
"1U8jaIFJb24",24,217699,1216,422,206,2
"UAPBlI2f6ZU",22,217648,282,427,49,3
"bPca_r9u7VI",25,217524,1670,490,594,2
"ejz6UdxL6n4",10,217512,2940,396,196,1
"6yr5gT16_k0",24,217502,1321,155,158,1
"odJUC1JiD9M",10,217394,4242,377,305,1
"5vCu4v59XnY",25,217352,9895,555,1417,1
"P42_y9ehISQ",24,217300,3419,322,723,2
"09OnyipJ9JU",24,217273,512,177,77,2
"Gn_IYo7T5wg",24,217262,2109,169,251,1
"cCHJ4WM2gnE",24,217252,387,81,20,3
"y-BScbU0vyY",25,217231,1197,206,205,1
"0g0pPpDD7Kg",23,217230,14323,710,1640,5
"viUWXtRLNgo",24,217161,18285,675,1825,3
"q9vE1kEP7tI",17,217015,1546,120,17,2
"ciwGqzga_Ts",24,216967,6480,322,269,3
"pbXEB2vkcfk",24,216944,2400,810,1680,1
"K_PgSztIQUY",23,216918,1304,175,262,1
"KpnZ3nsseko",23,216881,1920,272,436,3
"64rcpjvwajM",23,216858,6283,462,543,3
"TNTwV9nY2tY",28,216816,25291,777,2668,1
"fV8JHLm8moU",24,216800,5238,254,256,2
"FzMErxZTVV0",24,216792,703,86,29,2
"gWPBZd7JGqY",24,216776,2822,162,474,1
"i3Om8nvuUOM",24,216774,846,44,41,1
"RUiKwEU22Fg",24,216755,6884,1233,1437,3
"N64BfYRRDa0",10,216628,2791,158,141,1
"MHNytfQYCKA",24,216549,914,85,39,1
"G8kVoIdgRTI",25,216478,1342,172,108,1
"h4jokeuedoA",24,216391,1092,99,66,2
"qQdaIcXQOyE",24,216377,648,86,16,2
"xmaKp9hPqz4",24,216311,1036,199,104,1
"Dzo_A2j64mY",25,216259,1498,437,198,3
"toASd2SjtwA",10,216214,2486,290,221,1
"sTkcealL3QM",24,216209,1651,149,1362,1
"2JS4LU3hXng",24,216075,438,53,29,2
"i7t62THx6zw",10,216071,1299,162,135,4
"4NVYEOJJti4",23,216008,3087,283,149,4
"cJA_thBLjrA",24,215965,420,123,45,1
"8r_88-GQg98",24,215848,1135,136,26,2
"5Jk13pu7zKs",24,215844,1491,283,212,1
"3-_vcf2CqBA",25,215768,9621,411,1889,2
"WJdGH3JLd3o",24,215710,560,186,233,2
"f5FjC3jSxdE",24,215553,1690,114,79,1
"kWjHLWxW8ts",24,215493,2410,169,246,2
"f-Jk8r2FUno",1,215462,7170,106,263,2
"-9ChvLCJSeY",25,215444,595,288,179,6
"c52ptU17OJo",24,215349,5949,248,1516,2
"M-_zgaPRcCA",17,215329,2952,212,20,2
"hMRgGB_hUb0",25,215046,1272,104,39,1
"jmUU62Eqnvg",25,215005,0,0,19,3
"T-Kh6cHJeKI",28,214990,23030,836,2294,2
"vlf8B35qdww",1,214976,4683,258,397,2
"X83thr1X5bU",23,214970,1170,117,289,1
"Qip7PlLLGnY",24,214832,826,193,84,2
"19LcKVgJ9SA",24,214831,657,227,0,5
"1BF58e-B32A",25,214786,6121,216,413,4
"ROKDon7sgW4",25,214751,1339,132,169,3
"OpmaY3WJyoc",24,214704,693,327,282,4
"eW_yy1MwYHg",24,214489,1236,155,58,2
"nSbBJpR2xfM",22,214452,669,56,51,4
"xnM2TcCkMC4",23,214393,4760,1233,387,4
"iNHecA3PJCo",23,214378,3291,404,196,2
"-8MwM3Auc_w",25,214343,709,95,37,2
"H90ry0uH1Cs",22,214293,1323,313,777,1
"xV7quAJzs6E",24,214193,511,185,156,1
"iaob8uLqt14",22,214124,0,0,23,3
"qJBpJTaiYSk",24,214122,2474,422,425,4
"SaPP4BhyASQ",24,214098,731,97,71,1
"wPZR41F-bPY",26,214059,3998,211,1041,2
"EGmlGzwwPKc",24,214018,4179,448,673,1
"lm0rBWwF9TQ",25,214002,5042,176,87,4
"7YTlLQsszH8",24,214000,12396,694,618,4
"53drM6OPyXU",25,213987,3502,197,329,2
"bfXj7zLwaEA",24,213979,645,249,48,2
"tzvbOwmBTbg",24,213932,253,129,18,3
"thY7d00sMfE",1,213832,1859,269,129,1
"JSUO-lZ7Bpw",24,213822,6157,286,1341,3
"ANZDPMKM1yI",24,213713,1702,319,167,1
"YOcQwEmBOoI",25,213631,1011,559,996,3
"j2--oxrEdw8",24,213598,3315,189,140,4
"M3XHACq0OhI",24,213561,600,480,233,3
"6_lhToKMO_A",24,213497,499,198,48,1
"NnCr4kRY_H4",25,213487,1030,145,99,2
"HEQfw_v51wg",25,213370,4293,1312,3042,1
"uWCn7wwlTA4",24,213324,948,151,92,2
"-1rBP7jUqkg",10,213274,7281,154,565,1
"GRTGJ5bgV3M",24,213222,1653,154,181,3
"0dBqKvZ-sgM",24,213211,631,117,35,4
"aqJJZeLObDI",25,213181,1494,180,61,3
"ncwdTsIZMEM",24,213151,780,43,39,2
"YvTwcX5G8NU",24,213140,621,177,122,2
"fdM3368AHx4",25,213110,2345,197,243,1
"uGWvhz5D4_A",24,213038,673,95,16,1
"NE6jOYP7M7Y",10,213024,5375,387,718,1
"CEUFY9k15_E",25,212946,2504,168,364,4
"FFWnbdjICmI",24,212830,8981,531,1245,1
"j6x0dKh7H2g",25,212822,983,172,15,3
"E5QXvB0H-x4",24,212763,5632,115,265,2
"PVGMGuYQ0NM",24,212681,557,70,22,2
"0n_S-RA_NgM",24,212652,3634,357,244,4
"4rXxV0LvwkE",24,212610,744,159,65,1
"_7FRVJaPWDQ",25,212597,3511,2623,1789,3
"VbMWS3VJdsc",27,212596,1489,978,491,4
"g2DAp8J0DQQ",24,212554,648,43,19,1
"8qmPrrhZIeU",24,212507,360,64,33,1
"9ttVEPk2fhM",23,212481,5769,204,585,2
"giGGHcJcjNg",28,212480,21568,757,4869,1
"UStDHdldvI8",23,212460,11517,1003,965,1
"Lo-DguXKxkk",24,212451,307,117,12,2
"B_s0597AYYg",26,212450,3151,238,927,2
"saNC0oA2NH4",24,212396,225,170,4,4
"XPwG9FSaLZk",25,212386,3028,729,1010,3
"cgPr5GVpSEk",28,212383,25131,735,4944,1
"n8ay7BreF2g",28,212346,8145,233,1470,1
"TB8Q_Fv0Zvk",25,212301,2468,258,169,3
"bvmlbu5Vipg",10,212190,1047,218,144,4
"h1s79ljJZHI",24,212172,20325,454,1691,1
"avzDiphsnTI",24,212113,1193,192,42,1
"7zxKJZtJb7Y",24,212101,878,171,89,1
"DqD1Ak3OdKg",24,212070,1223,58,28,2
"KlP62pjv7NM",1,212048,6030,242,260,4
"CgImeJcZEb0",24,212032,683,189,52,2
"afrXL8v53fk",24,212032,1591,155,168,2
"dQHhdwAs8Qo",24,211993,664,265,63,1
"lvoAyihRMag",24,211907,716,43,21,1
"IEpAHNRxxxc",25,211906,1064,123,0,4
"ADARuB8QG-s",25,211872,2396,462,371,2
"IyM3vPISQx0",25,211820,1255,188,77,7
"ZLG2TV-I_Zk",22,211767,1023,233,199,1
"_8-yJpek8uY",25,211576,754,3019,2116,3
"H3LnUt0b9Cg",24,211475,8771,992,837,4
"pugZJuZubiU",24,211398,1377,149,257,2
"iN0_Oo2o0dA",24,211386,722,89,40,1
"q7X__GRlZWE",25,211270,1275,105,80,1
"V3xkZ8DV8v0",24,211269,1240,184,150,1
"DfCcZLGVgDg",24,211173,964,73,41,2
"VgMLQdDT88Q",25,211137,837,287,116,3
"YV1WcFtAebY",24,211124,638,63,33,1
"8jhvOvrA7AM",10,211071,4829,167,166,1
"fS0--tIcYGs",24,211057,3050,157,102,2
"K4aES7NiUVo",25,211016,405,104,0,2
"eeEDcSHtvIk",24,210976,725,114,18,1
"ox5Pfntdmj4",25,210909,1680,131,199,1
"-6lhLdyTcpY",28,210904,35397,1283,3651,1
"gbNeB9yj7j0",26,210898,1875,489,135,1
"Hwf8aLLcWjc",24,210850,1925,273,181,1
"XdEkbXvGCso",25,210761,900,226,328,2
"KF3hznZ-_ag",25,210747,571,188,83,2
"-34EvVQ9sqo",25,210740,0,0,43,2
"qzAb3OcaoRw",24,210716,3739,419,1102,1
"975d0ssVXpQ",25,210714,815,216,144,3
"hIS0nbNy-Ek",17,210706,1997,117,15,2
"Xc2KwgYerZI",24,210675,1041,163,165,1
"J_gU4sDkpCg",25,210559,722,252,258,1
"tALNIV2vgHk",25,210445,0,0,0,1
"fEFAQ2j7KyE",17,210419,1700,133,8,1
"MV70NAz7ciI",24,210395,402,49,38,1
"7oFmPlfCzp8",24,210391,1189,222,161,2
"PuZzPEyiaC0",26,210353,2967,310,389,1
"4YHhMz4QASs",24,210337,11053,1623,1466,2
"eXPlB0TCAsw",24,210318,608,99,34,1
"xxVv6mSf73Q",23,210310,3765,387,621,5
"iWktcIy5vlk",24,210301,3824,87,209,2
"wkwrOyzl-aI",24,210292,569,124,64,2
"81pMBn-6bRM",24,210208,5834,518,670,3
"TVLz3Zv90Tc",24,210156,631,95,21,1
"GFCe3L4g2NM",24,210095,1372,803,1131,3
"TqR_jWfHW4g",10,210031,8462,361,1083,1
"U9-aOKYTdHc",23,209970,22548,1037,2436,3
"qF_0rY2e18A",22,209948,851,356,201,2
"_V_nUKvOmbc",24,209929,1776,154,110,1
"oDPh10ctEFI",24,209877,985,105,101,2
"ceHElg00S24",24,209875,1067,679,252,2
"bB1PkMgw_do",24,209778,839,228,44,2
"qZFbKBPmlTc",25,209754,1816,583,624,1
"3R0QpeuaABU",1,209741,3176,771,276,4
"nfxnAMCo5DI",24,209689,588,57,46,3
"YcqEnrmYAN4",10,209682,3336,70,33,3
"shBZ20BZEj0",22,209484,23923,568,5003,1
"pr-8-AloDIQ",24,209475,1027,159,129,2
"0KbWFEe8Rz0",10,209466,6515,254,391,1
"g6Y_mepNH10",17,209461,2438,194,9,3
"aRAtM5fjj8c",24,209458,2372,200,108,2
"FBYXZVzY1uY",24,209402,10929,771,1435,1
"9lpUx9-yQOc",24,209399,858,221,39,1
"sDlCel5X9eY",23,209380,4488,191,593,4
"dN5eLAh2obA",17,209346,2189,159,162,1
"k5Ylny9Fws0",24,209326,371,121,22,1
"O01mrFbGbG4",25,209248,1207,176,535,1
"6B0TLMxYjls",24,209216,431,243,113,1
"7th4TExL5kQ",24,209194,9122,209,479,2
"f2yPfaINMH8",22,209161,7328,508,1553,5
"nD2XrZwltDk",24,209158,4552,187,188,2
"_rsEuzusFtA",24,209158,720,261,93,2
"lTlorxigR5Y",24,209130,1131,183,120,1
"gRKyb1hZt2M",25,209129,1928,247,216,2
"8Bfgqa93tMQ",24,209114,367,262,44,2
"V9mLATNRwDo",25,209114,0,0,132,2
"ef8siDxfjWo",24,209074,783,85,39,2
"3O8nkBoYQz0",17,208999,1776,127,8,2
"sSeQm8ZhqUs",24,208953,921,207,27,1
"9IBUYOXeBMU",24,208845,670,90,36,1
"90gVq6qC8sQ",24,208813,1175,527,228,1
"pV4WWpZAXSA",24,208802,856,148,53,1
"hb7HXBUaZyg",24,208732,373,59,55,2
"o5_Vpc7c8Lo",17,208724,1505,150,3,1
"kIUTkykbC_0",23,208689,1438,129,289,1
"qQ6mu5B-OOM",28,208676,18365,739,3550,1
"XUQMWzytYbw",27,208615,19630,270,2765,2
"YgycIiipJYg",23,208613,2759,251,348,3
"O_17JFIPgbA",24,208566,892,116,36,1
"XALWY2Wi1Wk",25,208502,1486,280,808,1
"FwpgEscHqa8",10,208490,2327,260,126,1
"bBMrUsS_lvw",24,208440,899,116,44,2
"87yjqtuK1RU",10,208433,1842,288,99,2
"FEsjPHwPSns",23,208410,1221,129,384,1
"CeZA7pJVlGE",24,208294,433,78,33,2
"QCTnwCc99MM",24,208226,713,154,39,1
"OMgGT4f6as4",24,208162,890,234,112,1
"pS5Ng5r8cds",25,208154,477,629,448,4
"qgUmGmIge9E",28,208146,22644,1079,4550,3
"AHWTbKVpukU",23,208145,1605,294,449,2
"Vk2691PlKV4",23,208054,10761,659,1585,3
"dZE0UU58Nko",25,208036,4719,303,1037,3
"8Kt57X7zA-A",25,208031,402,107,157,3
"QngyQZJi-7s",10,207964,11756,333,1164,2
"7rTmRRDSRWQ",24,207842,1912,155,168,4
"A8wilTBTVlA",23,207817,4455,352,228,3
"0SMKG3SRGzQ",19,207797,638,58,24,3
"vO7odIj77No",17,207746,1804,234,509,2
"OWZq0EnoDnI",24,207745,1191,331,759,2
"ng2RyBxm_iM",10,207740,12923,307,2354,2
"WhIrj0f3agI",24,207724,786,152,43,3
"IQar71vOSZs",24,207675,1044,78,38,1
"qDd_eTAPzCs",24,207647,667,122,10,1
"drij0rAuuCM",25,207619,338,118,27,2
"eNVNlaE4vKU",24,207598,863,123,83,2
"h4DDlNQyt24",19,207548,473,84,34,2
"d8ZO47wXPTA",24,207533,990,273,115,1
"f0IoDElmVBE",24,207492,635,64,246,2
"eRcYo5FMWKc",27,207491,1744,121,16,2
"hbwX6nn2NX4",24,207487,13655,1698,2593,1
"_kx26-PI-Hg",24,207470,12004,411,855,2
"J7oiTMFXeTI",24,207431,345,124,14,3
"XQ9B5iVkgPQ",25,207396,865,236,185,2
"Nr4eAzDJVGU",28,207349,23320,731,4054,1
"PGlHMeR6pK0",26,207281,3045,546,364,1
"pC2QNiK8vrA",24,207182,1039,344,175,1
"8pcba-H4Iu4",24,207153,13910,168,938,2
"18JgTrjfwcE",25,207128,654,185,98,1
"xWQAuvE5CbE",22,207121,392,177,30,3
"LeWlpsJSECs",10,207098,3214,323,215,2
"Kc22g3yWTIM",24,207049,359,187,36,3
"qxo9OzKb-iw",24,206977,625,196,51,2
"wICmv0cw8So",10,206875,5134,102,294,3
"5QPv29o9b8Q",25,206795,1696,150,161,1
"0FWrAsfz_cU",25,206663,1670,116,154,1
"WvQwFQzmxCc",24,206633,669,162,22,1
"dIe7ev4iSFU",24,206579,703,206,45,2
"o4SJa_1dRww",24,206574,1372,368,73,2
"yLaBw-2QxYM",24,206482,1053,152,103,2
"0KOmu6JtZ9o",25,206445,797,93,86,1
"RKn2lvCi2A0",24,206407,744,94,20,1
"nIFFxj9yDgc",25,206385,2396,587,381,3
"3UgsUfGLqwg",22,206264,2220,1217,1028,1
"LHIN4LWFoV4",24,206201,1607,248,195,2
"7dP2aJLN4gk",24,206152,0,0,30,1
"0ZZUZ8cBtVg",25,206129,1172,118,50,2
"iMT_7P0CtfU",25,206126,425,147,14,2
"E-7pJZKSBxk",24,206081,3572,450,711,1
"qnJbsddPc6o",24,206064,908,183,663,1
"EELnafMV8nE",25,206038,0,0,53,2
"OIStC2YJyxk",24,206034,973,163,62,2
"LY-RHT8xF5I",22,206015,142,56,11,1
"WDN72QkW5KQ",1,206013,1233,142,49,1
"eaT0ISyeQOE",24,205988,1728,131,87,1
"xwtlDlhntUo",24,205934,526,137,89,1
"pjDLp2gw7HE",24,205910,676,237,68,2
"a7KoGVrVvRk",24,205883,1592,173,86,3
"x1-ueeO14jI",24,205851,1550,250,441,2
"ewhP1hGIbdA",22,205841,1878,370,188,3
"9RWSyu0lE1g",22,205826,1098,134,118,3
"W-VY--brYbg",24,205800,336,156,0,2
"I1N-ndwrD8k",25,205619,10120,400,1171,3
"IiWotiYNA2U",26,205555,1027,140,8,1
"5j9rVdfcKEA",24,205510,627,171,110,2
"Z4669P5uVo8",24,205488,793,131,19,2
"IEF-axoKeCM",25,205470,1545,161,147,1
"IYlpW5YNfyo",23,205465,12726,625,942,2
"qfkuJvShtgI",25,205293,1280,92,0,3
"ToPW2xgXW_0",23,205243,13271,238,1214,5
"ZDb-AOg52vM",24,205219,874,194,87,1
"TgSdoftBKWA",10,205194,2542,139,49,2
"taLNA329s5U",22,205140,728,125,447,2
"86A9WMFoqCk",24,205123,3422,119,202,3
"ZQj4C_ytDlM",24,205098,216,188,26,3
"FyEQ1kK4dQg",24,205006,504,151,146,1
"n0sXVQXtbNE",25,204973,1355,216,35,3
"h7ZYXEg-nz8",25,204961,3138,387,504,1
"85y6kIrS9GY",24,204875,384,70,17,1
"gky_YmCPdOI",25,204828,2357,902,856,2
"VBPPLZ9vI7E",24,204773,1733,40,0,1
"vB60_5L0blY",24,204749,1974,222,520,1
"lprgKLNWdAg",10,204746,2168,116,129,2
"RKc0VggPWSs",24,204712,2973,3772,22,3
"Slm_SFMl1RE",1,204709,5951,81,193,4
"tsmdZlENbJc",24,204686,858,222,30,2
"_Io-i0HHXAQ",25,204670,1081,126,43,1
"HFkDcHlxpQ4",24,204651,625,301,67,4
"S1JK-nYCB9E",17,204610,2035,144,30,2
"rxUDDu0MxiQ",24,204601,1803,77,76,1
"5OVHGWx3FHw",17,204475,901,120,44,3
"03I_g6iAXhA",23,204444,6809,306,499,2
"xR16ohPZBq4",23,204426,1079,141,226,1
"jMwcCqB3qWI",28,204425,566,168,47,1
"3sI_lSkeLGk",24,204398,132,83,53,2
"ntBIQF7TOW4",10,204389,2687,145,101,1
"Oig2eCtIHA0",24,204351,4352,209,337,2
"hpExqzUO5Jk",25,204246,761,190,267,3
"TNECzJkHO9I",24,204206,401,110,74,1
"mLK6BocpXIo",23,204184,7858,364,896,2
"Nx7Mt7hSJvk",24,204150,341,66,34,1
"bINdKq2K_WE",24,204118,9253,834,2633,5
"cFvFRcwpOuk",24,204067,1768,174,118,2
"qADfFeZl6Og",23,204061,7253,203,637,2
"ZslhJCeFTKk",24,204016,758,230,97,2
"wvIOmYhV274",25,203970,689,201,253,3
"Q_3X1v44B0E",24,203866,1052,116,43,1
"rR7ZM1-LyCY",24,203813,253,212,79,5
"godv2QUiRHc",24,203803,4769,361,587,2
"VvrM5ARPIVA",22,203769,750,58,32,2
"t4KSD9XW8rk",24,203752,944,602,218,2
"4joScWThgjU",25,203657,1538,121,172,1
"hW38oCItJqA",22,203603,859,129,67,1
"dJ9xwNnfDXA",28,203565,25632,878,4482,1
"_PBIEpUqP8A",25,203557,380,139,60,1
"4ZjQQ9bpcMc",25,203526,1456,264,120,1
"HQr5036ROQo",10,203520,10249,53,61,1
"_Wz9aHoIsJ4",24,203499,368,96,20,1
"es6LbGeV69w",24,203472,2952,166,142,3
"aJW9fg54yqs",1,203459,376,126,22,1
"A1hRXruLKw4",24,203422,813,95,27,2
"EIQ9zNInMDI",24,203408,2078,341,90,1
"2xH0N4eVwcQ",24,203315,975,218,98,1
"_uPYFdzsYag",25,203289,1756,141,203,3
"6Fpxd0xRg7I",28,203269,15605,669,2464,1
"7_mEeWfipdY",24,203251,8660,245,1226,3
"2khCguL1jMs",23,203153,1118,157,224,2
"lgPkRSlRMDQ",22,203056,1079,81,98,3
"B6GDG1jJtfE",23,203051,3600,204,143,4
"261eP_DbJLI",1,203015,6125,118,437,3
"VBjp-77oLZ8",24,202980,695,99,49,1
"FvkMymZ4kKU",24,202919,610,96,48,1
"yOwtZcu3KoY",24,202905,2103,363,491,1
"f98A-1q3jgo",24,202698,2690,163,253,4
"z3OGsyHClp4",10,202685,8489,155,216,1
"n0sEFLuNOiY",24,202618,790,282,131,2
"AdCjRBPUYPY",25,202590,1347,482,396,4
"Yby6qdW6mlY",25,202528,1045,93,136,4
"SEZTaS4Hx0s",10,202518,7109,131,485,1
"vuHyVP7v8os",24,202409,1389,267,182,3
"p99Qga6yq0k",24,202405,671,92,39,1
"UC3xdEYmyJU",24,202389,629,288,58,2
"BOxr2S-xPMU",25,202230,0,0,148,1
"nx1l0lurdzE",24,202211,587,137,107,2
"hUG_wnVz39w",24,202207,4251,228,1307,5
"bD1ESpMTzPQ",24,202195,755,192,29,2
"NVV9I6wdoNk",25,202173,7319,406,1594,1
"u-cRnzazmcI",25,202028,426,170,111,2
"kot_17IgBpU",17,201997,1607,145,0,1
"n0hmkNCrrqM",23,201915,1183,136,249,1
"45qKZMe6IIg",25,201895,2354,198,367,1
"GWi8C2iFKBY",24,201855,768,203,90,2
"ai5j09jamOc",10,201846,729,169,108,2
"ulN6YPMklls",25,201809,529,94,127,1
"Fvg3EkAp15E",23,201800,12508,229,1116,3
"KVe3bIGWmd8",2,201790,5071,360,727,2
"wq6Ve3M5iQ0",24,201784,635,237,74,1
"rwlG5pD8Nyw",24,201710,7109,1787,1462,1
"FQsXsGZJYCA",23,201690,2711,271,394,2
"9c5u9OPsO6g",24,201685,909,125,64,1
"iEOLAqksKak",24,201643,843,214,31,1
"E5imtlLs2TU",24,201583,3522,211,206,2
"IX3yA4ioAhA",24,201577,549,168,96,1
"422MZbMcKww",26,201524,1049,370,70,4
"5r7P-30-8uo",24,201477,2170,338,161,2
"WVJbMYdCkO8",24,201464,465,149,32,1
"oVJNzoSKy3o",17,201434,1810,150,11,1
"O3G9J3r-BR8",24,201425,490,174,41,2
"yCXkJfNNhHE",25,201385,1293,283,187,1
"nSESXknYE_Y",24,201375,546,99,9,2
"icxplRjHoi0",24,201343,1067,123,81,2
"hWJ24zAT_wc",24,201263,1629,542,446,3
"7HDzx-vMGi4",24,201211,4926,224,652,3
"wX0P4YuMycA",43,201143,825,134,91,1
"OZZ5XBoN4mU",24,201125,742,53,44,2
"969BPGwCbB0",24,201119,275,33,59,2
"n1huCzPjAfc",24,201092,3744,128,0,1
"oIMFToUjCno",24,201074,889,1921,478,3
"1p4RGhUiSrs",24,201068,415,113,32,4
"To-bhAO485o",24,201015,719,119,13,4
"rtXWzonlNvQ",22,200994,990,84,198,2
"0QFy6p5D4Fg",1,200869,2256,171,144,1
"9dl5mnD9DdM",25,200859,1067,223,329,1
"6aO0O0KagXg",24,200835,419,264,91,4
"vWio5TorrHw",17,200793,3583,129,132,3
"PYVyICITWhs",25,200732,2134,240,647,2
"NxQaVoDhiNs",24,200668,8346,256,388,3
"wxqSC4A46ec",24,200631,440,65,43,1
"gWNPhBou7T0",24,200616,4130,236,1243,3
"_s-r7RHHiCg",27,200595,1688,160,58,2
"6_SGwb4J6kM",1,200503,952,124,92,1
"iIzRYZyrg8U",17,200467,3047,210,9,1
"VjNNH4bJBXY",24,200465,2303,202,93,1
"sRyJZJDjm3M",24,200459,785,176,55,2
"R-pkeVtp0Eo",24,200438,572,62,31,1
"74bAjGQpMkI",24,200363,844,198,106,2
"WFQnaT7Satw",25,200345,1154,181,85,1
"fZxFjZ416vk",23,200278,5166,526,280,2
"Z1qg3QTmeoU",23,200272,1157,155,257,1
"0oaoxj65iy4",24,200264,1077,150,50,2
"eLXE0b6GnFI",24,200263,822,110,68,2
"1hBEHEfu-SU",24,200125,2121,299,148,1
"NWv1m1G_5yw",10,200124,9968,218,546,2
"qqjZNBRA1No",24,200121,334,114,26,1
"SAgwNSLJTfw",24,200071,1772,370,126,2
"KckyCCVejQY",23,200069,1129,192,222,1
"VGNXAs7m_p8",25,200034,1732,180,245,2
"dWqCX2RfcDo",23,200023,1158,122,369,2
"bMt5Slkxcm4",25,199800,466,109,228,1
"RFWC5AKmdpM",24,199714,1112,123,56,1
"3pn8DNqhdo8",22,199678,1458,388,125,3
"eQ0_C6c2jTU",24,199642,813,94,49,1
"UqfFrfaBaMw",24,199632,471,258,0,3
"WfS23BjIvjY",28,199591,23363,671,3153,1
"Rewu0fE0C6g",24,199575,445,85,18,1
"CtF3Fg9d7m0",24,199557,615,57,23,1
"y6g0cGGP8ZE",10,199552,6714,128,717,3
"2b8ISSEyonw",26,199539,1046,162,53,2
"LI7rnk2r_Dc",24,199534,23460,217,2625,1
"NdRyncS4m_A",24,199503,698,59,52,2
"K-48EF15nVU",24,199486,1021,262,95,2
"RNfnBcYA-6A",25,199477,2263,87,239,2
"QhGMAV94G48",23,199445,2522,321,319,3
"MO8_w7npLd8",24,199412,236,44,14,1
"TCnsOdjGgaw",25,199404,1200,124,106,1
"SnpkwElXTnM",24,199385,4817,174,318,1
"BCoDeTiKBYY",28,199363,1119,166,146,1
"BZpNWeqkhDo",24,199356,3400,181,232,2
"QW0UofhzaxM",22,199334,873,136,50,2
"BdiSLCl5EbE",25,199332,0,0,0,3
"pJ_OsLCRQIw",22,199261,798,140,21,1
"2tGxMbx2L9s",22,199212,951,92,45,1
"TUKqSb5zhac",24,199195,2399,160,13,1
"HUFqa2u9UO8",25,199193,3059,254,1461,2
"03CrCnAq3xA",24,199070,1360,115,202,2
"UPmHwFofwNE",25,199016,590,200,105,3
"RhuvuC2pKq4",25,198954,826,258,241,2
"LctGXyp2ag4",25,198889,472,97,46,2
"fm3im5n-Xas",24,198756,654,99,68,3
"W_9V30hMhTw",24,198755,692,107,12,1
"Wg5K2wfous8",24,198754,5098,331,2069,3
"jZMHSetWPto",10,198723,5969,178,295,2
"htukLqYop6g",24,198700,13276,207,680,2
"zlnN_685S1Q",24,198624,804,181,10,1
"PVwdoFyQ3Ao",24,198544,527,46,11,1
"YfL3as6CspE",25,198534,859,134,28,1
"D3nkjqJYtlY",25,198506,1441,206,92,2
"bvVdJEt7pEw",25,198405,1583,730,923,2
"zKS4Q5FobaQ",10,198263,3822,124,376,1
"uL4tsRArKVk",24,198230,887,159,702,1
"LXT9VoKIKGI",23,198163,1214,141,470,1
"Q_aY0xgutaw",24,198130,1328,294,92,3
"6OJ-ZzimP0s",28,198065,16929,1940,2663,2
"bFcwE039x4A",25,198027,2950,177,309,2
"m1h8qa6Jc60",24,198027,1084,87,127,2
"yEYHThlgwNA",23,198009,1032,107,224,1
"onboCmCJpH0",24,197857,463,86,17,1
"7GMsc58RmvA",24,197846,939,115,127,2
"ZNwgCsDY0DY",23,197843,2798,1007,538,4
"0Oz9JONPBgc",1,197835,6914,614,749,2
"VXjoLJ7pQEE",24,197770,702,107,63,1
"mZp6FWLBfL4",24,197756,1096,177,126,1
"QIl7qUbu2OI",24,197742,521,126,17,1
"KcoWdDrPkaE",24,197742,675,98,660,2
"CuNQYwM0S0A",28,197738,16138,368,4267,1
"jgDjrhfIrN8",27,197736,10434,258,725,2
"Twfc4COLWgs",24,197719,3885,364,271,3
"uUDa-qmgkDg",22,197660,594,176,23,1
"BhSiEV3uhBs",24,197637,1271,249,119,2
"SUWjyBx22FU",26,197629,0,0,0,3
"pvgbZQkwfug",25,197615,2166,317,157,2
"c0JAnKc--7k",24,197613,786,46,45,1
"Zr6ZbXXCL3U",17,197528,2057,169,14,1
"OK297-PAEs0",24,197499,1081,100,82,3
"tYsC5FylJNI",24,197493,1060,191,95,2
"rcYdMd908AI",24,197487,732,178,0,3
"V8NexUC-zbc",23,197466,1216,150,384,2
"wuBiAFU4aXg",24,197407,1110,115,88,2
"1CauefSpVgw",24,197313,781,81,23,1
"SYxqVkoycNE",28,197296,21666,613,3341,1
"TuE4m_V5y1s",24,197284,553,47,22,1
"rYxIhyhgqDU",22,197224,1288,302,133,4
"XZsTzaBizs8",24,197199,666,176,38,2
"9xQX9nRQlyM",24,197184,694,207,64,2
"kE0qdgEAt9g",25,197166,829,52,77,2
"FsBIVxvKg4M",24,197142,8104,680,679,1
"1yJZKgu4-og",25,197127,1219,268,204,2
"0Y9vxSbxs7I",24,197104,688,166,0,1
"uBO4wV7sgws",17,197102,286,160,2,3
"KWIUIoTlufI",24,197101,621,131,117,2
"KsrvgE_WN2A",25,197094,3710,679,3599,2
"_gQ5vUTYc3w",24,197004,836,50,23,1
"F0N1iPhhtx8",25,196997,1049,439,613,1
"r--yffbacS4",24,196967,135,160,17,2
"rkinooYw1HU",24,196913,4980,122,958,1
"D8Mp49xw0dw",24,196868,698,143,20,1
"wtIOHkrOyOo",1,196862,1003,74,94,1
"FjaDxQWUpI4",24,196833,22108,248,2175,2
"HpNCLzgnfds",24,196794,2335,442,462,3
"SS5Wlp11FH0",22,196674,2421,161,164,1
"1NiaLgGM5OE",23,196454,529,61,5,1
"r0bQ1vTezY0",24,196425,503,68,29,1
"JNAZo8SyCmA",27,196389,1403,125,25,2
"FTQnR4BC_BI",25,196373,943,338,219,1
"bH4GVwV6iEg",24,196331,363,132,45,1
"i9opVE6_T_Q",24,196305,300,135,14,3
"LSiECvbW5Yg",24,196204,551,72,33,1
"g1hmy_yhP7c",22,196200,997,462,0,3
"gVWSgFyaid0",22,196145,10125,1356,2082,1
"u3ACkYF-O9A",24,196062,0,0,10,4
"Z1cs1n4-pII",24,196061,102,421,173,1
"g1mwf0T9aPo",24,196007,691,232,125,2
"2aykzrTOGpw",24,195977,372,147,108,1
"RgrteYrdBiE",24,195941,560,54,43,1
"nePS94qjI6c",24,195931,4548,204,1388,2
"1c1Ksfkv0yU",25,195874,1685,1235,1250,1
"JY9n-DrWAkg",25,195835,1580,157,380,1
"ptR7fzlEIYY",24,195779,1465,84,40,1
"ncmog5_yqLk",24,195764,481,253,94,1
"FkPE_21bhrM",24,195756,1058,91,73,4
"8bu2SOrpIz0",24,195732,3250,335,269,1
"s5akr5NjrvE",26,195666,821,222,49,1
"vPof6x-9Jsg",26,195656,936,156,41,3
"jZ1XwnDXC2A",23,195644,12937,1032,949,3
"xrYD8jazbHI",24,195591,628,46,13,1
"8pnwuviQMDQ",23,195581,6837,153,430,4
"crPL74wIcaU",25,195568,6912,274,1683,2
"1jvY2h6b9pQ",10,195565,3835,62,136,2
"phNIuWhe5ww",24,195564,1650,170,166,3
"PgY3pJk7tWo",24,195561,1004,304,277,1
"zVtDaUn6iYg",24,195551,0,0,400,3
"KOyFI2UxuMU",24,195549,619,71,19,1
"BODrjpqFWRI",24,195457,715,122,61,1
"5apTBhdE2dY",25,195443,576,437,610,1
"PdzWVxc0YNE",24,195441,442,286,185,1
"zwwfogoWVIA",24,195429,1021,188,62,1
"HruB3mm5CSc",24,195423,7849,246,553,2
"V0d77Ji-w7c",24,195397,1622,382,137,4
"tT70QEa5qdQ",17,195377,1446,112,0,1
"exvcct4tRG4",24,195342,8188,748,811,4
"_Ia3RfcTWQ0",24,195342,330,52,15,1
"UMAMPJ2ZZvA",24,195215,3595,72,176,2
"vOX0d5Kb1vo",24,195183,1677,232,298,1
"PO6JO__9LgM",22,195161,1414,144,171,1
"86e7LpgeHN8",28,195142,22940,624,3529,1
"zJNfPJDv4Ks",22,195124,725,114,176,1
"XJ3FiJTIdyY",24,195110,852,230,79,1
"Pite1ftdIr4",25,195053,463,115,38,4
"Bzpb5szSgXg",24,195016,494,41,21,2
"sbaEOPqZnt4",43,194947,775,172,103,2
"1r4NI9_rC8A",1,194888,4711,263,416,1
"6pXr6bKPzbY",23,194863,928,161,171,2
"eMYXym-4MJ0",24,194825,865,226,123,1
"xq_6mXK-5hI",28,194700,0,0,0,3
"Oir6U1vBD04",25,194699,636,425,113,3
"6vcFAkNelfY",24,194696,17547,223,1948,1
"UxNJ2SfVct8",24,194632,350,131,46,1
"WSnb2hYpmLI",24,194610,800,209,44,1
"PpHFW4JknfU",25,194554,471,161,0,1
"3WBXSUUTODU",24,194545,796,157,236,1
"M5d9Wy_ZFtg",28,194536,30048,975,3645,1
"zJqEa95Y1Bk",24,194519,3526,321,383,3
"oYEptLvRTnQ",24,194492,1052,116,64,2
"8Eio2RK2rh8",24,194475,620,188,106,2
"sqeb8ahvsSg",24,194428,15122,2435,1642,2
"O36AYXXotIg",24,194372,1112,188,57,1
"yxyB2OvSzBs",24,194315,1306,110,85,3
"WAnYQ1fjl6I",24,194249,834,80,60,1
"eessUMzxb10",25,194214,1128,106,167,3
"UTqoHtOy8aM",23,194185,1719,203,385,2
"h5XEfrEYcl0",25,194177,2135,382,739,3
"5-b9VWdvaUg",24,194144,1367,171,103,2
"eyKzjnvQ5Y8",22,194079,821,62,37,1
"K0lp0HaK060",24,194048,3663,7287,206,3
"nz7Jda1nn5Q",26,193956,979,164,28,2
"lbtf3yJZ61o",24,193951,222,121,28,2
"W5C5jcInUdU",24,193870,971,67,44,2
"oiZnBqy7ccs",24,193847,742,204,0,1
"nMkuAYL1F5o",24,193835,717,188,53,2
"GabQvDODFBQ",24,193771,1033,208,52,1
"NUPRzCN8FL0",24,193653,1106,218,27,1
"klHtoR2-x1w",10,193529,12899,109,700,1
"kSSseY4sE7A",24,193510,1760,187,344,3
"rM_f8jmKKnw",24,193493,314,135,8,4
"4OAR_9uYhDo",28,193435,6632,248,1011,4
"ewVyq-FlpfQ",25,193425,1884,155,356,2
"ciLeaVodFKM",25,193398,0,0,423,1
"Rj27RuEYMys",25,193352,834,238,370,3
"Mx_hde4pVVY",24,193336,373,167,139,1
"RQ1iW9NtZu4",22,193334,1011,312,149,2
"8xh0lUhvhXU",24,193247,808,166,51,2
"RhJmta4qdck",25,193210,1611,359,126,2
"X3mtWkiOgrA",24,193199,627,178,20,1
"VI8Wf88oHJI",24,193190,4254,201,281,1
"o_zLoJondXM",24,193186,359,336,157,4
"66cMz5C6qJg",25,193179,464,172,84,4
"2aNMFQPQmwo",10,193174,3423,310,240,2
"gqhQJiFQ2bM",25,193081,898,282,296,1
"urJ6_QHQz_g",24,192923,9374,307,704,1
"XmpU_npSmDA",2,192891,1785,47,170,2
"8tdiklGuWSc",24,192888,445,89,57,1
"OXghWau-vh8",25,192872,0,0,61,3
"gXaE3UwiioQ",25,192847,369,131,63,2
"BhohN_-h7-c",25,192747,451,67,26,1
"nT96UHb74Ys",24,192745,497,131,35,1
"R-_PZwE7j3U",24,192677,1113,76,72,1
"zsSm2xZinXo",25,192633,369,358,116,3
"AHyFhiew8U4",10,192622,3644,386,355,1
"yMY7-0W9yD8",24,192545,4979,193,1447,3
"jSw5DNWGOG0",25,192523,1114,159,103,3
"L4m35XodZWU",25,192484,0,0,270,2
"pA7FfahJz0k",24,192470,826,60,24,1
"s6JWj1iZ2fE",24,192426,184,105,34,1
"q25AaDDNjyw",24,192389,2437,256,244,1
"9Z5ruPWooik",24,192369,889,84,20,1
"eDFkaR4guz0",24,192356,395,48,19,7
"B5jEskSBM1k",10,192339,15640,619,1867,1
"W1gS5u9psCs",1,192200,4816,1234,1296,2
"X0radlKAMBU",24,192131,3191,97,92,3
"y9cfKYhZTgQ",22,192071,3595,248,209,2
"3OUiHe1L73E",24,192026,151,106,12,3
"VUboVql4ODs",25,191976,1853,439,1605,2
"U3zH0EH4gGE",10,191973,5429,264,575,2
"_RBKtor46RA",24,191939,771,231,33,1
"snTnQ5IV7vA",24,191924,369,128,20,2
"fg56vH7uyMw",25,191875,900,572,1046,2
"1dZEnQmICfs",24,191831,308,81,20,4
"J8nP4-p5wNg",24,191829,5016,277,730,4
"GLu3p97En1w",1,191817,7665,348,870,2
"0IjMP3yiwLA",25,191769,993,221,300,1
"884UuNlxbWQ",25,191744,0,0,98,1
"O-81JmX_dT8",28,191737,23716,640,4143,1
"fvEwHI4iRjs",24,191671,661,202,49,2
"LjtfzRj7xbc",24,191645,657,203,48,1
"HyFzrlkyLVM",25,191637,1510,526,316,2
"oGPc4AeNYRg",24,191599,161,147,0,2
"9s1jd9u5uIs",24,191551,1201,232,159,1
"d3VLYlV8fiQ",22,191530,3735,156,103,1
"BQz5rxPWxoE",24,191503,568,109,28,1
"CvVLmQ1TOI0",24,191471,787,185,74,2
"CNG_oVNmkxk",1,191405,383,241,83,1
"L7Q73mgUW7E",25,191396,1301,132,172,1
"fdXQAvNVFfc",24,191329,2541,132,101,3
"h9gzG_Sz4tQ",25,191163,418,240,88,2
"-c9e3HDeY6o",24,191145,4865,796,512,1
"oj9sT8gPWek",24,191096,2187,199,209,3
"G-M-TYeprHM",24,191086,227,215,105,2
"DIwBTSZnaBg",25,190975,323,134,101,2
"SoNOKbDpYkE",23,190811,4425,440,388,3
"_EYC2DC7omk",25,190811,369,167,73,3
"kaxHj8eDSA4",25,190805,1171,195,116,2
"hLO4kV8fY_Q",25,190798,1604,209,0,1
"aiZYzq0MtL0",24,190768,5768,278,248,2
"Z6iSorrS1pM",26,190698,1378,126,46,2
"MOdN-xx8-NI",24,190630,8188,380,779,1
"L3Sds-MAdFg",10,190619,13143,124,119,1
"yV1EgznI6x4",25,190501,0,0,404,2
"u0e8PENn-tw",24,190438,1490,286,209,1
"j1qIVjWbwCg",24,190424,697,55,35,1
"LlffEOOUCaQ",24,190348,1335,51,48,3
"TKOciEp0keI",10,190336,1071,241,149,1
"IMthvf5pl8w",24,190288,9789,280,967,3
"l-Qk-Sx621g",24,190273,551,87,36,1
"kKfF5vY5S38",28,190189,6145,293,1224,2
"2SGA9KJkLbY",25,190023,1009,206,57,3
"hpdjV8ngk8s",24,189967,3762,121,502,2
"I4OJ0mtTO2A",23,189965,3248,209,258,2
"NE2MJS6GSME",25,189961,537,120,23,3
"K0_VXohM3pk",24,189952,1245,1131,724,1
"1Uye3kSh6Hw",24,189902,3987,192,64,2
"Q2u8tgsgUQ4",1,189889,2610,185,85,3
"AisEX0ER65k",24,189732,757,91,46,3
"NDuOXWe4KW8",2,189666,1598,185,95,3
"j_ofomKpdDg",24,189650,623,82,44,1
"Rj-QHYOheSY",10,189645,765,123,32,2
"_ye7fbrwJR8",24,189614,538,98,15,5
"nW1izlKicy8",24,189576,5155,167,708,2
"zDKSr03AnHc",10,189562,3988,150,165,3
"9XvITvwVs4g",24,189512,10129,885,462,3
"vhK9yfpR8fg",22,189476,791,65,77,2
"EkoJt-eXAA0",25,189474,434,267,203,3
"L8o3KjdB0Xs",23,189464,4347,156,342,2
"Aatpeen5i-8",24,189460,444,131,79,2
"57Ds_jsjhlA",24,189406,859,184,141,2
"IlSvgZV5hV4",25,189405,833,2046,1444,3
"qTGPpPj8Ieo",10,189402,5364,137,183,1
"A-nYA6boN5I",28,189370,26659,752,4863,1
"Dh9oLcNK5dg",10,189318,955,223,110,2
"dbFu2Va6LV8",28,189300,18581,564,3668,1
"LZXH1S8XZmU",24,189294,807,189,80,1
"FtR5J4kIbpo",25,189283,996,156,248,2
"YclmLlqtl6k",24,189261,807,139,84,1
"6Si3LETvN0A",24,189240,980,217,166,1
"Ewi757UviI8",24,189217,630,69,61,1
"vCqVXDH82Gg",26,189167,783,234,70,2
"9g6SogU7ymw",25,189128,1956,157,208,4
"HEakUAm4eBw",23,189117,2925,477,568,3
"o1feHIBSof0",24,189103,755,75,28,2
"lmD9PzIPRv4",26,189057,902,41,91,1
"8dWjeeI5hmU",10,188950,1403,206,180,1
"Ehl9k5Fsax4",24,188923,492,121,52,3
"LyheMkd_a6g",24,188919,617,284,166,2
"yn-KYHoH4nw",24,188913,726,147,76,2
"dFvyE_-S4JY",25,188721,632,143,34,2
"dTMQX8g6pAA",24,188701,682,42,119,1
"Ohl2-Q02j_E",25,188494,2684,188,289,4
"A29jrx6drrg",10,188434,4380,153,236,1
"n0hnrkQy0zk",24,188407,538,235,155,2
"1T2ISZ7s23U",25,188337,408,147,346,3
"NSHTQXTrudE",24,188319,293,33,24,2
"IAFllaGs6Z4",24,188149,679,228,53,2
"fUUsK7IASXc",25,188110,5550,480,1383,2
"zN--8B42GGs",24,188096,834,104,39,1
"FDqlu0wz1bY",28,188063,26758,385,16442,2
"S1OOH363xZk",1,188015,6215,137,393,2
"g-jNeRDtzI0",25,187994,1392,529,1422,3
"JVeRFifuFNk",24,187899,418,124,68,2
"pcrtWBYBua8",25,187881,462,147,26,3
"T5gpFq3dTME",24,187860,1105,146,89,1
"c2VXhOfuLrQ",24,187852,813,227,59,1
"DTrDV4xkrZo",25,187830,1593,265,272,3
"FoP-4NFGNzs",25,187754,8766,432,1290,2
"pxnmZ-VEBfI",24,187747,569,182,26,2
"FjoH83si-bE",10,187739,855,205,102,2
"D3VkXE4nK2s",24,187722,651,122,58,4
"AVmQRq2LAbc",24,187678,0,0,0,3
"4wOa74FTGLA",26,187635,993,180,75,3
"1-ZhOClJO-w",24,187634,937,175,81,1
"pVaK3-VunU4",24,187594,1156,153,91,1
"LQne1TFNddw",24,187488,1007,97,75,1
"naodbT3KsO0",24,187462,334,365,44,2
"PuPUPFaH_I4",24,187441,677,72,26,1
"vzPtfvn_X78",24,187431,462,70,77,2
"-5x_xOCOl7Y",25,187406,1994,389,209,3
"5Mw7CKw6RLY",24,187371,455,859,0,3
"cLUJocCRIJc",22,187299,682,110,216,1
"ZlNJiZXrXg8",24,187293,666,64,22,1
"a2i6_D-S-zo",24,187277,861,89,129,1
"Y9VvG2Amodk",25,187264,1204,125,23,1
"0SxFqSrWeTk",26,187234,9492,561,1739,1
"LQxA15BNNKE",24,187175,828,112,435,1
"FWOUCA5zIck",24,187126,482,75,44,2
"DEy04qMw5yE",24,187115,2037,78,81,2
"yfhPNUeeMEU",24,187101,1446,103,188,3
"NwsVtBiAaCc",24,187096,430,106,63,2
"1WDS8vsmnWA",25,187091,1431,87,141,3
"YCtuljX2GFE",24,187059,772,129,440,1
"iNM5R4J9Txs",28,186974,6755,232,1406,1
"e9Bmx6qfxSE",24,186915,731,83,35,2
"3ZHD_ctduI8",24,186899,608,66,43,1
"xuuVUIxOEUo",24,186877,337,99,22,1
"YDqeDBONlnI",25,186855,3567,596,281,3
"SaT0lLpb0RQ",24,186751,463,228,32,4
"NmEo27gKqgQ",24,186728,1045,393,198,3
"3ilf24AR0Xs",23,186715,6336,316,637,1
"wswTlc42yWg",28,186673,17609,654,3141,1
"mEcZE_fFCz0",24,186672,12834,347,1815,3
"st4gjTfFaGc",10,186643,1313,27,501,2
"Zza3whxhB3A",24,186588,870,192,541,1
"RCNFZ-nZ6vk",10,186575,1623,183,101,1
"_Nq9lvrskPo",24,186546,1992,53,51,3
"xF5OtEBgVQ0",23,186541,11082,145,915,1
"nRHNBLFy1q0",24,186527,278,72,14,3
"bBkctqXmOxY",24,186488,410,436,433,2
"6XbiNtsnq9M",24,186431,135,681,0,2
"YTFT4n1Dx0M",25,186331,3148,121,132,5
"jDHnDqzLNdg",24,186292,669,81,46,2
"zAeIaXqoMJo",24,186221,9839,126,352,2
"UYDjM7E85GE",24,186197,770,238,238,5
"OsTbJ1rIo4U",22,186197,855,86,25,1
"NfVyeEmcapc",24,186183,669,239,83,2
"V8oZ-VVzEoM",24,186159,559,126,22,1
"5oJJ0S9_L0c",25,186140,1664,198,127,1
"ZmefQMk_HCc",28,186116,11511,513,2223,1
"Jsf-2w9THuI",24,186086,319,146,35,2
"b9jxisP_bW8",24,186074,582,142,36,3
"cdQUJO5vNcU",24,186024,849,129,56,1
"LZ13Ca1teeE",25,185818,7406,346,1039,3
"mMJBAvHAEEM",25,185786,2302,254,263,1
"ov-2Uj1LHxY",25,185699,2242,142,241,2
"6hpfoJh48mw",24,185634,717,70,38,2
"wpOT5yMPFWU",24,185623,532,92,32,4
"Rgkp52IgXek",24,185612,800,210,36,1
"4joeS29F6gg",25,185603,0,0,347,1
"6hwR-FuX3oI",24,185576,7752,331,569,3
"Cha2g4MlH78",24,185550,588,224,114,2
"0Gf19Rue4zA",24,185537,7629,734,607,1
"gKQBh9C8pwY",24,185516,1119,263,73,3
"2Hk9kq03bFg",24,185473,423,51,31,3
"PwIhzxTVnVE",24,185446,858,218,84,1
"9-yokT_WsKA",10,185371,4773,127,256,1
"f_bf0yOIzxk",24,185227,291,120,22,3
"2u3t8us8o-Y",24,185153,871,203,72,1
"b5i2k4hqQQA",25,185109,1065,547,360,2
"qsDIII6JSsQ",24,185103,289,25,23,1
"Ah1zgG5Glxg",22,185093,9059,388,356,2
"Tp-QcF-jRqE",24,185060,527,62,37,1
"ndp2u2F0t1g",24,185030,1053,175,70,1
"yi-iuoAoowo",24,185025,422,136,66,2
"6b7gVj-cxj8",25,185010,887,3278,1863,3
"JF_y-hMSe5c",24,184988,979,211,141,1
"KhnAmg1rm3k",25,184921,9034,399,1095,1
"YBI1c2dygNk",25,184910,550,171,159,1
"uGOb1-ekb7Y",25,184851,1323,442,511,2
"l4CmAHjC7ho",25,184827,1029,439,521,2
"x36Udg1KzN4",24,184818,3474,184,1214,1
"fRq0wPbiuyE",24,184805,644,70,17,1
"ISaPWeBTnRY",25,184802,7322,654,1209,2
"brx5e9MZlUg",24,184766,520,152,337,2
"6abORm58u8M",24,184732,1507,128,313,2
"MuepR36LkaE",24,184729,5146,103,499,2
"lh_XC4Vgfdw",25,184729,713,124,67,6
"UJ3FTdjAUeI",22,184710,1724,205,303,2
"CEO5ttOL8s4",24,184626,328,90,56,4
"WX_JVJQ8m6c",25,184626,390,132,74,1
"TbQOZI9ZC90",23,184565,5592,356,648,2
"k5f-MQb-ngE",24,184514,3599,131,218,3
"YbWw3kVdsPs",24,184479,657,169,210,1
"XfMfePkc20M",24,184451,911,137,63,2
"sUG5odXzKFI",24,184447,355,127,40,1
"i_koHnQyCS4",25,184442,1248,168,70,3
"Co6PyhQyir4",24,184430,1064,152,116,1
"fXAlCbVtKB4",24,184380,2479,85,105,4
"ddpmYf0I0fU",24,184260,966,210,174,1
"4jvpR5cwcP8",24,184259,344,114,14,2
"SyJpE3WiNEE",24,184217,1086,165,81,1
"n-ZHLlIu2aM",25,184203,871,106,214,2
"8US7zl8Cv5Q",24,184174,655,268,585,1
"fUTTyrCzt3A",24,184141,130,272,0,2
"ZiJbRgD2jyI",25,184141,658,89,115,1
"07UopjjKnTg",25,184036,1033,3411,2720,2
"vY6Uf3O5uR0",24,184027,1186,765,305,3
"VAuF8PRCY58",10,184004,1509,570,106,1
"inKwAh0vrv4",24,183997,4193,136,859,2
"Nbt4q5hxdx4",25,183970,1235,407,196,3
"vMT5MZeLx3w",22,183882,503,97,18,2
"b0Qb9DMhNsw",24,183860,359,126,40,2
"mwfVTNouZXM",10,183757,4363,169,265,1
"y5TM_K-ldDs",24,183640,2986,131,54,3
"wjnZ5NlZsWI",23,183554,823,179,9,3
"4xrOTL082CU",24,183541,700,113,57,1
"vCXGFk7bVxs",10,183538,1497,212,354,3
"I_FCP3T7O4Y",24,183538,457,43,17,3
"Jf3mPOMonfI",24,183534,685,207,28,1
"TyAFwCQ6_Gg",24,183491,1071,52,44,2
"0LugKOdjdM4",24,183485,743,165,36,1
"Y1vwPVnDgM8",24,183481,991,181,55,2
"KV_NpzjNTRk",25,183480,307,233,91,6
"a--Cyuyw73Y",24,183405,0,0,0,3
"97G_-2Mrw0I",24,183400,5715,354,2303,3
"UmuQsu0qECs",24,183389,8415,680,684,1
"MKAEoq_VHYw",24,183372,1137,149,87,2
"JkYJQdjTX4o",17,183298,2118,160,17,2
"5lwk-uA6ym8",24,183202,17896,1585,905,4
"zfcO8GYHPmE",24,183201,783,88,112,3
"CRHGOKs-Ylc",24,183197,1355,159,241,1
"BlFePgU5hpw",24,183193,666,49,28,2
"UU8WbJUKUyg",25,183126,1177,382,907,1
"Hi3ZRhGekNg",24,183074,374,77,16,1
"5fMXpzuK9kA",24,183008,788,160,100,1
"30Vjb9-1xrY",24,182946,3557,604,1503,2
"1FV8dnTftDM",1,182900,6151,294,316,3
"eK_zQ5PyzEo",23,182882,35338,592,6211,2
"NmH4ir4xFc4",1,182828,3496,71,144,1
"sR5YqEo7Y7g",24,182820,825,99,60,2
"K1Fn8UkN18o",24,182780,804,187,134,1
"nJLpjdhCgR0",24,182765,1868,228,86,1
"03A3D08OFHc",25,182699,661,187,311,1
"mTUn2aPwtC8",24,182611,1261,127,129,1
"UTYjPRQZoJU",24,182574,685,167,69,1
"70BCrSUKHWI",24,182562,6444,136,568,3
"nQPsP9Blhh4",24,182551,833,163,89,2
"OFIBnDEj9G4",24,182541,1102,172,97,4
"7_84vaExkmI",17,182531,1970,164,20,1
"pPYsKpiWWGY",24,182512,916,123,78,2
"Vs3npWluitw",10,182505,2616,542,236,1
"JVuG4kNF8Nc",25,182356,640,308,261,3
"ts3a1RXbvxk",24,182346,327,36,27,1
"TW8ZKtKuLKI",24,182345,1242,113,72,2
"pDwj6i-Xtx4",23,182345,1045,144,220,1
"YZ5L6docsiU",25,182343,613,70,182,3
"s8wTyQnUq_M",24,182263,724,89,88,3
"bDDZLQw8Wb4",24,182209,970,152,107,1
"ux_8aTpw9CU",10,182177,7380,91,333,2
"vGXU4BLKIKY",24,182165,234,131,18,5
"fdYoNpJ0S-c",24,182125,811,160,31,1
"yy6Saei1fpQ",24,182108,116,117,9,1
"lL8AyBMVYDQ",24,182090,255,98,29,1
"iNQiWRdqYb0",24,182089,918,94,79,1
"o0-Bt_P53oM",24,181987,736,59,7,2
"h7man9eQCkE",22,181981,1266,387,0,1
"4treNdQk5VY",1,181977,633,98,0,3
"I37EkrJx1Zc",28,181954,26564,1664,2606,1
"IY4a59Qz3Ac",23,181683,8715,361,977,3
"4lTwDI_j6Ao",25,181610,3123,1249,1367,2
"ywf7sflhmTM",24,181577,764,164,38,1
"sfcHeOIYoz8",25,181573,2361,157,237,1
"4aOFKonnbWY",24,181546,1524,298,104,1
"yoYntdIlRS0",24,181529,414,328,138,2
"XmELYApWmCk",10,181502,18674,196,1352,1
"OM5plERWE80",24,181464,4980,205,1069,2
"M6xE9mfd1sk",24,181435,2027,74,202,2
"BCoUJajtBbM",24,181387,1103,162,101,1
"sqb1a4UzRmQ",23,181312,1674,293,356,3
"nGS465pqJw4",24,181285,1070,200,68,1
"NRvs2eLPsWE",25,181276,1670,266,208,2
"yn5WYTXhlDE",28,181276,29817,489,2593,2
"gsYJzn2BpAo",24,181269,3716,482,305,1
"QLKqNQ3yHHk",24,181235,1091,62,145,1
"o2k5DMPcQ18",10,181206,3322,203,258,1
"OViua0ZxgIc",24,181185,877,201,85,1
"2O7JOOB36J4",24,181124,765,188,80,1
"6I2yAoxBRtI",1,181117,3218,222,517,1
"FAj5LSWxBgE",23,181096,4222,199,551,3
"qxsVcEDRcFY",10,181090,2871,72,154,1
"EtRh2iDE-i4",23,181058,12370,502,1086,1
"GsaaC3IkWu4",24,181022,594,88,19,1
"EleYzcAwE8Q",24,180990,665,54,10,1
"XbpFuRNtbWw",22,180948,871,406,102,2
"R2opvwNkD1M",24,180930,5080,686,734,2
"7fb1B_MKYC0",24,180908,1084,166,133,1
"bMiT3IotyDQ",1,180853,2600,285,247,1
"dR-n0nuIbB4",1,180846,3578,195,237,4
"PQxHj9_w3Cs",25,180798,633,108,124,2
"JKgFWgcTMzE",10,180787,4683,346,278,1
"G13_17h3_ys",23,180776,863,142,220,1
"gWoyEc-n1GE",24,180758,992,144,181,2
"kmwk1iQAWlg",22,180728,808,57,67,1
"S7SV-EVEWEo",24,180667,965,156,91,2
"snYhOXzgn9g",17,180610,1651,87,3,1
"7fXh6Cru7Mw",24,180564,621,271,76,2
"HXFfY-MBPGc",17,180558,409,329,90,2
"WA1wFbZwpIw",10,180543,5325,222,708,2
"6OlgthN_774",25,180505,0,0,827,2
"r3bslQkHiNI",22,180486,423,296,0,5
"DYZoD-0vJGQ",17,180470,687,107,138,4
"avSzv4KzJgs",24,180463,0,0,31,1
"0Q2O2SUWG_Y",25,180450,1248,125,704,3
"MoXAGG5WvyU",25,180402,1254,111,199,3
"CCIs8xliK-g",25,180352,1449,226,354,4
"wSV_6tdJats",24,180301,671,273,41,1
"JhybXjIfUkA",10,180197,3561,82,391,1
"nHbpRwEhE7o",24,180174,1046,217,88,1
"9Gt1ErQJV9E",24,180106,1278,39,35,1
"wH1Zt3YU3Ss",24,180034,631,245,110,2
"C_gueMrVvnI",25,180032,1134,99,90,1
"M2PZ4rvm0RY",25,179997,3902,236,328,2
"NNwEot9Szn4",22,179992,549,28,327,2
"YQCywLrgXH0",24,179932,1978,233,0,2
"meP-YyJmJMg",25,179879,273,56,8,4
"8qmYHYW5GR8",24,179865,1388,25,422,1
"XbfacD3XSEY",25,179821,405,167,202,2
"42raLFqzXpQ",24,179778,380,66,19,2
"I9JFM4zQu6A",24,179729,2708,247,417,3
"ybTP59hOxrY",24,179706,677,134,80,1
"HdO9xPfxSrI",25,179696,919,127,67,2
"itBQVskSeiI",24,179689,718,145,69,2
"DFiZP8exhKY",1,179615,520,135,46,2
"Wdy-YCw0syU",1,179599,3455,48,141,3
"1Tci7Z4XA0A",24,179574,640,112,52,1
"MPEka6dllFU",23,179545,23814,479,2956,3
"stB2GK181Gk",25,179460,1806,70,114,2
"lrRFpYOoe7g",22,179429,691,110,58,1
"upUdEeDDo7Y",24,179400,1282,63,64,1
"6AdWBCJOtdU",24,179356,576,181,59,1
"GCqA_HhQLHA",24,179239,3588,117,116,4
"PakXBpk155Q",24,179210,272,40,16,1
"TMyEcyNXjTs",25,179157,1415,106,242,2
"TI4gNCZzhJ8",25,179152,405,57,163,2
"DuK_Wlzo0Rs",24,179092,733,159,38,2
"9d1y8UR9G2Q",10,179073,4087,406,536,1
"76hxU2wIuGE",17,179044,1442,86,3,1
"Khg8JCK6PMI",24,178868,4966,168,1876,4
"UcghcUSyObI",10,178840,5228,173,223,1
"wS7okEDsAWI",10,178789,1534,203,178,4
"J9ccMJIfM9g",24,178737,673,179,83,2
"0AlFNJVgLac",24,178677,1007,133,128,1
"h1o2-eLE_AQ",22,178652,1294,177,79,1
"J6YJ90abnc8",1,178594,3512,330,321,1
"6rfESTBFjro",24,178574,1943,81,191,2
"cufrVAYkS2k",26,178479,1109,152,14,3
"HdCsP1obMfU",24,178445,228,111,0,2
"mupg527F_rE",24,178418,386,123,40,2
"5PFiGykcyEA",24,178366,693,211,48,1
"VM2Irpo4DHc",24,178345,652,51,26,2
"MQvmx2twQTI",24,178338,648,111,64,1
"2iyAaJ7SX9M",24,178318,733,167,59,1
"hWflKpHNI94",10,178304,2976,1018,665,1
"SVfhGXof6Rk",22,178285,926,154,29,2
"2DlwgzR4hAg",24,178258,503,54,36,1
"vzw8BiUlYNc",1,178222,487,79,39,1
"r9t_LVsnXrE",17,178146,1960,94,10,1
"yJZrVBTYhvs",24,178142,470,57,12,2
"px6R6UFHv0Q",25,178138,2380,633,309,3
"9D6ejh75cck",27,178130,5937,152,719,2
"bkckr7ap9GM",26,178116,3829,164,1620,2
"O342D3msVEY",1,178095,1965,93,33,2
"wOQFrR3w0V8",10,178024,2517,472,350,1
"LDx7vOaw5ZU",24,177944,1028,168,119,1
"iV-IXbKTkz4",24,177933,1088,153,115,1
"URqkQkkS7Oc",24,177933,997,217,199,1
"6IsFgrh3P5o",10,177923,3813,143,194,1
"47kbnGyZrEc",24,177872,834,133,229,1
"LIBhZDNuSww",25,177842,935,79,61,2
"wbkbdLmwpkA",24,177781,4340,135,287,1
"Vlr0Ckq3LQg",24,177769,1000,195,89,2
"lptdYzQQrgU",1,177766,4419,153,264,3
"Od1NWN_GC2c",24,177739,246,105,0,1
"r9uukMoFXGY",24,177684,818,147,79,1
"rnDPb5jQdLc",27,177676,13514,1057,4133,2
"vwqtrTR75u4",26,177636,989,165,74,3
"XSa0XSKM0QU",1,177599,7075,637,1614,2
"2nTvmoZNr9E",24,177563,292,40,20,1
"BMRhVNC1GOM",24,177534,96,269,33,4
"f35yeTyt7bY",22,177519,701,55,283,2
"UuTjSuSVHkQ",17,177502,3889,409,213,1
"ljpIcPu41mo",28,177490,22940,693,3211,1
"qP5jAfzER3Q",24,177467,512,90,121,1
"-9MRa5sJFiw",24,177439,874,126,136,1
"8TA464uwEi4",10,177434,8698,677,924,1
"eo2SLhacPT4",25,177391,1335,445,1601,1
"pVAHL_RCkN4",25,177387,2480,1419,740,1
"AzaQlmMFtG0",22,177370,278,90,111,2
"VNnegO9h-yw",10,177346,7272,212,587,1
"8-XkeP6qZU4",10,177336,9013,99,610,2
"xxzdynLCFpY",28,177270,16499,637,3265,1
"ZQk6kHU03x8",24,177236,1169,174,93,1
"nxtWwIVLP_0",1,177154,7085,553,409,1
"MctN1IV6tJg",25,177146,9270,341,1454,1
"fDaBaRMGqqc",17,177071,1607,127,18,3
"glY1RQl8BzM",22,177057,366,118,49,1
"xqMyxS8Y13o",17,177022,1759,95,3,3
"B2swmvNIY2A",28,176927,23871,1105,2875,1
"kXWJZw3VQLA",24,176927,341,61,35,1
"1yS_Te6u2As",25,176909,636,148,291,1
"k4IDt7j6NW8",24,176828,554,55,13,1
"aJxPTujR_gI",25,176808,1201,227,340,1
"_uDxUj_6DLk",24,176791,319,335,74,2
"tddNGGrhjTU",24,176786,986,209,110,1
"r6BUF5Zf1H0",23,176748,12046,349,1390,4
"Pxjh70GbzXA",25,176711,8017,439,1321,1
"TkAmTrmzAHM",24,176696,642,49,31,1
"TzpuAqrw54Q",24,176665,804,238,151,2
"rJQGhHnaQYM",22,176665,480,94,125,2
"tmwKzkk95R0",25,176618,2304,326,1997,2
"W698tjAFyjg",24,176595,9569,293,492,2
"YgxaGzp04-U",25,176564,2028,118,159,1
"r8kXoDi-x8M",24,176562,1234,198,136,2
"cqrO9IKXOpA",24,176549,380,182,71,4
"8ZOwFH_6vuo",23,176546,954,102,221,1
"MLxGBCv9y6E",22,176536,1795,192,469,1
"E-GBB2Ygm64",24,176485,4421,312,258,2
"qVV6Vutk5e8",24,176422,1112,67,89,2
"kwhb9G0vkxY",25,176390,1976,263,217,3
"XGtR3ryx87M",24,176380,594,1329,588,2
"twqwhFvUqno",24,176367,633,147,165,1
"uR5ucuK7Ssk",24,176363,177,100,0,1
"vW3c8D4WF00",22,176311,1182,134,0,1
"HiXTuODeqR0",24,176306,556,36,43,2
"4tQJI8sgKpM",25,176219,1390,82,125,1
"tVckmXQCuXI",24,176191,597,87,11,1
"UcrgbGuuJ88",23,176153,1097,125,230,1
"ex6aFxPb8Q4",17,176140,8717,209,727,1
"ucgx1gYTiDM",24,176136,1815,239,221,3
"KIvt-5g_lSM",24,176062,551,54,30,1
"XogC3hSjtwQ",10,176016,1279,229,149,3
"PG1hTyhwBrI",24,175999,2715,193,667,1
"-9sBA4UVABs",25,175985,1350,93,116,1
"jP9FaTT12ks",24,175975,8782,279,798,3
"bA0FMKO_UVc",24,175968,1788,148,72,1
"MKlFmkCtNUc",24,175928,4581,273,2166,2
"3J9cY2aWnn8",24,175781,992,133,64,2
"wf3MzPNx2EM",24,175651,800,194,108,1
"et7gSyaOLqA",24,175621,3768,90,197,1
"8Ep2uQs6dGo",23,175528,5917,149,345,4
"DtxGGmS5It8",27,175455,13570,714,1760,1
"Wlk_Cszv2TI",24,175450,1618,176,134,4
"QyKjemyDJMg",24,175291,485,86,9,6
"6pubXTsfAdo",24,175190,798,150,78,1
"HaZ5gAf6L0s",1,175152,3921,122,91,3
"B7Bm3GN4mdw",24,175109,985,233,125,1
"VTHL2BmxSlQ",10,175099,5249,220,229,1
"974hHoazZWw",24,174910,3727,309,388,2
"T0jSxk0BuTE",17,174883,1260,75,9,1
"ipz3JGKYB-Y",24,174868,542,88,29,1
"szN3gbHo4Ao",22,174817,335,148,119,1
"sJVLaui75iI",24,174808,825,171,67,1
"0AotHRuCdZA",24,174769,708,179,33,1
"tBSOk89Up6o",24,174723,7951,254,706,1
"LeY_oo4Yprg",24,174706,526,172,53,2
"_FiB4BQyQsM",25,174687,3218,290,610,1
"_LT3shJRRLw",25,174656,1680,464,310,3
"J1w51DB4LZo",24,174650,3133,300,229,2
"IMhxZkdKqqM",23,174590,8804,1742,988,1
"EVfzMc_W1jU",25,174560,883,140,50,2
"XPL87MfAkIA",24,174547,4696,56,227,1
"dfMwWbyCxLk",24,174536,384,115,68,1
"ZgcZZ0YxJMw",24,174495,24146,479,4987,1
"ubAZZ-FvHNA",25,174486,564,295,532,3
"j09VYCvllhU",24,174473,384,127,52,1
"TOQi6DM_6U0",10,174465,4757,168,292,2
"5EUhEnBsps0",25,174392,8365,425,1267,2
"QvqWcNH6c1g",24,174343,620,78,19,1
"33bO69rUwk0",24,174308,814,233,0,1
"KpIRsVLkD68",24,174270,1295,137,128,1
"4D6MgcUapS8",24,174249,6352,201,596,2
"ujaymwQm7U4",24,174240,595,165,73,2
"go2PlAmR3no",17,174187,1313,83,4,2
"WrQ8OstUjmY",25,174182,2353,673,575,1
"PmuY-iJh8Qg",22,174125,0,0,0,2
"bwxR_PMuKuk",24,174123,10587,1388,1686,2
"4vxzh0M8Zq0",25,174110,2484,92,209,1
"VNYzAMoYe40",25,174091,1884,115,83,1
"1dNK7Fjpm8Y",24,174059,1252,259,126,2
"TxeNJv9Z4Qc",24,174058,651,289,51,2
"p_7_tLEYnxQ",1,174012,2138,120,99,1
"bY232K6cLV0",23,173981,10445,365,1046,2
"byfZwrUb-eI",24,173948,1602,343,118,2
"rIWW2XrT9Us",27,173899,1944,528,175,4
"RiYZx-XyPrI",28,173886,18622,651,4049,1
"GB7x5YDxyNs",2,173835,10101,320,1201,2
"eGSHJoEcV4M",24,173829,573,168,71,2
"R-IiCgPftz4",24,173788,748,137,42,2
"BSzFZeE2Bu8",25,173740,2404,258,385,2
"bX8YyWk-CvA",24,173729,463,106,54,3
"F_yxAD6lhQ0",23,173715,13416,321,503,3
"mF5zEqffGAI",17,173677,929,65,55,1
"TfTDVXXs5LE",24,173564,271,34,29,2
"S82xXEK7kPc",24,173546,615,41,12,1
"RqJHBEtc-gQ",24,173522,777,196,78,2
"z-KUX-kpeqQ",24,173512,3711,168,1218,3
"b6quIfXmzTY",23,173509,4889,227,302,2
"34Kq9jZcge8",24,173374,395,115,88,2
"ZF0R8nM8kmU",24,173371,9681,246,1033,2
"TdwVHUcSkX0",24,173247,329,82,19,1
"gRuuq1j7VUM",24,173202,466,56,41,1
"EKrL4KXldJE",10,173174,917,226,93,1
"QJuWgzrY7TQ",24,173155,542,211,59,2
"xmuw3IkckWg",25,173129,486,94,130,2
"WvOwrLP6Qgs",24,173129,7102,481,311,2
"KixttMjNEK8",24,173088,11433,275,1181,3
"7jBuObyGyVk",24,173063,984,159,238,5
"EocrNOs28oA",24,173056,1754,411,513,2
"RZ54XSb_4oU",24,173003,912,154,56,2
"gAcs_Kxqd-g",24,172943,477,149,83,3
"V0YYbRyH5Ko",17,172932,1863,142,14,1
"iZG2aDNuSYQ",24,172892,253,221,28,1
"UhwBdth9wRw",10,172766,3114,210,470,1
"T_4mKCPaHVU",24,172753,4946,156,1540,2
"VPenyv2STAQ",24,172717,295,119,55,1
"2FhfcoN6d3U",24,172693,1122,102,294,1
"6k9HO69T-yc",24,172661,414,163,180,4
"IvrOjbF7n9c",26,172658,4176,419,748,2
"JWZqIXbO0C0",22,172649,1451,127,233,2
"GCo-kUYSPmw",24,172636,885,142,76,1
"ppfcpbztbqY",10,172612,7723,187,1519,2
"apsuYkf_4pk",25,172519,1481,132,120,2
"dSDcvcScZok",24,172489,2130,287,87,3
"5SIWrSCw3eg",24,172444,992,55,22,3
"l9_MbKFVSYs",24,172427,651,98,44,1
"rNlghQpE0AE",24,172419,9754,239,910,2
"MD6dCgXf6vk",24,172371,492,147,63,1
"p-mlzREcLEU",25,172352,1099,299,208,2
"69S0CEzEeNw",1,172305,648,213,197,3
"M07n_zKW0ms",24,172229,13126,676,698,2
"mHj98BB4iTo",24,172217,517,45,12,1
"NEgvPW4L3bY",25,172205,0,0,32,2
"mcU26JO6Xrg",24,172163,6620,268,429,4
"PclVRXWmhAY",24,172159,1053,170,59,1
"uMirN5ZbwUY",23,172139,869,52,28,2
"5ETuB5uTvdQ",28,172121,24248,802,3826,1
"9dhVVete86w",25,172075,2370,140,372,2
"aqMHaZGq-L8",24,172071,903,128,83,3
"2tk-XXI39DU",28,172068,20540,627,2632,1
"Mco9UKjrvc8",25,172036,254,62,78,3
"8YcNzCWcwT8",10,172032,6179,98,366,2
"vqT0FTjYnt4",24,171984,8725,1025,860,3
"DWHlzb4mG8w",17,171964,1818,124,5,1
"3csborM_yG8",24,171964,1198,204,0,1
"MkhO-fcKkMo",10,171961,1892,246,165,1
"pMHIf_IwmKo",23,171915,2597,195,496,3
"AyjM0ozIzcE",24,171868,0,0,10,4
"B_HOxcVHyEE",24,171843,667,49,31,2
"ZscgrAjqcYk",24,171838,821,139,81,1
"8oqkT0CDL2Q",25,171807,396,59,34,2
"8RLvsYgbHZs",25,171786,436,161,161,2
"ewh1ZChvBHs",25,171762,802,96,46,2
"g1NqSbwrk-I",27,171709,11891,246,1062,3
"YYaaBGcWT68",24,171696,709,77,187,3
"FSiLd22Co4U",28,171604,5651,191,1280,1
"wVPdcCELZ4I",25,171570,803,184,560,1
"5UHuGAiQ3h8",1,171515,3627,142,368,2
"OLEp6P5DmUo",24,171438,1138,54,69,3
"ZpxJQNhEHW0",24,171383,2030,647,680,2
"OjwzbELflHw",24,171348,6973,371,497,2
"PMbq6Zq6b2E",24,171309,1033,211,76,4
"f4HHcWRyhwQ",25,171262,1094,117,171,1
"BiDG_oLyWwE",26,171255,751,168,67,3
"w_MXsyIrfCg",25,171253,418,146,56,1
"W6XqfoueuWQ",1,171199,1856,206,137,3
"WfbU39FFMjI",24,171150,494,109,29,1
"4Ybp3OUOvjg",28,171138,7048,275,1126,1
"ngX_0tjGuNs",24,171128,2869,415,253,1
"PSFsDO9HMbk",22,171123,690,103,432,1
"h_gMmGEoBCQ",24,171121,4923,226,261,2
"kFC38sOi4Oo",24,171069,503,80,34,1
"SZZ0GwjnHMM",17,171029,1230,70,4,2
"JbiNh_dtqxM",24,171012,702,173,132,1
"jVzpTmt1O-g",24,170989,631,172,92,1
"og2Tx8MNvrg",24,170970,791,186,58,1
"lrpZSm1eqOY",25,170909,1447,215,82,4
"8xq9cQHkXP4",25,170841,2179,184,185,1
"vsliuo3EZ6w",24,170775,302,90,23,1
"0zrCWmC5yCI",24,170751,0,0,0,1
"w5qMOyPuUqU",24,170707,1152,178,166,1
"xIaVQ9csH-A",24,170681,239,40,19,3
"WWu3ToZQ_vs",24,170677,2561,69,351,1
"kGe6jZl-9UM",28,170654,32463,352,38375,2
"7NrU6jyGp9k",27,170644,7210,497,2960,2
"3KlvoH01f7M",25,170623,3001,101,373,1
"49j_Tbl3HWU",24,170615,587,66,25,1
"cd33Rp5U_U8",24,170590,1018,97,55,1
"65avgxQjT_0",17,170511,1716,123,7,1
"9nTUXb7cB0Q",24,170504,446,229,230,1
"McnKKLr_IHo",24,170488,2070,186,163,2
"m25jHnE08cc",24,170461,149,223,43,2
"dkoATP1Gg5U",24,170460,592,63,34,1
"1H2cIiV49H8",17,170426,1433,105,3,1
"D7nuNDiTXgs",24,170409,964,199,85,1
"qFJxgjLeQg0",25,170406,0,0,309,2
"0uHkkyOMZkQ",22,170400,657,100,255,1
"KTN3M6xKwks",24,170320,408,143,105,1
"_-rvR0RXN8o",24,170315,589,46,34,1
"Gvx0tzEmtms",24,170207,1854,386,619,1
"Q1__CwIwQMo",24,170195,1577,140,96,2
"MOM3DHzp5Y4",24,170177,641,120,98,1
"ED0MJYjusYw",10,170172,1157,235,132,5
"mUOk9tVHCMo",25,170155,5189,277,814,2
"Ra7JyMSGXZc",24,170092,1104,337,191,2
"2X8pOISnvDg",24,170087,179,589,165,2
"7kmqGqVj9fc",27,170065,810,78,4,3
"fnRgySF7HnY",24,170048,11112,175,525,2
"t0vh_guIcmg",24,170030,777,57,32,2
"7M_9_zPwvTc",22,170004,671,234,398,1
"VoJrDmf93v0",24,169991,918,160,92,2
"ZUVFK53Z22s",24,169974,1622,82,48,2
"25AhGkLfP-Y",24,169972,894,172,58,2
"5YE-yuqX8_U",24,169960,660,135,26,1
"jVgsqsLmdto",24,169918,539,158,114,2
"8g4vOIfYdPc",24,169897,660,35,21,1
"Vxp7RHYaK-g",17,169879,1677,129,28,2
"hOCzhd6TK4w",25,169808,1066,132,78,3
"d0ZmOOLFmfw",24,169792,490,40,14,1
"jVnkv4kI1ko",24,169790,641,22,100,2
"R-eCfwNrZg8",24,169751,892,141,128,2
"oscNx_CCiBQ",22,169710,1760,86,67,2
"9XLCljPAnVE",24,169632,270,82,43,1
"QbaIVU5-SIY",25,169622,2365,415,246,1
"6zs6knLpNSw",25,169611,1047,160,109,1
"34lcrQy8lwU",25,169607,736,285,166,3
"j1w0GWPAiqk",25,169527,363,158,30,2
"woY6ckbrs-M",25,169487,889,150,153,3
"rGFrM0VV-xk",24,169460,207,52,42,1
"Kw3bNl3032Y",24,169442,751,150,75,1
"FHjTGG7OKqo",25,169434,1995,231,329,2
"Qmokhw419hQ",24,169376,423,59,87,1
"OzpPSDB-6iY",24,169330,124,256,33,2
"LHqw8qFM3B0",24,169305,460,71,22,1
"84pbZG-RMQg",24,169256,2574,1087,416,2
"s6ET2I0Ge-M",24,169254,1841,170,157,2
"2oV_qSxj4wI",24,169221,2179,329,342,1
"Y8Dbx8a3aMg",24,169218,770,176,61,1
"mEJA-XqNdZY",28,169159,28847,453,21042,3
"fsHPiWhEoqI",24,169155,975,170,87,2
"X2mBKmgs5Fk",24,169154,0,0,74,3
"E39E-kHu95w",24,169056,0,0,251,1
"DAo6HgzMtmg",25,169046,0,0,684,1
"7xJqempKB0U",10,169025,1302,292,179,1
"rdTnZknoBfY",1,169002,3492,306,317,1
"ZSZrF5qYUHw",22,168986,1263,147,292,1
"jFjbGxWS1Oo",24,168986,528,63,43,4
"_rgL_IdOAk8",24,168985,570,82,33,1
"rX1qck58UVs",24,168947,939,165,76,1
"3Cy_hCIv2-c",1,168935,4596,238,288,3
"bDAA4BfgUHc",24,168899,4601,3052,1114,2
"bBYp6MRxR6E",24,168897,214,30,14,2
"yRj6lVZFMLo",24,168895,487,43,169,1
"IB-a8J6sz_A",24,168887,2923,298,478,2
"IdWCGqu9NDE",24,168876,409,238,199,1
"OBD5ypok5mM",24,168837,2130,181,123,1
"7-SlqtjZ8BY",23,168790,743,110,186,1
"qnrL5JX8qlE",24,168778,1089,95,0,2
"EMgKa12BYtQ",25,168740,492,98,137,2
"PmsXxD1wM9A",24,168739,2332,36,449,1
"MQsebpEX1hQ",24,168737,525,54,16,1
"5OiNMz_LoeA",24,168729,334,135,369,2
"MfXLFnsAPKM",25,168660,1225,175,178,2
"SVD7olmEPxw",22,168629,5743,144,560,2
"ncJbwnNK7fo",25,168600,0,0,0,2
"YSZvpN14VL8",24,168559,963,195,91,1
"c3jz0T1fepE",24,168556,2756,822,305,2
"Vq-ic7oMf1g",24,168553,7660,75,159,1
"wLfXSPvaoDY",24,168534,542,291,285,2
"YFb_8vQX248",23,168499,3402,145,248,2
"G6kBwHcDEpg",24,168489,794,130,73,2
"BnhrKcuXy-E",24,168476,368,277,66,4
"g4vdc51-uU4",24,168454,644,66,37,1
"VcvkoAn6PPg",24,168428,970,29,118,3
"pjyVGBFu_z4",17,168426,1299,80,3,1
"enU0Ri9XXjs",22,168369,254,106,27,2
"6cR_0HlApkg",17,168367,2198,145,8,2
"t7I8EBOTx8Y",10,168349,2725,75,141,3
"JwT5Lfio6AE",24,168287,621,36,10,1
"STZOhJVbXqs",25,168255,4179,708,1102,2
"N0XQNHKQp-8",24,168185,1340,52,127,2
"GkNvNv9_NAw",25,168134,312,94,3,1
"ixke03KJ1IU",24,168130,326,30,18,1
"gYXv8kuO3zU",24,168129,959,150,129,1
"qQEX5cr6q2o",10,168052,3027,340,256,2
"sHcDkrawVVs",25,168000,794,120,209,2
"TZNS3O77gq0",24,167988,20420,534,1496,3
"yoasJ5TXoCg",24,167920,375,96,398,1
"kBR80BWJavE",24,167912,401,34,17,1
"6tTwGKMJz4M",23,167886,15368,662,2518,4
"BKkRLlHR_Dc",17,167881,1370,102,7,1
"D7EQSnpA-Pk",23,167864,20495,628,2676,1
"XPPwZaqUiD0",25,167830,1539,82,150,3
"PDrEK5OuDbk",24,167822,663,52,24,1
"TGxBmuU5NkY",24,167779,588,91,28,2
"ucj2-khyb_o",22,167767,324,140,167,2
"WdISF-ivBgo",24,167739,2472,170,163,4
"rnuiXklxnIo",24,167717,1141,151,68,3
"E_e3nSdBiqE",24,167682,4206,461,2535,2
"Z7ZxIKEkPHo",24,167679,562,163,31,1
"XRd-LractFI",23,167677,3055,336,194,3
"7wYgtHTotvw",28,167669,14744,620,2845,1
"PHDAg_pbkA4",22,167657,3620,232,266,3
"BbeSyXbyTRI",24,167600,7863,765,962,2
"alr8iR3Sm0U",25,167489,972,80,52,4
"jUiEkNgOMb0",24,167420,668,32,17,1
"ck9tQttOV4w",24,167381,6029,2909,1105,1
"BA0jfcfWnn8",25,167376,565,138,142,1
"SHhW2lmflos",22,167361,1143,326,0,1
"7FYwNhnXeVg",24,167294,21176,481,1265,2
"rfoKjcj58Rg",24,167186,1648,56,115,2
"buWkSPCO13I",24,167183,717,194,68,1
"cYoyO6_5SGI",24,167129,847,156,62,1
"2jaA51GAX8I",23,167128,3456,79,188,2
"1i0v-FzkaXg",25,167120,407,237,30,2
"isllq0EzB-k",24,167098,496,97,59,2
"QTu7oKnsYDU",1,167092,3752,284,316,1
"0KnWNCkhcYI",24,167069,1584,96,73,1
"kn3fzjaJziw",24,167063,171,155,38,2
"ziA9AJ_avE8",26,167043,1759,497,302,1
"4atZDLKlHJw",25,167042,582,116,18,2
"mPmg-1-UoYQ",24,167034,798,173,45,4
"mym5N2KZ3nA",24,166984,1079,131,147,1
"ORghjuJRoJ0",23,166912,1200,118,255,1
"oyB-BdZprQ0",25,166902,7373,117,442,2
"Yv-s4vbftuA",22,166882,1282,164,116,1
"t0zZIFVN8zQ",24,166874,1516,98,340,2
"yE8lyo6OmpU",27,166813,5096,437,1339,2
"oFJcAQs_3aw",24,166758,446,174,40,2
"8IoViF7yPMc",24,166656,922,138,82,1
"yQkA-fofEro",17,166571,1361,109,32,2
"cao1papIbIc",24,166492,311,268,222,2
"ePXc-hGI05U",24,166481,513,59,65,1
"EWSZDYafj38",24,166389,1111,59,107,2
"bo_C5GJhQ3E",22,166375,249,34,26,1
"bUIO-SEeBsU",24,166329,325,335,0,2
"GY2K2uLMANk",24,166291,7949,270,588,4
"YCLIiHrB6es",24,166263,657,136,221,1
"kveP3JnIwuU",24,166206,1001,97,110,3
"LSVLh5SrA3Y",25,166099,2670,182,196,1
"3xOJAe2Tye8",10,166089,705,159,102,1
"WiJCzFJh3gk",24,166076,803,323,133,2
"dorinH07lGo",24,166046,1048,229,124,1
"_r0mH98oPlg",24,165972,3529,344,1344,3
"Oidtf4Ev8cQ",24,165959,1405,135,202,4
"OV6uZk_IInw",24,165955,7531,545,259,1
"SZpmsFiIc3I",27,165951,1099,137,32,3
"nu-V-4c-EQQ",25,165949,1726,181,274,3
"dSMS1T_h3mM",25,165930,367,86,55,4
"V56RzQLaL2E",24,165927,723,111,58,2
"tISkZ6C5fYE",24,165909,844,174,90,1
"bPQegnJ1loo",24,165883,1541,84,98,3
"9d4JjpmKzBY",10,165820,510,144,77,2
"1gzpqJkUsvM",24,165772,571,259,455,3
"35iLvHFv6KE",10,165759,1460,205,64,2
"O-Wt0_7Jd80",24,165747,390,47,25,4
"I8PXdzxdG_0",24,165747,579,108,41,1
"IFhV6G_JWbg",25,165738,222,65,78,3
"uqTkJgtSjcc",25,165679,1612,104,177,1
"DpkQlgG9kyY",23,165496,2441,198,248,2
"LxxVsSFTR1o",24,165469,911,192,102,1
"SH60Mt0p-YY",24,165465,549,50,10,1
"ylt0fxC6GCs",24,165450,606,154,73,2
"QS08leUQO88",24,165448,785,293,0,2
"LwNjbt2J-g0",24,165416,13048,478,963,2
"D_lG-nIrSBs",17,165374,2187,196,68,2
"9Fo1BJxfdlo",24,165348,8258,392,160,1
"bc-YEruh-xs",25,165347,332,72,102,1
"JgiwhV6a0_4",24,165303,736,82,58,1
"n6qBl-khSuw",24,165277,241,37,21,2
"i9qCFvE8pG0",24,165230,822,54,48,1
"9C2MzZnjoU8",25,165226,220,361,0,1
"EzrUvTiDJY4",24,165207,376,213,154,1
"m43QNwUkCUI",24,165162,1519,384,207,1
"Bzc0T5V3Xc0",22,165101,964,150,90,1
"ZrqhD7hFQmQ",22,165082,1768,279,761,2
"pId4BmTSI0w",25,165048,1041,232,140,3
"AUaqmcQoK3E",25,165042,2084,169,133,2
"O5TQnXog11Q",2,165018,1104,249,49,4
"IpL8GkC_qEs",24,165006,1103,116,64,1
"JWkUrw1oh4I",25,164969,941,101,49,3
"EBQO2SYkyuk",24,164925,896,181,101,1
"T4NcYP71m6w",24,164918,764,181,65,1
"orR5pMl13I0",24,164800,296,120,7,2
"FnPN2eOUVGM",17,164789,1416,173,36,1
"lNWRZHLiR-I",25,164753,854,98,183,2
"jOEyTn1Yg2s",24,164734,196,516,47,1
"0FOp3M9LROM",22,164698,465,167,79,1
"Ev9XAChw1ig",10,164665,9605,249,282,1
"bEJMTFi27iQ",24,164616,609,166,24,1
"bOFTPBLlG_I",25,164610,0,0,104,2
"47qBFc35ZUw",24,164547,483,203,162,2
"BesHsE3WwmU",25,164534,1504,119,102,1
"WEAH8yjfN8k",24,164528,2458,123,48,1
"I4PzRRZ_8B0",24,164478,1320,76,169,2
"Rtnd-HwsoO0",24,164474,11423,464,1075,1
"XD8sPq6-X8Q",24,164451,2243,253,136,2
"cpkxJ1y_0V4",25,164442,526,348,237,3
"yFwM07FtGs4",24,164433,174,41,12,1
"7XdUjBemF64",24,164405,3158,170,111,2
"0V76YwdlQMo",24,164381,363,96,20,2
"eEyZgU8N9Eo",24,164368,851,43,61,1
"3PJe4UnAll0",25,164333,550,147,148,3
"Ba5Zo8Y427g",24,164310,2830,168,348,3
"kPWp6nECYlE",25,164120,719,56,286,2
"siAijYsZ6b4",24,164062,325,109,7,1
"wJgC6GbLkAQ",25,163990,1535,133,201,2
"vnN9sgDzgTk",25,163974,409,50,64,3
"VznF5EHfyrQ",22,163973,805,151,46,2
"rDDdXd6Cvnc",1,163956,2611,115,111,2
"eHa_xTXZtxs",25,163857,293,189,60,2
"kpIATnW_Xqk",24,163844,538,80,32,1
"5ILPvGB726A",24,163829,584,125,101,1
"xK1FOECMvJE",24,163829,304,268,75,1
"ESBhszSj1gw",25,163807,649,608,245,2
"K_HG7Ut_8UM",22,163788,477,58,17,2
"9Pa47Bj3O6k",25,163778,1057,216,451,3
"3O7BCaKvZtE",24,163757,439,577,293,2
"PDUJAWS71Ss",24,163674,691,98,26,1
"hMv8mqlfoaM",24,163655,403,324,76,2
"yWbAROElraM",22,163643,21692,607,4105,1
"i6XEb-H0QGI",24,163570,1105,144,117,1
"JTwWCot9mJY",24,163560,1024,264,320,2
"NRjJR82CqOY",24,163470,654,36,25,1
"L0AlwyAO39k",28,163464,22899,745,3848,1
"x8NhfiOH2c0",24,163431,838,172,65,1
"lWXOCKAPWcU",23,163399,12258,343,1835,1
"4B-xA9Hykjc",23,163357,5366,356,493,3
"Ti_axsUFIfI",25,163351,821,409,146,2
"lM4JRVgu-dQ",24,163316,4858,120,589,3
"Vqn-oc7phdc",25,163302,5680,227,1155,4
"FlQLOIxK9Aw",25,163279,721,89,18,2
"j67QcXslpEk",24,163275,11988,531,1024,3
"iSyExLfPKbs",22,163246,921,132,42,1
"lZhpU2sZav8",24,163240,3744,238,290,3
"H1qlY9NWtKk",24,163237,221,334,44,2
"k20AYixVMaM",23,163220,4910,648,479,3
"8Lvskj12y7k",24,163212,773,118,109,1
"RE03EkFWxEU",24,163190,94,104,119,1
"Im2xy2aNnzs",24,163171,746,145,67,2
"ioJHQk_ady8",24,163138,672,118,21,2
"iHisMxMZwDI",24,163135,775,164,61,2
"I8epygi1VNg",25,163102,6734,790,1550,3
"WlL7FZ5Ab4Y",24,163080,4690,201,1940,3
"sWMdpR5Jcow",22,163078,475,254,72,3
"T1ic-3DwFN4",24,163066,1242,79,113,5
"TjVMqPIN6GU",1,163056,4867,133,336,3
"OwpbZ74h2M8",24,163032,964,501,693,1
"zHWeTgQgWrI",24,163029,525,66,22,1
"-3NHqAW8M5g",25,163025,478,64,37,2
"S59Xd8kMlxM",24,162995,587,212,33,1
"AGE240RdHUQ",24,162995,233,125,119,1
"x5GcmIaZ5eI",24,162908,879,223,132,1
"c9_1mjQTmKg",24,162905,176,98,19,2
"fSmjCZdQkw4",17,162904,1954,139,20,2
"avaNjySc4LA",23,162901,949,112,216,1
"1TcslnYho68",24,162879,685,175,59,1
"SSmib0UPQoA",24,162858,7850,478,378,2
"TUsuorh1dv4",24,162839,914,334,210,2
"ZpRbvzwsvq8",25,162820,734,142,20,1
"dJaYOOFDWe0",24,162814,276,116,37,1
"cWUerw443Pk",22,162779,706,121,21,1
"iRzCg9eY9pk",25,162764,1513,268,382,2
"HqEMOtX1GjE",23,162755,14893,584,1231,1
"LPYaLCp8DL0",24,162752,7746,421,774,3
"WKDjSFcn_Ac",25,162705,459,86,10,2
"dsZWCJlDl8M",24,162688,731,179,63,1
"uSK88LGouEo",24,162665,116,414,69,2
"c6L38i4saEE",24,162663,493,452,456,2
"MUJifsg-PVE",25,162656,8264,433,1341,2
"RiyHPI3apgw",24,162500,1015,147,106,1
"Kb5oJ8qrVpg",24,162476,400,193,98,1
"uuR0-ynvmrY",22,162446,1339,274,99,5
"7W8Uf0zCN-Q",25,162442,503,160,53,2
"NRyFxxJmAwI",24,162374,1876,479,353,2
"4F7BcfhTFuE",24,162355,850,136,87,1
"d2SAoQTkBBQ",1,162323,2570,292,377,1
"fmUp13Pa3Uw",24,162297,1784,1643,712,3
"kPalYZW2-8g",22,162260,2475,93,57,2
"P1TvbCi5Zak",24,162241,1012,193,132,2
"iIcmFJAy7NQ",24,162222,881,117,105,1
"iNJY3rLI2ws",24,162199,1060,104,61,1
"A_hXDztjOoI",24,162098,566,59,25,4
"kt9wMtINzZo",25,162038,338,78,99,2
"uNiHqAbM4Zo",24,162032,796,82,770,3
"f95XpmvLw_g",24,162032,662,50,33,2
"IttYcFEJvA0",24,162028,719,186,53,1
"CXWGx8d4xKM",24,161982,153,133,33,2
"IVdMWzrwtvo",24,161958,895,167,81,2
"cyDhgtdZZLQ",24,161952,1422,154,158,1
"4ZT8verRHRI",24,161941,928,140,101,2
"jrfmT77cSUo",24,161923,859,171,39,1
"kxYw-B4053I",25,161909,1499,118,195,1
"QE8J6vz3fYs",24,161899,602,165,71,2
"JY0fCbXyxqM",24,161879,474,31,10,1
"7bK2V3HfX5I",28,161814,14991,1138,2184,1
"Liw9vcyZ2IQ",22,161813,0,0,0,3
"lpawtEm_L34",24,161779,1098,129,98,1
"hf9R3L-336M",24,161769,681,81,35,1
"iYKJ3z9auCU",24,161765,631,87,19,2
"gePf4OSO-n8",28,161762,4861,256,1100,1
"tJOMk4zpU0I",24,161762,210,27,12,1
"9nQt6yrOjxI",26,161755,4748,155,1625,2
"dVg4z5TQ0D4",17,161715,4402,170,201,1
"vHmw9EAFrro",24,161692,659,161,21,1
"6aqITraDenU",22,161642,918,227,227,1
"LpnfCC5u9uY",24,161640,436,43,262,1
"fNVfgXSHXRQ",17,161598,150,337,29,2
"ycR3zgwcjiI",24,161565,375,39,20,1
"XWdiAshm6k4",24,161550,1621,45,39,1
"HQUWWJ2Ch6Y",24,161522,212,370,0,3
"rZAVK_66j84",24,161503,6302,906,814,3
"QescFQB5k98",24,161458,340,86,24,1
"of777__T3Pc",24,161448,848,135,112,1
"kFlaZL3ki0k",24,161432,901,110,93,2
"WMXPC8hN8Ww",28,161371,5401,209,1264,1
"fUHDRkoWv98",24,161303,114,120,25,2
"klvNUymFSFc",24,161282,161,39,14,1
"Il26S9uBQT4",26,161271,4593,212,1375,1
"fJY_psOadJc",25,161233,637,239,75,1
"JmgvRzHNDVc",24,161199,918,158,59,3
"kIPMpYPy2rE",24,161191,565,38,18,1
"GZea3iMYy3k",25,161181,10913,364,2286,1
"EMgSQwDW89A",24,161110,487,44,18,1
"N2M4n8Am3V8",24,161085,581,122,323,2
"w0rtaR2w89M",28,160996,13714,695,1556,3
"HNSPBvvp7-A",24,160965,2202,167,139,2
"yFzqP-uGtrU",28,160915,6751,421,1297,1
"kCJVmhJBScQ",23,160866,2008,218,201,2
"vJyxa1UAqEU",1,160862,1004,106,34,1
"dfAfmn3VkDs",24,160797,431,61,25,2
"DZFXaNpbMvI",25,160759,745,65,395,1
"Bj7D2crmi1I",24,160758,1006,193,117,2
"PQ3V0VG0xwo",25,160734,3688,189,257,1
"MVw6OfXb-lA",24,160658,461,95,62,2
"2aSpyQjgYHM",25,160627,1664,97,119,2
"KIVavuv9lAo",24,160603,347,148,139,1
"HJfBHUTCAO8",24,160567,316,104,82,1
"wSqe1OlA82E",25,160546,4045,788,1110,2
"DCcWT_LwUwo",25,160509,419,83,11,2
"IWaW35OaLBU",24,160501,829,108,55,2
"guZJF32nMcw",24,160351,749,203,250,1
"UF6Ott3X-g4",25,160250,4131,152,895,2
"Qbv8UGAnrHg",23,160214,6382,407,766,3
"AA9PJqK56XA",25,160040,781,572,1177,1
"h4mP42KVcZs",10,159969,1921,83,96,1
"6NX0Z12WdH8",25,159936,968,128,114,1
"H7cmQzW2RtE",24,159917,324,103,100,4
"qhFkHK5lR_s",27,159827,10220,156,785,2
"XNoX6v89JdI",24,159778,549,180,78,1
"nzQxndnaQfc",10,159766,745,157,23,3
"zLdLjRJ-nJU",25,159735,338,102,34,2
"tFM-GNSeXzw",25,159691,202,137,35,3
"Ia3yyYD1DhI",25,159647,998,78,12,1
"OTEj16z2cvE",24,159637,255,105,0,1
"7dIL5OAtb_E",24,159624,908,155,71,1
"Npwynykp3OA",24,159612,928,165,99,1
"kUuTPVVjUaA",24,159580,1303,28,357,1
"TZ4lJABVr3Q",10,159562,2298,189,198,1
"dd_T2tPt-RI",25,159554,1050,97,22,1
"6t9gqyvHAso",23,159514,11758,264,369,2
"6jZ7QgNXMfs",10,159449,772,154,52,1
"r8kw0cQmHWM",24,159405,1191,53,102,2
"-9MAylsrai4",25,159394,879,63,14,2
"KiQP1tv-8A0",22,159352,0,0,137,1
"XuQtn_XQaKU",24,159338,687,522,480,1
"LM4hHti0VDo",10,159338,1121,116,66,1
"QaMaK4wHYo8",24,159259,1298,97,293,1
"8b--4r5-jIw",24,159240,6439,401,428,2
"tcq-Iq7LdFk",25,159225,2774,174,353,1
"T-mYWopP0Eo",24,159222,279,65,30,3
"ngTLa-Hj46s",24,159220,1125,101,55,1
"45WAhpRs5Yo",24,159191,11918,193,855,3
"q_8evioElMY",24,159178,67,155,0,4
"aC6FWYEFFHw",27,159122,11785,203,860,2
"Li6IMuOS9DM",22,159043,0,0,19,1
"vob9Uvh74Mc",23,159001,919,101,183,1
"it_yuDKSv3I",25,158965,1765,95,244,1
"eEqYI0YJtCk",23,158937,1224,136,267,1
"dJGS5_k02rw",1,158888,3371,531,421,4
"7ZfzoUwPkXc",24,158815,815,216,104,1
"fGrv2TSxmR4",23,158699,18649,1537,2821,2
"IqvBpLj1WoQ",25,158690,1066,1144,0,2
"ZPhILKWNGxw",24,158680,15633,180,1441,2
"BwJQj-iFMFk",24,158631,234,145,47,2
"B21MOxooxDk",17,158586,2113,151,28,2
"rZeHe2wGMkE",24,158586,1332,168,170,3
"a3JzEsvRZ8I",10,158565,747,175,69,2
"eBkNJ0_6enw",24,158548,3160,111,482,1
"G3_GRg8mTw8",24,158546,4028,227,513,2
"vDWuq0cn-78",24,158543,1045,54,25,3
"7Ubjv2JUjHg",24,158508,544,50,26,2
"aFgyRUVZrLk",1,158494,14744,332,4363,2
"2tru_d7qN5k",22,158400,757,105,0,3
"Dal6gytEhIg",24,158367,593,133,193,1
"aOuIUS4BnQI",25,158361,1393,81,12,4
"C_UkQjMTscU",24,158342,689,120,135,3
"zNZjeq1vDKU",24,158328,1024,140,98,1
"6yYwFqYMppY",25,158255,2903,57,74,2
"ftdB5o3Usec",24,158244,222,34,23,2
"6jf2wNj7ewA",23,158219,11659,411,968,2
"ul6tkHoVFg0",24,158126,3477,136,435,1
"MHlxLGBb8l4",24,158078,553,38,13,2
"xT8LQXVMiCk",25,158062,337,82,21,1
"3CFSYJV3r0I",25,158045,1209,179,398,2
"MEreeZO65GY",24,157988,108,515,73,1
"XqqwiZumSfA",24,157957,617,134,54,1
"PIftR4G8q2k",22,157897,296,91,0,1
"SrQLGwmy3Pg",10,157857,2155,416,155,2
"GrWitO8VNVs",22,157703,1347,256,104,2
"eJ8rWDRCS0g",25,157668,453,65,21,2
"VpnNR3z_pAM",24,157661,1264,96,130,4
"CgobAvfsXWQ",24,157639,1161,115,168,3
"bYGsrLDXzqo",25,157627,902,298,979,2
"w4lpN_f4WD4",24,157602,430,88,15,1
"Fv5ufmVxOi8",24,157596,2028,87,46,1
"s53kQLnchu4",25,157583,1612,134,89,1
"yFxf0vX9MK8",24,157567,438,99,13,1
"awhXQwli4zc",17,157556,2727,118,113,2
"0sw7yP7mpsE",25,157553,131,115,39,2
"eVAZ--lxIk4",24,157545,965,114,97,1
"29PYTYlFm9M",25,157427,2990,305,264,2
"CF0nWNbUCtM",24,157337,446,101,87,1
"0spvT8pdFKg",24,157335,624,160,29,1
"HkxeDrsLJfs",2,157331,2361,171,478,1
"N72M4LML4PQ",24,157324,3523,427,135,1
"rPVdWnVduH8",24,157318,311,85,49,1
"IjiwFCe2mvI",24,157316,1283,69,108,3
"dTy8yIR0zB4",25,157272,908,141,141,1
"QSjQC5i1LP0",25,157251,4616,201,948,1
"eG9pCz3qVJ0",24,157192,201,86,22,2
"RO78XdhvZu8",22,157188,631,99,152,2
"MsRnSLdOKcw",10,157173,3501,93,103,2
"qsS8U59FKxo",25,157172,1740,86,94,2
"1p92qsAXLJI",24,157099,275,33,51,1
"yUOeOrW02eI",10,157092,4714,162,317,2
"Em5tuqpMsNc",25,157090,8389,417,1172,1
"nhdQcpZSWUI",25,157080,949,64,115,1
"4L2HKtsuRdQ",22,157043,427,60,20,2
"7YtKD28XBQs",25,157034,237,120,16,3
"Pa1upoadPoM",24,157006,808,143,55,2
"ygAOTkf9DdM",24,156982,677,134,47,3
"0yDowZSS26Y",24,156980,345,87,49,2
"NJPZrEPSLKs",24,156978,0,0,0,3
"_Ps2XCGIRuw",25,156978,1378,117,123,2
"hBqY6ZFPRQA",24,156962,847,175,62,1
"GNloY_4s8RA",28,156942,4231,448,0,1
"iK0kASAm1WQ",24,156913,10100,190,552,2
"o2ABZ7qL9-M",24,156878,4454,272,546,1
"p_A4gjw-4b8",24,156836,548,94,27,1
"rK-qyreAizM",24,156833,491,65,34,1
"UdGQON7u9cQ",24,156830,756,144,70,3
"CUMjSGpUu9U",1,156825,4513,178,325,1
"KnfVOThqp98",24,156783,663,489,299,1
"rBCCDZvcAWw",25,156779,650,316,1144,2
"rMN3aMVPuFU",25,156760,373,51,56,2
"LcJeiSwnMKE",24,156741,1194,98,178,5
"HArjwuIbnu4",23,156720,13341,387,1581,3
"4GusjeOzEhk",24,156698,314,52,20,1
"-5YBjcqv75Y",28,156692,13418,590,7430,3
"0lkbA8SfAmo",25,156663,3671,881,1176,2
"uk_qCmiqYO8",24,156622,588,236,112,3
"zPj4YzRLKmo",24,156586,502,101,51,1
"kP16rFh0IIg",24,156580,322,218,48,2
"lFmb9ExPlVo",25,156554,0,0,671,1
"jaqu7gvRzWs",24,156404,184,43,27,1
"d1VhrjFqU-M",24,156365,2618,122,179,2
"Y5o7CeGY6vc",25,156363,1324,215,181,1
"J-g9lof9PHc",25,156343,1050,113,188,4
"w7IYQzkGZ0w",24,156319,1389,197,119,2
"JWG2Q-TfVbk",24,156313,1728,147,87,1
"yf2jrvLOZso",24,156312,514,51,34,2
"-8uBb_FWX1I",24,156304,346,125,43,1
"jUrEwZo02MU",24,156303,1683,156,128,3
"fgKdz-mNobs",25,156292,583,508,446,1
"ujfCJiDBYR4",24,156277,806,107,47,1
"M0wbUdz4l1c",24,156255,613,71,37,3
"HnA0rQhn14g",25,156087,3075,311,841,2
"Prb_osSVE0M",25,156085,716,53,0,1
"OZHpjCDV1V8",25,156070,1086,80,140,1
"1OTwWFJY_0I",24,156063,5406,534,1047,1
"3q4Qhl4_KP4",24,156026,580,31,18,1
"p3TeB1GVVVM",24,156002,879,170,82,1
"jPa4P8LluPo",24,155924,2281,220,137,1
"SXC_w2_PU3A",24,155923,2952,230,318,3
"sSpIPPvp76A",25,155919,626,131,64,2
"KPwH26EBnOI",24,155890,19813,384,2127,1
"fNoqFwS9cN4",10,155797,653,168,41,3
"o-sZ3CrOowc",24,155735,198,106,15,3
"fSoX51qcF9c",24,155735,341,77,142,1
"Z38xEp99ChU",24,155730,995,115,38,1
"AfskjeeYE14",24,155687,570,113,39,1
"4-wsiGhXHCg",23,155615,3950,75,261,1
"7ppHhCQHIw8",25,155591,759,83,103,1
"jz4ERuH0B9w",25,155572,725,50,72,1
"31Qf_Bt9qQg",26,155560,8945,320,572,2
"biDTc9LnwOw",24,155547,267,42,8,1
"o02tvRGHOQs",25,155529,1121,757,1278,1
"sET5d0uiZSo",24,155512,686,69,34,1
"zBhP2lCMS7U",24,155473,4857,92,288,3
"_tT9Px8XSMM",24,155467,1522,163,191,1
"M3ha79NJcnk",24,155442,468,92,33,1
"YVqBsBijp5o",25,155439,1132,255,177,1
"DSPCEQXLoXU",24,155393,1647,113,267,1
"1TED4tfSLb0",25,155361,1500,132,121,1
"EIPe8HngLKU",24,155314,673,43,21,2
"pmn4aJjKQzk",22,155308,745,55,75,1
"pJ5xK4OeYSw",24,155293,373,91,29,1
"Dpa8pwa26SY",25,155251,329,175,31,3
"PxAMNw2CjMY",24,155220,521,131,76,2
"2BmvL7eksEw",25,155165,1305,54,73,1
"7NygcPJPE_o",24,155068,493,119,49,2
"auOn2s5K8Zk",24,155051,582,83,29,1
"D2Ife4tzCb8",24,155019,620,41,10,2
"W4ltACLykp8",24,155000,1913,225,307,3
"5eZvAKJy6BU",23,154968,10549,903,687,3
"2sTiomRu41A",25,154958,7440,354,1060,2
"s5ssH692b2I",24,154892,572,167,28,1
"tCxxoTuey04",25,154847,456,197,183,1
"z-uUOFG59XA",24,154831,10603,722,1355,3
"M1EtM-XU6tA",23,154764,9712,367,891,3
"pSYlHYyAmPU",24,154740,484,42,20,2
"zLkBfD456LY",24,154729,772,131,59,1
"CzNBrxT0uWE",24,154727,520,52,29,1
"PBSU6iO7SCg",24,154651,666,198,93,1
"wjNSjyGw_W0",10,154651,3155,101,135,1
"YXzkNbrWV14",24,154621,253,33,10,2
"9Yc7ecXD64k",24,154593,7512,702,1090,4
"z0GUY4uimfw",24,154544,545,79,15,1
"8vBjlhp73hU",24,154502,543,15,15,1
"auvvez3zxxA",24,154491,169,71,66,2
"HRG-d2SYURA",25,154480,779,68,118,1
"vebpsEgYf6U",25,154457,2034,374,683,1
"Yp9jxlF85lo",27,154404,1518,170,102,3
"w68QMHHTUJc",24,154375,244,84,12,2
"MNyXLKTzMQY",24,154285,523,181,54,1
"tcwRfPW7XeU",24,154257,1123,171,79,2
"DNjPabQDXfc",24,154243,499,136,75,2
"ibgIzUoss2c",24,154219,420,78,12,2
"diXUacTq6A0",24,154212,2135,107,316,1
"porJsaq8UPE",24,154192,341,57,18,1
"PdC42X-086Y",25,154142,337,72,70,2
"EFe32W3DgM4",25,154139,615,80,71,1
"8p5viWCKYOw",25,154125,612,171,91,2
"I9OsxIcyW0M",1,154108,374,118,27,1
"_UtqoUUibh4",27,154083,12570,718,3533,2
"uFthAH9oq3g",24,154072,175,35,12,1
"e5Q1WN47ZwI",24,154063,1236,418,1481,1
"1nDbkfCt2t4",10,154045,8389,323,917,1
"ZddIRXUIiFs",24,154019,1055,96,95,2
"PJIAVr8Qux4",25,154011,2779,251,542,1
"dpVbqBT35iA",24,153888,1202,186,97,2
"FMoRWmsZP8c",24,153828,122,51,16,1
"DXr9R0crA1A",24,153788,316,471,53,1
"b76Ln35cHDk",22,153785,3042,218,207,3
"gAAp0tQkvIA",25,153766,2311,348,301,1
"oGSNSLD8rcw",24,153736,1387,18,516,1
"fN8pSenHUvA",23,153666,1535,192,305,3
"584myzOAcbg",27,153643,1632,132,179,2
"uSUUCo4uZgw",24,153607,199,34,19,1
"UH7Y28tbjsk",24,153606,468,36,10,2
"3Whk5xZ6iRI",24,153578,544,27,11,3
"ySQbARx-X5o",24,153545,1610,208,171,2
"pueOdy4EyQ4",24,153523,13614,220,1280,3
"MPt-AH9isAw",10,153516,4264,94,163,2
"DoLtyggMEK8",24,153440,621,130,87,2
"5wX9vrxUJ78",24,153440,471,119,95,1
"zz6Nqy4SM3E",23,153387,8839,268,1529,2
"5zHIyadCwwE",28,153384,29321,750,1787,1
"_46jcc_oA0M",10,153359,1165,261,135,4
"1sVmIMd0xto",24,153354,582,291,86,1
"7aQLw2XO99s",24,153336,493,68,79,1
"SeW-f3Pynu8",24,153251,543,43,34,2
"Q9PUeWuf_Tg",25,153204,955,115,49,2
"u53-51MygCw",27,153143,10498,164,702,2
"F5X5GNH_la0",23,153138,4926,199,263,3
"AMqicimKMxI",24,153137,678,197,137,1
"_zZuXsHW82U",24,153128,607,65,24,3
"yvDUw2rdaeg",10,153104,1689,206,312,3
"IT-SG5fuE70",26,153090,14002,250,1309,1
"HzeJo0kVc_4",25,153087,1108,382,1267,1
"RkaHW8CDCXA",24,153037,464,134,57,2
"fNae7vXuze8",10,153036,5497,555,677,1
"hPjBd6dYzK4",25,153005,522,106,133,2
"z1CdlHl5dmM",24,153000,1017,227,58,3
"xAmikXH_zdE",24,152962,753,187,122,1
"hS785CubBlk",24,152891,534,26,20,1
"ygDzD3_FnLs",22,152855,374,331,113,3
"UYAg6VXQGdA",25,152853,2323,287,650,2
"baqtzGrjxrc",25,152837,570,84,85,3
"Pc4Q0Jr_yUg",25,152815,609,105,115,2
"2UeYokxy5vg",23,152804,4290,530,438,3
"hz7Qdvv9Sj4",24,152760,775,311,118,1
"Ppx8iOQA9Io",24,152749,575,153,30,1
"GbnSDLtDiKw",24,152745,490,115,29,1
"yBeX0CrjBHU",25,152741,1343,292,198,1
"I3mzn5tZOUw",24,152708,1116,22,40,2
"4kjA1X1TSSA",24,152681,520,177,29,1
"vFmaxOcmvHo",24,152643,371,76,31,2
"vOZYScqG3aI",24,152636,330,88,27,1
"jtZ2N84I5bo",24,152633,9592,326,1368,3
"0pZpDSgJlck",24,152625,468,67,19,1
"2oevwlM7NCc",24,152414,623,37,23,1
"ElfVo4ducCc",23,152318,828,49,17,2
"ycfG-KtWUqA",25,152308,1148,394,327,1
"eUlHRJSQF3o",24,152299,296,22,32,1
"NBPy6urvevw",17,152263,1404,85,12,2
"eZsO9mNRfeo",25,152253,1075,271,131,2
"y_lUJ911BeQ",25,152178,6185,381,1152,2
"IA0V39bLgeA",24,152161,1058,138,72,1
"SWbjtTIsdtg",25,152138,790,253,82,3
"qPQELi6qNAk",28,152128,8703,559,1128,3
"lVCfrktNJcc",22,152080,4122,182,227,1
"I-GCE56uoQE",24,152074,1013,142,98,1
"DwcxI8ZiCek",24,152066,930,360,207,1
"07noZhQ5tGM",25,152053,3829,310,857,1
"myeqG5B2Voo",24,152042,6588,859,782,2
"MyxlsLuNXkg",25,151989,548,95,99,1
"3bLa6M2jY9E",28,151962,6161,171,1752,1
"tgECLCCGT_M",10,151959,4951,95,291,2
"HpzjiNcmvPg",24,151918,4998,103,698,1
"M5QmMWc0iR4",24,151913,544,190,47,3
"J0Ehz0fH9yU",24,151898,1768,270,317,1
"vI0ufkmF0y0",26,151862,9517,395,1215,1
"6Xl5QzRQx4I",24,151856,584,146,17,1
"O8H2yoUyyyE",24,151827,1265,51,37,1
"KaAkzbtdf5o",24,151826,862,116,104,1
"Q7llI5VsNFo",24,151825,950,96,72,2
"u6pF7j1Kb7s",24,151805,520,186,23,1
"iDbOILXljKo",23,151737,8126,273,900,2
"vsl8Qi8E5Oc",24,151703,422,72,31,1
"Fa2aPlqufwU",24,151697,586,96,53,2
"Y7xkYhA2MuU",24,151682,276,75,77,1
"P3mWuuMeBKI",24,151672,6254,996,934,4
"GzrXkDCgvjI",24,151627,349,34,169,1
"82JeBVN7PI8",25,151610,890,145,169,3
"4f20l8mdBh0",24,151604,3785,98,304,2
"So2-0gc7uMY",24,151571,491,125,99,1
"yOZC2KH9-Ms",25,151467,780,180,89,2
"2eGvuYv5scc",24,151455,1135,165,38,1
"bnaPRQbwYJI",24,151412,875,157,72,1
"ZoV3kU9ZR9I",24,151340,315,34,11,1
"p-lw4sZjUUA",24,151308,355,57,13,1
"r5YNEcYXwGA",24,151286,2640,137,184,1
"XUoIyNOCOtk",22,151238,559,153,184,1
"LPggspG0R8Y",24,151139,319,54,22,2
"q7BpG9iQRtk",25,151116,2019,92,250,2
"Xo3wJWEPJho",23,150964,878,101,157,1
"8IVP83sL7v4",24,150916,771,158,57,1
"OAUyEpgGy1Y",24,150915,428,247,273,1
"a23X-XLy5Gg",24,150912,294,49,16,2
"15VQkurX5yk",25,150868,16903,935,3286,1
"K9P8yEWo6nw",26,150814,802,324,86,3
"XxRnYt7XAI0",25,150808,1422,196,474,1
"1WTtrHW7uw8",24,150806,1311,508,740,1
"dHyzala3IDg",24,150780,447,42,13,1
"ARyjj85tk2Q",25,150772,820,159,90,3
"aJlDr_z4MqU",24,150758,795,138,40,1
"BKy0j6F77Kk",24,150706,628,165,24,1
"i6APC4h5-xQ",22,150686,455,78,16,2
"OszEm9NmhIw",24,150651,1531,713,1011,1
"_WB3Lgo4C_8",24,150625,222,38,13,2
"Ukjn7A9L7vY",27,150609,4076,289,169,2
"j2UAW47ElIw",17,150552,1363,108,30,2
"MZqOW5g4SOg",24,150550,648,181,71,1
"o5rU4hqN9o4",24,150506,2351,95,178,3
"Vq0MJQXo5AI",24,150493,541,282,70,1
"ZcaJgbxkQig",22,150478,176,294,25,4
"0Jik_UImU6U",24,150473,626,89,24,2
"eTDMzuSN7x8",28,150423,6801,216,2172,2
"B8MmI3AnTSE",24,150421,1057,212,156,2
"H4yQqge5-Bc",24,150371,9010,272,1391,3
"e1wtxZap94A",24,150342,1425,28,413,1
"6o9KYDfof24",23,150331,11894,382,2126,3
"LMuNJ9XdG7k",24,150281,816,153,59,1
"HiAAgI0sy_I",24,150265,599,159,23,1
"ckSOYdV60fc",24,150232,911,185,114,1
"sZSAZy4kvcY",24,150221,236,124,24,2
"zK8rF35b2lI",24,150192,1153,76,68,1
"grdrnzncy-8",24,150173,290,67,18,6
"EUXLsaYfTtA",25,150168,0,0,0,1
"yEMSUnFCf2o",24,150152,786,80,245,2
"m1P1raDXJ9E",25,150135,494,123,109,3
"eHfLuSsf50A",10,150125,6459,225,1586,3
"5E1ISNEBYvE",24,150056,10756,272,887,1
"GFgTQf-1J_Y",24,150054,320,41,25,2
"y6IDepMIJKQ",24,150048,516,89,15,1
"I7GfxShBPJA",25,150012,981,40,130,4
"G6z2qzC9Cjo",24,149964,10370,374,860,2
"D_olJ7mjWow",24,149907,9693,123,589,3
"YS5k2u4lhvc",25,149887,1170,97,425,1
"VwciSlF4e9A",24,149887,6397,740,3952,3
"3FInZmJMZ68",24,149864,453,32,25,2
"FAo-_5vfFnI",24,149856,539,39,99,3
"iJOukc6K1bY",24,149837,189,51,27,1
"btPWMsuzduw",24,149785,530,42,11,1
"3JiTMRtB4l8",24,149724,4117,776,461,3
"mTC_YeReDtU",22,149720,2853,405,657,2
"PKfff5YbEtg",25,149708,1033,54,96,1
"6MxwsfeJ-sE",24,149693,564,82,31,1
"XK36geG01DE",24,149671,704,42,29,2
"x6MEC_2a4DA",24,149662,563,61,23,1
"QGGwjct2Lw0",24,149658,4888,96,482,1
"j6QXooNPFd4",24,149651,412,124,78,1
"3fIOm7A97SM",24,149624,357,106,48,1
"gFlvAhIevnw",24,149604,225,34,17,2
"EhCiI4xvpmw",25,149602,7605,515,1296,2
"7sp9PIAM_AI",25,149571,1426,199,250,3
"XXLtOH5ac5A",24,149571,391,141,66,1
"6-Req41TTxA",24,149531,649,37,13,3
"yu3S5iDUM4E",24,149471,756,51,21,1
"nxjeWmQeOgU",10,149441,3731,269,428,1
"ioIx-0eVsN8",1,149420,371,55,35,1
"2cKGl0r5kFI",24,149400,612,124,146,1
"06_RblMYbJo",27,149377,1259,297,72,2
"M9jyvruYEJc",24,149364,1440,141,104,3
"kgiTh3TkR8c",25,149354,649,100,207,2
"eG2GUEYfJqg",24,149334,846,160,73,1
"JUzlad-cQg4",24,149330,1086,110,140,2
"63xVGKeKKgQ",25,149307,736,193,167,1
"Uib4LPVctD8",24,149297,254,174,266,2
"9VehNeSAnrs",28,149265,10914,331,1066,2
"ZYfxqg8XoRU",24,149265,2780,107,504,2
"Lkasz92RHTY",22,149249,404,88,62,1
"vhHwKF1EnWg",24,149207,801,221,115,1
"XL7fKy8fsIY",24,149193,870,274,450,1
"O5iLRIwqrV8",23,149183,2684,195,165,3
"1CoCVM1muyY",24,149157,692,133,69,2
"f8XuDoum8Hc",24,149129,88,181,46,2
"P2qOCZk6RT0",24,149059,1867,73,147,3
"ut_7RE4IVj0",24,149051,941,133,68,2
"z3i9N0aTrM4",24,149049,325,322,76,2
"DV7H3CWyS7c",24,149042,1049,437,596,2
"r_OX9jTBb3s",24,149040,470,202,124,1
"pJzxufYzJfA",27,149038,5918,552,1516,2
"6PjRh55FHG8",24,148958,403,73,40,1
"tqQUSZP7QqY",24,148954,271,104,0,3
"dbvKTBrB7Ko",24,148939,609,98,19,2
"Ib1h2bl6OOo",24,148925,533,71,12,1
"vVM2MwVOKsA",24,148916,0,0,34,2
"9Kbo0GkJsrg",24,148877,590,168,24,1
"Ukd9Nx00C7Y",24,148843,290,150,0,1
"uxucV_iwovA",24,148825,522,75,703,2
"pNAuV8vI5KI",22,148813,1331,218,84,3
"iYH7kpD6ukI",24,148813,792,47,19,1
"YFj69NJJqm8",24,148813,488,64,87,2
"ixEE_1InACQ",24,148704,4648,109,322,2
"r19PApItzEc",24,148690,1565,442,272,2
"VCV-yn3xprk",26,148679,2768,171,1025,2
"nvOtXJc38y8",1,148627,2288,69,67,2
"5KSe7V4-f_0",24,148593,18987,157,3595,3
"pOczrdOfINM",10,148518,6473,199,577,1
"B4FySeq6DIo",25,148461,2542,156,262,3
"9p2d1hEaoMM",24,148460,5223,514,341,2
"TiZMTRi38eA",24,148440,1460,195,188,1
"1AuE4YL-Mt0",24,148418,245,34,3,1
"fzgBeVs7rV8",24,148401,909,136,123,3
"TrHjAb6GOAA",22,148396,283,216,100,2
"t9ErAFXrurQ",24,148353,1577,138,92,4
"eQPGFavDUnw",25,148183,1961,135,253,1
"N1O3Iamw95c",10,148168,1259,439,161,1
"5YIThlVcjbU",10,148141,4366,51,247,2
"2z6wqAFLDXY",25,148046,2467,289,208,1
"IOWQLRdQErY",24,148035,780,110,76,1
"kGTxOIrWOtI",23,148021,10887,353,1245,2
"QaXTOCVe9kM",24,147984,10194,498,643,4
"dbSQCWc0a68",22,147943,991,73,39,2
"c33GwtcloR4",23,147922,6910,291,815,1
"Ih2JqFmxaes",25,147913,1761,155,311,1
"2gREpLR1qVw",24,147912,804,135,111,1
"lOZWTBgELag",24,147784,2272,94,383,4
"QJyoV8wbHRk",23,147664,972,98,166,2
"nrnXxgDMcvE",24,147649,693,102,40,2
"ULzYYFdgzDU",24,147629,819,144,56,1
"nUnuyOjjxrM",24,147563,1974,63,131,1
"WcBaq5flLUc",2,147530,315,119,54,2
"GE2OJso6Cjk",22,147522,0,0,0,2
"cAgbIn9y_pw",10,147492,949,129,100,3
"vxTnUiP-AyU",24,147468,1726,56,254,1
"PUKVqTztMGA",17,147466,1795,118,12,2
"WWFblMW84Kk",25,147297,0,0,308,1
"Tb9F4CqobtU",25,147288,730,170,310,2
"mXIRkr_RYms",24,147238,8307,418,872,3
"pdpI-WxnzLU",23,147235,9758,255,2147,2
"bvNrTJM2MYw",24,147218,1259,124,79,3
"nvDEn1-R0V4",24,147209,3192,274,382,1
"YxAFC-g3mOw",24,147172,542,59,33,1
"M7fgrarJEr8",24,147115,678,70,39,1
"3ogNCPZ9sdU",24,147089,736,148,106,1
"c3sEfMj8vh0",25,147040,2300,357,206,1
"8iACvYngV_Y",24,147039,685,45,66,1
"B98ewETO1BM",24,147038,735,260,293,1
"dhWCKmigvnM",17,147030,2641,129,157,1
"Z1w-DTmPLIc",10,147009,3458,251,460,1
"zK3A5SuTRMs",24,147008,997,102,41,1
"pdw8u4OyLD4",24,146994,582,220,50,1
"wlYEgwwSb4M",24,146992,899,49,54,4
"mYh4LVgEyC4",28,146885,9248,781,84,1
"2JFJtr1pYRc",25,146835,861,118,0,1
"gpqhM1NiKJU",25,146796,269,88,40,2
"PVlMp5pWE9k",24,146747,581,107,107,1
"Pfe9iX_u_mE",22,146741,903,102,1,2
"lmFvBdZ42ZY",24,146707,1709,126,201,3
"wPMG631l8to",24,146660,103,140,42,4
"mMjt3325Dts",24,146660,421,197,0,3
"6dQjQqT33Hs",24,146621,295,53,14,1
"KDJXf_V19R8",22,146618,4269,281,278,3
"drjW1gJM16k",24,146608,576,91,41,3
"KDuRC3EIAhc",23,146596,7479,1133,372,2
"bxUoh5YxY5s",24,146579,4257,128,1687,2
"RKFR0V0d3as",26,146574,3199,282,256,2
"iHqk_D5LUYg",24,146570,370,80,76,2
"qpzQOAmxjKo",10,146543,1358,122,80,2
"XvkVErtEfjM",24,146533,550,109,120,1
"bU2BrJ1rFlo",24,146467,3627,591,397,3
"IrAuNeyMvHk",24,146457,403,259,47,2
"9GN7Bi0jP0E",24,146452,202,52,42,2
"3B_IrdvBmnU",25,146444,0,0,0,1
"Q1e-pw0rfxY",24,146419,1500,340,0,2
"oaO6FovuY1s",24,146367,217,23,9,1
"bSHG6gqHou0",24,146348,426,82,24,1
"GzYRQA-eN5c",23,146348,803,111,150,1
"ow78ktpKcS0",24,146345,653,122,41,2
"gyJsjJ0GXzM",25,146275,1506,188,333,1
"U1rxliXHeG4",10,146259,4021,160,166,3
"bVv2EwB0C24",25,146233,316,46,19,1
"hDsreZkd2LQ",25,146218,1181,149,230,1
"qQo69YciSNQ",24,146218,758,171,69,1
"4xFhdJmaBKQ",25,146169,643,201,270,1
"NfaOuW2qKqo",25,146129,701,92,46,1
"iEcxmlu6Wes",23,146070,2199,137,432,2
"dVs5lz8Bmgg",24,146042,2520,317,192,1
"jjn26SndxBM",24,146006,347,64,91,3
"bufCV2r0T9I",24,145986,515,116,50,1
"touLlrvDlys",24,145896,620,102,568,1
"wPSxk-nSQXo",24,145889,2369,120,115,2
"2OVzWs816uk",17,145883,1668,124,18,1
"XePsctsk0pE",10,145856,4514,79,201,1
"bTf--efVD_s",24,145854,2514,194,617,3
"jeyER-nWq_o",25,145836,3866,151,443,2
"_-a5Wv0b3mY",25,145813,6397,248,990,2
"h55cA7ejqw8",22,145750,708,97,0,3
"uCFJEhle1kI",24,145743,8624,291,2330,1
"abdue_485Ks",24,145725,1144,169,50,2
"vnmiJotqC_k",24,145722,411,77,60,1
"peWRS0vHw2s",1,145718,357,122,54,1
"f1i-70IPwhs",24,145697,118,38,18,2
"HZpsEtvBZiA",24,145655,608,95,43,1
"2YosxI7pU94",24,145614,3678,362,491,3
"ihpeqXL7-ww",24,145585,395,50,20,1
"oYuhTr5MdfE",25,145570,6470,523,1353,1
"RkDQw9MTuuU",25,145569,1485,119,204,2
"A4F9dPBWAU0",25,145490,2078,651,841,2
"GwGLUH3IUdU",25,145452,627,100,34,2
"mxX9MED_6Sw",43,145449,590,54,29,1
"Gu6WmKmeOiY",26,145401,3144,185,1241,2
"lJtVaJLfQMQ",24,145391,2759,155,567,3
"pYRMvXaERV8",24,145359,11298,560,1252,3
"OTyddOpvhh4",24,145297,3112,649,282,1
"07bpHG1gu_8",26,145294,3703,130,1025,2
"dWjUm0D93rg",24,145283,280,210,0,1
"d9ZfKSEZWfc",28,145275,32582,1027,5626,1
"BIwvUnNbPxI",24,145242,386,53,18,2
"lkftvVsC13s",25,145223,2277,44,74,1
"lIOdsfHrwjM",24,145187,613,56,27,1
"wzaO0HeH5mk",24,145160,1887,680,1278,1
"6F2gDr-ADdw",25,145146,318,182,123,1
"P3VpXyW9mcg",23,145142,10898,857,1182,1
"vs7lQxAYmm8",24,145114,560,90,35,1
"gLt3NQ4A_oQ",24,145085,4378,51,615,2
"7hD80zbbw4U",25,145079,1252,311,829,1
"qPTG6GKEbGs",23,145073,2431,86,177,1
"6qdP8ipDbok",24,145056,280,34,12,1
"StqG630CA9U",24,144971,3415,336,443,2
"2a6JAwRIVP8",23,144967,4821,402,399,2
"NmNrwIOrZ-g",24,144963,1106,111,213,2
"7S7xniaFLO8",24,144944,676,84,8,2
"17HRU2Hd8Fo",25,144932,485,39,7,2
"8xDzPFVCUHQ",24,144926,289,65,45,1
"hQ_wXXkoHHs",26,144854,580,230,122,2
"27impJeD7EU",24,144798,515,66,27,1
"0fW7U29G7k4",26,144792,3741,176,969,2
"woFtaHfe6Jo",25,144784,2356,224,339,2
"ESScHVnSEMs",22,144759,1270,241,75,3
"eT6fvvP5obg",23,144651,5873,115,601,2
"pH491OczUGg",24,144628,62,130,127,2
"6uvlWIfoKgs",24,144612,163,749,0,4
"EBALpepxigU",24,144612,363,170,162,2
"WhYLuEHD4uo",25,144609,3622,386,1347,1
"UfrR4lS1eWU",10,144549,945,137,118,1
"bQYdbB6pG_8",17,144486,1362,113,44,3
"e_SV4g7dYBY",24,144467,1055,163,85,1
"GXO2JCMvE0A",24,144426,335,71,57,1
"bMZvsBXf5y4",17,144416,2803,412,285,1
"l5Fr5oMqTtA",24,144377,548,216,77,2
"jtl68nVgKvU",25,144284,732,179,385,1
"ZSuZ6DFThS8",24,144266,177,27,15,1
"j5JYUmsE-nI",25,144263,1239,143,92,1
"yMFZH8xT48Y",24,144260,282,21,16,1
"GsSEHuzEigE",24,144233,899,236,262,2
"8xEQdVEexN8",24,144168,881,76,34,3
"A369GBjkDj0",24,144125,543,50,46,1
"UnmHjCabr58",24,144113,306,108,31,1
"UXHYBshnds0",25,144059,782,129,46,2
"hV6u5Emn2qU",26,144055,2889,195,248,1
"qPfBsPt1qaY",25,144043,2410,355,551,1
"dqajZusetzE",25,144042,782,114,113,2
"IktpQR9sTi8",25,144016,11905,618,2592,3
"912TpdiyJDs",24,144004,513,202,59,1
"42uRF6qqBpw",25,143914,532,157,46,1
"2ZBpgCSL32c",24,143877,1434,212,333,1
"21Z6OM3ZcbE",24,143844,864,133,74,2
"Rif8pd3TZGQ",25,143821,875,122,108,2
"nyZR2dfTnBM",24,143811,526,76,33,1
"XzFklNfsaTs",24,143773,5950,265,570,2
"HrQ7pcE72I0",24,143696,599,77,18,1
"bpwOEjT5yIc",24,143687,1682,105,82,2
"81XVeLw9oto",25,143655,1622,116,133,1
"BbfyPpP4dQA",24,143628,681,146,81,1
"TZ8RRmJzeqo",24,143599,1264,125,206,1
"uKAK4ZDP_LA",24,143596,494,521,286,1
"Nsvl7qfcStg",24,143593,336,30,11,2
"LKQ3EjbYI3M",24,143579,471,151,57,1
"GN4kB3D7aaM",24,143566,514,104,282,2
"fcuAeuiKAfE",22,143529,700,108,90,1
"5MjIk6reuqE",24,143512,1824,515,530,1
"tciUfqiCYOw",10,143503,1367,144,201,2
"nZm19foYg5g",24,143492,4042,35,0,1
"OF2Bnpx9ANc",24,143474,2399,279,501,4
"68-9mWPi4q8",22,143427,2428,343,174,3
"gjZ237CBk0A",25,143426,1321,309,97,3
"VuyEx5Dtd0Y",22,143377,656,126,23,1
"pAZkLzigKqo",25,143373,751,111,68,2
"l9AwBTSuaXg",24,143364,286,45,32,1
"3y2GanzmO-A",25,143333,607,115,47,1
"zKaJpFB4FFM",25,143317,130,190,26,3
"CL8XRwiNCrA",28,143307,6716,476,1358,3
"i84Tfo1fvEs",24,143274,901,129,96,1
"_A-0UgcGJjw",24,143253,1550,130,64,1
"FETzRhcnmTM",24,143250,271,93,11,2
"3N7eYFhTorw",25,143250,2423,116,149,1
"6CDYdcAZbMo",22,143185,621,363,52,1
"_Lg2zUev5fA",22,143158,9537,196,776,3
"tQ6IXgoKP-c",24,143092,224,38,16,1
"1pxZqSCjVTY",24,143006,273,99,30,1
"pomBy7z-14U",25,143005,8033,329,0,2
"6z6Q_nf3-oY",24,142997,2338,136,207,1
"UQjV0ljvhgs",25,142979,0,0,437,2
"a9pVrfZhq7c",24,142969,464,31,12,1
"AGYCYCx3X6I",25,142966,1369,99,118,1
"Ou9KAOwasJ8",27,142931,11574,110,1034,3
"NH03i68cJL4",24,142906,522,141,20,1
"CZaynmcU2tI",24,142901,229,141,0,1
"D5AmhE_bntY",24,142896,712,109,20,1
"fsOJxLSncI0",24,142855,627,83,38,1
"vh8mMEe4nU8",25,142829,427,42,23,2
"JXfMMNYUexE",24,142814,157,58,21,3
"gHitoRnF8mk",24,142807,587,51,36,1
"vcZCU4ETkN8",25,142785,928,149,203,3
"OLqPMbo3g2Y",26,142738,255,107,35,3
"6Bbvl_MjSHY",24,142722,889,73,43,1
"3_iGVWbKygk",24,142701,12420,700,728,2
"2aeaw4beDwI",24,142625,2701,160,120,2
"bMeRLPRpto4",22,142594,272,121,15,1
"rSNdHskPF7M",28,142592,4962,243,874,2
"_UbrYCscYvE",24,142540,287,120,41,1
"UwvKCEv-cok",24,142535,278,70,8,1
"RK5xfFFQsTw",24,142484,475,56,40,2
"yNyt-Anp06I",24,142440,3594,522,532,2
"KfHlDcpbejA",25,142370,347,140,35,2
"TTrsDfabR8I",25,142339,7121,310,904,2
"gW9ZWflopvQ",24,142322,2056,203,145,1
"3Mvx1Ri3WRk",24,142319,514,192,104,2
"vz-U3fjk7zw",25,142304,7006,370,1059,1
"aDl3FL2ML1U",25,142238,8783,463,1702,1
"QeAPObqKVEE",25,142208,1366,314,973,1
"9-T_E30q7-w",24,142123,683,67,18,2
"3kDX5W7vcA8",24,142098,677,61,32,1
"sJ6V4oRgIY8",24,142086,178,36,21,1
"9s7_dnARi6o",10,142075,4919,131,242,2
"p77HBOAtDRk",24,142014,1235,39,37,2
"PY7R22tDvPY",25,141948,459,90,13,2
"TWwrXGh7xQU",23,141904,10506,405,1801,3
"PKcdcZE2nt4",24,141902,893,104,37,1
"rzp5EwyIOHg",24,141900,11753,433,1094,3
"22XLJ9Kpq-k",24,141882,182,64,17,2
"Knlfbyo7Y3Y",24,141880,538,155,22,1
"8bBfxT71WZ4",24,141873,1018,168,307,1
"wQokmC9tiog",28,141810,12231,417,1921,1
"a-MtdKiGkiw",24,141798,250,65,43,1
"rzwTFMuXyno",24,141775,7302,267,754,2
"Z8zKtsEHwAs",24,141767,807,120,73,1
"7zCrBCsRcDc",24,141759,175,46,50,1
"niiDmDFe-qY",25,141746,250,60,67,1
"YZ_V19RWjeI",24,141737,730,55,247,1
"dYRpok9waPY",28,141733,4359,191,1119,1
"2ThBomFqb04",24,141718,745,146,67,1
"xEhjRKpWxW4",25,141716,297,62,32,1
"UpgnYpFkeSo",24,141686,414,51,12,1
"BeUF3kQPk0Q",24,141665,471,31,25,2
"nJG7P0w2G8c",24,141662,526,30,17,1
"D_WM3MYaIb4",10,141637,7552,222,267,1
"YYcruP_3C_k",24,141580,0,0,45,1
"GHsJTwO5LDg",24,141579,606,78,34,1
"WQl7qroFhuI",24,141529,518,218,75,1
"4LTXDxS5t7k",24,141493,10436,93,861,4
"x2W2i6_wcKo",24,141490,263,38,34,1
"t_MoOWvkEeo",24,141470,230,100,11,3
"1NZwhT4hxEc",24,141350,235,65,25,1
"FX0nqYI5IVM",25,141344,235,80,14,3
"1S9Vdt25kZU",24,141330,662,186,81,1
"U-gQlE1jScg",24,141305,6468,284,2185,1
"-3US2jeyGlc",24,141301,515,94,61,2
"X68h1bMCYcY",27,141274,4912,217,2316,3
"D6XxicOdFfo",24,141262,864,80,30,2
"Tcy1s9c92vg",25,141247,1301,111,122,1
"wSbvYp-FJr4",24,141246,473,142,80,2
"3BXzBl86tkk",24,141234,545,122,41,2
"GBSggV22Wrc",27,141195,8515,231,9815,1
"gI5H6fj4UGs",24,141187,5726,132,1999,3
"VtykUGlTI1Q",25,141141,293,118,75,1
"mlhxUOmV1BA",24,141055,348,41,148,3
"Tl9SqlU9FHg",10,140993,3289,34,77,1
"CPEipWZQLno",25,140992,942,355,153,3
"jRx3xOxpHt0",26,140981,2566,253,398,1
"O8em4psuejs",10,140942,5451,103,253,1
"UvzJHCHJhE4",24,140905,421,46,76,1
"4iY0lnKsFgw",24,140879,604,172,31,1
"YZHRR6mPor0",24,140836,681,40,18,2
"NgwhZQN0__w",24,140825,564,97,17,2
"zk9HAy2vlbc",24,140811,791,127,53,2
"C8cobRj6Syw",22,140690,469,94,0,1
"U9WXaO3EMSE",24,140665,3464,116,682,2
"0Y24iBSwxbk",24,140633,2903,172,617,3
"X-zEkE5I324",24,140619,566,71,23,1
"TOSON6Wsn3c",27,140560,1024,236,92,2
"7sxDh798hUE",25,140463,0,0,175,2
"1ok74Kqec7c",25,140296,1137,96,66,1
"dfJLdQbhLSI",24,140258,451,529,0,2
"8VGlpk1u78A",25,140255,196,86,14,4
"gv7LgKn1Sso",24,140242,738,124,50,1
"oGM4XAWbjts",28,140236,7952,543,1844,1
"WEW4DESwnF8",29,140184,0,0,0,4
"zFrllD9D9HM",24,140176,374,754,380,2
"ox9KvGm2ets",25,140175,947,51,43,1
"x5fzJ1z9Q4A",24,140159,1110,99,224,1
"JvkQVbrMk1I",24,140124,2681,80,398,2
"FRkz2o8i8dc",24,140059,5015,382,1565,2
"YOWzONi9Pmw",24,140012,802,56,28,1
"zKM_EqqJOYc",24,139998,373,134,43,1
"P8WmzYerTgM",24,139960,696,97,33,2
"QQRj4aJGAP4",24,139943,1392,244,274,1
"uK2_fTDxRp8",27,139871,5771,370,680,3
"soTkCP4EtPo",24,139855,2991,631,782,2
"GJIordr5A_c",22,139842,1475,140,59,1
"5kpMzcuBoPY",24,139841,2998,103,159,1
"h6eoHI62kp8",25,139794,628,50,18,1
"fi5GZwNq3gA",24,139778,139,58,3,3
"vdOQw9NJJWU",24,139755,965,139,0,1
"aru3rrTjGFo",25,139723,912,55,29,1
"GtYz-CXBlXE",10,139648,615,165,70,2
"xIODir3Rz9s",25,139619,974,525,787,4
"F9GMVjB1zpk",1,139594,690,89,38,2
"B6pbB505afc",22,139589,2806,80,85,2
"7DvwmecTQzQ",24,139558,451,108,55,3
"MLCvSsO-NsI",24,139541,454,35,29,1
"OYu_nWs6GgM",24,139523,1809,296,1583,2
"Pej5BdSL0DU",24,139506,393,79,39,1
"BWHQprSO4rE",25,139503,6616,281,974,2
"tqApAKqv2sY",25,139479,1992,145,280,1
"FQqior414WY",25,139466,1216,340,179,1
"JwdMw5bKQ3o",24,139464,8090,338,757,2
"Sxv6FELNBNA",24,139406,572,228,56,1
"230avfKO_WA",25,139400,728,201,157,2
"kSAx-Kvor1Q",17,139354,1761,121,10,2
"MELqrPblcj0",24,139291,1260,81,102,3
"kO7qz5u_GiY",24,139280,495,237,128,4
"kmWB72k3xlk",25,139253,332,59,25,1
"_NM2KJfy_1w",24,139248,772,63,33,1
"nmKS2r6pXBA",24,139236,689,65,68,2
"WE68gnLTkBo",10,139221,793,217,103,2
"Y25FSaPTAds",24,139215,747,55,31,1
"t9s0nXr-eX0",24,139201,288,28,11,3
"ihBkVnaczds",10,139158,9604,120,489,2
"73kAjUSe59U",24,139075,238,68,12,2
"ckLYIutQ08Y",10,139066,3997,133,365,1
"4mB_UUVd_Uc",24,139051,305,447,0,3
"fQfo2wL6Udo",25,139033,688,58,143,1
"aUCeQdu-lM4",24,139021,779,101,73,3
"OSOgylHlY2g",24,138993,1435,138,75,1
"Sl-EU68P6w4",24,138856,539,60,67,1
"Y66OiQiGH4M",24,138846,1795,38,45,1
"xo3mmfZsjd4",10,138750,948,8,175,1
"cEAR5uSjvgE",25,138690,438,94,288,1
"ETO6cLAEYNA",10,138688,1140,160,125,1
"eWqdSH7d2w8",25,138676,866,226,245,2
"iJx1nU2ju-M",24,138628,7910,161,470,2
"bQcxRmZkKR4",24,138627,491,169,46,1
"C161GcJFlWI",24,138616,1295,136,134,1
"0vfzG8FwasM",25,138565,476,89,139,1
"LkZha3CEXUY",23,138498,2172,112,251,2
"bVOE7cRy0Ok",25,138477,375,85,26,2
"V0iuZAUi7dg",24,138474,826,132,74,1
"Mu-d5hw1qTU",24,138442,1799,98,138,4
"n_ZY_nRjNSg",24,138427,668,257,24,1
"gM7xXnQR0j4",1,138420,2831,407,293,3
"eJvqdWn0O7E",24,138417,1973,45,46,2
"m7ffUcwXDhM",24,138389,1723,112,102,1
"ofiM3nY8Y-0",25,138340,6472,64,703,2
"VsRRl-Aq9Oo",24,138323,939,124,67,1
"IpjcLFm6gVU",25,138318,1021,208,81,2
"zstYPD5v9QU",23,138293,1321,178,341,3
"c10IPupVBAg",24,138280,265,33,20,2
"Zbd2D6Tea4Q",24,138254,426,72,20,1
"VAYLMVsc1C0",24,138252,248,63,22,2
"mkEogmijNaE",24,138091,581,155,35,1
"aVjXsdYNYm4",25,138063,778,98,121,1
"2jfdHA7xM84",23,138030,9228,281,926,4
"oX9X8XY4IcY",24,138012,677,195,73,1
"ZwaGPPSydFw",22,138000,557,109,64,1
"rDYLYr-3c7s",24,137988,241,193,93,1
"DTI4e4qruH8",24,137947,660,165,51,1
"2AF6RfGWMvk",24,137932,837,75,58,2
"VYpaNx5t6J8",24,137896,769,133,64,1
"MhD3RqmvLwo",17,137883,1053,47,1,1
"egkMSQH3quE",24,137851,672,139,0,1
"u2Zqj4Nzs1g",24,137820,1531,106,217,1
"fFrKVcLiNMM",24,137817,1030,109,73,2
"AR0tSpTwfwI",24,137810,375,120,63,2
"amVfDdFhh7c",25,137765,353,253,635,2
"B0WaPJhuHow",26,137762,1190,184,48,2
"5KmHohUUNVM",24,137744,521,76,29,1
"7ANyO-Fsxo0",25,137704,1098,312,392,1
"v-BdPkZmT4s",25,137693,220,48,45,1
"EGT9GKG_BrE",24,137671,799,72,68,2
"C6X1aWNwJU0",22,137652,1006,159,480,2
"qxCDEv0bGCk",23,137609,946,97,377,2
"7FsP-rl3LpY",24,137565,441,57,12,1
"45hzjYVlLrg",25,137558,521,157,84,2
"w-5MF5CiWqo",24,137544,723,135,49,3
"JyJ_6LcZMGM",25,137466,729,149,0,1
"0Alqy3VXLek",24,137465,301,60,11,1
"TM-08A97UCM",25,137423,145,56,195,1
"Parq-0FJVFw",25,137421,1100,284,901,1
"PmUYvqy6yGU",24,137408,188,29,3,3
"Rw7oqsdExV8",25,137353,595,87,30,1
"uqKvv9b06Zc",24,137245,1581,71,70,2
"rGWg_83dGak",24,137243,457,159,28,1
"B0L9spCX3-U",24,137238,540,124,100,2
"FiFiyM3MHfo",24,137215,652,120,55,1
"H7G4K3GW4h8",24,137153,252,313,36,1
"Yxv6GJElUi4",28,137123,5016,219,995,1
"W05f4Wx7FB8",24,137121,238,177,197,1
"StEIapEm-R0",25,137096,253,143,146,1
"v8vzErOjA7o",1,137078,591,34,49,2
"nwK2VdWdEww",24,137002,1153,86,61,1
"5e8KqMbnSK4",25,136975,643,54,12,1
"UhTRGk57rPc",24,136952,586,171,52,1
"LSDZFdEyS88",28,136921,13328,616,2318,1
"iyr9G-5kLKI",22,136909,688,31,152,1
"rodoPgWosQ0",27,136897,2492,211,1116,2
"1RgVWW-ujME",25,136819,1296,906,691,3
"EyDf_O407VA",23,136753,5953,107,337,2
"XWLGC4jnJrU",24,136689,622,40,13,1
"MlEQZ0qY7vk",24,136667,3393,201,271,3
"QYQDjcIm9ug",25,136574,660,68,26,1
"iPC6WrzZYXk",24,136570,9487,287,886,1
"aTEuYwUiCLQ",25,136460,1565,68,56,2
"2zqRhlqeqQU",10,136444,1296,40,23,1
"nqm_R2Ho06A",27,136395,711,197,187,4
"erIMY5SSb5Q",26,136380,1359,128,58,2
"YBoc7sPWAKc",28,136367,11833,398,2145,2
"MdEQrsopMIk",24,136364,234,72,16,1
"iSD4ZX3PVSs",24,136338,209,71,0,3
"DF5dAeJepTI",25,136338,327,137,59,2
"gAF2UTDCl_o",25,136320,1512,103,57,1
"yjsMSBEKAhQ",24,136302,468,66,44,2
"2WsjCedYzdg",24,136288,489,138,32,3
"QNH78SSifL8",26,136249,3087,157,1207,1
"SUpPJYfAUYA",24,136234,270,61,83,1
"ueB5Kahh8a8",2,136203,7863,71,1278,1
"9eHBEiSTM9s",22,136148,766,91,40,2
"prUUWx7ACD8",24,136123,1085,62,49,1
"GBVJbKSNlQQ",22,136107,37,12,5,1
"gywC5t9JxSA",24,136072,1314,721,2325,2
"qcRCZchv9o0",22,136041,486,57,19,1
"BDWKy3F9og4",24,136033,1072,29,13,1
"b3CU5rI7Na4",25,136018,3021,423,324,1
"nWsSxG7bPcM",25,136012,141,59,22,1
"vfqlRQiDm1M",24,136007,1090,72,38,1
"M7mk3tVS6ow",25,135990,2145,107,226,2
"ps_B1SHPUYY",24,135971,479,80,25,2
"cNYwnlcjnDU",1,135872,3069,214,292,1
"J9m5onmrzMw",23,135871,1116,137,51,1
"Wkf61IKHHKU",24,135862,161,90,24,2
"tyDX5z3xAEI",24,135848,649,151,102,2
"q8C6T6cqXiE",25,135799,1443,213,285,1
"56wsoqusHww",27,135786,9049,132,1859,3
"eB7nBHeBQxk",24,135746,983,96,110,1
"7tQSnpWJGlY",25,135745,1610,166,131,3
"lsCR6OY8U7k",25,135731,6405,273,877,2
"s5n7RQZA_M0",1,135661,123,38,5,3
"tc2dyTIMOOM",24,135652,14571,314,1206,3
"0um0fXcBPNY",25,135639,0,0,0,2
"IoW3IyPiVLc",24,135636,497,24,21,2
"oReFciYXgiM",25,135586,8616,285,1015,1
"LeCu4Unk9Ho",24,135526,421,148,72,1
"mD2vUNLVd1o",24,135510,468,69,40,1
"aEv4K2Hu3rU",24,135507,1111,120,53,1
"dw0_fba0zwg",24,135503,532,30,68,1
"q-iDX07jK60",24,135489,131,86,39,4
"62-VUSiissc",25,135469,0,0,72,1
"vQ3P8Af4WnI",24,135455,1841,418,215,1
"mvfD6ay0x0o",25,135423,250,238,169,2
"7h5MlTPG3YM",24,135419,513,103,18,2
"E0hGXvMYlDs",22,135368,221,60,10,3
"qHGGUDZKrFY",26,135368,1105,115,83,3
"r7FtF1NGGWw",25,135359,1163,113,307,2
"EvPg-MF75vc",24,135341,973,48,46,1
"qKRdQF-YDR0",1,135294,868,98,56,2
"YVuW2TwWnW4",25,135229,217,40,35,2
"yCrAEJyxJkc",22,135219,8452,101,609,2
"L1EUQxDOWdY",22,135209,818,58,18,1
"ppgcL81Glr0",1,135172,11466,916,1407,3
"9OqfcVPYMsw",25,135133,1337,100,171,2
"4G2mbavqdZE",25,135123,1467,149,94,1
"9CCaDaKeGUc",25,135116,6576,320,1045,1
"BfDC0Yb1Cs4",22,135055,1130,202,128,2
"DFWMPRoa6nk",22,135052,266,88,38,1
"tca7XtW8S1o",22,135049,4218,445,761,3
"5-83Id3AGI8",24,135004,620,60,41,1
"7VHjXlnRrKI",26,134944,8019,341,1642,1
"__XgHijSqW8",24,134940,11796,349,1909,2
"O8TdtAhzyJo",25,134935,644,248,94,2
"KxaeCQ9g7D0",24,134914,757,87,74,2
"2NfFAQa6bh0",24,134871,262,115,71,2
"D5jtldAD818",24,134848,564,48,30,1
"Bp_1gYY5qLI",1,134822,3084,183,777,2
"dWdGwnXvBkM",24,134782,3505,42,86,1
"sr49lAydbJc",24,134782,574,237,457,1
"hzKXucCOHIk",24,134746,602,167,71,3
"WKfMdpt0brE",25,134734,749,109,112,2
"SkoVHIQXtog",24,134687,7279,605,681,3
"wc81f_X9pec",23,134628,4111,165,380,3
"o5bIt-UxYAM",22,134626,385,130,16,1
"aqC77foBQVI",24,134619,327,40,111,1
"AFDZ3rOBAuA",24,134618,4053,138,191,1
"VndDciL_yog",24,134603,667,112,262,1
"2mahuMGbeFE",23,134556,1505,206,126,2
"UzdVRy2sbuQ",25,134553,967,208,0,1
"L0fNL2f9bds",24,134522,243,83,16,2
"DkRtaq-0bCQ",24,134494,4667,142,263,1
"LycX_JyEyi4",24,134494,442,118,201,1
"F4byPDP1Ln0",24,134453,3700,503,238,2
"kbAuQ-vxUdw",17,134443,1414,94,13,2
"SgmslBN7Cb8",25,134426,730,114,358,2
"zJdh4CdpJGQ",25,134383,377,143,60,1
"qh3lrVdQXE8",24,134363,387,99,41,3
"eXv0OdgvBxw",24,134349,159,43,15,2
"aFxpJyNXfJ0",25,134334,417,60,62,2
"O-RaKlcFhYI",25,134317,1920,301,284,1
"CgE5AfW-dhQ",22,134280,966,68,125,1
"ILk7MJO7p8s",24,134274,607,101,76,1
"XKh8R_FHqwo",24,134208,368,30,9,1
"3_FX8pUHAtM",24,134158,434,63,26,1
"ZUNnWL8bJFg",26,134079,3266,145,970,1
"-9wihEcbZt8",23,134068,1330,142,304,1
"uIxqGfj5ICo",26,134037,2627,152,991,1
"9YlO4wLatBM",24,133973,1213,161,77,2
"M3J3o5HnTrs",23,133963,8823,486,2928,3
"EAETEfJEbFA",24,133946,148,27,5,1
"vXffhXqsgSg",24,133920,1230,100,101,3
"y64tqQxiyZc",25,133918,369,74,15,1
"B4s0xeuNRLw",23,133903,5043,348,358,2
"c4YoheHnYw8",22,133885,1487,303,112,4
"JPm2JkFkCrA",27,133864,7312,358,772,2
"IckYUrPK-cE",24,133851,1013,101,65,1
"d0KbrvzNY6s",23,133825,7048,530,700,1
"FSseUJDcAiA",25,133802,1164,262,946,2
"d35z9CYss7I",25,133777,505,151,9,1
"egyLizimLfM",24,133750,1351,118,105,1
"KqocLS_lOaE",25,133730,703,46,54,3
"rHgsk294Ovo",24,133722,533,121,84,1
"Fzpa53910zQ",28,133720,8417,384,2723,1
"lEUj2r5UZTg",1,133697,5093,176,298,3
"sM7TWy8YebY",24,133643,1122,133,209,3
"lO_V75QjC5U",24,133584,3008,252,347,1
"2HB-W2hpQWM",24,133570,500,146,130,1
"1uFL9rv9JTE",25,133560,734,150,106,2
"Sr1hMLiEBFk",25,133543,2334,676,372,1
"h_NGhwffiiE",25,133539,409,37,5,4
"bFcHu8jCBRw",24,133517,637,73,206,3
"X9y6nJDchMM",25,133512,1062,140,179,4
"szhw_kZuLHo",24,133511,8072,384,939,3
"dBJ2qjOtbgU",28,133472,8425,372,1627,2
"bjCsv0lXe-w",25,133459,231,82,105,2
"iZxg4Y60zpY",22,133441,564,150,21,1
"7SrSu2egBD0",24,133441,11969,470,972,3
"-0N9r10xb_0",26,133438,1381,208,39,2
"Ev4G5zKmDkw",25,133384,528,74,194,2
"2YiT8aVqHLI",25,133354,260,54,28,2
"fYphTLCAXD8",22,133305,439,89,32,4
"idxpnXq6ZJ4",25,133294,414,70,47,2
"9Tl4AnQCNcU",24,133259,673,231,147,1
"WPe0RiUXJNI",24,133241,698,28,32,2
"t-YC5lLNshg",24,133187,228,76,30,1
"XzCbeoBLt1c",24,133153,2047,131,109,2
"iplK5jUxc9M",24,133136,680,112,111,1
"Ep_IUvyJIk8",25,133134,595,93,26,1
"Z9eegMRl2Gw",24,133125,516,27,77,2
"SShRUGKhVAw",10,133110,710,140,89,2
"jcZ1a2Ri2Vc",22,133086,597,240,0,3
"BQjAgyvfzt4",24,133078,469,39,35,1
"92bnY5eMvgA",24,133024,309,64,24,2
"X39-rNyMSx8",24,132991,227,25,21,1
"N4x0xMBQF1Q",22,132987,178,77,47,1
"Ego0VrMUfhk",24,132986,140,97,12,2
"dHCP0dhjEq8",22,132984,1291,139,125,1
"c5pduXAszD4",25,132972,2529,175,324,1
"u2yGjSib0W4",25,132960,531,106,40,1
"mL2La5UZYG0",24,132869,763,102,65,1
"5aqv-qReRnI",24,132826,668,132,68,1
"BLP-e2h1-MU",24,132824,669,140,63,1
"y6YY8-k9Cwg",27,132731,8309,120,837,2
"LH9uikrR-sw",25,132682,699,100,130,1
"1lwI9JJh84Y",24,132650,1121,71,152,2
"MAu7TD7rf54",24,132604,942,113,125,1
"_EGxDujtQyQ",26,132537,612,112,64,2
"MUjH1J2_9wo",24,132482,7045,276,1076,3
"U5TDUPUrmqQ",24,132471,853,117,65,1
"vkf8E-r1MT4",24,132466,889,130,102,2
"ElSivjKzntY",24,132454,208,92,70,2
"WYV4afdFEvs",26,132447,799,116,126,2
"JckvAcLwp3k",24,132425,204,242,49,1
"NT_6PZH6ZCE",25,132401,1076,291,13,1
"FWtr--mZ8Ao",24,132350,382,81,36,2
"CD52PSexCO8",24,132334,2810,2004,1357,1
"_CX2mBETlCE",24,132277,520,39,12,1
"DDKbzFE9M8M",23,132267,9471,559,1847,3
"6L89kjZ3B20",25,132261,2144,152,465,3
"YrTEQedTFtY",24,132247,205,37,16,1
"cdGtdMDMPgc",25,132181,1047,107,91,2
"c77CYt2Vx-U",25,132156,787,384,158,1
"RRZUsYuhnL0",24,132130,3506,114,1200,2
"jmlqmoyVdiA",22,132126,925,83,61,1
"yCek228myCw",25,132121,663,99,64,2
"7wU0NCWwoYg",25,132068,1024,242,463,1
"K10YIAokjvE",23,132055,11169,392,2107,2
"dS7-fF8SmvI",22,132050,1075,161,49,2
"B83FMAqwF6c",25,132043,1020,52,63,1
"gYlu8bCEOuI",25,131975,5889,509,1291,3
"i12UucJp5LY",24,131909,1926,82,221,2
"21nZrXuCWZ4",24,131869,432,32,15,2
"l4NBaD8-sEc",25,131791,942,127,48,2
"PZFDEDCyph4",17,131781,1877,227,194,4
"MHGWt4_zdPE",27,131768,896,184,96,3
"C0UHXrLUFd0",25,131766,446,191,357,1
"KcjPPvSiMRw",24,131728,4773,735,401,2
"UtVHwI7MtLY",24,131723,5268,2699,1395,2
"7hMiEi3txEg",24,131720,575,82,20,3
"hl_8dKBUIHY",24,131694,330,149,94,3
"CpiuA0Lj5zk",24,131686,394,163,77,2
"DPuHLjnQtcU",24,131658,457,111,93,1
"ZOBGvQu7ilY",24,131626,481,73,46,1
"iNb6xRWKPHk",25,131625,289,73,43,2
"OQvuHMWqCEE",27,131603,3865,213,257,3
"MEO6eSEqDfI",24,131594,859,153,78,2
"ck6YVewUxro",24,131579,634,36,19,1
"ol-0h4Ok0qU",25,131553,1316,127,144,1
"qVLLNkCkgiw",24,131549,183,15,8,1
"Iv-qfNzO6qQ",26,131544,2994,196,961,1
"jM04TFf4yU4",24,131509,5020,371,582,2
"Q8nWn3gEfwY",10,131496,4185,180,258,1
"miA6I_YcydE",25,131466,7914,378,1278,1
"5rtjAxZIYKg",24,131366,1561,64,121,1
"pfbHnb27bNM",24,131356,293,63,91,1
"dSCH11i3pqc",24,131348,918,148,146,1
"c2XjkPsf8lw",25,131290,1369,268,310,3
"pPKH-OdtDzw",25,131288,1008,73,272,1
"GAwom__ct0Q",25,131195,2302,274,1584,1
"B2ZmmuP7NjI",24,131184,485,155,148,1
"ulTGtpkvwv8",24,131156,503,102,63,2
"tj_drWviN0I",24,131146,367,46,52,3
"s7XkKHDDTmY",24,131088,6925,262,1135,1
"irXTPzJThKo",24,131068,5791,844,827,2
"iGmn3jJwRX4",24,131038,577,93,38,3
"kDigJNefOiI",24,131024,526,62,13,1
"pU9FJQgGP-w",24,131001,274,18,6,1
"TyBsGdVeMiM",25,130989,1331,251,177,1
"cUDMjspWgkI",24,130979,723,94,47,2
"y5Bn0fC2WiU",24,130953,1237,215,181,1
"E8TaRdgk5RA",24,130924,217,131,0,1
"aWyFa4dT-dg",1,130912,2458,214,530,3
"hyqMRqBzu5Q",24,130736,183,93,8,1
"J270tdnrVWA",25,130735,0,0,140,1
"EiA-8AECCo8",25,130734,353,25,6,2
"2njhBV0Z30E",28,130695,16224,252,10124,1
"ZrEP2EuSufc",25,130663,433,63,96,2
"tiGJH3WzfGg",24,130602,324,51,16,1
"DETZe3pXUOo",28,130596,9014,416,991,1
"FSWuq_jgvmA",24,130579,224,57,21,1
"RMbqk72Y18s",24,130547,3273,380,397,1
"SPake6Oa1CE",22,130498,678,87,50,1
"P-sUQhpe3gU",25,130422,2519,312,590,2
"TehG5PXhuBg",24,130352,505,112,14,2
"x7sde6Uoe7g",27,130344,3785,1045,988,3
"Ou3fOgt8F2c",24,130341,1075,171,58,1
"dFZIzItyGcw",24,130337,1899,166,171,2
"e1MlxPXzzWU",24,130321,242,76,74,1
"cCTH_rP1Jj8",24,130303,4047,182,471,4
"TFz8d1hGl2c",26,130293,805,127,11,2
"nN9DRpMcN7I",26,130286,1939,537,966,1
"h7AE3L5lg9o",24,130274,229,111,57,2
"ZYNQGQDp954",25,130268,0,0,113,1
"qxqDNP1bDEw",24,130263,698,115,65,2
"W9h0cpXajlk",25,130259,569,66,0,2
"nC2HKBWBtDI",24,130246,550,78,20,1
"cm7VF6ULskQ",22,130224,903,39,33,2
"GYe5tkWlrhE",24,130213,415,41,12,2
"4jAWeTZ9eJ8",24,130210,1974,26,62,3
"xaQfTINsKGc",24,130173,999,89,177,2
"PPe49c809-g",25,130125,440,45,0,1
"sSNuKvFlz5E",24,130117,194,70,26,2
"KhF7hSHw4nk",25,130026,656,86,36,1
"3Zsk4fmmWIs",25,129999,404,151,232,2
"qSc3qu_LoZE",24,129957,1107,138,65,1
"qLSbEP1PEGA",22,129954,901,144,23,4
"JojsASBQ5h8",24,129942,977,48,27,4
"BvzkJCL_uVM",24,129882,242,339,95,4
"WT4pJuOSzgQ",24,129866,916,100,58,1
"lCrefZXly4w",25,129841,1484,116,153,1
"ida4EKbeeQ0",25,129831,601,238,287,1
"K4X0Sj0_djg",24,129827,410,49,22,1
"yUAj7pQCwyE",24,129800,2466,572,576,2
"C1bYmMUvElI",24,129778,636,135,212,1
"ukQTbcR_vBE",24,129752,657,137,19,3
"sarCtt5FFVg",22,129733,2054,186,427,2
"WX5NqD9hRWQ",24,129650,487,88,12,1
"e5gYnowMrBs",10,129557,642,167,88,2
"hLrk8wA9QOU",24,129550,602,65,49,1
"BAxHzUq3QQQ",25,129522,1095,192,280,1
"srsvEt9LKeY",24,129476,684,115,57,1
"hmMXPnkw_UQ",24,129393,682,136,67,1
"9uA1K989wco",24,129370,718,103,88,2
"3huX34dtXO4",24,129319,3501,69,208,1
"Cq1p4rObZ-M",24,129316,224,64,0,3
"Cafd7OEOp90",22,129294,9121,418,988,1
"VDHIhTXMh-Y",24,129231,2260,179,63,1
"BpKAC1Am_l4",25,129227,5807,309,885,1
"_ICvqEuI7P4",24,129201,465,383,378,3
"ArT2yEjHDqc",28,129163,8118,328,1648,1
"09XlaCSHAlE",24,129120,835,169,72,1
"18XbqYqJ7is",24,129072,86,206,0,2
"I3vs7gU1-Po",25,129011,770,89,60,1
"NlbnDN6NVAU",25,128984,727,103,89,3
"xlY0tV0geAc",24,128900,476,57,35,3
"EpgpSJDW4dI",25,128871,5240,521,1076,2
"qP67alYxSiU",26,128851,0,0,0,1
"L5SJfnmnQrM",25,128836,305,76,42,1
"YQL_jdWnRQg",24,128836,511,106,78,1
"uRUL4W8siNU",24,128775,10063,359,1033,2
"u-CDjV9MPQw",24,128769,1238,49,45,3
"KuT5K7WDY5M",24,128758,220,121,46,3
"AkKNslyANh8",27,128745,10881,168,875,1
"5xe4OD8Ej-Q",24,128721,273,47,17,1
"ROs1bSmKHP4",25,128680,940,320,419,1
"BDhnNitUSs4",25,128673,1713,205,27,2
"a35t9-bNbnA",43,128602,432,75,49,1
"jnSWLVshJ0g",24,128547,7153,177,952,2
"zlSkwzITbjQ",24,128533,277,195,38,2
"_BPNKTZoiHQ",25,128527,972,263,338,2
"Skf30tzwCic",23,128525,10578,249,2246,3
"UinDgtI-fSg",24,128504,603,85,58,1
"rE_GOkeI3Gs",28,128504,7809,410,1983,1
"BcyfkH5icE8",24,128459,625,90,49,1
"opdlXCKVsZg",24,128448,299,82,65,1
"SaWfkrDrC_w",25,128426,1464,48,118,1
"carGXNbdhsA",24,128382,421,29,11,1
"q7mW4qiuiho",24,128375,352,71,31,2
"XRozy9yD40k",24,128368,8602,351,1224,4
"ZdIyv9l15jg",25,128333,0,0,269,2
"1nAbnJxmB8g",24,128304,3035,237,69,1
"HrA_vt-K8no",10,128272,2410,71,173,1
"QpBePVcucdc",25,128263,480,67,26,2
"nDaIrQwsqkE",24,128261,422,55,23,1
"4bt1o27n_0Q",17,128229,1400,92,7,4
"jKuEzamB45U",24,128219,1642,311,166,2
"Uphs05NJEaY",25,128213,0,0,62,3
"IbJYmFQecM4",24,128210,157,177,49,3
"wdRtTLIkue4",27,128118,1254,185,168,2
"GYVgibzhsX0",24,128108,416,83,24,2
"C7w4rCMf99I",28,128086,13622,544,2693,1
"7871Mnrx50I",24,128086,11055,169,572,3
"Wrj0vhnoiyc",24,128072,213,68,18,2
"SKKetAq0r7A",24,128054,631,100,49,1
"3IIEFSWtqkI",25,128048,442,85,108,1
"VI6ETIai_LI",24,128030,294,107,62,2
"8aSBVOP1n5Y",24,127995,3173,128,192,3
"-0qWaHPYLRc",24,127976,217,179,77,1
"n3JYWwFaCec",24,127919,88,376,50,2
"aFNFe26LKdE",24,127916,1642,65,55,1
"8odAjeMm_MU",24,127913,217,129,29,1
"EH37AshICbY",25,127897,322,70,33,1
"ppdSlKoIda8",25,127889,5714,571,1427,1
"N9QNSFEX7i8",22,127883,99,118,21,3
"Ykp4eb17AKQ",24,127864,1718,174,237,1
"7Bp0NBcPg4Q",24,127859,226,58,22,1
"LQhLlO79PuE",28,127847,13925,603,1845,1
"krsb3i8WK24",24,127811,1142,141,146,2
"bxb_ip0ChQo",23,127805,4207,550,324,1
"xLTyB3tMOm0",17,127803,1913,145,8,1
"DsaC-UOq6BY",24,127786,2567,1745,863,1
"QnRlDHcUhHU",25,127689,1234,325,229,1
"9S81CKc7DVM",24,127668,1163,390,489,1
"kp8zuVBX03s",24,127651,170,81,105,2
"LZOgyxzYZSE",24,127605,850,85,477,1
"sOQrqEr5di4",23,127584,9672,171,1019,2
"8vXpEMxVbJ8",22,127563,519,156,109,2
"uuWJIsTZzPk",24,127496,736,123,54,1
"8ifGXwZDdRE",22,127491,0,0,0,2
"yntfSNJGFQQ",24,127488,2450,147,326,1
"YAponR3fkCM",22,127457,615,185,201,1
"HzjbruqN3zM",24,127453,450,20,13,1
"Dxg-ELOg-L4",24,127421,208,25,24,2
"2lydt-Vj77s",24,127395,1394,79,82,1
"MRNHC9t7C0c",24,127387,225,65,8,2
"nNhclTpN_w0",24,127334,2845,109,264,2
"hRY8yZnBsjo",25,127308,0,0,118,2
"Ts5zHCedvmE",24,127246,279,26,41,1
"otUm63EndZ4",25,127231,1845,376,0,1
"ygPt_uW8JEY",25,127187,783,90,104,3
"C5sdHBLGv7g",24,127077,1438,189,148,3
"I-NccHHiWU4",24,127033,215,106,0,2
"naZagmCIVDQ",24,127016,1735,376,177,2
"pTDCLgxZDak",25,126994,913,118,140,1
"WCbfcSnmOn8",24,126977,93,343,45,3
"4NgNE0qL_qI",24,126938,1135,95,63,2
"5Qtfy0_aoqk",25,126911,1079,50,45,1
"Dc8KGH-iRu0",24,126838,697,98,96,1
"WKQGOWn0tJE",28,126830,5553,241,1021,1
"Mel7yaTe-I8",23,126815,3808,150,517,3
"21xczOZ1sVA",23,126770,10071,206,1161,2
"5CXIRnmE0ts",24,126748,828,46,21,1
"lNagm-LM3Gc",24,126610,1098,108,93,1
"xWoL9ta1uMs",24,126589,392,21,11,2
"PCgi_qJhzJQ",24,126549,143,22,14,1
"sxzO-gyd4Po",23,126515,7508,173,749,3
"5YVoiSpnXJU",25,126514,509,98,18,1
"d412OFi8QfE",24,126496,86,38,10,1
"3XxuJy4cKho",24,126460,441,26,12,2
"q_BM01qGoKg",24,126451,91,113,25,1
"12hMTCdfLvg",24,126422,2802,60,372,3
"fDyK4NLerc8",24,126404,978,104,56,3
"7Ubu9CCltCw",24,126402,1274,290,247,1
"_1lvresagmQ",25,126373,1169,108,234,1
"6ynnEXV3Yk8",24,126350,6294,206,629,3
"_Pvu7Ayiiyg",24,126349,846,152,53,2
"I-Yv3eH2uqA",24,126268,1990,94,59,1
"KQzDNFRr4WQ",24,126198,240,37,11,1
"46QJXZJvC-w",24,126186,338,46,11,1
"HcH4eGENcQk",23,126169,6186,196,471,2
"bJ_xQmmdtHM",24,126119,869,106,32,3
"rc4i_eVYLcw",24,126060,1397,55,48,2
"OgiU2qo85q4",25,126039,829,123,90,1
"MXGNBurVnb0",24,126021,1089,91,162,3
"UTGhaSdMCD8",23,126009,1408,46,14,1
"QiPNdKMMECc",22,126005,625,116,33,2
"UTibsHioBeM",24,125977,1242,124,152,1
"g8GfyGqCXtM",25,125972,951,61,131,2
"1CnnvP6vo50",24,125972,467,308,136,1
"VXtVbYAodWA",25,125958,0,0,93,2
"4ITuWQiP7Ik",24,125924,343,197,72,2
"eWvOxDGLx2s",24,125834,394,69,14,1
"tOkX7_Ny0fk",28,125824,14548,1470,11312,1
"tFUitlgTmxg",24,125822,11188,329,1206,1
"OCloOMW26pQ",25,125822,339,253,90,1
"CNJGJ2GOs4g",24,125788,3870,367,338,1
"rel8mTmHJgE",24,125781,556,80,21,2
"TvISBlb0MOA",24,125707,2189,67,175,2
"wtcfnleAiUE",24,125617,635,41,38,1
"UUoG3HuDG8s",25,125591,746,58,70,1
"F8JS20Lq3rs",24,125568,385,46,17,1
"OD5sw4P8tvc",24,125567,327,141,44,2
"c0xGHKArDm4",23,125563,905,113,186,2
"YZ2HdmBCwG4",22,125554,649,113,50,3
"hp2Q7S1u9oQ",24,125528,16939,261,830,2
"QTyKibeDKGs",24,125506,623,92,19,1
"zqDdVegzew0",24,125355,1898,225,255,1
"uK_DNlwaxvQ",25,125350,3740,231,1027,2
"aDAFHcdLqBE",25,125344,0,0,14,1
"lPSd9gkcjgQ",24,125342,441,67,377,3
"UrBli_f__4k",10,125336,964,151,68,1
"z8ZKREfhFw8",24,125298,380,183,77,1
"4yL3mUsHy80",24,125277,588,108,29,1
"PRkFWaUVAZE",24,125106,4149,531,532,1
"TCXSqzLX_80",25,125028,589,66,36,2
"ynNdF2L8rp4",25,124967,590,91,37,1
"ddc20z186pc",24,124946,587,97,63,1
"noaGgfTFJNQ",24,124943,160,206,52,2
"mVpu6cuMt14",23,124933,6280,276,301,2
"FsJD4F3TXGU",25,124926,397,1232,0,1
"d0bgKORdZWE",24,124888,212,46,16,1
"4rh9AfP073o",24,124845,233,34,17,1
"NtxavjjCpcE",24,124841,995,92,104,2
"zsWAkGgtd70",25,124834,886,171,215,2
"sJviEwS-D9M",24,124820,1927,127,165,1
"t9eBucK28nE",25,124800,2026,166,325,1
"udinp8kA1sI",25,124772,3988,310,622,1
"6cjU2dGuFjM",24,124756,595,144,30,1
"kPTKhab4mfA",24,124718,583,81,95,2
"etG3Mu-QGpM",10,124699,1082,171,165,1
"hGoQCQCLnxk",2,124699,3357,480,560,1
"2K_ntWpBlFA",25,124694,1483,290,404,1
"EkfWXfbzS8k",10,124662,2679,97,59,2
"cbu2KkbEwAU",24,124642,1136,327,140,1
"joxJBM4FCQ8",24,124630,246,65,14,1
"ZyVJGL3fIWY",26,124616,2435,121,532,1
"r6Y91UxWXm8",24,124599,303,124,76,3
"tAo9dPbCWYQ",23,124589,8398,952,776,1
"8sUK-euZUCU",25,124578,7772,431,1220,1
"0iDl4EZR3s0",25,124474,716,100,46,1
"cEL32Ai4RHI",28,124450,15461,451,2439,2
"PxX9iqZWDFw",25,124443,284,85,20,2
"ZstXB3mR3WU",20,124440,14956,600,764,1
"g0o3zHpbewc",23,124320,12690,297,1001,2
"R_dq3gjymLg",24,124309,3152,248,271,2
"PEdrDKS1JTA",10,124283,572,140,41,3
"yvbteb4BDYY",23,124280,9534,283,1196,3
"ovieh5hTzz0",17,124247,1047,46,8,1
"x2KNCpVi-5A",22,124225,0,0,0,2
"JRolVtynz8g",24,124155,252,73,30,2
"vLO5lMmv3w4",28,124147,13817,2795,5984,1
"KiSi-R97s4Q",25,124116,858,186,196,1
"FrZreXB21YM",24,124100,2608,147,366,3
"V5DVf4-OxsU",24,124041,375,36,9,1
"so5PjHzmNt4",1,123994,2945,86,128,3
"p6uzympDopg",23,123973,1695,238,248,1
"rzgkByTGPDk",24,123941,152,56,293,1
"-90fWzjVM7w",28,123931,778,101,201,2
"NNIBAySfJQ8",24,123923,321,32,29,1
"4kc7e_yHEUk",22,123904,199,82,17,1
"-2qGKp-Jp8c",1,123883,2412,49,104,3
"mw15q8N0OLY",26,123860,3123,142,1186,2
"ZBSE-kS_PUM",24,123816,300,108,67,2
"tYIklp_LdtU",25,123792,5984,260,718,1
"hi0wV9nt4Mc",24,123779,166,86,11,4
"2DtP3UTJfmo",25,123762,637,56,32,5
"sXu4KD_8JEk",24,123727,179,25,30,1
"vLlZG8_vr6Q",24,123720,930,87,61,1
"iyHi5tt-ne0",24,123715,95,65,29,1
"ImF8A_65p5g",25,123692,7609,326,1275,1
"aeBee8Ay6ls",24,123689,354,158,60,1
"GQQ5__5iUOk",25,123677,587,208,83,1
"ubsFnv8dvKU",25,123668,1313,65,120,3
"wRMfGqG_EjU",24,123653,507,55,11,1
"IR64TfSwA1k",24,123644,425,63,59,1
"ODlXb_UH58Y",22,123601,266,169,71,1
"96iGroJKEAQ",24,123578,795,92,38,1
"6VToP-OGi_Y",24,123569,911,105,61,1
"ulucaNBq-Ok",25,123529,6782,345,1250,1
"LlKY7cm-VnQ",25,123521,229,60,34,3
"H62xAKds9_g",25,123472,3749,73,563,2
"ulRruSKlVFQ",25,123471,2029,182,400,1
"E4ula1jfaiM",24,123441,1307,275,103,2
"C2vu37WFXwk",23,123423,1193,389,353,3
"aWltBbwKuYk",24,123395,553,84,40,1
"GdwPd8JLRCA",25,123292,961,232,431,1
"hN9d--TqA9c",24,123270,178,104,16,2
"MY6CUF8PGFc",24,123264,924,129,175,1
"6tNfR9wukjE",24,123226,625,535,164,1
"tDnLuhFCofU",27,123176,1650,228,140,1
"_JqzCrRzgjY",24,123156,1022,56,209,3
"DGy5yXx4svc",24,123154,1561,265,463,1
"4m3q3t-Xurk",28,123139,22947,448,2436,1
"8Y4FMGLdVQs",24,123138,433,42,290,1
"DMWeyIdhScg",25,123049,2066,175,404,1
"fv4zL8XpTus",25,123045,1253,117,175,1
"9VJ46xvxlhE",25,122989,735,132,126,1
"8vMYERpXP8c",26,122933,2781,130,712,1
"Pq0I0v4U9yo",25,122832,368,39,18,2
"XeYzE5l5CHU",25,122779,2961,675,1426,3
"0msbD6v6INM",24,122768,440,41,11,1
"Lbly-z-klMw",25,122721,489,110,27,2
"HuRYYJdXHXo",24,122701,984,191,56,1
"jkgIIL-6RU0",25,122626,448,66,31,3
"hOgBvYyuVKs",24,122561,436,75,26,3
"i1v3aBSSdL4",25,122532,1832,320,208,2
"xHLPSa78o74",25,122521,825,123,160,3
"vAg-Wx_6Km4",1,122504,2162,205,254,2
"9x2mzuVNuVI",10,122488,2510,115,99,1
"3FbkGQF31i8",10,122441,2020,49,118,1
"ffb6G1ZsgXs",1,122398,2244,162,185,3
"OXv8rT6Ir0c",24,122381,9782,233,4618,2
"DcEVHlpb3P4",24,122377,437,53,15,1
"jLggee_GYTA",17,122340,1632,88,17,1
"nMxru9YZbuM",24,122340,248,74,0,1
"x_i9vZb5MrI",24,122324,1049,115,112,1
"QdsNrzO2Bng",24,122312,13443,251,1280,2
"EbBuEL1OIEo",24,122251,208,81,14,2
"Fk6Hjg6Btcc",23,122231,5636,590,616,3
"TJyy_qz_qII",10,122217,4765,194,787,2
"rdbnO1AP_ko",24,122198,799,42,51,1
"avWQMj_LhFo",25,122134,1121,176,704,1
"usn2_NOqdWM",23,122125,1148,257,232,3
"N63d4Vla3xI",25,122097,7056,289,1147,1
"ltk4znM_mBQ",24,122003,2793,112,173,1
"y3u-FsZwZes",24,121997,404,106,55,1
"GBLZHreX6gw",24,121991,490,106,230,1
"T0UuGU7Uipo",24,121978,838,116,54,2
"c0SVIXBI4iU",22,121906,321,107,25,3
"zyYe-22uPQk",24,121883,633,87,27,2
"wUvoGgKyjLo",10,121874,2990,335,67,1
"DMqtRSr3Nck",22,121771,353,158,19,1
"4be178-Kwvw",24,121701,649,100,201,2
"nX8lS-7C0GE",24,121625,536,77,51,2
"2W9lRdYs9jE",24,121607,1347,69,44,1
"wV_8pE84LxY",24,121603,320,20,21,2
"GrLQdSk2EcY",24,121601,4530,75,790,1
"tkBkZu1u7E8",22,121599,162,50,20,2
"h3gFpuN9uZs",25,121589,3415,130,596,2
"9KXt60GLm-k",24,121587,610,19,63,2
"KV6Or0ZmWFM",10,121585,1289,180,99,1
"brjifeZ5pyE",10,121582,4651,126,108,2
"DtQGQR01AVM",26,121550,4023,120,1152,1
"X1mITJ2AjRY",24,121509,194,308,154,1
"bubtGhBnEbQ",24,121487,1614,944,494,1
"L0WolaMs9qk",23,121439,7590,310,874,2
"rOv6kBZbk00",24,121426,655,67,131,3
"ZW1xBGRzXfw",28,121412,4293,153,1616,1
"KwZ060iicYI",24,121375,189,26,26,2
"m5HsZ4lYtv4",22,121361,1364,75,78,1
"hIXHb5rjgtA",24,121321,322,26,13,1
"EwnsrU8roZc",24,121302,133,59,10,3
"SpLiViK_TdU",23,121255,3806,628,458,1
"x5sbmivMA8I",25,121233,5515,190,728,1
"aF1nFm3r_pk",24,121210,510,275,90,2
"ZUPx3FM63Pg",24,121196,1381,110,95,2
"P9x5V2f_yDM",24,121183,962,107,463,2
"vu5BVfl1qg8",1,121165,3737,463,573,1
"cw9jXb3UOXE",24,121084,6335,158,861,3
"bKy_RIuKDGg",23,121067,534,36,11,2
"cSInMv95fdU",25,121034,4785,204,601,1
"j7Yc_MmmuHQ",24,121032,8784,263,1015,2
"IvuwecfdlGA",25,121008,682,112,130,1
"iN-c7ZDrSvM",24,120989,745,72,17,1
"RYSefzRgwMY",24,120951,9640,422,678,2
"LgqdcRVYaaM",24,120949,390,133,72,2
"ZJbRvgrsvrY",24,120917,268,38,33,1
"5KxTgfKWeOI",24,120829,998,274,263,1
"pPns-DIwhII",10,120693,1858,48,202,2
"a1z34DSeGTg",24,120661,1287,123,101,3
"Bi686WFyE5k",24,120659,136,37,18,1
"_2TcCxVbQAU",22,120612,985,136,88,2
"d1-oVt4DlEI",23,120560,8682,355,567,3
"4yWTeZpggfk",22,120556,1163,226,125,2
"o16SqPO884E",24,120552,427,59,17,1
"YA9JHx8fZPs",24,120520,247,73,19,1
"DYSV7qOnzYc",24,120390,1309,71,0,1
"oPCWlDHTz60",22,120319,0,0,65,2
"TJwch9OCWag",17,120208,302,117,11,3
"nXwtN9bKB7g",24,120181,156,28,23,1
"qwmpR_pqbBI",25,120172,1001,101,12,1
"ROBFSnYfNX8",24,120085,3320,93,368,2
"SJuB0IHbEMQ",24,120083,419,312,249,2
"11rQ6SgJsh0",25,120082,1176,105,124,2
"QAESomlNg7g",22,120074,458,67,122,1
"lhBdEnSeAAg",17,119984,288,63,19,2
"ZXIovt2TJns",24,119952,186,30,11,1
"l1ZJCkaYf3s",24,119949,358,109,75,2
"PdNvCRoM2EQ",24,119936,1395,102,190,1
"iZpZrlST21g",10,119932,563,153,86,1
"PE6dcjocTKQ",25,119929,595,163,74,1
"T5WK3Ky2XG4",24,119903,185,58,39,1
"LQ80-AaFxTs",24,119890,608,21,21,2
"yNOTyZkoppo",26,119880,9398,787,2193,2
"GteMSCyHkEU",26,119765,2219,115,641,1
"fiy_yXlypAo",1,119763,3330,127,172,3
"em1qWdOttF4",25,119721,413,212,118,2
"iKK_M2tCmDQ",27,119647,6581,171,670,2
"epmsw3OwYFs",24,119637,512,40,40,1
"yx7WjN1mM3w",24,119619,436,150,55,2
"kNpARSFCPag",24,119568,268,151,191,2
"VQdwFaEaUNw",22,119567,0,0,29,1
"lti2-gpGJ7s",22,119523,660,109,54,2
"a6kEj3LI8xs",24,119501,725,80,48,2
"_qPMBsnw4Io",24,119492,209,70,72,1
"1gCG9PzCAEo",23,119452,7360,151,387,1
"XuSnVCwUa5M",25,119449,805,145,143,2
"bdRNyrQmpYk",25,119440,594,75,66,1
"hBnX8FwLKrM",23,119417,1627,399,299,2
"KmFeLf7BWdM",24,119335,585,110,77,1
"xnDdbSwAA7s",22,119327,749,133,0,3
"aAeCWVk-W9A",25,119315,7486,358,1257,1
"04ybWSAuinM",24,119274,502,69,57,1
"G0CW30S-I6Y",24,119255,2907,86,1002,2
"TaTPmVO0Hpg",22,119190,1242,233,128,3
"gXKcEyB4ydw",24,119186,200,27,21,1
"6wVcTO-1OzA",23,119156,3674,671,647,3
"tdfo4udXokU",24,119059,2608,241,251,1
"4gs4H_13uzc",10,119046,4133,94,184,2
"nCadNazBrp0",26,119002,10135,309,1042,2
"uZvJWG6FeHg",10,118929,6508,145,315,1
"AEYsKMlpzNs",24,118906,459,44,19,3
"o8F2N8hPdyo",24,118882,365,23,10,1
"qkAI_i2n4LA",23,118846,3776,132,391,2
"LSM9Dyh9Yns",22,118805,0,0,0,1
"VuhMaWz8boE",24,118800,969,171,69,1
"g2McO-3yqWk",26,118795,3929,318,1366,2
"J6GbDoIqf0o",23,118746,2462,173,510,2
"p1SFDjvLLbY",24,118736,327,51,17,1
"h_iwc9414RQ",24,118736,828,94,40,1
"gN1uhYUYTKE",24,118734,1587,168,80,1
"meGFpOsgKac",24,118701,598,97,58,2
"0gha9N0gYQ4",24,118674,433,63,13,1
"gqzIT3o2YZ0",24,118662,109,33,6,1
"kyieQsh2xEI",24,118636,268,89,44,1
"5TFgN8VfdjY",25,118616,0,0,164,1
"6wG8b-qzM7g",24,118610,948,114,0,2
"iQR4zaj--nU",24,118592,406,105,38,1
"omGrRIxs9F8",23,118517,3500,83,143,2
"yzq-xYRS5GY",24,118485,311,54,12,2
"IbxFCTCVEXA",24,118447,2829,325,323,2
"4jXR7eYhAUY",24,118440,223,188,37,1
"8dAtwoKFZM0",25,118394,443,70,0,3
"wbogLErllFQ",25,118388,1091,112,172,1
"xTUauDxLzko",25,118284,646,343,567,1
"LTVycQxSPBM",26,118276,2686,130,1117,2
"fdjafnm35fI",24,118195,799,73,40,1
"2ee7GuzsV8E",24,118168,1050,75,63,2
"nY7WQdXiCvU",26,118075,502,132,43,1
"YFB6IOTEN7M",24,118052,102,132,21,3
"06Uzhn2sC2Y",24,118034,103,70,27,2
"23x0ZFGUpQU",24,118029,539,120,103,1
"776S1yjxtAk",24,118028,172,24,11,1
"7MeCnwGvVI8",25,118020,1938,197,220,2
"MwfwnUjUqbs",24,118012,0,0,784,2
"JXdzfdLsdSE",25,118009,938,72,275,1
"3ewEQyFQ0Yg",24,117987,770,142,35,1
"V2maVleg9Ik",25,117986,674,92,73,1
"DDD57cEvExw",24,117942,422,76,56,1
"GBW0T0qqilQ",26,117935,584,136,76,1
"Ax7M9TIK4sc",24,117928,763,74,43,1
"dmFn1A969MI",25,117893,764,47,83,3
"aWUD7DXL0M0",24,117889,188,134,48,1
"TrTWYQNaNBA",1,117880,1677,321,183,2
"AGY5eHgzArQ",24,117862,962,233,240,1
"pwvHa2SOqqs",24,117835,5123,900,758,3
"eeZ03BnsuSU",27,117834,7143,74,690,3
"qACM0T6CJBQ",27,117749,9735,114,925,2
"iG_Ie0ecm0Q",24,117733,103,48,185,1
"jcjslstPYuY",24,117721,1334,34,70,2
"qj9tvELgK8M",22,117715,772,436,407,2
"ZAIr5yIc1ng",2,117712,3801,204,669,1
"LH73_yXe61w",17,117647,1284,73,19,1
"0bbR-9a8HZ4",2,117642,3636,182,569,1
"KPSK2qOPvuU",26,117609,2727,124,743,2
"oNfIlIOuh84",24,117607,2474,150,274,3
"36dGlreYX6o",10,117578,1479,182,56,1
"Kj5N-QDkQwY",24,117540,238,80,24,1
"kPMxxYHzc88",1,117510,540,154,142,1
"zAZ2drPgf7s",24,117509,372,34,117,1
"a2thOOVs574",24,117469,2339,80,323,3
"jX8sNHauEm0",24,117469,825,45,145,1
"KDDjr92sFpU",25,117457,588,52,26,2
"EJ8LI8bF5ho",24,117400,492,108,30,1
"pq-eP_RCclI",25,117357,0,0,0,2
"yNXW6Yr0EeI",24,117275,1098,139,183,2
"wMyIyfVl2mY",24,117262,15269,395,1204,3
"Z2Uf4s7Up3A",23,117174,8524,412,676,2
"1GeKATQ6KIs",25,117129,4982,194,690,2
"T6M6f--oeWc",24,117092,1002,144,37,1
"f8se638KySI",25,117066,568,97,63,2
"mp-fqyG2cXs",25,117031,180,56,16,3
"pw3iSkTRJWw",24,117022,466,135,24,1
"IBGfUhxzy2Y",26,116993,536,133,104,2
"7HHvwyYb-BQ",25,116954,566,81,40,3
"ZaFdun8Liqo",24,116948,392,70,24,3
"agdP6CYRKWA",24,116945,4313,88,223,2
"72csEdfgp9M",26,116935,1118,303,14,3
"Y_PpAWV0njg",25,116907,926,69,87,2
"w72CM9uk21Q",24,116888,1616,79,71,1
"VyCBTlzYFTI",25,116883,1049,195,185,3
"YD0vDIc2cmE",24,116862,1292,212,86,1
"2Y1Dwem6Ero",10,116850,656,331,99,1
"JnoiFLWGRCg",10,116828,3845,102,252,1
"frAZ4UT7moE",25,116818,413,54,46,3
"fXm1-4xxNn0",22,116755,632,128,214,2
"qlEe2iykVy4",17,116716,6333,112,654,1
"H004NqRA-_c",24,116692,225,75,25,2
"hYlYziTc0pA",26,116685,1289,116,75,2
"Tt46fJpAVzs",25,116684,2226,157,374,2
"f1KB4DdBrt8",25,116663,6238,213,1103,1
"vhVHXQNoJzQ",25,116641,310,64,8,1
"itGGSie6VqE",24,116609,754,69,44,1
"LuqEs0wRHos",24,116603,274,184,96,1
"aquJ2q21KXg",25,116576,898,112,1495,1
"BKGmSfMSc4k",24,116576,414,45,40,1
"Ut5Sj36dZUU",24,116564,3384,155,1145,1
"1_4sD883GIg",24,116560,622,87,50,2
"FC6iTAH_aOE",24,116535,614,93,124,3
"czMLYetYUb4",22,116521,174,118,33,3
"psMx2jHJ0Ck",24,116510,687,66,43,1
"fqJN1TmjRaY",25,116500,843,126,143,2
"iyRR0-nFalI",24,116471,1144,80,155,1
"CNCUXDzlfGM",23,116455,11603,182,1313,3
"JIPgxSM4PQA",24,116426,5246,397,659,2
"OEOHYI4pp88",25,116411,1046,362,243,3
"wLIBF4Y0HvU",24,116383,958,26,34,2
"A5V5ZZqnDRM",24,116377,1634,57,114,1
"N4SOcT35x5Q",25,116373,617,52,97,1
"pX1a8xnKch4",24,116352,313,108,75,1
"KQfJgInTdI0",25,116327,633,113,40,1
"oRmQ4iM409A",24,116298,3369,676,350,3
"41YhwNz7qAY",25,116270,174,53,43,3
"LsU49dTabeg",26,116223,697,116,78,1
"EHO2QAHS0r8",24,116201,998,64,44,1
"1qRRQGeFtAA",25,116194,202,57,21,2
"H8lwI1StN4g",24,116172,404,38,70,2
"LqOaattEjkg",24,116154,1279,384,197,1
"N-MJwxbP8CY",25,116130,383,64,84,1
"pMaa9XJmGH0",25,116047,1003,71,39,1
"1-JNKm26dG4",24,116042,1785,102,168,2
"rHeUp1WrP68",24,116034,483,46,23,1
"nvlOgVFg2-8",24,115982,2106,42,142,2
"xBhS-itFca8",26,115923,3385,362,842,1
"WjiOzyZPyCs",24,115917,149,67,7,1
"nrEWlbOx-tI",24,115893,3457,109,1131,1
"xoIsQJBHo18",25,115874,1023,102,141,1
"ehqT4u9Ttyw",25,115826,1050,66,141,2
"btYwc98VjMI",24,115822,2717,190,484,1
"qcDqo5wgTE4",24,115815,2669,114,196,1
"MM0AhdTszl0",24,115778,370,139,53,2
"2ho6nzGB9NI",24,115758,1352,133,240,2
"MG8NW-cz8wY",25,115655,369,44,35,1
"R4aZIVPS0Vw",24,115593,1323,99,254,2
"BtuY-6G7P_E",24,115570,467,53,65,2
"qlPU6UYwN90",24,115562,2082,154,343,4
"0QP3JTfQ-GQ",10,115516,3106,1838,749,1
"BvdplXxv3q0",22,115515,5499,51,575,1
"0yEr68MEWg0",24,115502,230,190,0,1
"8DSW_gUHA3E",24,115501,2998,226,332,1
"E258a2cNLf4",1,115480,658,69,41,2
"YqXpjgAKr3w",24,115474,5420,138,387,2
"rZzrlB36FCI",23,115454,4202,131,544,1
"Ov_C9f_O5hc",24,115441,802,89,28,1
"V7fZeZrP4Po",25,115390,492,125,72,3
"srVPuA_ME4k",26,115375,952,209,28,3
"AvD3LO72OcA",24,115370,4686,273,256,2
"gr4G1AjnTBQ",24,115311,1001,104,165,1
"JO2Duxm4Qa8",2,115286,147,68,12,1
"NxK4TahUBuE",27,115268,467,144,28,3
"_i8eL6xQM4Y",23,115263,8642,263,1127,2
"lTCetELrWvo",24,115256,1572,78,39,1
"Z9GAuRaiBL8",25,115221,280,72,177,2
"3b0LUGGk-OE",25,115190,3514,219,571,2
"v-xHTkQ2AM4",24,115176,810,34,27,1
"ZoRAKDLFbnY",25,115167,6100,278,935,1
"lL1gADtDphg",25,115142,3478,509,1615,2
"WLH8hZRbPjA",24,115108,264,21,10,2
"VQ6axVcg6YI",23,115099,436,130,64,1
"FRZOxUapxWo",24,115091,569,39,29,1
"HuGyL1Wnmw4",25,115008,2377,354,377,1
"OpgoJ0s2qho",25,114984,153,49,27,1
"a12b6UNq1eI",10,114942,2041,385,179,1
"0GAq26w9H2w",24,114926,78,48,145,1
"xWp3esFYD5w",26,114897,3018,115,824,1
"c35Os2g1-E8",25,114887,727,114,118,1
"RCXXvgDqrP4",24,114874,573,90,129,3
"SOmqvXptn4Q",24,114854,876,150,48,2
"Bgpq7drFZbA",25,114849,520,552,712,1
"Sh_MpV3HtjQ",24,114838,822,88,79,3
"gHOwOodeYlg",24,114834,896,104,115,1
"OcPeZjnvgjM",24,114756,359,57,36,1
"nv5c46GIZ5U",24,114751,527,51,66,3
"51_OJ4AJQ1w",25,114731,802,107,106,4
"vGL7je8UtTE",25,114729,777,66,96,1
"uda4HxS6MtI",25,114723,0,0,446,1
"xPa-B3zCmLU",25,114670,1124,61,110,1
"Vw7E_x9TfFg",27,114653,15508,286,1218,2
"3sm7AHkkHUI",24,114637,186,26,34,1
"rduHrYxvJC8",24,114611,283,41,44,2
"iEXOpmZVKYI",24,114597,436,161,46,1
"nuI7FJKDo8w",24,114520,7073,56,773,1
"vcx9lkvkWIg",28,114465,4491,167,1213,2
"L-W5E0-vNUk",24,114454,830,65,46,2
"AgQgv5tetKE",24,114414,688,57,96,2
"dW6YBqXzpKA",24,114405,337,131,41,1
"uRxIyYBplVs",23,114388,11258,543,909,1
"Yx6rZ3M2nhk",10,114266,801,190,90,2
"0Fu-SwnuOqk",22,114217,7776,199,1549,3
"sxJyYnkDHh0",24,114214,1084,57,137,2
"QY6sN71Hb9A",24,114186,562,90,83,1
"EQiHbflGy8M",25,114141,1040,70,140,1
"GDQVz8lNKIA",24,114123,307,31,105,1
"e3VIaHhXE_k",27,114105,10015,171,788,2
"rvWM5tI-XFU",24,114076,1130,79,117,1
"yyXUkVGsljY",24,114073,197,24,12,1
"ApGh_sN_niI",25,114058,999,128,288,2
"EKyafya3Wfo",25,114032,1368,85,147,1
"HHg0Hm7TC9U",24,114009,350,120,66,1
"hPIAYtEiJvQ",24,113994,435,84,114,1
"S2v-eL0hARA",24,113994,6182,249,858,2
"HsaZqCkyyUM",24,113967,244,69,6,2
"Ri9ej72fNqY",24,113917,436,41,72,1
"rT_COmVs4YM",27,113909,8677,93,1184,2
"e-PP2H_x338",24,113909,196,87,28,2
"zXFNwaD11Vs",22,113885,797,166,32,3
"iF5_5MzcRao",24,113881,1078,779,309,1
"_IHniuVOFBU",24,113860,99,92,0,1
"oFtTTqe0Byg",24,113835,492,73,55,1
"eGpYwRxd71U",24,113834,1075,72,98,1
"yf3MHRaejr8",25,113830,0,0,0,3
"V8bBJn3Umw8",24,113796,587,28,24,1
"v_PB1LFBviE",1,113793,1526,217,114,1
"dGB0iwnbZhY",17,113755,825,48,0,1
"PzoCwkRNo_Y",22,113660,9874,403,657,3
"Q5i8x7ryIjg",22,113648,805,157,56,2
"bCA2VXdXy8M",25,113642,707,38,70,1
"NwwcpVamnmU",24,113621,1808,67,202,1
"k1ZNNkTcP9w",25,113595,2209,122,458,1
"GnX3e5swDD4",24,113569,2117,148,127,1
"uZChmdsfSVg",24,113567,558,31,47,1
"YRNurF82QGs",24,113554,2124,29,110,2
"4yb1yZk86ag",24,113519,9610,338,1403,2
"DgoFfL5Il4c",25,113482,903,176,146,2
"8f-ddMmD10c",24,113428,531,20,26,1
"KALBBYu4csA",24,113420,317,30,15,1
"Powr3Fjz1Z4",24,113411,84,310,63,3
"9vnhToVxgUU",10,113408,1316,211,158,1
"WVx1cXfFDc4",25,113396,367,136,107,1
"ChCVyCAVaXY",25,113365,677,91,71,1
"CU46qvyNw7o",23,113364,9918,260,833,1
"1Bht6dg0Cfk",22,113354,393,68,84,2
"gsc80ota4zM",24,113318,783,62,79,2
"JWbXQdwYm-0",24,113306,1009,114,127,1
"xdLCKCiep5U",24,113283,209,73,8,1
"yirqm4rmnT4",24,113222,2687,65,1011,2
"kjj83unoBoo",25,113222,598,62,46,2
"D2LjlQjQkfM",25,113215,270,83,35,3
"fNDAtrWpzzk",17,113206,1047,42,5,1
"hQ0RcaSylhs",24,113143,4562,657,1074,2
"BjvHwnTcAxI",24,113093,4180,482,1219,1
"YUHr4T_60N0",24,113092,100,48,24,2
"BBpqdWfeUJI",24,113090,2821,4242,876,2
"1Tq7tuNiJ6k",25,113071,7445,239,1146,1
"y93cvIV7hig",25,113038,428,44,37,1
"-3p8qT-Mzhk",24,113026,540,50,19,2
"Mld3eav1vn4",24,113004,4835,1158,691,1
"qSyGvA3kugI",10,113001,589,122,98,2
"0tEJt4IIreg",2,112994,175,58,6,1
"stjfxR94MKY",22,112971,587,176,201,2
"4CoU7qSD5Sw",24,112830,436,52,14,3
"AQ9HkEJ6shU",23,112813,832,75,173,1
"VimsRe_yhJ0",24,112811,443,18,70,2
"kysy9c6hw7E",25,112772,846,146,295,1
"6GRP6a9JL0A",25,112757,6881,276,1240,1
"C0ZKHkExsO8",22,112742,6797,296,1439,1
"ZhHe7tZkBMU",28,112719,19008,423,14612,1
"Wn7a1fQ3Fks",24,112622,1127,322,208,1
"gKiHH9w7DR0",24,112616,168,94,63,1
"YCDDJnc1UEg",24,112571,873,95,32,1
"9kKJh8IEowc",24,112529,617,47,58,2
"lftAgiB3jj4",25,112525,0,0,212,1
"_r3VkkLIWPU",24,112509,210,95,34,1
"8oOJGEqh0tY",22,112456,1319,174,96,2
"0eSiddTE0Oo",29,112423,3307,108,0,1
"AiprzzLeeZE",24,112420,389,109,64,1
"b0cET6inXj0",24,112413,200,111,28,2
"EmPDmXYsRN8",24,112373,200,43,15,1
"rca4AJ-Vrdc",24,112362,5936,193,1127,2
"deujamuNRco",25,112361,1892,154,141,1
"7Xm9XATBWmQ",24,112355,432,40,14,1
"VggeD3mq_AE",24,112323,0,0,133,2
"OQ7zjzMtvew",26,112316,925,75,22,2
"bLsovFqrXdo",24,112313,552,140,53,2
"vetQ9MlYq_w",25,112286,5452,251,284,2
"NHPPVfr24-Q",17,112253,1080,65,7,1
"nOYfrLBYX_4",28,112253,4431,195,817,1
"xTWDDjno59Y",24,112241,412,257,365,1
"UiaW2MC0aMA",24,112206,807,115,72,1
"suURKEjmV94",10,112110,1777,125,93,1
"GQvrXouLz-o",24,112067,398,74,31,2
"gl1vzv96K8s",24,112049,0,0,27,2
"BgYJmXbIVZo",24,112033,317,42,172,1
"omQOnuTq_nQ",25,111993,655,78,76,1
"bEs1TGL227M",25,111969,2901,216,391,1
"_zNscGZt8TM",10,111931,1009,21,132,1
"SGCHPR-tLPw",24,111912,4788,206,409,3
"BZv-WWbMPhM",24,111905,785,100,91,1
"0aRfkE8dyPQ",25,111862,477,69,99,3
"iH_DWPgM_bA",25,111840,860,51,74,1
"tlnGZo_onb0",1,111838,2156,577,613,1
"2Iw-m9LjnIs",25,111825,156,54,26,1
"gFhdazsczMo",25,111760,591,152,20,1
"OwcwdU1DumE",24,111756,542,99,56,2
"LQLmRoXOAnI",24,111716,539,37,18,2
"QnYc6ioDg28",24,111714,543,112,53,1
"1dxoj3W9_ZU",24,111707,150,43,11,1
"C-mqabaIZns",10,111694,866,159,67,1
"R6pdKuS7efI",28,111667,5276,300,2003,1
"XQfssQiaQXU",25,111666,643,102,38,1
"g-aVk7ZsgvI",24,111650,453,17,20,1
"PsM0sYNj5XE",10,111633,1339,45,38,1
"DRrqauYXThM",24,111598,721,48,22,1
"WmomfVQHpho",24,111550,195,63,24,1
"7gTVsIw_fFA",24,111465,162,40,14,1
"Jt5L2M_-5mA",24,111371,201,19,19,1
"BcRKHYboYLY",25,111354,875,74,86,1
"mTHvAlDf6uc",24,111264,75,65,40,1
"TE3tEl9S27U",24,111211,1974,89,244,2
"eR7s3qyhdrA",23,111201,287,158,132,3
"LS8F8dZcjiY",24,111195,542,99,51,1
"BGlNp0Qu1GE",25,111144,255,79,70,2
"ZDn0cGcR7cs",24,111136,707,73,36,1
"2oxHvH-587k",24,111133,2907,379,197,1
"9rqB4yNYsIE",24,111112,2138,73,116,2
"sqwfgvhDaRI",25,111100,1243,78,123,1
"l-M3oHIPy8w",25,111071,354,129,53,3
"R97m7fc-Kps",24,111052,389,19,161,1
"PW1YP8RE1D0",24,111031,343,51,34,2
"p6AJHW3J8KU",24,111007,249,95,42,1
"V74waKNQ3Y4",25,110934,267,42,28,2
"98M2O9dXiDQ",24,110930,851,51,19,1
"OARQ2LDOYMU",24,110916,722,67,21,1
"bmzt4R4qnEg",25,110912,1246,157,214,2
"QCwJL-f_5Go",24,110912,335,51,27,1
"pme34ifZfgw",22,110890,0,0,0,1
"VWZQsEBkoKQ",25,110888,1239,159,210,1
"TriBGUAqM1k",22,110816,303,94,60,2
"8xc0m90JtLU",24,110801,1241,75,130,2
"8ofPKkFuv58",24,110797,162,6,8,1
"YuousNckevI",25,110778,581,100,94,1
"fy0Ex6Ekfbs",10,110734,971,24,52,1
"IcICF3fOkKY",24,110701,6011,241,445,4
"m3MIkt8lxjA",23,110695,2490,164,196,3
"acCXveTQM-U",24,110632,1031,108,66,2
"Dr8OhQA7yeg",24,110572,765,71,78,1
"hlSN_rLuht0",24,110555,659,52,55,1
"6cqe4KiI-Mc",25,110425,595,92,85,1
"SQFyx42UCIc",24,110376,289,131,79,1
"s3ZxDX_CzNE",25,110372,608,130,134,1
"-2HzOskz-rs",24,110331,390,70,33,1
"A9QZPy7AuWk",24,110298,1084,118,129,1
"TlvtBRP7xl0",25,110263,1499,118,286,1
"hDORG0VCte8",10,110258,3793,141,466,1
"2prTKje8jug",25,110241,2014,213,253,1
"7kr0N3OjiHM",24,110225,434,71,56,2
"P9ZdxKvZ9h0",25,110195,239,67,66,2
"cPfKelGQ0tQ",24,110183,1118,59,90,1
"kf60b0WY9NI",23,110183,7022,77,587,1
"BEW5Atl49mk",24,110182,295,94,59,1
"PfCAYmC3iYg",27,110171,6250,165,754,3
"m1fELwfXrZI",43,110142,344,59,26,1
"mdli7Ig115o",23,110023,1328,135,371,1
"j33S_R0zibU",25,110019,524,167,10,1
"6IaReuUMqVg",24,110019,677,74,38,1
"2XAH4E1HwLM",25,109994,270,128,62,3
"XdfPIhfTQTU",25,109993,420,70,17,1
"YRqthCC918g",22,109989,2039,256,133,3
"1p2hxPgS-0s",25,109972,508,74,68,1
"6D8PzG9thcE",24,109957,0,0,0,3
"6iasJ7De55k",24,109952,561,64,61,1
"w6PX8SYSJOI",24,109949,730,100,64,1
"_kHD_7VRbDs",27,109939,964,208,200,2
"igbwY_Je2S8",24,109905,12534,147,1382,2
"ho18m0ZrKXQ",22,109877,908,121,281,1
"te8YyVDvjLY",24,109740,6225,79,529,6
"1828OrFnspE",24,109725,178,19,25,1
"TmGpjoTv4JI",25,109703,340,119,371,2
"cOM_noK5oac",25,109690,0,0,37,2
"uCU5Bc2Q6pc",24,109639,722,139,34,1
"TuOBfQRXwhQ",22,109594,790,189,145,1
"Svdb9YT86vc",24,109580,391,73,18,1
"M2Vgfhc5RBw",23,109567,9133,318,1397,2
"t3DSZKnAKyc",24,109531,122,377,127,2
"HCKxQXaNiaE",17,109526,711,64,0,3
"n53NJNB1T74",25,109482,227,47,20,3
"Y_HX-6i7S8Q",24,109480,1014,84,70,2
"r09UAUqS2Cg",24,109406,303,49,46,2
"iPcFPTMjpHw",24,109290,378,27,17,1
"N0i_SvIv9RA",27,109285,6686,162,751,1
"G3sJ92CpP8o",24,109279,618,70,43,2
"7c6ugxqtF4g",24,109278,172,78,49,1
"pHWs5wsYfw0",24,109261,438,66,47,2
"9FohOSHlxh8",25,109257,660,81,138,1
"pXu5IPQbvbw",24,109230,553,82,63,1
"BCqDwj3dG6A",10,109221,953,145,60,1
"YvXfTYqCgVE",28,109217,5153,356,1059,1
"R1mavFymqOE",25,109168,173,58,63,1
"RKFEYBdS6Bo",25,109153,990,161,276,1
"ZugL2Rs8Hmo",24,109132,366,41,13,1
"U8IxLfISD7o",24,109112,469,113,30,1
"4BV87Ae4sRA",25,109085,919,68,93,1
"GH7BQOAy-jo",24,109073,5170,152,355,2
"O6tRcNy4W_A",24,109039,3262,156,1002,2
"lr01087B6bk",24,109038,1346,450,2,1
"RmV1JQolnXo",26,109035,3890,143,1094,2
"KYmQ88uelmk",24,109028,312,586,95,2
"w2Jma9JQOkA",24,109009,677,80,97,2
"Lef-jgtKIZE",24,109007,236,90,25,2
"NqLO0KwkRNg",25,109003,1520,89,255,3
"Rhq6uJkoy_o",27,109000,1424,201,0,2
"NNGkimmfqw0",24,108993,607,63,24,2
"Owiqe2T3ZEY",24,108949,79,125,21,2
"4lIFlcDKn44",10,108941,5417,94,1232,1
"NZVwAnuq-iQ",1,108937,2468,377,257,2
"t1tYOyY38cg",24,108930,809,54,71,2
"57wn2_9W8Fw",25,108914,889,120,155,1
"L49qJ951wyU",25,108897,642,130,102,1
"wp5qVJ835pk",24,108877,2646,161,677,2
"O8-M3YtKU6Q",25,108838,1393,126,282,2
"V2ClhbGw1Vk",25,108830,1335,135,390,1
"zQzbWfAtBGM",26,108814,1203,70,63,1
"APzHU4dHhMA",24,108813,211,20,28,1
"MaAE9AS3FM8",24,108801,160,30,18,1
"M__1C40ZIUo",24,108786,4370,115,422,4
"lqUNMxmWeCQ",25,108770,594,84,87,1
"q0-SCcsuSSs",25,108728,0,0,29,4
"A2FSo2ApQNk",24,108715,357,22,16,1
"bjSvvkas8cM",25,108614,78,48,94,3
"Zj6jvZ5hCUc",24,108573,173,64,11,1
"M-ETpsszznE",24,108521,3692,230,492,1
"StxsWkeQpjM",24,108516,4469,461,504,2
"lp73uVB--ww",25,108504,1508,126,98,1
"as0vNACDJaE",24,108500,4510,276,419,2
"5DVrOlVq1hE",24,108491,215,40,20,1
"ve4RS_cxUW8",27,108489,3233,107,232,2
"fNL75ryIAXM",24,108472,1452,64,162,1
"4Dbqy5mlIGY",24,108467,449,98,4,2
"XDnhYh_O8JQ",24,108453,7555,182,737,3
"qgasli1u-Ag",23,108414,3771,5349,2491,1
"0BLpoXVFHR8",24,108385,196,94,1,3
"adKIo1ntTTg",24,108383,287,38,31,2
"8xupf5joT20",24,108359,3328,437,174,1
"20Xf2D47USU",24,108340,391,86,68,2
"KALv1FCQLnY",24,108293,1216,110,103,3
"hMDoORDjI7g",24,108291,720,103,58,1
"N8YXau_iwbY",24,108287,2556,339,800,2
"RVQJ2DnBfWg",24,108283,286,48,10,6
"0i49SNGgdkM",1,108252,3724,300,646,1
"FJEGL8Ci85Q",24,108192,410,73,58,1
"X3WK78TiFBE",25,108185,939,57,248,1
"i-MZRNeAmBI",24,108156,643,81,66,3
"ApBYaX7EY-M",25,108149,451,65,43,2
"nUpg2jdxieM",24,108141,96,90,9,3
"86JrFa1Ghs0",28,108110,3484,156,689,1
"QfRdjbLVCjM",24,108075,815,112,121,1
"28tzhXU_kI8",23,108060,3346,125,161,3
"06EqiWP27I0",24,108043,380,77,31,1
"6YNgFqu5G0Q",22,108033,244,57,46,1
"AGaOtxH42Fk",22,108032,511,100,15,1
"ihm7XbdEZhc",27,108022,1314,209,256,2
"e-_YIsmDhbk",24,108011,303,47,42,1
"2uMkXZ6yvgo",24,107963,1193,82,95,2
"kTJVJJOTrG0",24,107958,6868,194,1227,2
"Jarzxjkg8hg",24,107951,246,153,47,3
"5FTBOMFLnMk",22,107950,874,108,393,1
"pA0MdlTcBH0",23,107936,6152,723,584,3
"gjddkOnXQD4",24,107901,461,101,48,2
"-25t7axr0Js",24,107893,891,108,101,1
"dQaLXXPVW4I",22,107852,110,31,7,2
"hvoSlaADdmU",24,107841,795,120,50,1
"FQtjouwLQH4",24,107826,139,31,8,1
"8gpp_tQeFC8",22,107781,677,59,27,2
"PwRsGg629eI",25,107781,564,68,111,1
"cGKwMYbq-eI",24,107763,232,22,1,2
"vk55GPkrrx4",24,107730,346,27,11,1
"IIkbW7zprSs",24,107724,537,85,31,1
"TLuZmjPPUcw",24,107710,870,111,95,1
"2zv8gaaAxmk",24,107706,1740,142,504,2
"j_qs6DgfKD0",24,107688,1486,129,128,1
"z5PT_Zf23FI",24,107664,720,55,16,1
"GCSPBKnbpJc",23,107663,816,93,162,1
"aGzIrdFhBHY",24,107649,1220,273,320,1
"2cVn4t37qIo",24,107620,319,115,378,1
"fxYG15vIFT0",25,107620,213,35,1,2
"pKaHbtM7Lqo",24,107590,927,136,53,1
"meeh2f8-OqI",25,107573,202,155,9,2
"b-_Phrvmz_w",25,107562,1689,179,694,1
"LOgok3PlWRU",25,107561,642,97,86,1
"9i89lqyt7Wo",24,107543,709,50,30,1
"jMAHoWbfdN0",24,107515,7674,154,676,3
"6OvOm7ex6Ms",24,107505,1607,97,262,1
"G0ZanmNfw6A",23,107496,3436,231,425,2
"zgGEEX16esE",24,107483,5426,155,656,1
"dsN8trUQdbo",24,107471,1501,151,278,2
"UwjGgREEnrA",25,107426,132,67,16,1
"CYRbswGAN0o",25,107406,544,74,34,2
"ZVu4CNth2WE",24,107383,6719,326,474,2
"tR2TykDOx2s",24,107378,219,72,30,1
"lMDd9WfnAN8",10,107360,625,60,47,3
"A53_PQZo6Pw",24,107351,624,50,43,2
"Qe7i6OQwF4w",22,107347,3596,257,292,1
"fJhhl8P6XSk",24,107335,9933,289,740,2
"SlsatcvCpuk",10,107314,959,106,72,2
"kb-MNqLEo3s",25,107275,636,40,10,1
"Pkv_j-Kw7es",27,107253,3957,114,409,3
"GPV_kxv20GI",24,107247,312,59,19,2
"dDJqAILNvSw",24,107166,1577,66,160,1
"DS4IRW5_wBQ",24,107166,70,36,9,1
"UTTbgtR0sfk",24,107156,5472,285,405,1
"uwlIYWMmwLs",25,107088,4466,187,715,1
"RJzZc2dR7-E",24,107015,342,62,4,1
"RdmPDsUm4jA",22,107014,314,36,4,1
"tVkL7vcoXEo",24,107007,160,126,0,2
"f10ZBnxItrg",24,106978,614,55,31,1
"c5RZCAj4KvQ",25,106973,338,212,298,2
"MA55qCGf6dw",24,106936,2805,96,161,1
"kzRfE6aQEgc",22,106918,0,0,19,1
"UxrtP9BtlaA",25,106860,1239,123,174,1
"B56WNdMHtjQ",24,106832,176,102,71,3
"Ph4vZudBI34",24,106804,322,185,34,1
"aIyGMeePg5c",24,106794,2675,86,533,1
"Rsa304eBVE8",24,106774,332,49,21,2
"9PwWykuq8Zg",25,106766,889,198,316,1
"C_-spuOsYc4",22,106759,294,61,11,3
"neiery7FVQ8",24,106725,664,125,52,3
"wejbpRnet6M",24,106704,3094,84,1652,1
"6wy1DRcmgUE",24,106673,586,66,284,1
"KyWMCu-VahE",25,106639,606,98,84,1
"U8RlnHyPPos",25,106616,604,81,43,1
"b9a_9tOaz3M",24,106608,263,68,18,1
"ZOufWxx98Iw",24,106605,223,80,16,1
"oujAupZTE2k",24,106582,3650,167,1168,1
"wXyrDmHMgeQ",24,106579,339,75,22,1
"5jBhmiq9ZlE",25,106559,646,105,133,1
"6wN12oKQYl8",24,106546,802,53,129,3
"SzzrEHXSENY",24,106534,2929,249,131,1
"Z-vlkIrlNXw",25,106491,349,34,11,1
"MaR_mrHmo7Q",24,106452,989,52,30,2
"_Mpfse8_HaI",24,106418,333,33,6,1
"XXdRwwqKCQk",22,106415,0,0,0,2
"WEH64_sLRsc",26,106403,1136,112,38,2
"N4fh5HswyJM",24,106390,524,58,28,1
"ClsuqUrEy_E",23,106358,6980,351,1275,3
"LC0HbKYrqjY",22,106292,326,127,114,2
"agC2xp2AZlM",25,106255,1009,93,94,1
"xFIkEox5ZCo",24,106195,661,92,73,1
"FonaelWfr8s",24,106194,503,86,48,1
"8l_mLQZrIZk",25,106178,870,81,117,3
"4nK54z-z0-s",24,106173,778,123,39,1
"5ICuna92dLg",24,106147,700,73,61,1
"SUZ0pLfnqX0",24,106082,179,68,11,1
"L9ztgRLRggI",22,106066,791,57,41,2
"IV38IjwHI5s",25,105999,5442,100,861,2
"fVT2KQ9EpRk",25,105989,957,89,118,1
"alvd7DML6JQ",27,105984,1018,149,51,3
"veQlt4OWpFE",24,105964,1756,142,94,1
"pEXws5nwDEA",22,105952,7215,291,1166,2
"bGma0ZpMfBc",24,105929,3660,103,201,1
"jfD2HcRALh4",24,105885,233,59,6,2
"Ok16sU1JA-A",10,105850,3976,173,322,1
"9NWqtAcm5mg",27,105834,1144,162,528,3
"0euwv8NR5Bk",24,105814,4482,1020,684,1
"ylxsYs1PLVU",24,105812,499,61,59,1
"gwSGUosPbvc",24,105788,1049,58,55,3
"t0EIEy7yubU",24,105746,3554,261,368,2
"wa-n_uD4BHI",24,105735,94,123,10,2
"moQkYreWwL0",10,105719,919,154,126,2
"LDccnTmE7t4",1,105679,241,56,12,1
"hrF3tsB3xdE",24,105655,504,88,58,2
"x3JKbpNWlnY",25,105546,575,161,226,1
"Wdn8w79ZUxM",25,105543,1779,137,240,2
"kZcfW5TlClw",22,105536,388,93,0,2
"G_z7qAiYQXw",25,105519,0,0,0,3
"f9CeoDxybvc",22,105492,2636,158,268,1
"tX1KEIwTH6U",24,105476,342,71,47,2
"Pc8c9WEoaZ0",24,105446,672,60,37,1
"P0yA12jo6WI",10,105422,1106,152,83,2
"jY7XC5iY3ck",27,105397,4894,144,142,4
"GdElhyI32gQ",24,105395,147,31,25,1
"yWPzdaf-BIw",24,105388,378,23,33,2
"DJdLYXGvI5U",24,105377,638,42,35,1
"G2NVVja3Ig4",22,105375,102,187,36,2
"IZ1BOnIn-zw",24,105355,0,0,30,2
"Pf-yPCfbHOk",26,105349,853,155,60,1
"bO4WvZOC5qE",24,105279,3324,111,763,2
"DAVkiCl4AHc",25,105261,338,522,0,1
"HlKgaAcCnls",24,105210,1009,318,331,2
"lFh9daE3FQQ",17,105164,2184,256,88,1
"fmARwh-wR1o",25,105155,777,75,137,1
"gy9HLNIB1XE",25,105128,286,79,9,2
"Y_Fbb0Llw2g",24,105119,444,59,26,2
"dQXJP_tv1IM",25,105118,5221,124,1178,2
"9qFstfJ70E0",24,105095,429,32,6,1
"ipbr3SPxtBU",24,105088,1784,35,42,2
"xxL_kV7W9tE",26,105082,2410,98,1133,1
"aRK1WFOrnS4",24,105060,419,109,104,1
"_Auq287Vdn8",22,105033,356,120,41,1
"HNDQxtDwyD0",24,105020,485,91,48,3
"SV-sPFvM2L0",24,105018,383,105,67,1
"DE0KjD3FSBQ",23,105008,6726,174,573,3
"B1PQLwrtdvo",25,104977,386,41,33,2
"2_UdLrYZPYQ",24,104967,335,45,13,1
"a5S0hDaN56s",24,104943,305,110,76,1
"PGNx6iPAz1Y",24,104912,629,183,142,2
"2QTPYBK_iLg",24,104892,6094,232,232,2
"UiAcWM16uHc",24,104881,540,93,284,2
"1RYDhceLchw",24,104881,282,81,59,1
"lK91826fm3M",24,104870,616,118,94,3
"3aFBVoih-4M",23,104848,1682,87,66,2
"pWxYQ_RojgE",24,104791,429,33,199,1
"BMN367zKduU",27,104721,1131,127,263,2
"k4Y5Wxj4oAE",23,104670,11203,466,1727,2
"Pp8KxXANdtQ",24,104640,861,85,118,1
"fZh5GSxzMAA",24,104626,111,86,15,1
"hHnim6o5_Xw",24,104625,2169,136,95,2
"aYwG7bg0iu4",25,104615,699,40,28,1
"9yu0T0ii8Ok",24,104603,239,23,12,2
"9OArhHmSCIU",24,104530,425,24,22,1
"ucD_tx0lWOY",24,104530,1445,131,146,1
"3t1va8Z3LZM",24,104525,622,53,14,3
"j4KX101nHbs",26,104525,761,94,30,2
"7vfv8xplkLA",24,104523,179,57,38,3
"wX9C6suZbbo",25,104511,885,18,58,2
"ENpy00E7ziw",24,104494,387,21,57,2
"WzelEE1T2r8",24,104488,136,160,31,1
"reNmoaScYvQ",25,104478,682,148,158,1
"nZEQ-EsS7e0",24,104451,113,139,17,1
"MVwpupN99_U",25,104441,308,66,6,1
"X1DzTTSehoQ",24,104410,1039,240,342,2
"7JZuSFky1cI",25,104408,663,153,55,1
"e9QX9HK84BM",22,104382,471,52,0,2
"2lSu-wSo8iY",27,104371,6675,102,516,2
"2lsqbQkQS-M",24,104371,237,17,17,1
"bmkYc2aODSk",24,104267,143,96,26,3
"PhjEg6344_s",22,104189,1153,153,90,1
"GkOfLHJFQ-k",24,104062,934,45,84,1
"Y_Sty9DH1gg",25,104051,789,58,158,2
"JXgXYf8A7sc",24,104049,876,229,256,2
"c1FAgTvoXOM",25,104048,375,140,41,3
"4-aavPEzmHc",24,104046,635,159,82,2
"Oa9enzZD350",22,104028,347,75,27,2
"ifTUMt7vHq8",24,103986,110,69,0,2
"s6pM3FlBcAw",27,103975,162,54,12,1
"FEfJazZ-cUI",24,103968,100,20,45,1
"U5CmCfbpsTs",27,103897,2993,153,1366,1
"fARWo2qmlmI",25,103824,478,68,30,1
"qJBbYXneScs",24,103819,572,59,15,1
"_uS0hwCS2II",22,103810,1193,158,93,1
"UYgbAyvFGYA",24,103795,19577,363,1468,2
"v3vh0L0NqFY",1,103783,59,76,11,1
"plbGfAsXwFI",25,103774,1022,48,0,2
"aSK1hmeYFI4",25,103740,237,45,15,3
"v_8WfAhkuKI",24,103702,2624,45,333,2
"vfXklNcRQAQ",24,103700,2585,52,542,1
"zDGGMgUwOsk",25,103688,587,36,12,2
"WSU5NcuYIb8",29,103675,0,0,0,2
"zq0GM5kfOCc",24,103674,635,51,24,2
"7HTw1Jz5lcQ",1,103665,566,66,76,1
"DLf_WNizsZU",25,103643,819,134,34,1
"MYFRrdQNIPQ",23,103636,5770,150,477,2
"Uf_rqW2yTgs",24,103541,86,126,8,2
"JIFPDe89RVI",24,103533,374,209,60,1
"7IHXCNq3s2s",25,103527,237,42,58,3
"tjSW-qBd-v8",22,103510,220,56,12,2
"zmM89ZOe-iw",25,103496,1113,250,197,2
"h6ezOhaegGA",25,103483,312,74,38,3
"WfrZAjLjDqo",17,103466,261,74,13,1
"4tEqzEo5uKY",26,103430,1034,90,53,2
"cRUOr0y12kc",24,103355,1039,30,81,2
"KZ-4ahYIkHg",24,103349,167,69,17,1
"iireM92yges",22,103329,1017,161,50,3
"CiP8kAmnlyM",26,103317,658,63,48,1
"HQZN_KoY7S4",25,103313,523,54,39,1
"ogSkUodMHPs",23,103238,5523,111,293,1
"av0YxR_yYa4",24,103210,3127,83,462,2
"5J6g41_cp3Y",24,103173,2442,58,206,1
"JYeFv6vNHEw",24,103137,4002,579,497,2
"8jtLFWEmR5w",23,103123,385,119,162,2
"ybrkS2r2F7Q",25,103107,1187,161,601,1
"DB4lIN-Xjmg",24,103074,3599,73,1181,1
"GBTIkiU8FuQ",24,103025,302,18,58,1
"GEQ0s4HhK0g",24,102974,1740,54,37,1
"YcD3PJELuxk",25,102974,576,82,47,1
"yroA9ko7ktY",25,102889,513,74,177,2
"D2uzgHhbyzw",24,102880,229,23,38,1
"3-HPZFsCmSw",25,102868,6049,290,895,1
"bfChLrKb4WE",23,102852,5939,234,495,2
"8IdJCVD6ze4",25,102826,478,81,48,1
"cHvOfF8wcpo",24,102822,147,35,11,1
"f6Lh-OFaSYU",25,102810,682,65,104,3
"kdHT3U0Lj_8",24,102785,816,137,312,1
"nItUiEREckU",24,102774,475,28,36,2
"hN7zAz_PX6Q",25,102769,578,98,52,1
"CQPHFQJLGyo",24,102746,141,29,13,1
"6QTef2ICvZw",22,102738,3639,67,122,2
"r2-KukDoZ_0",25,102731,2032,41,201,1
"1_Q4j9N6cxk",24,102728,7852,144,1168,2
"xgxubjvzI0g",24,102710,519,96,42,1
"O67948Ka8Ns",24,102707,390,112,46,1
"JTdLY2qE2fA",23,102694,4818,119,228,2
"xzom5B57eJw",24,102666,338,101,101,1
"iWHVQzFEzRw",23,102648,1536,231,366,1
"iWEUQUVnIlA",25,102628,982,173,842,4
"yJxUc838CLA",24,102623,117,89,27,3
"YXVhf1nFya0",26,102616,1468,223,92,1
"D_ZoykCvXh0",26,102526,864,127,28,2
"EduPDDj3wV8",24,102524,133,21,18,1
"sqXfsQqnTII",24,102474,1200,192,365,1
"DMOhUEGkgfY",24,102471,570,77,25,1
"fFNhsNm0sMU",24,102443,188,20,7,1
"PibJUApxFlA",24,102372,470,77,88,1
"H7OKwy1l0Jk",24,102353,187,51,7,2
"x5zFyEeFLYQ",24,102324,340,80,59,1
"BJDlP2zowQ8",25,102315,488,62,52,1
"RDLXtGLWWso",25,102294,407,76,167,2
"zFkUxEYHbXs",24,102282,1751,80,232,2
"sdOVNCkapM4",27,102252,1470,196,278,3
"WcdTbiZZJZ0",25,102238,339,89,30,1
"h8ADs73_1e8",25,102226,364,178,89,1
"ODjmfQnsUgg",24,102194,359,105,0,1
"79GMkkOzP3Q",24,102191,80,54,8,2
"aDkZQFs08JU",22,102181,0,0,0,1
"wDZihGJWtFE",25,102173,450,82,38,1
"y6FyiX6CJGs",24,102146,64,83,32,2
"U0NYfLm8myI",24,102143,562,66,59,1
"LTqyxVzSbr0",24,102141,403,35,41,3
"3dMsDrXJKZU",24,102128,769,52,43,1
"yGQHtyQCZnM",24,102126,722,70,41,1
"2e741L1MPDE",24,102104,427,82,37,1
"vnxR1ebQz88",27,102096,880,83,25,1
"6yoac9joFA4",24,102026,16148,130,2630,1
"sF6J6265pZs",24,101996,82,294,59,3
"m2mWA1shexk",24,101979,319,84,28,2
"ckAODKa_FXE",24,101978,179,17,6,1
"qvkuHIPdfOs",24,101916,281,98,75,1
"vFfuU4X3Ctg",24,101911,598,123,51,1
"RzAao_bwKKU",25,101895,635,79,51,1
"QkNla6ru6yY",24,101892,8780,233,979,1
"5-H_PDeVDaw",24,101890,451,93,21,3
"8nPkgwJkGs4",24,101873,599,70,49,1
"DX3JaNiD9iI",25,101871,4724,100,847,1
"c_aqnGYhxEM",24,101858,136,64,18,1
"TLnv6VGKLk8",25,101854,501,96,57,1
"1FIlJqzGYJ8",24,101823,686,128,56,1
"MqFnQIEmZSk",26,101789,2665,138,1086,1
"QcprczvwErA",17,101775,1182,117,12,1
"g93LCBzKXQg",23,101748,1526,118,163,2
"qyumrsOnKpg",24,101732,2292,196,556,2
"ZLFwFwKZCGg",1,101712,1426,64,41,3
"_JqaF-Koo1Y",24,101694,836,118,95,1
"z01qISmQo2M",25,101690,433,127,138,1
"CN2QTicznyI",25,101688,571,74,46,1
"UbpcBUvfEMA",10,101672,314,77,36,2
"pR5tq_CrXlg",25,101631,489,69,31,1
"f8fKbkEpC34",24,101589,270,16,5,1
"p-R1FIo6xK0",24,101572,100,63,42,3
"gtMICnxPy-4",25,101565,222,26,17,2
"sb0_pYxMhaw",25,101534,320,56,2,2
"O_whGoi_Q8Y",24,101479,8006,175,301,2
"6OFreg9xSQI",25,101450,1588,42,33,3
"nlceigF6uhM",25,101440,312,42,88,2
"FeNjVJfo5kw",22,101434,333,121,64,2
"T14GHpnONz8",24,101389,341,59,31,2
"a-Y1GE1Rfmg",24,101387,834,82,83,1
"WssxscJp9eE",24,101381,2627,109,503,3
"AV7stc6o5eQ",25,101372,208,55,20,2
"Ua0wAbr_dYU",24,101345,805,64,36,1
"lSQ8cvU24-w",24,101258,455,55,59,1
"TFneepFU0Dc",24,101247,157,149,50,2
"_PLPzrr2f70",24,101238,394,75,11,2
"V4HAoBLMeJY",24,101234,69,18,23,1
"v5VAonsS-Wk",24,101233,866,43,92,1
"TpS_K7cE794",25,101214,607,120,88,1
"oUuOmhVc7Ro",25,101166,506,65,50,1
"RKiJGIiLPFE",24,101163,691,90,241,2
"sw71AmmSzCM",24,101152,197,54,14,1
"aBuro7xU1Mk",24,101135,313,113,114,1
"AVyQuDaPyrg",24,101130,1793,108,471,1
"L53psTkSew8",26,101105,2352,127,826,2
"YEJ0ZOEICqg",26,101095,1345,75,100,1
"WEkOOtmxTSo",25,101051,289,72,115,2
"cZIOEORESWk",24,101044,4670,101,332,2
"w6ioUtlunns",25,101041,449,58,64,1
"K3SPQqMlBR0",24,100988,370,56,24,1
"ktIBnmoj06Q",26,100873,148,80,7,1
"kDVye4KnjRU",24,100869,670,278,166,2
"2nn-UJIqTNA",24,100867,127,104,11,2
"0uG7sXIEauE",25,100863,963,27,56,2
"Op9V9t-2kkI",25,100861,163,64,56,1
"D2Y8tjUrLEU",24,100856,601,90,50,1
"Z8hiH_NW69o",22,100845,366,31,19,1
"X_GlOcpUidk",23,100790,5719,137,362,2
"JfTQUS4sN8g",26,100770,387,65,21,1
"4TqgdXPVLAM",25,100747,447,61,34,1
"kfWH-JRiU5w",24,100746,351,21,15,2
"3i6pu1jGG8I",26,100745,2655,160,850,2
"I5XdwBzlFgw",24,100744,306,101,292,1
"HwCZcq8Y8z0",1,100726,4311,174,510,3
"yfqXONVbGZQ",25,100713,1372,199,178,2
"VEOQOwFBsI4",25,100711,914,67,138,1
"aNkJQgS6hn0",28,100705,6540,389,1030,1
"ZYw6XBwKK1o",25,100672,778,147,84,2
"rOR5PJgR0DQ",23,100662,2021,453,242,1
"idqst-rdFRQ",23,100619,421,118,31,2
"Z7Bf2oYjUyk",10,100613,1544,149,107,1
"7vizvtqk-3U",24,100595,259,87,49,1
"1xtunyCPIOk",25,100589,0,0,0,2
"rLlzAvlefBQ",24,100564,261,219,166,1
"qXvmUdZGNFU",25,100544,602,89,96,1
"Otwccw5Yfvg",22,100539,920,175,146,1
"pKkBpHX6Pjs",25,100469,427,76,27,1
"LdkOJmWDgL4",24,100431,379,129,367,1
"LcQBn1-NTeY",25,100431,456,37,54,2
"qn-ktnvcrkY",24,100418,317,49,28,1
"OzOLYMBv6tw",23,100401,2650,88,400,1
"k1mUmm1wmJU",24,100398,729,91,80,1
"DEnRjVcgU8c",24,100385,6427,411,447,3
"OGVHmoCqVUk",24,100385,615,57,35,2
"_iUFdeHRW1U",23,100312,6787,321,1013,2
"TInRePpJmaE",24,100271,442,49,41,1
"SJTIFPwPvLw",24,100271,196,23,5,1
"Q3dkFBW7hgs",24,100249,808,102,75,1
"OSVgsmhJLBE",24,100232,454,43,29,2
"bX4lYE_fxjE",25,100211,521,136,260,2
"0qAexDFUW2U",24,100169,312,46,24,2
"Ic819_p_2Wk",24,100098,4060,225,202,2
"Gr1Si_he0gg",25,100089,490,158,118,1
"9UXH4RjeyL8",24,100082,86,52,125,1
"cVNaScqmshA",23,100075,4732,256,338,1
"waFxaXuReS0",24,100068,150,44,8,1
"1D6akJVuiuE",24,100055,11211,243,827,1
"44mVinbQhss",10,100052,392,60,61,1
"on4aC4Va8eg",24,100043,425,197,266,1
"Rrqv9-zOlu0",22,100010,0,0,40,1
"LG5fXQ1O-xE",24,99978,335,30,26,2
"PCTzn5x-eHk",24,99949,355,28,169,1
"_mbtqnwhASg",17,99940,612,64,50,1
"Uv21bleCbbw",24,99926,441,65,18,2
"Brx2k45RqVY",24,99917,587,159,30,2
"G4wj5F1mEqE",27,99872,6818,133,634,2
"lCjPPjRIPuA",25,99852,967,100,94,1
"sH9rAl9fpRo",23,99836,6196,245,385,3
"7q5TDPbiFn0",24,99832,344,76,44,2
"bUunZxHfKug",25,99822,248,71,22,1
"VgCrOSoGd6o",24,99816,109,102,10,2
"YBnGRbLdJ_U",25,99777,899,102,30,1
"HE1g3VgrI5o",25,99757,1009,106,0,1
"TP_rFJqzKt4",25,99728,970,94,134,2
"PvaPFw9GtUo",22,99726,1627,82,145,1
"LiLG7Xz_UAY",22,99686,364,31,5,2
"vCVvhWsfhLM",24,99664,137,49,7,1
"QWipZwUEJ5U",24,99647,217,50,13,1
"Ac7uJO-c3kc",24,99628,905,39,31,2
"ixcclXqEY_Q",24,99562,201,21,5,2
"70--WeRaQX0",22,99507,250,43,35,2
"xRJ3mdHEqOg",25,99466,5244,291,924,1
"pungT-IGDcA",26,99443,519,98,160,1
"gZUGZEydqvA",25,99339,1547,204,366,1
"IT-ARpBYBu0",24,99338,76,94,15,2
"GAWwOm6tArI",23,99292,976,52,209,1
"47iYbraZ2bE",24,99286,436,35,99,1
"m3CD0oUJ_2g",24,99237,157,44,14,1
"Vep9b7bbyWk",24,99199,2153,77,108,2
"KzSU8XD5EcU",24,99193,285,162,80,2
"niX0iVv9ah4",22,99190,629,220,200,2
"1xPTOIRWPWQ",27,99183,5746,330,1023,1
"ShoT7k3w6_M",23,99181,3070,93,155,4
"QfMx2rvbvyU",24,99140,840,87,67,1
"XODc4o8_lT8",1,99116,2341,84,96,1
"70xBIbwFDE8",24,99105,113,134,35,1
"Ob7rSSIbMaA",23,99102,4838,395,385,1
"_-oxAlQXv20",24,99045,296,49,26,1
"04h3YIoQ2R0",24,99022,578,61,33,1
"h0juXXzh8ko",25,99008,630,125,240,1
"aXbfY3S4vak",23,98973,7006,193,1260,2
"jzvlDbGUG54",17,98924,5039,52,401,1
"qRp3w33974o",24,98868,3304,157,899,4
"aiaJU6brN2A",24,98843,476,79,44,1
"eRvFPKbQi04",24,98825,2681,34,258,1
"HTSC_XFHS6s",25,98777,1682,134,161,1
"6m4s1qGrs10",24,98765,209,38,11,1
"PkEnyBJLShs",25,98758,658,95,124,2
"oVpi8vIs_Hw",27,98733,5788,109,201,3
"PGxURboeRtE",25,98729,142,44,30,2
"_AB7VCw1S-4",24,98706,381,61,206,1
"wesWyCNZSPs",25,98687,227,64,95,1
"ra9QTe8eAdo",24,98658,2146,74,448,1
"sNjZ1JUhtSw",25,98653,548,145,89,1
"gp_2aE9QVIQ",22,98653,304,36,8,1
"Urpt7K061xI",24,98641,1720,93,55,1
"ki2qncKdkqI",24,98576,330,45,52,2
"LHy2UoNdFlQ",24,98515,286,25,42,1
"6IDrRzpp34k",24,98482,117,66,18,1
"m6vrhyWDTiI",25,98443,554,56,42,1
"MD84BFhikMQ",25,98428,1420,125,314,2
"8jlXye49ib0",23,98406,4502,281,501,3
"n1Et3zb6BWE",24,98363,385,71,8,2
"GEtv4M4iA38",25,98323,838,51,53,2
"dM5No0nnXrc",26,98308,2667,128,740,1
"QzQNUYbO-nI",24,98274,700,64,58,1
"mxexD8ZD4KY",25,98229,371,66,34,1
"iYa8MBeiiDI",22,98198,374,114,158,1
"sCS0ZP2FOvs",27,98163,4215,73,598,2
"g41Qwcx8fSQ",25,98158,236,131,88,2
"fKUG5o7H9Nc",25,98102,664,58,113,2
"b9aWTdMI3V8",26,98050,2319,114,784,2
"wCgb1ubsHQY",25,98045,801,105,141,1
"vl_HAZfqtF0",23,98027,6677,136,620,2
"gMuf3PI2Sak",25,98019,550,139,125,1
"3Kwpk9J8tJM",24,97993,327,57,339,1
"4GSeLO0eHB0",24,97938,1788,102,355,2
"LwyDOnC-szI",24,97924,0,0,40,2
"hLXzejzQM8Y",28,97914,3928,126,649,1
"DJ_9WRDPWYQ",28,97907,465,58,53,3
"nkE6ukYbQ7M",24,97845,114,22,17,1
"VzLQgnepiFw",24,97840,267,42,17,1
"iReIyz0HFig",24,97814,342,28,57,2
"J_p2r5g8neI",25,97808,554,243,281,3
"qkeY8-MRYFc",24,97788,1946,134,600,1
"J-qhdYVjaBA",24,97769,785,108,89,1
"6R8K1EHOi38",24,97754,385,23,124,1
"jFqZjxHGBm4",24,97748,211,53,5,1
"XBZ078I8WbU",24,97746,492,64,26,1
"quuoHdS1vmQ",26,97709,536,90,10,2
"asbW59NaTcE",23,97708,2663,88,215,1
"FinTC5rfvW0",24,97628,170,57,3,1
"nepvrN5B2fo",27,97601,3435,218,1774,1
"zys43i_RKHM",24,97600,924,77,125,2
"df4_L3ejc1c",25,97560,447,119,135,1
"hijlgPm6rLk",25,97556,203,13,3,1
"SbRmVIxRMBs",24,97541,1129,135,167,3
"v9RyaFjC6-Q",10,97533,995,75,58,2
"MXH7yFFl3fE",22,97522,838,189,49,1
"bMY0tfmj95k",24,97494,2007,101,441,2
"CeUyL8y89So",28,97491,3198,121,539,1
"D226FaPUQUM",22,97477,990,164,91,3
"taspcNzJOQg",24,97454,950,70,73,1
"shVPUWK6gGs",25,97391,238,27,23,3
"Fx0iUlG9phM",25,97380,359,51,22,1
"h0CPCppNQsk",24,97379,312,25,18,1
"MKypvcbBARA",24,97351,7462,96,426,1
"9UlNX9tQURs",24,97302,355,47,333,1
"uvdTx6YMKBA",24,97297,2898,281,393,2
"O_8VP9jERUY",25,97291,473,75,49,1
"xeYFmSc1f6g",25,97267,823,196,392,1
"XU6iH5LHwDw",22,97260,444,40,0,2
"NZb1Dx4Y_n4",25,97250,676,114,86,1
"wTmbsfjC5Bo",10,97236,3907,281,556,1
"86EJumSjHp4",24,97216,172,77,29,3
"cMbAt6HwnIc",22,97150,629,131,38,2
"IOaJkXPJxcA",25,97111,1966,132,253,1
"h8_w7shvqzM",24,97108,4081,322,430,1
"g4R7MiDUai0",24,97102,860,103,0,2
"z2oJluJpMuM",23,97091,828,218,224,2
"t_16tcUPjr4",24,97071,94,99,26,2
"xQEl1QPZGWQ",24,97056,8005,404,806,3
"XsS_APhR-jE",25,97045,707,130,120,1
"Gd1XTKyb3k4",25,97035,490,72,56,2
"OnF-GnHy9Nk",10,97033,1206,180,210,1
"HwpkRci9Gho",25,97018,956,58,118,1
"zmtb9MoHNTU",22,96974,8644,474,783,2
"h1htJ-qaM_A",24,96921,5737,41,400,1
"u-YJd7tE6y4",24,96908,65,135,29,2
"Vv4xsdOHjXM",25,96893,727,264,406,2
"Tbapr_qIR94",24,96885,749,93,40,1
"gaxxZQLOO0M",24,96860,253,18,6,1
"TN0lBs7p_u8",26,96854,1113,280,288,3
"ke8qdzs8A3Y",25,96826,872,84,95,1
"69M_J6cE2zQ",24,96824,759,109,54,1
"D18Clx_9S8c",24,96760,331,54,16,1
"Dmsoqlu2OIA",24,96759,937,104,83,1
"sN8TLB8Cp_I",24,96688,979,66,141,1
"L663wxvvNOk",25,96682,939,111,160,1
"tcnfyjdp0PA",27,96680,6347,83,444,3
"7O0E9QwoVCg",24,96664,1376,386,944,1
"VDK2s3rWZ-s",22,96641,565,116,0,2
"txKeEEdlLxA",28,96640,10818,290,2060,1
"qzq8mZGbJos",26,96631,574,103,20,2
"mkB7zQHlKgw",24,96564,61,91,11,1
"JDyoKOB5OqE",23,96543,4208,85,167,2
"yJxOLsgqOuc",25,96537,452,56,38,1
"x5xGL-ob0QI",25,96527,866,44,83,1
"30OZx11GUAw",24,96471,271,48,24,1
"JnuvNW-ey34",24,96391,95,65,11,1
"SPIzfBIrCY0",24,96390,1288,112,81,2
"LF3y2wOeGiI",23,96370,2092,927,515,1
"V7KwrSS98CM",26,96352,2072,127,582,1
"38mKuuhs6jQ",24,96331,322,92,35,1
"XVPpvn9vQDU",24,96306,52,75,41,1
"qBeiFiK2mHY",24,96293,239,53,8,1
"XSijvJlrRa8",25,96278,214,51,26,1
"YlUxDKh89NQ",1,96258,2185,100,333,2
"M5sf03BOK9c",1,96206,1560,58,106,1
"f_OLukVg2lA",25,96163,3969,210,638,1
"bRVajQqFKv4",25,96153,513,94,127,1
"tHPRkwvW3ak",24,96126,985,97,84,1
"U9VoV3iH8i0",10,96113,2300,65,94,1
"jujC6-FLUl0",22,96113,0,0,0,1
"5W8oxIAjGu8",24,96102,300,67,33,1
"ZR1928D_M3A",24,96063,1594,2316,43,3
"7ClIWeGAWWw",25,96004,528,69,49,1
"CCnWllegNhc",24,96000,93,39,4,2
"jjOKZdaCddc",24,95996,300,21,27,1
"1WKk1n8LB6Q",24,95974,1587,131,60,1
"OLpzz72OKzo",22,95956,281,69,15,2
"m7d-25M-p8w",27,95936,2088,633,595,3
"X8H-nNeM3T8",24,95926,982,68,91,1
"D95kEmfZ_ck",10,95881,406,100,45,1
"nx2r9wUawFU",25,95876,561,220,267,1
"G_QCqneZfkY",24,95868,396,503,0,2
"BvnZX9Z_jVs",24,95837,0,0,0,1
"7tqgIGiGtlU",24,95824,514,61,16,1
"jRXuVGUyWYM",24,95773,318,119,39,3
"zEnty1WWiFc",24,95756,2112,76,147,2
"98Nr51dd7mU",25,95696,545,92,61,1
"npEKkKXPixY",24,95689,217,94,213,2
"R4Jk8aqpY7w",25,95655,551,88,31,3
"fDqCjKp2JHY",25,95648,1153,243,247,1
"I7-ZzWwtB9I",25,95580,773,80,25,1
"TjGbyr6UwQw",24,95508,52,134,10,2
"LXb24hvrakg",24,95470,370,76,64,1
"3vRBcKl7fEA",24,95465,150,94,39,2
"mv0UVw28pXs",27,95438,7657,135,531,3
"Ztbm9G0EySU",25,95332,1901,153,330,1
"dkxdxfaiYks",24,95265,216,50,51,2
"YkFGZikJS8c",24,95252,744,50,33,1
"8_apr2UDb_8",24,95218,282,92,10,1
"sOF6fN63uec",25,95189,417,82,47,1
"tGTKSw8GziA",24,95148,593,41,28,1
"UghYR5vnTzE",24,95135,821,75,58,1
"r8UbxgM_qL8",24,95100,157,28,9,1
"7Ins0_YP-LE",24,95093,134,17,7,1
"Gz7xnIzRIyg",25,95090,2057,96,226,1
"2QbicZ2u1sI",24,95077,5295,185,778,2
"4gwb7rHtGZ8",24,95064,1194,114,139,1
"8mbyn2WzVKg",24,94987,625,55,26,1
"Fx8gNixuAW8",24,94985,190,23,10,1
"xUYlfOQgobc",26,94965,832,112,426,1
"aAOKKPrIX98",24,94949,42,77,7,2
"ZOyo926dZYQ",25,94939,1909,198,287,1
"e9xvJ_dSaPM",23,94921,8535,132,1060,1
"P9Ulw1ZfyxY",24,94902,1831,65,113,2
"xvLV3dglvBE",24,94809,291,12,43,2
"EeghBXNuzak",24,94730,370,196,62,1
"n4d9cp9sRmQ",24,94715,288,35,28,1
"CvHVmBFtgKs",25,94700,1083,106,180,1
"dzGbIxrsFP0",27,94605,6359,150,752,2
"ccGVcKxzprE",24,94577,270,25,2,1
"hUJGGABc1mg",24,94483,961,52,20,1
"mDeShcHavpY",24,94449,400,854,618,3
"12EY75oSh7o",24,94448,732,37,163,1
"Gl_q4FZV9kI",24,94400,286,35,20,1
"iGY8krBuAGo",25,94368,129,74,120,2
"lqf1ExOzzdw",17,94363,212,58,8,2
"N-Eg_r3qR8c",23,94361,1058,87,171,1
"1Otk7YEBtec",10,94348,738,93,193,1
"PhHjnEGAsao",26,94346,2148,118,684,1
"sPtez2_iQLA",24,94310,2365,362,354,1
"W72yTMcXd54",24,94307,1312,32,101,1
"kXwracSOrvM",24,94263,435,44,47,1
"faqFaNypPOU",24,94260,749,115,79,1
"cKIjz1sIwRs",25,94245,163,45,33,3
"GFte3Ypipjk",10,94207,5032,72,802,1
"XjowhAeHIb0",24,94200,271,46,7,1
"RwV3T8-Jyv4",28,94187,7878,324,1244,1
"rkWY2aEKGFk",28,94148,517,91,23,2
"ocrKK0HD5fg",22,94094,781,135,49,1
"TxZFT9XARHE",26,94093,433,95,29,1
"Cv90OcE6lFw",24,94082,883,76,51,1
"Zs76f8pAt_E",26,94053,2624,194,256,1
"WABFKOyCCt4",25,94049,533,76,61,1
"_KaaRucSBUk",28,93964,4111,169,949,1
"fkmujBzYcvM",25,93962,625,69,39,1
"w2XhO25Kdqo",22,93961,955,149,80,2
"jS7SLra3AuI",22,93902,1765,60,20,2
"5JaaLKkeotE",24,93893,752,116,206,2
"_J-QadI8iLw",24,93794,130,74,27,3
"ySb9gzDrJI8",24,93771,1782,392,193,1
"UNgaF_xLpXo",25,93760,327,257,58,1
"FxzzX1a9ZzA",24,93753,416,83,63,2
"RRfn1dRvchI",25,93747,934,164,246,3
"RWTutjJA1I4",25,93662,33,5,10,1
"LUqt0j_9eLw",24,93654,971,91,100,3
"or-xbqcWEI8",24,93649,2687,121,224,1
"CwGDcA68yLU",24,93647,283,39,17,1
"0700OzToFd8",10,93634,406,62,21,4
"1ud8d6yCMcc",27,93604,2869,114,291,3
"GUYfO7rOl7w",25,93555,178,100,43,1
"NdVkyJqM1XU",24,93543,3440,67,631,2
"mtwM-gLa_gQ",23,93511,5247,171,230,2
"qKq4tXEd7Wk",25,93505,287,75,30,2
"VuLc8D-e1pA",24,93485,167,42,20,1
"u7Mqc3CPmww",27,93456,2935,168,1630,2
"wrIiEWY7LIM",24,93376,509,150,71,1
"G_sSD2tAbbE",25,93364,444,55,19,1
"GcF_dMWVRYk",24,93338,444,34,55,1
"thj6kYieaDg",24,93304,517,41,30,1
"7_VtZc3VqmU",22,93288,295,58,17,1
"4Jzzs4N-OJE",22,93249,2400,203,98,1
"T8IxsE71BO0",24,93241,237,93,40,1
"nolTihFDU58",23,93230,5832,211,415,2
"b1wuY9YXmYE",24,93197,295,50,60,1
"2rRIZs6KmTQ",23,93168,3316,304,305,2
"caShahlcxko",25,93089,508,73,55,1
"jMgjTPPNRVs",25,93087,452,59,27,1
"tR0Og2tJX6U",22,93070,690,52,27,1
"jXyz70Ss-bM",24,93069,481,77,35,1
"FteErqSLIIY",25,93035,2814,162,355,2
"UqiZ04j3EmU",10,92974,943,102,206,1
"O1IxDPLtgZU",24,92963,549,30,24,1
"CCr5-ZxYtNU",22,92931,191,70,9,4
"gMXjjvod7zY",25,92894,303,34,92,1
"5sVGug6dxt4",10,92830,1257,230,172,1
"doqFLMEUVXc",29,92764,0,0,0,2
"2WF1B0da-ZI",25,92719,0,0,232,1
"lYvuqp6jF60",24,92703,692,59,52,1
"UeF-d1IsQTo",28,92687,9314,240,2631,2
"6RVsiC_obEE",27,92668,1678,96,36,1
"opOgeVMv9wk",26,92655,398,92,35,2
"lo6rvA6NNNk",24,92634,306,61,37,1
"s8j0fAj5J3E",24,92567,312,74,42,2
"3di9KK1IQUY",1,92561,2047,154,333,2
"1wRY_oIQ-2w",25,92560,916,22,44,2
"KlPkau9TQQo",24,92538,737,188,331,2
"3FXsxIdk_jc",28,92486,6996,226,855,1
"3PdhAm_U3U8",10,92482,1715,120,114,1
"7IJ0kgZGXcY",24,92481,247,157,97,1
"HyYEjlfKCLs",24,92475,0,0,0,3
"BFqC3EL79Rc",25,92468,484,382,926,2
"OnAPbWFhFvk",24,92439,219,80,35,1
"JKFW-xHhkp0",24,92422,345,22,179,1
"Yc0Y_TlIqt0",25,92387,493,75,39,1
"Xr8LJ28ry0U",24,92353,927,44,81,1
"egL3W14rJ-k",17,92216,1165,59,16,1
"0hq4JiYosy4",24,92206,441,24,34,1
"wyuOYcUYDaI",25,92200,496,32,66,1
"QiUAnMrr5Ik",24,92196,224,78,88,1
"v3N6i39c1E0",25,92169,1575,278,71,2
"K-GLSdU2scw",24,92119,328,26,9,2
"MDpEy9ajlCs",24,92091,783,81,123,1
"ziOwvxFoLw0",25,92089,895,137,533,1
"Il3jTmNOt3U",24,92070,133,48,0,2
"YdI9Q4WhcLU",24,92062,1202,140,0,1
"KGUGk0gDAJw",25,92051,4354,147,436,1
"GjdvezK3a3Y",25,92050,552,90,28,2
"dh224s_R4dQ",25,92022,803,63,100,1
"tTITD2UlBeE",24,91999,951,150,132,1
"WkJ9_TOvjIA",23,91990,4688,205,100,2
"GGHCcogA2H4",24,91965,897,150,183,1
"k_xYTxIQs1c",24,91963,1422,40,81,1
"E_dg9cv86qA",24,91958,718,87,40,1
"5gUepqW2-34",24,91930,966,91,124,1
"90gcS7kiy8o",24,91923,170,32,3,1
"7Rk_RCQLcK8",10,91910,2356,28,154,1
"GB3Tbnnda70",23,91891,1369,107,308,1
"UewgB65jNkE",23,91883,5338,246,266,2
"jhkUkCHihFQ",24,91863,140,31,8,1
"PaevULMSxKo",24,91860,686,78,62,3
"g13BkabLzcM",24,91856,7287,209,981,3
"64e1DDIiX5Y",26,91854,931,56,14,1
"gy-GQ_XBymg",23,91847,2626,142,120,2
"vi2GJF_TiLk",25,91827,571,85,52,1
"OFYv_S_2Aw8",25,91820,406,27,10,1
"mpGp4oBEtlM",25,91781,1178,128,156,1
"YJw3MrRSX2k",24,91778,356,70,71,2
"ZsVOcEy8Ewk",25,91772,246,91,93,1
"bbRuwzN-jtE",24,91764,0,0,72,1
"yIRmWgSeQjI",23,91761,7909,270,1435,2
"dP1FmctZ7Uc",24,91750,2240,413,588,1
"x6DbAygBsbY",24,91722,323,71,17,1
"RW8Xh_k3GU4",24,91679,739,59,53,1
"uZS9Kfj3deE",24,91613,231,17,2,2
"h_epksfkmmw",24,91589,375,22,173,2
"-4CQ-nBEgfs",24,91579,0,0,28,2
"QwH4jNmjlgg",24,91575,243,31,18,1
"H8C6mM5as3I",22,91572,546,51,21,1
"89BgqRBja4U",23,91547,2580,378,178,2
"EJNE-SJuN7c",24,91505,1003,286,149,1
"DoQdnIJc5-c",24,91487,90,270,22,2
"Pvo9zUvixOk",25,91469,1059,76,125,2
"dyOU7PFGkzE",25,91466,380,83,364,3
"wBLZXDZ547k",25,91447,712,45,55,2
"XEMA6I6N2TI",24,91430,333,18,77,1
"NNgpIDKCFyo",24,91409,4315,247,447,2
"rGwu4PZGdAQ",24,91407,114,112,11,2
"AexXaGgoSSk",24,91401,483,31,8,2
"etEWd9RxPeY",24,91364,360,14,84,1
"0gKk_JQkMIY",25,91339,175,161,54,2
"RNIlW4NQgLo",24,91305,260,94,40,2
"DcWXxNtyHuk",26,91299,2521,109,985,1
"mE9Nzf2Dl1o",1,91281,2504,107,77,3
"GrStPKrA6B4",28,91270,9308,212,807,1
"OCEtNtpHlDc",25,91269,0,0,29,2
"rGj9aI4yr3Q",25,91168,457,71,32,1
"IJe0HbpBWqA",24,91166,3254,205,71,1
"y6Zt8DYocdA",25,91153,384,57,38,1
"cCwluu4-S44",25,91115,991,200,75,1
"Uo6fYl741Lk",24,91065,6339,100,270,1
"JNZXF7Qi3Ec",24,91045,0,0,63,2
"bzjtqEtyhNI",24,91023,6779,59,260,1
"qYckopLJEeA",24,91014,241,20,15,1
"7h5YEy7_b7w",24,90990,294,33,37,1
"esMhJ-gstkw",24,90988,5876,152,741,2
"bikJaILxEPo",24,90983,180,30,3,1
"8BZQHGgZVjw",23,90970,6282,166,653,1
"z-ZZ4XhCbUg",24,90952,1171,72,107,1
"7Q1yT2Ah9Vs",24,90939,712,161,275,1
"H2wqonfOgK0",24,90922,1275,47,103,2
"aWrNtXENmOE",24,90867,2098,101,97,1
"q32PASp0fM0",22,90858,233,43,6,1
"B-7zckt62mI",25,90851,353,188,606,1
"QjLXhkjljbc",25,90843,417,57,29,2
"tADexA23MnM",25,90832,668,33,249,1
"89AB6NeVDtU",25,90831,91,51,50,3
"0W85g1pTyWY",24,90826,5187,510,513,2
"pR19S1f3YRA",25,90823,569,50,82,2
"IQPIjwPXWcs",10,90797,638,143,68,2
"uKOggf39e7o",24,90779,653,46,18,1
"zaI28Z4iaIY",24,90745,374,57,18,1
"ThmXNub24Sw",25,90726,490,83,55,1
"Fr95MPLCvrk",25,90719,519,84,79,1
"im_GltEoqQ0",24,90698,4214,423,218,2
"rtwzZzPkyS4",24,90688,3260,195,220,2
"EziNR64FVuA",26,90683,1013,77,46,1
"fIPMveu2fOA",25,90679,1378,57,241,1
"di4_l5M7cSM",24,90650,1245,183,272,1
"aKsKUk4RPLM",24,90643,18060,165,4168,1
"lj4Q3x9012Q",24,90619,5226,220,6124,1
"Sw7D8uM1xCU",25,90617,597,52,48,2
"q1_N0SzfjO4",24,90556,1227,53,49,1
"ChTM7aTd6k8",24,90521,442,21,8,1
"0GLpvKLcdIU",22,90501,4380,361,1398,1
"ylC3Xt5gv7o",24,90497,154,185,44,2
"1ftKP3R9DDQ",24,90497,2978,93,463,3
"eGE9Bi_Qacc",24,90431,321,89,6,1
"BKalFr97rZY",26,90408,649,94,18,2
"biDwbOGWIJY",24,90400,134,42,9,1
"PkdF0kOisTg",23,90397,7302,158,651,2
"45i_lEN9OPg",24,90298,636,103,422,1
"7WjND_EhbNc",10,90293,5049,67,240,1
"7m-pP3PnbCA",24,90242,5315,77,335,3
"1OyKl6p0jIY",24,90223,3727,211,364,1
"85McVKfIRDo",25,90203,148,22,15,1
"H8EWy2aceNM",24,90198,350,75,39,1
"Fz6Q0XiqotQ",24,90190,387,92,45,2
"pZgBVMGJ3n0",1,90183,3476,71,225,2
"9ISgD3zU9GE",25,90176,1203,70,111,1
"aiKY5Y8THG0",23,90161,2587,136,156,1
"7YvCmbiaM7g",24,90148,607,102,67,1
"h32xfb94jME",28,90111,5399,173,1208,1
"5QvwNfi8u44",23,90105,909,87,123,1
"B-Io3MoRO3w",25,90086,505,73,21,1
"cJKYJT6_j3A",22,90046,492,74,13,2
"UyBfm3gad8A",27,90039,441,58,134,2
"oGoABVPTDQA",24,90034,1948,183,145,1
"VfczC10yCUM",27,90028,2572,198,974,3
"v5xH-g5IHIE",24,90009,402,54,17,2
"dXO8sV8w-b8",25,89975,664,131,449,1
"DO-1SUwwOdM",22,89957,600,123,187,1
"VdL_bxkgV3Q",25,89916,553,256,562,3
"oargaN_6gdA",10,89897,2685,47,149,1
"EBXSrpav9lY",24,89844,569,66,30,1
"5WLRo6HeYLk",25,89802,540,29,80,1
"07HDitEkDhg",10,89792,718,139,92,2
"p7tLPOnkzE8",10,89768,1573,123,0,1
"Lq3bzRCyN90",25,89737,745,134,68,1
"IOgebe_P9co",27,89706,3014,190,1547,3
"aJleFt0EV7I",24,89677,58,292,0,4
"qxNaRmS5r9g",24,89648,571,61,37,2
"ZQEcxpYr918",24,89609,251,79,16,1
"QEiskdHs8I8",25,89609,0,0,80,3
"Yb0hu1MSV5Q",24,89588,94,17,0,1
"SBrVNM1rMoI",23,89587,5651,154,467,1
"ap4WJLmJ7s0",22,89574,1282,157,210,1
"9S7gdXZHqNw",23,89552,12802,379,1378,2
"4AysOmXPuNI",25,89540,227,232,125,1
"KhZoxo4avtk",24,89538,649,118,42,1
"Fa_wN6O-eQo",23,89483,8903,202,1496,1
"YUq4YX3me3U",24,89431,458,71,30,1
"uJuZSh3csq8",24,89408,276,37,165,1
"t1CtuM0X2-E",1,89326,3035,109,105,1
"79y0sTYQ9p0",24,89299,1637,161,182,1
"BpwE0Z_p9HM",25,89295,826,207,571,2
"2eiBztJHjBY",29,89196,0,0,0,2
"HApQfQXoCp4",25,89181,535,130,108,2
"lGHQQOx2eMA",24,89164,192,30,5,2
"oUs9V0GzZxo",27,89144,3604,79,687,2
"RGIyy0u5g-c",24,89136,500,43,18,2
"SoQXNgg_P74",24,89114,405,54,49,1
"JDp3-egvxr4",10,89112,2057,87,147,1
"Ro0l4OBzqz8",25,89106,1044,91,107,1
"pdo-xtVvaMM",25,89095,262,149,58,1
"aqxcV4Tyb7s",24,89086,697,71,112,1
"lDkI3ewgL1c",24,89079,2034,78,525,2
"EsJZlGStSoI",24,89062,1001,229,1199,1
"fNLIUQVyQmQ",24,89043,319,186,42,1
"tIicz2Q4JnM",25,89009,632,108,86,1
"VaDEXYJqWJY",24,88988,420,93,49,1
"J6PBvi2ZOKI",24,88986,347,322,195,2
"5sVY2KcTuAI",24,88961,347,57,30,2
"8xk8afz2ZnY",25,88961,194,91,81,2
"WvRPOjsOGmo",24,88951,364,70,42,2
"mjIi2H6al5Q",24,88927,0,0,45,2
"_F6Jcs1M-3I",24,88856,864,49,35,2
"zJyUHRG3jpI",25,88803,497,27,37,2
"I_lZ_a0H60k",25,88758,380,48,15,1
"Jkw5gLF_2Rc",24,88748,5915,72,424,2
"PunttpRLpXI",24,88745,229,93,44,1
"P5T2PiMplzU",25,88729,969,91,86,1
"3Onpphx2ZiI",10,88675,1598,132,91,1
"xgObd-floK4",23,88638,1496,217,121,2
"5XwQsTjs30Q",25,88594,461,56,255,1
"gs9oIOT4I3E",24,88590,2094,200,710,1
"cJjJ4txtDDw",25,88543,852,70,57,1
"ECwAz8Mb4PQ",25,88539,1901,149,186,2
"eBYkL1NpgTI",25,88535,567,38,31,2
"_unz4N9IIYc",24,88528,367,46,10,2
"i6J_UIdwtXk",24,88518,218,147,138,1
"GhJY34ypxtA",25,88502,760,114,192,2
"nEehUrFRmIs",24,88494,159,1281,459,1
"vRRgwlC3DD0",25,88478,0,0,36,1
"kuJzWpQT_v8",24,88422,154,21,14,1
"fxncaIniMz0",24,88421,660,59,27,1
"30TEO6gsEAI",24,88419,278,49,57,1
"Pw9rQS-NVx8",24,88417,360,16,14,1
"sYDugDVJZH4",24,88410,81,149,19,1
"K5houy6BSBU",24,88375,139,21,34,1
"FVWZjNclRRY",25,88372,277,73,105,1
"6VTkUDQMzx8",22,88370,2633,347,354,2
"4Ono3WnTiqM",22,88358,252,117,33,1
"X0IX8OzWIhw",24,88349,757,79,124,1
"dTsEqoqqLd4",24,88339,293,18,35,1
"D0EcQlbq_No",24,88335,401,87,0,2
"eV2lmwIdu7o",28,88291,9179,310,816,1
"MD2tm6Z5eH0",24,88266,8098,270,900,2
"HBz3a6dnxm4",24,88195,447,16,35,1
"kG015apY7E8",24,88175,539,95,63,2
"UQS7l26xIVY",22,88175,0,0,0,1
"vztJPO99F5U",24,88132,4245,309,604,1
"q3eBCWAwVpo",25,88114,182,24,9,2
"tq-OEEEx-WQ",22,88093,207,102,44,1
"SempAoSbR6I",22,88082,403,38,10,3
"AN0MtjUxcwU",25,88081,80,60,5,2
"9WL_YkPchsY",24,88058,0,0,0,2
"oMau9WxsAIU",24,88042,2688,164,512,2
"kK8tGudhX4g",24,88002,518,26,14,1
"B1rgmNS7PrM",25,87996,458,56,24,1
"H6Pw4UiL23A",25,87993,840,34,121,1
"Txd2-qx2pjg",24,87974,242,31,6,1
"2JnRsUc3-WM",24,87974,287,49,50,1
"VdJr71mudNY",24,87951,185,42,6,1
"X5a5ImEJf2A",25,87949,1071,269,250,1
"W7eJtZUYPkA",24,87886,355,17,10,2
"C9Dd7RDO69k",1,87872,2961,163,460,2
"dUjNMfpbxV0",27,87854,2472,112,218,2
"PzkMztNH3SA",25,87852,225,67,140,1
"IlvSz76oQTg",25,87837,1454,327,635,1
"Q4X8zSSAlCc",24,87823,892,26,22,1
"wC6xbrYnkQk",25,87821,364,48,25,1
"lVGaJoO3iKc",23,87820,3805,278,283,2
"MSaaCAvm-WQ",25,87806,356,51,26,1
"KkQQFST6Hp8",24,87796,85,197,70,1
"IhlwXpKQ_LI",24,87793,74,18,4,1
"X9inVpinDyk",2,87785,1069,347,393,2
"T6i0iHo7ZF0",24,87779,743,84,65,1
"iNqSrPMt1QM",17,87744,4446,73,224,2
"Dxsymh_rPqA",24,87727,209,47,20,2
"zsuVy76rllw",24,87701,563,55,25,1
"P8N4jb2tLqE",25,87625,760,182,266,1
"tzKRTdNkQ2k",10,87622,2577,180,195,1
"wXJog5Xy6JU",24,87602,1199,38,63,1
"UMJrpj2QUc8",24,87589,324,44,26,2
"oPIt4Dt-Xww",25,87579,363,72,223,1
"P-aUNuHnHLc",24,87573,356,56,41,1
"zKIQdgJEHgU",26,87536,2024,131,471,1
"vCW2SWIyiDU",25,87496,227,35,19,2
"TNJdJ5NyNpg",25,87431,471,105,54,1
"cOt0ftDiL3c",24,87407,425,85,41,2
"mQCk1medFbc",24,87390,381,50,29,1
"7m2KXI28ZP0",24,87368,909,96,97,1
"H0J_N4fgQJI",24,87364,164,112,53,1
"xLFdc149QT8",26,87353,7694,591,2040,2
"GXN68kvc7do",24,87345,355,63,141,1
"rXw8hpiXAmk",25,87341,716,348,206,1
"fCOI-3hJKKY",24,87299,291,73,23,5
"UOgNUOKYXiA",24,87291,340,74,31,1
"6JNRoDQOZoc",29,87287,3594,194,0,2
"drh2T_ogx6c",22,87256,317,55,38,1
"X4WroLeusE8",25,87246,380,48,19,2
"cKC4p0Hit_8",27,87231,3781,130,711,1
"eV0BA-2WaNc",24,87231,909,64,109,1
"ltJFuOmcrQk",25,87222,294,40,18,1
"2oXa-JL0yo4",22,87206,1950,236,401,2
"VqSkJ6fuOK0",25,87180,1303,92,233,1
"C6p3u3sTd9U",22,87143,387,51,15,2
"DF4AH_IkTV8",22,87138,0,0,104,2
"YAdwCVhVcmY",25,87099,371,42,23,1
"Q0YfHwPoQLw",10,87096,1135,49,49,1
"G4wHjledVqc",10,87080,476,62,8,1
"OzZcZjLUNIM",23,87072,1207,89,298,2
"L05sXhdGVZU",26,87068,94,46,7,3
"mnEHOtcbew0",10,87064,541,116,53,2
"EJDxfJFA7Oc",23,87008,4573,129,354,3
"fos2KCqmSyM",24,86976,575,33,37,1
"dtjLDKyZ3-Y",24,86946,204,28,16,1
"UCMcqYFmU2U",25,86934,2614,96,216,1
"K2anA8q9sCg",24,86901,159,146,43,2
"X64kc8izV7k",24,86898,693,156,179,1
"FeFEtBL4dcs",24,86896,276,50,16,1
"ke00KteDBFQ",28,86871,7239,282,1113,1
"VSaIfk6okZU",25,86828,579,85,20,2
"G4BTsdufZQU",24,86824,223,64,50,1
"VZkQM_VH_Is",25,86823,562,61,25,1
"SN7CgeTSZ3o",22,86806,4369,242,219,2
"Fd8pZ8hakM0",2,86796,4039,265,1057,1
"I8pE1a7BknU",22,86788,1113,42,42,1
"rQuVqiRZGsw",23,86782,8453,130,559,2
"NhJPeWiHOhY",25,86750,211,489,0,1
"8-dtjcF4KzA",24,86736,1632,144,167,1
"oyEjTfZ0-II",24,86734,256,39,60,1
"fIQACebF8pU",24,86649,811,71,117,1
"mmrA1chENAg",25,86640,355,66,53,1
"XtPh-idp4j4",25,86573,754,93,146,1
"m-3QegiSIew",24,86554,480,24,38,1
"3VUwjNx7Xew",24,86515,1422,81,438,2
"XVKHUQrLf9I",24,86505,377,31,43,4
"1w1lA7sPlgM",24,86475,1170,122,264,1
"_fEx1_2iJk4",24,86460,4768,508,453,1
"l4uLXc7DhRc",25,86384,228,37,7,1
"ReUFPKECo-8",24,86348,165,69,128,1
"1RSaPUW1W28",24,86329,143,55,45,1
"wAH2abwcJKI",17,86278,1074,52,6,1
"HdMb4slDLuQ",24,86275,1048,65,212,1
"u2qpVH_4L00",23,86263,5023,844,614,1
"85LPF34UQaQ",25,86236,404,42,12,1
"e3dx_SIHfA0",23,86211,685,414,227,3
"aoRQuLLrOWA",24,86207,306,33,7,1
"vx6uMpChygY",24,86192,1172,75,39,2
"5y7AJm8WbDs",22,86168,130,83,7,2
"5D-_zcTIH08",24,86165,345,65,13,1
"crw-fYcrK-M",24,86142,631,129,60,1
"tDDMNPmNvQ0",24,86119,420,57,8,1
"hGNZl5rAzOU",27,86096,2170,127,682,2
"ZhmG_2LIdk0",25,86068,2043,259,350,1
"nldCjOoiMPY",24,86054,349,66,14,3
"NQf2Bkv5uTQ",25,86054,292,156,19,2
"r5xTuumaurU",24,86031,530,46,17,1
"5sQ5SALwmOc",22,86028,89,18,11,2
"csM9QlkwFx4",24,86020,190,54,11,1
"S6mySI6d2eY",17,85923,575,37,20,1
"GvnJI5Nr-7I",25,85916,0,0,145,2
"KIjGEHiORXM",25,85894,1048,163,319,1
"YW8nPnGgczc",24,85883,411,60,0,1
"bzQNnhpK4ao",22,85882,433,64,6,2
"IIkU6MYdC_8",23,85851,6827,108,294,2
"JvHemUVtSvI",24,85845,2069,212,515,1
"yAVaXiC-SpM",24,85840,177,66,38,2
"13zgNDLHfyk",25,85832,423,94,120,1
"52ME1nHLzgY",10,85773,566,167,89,1
"U7_5nrWmbgM",27,85733,3692,92,157,1
"VUHt6q5kU74",24,85730,1638,88,48,2
"nGmLCEDBNjQ",25,85711,314,104,41,2
"cK63XuJMPvo",10,85688,2363,33,154,1
"IoCkZYiq7YM",25,85653,654,57,82,1
"3LrO2qOIhpk",24,85607,1974,165,261,3
"bzu4SRlpxNA",24,85605,11845,56,1602,1
"aIESaEQjrnk",24,85591,318,84,57,1
"Clw98RDR_Wg",23,85590,3852,189,220,2
"klabrXbvqU4",25,85576,744,107,109,2
"ljiuxGCkVlY",24,85565,151,38,4,1
"p1edEYovn9o",24,85549,1103,40,22,2
"IGe6eIzPeBo",24,85548,274,80,53,1
"eyHa2Qk6Xhg",22,85521,393,203,75,1
"p32g56xXJuA",25,85480,360,60,15,1
"LAl4G62ZEdQ",24,85467,642,56,36,1
"Lcxk2woCRuE",25,85437,745,380,377,1
"G-kUqMrQZTM",24,85431,243,70,47,1
"X-x8xOVk7KQ",25,85421,499,60,40,1
"2AUn3KYvbXg",24,85416,788,107,157,2
"5SskeSZtC_Y",24,85363,378,52,17,2
"D6WQau84KDI",25,85330,4438,234,844,1
"VTkFfX_t9kM",24,85321,207,69,42,1
"_W7rCzfsrUc",24,85319,625,40,28,2
"sROCQSab-EM",24,85295,198,36,9,1
"ShC0BANlgh4",24,85275,5447,295,723,3
"OZ5qPuxYlEs",22,85256,303,74,47,3
"3qQCjCZRIVo",25,85208,211,50,42,3
"mtfHKj82PZY",22,85196,309,116,173,2
"7RGnOALpYCk",24,85165,244,41,16,1
"GB4Hlszzsb0",17,85150,975,58,2,1
"LcyzB0fpEbY",10,84997,793,112,65,1
"mMwavxagSM4",25,84967,1158,64,177,1
"GveicXwhn_Y",10,84942,571,170,41,2
"B8gf0WVz01E",24,84933,4547,217,597,2
"2ZEa2NpzQus",23,84925,5276,160,304,2
"TGXjtYG0oHA",24,84902,224,37,3,2
"C_SHX53zwLM",23,84891,940,120,249,1
"oajM8-n4p3g",24,84826,1063,69,17,3
"1rXfqV2de1Y",24,84825,204,33,60,1
"7fN2HZGjCs4",25,84815,321,79,226,1
"hUpY27L0wQQ",24,84813,185,100,38,1
"CDootQrfRfE",26,84719,2373,86,759,1
"vDadyTfYXjE",24,84717,765,87,60,3
"WqlHcyrtSD4",24,84700,72,59,9,3
"Y6U_lDVHgWU",22,84691,2284,141,189,1
"9_pqGlk1giM",24,84687,7291,249,894,1
"1y5chjUCoW0",25,84676,513,2274,1978,1
"WNsiXI0DFP4",25,84674,342,83,16,2
"HBBFnMvwJls",24,84642,510,44,30,3
"QKYHGnCwRMQ",10,84639,2412,125,100,1
"7wavUI8EnaU",24,84606,911,16,444,1
"QvbIpZNElhY",24,84592,2966,57,420,1
"xSeyE7dES-c",26,84583,3662,227,442,1
"yIMw9SQAY0s",24,84558,1831,118,563,1
"wzzy41KWeXA",26,84554,3571,434,739,2
"wsUDh_gDBi8",25,84523,1225,187,129,2
"IN1BrefGuxQ",25,84501,217,43,68,2
"QM2Pz3MZzh4",25,84445,414,69,51,1
"PICB_4YUdoU",24,84440,1979,204,265,1
"RgrLpwiXjwQ",24,84423,214,19,4,1
"8COpSoA1xis",24,84339,629,62,68,2
"d3QMpVgTLmY",25,84331,649,60,109,1
"XSpM8-CPsvg",22,84299,2125,194,277,1
"_oEIdFi7sAE",24,84293,8069,142,427,1
"nT3ShVmjJ8k",24,84226,273,42,18,1
"gOC_Hru8_j0",25,84214,0,0,0,3
"uRJrRsn6TTg",24,84208,323,362,269,1
"d25Crd7giGg",24,84160,349,17,146,1
"kGDIs1gWQQM",24,84152,702,62,58,1
"mczKYRUsrTs",25,84124,0,0,0,1
"JsZ2yyIXOSE",25,84097,352,44,47,1
"7OGvlKUtZB4",23,84090,6777,182,426,2
"Mr8JBsuzlRE",24,84084,355,71,52,1
"bZ_h4sa1ja8",27,84077,3999,71,752,2
"hRi7m2xKiow",28,84056,18573,110,2840,2
"BJ1Tlhkl2Is",26,84038,1018,89,34,2
"RJtw_r_XR_c",24,84015,198,239,81,1
"iTOxClOWt0s",24,83997,341,60,33,1
"r-iL1lxno-0",25,83969,1093,68,41,1
"HMO894wG_Yw",25,83963,370,53,11,1
"3-u9vPbQ0rU",24,83963,109,73,21,1
"gqQP-vQb7j4",24,83942,491,55,99,2
"UR6iSH3pygE",24,83922,333,57,13,1
"aIVSrUQOp0Y",25,83904,617,190,153,1
"bjRhRr3PX04",1,83898,5890,233,407,2
"MoDENFl7AXQ",24,83885,1464,55,122,1
"1tnvA6_JRsw",24,83867,848,73,60,2
"QPQnmtPYl8w",24,83847,378,53,820,1
"b0BnOq-b1eU",24,83820,4896,85,495,2
"9nF7NpK9w8Y",24,83758,38,145,50,1
"DXTzT6THgdg",24,83752,60,66,18,2
"HSGD97ENVfg",23,83653,6050,153,988,2
"B5dXwhhD9NU",23,83644,5848,182,396,2
"x9Y3vlafr9A",24,83642,581,57,0,2
"EL80F2GD8yQ",22,83630,270,114,48,2
"CovcctM8YZA",24,83622,238,16,8,3
"a7ooYFM-3QM",25,83612,746,298,1301,1
"s7h2qOMw--o",27,83576,2909,182,1215,2
"tCwobbUygg0",25,83565,824,105,152,2
"a0mZ9W1c8bg",25,83565,1008,18,14,3
"cCE2o-HCEQA",28,83551,3434,73,506,1
"fB3Lr-z0R5s",10,83488,2512,103,329,1
"GpaI3XL0-9A",25,83472,803,157,237,1
"WX7xkr0bPFA",27,83454,2899,323,1463,2
"oZwqdg3veUQ",25,83437,629,42,31,2
"ulH_5gS3jx0",24,83431,737,115,252,2
"oATFmuUsgTg",24,83382,1456,65,23,1
"iOH9awkZK9k",27,83382,2918,157,2019,2
"UJgsdX8NUnI",24,83370,110,47,0,3
"OY7s7pqffU8",24,83337,607,46,37,1
"ut-Fk6vPjuQ",25,83323,1479,143,125,1
"_Jq2RX3KQQk",24,83316,250,62,18,3
"csIlwTeuHes",23,83304,1104,79,159,2
"VCMhS2Qhq1Y",10,83295,204,49,5,1
"iJE5YtGLZNc",25,83241,1118,321,354,1
"GqdUSoPDkeo",22,83233,586,177,19,2
"ZWZ5Tr24DTo",23,83223,5504,226,371,1
"VfAlG3XK9uc",25,83222,629,65,68,1
"7ePMOLhXzec",24,83208,134,26,7,1
"xlhuPmDsm8U",17,83200,1017,58,1,1
"cnTHUPpfOrE",22,83198,227,71,99,2
"ax5RMteun4o",24,83177,297,61,41,2
"1EfSKoQFPnQ",24,83138,438,79,22,1
"eyYgF36NMKg",24,83138,5622,204,452,1
"ab6JzpWd3wU",25,83130,397,94,66,1
"KWrn9_UNS2E",24,83130,2521,114,167,1
"x9skn25fdCc",24,83128,836,62,145,1
"JHgDCQAtvbE",1,83116,328,54,25,2
"ezF45fGzmzo",22,83101,237,134,141,2
"LFLFBpjQxaw",1,83076,3862,155,416,2
"TQHs6pz-nMk",24,83053,438,83,53,1
"EqmIKVZHSJU",24,83013,2892,70,336,2
"QojrtMboF-A",24,83006,2220,158,1058,1
"sH8xGzY6-SU",23,82972,1786,451,348,1
"seT2-TwnIYc",25,82967,437,71,45,2
"c6_8u4KGV5M",23,82920,2561,90,194,3
"v7mH7ZOSYA0",24,82912,239,21,35,1
"Etbt_3IGDew",24,82864,389,70,48,4
"wmOJVKD5nMI",24,82845,181,76,42,1
"J6oJvqYaR6U",24,82798,509,97,668,1
"U7eLYLGJtr4",22,82796,637,50,152,2
"e2FbmMVlvA8",24,82794,2175,70,51,1
"QgjgzMxLR3w",10,82793,2197,132,174,2
"B-nSef8J524",25,82787,0,0,0,2
"dDo186kzOo0",25,82785,354,52,15,1
"nhpPxcJ2RQA",24,82775,324,68,36,1
"Qy4uvdDD0h4",27,82773,8034,150,1553,1
"C4RxaYVlrtM",25,82708,239,60,52,1
"VWe5hqdGCZA",24,82697,1185,277,108,2
"nF6mhRB_KK0",24,82689,173,28,2,2
"K_6_MGgXXeg",24,82667,242,66,14,1
"Xh-xO9uVjj4",24,82659,705,138,136,1
"x2DuCJkwMzI",24,82630,145,36,14,1
"yap1YNLH7Wc",24,82626,293,18,42,1
"zoFQhvnFCcI",24,82608,1116,83,167,1
"qJZCQ9jMqOc",24,82590,296,58,23,1
"2MD42M67C1E",24,82588,426,34,15,1
"Ilc76vV427c",24,82579,82,108,25,3
"kW9Mv0XoFzc",24,82569,249,68,28,2
"Gw_0YTSblOc",25,82566,408,36,53,1
"GqqyMF6Z0H4",23,82555,1092,122,282,1
"6MAqLTAR6qA",24,82552,317,33,19,1
"MFU9NFtByPA",24,82512,321,33,38,1
"gCmTDwB1CT0",23,82480,4821,155,363,1
"a2Q_XBVW16A",24,82467,245,41,43,1
"lUDqmvNXizU",17,82458,458,68,34,2
"T5-gLMUbq3o",25,82450,230,176,113,1
"DWC2o_h5wP0",22,82449,1305,83,73,1
"QfZVYITsQRI",27,82406,5095,99,528,2
"5-BFiSVfshE",23,82406,4210,147,788,1
"d9xBypgiFcI",25,82361,597,101,174,1
"aHDV2mHzNgE",24,82323,0,0,68,2
"DR5H0mMDUOY",25,82322,377,48,5,1
"hHbXyvg9dU0",24,82319,256,66,74,1
"x1fl0sLqOmM",10,82255,4042,70,431,1
"FtWAB1SeAU4",25,82232,495,52,42,1
"E6aDQ7qMjPc",24,82193,224,14,98,1
"Y-FoigPMo8E",25,82184,129,44,11,3
"uqH4oRB7fME",24,82171,332,372,212,1
"z9SZiYxAUxQ",24,82145,122,16,7,1
"IhoMjzSxNAs",25,82122,351,47,52,2
"L236VVslGGc",22,82121,865,99,110,1
"AEgA1jhCcMo",24,82082,508,68,61,1
"v2Mg73YM5o8",24,82071,0,0,30,1
"KqrHtShJl9M",25,82061,408,129,255,2
"oRpilHkOW3c",24,81992,1574,78,30,1
"WJ65IXee3E4",25,81979,1233,63,77,1
"rZYI9pR16kA",24,81964,2858,182,674,4
"N344CxexIV8",24,81962,247,33,24,2
"hJckoLeRXIk",10,81935,1110,13,67,1
"5xCIMI4M7D8",23,81933,5246,148,1103,2
"UeGSeksW5os",25,81931,441,45,23,1
"51XkDLk-uwg",25,81902,395,61,20,1
"ECFRIzp3EB8",17,81893,966,37,1,1
"n_8JT5FsyuQ",24,81888,101,192,21,4
"v9a6l_s2PKM",27,81887,4199,157,239,3
"dpEsEjpprhA",23,81851,4759,618,463,3
"AI10HEYYv40",25,81824,201,43,144,1
"EyUNioJzBso",24,81815,510,60,20,1
"nfNLYpFJj8o",24,81810,547,44,37,1
"ALEKln73R4g",24,81810,476,44,20,1
"Qe5b-bnL1AY",25,81803,1910,187,262,2
"r4Sfuy60274",24,81756,812,107,203,1
"qaN18sB4n3Y",24,81724,203,36,14,1
"3tfTJw5QFeA",17,81648,1677,68,71,1
"caEM5TTgeks",26,81637,2859,102,1123,1
"YAKr20zPxtw",24,81634,4404,638,482,2
"kWEHD9kB8ag",28,81619,6549,313,923,1
"vxnp_i0m80I",24,81618,444,67,13,1
"5iAgjZn_-dE",23,81572,5815,182,357,3
"FPfXIuDrwGM",29,81558,2204,53,189,3
"orQECtsFJRQ",24,81557,558,93,32,1
"YuNqvbM-wns",24,81556,108,46,3,1
"_CpikPu5ojY",24,81538,87,113,14,2
"bIHZWsfhLS8",25,81538,4285,104,737,1
"GL6B_D2zuD4",24,81533,138,66,14,2
"41dnYsBilt0",24,81530,1687,44,93,1
"jbs9_qxBS1Y",24,81497,491,43,19,1
"JlaQdaclIjA",23,81469,6646,458,648,1
"VCO2pxhAIi8",25,81456,340,45,30,1
"Er7GS0aK754",24,81441,383,45,10,2
"mqcQWAXUbZk",24,81435,4789,146,1316,2
"Hfr2EqVffas",24,81406,3690,152,1316,1
"ZASCWH7oVPM",25,81388,417,119,123,2
"NhWhtU33sBg",24,81381,282,34,68,1
"9UB01zPOXeA",24,81336,613,59,44,1
"Lww6RzTwTpE",24,81305,104,52,5,1
"puBq9Z5TpEw",22,81301,205,227,10,3
"4_RkNet9jWU",25,81271,758,245,295,1
"LZ6vRA0c9ms",24,81260,425,88,33,1
"EWOG8mFTBvI",22,81249,116,126,26,3
"NY2WESi6kDc",25,81229,618,55,74,1
"Mav5qF_8r8E",22,81220,569,67,90,1
"r3laXkyihNs",25,81214,761,87,108,3
"V77J2lRRLLI",24,81196,186,58,56,1
"yW8Thgn2udY",24,81177,329,158,33,1
"gSbH5oVsg7w",26,81172,1358,119,574,1
"CwG8iU0fdwM",27,81170,909,180,90,1
"rb9P_2yQZCI",1,81138,930,30,22,1
"5MfBDS9YgPs",25,81137,293,57,16,4
"kwGrQZUXBus",23,81117,1237,90,80,1
"FgTb0fwIjMY",24,81114,470,17,10,2
"3wj3nfH9-JM",24,81108,298,37,10,1
"2qkfZFhwciI",24,81097,158,19,15,1
"9AFp2L42-2I",24,81096,162,52,10,1
"KDeHSl9ueg0",24,81087,130,23,6,3
"Is8GP_QDkpU",24,81045,260,57,16,1
"aOTh4d2L9t4",23,81043,4238,653,324,2
"8hWC4RW_0Q0",24,80933,1073,108,32,1
"hcQdBcwR4PI",24,80901,407,14,4,1
"rr8qh2B_oX0",24,80870,225,93,20,1
"Dc2_BANXXT8",24,80838,371,11,35,1
"o8xRMbXI5HM",25,80821,1114,66,158,2
"Ei3GtvqNkeU",24,80785,627,38,67,1
"xhCRRthTs7I",25,80769,411,36,77,2
"k62Px9wU5kQ",24,80768,336,328,85,2
"16BoN38Zbic",25,80751,537,40,34,1
"ijJwq05GMcQ",17,80750,597,37,35,2
"CXActGYYeO4",24,80723,1941,90,198,1
"nzeLRqTlEto",24,80715,944,186,354,2
"rNUfBWul-cQ",24,80708,150,32,10,1
"PJBQd-Nweeo",25,80664,542,53,556,1
"XPumolFKnMw",24,80633,298,28,9,1
"aeuM_0spbxA",27,80611,1667,116,63,2
"Y0D6Fn9y7VE",24,80610,214,43,26,1
"iS3dP6zZOoM",28,80516,4755,366,616,1
"iguPHytSgYg",24,80491,324,48,41,1
"vtoI9XC-dvo",22,80489,531,54,75,1
"DatlhoFlJU4",24,80487,2011,140,247,2
"oWxtHpyQHW4",24,80477,349,14,32,1
"Xs1-F2VncOE",24,80476,232,51,12,2
"iAHy5O6h64Y",26,80430,495,132,34,1
"FkjQR6NacGw",23,80423,9061,452,1981,2
"PLRwEyl47W8",27,80423,2035,48,121,1
"TkGCiThREUw",25,80384,356,58,25,1
"qgmMRf64aCc",22,80358,91,60,11,1
"XWD8LngHjeU",24,80346,357,91,260,1
"8lwdaqTm6ZQ",25,80340,262,37,5,1
"GubpY7QotGY",28,80337,7169,313,2757,2
"IuQ8R932440",27,80316,2808,151,909,1
"yz5RuzHRwYw",24,80311,267,53,14,2
"6e9iLTu04Vg",23,80310,6873,216,336,2
"3wzNQbk6Q78",24,80310,1114,76,73,1
"HABSozizfvs",24,80298,284,49,42,1
"O-W8nD-RiUY",24,80246,379,56,0,1
"WLjprVtjvLY",10,80213,5309,507,349,1
"qb4lWr-hXPg",24,80202,410,81,23,1
"uHzeMA39TQM",24,80182,51,29,33,2
"Q0ZFzyKQvmY",26,80165,351,99,41,2
"IiSx610l6gM",25,80163,1957,87,416,1
"Q-4j_G1bDd8",23,80144,480,51,32,2
"PuYwzl9i71k",25,80133,452,54,22,2
"fSXayhoEe9k",24,80075,449,79,17,1
"3ZUhTFzDLBc",23,80055,5881,171,379,1
"NpnkAbr3q9U",22,80019,331,137,46,1
"VV8ms6DCWo8",24,79982,659,84,261,2
"mySZlV9rDE8",25,79978,388,42,29,1
"RQZ31_RiZdw",25,79948,188,42,25,2
"NK9DJLg25bU",24,79914,631,69,51,1
"DCCNe2eKsC0",25,79864,1591,97,178,1
"bzEbvtvELcs",24,79858,249,63,47,1
"6a5ygLDkJCg",27,79845,2719,120,184,1
"V8KjzdmziPs",24,79837,4848,264,136,1
"tLlPw2ZTTTE",24,79820,1251,111,63,1
"VhSiLkpuWJE",1,79809,609,49,41,2
"B--VCiamSbo",1,79803,4109,44,405,1
"k03kE9hNdYU",25,79783,440,37,35,1
"R0Qv_nl3WaE",25,79759,423,63,56,1
"YaNtkqkNRaM",24,79750,288,29,30,1
"nIgV4CYTPWM",29,79723,3015,162,0,3
"LuY00T0Qhlg",25,79700,802,275,1325,1
"ckKxT49xQHM",10,79692,767,43,13,2
"KnvP8I2RfJg",24,79675,147,20,22,1
"ZmcK0mjkeFU",23,79647,2063,163,380,1
"wIAUpZ-JbJw",24,79645,500,106,161,1
"zDhb3m_nHEY",24,79603,822,36,10,1
"PyAgxl5pNZE",22,79571,104,279,56,2
"DKVyeBcxuGs",24,79570,672,69,28,1
"e2bl6PNe-lI",24,79553,1482,101,77,1
"nylKJ3CXyic",25,79499,144,20,18,2
"UziL6ta2y6I",24,79457,1629,146,622,2
"1ys2_kcWlVk",17,79451,563,49,0,1
"iS6s_8l0jSo",24,79437,250,31,8,1
"r4gzldcBISk",24,79411,215,56,12,1
"Cr4GlBQ9hVc",24,79408,81,42,12,2
"qkAELW1BgxY",24,79387,1400,82,219,2
"p-C1f6jd7AU",24,79365,323,28,111,1
"ocaq9GbBKLA",24,79353,139,47,10,1
"oyAwXbuZEW4",24,79347,293,27,4,1
"IxL-7HVJE8A",25,79335,320,49,108,2
"KBimIoAgAgc",24,79308,801,40,84,1
"QnWvt8W4mGQ",28,79307,4746,92,1101,3
"oRexjMP5XUE",23,79286,3690,63,176,1
"b4f4QhBkD7A",24,79274,3728,116,463,2
"QjJGeYpyvAw",24,79264,1599,39,267,1
"suDDuJ2spFo",24,79239,2589,58,216,1
"Od0wd_0kw1o",24,79236,2338,135,331,1
"fVF8btITRjg",28,79214,972,114,106,2
"MfAPTsT1bwk",22,79205,735,156,110,2
"YAxdzbjnG14",24,79181,279,32,22,1
"szoHYZa6nxI",23,79180,4899,350,243,1
"MlLaqRRbRoU",24,79176,371,103,32,1
"Edh51Ndl83M",25,79156,436,53,41,1
"2QceSebTfJc",24,79131,101,53,42,3
"y4qmvUO51Io",24,79124,151,24,3,1
"zvMUlNj6HLU",24,79098,419,76,235,1
"RVm3mRA6OMY",24,79071,453,29,29,1
"LCwSrfvUaiE",24,79068,274,67,82,1
"KcbcqjJRtVo",25,79018,265,70,15,3
"yJJ-7PS2ltM",23,79014,6864,387,661,1
"35rv_9ppWM0",25,78997,385,61,28,1
"A6cnxBYU-Rg",24,78988,1689,394,288,1
"HnfRlop7Rn4",24,78961,166,42,15,1
"5p-MHALEVTY",25,78950,511,78,18,1
"68dGLhN09M0",24,78927,1045,72,181,1
"x0Dc7pUPkzE",28,78876,8775,223,1357,1
"5sHJORXcxtE",1,78876,1638,121,100,1
"2GopPos5oMo",24,78861,431,41,25,1
"gtyzWWOGdiA",25,78837,824,236,374,1
"bkZcHppVnIQ",24,78823,1415,56,149,1
"b9Lm-Yjdl2A",24,78801,479,50,20,1
"zMSb2Jjcfxg",28,78799,6127,228,990,1
"zci8cB4sHjY",25,78794,416,59,42,1
"wT8HI21X2zQ",1,78786,660,49,56,2
"v4Udhm96XNM",24,78781,296,62,81,1
"Za6uj9FSBdk",25,78772,823,103,60,1
"gagcRaYBnyI",27,78761,2720,137,292,2
"3ryhogPAhkQ",24,78760,225,8,81,2
"3_OBtgP-f9I",25,78750,481,27,14,1
"LUod1XI3AkY",1,78748,3060,198,235,2
"hwiug8obOT0",24,78721,250,48,31,1
"cVgwygyYiPY",25,78668,1256,179,0,1
"6dff-i1yQIk",27,78661,3010,209,2016,2
"CPfXDZulZeo",27,78645,3154,82,428,2
"Za02BS0an3U",24,78593,6905,75,422,2
"DCI4SSA6AEI",24,78528,2390,307,570,1
"FCVKLkeD2I0",24,78464,257,9,1,1
"7QuZjipKodE",24,78456,178,58,46,2
"BkvySu1y9tM",24,78452,414,96,143,1
"UtqE056lqas",24,78447,241,11,13,1
"3vuI6jxqVk4",25,78360,135,24,19,2
"Alp2ibzQZCs",24,78354,79,21,4,1
"yRBPI1O0gqI",22,78352,567,65,108,1
"9atUs5GMdnQ",28,78262,6286,857,1053,1
"7nbeDO9nVi0",22,78239,365,77,0,2
"deyqAURzQtY",23,78235,5223,204,364,1
"u-RCkoC_It8",27,78232,4669,90,556,1
"dggnDu2uQkg",25,78191,233,84,75,1
"EVPMzmeTlXU",24,78178,1806,115,1147,2
"hwExMRQ6G3A",1,78160,8185,256,839,2
"VIHhqXD-jCY",24,78142,48,49,18,1
"OWhOsOHQjY0",10,78140,2800,51,219,1
"KRw9cGWawnA",24,78108,428,56,17,1
"Jcao2Ci5kLk",25,78098,1530,73,0,1
"6IK70-nLc_g",24,78090,568,25,25,2
"DoDiKLlSNFc",24,78080,8136,417,749,1
"zsNKD7Rb_d8",25,78080,270,98,216,1
"JerOYDOIxog",24,78062,357,95,28,1
"X1tn8oAcoEk",23,78057,956,120,329,2
"Igs-UrjDV5M",24,78045,2125,94,596,2
"Jk9-yBBz3pc",1,78036,1838,147,140,1
"ZaaNOB8_Tjo",24,77976,3999,430,346,1
"ST6hffmicE8",23,77962,3163,54,124,2
"_BL0Gg-w8QM",24,77931,476,47,58,2
"xfBptMVQy4g",29,77914,2685,126,0,2
"Z_8_Ik29Bmg",23,77900,2663,248,194,2
"LdWS3t9PMvY",24,77895,2505,76,138,2
"3tgxP2G_l-E",25,77870,399,42,9,1
"4HtmIkJ1gAY",24,77810,666,59,17,1
"HWSryRtKbLE",25,77755,2180,147,537,1
"tkPM0nuPFFk",26,77701,0,0,6,3
"Un0cZn9OFIY",25,77699,546,92,372,2
"vXOeJjKjyik",25,77640,378,66,16,1
"d-JTnttueXc",22,77545,459,111,25,3
"XanipACX_wU",2,77545,2309,70,212,1
"bH81MrjYZDs",1,77527,223,63,20,1
"_VJJ58M85_0",24,77516,63,71,13,1
"kr-JeXaAZ-c",26,77505,1669,114,374,1
"vw2CS_Ahpd8",24,77498,1979,67,74,2
"g9_GRUdnMEA",24,77481,372,60,17,1
"Y-ChSNobApI",24,77480,481,74,56,2
"XwY0v39JcSw",24,77478,191,50,17,1
"L3pCB1RWx6Y",24,77475,5867,52,473,1
"dHEb-AXhEs8",23,77469,409,88,305,1
"DmoMlyHhZhY",24,77460,532,22,34,1
"FckfYiGS8n4",24,77451,391,281,163,1
"zLnv5cuEnrg",24,77399,1989,2000,545,2
"5QWidvvNzGQ",25,77390,583,202,60,2
"xgqnqTZybI8",24,77318,691,68,92,1
"TWA-g2sOu6A",24,77300,1685,61,309,1
"lWZxmYEhlZc",24,77297,1039,45,20,1
"9W-aDrFafTY",23,77275,2898,200,138,2
"YumB-OP5cAY",24,77273,334,34,19,1
"bvagW7KyOYQ",24,77272,1290,27,137,1
"ggEUbtxYHyQ",24,77258,2801,49,552,1
"qTU7Nr5GGHs",24,77229,122,10,3,1
"sstxZWMsPiI",24,77226,460,71,59,1
"aWX1tpNB4kw",24,77223,875,76,49,1
"U7uuEF4HShY",24,77215,181,34,8,2
"VF4VJ0VgJsI",22,77211,345,37,16,1
"FT4s10MtrDg",24,77191,259,51,21,2
"nIDn1ob86S4",25,77183,367,53,67,1
"OQYDMudPbgw",25,77141,209,33,18,3
"DltsEDQGkbs",25,77124,140,62,88,1
"hpchDSh0b2o",24,77116,702,54,85,1
"ZEtFCmdd0RE",24,77106,841,176,119,1
"so9vOwh4lUo",23,77086,4517,116,202,1
"aYJy4enQbV8",24,77062,352,23,6,2
"PHP4w6vDjug",27,76965,4425,67,403,2
"79G2e1XKcRA",24,76955,1023,82,251,2
"iG6RwZwoN8Q",24,76950,253,55,20,2
"HWakbNVhvNM",24,76932,110,31,15,2
"kDvHDTRRiiM",25,76930,711,30,76,2
"tCqNlEdWXZ4",24,76922,387,98,44,1
"PI83n6brJws",24,76917,191,36,57,1
"9atKB0lV0uw",24,76915,2635,3031,741,2
"hdnp__rGSjE",24,76897,591,91,43,1
"jBd2POxoHwg",25,76885,1470,975,860,1
"CFMsEiyQpaA",25,76874,0,0,83,2
"L89hgEA_XE4",25,76856,558,21,27,2
"YmV2kWjrUeI",24,76843,433,34,14,1
"8J0YkARAhCw",25,76821,344,48,56,2
"nQino2t96Ns",24,76809,393,83,17,1
"s0kQR_ktoy4",22,76775,671,104,24,2
"ehIiETwIg6c",24,76763,181,12,10,1
"eB_Gbcplvbs",26,76742,401,72,20,1
"rq6ZdOKouJI",24,76705,152,35,3,2
"ew6tV472YYY",26,76705,1870,88,767,2
"BljwwiTqqQk",24,76672,1484,54,52,1
"z7D9QjAWo6c",25,76646,208,52,55,1
"VbHy1dgqJ5Q",24,76640,250,54,0,2
"DhFxWT8gtr4",25,76625,121,60,40,1
"zYzlXFCLYEQ",24,76617,953,22,115,1
"l9BGsZ48Kxc",27,76587,3304,48,567,2
"IkA6tQYOFVA",23,76572,717,92,150,1
"8BXdwl6ATG4",24,76567,596,60,75,2
"QPA04zwJuUE",22,76543,418,130,18,2
"LDhZtrSE_wE",22,76498,361,78,0,3
"B_xkp0R7gbQ",25,76493,157,55,34,1
"PubzoQK0pR4",22,76490,251,67,19,2
"nReQIRJRihI",24,76472,283,30,18,1
"Om26P6KKK-Y",25,76472,625,66,337,2
"IFQnVV41TX4",24,76464,407,10,98,1
"NhMe6OrVQng",24,76464,375,59,24,1
"MH2UFY2J4Es",28,76439,4638,290,514,1
"ef3fyr9S9s4",24,76435,2058,228,152,3
"LJiZxA_WVgU",24,76429,631,58,29,1
"8KW7DDfXx9U",23,76364,5789,127,614,1
"go8mQEvWsoA",24,76360,1517,78,103,2
"nYuYEmy7zi4",24,76311,471,52,72,1
"qvnDk0LAqN4",24,76274,472,139,727,1
"WZb68DCtSCw",23,76262,2718,137,533,1
"qTIL_8K2ClA",10,76254,4483,353,977,1
"hVmg4NhjsjE",25,76242,181,35,32,2
"_jdI0m2Ehj4",24,76205,696,55,19,1
"1-v5cDWU5no",24,76188,4785,51,206,2
"ZGgWlec-82s",24,76178,327,35,0,1
"_nD7ut6sPrs",24,76157,342,20,20,1
"GB6mtpgfMb0",25,76145,351,60,20,1
"1orvYyRDeF4",1,76137,172,57,32,1
"6hUdk_u0KSQ",25,76118,308,47,15,2
"q2eeCtzJvV8",24,76094,362,102,36,1
"iyYwHbg8gao",27,76084,960,128,98,1
"AzyPYUdfglk",25,76082,150,32,77,1
"fHDY4xhqmxA",24,76072,809,63,65,1
"V82FjwcJrW8",24,76066,500,76,26,2
"PuzzJJ785dc",25,76050,573,87,4,3
"ctuX3fixE9I",23,76047,8042,127,663,2
"XtYw9xRYDI4",23,76041,5051,115,578,3
"UcUlfoZ0Z_0",22,76037,3316,175,270,2
"zvjNaSmQFLQ",10,76007,1214,117,2,1
"NKUvMCQGjA0",22,75979,363,58,10,3
"ZlN9j8Ph4l4",25,75959,992,175,316,1
"24oBjjYSupg",25,75917,383,45,24,1
"_w2b9CMKGbw",17,75903,480,61,1,2
"FRzUDGUAVdo",27,75891,5144,113,1466,2
"MVp6CqWd2tk",24,75833,462,43,22,1
"sYddhiOAJzU",26,75820,236,59,29,2
"Sw8XyVuL7JY",23,75773,2801,54,146,1
"rmLsSDIRuKs",24,75739,954,67,69,1
"3Y54ISbk4zc",24,75730,666,55,69,1
"bgOvT_tTXiM",25,75726,542,337,127,1
"xLEMiN-SO8I",25,75719,1029,109,138,2
"a-e6Zx4zWvo",25,75704,100,62,22,2
"w-7togFAqPs",1,75672,607,40,29,3
"OGeMSzgQDnY",25,75664,91,60,19,2
"IhayTDC4GTQ",22,75641,933,117,54,2
"fQt6mnpn1uU",24,75634,160,70,80,1
"XWkjEkfTSas",24,75627,2382,168,65,3
"TMZ8LBAFcx0",25,75608,357,47,8,1
"EFs5pruGt_k",25,75601,0,0,0,1
"cfMN74Ry0QU",10,75580,959,100,153,1
"hItjHtXrUWM",24,75524,3996,162,113,1
"sLSRi2PNE1E",24,75501,1542,177,397,1
"cwpfKjWGMWA",24,75498,960,42,28,2
"cmMLZ0Mj65I",24,75489,540,36,25,1
"Vx0WI0d0XhQ",24,75471,646,70,243,1
"NRAmKOgukKs",25,75456,401,44,16,1
"kCDSge-Wsgw",24,75432,359,34,215,1
"jqZrH_8kHk0",25,75390,128,105,13,1
"ry_2xirbe3A",24,75388,253,49,6,1
"jMbjUeX4gRQ",26,75384,2669,113,1115,1
"3HqhNkYmchA",22,75374,432,116,61,2
"iFgXT21LOl8",24,75361,253,20,12,1
"AfTwd_lHq-g",24,75360,132,33,12,1
"xroLPP2mz74",24,75328,30,41,30,1
"khB01_3XtZQ",27,75321,6046,69,538,1
"U5Q0J1fpswU",25,75268,359,59,49,1
"d80WxW5Z7z0",23,75241,5187,175,208,1
"31cKKgoYb84",25,75197,221,78,150,1
"5Ey1v8L_pEc",23,75166,8496,70,764,1
"4GS32GLTnHE",24,75160,182,12,6,2
"eeMpv9AZmf0",24,75125,212,36,103,2
"bfNXQS5VW48",24,75123,404,122,33,1
"pi36z_ReHK0",24,75099,430,50,93,2
"fMmFZG8PQuY",24,75052,222,20,98,1
"kiAio2TAb2A",24,75003,905,27,13,1
"-1LnwpleqLQ",24,74997,55,25,17,3
"nDoaMULDAG8",24,74997,0,0,0,1
"t5YacNyUakA",25,74971,360,35,14,1
"sCJlKoo7m9M",24,74935,280,76,66,1
"iZKP-gWL-lk",24,74924,321,45,16,1
"YK60sUNoyVA",25,74889,1107,300,224,1
"Mwn4zdD51Kc",26,74888,663,71,14,1
"3D_nlSIgqII",24,74888,5267,344,346,2
"ZA_fHHvrdJU",24,74883,2321,48,353,1
"dfHWB8uRLvk",10,74874,2094,69,127,1
"h3doP22HXCE",24,74859,450,63,19,1
"yDP2Bp9P2o8",24,74857,794,202,570,1
"EFkd5ymLfjs",25,74821,88,38,5,2
"a0NtQgwh8og",29,74816,2847,137,0,1
"F2tVclsWeNs",25,74799,361,41,25,1
"3H3dmVhoy_I",24,74797,432,65,19,2
"T3EEPvaxC1s",1,74767,1745,55,590,2
"cqnOF6rzRVU",24,74743,1149,64,58,1
"B9S2L8dEYCA",24,74739,300,12,14,1
"BFNxIPfnVOw",22,74715,107,38,7,1
"uEhSwoARDLI",24,74714,261,30,15,1
"gkAUiba8Lb8",25,74706,266,41,115,2
"41JIFnzXPUg",24,74703,0,0,77,2
"NDsbqejkwaU",22,74694,364,36,27,1
"eKJziZJ9uFE",24,74691,225,53,63,1
"nX8ZaFDegkA",25,74689,2495,45,50,1
"JcfZ268m7kc",29,74665,2706,146,0,2
"SSVDTFjBqbU",25,74656,177,38,8,3
"0JB6f5HpCns",24,74647,767,29,88,1
"mRIRatzbPHA",24,74589,417,61,21,1
"jDcNatHjP-w",23,74555,1060,105,373,2
"aFleYBC4cm4",22,74554,295,166,24,2
"omxEgO85SiM",27,74552,2520,143,1225,1
"Jzw7Zgycrb8",24,74545,362,61,12,1
"pa2dhXCzxig",24,74513,207,31,44,1
"MA4g3ZUcc3c",24,74507,0,0,68,2
"EX3OXkajGyo",24,74483,1475,68,283,2
"H0vLUrn5eAA",25,74432,676,124,223,1
"XcDNQu5ZfRU",24,74431,195,44,13,1
"w-3DjKRUKDA",22,74412,133,25,0,1
"RbycBQIJYQo",24,74395,260,24,16,1
"G8Ym5q66vK4",25,74391,546,37,201,2
"734OGrGvK34",25,74338,544,44,86,2
"lA0t3XWuIvA",23,74333,5554,104,960,3
"WeBrSf5a2j0",24,74332,2868,48,476,1
"b78QZwe8mPM",29,74254,2669,150,0,3
"BLTSH4Q0rMg",24,74214,53,90,6,2
"O7CISHZ4AX8",10,74128,4427,152,662,1
"m5Y4qf_D_88",25,74107,378,58,68,1
"61IdrjXzH9A",24,74103,414,58,41,1
"LY0xoKDA1rk",25,74089,306,49,13,2
"jVjLsidcT1A",25,74075,299,31,16,1
"tL58a9fIXJg",24,74062,227,838,584,2
"dh2IPikoM7k",24,74036,3136,52,212,4
"B_Sozpecg48",24,74036,161,25,8,1
"1Wbw8XW6OIA",23,74030,5656,135,475,2
"myYA9oai8_M",10,74026,524,120,71,1
"Lis0Qq9WRh4",24,73884,498,76,57,1
"TTB2X9DzF5g",29,73865,2535,122,0,2
"Igda2YUnNMc",10,73854,534,74,40,1
"eMtZDjn8O9A",24,73811,287,24,89,1
"Prx-SV0d34Y",24,73803,1303,53,65,1
"_SQe8RCMrIU",23,73802,6228,182,1073,1
"YiJb8b4F10U",24,73790,350,65,27,1
"rMibE9JBNd4",24,73750,694,24,12,1
"xE6Q_d3QnsE",24,73746,217,64,48,1
"AaK8pFtg1BI",10,73736,5286,43,740,2
"XFrthIpqLYg",24,73726,334,72,15,1
"fRrGh2dd9FU",28,73707,7127,150,1607,1
"6uHjUih4ht0",10,73670,3227,245,370,1
"IIWDaeU68tM",24,73653,254,38,17,2
"7mM3IXw3ozI",28,73559,2739,130,849,1
"voEc070V4T4",27,73556,2780,124,1486,1
"rq8U51Palc8",10,73553,4655,164,362,1
"seECv-2IHww",23,73509,1009,62,282,2
"g-QutoBBCEw",25,73456,375,43,25,1
"xzEbOteUiRY",29,73442,0,0,0,2
"VOp8yEvsK-A",25,73422,424,87,50,1
"vFqbfOVhydw",24,73418,65,92,0,1
"yW-YycIN8RY",25,73410,130,24,153,1
"czfQn2p941E",24,73403,127,19,2,1
"93YOUpkeWYs",24,73395,287,286,72,1
"8WYnz0puMMo",27,73392,1571,108,38,2
"vTNEcCAbdLQ",24,73376,229,21,5,1
"i39u2y-L38c",26,73372,1886,125,677,1
"PjPlubo4cbs",24,73362,120,50,10,1
"bv9Mqk2VRTY",22,73321,1592,101,115,1
"gQqeMq3zqqw",25,73312,652,72,99,1
"uEPmlbKCQfg",10,73306,235,62,11,1
"BSsQmUy8Aw8",24,73295,212,102,97,1
"CJbrks5FR88",25,73276,392,52,21,1
"j1bSvqK35Mg",24,73264,71,63,9,1
"mBUu5lKwtJg",10,73200,631,118,69,1
"9e2rq1baOzA",27,73191,7105,84,530,1
"l9OhLH_o-Q0",25,73188,347,38,3,1
"86G2JK2JSsY",24,73175,343,33,19,1
"5ILMG8dFrhc",22,73117,162,40,3,2
"318pPIVpo50",24,73093,371,68,40,1
"caUHggmbKFs",24,73092,96,41,14,2
"HdKZzcu1-Xc",26,73059,380,61,6,2
"wWF3vM2CpJs",24,73039,326,32,44,1
"6FYjSdSg5Es",22,73034,184,60,22,2
"7x9GnrYzbfY",24,73002,564,44,21,1
"nqWyjNqdhXM",24,72991,50,74,0,1
"qcPWjww3EN4",25,72974,2247,23,146,2
"1L1Gok4RNA4",20,72964,4603,353,87,1
"bof7r-Tk95A",24,72931,878,132,79,1
"UsLdGhkSw9Q",24,72905,419,36,24,2
"6lg975XOhLg",25,72901,1561,1152,812,1
"dYdUOvB3l-Y",24,72892,2002,110,103,3
"bxaPGw_mPFI",24,72881,325,47,18,2
"zZYIoa_fBhY",25,72798,352,42,15,1
"So3RweR7wrM",24,72780,306,19,12,1
"xCgKZhQ-uU8",1,72744,2736,122,152,2
"DdzG3RCuREg",27,72742,1997,65,260,1
"xuvgD7I0-A8",24,72734,128,32,12,1
"4-oSGAwDCwg",26,72716,146,35,14,1
"4N_dNP8f8nk",27,72685,3238,81,311,2
"5kacW5YROic",24,72670,2375,108,624,2
"JtSoHMVvKG8",24,72644,44,44,0,1
"E8fQbYljsaU",25,72616,261,93,106,2
"84A4Ymlo5h8",25,72616,0,0,0,1
"QANn0yZ7QHE",24,72606,3512,623,521,1
"xsI7Dtcp5Rs",25,72576,434,54,39,1
"iVkAlIWokII",26,72530,89,49,1,3
"zRqLuUUfH_o",23,72499,970,98,291,1
"Jv5GreKXU3g",24,72481,338,91,15,1
"KvxKV4tQewU",24,72454,397,80,30,1
"kJ-cUyosm8g",24,72449,340,47,16,1
"Lds_GoZvbUQ",22,72441,516,177,35,1
"7xevEVJrVBc",24,72407,100,22,8,1
"Ml9TuVu_t5Q",25,72403,250,42,13,1
"1_vas9Gv55c",10,72403,1750,30,69,1
"HYfUJcH976Q",24,72384,3259,656,371,1
"BAB6WWROXn8",1,72371,1886,46,374,2
"I6zrOCNq5wQ",24,72367,471,12,23,1
"UBGJmTYO38U",24,72355,251,13,1,1
"qOMDZdrJq9Y",24,72332,117,48,49,1
"pCIPS1HxZcc",24,72255,51,57,12,2
"t-QX-wqtKgE",27,72227,4193,87,749,1
"LfbrjeT0I4I",10,72194,1458,29,71,1
"1plV-kk4nPQ",22,72183,319,77,0,3
"b6wvwgcpE4g",24,72182,437,25,15,2
"WqhHRCaPm40",24,72154,363,80,46,1
"psRHgizIE2U",26,72134,207,91,3,1
"EzKl9maaiW4",25,72119,0,0,6,2
"nRIuXP5Q4Ak",24,72109,257,37,12,1
"IF2Ji8dxtWE",25,72109,225,36,16,1
"85uItUWwDu8",24,72108,2431,76,268,1
"Q6FEyhS9jXY",1,72086,3905,246,858,1
"tyDM8F-tm6s",24,72054,242,88,13,1
"8HR0XFBK6Ec",24,72042,432,13,16,2
"XdP2JugVUFQ",23,72038,1955,60,105,2
"LeHiqH0o2pI",24,72026,1143,39,122,1
"hIx_0NrCMo0",25,72019,961,263,226,1
"rN1neNjix-A",24,71990,364,25,240,1
"51BOpokB5Oo",25,71978,319,31,8,1
"fTMi8Eql0U0",24,71930,281,216,381,1
"K_b4KfPFqSA",27,71929,3535,742,0,1
"yjyiK78LOPU",26,71921,300,69,15,1
"gkMHTbSE280",24,71906,392,48,22,1
"MsfsDLwRFKI",24,71875,215,37,27,1
"vEO9MYa7CqM",24,71820,171,35,4,1
"uLLYbYpV1z4",23,71786,9067,453,5427,1
"kFrpcWON8Js",24,71769,147,126,50,1
"ZPSb34Ug3IQ",24,71763,1452,127,309,1
"Z4-6VH04V40",24,71729,4761,187,517,1
"fZ6Z2c5NGrk",25,71720,696,48,39,2
"HjGTzRfdfY4",24,71708,1174,50,70,1
"ZktaGjw0kcU",23,71703,3075,632,381,2
"zKUtYpUsjjg",24,71677,5428,236,493,2
"thE70yQu3Bc",23,71676,3339,54,390,1
"9o7XmvBoVTo",24,71670,1151,280,0,1
"nzTNNz1qzAU",24,71646,262,46,17,2
"ldoGNKM5QCc",25,71634,365,45,13,1
"uPGwALV79Ek",25,71603,228,64,45,1
"wSfrvzagyFA",25,71597,353,39,13,2
"w3JIjnkJrhc",29,71549,2726,124,0,2
"xyB_ZvsMA24",24,71524,225,41,7,1
"8GEM7hEBqAw",24,71475,185,97,31,1
"5KgVJBP8ihI",24,71475,116,277,63,2
"Va0z7yogB5A",24,71470,128,45,6,1
"31Yena24aKk",22,71465,539,40,34,1
"tg3jwZuLjr8",24,71455,164,13,6,2
"HVuekli_gxA",27,71455,2473,128,1123,1
"jzbWW3McxS0",24,71418,787,18,301,1
"-4LXo4UtUr8",24,71394,133,73,46,3
"BCltqhUbpiE",24,71358,528,40,20,1
"WwDZSY3SpWE",22,71344,661,68,205,1
"tT7pVA-xmeI",24,71336,344,29,3,1
"0fm1XR-RIkc",24,71302,371,68,38,1
"6-3g9ZKg2os",24,71295,447,31,19,1
"xRmO5PcrEPI",10,71292,37,68,12,1
"JFe_OFPYKQY",25,71272,309,38,66,1
"W_2a9eZbbsc",24,71270,743,32,26,1
"lq6pDb0-A30",29,71218,0,0,0,2
"k5DRr-6RW2Q",22,71188,326,167,193,1
"J3b0WiLjwVQ",22,71180,216,202,61,1
"TOj5DyUrjV8",24,71151,408,120,201,1
"e7AI6LhJNIg",24,71131,652,53,39,1
"fkdPw4ttAeo",24,71110,370,61,26,1
"VMWRMe8xIXY",25,71100,252,61,17,3
"IWSOknSI9TU",1,71087,2257,232,332,2
"35hJIfpMAco",22,71073,207,31,50,1
"aBM34lmoNQY",24,71005,163,40,17,2
"gD5iOieFDyY",22,70993,134,9,3,1
"nFYM6XyWvuw",25,70974,488,49,212,1
"9TXT6dE9QWk",25,70974,320,32,22,1
"LKzDV94y4p4",26,70973,1927,83,832,1
"cjg7UFew5Jk",23,70968,5442,137,349,2
"BWmgWR1X39I",24,70968,11028,95,3336,1
"YTAlpMnc8HU",25,70966,939,38,90,2
"Z8zRo_AEd6M",24,70966,455,38,23,1
"QbD1hz7jxl8",23,70921,4205,127,233,2
"mYNsupDKazo",28,70908,10675,319,4639,1
"zeeZxSJXwIk",24,70861,383,76,34,2
"EkmqLURLozs",26,70852,383,46,11,1
"CgbZnZrE9OM",23,70810,3768,191,257,1
"jKhzydoI8iY",25,70780,685,17,163,1
"x_0uL8lPSSg",24,70760,385,31,30,1
"pqmWY0PpauU",22,70747,700,62,81,1
"V6VDbyXacEw",27,70745,370,133,35,2
"DjcR41DrPBA",24,70742,2256,162,124,1
"odO0FAIjBz0",24,70709,2058,120,175,2
"SDi8HTn5zyk",10,70702,472,57,33,1
"MgAmmBPZQsU",24,70678,182,8,8,2
"0nPAkQuEiH0",25,70653,639,43,46,1
"8MKWFCgax4o",26,70643,768,39,14,1
"n2bb5HCqwvI",28,70640,3508,144,431,1
"FGl-v-wC6_4",22,70591,1740,147,564,2
"31E2SuA8zY0",24,70557,1070,134,105,2
"3dDq4enbo5s",27,70501,862,115,103,2
"KvBRsBuQeOE",25,70485,318,52,11,1
"cZpcFSo3Wok",27,70479,6582,1029,480,2
"t8r-PHbNf94",25,70476,167,50,133,2
"bmrB7i7DDtA",10,70470,708,115,54,2
"asC5WgLbGYQ",1,70459,461,76,81,2
"Beq8MqAmbgk",24,70452,372,45,17,1
"U1wfjQGNuCI",25,70437,445,61,50,1
"QEzAbMVbkBE",22,70436,103,134,19,1
"5-hvSD-gt7A",25,70431,75,53,0,1
"M7d59sgDQGc",1,70421,967,76,139,1
"hQpPmI3wqyc",25,70356,226,54,0,1
"GUoKVSOc18s",27,70345,2607,137,788,1
"RIZfng5VISM",27,70315,3054,79,349,2
"GWJ3R0GAlqo",24,70313,331,69,22,1
"KaL_7QPnOP8",28,70276,9762,107,1291,3
"VRXYh_KGhD0",25,70274,541,197,528,2
"gcyHBD3x4ok",27,70268,4962,69,465,2
"1-phVSimuHI",24,70258,240,58,61,2
"HO8ExluUNNE",24,70238,115,35,14,1
"J-2woj_5yM8",24,70227,436,57,47,1
"3Ewlu4GiHVw",24,70224,243,28,2,1
"UDnUVhwWNZU",23,70188,1618,202,230,2
"xXusV4jkwvE",25,70129,80,36,12,2
"oodF28HJgWs",25,70124,413,134,104,1
"KJFu6lZULo4",24,70118,147,15,21,2
"WLsfodPrjQw",23,70069,4690,107,541,2
"CHM4fOT9oAc",24,70060,560,67,23,1
"cRzu_s6oNYM",25,70059,468,64,35,1
"3y-gV_kuPZA",24,70032,176,13,15,1
"U3U4WRcTHJg",24,70013,541,46,77,1
"WfzY9Jwni3I",24,70008,240,27,14,1
"dAusirUb-qM",24,69973,172,28,6,1
"0GW_XSTVkkk",23,69960,2264,74,126,1
"ZsvJX4h-LfM",25,69952,1525,112,265,1
"3kG7dEdRhKs",25,69948,1014,149,181,1
"QjZ8J1OuUiQ",22,69924,829,102,20,2
"aM6RFJ5qQO4",24,69918,554,134,253,2
"HNF1JJ5cyfE",25,69893,1447,73,139,1
"WlQS7RPTO6U",24,69878,323,51,66,1
"3-ql5kG42Yw",22,69875,228,201,58,2
"Hu0HLx-4uQU",24,69856,312,12,55,2
"tZlDG_ughsw",24,69845,1407,54,149,1
"HS8T6na53UQ",10,69839,627,87,53,2
"ad1nNuaZc2g",25,69808,558,100,182,1
"24gQwfD5h_8",25,69770,326,35,6,1
"jg0B750T30U",27,69770,2975,67,501,2
"AJs0T1fkW7Y",24,69769,342,59,44,1
"xrE-WP6-uGw",24,69741,1354,61,433,2
"UBdpGbHbuPU",25,69717,326,46,25,2
"ySQw2COUNXA",23,69695,2121,143,261,2
"bC4QKnZSGew",24,69688,431,73,36,1
"84n82Eg_KVw",27,69662,642,56,9,1
"Qm6yRBtUUs0",22,69571,206,91,56,2
"1LYFZGTFfTs",25,69560,171,23,12,1
"8-bEMmzREWs",24,69523,109,26,10,1
"XA24uqrtU7s",24,69499,344,128,82,2
"Te5bdrwmmso",24,69474,212,77,41,2
"cA3fSbbeLqI",25,69459,351,70,190,1
"yysY84XHMAk",22,69459,343,58,25,2
"VydHXaHoEGU",27,69443,11059,37,891,2
"lEx3e1lFd0U",24,69442,283,21,11,2
"VKfcxU2EPtE",24,69429,932,20,44,1
"PPDnRyJw6FA",25,69406,204,35,32,1
"D61yPDBFnlo",24,69322,527,31,32,1
"l8d9zQdUIRY",24,69294,163,7,3,2
"3Yxhskepn1Q",25,69281,321,40,16,1
"qgbMfxCBq-o",10,69279,676,106,41,1
"Wm3m1BezHow",24,69246,3629,81,427,2
"8EhYOg_Ne_8",24,69246,923,72,139,1
"XepYtZJ1gHU",24,69239,408,59,34,1
"VXwAIcOOLLk",27,69215,488,119,39,2
"zxDFOGiB-vo",25,69200,882,48,94,1
"2nmLd5Gf-uo",24,69179,1167,34,299,2
"GlD0quByfBE",10,69140,2839,71,293,1
"xN0gJIL51ms",25,69133,552,72,66,1
"B25I-Kq6EXM",24,69127,1933,146,708,1
"Cj6GGOH1FKM",25,69120,807,70,44,1
"qJZzgZyUBjA",25,69095,217,27,4,1
"LkrCw6f8sH8",25,69070,737,19,113,1
"183em88223c",25,69065,662,32,31,2
"FMxzXPOWKYk",24,69058,1644,61,530,1
"GDF3STI5FZA",24,69054,202,53,2,2
"D2KkFVs6Siw",1,69047,519,35,22,1
"lM2XbmhRwzM",24,68997,439,44,10,1
"pzRaJ63e-fg",24,68992,2769,209,585,1
"q2Imat680EY",19,68988,2645,67,147,2
"QXLsIfTwm_A",27,68969,3449,40,714,1
"Ztd12gJCGUw",24,68961,888,182,201,1
"85AWtT7TcoA",25,68959,1514,115,280,1
"ycSgacuJ7tM",24,68936,1206,189,158,1
"eOqk1r0UFUg",26,68911,0,0,9,2
"6dEnyZDD19I",27,68876,2778,272,727,2
"nGafqtbHRs0",23,68874,7160,80,697,2
"cxrrH-NEysY",24,68867,82,13,7,1
"iiw9Pa6TcV4",24,68849,58,58,12,1
"DIlttGHM87M",24,68835,1892,94,531,1
"SOgQxqC2Zhs",24,68832,186,53,33,1
"V5_81hdSWN8",26,68828,1588,108,643,2
"61SJiJmu98s",22,68816,1167,455,232,2
"TPKujwGWtZo",29,68811,2403,133,0,2
"F9Fd3AUaOC4",23,68808,4664,99,760,1
"zjQ6gmkkCBY",24,68673,236,65,15,2
"o23ycS9xQaE",27,68576,1987,118,654,1
"ThjWqT112Gw",24,68558,3536,109,958,1
"-PUSnD-83as",22,68550,622,97,60,2
"0dlIo6AuNgk",10,68549,453,92,36,2
"cnPZJAWV_o0",23,68549,2246,219,575,2
"ucijjCSqpnA",24,68478,227,39,27,1
"5cAkrx9Pm90",17,68464,765,43,2,1
"bYdleC-PRRw",25,68446,349,53,37,1
"_-ftf0qBeIo",25,68410,306,33,21,1
"BqpSabV0bTY",24,68408,2348,94,564,1
"7rID4J_Xphg",25,68362,934,139,662,1
"v-slo6q9-cw",24,68302,198,33,14,2
"lnSD4ZuTopI",24,68290,96,15,11,1
"4czSwehONLQ",25,68276,0,0,0,1
"1KXiKD08og0",25,68251,322,44,18,1
"NJfmAhuBNPs",27,68244,863,137,211,2
"Mkx0HJ0nA40",10,68216,1905,107,114,1
"ZIU2y0m4cug",24,68185,826,198,679,2
"6UHD2QHAaYU",24,68172,648,85,96,1
"LjfZAerxNeY",23,68149,6407,106,508,1
"PAOv61JLsBI",23,68133,5310,217,1173,2
"z5m_noilQno",25,68118,1172,69,132,2
"M55A2AmTrz4",1,68110,1125,72,201,1
"O-Uz4xrWxnM",24,68109,356,37,15,2
"XZ3WQuQDmSA",25,68095,0,0,0,1
"VEMDp8ytL38",24,68095,152,18,2,1
"ixcHbuSOGWg",27,68065,3048,65,300,1
"AYfjaVqo-ss",25,68015,510,38,16,1
"LmYqHHXWrVM",25,68014,1301,109,166,1
"HKJcT_7NIY4",29,67990,2218,113,0,2
"puWsLGXQ0_Y",24,67977,158,22,14,1
"DICeQrH7Q7M",25,67952,518,64,84,2
"wZSf72Ka4EA",23,67936,1784,128,432,2
"n6dJnDGcrP8",24,67898,468,32,14,1
"3m_6NI-XrhI",23,67893,4241,283,306,1
"w30zqrV6D0M",24,67873,1581,44,231,2
"qYeYj2ApO6w",24,67853,95,113,48,2
"6kn4iy0pg8Y",24,67850,2134,139,275,2
"CK4SJxYayzI",22,67847,970,88,30,2
"rqqlwgAkEd8",25,67795,384,27,7,1
"0iSLe3GJnAU",24,67777,68,17,17,1
"UqB75PhbWXM",10,67771,317,81,45,1
"p65p7APC9qo",26,67770,450,91,21,1
"9ujzgWtesy0",24,67735,1445,402,578,1
"TcGD975R_m4",24,67711,159,203,49,1
"9UaGAu-Rc74",27,67614,2894,62,400,1
"r5y262l4xKg",24,67603,351,65,40,1
"IX6_sAiDgnY",24,67595,386,36,18,1
"8ojCchbMAFI",24,67590,192,7,6,1
"yPVerhSBC8c",22,67582,187,19,7,2
"bEZy08E7oSY",24,67563,340,12,37,1
"2PJjEUgbpxE",24,67561,145,44,24,1
"8-NbUyuE70A",24,67530,1021,74,132,1
"j7aEg2XB5Nw",24,67508,129,540,111,2
"wQlxy1CR8UM",24,67504,188,12,15,1
"E8cXnybv0uI",24,67454,304,568,0,1
"EG_nme9t-Bo",24,67388,3616,196,591,1
"zDfXTcxhq9c",24,67376,468,126,410,1
"HFEgXBxtRE4",23,67346,5877,365,536,1
"2kizeQfxwYo",24,67303,308,53,25,2
"E0Mv8UzcPDc",1,67299,1824,110,545,2
"2mJ1960PMW4",25,67294,323,42,16,1
"qBvs0WFvgwM",24,67255,232,5,10,1
"oSJ_PEdwqF4",22,67239,103,80,0,1
"G9tEcdwXm7w",24,67215,313,15,2,1
"AEKk5q0ffDw",25,67206,174,18,5,1
"YIudhbHB1nQ",25,67177,868,101,115,1
"emGEqOA_OOg",25,67172,842,161,0,2
"sg-UCvp1nCs",24,67166,228,46,42,1
"c8vWK1lpMZg",24,67155,6385,123,983,2
"loXDmj-xumY",27,67149,3425,139,742,2
"niDBHEqRs2g",24,67142,463,37,5,2
"LReEyEoY7lw",24,67116,242,15,2,1
"K_RV3xHCspc",22,67104,518,49,10,2
"2rOM-y_JGtc",25,67104,159,41,24,3
"fVaotIyI4gI",25,67091,270,48,23,1
"6BEnmrMW5Eo",24,67078,2110,61,499,1
"BxWIE0-7BAY",24,67076,602,747,353,1
"jrvitZHRmo4",24,67036,201,15,1,1
"wz9aLQa6J3E",26,67027,1831,87,792,1
"5lcYkwNmh74",22,66999,379,69,15,2
"IrNcQRYcGNY",25,66990,80,21,22,1
"A9rwbYK_Ca8",24,66965,372,51,9,1
"HCdPqj4LARs",25,66957,252,34,5,1
"lX52T-QJfks",10,66953,1091,27,55,1
"UaguZGN2RwU",24,66912,320,60,27,1
"1A8RmZWuf8c",27,66876,2941,109,465,3
"jjSG4Qqd7Ds",25,66875,283,60,84,1
"ZA8aFkdZ7cs",23,66864,2715,123,309,2
"Sd38RD75YCA",24,66837,280,16,56,1
"OtsZ547Tbs0",10,66833,1131,26,103,1
"FpJmNRnkD4U",24,66830,190,29,163,1
"Y66RtfQ6JHw",24,66793,366,62,16,1
"GYLHQBbsMgQ",24,66779,4218,179,805,1
"VhnADBeHgqw",24,66773,457,41,99,1
"gLglJ7YBZRA",25,66759,219,38,20,2
"EptyA0tIGok",26,66757,506,82,62,2
"zJOmS4teRRk",24,66754,1053,44,50,1
"_YSVCLfs1Ow",25,66726,376,115,232,1
"H5cFwe8EnfI",24,66668,177,86,36,1
"XhBrf447dY8",22,66651,186,105,85,1
"5rsiEpKtFlM",27,66606,4635,71,368,3
"jrTb8KogH88",23,66595,1344,36,61,2
"ADxuZoj9xaw",28,66580,8599,222,1661,1
"p_Bk4dDcuOo",25,66546,305,32,24,3
"Y0wKme3gPgo",25,66526,1139,164,268,1
"68FWzzS4Iik",24,66521,142,30,21,1
"4XO97MLOdwQ",25,66519,296,54,33,1
"30SS8jYIDuU",24,66514,1005,42,214,1
"1csdJx6ydfA",24,66513,220,87,47,1
"v8iQa_9hopY",24,66512,2272,48,403,1
"bSN0cvIu3ZQ",25,66482,108,17,3,2
"cRxYTelqWOg",25,66463,622,50,28,1
"dsWLVh1zhqk",24,66457,58,31,0,1
"QY5hSdve_Hg",24,66456,269,30,11,1
"4oTy_QUn9kA",24,66438,434,33,49,1
"5cizqQDscco",25,66431,153,47,7,1
"GuhMDilpowo",25,66427,197,28,53,1
"Y6mmRFUzqQ0",1,66424,180,68,59,1
"vQXEG71PJo0",24,66422,864,78,218,2
"y-rGlJqhCwQ",25,66418,1632,59,176,1
"ThLWttjmILQ",24,66416,254,27,6,1
"yJX4fJ_xC9g",24,66411,750,24,34,1
"Lf7dzFCqfmU",25,66398,148,61,30,1
"yNRBUx6_iA4",25,66384,220,83,63,1
"3tJ2BCBfzJ0",25,66384,78,15,43,1
"TgUEYgWypDo",25,66378,2729,42,428,1
"T6hGjNO_NA0",24,66357,179,95,40,1
"Pa42ZfWhD8E",24,66356,944,48,0,1
"A7gVrqcyBq8",24,66350,71,51,15,2
"akj7jsy6Uzo",24,66284,470,23,10,1
"RbqWaACgK4g",25,66250,283,36,9,1
"EJ6xU2McRJU",24,66250,2335,37,207,1
"RlX2wG93AMA",25,66247,288,112,124,1
"9qMbaOzubCc",25,66231,203,42,23,1
"tr4E284px6w",27,66224,1517,112,87,1
"JxWQQwsSnu4",22,66188,584,56,44,1
"UX1KAGlTl1k",24,66128,283,41,20,1
"FdXT4z_YrKs",25,66107,704,45,60,1
"k5ao7YBeFUc",23,66085,346,29,9,1
"xKWUEpNrtBg",23,66059,3759,155,314,2
"Lyp5RRhT5S0",24,66040,288,41,2,1
"abdwSCHnrjI",27,66033,2594,41,485,2
"EmeHRYBPLGQ",25,66018,466,268,906,2
"6BJc018X5jo",25,66016,251,68,58,1
"r7rilx2xqtY",22,65997,374,73,15,2
"hYeheJyx-rQ",27,65991,773,102,234,2
"xFh2AdXpzuI",10,65975,353,76,47,1
"0-WCTkW5HLw",27,65970,1878,137,772,1
"ZhTDbwc9Ve0",24,65958,57,91,18,2
"77sf-jOTTII",26,65900,249,30,24,2
"AdHYKFdnJpY",24,65895,648,40,17,1
"98DKo4oxe-I",23,65872,585,68,134,1
"WgjWKHdI0vM",27,65868,5319,58,319,2
"Jwa0Qh1muyA",24,65863,94,37,0,2
"GFNvoGy49Tg",24,65847,98,52,47,2
"IjfxKGCxUt8",24,65845,257,37,8,2
"fi0wnTFsHdM",25,65826,295,60,17,2
"WctGrWiB1p8",25,65807,241,88,33,2
"8zbM2Dge35U",25,65798,392,69,499,1
"BphtER_FVIc",22,65781,572,78,61,2
"ZwJfSw3IEDI",24,65725,326,78,25,1
"SkznVlnOrsU",24,65703,0,0,19,1
"YN6Wk4lUMGo",25,65689,932,98,31,1
"ZjKqwFZT_w8",24,65649,86,32,2,2
"dDIDutEAJ5c",27,65633,3310,63,453,1
"lzfPu_dhS2o",24,65591,126,33,1,1
"1lHCtUZNSXQ",24,65589,109,89,10,3
"een2k_HJjj8",23,65588,1951,304,121,3
"hj40PpRtpK4",24,65586,280,37,22,1
"LWsUsFm6gjE",24,65556,290,26,23,1
"x-5_E-Bep5c",24,65544,134,56,27,1
"7V6Z1uh3sqg",23,65537,3518,236,200,2
"Um62z4gN8M8",24,65522,280,88,41,1
"kZXNn6n7weg",27,65510,4887,95,454,1
"8H0pKgbkT_8",24,65505,274,52,19,1
"DESwPAP8DP4",24,65483,599,19,28,1
"o4MoPdQZFec",24,65456,943,143,393,1
"K7AW77ktCYk",25,65426,3549,52,712,1
"uTWkrCvYE7M",24,65425,324,46,2,1
"ZkEyaJIQyU8",24,65413,920,15,27,2
"Dpz6P_nuLVk",27,65360,2959,65,543,1
"fDPVVLTCigs",25,65341,229,316,101,1
"CM77RWjXwIs",25,65319,967,63,2,1
"Jv0EtSKxaTE",27,65297,4430,80,172,3
"jFjSUHUIEyo",29,65294,2449,53,67,2
"FAOLGlHjCzE",27,65290,2541,60,327,2
"TElPAKqsvl4",23,65283,4607,246,984,2
"AzdhxHyMncI",24,65249,102,29,7,1
"YsKbiYWfhxU",25,65244,399,231,362,2
"0HbBPFGPSTk",24,65242,347,19,14,2
"cQDTOMs-xYQ",22,65239,704,110,55,1
"OFkobTtZryY",25,65101,824,82,162,2
"vXPwo3Ck8B4",25,65048,567,63,61,3
"dHPZCGWN2HA",24,65048,61,18,24,1
"5IArzvYHWig",27,65031,4178,69,297,3
"QHaJS-hoppg",24,65021,388,63,32,2
"qZs6JSLeWj0",23,64977,3103,284,240,1
"spEff5BlrZE",27,64932,1280,180,237,1
"ZzH8tiTeEJc",24,64922,409,20,22,1
"3vaT6stbbCM",24,64921,673,38,89,1
"qQJ0DoH5NrI",27,64920,819,104,399,2
"loDvEBVelHI",27,64909,3602,65,478,1
"7ETjUwkNtzk",27,64902,3718,76,270,2
"0Owy60kbC-o",24,64892,664,33,48,1
"MM6d97DKOiw",24,64873,627,158,203,1
"uF0cNkO4r2o",27,64859,3902,69,324,1
"BJxpJuygm0A",24,64848,2048,68,225,1
"KJPh2-atxlk",24,64827,132,48,11,1
"rJWpi4O7KsI",24,64813,1316,32,415,1
"2IKely-eEPU",25,64810,531,72,138,2
"DHNMx1F-ykg",22,64806,280,186,335,1
"9b6byAsuaMs",24,64801,372,407,354,2
"UlQpweKfnPs",22,64800,1161,166,54,1
"iUJzTpdbh-s",27,64780,710,62,76,1
"fEWXLOO6TrY",24,64738,718,57,62,2
"XHKbyKvKiHI",24,64675,72,28,13,1
"p9T83-u9370",24,64668,323,27,20,2
"a4BGls13nM4",27,64663,5035,80,410,1
"pMg6a6x0BXo",24,64629,161,70,49,1
"NI8-6AMSNTo",23,64599,1264,56,58,1
"KTJgQO5x_tE",23,64586,5659,151,591,1
"M1_u9gCoCXU",24,64585,1200,62,187,2
"jaMaRvkW1Zs",24,64539,123,65,50,1
"jarbO6uNCpw",22,64528,952,55,26,2
"ClWgR13DQpw",24,64528,1273,1378,216,2
"4-VMUPLqwbo",24,64524,253,16,94,1
"nSbpX3i1rf0",24,64511,173,39,13,1
"5gD5aUZEkuE",24,64501,1512,81,347,1
"Iih7so-TiMU",27,64458,351,55,183,3
"_muemtrwlEI",27,64443,2175,44,540,2
"r5CvQOAGeJ0",24,64436,5105,93,262,1
"47kO_X3pss8",24,64417,327,14,13,1
"a8nudkIzteo",25,64398,90,65,19,1
"RfRHg30YtaM",24,64396,1369,79,25,1
"DZeybTpxzSY",25,64378,122,48,6,1
"v8cADKkLmIo",24,64346,257,31,14,1
"g2lBA_gdkS8",27,64345,7280,119,570,2
"1yGkQQ9zonY",22,64260,1791,305,416,1
"u81TSWKd8Wg",24,64256,2697,23,131,2
"1ESuyRP_ejg",25,64209,778,74,175,1
"r1oIDXFjqSI",24,64207,227,81,23,1
"t-3rtU-91OU",25,64197,904,99,130,1
"3vUmNBAcjWo",25,64179,563,26,15,2
"O3wuzopEzhM",26,64147,284,46,22,1
"CEg24Eg3TWE",25,64143,489,65,64,1
"NsrAquic_4U",24,64141,494,19,9,2
"3ER5CtbqlmM",25,64130,166,28,8,1
"8Tw9i8Qj_Ok",24,64118,797,68,109,1
"oodZjfADmCo",27,64114,3781,102,223,3
"DvuAxxh-BvQ",25,64091,199,137,39,2
"wsC6vXLAPaI",25,64085,159,58,42,1
"b6HMp1DhZDY",27,64049,1395,108,77,2
"6dEeGTNZdjI",26,64043,2037,176,772,2
"5kKvjPb-b-E",27,64041,3479,68,487,1
"5BSG4znwLWA",25,64019,986,110,388,2
"QJqXFzRp-7E",26,64018,490,45,23,1
"sOwXjFMy17Y",22,64012,244,46,5,2
"ihJIHNT9gjc",25,63978,128,86,2,1
"FjYXeHIegGE",23,63973,804,57,38,2
"CiuZQqrPNtk",25,63963,752,62,111,1
"Xc5k_DL6cvk",24,63952,202,13,2,1
"Z5Zcpa1Cgzs",26,63950,630,93,19,2
"OM3YvIOdcpY",23,63923,5070,130,401,2
"lbGlbiVR46Q",24,63902,252,62,72,2
"aIYjVu2EXbE",24,63850,428,17,6,1
"GLWCva584DM",24,63847,75,58,0,1
"iVHKOaZyfZs",25,63833,310,37,51,1
"7kKz5SCskq0",1,63830,269,50,10,1
"qTVbE0yAWBo",24,63811,85,16,7,1
"6vOf29s7Ftw",22,63805,5798,223,328,1
"nYwwmrqRkf0",27,63801,3592,265,726,2
"4db6jfnXtJ8",25,63777,300,35,18,1
"6dJ7y58T92Q",24,63775,283,65,22,1
"QLZxBRQtb_w",24,63766,167,48,15,1
"eXvoAwhUp0E",24,63718,708,49,248,1
"NqaAQF6ACZc",24,63717,271,46,33,1
"TZSn6d298KI",24,63710,4593,179,311,2
"R4cN7klCTaA",24,63695,167,33,10,1
"og4PKl38XPk",24,63683,312,43,85,1
"zIxLtogxb98",25,63678,304,192,87,1
"N9mde41Nt88",24,63650,1489,68,173,1
"rHgSVvrva5c",25,63648,224,41,51,2
"KD4H21lzt7o",25,63647,108,42,20,1
"1yh4CNBWauw",24,63631,366,41,17,2
"723s9Kco91c",24,63631,272,61,66,1
"MvGl3e-b3U4",25,63582,202,53,62,1
"59ABUAcdUO0",1,63567,282,134,48,3
"v_fOhQs7ODE",25,63522,474,95,31,1
"M0F1aX5fPGI",25,63521,262,19,4,1
"giJwDCUinns",24,63493,227,65,13,1
"Klhx7PnolZI",24,63466,340,40,84,2
"zh9QNzmzPrQ",25,63433,347,32,11,1
"KetYTH01gfg",22,63428,4540,198,177,1
"rE5vIZOZIsY",27,63422,4267,77,405,1
"lMll5K9-cB8",24,63398,168,31,17,1
"ONt-_1-l-bI",24,63393,117,45,9,1
"0ZWfwVDP2k4",25,63374,55,44,0,1
"LXUZ-SqbT3U",24,63372,653,125,22,1
"pKqow0ggNiQ",23,63333,5250,130,932,2
"MglvGMdpa0U",24,63326,2099,41,467,1
"o7XpOchBbVM",23,63314,1018,38,106,2
"OmfkatEvoiM",23,63312,904,61,50,2
"yuS8-9YvM_4",24,63312,184,17,26,1
"hOqlGQWlgIg",26,63305,0,0,0,1
"JBFmDaNsofY",24,63293,172,20,1,1
"mhV_vlCc2y8",24,63292,119,34,7,2
"tuJixuHiEk4",26,63254,274,43,4,1
"UdQ1JiwONpw",24,63252,199,73,12,1
"Yph7RXTKvvc",24,63159,223,40,50,1
"kCDA8mkZISM",24,63157,985,101,275,2
"JJOtJmOyXs8",25,63125,175,29,7,1
"cjaVGU0-xWs",24,63125,1533,71,47,1
"LAUrNU7dYpI",25,63080,1750,251,739,1
"3e1NsQvhAs4",24,63052,896,26,54,3
"RX0nh6DVvTs",10,63012,2195,95,116,1
"hPFZB0j7VVo",24,63010,1177,57,107,1
"k1KR-JK39dk",24,63001,293,32,62,3
"vzo3Q9VSePM",24,62993,157,25,69,1
"kd5hN0KADos",27,62990,3705,67,701,1
"ym38sQ455dc",25,62984,586,120,54,1
"kQunVzVyD10",24,62976,0,0,17,1
"Mufv9MUgvxg",25,62942,69,30,14,2
"398TM4Q4Qm4",22,62942,493,33,28,1
"pYvl51cjCr0",24,62915,440,66,24,2
"hsiTGYDdG5Q",24,62903,80,74,26,1
"PQvp576kEx8",25,62893,622,43,28,1
"G6FEvcoSl8Q",24,62879,5486,37,323,2
"CpEgZR-CG30",24,62844,401,22,61,1
"VfZyetIz3R4",1,62840,2113,108,176,1
"0zeDN1wA7IA",22,62836,517,81,61,1
"1S0JzUvoZwA",25,62830,428,52,0,1
"eTJbHt9Bkro",23,62758,2489,39,353,2
"DerULXw7Ad8",24,62756,98,53,4,2
"-1Hd6cXt8pg",22,62721,724,104,69,1
"MXqzQymBSGw",24,62714,430,37,26,1
"g63BEa7LEtY",17,62714,380,23,0,1
"8MuVgZyLDqI",24,62672,309,31,23,1
"UBFtMGcxvWk",24,62652,197,37,2,1
"PQ6Hr8vKEwc",22,62621,490,152,186,1
"sk7slD8O6U4",22,62599,4274,134,173,1
"FZ9OI1LrjsI",24,62512,367,66,25,1
"QXrplwcyAoo",24,62501,111,35,0,1
"s1XHAnlCbw8",23,62484,5509,208,974,1
"AT2p5KRyqvs",22,62482,1012,78,135,2
"4cdIyTuYIUg",22,62447,506,68,14,2
"x46sEa6UeQ8",26,62442,661,55,128,1
"8UvhKPPU2xo",25,62440,368,108,50,1
"2G77223U22I",22,62401,1342,45,80,1
"7nnyimsFfpg",25,62388,656,40,35,1
"8Sw6rJgT9_M",23,62322,3583,170,454,2
"axetBbMQQ4c",24,62301,1844,127,888,1
"6kx4dkXpzQA",24,62249,144,8,0,1
"SfRxoF3okyI",25,62247,835,144,142,1
"wz2_cAl5AHE",25,62201,477,83,59,2
"Po1yl4U9tzE",26,62137,0,0,0,1
"p5ikQNGr57o",27,62119,2875,41,465,2
"r6wbTb3uRl0",27,62111,3133,108,735,1
"omfcbYFzTaI",22,62105,115,50,4,1
"ROYQrWWWSA4",27,62102,1323,130,244,1
"6aNn8OKOhNA",24,62095,675,62,35,2
"U5kgLCKiqtU",22,62063,471,52,23,2
"dRlGT7Jug18",22,62059,342,61,13,1
"hV2rPEwiOL4",26,61989,146,60,16,2
"8dvVnoGq8gA",25,61988,672,88,276,1
"NX23eK3ud10",25,61942,345,43,125,2
"i0W7qhrc1Ew",24,61931,164,166,0,1
"J07_s3Ph6SA",24,61913,124,18,6,1
"5c2DKjdqi6Q",24,61904,1541,34,145,1
"uBUyXh-llBY",27,61847,2641,54,487,1
"bUm4Gz0XF_g",25,61837,1088,26,79,1
"YcJNwiHlfWk",23,61825,2482,43,101,2
"QZU4YbbLl6U",24,61805,0,0,40,1
"OgiWH59iONA",10,61772,4167,76,365,1
"2HXKszbYPA8",27,61754,2852,62,569,1
"b0ks6zuBpRI",24,61753,415,290,265,2
"qQlmMXW7sH4",24,61740,516,190,38,2
"iGmeEspVKDM",25,61724,654,64,86,1
"HRyk1MLYf1E",24,61707,271,45,158,1
"MfB_zSC70J0",24,61702,273,57,34,1
"ZRYRF34topA",27,61689,2467,60,431,1
"wPCxhvifGbA",25,61673,527,85,273,1
"xLSTHn4am38",24,61663,1465,49,218,1
"SHFG54Q3JNI",25,61661,790,29,22,2
"3zzNawvJ6Gs",25,61623,674,62,206,1
"bcy3MNSuCPM",27,61566,2844,50,476,1
"UiErsIzNpu0",24,61543,5702,102,600,2
"gkZlayGS5R4",24,61524,564,103,57,1
"3yR54ug2MF4",24,61522,116,39,43,1
"Qdwb5Yu-2s4",24,61433,876,33,105,2
"5zBfj4ZHspY",25,61428,716,56,106,1
"wWGbxxCYqz4",24,61397,342,35,38,1
"kEnzQ-zz4V4",24,61394,217,22,18,1
"Xy-dTJIzJIs",24,61366,857,108,72,2
"yvlECdM1rI8",24,61358,708,88,83,2
"1-ZGJWgsO1E",24,61355,272,47,46,1
"GwC1WJz390A",25,61354,292,22,27,2
"e9_i7EAZLTw",25,61341,151,34,16,2
"LINKaNPCCa8",24,61328,457,24,62,1
"GWMdRjNs8J4",25,61316,1220,74,146,1
"ILUSi6I0cX4",25,61302,539,38,114,1
"jhoAwRa82Us",24,61291,224,66,21,1
"fP9WhW2ub6g",24,61286,353,47,23,2
"mJ8YQdElXcc",25,61269,761,35,101,1
"UhtZozFoNg8",24,61254,404,130,44,2
"v_Ynz13_uKY",24,61251,119,27,13,1
"s0nJ75BGcPE",24,61217,47,194,10,2
"0hmeOrTeMzc",24,61216,572,24,24,1
"pLLF8aGHaLE",24,61203,222,48,11,1
"nFvjEjnUxkU",22,61196,4024,80,990,1
"l5XYFd26PPQ",24,61179,174,32,10,1
"iTP24t6uv_k",24,61169,180,6,3,1
"oi8LAi3Bmj4",25,61164,591,26,36,1
"Jz6kB_CE1y4",25,61141,138,20,23,2
"RHMa2lWWvV0",24,61122,3176,30,199,3
"SpRxKQ4qkuA",27,61104,3621,74,522,1
"og6G0YikUdY",29,61100,0,0,0,1
"nWUaEJS-kzo",24,61089,133,36,10,1
"HcefsokYgJk",10,61084,950,66,88,2
"vhwYzFI02lk",27,61068,2415,106,711,1
"B1FwxlEUprw",24,61039,697,580,0,1
"2lyjFIjDhXU",10,61036,426,99,80,1
"UeJZhji9Eek",23,61017,2330,234,301,1
"X2nq0FjO-X4",26,61016,151,464,0,3
"UOcd79qkzHw",25,61007,753,106,959,1
"m1P9FysyxHw",23,60999,316,31,6,1
"KsE7Oe2wHNI",25,60968,2611,59,532,1
"CjcMkQsvPBQ",22,60965,3940,146,164,1
"SsHlJWT_qkk",25,60898,174,74,31,1
"d511yI2F2go",26,60896,629,83,34,1
"jVXS5p7qgsQ",10,60849,362,62,49,2
"776P6GFLAyc",25,60847,547,29,62,1
"J5qW6dg6kKs",24,60845,188,41,14,1
"kW2yl99W0Fw",25,60836,199,44,5,2
"pPmUCViItQM",24,60820,209,16,13,1
"PcZzVrVfTjQ",25,60781,234,49,38,1
"_hxbPfh-b5s",24,60774,187,34,80,1
"VQGnojb6z2g",22,60754,221,19,4,1
"mu8rZU7sW5o",24,60736,571,117,129,1
"gWO8tll3fLk",25,60695,503,15,46,1
"QVrU9PuJnCM",25,60670,290,169,472,1
"32AmnsdBxxE",25,60665,362,141,147,1
"7wCKiS-n1Ug",25,60649,635,163,0,1
"o84gV-7yqdE",24,60646,418,80,28,2
"fBhB8GvaqP8",25,60641,358,18,2,1
"vAoYxP1cdQc",25,60613,481,154,231,1
"FE8qWh7NU3Q",24,60612,224,73,61,1
"XNGleUwNhzI",24,60610,104,12,5,1
"qwH9fWNs7Uw",27,60593,318,30,1,1
"PifIZzPgDm8",25,60584,154,83,72,1
"iIcgliXe4nU",24,60556,3026,128,111,2
"LwVz-MSPCcA",25,60541,249,65,10,1
"VChK4dkx-cY",24,60525,286,49,8,1
"5VBF-UnJQPA",22,60502,1019,23,163,1
"O8JPNw4hLc0",26,60494,506,42,38,1
"CyHed4iPfEY",24,60473,340,60,14,1
"vrvLTt-rblg",26,60468,604,130,35,1
"OZszto1oQko",24,60450,223,63,44,1
"rRXPbGCib-Y",24,60449,901,94,132,1
"SsQz7j1kNBo",22,60426,478,71,28,1
"vr60Uo-Woms",27,60387,3386,65,482,1
"H7uQXRWnm8I",22,60383,782,47,100,1
"KFw4bSFre9A",24,60379,313,29,9,1
"djYSkBzSbdA",24,60355,5418,23,348,2
"Fpj5aMdC6W0",24,60323,684,53,16,1
"9gMi5QUZHyw",27,60317,3122,66,420,1
"DmkbxmHoakU",24,60306,600,107,118,1
"WKnIxGpjdHU",24,60295,751,61,152,2
"z4HvAt5twTE",27,60284,2974,66,601,1
"B19TmlL6pnY",24,60274,68,87,0,1
"OQ7MhnoXHeg",10,60267,1425,25,177,1
"vg-_S5hY2Bs",24,60242,300,58,246,1
"f1T80x3DRO4",24,60231,709,30,64,2
"seV2GZLiH5w",24,60225,245,17,5,3
"grpXyy9NRPs",24,60216,118,27,5,1
"Nx6ee-vSPc0",28,60209,12706,78,17221,1
"fVLAciB6MYw",29,60140,1994,84,0,2
"EXk7GQB0ico",24,60133,386,71,54,2
"8MfCjooa_cU",24,60123,321,56,118,1
"y1ZOF0g3NW0",25,60089,203,40,14,1
"u2ZYREoShmc",23,60086,7581,398,968,2
"i8eNKW1YQ7Q",1,60073,1679,48,94,1
"pVBaF7oEs54",27,60071,2606,67,292,2
"fitAJBB-aUA",23,60041,4095,81,501,2
"AQarWRzD4_E",25,60040,405,18,94,1
"gUAftlPaz7M",24,60036,433,41,362,1
"H_LG-pSLJVw",24,60029,499,26,24,1
"r_qw0Axqglo",24,59969,287,63,17,1
"klk6sOEKBhk",27,59965,2670,67,326,1
"2hNaVP-j8Z8",24,59930,236,9,46,1
"JvRSvnCHlQY",24,59922,145,19,16,1
"MFLxHtrId2Y",27,59907,6572,17,408,2
"HjpqTZZoDwY",27,59867,3265,52,588,1
"gY6Uw3f6t8A",24,59866,231,45,56,1
"fPHzvOJBPpQ",10,59817,426,123,64,1
"kt0MlOvyFaw",10,59795,4610,111,244,1
"fDSbZU8S044",24,59774,687,440,215,1
"5Co-stvSgIE",25,59740,157,16,18,1
"bkQ13bIMV2k",23,59733,3619,140,346,1
"dMjGBPzCz7M",27,59726,4190,69,246,2
"p1b_ZI-KRlA",27,59711,3571,92,235,1
"deKWUn7r-_8",25,59708,151,37,11,1
"0x4ClXqDRf8",25,59705,267,42,18,1
"Q9qOAf5n83M",10,59699,2529,17,79,1
"Uj96lJSbUhY",24,59690,370,60,19,1
"FRseCiZIwnE",22,59672,568,70,21,1
"fIhjLhT9Z8s",25,59654,143,53,153,2
"jHX5OhfD2M8",24,59629,707,104,344,1
"rMLzqK-XkjQ",10,59620,454,84,49,2
"qZ-4ixf-PGA",22,59610,0,0,0,1
"Gn5GjbbmIGY",24,59567,319,160,290,1
"QfClHA7wvyI",25,59533,351,72,37,1
"7acJ-XHyPx8",23,59526,2620,83,96,3
"xrxWNYdwF90",27,59511,1028,97,3,1
"FpUrA1Kpzds",25,59488,640,70,0,1
"5A2FGtWKGtk",26,59483,381,64,20,1
"UtAj8KFehl4",24,59473,1651,80,69,1
"iqY6FEgocgI",24,59471,60,18,2,1
"xCCh0MJ7Cww",10,59470,1483,65,66,2
"eE8owo80brU",24,59434,210,180,36,1
"8L2Insnb8qA",23,59419,1672,113,134,1
"wdzT0r6ggsk",24,59396,530,48,28,1
"W_mFol64RJ8",27,59375,3646,82,345,1
"AJlp-X43XIs",24,59368,1502,3806,1084,1
"2_nTW8_wcGo",24,59365,227,12,11,1
"_KpLB8vTa5U",24,59363,441,97,93,1
"QOiyM1yp3x0",24,59361,403,32,56,1
"vp_JQlGJS5I",24,59357,238,60,17,2
"k_994Y4j88A",22,59349,867,67,19,1
"bBc42Ov4mh8",27,59328,2232,97,1296,1
"rrdKZW0SICU",24,59321,336,21,14,1
"oAC20_n_5MA",24,59269,281,31,178,2
"ORXNGHQbf6M",10,59237,187,15,2,2
"yzTSqurg7FQ",24,59211,87,43,15,1
"bg6m1ZRhAvo",24,59200,1662,48,316,2
"jElRtesCnlA",25,59182,0,0,15,2
"coF8r_M_Rnw",2,59171,139,23,7,1
"DTVu_bV3Y00",25,59148,66,9,38,2
"HPcpuKpCO90",1,59143,408,52,32,1
"bWrAKLONLH0",27,59116,3304,67,575,1
"eTsO8fcElHE",25,59101,810,16,151,1
"NUDhunPpkyU",24,59075,544,147,188,1
"PnfKiYJUxw8",10,59075,2034,158,289,1
"M97fsb2hLpE",24,59072,226,15,18,1
"icFU7qiRGHE",27,59016,2108,35,186,2
"6Fee9V36RzM",24,58985,180,32,9,1
"9uqrmu5KNlg",24,58981,3991,74,466,2
"2MmwVrCSNSE",26,58944,448,42,45,1
"UT6MzHWkT7o",25,58940,477,58,145,1
"Tv3VsWnwqrQ",17,58937,669,18,1,1
"Jv-1Q8HrxGg",27,58921,4013,64,742,1
"1uZj8J2wkJU",27,58918,3019,49,515,1
"FrJ85qhVEqA",22,58894,262,71,195,1
"NrdO7yczTQM",27,58893,809,94,127,1
"J7IdMsRUj9o",24,58877,141,9,0,1
"1lqNyhiHKiI",25,58873,168,24,13,2
"71x-GzPLcv8",24,58851,4433,104,425,1
"U4abDM1PGJM",25,58848,253,68,21,1
"38oied_KwUo",24,58844,1359,149,636,1
"Ghw34OWVSO4",27,58834,4402,91,368,1
"PCPuT7ZqKus",24,58826,147,10,7,1
"9QW0csdfM1s",27,58819,1634,42,46,1
"HDOzLpMZ50Q",24,58817,345,56,10,1
"ge7IokXJSGo",24,58816,1138,33,41,1
"SF-ObMCb-Ac",24,58815,131,37,3,1
"gLT0q47fKYw",27,58806,2653,56,619,2
"3aMWqoP5YmY",10,58796,721,60,69,1
"axHeGCHHDjg",23,58788,4252,137,1053,1
"jbDufua0fFo",24,58774,0,0,0,1
"A9uzBMUNIVE",24,58738,405,33,8,1
"baio8CYYfUk",22,58733,688,80,70,1
"88outFleLnc",24,58733,279,51,33,1
"aKb7DqdH1tY",24,58728,81,36,4,1
"skykhYaptRk",24,58719,71,15,19,1
"ayMyKZ8g2io",25,58714,385,21,20,1
"MuqMlQsGUrw",27,58708,2714,59,387,1
"efXkftZ1Paw",24,58699,222,36,3,1
"M1UrYZ5etko",25,58689,116,60,6,2
"WZIsINLpDcA",24,58675,226,23,30,1
"UyVpsuzb1xo",25,58648,289,31,10,1
"ocSJ3lMT7rg",25,58624,525,41,16,2
"vl0hPJnkNcM",24,58591,313,36,16,1
"BJ6lZSds_y8",27,58576,2539,38,576,2
"lmAbk6GjVu0",26,58564,327,41,53,2
"zyvYkpoLeSU",24,58563,256,45,30,3
"E9c1Ic_2RGY",26,58552,1146,136,512,1
"N2WyQw6x478",25,58479,409,27,58,1
"rs7zPz4URNQ",27,58436,240,85,19,1
"twje7EQJy5A",24,58403,187,10,15,1
"964rRAmIJoY",24,58371,1825,35,343,1
"buZKS830Nwg",27,58367,2645,52,347,1
"ULGcfpp2nf8",23,58327,1762,37,273,1
"jy6oMTPsySg",27,58308,2860,53,591,1
"5Wrrqmp3viY",24,58303,699,58,60,1
"4AEdJ9L122U",26,58291,202,74,8,2
"uLFgqbkfXGk",25,58278,411,25,16,2
"WKKAwQK8Kmo",27,58247,3037,54,641,1
"YjZrN_KnMzs",24,58232,229,11,4,2
"z8AD3V6bw4c",25,58229,283,51,120,1
"bpM4DjQ2WQA",2,58226,83,53,10,2
"vTNtdJVDong",10,58212,331,71,35,1
"RS7M5nD1ZPg",27,58199,2403,52,329,1
"R51JjuYsvG8",24,58185,2028,269,867,1
"ZJmu5PrJWuI",22,58182,5397,143,265,2
"ffCGhZ9tBNI",27,58180,2937,89,333,3
"T85l5uiBz1U",24,58175,57,66,5,2
"rTK8C3B8r0M",24,58152,185,11,5,1
"BDKoZ0G2Mf8",24,58151,3312,92,253,1
"oH0lQY_D680",27,58137,3277,62,279,1
"jIoum-sORtU",24,58126,318,27,10,1
"kRQXW0uiQjk",24,58105,137,13,5,1
"i47A3WCdCuk",23,58103,2015,209,186,2
"3ufQ1PtCThg",25,58101,500,79,95,1
"7O9MXJUbnwA",23,58086,2034,82,112,1
"yvcgeIkomf8",24,58057,683,30,36,2
"r3puKUcSEZo",24,58028,229,25,5,1
"2jN3awB7Mmg",27,58021,3167,66,433,1
"IlchmJhuVMQ",24,58009,379,20,33,1
"REC_1cBmuMo",26,57992,151,37,0,1
"OiKMvTBhieo",25,57991,162,65,70,1
"Vvyhaga4a6A",24,57944,231,25,10,2
"BJjSZWEzRWc",24,57942,173,66,49,1
"DLFUnKPQl-Y",27,57940,2840,66,557,1
"WJFZjaKz_fI",24,57887,422,36,23,1
"D9vxBWarpmw",24,57887,203,12,10,1
"3JRKl0BjcQ4",25,57884,498,59,86,1
"OeYFfzQEmmQ",24,57880,216,7,16,1
"m_Jgn72bHkU",24,57834,364,64,38,1
"nDnubBSB3h4",24,57832,124,7,5,1
"QkIrr3fJm8I",24,57827,770,35,47,1
"fripL1sdPuY",27,57817,3036,52,651,1
"2tu1gmXxiJs",24,57814,1188,34,259,2
"7R2NSBv-3nA",23,57780,3411,128,196,1
"-8RjYg67sZk",27,57756,121,22,26,1
"IjOzqI9VQIw",24,57744,1237,78,241,2
"KZcwOlj3SGU",24,57722,180,61,4,2
"gOrGKfn3eTI",24,57717,3763,66,199,1
"20C8by6Gkq4",24,57708,1738,777,879,2
"mnUrFzSC4eI",24,57701,371,32,42,1
"3m_YTFMmPhA",25,57700,242,68,108,1
"993Pfpr1HUw",25,57668,1016,61,51,1
"0Dy4FwvjIZc",24,57658,124,8,2,1
"ZOIrcAaAlPo",27,57654,2469,55,317,1
"nNVTo1jxQA4",23,57653,10549,284,3215,1
"_n0NLoszZmU",24,57634,368,35,15,1
"qStW1fcUtpY",27,57625,2570,86,170,1
"KK3SUnincaY",24,57591,200,26,10,1
"fWH1ImLu8ew",24,57582,106,201,57,2
"FVM9wklD73A",25,57575,443,60,74,1
"CN52WhGtuf8",10,57531,327,67,39,1
"RFXA9dhxt6g",25,57523,962,91,113,1
"kwmG4b1OK-Y",24,57519,913,74,215,1
"RCsdYGuJxSk",28,57516,10364,263,701,1
"7dgjSAaLC3U",10,57483,1084,95,145,1
"2E4OFaXFrmA",25,57478,116,50,18,1
"axy6po3-3Wc",27,57469,1695,193,146,2
"0EHkVg_A9aM",27,57444,3207,71,414,2
"gz6QKWPpMIU",25,57396,873,66,162,1
"wQF8kTOVp3g",24,57396,690,119,95,2
"fFIg8WbeiUw",10,57380,5386,6,18,1
"_l_tKA6bPjU",24,57364,395,19,9,2
"2XXMMxtcrK0",24,57354,62,42,14,2
"hp84ZF42TLE",24,57354,1408,56,33,1
"jN8EAXdofBU",22,57333,1311,49,234,1
"DVuhA23Bp68",24,57311,541,34,78,1
"kAkQCPqJJqg",26,57233,1938,69,333,1
"kR4RHp94HYw",24,57222,4523,34,496,1
"Dmtoxyzl_gM",24,57215,282,11,24,1
"JEKdVYPn224",25,57165,815,36,68,1
"HX2ySkMmWDI",24,57162,132,34,5,1
"9pGOWCnVMcQ",24,57094,353,75,69,2
"dxMIYTtQRD8",25,57092,1042,73,159,1
"pDAfgOUFxZM",24,57069,15134,134,1528,1
"QhaH1SZ3eqo",24,57064,2018,147,184,1
"DkVPuSzNPvw",24,57035,1807,43,148,1
"0k4jne82Qc0",24,57019,3104,45,251,2
"KqURFSvfbRw",24,57018,0,0,0,1
"HunylyEsifc",24,57013,1641,34,202,1
"WE0yOwmip8w",10,57000,2692,130,355,3
"xCmxRn0cj-E",29,56981,0,0,0,3
"R_PvsjjXRz8",24,56936,83,29,7,3
"vOic52_23R0",24,56934,118,33,7,1
"umCFibogfIw",25,56932,478,98,183,1
"QvGOIAmBWA0",25,56915,288,169,53,2
"RAOS3nP2oY0",24,56906,1633,84,222,2
"zQ-fgcVmav8",23,56889,407,54,27,1
"zf4eb8K-uNk",24,56882,0,0,31,2
"UZXLiCqY-FI",25,56847,275,50,14,1
"wz5wJk4l5CU",25,56846,367,85,117,1
"P9Rf8PE6XZw",1,56838,367,61,31,1
"_RoNm0FcNn4",24,56829,240,15,38,2
"R2MPJyxPDiM",24,56822,405,50,24,1
"G0L0wRoZpjc",27,56808,3083,57,717,1
"pLDXy8ZNcVA",27,56795,1537,94,465,1
"IpPfKlT4hO0",27,56790,3076,60,427,2
"ZAURQTdrDs4",27,56779,2731,50,321,1
"OkqGrxfOsIg",24,56755,7974,79,1258,1
"_kqeRJg7iIo",24,56732,290,32,17,1
"y1DgnfHxDN4",24,56726,1503,46,67,1
"mdeXijHgyyA",23,56716,3808,138,225,1
"hGU1ytRiG1Q",22,56679,1043,61,158,1
"ZrhP6rXaDKM",23,56653,4233,142,299,1
"nJN_CwNS-Ik",25,56650,133,79,22,1
"w3tA7PX3wqs",24,56646,3135,27,186,2
"R9vL8Pv9J5k",27,56637,2844,71,388,2
"8Zh37Q2LzZk",23,56625,2398,224,214,2
"rGdU9Lmkcow",24,56624,285,34,25,2
"5SFdFyNH-ig",24,56610,124,8,6,1
"zIoK5ISYZFo",23,56572,5236,120,438,1
"zqJl8u8yFmc",24,56555,1801,38,323,1
"P_Qj01NQIWs",22,56521,56,58,22,1
"Lss1tP90iOc",24,56455,268,18,3,1
"wRjLRWYVob0",27,56431,836,63,25,2
"6JROz7Ko7Ek",27,56423,2684,94,565,1
"M4jLsWUF0uk",25,56400,542,34,41,1
"SKGT-n6HOr4",27,56332,3281,58,316,1
"5gd1G0aeqtw",24,56313,6687,57,556,2
"jX3MgXQIlQ8",25,56297,149,27,14,2
"Pm2OzGamZa8",24,56288,209,61,18,1
"pHHO85xJVz0",27,56272,3111,39,480,1
"TATr6tDWPvE",25,56206,109,21,9,2
"bAvAa737W9I",24,56191,5257,403,594,1
"Diq-EmEb91o",22,56178,143,26,0,2
"WqbwpNwuCro",24,56176,723,45,88,1
"40KE4UfbSMk",25,56159,236,559,289,2
"d4ETDHTYwis",24,56158,129,43,7,1
"aO-8bSSkFyM",28,56148,7324,145,1183,1
"tvTRaEFqLgw",27,56140,2925,50,579,1
"Tt4Bh1oA4_U",24,56135,198,238,32,1
"fNCLkYduz7o",23,56131,5317,97,575,1
"e6o_VLw8qIA",24,56125,3536,37,201,2
"G3E0Y-JeuOA",22,56115,173,32,5,1
"NfZJYqDL1WY",27,56104,2684,67,454,1
"M5OX6ZyWzo4",25,56090,160,48,3,1
"4P3ovcUqdLo",27,56084,2705,56,472,1
"13gMID808Ls",25,56080,540,30,61,2
"ZjD7DEGfvy4",22,56061,510,79,66,1
"3Zsd7nj5tq0",23,56035,1375,122,374,2
"1gTlw4qWK6w",24,56028,203,8,77,2
"p35aF4WBn1o",25,56012,213,25,28,1
"kcrXoxnRuCA",1,56000,1492,53,528,1
"3VcC34zLA6U",24,55995,136,66,73,2
"Jih0z7SW9y0",26,55989,240,48,13,1
"lDrSS-1trY4",27,55943,2891,61,406,1
"rDuGxEXTmzc",26,55936,249,78,31,2
"8QdHC--oics",26,55920,1421,117,201,1
"82Xuew50Dh4",24,55908,452,18,30,1
"zOuXs8RuCOQ",22,55887,324,71,108,2
"vNkwG-01BY0",29,55879,0,0,0,1
"a-cdhg1pWYg",22,55791,104,115,20,1
"MXGncmZyIFg",27,55764,2628,74,494,1
"t2Hre1znhgc",22,55742,335,59,17,3
"lSco2U1MncI",24,55739,3116,127,301,1
"dQcknE0VreM",24,55738,337,41,65,1
"qs_WQgxtlRE",25,55722,655,54,63,1
"HloFxmBx0Mo",27,55696,3154,55,282,1
"59NnPdb6Yhg",24,55688,296,46,269,1
"z9nlOnOE29U",27,55684,2803,55,398,1
"8IbBAZXJwm4",24,55674,167,25,3,1
"Dp1Vb81ifb0",27,55663,2869,36,641,1
"eUhjkP7BmEQ",1,55646,1430,83,115,1
"Qj6vSRd9JxU",25,55573,145,90,108,2
"H3RmJXMNnDU",24,55531,218,12,1,1
"Ps2NBPK1pLY",22,55530,0,0,0,1
"yQ7uhlwO8bA",27,55521,485,79,82,2
"Fqwaf0tD6GI",24,55483,0,0,0,1
"eSG-B_FO-iM",27,55473,5593,73,865,3
"gEl2k-Bi01A",27,55452,3126,67,526,3
"jrbD1wWr0IM",24,55450,69,76,0,1
"u3xpyKo96wc",25,55446,131,38,10,1
"Mv29ArAch64",24,55445,186,212,70,2
"0YJzcxEtgmk",24,55445,206,17,10,1
"AcbptqtCW9o",25,55419,193,160,383,1
"8qxqvYCEJt0",24,55418,85,46,1,1
"xCZ9YcaPuTQ",22,55395,32,50,0,1
"prhPObrZTZk",24,55368,3895,88,268,1
"7CLwgdWDt48",25,55298,253,156,232,2
"a73_RMjyckc",25,55261,1444,95,270,1
"PKs_ic6WHSI",25,55217,430,53,91,1
"znOC3IU0dF8",24,55178,45,94,15,1
"8569cjQAjms",24,55157,950,57,228,2
"2UR5Y2MJYD0",25,55134,275,80,697,1
"jfpDTnsKK_Q",10,55129,1168,28,28,2
"H6eNL9yUXQU",24,55126,195,39,29,1
"6misZ6Av6Bk",10,55061,2044,46,141,1
"IToONU1cS7I",25,55053,280,15,4,1
"fuu3f7y7Lqs",27,55024,4597,134,1184,2
"3Xn3JgQc9qc",24,55002,3135,55,119,2
"nxgfycWmzb0",27,54953,3023,39,376,1
"o3BplLJ7FKk",24,54896,339,70,30,1
"J8QpS4hZ1xQ",24,54872,346,36,31,1
"Fo_zzbIXNqQ",23,54872,2233,301,147,1
"l3fRny54z4U",24,54861,247,20,10,1
"4q8gvlRQh84",24,54848,1520,61,166,1
"hp4FXXRQGg4",24,54848,0,0,22,1
"xAHHlGbvImI",23,54833,1628,79,495,1
"qmjgWF39kqY",24,54805,181,20,4,1
"gY7cIZmLhU4",24,54802,186,35,1,1
"SmKNd9vbwic",24,54774,53,22,2,2
"bp1fsKJIU54",24,54762,318,25,0,1
"HQ97x0ldXWE",2,54735,2209,67,493,1
"hKBuF3fqyqI",27,54696,2013,32,512,2
"Ay4oQtp5TqQ",22,54667,675,72,86,1
"GPXE0jXMVJI",24,54659,81,14,0,1
"ATMCG0ByqzY",22,54633,474,56,49,1
"FDqwmbyf3nI",25,54585,294,36,62,1
"C7cqCL9BfaE",27,54557,5396,103,640,1
"lJJkD0hXf94",26,54494,2652,14,125,2
"q_UWyjH41tw",24,54472,123,36,14,2
"YcbIvxj85Dk",24,54472,722,42,60,1
"bBpd4Nd5J6g",27,54469,2258,29,450,1
"os4JzSaBmCw",22,54453,147,21,6,2
"N3aySwVkLdo",23,54441,1050,75,201,1
"fUoc7FMuwdY",27,54429,1311,131,625,2
"O-rDc7xXku8",22,54410,262,49,14,3
"tIf5HYkb_7U",27,54410,1505,92,323,2
"a9VcJXg5hME",27,54396,2436,61,504,2
"zX2bsGceI6M",27,54388,2677,56,559,1
"reoTUboruJ0",24,54381,226,38,34,2
"QrCpa61j8bk",25,54351,255,27,32,2
"dpmkJOYSZwI",24,54277,446,47,17,1
"AL00wnUQ1Q0",23,54267,4710,96,435,2
"OGNq72p-zgs",24,54257,128,17,76,1
"jFFkAYxFwTY",25,54254,204,59,29,1
"aa3dGfWCouY",22,54237,105,60,69,2
"m0tP_rF6uJs",24,54210,158,9,5,1
"AkdvLOIavm4",25,54181,241,48,53,1
"BfFC8D_wmGQ",10,54175,1540,20,47,1
"_0Rv0Pw1FgA",25,54116,156,24,52,1
"Z6JL5ofMfZM",27,54111,2563,33,397,1
"yJAnkOYNydo",25,54099,195,76,0,1
"_0R5MD6BqGw",27,54075,2199,42,222,2
"fC44rZWrtVY",10,54057,540,91,69,1
"2bf7uL2EHUE",24,54023,62,24,16,1
"pqfy3nC7QJQ",24,54017,237,19,10,1
"v2cytZa1nXw",25,53994,890,42,72,1
"cp4D-t5IqMw",24,53967,53,41,0,1
"xVtVUiP-7sw",24,53938,91,24,5,2
"GE0ygl1Ni00",1,53938,1507,50,250,1
"_o2jVC3PJzs",27,53924,3859,74,385,3
"E3lttmoJJlI",22,53923,425,66,11,1
"jWnGwrFY3QM",1,53892,997,78,53,2
"uhaAkwdWdsQ",27,53880,1907,107,887,2
"49ToG43-Qw4",24,53875,155,27,15,1
"AvRZ6AHK_sI",22,53872,227,46,7,2
"AveKHcx4b34",24,53872,150,58,37,2
"akEowx5ChgU",27,53860,1676,221,461,2
"XHsdVLHYCnM",10,53813,352,95,42,2
"UBrHp1YLdCI",23,53809,3281,108,357,1
"uj-f7uP4lOY",24,53794,208,5,22,1
"R26Wf_IGEOg",22,53788,77,60,29,1
"hQvMBeQIvGA",25,53755,120,21,23,1
"vFfwJINAgBE",24,53742,4858,98,739,1
"TgyGjf649Qs",1,53725,1468,195,228,1
"SXAX70gDK_M",24,53712,317,66,13,1
"Bj2i7lCpZT0",24,53687,240,31,8,1
"jey9-k8rp3I",27,53680,2865,90,161,1
"o2KCapDj2_0",22,53665,667,69,74,1
"OaiVyWe9CH0",23,53642,4122,59,357,2
"TfPjSW1bcFk",24,53633,280,41,129,1
"lZfOFdUNutk",23,53622,2506,56,200,2
"CNcYo4xrB04",27,53613,2433,50,309,1
"XharSn74VWY",24,53609,314,25,17,1
"r5eT5vZQbCI",1,53606,6578,154,805,1
"qx9Q0HtO5eE",24,53586,156,20,6,1
"ZN4B7fqV_KI",10,53580,642,96,63,1
"Bu5o7AuiBb0",27,53564,2733,55,329,1
"agvuk5s2F70",25,53548,75,121,57,2
"P9FalSGqDsk",27,53505,2562,66,360,1
"z9Av-KSAU7A",27,53474,2255,58,287,2
"pwneqDEizSE",24,53467,225,71,12,1
"VfBzYnbKHUY",24,53454,320,59,49,3
"KP6xVcxRZew",22,53450,2657,137,201,2
"svfw3agY3-o",24,53427,682,5,40,2
"jXnX_7N7aDQ",25,53378,87,43,2,1
"NvmZs9jzcBQ",25,53371,103,55,105,1
"_FRO1NFkJew",25,53365,478,21,13,1
"B1LIQ3qrTcw",25,53352,305,978,400,1
"pxPxcIyMad0",24,53304,1434,54,133,1
"Lm_J2M9-M-0",25,53299,241,93,6,1
"IvMX35AARig",22,53297,441,47,59,2
"tAMLj2EgW68",25,53267,519,66,28,1
"uqgfy_0co3A",25,53257,413,69,46,1
"u30dk3yedaA",27,53255,2823,52,202,1
"z1o2kSSZEAk",24,53247,347,32,27,1
"XrO_dAV-1mU",27,53240,3893,65,466,2
"_znNT07OfSU",27,53231,2257,49,139,2
"L5S5y6bPCQo",22,53189,78,355,151,1
"dX5b5Rld34M",23,53168,5419,67,377,1
"OgsxvXHfymI",24,53139,145,6,0,1
"H60ax6ajPL4",24,53118,316,14,8,1
"zrJEfX-BRQk",27,53102,2089,42,442,1
"aNXuqLeegXw",24,53097,207,39,18,1
"dLsWeU_UoAk",22,53089,376,78,12,2
"IyvVWFGdEag",27,53054,5839,130,904,1
"6cgIUpAnjuk",27,53040,2609,45,287,1
"NZgoYG28ESg",24,53027,0,0,16,1
"BgDzj1EPpFw",25,53006,609,88,90,3
"4WH_6fez-p8",1,52968,5973,170,995,1
"CAoe78-qmeQ",24,52958,263,18,4,1
"0ZcqzNh_qqI",24,52936,1189,19,67,1
"sfzAuVutOA0",24,52935,196,37,15,2
"iePfbhVhTAM",24,52928,1162,32,38,1
"wm3jeXLY6NE",24,52921,152,34,21,1
"IZX8zw4-x1g",24,52899,105,27,5,2
"yShi2bOLfrg",22,52881,313,51,0,2
"awLKl2g0pJY",24,52878,0,0,27,3
"yylrThT1Vus",24,52857,93,44,15,1
"OlKEngWvLY4",25,52818,87,123,101,2
"8cq8aE723jQ",22,52807,178,31,45,1
"F9XDFmNkMcU",29,52727,2547,128,0,1
"OOzLtsqQKjY",22,52720,7366,230,230,1
"HAatUYTRiYE",25,52706,163,13,6,1
"I8iOm4FQCV0",24,52702,1310,62,328,1
"1UG4ipMSePI",24,52696,1119,45,42,1
"1hfhdSe2itU",25,52696,374,43,29,1
"EPQu-5oz-jA",24,52688,1470,36,94,3
"ryvBWshPi9Q",26,52680,0,0,56,3
"_1iWMsOwyRY",22,52669,714,67,34,1
"4yCaDGs0lx4",27,52654,3812,58,346,1
"1V_uLDhfT4s",25,52653,1151,143,186,1
"O8lzxs_b9Rg",10,52643,2534,152,78,2
"wcOoWjm5jN0",27,52638,3464,59,343,3
"itpwbPINF_o",22,52630,499,36,21,2
"PtquZL4whd0",23,52622,3479,159,907,1
"pbGitIZ35Rs",22,52574,2969,251,324,2
"_dnxjEuwSrw",27,52574,5016,69,297,2
"wiPOjbR3Zas",22,52566,638,268,293,1
"jXk3COOc7vo",23,52549,2008,41,251,2
"sjomHU5uPQA",24,52545,245,15,9,1
"a6ICjHlzT78",27,52509,2761,57,368,1
"ru_jfc4AT1c",27,52482,3042,49,720,1
"VHHwaO1JZPQ",1,52471,82,21,4,1
"zPBTpsnPdok",25,52438,63,9,0,2
"OCExim0LXOs",22,52426,136,24,1,1
"36gpygvylHE",10,52416,8339,39,730,1
"i0n8AoTrkW8",23,52400,4645,78,384,1
"oiZ8p7rMt7I",2,52378,91,42,7,2
"kl91SPl6imU",24,52374,333,22,17,2
"W_U8nwWSSRk",22,52373,442,70,26,1
"pD81bsCg7rs",25,52366,325,49,69,1
"QUx1xH3UkMc",22,52334,520,93,49,1
"8QX5bAdvWvo",24,52328,224,26,8,1
"Ny_-eMpu95Q",25,52312,547,25,59,1
"hgBXsnHX37I",23,52302,1684,79,254,1
"TIMlWb32X6Y",24,52252,96,18,14,1
"QL8KshE6VRc",25,52224,139,36,21,1
"DiByo7YwHqI",27,52219,2658,50,269,1
"zRVjJknfEcI",24,52212,311,23,352,1
"4Y-o0KPkrhI",25,52210,0,0,354,1
"eR0omxN8kyM",24,52133,445,108,38,1
"xh7dpY5tTYA",25,52125,135,18,9,1
"36u9QWGWx7s",28,52115,6129,142,889,1
"bqqH36pX8N8",24,52093,47,13,3,1
"cjcoKgzXI50",24,52092,76,29,4,1
"A3lznY84lHk",24,52084,218,42,7,2
"o5oQqtLG19E",22,52064,493,82,57,1
"bNGQveDsljg",24,52062,136,7,5,2
"4toAdkTPoSM",10,52047,511,57,44,2
"bTJhO-hipjg",25,52032,230,24,108,1
"X4XLRhUoWk8",27,52021,2784,65,258,1
"0ktXUQCI07U",27,51971,2674,51,383,1
"Juh9mFsGWZg",27,51957,2330,31,212,2
"ennVCgmslT0",24,51939,76,16,12,2
"dkxowdNtVBk",27,51937,3957,55,273,2
"aj9BpxxUKKY",24,51925,4107,74,639,1
"lniYo3COUBw",24,51924,197,52,32,1
"DTuf5tkU_Bo",27,51895,2748,36,435,1
"a3Fwd9zAAMU",28,51893,6589,269,2467,1
"lec5QqY_KXg",27,51871,3240,78,460,2
"_QYSDjAvLmY",24,51862,108,116,58,3
"6ETqbzkMFbk",10,51811,415,75,28,1
"fY2nVjyROAo",27,51805,3039,45,285,1
"lVQ-vM42VCo",22,51787,390,118,66,1
"qUBbr5MeX30",24,51770,365,14,8,1
"j1TkPxKh4Vk",25,51767,665,56,139,2
"DfS_MsFeXHQ",22,51765,314,33,8,2
"EkR-Kv1fYHw",24,51729,231,30,190,1
"QMtCRl7EOLw",24,51684,265,55,14,1
"f00B4BdQ6Jw",24,51665,121,83,17,1
"erKvylNPaic",24,51648,185,10,4,2
"5wl6NxhCVGA",27,51635,5264,73,308,2
"ErSBFK7qHC0",24,51625,1378,23,141,1
"IxyGgI0yV-0",24,51621,100,20,3,2
"fugigPIUSeQ",24,51610,98,16,48,1
"rsZ9TyaF4Ek",24,51606,70,24,11,2
"o79NZ6Hvf-k",25,51583,122,24,21,1
"zqOvpmdI2t8",25,51576,85,438,160,2
"LIev1F-9HV4",43,51566,1929,40,386,2
"1QJgGnkIX5A",22,51566,95,62,43,1
"yPJSR_s_v2Q",1,51524,2674,129,552,1
"b8V_5KGyLr0",22,51497,144,22,12,1
"LGrYxntbqrQ",27,51474,1687,75,424,2
"MLc9mvgjef4",27,51420,2166,39,394,1
"p5ynBmP466M",28,51413,8412,167,1924,1
"papCjHZBOw4",27,51391,2589,49,383,1
"8ddsTcwR20U",10,51382,1467,104,119,1
"8LKTQyksns8",24,51367,5436,36,548,2
"LWbzf4XChuo",24,51345,0,0,23,1
"qc4RwA9jjJA",24,51331,4305,100,421,1
"NwI1gj5Cri8",24,51295,299,47,15,1
"O37N4Bm4lo8",27,51293,5516,36,500,1
"5qNFWj8kGEg",29,51284,0,0,0,1
"cGysOV3AzCM",22,51282,156,42,8,2
"_DBe9XXRnbM",27,51270,4302,44,329,1
"gsRjQI_xchU",23,51267,669,62,103,1
"17v_08294oo",24,51256,463,54,34,2
"5ZorxDQ3Tgg",1,51241,1780,67,307,1
"X3dcYm9V_lM",27,51234,2043,51,350,1
"lbFVPtfh5Eg",27,51192,1576,111,258,1
"PlmsIyC0ziE",25,51185,707,34,73,1
"GSUIqW7GwZA",22,51182,565,45,53,1
"98dQo9LMGYs",24,51182,686,46,83,2
"cbeJkzoQzMQ",24,51164,227,36,6,1
"rx5dx6HxBgg",24,51128,39,62,21,2
"lsrarJcq81I",24,51118,462,55,37,1
"Ipg36q0uhcI",22,51098,130,37,13,1
"u2iDurluSvM",27,51045,4264,44,287,2
"2C6vu8XVSvg",24,51015,913,40,203,2
"XCmYNXVceyA",25,50997,60,84,40,2
"SGyJcg2Lf4c",24,50966,1011,221,461,1
"znEd2y5NvE8",24,50922,73,139,41,1
"gz48VcqaTsA",27,50916,4051,56,323,1
"7z90pkNWBlw",25,50914,868,32,42,1
"a5NLpOec_J4",22,50906,130,28,12,2
"uCAFy-ansKA",24,50877,1507,50,186,2
"-5Fy_wPc6gU",24,50875,281,55,208,3
"vLkL11YXzfk",24,50864,131,11,40,1
"AFW3E__PruI",22,50824,164,23,5,1
"r9gmKomAH4M",22,50813,462,27,102,1
"MdnHvJQsRHw",23,50769,2919,355,264,1
"aOSsupaOWYA",24,50750,289,19,8,1
"7Sfx30vFhqo",27,50748,2958,45,422,1
"rs4Hf-ejwm4",24,50734,960,21,22,1
"8o9bH_gPoFw",26,50693,244,34,49,1
"O8xAmluJ5Ro",22,50685,64,49,12,2
"ntquM-4Uqwo",24,50681,229,88,30,1
"V8b805Xk6KU",23,50641,1305,32,187,3
"HoFoELTR6qY",24,50633,4614,54,290,1
"EJJEUGSt5tU",24,50607,485,31,34,1
"OVPzKudvpWA",27,50607,2316,68,357,1
"mT2u9C9MrNA",22,50604,4743,38,269,1
"AHDiwTna9uQ",27,50604,2483,34,386,1
"FrPwMuwIBQU",22,50601,544,83,43,2
"cYqZayzweNM",27,50590,4833,60,364,1
"_q13YscLQIA",27,50574,2195,35,666,1
"KnRDvKvZZb4",1,50568,1307,48,252,1
"L6bH5nzzdEY",25,50538,104,27,30,1
"2S1B1pV9bOE",22,50511,4387,155,209,2
"RcERFLu4VJo",24,50508,1635,70,248,1
"Wqpmeofepn8",27,50505,2367,46,342,1
"WaIbu8cdEwE",22,50497,110,27,5,1
"DietACVMs7o",24,50451,102,10,6,1
"qtmduJaH7yI",22,50451,160,53,15,1
"_MNVWEhD7YQ",24,50432,25,46,5,2
"oxVySnXcZQA",27,50417,2365,48,338,1
"m0utTDsDVB4",1,50411,2363,119,250,1
"IJ_8Q50w_no",24,50404,126,18,4,3
"Lib5Vmlu-7w",25,50358,518,38,85,1
"Uq3zy7ODnQg",24,50323,572,17,44,1
"bLa4WONsq9g",24,50294,230,42,24,1
"wwKZf0EKkNI",27,50293,2224,62,528,1
"n8j4YjBKqno",22,50249,459,29,28,2
"TqSjzqNI91I",24,50248,2122,148,122,2
"abelQ0CD6Tk",24,50247,3120,94,796,1
"ABYKJXJ5eS4",24,50221,150,16,0,1
"a8hFBXnqo0k",25,50220,15,0,3,1
"b_YLYKFcAjU",24,50172,3231,138,129,1
"dZD0BxKsgZo",24,50171,33,83,0,1
"kfee2UpS1tM",24,50163,109,80,43,1
"mnOfKJ-3s94",27,50161,4075,92,301,1
"8uP-fpQJT3s",27,50155,2335,35,489,2
"ViHXTEQOF0E",24,50154,947,42,46,1
"ABWzIV3o_jE",27,50153,2132,48,363,1
"s46tU6bg99Q",25,50145,116,27,17,1
"kRcMkRTZQcY",25,50135,992,197,306,1
"C7ltNRjShmw",25,50124,120,86,133,1
"GBNfWCYwlz4",22,50060,70,50,13,1
"8CnBp3hjzLk",25,50043,218,30,18,2
"CWG9HGBSdZA",27,50017,508,83,119,1
"yYTMQ7GKQVA",24,49999,63,28,1,1
"p-FP3Oej7SE",25,49989,165,34,29,1
"pve-WwRWurI",22,49977,475,54,21,1
"etRikOf-S4k",25,49960,63,26,4,4
"QGwuY5dMop8",23,49925,1312,132,199,2
"V-kWFAoNgT8",24,49855,159,5,8,1
"_xYYPQt4JMY",22,49834,201,32,0,2
"FUfAzGgxsQA",29,49801,2044,85,0,1
"8wE-uGg2aYE",27,49787,2490,56,796,1
"qCRfa5MLKQo",24,49779,60,9,12,1
"d2uL4ykPr2c",23,49777,2151,106,248,1
"1Bsp-xxsvFY",23,49772,5752,137,427,2
"DboAO8llDxo",25,49770,61,20,48,2
"CZtzTRctSu8",27,49711,2229,40,466,1
"Z2DvKspUYXw",24,49588,346,16,17,1
"rYTryUwqiuk",25,49572,166,18,4,1
"Dlj1QmZLWSI",29,49558,2251,96,0,1
"cg03faCyBws",24,49535,1378,72,166,2
"_89sunV8waw",25,49527,331,32,15,1
"bsewlswAoSk",24,49525,3373,123,495,1
"hW_fGX3MMgw",24,49509,204,19,23,1
"HXYS-RTe2Js",26,49501,2489,111,473,1
"u2ru-EwFsn0",24,49499,129,276,79,2
"7h-sX2qpEb8",24,49474,303,9,37,2
"2xTwKNzP45A",22,49462,97,26,2,1
"ia04XLUTZQs",27,49459,2552,115,485,1
"3V7j292CUT8",25,49427,637,78,57,2
"zMpjexMuKao",10,49393,348,19,17,3
"JfAwgMzNUqU",24,49385,425,26,40,1
"3CkZyfglgj8",22,49350,197,35,0,1
"hv--evE9hbY",25,49347,98,46,20,2
"9piDpJONh-Q",24,49339,383,43,22,1
"kH9v0HK_L90",10,49333,4355,144,548,1
"XQE67OqyVbQ",24,49318,929,24,41,1
"A4-Ezo9Qp7g",27,49288,2516,236,350,1
"6vbs7z1Sttc",27,49282,2300,41,546,1
"4Xlz0OBXlao",24,49267,43,61,6,1
"PNJnAozldOE",24,49252,110,46,14,2
"WlJoHQ8MdR0",24,49245,171,30,12,1
"hibx4GxyhkE",1,49222,43,89,22,2
"nD62X_0owgM",23,49196,3349,252,226,1
"I4b6c5cU9Po",25,49195,56,35,12,1
"M2jslfpCAtM",27,49178,2817,71,289,2
"ol31UX20hBA",24,49167,2216,395,92,1
"sXAkVwvlxAM",24,49135,113,22,4,1
"sgDGNKwcjJs",25,49129,1610,197,551,1
"O0a3J1wXO3s",24,49128,364,13,19,1
"prELPu26Hvc",25,49127,495,67,157,1
"Dyz4icN7Bo8",26,49072,1234,86,343,1
"ypcGcPEMSOE",24,49059,934,125,196,1
"TyFIjDDPc3c",23,49037,707,42,113,1
"4xuyhtnTLLA",24,48944,54,84,27,1
"DT3MTn9NsUo",23,48913,5409,252,965,2
"0p8etxoBJaI",27,48903,2911,52,633,1
"CwA9Doz-ZCQ",24,48885,497,41,43,1
"BN2oPaMm5d4",22,48883,151,31,0,3
"pcQU_2XapWg",27,48872,2888,39,313,1
"wICCuz8I6To",22,48868,3491,113,150,1
"TlIVtGENOX8",27,48823,4747,53,456,1
"TEFd-xwJ8jM",24,48740,172,39,23,1
"zYfd6jJ7apg",29,48723,2349,74,0,1
"A9IsTwccT4Q",24,48711,335,62,31,1
"c-FaEuIOxsc",24,48703,352,37,19,1
"qX0A20VyElQ",24,48673,134,79,18,2
"sMYCwXLXXs8",27,48632,4365,47,452,1
"wlY8DDHMhb0",25,48617,290,33,35,1
"WKUr-p4ow2c",27,48611,2481,50,343,1
"AEACSTgVIew",24,48585,170,12,7,1
"Ql6MD0WoV68",24,48583,5812,20,427,2
"7OHIsQzErtU",27,48574,1867,96,960,1
"EjZV6yI4JJg",22,48563,353,42,0,2
"2dq3s_GgSTQ",24,48555,170,38,13,1
"sYShOdcz7vU",27,48527,2800,43,676,1
"GJ1Vvxak7t8",24,48515,57,68,25,2
"X7Rrqtsp0jI",10,48498,681,57,47,1
"hphmT8Kj-oI",24,48498,299,19,5,1
"CP7pCQXNZR0",23,48496,6515,280,1494,1
"O9EZY8_xQ_Y",27,48471,2346,82,103,1
"F0tmdrV9sdc",24,48454,150,31,8,1
"okdRAhEvaZU",27,48453,2311,45,709,1
"PgAy3LJuk7c",25,48437,0,0,127,1
"PWijaH8KeCM",25,48406,471,687,729,1
"Pe1DGlP7HwM",23,48395,6821,273,1183,1
"RiA3hcmbWrc",24,48391,188,19,8,1
"2oEmJAAKh9I",24,48368,711,350,294,1
"7IJD2Y35Vcs",24,48334,244,34,20,3
"Cp39oZvgxNI",27,48332,2269,25,284,3
"NQfBeJCvhyw",27,48313,2445,56,379,1
"sQeVlT_rm2w",24,48303,367,44,20,2
"ZWNYdAAm6lk",27,48291,4906,57,201,1
"yn_-uRhyijQ",17,48287,184,15,2,1
"S7WhwTt_Bvg",25,48287,365,43,24,1
"XvCBNwjxlCY",24,48232,640,32,233,1
"6e0XqZK4nNM",24,48229,194,44,10,1
"nSlj1ZCBwho",24,48218,186,9,48,1
"FeUNRCV24jE",25,48193,436,26,30,1
"rUt5TQoU7Rk",24,48180,372,63,20,1
"J8_koVj7LPg",25,48178,1386,31,144,1
"ygk5CFnToPg",24,48158,589,32,32,1
"C0J3bemP9g8",22,48156,172,29,7,4
"Co_RSM7O0EY",25,48154,67,28,4,1
"1BPmz8tBXyA",23,48112,1277,119,122,2
"91zOfUdToP8",24,48085,235,25,45,1
"EFwG5GIDyR0",27,48073,2531,46,359,1
"ANAyZUnY3-w",10,48045,639,95,60,1
"pNNQw1wt-tA",24,48026,129,51,73,2
"8JXyp9uin9g",27,48015,4065,44,272,2
"6ktHTP3aKX4",26,48004,255,39,27,1
"SxAsIEwHIVY",24,47970,696,105,87,1
"nE4mweDMTf8",24,47935,263,62,25,1
"Cl8InT3QaSg",24,47919,821,20,126,1
"3ZyMpG3WxIo",25,47897,469,29,8,1
"1d7WTqJRpRY",23,47889,4575,167,892,1
"iE_AHSiQQvQ",25,47859,539,91,72,1
"xDJCriMpLWI",23,47859,312,37,42,1
"ULQdpB9Ri9w",25,47825,352,64,4,1
"n4A3hjoxZV4",24,47801,138,9,8,1
"kZ3ij2i3nHA",24,47789,1041,64,135,2
"3MXYmjUhsyo",23,47760,706,91,272,2
"zN0r2Yn-UvQ",27,47745,5148,68,362,2
"VMK-oklSNOI",24,47691,685,120,182,1
"Brau_5qij9g",25,47667,839,86,270,1
"opCRNlfcQJ8",24,47649,314,33,53,1
"W8HAcuARR7s",22,47641,1367,176,0,1
"2WuJ2igyRMQ",24,47619,269,63,133,1
"5xsWmHAkQhw",26,47599,3100,152,463,1
"DT3n9F_IhbQ",22,47596,3741,138,141,1
"5CvUIa8eh0I",27,47593,1230,48,95,1
"xBVEPvWgaRA",22,47593,162,60,0,1
"Lodsnr0-OXw",27,47588,3329,44,342,2
"aRePCnKKFGY",24,47580,279,35,20,1
"Tz81pYZy-Cw",24,47578,185,36,10,1
"ZzSkpyJhOTA",27,47543,1720,36,406,1
"c_UvqPYj1lM",22,47509,753,79,124,1
"sPuzkx_lU-4",24,47494,104,29,81,1
"BrNEsH-cl9c",26,47468,464,78,19,2
"NRJF8Tv_4HQ",25,47464,55,28,4,2
"JssL-0rBJ2c",25,47445,242,54,40,1
"58xifoKuXPA",24,47399,2184,53,190,1
"lX3xCgR6Wv4",26,47365,287,58,19,1
"cwi0KsPqej0",24,47357,0,0,218,2
"hDUel4MX-Fw",27,47352,2240,31,543,1
"HclxVbTn0jo",25,47351,322,96,355,2
"g7SdBlW1Zj8",25,47328,1053,30,75,1
"KhnheAEaj9Q",27,47302,2431,23,444,1
"G5PHp9HrWug",24,47297,525,28,8,1
"3GPtm58cK3I",10,47279,554,78,55,1
"J7gVoKZXni8",27,47258,2963,85,493,1
"O4DF1awtayM",22,47257,682,70,40,2
"F7wAWX09BvU",24,47247,192,25,18,1
"k9x2HrrhcbU",29,47240,2212,97,0,1
"SmgM5sf6Ymk",24,47236,187,28,7,1
"i4gPI-IXSjU",27,47233,1519,203,957,2
"hPYalU6QO1g",29,47207,2011,94,0,1
"CNktdMtSRkw",27,47199,2655,46,664,1
"cOk19uN0JNw",25,47191,501,13,74,1
"EzWSQl0xKB8",24,47190,127,19,5,1
"yigaVJp10zQ",24,47188,641,56,237,1
"Dwe4oInWsRA",23,47183,2713,143,412,1
"Z_P4MXacU0s",27,47136,2578,68,400,2
"bpd9ytmR6x4",25,47116,212,32,64,3
"b8N3zoHmuuU",27,47116,2243,49,477,1
"Y6QLxO-rstE",24,47101,97,31,10,1
"QYZA_GsPoaw",29,47100,0,0,0,1
"4H0NwU_VCjY",27,47068,3532,43,390,1
"szcRJkL2KxQ",22,47060,5292,129,194,1
"DlB-p-ppL0Q",25,47057,245,31,30,1
"U0yyh0gCcWg",23,47051,4479,110,145,1
"MsV4QKmpFS8",23,47048,903,183,123,2
"BpjDiK-Oq1Q",25,47020,43,96,108,1
"9ivJf0zp-hM",24,47013,65,26,3,1
"hQIbLYGx0ew",24,47005,432,59,23,1
"5R5jv0j4mPw",24,47001,495,23,100,1
"dugthvpLWPE",27,46977,2317,34,423,1
"R6jeHZ18qxw",27,46963,2932,31,720,1
"fGIBFfRkxyU",25,46959,111,62,35,1
"uSx6eRWE8WY",25,46939,269,21,18,2
"ZYsYyvBC7lE",24,46926,497,15,29,1
"HJZEp4s8sKI",25,46925,596,51,156,1
"6yvkitjvnEk",22,46872,75,61,57,1
"iSxCEKuM5yo",22,46871,3418,127,221,2
"3Jumy00i_0U",10,46856,635,47,37,1
"9OjJghjDphM",27,46855,2259,29,429,1
"fx9E-bU9PaQ",25,46835,0,0,0,1
"JQyK_3sxvl8",27,46831,2602,56,201,1
"SEfbUD0PZ-k",25,46826,990,83,158,1
"BpzAjoqxHYA",24,46818,137,9,3,1
"e4tBQ0Dmmro",24,46814,5263,67,1161,1
"ycxTAPcSIFY",10,46801,350,32,11,1
"QRSqwRwtRMk",25,46766,309,95,64,1
"E5SZsquma_Y",26,46755,3386,115,504,1
"f9kjt9rjKb4",24,46748,209,53,36,1
"mpbVUju-YEQ",23,46729,2605,50,120,1
"hO3J5g315_0",24,46728,424,52,37,2
"OED5tyjvk48",24,46700,55,21,1,1
"YqKUOs4W7Pw",24,46693,206,33,4,1
"VyT3tAneQ6c",27,46685,2323,38,394,1
"XzLQ3DKhnCc",22,46671,650,69,73,1
"qyfWXkRCfYY",24,46669,125,10,9,1
"UnDJFsPwg7o",24,46622,241,18,4,1
"zQ4lFJetz0I",25,46620,294,25,80,1
"w5SYACJ1g6g",27,46613,2685,57,239,1
"JY8GOKe5CVs",24,46568,65,26,2,1
"fmQ46u_6Fgk",24,46567,289,29,6,1
"4zo_tGRv7I0",24,46564,2411,111,112,1
"K7MaLm3OoHc",24,46547,213,27,19,1
"6l9TWdy2lQ4",24,46509,55,10,1,1
"cFC8p6s0knU",22,46497,213,26,16,1
"FdrnASphLdE",24,46481,70,19,2,1
"a2Oi0EgnV3Y",27,46478,3373,48,231,1
"DfxfErmJfxY",24,46469,143,12,18,1
"NASqRg2csaw",25,46459,498,103,228,1
"qveT_PomVlE",25,46455,150,43,49,1
"6VDMKStmFCE",24,46452,201,8,4,1
"j1yfBTApgR8",27,46433,2404,33,369,1
"SiFlw8UJQmg",24,46431,173,6,7,1
"TfIxaKn5IpQ",24,46429,98,35,24,1
"hQms1QKLdEc",24,46421,189,35,8,1
"an7bHQqn5cg",24,46397,416,22,12,1
"OfF1sXpnk7U",24,46397,88,523,470,1
"DQNuZt2pznw",27,46387,1798,74,110,1
"yqb3sBkpBJE",25,46378,56,23,0,1
"j-EM01zPQzs",24,46346,248,23,17,1
"LL0kvohLtoE",24,46321,190,10,4,1
"zj0AQTf3Zko",27,46313,1870,29,591,1
"Va_-tU9ndik",25,46284,425,47,68,1
"ikVJf_r2uiM",27,46273,2487,48,596,1
"wq2bqfp8qfM",22,46265,247,47,9,2
"Kiv73Gbaxr0",25,46256,386,52,203,1
"Llq4AAiyeXw",27,46248,3660,57,141,2
"7-QMjNNjddY",24,46192,4272,62,283,2
"hPzCsnKzyKA",24,46190,311,27,5,1
"DaGQZFuAOWk",26,46183,236,47,19,1
"qF4KYgEU-Bg",24,46169,88,28,6,1
"d0jkiwnme74",24,46166,37,10,12,2
"Lr96EaaxQnM",25,46106,675,28,55,1
"knkbHYm9mOw",24,46086,147,7,6,1
"fvmS5wzn830",25,46033,73,29,17,1
"JZgJnC7U8Yc",24,46020,465,28,72,2
"imm5CwUhVo8",10,46005,489,79,37,1
"s-H1jUulYsY",26,45995,254,56,18,1
"G1Kn9VDv8tw",24,45920,55,65,96,1
"o0lBX4bfbzo",27,45893,2624,50,329,1
"TTcgaz5u9U0",24,45892,126,238,154,2
"yBYVSVHLSh8",24,45888,166,75,30,1
"UeRVAQGYdIM",29,45880,0,0,0,1
"UBkp8UWESWs",22,45879,4180,190,201,1
"nkwGHZfsHfQ",27,45873,3321,126,596,2
"CHO786V8kAg",25,45861,450,251,166,1
"E0wPd2NnA3U",27,45855,2362,23,329,1
"pbXtBV2JBhI",24,45846,88,39,0,1
"3EZC65Hjri4",25,45843,57,36,49,1
"fCLkpWAckqk",24,45823,1061,74,358,1
"rQSDy05-UL8",22,45816,256,53,15,2
"NKTCc6GctdI",25,45796,173,55,5,1
"27F2IJ-ufqE",10,45788,1283,67,162,2
"XJ-tMER8AZU",27,45783,2424,65,384,1
"4mO_B_KjxWg",25,45767,626,51,30,1
"w2mzFCZQsCI",25,45743,523,16,22,1
"86hHzO-shfc",25,45735,0,0,17,1
"Poyq5bIbVrU",27,45714,1928,40,322,1
"kmGD4oet2u0",23,45708,1708,59,552,1
"KJICCWoSooE",24,45693,98,40,21,1
"7CfG0YNjCEQ",22,45602,4690,121,272,1
"OdWkNizbsKY",24,45561,61,79,23,2
"ody-1InanqU",24,45557,864,388,259,1
"Q7n00XG-230",25,45547,400,19,23,2
"DIt-O9kfZ8E",24,45546,1671,1930,521,1
"i-xrMLcMVpU",27,45544,2804,38,497,1
"kq5kkfvlOmY",25,45520,95,45,52,1
"wxRntPCUnzw",24,45517,0,0,0,1
"Z9-PzX_LBAU",27,45488,2225,30,332,1
"CDFT6v8iHgc",25,45463,162,258,270,1
"dwdqRIqlA1Q",24,45446,138,6,2,1
"fQlt1AqM3Mc",24,45430,56,94,26,1
"Z0rRym-8ANk",24,45390,0,0,116,3
"2UHmDbKkVHo",24,45382,82,27,14,1
"kXHQbXn2gYY",27,45378,2334,137,1348,1
"uBBYweTCAhk",1,45311,1892,42,121,1
"3HkWCyZDbAo",24,45255,127,6,2,1
"YkEfbmacpww",25,45252,162,39,38,1
"lHrZY2bA6ts",1,45239,1255,30,249,2
"pAbwRN2eU_Y",22,45194,536,48,123,1
"eEKUIMtCe0Q",22,45181,0,0,12,1
"SELmvgzrnmg",27,45181,2553,56,534,1
"swbzx2QOUqU",24,45166,142,3,4,1
"d_tG4j-3b9E",17,45161,89,22,7,1
"HI5gaYgG4to",24,45149,1202,75,201,2
"nHEc5vfbHio",25,45137,67,42,52,2
"dw08WCOaZwk",1,45133,1752,26,336,2
"BS7vvzQ19tI",24,45121,1328,78,206,1
"NGBDzUopmLI",27,45076,2181,31,349,2
"Q7nCPXk8HI0",24,45059,378,34,20,1
"oa_rbk7hXE8",27,45052,2260,93,256,2
"TAfevzAjxdc",24,45035,79,19,11,1
"3Vi0hX3NiDE",26,45028,3592,168,496,1
"iPKq9jddR0E",29,45013,1603,73,0,2
"3lPfhAeO5EA",27,44997,2364,29,440,1
"E18tX6SriWE",22,44997,4113,169,207,1
"XsRkmh2CdvU",25,44978,0,0,13,1
"uNA30cSwHUk",24,44946,172,37,1,4
"iDjNatOowTo",24,44936,61,16,4,1
"da6xcWHzGrQ",24,44925,96,13,11,1
"POchRhZlYm4",22,44922,940,86,41,2
"BsFbiOksHrQ",25,44921,182,45,17,2
"NTiSvK7c810",25,44914,62,34,2,2
"cscTs1LuirY",24,44912,56,11,16,2
"rabpRbnuD-M",29,44848,0,0,0,1
"d0h0K1K8r1g",25,44797,550,36,34,1
"LnAaLsiJW7I",24,44781,581,36,45,1
"NN5ZLwNpvU8",24,44780,233,17,128,1
"_ejs-6r1YR4",25,44778,227,52,12,1
"3ns9NoTehns",24,44773,86,23,9,1
"Jgpi1vhBKjQ",24,44765,120,9,20,1
"oalxOW7mRfs",24,44763,169,6,10,1
"2Drj_O8FH2U",22,44761,905,36,45,1
"HNEcE7-odCo",24,44757,1192,18,98,2
"LMYGY_Nlqhk",29,44735,0,0,0,1
"m12sDuFt63E",24,44717,119,24,0,1
"HXzjU1-wy74",24,44696,0,0,74,1
"4NX60rzQzyI",24,44682,104,44,6,1
"YSyn2VPEBgk",24,44650,96,14,1,1
"VWkhq1nXna8",24,44643,338,40,184,1
"Uw-f0FuOatI",24,44638,36,23,19,1
"0O-Dh5k56Kw",1,44637,1216,44,140,1
"38gpuUNEh_Q",26,44628,2093,65,0,1
"mnfClFIW41c",24,44617,307,22,66,1
"ZZBCagwloo0",27,44613,1132,62,97,2
"Av5nUQXdGzM",24,44582,91,7,1,1
"DQoQtmAmUqA",24,44568,1277,79,148,1
"HMEBI2uWkkY",24,44539,238,20,10,2
"po774xAksQI",24,44511,136,27,16,1
"3gAZ4Pwyumw",24,44509,210,7,10,1
"f4dp5yhdu1g",23,44412,2349,161,181,1
"NLjU7DJMfMQ",26,44394,1129,69,173,1
"nLVxESuXz_c",1,44379,34,27,7,1
"l6g3DnCgW80",23,44371,1134,174,144,2
"KIxQLLzWXc8",27,44362,1392,108,194,2
"3JuZ0ksTYSM",24,44360,387,13,38,1
"NfHr7Tb0ipo",24,44347,131,25,8,1
"uGl2w5kyeBY",24,44340,977,28,51,1
"62rck5aBrrE",24,44338,134,9,3,1
"_LmN24ZsP9s",22,44333,1879,87,488,2
"GUGFhdTNXAU",27,44311,1882,79,334,1
"yR0EaFyoUSI",25,44294,270,38,26,1
"8DaAdIJk-cY",24,44292,148,12,41,1
"PYIeRuYFJvk",24,44280,678,123,326,1
"8V-SbbJ7c2U",24,44272,78,72,11,2
"a7VA4ZlRuqg",24,44233,33,148,18,2
"rTT5RdUVKFM",24,44225,821,1669,417,1
"PO4JH1yzpDs",25,44223,33,67,32,1
"g3WLffbqrkA",24,44179,141,12,7,1
"sXT3ALskww8",24,44155,143,22,9,1
"Kk651Yyf7B4",24,44139,0,0,18,2
"QTNvSxTdyQ0",27,44136,2598,26,526,1
"SuSuyBQghZM",24,44133,91,16,3,1
"xeWjs3kncAU",24,44104,165,47,0,2
"nXRaDGajbZU",22,44070,362,25,26,1
"uXnqTyrGPrM",22,44062,131,161,15,1
"IH3tFY6RBJU",29,44059,0,0,0,1
"yFiAze5yLVU",24,44041,246,45,19,1
"K6RR8tCqrkQ",26,43953,1020,72,514,1
"dvtetdiY-2M",22,43939,587,140,864,1
"marn_NVJg4w",10,43929,234,69,23,1
"xVRC4elimRE",27,43923,2737,64,378,1
"fg2qW16dHfU",27,43912,2441,42,231,1
"rae3o-3e4C8",26,43880,1528,142,142,2
"fz9Rb0F3mOk",24,43870,186,25,14,1
"koeEyBPbuqw",25,43824,110,34,9,2
"1aRVH-I5rec",24,43772,84,28,8,1
"nDHZqsna_n4",22,43758,639,102,59,2
"d5LbnkyVQqA",2,43735,583,22,27,1
"QPiiJ3KcJr4",22,43728,95,31,15,1
"r7c--fNcG-s",24,43699,87,117,65,1
"MIRouWszxig",26,43665,367,36,11,1
"w51TTiGcLUc",27,43586,2246,38,198,1
"Mys7iCqUJao",27,43574,3670,84,277,1
"LKs8wjbVY9Y",23,43566,1660,50,494,1
"j4FL4ALk23s",25,43561,226,62,36,2
"T8IWFX8h8T8",24,43558,148,6,3,1
"5P06IBig80c",24,43548,224,16,15,1
"-R8Vok9ykjM",24,43546,123,18,0,1
"EA3U7apuMwk",24,43531,253,55,81,1
"CiBbHTpuRX4",25,43495,127,58,18,1
"Pb-O6iWv_HE",22,43490,47,22,1,1
"17uT4FQt7og",25,43480,62,26,5,1
"Z8fgikLjGnk",25,43469,250,28,57,1
"Yek9pSv84yk",24,43409,95,7,1,1
"TyHFhVEpzJs",24,43391,732,30,40,1
"s4I8zU3wY74",24,43321,157,9,119,1
"v2-z9w996vw",27,43315,1562,49,89,1
"zyRoReSrF2I",24,43281,186,54,9,1
"XEu9og62FlM",26,43271,361,51,42,1
"IorGlKkISVE",24,43270,224,20,12,1
"xxVCl3Bl8uU",10,43260,268,50,24,1
"4sRlB99RtB8",22,43235,217,36,3,1
"Iw5ngoviq_s",1,43214,1571,53,217,1
"SMMjI0lswcg",27,43192,1416,86,269,1
"j7MwuBLQW7k",24,43183,1574,38,121,2
"hrsxnbK5tws",24,43182,1666,79,193,1
"b1iK4yIbjCU",25,43181,481,86,25,1
"DBQV9CWH7-c",24,43166,327,81,27,1
"69Akkon2ciQ",23,43159,3423,93,285,1
"oycYpm5jCYA",27,43150,1655,100,301,1
"CQKfx5NOsVM",24,43109,113,6,0,1
"YmQc3lpqMuA",17,43098,207,19,24,1
"rdhbsfG4pSg",24,43079,88,28,3,1
"h84r63okL3s",25,43065,706,57,36,1
"4UXb1J9ARCU",25,43057,87,31,10,1
"9bXOO9ELsUs",24,43052,1185,27,62,1
"Qur20fwAMBM",24,43050,258,17,16,1
"8YzsLCGk8AQ",27,43041,2520,44,505,1
"WeMGHzO5QZI",26,43034,348,60,16,1
"yQt3wNwYdvc",24,43009,331,50,7,1
"kpWrFRGhlWA",24,43002,202,7,3,1
"DGzP9ssjl7g",25,42985,102,12,12,1
"-8gsdQ9mfDA",25,42963,288,73,19,1
"4TStX6b0uJ0",10,42923,908,126,92,1
"AsnYvWuXRzc",1,42912,3605,213,343,1
"t5pdeEYCJAE",24,42911,484,10,22,1
"fBa7kVciasI",27,42883,977,65,28,1
"Wa9ZKAneqWI",25,42844,946,71,208,1
"KmiHyJkngDM",25,42830,210,183,317,1
"DTN5l69zyC8",24,42824,144,16,6,1
"PnYrL1rK-z8",17,42816,169,55,85,1
"8qz1okKV4_0",24,42813,2519,232,93,1
"ZuKpjnf01O8",24,42807,678,43,0,1
"ibLexE8oczQ",24,42802,77,17,9,1
"J1JtuZ1HmoM",24,42801,70,79,13,1
"DAyDuVnFL5s",24,42766,57,7,2,1
"43_u3d3DSvI",22,42739,176,80,72,2
"HHkatPgbARk",24,42735,129,20,1,2
"TRhNybWQfEs",24,42729,396,26,29,1
"R7JsP-xj0d8",27,42725,2869,60,498,1
"2lFH48tXRfE",27,42698,1988,36,299,1
"gz3mv03zf6s",26,42687,3376,152,779,1
"BWdbKK2-udw",24,42677,241,72,27,1
"zvWmYsEvZJo",25,42664,62,30,12,1
"UQ5M6AsmBUI",10,42652,4552,35,220,2
"dPuaFqHDhn8",10,42641,433,60,77,1
"oBRvg5dwLLk",25,42606,107,12,4,1
"ThfnXXAn_vg",24,42603,158,40,50,1
"u-yrzon3hCI",24,42602,204,33,13,1
"a3NKAuWxaYA",24,42564,105,16,3,1
"0SBA7JgFUzc",25,42554,107,55,102,1
"5ogCmKbOipM",27,42534,2178,21,390,1
"ranqb2ZQVfs",24,42518,2223,122,92,1
"26eWtt3hjFo",24,42489,125,102,46,1
"qB4MYf3XlhY",25,42442,423,77,200,1
"fR8L9sFm_0w",25,42422,47,17,20,1
"xxwI3U_7s-I",27,42393,438,71,111,1
"kq4NCCrMSH8",24,42371,73,20,4,1
"UngF8Qa9ESI",24,42368,119,8,1,1
"Zy5YzW1-p14",24,42364,160,24,8,1
"zgRJBucGX-I",24,42335,106,10,1,1
"30I9pBC244w",24,42314,156,199,70,1
"Bhs0Dlu-EUM",29,42308,0,0,0,1
"cBAvW0Nyxg0",24,42272,1621,32,375,1
"ouWXvEfycHw",24,42268,68,45,30,1
"n83E1riKbCM",24,42233,223,18,204,1
"SkX3CRE77I0",25,42218,175,342,271,1
"pfntx06hWNs",24,42199,4165,22,218,1
"6yhSVSvhpmg",27,42186,4687,233,548,1
"h0-Yp0vGTEI",24,42168,124,25,0,1
"UtIKvZ47rcg",28,42166,3723,106,549,1
"wAyVylKg6l0",22,42134,40,13,6,1
"qEf_2YN1XaA",24,42124,2094,25,80,2
"nejf7ZD6rRg",26,42055,84,22,5,1
"DKesLd81LfE",25,42048,155,53,66,1
"DalGQ8R1hkk",24,42045,320,32,72,1
"bJs5Tw5K70I",22,42008,4539,104,240,1
"MebiAf-7XLE",24,41974,349,17,47,1
"kOhtUuqMWZc",22,41941,541,94,84,2
"MB1nghZ9JiU",27,41932,826,47,235,2
"meX1HkC-vKs",10,41929,1907,128,49,1
"frq1vQ3i2Gg",26,41908,69,31,8,2
"MRD9PZ0DGuw",25,41881,122,248,199,1
"hHhlk3eKV9c",25,41866,48,21,16,1
"TsRv3YHxWp4",25,41805,208,7,14,1
"bXtsZ_KiVLk",27,41799,3155,65,180,2
"DZ9vgenKvDc",24,41740,100,301,153,2
"YXAzW6nSvjI",27,41693,2249,33,300,1
"_mFQlRs4vic",24,41691,223,44,20,1
"0fqxuk51BMc",24,41689,223,39,28,1
"BqlRuWr-sbY",24,41661,132,46,90,1
"AaBJwAmk8VU",25,41659,68,20,7,3
"ia3PRBhXCD4",22,41650,46,134,25,1
"4D0gImMi02Q",24,41628,483,34,98,1
"lXG8NzBvuwo",23,41567,1335,90,374,1
"Sa1gx9Uebwo",27,41558,4614,54,452,1
"Ik4cn7M9E7A",24,41556,252,28,26,1
"gPH78a2np0g",25,41554,91,43,10,1
"3PBJLq6vmig",22,41554,221,36,22,1
"-9u52fsYRkQ",22,41554,308,40,6,1
"706IfgJOBZU",24,41553,90,5,7,1
"DmTdW6vbCaw",27,41544,2400,56,201,1
"LHwaj1I7xho",25,41501,108,51,19,1
"nDBySq3Zys8",27,41496,3424,56,286,2
"JxlS8ZtYUQs",25,41487,220,52,25,1
"ePT5gvwiQV0",29,41479,0,0,0,1
"xNJpCEoI484",22,41476,4331,128,312,1
"H12C8PpRRig",24,41443,104,26,7,1
"CRc5nGC-PHo",22,41425,376,51,11,1
"ZEQrtkM77Rk",24,41423,154,20,8,2
"k83oIJUlnkg",25,41408,126,95,0,1
"bCne5Tnu0pA",22,41403,3118,137,172,1
"g_AsFRsDdQs",10,41373,374,90,56,2
"KWG3X-huJHQ",24,41364,442,62,35,1
"ZM99HgGsyoo",24,41317,161,9,11,1
"YAvJVMuA5I8",24,41289,75,38,23,1
"KOSumCyBXCs",25,41285,418,26,31,1
"3qhVAarQ38w",10,41254,832,41,42,1
"pYetDBXLY50",22,41243,223,40,12,1
"IO1quF5qrHI",22,41242,2926,102,216,1
"jUYafLM5Baw",24,41226,193,29,11,1
"O-F2K5538q4",27,41225,1171,72,348,1
"jnLGYbXPzDo",24,41187,75,5,16,2
"SUuDH61YQb4",22,41184,192,34,28,2
"9ScU2wOFZDg",24,41156,306,80,111,2
"Q4I3osqSytM",10,41130,593,61,59,1
"K4VVtabj8N4",22,41058,437,71,15,2
"ZwciKVhBZfE",24,41040,341,58,157,1
"vfS_Y31rWLs",24,40992,4333,214,632,1
"p2nEL3cqlXM",10,40991,2577,131,96,1
"vtonIUVsABQ",25,40956,117,63,213,1
"pyJ3pdZkhzQ",27,40944,820,75,158,1
"R_pJ3MxuRrI",22,40931,4392,124,170,1
"qhwiGL4dBLI",22,40899,3400,114,167,1
"nDiU1jhDRtY",25,40892,265,22,17,1
"OjYwlf4JOlE",23,40836,1552,107,435,1
"O6BHiSEFFgY",24,40806,105,29,14,1
"pg_8mguOGVU",24,40797,164,10,8,1
"Yr20KmBawg0",24,40788,85,17,18,1
"Fb3zopkNjb0",27,40783,2259,38,65,1
"r1_UXLnWte0",24,40708,58,38,4,1
"NOt4Ybpnzj0",24,40676,160,6,19,2
"vWpQK8UsoBg",24,40658,58,8,1,2
"aRDrGD04PXY",27,40644,328,52,9,1
"w-DI3xFyyEY",24,40639,194,35,30,1
"KdcV-KrjpNo",22,40631,3122,137,267,1
"K36iaqb8T6s",24,40630,164,7,27,1
"qcYGbDc1sKY",27,40629,2622,64,149,1
"yaWDiSuD3CY",1,40620,78,43,27,1
"MkeIfFJgd1o",22,40618,164,37,32,1
"m-YT53Kf8SA",22,40618,206,121,52,2
"8HQ5KGeKx3o",27,40616,1598,48,220,1
"c-xFHJuNXLo",24,40610,122,4,10,1
"UYlLfxAasoY",27,40606,2444,105,289,2
"XKWne3XpMJU",28,40603,3985,91,347,1
"liRuty5LFtw",24,40603,239,22,8,1
"zH2QWFmKqpQ",24,40576,180,41,30,1
"AuxupQ2bUF4",1,40576,1789,118,491,1
"4E2k5VE8tvU",23,40575,1543,89,473,1
"NyYL_Wa-gP8",24,40570,153,15,2,1
"q-6IvEIHt9I",27,40552,1023,76,133,1
"YlbMkULufhU",27,40548,2272,50,462,1
"0lbVyV0GPiM",24,40545,149,28,10,1
"_gmPFXe4Uxw",25,40545,184,38,19,1
"sf_3g1a0R6M",22,40536,2315,50,418,1
"Yp-Q-AdRt_Y",23,40530,1675,76,516,1
"iioVYHLCZV0",26,40529,59,28,3,1
"Q-dBw7nHXjw",27,40484,2364,90,198,1
"8VVjkPsTkNQ",27,40451,564,71,117,1
"u_kBNX9f2qc",24,40448,61,16,2,1
"iIQ9wf3H4E4",25,40433,252,20,46,1
"O3h9CnFEJBo",1,40431,2220,54,292,1
"PL_7NLCDqek",25,40430,331,14,13,1
"fi6xluHxlEY",26,40422,2657,87,408,1
"PfWPMyCAzes",24,40414,106,5,0,1
"o8vsJIBNrZE",27,40408,3196,128,543,1
"21ty2YFj2AA",24,40370,117,20,12,1
"8njuJw-LV7Y",24,40365,1800,92,299,4
"NRLwMuRZm9s",24,40361,169,6,34,1
"HroHi1lUg6M",22,40355,76,43,14,1
"PoFWt3TJaYg",24,40343,64,42,4,2
"d3akXLIiV_k",22,40334,579,55,28,1
"HBARq5AkrAk",22,40334,73,54,0,1
"zJuzhcgl2-M",22,40317,938,64,196,1
"ZrQtPDuNZ1o",24,40314,13,34,3,1
"IYdlKL2nZEE",10,40290,331,37,43,2
"GqAJCcW3zsc",27,40284,2977,67,402,2
"vbYEz0GWWqo",22,40279,163,62,24,1
"BcZAsRxPnJA",22,40255,367,25,114,1
"EviyR1g7nzc",24,40227,133,8,8,1
"vKoK026xNCE",10,40219,300,47,16,1
"bqlbSi0hsqY",27,40194,3547,50,106,3
"Xq-rav_LPVI",24,40183,623,16,309,1
"9_Pq2sTzCZM",25,40163,1052,223,82,1
"m8mdaGGpvXM",26,40152,1071,98,359,2
"2eUXl0xVrz4",27,40146,3305,39,111,1
"4R9NOLmbG98",24,40138,876,63,287,2
"oBtY5CKPj3U",26,40134,470,52,20,1
"sBmtSYGHUqw",25,40099,0,0,0,1
"ZXyEI5IvLFA",25,40094,132,25,52,1
"BCPFG0GLghA",22,40089,222,72,0,1
"ZYpCVRdMcUk",27,40075,1249,37,166,1
"yRQpVx5nsec",23,40029,3914,193,370,1
"uKerE_jhiVc",24,40016,576,145,100,1
"D8gG83JYR5E",24,40013,1443,42,228,1
"DWe1fO3x6k0",24,40011,1228,114,89,1
"kL-OpT8jyXA",23,39973,3614,150,298,1
"hxTzYLEoGvc",24,39946,477,47,14,2
"4VwSXehlRzA",24,39925,185,10,385,1
"n-WZf9PmoIc",22,39924,490,249,0,1
"dF6ff3tGAtI",22,39911,3366,164,257,2
"ujWrAy1oRc8",23,39908,2157,64,640,2
"GoyB40jdX7Y",24,39883,176,25,70,1
"UJFGAe_WKUQ",24,39857,7209,56,1428,1
"vzOSvIlyoeo",25,39840,266,25,19,1
"gVehBcOM__Q",25,39816,892,55,34,1
"GRaR6JpFoM0",17,39802,72,36,3,1
"h-HxiQo8QWA",27,39784,3929,47,105,2
"RfClAOOgInQ",24,39760,122,42,12,1
"WXCXRepnRig",24,39704,302,20,35,1
"SwLRj1m8EAk",24,39702,57,43,3,1
"ezl84JvucJQ",29,39699,666,23,46,2
"ihOPILF66Z8",24,39697,0,0,173,1
"BUpmx0gtVII",26,39666,2016,134,486,2
"3cnuB2OpG00",24,39665,142,24,6,1
"rPbdpWppb-A",24,39652,85,26,12,2
"xNfzGWB34b4",24,39638,69,25,15,2
"VwbKT-WjYKg",24,39634,390,68,46,1
"DmgwiKK_-C0",25,39610,167,33,27,1
"NGl4-NmAtuQ",17,39603,103,14,3,1
"dxYUecyifn8",24,39600,111,41,9,1
"cfkjVgaqHgU",1,39583,4640,1006,174,1
"CL7LNzokn48",24,39556,2426,204,228,1
"D8y6bf1cx-o",24,39547,159,6,0,1
"LUJmKrA_-kY",24,39539,144,10,2,1
"T8xGsyGPNfw",24,39530,55,48,6,1
"jUUqqxa3Fn4",24,39478,186,30,21,1
"bbvpc9p9jV0",25,39476,46,16,8,2
"bx4YwI0xODc",24,39476,248,20,24,1
"VYk_E47gWkY",27,39472,3077,52,395,1
"YMZlGyaXE_U",24,39469,89,3,1,1
"84OeyAnYtD0",22,39439,3400,126,231,1
"WbnokPF3Rik",24,39410,590,194,112,1
"6fqhCSP6iJc",24,39388,150,18,4,1
"qltI2sQolvk",24,39386,124,4,3,1
"zMJLCPUliRo",27,39368,2392,42,254,1
"o8-5fGtbCl8",25,39367,216,86,15,1
"221fjkOZko4",24,39366,189,23,14,1
"QQ7_gVsBA40",24,39327,246,79,27,1
"MdLGgDghefI",24,39326,112,277,49,2
"sGwJJ2Jr6p0",22,39326,223,34,19,1
"5c39F63JeQs",10,39325,2439,54,227,2
"VYYD_tx4Akg",22,39322,374,58,17,2
"Rl4jV5orp0A",25,39318,44,76,8,1
"8_ei7sQJ4FY",27,39305,3066,53,127,2
"EgKYdmyhV9s",25,39297,44,18,23,1
"ej3QxJd8FKs",22,39270,249,20,10,1
"c6XV1g06gEM",27,39190,4088,37,353,1
"UyNPIpcg5pk",24,39147,339,95,79,1
"Dt_12bAQ_rY",24,39143,69,26,3,1
"jSRtmIRVHNI",10,39139,364,64,27,1
"Ko8tJzw7S_A",24,39137,191,18,19,1
"gqsYMG_T4tw",24,39123,135,5,5,1
"GMzC2iB_jJE",22,39101,344,26,29,1
"LdMlvz-i7KA",25,39071,47,8,4,1
"zCuOihqQcZs",27,38999,448,46,62,2
"Ey5CJfTky8M",27,38982,3374,57,104,2
"nacCsOW-IrI",25,38974,428,16,18,1
"3XdG09tHnZA",24,38948,416,54,197,1
"fgOOnEBW2uE",24,38896,115,5,2,1
"sGUXN9LT80Q",24,38895,37,11,0,2
"OgvYGSGwBOc",27,38894,2264,61,268,1
"0KT00Heu6MY",25,38837,77,27,8,1
"boCtxzReQeY",24,38816,437,58,67,1
"8NHxiPrukS0",27,38799,888,349,263,2
"m0TCMs-ZDMo",29,38747,0,0,0,1
"hUKZFnxoU10",24,38721,187,67,36,1
"b4iO9QSPNso",22,38708,171,24,8,2
"-941dyJoASA",24,38670,75,4,1,1
"Bbsjg9KwBW0",27,38651,3584,42,197,1
"rfWJMpZn-gc",10,38611,289,61,24,1
"1Px_NmoK3Ew",22,38602,60,21,4,1
"X9BSgEO7m9E",22,38569,3050,78,136,1
"ZolP2aMLRp0",24,38531,213,10,14,1
"6Ro2LyFWbRk",27,38529,2657,132,130,2
"oG7jRr5HvfM",25,38527,305,19,3,1
"UbzX2Q6_QdU",24,38519,1545,38,60,3
"0cAZYbY87AE",27,38517,881,75,347,1
"bSREeOmVWaQ",27,38510,2090,25,302,1
"SAgefc31X2w",22,38505,160,44,8,2
"vtvvjeejPp4",24,38459,79,7,3,2
"XZ1aY82cD5o",24,38454,76,86,12,1
"JVQRjFVv92A",27,38406,3416,37,156,1
"Evs6NiLJ_iU",24,38364,1150,15,115,1
"6mYFtDLKVEw",1,38345,6284,96,899,1
"T52-u-m-3NU",24,38325,142,27,3,1
"lOYiTyNNKHg",25,38285,84,32,7,1
"95ytHZzM0d4",24,38195,73,44,3,1
"EXHr0NVqYlA",22,38192,397,44,61,1
"kyu8bTVhXMU",27,38177,0,0,0,1
"P5C3kzmlCFo",22,38170,175,40,0,1
"BPdJfm9jllI",24,38161,526,33,201,1
"IMIJEeZOU4A",22,38151,2469,66,116,1
"NKArtE2pOV8",27,38116,2844,30,313,1
"97YTg4KJMnU",24,38077,79,24,14,1
"qsNaqQOPZj4",22,38039,2350,154,170,1
"QNJ9qsfy3wU",24,38018,557,43,48,1
"Khm0oPdqspY",22,38008,561,101,0,1
"vVkd5AjADaw",22,37973,143,37,22,1
"rCHYVWcA7Jk",22,37963,498,70,49,1
"jDpCDLCF-s0",23,37916,1321,385,213,1
"4ARko_tcqwQ",27,37870,0,0,0,2
"vGd-eEsRPKI",25,37803,47,19,10,2
"bnAPnc2pq5I",25,37786,410,56,18,1
"1aNgs4YpQBw",22,37785,2673,101,199,1
"g-OeVhS7mfU",28,37783,4256,49,762,1
"dNkUzW9Jvo0",25,37766,114,17,7,1
"rh4lIHo8VTo",27,37763,5014,78,632,1
"zwzEqZwdBdM",24,37693,140,9,7,1
"xPRWr1dy7y4",27,37657,0,0,0,2
"lcypt1L1lk8",24,37639,1672,53,152,1
"RkHFjR_QJxM",24,37637,40,21,5,1
"3BF-iAMjciE",25,37616,17,0,5,1
"jfcnE5KzTYg",24,37608,377,335,296,1
"jb_DA_eGAK0",27,37587,2821,60,64,3
"VpPAC1hvVJU",24,37577,701,55,163,1
"L_Vc_lmrOXg",23,37560,2844,107,439,1
"ItlcANta6Gs",24,37553,420,11,13,1
"p6mvfoTpjcY",22,37552,208,17,20,1
"V3U1D7-EBeg",10,37547,1042,47,62,1
"0-LEK_Ftwp0",24,37542,176,33,39,1
"sbl94kaGoew",24,37541,175,32,73,1
"zc_L71kSNgI",24,37534,268,8,13,1
"ZkdGTGBXc-o",25,37519,266,53,9,1
"CwkrggqPAKo",24,37496,2043,63,178,1
"7yT8kR89RZU",24,37494,101,8,8,2
"oxJK1V32Dn4",24,37471,131,4,9,1
"5Fj5SipbuxM",25,37458,257,84,159,1
"enQFlRwQgiM",25,37453,33,73,43,1
"xBx_dYywCj8",22,37444,200,21,7,2
"v2ecHekrA_4",24,37438,195,18,4,1
"Nhd68rtjjUc",24,37434,1688,664,387,1
"gkfK9DdWtQg",24,37423,32,32,0,1
"mSXgbFjpv-0",27,37420,3396,58,329,1
"wGaWvD_S7f0",25,37385,202,23,38,1
"zWAjEtFkMgY",22,37384,164,32,6,1
"XjLyFVWX8k8",25,37377,163,50,39,1
"tgfUUk1JLgE",27,37361,0,0,0,1
"iDccZI6Hb3s",24,37338,112,37,2,1
"dH3YBQ5ozMA",22,37334,3248,95,194,1
"CxZ0r_r6lRw",24,37315,17,46,14,1
"nkmpJrrgcoY",25,37308,231,39,17,1
"eUicRyx0ySg",29,37291,0,0,0,1
"9UC7pqiTSlk",22,37279,29,83,26,1
"jxpqIhwfvAI",27,37275,2876,67,101,1
"Uc9ddHu2ulY",23,37237,233,31,11,1
"A4rOaf0jK9E",24,37231,257,22,20,1
"mEsb4ZUkMBY",25,37230,297,52,50,1
"olWQCWEEMUE",24,37195,187,23,16,1
"GWyl9vML7Qk",22,37165,2651,78,147,3
"PuK808tn1Lc",24,37144,777,93,263,2
"tTaTHNw5gwI",24,37137,166,31,28,1
"FT8k0VVjLek",24,37063,374,29,80,1
"k4xYpKdfcvE",27,37059,4110,101,119,2
"wkVABDc9qJQ",17,37054,3456,30,375,1
"SLChdocQY28",27,37047,706,39,58,2
"U_X51QkSkRw",24,37043,2212,31,193,1
"NAN2oNmuWrI",24,37018,152,19,14,1
"LWmcWINNa1Y",25,37016,77,5,1,1
"WjGX4zw68uU",22,37004,77,214,46,1
"Y4RrlyChohE",24,36987,83,7,1,2
"NMioU5WLbaY",24,36980,70,17,6,1
"t1o_26qLEHU",27,36913,4659,151,643,1
"fhKt7nbhOc8",24,36912,1509,52,552,1
"6wbR6qFWqPk",24,36905,607,77,191,1
"trU-anc8eHs",25,36903,1900,54,283,1
"Aw3lZMex208",25,36875,23,10,3,1
"0jShG-jXNvo",25,36837,168,27,28,1
"5QQHWPkTF_E",27,36835,618,72,222,1
"G1KdXLqqKtQ",24,36828,238,127,52,1
"UfjUNtJ3vsg",27,36823,0,0,0,2
"f-hBTWBxrfQ",24,36801,257,22,24,1
"EF6KYqm6zNg",24,36793,911,50,269,1
"MRadFBWHLzM",24,36783,0,0,17,1
"n4rgggSwUSI",22,36779,2954,93,154,1
"vNmKLTlArKY",24,36772,26,106,25,1
"jAGiCu_cdWg",27,36770,3226,52,195,1
"ZdfzH_TS0uo",25,36757,37,45,3,1
"jRGu4kK4rBE",27,36742,985,33,0,1
"8FNTBgdQtnU",26,36718,1882,86,162,1
"FOJFv1HOQLY",26,36705,497,31,14,1
"mG2rS1gARNE",10,36698,263,56,29,1
"Dk_ucV8Nmtg",22,36682,346,67,0,2
"VJGn7qLMYrU",25,36668,96,65,20,2
"CObqxxPPE5Q",24,36640,457,18,16,1
"eCmRb6MI72Y",22,36631,2585,100,176,1
"9JPvg8oNNjw",24,36622,77,16,6,1
"Ji2s_4DFCIg",24,36613,89,15,42,1
"vlSysBzSnuE",22,36547,203,32,7,1
"iTujI2Yv8Zw",27,36542,2544,51,218,1
"su1LWlDAiaA",24,36536,159,35,29,1
"V5O1PbyHRVU",27,36525,2968,37,295,4
"_LyOI8lyIyg",22,36523,227,38,10,1
"rD15euul6jU",24,36522,267,40,37,1
"G4H_ZW3cAPU",24,36519,78,28,7,1
"Ip55KJIn_wo",27,36506,2638,57,129,2
"o0lvn8uhtdg",24,36497,227,17,6,1
"G4mv5EokKzo",24,36487,145,11,3,1
"VxwKsXGG2fM",27,36487,1971,37,201,1
"fAMCDBusRDU",24,36483,916,28,132,1
"ho5mR_T9voA",25,36468,413,42,64,1
"IOw6YAQjPio",24,36433,81,17,6,1
"fBPMUL51P_I",23,36423,1565,133,607,2
"az--ouAQqDw",24,36408,47,32,17,1
"9gAwa7f6yus",25,36406,100,150,167,1
"I1D7Xbpqtmc",24,36371,30,19,3,1
"ekW-T4bBD-c",24,36371,474,62,23,1
"mhHkdxAwEa4",24,36359,2773,92,368,2
"V-_30tGu4JI",24,36353,233,22,9,1
"eUZ5b9I21Lk",10,36350,929,38,117,1
"A_XgvSkbCvM",24,36332,457,8,29,2
"7aglPRfdQiU",24,36304,34,68,0,1
"HYZO1ptmN0Q",27,36303,1037,51,138,1
"0QUe8xkpygw",24,36302,196,19,7,1
"m622NffDuTc",24,36287,97,14,8,1
"s7cqjmNzteM",25,36272,768,34,44,1
"RTerjv-rtss",27,36255,3160,47,322,1
"h5UPimtXbwY",25,36248,188,33,87,1
"X8Y8ULrElFY",25,36222,171,325,259,2
"TQSPNeq0XUg",25,36204,151,38,22,1
"4LhuLL6hXe4",22,36123,934,59,57,1
"xK1LT69V0-U",22,36116,2663,54,235,1
"pZvxglfvXR0",24,36002,210,12,1,1
"k8GstIJvDlQ",25,35977,269,41,20,1
"-2ELfKgAcp8",23,35970,699,60,227,1
"c2dUEN48fTU",24,35964,355,33,18,1
"3HKhytUVGWc",27,35959,3083,55,168,2
"v-Gab7-3Rm8",22,35948,451,51,48,1
"CM6YFokFmg0",24,35943,83,46,70,1
"IfgkhBu8CKM",24,35924,28,41,0,1
"gUWjvZ0xmfI",28,35842,4539,48,551,1
"ZjPGrYpgwa4",27,35839,2998,46,249,2
"KMPkLOJyTZ8",24,35832,102,13,8,1
"Vl8TyXmyZSU",23,35808,2137,80,138,1
"q1by5Emk2WI",22,35777,3302,127,206,1
"pYHMR3vcQzY",22,35764,295,36,13,2
"BC2HkvVk-tg",23,35759,2458,310,260,1
"qXJMDzBMAUQ",22,35735,4206,95,222,1
"O1VEhcEUJ60",24,35727,100,4,1,1
"LIrGi-d6k2A",27,35718,2786,46,217,1
"AcCmQFPZYeo",22,35712,192,33,0,2
"lbPKxhQZLio",22,35711,2712,100,140,1
"fAVfizX5r6s",25,35703,342,11,25,1
"jNTdS9EAUB8",24,35653,915,174,292,1
"N2A8hNUUbKA",24,35642,293,34,21,1
"QBod8x9AYgE",1,35641,399,58,37,1
"3SGYZIuPu-M",10,35599,262,35,29,2
"HKXg-GXEOzI",27,35597,2032,81,227,1
"pOq_M-hPUhI",25,35595,0,0,450,2
"p7SN_yae8e4",27,35514,696,56,133,1
"OI_8ykq4Tcc",27,35507,2926,45,153,3
"BkK6S3INvHM",27,35466,3336,109,558,1
"1KbFEKsmRwA",24,35436,138,4,3,2
"BhZx-ZEz0_Y",24,35431,51,32,9,1
"_IKT6ZmyRYY",22,35428,2424,96,183,1
"K9RcEwlJtQs",22,35425,2968,90,146,1
"iiNZrYyKDzQ",27,35425,3541,83,103,2
"xgHJGA_iydc",26,35416,387,85,18,1
"PNdcAYgfRlE",22,35381,2767,92,179,1
"fFTFvEToXA0",24,35364,263,16,23,1
"JtCwmO26g54",29,35277,1681,54,107,3
"kB4eNVv1Q_I",24,35270,524,37,35,1
"aG4JU6yqYIY",22,35241,123,16,0,2
"o2C4zIG2AdU",22,35215,2854,102,224,2
"MUrzkB1VBI4",26,35192,225,33,19,1
"teyGVzguRaY",22,35181,1206,37,17,1
"Oq-FFzo7oEU",22,35179,243,41,8,2
"vy42ssvz8Js",25,35178,422,60,396,1
"qzNTuo4nlSI",24,35161,56,36,9,1
"sZiF-VWbgeY",22,35096,647,51,57,1
"A0-Ri5Rciow",26,35028,1672,10,70,2
"iGBaGxbYTys",27,35008,3871,52,291,1
"w_zDxF9b4yk",23,34975,1107,26,79,2
"tbsqlJfwdBs",10,34975,167,30,9,1
"Cf0JnQa9HHM",27,34960,3202,41,103,1
"Sh4iVLw8gnY",24,34959,177,11,6,1
"hq7b801VaZA",25,34953,150,24,4,1
"8snO0-gZt9c",22,34946,449,33,71,1
"8zQ8PXLxGt4",27,34935,765,68,72,1
"smiKwAziYJo",25,34924,333,16,30,1
"xxC0GVLVH5A",24,34918,102,4,6,1
"OGmQxrupemQ",27,34874,0,0,0,1
"1qJiuVGFK0s",24,34865,60,20,2,1
"xC0ek-Iyi4A",26,34864,311,42,10,1
"X8cboEWtyXc",24,34853,323,31,20,1
"HGCG781JWZg",27,34847,0,0,0,2
"rRdTqscfvMI",27,34847,0,0,0,2
"Qx7LRv1mTEs",25,34835,56,19,7,1
"ULF55RtHISA",22,34824,502,63,123,1
"3g5FhSoAg_g",22,34807,326,20,0,1
"OYmBgorFQEQ",22,34797,732,70,83,1
"Sp5KBVdwpHM",24,34749,173,23,6,1
"NZ5nZlsfbTc",22,34740,1734,57,83,2
"8NCEbzpdUMY",27,34719,3027,46,103,2
"KoZo81yWndQ",22,34710,3036,81,166,1
"TOPFB4onesk",22,34696,2944,110,148,1
"tf7M3qerIq4",24,34690,38,58,8,1
"_rb5PPHVSh8",23,34656,495,62,175,2
"qzr_LA110F0",24,34613,105,78,42,1
"BU85FZLmuIQ",25,34593,0,0,0,1
"FJ7F0oxwnak",25,34586,129,18,21,1
"FlCwuxg1rXQ",27,34571,2510,41,155,2
"nOfn_p82KTo",24,34563,178,14,2,1
"qQkiqM-3Y8c",27,34529,0,0,0,1
"96AQc5_YUMs",27,34518,1029,50,107,2
"czGoVtyEoH4",24,34498,619,31,118,1
"UTV3cOtVGpI",25,34469,665,40,50,1
"3Iy_6O7Sy9g",24,34460,346,33,19,1
"uLvuRZI0ZYU",27,34452,0,0,0,1
"g8FTfyXDc9E",17,34436,84,16,8,1
"DJG7UeHGqFU",24,34432,116,10,15,1
"DbmiwxBkg-E",24,34421,185,72,19,1
"Zg_IUJwgvTE",23,34414,2175,341,151,1
"uWoXGG_QMSo",27,34409,3779,21,380,1
"rtFgt0Vvu3I",24,34408,224,32,8,1
"hj7WhjcinoY",25,34406,368,17,33,1
"KbyIUNzExKQ",28,34336,4779,62,1201,1
"PG-kTvUHmBU",25,34319,1004,29,14,1
"RAErhoCTnrU",27,34255,3388,58,187,2
"EyG8i3DAPsA",27,34241,2136,34,207,1
"uLh0emnuhYY",26,34225,1528,11,64,1
"pQKVndW00mA",27,34217,1384,45,160,1
"uOuaxi_VJNM",27,34197,416,116,0,1
"6Y6we6r5aWo",26,34195,187,36,34,1
"h1gT0leGy_o",22,34127,496,44,37,1
"NvVfuWaqGAA",22,34124,129,20,28,1
"SiAwgvDnbc4",22,34115,66,17,21,1
"JhFSqkr-iKw",27,34095,3664,68,280,1
"ti0_Z2esjTU",1,34073,1854,136,207,1
"EYM_kGPMaI8",24,34038,298,23,13,2
"dIcKb3iTT-w",22,34002,67,37,5,2
"1jqOW1303Fc",27,34001,2479,56,124,2
"1kV6ETJ-rPE",22,33976,3191,86,231,1
"o3YIQ0HykUs",24,33975,43,54,0,1
"iQmQk6cwx3k",24,33968,39,29,13,1
"AaIkk4jiH7k",24,33961,852,46,148,1
"IzBr4uCiqVs",29,33957,0,0,0,1
"xRWdoLeMw04",26,33937,540,70,94,1
"T025DSIrPTM",24,33916,671,50,81,1
"KakQwR2bt-A",24,33910,147,18,2,1
"slI4hnxpDKg",24,33898,93,10,4,2
"ZLHWcpH6qx0",25,33892,0,0,362,2
"QJQo4aKQCG4",27,33860,0,0,0,1
"P-VbToKmwsw",24,33770,140,12,6,1
"pTzYm_2LaMo",22,33750,2343,97,117,1
"B8Kxy03E2_c",24,33742,1738,27,296,1
"nn-jOR_ZeBA",24,33740,100,8,0,1
"I7i_e-k9P1s",25,33680,29,10,13,1
"dmIn_HJ6AJY",24,33648,109,5,5,1
"Bje6JcQPTOg",25,33592,126,30,44,1
"ADCKnzm5IZs",26,33560,1820,262,282,1
"bCKx-WSmYtA",25,33555,155,11,0,1
"MMgHBlgvyag",24,33539,691,35,202,1
"zbCrUyG5ny8",25,33529,237,34,72,1
"1b0c0wt0va0",25,33489,380,87,155,1
"TldoNO60DFI",27,33472,0,0,0,2
"3yRsNaGCFBw",24,33464,5,19,2,1
"4ma9dZ47crw",26,33419,2094,12,112,1
"lWw7u_MzsKQ",25,33383,96,11,34,2
"ZN-99DI1-7A",27,33379,1440,36,217,1
"sPFkFjz11VA",25,33332,337,47,46,1
"Ss1cuYjYn0U",24,33324,651,25,193,1
"i8HfVcRGP0A",22,33302,485,44,21,1
"zdiBM3qjIcI",23,33297,2985,81,217,1
"x43l8HMUWF0",25,33286,70,12,3,2
"62n4FHPBe6U",27,33286,0,0,0,1
"pWgWW9tbPbY",25,33276,225,80,56,1
"38T1Bpix7PM",27,33257,0,0,0,1
"lAtjKJYjzY0",25,33225,61,11,7,1
"TgXtZgCsRKY",27,33156,3416,38,148,1
"B0qZqBXT9Os",27,33144,2772,81,148,1
"AJAtI7eXmmQ",23,33135,2711,98,321,1
"vuGiHHSJ77Q",22,33134,250,33,19,2
"bgHPEvWqlu8",22,33124,142,31,4,1
"nV89HOgISwA",24,33114,133,42,0,1
"9o17VhsbTqU",22,33108,374,72,64,1
"tVICBY5TYK0",24,33070,295,74,143,1
"rAi7zgElfvQ",24,33059,110,3,8,1
"e7hy7OVzbq0",25,33032,253,41,16,1
"aMB59ZZYuGY",24,33005,199,74,39,1
"nHcuWqMGX_I",24,32989,184,2,7,1
"RHqipbSgqYw",24,32961,3551,36,261,2
"r3u6DidQnX0",23,32935,4001,86,422,2
"JutOx4C4Vxw",27,32915,1797,65,161,1
"lzT4VVuyDfc",1,32913,58,34,9,1
"7exmGUbgue4",24,32913,142,12,7,1
"gYbjqmNUSww",24,32878,21,39,13,2
"mU3mmqSnAXo",24,32866,41,32,2,1
"Bbd0DZp6cvM",22,32852,574,60,38,1
"kfaZS9ZpeyM",24,32815,0,0,0,1
"BfOm_s9LhZA",22,32765,2424,93,146,1
"YKSOC__UU2o",24,32758,561,49,123,1
"T-3UpSfhI6E",29,32757,0,0,0,1
"iwKfkkmw9lw",24,32747,29,8,3,1
"ICUi-UKevMM",25,32743,59,18,3,1
"CSma4tKY_BQ",27,32711,3235,49,98,2
"ZDc8ls9QtYA",27,32688,0,0,0,1
"m4oqHFSqHr0",24,32649,152,33,34,1
"SYsWRKHSUhI",22,32643,162,18,0,2
"feyWP8YS22c",22,32637,247,17,17,1
"OeoDky4veXA",22,32628,3227,104,150,1
"Pfyb36yQPYo",25,32596,315,15,21,1
"7O4zYHLx0NY",24,32584,34,44,0,1
"J5aEPVVqQek",27,32569,0,0,0,1
"luBjFNd2J6I",25,32568,128,24,30,1
"BuHEuCh0tFE",27,32558,2328,49,73,1
"8V2-iDokxb4",27,32537,3510,46,123,1
"SSVZQxFe4Tc",24,32485,0,0,13,1
"68jd9JZjCRM",22,32464,75,11,6,3
"YU-friXFu5U",24,32461,1183,23,380,1
"sNjvqipn4gY",22,32408,355,2,17,1
"LECGiF24aLw",24,32401,156,19,13,1
"DJj5wCPcKmU",22,32341,2932,68,193,1
"pZ9Q38YjVcc",24,32291,74,25,12,1
"L3yog3Dtwa0",24,32278,116,18,7,1
"A1L8vkywBcg",24,32277,959,35,152,2
"OlnangjzCdQ",25,32242,93,15,17,1
"iq9iV_p99ug",24,32228,480,7,10,1
"lejSmqQQ1GY",22,32186,2930,94,156,1
"23uASgSPL7I",24,32169,124,11,7,1
"v-tH0du81Y4",22,32127,2942,99,163,1
"BuKnOUOU-GQ",22,32125,2201,94,123,1
"aQ7-o6NN3Sc",27,32067,2543,37,157,2
"RdVyEaBfSwA",25,32039,39,17,7,1
"RcXsaoARHyw",25,32025,80,8,1,2
"bhYapjcdQvM",2,32019,450,44,17,1
"GaWMigM0Of0",25,31978,359,63,21,1
"tHfu3YM6Tlc",25,31974,280,13,52,1
"Th_mBA_gdDs",27,31972,0,0,0,1
"OH_qDEnmonQ",27,31964,3228,45,59,2
"2O4IEzVnJ4c",27,31958,158,56,2,2
"vrc9pS3Poms",24,31950,124,10,5,1
"0_rLOc_QvqI",24,31878,216,13,46,1
"4uj577tfP20",1,31866,62,39,13,1
"Lnz-b6cS7cI",25,31846,101,22,10,1
"Bac5QsM34Qs",27,31813,0,0,0,1
"ZCDfLtCOeEw",24,31782,228,33,170,1
"NhPY5I5Bgsk",24,31724,125,12,5,1
"S-_UWwiV7rk",24,31705,117,3,6,1
"UaRvcBcwRPM",27,31701,0,0,0,1
"EmsyZA4LRdQ",24,31669,0,0,66,1
"I5_zJvgEBXI",22,31667,53,10,4,1
"L98NnC6LlsA",1,31658,1167,51,154,1
"1J4VALoO4G0",27,31616,3311,56,119,2
"EoC6GToffGA",24,31594,119,16,6,1
"Amk1ySywtzw",24,31563,462,63,433,2
"1Z7OsltYsEU",24,31508,1403,39,60,1
"QL-RO7VtYBw",10,31505,282,48,28,1
"jP2IFDQGBIc",27,31464,0,0,0,2
"UPZqFlKzQm8",1,31432,1643,83,313,1
"Qriq3bOBDpE",27,31424,1906,81,317,1
"HilwZ2E5PX8",25,31421,57,12,4,1
"wGOFGaj6xZY",28,31417,6135,97,1201,1
"tIetzuyc9EY",27,31398,0,0,0,1
"9RR_RxjVtKE",27,31386,3268,45,282,1
"GyMnYgidGlQ",24,31380,145,22,3,1
"MBMQs9OlkMo",24,31351,76,26,9,2
"ZRX_c8uV6BU",25,31312,405,21,86,1
"xYeUnFm9Rwo",24,31286,185,8,16,1
"eq9Sgcvta-8",27,31281,0,0,0,1
"CfgwsIXO-S8",27,31270,1297,28,106,1
"EMfm8f2xHO8",24,31260,795,40,37,1
"jLsNEN-rnG0",23,31257,2974,72,273,2
"YblVt3iLwz0",22,31242,3127,119,206,1
"ziUgTTTpmrc",27,31228,3321,47,168,2
"Ri4i6cxdO78",24,31221,153,21,31,1
"0B2wGtJObrE",22,31192,2714,99,150,1
"1GutNdX49Jo",23,31153,2491,44,535,1
"bMNAm3lKxWM",25,31108,231,27,16,1
"RcO6dXCtJr8",24,31101,1897,42,77,1
"nlGnstI-L1c",24,31059,382,39,49,1
"yewIRMLNDm0",26,31015,367,18,28,1
"PrAP-F-pKak",27,30994,282,57,10,1
"Z1SB7h8LZaQ",25,30932,155,6,12,1
"q8KpYAz_Lw4",24,30921,653,23,86,1
"DcYXMNdw-C8",27,30903,667,65,96,1
"hMu4LVzBC6E",24,30902,284,27,33,1
"k6lXf_YuynE",22,30869,199,109,28,1
"LjltdQpFYTA",27,30848,2646,41,111,1
"PL0Xv-92Uxo",27,30836,814,17,0,1
"kPFF4iYp0iI",24,30832,3013,321,512,1
"_9h1VdMK7LI",27,30829,2436,90,171,1
"YI91rqT6I6I",1,30810,2728,121,219,1
"qk434rmm4dw",24,30797,175,10,11,1
"bXx1U83sFJw",27,30752,0,0,0,1
"YppqaBm8Fos",25,30715,44,26,6,1
"NXhcT_R-EDk",27,30648,0,0,0,2
"TMWqeBWASMM",22,30633,1690,70,80,2
"HRJKduGI6dU",24,30630,681,64,135,2
"EHuJ0Pjd1Ic",24,30628,94,2,36,1
"T53u8Ehtnno",10,30614,454,65,39,1
"NF9lsOrAc0s",25,30606,82,18,77,1
"QutbAqPqll8",25,30580,158,49,9,1
"FCv9vvuGMlY",22,30539,1123,27,411,1
"rQOEkCZX_ig",25,30484,43,34,6,2
"5175LTQliA4",25,30482,232,47,34,1
"fGXgayxAlZ4",25,30462,233,19,30,1
"LI9H92Wsixg",24,30460,76,14,6,1
"ker1vAZ1J4c",27,30434,810,18,0,1
"POGcp3Xa5Ko",24,30419,664,24,114,1
"5Ipfv_vUYUU",27,30418,0,0,0,1
"eJWzfE9SbaQ",22,30406,109,22,6,1
"pR4diVtew7s",27,30402,3206,40,152,2
"X0ZBj6dYTuQ",22,30402,197,41,0,1
"IsXpeP8UvB0",27,30391,0,0,0,1
"dFAhQUfJNTs",27,30389,3210,47,333,1
"WTPZg5vjzcI",27,30384,3747,53,399,1
"b0THm8zx18c",24,30341,0,0,98,1
"tjv-aB7lsLk",22,30336,538,45,127,1
"krAK8Y-qEZI",24,30300,37,6,4,1
"z8QxXD-Cy1g",26,30262,1022,36,88,2
"5hw0WWnnvm0",27,30249,2979,43,115,2
"59daH3-_LIg",24,30244,2624,59,393,1
"WioL5BnAh8g",24,30241,434,50,15,1
"93AUX5B9nhM",27,30236,3395,39,187,1
"GWTOLk7Pw0A",27,30235,2851,31,269,1
"nqL23fbTgrA",24,30199,195,15,5,1
"CnJ2hRv1Gbw",27,30177,2630,32,124,1
"48PQ3SGK34U",24,30162,205,6,0,2
"_-mqeIJ5TNM",25,30157,623,20,87,4
"XlQi3BtdjME",24,30148,490,45,224,1
"xlVRomSQ88U",10,30146,759,45,94,1
"vkVPa2pMR8M",22,30146,458,261,0,1
"cS2jgCUvok8",43,30128,0,0,109,1
"_dl4CjYKz84",27,30110,1423,29,155,1
"kHBeFj73H8Q",24,30110,39,7,2,2
"2iEd4swawlo",24,30091,141,6,14,1
"v65uMBNgQWA",25,30089,441,17,30,1
"colMcXC_YbY",26,30066,935,86,285,1
"i-lfj7kMOrg",24,30040,332,13,36,1
"NSPVjJp4M2Y",27,30022,0,0,0,2
"wIFsu3lxgEo",24,29993,144,10,8,1
"xea6kn4vxPI",22,29990,143,22,10,1
"WBfmDXfoO08",27,29988,0,0,0,1
"CzGCb6b_Uu0",24,29967,121,44,23,1
"4Mwz2b7HW00",22,29966,118,25,1,2
"VFQADXhnR_0",24,29891,97,36,31,1
"CNNN1VJf59Y",24,29869,195,23,0,1
"kuey7-bMmp4",24,29849,86,4,0,1
"2FdUU7W63oo",24,29846,22,32,3,1
"1bzpAtPDbxI",27,29839,1718,36,162,1
"xbT6PqZKqvg",25,29829,452,6,32,1
"4i-QLNJsmdw",24,29812,47,16,13,1
"rNZQGGOia68",29,29807,1514,43,105,2
"viqDlxldSYs",22,29723,267,58,47,1
"M-TjQeyHrs8",24,29720,70,15,4,1
"EnGk4Or2fEs",24,29719,101,8,3,1
"_WKdxfqeZ28",27,29709,0,0,0,1
"RahP0_Iczi4",29,29704,1409,46,121,2
"oI1rowcZCeA",27,29697,2524,63,196,1
"lxNe0PpdtBY",24,29696,319,21,60,1
"OeTtu6xRwco",24,29682,521,11,20,1
"McCzA0KsW9A",24,29644,535,62,173,1
"yqmRZnIZ3zE",27,29611,3230,40,160,1
"w6ytCQqNj1o",27,29608,0,0,0,1
"wMNLOVBayFg",25,29593,36,64,18,1
"4xteqYyVFfg",27,29568,893,24,0,1
"1i16pmLRgFg",24,29561,251,25,8,1
"seFsYoGFtQg",27,29561,0,0,0,1
"vajWdM4YOCg",26,29553,161,35,7,1
"eaKwN8fm_2o",26,29544,226,26,17,1
"RK55qmGluHc",25,29543,81,19,18,1
"BgnpdzZFtzA",23,29536,1559,64,94,1
"IGnxj5_jBec",24,29527,697,143,39,1
"5v1jiWYSTns",22,29519,0,0,0,1
"yzr0I4s2qDc",27,29500,0,0,0,1
"KtYiuiqzlUA",24,29468,161,4,6,1
"UzEiuvPrBHM",27,29449,0,0,0,2
"lWViKHb8PnE",27,29439,890,85,183,1
"miTimrvVRUU",10,29428,1863,29,250,1
"i3tB2qx80Ew",24,29426,61,72,20,1
"pre2NGss1uQ",43,29409,2024,66,671,1
"o5GNPXUwj08",27,29392,0,0,0,1
"MZa6P-UQAfg",25,29381,101,17,2,1
"OXFgRppq1gI",27,29364,3129,41,106,2
"b-cX5Fr3Cg8",22,29337,336,35,0,2
"dAjKur6T-Bk",26,29189,130,29,11,1
"ox9xALOuasQ",26,29181,121,23,4,1
"599S0blgRGo",27,29168,2924,52,128,1
"evcEXBaSrsU",25,29154,154,114,104,1
"hCSafiYTeeI",27,29147,0,0,0,1
"a6o7ivQhliU",27,29136,869,20,0,1
"P9v0p1IbVCA",27,29122,0,0,0,1
"Z2gs24Xewxk",25,29104,53,18,8,1
"Q6kJOEgUi8o",25,29026,143,64,49,1
"23Q0j_D6VJc",23,29024,1319,151,157,1
"NOu74PmrRpA",22,28983,420,24,8,1
"nhWXWc_qp8s",25,28969,80,13,11,1
"18a8jKu2M_I",27,28961,0,0,0,1
"p3b0Xgz7bro",24,28951,255,12,20,1
"gruGp8bzS7Y",23,28942,1316,115,144,1
"9v-qZBaceFg",24,28942,38,8,4,1
"zrBgITpmBEo",27,28940,995,18,0,1
"xNuEjJy1HCI",22,28888,2750,80,179,1
"8DjK4Ukbh3w",27,28872,0,0,0,1
"1r3xPg-YhHw",23,28839,3247,29,293,1
"V6RqqIA3NWQ",24,28736,155,72,89,1
"9YSxneXySSs",23,28701,1101,193,75,1
"bRE-W6_pPwM",24,28689,1191,41,104,1
"glnrXcwWWxY",25,28666,217,37,33,1
"hjttPg71N6Q",27,28663,3022,18,277,1
"XHVn0V54-6I",25,28651,148,31,12,1
"6RkjyIXzErA",27,28634,0,0,0,1
"JEeTYIa01LM",27,28524,831,21,0,1
"NBhJRzoRBDU",10,28472,1075,45,115,1
"H6Jv_lpOFZc",17,28444,150,34,6,1
"0Qui2cv4kFQ",27,28420,0,0,0,1
"foDdcR2Owp8",24,28409,118,36,88,1
"7FDaQbE44uY",26,28360,367,26,6,1
"TyBIhNgt8nI",23,28344,1180,50,103,1
"mTzBJ7oGTUk",24,28318,0,0,31,1
"dsNSL3vuLck",22,28266,80,21,5,1
"klDLrsVZgqw",27,28265,0,0,0,1
"81_bhDDk0Ag",10,28262,241,46,35,1
"nnyj1pHLs9I",24,28246,123,5,11,1
"O-GMpFeLdLQ",24,28244,23,6,0,1
"aTAe3dcIXas",22,28218,1842,57,119,1
"nD4Y1Hro7LQ",23,28211,558,53,227,1
"tN5ZD53TlUA",24,28198,18,27,0,1
"XzfqdnC6ckc",25,28186,233,63,36,1
"BKCExTeqO0U",24,28170,108,17,13,2
"uSxxrmF1c7w",27,28148,0,0,0,1
"REyEh6QzEQA",22,28131,0,0,13,1
"7Qyfllcm7bg",25,28113,163,14,1,1
"c5gLcgatYJk",27,28113,2525,67,210,1
"od2E5cAXESU",27,28111,764,40,77,1
"Jb-cD_jDS1M",10,28100,120,24,25,2
"oks9GWOzOH0",24,28098,1218,68,622,1
"OHMC9NSzTnQ",24,28079,438,12,98,1
"n9bpbuQRjbE",22,28075,2154,49,114,1
"1mUEfxvxwhY",22,28071,144,26,10,1
"f9TOr-Y-QMA",24,28066,180,12,8,1
"IrVzTLegmPw",24,28010,404,32,8,1
"vAOp0k8cr04",27,27989,3472,28,232,1
"8IKbTHOeBCU",22,27957,2578,71,285,1
"yFocecxD9fQ",26,27941,281,34,8,1
"sHsulWR79Lk",22,27931,407,60,54,1
"0t3xV2TfM6o",24,27928,73,90,16,1
"VnDBDkIdG74",27,27887,1839,65,873,1
"l0ufdWZ0cyg",24,27885,85,19,19,1
"tWMr935bAPc",22,27862,99,11,0,1
"PvwF5p7YR0g",27,27860,2761,26,211,1
"moW6djXX-kg",27,27817,543,27,116,1
"tzAOAzRREz8",27,27814,0,0,0,1
"GHXFS_3MW2g",27,27776,865,19,0,1
"q-UGkMf_rJU",24,27763,120,7,2,1
"D9IZgUSm4WQ",22,27752,478,51,29,1
"AjShGEgJRD8",22,27742,57,57,25,1
"LoHzqOBSefM",24,27736,57,9,3,1
"6HoS37BJ6Og",22,27716,52,18,13,1
"elNfuNqMfZg",25,27704,135,93,27,2
"hFrOu0UT9hY",24,27648,133,21,23,1
"pRF-vpFEGME",22,27636,389,43,9,1
"Iwmb4qFNY7U",27,27627,0,0,0,1
"NykYVhtMqqQ",24,27579,43,5,5,1
"z1PAFCJfn5Y",24,27577,72,30,7,2
"RGsgm1BwUyA",25,27568,360,54,28,1
"I2T_Mxsm9UY",27,27538,1098,27,93,1
"aEeobo1fsDM",25,27532,182,11,7,1
"29pRWjnQbk8",24,27450,94,4,1,1
"CYVmq3swJJk",24,27401,566,34,93,1
"J47UyHNdcgM",27,27386,1613,128,501,1
"DrCaP0sHjOc",25,27374,413,29,0,1
"_xPlm6ZEIDY",27,27368,652,121,0,1
"9CWGIOWvsMc",25,27355,43,14,1,2
"ZpV_akHfGLE",25,27344,31,26,6,1
"A8zlx53hNbU",27,27315,1396,39,137,1
"1Fz0tqWvkig",27,27278,0,0,0,1
"ft4V8NBOkIU",25,27278,84,25,3,2
"f8P7wx3HrKg",1,27271,1151,40,73,1
"gcqAGyvzRF4",27,27270,0,0,0,1
"z4EIRvH5YfY",26,27239,325,40,6,1
"m88WlShg3ro",24,27230,162,24,14,1
"m6XFoN8qD2A",24,27198,289,40,35,1
"aZetwV6hc9A",24,27166,114,20,2,1
"gUNEOSOxMpY",24,27159,29,7,5,1
"vdphnHEbv88",24,27152,60,37,17,2
"l8BDty_K_-k",24,27144,47,12,8,1
"Mdyfkl47PWY",23,27044,2232,17,242,2
"DnWa-PrJZfk",22,27037,279,28,0,1
"uzW7ZXp1f7s",27,27036,0,0,0,1
"laaQXMuiGAw",22,27035,141,19,8,1
"twc2dLxhj74",27,27029,1813,28,169,1
"4aO3Uu-pRMs",27,27024,2030,28,212,1
"Cl3PMw0As64",24,26992,694,42,126,1
"sZWoa_Josv4",25,26985,125,108,111,1
"FbTvpbQlbR4",10,26957,715,89,76,1
"PRmkLLhEsOc",25,26950,107,10,8,1
"IA5orvWqxcI",27,26947,494,26,0,1
"q1jnwnPgNYw",25,26944,322,48,28,1
"DnIog8oZ32s",26,26861,1206,44,218,1
"r16e-mrlVns",25,26853,72,14,18,1
"Exw305dY4TY",22,26830,2903,103,178,1
"pfoeW5IVYAE",10,26795,451,20,28,1
"EZi4FN_h3nU",24,26787,310,27,31,1
"UR95MievQDE",27,26776,0,0,0,1
"eDf-QoNxkk8",27,26745,0,0,0,1
"esJQ-E67xCg",25,26725,391,64,24,1
"kTVpw84ntpI",27,26721,2225,42,106,1
"oj7njkkQ6Nw",27,26696,840,27,119,1
"lno6kqoN0Zo",24,26683,167,3,5,2
"oqGzywf1jdY",10,26677,450,40,68,1
"3FxCSn3d1f4",24,26675,540,21,75,1
"XqfcZDTCAjM",29,26646,1301,40,11,1
"SaUIy9N4Hvk",24,26637,38,9,3,1
"4uI-pVlpXb0",24,26617,41,8,2,1
"iG4fc5FJRTE",27,26600,2677,35,220,1
"hWlTq_SvXoY",24,26592,740,15,39,2
"G5ngS7zs3f4",24,26574,19,25,9,1
"7CXDSx0QiSE",24,26523,120,5,4,1
"8Cl-lineueU",24,26505,111,30,107,1
"PjvAnBgW28I",26,26485,198,32,9,1
"JVanf1-7oZU",10,26472,295,31,17,1
"7OvIvwXuUXg",24,26439,179,20,42,2
"Jt7JKyt_XtE",24,26403,152,6,7,1
"hfm_8wHf_XY",24,26398,43,10,6,1
"wh_hDwv5vug",27,26395,0,0,0,1
"Ku3QvP_Xiwo",24,26395,95,5,6,1
"jHfgSd5BsQw",22,26381,3054,73,148,1
"H2F1ljARfkw",27,26353,0,0,0,1
"0C6b6U9fz68",27,26350,0,0,0,1
"ZIZmudFa0Pk",27,26329,2307,25,177,2
"D6z6PSCSeA8",27,26312,1249,14,200,1
"Z7F_TOYf8No",24,26293,823,40,143,1
"4pwJrADIaTE",27,26271,0,0,0,1
"m7C1WvsoQZ8",22,26270,0,0,24,1
"jusR-Fh51yw",27,26201,3673,71,250,1
"o1MeydJgdUA",24,26159,92,5,0,1
"q20-e-nMAV8",24,26112,34,3,0,1
"ZQvGkF2lxhQ",24,26059,28,4,1,2
"uJADNiqa7rM",27,26011,839,37,123,1
"jN5b5I7MqBo",23,25954,348,21,45,1
"6iYUCAHPKlo",24,25951,25,55,10,1
"JDLumLkiCr8",25,25936,148,5,0,1
"_-WF30SDFV0",25,25936,144,21,7,1
"JADtNk5ORUI",22,25932,64,36,7,1
"m0IQgPXoSOY",27,25920,3149,43,297,1
"AafmzX3nvtM",27,25889,0,0,0,1
"by2N2PmxBsc",27,25877,2761,42,266,2
"DfEuH-gT7wA",24,25873,35,14,4,1
"jC1oQ2saDIk",27,25865,1361,43,193,1
"W2MRejGjJgg",27,25859,1511,30,201,1
"5XniZ14GUKc",27,25852,1448,33,286,1
"mh7YeYq2MYA",23,25843,1561,30,82,1
"hirWrQNzd9A",24,25834,89,16,4,1
"DL28royYDq0",25,25832,79,16,4,1
"YMSDQ_LpAuk",22,25832,2610,59,145,1
"qDbMX3Efq_w",27,25827,0,0,0,1
"baBLjYz5EIs",24,25822,66,95,9,1
"canPhnx-fEA",22,25818,515,19,16,1
"K-jtkPhfN7Q",24,25793,110,3,1,1
"bpJ8qAMySlo",22,25778,136,14,2,1
"ijti0_HeIEU",25,25719,79,39,38,1
"nwIYBdA2CU8",24,25712,313,51,76,1
"EmqcUDuEAWc",27,25698,0,0,0,1
"pnlN1GnMf7A",27,25688,3629,41,193,1
"rZLT8ZnDUvI",27,25590,3614,43,243,1
"PmmCn3Za6G0",25,25563,120,12,8,1
"ofQmZiprPVk",24,25508,94,13,39,1
"5NMociVJtZ0",23,25508,2754,21,220,1
"inuRNiv5oZI",22,25478,2260,78,138,1
"LjtEeG4oJpI",22,25464,39,8,1,2
"4_Yk7JI1tQc",25,25463,128,50,100,1
"F3R5gCnaKt8",10,25461,178,22,30,1
"bBxUuqJuG3c",22,25460,195,22,13,2
"Xrf4sk-26GU",27,25409,0,0,0,1
"ZrwbiqZFhUY",24,25373,441,24,37,1
"DTs2Orwc2_k",25,25351,79,13,15,1
"egPz6fzW6B8",27,25350,0,0,0,1
"OPYeV5LiZ_s",10,25325,1285,71,56,1
"f7U839eldyM",22,25318,1038,21,110,1
"nLACDVwpmnk",25,25311,68,20,105,1
"fQmPqaNYHls",22,25309,88,11,3,1
"frJA24Qerck",27,25292,914,465,371,1
"b9zwDwUlb1I",27,25277,1029,17,71,1
"4FJaBFH3CMs",24,25259,93,2,6,1
"I4yqytngwnk",27,25213,2018,33,118,1
"7KsLS3kfakI",27,25165,812,13,550,1
"_Ct7yN_iELM",27,25120,0,0,0,1
"ZDfEQ4jb0-g",24,25117,112,6,1,1
"lrUzmaDYK_s",27,25116,767,16,138,1
"oHOvtnccnjA",25,25113,22,7,0,1
"XXB3CTDOvwg",24,25102,331,41,146,1
"QyiPhVdkh1Q",27,25072,2006,24,80,1
"YelazWNkYqE",22,25070,150,21,0,1
"PPhhA9SoEdo",10,25056,1662,94,138,1
"XMEQ1Limy3A",27,25039,0,0,0,1
"Ni6hvVkajME",26,25030,1901,61,253,1
"7xDewvdU26U",25,25029,414,58,26,1
"2YYGia3-PTA",27,25005,0,0,0,1
"KsaC4hdnA3M",27,25000,0,0,0,1
"SSyfmhyQtNM",27,24980,0,0,0,1
"7d2xbr125zE",23,24882,3412,24,274,1
"n1rzjkwEb7U",24,24865,0,0,83,1
"Ks8pywP6Ws8",24,24857,29,13,2,1
"fCLwbhhQqT4",24,24814,17,20,2,1
"q0a9H8KoDos",24,24803,162,5,15,1
"SZzvIuiAZm8",27,24781,0,0,0,1
"c4SlodrTsg0",24,24710,121,22,34,1
"fc_BDy_O-LU",25,24707,257,42,23,1
"01GX-e4sSeg",27,24699,0,0,0,1
"VRn0IcoDWxM",27,24686,0,0,0,1
"iluWTgert3s",27,24607,2724,38,109,1
"U8XggS6s5F8",27,24583,899,14,58,1
"RA6ugkFhzqQ",24,24574,44,13,2,1
"MKh_xdrr4vk",22,24548,2373,61,182,1
"IpXJwXikGD0",27,24541,0,0,0,1
"nCb0gkFyeDs",24,24434,138,9,5,1
"WCbwIR_-1Uw",22,24431,542,50,31,1
"TuVWVBjR6zQ",27,24405,2674,39,209,1
"GYlwpqKcp_U",24,24403,66,7,1,1
"V3x-HkSXn_o",22,24331,68,18,5,1
"eWhEN936nnU",25,24316,151,19,19,1
"JOGPlRvPnA8",24,24303,109,80,29,1
"9uGJJtTkj-c",27,24287,0,0,0,1
"t-YEMqb7UAI",27,24284,2916,44,232,1
"r0wnuv1X1Z0",25,24276,1,1,1,1
"tZZu1s6KZYo",27,24274,0,0,0,2
"Q4IbblME-30",25,24258,381,54,19,1
"fmCd7vHQI1U",27,24243,1393,24,141,1
"4yz9qGkgY-s",25,24235,385,11,32,1
"7wZzvS_I6EQ",10,24203,237,50,32,1
"tBxlptVKkEM",27,24193,0,0,0,1
"0ehCVO_Pioc",27,24182,0,0,0,1
"XXcaaCW9Zdo",22,24164,62,7,12,1
"I_nvq5JkWyw",10,24162,253,41,32,4
"PJwsEXSA1gQ",24,24125,676,16,60,1
"IsFXrYUvh9o",26,24109,1141,42,310,1
"pBL8PSePtbo",27,24096,154,27,5,1
"xmXUhS-Yv0c",24,24090,75,8,4,1
"8KojjjvonrE",24,24089,253,6,10,1
"DRMYl29FeFo",27,24072,779,15,0,1
"1K-mJLfsaCk",25,24067,32,11,0,2
"AzrmyP3SY7k",24,24048,415,9,23,1
"HD5xUugfDoc",27,24002,885,17,716,1
"CK3TF97GtIs",24,23994,966,233,171,1
"_NAV3l_tKTw",27,23969,1140,30,187,1
"IehQZ_K5oEM",22,23966,135,8,6,2
"k-Z4s2cCE3U",24,23961,1873,61,165,1
"y-2RVR_epmw",24,23949,69,25,7,1
"VKsGT2mPEfA",1,23942,1367,39,250,1
"TTtGCLyCXjo",24,23907,37,11,2,2
"EesZtcKhRZ0",24,23891,31,7,1,1
"RzR7PFX7fgU",26,23872,148,19,12,1
"B6yA2nUqO3A",25,23864,27,16,6,1
"o5R5GBdOla4",24,23854,137,23,3,1
"qg3r_GENQn0",25,23848,310,45,12,1
"beM6T5yaVl0",22,23845,166,17,12,2
"Er4nSMkHASI",22,23702,118,12,12,1
"uMmUwJU6W_4",25,23697,322,41,23,1
"qqeCXMpye8I",27,23689,0,0,0,1
"qnM5oFesLQA",10,23533,231,18,17,1
"NcSQGDZ3sao",27,23531,0,0,0,1
"yEjidVTE6a8",23,23481,490,15,40,1
"9lZKL1A4V5E",27,23465,355,48,96,1
"cVYWO4aOhis",22,23421,181,19,24,1
"NrtFO0C6kO8",24,23419,41,14,1,1
"x-fxqw88ORQ",24,23409,107,17,30,1
"hUrn08mrzS8",24,23408,41,11,4,1
"Y5QYGlgtraA",26,23397,429,36,143,1
"SwhfgXQ5ubY",24,23379,152,19,14,1
"XfTA-8RbG-8",27,23371,0,0,0,1
"9P2A2mbRmj0",22,23350,1152,48,143,1
"2ha5EeSaGss",25,23318,51,29,10,1
"wmDIXum5F1I",25,23313,135,11,19,1
"Uh-4KSnWXfM",27,23308,1403,14,180,1
"atmdaEmjJ4c",24,23308,45,0,1,1
"84eljXnsX9g",25,23257,254,35,32,1
"OLfbYnjbyq4",27,23221,0,0,0,1
"wThLQ8VSuWw",24,23215,72,41,8,1
"0VlKmwIZxDI",24,23212,86,8,1,1
"NV6ogpOBYNA",24,23207,36,9,4,2
"Gtf_CMAKzbE",24,23206,0,0,1,1
"mf8tN4hkPRY",27,23176,535,34,92,1
"V1U0MGj9CEs",27,23149,1255,21,191,1
"7BUEKSFwk7Q",27,23114,0,0,0,1
"9HI_vNf_sAI",24,23108,116,10,34,1
"xnjLjKUx6LY",27,23095,1658,29,267,1
"GeQ0gX9PCJ0",24,23094,49,9,3,1
"hDprj6M1b2c",27,23076,0,0,0,1
"8wwW8jAvXaU",24,23065,239,10,9,1
"oG4xWVSIbck",10,23034,373,24,65,1
"m0x5yCc3ckY",24,23023,63,81,38,1
"7twQONm96I0",27,23021,1114,16,58,1
"35LqnTYPmbU",25,23015,229,24,10,1
"CqN0RwkPf4E",22,23009,1458,26,266,2
"NkOqJe3BxkY",27,23006,2108,22,139,1
"iFbiIuJM2UE",25,23003,20,19,18,1
"8YW59mzQY3Q",24,22955,1886,18,113,1
"NgsoF5QeG4c",25,22933,83,28,17,1
"ZhuW_iycPlY",24,22932,51,10,2,1
"nYnEd2LmPuI",22,22893,509,15,16,1
"bX4zWWt2qcc",24,22890,136,13,7,1
"v90NIikKZPA",27,22877,1074,20,176,1
"ESJNSTd5j2o",24,22860,0,0,0,1
"8tsGuDU1-yw",24,22856,111,14,26,1
"2I_eypETmKo",22,22833,327,11,29,1
"cvXDosWSuqw",25,22815,260,17,11,1
"bCTyMXhd_IY",22,22805,224,16,0,1
"VkcOYfOOSnM",27,22803,0,0,0,2
"1UgNyN4Kovg",24,22748,994,26,64,1
"57OIa0UO0Uw",24,22744,192,39,15,1
"jl_VyGFXfjc",27,22721,1319,33,144,1
"dB7mV7BAieU",22,22687,132,16,3,1
"QnnXx0cauno",27,22676,1120,22,180,1
"Rh_M0mSUcP8",27,22658,1354,24,177,1
"cO0GVwTiSLo",25,22657,12,7,8,1
"0ZtQem11FDo",24,22643,53,19,1,2
"prMVQmNRnOY",27,22612,1550,24,164,1
"FtNixkg27S8",24,22569,186,21,36,1
"bslp_4KUyow",22,22561,97,19,0,1
"3_Xz8Dr7R5E",25,22450,406,24,23,1
"0flKIMzFsPY",10,22441,2414,38,314,1
"zC0_fvCSMFs",26,22424,132,27,15,1
"ory30tEGL0E",27,22392,0,0,0,1
"SAMSxQfdn8Y",25,22349,163,18,18,1
"x0xbxYgYeBU",27,22343,2182,57,46,1
"rriomIvkAok",27,22338,1298,23,137,1
"70gAH9EwMSA",27,22219,0,0,0,1
"5gULhfRLJHo",25,22212,110,10,12,1
"LoA5IK2H5Sg",24,22206,571,96,55,1
"6VXkSXUjydw",25,22174,77,12,8,1
"4s4usSgshPI",25,22144,0,0,6,1
"L_q4uBewqzo",25,22131,76,27,29,1
"UIxlW9aySJw",24,22114,608,12,107,1
"WClP9d_7IGs",24,22093,114,3,1,1
"Tws82qvh8N4",22,22085,193,31,16,1
"bomp2pf8vIo",23,22014,2625,49,141,2
"edr3hvp6C4g",23,22012,687,56,90,1
"85lcbcY7KSU",25,22008,122,13,5,1
"W9Eq6JJXXb8",25,22006,178,19,8,1
"sZUobxb4jBw",24,21999,0,0,9,1
"r71I00XmLbM",25,21995,141,9,20,2
"jmah3Rikn0w",22,21988,109,10,7,1
"mHIyRRqs-eE",25,21938,54,211,123,1
"E63GHrHXTto",24,21872,48,2,14,1
"M_j-xlqo6W0",25,21867,43,30,2,1
"QDsZ3HP3xdk",25,21852,0,0,1,1
"3pe5rrAMAqg",27,21818,0,0,0,1
"cOJ7v9jCXxU",24,21771,93,5,5,1
"IAaBzsxySqk",22,21714,316,35,81,1
"7hCJgmA2bfE",22,21699,126,22,10,1
"GWnfh0borr0",25,21698,154,5,20,1
"sJNeTue32UQ",17,21694,103,19,6,1
"lZ6h-wSPzMM",27,21693,1263,17,73,1
"wrRK6RKI2vQ",27,21688,2673,38,215,1
"poHzch8pQBg",25,21680,231,16,0,1
"ygca7NoVXXE",24,21668,56,82,81,1
"DSkNMg2b9w0",24,21667,333,7,26,1
"LUcefSIzirw",27,21584,392,19,14,1
"3Q1hiiJPJsI",22,21570,235,13,0,1
"S32NP0KPP2A",24,21540,195,17,10,1
"1Sub7Pq0u_o",27,21490,0,0,0,1
"kbiPJVyOTBo",25,21468,68,83,22,1
"JjXNgqAWLtE",24,21464,32,7,2,1
"scQDLqb59HQ",24,21463,40,3,3,1
"AdVv0YR4Ewk",26,21462,666,7,36,1
"eoVb0ogo6SQ",22,21418,321,42,74,1
"NKyURdzFrpw",27,21396,2549,37,44,1
"BzxvBlfZUGc",26,21282,57,30,4,1
"W7LDxFFLI_k",27,21256,1347,20,201,1
"9arqNuZQSj0",27,21241,1988,66,71,1
"nEe0pFIV4mU",27,21235,2089,35,221,1
"1bgznFhQmco",24,21226,49,28,9,1
"bmB2M99-WyU",25,21181,468,11,36,1
"1AZTHldkWqQ",22,21179,1313,37,190,2
"fb0plV6nASY",29,21149,1220,30,18,1
"JZkOx9rkoUs",27,21148,0,0,0,1
"DYe98qBTYxE",25,21146,94,11,61,1
"qRgOSrUgdwc",26,21017,86,21,13,1
"AQkmBIfeE6A",27,20996,0,0,0,1
"24uH3qdnYC4",24,20992,458,109,154,1
"gMOgPhsk77U",25,20983,49,36,5,1
"4udPeDF2EOQ",24,20937,50,4,2,1
"IKZkpvYB7nI",22,20936,775,29,37,1
"uWG06ChpehA",27,20930,0,0,0,1
"AFr8ks4fCgQ",22,20930,387,38,16,1
"cCJI0ysmR1o",27,20918,799,16,470,1
"BYP6XeSXy9s",25,20904,37,10,4,1
"oU_7FZ0cIxw",27,20900,0,0,0,1
"4dPQZbtHYZI",24,20883,656,36,49,1
"HGej3-so7qs",25,20877,503,21,57,1
"x-hARk800Rw",22,20874,374,19,37,1
"TsLHLVwpnN0",25,20858,92,64,23,1
"40jknBwlvg8",27,20837,3219,69,87,1
"CVGZOHHwseU",24,20813,714,30,109,1
"4ClJxhNb1ko",27,20807,836,12,0,1
"4yryFBQC0DE",22,20759,161,48,106,1
"85Bk-DdSLTA",27,20746,2267,38,69,1
"JatVouOv2P0",24,20728,103,2,7,1
"KNaLwYUk3-8",24,20715,321,24,47,2
"7fep81Lb7yI",27,20639,2165,34,128,1
"qxyVUq-ulBQ",27,20636,1795,86,421,1
"hHoqFSOCQfU",22,20635,91,3,3,1
"1khIUSMyZHA",27,20634,1939,25,770,1
"7KU21Jvp9Ks",24,20585,53,22,1,1
"Bp_6JBNwPrg",23,20545,2012,25,181,1
"4XpOrZLFqc8",23,20508,1784,216,220,1
"9tLDDJsSb0s",27,20492,697,22,85,1
"d3_Hqf0sO_s",25,20475,7,12,1,1
"hkHJl5TwSco",24,20416,25,4,0,1
"4ZW0SStj_L4",1,20385,477,9,13,1
"rKJ7ktl8F3c",25,20371,37,9,0,1
"pZ6T9IIrPxc",27,20288,680,16,342,1
"dA22FnCf0CI",24,20237,63,10,3,1
"Z8lEGmfPQZw",23,20235,616,86,118,1
"dhzkcnqVGD8",27,20178,2454,70,47,1
"kh1KJq60G8Q",10,20154,264,22,53,1
"qEgG5ehTFog",24,20133,904,21,92,1
"4crwPEMEMcw",27,20107,1105,44,93,1
"l331sYg4F2E",22,20103,188,33,7,1
"QYNymjtl_QE",22,20086,1059,28,61,1
"jWn55LA3flw",22,20080,1176,23,166,2
"t9Ot-QhzX_0",22,20034,23,12,0,1
"1CTg4tDcN18",10,20027,308,34,81,1
"zD43oam-e4A",27,19998,783,18,675,1
"XGct6ibpx_U",27,19992,0,0,0,1
"ccMwQ9NoEU0",22,19991,123,21,14,1
"ch6e2Yx63b4",27,19984,611,29,48,1
"0unsIywGK3A",24,19963,21,3,0,1
"2uI8YGcOt60",22,19911,129,12,10,1
"Ax3X_o_0GMw",27,19877,2614,32,90,1
"eOJVjfwsZD0",22,19846,196,18,5,1
"gIeounmHjPY",27,19842,651,15,284,1
"B9mmGdj1b6Y",27,19779,1311,15,107,1
"u47Hqjx_lqI",23,19772,108,13,7,1
"_4iOsP01NBk",24,19766,574,15,11,1
"kAzjbcd2iGU",27,19758,855,29,129,1
"RTujh57R6I8",27,19755,2510,33,198,1
"Hppq4c-g-5Y",10,19691,611,35,38,1
"Mi1RcXq40VQ",27,19673,0,0,0,1
"u-O-DRQde-w",24,19673,75,8,3,1
"C2To69WmZhU",25,19584,52,19,5,1
"69v22QLmyAA",24,19582,30,3,0,1
"t_vpgs7aDco",24,19567,171,28,204,1
"YqZZys8s2z8",27,19519,1987,21,66,1
"Eaq_4DIOkEY",24,19496,70,1,2,1
"xpPDYkJbi08",24,19495,183,50,148,1
"KllCEBnr02M",22,19494,115,33,14,1
"990dmfy5VOs",27,19485,701,21,491,1
"NDCbHUSrPAk",27,19473,443,86,244,1
"tNlQzGayca8",27,19456,2697,47,64,1
"AidI0GBIs0k",22,19436,86,23,4,2
"H7ASUQWcyKI",23,19418,1954,107,179,1
"tGZeOX4kK68",24,19369,22,5,3,1
"Cim2h_BUZ0c",24,19317,49,35,11,1
"bc-ke-ofCfA",24,19272,48,33,13,1
"tzykZuxlViY",24,19257,60,5,3,1
"mEU4dREQYow",24,19202,17,75,0,1
"D5X3KD8sUzE",27,19193,1397,18,117,1
"4xJbwE-HAhg",24,19185,1263,52,131,1
"LR-Ioi2zHMM",24,19180,101,2,2,1
"lnwfmn8GZtA",27,19146,1243,25,195,1
"gBRPSzhL4cI",24,19133,44,13,2,1
"xpB8S3ucrcI",26,19113,87,16,11,1
"NN8ddEgtm9o",27,19095,0,0,0,1
"WoA0Ncz8bqk",23,19068,99,9,5,1
"gByuql_-9Eg",25,19050,34,6,0,1
"wn0N1kS7o1k",27,19007,776,26,118,1
"BG9bYMyTzPI",27,18982,1270,25,52,1
"WBJ6sYt7sDg",22,18977,61,8,5,1
"JBJKEJpOhRM",24,18961,37,62,45,1
"rqE7QGRHNmg",24,18951,470,10,26,1
"k4_cb1mLR-0",22,18947,124,16,8,1
"Jbph7BGrFaw",27,18940,1859,35,167,1
"MUvkT2m7rE0",29,18936,1052,31,69,1
"OveetN4HU0s",24,18920,70,4,7,1
"Kobq-sDddHg",27,18916,1118,26,80,1
"0tMYRkeExgU",25,18898,37,4,5,1
"OiFrHuQu33c",27,18896,2326,38,113,1
"cJhgvaBnGw4",22,18885,215,14,9,1
"8fK0Zj4-1o0",24,18870,71,6,5,1
"olr0uEZQkWs",22,18865,115,11,0,1
"V6ZB8DUFuF8",27,18801,2476,26,182,1
"8KYjLw5zxHo",24,18801,294,177,121,1
"sEmUj8pm-b4",27,18747,0,0,0,1
"CcVzP9NPhmo",22,18742,54,3,16,1
"G7VviMryNWc",27,18727,0,0,0,1
"mfpSZixkGXU",25,18717,153,17,0,2
"epGAx_jID94",25,18712,255,9,45,1
"yF1S-WI5oWg",24,18709,48,28,1,1
"SYVNfciJvBA",29,18664,1049,31,87,1
"nws_IJm2CzE",27,18562,0,0,0,1
"j_ZQPxbsXoM",24,18556,120,437,210,1
"Z3Lsbcv7XSs",25,18543,252,35,4,1
"FN90eKv3pp0",29,18525,1105,36,92,1
"gHFvT8KkGww",23,18490,474,27,81,1
"pFol9N2CQAM",22,18483,1398,35,51,1
"Fu8wl8BHFmU",27,18479,121,29,33,1
"gVR672mh9Js",29,18478,1134,48,97,1
"-8sM5Oqdm2U",24,18468,27,14,0,1
"wJuLc3vgmlU",24,18457,73,3,3,1
"vi5XAF-I3Yc",22,18438,435,45,46,1
"Tn0fH4mwm_w",24,18399,235,10,13,1
"x3O_aBWrqFc",24,18355,1249,53,262,1
"AEF6_tJyHeo",27,18347,795,9,144,1
"nC-00dTYtHY",27,18342,920,22,152,1
"Y-KwBXLrw-w",24,18282,23,3,0,1
"vUq9JjoiGFE",27,18137,996,316,0,1
"zlr13tlRoxw",27,18124,1490,86,218,1
"vwKyaw7bFNc",22,18120,68,15,14,1
"HUh03MmkXrA",27,18118,387,43,72,1
"sK9UCHd7PSs",24,18090,131,3,9,1
"4e3gQNNRQGI",22,18042,149,17,4,1
"pz0726bcs3Y",24,18026,432,4,30,2
"9Zs7P6S7AeU",22,18010,1050,38,159,2
"wkD_rwbbjRE",24,18007,21,13,0,1
"GupZ76XhLAQ",27,18003,1991,29,55,1
"bKljGi1FwBo",26,18000,1086,36,164,1
"1VoQJGbVnNs",24,17902,15,0,0,1
"XxH5yqVr6PE",25,17891,44,5,7,1
"IBUFEqYzWDM",24,17884,700,24,172,1
"sJ3KZRwbRVU",24,17868,38,4,0,1
"aua1p-9okA0",27,17859,1158,21,147,1
"7ScAjZRJQSA",24,17852,657,16,46,1
"Hr2jm6ntWTQ",27,17819,553,7,0,1
"NIMHQxTYX5Y",24,17812,20,5,0,1
"9iTx_qgFzTg",26,17762,590,28,93,1
"7M3K_zRZQ1Y",22,17750,1104,15,172,2
"Lnec1hTX6A0",27,17729,297,8,84,1
"OZU2E50G4KI",29,17726,887,21,96,1
"z4aeaw3BH8Y",29,17699,1225,4,23,2
"hMZTEJed4qo",27,17671,0,0,0,1
"ukH87fPZ8K0",27,17635,591,12,320,1
"5-gfTwWPBQ4",27,17624,0,0,0,1
"wuLBkIKKpbY",24,17616,35,10,5,1
"xkNUqk-hxI4",22,17610,55,16,0,1
"_pN-w-QXLj0",24,17574,19,3,0,1
"ldC2zlhRe_8",27,17542,1070,43,38,1
"iJfKmTYvOfU",27,17534,2187,34,57,1
"LneKK607484",29,17530,1135,15,0,1
"J6OKGBrGU3g",24,17472,96,5,0,1
"a3IM-j7z-1M",27,17472,2161,25,56,1
"TGrAIbPF9L0",24,17462,466,129,157,1
"XkAXAoWvkh0",22,17451,287,25,0,1
"NPm7e6SDrpM",24,17377,214,55,15,1
"OWYvI898PQE",25,17352,106,16,1,1
"1a7NA-OFH9Q",27,17338,2167,47,58,1
"JgHCSoI_WtI",24,17315,11,6,2,1
"cQhv1m0ULSo",24,17297,237,15,42,1
"bBSKf3aQjos",24,17246,27,2,2,1
"ONppwrrzCRQ",25,17244,94,15,8,1
"cdgyjmFiJm0",27,17242,892,74,240,1
"tBNLgc5x-lQ",24,17193,26,1,0,1
"JN8WwwaTpIU",24,17135,134,10,5,1
"lo2E0nqGfGA",25,17135,20,5,0,2
"DrFTUETb6f8",25,17079,19,40,5,1
"IbO65bx60Lg",27,17048,2109,22,67,1
"8nxepZCXkUA",10,17048,624,27,36,1
"ShM-mSl7cuM",27,17046,0,0,0,1
"Cy-1JSN_Q1s",27,17033,2192,22,64,1
"NTlI8HLVTHU",27,17032,321,11,98,1
"rkZ8IANKMJM",24,17030,57,11,4,1
"PAfDcSwQcdI",25,17025,262,35,13,1
"mdpdrGBpBvs",27,16991,817,10,70,1
"EeY4cU2eaQA",25,16989,29,4,0,1
"_xID8GAl0EA",27,16987,1881,44,42,1
"QfGyQYzb0og",24,16981,14,2,0,1
"uDa9PYuuKTs",24,16974,38,2,1,1
"cdQSWyefDUg",29,16968,336,12,9,1
"94un7DxC144",24,16940,525,27,7,1
"ZrTN2sONAbE",24,16930,231,4,40,1
"kh6PcNaF_0Y",27,16930,1712,22,41,1
"JFjReDfR8eU",29,16920,1023,25,93,1
"8Gpy03K6viQ",27,16914,2077,31,255,1
"3DuoFXjcoeY",10,16913,1272,19,167,1
"eOBa2T72LDY",24,16911,22,3,0,1
"xyWpP99H2i4",27,16835,234,23,50,1
"xnvlaasnhHg",24,16825,31,12,2,1
"YbG7jcvEvws",24,16825,32,6,2,1
"xJVa_iaLAAw",25,16818,778,11,97,1
"6mMT8uT2T0g",27,16767,1813,50,33,1
"mwvQDS4mrpA",25,16689,0,0,46,1
"DClc5ZhpyWQ",22,16685,1073,11,167,1
"TETlAN62fjA",27,16677,185,39,19,1
"CtOflub6V6A",22,16427,1130,8,167,1
"iVxj85-RmGE",27,16385,265,22,82,1
"JuM4UxOq-jA",25,16366,28,15,7,1
"HplPYGonuwo",22,16336,27,17,7,1
"VKEaxBc4e0Q",25,16331,224,23,3,1
"P8y4ulm53kw",24,16291,53,17,1,1
"XbSGC9WqyiM",23,16273,893,36,113,1
"KEALhOgxHv4",22,16244,1084,14,161,1
"wj1IO--18SI",26,16148,864,61,70,1
"B6I0a5iAFko",27,16137,318,14,53,1
"VbcsU7Rnqqs",27,16119,573,13,17,1
"s875iTPQYxk",25,16087,36,15,8,1
"v67KqkCEGU0",10,16081,1112,34,140,1
"myVmjPQFyXo",23,16071,123,4,5,1
"zOkEQMILZ3Q",25,16045,0,0,6,1
"qwjLtgpQ-yo",23,15989,1710,74,295,1
"1CRe5YPO2is",24,15960,134,37,71,1
"6xKH2EITFgU",24,15941,87,10,3,1
"1IQQGxQI4oc",24,15934,26,14,3,1
"9tiqNb4xQZw",22,15842,96,28,13,1
"ni4hYnUuT2w",27,15816,1964,22,87,1
"wgamdaaM36I",22,15777,0,0,8,1
"K3H7WX6MiaM",22,15710,1139,10,168,1
"rSHVSfDsD2c",27,15593,2198,31,42,1
"tPd_Luepxz4",27,15568,917,12,91,1
"7PL4B9CFA4c",22,15562,46,41,9,1
"sJ-brp1T81Y",23,15514,2144,27,180,1
"4iux3J0Sng4",27,15511,708,14,65,1
"i7e_mzcPWXQ",22,15471,349,27,30,1
"nj7XoeDXjUA",24,15406,104,9,4,1
"YKCXOeY5fQM",24,15361,68,6,0,1
"-2t-dA15iVU",29,15338,877,24,146,1
"OrYgh6T10hQ",24,15314,314,7,7,1
"_ZZb4w9ed8w",27,15290,1873,43,31,1
"D70QVwv7yCM",22,15289,255,30,24,1
"JgRlhZoELQ0",25,15276,11,5,0,1
"Ry5adolRJvo",24,15260,30,2,2,1
"S0xnAG55KHU",24,15257,76,7,6,1
"1lRQZEXNq6Y",22,15192,924,19,168,1
"Yx6FaFVw9NY",22,15107,1090,6,133,1
"rgWh_meesp4",26,15066,721,28,62,1
"l_k0jWW3sC8",24,15057,44,14,18,1
"1KHdJkR2aqM",27,15049,651,14,586,1
"QqWIs8lehtk",22,15012,36,12,2,1
"N0aZTygjo_s",27,14926,805,11,116,1
"dJ8zy0Vt3GQ",24,14875,30,8,5,1
"MZnv5XJnMoM",24,14828,12,2,1,1
"C_RSUvclLk8",29,14796,903,15,84,1
"ckhoT269OOo",22,14775,900,7,154,1
"n5YwY9-L53Y",1,14752,859,38,62,1
"xnpraGMn-Vg",24,14627,28,3,0,1
"vA2VDUeWiqQ",27,14621,488,15,274,1
"qiONYEHWOjY",24,14612,16,0,0,1
"kNCD42586Nw",27,14560,1791,29,43,1
"g-3VOS3w1hQ",10,14525,108,24,14,1
"59tWYQe24X0",24,14506,472,31,18,1
"DckjtlTRxxw",1,14480,285,16,18,1
"aRE6erbbbfA",25,14417,6,20,3,1
"fA8rYU8BFgM",24,14228,59,6,2,1
"FlO-pcatSdQ",27,14214,361,12,49,1
"06P4tJF4NKg",27,14199,2012,23,40,1
"v6QcVjqawEA",26,14155,1044,35,149,1
"CYJmcacrevQ",27,14121,681,614,0,1
"7yHGLIDR0BE",25,14049,21,17,58,1
"V4olAUYK6aE",27,14018,764,9,102,1
"dSZdhcMwHCA",26,13990,846,26,86,1
"3x1RPc1VGx8",25,13929,151,7,1,1
"ViK1nbfo1J4",26,13874,128,8,7,1
"WKQtSZBNvbQ",24,13869,31,2,0,1
"OH2qje9-Yh0",29,13845,861,23,50,1
"iYhTWtrBnxE",22,13833,28,8,3,1
"A4vk8GomNvo",25,13831,253,6,6,1
"LlXDuTSj-pw",25,13823,63,19,19,1
"E9GnPlS3uPI",22,13792,0,0,5,1
"NEnYYg9HBhU",25,13773,25,7,0,1
"Xh_lMDomkig",25,13759,55,154,137,1
"RI8htt5xPT0",27,13728,1689,27,43,1
"RIikMbWUsaU",27,13681,560,9,363,1
"ZNaOjkbd76k",24,13558,19,3,0,1
"V1nY4oRSp0E",26,13553,0,0,16,1
"jvcBAsE72Lc",24,13530,57,3,3,2
"U1IYPcqnyyQ",22,13529,1126,6,201,1
"a839UakR1rk",22,13471,125,18,7,1
"cGL7UlcbBsI",24,13443,51,8,9,1
"EXio0mZVrag",27,13430,747,8,32,1
"EGJuxQJkMNs",24,13346,20,28,4,1
"oMSM-WfPbmw",22,13345,1155,10,185,1
"3QLwwm8X7Hs",24,13279,179,8,33,1
"6NZbARE37Lw",24,13261,22,19,15,1
"XtxVwJ7e9Lg",27,13221,528,17,119,1
"q8Qur8Kfr4s",27,13196,679,16,137,1
"ziDB5YzHDro",26,13181,47,21,12,1
"Xvz3pDvPUJM",26,13134,871,64,82,2
"wZRLL-O1t10",29,13079,1037,9,29,1
"e1sJzAkI318",25,13055,178,20,6,1
"4g4BYRZxpfc",24,13048,67,10,1,1
"cun-ewlfC30",24,12922,120,5,8,1
"3s4A3qRSPew",24,12902,194,37,9,1
"756mFOh6w60",27,12860,585,9,99,1
"DRmTq_HFY50",29,12815,888,13,20,1
"4r4rErKcQeU",29,12808,719,13,60,1
"3Qqbz4NMTd0",27,12807,648,4,75,1
"SDG5U00mS_U",27,12790,234,22,46,1
"syPz7Z2NP7E",27,12757,855,21,472,1
"PplHQjiIZpg",22,12757,747,9,185,1
"IQk7ntAUdrI",24,12701,229,11,34,1
"3JYjyrfYlZk",22,12652,1001,8,182,1
"EE6bLzEW1rg",22,12634,1071,19,166,1
"BHw8fC2drss",27,12621,517,21,73,1
"_TF4MkiCR24",24,12560,80,9,2,1
"C_P5ru938wM",27,12551,0,0,0,1
"i_81ZXfCKa8",29,12515,752,15,0,1
"iTdm-HsOdNs",10,12408,113,22,36,1
"2834AxXRPeE",22,12406,1028,10,178,1
"W9kEE7lgANc",22,12379,1010,11,160,1
"gxhOHvtVc90",24,12341,6,20,14,1
"8M6cT48_K6M",23,12242,740,28,104,1
"urOa95MSbA8",24,12140,13,11,1,1
"FlKe_HAbmsk",24,12129,93,2,8,1
"YdVlui4Zc1w",22,12045,922,7,165,1
"gFISlgAA8j8",27,11969,518,3,340,1
"oi26gAi17Uc",22,11886,928,1,160,1
"zykZhNk7BNQ",26,11876,334,27,0,1
"408bdj7PN18",29,11864,801,11,4,1
"F-w1aoHZxVs",27,11863,150,19,43,1
"vf4gggRHyJM",22,11827,921,8,161,1
"kbLwpZU_xjk",25,11816,27,5,1,1
"MCKtZLZXmoM",24,11815,10,5,0,1
"cIpnjaKSdLU",29,11742,833,15,3,1
"XyDR6izHlNc",27,11739,531,4,388,1
"YrKt780sY98",22,11684,34,2,5,1
"7t066o9PGjE",22,11669,52,7,6,1
"_LoJXXQ6wtk",22,11629,1011,7,171,1
"DqmKuLmVHSk",22,11583,897,6,243,1
"7zPO6SJvlzQ",22,11515,896,16,146,1
"j5KWl00Wlsw",26,11514,91,16,5,1
"xRMJ2ffyx-c",25,11391,34,14,2,1
"sCYhLTBh3rk",27,11373,94,35,4,2
"S7VyPNc75m4",24,11362,34,13,4,1
"fiZVDksv_hM",24,11337,434,30,53,1
"Ah_xHKxUIMc",25,11319,171,5,3,1
"M9KVmoar7qA",22,11281,1146,12,216,1
"Zd_wn9V81PQ",24,11277,20,1,1,1
"UNJo9Elz4V0",24,11172,21,2,5,1
"z4hwv828ny4",25,11115,22,6,0,1
"KAAv0KXYOW8",22,11018,971,14,160,1
"j5x4ZWpGqn8",26,11014,84,14,12,1
"wEDlWJhzUI8",10,10971,423,16,14,1
"TikQzPiF2YM",27,10946,141,16,21,1
"k3twDhbG2W8",25,10429,140,12,0,1
"Mv6IKzGrEA4",24,10307,9,2,8,1
"1KZMu8tZSfE",26,10171,34,16,1,1
"SdsKKd4AIYQ",24,10023,0,0,108,1
"Kt3E9187x9U",25,10008,120,8,39,1
"gcWuxPheoiw",29,9808,388,23,9,1
"G-8nPkjftpA",24,9793,18,8,1,1
"zaEWPfluaro",24,9628,56,1,4,1
"HUIiM4eBUJI",24,9566,14,7,2,1
"Q9WbsyxfnpI",24,9548,0,0,0,1
"nVxaB37oJm8",22,9532,897,7,150,1
"x8C9t6O1Kys",24,9442,78,12,8,1
"RRmbgjWfFzM",25,9399,68,8,12,1
"Wa1oWmsH1PE",27,9208,77,13,12,1
"bNT_zckShZU",27,9083,732,10,40,1
"_1YkdW_1kcM",25,8917,159,12,23,1
"lXxGD0_Met8",24,8832,25,6,2,1
"XVqU5EtjAtA",24,8632,11,2,1,1
"6CgKK8DN63E",25,8104,110,10,0,1
"74lobTIaulA",24,7999,16,0,1,1
"ifqJNMRupEU",22,7573,1,1,2,1
"cRG2-yVqHKw",24,7061,24,1,0,1
"4a1U1vEOr60",24,6650,10,3,1,1
"GtsU1vhKyNY",27,6463,234,18,4,1
"dmYYpStfSeE",24,5441,25,8,2,1
"4fKgKl8W3ws",27,5437,195,9,9,1
"p3Wn9FuI2zo",24,5098,37,5,10,1
"18OSLOq-bFA",27,4359,191,18,9,1
"iW5ZRboFCMU",27,4287,312,12,100,1
"wntggWeDxjI",24,4024,15,0,0,1
