"video_id","category_id","views","likes","dislikes","comment_count","daily_trending_appearances"
"7C2z4GqqS5E",10,62796390,4470923,119053,905925,4
"u9Mv98Gr5pY",24,39128403,1077732,35764,119671,2
"QwievZ1Tx-8",24,30180849,1242239,16903,158047,3
"32sYGCOYJUM",10,27470728,753626,118983,401470,3
"tCXGJQYZ9JA",10,24262331,1249414,64943,121243,4
"9TUBf6l7FBg",10,24004779,0,0,3,5
"rRr1qiJRsXk",24,18639195,511791,15607,32435,1
"TIE92mUvSsw",1,15969920,308382,36675,33624,1
"p8npDG2ulKQ",10,15875379,2285436,19400,326719,3
"ffxKSjUwKdU",10,15873773,1386673,40715,141624,2
"yDiXQl7grPQ",28,15006579,278752,13601,89194,2
"wbSwFU6tY1c",28,14816949,300313,7802,30313,4
"VYOjWnS4cMY",10,14171087,801888,25829,81156,2
"sS0LCjOiIhc",10,13537642,806488,7138,128441,2
"pVxOVlm_lE8",24,12908071,290084,5326,26863,4
"UUkn-enk2RU",24,12498976,373880,6350,27599,3
"qZHycHI3F1Q",17,10929365,508112,6326,47234,2
"OK3GJ0WIQ8s",10,10695328,2050596,14718,387397,1
"D86RtevtfrA",1,10454654,300723,3860,19134,2
"oSEeK9yDNQI",20,9674889,225275,17340,17130,2
"xpVfcZ0ZcFM",10,9528846,912446,6780,66263,1
"1FJD7jZqZEk",24,9136960,146817,5854,15660,2
"aJOTlE1K90k",10,8726087,740601,9907,54031,4
"DIBw9dSVKdU",1,8258921,200220,7453,38473,3
"5GRyr0noXrw",17,8053628,212330,17272,24274,1
"s2qyL1DCDcM",24,7715029,50370,2292,0,4
"fGqdIPer-ms",10,7662927,432901,11671,37619,2
"kX0vO4vlJuU",10,7518990,1573050,8113,180262,2
"xBht9TG7ySw",24,7159306,285946,43760,47275,2
"zEf423kYfqk",10,6978753,351702,25333,23914,1
"naW9U8MiUY0",24,6904550,203825,3525,23756,2
"cngUnh7EMKo",22,6813271,472528,5733,24481,2
"PgLpsot50E4",17,6638874,35246,4240,4823,2
"GpxCT36DxKg",24,6540492,58546,5892,10843,2
"2tDKp41nrw8",10,6416697,1290535,4358,113938,2
"aBr2kKAHN6M",28,6408303,165892,2331,3006,4
"RfWC4iDzpdI",17,6401650,61457,2598,7895,2
"XiHiW4N7-bo",1,5933727,90364,1902,6539,2
"iWZmdoY1aTE",10,5907608,564215,8938,35161,2
"g4Hbz2jLxvQ",24,5885017,223430,6881,24311,2
"D_6QmL6rExk",10,5884233,1437903,6390,134721,2
"a3WeECF6c_U",28,5846018,27321,9607,5039,2
"dzxFdtWmjto",24,5599238,128725,15751,20888,2
"FepIkIILumA",17,5589612,253746,9084,21111,1
"SX_ViT4Ra7k",10,5545934,219772,1834,17077,5
"Wpm07-BGJnE",10,5294561,347659,22529,42155,2
"OrnpSe4OChM",23,5221478,154960,3802,11225,1
"JspVs6ILBKE",15,5161631,18991,2232,9630,4
"n5LoVcVsiSQ",24,5072080,24495,12189,5614,1
"Wm_vSSlVsV4",1,5050121,268552,32154,14323,1
"Q97U8K_YlOo",10,5041020,100491,1237,1973,3
"bF_naHpa-T4",24,5021728,370074,5910,49744,2
"mDs-bSjpTuQ",24,5021474,21165,4059,4162,3
"KiBS-dbv_x0",24,4885887,158270,2530,5729,1
"MuPL-PSMX0Q",17,4852889,242796,7681,24086,1
"64UX1npgRkI",10,4852789,174930,4499,13464,1
"305ryPvU6A8",28,4794673,48139,12187,0,1
"fUyU3lKzoio",28,4785795,135178,4026,24787,2
"DdLYSziSXII",10,4770836,309032,15271,27479,3
"X-x7eZOdBFM",10,4753667,158784,1953,5351,1
"tR6M8FjHnvE",23,4719554,18080,3478,2586,1
"i5qOzqD9Rms",1,4629057,146777,2557,15411,1
"udm5jUA-2bs",1,4589890,50469,1769,5890,1
"XUqRem0W8L8",10,4569886,380253,4084,33602,1
"Xj2vYAq-bwY",17,4510182,15427,1842,6190,3
"#NAME?",1,4427381,96391,5509,12726,282
"_y2-Aj53sxw",17,4355331,25117,1334,2101,1
"425M4M3Opkk",1,4316022,108579,3888,13454,4
"g6iDZspbRMg",24,4258967,94507,3247,10240,2
"nQySbNGu4g0",10,4196932,845046,1948,56047,2
"guf1L6HmeOc",24,4089839,34489,2209,3334,3
"pmMjkMtpnTc",10,3974840,435991,13126,55964,1
"2NlNEj2mCIg",10,3971347,445351,7254,49991,1
"_hMQe2U4c6w",10,3934084,219005,10256,15846,1
"iN8zmmCRqUA",22,3920964,99067,3097,12835,2
"JwFgnGqMTws",17,3911688,55004,1878,6930,2
"PuD4nFN91WM",17,3880517,30819,1875,3508,1
"U6kl5xqQofo",1,3841044,17735,2966,2432,1
"v-dfygYIfLs",17,3828183,205249,3336,20893,1
"LgzhCXsBdpA",17,3710825,12150,1551,6258,2
"tCnbAAgfxH8",24,3687110,44409,9024,6365,3
"0EVO2ohrQtw",17,3603101,25373,1457,3409,1
"9m9oO84Q2fk",17,3553407,170009,2106,16003,2
"CX11yw6YL1w",10,3537505,120240,2514,9908,1
"ufynqs_COF4",10,3499070,238616,2151,17254,1
"E5yFcdPAGv0",10,3490465,337536,5789,36082,2
"PPWDwBrUNyY",20,3483553,23725,3145,462,2
"n7_QlsJPhsw",24,3417207,19322,2499,1142,1
"hmRt1GgCqxg",23,3410406,263591,9371,31320,1
"ifiK-NlSwfA",24,3401848,29806,1677,4827,5
"5hD3hPhsHvw",22,3395566,10224,1752,6411,4
"ek1ePFp-nBI",24,3388770,73772,1996,14088,1
"WE83yDlL4Oo",24,3368873,48003,1905,5671,1
"FeRi86DcfyA",24,3366920,15318,3757,5362,3
"mvulvk-bBx0",17,3325893,18312,1531,7178,1
"7dGwk5-QMpc",10,3316632,548053,1938,51141,2
"qdhtfwrRAkM",17,3274460,20384,1349,6939,3
"2rATfT60dM0",17,3246276,14974,1178,3398,2
"BjkUhgiU7oo",17,3218760,16934,1053,3869,2
"X1PQs0Yxauo",26,3207273,143565,2189,13031,2
"r-3iathMo7o",28,3205123,74196,5439,9400,2
"xzzs_1EdfJo",17,3192364,19660,2212,2212,1
"qQq1AFCadhE",17,3182894,20301,931,2988,3
"D969_pLCniQ",25,3165161,18444,4894,2421,1
"9_LIP7qguYw",24,3162367,74545,5583,8200,1
"MTpGrsKEExU",17,3143036,17714,876,5837,2
"mXQuto1fMp4",24,3142665,64618,2442,4032,1
"PzcaR1N0pTI",1,3142331,57675,3729,9991,3
"x0qZDZAq36U",17,3134793,25369,2431,4824,2
"J1L3nDC4mEk",10,3128050,378199,6926,43731,1
"njF1S4oQbgs",23,3122058,222582,9098,33943,1
"d1D1SJ-KqaQ",10,3086615,340360,5666,34030,1
"WISmbOw_bMk",25,3081258,44773,1883,5965,3
"xmupkoVfUnQ",17,3077741,25699,1375,2221,1
"QCjk_NPsIqU",24,3063915,113011,7171,17183,1
"r1CMjQ0QJ1E",10,3047288,215510,5857,19955,3
"gZrC2iGh3rY",17,3045739,8768,1680,1612,2
"645i6asTfz4",17,3041434,14595,1109,4238,2
"OjrijcVIGIk",24,3033583,85660,1867,12058,2
"vUTI4bPdlgE",10,3018846,198273,5228,19540,2
"Ph54wQG8ynk",10,3008740,402840,9021,35006,1
"eS4rlDJ1aVQ",23,2989709,209977,4448,25730,1
"tqqGzn2YWX4",17,2975372,14224,1084,6326,2
"uID_f0W7vZQ",24,2966834,15232,1760,3928,1
"lOf16ZQDDdE",10,2951703,488444,1048,26667,2
"PMEkmiQP5bg",10,2942269,688754,687,61516,2
"Qw9iXcumulM",17,2936235,12120,1822,1121,1
"ntWSnDV0MYs",10,2934310,160858,7762,13859,3
"9AemOdm8LrU",23,2932977,256759,4821,33645,1
"LEcbagW4O-s",24,2898662,97621,7375,15153,1
"SauIuZR5PZ8",17,2896142,16981,1084,6083,2
"r8alXrRsUuY",17,2873429,15112,866,4122,3
"rs2RlZQVXBU",24,2856358,98442,5208,10324,2
"0AUFyFEt35g",10,2844996,429401,3397,65178,1
"ad_higXixRA",24,2841864,55058,2432,4420,2
"rT3IZOp1gJk",23,2832963,68180,1555,8272,2
"RDLFB1R89IE",17,2827327,17987,810,6543,1
"NOYhC4U8VDU",17,2822804,20892,1409,2370,3
"NxlaKh0sJbU",24,2812130,38327,1940,5799,1
"vjSohj-Iclc",28,2809121,47711,1014,6563,2
"SPQbewtlChg",17,2806987,18737,2030,1805,1
"dT5ALH3ICTc",22,2790741,83514,2927,8290,1
"7kLO2AB5SPM",22,2768013,165865,9001,14577,1
"Iq6gCapM9gk",24,2766261,115472,1577,17843,1
"w5gbHSfbiK4",24,2718593,285807,2445,41083,2
"FkOt19CUC30",10,2690715,110636,4282,18073,1
"IxD2NbXzgpQ",22,2663188,74506,4257,13074,1
"5qYT421bFzs",17,2652215,21309,1214,3956,2
"exWg1fkvI40",24,2618254,47361,2867,7357,2
"yoifqJm8C8Q",24,2605510,55952,6393,17994,4
"L3ymBk6Vb04",23,2597339,128765,1619,5123,1
"5xnZ_CeTqyM",24,2589048,60332,2677,6665,1
"HSW2Wq_uVg8",24,2582669,41661,2368,6192,1
"iK7ROzfOW8k",24,2549922,217178,3104,23420,1
"k_po2stnJWM",23,2543328,3237,1217,482,1
"mOVPStnVgvU",24,2531113,61237,2510,6300,1
"rWnodMdq4Ew",24,2529947,5929,861,1910,3
"hWQiXv0sn9Y",24,2518743,58742,1233,5242,2
"tqPub3p3k5E",22,2513879,69884,1081,7873,1
"iWnnupdzG5c",17,2481376,11915,678,3803,2
"x3zQELlrY6A",22,2481124,61901,1882,6921,1
"KPyqJxT9tio",23,2478823,34706,1594,1226,3
"aFuA50H9uek",28,2473054,57596,1590,13774,1
"DSRSgMp5X1w",10,2465294,99976,17299,16813,1
"3nPEkZv0-OU",22,2455496,60405,1324,6836,1
"4uTNVumfm84",10,2455067,197042,3139,11350,1
"Q3L0gArhmaE",24,2447039,219023,6263,26303,1
"GW0evBeTFeM",24,2434088,47613,5189,8528,3
"KHQhp2cGZtE",24,2423167,36999,1286,6037,2
"6LB4JWRnyrM",24,2415804,301328,4949,16966,2
"9fB0GBwJ2QA",24,2415722,67535,2507,9079,1
"nw_1_OBEqFE",22,2415652,5748,1376,635,2
"Jz50eTT6y8g",24,2404042,169271,3190,20262,1
"feuetv-nU7M",24,2389562,16152,4440,2082,2
"K4Melso7MPU",10,2384801,416032,607,38992,1
"cWLCnFmq5Jg",23,2382081,68448,12295,27524,5
"RORkfLdcD60",17,2377078,13277,604,4812,1
"jzD_yyEcp0M",10,2362255,238099,3149,21070,1
"U8SLO8DXHy4",23,2353833,127570,4294,33943,2
"0bXCbVGb04A",20,2341772,140376,2951,33760,2
"Ifpq10K6zhs",23,2341198,166384,5396,20717,1
"voG07pt-KYI",10,2331335,270716,4421,22329,1
"UC6USOV4ewc",10,2327771,204154,6788,28604,1
"VAL1khzhGQw",17,2314506,14001,706,4183,4
"B_cmw2bIJEw",25,2313458,0,0,0,5
"LUNuB-R_JHY",24,2307700,0,0,1766,1
"QpyHrQYeoIE",22,2306250,63842,1502,7015,1
"V0LZqaoeEu8",24,2305045,105704,15304,38038,3
"Q6M255BZ0HU",24,2300347,218006,9623,43771,1
"Ws2GusRt5IY",26,2293127,26798,2370,1209,1
"o-nGPNn19vE",22,2282201,43498,1695,6843,1
"_BcYBFC6zfY",1,2269711,76636,3689,17258,2
"rdeQT7KkqM8",22,2251582,64198,1848,5574,1
"sqFVrfinlYk",24,2251352,157595,6389,18989,1
"28XC2KRE-DE",10,2248202,401607,2778,39586,1
"nlozE2m-NMc",24,2247877,47934,1163,2541,2
"RKjk0ECXjiQ",24,2217638,50442,1420,4199,1
"pFlifPi46AY",17,2216186,11615,765,3313,1
"bc5BnTYRgx8",22,2215998,69777,2261,9662,1
"LsJMCZYfaaE",17,2203413,0,0,0,3
"cD8SYW8rjaQ",10,2191988,354932,2886,41143,1
"Oadf4KNYz-I",28,2169974,35323,2286,12447,4
"X9ah6ruzKIk",24,2165224,9135,1968,2369,3
"bjJcC1PRG5w",24,2161404,9294,1260,3349,4
"zE0bimOMJPA",2,2142196,3612,1880,2059,4
"zUwaQsI-V6k",17,2132748,25305,1281,1084,1
"MHpiuX7UKMY",24,2131807,35046,2167,7885,2
"v6z1U6UIN5U",26,2124235,8790,1804,2159,4
"xEXjRycQKmw",24,2116151,32686,3920,12330,3
"nG2pEffLEJo",24,2098624,55043,1027,4184,1
"T36-GoYy-t0",17,2096421,11476,1022,1272,1
"NmjVbwy2txI",23,2070380,44816,1022,4699,1
"JcCNjk5aRMw",24,2067906,175627,2460,30576,1
"t7WS57JQerQ",22,2065451,10406,1673,2478,4
"BrFBZpCuIvg",17,2059558,10646,658,2596,3
"LJjsm6CVsG8",10,2043101,128253,11439,15800,1
"Or2YmEywZzw",20,2038436,3824,1249,4059,3
"6VUlPQ0hrnY",24,2032799,35191,2724,7186,3
"sMLso2du91U",24,2023226,22838,1410,6855,3
"kN9uM284qFc",22,2021537,1442,8065,8316,4
"pctB7_utsLM",17,2021494,7675,484,2042,1
"joZmOrknpRE",17,2018466,30917,858,0,2
"NAPkjd2iSls",17,2017658,14887,1032,1715,1
"Q1JiptOTxno",24,2015530,220365,2298,16034,2
"m6lY1GXTu5M",23,2015271,156036,1161,5873,2
"q3NA55ZrYyM",22,2009029,4670,1228,7682,3
"i8gE20TW1n4",22,1996240,29101,1031,3110,1
"M2zjaHXDHmY",22,1994356,7765,564,1393,2
"mNcvew4XdQI",23,1990196,95884,1022,16491,3
"Ss-UyOdxFOs",22,1985755,39535,6521,7749,3
"3N3c3ZX6hoM",23,1969090,170941,2912,17933,1
"M82dFk3EY88",17,1965705,1484,3220,3334,4
"S203ks2Dw0U",22,1953363,4173,1609,5384,5
"UnnxJuzaqss",17,1952276,34832,880,0,2
"ig3rUax8Pe4",24,1949813,5642,1188,1185,3
"YBpdL9hSac4",1,1948452,122068,2258,13775,2
"ulCdoCfw-bY",27,1945720,128539,1042,9111,1
"wZXulXsIEzQ",24,1944147,36340,3132,5209,3
"94yKLV8k2aE",24,1940201,13787,927,1051,1
"OO5BH67qxM8",23,1939582,40076,1439,3892,1
"vp8GIfY4C2w",17,1938370,7141,653,886,2
"z7ClRLPA0LA",24,1928593,0,0,3773,2
"24M_LvqDpp0",23,1923657,55259,519,9251,4
"NonKN3YAMHE",17,1920130,13269,957,1084,1
"k0DqRstCgj4",10,1906564,322756,1230,30447,1
"eZFqlNYU5QM",22,1899526,72358,833,9384,5
"fPpHb7uQA9g",22,1892070,3594,5937,3398,3
"ZNkYsvrVSnQ",24,1888603,16023,2099,1661,2
"GwkyqfImlow",17,1887142,13280,740,1593,1
"5_-NKRVn7IQ",28,1868552,75946,2933,12658,1
"7-hhaIdpwR0",24,1868268,16242,4496,2841,3
"x8FSmn4oWiw",24,1855638,71112,4033,0,2
"vkA1rFrNLWs",1,1844067,150681,4516,9415,1
"mP16vTfWAJ8",17,1838052,2370,881,2523,3
"chA_rjl9LRo",17,1828475,13261,894,1571,2
"Y0KgYB3wIGo",24,1813229,31807,1056,986,2
"Hgiu9cqph5Y",26,1811534,102614,2205,9226,2
"f2MZnJlDJ4c",17,1811383,18112,1256,2107,1
"eZSAIm_pzv4",17,1810294,13620,688,3097,2
"PP9yAIBDi-Y",24,1805420,28216,4010,6500,3
"asud3udH6Hk",22,1802124,21042,1050,2184,1
"swqmsRWM4rY",10,1801885,12971,1818,727,1
"6RoI9RVTbZI",23,1799235,37572,618,4545,2
"cPvRDJX1F84",24,1798876,37452,1599,4955,3
"KTLNqkwWK7Q",17,1797679,13072,478,3151,1
"XvIpLfV5GKo",10,1794534,128381,1913,7762,1
"X1XiLoNI8C4",17,1790332,8278,541,1718,1
"3Q2j5ApzSqs",10,1789595,207603,3548,14772,1
"v_0WNLAmSaE",20,1788791,117936,2665,56858,1
"m1xkLqd1wdU",10,1787268,78882,2059,4705,1
"uH7iD03VXYA",23,1779495,14934,2874,4595,4
"dAJLJRRJY3E",25,1777995,21252,2488,21807,1
"D1WWGHcJfyA",26,1774711,14344,2119,1094,2
"9Y7X6le5qmE",24,1773145,77282,604,5287,2
"kWaSbC7oRiM",24,1770732,56977,1807,5985,3
"bGHM6DSAgiA",23,1767973,136451,1162,23167,1
"cEoEOYRv5-M",23,1765366,43185,1073,6094,1
"UfKmSfgFxi8",24,1764525,153280,1942,10058,1
"VhI2EpAIcm4",22,1761039,50987,3231,8846,1
"3eQP6JoxtKk",1,1759014,74861,3217,17480,2
"Gpy-8na4zSQ",23,1754461,16304,804,1765,4
"O3tY_fE88Bg",24,1746958,18987,574,2077,1
"4T1Zy7G8F7Q",1,1733056,31567,2154,2440,1
"Ip7eVuFxiEE",10,1729319,245949,543,18908,2
"BiiuUzFQ2Bg",24,1728864,29795,1885,7771,1
"2aiGDiSxryQ",24,1725429,82270,31987,23673,2
"xVRb-8i_cGU",23,1718672,7734,801,0,4
"uBYzYji4rmE",1,1716909,60721,2311,9547,2
"DLMz1p4Nz58",10,1715047,58171,3249,4980,2
"7HS03IKCy7Q",24,1701860,28475,3830,5874,3
"hraGJL_azqg",24,1701554,16367,1030,1781,3
"ZoYIlI2Cz7E",24,1698159,3077,982,1076,1
"mmYJXrjJTw4",24,1693939,13132,2241,1551,4
"mB7hkJ33044",17,1689482,7324,559,2254,1
"UOmolLOQ7Rs",24,1689003,85151,5188,17173,1
"_CoR0PK0VZc",22,1677737,9132,2017,576,1
"XYo8CIbTWIM",24,1676215,46910,3061,5534,2
"Uu9ox9CPpMg",24,1671163,32393,1257,4395,1
"x6yCJ9-V4jA",22,1667506,4645,387,1873,4
"jzLlsbdrwQk",22,1659538,41405,3781,5210,1
"S-xBo-o6Ky0",24,1658764,3400,11658,18252,6
"Hl-t_6Rst2k",24,1658045,5152,611,2003,1
"UQVs2qDBe10",23,1649451,23979,11290,4194,4
"zkrq7Kpd1so",10,1648886,0,0,548,2
"r3A1WdSGTeI",22,1648647,4641,645,0,5
"TDSSPficKms",24,1648578,24750,4192,3981,4
"VPI9E-wNK8s",1,1644260,21604,3989,5843,1
"QgOXIEhHU1Y",10,1641973,137672,2163,7564,2
"IDQ0f4n9aAo",24,1636969,18118,1210,3578,1
"V7noTuehqy8",24,1634844,28544,4250,8374,2
"7SoPhzYdMFc",23,1633864,33061,511,4779,6
"N69XEH1h1VY",24,1626437,23805,2595,5251,6
"jvO1GDJXOgo",23,1622598,163114,2421,19202,2
"nsZvmFUXkrI",23,1618550,116422,3654,13185,1
"3Qgk01iW9pQ",1,1613265,9735,1073,2282,4
"MctZLEYlU4s",10,1613133,164043,601,18494,2
"j5s-s1oGzVM",24,1610811,116429,1582,12220,1
"zlAqizx7Lf0",24,1607747,146635,3422,16285,2
"DKPCBAlDw2A",10,1603239,150822,2408,9319,2
"Do7yALVLVxw",25,1602845,1854,934,2029,2
"FmYqUveluko",2,1600069,3963,944,847,1
"9S08k0dqqA8",24,1588998,23412,5310,7008,6
"RoespSj7bW4",1,1577654,8307,410,807,2
"m1ayLiS05Mw",17,1565179,6018,425,1627,1
"PbL4sfKB8GE",24,1560554,22282,3973,4372,4
"lnuZ9p0rVxs",24,1545290,5484,1189,4075,1
"_LEyno5IxlI",17,1543092,7751,787,212,2
"foJJ0I_Guh8",1,1536899,16311,454,4077,1
"G6dIrs0RurA",24,1535127,23100,913,2542,1
"y2635dBPNWs",24,1532762,20111,1136,7867,1
"IojFTX3XKrw",22,1532261,4335,484,1827,4
"gDXwhHm4GhM",1,1530796,45311,2877,5999,1
"tihKvn6OiAo",17,1524976,7807,381,1835,1
"H8d0pTJhQgw",24,1513927,39240,2269,7385,2
"QdnvoWyoiY0",10,1513799,131832,2358,11372,1
"eIp7PYuAu0k",24,1513681,32743,515,1586,1
"tjA7nAHOAww",10,1507296,149125,1371,7809,1
"UaGTVUxj9h0",22,1504750,5414,342,1460,3
"m1-rpd3S-48",10,1496990,137654,1872,8487,2
"Unny65JUlmM",24,1493890,25334,740,3971,1
"sV7eDd1d7LI",26,1489064,146803,845,11154,3
"lfCfbD9HBP4",24,1477752,27572,2182,5621,3
"jQNazsWnQKU",27,1476311,164066,1092,10901,2
"e4CFkoQ1LYI",22,1467684,3084,1567,1493,3
"hi6oUv21bYI",24,1467666,45144,1546,4999,3
"CmMxoSlypus",10,1466924,149679,5251,14148,2
"EHzBhrncmac",1,1455661,0,0,0,3
"q8bB6m-pG2o",22,1452742,5270,1424,1412,6
"iVpO37scwY4",24,1449532,31839,31903,10450,4
"LuSh4-cbAOc",20,1448760,0,0,0,4
"FBi-t0Qrtgg",24,1444628,3303,842,1223,3
"f0wbnQw89J0",10,1440737,68227,884,15018,1
"SEVsVOds8Jc",24,1440138,25182,2769,4266,2
"AeluF1rWcS0",24,1437901,2389,359,1381,2
"uGqTJFrPqwY",26,1432551,12068,2477,1561,2
"Adg-A5tY9lM",22,1426681,15292,481,1485,1
"ilbmaT8Yd24",17,1420250,9611,246,1172,5
"7W4AKE0H-wQ",17,1417664,4374,304,1149,1
"sOomyWOtUAg",23,1416048,26808,907,5907,3
"e4VmGrGGPuU",17,1414634,10434,575,1046,1
"IDpWeURKkbI",10,1412340,257844,661,17079,1
"bywwrBpS7X8",24,1412205,10416,2608,1722,4
"7glUp6bDU-k",22,1408621,7305,730,1398,5
"BVTAKvEK6AY",24,1401945,28375,824,4081,2
"ZwDkwvldX40",25,1401320,8306,2983,3638,3
"upEDdoizZNM",24,1400550,22880,1923,4139,6
"79eyZQbHxvI",24,1399029,29835,1599,5730,4
"rFAddL8g8mw",26,1397823,78376,519,4807,1
"r1frRkUDpQc",24,1397255,11752,380,1081,1
"eatJ02t57EQ",24,1393447,8166,963,1980,1
"0URpDxIjZrQ",1,1391851,54148,1516,6256,1
"CUNq2_VjRn4",1,1391740,148070,1262,13731,1
"GVKfMB-lxxM",24,1385509,75864,3003,14262,1
"om-0ZLKZur8",24,1381558,37926,1944,5351,2
"QpiZjTFU64o",24,1377945,48500,2722,0,2
"RtR_rxgSY1U",24,1377479,0,0,2102,2
"GIF0EtOjL_4",1,1377374,26788,1319,2401,1
"mzv5VJlpX4A",24,1375553,33384,787,5384,2
"Ek3aeUhHaFY",22,1370128,67432,622,6716,2
"pcGYFzprlxY",25,1367914,4606,494,0,3
"3wnHiK5sKgA",10,1364766,169911,861,14639,2
"N1MfROdWpZs",24,1363961,23108,1044,3838,4
"owseTngZFMI",28,1362181,21325,759,5902,4
"SYoXhQ__rYw",24,1354790,2572,1066,2152,4
"Sj6fmKUGUaw",23,1353949,26603,1102,5464,3
"bOVJFiYUOIY",24,1353705,10897,2537,3216,3
"HQaU3GU4l5s",24,1349551,90043,438,4581,2
"_E4cdaRu5y4",23,1348724,25030,997,2948,1
"NrZOBCSNKdE",24,1342511,0,0,1087,2
"Aqx41JrNTSw",25,1337500,2200,8092,14673,1
"oqvRGBB2bsM",20,1333013,15822,464,0,3
"VwAnsAUYnw4",10,1332832,109888,1829,11691,1
"Q31saQvll5U",1,1322914,12097,789,1312,1
"119Tmkv2omY",24,1319232,15726,721,10772,1
"pA7p19fc0h0",24,1317836,29858,1155,7309,2
"BNzc6hG3yN4",10,1315945,128879,1151,8816,1
"noEnUf1cAnE",22,1314503,5175,349,347,1
"jD83QaWy8LI",1,1307660,58422,2604,10159,1
"b1GEtvuQGRQ",24,1307453,2921,904,1041,4
"obqj4wkwgv8",17,1307145,9291,452,4169,1
"oXd60ArCFrE",23,1306752,28075,1214,8731,4
"ypRTzt1KrF8",10,1300177,41119,1090,4429,4
"GJUQwhTYcnQ",22,1298841,30349,1831,2456,3
"SONGEiVMygg",17,1290458,23329,507,3575,1
"kL1f09pdVa4",22,1289982,226254,1322,28344,2
"p8phGxzUC_Y",22,1287591,9106,751,1742,4
"6I4yiDSkN7E",24,1286176,39923,866,4805,5
"1zNr8Pf1QkY",25,1282325,14523,6451,11220,1
"g6yvrPq669E",17,1281740,4730,225,586,1
"_NWs7ntMRBA",10,1280743,116842,1563,7247,1
"5qsiG0wXH-s",24,1280516,46053,2040,0,2
"BfP4tSKqHrs",22,1276448,2086,1567,570,4
"PNuSo1acmMk",24,1275866,0,0,1705,2
"k1xvol1SCx8",10,1273979,93287,800,3599,1
"76-KTVPm7XA",10,1273490,77623,1864,3575,1
"0RcPgREYN5k",17,1271844,4814,501,2102,1
"TIyT_4BttC0",10,1271797,3314,894,1663,1
"2In9cSRgH6U",24,1271775,6641,986,1021,1
"sw-7GdtVKsw",22,1270458,0,0,0,4
"PSz4RfjjOKo",23,1265334,25651,526,3153,1
"epDa54RyUKU",24,1264511,17216,815,3880,1
"71PHxecetb4",22,1252283,2408,38912,9135,4
"FCYu70sUiko",24,1249644,14388,660,3117,1
"TeiaNCDSKwg",24,1249403,59818,974,7647,4
"HNjGQ6mdAwE",24,1248902,39997,946,4237,3
"BoLXMCWvucw",22,1246826,3112,30166,14423,2
"fC2llloo2ag",24,1245683,18136,581,2296,4
"elwTgpHlty0",10,1243076,136240,2458,9445,2
"qCRhteWhEtQ",17,1240199,6553,521,1044,2
"BE1B7PiYwx0",24,1239675,520,41,0,2
"IIjPj1zD3GI",26,1236248,94631,1060,9348,1
"35aIqDTYOD8",22,1235971,2272,5285,5664,3
"zQwKxVCR1y8",10,1230048,97355,1006,11639,1
"JPPqAw4q95A",10,1226853,106876,2217,8663,1
"1G4SEvvO-Xk",24,1220187,48651,2367,7607,3
"ndTVJ7b8W2s",23,1218990,36352,527,5543,4
"qI8ic91uNNY",22,1208111,8257,1547,5196,1
"AGP4SK6Dtvg",24,1207614,21446,876,2400,3
"hgqy3o6ec-8",24,1204601,17897,290,1257,1
"UCdMwyIy3ks",10,1202712,121024,1731,11648,1
"RFywfHsFpQM",24,1201773,39680,670,0,1
"qZnge-xDI2o",22,1201552,15798,1086,2504,1
"f0n8gtGbJ1I",24,1201151,4435,518,1115,1
"H3h5BjUpUvo",10,1199448,80691,2430,12697,1
"q38b1GHKpQw",17,1198069,14472,617,927,2
"j_CVMK7rUg8",24,1197005,5666,679,1230,1
"lm-ttOwn1NU",24,1193575,2100,1990,1190,4
"0qpCFaxS_jI",17,1191175,2923,226,814,4
"K_yddF7QnfQ",24,1179896,12930,324,678,1
"5bJ_gb19pKQ",1,1178642,50544,1015,6625,1
"8BVhPbOf1IY",24,1168807,23016,1702,7107,4
"6Q0AazVu1Tc",24,1166508,28235,818,0,1
"YVckx89QcG8",19,1166262,23583,1270,7420,1
"HXAieFVrdV8",24,1164029,14242,567,2986,1
"k5zPU247mDg",24,1163651,27329,855,4978,2
"20ZekYl2AIo",17,1161204,4648,374,1099,2
"UhB2qN5o0wY",10,1160260,110387,295,3063,1
"Kmz92yuP_SM",25,1150778,2805,713,0,2
"2s4GMLkTNv0",24,1149633,168875,710,18003,2
"OtKwFE5hWCM",1,1149239,6863,461,3261,5
"KBlRG3F6APU",23,1144212,20791,551,1558,4
"4yH47btuh9A",24,1138049,3534,833,2267,2
"cm_ZED9Ln6k",24,1137762,9461,4416,1312,4
"I7iEv6Pxyrk",1,1136142,5633,289,860,6
"Hk6R13tFHq8",22,1133031,0,0,709,4
"btxciF35Qnk",24,1127610,14989,800,1414,1
"VyqV-fRB3Yo",10,1126767,88198,2635,6924,2
"hygIWCmdNP0",17,1125382,0,0,1853,4
"NLFMcknVSbY",23,1123801,10837,1149,2462,4
"ruCT4Hg7Li8",10,1123725,182145,565,14269,1
"kBAkv4HikX8",24,1119953,0,0,630,4
"d8XxQHwALPo",24,1119054,13665,520,2406,1
"Wcyh7izJdT8",10,1116446,3741,417,1106,1
"UqSsQO_JfPM",24,1114878,6892,1243,2632,3
"TudhYwBrgYg",26,1114085,39044,617,3312,2
"8JnfIa84TnU",10,1112092,101810,1374,5114,4
"2jRgAexHbDk",1,1111993,4873,277,774,2
"5342SoLffyI",24,1111967,18794,868,2530,3
"7QdkyR5pJsQ",17,1110653,4420,570,4111,1
"g_yJhfCZHaE",23,1107714,25489,454,4328,2
"LwfoW6Zzwts",24,1106143,16305,531,3864,2
"GABCneYEE84",1,1104496,44954,1199,7334,1
"4OXMWSQcEtA",10,1103881,25355,1339,4192,1
"tHtnxluMXMw",10,1102362,74009,1373,3287,1
"r7Yl111d9R8",24,1102153,18301,8892,8445,4
"Ks6I2rtI4ms",10,1101535,163638,515,16504,1
"YVdnWeL5qsY",25,1101410,4060,1733,7782,2
"WhHEQ-W3x5Y",10,1100669,104270,2261,5452,1
"46TiqS5SSQw",17,1100175,6141,643,298,1
"CrkxKg2At7s",24,1097834,18271,1079,2443,2
"hg0njyf3_qs",20,1096848,10093,487,1166,3
"0Q0Qk18JtDo",17,1096557,1076,260,155,1
"XRdTXcks_yg",25,1096340,4059,325,1112,5
"IOktnwehiNs",24,1090936,9811,11856,1958,3
"raNOZ98igIE",24,1090695,58076,893,9337,1
"3Umw3xvAwZ0",17,1087778,7704,729,246,1
"4pyV0G7HeEc",22,1087530,12931,272,1858,2
"5ht3H5jy2PU",25,1085781,1053,977,767,4
"Fn2lgjqusks",25,1083424,1162,12029,2284,4
"JeQoTVdOkso",23,1081765,28349,2370,7243,3
"j1eKhRDC27w",24,1081448,8168,732,1469,2
"vwBvrMa1Zsw",24,1075964,6668,2792,1051,4
"LkxacKSty3o",17,1075566,9729,636,4232,1
"3QI71lUoEPE",24,1071735,15810,2261,2272,4
"ISXfrS31wQQ",24,1068467,50334,1555,6179,3
"VaGcPRMY5UM",10,1068401,64893,1680,3382,1
"qtNJwKXNyiI",23,1066639,30416,522,4308,2
"W8vgIXxJRtc",23,1065917,36921,529,4261,3
"ut6UYwbt6Xk",1,1063506,38118,616,3472,1
"m6YaKO8FFjQ",24,1063374,48192,840,8371,3
"iTEMSYAGnwY",1,1063278,24303,417,0,1
"nCbfHunEDZg",10,1063071,90890,2841,5026,2
"ZTH24m5FGpA",24,1062516,29634,1124,7435,2
"Hnmwb85o_6I",24,1060822,13977,833,1921,3
"1nNx3RnVqig",17,1060625,4973,277,756,1
"8SCQQeMBhrk",10,1057098,79733,2385,5930,1
"58Txqly_BzM",1,1056539,4053,8507,3975,4
"_dn_8RR3SyY",24,1053654,15412,366,1433,4
"JzD8ioNhqiI",1,1053619,4264,272,667,1
"Z4VkgKVqfmw",24,1053542,21666,848,4905,2
"W16tAWU4hdM",24,1049923,12405,445,902,2
"6C_dUDxFUp0",22,1048604,4421,967,2765,5
"CV39K_uHae8",24,1047456,14449,555,1288,1
"vAuO3bHxSpc",22,1045685,71314,470,6494,2
"Gs4QG1pHBlU",17,1045206,6498,992,1077,2
"aMDhcLPL8nA",24,1045086,45568,1956,2182,1
"tSBPUP3MQ2I",10,1041947,84142,3110,6452,2
"PpHEXUeXMxc",24,1037158,11876,443,1236,1
"Pr6NYAceIXY",22,1034927,5094,581,754,1
"HH2bS7-9Nu4",25,1034413,51294,854,6887,1
"LjUXm0Zy_dk",10,1034083,108135,777,10984,1
"yDidP4o_Wf0",24,1033440,27126,778,5749,2
"CNlKYoE7b-k",17,1031531,4595,337,1187,2
"DkeiKbqa02g",10,1026868,124072,3074,7642,1
"Tg7eNxKQg9M",24,1026846,4626,576,579,1
"tlILlcCE8Sc",10,1023661,101981,1153,5218,2
"0J0EtiDffcE",24,1022335,6891,532,2522,1
"S3H7ACY7itc",23,1019747,20592,434,2514,1
"QyHLk8H3qu8",25,1014994,47375,1533,16480,1
"DxgIhtGCB-0",17,1014627,6371,483,6635,4
"f4dyidF4uGI",1,1014116,4526,1052,3103,1
"75AfDdeS3Is",10,1013326,28936,631,2823,2
"28nGxT1gsuo",17,1011504,15732,508,2883,1
"aPKBpCbgqw0",10,1010842,50727,1019,3485,1
"c6_yfY3jc-A",17,1009527,1480,451,1430,4
"V_jVtD__gpM",20,1009401,12573,2299,4221,3
"R6_ugobl5sk",28,1009011,19691,888,8326,3
"02MCu6a8T_4",24,1004013,10821,1595,2055,3
"tJ6eqKoQa90",24,1002602,15386,460,2659,1
"xh3eXv9gdxo",23,1002120,9203,344,1048,4
"FH3AxU7XW9I",24,1001608,19286,679,2110,2
"g4a4Mez2M8o",17,998935,6402,497,872,1
"05VjIRaxQAU",24,998554,84732,2049,11999,1
"KKWNnKhGjWA",23,997703,32175,4865,9135,1
"aBkHb8e3UAk",22,995276,57139,1220,5328,1
"h3OaekVaTSM",17,993383,4659,473,3281,2
"5e9qDxHknRg",24,992516,13194,563,5540,1
"84y87Sji_3g",1,989752,8596,314,1279,3
"DpgJPayA_OA",22,985672,0,0,1272,4
"hbkEANFX1WE",24,985067,8533,751,1724,3
"id5jSk3F7h4",10,984894,37190,455,4548,2
"OQjBMQYB5sQ",24,983466,25746,792,8497,4
"wR9nUnHBNug",24,983347,7214,680,1515,1
"iILJvqrAQ_w",10,981789,55918,616,3021,1
"j3TbeMJmXVU",1,978345,21149,1018,1765,1
"bOd5CeTbfQA",23,978295,21870,380,3506,2
"xJxr-n5l6hU",24,975054,17447,1124,981,1
"Jbe5opb2Sl8",10,973523,35464,662,5600,3
"ZIEvXswK8wg",17,973518,5055,328,1756,2
"vBpnidVj1Rs",24,972040,1865,653,2404,4
"G-ghxQ-09lA",17,971403,3881,1697,274,1
"TCkmKgUp1ak",28,970811,16521,781,6543,3
"gQdgSW1BdjQ",24,970277,4710,260,1006,1
"eOu-dUT6PN0",24,969515,5023,549,3105,4
"M02NN0BcZ-M",24,967908,0,0,2361,4
"0lj6Q9gN4RQ",17,966208,15979,419,2303,1
"pW_zz0metpI",24,965354,14583,1189,1310,3
"v0RwQi_Xfcw",24,964729,9674,264,1267,1
"BwQ5iGzkKjw",17,963318,6712,185,2766,1
"1ce456Nnkt8",10,960099,48574,907,6433,2
"Cnq86p5k-gQ",24,959630,21291,646,2245,4
"7cQ-faPF88w",24,959006,12516,674,2525,4
"3z-_VjMq-6w",22,958921,9728,477,1573,3
"Siw77wnTPOo",24,958564,5718,748,3998,4
"3Xn7nGqiJCU",24,957641,14094,267,1036,4
"J-II3T8e8tg",1,957598,4359,332,0,3
"wzIuxCDNWLY",24,957300,7235,878,491,1
"JDEd6XuxCTo",22,953587,5075,975,379,4
"A3rwwoAR3z4",25,950154,45861,1115,9113,2
"mndXi7fEOD8",1,950061,1439,2083,1273,2
"nhbuZpcdHTo",1,948400,0,0,0,4
"5oAvJkjHvQk",22,948052,13647,2122,1538,3
"urVDIxkLM1g",22,943976,37661,1287,5908,3
"_mLQjUIxLfM",24,943141,37156,1545,2407,1
"lFjwSP4zUR8",17,939764,13483,670,2667,1
"WQR6CjgaDkM",28,939225,20544,1008,8119,5
"fMU6ZvKT3X4",17,938284,5976,622,1446,1
"pzWETz5KVtg",24,938044,20522,669,2874,1
"rxKOcte2JSs",24,935239,34770,861,7402,1
"ksoJ2P3TaI0",24,933745,4348,351,520,3
"v9GODjGXju0",25,933552,68179,1050,9869,1
"zR18rr5oSLw",17,933410,7787,171,0,2
"wG4tkZCyA7I",24,932706,1507,413,283,1
"OOi1xX1cdJo",17,932443,2020,507,1215,1
"bnM21KqXP0A",24,931071,13331,500,3170,1
"G06gCDESJzk",24,930483,21539,832,3637,3
"fC8gutkCu1c",10,930217,87968,1645,5578,2
"oYTl-Uxqubk",24,929103,45558,1022,9649,1
"92H5TyOyUnU",24,928734,43925,1904,3056,1
"rtsYstRPkGY",24,925978,6803,261,505,1
"yHKfj9FdykI",24,924703,48380,1822,10600,1
"iSd75bfpAag",10,923625,34679,1339,2761,1
"N-LunjCIAmk",24,922496,45433,666,6372,2
"2cAJBpQu39s",24,918668,24687,1361,4863,3
"othGUm7Pd6E",24,918223,29729,984,3848,3
"MAjY8mCTXWk",10,916128,40491,1043,4746,2
"4VL42eMSpxo",1,915649,3554,222,559,1
"4CTGxKIzD7M",10,915516,102087,1656,7971,1
"Q-WwKfHonZU",24,915080,20115,639,5265,2
"ANRnm2XQaVA",24,914234,27073,1552,6403,3
"U7-RlocZYZs",17,913106,8340,155,0,3
"uW8DvbO9vJk",24,906642,17187,1480,4384,2
"EcWNstmtY64",23,906399,20333,391,3935,3
"EAGhzuitLXU",10,906053,93273,847,4717,1
"ldxwGf4Tgtc",24,905280,51554,746,9091,2
"IvPbQdbsQUI",28,905027,12850,663,4352,3
"9LxH8LxxOfw",24,903967,3524,296,491,2
"QaeX6cF0LzA",17,903617,2398,256,748,1
"LWR8B6pca9A",17,902618,5041,436,552,1
"PKDysPU9XTU",1,897547,4026,219,743,1
"YYAb6Orfpzg",24,897012,12781,471,1430,1
"h07P1J93Qt4",17,896707,8218,687,3557,2
"Bi0znZPqMok",20,896477,2466,642,1250,1
"yjlm2rkaPWw",1,896318,1407,717,1962,3
"c0pUurOU91A",26,896104,4912,877,993,3
"JwL0qvb72AE",2,895579,8993,414,1280,4
"kuTxC9mIutM",24,892807,41407,1180,12355,1
"gok-gkH4bwA",24,891316,39818,950,4849,1
"srz04lkgbQk",24,890422,5205,248,841,3
"zhqmEZhjO44",24,888547,1159,341,393,1
"7sG2dZ9UCts",24,887822,1486,456,339,3
"pRGd0oWqSkQ",24,884624,29600,325,3379,2
"TG5CpiHfNbc",1,883643,7205,566,1186,1
"qFy5XyZsUeo",24,883608,25680,492,2487,2
"saupsetWnRA",15,880515,0,0,0,4
"vyqBS3dcSPs",1,880003,16052,1192,2088,1
"P0Uf3MNT7gE",23,878786,18635,514,3883,4
"ynJm_HQfyW4",24,878086,6002,300,517,1
"BMOVDf7DOtQ",24,877534,21857,846,3447,2
"0cwPGwVjAvw",22,873457,9567,191,620,1
"eBUcBqq0Ihc",24,873061,5530,592,1223,2
"ToS1nIt1-Fc",1,872185,5278,289,2194,2
"eZhP62wZb08",24,870553,12266,160,536,1
"iwjiYuwOK0E",23,870304,27285,520,4033,3
"Taw4Jq0qNSk",24,869136,0,0,1064,4
"_SFI9nl8b9g",22,867589,4634,785,1114,2
"Laq7-zUWv3E",24,867123,87177,347,0,2
"ydL6dg4WJ7c",22,865503,454,73,323,4
"qDJiZpx3rUk",17,864667,0,0,228,1
"_GI6hUYcM1o",24,863537,1774,585,796,3
"O8cbUjWNMZQ",24,862142,1947,558,818,3
"o3Rf2zGgl-Y",17,861873,6029,377,1168,2
"Hr96PD9zOdY",22,859041,3351,1056,279,4
"N0jfxOKo70U",24,858759,10081,3095,2071,2
"gIDht-wr3zc",25,857975,50442,737,12747,2
"keb-vus5Dz4",17,857046,13511,1280,10,2
"MMJWTKcEaOU",24,855965,2852,427,421,4
"flPqsVWTnT0",22,854949,166673,1100,17538,1
"IKea03AnmT8",24,854449,9241,4095,1072,4
"ogfYd705cRs",28,853051,17456,1567,0,1
"8THjKWvRM_M",24,851412,5396,223,187,1
"9PgnBistWV4",17,850785,4916,255,2536,1
"veS1AePOYg0",25,848743,38319,999,7561,1
"9j6-cAiGaTY",22,842963,1611,479,1274,1
"dwTJvm2lQbs",24,839309,5507,498,352,1
"JezE6iZUWxo",1,838480,0,0,2512,2
"BfwJ8LxEUP0",24,837282,9973,307,1155,1
"JfS5IxIYw50",22,835881,151205,974,14518,2
"YFHHGETsxkE",1,835384,76638,673,4822,3
"wG_I-x8YyKg",24,835024,0,0,532,4
"s1asnMSJ_5Y",17,834723,3310,709,1392,3
"zhjbiQLimao",24,832903,14687,10956,2748,4
"ScU1RDcBWXs",24,832147,5802,3457,1711,4
"CsMQj4Vdokk",24,831992,4507,835,447,1
"hqaUF2JNY_U",17,830232,9144,3188,881,4
"yHUE4EsOk9M",24,829045,9151,465,1347,2
"mlf4bidp2yc",10,828607,62990,886,2753,1
"PNlwws0hip8",10,828127,30466,1640,2434,1
"kBE_Im9Vp7I",24,827530,30898,1165,7687,2
"zhousYMIpYY",20,826673,13168,4147,1507,1
"aME6YOt0KIQ",22,826643,1001,480,282,3
"BEePFpC9qG8",1,826643,1001,480,282,3
"Ut7C9IEHW1E",25,826281,3475,634,108,1
"kzgmilA_lvs",20,823343,2014,355,1158,2
"7Hu6cx-38KI",24,821002,42925,688,5595,2
"52dCaIgeIdw",23,818359,10565,2024,2284,3
"4Ei2ycRd6fE",23,817554,7888,271,698,4
"05tyrZonnmw",1,817532,33948,543,3704,1
"ZJpKG9V2xds",25,815412,43388,990,15543,1
"pIWctUjlt_U",24,812216,33342,621,4769,2
"oXd_8YC3GPk",24,810448,0,0,374,1
"W0aNRc4_EwM",24,808938,22394,1651,4907,2
"D5AdnglslGc",22,808248,0,0,558,3
"VH3mWd28Ndg",10,807684,54508,814,5285,2
"omM8tusiUmA",10,807546,31832,1075,9012,4
"GUDyss54jRc",1,807493,11427,211,0,2
"sncMjqpHNP8",17,806895,3570,367,493,2
"12vZ4wLNsoQ",24,806715,15768,1306,1058,3
"AFZJzQcCTQ0",24,805752,544,3445,786,3
"YZ1UN5gvLjQ",24,803175,60820,261,4441,2
"j6DSOzoNggM",24,798855,14360,1384,1567,2
"b1Xk8G940k4",22,797309,9482,834,1840,3
"djnXRrw1h6g",17,796843,7993,239,0,2
"HQiDKE85P3U",22,796635,42223,2512,3846,1
"axaovrFYNzY",22,793776,95387,141,4841,2
"-9jqW2Jrfmw",24,793462,2799,727,2206,2
"XuMnZiL9x7I",23,792815,6866,794,1386,2
"pCjvQLEU_T8",22,792426,15417,1776,1533,2
"plfC-4dNmXw",17,792145,15401,789,3358,1
"xyVdZrL3Sbo",22,791832,39080,1387,4493,1
"yHhGh2BaST8",22,791826,1631,750,482,2
"fSqxW9L-ZQM",25,789242,43662,775,13917,1
"2-JR9uYy1w0",24,788722,8218,574,1656,1
"GbFQeyMX3Sc",22,788401,2463,271,211,1
"IX5AS7zVvkw",17,786697,4550,292,1405,1
"19SoutUn5C8",1,786581,339,168,13,1
"kKoadwGk200",1,784607,1943,271,1277,5
"pq7FWzfbw6Q",24,782253,2479,458,1602,2
"qaB7lOS1RWo",24,780057,5630,250,711,2
"p_abZgGfPXg",24,773596,9732,610,1647,1
"137EH-5jNLI",23,771567,14351,204,621,1
"akZntaU_y7o",19,770920,12234,500,1717,1
"c7FJAXhEXmA",23,768837,14169,426,1573,4
"FgP9uakfSiA",22,768026,1399,613,1056,3
"vYguomtr7DU",1,765570,7141,186,658,3
"0hZLhZrJy88",23,765299,7497,246,394,3
"F5v7omlha5w",24,765226,8996,579,3808,1
"TTp6bSOAVyc",24,764645,9301,277,744,1
"4Vgigt3S4d4",17,762808,3839,374,247,1
"O_xR8yguQ-0",26,761038,4387,2175,1136,3
"Cve8GnSb6-Q",25,760253,36716,950,8905,1
"jsNDO9nc_W4",24,759852,3766,300,341,1
"Tmys623Usuw",22,759821,0,0,0,2
"YgH0wQCQUt0",24,758901,11898,301,1174,1
"8sRu_Xg3laE",24,758809,3649,212,443,1
"wOFdhQrwVuQ",17,758704,3161,244,758,2
"kySDUDHkkrI",22,757105,11451,1215,1125,4
"lCPsMawKJLQ",23,756386,28408,311,3216,1
"73IMl6rY2fk",17,755887,6240,196,0,2
"gbRijjvIeyk",2,754383,43756,442,0,2
"kjE5lApob90",24,753205,21841,9482,13476,2
"I8T3UVWtfCM",24,753081,6804,183,485,1
"XOXzBLc0W2o",25,752804,3613,452,3063,1
"immvz1OA8wI",27,752146,10956,2160,1842,2
"6AP6BUu-qiU",24,750956,16424,503,2141,2
"NRnnnihFpTg",25,750897,2488,884,1379,2
"6gRdKlD0INU",22,749195,21652,471,2213,4
"21jWMsRg1vY",25,749052,4166,403,5505,1
"85XSkg2tZlI",24,746858,7532,4805,1362,3
"aoI5_rKhLCI",24,745922,51071,471,6826,3
"RJapKCstfC4",24,745744,12629,1820,1997,3
"5WN19l18Eo8",10,745201,41233,3186,9305,1
"b0W8YUD-Hn0",23,744662,15926,1111,2305,4
"u3cHkf-5beg",24,744480,3340,907,2242,1
"BtXaK70gSeg",24,740741,4329,396,1653,3
"8_N1zFPvPkk",1,740712,12106,618,2203,1
"IUK6jpWf6Wo",24,738815,6432,382,5874,1
"jj1mhwW_m3w",25,737949,0,0,0,4
"ZrDIUTsno-4",24,737758,0,0,824,3
"FHWiS1wgm84",24,737510,17874,2083,5424,2
"6c-u3XnDO_8",23,736780,5620,190,353,3
"OreVMRixtV8",17,735347,3379,314,907,1
"cSQUxDXXCWk",22,734193,7931,1789,3039,2
"Uf_Tj9xp7-A",22,732521,1642,2072,3216,3
"MkKceQ6oRr0",22,731591,2464,3594,4811,3
"xffoPIdaEcg",26,729604,1884,1143,308,1
"_AYHwryh00c",20,729530,2253,309,234,2
"2QKpRdJs94w",24,729031,17680,492,3889,2
"zcg58MB04GI",23,728928,10163,369,842,1
"Q3jege0p0dQ",24,728029,34113,547,0,1
"h1Q9jIruET8",23,728012,6653,363,977,1
"xeV35IPqocQ",17,727703,2395,445,62,1
"SN_OZvMcGEw",24,723884,3773,744,2344,1
"7S-O_tZYnGg",20,722061,12657,267,1571,4
"8z2sy7DJQpA",24,720954,7604,396,1476,1
"CoxWUST4kf4",17,720823,3263,230,211,1
"a1jcTIghNWA",26,720468,2172,25,125,2
"TTUNj9jaR3k",24,718777,11910,280,994,2
"YtBAfBEO3pI",22,716864,1934,225,237,2
"r1GzOadFYpg",28,715638,11524,811,4094,2
"S-197JPjYLM",17,713385,1762,241,992,3
"9dmR7COD0Mk",24,712995,6965,276,705,2
"xwuKzpNZPS8",25,712165,1358,454,1357,4
"G1w4sljdPds",10,711959,23500,543,1776,3
"VQyCD6s0ouc",24,711526,23489,128,1150,1
"JWb1oBA-Lng",24,710411,7422,2765,2867,3
"7DwAwNNHaW8",10,707621,16470,1773,3097,4
"7Y5zB30zCTg",24,705892,14746,1112,2406,1
"GWlKEM3m2EE",20,705120,25131,209,3762,3
"VQO8-KpjHt0",22,705044,2262,21052,5039,4
"TQCXwK8JH_c",1,705030,3615,1447,801,1
"GlBN_5AT0vM",23,703962,28656,1606,5814,2
"eHfHoJ3__Kw",22,703219,1848,351,544,4
"9VVrd-PRpzw",24,702756,34081,669,7635,1
"Advu80u2n1w",17,701721,2894,477,543,1
"k7Dx7TAyix4",17,701641,4891,712,534,1
"pPOKe_CPBXQ",17,700832,16390,850,4395,1
"wx1z7yiKmEU",25,700816,2693,244,0,2
"4dLd4eB_lgA",24,700383,1497,3341,1375,4
"LBrHuzJSzlY",17,699656,4084,518,275,1
"O34EzH5LFbw",24,699278,4374,330,905,2
"elr-tOT87Hw",23,698931,14868,312,1362,2
"l_UAUSjZP9c",24,698364,25262,732,2870,2
"QS3QMpu907w",17,698250,3138,215,469,5
"gFxuiqQzj0A",24,698233,14945,326,1892,1
"5CuAwgdYnOA",24,693407,9235,187,818,1
"sJGolNWtHFI",24,690491,210294,297,18794,2
"tHm8wLAFysk",22,689815,4017,177,949,2
"P1X_bqhyF3E",22,689576,15300,1398,3023,4
"SWR7HKINf_4",17,689113,2525,301,212,1
"bmY9DnNH7rE",22,688736,256,2555,1244,6
"agVS_MDg_v4",24,685873,7336,3852,1391,2
"IL104xhwHqE",24,685241,1657,1314,648,3
"ixNNLvyCn5Y",1,685019,0,0,0,2
"U4VWg5ZusU4",10,684596,14064,481,772,1
"403_CxdR0BM",17,684291,9390,934,1900,2
"36kZ8xojIz0",22,684073,8465,601,1083,2
"TpiKcuzJmJU",20,683722,2606,876,737,2
"5evlTKsuxRw",20,681401,7033,292,1446,4
"tBIbQv1EK74",22,680384,0,0,1173,4
"JnwR5JzNvak",17,679641,0,0,977,1
"Vf0GwwHedwI",20,677821,1680,255,95,1
"TpwvBqhrN1c",22,675634,22855,530,2951,4
"d_KFQCKkmgI",24,674929,7551,181,504,1
"mpfExwaQi30",24,673443,9729,425,1938,1
"ZjmTXxNuH1M",25,673231,5117,418,147,2
"Y2ENt-QSpu8",17,672748,4941,205,888,2
"FlgRbY-bSA8",24,672454,12388,671,899,3
"qRw3bwQEIH4",24,672187,26044,735,3271,2
"sQwfkF3AHXA",28,670820,709,270,358,1
"AAy3liNRAGU",24,670041,4120,326,435,2
"cghXe6VS4Ys",17,667769,9683,945,1549,2
"NgTxpCY4Tls",26,667462,9275,454,4228,2
"_qArcuh9L-I",24,667436,5345,347,4271,1
"_U6Ldl4Mxr8",22,667235,2757,389,433,2
"3psRLYTeSQ8",24,666672,17294,426,3526,2
"mqNweHPzdNA",24,666556,2488,361,2574,2
"akyy5mc5oeg",24,665901,1062,882,348,2
"IurNpwqpMSo",24,665507,1342,1005,655,3
"_mIt7fgUs9g",22,660408,1153,312,1606,3
"7ALMZQP6X5A",17,660099,2735,518,312,1
"xwD-tj1iG3w",17,659774,1760,217,40,1
"psitgzWQSo8",24,659469,732,594,175,2
"xVUUNgiPVl4",20,658634,2975,3580,726,2
"nA3vdCQiCMY",17,657793,2808,243,1376,1
"sDSoVJHVXCU",22,657397,1586,196,471,2
"BrNRWd6vwbQ",24,656599,11653,619,788,1
"g3s0--LcgQw",22,655823,43043,961,3794,1
"er7JQSwF1Ng",24,655027,5812,322,858,1
"wcAybj1i4Fg",24,654433,13427,600,1016,3
"jrkagZinHsU",1,654210,0,0,884,2
"ilwp94z3lwc",17,653965,0,0,1144,2
"40IMaIyuhZw",24,653899,7507,603,2164,3
"vfVDjO5_HsE",24,653863,2380,1860,1374,2
"ckEnOBpksGs",28,653676,15158,686,0,2
"s4tHikyciGU",24,652883,6400,2580,2768,3
"LHlypWQe-Js",24,652739,6198,225,1174,1
"Dk6_LP8Oi40",24,652465,2695,267,674,1
"DhPfVxMtUOw",17,651958,1444,245,165,1
"4t2lTRpOaVk",24,651911,3356,772,232,1
"-97bU0sptZU",10,650703,22633,693,5043,4
"NY0WwKgVYRY",25,650285,672,2858,296,2
"P6FOapTm40I",22,647888,9717,457,1082,4
"tM_nZDJIwFw",25,646784,9546,868,2923,1
"PPjWEft-sPg",24,646747,62528,171,1187,2
"oDVpWtFuDAU",22,644939,3886,905,378,3
"cL8NEBpuL0A",24,644791,17740,20072,7734,4
"cyHREYLRRD0",24,643937,6538,625,601,2
"ncHKS1DYzBY",1,643092,4612,204,990,4
"niKln6fWWrY",29,640996,10105,1034,1961,1
"qCakAH34hWg",24,640198,9942,346,735,4
"zBjnQVMWzsI",24,639113,25639,213,3743,2
"uESn7IM8nbI",22,639109,0,0,0,2
"TXZSqMQDU4s",1,638505,0,0,3887,4
"0Ubh9z086hE",24,637568,32166,675,5841,4
"vRHmw-AlfD0",24,636435,7426,478,1041,2
"5r7rZyjzxIk",22,635944,1304,768,372,2
"5tCQKXg8mIU",22,634646,1496,216,119,3
"VsMj1dC79sE",10,634047,65523,344,5398,2
"mh-eXPp5FTI",25,633320,2342,745,2010,4
"0eUVyz4wczI",17,632763,2232,248,15,1
"sNxk4rrINVU",24,630758,1297,724,586,3
"LPr_UZkmVn8",10,630714,10289,807,1209,3
"7GFF29_-pcw",17,629682,1201,229,59,1
"4brwv6lXfwY",22,629673,16911,516,1408,2
"4ej7u3af8iI",2,629218,0,0,208,3
"X1Itjreg97k",22,627643,3643,239,766,1
"8BUutpLnkEY",25,627417,3624,687,1102,1
"FYVn2ne7hJc",24,627005,3799,362,1202,2
"DQdP5Nx2l24",17,625799,1777,104,247,2
"jZZPSGlKTpU",25,623759,3083,359,1479,1
"Neo3ow4wygU",23,623378,871,5400,2098,2
"2Z6VKUtu_DE",24,622813,14799,664,2068,2
"V4EpvXaL2iw",22,622583,1295,12591,2028,2
"v8I83DWv_6o",22,622326,18713,524,2053,2
"OeKJxYn39_Y",23,621348,8300,495,1171,1
"yO9snUMvRuU",10,621253,74533,575,5000,1
"tFmtQtxKJiM",25,620733,1150,922,650,3
"OwAlfK6tm00",20,620696,2344,1190,588,1
"grqLUyvi3GY",22,617841,21017,1199,2350,4
"Kn3jHVGdyos",22,617825,21281,715,2311,4
"0nklhSkzXPY",20,616561,5537,1025,453,4
"mM32MK4oC-c",24,613149,904,305,1355,2
"phe99ZMsljw",25,613104,5143,343,3359,2
"q3U0Ld8NVp8",24,613034,22771,572,3185,2
"IjFaR-qPr0M",10,612183,11343,2160,2332,3
"c0arVTRwytA",1,611735,0,0,0,4
"Op6JIx4MAGw",24,609593,3853,382,4064,2
"XNiaaRXz2b0",20,608509,4714,91,0,3
"BBQtGat5RgE",24,607837,2105,675,1421,3
"r8ceHXcPlgs",17,607396,1712,380,709,3
"cVtTKOXVLp8",24,607178,7498,383,1103,2
"C2YqFvjTG84",17,606942,6182,510,319,1
"GwQqLeR2uHM",17,606913,3042,208,776,1
"n_wEbYyRH8s",22,606286,3051,274,1236,4
"IN8U_UMMTRM",1,606004,2385,150,471,3
"hC9hgI_895k",17,605683,1521,251,105,1
"szrWB4lPYAU",20,604917,1747,15008,2522,3
"MvJzqeVEr_k",22,604719,0,0,370,2
"oRexsyztGS0",24,604568,16036,740,2551,1
"mRYKZnTZSaU",24,603569,3623,194,827,2
"1L5PtGxDgS4",22,601969,0,0,2500,4
"svDYnfQxWM8",24,601261,3875,202,1192,2
"PgBQA_hvNzg",24,599780,12413,542,2276,3
"N2nwWfS-km8",20,599607,1497,226,803,3
"a3reRpGcHX8",17,598371,4831,143,294,3
"lfrzfACg9M4",28,598051,0,0,0,1
"RKpjH-O8a6w",23,597705,11638,291,1441,1
"Tbjz5xhWY68",22,597484,833,303,983,2
"EoKWJ_jxRiA",17,595773,0,0,891,4
"GyfyfIzlK0I",1,594988,980,658,1032,2
"cxfIeFEaTHc",25,594608,4650,854,4064,1
"hF6Wds75rjg",10,594338,67505,842,5625,1
"H-jp87Y3ZSY",23,593812,10007,176,1747,1
"TJOQYnumxDM",22,593542,38152,777,3488,1
"MhI8jDnaZi0",20,593081,1761,802,436,3
"43VvqUOP8O0",24,592865,5826,800,1779,6
"LTJKYH3OG70",22,591530,3497,222,889,3
"F25aIh2-8z4",24,591355,4362,1148,1117,2
"dKeAtgwjzHg",24,590785,9870,8482,2829,4
"7TyAofGzS3A",22,589066,1504,438,1816,3
"Z8gjQ1ZFnKM",24,588681,0,0,760,3
"lpJT8SZGrxY",23,588057,18162,257,3446,3
"SkY_-tvXTA8",17,587569,2906,324,1189,3
"lUxE9-GU08g",22,587392,7510,133,352,1
"m5QNeWAQrA8",17,587108,3009,252,460,1
"XUDj0LTlKJw",25,587028,2740,551,2383,2
"oB55H0oJ_pA",22,585881,16486,659,3359,3
"QO-urTzJThE",24,585363,6974,353,2317,3
"QQ_3S-IQm38",10,585170,43007,2024,6339,2
"BSv9s7Y9VK8",22,584953,3542,211,805,2
"juzv_gjJ6T0",1,584884,2166,175,528,2
"GohAC2kqOxI",22,584661,10452,790,1749,2
"t2SYf1j8o5U",17,584457,2152,215,12,1
"H19fkj36x-8",24,584361,8535,744,1187,4
"NO6M8TLIxuE",22,583787,59104,748,8077,2
"zCqoJTbLw30",23,582725,13381,391,2151,3
"LNw04wCclfA",24,581829,1455,212,191,1
"syMdLvjTENc",25,581155,2343,359,1479,1
"nnlCkunz44Y",24,581093,19520,698,2975,2
"zbP-HWXIg3I",25,580783,573,4533,0,4
"SspwaZK8h7k",22,579842,24869,1193,5936,4
"lV5tL1qndDE",24,579273,16566,337,4494,2
"mQHh6Enei2o",24,579225,13728,504,3220,2
"5pq0ZgXEhVo",22,578965,3371,107,578,1
"zCpJ9Irw4EQ",10,578259,40822,196,2968,2
"Aw9jrq-uRuI",15,578159,3039,482,388,3
"5SMMynP0dy4",1,577951,900,785,1048,2
"MBfcvC4KBz4",24,576546,10553,4423,885,5
"Yo7ErFWW4K4",23,576409,8123,377,1487,1
"Zol5anDcOI8",25,575061,1077,3048,0,4
"HyKdbKWfuQI",23,574940,10792,214,1010,3
"eG-GhOsB_Hw",22,574901,14873,687,3113,3
"T26mOlxcq74",22,574889,14395,534,1922,4
"Gba49Cn-sgo",22,574661,0,0,781,3
"zhtd1uRUGk8",17,574625,2506,137,408,2
"n60_ZRincls",17,573569,6856,674,1294,2
"VV7LMEbd1Es",1,573216,12082,164,1729,3
"qD-ofY9niOs",17,572981,5705,685,319,1
"Pm5ZivXgAWU",24,572407,2820,894,435,4
"HgX8ePffNGs",17,572396,0,0,2227,4
"ujUiNzmn3K4",10,572268,12150,1379,3881,3
"JuAT_6qnMrM",24,571751,9623,2889,769,2
"LNa84Dzz2Fs",24,571586,3812,167,282,1
"QPL0pB2rKYs",23,571512,2670,74,342,4
"Tx0uf5E2cxM",24,571435,9932,771,1515,2
"jc7Xdo7MJpI",24,569626,12051,1175,1144,1
"ilyMyMCftsE",17,569521,2667,210,897,2
"B73sBehkINY",23,569131,16642,362,3043,3
"31Y6JWB8KeM",24,569047,4078,326,443,1
"gXDjO052f9w",17,565911,2681,275,615,1
"QAceU6kmPrk",25,565377,1103,764,515,2
"zEVi4BsRBa8",22,564937,18570,1768,3143,2
"96N6Mm19YHE",25,564630,1354,128,485,1
"8UJrQ34kJGQ",24,564298,13532,4717,1311,2
"bNNkOmgZlsg",24,562224,12054,3509,1198,2
"rTvRS3OewPk",17,561734,3999,223,1248,1
"G7JClBRVjSQ",10,561432,18696,329,1523,3
"lbYriuDki0w",17,561191,0,0,617,1
"8iJma3qxk0k",24,560791,15153,325,1458,2
"CnqOLSUN-yc",28,559297,4096,779,532,3
"Gh5EytRqbX4",24,558740,16103,523,2821,3
"NtaP6u9Wdl4",24,558245,49420,146,2229,1
"MxNhOpKe-FU",23,558018,11843,205,1184,4
"SSG5zfzzZ9k",23,558017,10712,237,1499,1
"VCybr_zmQA0",23,557770,3401,3392,1143,2
"8ap3UjZhd-U",24,557500,5162,1033,0,1
"maeAzQhyap8",25,556954,0,0,446,4
"Esf_tiQvvYg",22,555040,4952,309,692,4
"Od442AN0srU",24,554768,29805,101,1393,2
"OxU5au9Z_bY",24,554695,12064,492,1000,4
"YPVBfmzPoyk",22,554668,12137,926,1812,2
"0QyMeZeRqgs",22,553518,11425,792,1205,3
"OlWVyNmgHSU",24,551612,5466,1996,918,3
"rvgoaNsuV5s",24,550598,17594,590,1916,2
"RwBWCYzs4i0",20,550267,5231,127,717,4
"PWhMIPa0vCg",24,549850,921,2038,2444,3
"IIKpJv5Osw8",20,549239,7086,468,0,4
"45WFIl0i7YI",1,548463,1036,559,863,2
"NjJ1uGz96eg",24,547592,10847,3348,3333,3
"eGC0ybn23D8",22,547509,2067,884,517,5
"HnwyrgWGrBg",24,545897,12970,755,2645,4
"_uxhfMft9T8",25,545639,1739,397,639,3
"wBZ-Zutq1JI",24,544492,2136,592,517,2
"dZ36ToJLHtA",24,544178,0,0,0,2
"DPRghoGxkoY",22,543362,1652,416,3340,2
"0AGMg91t4sE",24,542811,9529,354,0,1
"lo6BAFqGTJ0",17,542751,2078,190,1328,2
"nxPAhXqdHvg",24,542215,45866,664,8607,2
"P1R5LBkBHCQ",24,542180,4159,582,2284,2
"dcp46u5Wwao",24,541795,13933,398,1890,2
"ck1IgQMIRiQ",23,541793,6641,392,1254,1
"2dW519vELuc",24,540555,18065,520,1169,1
"sxamVp-GgFQ",17,539632,4082,324,260,1
"qUFIx9wEAZI",17,539200,4844,86,801,1
"ykZi4U9669A",10,539149,152693,270,9993,2
"G6earlGo0b0",10,537621,18312,389,1730,2
"rQHgf2K4id0",1,537097,0,0,1069,2
"MKTJCew7oGQ",17,536590,5279,90,851,1
"TIab5f5XeEw",24,535327,16129,5707,3101,2
"wgYkE0GPJdE",25,534143,1397,409,1351,4
"Yxym8Q9laW8",24,533429,10499,1113,947,4
"sJk6dUfTTps",22,533193,0,0,1120,3
"1ceJced1VMc",22,532712,1624,306,37,1
"EC5P4MRvpqo",24,532305,6877,971,1454,5
"pVtTctP_XIw",22,531536,944,270,826,2
"eNxK65c-K8o",1,530864,1789,279,354,1
"mgPqvX7j2TU",1,527315,2557,118,612,2
"5QTthsRXtlU",22,527257,1064,502,1084,2
"LmkL9waLAb0",17,526697,7558,194,391,1
"u7jivCH1BxA",22,526325,24750,469,2950,2
"LmZHcGUbevc",22,525796,1833,391,289,2
"-6D3m-28L0Q",25,525237,1662,535,0,2
"2jNNX6seO3M",24,525026,5343,1914,753,3
"FZSRKmPu10E",1,524829,3381,78,627,2
"GFGZvw8Ax00",24,524366,6786,436,2101,3
"NhJvhfzRBeA",22,523141,1989,355,443,3
"3dazUkWU02w",24,522091,9378,1614,2047,4
"L-nnepw2d9g",23,520875,6197,278,1184,1
"v5PzOu5OBm4",24,520712,3030,289,503,2
"acf2xZMAYgI",24,520633,6103,199,334,1
"9TKP7EkjlWk",17,520169,1023,233,365,1
"cPhxYyJDo0c",24,519536,5659,1792,1119,3
"ykJV_lPCed0",25,518226,0,0,1336,3
"W6pUzWqFdRw",24,516536,4606,72,0,2
"KOhO62BL4hY",24,514113,3213,308,812,1
"KdcUqdQnEcs",24,514043,11031,1028,1444,2
"SqvoW0nMYok",10,513535,20127,304,1732,3
"N82HrWkpb-k",26,511852,5573,1249,2449,2
"yhrUKXyGpzY",25,511448,7959,225,55,2
"sLGeDA0Hdpg",24,511416,5668,190,1826,2
"oTJSjuPVFk8",22,511007,4175,389,1922,4
"gqMDEH39wkI",25,510610,1278,454,0,2
"nkV_szVX3Sc",17,510280,0,0,725,1
"UBeAS4c5MRE",24,509213,10486,1009,1618,1
"JQ04lop4v7M",17,508340,0,0,1381,3
"FNgZ72EV9ls",1,508107,0,0,853,1
"kysmujosYoY",23,507976,10201,146,1072,3
"VXzg4pezcvs",17,507956,5970,602,7,2
"9lanAqVRb9c",24,507621,998,2150,832,3
"PAmC4hJVXgI",24,506444,11352,155,738,4
"9Sp48IMYZ6I",17,506399,1534,200,183,1
"DKdIEao3c6E",26,506287,6014,574,1097,3
"on9r1rgjiAQ",23,506098,2374,212,303,1
"E3Gfk3Ujtao",22,505621,1758,323,223,1
"W4F2d710Md8",24,504456,2103,1018,600,2
"T37rjrt98q8",17,503864,5264,475,222,1
"GmhhPpWk_n8",17,503570,3158,115,1971,3
"nartxjEHWXM",23,502522,13803,2161,2649,4
"_-TjhhK0Cc8",24,502515,5765,3023,867,2
"uUUQPxzvUaQ",22,502066,575,266,641,4
"u5-R8oLenQ4",22,501943,8339,273,1190,2
"IMbFL3hHHCs",24,500891,2159,277,323,1
"JTDynnndH4E",22,500799,476,3255,812,2
"WWhzMR_mPK0",23,500004,10703,253,1297,2
"16UjT-zV8dA",1,499139,8212,204,3177,4
"CrK0-_Nx7Co",17,497127,723,272,636,3
"1vx16B-6vWs",20,496455,1066,212,150,2
"P2K_sx6QuXc",24,496146,15003,355,2923,1
"fIp2ysxrzeE",22,495780,16890,426,2708,2
"hXzn9b1agz4",15,494812,0,0,0,3
"CyMH0PDaM_M",24,494390,6922,724,1968,3
"T7-2nJZqPZk",22,493681,10506,362,910,2
"Xf8vb4ikhKM",20,492398,2129,476,879,3
"it1PIKf8WG8",1,491775,913,411,778,1
"curABBDhqLE",24,491466,8502,859,862,2
"C-S5-SpJo3c",24,491199,681,673,592,3
"gpEHYuV3XjY",22,491193,0,0,0,3
"Xb6PWdHCkyc",24,490745,3210,93,344,1
"pVSDHTnwmWY",1,490713,517,401,419,2
"czWpz8gH7eY",10,489910,24090,461,2927,3
"X9jCmZm9CQw",24,488898,2040,175,266,2
"2N4Jrq9Qz9k",25,488828,1892,377,2545,1
"oeeSViZiC4Q",24,487910,2578,385,518,1
"nz62_icmnYM",17,487862,0,0,569,2
"N7hlIbJkvUQ",23,487539,14090,137,1107,2
"H9SEvfzhoi8",17,486952,1736,248,141,1
"U-YXuQviSSo",10,486328,3275,571,1857,3
"BVIqsb8rqKQ",24,486029,3524,240,628,2
"KMtm-qy3qHw",17,483442,0,0,342,1
"fo6x-Nk4L54",24,482953,31952,369,2245,1
"LAFt7qqeX-0",23,482439,7114,764,1540,2
"qN8DRJ8OMcA",15,482320,34826,248,2885,1
"iQjPzhLkGKs",24,482119,13841,563,2164,3
"eunA-hiYqM8",17,481948,2800,118,1098,1
"ThBic_memEE",24,481749,6137,412,1478,2
"uHHe9aGGppU",24,481593,9953,914,1202,2
"NdfSevV50N4",22,480974,975,270,1437,2
"KAmHZn1PE0E",22,480961,12944,564,2031,3
"ZVs664hOxBA",22,480262,0,0,636,2
"yqmDUDUook8",20,480109,9842,426,1620,4
"Nu2yQ1zYDYU",10,479965,77073,362,7195,2
"nW9UfWPJImE",25,479310,2016,366,1695,1
"4FBTac-3Abc",1,479038,2168,129,629,3
"ZyuUdvpguiU",25,478396,3908,342,988,1
"ReZmKHRc_2A",25,477491,403,50,92,2
"gfFySpNE2r0",10,477464,35497,244,4700,1
"MWY8dgTPPK8",22,476263,3537,1431,552,3
"mpcFuipoBe4",24,476065,1160,864,253,3
"R2NRbhc3T5M",24,475717,4832,358,1986,2
"NrBHxpnHUgw",17,474695,1192,165,757,2
"XIguLR6gOsA",23,474070,15765,965,2882,2
"uEk3FXvp4fk",1,473845,2023,206,568,2
"hCv4zU8UHgM",17,472376,2477,204,249,1
"H0BZDjDE5LU",24,471830,8298,719,1082,1
"mrwrXQKDWX4",22,471695,0,0,2765,4
"SS67w_Ku81Q",24,471569,8924,3740,1271,3
"IJVKXDXx1to",17,471534,1674,218,185,1
"mmaIbc0uaWo",25,470527,1178,396,1697,2
"xJ2hO2QCwZg",24,470412,15058,286,2419,2
"yL6odWvurCI",24,470406,4484,201,595,2
"Nv4386y23AM",23,469484,4177,10345,1367,3
"5F2Xjt3loe4",17,469378,3728,265,535,1
"YAu-BvFwnzI",1,468705,4132,188,710,4
"ZabDhxj5ekc",24,467474,3053,249,493,1
"9lY3NMm8pmE",24,467171,5109,587,1064,4
"Luwwrxy0WQg",28,466950,8464,445,4524,3
"ZoVWoJHZD2o",24,466373,0,0,1025,2
"hDAfY-NdQyA",23,465298,10830,253,1109,1
"d-be96ZNfBM",23,464509,1496,158,296,3
"UE6MhU4IJi4",26,464416,6130,415,1771,2
"5_raSpgjC6A",25,464140,1673,560,2956,1
"G0J0MEhqUjs",25,463557,1116,555,228,3
"yQ8WUlG377g",24,463321,14074,260,2195,2
"bh4jepPSd8Y",28,463242,0,0,2912,2
"FUfRpLpeppQ",1,462476,1949,306,848,2
"FeCjf_ZxxQc",24,461664,3207,391,1219,1
"IDItwbhzbMw",24,461475,3260,73,309,1
"nmNdOzotzj0",1,461035,2134,142,475,2
"wLohN8ZiZLU",24,460893,5408,430,1262,3
"L-Nawkfvybc",24,460751,11034,2033,1168,2
"8qnkEWgJcK8",1,460021,10329,802,1138,1
"FdGnatJYCxc",24,459976,33471,636,4040,2
"PSx6ff35Z6E",17,458992,1858,251,772,2
"0GI9AtnFI0A",10,458631,16720,472,2761,3
"x8SBN8gjQak",23,458211,8947,136,1049,3
"wtNvSXdcnPc",22,457846,1799,285,0,3
"6Z-v3NuAGwE",22,457620,10388,1328,1087,2
"R4tRFKA0KhE",24,457279,11327,399,1818,2
"rFaaRjZN9Ps",23,457086,4031,4790,1008,2
"rPKRJfrQ6Dw",20,456429,992,278,1242,2
"i0KwgPayMOU",22,455249,2295,326,950,4
"JXBPD3jPt-s",24,455214,8129,794,982,2
"Hv18-l6kESg",24,452195,26514,1865,4030,2
"K4qsKaoTwP4",24,452194,13248,434,1103,2
"5ZI1R0XFYpE",24,452002,9695,602,2351,3
"4stAzotuKPs",1,451705,24700,110,3753,2
"c2QVNinuK-s",24,451657,13930,1779,3602,1
"DPSnjN8cigU",24,450511,19556,293,2540,2
"l56nSc1_0n4",17,450225,1022,226,381,2
"CL4TaVcks5s",23,450080,5809,2066,774,3
"1Lc_E8gblZU",24,449983,560,208,361,4
"4BAGePOsogc",23,449781,10696,471,1502,2
"KAyj5Xm1C64",24,449611,24808,93,974,2
"7Gk5IpHOO5I",17,449223,2963,59,0,3
"uW-K3sfLJdA",24,448626,3532,295,803,4
"qWW8gjigsFI",17,448387,1618,112,742,4
"SINjcljxlGA",25,448364,1777,416,1006,2
"Pal3VGYs-Aw",24,448121,801,1040,634,2
"uqe3fWkxZEs",24,446424,7144,5795,1070,2
"DaAp7p3ZkIs",24,445775,4290,266,2420,2
"7LXZnfKka60",24,445637,10783,495,957,4
"Aq9A--OSreM",17,445592,1219,138,25,1
"qkYr5RlLSXE",22,445549,0,0,354,2
"3DIJLr5u4P8",10,445351,1096,131,377,1
"5-3bbwUzIoY",1,445201,14287,316,3403,4
"d06edXJvvTs",24,445002,7562,435,1987,3
"3-K5o_kgOpo",22,444691,0,0,849,2
"0zLxFAlS29A",10,444658,21347,212,1708,2
"4WFStwCSdqM",24,444621,6736,293,1812,4
"Mvlq67zSCz0",23,444153,12146,165,1646,1
"R-LHxXpcnm4",10,443430,26313,121,1369,1
"8mM1mGo-K7M",22,442360,6530,174,1238,2
"9u7ipdxWzmE",24,442215,2798,464,960,3
"XgoiNsqM0-w",24,441902,9725,267,1269,4
"S0-Q85om7JY",24,441526,6129,482,1031,3
"9EwLEmEXXnk",24,441118,9866,691,755,4
"8Vz9XHa9FBU",17,440839,977,198,715,2
"0GhEJEgmNbE",24,440696,5610,521,1311,3
"xEZTDtbAbDI",22,438960,220,438,201,3
"wOl4DuPJBmY",10,437105,13900,267,2041,2
"fiEozcIg2eE",17,436572,2190,112,716,2
"IGZPUVqbF3Q",15,435561,0,0,0,2
"Sqow8aMHVGg",25,434737,0,0,330,3
"llQSeIgAp_g",24,434141,5380,182,0,3
"7yIe4VL9kS4",22,433338,944,117,150,3
"nOUlB0i2MaA",25,433188,0,0,175,2
"m14po1IylcI",24,432614,1651,103,147,1
"zLlWRB_ou5I",22,430622,4651,220,593,2
"xnn9lZOU_jg",24,430557,8203,1881,1271,4
"ucaBVcnEaUk",23,430048,8242,211,962,1
"cnq7Ma7PpUc",24,429871,2579,300,802,1
"xxUikIXYGdw",1,429791,32413,621,5269,4
"ODhn4ymViWM",24,429587,2080,273,287,2
"Ltvw4QgBksM",22,428809,2292,272,828,3
"UjifrMuZ9l8",24,427632,8780,468,1100,4
"_wMbFfUp4o4",25,426585,1742,440,2591,1
"cJIsZTk7eac",24,426039,2157,231,630,3
"q0neF4AjxKU",22,425690,391,1848,1694,4
"Sf48OUjfE0A",20,425490,3542,126,917,4
"7ag2ChYfrQM",24,424579,1956,155,749,4
"c0MDC44ewyA",22,424500,1865,113,163,1
"eKzkXwqBpQg",23,424297,6725,1107,1376,1
"vY1qHWrumBQ",20,423924,9448,424,1704,1
"mfDjvZqHta4",22,423453,4815,172,603,2
"35-kbo7G7sQ",22,423296,665,209,1148,3
"6nk9rMEb29E",24,423197,6841,233,699,1
"ud9hKO_d6hE",24,422854,6465,501,1100,4
"FcQWmn-kF4k",24,422489,37887,86,2358,2
"5WqGZng51Ig",17,420866,750,181,250,2
"a9TmVNfPuVg",25,420695,2114,448,2528,1
"RntQxgH9Ilc",24,420320,8478,257,1417,2
"KpLAdd4ehvM",24,419615,4958,147,969,1
"0m49tMe3PPU",26,419446,5069,465,1637,2
"Wl06pfRgtBs",17,419024,912,209,6,1
"EIwlxBRDi84",22,418860,689,216,732,2
"xyaFPwzWS20",22,418705,715,72,364,3
"2Hn2xFgEGRA",1,418352,0,0,477,4
"VZxoeXOT1i0",23,418004,10092,75,441,1
"yLQxhCxQoKc",24,417778,2111,351,414,1
"rHHmejZNs_Y",23,417775,950,415,385,2
"sStoYJscVYo",22,417330,7899,939,1006,3
"ZVzE2hV0TuI",25,416947,2524,278,2136,1
"5kGdc-Bfk7A",15,416830,2812,175,388,3
"xbzSk9UjDUc",24,416048,8149,246,1875,2
"YYowQ0j9lLM",24,416013,2557,571,2315,2
"IpbGfEAsewQ",24,415980,6274,1088,2722,2
"Oj6QeMSezRA",24,415937,6326,388,925,1
"PcCU5NVeREU",17,415355,1772,139,114,1
"ZCUwmjjAsR4",24,414517,8843,2449,2066,2
"v2wJt_wxjAw",24,414210,1668,121,298,1
"T3sI6J69nzU",24,414022,4923,5548,2886,1
"luh7RLYn1Bw",20,413937,14289,223,2401,1
"qpr2v2gn6Bg",22,413759,5571,245,887,1
"JIIiOa0wjdE",24,413378,2993,379,1095,2
"3fmSxSbNJH8",26,413330,4493,533,859,4
"AKfC38yuTSY",23,412628,19809,297,2689,1
"epMVjbVRFoA",22,411909,7499,376,677,3
"w5-6GCjfaik",1,411147,0,0,0,4
"kwlphD-GXwA",24,410981,6274,739,2420,2
"tzU9rj0pSGE",24,410794,2526,334,757,1
"LcBdU4HBKyU",17,410510,1644,143,12,1
"p8_B9IMBHpc",22,410340,708,430,1860,3
"Y-m4Bx3uWjQ",23,408695,6765,188,1507,2
"L4G00Rnr-f8",25,408610,511,962,0,2
"fUvISU9BH3w",26,408546,5059,361,1231,2
"wHmXwcAOnoM",10,407951,102431,245,6649,2
"N3CRSrvD5v4",24,407939,9158,232,511,2
"guJnFY1R4I0",28,407498,4362,160,822,3
"urDukCGTKlM",10,407407,12255,225,2804,2
"1WrZgAuom3o",23,407000,4948,236,271,2
"HIpdN5rxfYM",24,406987,597,1029,634,2
"Mj_tCaWNM78",24,406525,46295,100,2651,1
"MA4FGN1QdiE",22,406497,1122,504,557,3
"yDuejwSJR2w",23,406349,8829,204,1771,2
"ft0LBdLAuKw",24,406226,15116,206,1817,2
"l54hatrZkQc",22,406213,26818,161,1071,4
"w_GyRdQ9jDo",24,405627,1460,296,111,1
"AjNNUWN1-DY",24,405352,2062,83,1188,1
"CIwYG1JeIc8",24,404753,2267,71,749,1
"_M7IDbfMgzU",1,404418,661,367,1003,3
"aggc4PD--Gk",24,403748,12968,593,548,1
"PY9TDd8Iiv8",24,402396,41065,183,0,2
"GYKvDLthw4g",24,402293,0,0,1524,1
"vWx-fccd-EA",17,402248,921,148,83,3
"uykFHGmiD0A",24,402043,3738,815,773,4
"WT0ovsW3P6Q",24,402019,4584,307,971,4
"68cosdQgLC8",24,401936,1103,260,457,4
"dKx84iWcDew",24,401208,1885,88,645,3
"EHlZQr-dbIQ",17,401037,5337,312,206,2
"B_HO6uyVqss",22,399903,12484,381,1264,2
"D0ot1ERZEtE",25,399885,1681,481,805,1
"Jea1pqJXCuc",22,399332,5938,167,799,2
"27JZ4EUp5IM",23,399208,9785,1425,2990,2
"bEsEizGzdmw",24,398366,0,0,358,2
"1rG-G1_OjjA",24,398024,3405,142,959,2
"T69haYebMew",22,397983,1863,181,544,3
"VmHH7B8RZ5Y",24,397278,4471,838,976,4
"u-x6FqgfzKs",17,396815,3056,380,682,3
"Poi8GHk0h4M",24,396414,1057,259,225,4
"HMpxYshcv1k",24,396175,0,0,243,4
"pb0ANUnN32c",24,394728,0,0,796,2
"Hh3QQlpvb4A",17,394436,0,0,1216,1
"jeBom5xxVoU",10,394214,6744,318,2036,2
"e9hCr4i05LU",26,393796,6102,546,1631,2
"2N0hKxRwl-I",24,393650,24635,159,827,3
"i1vj0InKdVk",24,393536,0,0,1418,1
"tUvjr9BHEWQ",24,393530,4190,561,805,2
"aIyTslKgRqg",25,393095,1923,612,9070,1
"FvMUoz5gNYc",23,393037,7726,252,732,3
"3uIPh1sf8z8",24,392606,597,3155,404,3
"OSnmC2ONFa8",26,392335,4336,218,1112,2
"PrNSOmiX11Y",24,392179,14786,977,2494,2
"eDiEVcJ0lp0",1,392137,7678,866,1730,1
"dzv7dOX3vyI",24,392137,4651,183,592,1
"0mCh7arEsAw",1,391719,4259,63,508,2
"5Jkij23bedk",24,391633,949,75,289,2
"6hxPQlNYhYA",24,391626,2158,158,656,1
"EdUI-NLLBKA",24,391516,2396,281,2192,1
"eWZk7KXOk5E",17,391403,1952,178,506,2
"rKVruIxFDBk",24,391227,1251,234,387,4
"F8zTzoXSYSo",22,391170,1164,270,493,1
"BDgQx4mOS_s",20,391106,19623,320,4132,2
"Cuo8eq9C3Ec",25,390575,202,65,516,2
"ZZxxyfz_AAc",25,390356,367,3157,286,3
"a9TFAY6dbTY",24,390046,3351,69,201,2
"AOU9lZzSZKk",24,389795,6878,365,2328,2
"jGTxKKdoBQ4",24,389795,39342,336,2550,4
"qNOq46L1joQ",22,389588,15296,71,788,1
"icYlERVCA0I",20,389305,6249,208,1433,4
"mHhjxyvE2WA",20,388892,4154,236,690,6
"73QlEX9zeuM",17,388322,643,150,711,1
"f7PuBV4tAyE",2,387876,872,1011,2191,3
"1l1ejOYWfxg",17,387861,1845,77,1302,2
"RE_OlRoRzNs",25,387824,0,0,441,3
"0SUYViJoLCU",26,387756,11004,238,1123,2
"SwdSmbPj1TM",24,387718,3909,693,750,3
"OTWEZpveP0k",26,387583,4265,308,1204,2
"Nw2UAlkX8O0",22,387441,11333,1756,4403,2
"bc1EBmVMfYU",24,386462,11006,1309,1079,1
"RGzwH_S8ICQ",22,386443,520,180,292,3
"_XOE61kFU8A",24,386434,2587,307,830,1
"co3pUvgQ_Kk",10,386241,15479,182,1528,3
"Ss2U8sZsEzE",24,386158,1325,600,0,3
"rPJ7aYOoRf8",1,385948,1473,117,421,4
"3HV5I2OCbjw",10,385409,31020,256,3373,2
"bV3zocjXipg",23,385005,4564,1222,684,2
"evJY_bhN92I",22,384840,10894,144,815,2
"_EHjDEtqy00",24,384759,18519,311,1876,1
"kBih2XDqqdE",24,384197,2901,157,0,2
"Z8zSpyZSFIU",1,383921,3032,287,866,1
"sY8Bm7gF1wY",22,383276,11041,440,1012,2
"fkIeUXBiRG8",20,383051,2914,47,279,2
"gjQ1Brofle8",24,382512,2300,285,2361,1
"GnJHx1WnKmk",24,382028,1538,123,342,1
"BX_2Q_dMCe8",22,382022,1166,106,296,1
"UJlpnhjmvkU",22,381515,25042,68,1259,2
"4qDULEUMTGE",22,381478,12403,536,1768,2
"FdiUwarhB8o",22,381437,1432,97,140,1
"Mmkbqe9wj2c",24,380944,2661,142,633,1
"TPDv9hgJ3ZI",10,380754,71480,120,4672,1
"xmi6xcd-Nl4",24,379871,3473,370,1334,1
"xdr7BZ6phPA",17,379846,0,0,935,2
"M9SiHw2tFGw",20,379688,5233,114,803,2
"Afa3uiZl9ds",24,378223,11161,64,2088,2
"dhIcaJj0lGQ",22,378099,1024,165,840,1
"lzLQP25bTBk",10,378011,34091,257,3140,3
"ygQziSEe2y8",24,377950,7825,696,1099,4
"KZNfBcJTUrE",17,376825,1382,124,286,3
"lJkTno9lI1Y",1,376819,1846,88,574,1
"BJcyC7FdTKc",24,376789,3110,167,882,2
"FLGYywjrpvM",25,376689,948,187,0,2
"61yXzdAUdbA",10,376471,24197,254,1903,2
"BFNs_J1LOw4",2,376301,2757,52,40,1
"AY-rfWXKYhk",24,376065,8452,497,770,1
"pjm16tlCqUM",24,375638,3909,259,981,2
"epO4zFpCefc",25,375440,602,324,262,4
"hNg2uOe28ak",10,375204,10499,131,845,4
"Row13z_oHs0",24,375164,2383,323,688,1
"qv6-YOiBdxE",26,374961,4324,585,1651,3
"WehW6_2sNKs",1,374594,4972,700,1637,2
"NTwMZM2LGsU",24,374362,0,0,1251,1
"rhWp4cqrc9k",26,374347,4404,731,1010,3
"ymJoTDOfOh0",17,374196,1020,30,168,2
"5000ZcHiMws",17,374060,3016,339,245,1
"e9OYhghg5-8",24,373542,8654,526,605,3
"3ETiSvVkge4",24,372915,5397,305,1332,4
"FfohsFLbb6Q",24,372741,651,958,526,3
"q-R1kxd-nxQ",17,372674,2862,115,1721,2
"F20hua1E3gA",24,372651,5194,254,1440,3
"0y6JReppJlo",1,372572,2135,92,547,1
"N3dhiO1Nlnc",17,372209,4435,508,837,1
"VG5auMC9I0Q",22,371665,3617,585,940,4
"mU2B7m1FLu8",20,371261,658,860,557,4
"Ir2Vely9a10",25,371096,1348,229,1032,1
"rD4g-fqpEY8",26,370501,3813,412,1164,6
"SrlnidHJgGM",24,369994,1547,134,1121,2
"mQ0ZW10lPFs",17,369742,1453,126,705,4
"jCnc5GDPgc0",1,369489,559,239,406,2
"Ms5ox64mjR8",22,369425,0,0,385,2
"K8SeMivyqRk",24,369363,2693,278,1349,2
"tDqK3ugZcM0",10,368632,61406,119,4152,1
"ODD6hA-czaw",23,368141,3284,141,311,3
"WghEe97ZiJc",24,367789,1001,111,201,3
"vPpiZmpvO1U",24,366956,0,0,631,2
"qm321k6ckm0",24,366918,6641,79,908,3
"ea4a7hv8qUE",22,366653,11532,262,1765,4
"x9Mnj-zehCk",24,366586,2490,780,655,4
"lJrzv8KHIyE",24,366514,1961,255,296,1
"SUfdETx1wu0",26,366077,7405,385,937,1
"e8F6QzSz1LQ",23,366003,6649,346,746,3
"RqbhtP4laLA",24,365981,770,125,124,1
"uSAL5ozJXKo",22,365302,1171,510,305,4
"iEvJiY94lEQ",24,364742,3304,47,0,2
"xC1Z21clKqc",25,364741,2092,532,211,3
"7SmauMqkVjg",24,364662,6456,588,748,1
"ZN7-zDTzxdk",24,363629,1157,182,346,3
"6cD1lmbTmw8",22,363626,8103,317,853,3
"DjkM1qNS5WE",22,363404,1055,136,111,1
"GDcdD3D48oQ",22,363385,748,177,702,2
"rDOroDUlxqM",24,363334,7801,306,870,3
"kRQOIuzloB4",17,363267,0,0,542,1
"8iTzf61aSbg",24,363001,2174,242,566,1
"8xeVlh8qpQk",24,362821,1681,203,921,1
"WfPu9Jrcpuk",10,362255,42656,647,3027,1
"fFx5-Z-RjTI",22,362244,991,292,280,2
"quas9q0sK5Q",23,362169,8799,374,970,1
"Zcprc42fU5c",25,362059,2180,182,0,1
"aSnF8myMJi0",17,362014,1243,160,82,1
"zABfuGozq_M",10,361893,12235,427,1885,3
"mXS4JXW_Bh0",24,361493,3143,84,369,4
"fiL8eisNTdY",24,360732,1069,175,630,1
"ab3nOxPhsYU",24,360334,1136,246,411,5
"B80CK49etK0",1,360254,1303,106,153,3
"CfEGMMC1COA",22,359881,9601,646,1887,2
"oZpIPiJnqK4",20,359830,679,132,816,2
"XtjztCzTx3s",24,359806,0,0,0,4
"mfUanfBn1Gk",24,359448,0,0,473,2
"J71ILoiePMg",10,359393,6690,2603,1752,4
"CxWfhEHfrpg",25,359376,728,161,744,2
"EhKqy4Xd0YU",10,359297,0,0,335,1
"d73V2oK6Phs",24,359269,3145,267,2343,2
"sOFaKCZpWSY",24,359240,7260,514,1080,2
"XJ-OSwI6K8U",17,358770,964,129,87,2
"VfIE8tjmePE",24,358701,0,0,0,3
"Zst6sWPmvqs",20,358643,1689,171,1027,2
"4WXJPG6dcUc",25,358166,1475,171,1358,1
"SfxFYw0bV0E",1,358102,1629,100,383,3
"zZyTTBXwd88",1,358100,14158,632,3208,3
"g67eiuivxyg",22,358012,655,176,623,2
"OpAIRaWO5qc",20,357956,684,124,475,2
"n-zOgW8m1Ug",24,357913,0,0,231,2
"CjEuFSiO8CI",24,357715,10008,377,620,3
"THd_uyodQ_c",23,357266,5404,523,958,4
"ZYZBD3gSOj4",24,356757,4034,540,748,3
"hPrK2Ak5CKI",17,356450,752,50,229,3
"H3YulU645Ls",22,356449,9757,393,2606,2
"5K_kNPVUDJA",22,356220,1791,427,240,1
"xbP8oCqLGh4",24,356095,7355,1156,0,1
"tGUmbFFKvtU",24,355628,3308,262,2297,2
"lo0c6o5pt9U",22,355045,1142,274,419,4
"RTlsO__ROEE",15,354616,2593,169,382,2
"nrnPcYH9_Lk",22,354536,1488,133,324,3
"Gbah5Ldqqvo",24,354535,6481,335,554,1
"3zxNIw6yqdM",20,354494,8210,674,1398,3
"yZK0Uw2FU4g",25,353879,1970,382,977,2
"20V7xi3BC3I",1,353607,0,0,0,4
"PlPDvXj1FTg",22,353531,1686,199,318,3
"VU6045scb8k",24,353047,2324,343,621,1
"WWKsGSvVqWU",17,352648,1049,4242,0,4
"1BAhgSeBkb8",23,352170,6546,697,826,3
"ymo6bj3LcLo",17,351618,1672,331,337,1
"KPqghlyFrQA",24,350895,1966,239,556,1
"prg5CtRpwYM",22,350787,5406,108,748,3
"VXnrxY-l804",20,350732,4361,160,1414,1
"W_g4t1kLgEE",22,349746,23759,280,2145,2
"tMJM6B4HHt8",17,349734,2801,334,216,1
"SqlbqqAyUJE",25,349436,1362,398,797,1
"s4UQFRB7Cb8",22,349381,366,290,157,4
"XV2g1zLnM5c",17,349221,2381,128,206,1
"jYln7SjyfO4",24,348986,7632,430,664,1
"HYKn500QyP4",26,348973,5217,651,1586,2
"JkiOdSm1A4I",10,348804,31878,657,3094,1
"vtRCbzVrMF8",24,348698,2786,157,616,1
"Dz-8RApuTQ8",24,348549,1748,187,1102,2
"wRg57rwj0K8",24,348427,2125,288,784,1
"-c5OReJCNws",17,347800,317,76,87,3
"IgMMfRla3OE",24,347592,9212,593,957,2
"OuBq-FyAyBM",22,347411,880,11,18,1
"8RFyOebRvZ8",25,347397,1931,416,662,2
"K1AZWvipLK4",20,346290,1379,132,265,1
"zY8q_K32nMc",23,344489,5438,191,578,1
"Wb2TT6X0CKc",24,344412,5750,535,1806,4
"2W8olZ_Uapw",24,344362,2247,330,672,2
"tU6ToAYvz1g",10,344107,0,0,0,2
"6FDkJdrs_FU",17,343786,4359,1047,497,1
"BcJ9mrmmZD8",25,343766,3835,374,3824,1
"sNWq6zJfhBg",25,343516,1426,434,1049,3
"7jPW8HwAt-g",17,343403,972,90,409,2
"m7ddbml_vkY",10,343204,24564,131,2270,2
"qKnPgV1txVA",17,343149,1353,116,1706,3
"CiWj1e2WbtQ",17,343014,0,0,448,1
"TOYitnKBtIA",24,342414,7231,438,921,4
"XZYxguGRlug",22,342220,0,0,766,3
"w8m12PTtjas",22,341967,605,165,892,2
"i1EDdyF109c",1,341947,0,0,398,4
"KyGLuuba58Q",1,341569,2109,60,398,2
"RER-Er0yRMQ",26,341066,4590,157,1261,1
"47krRuNFsRs",1,340799,4465,94,0,1
"0LQuPmWc-nk",10,340162,13547,230,1378,4
"wgY1hEFNvvc",24,340100,443,53,0,3
"cO_0TDG2ECg",22,339632,5970,127,670,2
"UOWPYX9ptGM",22,339548,6269,413,827,2
"GUyyJ8RKArU",24,339324,5832,375,988,3
"q2p-nAFl1Mo",24,338834,4802,3186,594,3
"ddyCOxEUWRk",22,338731,293,1067,497,2
"ESGu10M49Zo",10,338718,11321,493,1522,6
"D5tett-Kb6w",10,338711,57203,86,3525,1
"DF3AKdBb_4M",22,338420,5256,113,683,1
"6rMG57DdS1E",22,338397,493,284,836,2
"ObE6Y2ETJBQ",22,338291,11319,244,1528,2
"gnAjFnsAi8g",24,338186,2041,283,2379,1
"imdyc4kqlsg",24,337706,1367,130,144,1
"ooUL5rocsbA",24,337532,1925,73,175,1
"L_VQkIBNuQ8",24,337110,4081,140,240,4
"DShXIaZ7ZN4",24,337017,9574,237,1141,2
"SDf9N_92S5Q",20,336808,7601,394,851,3
"6oR-ch_A5qQ",1,336434,2106,148,0,4
"OJY1AwVg0dw",10,336343,8661,305,984,2
"JMdOJsbGijM",10,336311,3784,601,2352,2
"0n2y9iX-HMM",24,336305,6738,418,633,1
"mJKiqGbyT8w",17,336095,1899,212,755,1
"W67_pG4cfyI",17,335433,1015,92,113,1
"DeTOx3cyG7U",24,335077,4446,616,750,4
"b69eYoCSuAs",24,334959,2488,177,940,3
"dCFjeLIKGc8",24,334831,0,0,244,2
"X0aPsGWxSS8",22,334826,939,267,269,3
"v8gYnSdZ07Y",24,334551,2076,270,525,1
"Rjh1lTbHgrk",10,334470,9793,696,1217,2
"XwmwqLS03-U",20,334408,4319,803,1161,2
"9PqbeoDgr1I",22,334124,664,142,695,2
"F_2Sdz9pUpE",20,334121,0,0,0,1
"RP4CggHBO7s",24,334074,0,0,880,1
"3Yujpur1Xjg",24,333840,7299,320,494,2
"SIdLBTZ_WKs",22,333801,1145,217,384,4
"qy3iltRcMb0",22,333705,0,0,308,2
"KXV5BCACaxc",22,333404,776,641,879,3
"739_VsQYwqw",1,333305,2596,247,526,3
"zgrgxbJAkDw",22,333009,1849,190,1033,2
"kvICEwadcMM",22,332988,927,107,317,3
"NlMqDW5TCi8",22,332753,702,119,564,2
"KRjAGPBQoH8",17,332476,341,2743,0,2
"sV7x8VVilUU",24,332248,9389,1080,1929,3
"Z9wmhPLgBxM",24,332177,2153,343,437,1
"lAU3sfp7cbI",24,331954,18684,227,2899,2
"dYuC3ZoHj7g",24,331850,875,121,656,3
"KeB77zUElhc",24,331762,1985,293,621,1
"zsgNF9L5hWI",25,331424,2243,394,0,1
"pExPlTnsXbs",20,330857,5624,627,764,3
"3S7PFjZ7YT4",25,329538,525,181,461,3
"HDrzWIuxIpk",25,328923,442,151,301,3
"tC_pAXS6Ua4",23,328874,5376,811,2987,3
"oRT-UGOh1B8",1,328567,7734,41,2003,2
"e4qk3mFePo4",24,328361,1955,262,586,1
"u-I9d0phyak",20,328077,1122,1399,462,2
"uL8CR3J0wos",24,327988,7205,149,1130,2
"awsVrbK55hk",23,327956,3204,1034,626,3
"t0_NbFSS42c",22,327924,1854,623,1288,4
"rOOXqHqw9lk",24,327808,6534,418,584,1
"0n4It3J4vx8",24,327613,1983,235,749,1
"qQ14pfOMxkU",22,327132,489,138,638,1
"i8KznobMhM4",22,326915,1985,97,307,1
"7JaqhSa2z4M",25,326750,389,447,217,2
"JjYSkTrTZls",24,326364,2111,249,481,1
"sTZjcwyVs_c",24,326228,828,155,210,3
"v2dem7H9ick",24,326054,1425,88,870,1
"LapqmfFkkWA",24,325864,2091,239,702,1
"KpRjOldlF_o",24,325666,7377,620,934,1
"3wqPSCWctv8",24,325590,3776,419,1164,2
"6umCi7Y_e_Q",22,325520,1633,69,185,1
"_9LcrtAKTdw",22,325464,345,483,220,2
"NVkb0GgCwEQ",24,325463,2443,283,1200,2
"dHq0a22CPE8",10,325446,13137,84,955,1
"WbdnkXNYiPw",22,325389,0,0,176,2
"Tmvkb8NhLrA",24,325386,0,0,73,2
"vKq5nPpHp10",22,325015,1097,426,119,2
"syc3xGNeUVg",24,324362,0,0,3142,4
"g6ip9W2-qGM",24,324335,1232,167,637,3
"mBAD8tWML7I",24,324143,1318,117,992,1
"I4mtqWAXT_I",22,323716,0,0,483,1
"3ZqI_qIeXJ8",17,323438,1686,101,1469,2
"9QDx-XVz4M8",24,323134,1121,214,159,2
"BZ5iSvMKm4k",24,323077,4823,1176,1228,4
"yKNAuiXPHbQ",24,323058,9220,144,13356,3
"2Yd2jLFkmzY",24,322905,23057,117,2162,2
"64nlRycM4sM",24,322766,1878,222,458,1
"cv6vpDLv8Y8",1,322524,2981,174,1385,1
"YWFzTUHYIw0",1,322319,0,0,873,1
"Q3cY3VlygSE",24,321961,2123,318,660,2
"qOoJP4hAvdg",22,321881,493,3117,1552,1
"4PVLJAdiaNA",24,321811,1824,292,516,1
"rMWBxtCpk60",22,321645,9916,387,1093,2
"oX8WlifQ-TQ",1,321584,3663,222,571,1
"bBU8gRU38nY",20,321146,4422,83,458,3
"sbwrWcigSt4",24,321107,1256,275,0,3
"HmL-7umRiRA",24,320906,4107,93,341,2
"xD7AW6nb8sw",26,320624,1322,110,744,2
"gI8K-a8EapA",17,320574,0,0,1153,2
"EXzn5LtNSX8",24,320380,1934,229,525,1
"Tr-Lp0U_hHM",25,320253,527,1773,673,1
"tDm7hHUOQt4",24,320243,2065,234,839,1
"q6JyWg30_9Y",1,320233,232,295,210,1
"Yaw4T0LjO7M",24,320232,4982,192,1137,2
"dL8PBdfUqlw",24,320197,2029,277,710,1
"xRrQUEhznkA",22,320010,12711,310,1701,4
"P_Bog0qa9Vk",22,319805,10955,320,2268,2
"FolI8jw_ZS4",25,319740,5023,173,33,2
"urZZLmnB0_Q",24,319466,391,248,127,2
"l3JhTmtR7DY",24,319332,1428,252,291,1
"QXgnN0Ry9Dk",23,319228,10589,1228,1847,2
"016FZtFXkF0",24,319212,10491,381,2114,1
"94PZm2QOqq4",1,318905,4840,80,2513,4
"Dih7FQUoDWY",22,318612,16205,446,2454,2
"3yG9aMsWQIU",17,318426,1601,77,1261,2
"kGixpCuKwro",24,318195,23953,227,2683,3
"tC_5IHn7PjE",17,318100,627,207,1803,2
"EnzRIkWBNeM",28,318080,9537,365,436,3
"iNCj6J0IHSc",1,317977,2205,109,0,2
"H17bsOVY3hk",20,317587,3431,492,1523,4
"uC0hb8jwPtA",17,317181,1126,80,306,2
"3zYHBD9WEcA",24,317018,2068,253,498,2
"zg2bFk6wnlE",22,316351,546,110,557,2
"AhXzUYPpJPI",24,316228,2932,413,436,2
"4N09MwLK9Sk",24,316144,2529,178,821,2
"OmwAZ4rWMKw",28,316142,0,0,0,1
"VDE6iz0J_1w",25,316085,632,221,1852,4
"gd_riOA4TcI",24,315716,1967,238,515,2
"0J5g9akomb4",24,315564,4444,270,870,4
"AfoT9zXXyBA",23,315050,3567,140,1072,1
"kUdP74nn6vk",22,314535,1246,161,332,2
"sBMOXHrXJtI",20,314397,24928,138,5753,1
"o9bvQs04PZU",24,314272,1942,259,851,1
"cene97fTKJQ",20,314216,19040,129,2145,1
"CpbBI8DL5jI",17,314135,0,0,771,2
"n-8RR2NVT7Q",24,314104,2170,277,965,1
"ijvjM5XWuSw",20,314005,1219,173,215,1
"XGHO7u1ROmA",24,313993,2127,931,721,4
"Tp-CcrvqYmg",23,313757,4710,289,1091,2
"63bdJ9U7qTo",24,313735,1709,243,504,1
"rATCPLFYBkg",1,313552,433,205,486,2
"L1OKHgG1Myk",24,313546,5130,220,1193,2
"TgWUjfv8Jac",24,313438,2928,324,0,4
"7uw4cK5s9mA",24,313377,858,92,166,2
"fgGu51rhlhY",22,313357,25217,1307,3563,2
"3ulGhyOq83M",17,313331,648,91,191,4
"L0yzo6QxNpU",22,312804,1386,566,1044,2
"5ugKfHgsmYw",25,312569,807,250,0,8
"I-z50_R078A",25,312541,4476,3194,1815,1
"qxXLzAKbuUk",22,312451,1621,242,613,3
"h-QyR2ZDC08",24,312447,21185,260,360,2
"rucWeEnSWeQ",24,312310,1988,330,444,2
"llI1rGWLjc8",22,311984,3890,191,1349,5
"kFUctEUNPAA",24,311919,6255,296,723,1
"HR3BEzIy2FM",24,311459,6797,86,578,1
"roAdokoB7G8",25,311443,626,121,744,2
"ksqzDJy0w0I",24,311116,0,0,477,4
"FW_zaCIK8dQ",24,311092,2273,112,711,2
"Vifp_f7J0Fc",24,311018,1884,300,743,1
"km3zPhBBrno",24,310675,2027,245,542,1
"hWkFOXIMeSU",24,310440,1850,292,436,2
"HRfkDx0vNLU",24,310434,8566,715,634,2
"Fqq7oaOYr28",1,310027,6315,59,985,2
"fc3khhUfgjA",26,309750,3769,665,1831,2
"tmeFDVlIRkM",24,309701,7037,575,1651,1
"9FJchd9610c",24,309612,9554,1515,2886,1
"wZZO94hHkkg",24,309448,6674,194,0,2
"NTZkASaP_Ms",1,309336,1336,179,257,1
"HkjpKDlBhdo",22,309199,1071,272,431,3
"RR40uxTgHPk",17,308940,854,96,249,2
"RW5ubJzXJyA",22,308869,1895,78,280,2
"VtZV_rFnI-4",23,308766,9573,227,711,1
"JBE8n_hQLmw",24,308373,2134,268,558,1
"zUzBfBqbSmc",10,307558,46529,404,4888,2
"sQ566bWzn9Q",24,307381,4703,458,956,2
"7A7mtKHqTsM",22,307349,577,146,656,1
"auU6Q-IW914",24,307033,3107,755,681,4
"WET0NYw4Cy0",22,306883,583,106,427,2
"pZBjDeG9hBE",22,306791,38233,83,2317,1
"UJjcZYB8on0",24,306716,1899,225,551,1
"0lYmE3OvKFU",24,306610,12662,674,1447,2
"4iJB52MX3d8",24,306415,2005,239,421,1
"0WBWuUPcq64",25,306224,5702,425,1923,1
"FlvZJaQJJvM",24,306167,9397,690,894,4
"BKyY5KEFfeA",24,306075,5803,849,1199,2
"3Fge0dJsL5E",24,305868,1977,244,468,1
"zetsrXQDlOo",22,305822,13652,48,1164,1
"4LQcKSUXv7Y",24,305327,833,435,277,2
"bAQaySk5hME",22,305319,603,83,136,3
"5QaQwPfdUYM",17,305190,557,124,564,1
"Rx7Qa_6jy7I",25,305035,198,507,232,2
"vocdA9b3jrQ",22,304918,0,0,235,2
"dWQ9xnGX900",24,304838,4689,929,1038,1
"5XTbQ7NERhY",24,304786,47065,229,3968,1
"6M3qan9Welg",26,304784,5038,379,1135,4
"fBLEHMuEgB0",24,304755,23171,66,1100,1
"5P8FGIm-G1c",10,304675,7350,189,1085,2
"A9Ytvx37oAQ",25,304586,725,482,642,1
"BQiLaOcUJqk",17,304253,2134,105,259,1
"RtI8iieSHqU",24,304046,25125,61,2165,2
"oR1S-dpifRs",24,303810,1919,247,517,2
"dVXOIs28etI",24,303803,1162,261,0,3
"WFeuWeX_9yo",22,303792,589,299,84,1
"j8XYKYO1P6M",24,303625,1028,81,228,3
"nvOrYzltjb0",17,303565,2787,290,96,1
"WaqzDZ_sauY",17,303120,0,0,631,2
"Ut2bntN5yYU",25,303038,4362,289,0,4
"kV9LDAdM8Ec",24,302835,0,0,1103,1
"SlmA7hqiizE",26,302687,3934,186,1270,2
"WQ1w8mMflAk",24,302618,1791,264,412,1
"328wKYcX-w4",25,302574,2840,261,1289,4
"WMohUX1KUhU",24,302180,2101,351,822,1
"AyczFSaoapo",24,301513,1963,219,606,1
"kZ_2qzvXYQ4",22,301340,14329,521,3339,1
"4hzTCrLr52Y",24,301257,532,424,189,2
"It2CfRszyjM",24,301228,1399,185,331,2
"ye2J__KE9Yg",10,300850,32066,105,4285,1
"hg_F7mbgZy0",23,300533,697,530,785,4
"GwgXf8gBSq0",24,300483,2016,287,561,1
"A6rEjurBTm0",22,300234,9957,167,1107,2
"8tFVbIB2Y-g",24,299684,5574,366,465,2
"U29bGfVe1sg",24,299514,7611,409,1934,4
"5FRmqjdtVVY",24,299139,2791,305,0,4
"mNYkYuqXXpI",20,299130,1313,267,1046,1
"fCdQuXU51Rw",22,299127,4358,328,983,2
"xrUyFajnnhg",10,299038,12462,94,1758,1
"wjOcGq-8EWA",20,298906,2808,178,0,2
"EqMvuruFap0",22,298877,2194,524,616,3
"by4dvoiTKGk",24,298272,4073,149,974,2
"D0tPnQw7aPo",24,298234,1932,245,546,1
"wzJanzRKWso",17,298002,712,334,98,2
"p03sAtyQrpw",22,297729,391,218,956,3
"SRodBfxrzuI",25,297653,5728,342,3551,1
"dDQCaDLi24U",24,297547,4916,285,865,1
"sk2BELF734Y",17,297489,2306,365,276,1
"ywAy4EdB7co",15,297478,0,0,0,3
"RkpRVJHBiBw",24,297398,2524,121,580,1
"5ejTW_t1qdo",19,297214,1545,1601,560,4
"0S83esTd-Pg",24,296830,1964,264,713,1
"5x1i7GXXNck",20,296817,2828,228,549,1
"197KsUdmlHw",24,296676,0,0,0,1
"ZDz89bDGT0k",17,296663,2588,288,267,1
"I8wqqsoc7b0",17,296617,3445,282,275,1
"XVoDXsSdBLM",25,296523,1739,243,0,2
"z7t2jzmV_Zg",24,296481,11295,789,1308,6
"_hr9e4hxygc",10,295879,21546,144,1223,3
"UMw6a--rp3w",25,295869,552,104,292,2
"Uhnt3Zx3Pck",25,295839,1691,52,289,4
"wqTKUetyoh8",17,295817,561,69,701,1
"kcBEbhEskQA",24,295793,1892,248,560,1
"vlpdt1CDN6k",20,295689,8373,244,1184,3
"Dqom0q8MG9Q",25,295414,1292,315,4673,1
"xBucxn04168",22,295383,652,173,488,2
"Z7Ohgfki3GI",17,295344,351,105,269,2
"fwGDFR8cYYY",22,295137,1954,586,85,3
"snZubQmMd80",1,295035,460,80,154,2
"QKSIlvkAsco",1,294956,1307,116,428,1
"OxSSjZfdLtI",24,294897,1372,319,115,1
"gxaSsFnndVw",10,294835,17916,68,2399,2
"2YVMusIxisY",24,294710,42182,87,4537,1
"FhhDuz3IpXk",24,294685,1827,259,469,1
"G-lbFCPqSQg",24,294388,1812,238,352,1
"kudU3Yg6u6I",24,294357,1771,208,529,1
"WUhVRjDgd6A",26,294266,4267,263,1129,4
"OEp06ESyDI0",22,294141,2404,161,342,1
"9-bqG9GAWik",22,293895,1168,221,100,1
"gFuke3IcoWo",20,293841,609,103,543,2
"ce-CtGjweJ8",17,293695,1703,178,426,2
"IXYXACcJV6k",22,293612,719,118,703,2
"ppmll25ye2o",24,293573,0,0,1309,1
"5klvj5IJWm0",26,293164,3710,154,771,2
"D3xQ_NS0Hro",24,292922,764,134,230,2
"OUTwo2YHhM8",24,292904,5109,663,262,2
"b1yxCAIAIA4",17,292879,550,84,557,1
"2w0nIfT7NMs",24,292867,0,0,1744,1
"07L-diTBXlU",22,292841,569,133,624,2
"gH92h6_0ICs",22,292796,1322,167,286,6
"_DgZvEhT6N0",25,292603,1627,420,718,2
"ktJD75eIAx8",24,292394,6506,543,1087,1
"NRiWmNkMJhU",22,292382,651,153,398,2
"giro4lA5X2s",17,292101,734,59,266,2
"Q-LstEBn8Vs",17,291997,8554,387,1190,1
"MCA-ryfQLDA",22,291642,575,172,517,1
"4R_KxwkDSYo",24,291332,1960,234,402,1
"t6B9dXU2Ihw",26,291224,0,0,0,3
"wJvHUwgmYYg",22,291218,10139,638,1679,2
"LM1yPMxxpYU",23,291211,3664,1373,453,1
"Q3B27Fk5b24",24,291176,1834,272,728,1
"Sh-VLZvTRRw",24,291101,1819,239,614,1
"NGK4JDla4bE",25,291023,1133,304,214,2
"bWkn12b6swE",24,290929,3623,305,0,3
"85VsNbU3FZE",24,290682,1846,265,408,2
"dPlIU0Y1784",17,290668,3616,410,191,1
"O4Uu33mM-iw",22,290476,361,107,201,1
"fJGF4jdNySA",22,290456,3431,295,395,2
"-8RpxwmPyqw",24,290248,977,631,192,4
"N9SktNidsy4",17,290079,607,70,104,1
"nGrjmchmCKI",20,289991,1149,80,104,1
"48bqj6TqVms",22,289942,709,108,663,5
"9BBEWAttaAU",17,289744,668,168,2046,2
"txFqPH6myWg",24,289649,1889,314,664,1
"h-Jd7YzY0dM",24,289514,7709,520,1027,4
"3mf0JocDqFg",20,289455,3807,90,582,3
"9TUL2YgWSuA",10,289384,3525,86,120,1
"D3u_8rQu4Dk",24,289290,5504,648,933,3
"D8M-qttl0qo",22,289278,24066,87,1112,1
"LUVSnqWeHHA",22,289058,11572,282,1682,2
"wWtSFCkWFBM",24,288751,7243,221,1924,1
"yhNa1qlVJJc",24,288591,871,160,892,2
"6yRoVNh_WKQ",24,288557,4409,244,1077,2
"lq8VJbb6ROA",10,288434,7331,178,1259,4
"tNyGHNHREJw",17,287868,907,2689,1460,3
"axeM4B-mU5k",24,287582,1883,348,666,1
"1IygE7B_J1U",10,287572,13859,65,1375,3
"X4HNvHl_uVI",24,287202,2014,290,526,1
"U4iT7C7JUMI",24,286805,4042,201,654,3
"M8VrA5Cr1TI",17,286770,1432,193,1009,1
"BV8PdcmirAo",24,286703,1791,247,547,1
"MbkgqfxHHrA",1,286350,421,162,69,1
"zY6x8jwiRQs",25,285706,837,378,545,1
"L94gGziIA5I",24,285573,1744,251,432,1
"u60UyEx1VFE",22,285486,0,0,481,2
"92bqtOUW9JY",22,285232,8200,190,801,2
"MdKVt9qFY-U",22,285186,9253,206,679,2
"TQKfw9FPWNc",22,285067,3278,90,475,1
"LwwqBkQ4c4w",24,284912,478,409,692,3
"lncNKGNb7pA",10,284328,31415,187,4734,1
"zYole14OSec",23,284224,416,280,164,5
"zw2hnph-Hvo",24,283869,1011,279,728,2
"TdjSPoS27KQ",20,283804,471,78,555,1
"W7WvkVjomoY",23,283773,2788,282,497,3
"5FK7XQecQkA",22,283735,1043,125,335,3
"EU7SPvQD-2c",25,283534,3912,184,480,1
"2ELmw10zaxg",20,283495,1132,356,1068,2
"PqGrwp5Hpyw",22,283427,1639,124,648,1
"41fBkjb3oto",22,283249,1421,155,629,2
"NzVlFiM9QEk",26,283115,4324,258,1124,2
"Q9Kgu5j4GyM",24,282931,1950,87,543,2
"9Hq4tDWaf-Q",20,282864,7198,411,1203,2
"qeh2zscThVw",10,282845,27027,123,2522,2
"_BNzjq1K-CE",25,282828,1901,199,886,1
"touUMJ5eLpk",22,282697,1128,147,501,4
"ZEZn7ks7jfM",24,282687,6042,399,690,2
"3_MldkHrVZE",24,282676,5529,932,1108,2
"04s9q9jC33U",24,282408,6358,419,751,3
"BuQoLYAdNUg",26,281770,3953,823,1335,2
"C8VFkqFvUl0",26,281599,3649,190,720,2
"P3mdUJ_g7vM",22,281357,18467,1230,3617,2
"D3aA_hungks",22,281082,3297,93,823,2
"xk9BeC-rlz4",24,280950,7793,149,905,1
"_i0MjnTNW3w",1,280943,818,65,166,1
"2-dwxRqvJ5w",24,280552,23275,129,1664,2
"roxq8B247qU",22,280325,2672,305,2283,2
"M5d1WsuvSdE",23,280205,3090,1488,414,2
"Mf5Tn9mgZn8",1,279814,2356,107,734,1
"Op81YCCo69A",17,279435,2303,352,195,1
"ZDO8jA7ypq0",22,279420,639,147,520,2
"KgDgNfpdaoY",24,279334,1906,248,524,1
"3S1S__DPJQk",26,279315,2420,567,485,1
"Ltx3IniYjU0",24,279140,1844,234,391,2
"ozX_E7HWRDo",24,279061,4186,767,973,2
"J54dAhwucZc",24,278701,6871,268,624,1
"by8Kv6VFQlI",24,278497,6730,187,548,2
"NC8NSmCnTL4",22,278419,998,281,348,2
"_2JxAvOxsyo",24,278283,3277,345,416,2
"peG4fLDWLmg",24,278263,3941,380,665,3
"hi451LbCihE",17,278262,1680,51,1247,1
"bGwVPsUvG4E",17,278067,0,0,757,2
"s6TQOF1GOa8",24,278002,3117,3777,1395,2
"s4nIstKAGXE",23,277996,1602,144,199,3
"DCtWyZtELAY",23,277845,955,63,89,2
"sC32d0BmcJk",24,277774,5529,231,488,3
"SA99B3JSCpU",24,277539,1748,68,553,1
"EqGBuBYFYUY",24,277342,1004,1011,0,2
"L5v6gtYr2KA",24,277199,7490,163,430,2
"9lEYTRUYlDM",20,277180,2515,222,834,4
"kTnay3veGIw",22,277090,12076,53,503,1
"jEtVBwT5MuE",24,276830,5468,324,577,1
"rQbYK_0Dpxc",17,275638,3052,255,392,1
"I68VYAPMvqU",20,275611,2933,266,0,2
"5-WYE1oVBuQ",10,275600,27437,95,2445,1
"pXlsOUDtfqo",24,275557,3364,233,0,2
"mzG4gNpVxcw",24,275246,453,321,58,1
"_3Ot4eC7Af8",24,275060,2162,2450,497,2
"y7gfpFzsFt8",24,275058,8321,158,750,1
"3h07tKnhkxg",20,274738,8617,299,1653,3
"P3EvfO3nJ5g",10,274678,566,51,272,3
"08A73Fh0JUU",24,274231,783,912,396,3
"10X-d55NQr8",24,274222,3344,1642,862,3
"k4JpvDHy_s4",2,273890,5550,693,4751,1
"SN_sa-BBugU",17,273653,2465,239,58,1
"ZKbxtFc-cOY",24,273594,0,0,0,2
"8V8eimC2Gz4",22,273504,21833,420,2533,2
"KtworwF8WVU",24,273475,882,185,0,4
"ig5K9po0Xew",25,273464,5048,226,117,2
"39PtKi3w6Dg",22,273080,2743,383,103,2
"dAdnoGG-p-I",17,272842,0,0,276,2
"1xRjsqTF3NE",24,272731,6730,156,600,1
"B1W_1vyoQvc",24,272270,17134,268,833,3
"Wz-n7g1j7C0",17,272239,763,129,635,2
"HiWMQHY73Zk",22,272115,0,0,823,4
"p3nMjP2wKPo",24,271979,399,706,335,2
"5V747QqYsfA",24,271930,38526,429,7211,1
"UU7GdCNQ2ns",1,271906,1318,93,451,2
"N0JdNszEfxc",19,271832,1066,87,56,3
"5goJ07oaZp0",17,271522,2326,210,348,2
"vdGb0zs4BUs",25,271402,620,218,346,2
"uMA9-iqz8tg",24,271283,15665,603,1494,3
"geOSYId6tac",24,271231,0,0,657,8
"zC8FEqOZAnA",22,270997,0,0,151,3
"f9Ggvq_4Jdo",23,270866,3559,665,559,6
"SLbT_t_PLuI",24,270659,10349,593,2193,1
"aIcqoRhTuM0",24,270442,959,479,294,2
"_wPl0zCDpSc",1,269280,1672,69,384,3
"BpPCXaiqfbU",24,269117,7459,325,613,1
"QnTFhkQ5VaM",24,269053,572,1295,0,4
"qa6CPOccDw0",24,268287,8660,407,1138,2
"I1ncIZRma5A",20,268181,585,72,935,2
"YzGFyHx9Z6I",22,268062,538,186,424,1
"QfIBCJbZtRU",23,267967,3465,2355,375,3
"GqRwBjP6BTU",22,267887,491,98,440,1
"rSqpZFUAAjQ",17,267851,913,128,677,1
"ZDujgEqEIRk",22,267706,17211,40,1729,1
"lB7jOVa-R4I",24,267044,8492,3104,1041,2
"LZVKkzUCXVE",17,266577,2307,265,572,2
"e6tN6Rxst9o",1,266555,3858,149,342,1
"2Dl1yDcukNY",24,266164,876,706,0,3
"jmidnDYxLz0",17,266127,0,0,724,2
"yKe7gAQp2iY",20,265912,10138,1001,859,3
"9ydvhr7ZORA",20,265876,3796,86,613,2
"uAMPIofeOjM",25,265872,1034,456,166,4
"1a-NzsWEtUI",22,265705,476,156,487,1
"3ueyyq8DTv4",17,265675,3447,423,486,1
"Mffuas-uWOY",24,265671,2238,82,213,2
"QlSZvnJ_dss",20,265444,7591,329,1872,4
"iZus8ipOMVc",25,265245,805,627,601,4
"Z9ikk8ni1a0",22,265241,702,98,244,3
"IX6AJH2_Uhc",22,265195,1183,56,78,3
"e2dqYM9nOak",24,265162,2534,97,472,2
"3dlj5Q2ReIA",24,265000,8107,211,553,2
"gxjnK7BH4pM",20,264997,2163,164,434,2
"e25CZhGchss",17,264856,465,323,417,2
"j-vWn-FcC8c",28,264718,45,306,20,2
"FIqo5jdnkOQ",20,264696,1293,159,951,2
"W1bDa71cLoc",24,264623,2308,90,0,1
"ciMdlj09NLY",17,264477,1261,121,176,2
"TZJUddJmEuo",24,264222,4579,204,1123,2
"IRBtciY6W7w",24,264182,5719,114,295,2
"gv6PhbLAPVM",24,264138,1734,287,439,1
"ShsQcRSWvMQ",20,263807,694,89,335,4
"QgA0OVG09eM",26,263638,1514,686,444,3
"buZHsS51-a4",22,263298,372,602,266,4
"TJ64ukzrJL4",22,263151,536,520,468,3
"uUjuzlsRrHs",24,263081,2719,1036,530,2
"XUbbZU_8VHg",1,262946,494,130,649,1
"KnKM17WdDoI",24,262881,946,233,0,1
"Hyzl_J54Nyk",24,262617,5650,387,501,1
"DJAdIF7xtD4",22,262554,0,0,641,2
"6dbEyGtJXIg",23,262326,3559,444,566,3
"x7bUzG40qHs",17,262306,721,64,612,2
"U5O9uZSBZH4",24,262252,9655,2231,2617,1
"PYKmAiqe2_Q",20,262136,9498,155,1104,4
"zcgp3zkDnfk",20,261566,15624,124,3112,1
"CnlOEhHb0po",22,261365,7838,168,1220,2
"BoEMKSXqS7o",24,261330,5641,335,560,1
"Z33yJCOOekQ",24,261013,25546,69,1653,2
"Vw4Hr-IKXGk",25,260826,2169,190,125,2
"q9PxtoocBDA",17,260584,837,58,155,3
"G2GdZsClQvI",24,260439,4139,176,903,1
"Ma6RTZaqlH8",24,260417,4904,347,451,1
"iVjVzHC3M6I",26,260248,3140,203,818,2
"yOGYeUfKbuo",26,260085,3575,305,675,2
"I4t8Fuk-SCQ",10,260072,8210,379,1866,3
"evKjcwLP_XQ",26,259916,3936,278,884,2
"2hFZdu7y_FY",20,259885,538,205,561,2
"JOd_OKGRM0c",24,259757,11718,356,874,1
"_wpkCeZ7F9I",2,259743,9315,481,2121,1
"w22yRtcXHzU",22,259614,1087,197,657,4
"RhsTNKxyx00",24,259414,14128,83,2207,4
"8oH48fm5-zw",22,259180,2997,133,163,1
"sasX2sDLTpQ",24,259162,2383,176,498,1
"wwW2aAPAAZw",25,259118,486,115,403,2
"uorHX7Xj5co",17,259068,8658,348,2976,1
"PozebhIoEGU",24,258739,2433,106,216,1
"jF5kDifTKQk",24,258625,3044,245,0,3
"05lR_m-zrtA",24,258262,20813,132,820,4
"liWV_fAu1vY",24,258131,9844,402,1323,1
"BSa-1mdVZC8",1,258101,364,156,228,1
"vSi7NGZQ-IA",1,257859,18557,50,2699,2
"dfTdmUO0RHw",24,257733,2263,125,105,2
"ZEM_703GMSI",25,257630,101,636,228,3
"AKU05n325Ck",17,257529,3513,144,462,1
"LPHzVgCo684",22,257452,0,0,618,1
"i2I0Kqz7hp8",22,257337,1513,49,247,1
"hXVOBSjROLk",17,257199,1624,49,1228,1
"CjlAa6Ycjxk",24,257186,0,0,745,1
"oPssiMN5M20",1,256649,440,183,620,2
"T9knX49K5FQ",24,256534,3060,237,0,3
"4kWbbAaQwQY",10,256390,14201,264,1634,3
"IrZmbipAKeE",22,256287,1919,147,311,1
"De55AjBNai0",24,256246,4123,319,903,3
"6A35oVEu6-A",27,256214,1574,913,383,1
"5MRH-yfgxB0",10,256119,21506,101,2204,4
"xMsT1Igpl6E",25,255982,2850,361,4181,1
"INqOLikGRTo",24,255896,13114,261,430,1
"VgCpWh5uVv0",22,255829,1007,102,290,2
"vd1TpS-NWnU",22,255828,0,0,0,2
"pW63zfIHz8E",1,255665,2000,78,0,2
"g3ygG_mIkcA",22,255460,1504,61,283,2
"LPiJsYf0SoE",24,255147,0,0,0,6
"8Ht030FK0-s",1,255116,3575,638,437,2
"rfZEWwubUbE",25,255076,666,146,240,1
"mZ-Q23hcDyA",17,255036,3062,134,851,1
"9joz0ZkJnEY",24,254836,6072,660,928,2
"wMuBXUS_4XY",23,254672,4626,597,749,6
"iz1Hxc6Qllo",20,254649,515,529,1197,2
"8tyLtmWb6xQ",17,254379,2265,210,674,2
"a0oTtHMu1CU",22,254330,1637,99,816,2
"QA6qbsJcgfY",24,254229,3298,335,446,2
"2hnYE_URTpc",24,253685,3990,150,710,2
"DVUvsxEOr8o",26,253604,2946,351,930,1
"fupAKFaLoAQ",24,253078,0,0,2626,3
"TtiiLl2wxqk",22,253020,1048,511,254,4
"nOphT8zxFhA",24,252758,1273,224,1363,1
"BBKKKxy6QBc",17,252611,1025,80,597,2
"RciVGPxmal0",17,251907,1562,138,813,1
"hWWlWt35rVo",26,251891,4793,224,943,4
"Vst5oCuYw0w",24,251890,3661,445,900,3
"BmJ-cjjJqcs",26,251828,2808,188,692,4
"8gBsKXhP3Lk",23,251781,8324,143,663,2
"STRJto2D-Wc",1,251755,624,74,133,1
"Vo9eO5t1Ik0",20,251604,3034,425,661,2
"ucIQuhW4UEM",22,251519,437,287,98,3
"nqCWV0R5ysU",22,251220,3147,116,825,1
"hmrKjDgVpwI",17,250737,2566,187,353,2
"CfuR3rvhdbo",24,250604,1434,101,266,3
"RNeyhWyQdmg",24,250557,5552,108,505,2
"UkoV2-koBUQ",17,250437,3645,282,684,2
"8ejI0_jUXGg",10,250361,49307,109,2235,1
"1REzG6oK7p4",10,250306,28006,211,3201,1
"WZ7RMirDIpw",24,250293,6338,643,608,2
"TFkd2_Re6uc",17,250218,720,106,551,2
"cSl265i7CPU",10,250188,10720,163,691,4
"gfFIpqm5M5k",25,250104,1574,132,560,3
"jqDSNdX12H0",17,250098,594,42,89,1
"uB0h-7Kn3Y8",17,249986,2178,237,298,2
"zsJY6W98wbs",24,249889,4420,255,500,2
"Uk44LId1RIc",24,249843,25995,118,1830,1
"By1wuPIuhx4",25,249792,545,936,1560,1
"Pivz_1rKYkg",24,249725,6208,201,1050,2
"rczkY9AIM7I",24,249694,2940,231,0,3
"5PEB5qZ-_Gk",17,249562,659,79,456,1
"8k3ydlmFPHM",10,249375,32966,97,4909,2
"lFTb71xwk9M",24,249032,2976,210,0,4
"l6OI4zUeOws",26,249010,2354,399,355,3
"dqkMUZQRNrU",23,248892,3065,5791,574,2
"Ggq9doKKB5I",24,248738,1525,479,339,1
"pMI1V-iiboI",17,248605,3593,179,545,2
"MMP5czHIiJ8",24,248569,8735,146,949,1
"AM7KcJ8Y_1Q",17,248263,2495,135,461,2
"HKxfM-MLHaA",17,248160,12662,544,1903,3
"8rTWEdmEshY",22,248053,30793,85,2005,2
"nSrO8ZFY6M4",17,247928,1156,132,720,1
"UvA3nvWMVCw",23,247194,3233,1177,701,3
"B6MZr2T9ISw",23,247122,8957,216,962,1
"t5zXlxBJ7Qw",20,247035,3657,156,103,4
"wdfyHTZvwac",24,247026,2675,38,0,2
"_us_tXQi7M0",22,247000,5076,348,482,1
"W7zNVjMKhq8",1,246866,745,51,253,1
"n8JDmu9lzkI",24,246633,4912,4611,1452,3
"BCEnHxq5t5g",20,246628,10542,209,2829,2
"vd5SIz-tNd0",17,246586,2271,167,272,2
"95RHbFuFdxg",1,246256,3173,142,614,2
"FS7Xg97FNcs",22,245901,7539,167,968,2
"icL2CMKWRuA",22,245869,698,161,1202,3
"Az6AzVdxWXA",24,245459,3324,675,1060,4
"FJvM7jNVSF4",22,245439,2453,71,447,1
"_R5rm3gFNBM",1,245122,1443,63,266,2
"nvSvrGUaRL0",24,245032,3020,222,0,4
"91u8DhTg9zA",23,244784,6703,386,609,2
"G-GR-8DshoY",17,244767,1350,50,445,4
"gie8n0ruxGE",24,244742,5110,501,1147,2
"E7MXkYrsrpI",22,244517,4764,67,622,1
"h-xXSVsWhRg",24,244442,7714,375,881,2
"48uMujAb6pk",22,244362,3029,494,499,2
"TJ5jq2-L9Nc",1,244329,672,248,131,4
"4Yp58Is1aBk",17,244256,812,187,222,2
"JlI51mWY4G4",22,244143,1112,190,339,2
"EpOru3MrP3k",26,244129,2700,292,655,3
"Mfu5q0qb2xE",24,243841,3927,111,1160,1
"J_qYwXk43I0",10,243635,27059,482,2732,1
"G9nhFG62jzw",22,243621,8255,327,1225,1
"w2P2Prvw_Os",1,243425,758,106,145,1
"eHoLu5vnXFs",22,243402,467,118,94,3
"FxR73NHGnws",17,243329,0,0,297,3
"ponoezpuE0U",24,243280,2990,681,605,3
"bwaHzmdaxfM",15,242310,7594,1328,6852,2
"S5vhdlDmjqs",17,242136,2158,144,256,2
"5GWq4EF2aZY",24,241815,7059,152,831,1
"2uY5Rlk5Tuk",22,241451,653,66,152,3
"YGAXEHyTab4",24,241373,191,457,401,1
"RFIysAlVk3o",24,241309,4422,346,804,3
"kd0pRBX5BVk",24,241259,12695,325,1371,1
"2HH49yh8GCw",24,241139,0,0,46,3
"IKHGAuNaGuA",10,240781,13279,67,774,1
"nzUmwI6_VQU",24,240555,1001,212,752,2
"QPeYucCeXP0",1,240337,4072,64,392,1
"UTtDzEpNMPw",22,240325,425,6248,1758,2
"2-caYDGaZnU",24,240184,398,609,360,3
"RSvNvmlVUP0",20,239823,1490,178,392,4
"k7fbAwMX24o",20,239758,5419,100,0,2
"FOv8tQDE11I",17,239660,857,64,159,2
"V3pmhjfdaXk",23,239579,5010,570,791,1
"RHzDr2lZx8Q",19,239439,3394,156,455,3
"sbBm5OXL-wU",22,239285,407,53,172,2
"QRZwE8S2sDk",25,239214,483,1362,1647,3
"M45-7fcdEgY",22,239193,1114,86,233,1
"FsHq5iZMlQg",24,239038,1377,400,155,6
"zP8MT8M1jl8",24,238854,0,0,224,2
"b4lUQiItfhg",1,238792,4465,474,684,2
"0RXgXGcrUvQ",24,238687,3405,224,0,2
"U12FamJXWps",23,238285,181,287,263,1
"RvCi-QBoGqs",1,238268,2644,61,433,3
"TD_o9_Wgnig",24,237972,744,153,255,2
"T3mgg7KcFxE",10,237783,30117,101,3103,1
"eW7LqZkIF2E",10,237667,54865,97,4873,2
"MopGUSWhXYg",24,237573,6966,123,0,1
"QTQ048DErEs",24,237533,5616,94,433,1
"MwgayY533hg",22,237513,7503,145,941,1
"kDPXy7bb55w",22,237269,7892,344,1687,2
"Mu4VhU5GeFE",22,237031,13553,53,761,1
"PnzfMe3twPk",24,236975,6255,269,1878,2
"wkwCdXgs60w",24,236894,3297,41,627,1
"WorQLV6cIT0",25,236785,422,1440,691,4
"1ODTtj_7E0Y",26,236687,4412,441,1201,2
"JiWK9EqfSZw",17,236643,1146,186,578,2
"l7GegDqqobw",17,236619,674,38,649,3
"Eona9I0UDTQ",24,236511,3519,945,890,1
"gUdDGIEywTs",24,236405,4556,936,1158,1
"XeTqLomGITw",20,236098,2264,471,812,2
"cXsRisc7Tgk",17,235540,651,66,302,1
"8L2UgTvuip0",1,235532,8530,39,413,2
"6t4-g26xis0",24,235525,960,67,103,1
"BAp9zGgQ84E",22,235487,252,108,86,3
"tLFUCNqTTMo",1,235196,0,0,67,1
"7Ekj9m88C1E",24,235154,1120,429,237,2
"6bOR36DhAZg",24,235137,2412,256,0,6
"L5aegmxAyto",24,234990,3184,203,0,3
"71jy28a1OZ4",17,234963,572,64,201,1
"rEkrS-QfKeU",25,234613,18509,108,821,2
"wYS9igiWjTc",24,234459,4608,267,753,1
"hMzhTMiAcUM",22,234453,538,119,449,2
"8QuigHLl30k",22,234323,0,0,617,2
"1xhNRG3XPVM",24,234274,3562,94,218,3
"1qfAx5HInX0",24,234140,0,0,161,3
"mck4xC73M4o",22,233861,8095,214,1177,4
"MkAv7-DNaUQ",22,233760,5793,2782,1479,2
"k8RpmJdSvaU",24,233611,2569,96,401,1
"C5FKtvccr3E",24,233576,1031,84,547,4
"7qnAjucYA7E",17,233455,502,85,73,1
"IIGYVrDsYR8",26,233306,3139,140,874,1
"YFxBXEEFshI",24,233220,2263,33,0,2
"SXDGZbs-pME",22,233090,4046,472,1746,2
"3AdKm4n_wfc",24,233014,373,183,223,2
"nkm5Ekv2GKY",22,232984,2226,181,766,3
"HeHf5BZbNOc",10,232640,4952,659,573,4
"cNixfKbZ5vs",22,232420,2528,148,705,4
"jBlqQh-CKWk",24,231682,5715,195,504,2
"bmQj-ORcsUU",24,231509,289,102,85,3
"gMNc0F68rEU",24,231377,6701,663,676,2
"pJyZBK9CKKY",23,231347,6967,186,895,4
"3aTqCkgIxaQ",20,231300,3573,1531,695,3
"lIxJA2PRLVY",24,231286,5330,215,1510,2
"vTO3jdmN4a0",24,231262,0,0,2181,1
"b2L0wKV9_PQ",24,231080,3008,925,605,2
"x5uEgKRp_Ug",1,230875,1051,93,327,2
"3NEw-56fw2g",17,230844,2195,184,381,2
"EBK5N6al6bo",25,230830,812,820,762,2
"VOyNzn9JkW0",24,230815,598,107,318,2
"OAbAFgheKRk",25,230692,0,0,2603,1
"6UVYoyLwL-Q",24,230562,4016,343,830,3
"ThqM787fU2g",20,230228,7578,147,1559,2
"_DhRUhJVjcE",24,230227,1718,330,238,2
"ArftlM5UQ4s",20,230137,1217,146,619,1
"cNcyp6p7ym8",10,230096,10592,208,0,4
"6GRGfIQQPQ0",20,230009,3023,362,238,1
"hVdxPXBGOX8",22,229947,4961,426,424,2
"7XdZ-xdyiUw",17,229899,934,96,139,1
"zpolLN-Z_R0",24,229853,2607,459,1261,2
"Nd5Hvv3nhLQ",22,229780,0,0,721,2
"QNEiSnGiz4E",24,229280,2109,148,279,3
"1HU1wNZwNOg",15,229091,3968,213,366,5
"HhoATZ1Imtw",10,228814,36549,526,3229,1
"1r747hkB51s",1,228627,164,538,108,1
"GK9aXTnzOt8",1,228568,3741,103,532,2
"C29IiGNM9Ms",20,228434,609,420,36,2
"nx6Lkphzc9o",24,228387,25369,112,2595,2
"hm4jsqdQWDA",24,228364,6942,167,732,1
"wsvyhIt1oRU",17,228283,514,86,507,1
"eBIPw6VMZTQ",17,228177,2201,131,200,1
"xBpjDxXoQKs",17,227944,2499,189,359,2
"Ns6PSpxty94",26,227924,2650,169,1047,2
"JFaqWgoSXAg",26,227877,3248,152,1011,2
"CS57VbA4CEo",24,227803,7029,55,199,1
"t0wcAdMIxv0",17,227647,1919,328,547,1
"WpUDA7z-bww",24,227530,4172,228,421,1
"oakYhogk1ys",1,227147,646,361,134,3
"fuA9IO7ArTY",24,227002,902,285,840,2
"5ETmhY0hKDY",24,226528,1248,871,258,1
"PGsrC3AkB5I",24,226490,2477,172,0,3
"9quMjVhdix8",24,226403,7209,171,736,2
"gJvK5AXt7BQ",10,226330,17711,173,715,2
"o0sIC6MqkBs",24,226194,330,106,111,1
"OV-t8_nb010",24,226028,3274,144,1028,4
"mSz5BAPUqRk",24,226002,14193,75,1399,2
"rpXyQ9KJ8o8",24,225856,726,117,495,1
"eZDDyHpxOvE",17,225835,777,46,239,1
"LCWDcUr30R4",1,225831,2119,116,539,1
"Zbj506-L0VY",24,225779,2895,461,445,1
"D79abSbJ7MA",20,225432,4173,148,133,2
"NKmrfmZELpo",24,225256,641,132,472,3
"utn7ZOYm4Tk",20,225175,5465,1354,2029,3
"kwAgjGzt5io",1,224918,0,0,154,1
"e63HYn6T5xU",24,224799,3422,205,472,1
"nJ2oQg7_mL8",24,224620,6053,301,1327,2
"l5vcgT-Ud4c",24,224523,3159,334,1233,2
"c7LmXLWJ_p4",24,224342,2832,322,396,2
"HpOpwUAFne8",10,224125,2773,106,288,3
"U7pzUOdzYYk",22,223959,321,291,30,4
"VuHmHQuY0vg",26,223951,2681,171,468,1
"qHI7HwvOtgE",22,223808,14314,29,581,1
"pzOTZNs2QPo",23,223807,2044,250,548,1
"iDQAhf1bcDk",20,223693,4348,484,806,4
"uZRsR16WXHU",20,223654,833,415,254,2
"J156zfTzMTM",24,223565,1714,35,154,4
"gJJtbwH5Cnk",22,223424,1773,140,494,2
"0uxcSn1_Br4",24,223413,941,40,176,2
"aCdP9Q8bOjA",25,223310,703,167,282,1
"605STbJTJLw",17,223289,2537,195,228,1
"yI7tUOXzEv8",24,223179,4523,236,381,2
"9iadxqMA3MM",24,223161,5640,385,1712,3
"WJW7kS9AAI4",10,223113,11407,155,1137,3
"JPHcwPAgC2Q",24,223085,650,377,131,2
"_7xZgkB92eQ",22,223042,8114,467,977,2
"wrzNa91Rj44",17,222982,2134,166,247,2
"bmRWJi7I6bM",17,222956,2701,164,288,2
"Wfs4sMz3qYA",22,222902,1811,42,178,1
"ucPIRHDzzjw",25,222892,367,142,0,1
"jDXReZXvEyo",10,222878,7300,166,504,1
"SXB2D4eKn6U",23,222857,6109,828,1494,2
"lpcm0TTbDlo",20,222601,4215,123,202,4
"xXUvXfu4hW4",23,222583,4169,168,2089,2
"Pt9Udk0lZLs",25,222537,793,147,0,1
"-09XygZcXEU",17,222510,2038,149,219,2
"di4aRTNqq3w",24,222393,634,132,368,1
"po-ErKKIFSY",20,222254,9000,205,2054,2
"MqTkG4kQ5OY",10,221974,3245,99,191,2
"dCr_CBaimkU",24,221927,3423,323,561,2
"35YNxsfn3e4",1,221618,1109,48,494,3
"VboIH6rjqc0",25,221481,1166,295,1505,1
"b-Ma_fd1aXg",10,221387,13860,64,1084,1
"Zl24fQxQsXc",24,221280,870,97,0,2
"WA4wc7qGSDI",24,220703,2638,162,0,4
"DVpiaiHzUaI",22,220606,511,77,372,2
"zL4bwOwcdZ0",24,220415,2454,437,1400,2
"4hSEZdezI44",10,220391,12113,76,1050,2
"_cszF0F0DCQ",10,220252,28939,109,2525,2
"pZNy0M1thKo",24,220196,10060,355,1563,2
"uSAZaLTwig8",24,220150,3021,151,528,4
"iiSw7l62A8Q",24,219830,15330,55,774,1
"SSBTASzEHvk",17,219811,0,0,737,2
"nRWY1e-qlag",22,219654,663,79,354,4
"9gsCD-pCDkw",22,219622,544,289,256,2
"YqZZhngHOYg",23,219540,2960,419,481,2
"oczgr8WS0mY",24,219409,2267,195,0,3
"C6djYW9Z-CQ",17,219090,1342,113,269,2
"NckwzCbhOL4",25,218924,794,162,1393,1
"Ea7_RbMGlz8",22,218626,594,69,242,1
"Fylkw0SuTvE",24,218578,0,0,0,3
"kb1EgOEIhpM",20,218561,1183,159,663,2
"iyxyrKZQf4U",22,218352,1308,47,365,1
"CJsOuGOB2zs",25,218240,2388,262,504,1
"BPs_wtbHIX8",24,218191,2166,42,99,1
"CPo_NSjSGmE",17,217989,208,212,45,1
"iJlGyJlC3Ew",22,217780,5496,1418,1399,1
"4F8JIGLjv5M",10,217778,4279,502,582,4
"SMhzPbbm_cI",22,217452,6352,396,819,2
"u00PVXrrr3g",22,217411,520,355,1469,3
"XIcYLpv5PYs",24,217405,3819,256,693,3
"9rzpRDd1uIo",17,217371,0,0,581,2
"9kt0TxkHLiM",17,217224,1949,191,373,1
"MVy9ifSaaAA",24,217197,1030,49,149,3
"LBDYzfrEt7M",22,217186,2390,252,103,2
"NwG6JyAcT9Q",20,217151,8038,113,1386,2
"_bGpKC1SON4",17,217081,896,43,298,1
"2H28hz49v4Y",28,216930,6163,617,1960,2
"tcir-m7YtoM",17,216871,2577,241,526,2
"2G-QctJO0CQ",22,216548,1392,86,704,2
"psPNWynP368",17,216307,504,130,287,1
"tNpFtjUzISM",22,216283,379,100,336,2
"2VROWb1cPg8",25,216226,2053,214,675,1
"lak76KUMECI",17,216073,2546,186,504,1
"IIsAzdriw30",22,215986,26107,372,3795,1
"ZATNgQemoXY",24,215804,1368,46,77,2
"FURma41vYvE",15,215527,1141,82,2094,2
"YoF8Hyf2woM",24,215398,2550,614,426,2
"_YkM4EKIWRk",20,215338,2171,67,639,2
"w9YcY0Hg5nQ",24,215327,0,0,3296,2
"m-WHx3hOSJU",24,215323,804,93,697,1
"4nS2EUaKy8E",17,215291,2417,156,320,2
"5842hB_KUM8",23,215278,169,98,144,4
"LXbnps7D0qQ",22,215185,420,108,376,2
"cI80byDoHNE",17,215063,3587,188,321,1
"K8Z-ODJckfo",10,214665,25348,94,3416,1
"YmOSakcd0YU",26,214358,840,152,537,1
"eB9FGIrFC7o",17,214328,2035,150,295,2
"9lMFV-8Au0k",22,214137,1181,144,531,2
"SJJs2OIj3ys",22,213976,1448,128,342,2
"buHwswMJLMk",22,213889,679,115,148,3
"NS3Klzo839E",17,213800,1997,113,217,2
"eQQTwQ516M8",26,213654,3389,251,1467,2
"ks_BZORn8IY",22,213498,0,0,0,2
"pqjxDfqLPPI",22,213220,1130,48,176,2
"OuF0bMuTwXQ",22,213143,481,119,607,2
"7NWofBG3fcM",25,212843,652,225,257,1
"m5yfCeuQuB0",22,212740,263,25,94,3
"140DoLm6I0E",24,212659,1806,335,487,2
"KOuVqe6B5nM",22,212589,0,0,900,2
"pz-ZYlN9VJc",22,212433,5356,168,842,4
"0sQlop6opdk",24,212380,585,258,159,3
"eP57_Zo7vKA",17,212299,506,71,0,1
"BXoUZHX3JQM",24,212294,5967,130,1393,4
"MvjGGeO8asQ",22,212261,1637,48,223,3
"U98yP3rXYYQ",22,211897,88,449,0,3
"4pSVlHN9pKk",24,211817,2301,303,489,2
"R6Z1kKmCQyk",24,211716,3386,313,589,3
"tg3qdfomLUo",24,211623,2558,236,0,3
"ndZEi8w-ULc",1,211602,938,49,217,2
"s3OoEAJkxoc",20,211547,8209,167,2475,1
"LvXR5A5TAw4",23,211464,3510,317,566,1
"oEnZzduQb-4",22,211327,1160,181,354,4
"o9nd7fouUFM",22,211221,2616,84,679,4
"AkmYdIXOBuE",25,211158,1456,81,1273,1
"G27IGtE8C00",24,210743,4836,87,587,1
"XPBZspgVGcA",17,210480,1602,423,307,1
"mRF4flRoklE",1,210464,1426,49,256,2
"fdp_8QCm_8A",26,210424,5432,218,927,2
"JV3axInogbs",23,210358,2602,262,333,2
"64Riq8Xg8mw",26,210243,3206,102,1168,1
"58jMVs9mPbw",26,210241,6088,442,1244,1
"jWsDyoFwHBU",20,210222,6498,239,1226,2
"VKQ2UvqQ1ts",24,210187,2507,473,632,2
"FBd6KME8EuU",10,210160,12658,107,997,1
"77cjCgXxoGM",17,209846,2054,191,257,2
"Dhe2jBx7chw",1,209839,5176,58,749,2
"D7GUt_swi1c",20,209825,646,175,687,4
"MuYyXkMVb3I",24,209811,9466,316,527,4
"dDmV7hnskEM",20,209696,6283,55,863,4
"XnSdt-5qjaA",17,209641,2086,137,310,2
"i8zi_bL3a2Q",26,209459,1552,93,414,2
"uZx-8QaF488",23,209281,161,109,62,2
"YD81VwGvUBc",17,209192,2370,128,371,2
"M4wpT_UeCHg",26,209062,2581,144,669,1
"Le6zVKHgn8k",24,209001,13693,153,2198,2
"0dq3B5_YsuU",15,208995,1938,127,196,4
"t_JFyUOXfDg",22,208960,455,257,1062,3
"Ta5CLSebSVM",24,208903,2699,243,657,1
"v_XhjwlzFp0",24,208662,14582,599,1578,2
"Q2e71rS0AmA",22,208658,1586,215,1470,1
"2mnM7alUTZo",26,208589,3725,573,963,2
"pYhYpisG9Yo",24,208496,6074,99,613,1
"RPpiOKIUBq4",1,208453,3119,138,887,3
"39Es5b2nRE0",22,208408,510,75,114,4
"wzvmvESzuv0",1,208397,0,0,0,3
"Z7cj6R1KXbU",24,208256,1852,107,480,1
"JOgll6OOyhE",24,208022,5703,298,839,1
"zA-X6hujBxU",23,207984,3179,104,420,1
"9Tmf1_TCiH4",20,207951,1017,164,436,2
"CW1mnIaE28Y",20,207765,7258,204,1292,2
"IxsTzMOVz5U",26,207682,4685,320,632,2
"h5isK6A2giQ",24,207610,2241,151,0,4
"3cssiyA8PNI",19,207604,1815,377,411,2
"VRMf3WVqhZs",17,207263,953,53,0,2
"PoWsYD9usik",24,207016,2193,87,689,2
"f1NZ15vKZ7w",15,206954,2657,65,195,3
"1S9Aki4jzbc",17,206930,1826,148,1266,1
"MeCkrwJR43s",24,206918,409,117,305,1
"jDiwMwmpmJw",24,206876,3876,69,420,1
"DyZ_9Io7o68",17,206702,352,108,34,2
"DGKGT91D9dI",10,206641,8244,235,1642,2
"SmlKCN6jIhI",10,206589,15601,48,1300,1
"bvDKX3hXAXY",17,206447,1941,124,256,2
"IkEoFQWL-_o",24,206444,4689,177,1301,2
"uvftQ7Wb1X0",17,206407,786,131,605,2
"x_ihPn9QZkU",22,206380,347,116,151,2
"3dH5Ur945wg",24,206321,3417,340,451,1
"DrWwemK_wlg",24,206170,712,151,660,2
"tiE_A8i9Obs",17,206121,1960,148,538,2
"2uQYJSGukls",24,206032,2597,99,539,1
"3Npgh9yGULU",1,205895,363,90,216,3
"qWDrnp365zs",17,205681,2243,238,142,1
"fCLS007V4wg",24,205673,4536,243,935,2
"bFh6jkI02iM",17,205668,2007,128,424,2
"b47jpIlKkZM",20,205321,428,51,499,1
"scv8llYjSPw",24,205300,409,301,0,3
"8ZwjeH8tE_Q",24,205080,2675,5302,823,2
"-T5R-8bDoOM",24,205013,2383,371,382,2
"vn4mcriGtIU",17,204852,2019,104,210,1
"9u1_Zx_iHeQ",22,204472,380,428,228,3
"2r7aXvx4-Ps",17,204416,1842,165,296,2
"oqxiUSFkiog",24,204250,114,611,295,2
"ui7PNPjd4_4",22,204152,481,82,346,1
"DVwQuiocBeg",24,204086,1667,88,1146,2
"XvS2BdRQwFk",22,203804,9885,76,1212,1
"rzBfO0TH7uc",24,203728,942,149,492,1
"FAC8Q5rfZFM",22,203705,351,54,292,1
"xd7pqXMTIKM",20,203462,3271,229,536,1
"_UYBVsaz9Pg",22,203132,1966,54,206,2
"2_Cwn6nVZPQ",24,203061,3250,112,938,1
"8PXg3YHr3Qk",20,203047,2585,105,1265,4
"W9g0-vPBkXc",22,202995,9087,50,385,4
"4UWMXpff9lY",24,202964,969,240,58,2
"A14vg6t3DFU",10,202927,12124,89,855,2
"n6wxDoAs6_4",17,202917,1916,172,311,2
"XMiKncybs6o",17,202680,927,48,308,1
"5DuawbpYUtI",25,202637,1388,143,0,3
"gqoo27ZmJS0",22,202612,9568,167,952,2
"BTqi9MbJBYw",22,202575,1891,117,396,1
"nVVhv9yz9Lk",20,202555,0,0,0,3
"JiP3E937kXo",1,202541,992,128,0,1
"7HEkC-QyW3I",25,202356,988,84,0,1
"fjF6Z-nwRvE",25,202238,876,91,58,1
"Hws80za-8Hw",24,202211,0,0,0,4
"HlmNZ-Lrfhg",24,202037,18778,122,609,1
"XYSyAjLjcUA",24,202033,605,207,125,2
"G-jCLu-J8IY",23,201967,3580,616,899,2
"u6gkHv_bWQo",22,201714,157,273,60,1
"GVNS-bsbIfU",26,201600,1991,55,0,4
"RPUtX6LowhU",24,201477,71,487,2,2
"sx-8ZzzO1E0",24,201413,2614,243,492,4
"chLW51kMU8Y",24,201319,2759,364,424,1
"9qDeO7cwNpc",20,201302,1419,483,660,3
"a6WwzDjKXDU",26,201231,2144,138,592,1
"c9X4B0xK2Xs",10,201153,17933,53,1259,1
"M6m2YYuDpG4",17,201057,1434,71,55,2
"HJajFH_b13c",22,200776,466,670,918,2
"aXs8jFCC5xo",10,200742,43655,52,3878,1
"fSaX3rO7RDc",20,200627,9593,136,2796,1
"LU8v9aVj85s",1,200480,1497,117,242,1
"6I_iZoA0zeU",17,200298,1628,394,265,2
"bkSEd5CGSoM",24,200264,2581,35,140,2
"r9t-HA_Yn_4",20,200258,1196,173,477,4
"ATl3ardB3r8",17,200155,1791,200,231,2
"BtmHI3geBFo",10,199948,3401,104,712,2
"fXs2kY7j6Dg",17,199908,2032,109,262,1
"LyN5lUoKYE0",17,199823,1860,168,167,1
"CdWYCuuptoc",24,199777,10850,1156,728,2
"ODLQom_p4CI",24,199525,281,554,305,4
"tbYcgIfEh70",20,199479,582,60,514,2
"UGfyTw1LwB4",26,199337,2312,230,494,2
"WaTQ5fmRir8",23,199121,3053,361,287,3
"Fowa0qJV9YM",10,199118,11619,105,1248,1
"H51e2epBeog",24,199117,3193,126,523,2
"Gy6SDZjErEM",24,198860,9540,52,464,1
"EOGPnfA_tR0",17,198830,1623,234,206,1
"aZvx3XDM9Sc",24,198738,654,212,278,2
"k4ZFZUeTjmY",20,198734,2153,429,2110,1
"7pZQhtjM6Xo",22,198697,5195,350,1479,1
"7BYhny-qbas",20,198655,10408,44,1454,4
"B1au0smbXAk",24,198554,3106,385,436,1
"wC9qcOZ2W1E",24,198475,2742,887,684,2
"KqtWo-4A0LU",22,198340,527,886,1979,8
"yoVF8GqzTos",23,198247,8585,201,471,4
"iIisa8Sa6CM",24,198018,5255,191,1261,1
"kIJPykEKl_U",23,198009,4482,357,785,2
"HSPjbJs_Qlc",24,197959,1451,98,1176,1
"n_85Vj4uatY",20,197860,538,125,128,1
"pGz5N0t9QKw",10,197818,7105,337,572,3
"ZVCxuiErSsI",17,197807,970,62,553,1
"7xhG-ZLUvsY",22,197768,16695,318,2370,1
"Y7AS98EBOMs",22,197515,996,2579,3475,4
"4VnbFOBQ33g",24,197394,725,158,268,1
"CFxM3Lks2x0",24,197344,5184,396,917,2
"UoKYYelgrF4",17,197246,376,45,178,3
"iicXm9WVVd4",20,196868,2212,26,424,2
"YTsDiKIdmug",26,196747,2925,187,817,1
"jkySaYumzTU",26,196394,2410,311,705,2
"mXc8nn1rcQI",24,196031,4328,263,1457,1
"oiD-MXS8N-M",24,195983,3037,164,418,2
"qXzE-1Wm5gE",22,195935,477,681,420,4
"1JBPpdxwWjE",24,195915,328,245,77,3
"HE8hfXtoMYw",17,195751,370,420,56,3
"uX71i4gfXU8",24,195704,2690,309,538,1
"7e_ASuJ1oDY",17,195570,1377,50,0,1
"q3XSxfXVXX0",1,195546,708,31,126,1
"7f9WQ5tzCHg",2,195506,7073,173,704,1
"vlh1jD0COCw",17,195296,1826,142,254,2
"JwPY13jAQ5U",24,195244,0,0,131,2
"tNFx3jRnYgk",25,195154,371,139,159,4
"BgLYnE2LGGE",24,195104,21225,91,1441,1
"FttfBGQawfE",20,195072,456,255,130,3
"7ru2lRQoMo4",24,194991,6292,70,691,4
"Y5FDT5tWsGk",24,194904,8585,116,1545,2
"An2909pNCe4",24,194888,4755,2001,0,1
"b80wZ5YCR5M",22,194781,1083,55,292,3
"pjDP7HEo1Fs",17,194695,1965,103,272,2
"Bv4wGbOwq9U",24,194429,4611,243,1185,1
"DMAtyNZkQf8",22,194402,0,0,394,2
"Y_SKxfKTH10",24,194327,2841,153,0,2
"uiYon2Zg2Lg",10,194279,16501,276,3549,2
"CxntOA8anbU",24,194266,2987,707,863,1
"54v9oVDjhnc",24,194224,4167,1224,737,2
"h77yk2xRmmQ",24,194200,6363,184,949,2
"BCWdaGJ7OPk",24,194187,328,522,56,3
"DbauGAMRNTA",24,194184,56,313,15,3
"HvfWFbbcEeY",22,194000,0,0,421,2
"lRaU75W_de0",1,193988,1262,30,291,2
"7W2Xwtrlmqo",1,193985,10053,77,2030,2
"NPYJFtMO1kc",17,193898,593,2115,0,4
"x2RtTqIF9Kw",24,193816,1303,274,248,2
"7lhRoSe-POc",17,193781,1814,136,238,2
"bWwpAT4esfw",22,193758,332,73,263,1
"qNknhEW508E",23,193689,3568,535,774,2
"d23rncqyoWI",17,193687,1910,152,304,2
"PlGR0atxQuo",20,193663,5933,174,1101,2
"3IZJ5_1hgW8",22,193639,5215,61,232,3
"OIDfjdGERr8",22,193593,0,0,53,4
"zSRdKb_NbBs",24,193559,463,485,253,2
"b7_WUdjVm1I",23,193449,4153,319,582,2
"gliRccZmTU8",22,193334,2245,426,495,1
"XMd_D2sFInQ",24,193159,2618,314,534,4
"iyNT0G5SnO8",24,193060,2548,273,629,2
"DXWbq29irto",20,193060,7071,109,1622,2
"GYhuEYURNIg",23,193053,3708,250,298,3
"ioGBaVRmBbY",24,192933,5154,561,635,2
"XOAoWG8YETg",23,192923,2183,2324,700,4
"_gAb8vXq9uc",25,192845,1445,115,446,2
"Oo7WSXyio18",24,192842,2406,189,660,1
"fA2L-N4YQd8",2,192819,4176,123,529,2
"xNWx3TnAj7o",25,192782,12822,380,2192,2
"m03pB1x7stA",17,192593,504,85,91,2
"jFE7Wo36xj0",22,192448,342,162,1056,2
"y6CQPcO1rC8",1,192370,767,67,99,1
"D2Vfjll-kc8",26,192267,2342,212,647,1
"3LhsWcQOHQ0",1,191975,514,36,290,1
"hPq5z7SFksY",24,191935,1351,44,467,1
"FHig_dxu91c",24,191916,4932,412,752,1
"BBhWA9fQmX4",24,191892,3426,224,1012,1
"0tXr2OyHks4",24,191741,3592,227,434,2
"VgYUkbAWDtg",17,191722,1828,195,222,2
"JJHsGXj0IxQ",24,191692,3662,167,0,2
"qwQRIKW8WNI",10,191680,32564,57,3890,2
"w3QJ1JEWxK0",24,191581,833,359,241,1
"NlSlrXit9VM",25,191570,386,117,140,1
"jSwdJuajj0c",24,191519,1896,714,471,3
"fV9xDKUR_j0",23,191481,3318,317,403,2
"06SF94V0PXU",24,191432,6182,236,1144,2
"NsWMoh_W7tc",23,191367,3573,322,488,2
"U9yQxd4c7PA",24,191352,777,1993,983,1
"Ub-celRtRdw",24,191336,1955,309,439,2
"XWQwLs8Edwo",24,191181,5899,1035,1891,2
"Xoh_BETXeQw",26,191099,3592,477,594,2
"XJFu0oJwdpw",1,191091,271,195,257,2
"AKRABZOES8g",25,190978,1236,164,589,2
"yK4z86yAHbo",24,190950,7014,214,2164,2
"RnfgV3gwLww",1,190931,2668,30,239,1
"H-R3OcCWThw",23,190917,2867,268,641,1
"A85JlhCIq90",17,190906,0,0,314,2
"QHUj71CF7EE",17,190786,1744,176,186,4
"rGCqQedol9c",25,190737,720,177,698,1
"Zde0qt1kGPs",24,190684,2303,55,470,2
"ZFvzd9dKndA",23,190545,4756,133,658,4
"zbyrHFUKdVA",23,190543,4895,274,658,2
"0C9OmDduLC8",1,190140,1148,52,390,2
"THMSgJ4qka0",17,190102,1148,60,429,1
"1lXyObmE6YM",22,190020,6897,179,185,2
"dqYLS1CwXug",24,189968,1717,1174,679,2
"s-gcNsMzXmc",22,189947,715,40,125,2
"DOo-rBRzJn0",24,189834,558,334,145,4
"ze7lZVw0Z-I",24,189795,2894,2769,389,2
"3hM6GzSrkAk",15,189644,2969,194,580,2
"xIATIua_AeA",24,189526,2533,34,0,2
"6FyPW9nhEAI",26,189118,2916,173,584,2
"bvQGXkB6FNw",24,189098,2796,81,619,4
"iBQQhcw7XHI",24,189096,2457,1307,494,2
"KMVlmP38bZw",22,188919,181,69,65,3
"xW7eMmxZ8UY",22,188854,324,235,50,2
"mrjR5zUuiYI",17,188719,448,73,172,1
"bmp2INFb03w",24,188647,7729,296,1256,1
"fc_nP1QSpqY",24,188643,7779,802,1847,2
"pOdym5AFdxU",22,188517,367,113,491,2
"1Q3b-g8VvR8",24,188512,0,0,0,1
"61lVZzo5cP0",24,188458,1045,148,122,1
"hfkcrNDmd9I",20,188346,14683,79,3037,2
"VuXPnu1tnsE",24,188215,12772,76,1084,2
"qQNtko6yDTk",24,188032,917,1521,243,2
"gW1GzBder-Q",17,187674,1635,159,296,1
"6qFv0_1yzqc",17,187555,1619,129,159,2
"fBAadeCruE0",19,187532,1533,923,505,2
"vcfgD3Ek3Og",24,187459,5529,153,1680,2
"xxHEWVHzn0o",24,187338,0,0,43,1
"1Rr7bXwFZeg",26,187307,850,138,434,2
"9CIA-fo-JZU",24,187302,2867,4044,773,2
"eZucXtQC6lY",22,187289,255,105,32,2
"AbRQIwGBkJQ",24,187275,1126,160,379,1
"VfFspwsplKw",1,187179,825,43,581,2
"b2999LqNlgI",24,187091,704,281,89,2
"gRWd2DRrHNE",24,187067,3819,191,611,3
"g3e9iJXqQhQ",17,186998,1662,155,154,1
"dfbmQaVrSCs",17,186881,1061,467,1470,4
"uD8f0QHfomM",24,186600,10246,66,1583,1
"l632cVcw2bo",24,186589,1048,91,376,2
"LsiOAeewM38",17,186147,1655,106,232,2
"jlN5l9naQ98",22,186047,415,169,110,3
"UaGK8MCVZyE",24,186035,11987,710,794,3
"zwGeT4fuOr4",20,185962,1163,145,103,2
"sLog7D3obEs",23,185844,252,97,429,1
"RyrScnDQ41w",25,185838,935,69,0,2
"9_JR1YG5aVM",20,185706,7419,76,2485,1
"3VwEViNik1Y",1,185687,1291,44,430,1
"etj9wfxFHpE",22,185686,0,0,401,2
"rWL-v1H6WS8",25,185629,265,394,0,2
"x0yrxWM6Uns",25,185620,710,75,42,1
"1taXVm1Cp80",1,185591,574,151,107,1
"iNxBxn2g8GA",26,185584,2671,108,875,1
"TyHlQvK-KT0",17,185444,1248,81,530,1
"HVhR8TkyrVk",25,185427,908,104,174,2
"WFhFNB1a5ns",22,185395,2760,131,335,3
"Jk2xSclXb9U",17,185362,2001,145,294,2
"puv4Rp198mc",24,185327,6289,403,820,1
"L5TCg_zNOGc",17,185303,396,62,259,1
"8NWWz68Imls",24,185150,4202,397,922,2
"rN5oTycwdM4",24,184995,1546,30,61,2
"tqOWJtvZ5lw",24,184837,8832,37,862,2
"O24OqVMBg-w",20,184825,1852,140,383,2
"LUTHfKLY8vg",26,184819,2906,164,641,3
"x4oRlQ_UX1A",24,184768,5041,120,596,1
"oiAo6wCX_CM",25,184754,143,886,0,1
"okNii9OVSLM",24,184726,1427,63,418,3
"wYCGrURIOLo",19,184676,2169,190,492,4
"-4sTmNTKmGM",17,184658,1677,94,306,2
"bwSQnX_yqt0",24,184561,2150,330,249,2
"5KCz1z9KNI0",24,184492,1561,579,349,2
"rl6xCM7-oBQ",26,184344,2305,73,484,1
"343Q1V7vJS4",10,184283,15281,73,1441,2
"1FprZqWK_Fo",10,184218,9521,89,875,2
"8Soz4ZuNKF8",17,184142,1966,101,321,2
"Idg-mmUnxQ8",24,184126,5817,514,1256,2
"VadLNVl_Bc0",24,184034,7617,146,580,1
"g9kT6TD-svY",23,183988,4271,174,459,2
"7wkbjFlMpxw",23,183977,2527,241,444,2
"5Lh8EMYVwJY",15,183955,2943,360,555,3
"GjKVGycfh_o",24,183820,5960,110,2125,1
"PFpspIKzRIA",26,183819,2011,205,627,2
"rUTLr6FYteI",22,183787,557,83,282,3
"EpRnnSr6idA",22,183778,2199,191,443,2
"tqQ-nncqNXE",17,183549,130,457,313,4
"361FikjXpXE",24,183503,8274,1002,1081,2
"Ut1MGReYFn0",1,183457,848,54,103,1
"gIeeArhNAnE",29,183351,10232,338,2344,2
"Nm_G9ujwG9Q",24,183315,2060,117,0,1
"L38H9yVb3d8",10,183315,2060,117,0,1
"LJYYH3Rm9RI",22,183215,343,69,244,1
"7f6dMdfk5UU",25,183200,2306,70,274,3
"_nBgbT5kf8o",24,183110,1461,59,215,2
"7QB849kvgeY",23,183047,2647,805,526,2
"CWuj98uFNUU",26,183033,3001,240,797,1
"4Zk031l_3OY",24,182924,416,81,507,1
"pW-Gs69ZO9s",26,182856,3159,142,590,2
"TTiBXZlbGd8",26,182793,1437,98,668,1
"NFScnFiH-AY",25,182704,715,1544,0,4
"u4VY1hUh7T4",24,182678,1605,546,409,2
"zqaKryi6CVc",10,182632,50476,65,6665,1
"KAh41VSzlyQ",24,182448,427,432,416,2
"dH92j1RhNNc",17,182308,1931,138,314,2
"AFK9DwxLc_U",24,182238,4200,485,166,1
"8rtCBgXOhks",24,182233,0,0,615,2
"WGQ_cOefyME",22,182163,437,118,354,1
"TgRXgXkbT9c",24,182141,14365,129,1341,1
"ubswAnQa7HE",15,181997,0,0,0,3
"pkCj-tZ_iBs",24,181904,9952,851,1185,3
"jkft6tEpFfs",22,181852,979,490,392,3
"fodRoRdDSug",10,181838,11194,48,1131,4
"9uGx51e4VX4",23,181687,3076,89,553,1
"qfSulwWRHdQ",1,181680,13814,42,1924,1
"AyO4eOq6YNo",26,181607,3731,383,573,3
"FOeBj6CH4Hs",23,181414,3111,139,488,2
"DJoEfkq-OUM",22,181340,2372,200,314,3
"ZH2k0-tzDa4",17,181330,716,72,503,1
"iF02luAMlJE",10,181285,19768,243,1467,1
"ePW8Qi0G4c0",24,181237,446,137,127,1
"z1Cg1IYbNeM",24,181163,1824,140,0,3
"UfEuLCzrstY",23,180980,2048,350,363,1
"mM5KRGFOt7I",25,180966,874,113,135,1
"WwUyVFAaSks",23,180958,3769,544,671,2
"sxBMG0mjZKQ",17,180903,2007,99,265,2
"rtJC7FXslQM",23,180670,5147,277,469,2
"SrU1SqPZZg0",17,180639,1461,113,147,2
"HbHyfGILRuw",17,180590,0,0,441,1
"lEDHsuBOkYo",24,180561,2912,216,324,2
"5vO-IguiSAQ",1,180471,3030,144,489,1
"xALKNX6PA_0",1,180453,1434,63,217,1
"h5rFZ9gZMlQ",22,180232,0,0,99,2
"iUhkw4h6pmg",24,180108,0,0,0,1
"gUFAP37UKpI",17,179928,0,0,1016,1
"3k0VLfHwwd4",22,179906,1073,264,447,1
"j9dHcSlVL4c",10,179887,0,0,0,1
"V9zwpLCozyw",22,179771,1809,108,1268,1
"v4Hf6Ldg-tk",1,179716,1225,76,0,1
"LUin3dke50A",19,179607,1721,365,400,2
"BX4MJ36UTLM",20,179556,558,54,232,2
"IqCrzdjdAbY",17,179526,1586,143,132,2
"Dcv5W3jmpYE",24,179523,928,110,102,4
"C-dADLKc0WU",25,179523,578,65,0,1
"W4cZqsZgZs0",17,179341,1736,206,247,2
"1CpGOVoOglg",24,179225,698,231,0,2
"DW_BH1iMoCA",26,179037,2412,342,545,4
"5p66nLxgnyg",24,178783,1382,69,72,1
"kJ-SE6dhjAg",22,178554,8636,46,603,3
"rrIcFrRRQFA",24,178523,1204,275,288,3
"e_78qofDGCI",17,178503,337,51,351,1
"iBaito8ltFs",17,178381,534,104,712,2
"0PFdxpB1TWQ",24,178153,9003,192,2215,2
"PHmfrVw4NHY",24,178101,2318,377,461,2
"EF42EeBNwl8",24,177928,1227,48,34,1
"7T4phyaxZGc",22,177873,1593,219,310,1
"2UMoxZLPGrE",24,177730,525,188,142,2
"4oe0JjyAMno",28,177590,2668,757,897,2
"MUeqfISsZM8",17,177544,165,80,21,1
"Ra2383WH8vY",24,177528,1328,374,309,4
"8liJbEaeq50",24,177456,451,80,106,2
"4oOAiC5Y12U",25,177383,672,132,320,3
"RhcCb3qWF-c",17,177332,368,79,496,4
"tobvJiE6tmk",17,177168,1871,139,255,2
"Nm0eWaE252k",17,176823,1716,134,201,1
"dyx3BZB89D8",25,176811,11045,321,1136,2
"RmDSTQGrveQ",17,176382,769,42,719,1
"codGLVnp6Bs",24,176372,5164,1472,866,4
"_-SeQD22Csc",1,176293,0,0,261,1
"MUIrMw-lagw",23,176118,3754,240,1753,2
"hdPzGzK_dO8",24,175892,0,0,485,1
"eYUqv_Ka3gE",24,175710,1931,141,545,2
"u6-89DyKh5I",17,175530,672,52,187,1
"3o8o_TRzMkQ",24,175517,3736,865,1037,2
"H0ImEf7t7BA",25,175253,234,199,111,2
"7gKhU_YKd8g",24,175095,4536,351,884,2
"OuGaIXZJksc",23,175092,4377,957,615,1
"7rvUbF4DlFg",10,175086,0,0,0,2
"5vNHFCSbbzo",20,174669,1859,173,251,2
"xqIKscTXzXM",24,174633,982,226,544,2
"Oseb_MmYL4s",24,174621,4996,146,1139,2
"FkAKGNv0Rpw",10,174581,8161,63,1289,1
"GL9g4PyA2lw",23,174563,2109,1657,364,1
"O7UqQ-N4VU8",1,174446,3973,82,218,4
"p6XQMkLpHo4",19,174354,1583,423,430,2
"1idnH1Qw0yM",24,174274,3582,181,381,1
"MABE3KfAIuE",24,174173,3715,62,805,1
"L9IMylF6Zc0",10,174118,10813,127,962,1
"mmcDrk0XbLw",24,174102,2735,327,688,2
"aBrxtuzhT2g",22,174029,562,111,197,3
"Dj0PBsvD6gk",1,173957,620,45,129,1
"37956kxxIAs",23,173852,4056,213,1855,2
"CbJx788qTao",10,173827,6168,153,615,3
"SCiTsRX-l60",20,173806,6369,44,775,1
"xBSeygv-Ck4",24,173806,0,0,435,1
"3I3R_g2zDJ4",26,173791,1922,65,307,1
"jkPu3NYQdNE",25,173721,246,3275,0,2
"UydwPUGjtc0",23,173658,2796,230,535,2
"VsCmDzbdIPw",25,173472,307,141,352,2
"6TKrzIfZ2ZM",17,173039,1973,206,209,2
"CXAskDIwLi8",17,172956,314,137,18,2
"5Daz9dbs6wA",25,172809,363,172,511,2
"WWWy7zv3Ces",22,172655,214,172,40,2
"mVwDLRCLpWQ",24,172648,13192,60,1004,1
"MnqWHkfdVO4",17,172537,132,106,72,2
"mRigbR49OaY",1,172536,1067,48,281,1
"ZavuRos5i5E",24,172470,1508,73,140,2
"r8Uzdiuh44E",26,172426,5146,63,531,1
"PVbG2Cwf17k",24,172401,1492,2408,967,2
"OLhd85j7nQc",24,172397,780,245,439,2
"vmXI8OpZf6o",17,172390,238,43,39,3
"ylgOqvg8LX0",24,172276,1449,52,581,2
"jWLaTzsOOOk",24,172187,2194,324,343,4
"fxeYNYxi4oY",26,171998,3914,88,628,1
"GWQ6AtZOkfI",17,171776,1781,134,443,1
"Lqjp7zKTQ0o",1,171772,854,43,127,3
"tZdwCoU1O50",25,171722,1220,420,68,2
"YlijtiJhrAM",22,171595,2860,63,375,1
"UnkEZ3YTaDw",20,171592,6182,139,1215,2
"zLY9GY3GQ6A",17,171574,551,213,220,2
"8lFTy2vkuVw",24,171513,4315,136,1760,2
"E0z4yhjtxl0",22,171429,198,1271,512,4
"lW_1hgOkvjY",22,171353,1559,151,847,1
"pL2iEKcpkaE",24,171342,3691,102,936,2
"I80O2GEHQ6k",1,171220,2318,290,523,2
"yRletA-YVas",22,171101,1011,258,516,4
"iYu1k3ZiSwM",17,170892,1637,292,474,1
"iJHgXbs7_MQ",22,170881,4453,107,1036,2
"yHQpbHnp-ME",20,170876,4813,65,533,2
"3hRLsXrYD_E",22,170782,1321,46,117,2
"4CbyKVaiD_k",24,170725,19183,90,1263,2
"h7fuHrgvnl4",24,170611,1460,86,180,1
"bKPBWw_KmLk",1,170482,1235,56,430,2
"969Fjz5ZYME",24,170370,1697,20,307,1
"du3d9br5HQw",17,170331,477,47,759,1
"MhnKdue9eko",1,170318,773,37,446,2
"aM8-VNgKdOc",26,170310,324,295,69,2
"OafvrnZjMPc",24,170144,7308,212,929,1
"42CjTO5nCsU",24,169737,2467,254,545,2
"o-AVivRAdHg",24,169674,1413,266,446,2
"qn2EKE2KWQA",26,169615,2793,429,379,2
"DGFVdbWHafo",17,169592,1490,141,329,2
"cxV9LVe0pgM",22,169534,282,653,327,2
"kv5Ni8cbAAA",1,169365,2034,204,1040,3
"ZK2MwfMxcSc",17,169270,1600,134,248,1
"Qivh0ykiOBQ",28,169160,4947,712,1097,2
"9Oatwl0daBs",17,169157,1598,141,201,2
"J6jHPNNiqN4",24,169146,797,50,87,2
"NOWkdXShL4s",15,169146,4672,186,796,2
"FAsfu2FCodY",23,168974,2504,294,497,2
"ZCfJgZW7rQs",17,168942,3320,139,477,1
"EeHsd5l-0Ic",20,168831,2642,83,0,2
"hWTixHNhcvc",15,168831,950,85,139,1
"lbyZQHFQyiA",25,168736,249,1469,0,4
"g8xX-kfqYrg",22,168662,4932,201,808,1
"tHDx7gR5JY8",10,168585,2609,131,208,4
"m5A8Mz-D_74",10,168220,6395,87,469,4
"Z25HvtmSRP0",25,168176,935,84,151,1
"l_8OhDI_mtM",24,168025,6408,133,898,2
"vkAA6wpL3Ys",24,168004,2079,78,350,1
"vOMHZNZ1xzg",24,167983,194,109,99,2
"LsEzYm0isfg",26,167981,2437,340,524,2
"1JURKzRlTnM",26,167769,4557,147,589,1
"glcriLb-qME",24,167766,394,55,183,3
"JwaCpkE4k1A",24,167731,6541,198,1216,2
"2HpYjXIm15o",22,167692,2548,340,206,1
"KP3fycMc_uI",1,167672,2069,191,1113,2
"qUBmjaQFC9w",22,167671,278,70,217,2
"qzr-hpBhCZA",25,167628,309,85,0,2
"EYvLI6ZgosQ",1,167623,1920,402,323,2
"ELN8iG4Zwzk",22,167581,774,166,367,2
"I-5jrJZpX9g",24,167526,2309,240,597,1
"ap9yUphYhA8",20,167466,1065,48,320,1
"nhCIZYYmi40",24,167439,257,181,32,1
"mxdQqSn_2A4",17,167368,792,33,520,1
"2NBKI4DkxnQ",25,167326,3043,758,2247,2
"GPSoQOnE7j4",27,167233,844,632,283,2
"ka9zaVL28OY",10,167211,18935,104,1900,2
"UtX05ZJ95jA",20,167201,0,0,0,1
"fvTquyAqj64",20,167005,468,81,688,1
"RNwsmC4EwCA",24,167002,355,82,136,2
"-2S01i_yJEo",24,166905,3668,201,537,2
"QDNgQUlBQEg",23,166730,876,118,1274,3
"6J-jKm3scXo",24,166341,1963,79,787,1
"8URCJ64VS7U",25,166179,718,688,98,2
"hBSSc7ozArE",22,166119,4261,79,418,2
"_jjvGFp_XG8",24,166027,314,255,34,1
"1Y48BJBaRSE",24,165999,4868,115,1190,2
"1AibjmnatKs",24,165915,1858,62,268,1
"2Dhs89OLnMU",25,165904,1339,84,209,2
"iVGDOh-CUkw",24,165815,804,228,199,1
"RN1UNeiG94E",24,165752,777,178,0,2
"Wa4VbFwknNc",20,165641,746,533,0,2
"V29u8G7qu3A",26,165553,655,385,211,3
"qUdewNcW2lc",24,165473,1551,40,0,1
"2F2RJpFTn54",17,165427,864,64,239,2
"ccQSvRxFRx4",17,165235,1433,144,142,1
"13QwIDqjkS0",22,165095,2924,168,256,1
"utGEs-DWPPQ",24,165044,762,122,160,3
"WuCBA_8Y9rE",24,165024,5859,104,2137,2
"vI0t6BBrdbc",10,165002,15473,44,2231,2
"tcBHear_hac",24,164936,2001,254,327,2
"10Y0wu8SrF8",24,164905,427,237,425,4
"RpnA4xtjUgE",20,164897,2239,139,376,1
"evs5J0NHP9c",26,164831,1131,75,450,1
"h4XNjxrg7oI",17,164794,0,0,512,2
"GRaZkmtG0p4",26,164699,0,0,0,1
"jPBiSdwn0WM",10,164588,3042,120,1148,2
"uCOd7P8LagY",2,164588,5189,88,716,3
"6H0bMTR6y7M",22,164521,1585,752,471,3
"NFIeeTgC1CY",24,164512,735,53,277,1
"wVIL46o51gs",24,164428,3051,95,370,2
"hr3LYBxrpFE",10,164266,24970,79,1551,1
"p_snD9Xm2K0",24,164258,1163,119,411,1
"fT5pIA3caDY",17,164183,521,94,312,1
"CRIdCJdBdFU",20,164157,1351,188,717,2
"iV3H3DkomHM",23,164126,3436,388,642,2
"ZRHwCmz_aNE",17,163885,2032,143,262,2
"46GWXL_EaHc",25,163786,1329,190,1464,1
"LtDxmkhE-xs",24,163745,0,0,1944,2
"citnBKXWli0",25,163745,2695,208,730,1
"psu1430zRsA",24,163743,1885,179,357,1
"KCZiHEWPfFU",24,163676,0,0,1693,1
"BwpbmgMNB8g",24,163668,1444,315,180,2
"3AYfRwDaOto",24,163665,4341,108,464,2
"-1n4YzCv_8g",1,163620,766,68,71,2
"qRoQicLOx1s",27,163616,845,1556,228,1
"068ZDRKveAM",20,163492,6183,146,1888,2
"4vSzMtLAgL4",17,163428,279,49,233,1
"Jqmnhq6zTxc",23,163386,2469,278,533,2
"SxPzkOkEoL0",10,163130,4256,94,561,3
"YbPmL5GKv1A",24,163053,2706,313,807,2
"Vx5vPWGjuaQ",2,163001,4657,113,496,2
"2cNROcANakQ",24,162975,1439,532,301,2
"usTUYE8vkPk",15,162902,2950,270,483,3
"RkrB6UPUf5E",1,162838,0,0,249,2
"bjJsBOxJk7U",22,162785,352,1397,678,2
"meS3itC_gdI",17,162771,1965,144,368,2
"28iiy8aOG1w",17,162753,1766,133,216,1
"Wnn7ZXDUz70",17,162729,1482,253,249,1
"0otmnSHCDtk",1,162654,3138,180,536,1
"K7Wwg1CMVxg",24,162646,282,264,50,2
"vUOyBUXSBTI",17,162632,1638,184,201,3
"B8fW29l7FoA",17,162580,591,63,340,1
"uqkGrzB3O5I",26,162527,2641,368,423,2
"xyrfeiGQdkc",26,162297,1814,271,348,2
"PtvdcBoLSx8",26,162182,2334,127,567,2
"6U3dAqQwOsw",17,162169,722,18,97,1
"jStKu23UfHc",24,162137,557,52,166,3
"07sDWpxzKAM",20,161849,7034,68,1132,2
"4PQ7FuVA8g0",24,161786,438,135,274,2
"YiRZS3N2NyE",24,161737,701,60,184,1
"MTuZW3eCtkU",10,161580,21413,64,2160,1
"eVwdeIDjXeM",1,161567,17833,97,2162,1
"AKMLedxJP0w",24,161566,10957,67,1037,2
"NW8bK2lwMLo",17,161545,1122,95,1106,2
"vO90XJGMeAc",26,161478,3359,236,379,4
"ZpXPLVmC08M",28,161394,1073,79,517,2
"d4YSYJIxPE4",20,161334,6250,113,1355,2
"Ff4Shg8IAjE",24,161313,1396,242,489,1
"4FmZYW6ZYto",24,161214,12663,244,5405,1
"pB1IOvVMRQU",25,161214,1114,126,0,1
"1yE-sHQwFD4",24,161151,159,988,239,2
"ekywAWML2u4",2,161092,5055,103,647,1
"zKPmtT2lsNo",20,161087,7561,62,1247,2
"AtE59l8rHGk",15,161059,0,0,0,2
"YQq3ktcoUBk",26,160976,3058,111,417,2
"6fMq-4S2Bhc",10,160971,8733,65,481,1
"zUfJRWhtoog",22,160872,3950,93,491,2
"cj7aTkv54no",25,160849,379,144,0,2
"RJqokHYNbtA",22,160820,920,361,175,2
"DscOCnDp-rg",20,160617,4494,334,897,2
"csSEMr4m9UA",1,160474,1506,188,119,2
"9ncYUtZVf7g",1,160316,1801,286,491,2
"Jyo9uw8yHys",26,160273,3198,100,311,2
"WS9vADHpa4I",24,160180,12101,70,338,1
"GAVXpSk91ss",22,160154,484,117,195,4
"3yG9NYysFzw",17,160116,0,0,565,1
"2oPrtj2RruU",24,160037,453,190,255,3
"ZSCjN6B3EHs",25,160022,840,167,587,2
"u5iMkd9A-fw",24,159886,3185,421,676,2
"81KgGf-PX9o",17,159860,1586,351,457,2
"35JcpYD41eI",24,159812,10492,243,2644,1
"qR2aA05pJ74",23,159693,2132,220,323,2
"3s0YNriBoS0",24,159598,4402,72,1486,1
"Eqhh8qiQU5g",22,159502,1073,30,69,1
"tabhQnH45VM",20,159433,4544,339,1198,1
"bAjxXtN81n8",24,159399,3298,96,988,4
"rZS2jCfp7ho",17,159318,1649,135,335,2
"gQtUxMnYlYE",24,159218,966,23,71,1
"CtzBUyL2o_w",17,159030,319,53,378,1
"hmaxPXWBQvI",24,158963,1584,55,210,1
"0BU_Zo_75vE",25,158932,201,694,669,3
"OidYYZa8Gjs",25,158727,1403,186,679,1
"j914fLgrvHw",1,158547,1507,66,201,1
"5K2rH3N53Wc",24,158442,65,604,20,1
"mJJgYtORmBA",19,158390,1430,557,519,2
"wvM4fxVDvQQ",17,158347,1812,476,470,2
"5T9AFFPSS9s",1,158339,4868,94,599,4
"zi5mieboB_c",24,158331,6149,1664,1131,1
"2VJ_tBogLvE",24,158285,4196,95,1679,1
"iX_oTO5JIPM",10,157952,18701,51,850,1
"yOxBREbLDUI",24,157946,1325,649,578,2
"sfuWy_W0vxA",24,157880,6045,198,1463,2
"uY6s-QEfkVA",1,157655,822,117,311,1
"GmW3YPMQ1nE",28,157611,33,152,10,1
"GaLfJaYrP_w",22,157407,1001,51,106,2
"2Pl6j8Qhqek",1,157274,1159,54,0,1
"YZl8C5Z0Or4",24,157204,5731,178,1988,1
"XH3LGfzWFGQ",24,157127,1734,440,276,1
"3p7W5r4t3As",10,157029,6544,48,443,2
"_qhP8d3XX80",2,156970,153,290,163,3
"q2yoC9f8X4E",24,156968,0,0,0,1
"gjVqnX5W2LA",24,156856,6940,195,921,2
"U9Tkv9FjyNw",22,156835,2555,37,493,4
"ctF1tGSOA2M",24,156829,4509,110,1639,2
"wvrVticm4XQ",24,156736,3874,121,1488,2
"4r5kfUmGL5o",24,156545,5005,72,1795,1
"KeWmeqmtOiQ",10,156529,7014,224,1263,2
"3rGX8LYj_kI",15,156506,3373,81,315,2
"kmrZ-q726EU",24,156390,3481,612,790,1
"p0TAkFmVLKY",24,156348,1316,152,195,4
"MQN6m56Shd4",17,156347,520,75,534,4
"3b0mvO0CIdM",24,156258,4226,103,1194,2
"6TtPBFvwhV8",23,156205,4333,215,1678,2
"BN4ivQOy3H0",22,156170,5201,34,263,3
"92Qolq5hFHQ",20,156039,3018,840,3708,2
"3DlR23_zwd4",10,156030,2924,48,199,1
"Z6RUhh6JuK4",24,156022,3791,39,184,1
"SmC94mnCDFc",20,155983,13565,71,2646,2
"zXlHtyg7UKw",24,155979,1125,95,194,1
"OVI5G2ImNqU",10,155895,2731,68,27,1
"KJ2guel2aRE",24,155874,5169,100,1173,1
"TCoCfZJmCjg",22,155874,3780,87,797,1
"42o0tcaoCao",25,155873,2370,205,1119,1
"hLGpyxeetVs",24,155873,277,618,241,2
"YiCS819_7Cw",1,155845,578,281,605,1
"sht9sT_Ooic",1,155793,551,23,96,1
"KBeH9AYhRIc",25,155756,10499,277,1583,1
"ygI1zVSEeGc",22,155728,308,49,206,1
"Eu7SF-45mCs",10,155595,294,52,32,1
"oKkGYKIP0ds",10,155562,4921,56,469,2
"t67iXC8vtNA",28,155531,26685,124,2327,1
"50czugdZXgo",10,155489,23238,35,1590,1
"wIdrjXroKC0",17,155479,1773,128,258,2
"mNO9ZeXjatE",24,155443,2358,95,241,2
"T1qCikTPKA0",22,155406,220,112,303,1
"_N2kDoZlK-w",22,155343,70,266,176,3
"GJTQuOTgeXI",17,155271,288,635,1912,2
"YnVWuce9QX0",24,155210,2538,339,1026,1
"d60zwIHLiCI",24,155191,2811,323,650,2
"Mdyl6hZ1-8E",23,155114,3474,168,399,1
"Jl3St0xU-yw",20,155088,855,1231,462,3
"fA1dYQxzzjA",17,155062,1622,139,188,2
"gkPyR-2rTJM",20,155031,289,152,162,3
"mIaLkAS9ktU",25,155030,3476,148,369,3
"LudqWYEzBkQ",22,154835,5876,58,393,2
"3IcN2Q4vg5c",2,154811,3802,109,371,2
"zpOzn_1uo4s",10,154749,2853,327,363,2
"DZ-sC7C46Ao",1,154590,192,163,60,2
"ALvrS01UXrs",24,154585,2397,176,230,3
"5A2xs4IzUTA",10,154564,1555,60,149,1
"xHITix0ceaw",24,154547,1957,57,237,1
"OqcJDwsyQ5s",24,154362,0,0,28,2
"YyW5fCYmu2U",24,154322,2178,879,419,1
"ftl3d_ya3cM",24,154268,1519,535,464,2
"aQcmeYP7NeI",22,154247,1755,47,548,1
"4vNahuz7MYI",1,154229,910,25,207,2
"Cqs2zOTvA6w",23,154207,4346,119,787,1
"L0tyMpD9u_g",17,154061,861,307,536,1
"ekEB2knDTl4",24,154024,3721,348,926,2
"F4qzfkj7JqI",23,153926,4058,268,1795,2
"_mxGrCqUDlw",24,153907,14998,210,885,2
"Q3GL0wkFWUA",22,153786,1241,105,206,1
"VI1gspH68Lg",10,153484,11592,85,1621,2
"vh6YiIpj8yU",26,153394,2336,157,953,1
"RJpQa0Lt-3k",24,153245,4619,97,1032,1
"WbTeFEnVWSQ",25,153166,560,295,143,2
"cGGXbDgsCbU",24,153129,1626,28,0,2
"coHGAfhKv6U",24,152967,3241,115,639,2
"YCadJOkxYeA",22,152509,561,107,24,2
"m4oOXRtzFLY",25,152431,305,436,326,4
"znmmejSNEYA",20,152412,8915,95,0,2
"62_ffgKPVJg",22,152266,410,65,453,1
"7vwNVIXG7yU",20,152115,2436,163,73,2
"PoZjtMhVUlg",10,152005,21763,78,1112,2
"mIkqq35vxlE",22,151899,681,121,374,1
"bTnos5YCf_8",20,151882,4731,82,1025,1
"Tvs5qVZkBGk",24,151851,1776,183,512,2
"1FvlGRpaBYY",25,151849,1930,203,508,2
"_2GJHX1iC6g",25,151795,2406,167,408,1
"AlLLfLMX3Ko",1,151779,1880,323,311,1
"LsvRQGONjvk",20,151776,204,32,152,1
"jnveCXdVIHs",24,151730,2664,396,925,2
"eFUnE4s79-I",10,151725,16762,34,1266,2
"EyeNfMiHhG4",17,151691,283,51,62,3
"h1Vg_6XQjYY",24,151682,0,0,130,2
"wY8-oMul2iw",17,151671,490,46,280,2
"23R2KxUTrdA",26,151626,1858,73,549,1
"Jg8OLqENkJ0",24,151612,1889,2192,974,1
"pHZ4zeK08BQ",17,151566,2650,217,232,2
"Hsoeq_GxTy4",24,151556,0,0,0,2
"ShNw9ad79c4",24,151535,1993,104,645,2
"6hOO64tsI4E",24,151526,3017,261,800,2
"y1GU_SUXajg",17,151490,0,0,112,1
"BQAU2G65gPU",22,151471,2314,200,307,1
"hTTqi7aztLY",26,151471,1025,53,448,1
"juwE8oNTRQQ",24,151439,3300,219,760,2
"oJzONcm7Pso",2,151410,8377,144,428,2
"V3Ervz5ji0E",17,151368,1785,135,355,2
"iH8eVUXHJvY",17,151334,349,38,237,1
"STEzrePTblc",17,151209,286,71,103,1
"aoSCpgEAM9k",20,151148,1981,52,1041,4
"9ewd8aYCgMM",17,151080,0,0,0,2
"giUB-Z4dmPQ",24,151079,5931,122,827,1
"0cArEUglao0",24,151076,3813,20,0,4
"PEkn80m6TqA",17,150827,578,60,63,2
"tOXBznHOIt4",24,150742,1014,40,176,2
"UBm7mGnNxJ0",24,150712,7522,453,1156,1
"pbgAuqTLnO0",26,150618,3560,131,1264,1
"05pKAqWiFgo",22,150611,234,48,346,1
"c5R6YcCW8zI",24,150465,0,0,130,2
"_2L_4OfWtwA",24,150424,92,404,101,3
"IfSqrZXRjzI",22,150418,881,44,159,2
"e3jLP3hp8Tk",24,150247,2732,138,0,2
"jlAH9Dtf_lk",25,150243,814,121,323,1
"st_MV3TSqKg",24,150186,443,211,37,2
"MA2bwWGgZns",17,150008,0,0,75,1
"uXq2GgHfuNQ",20,149994,587,22,51,2
"V0tAbfzyPj0",23,149989,1950,358,377,1
"qgb2pkWAkZY",10,149980,1155,47,148,1
"CkTPy4D0mxg",20,149979,2410,85,462,1
"OA6a4wQaS4A",17,149960,7351,295,1564,1
"JJ6DoHfqP9c",24,149953,1134,589,374,2
"VBwFDYkjYZg",24,149953,973,308,251,1
"Q51bru32S7A",10,149771,14201,58,1378,2
"NgKNe6EF9rk",17,149738,1688,224,179,2
"txmeTd2Zt9A",24,149684,7811,32,1018,1
"uIRXG-dKKN8",24,149439,557,64,76,3
"0W5tACzCYyc",10,149397,15561,109,1504,1
"Qa2Xc_hYcqo",15,149300,2657,357,306,1
"zA9Vz36X6No",17,149137,1347,68,507,2
"ProwmDk2zZg",20,148907,245,46,411,2
"40Ib3yQnCxk",24,148860,2402,186,747,1
"ebVXOoc1oc8",17,148761,528,36,280,2
"9kJgmJ_DVxA",17,148718,650,64,602,2
"lFCFMaktNqI",10,148650,1147,65,209,2
"F3kH7TbKykk",19,148641,627,39,141,1
"u3_tJQt8TiQ",15,148639,1532,84,148,1
"pT4Gko6dPi0",24,148634,0,0,36,1
"IICFoFKgOJ4",24,148626,1203,62,755,1
"vGsQywoE1CA",10,148471,6770,39,889,1
"mpyy26G5qHo",24,148441,0,0,229,2
"4UioStUBwCQ",17,148345,343,35,32,1
"0jUFGg6dAbo",24,148316,4082,84,1367,1
"3tn2x7ANDpk",22,148136,378,154,303,2
"tYhXXTrjc10",23,147998,2639,171,355,3
"hvbjP3W3SsA",24,147917,622,310,321,2
"664WRFlDITE",24,147839,8014,236,1236,2
"To6TqAef1Xw",26,147767,3916,96,343,1
"n1Z5pwFfFps",26,147604,1795,228,552,2
"zdIOiV88lVs",1,147480,1285,27,163,1
"AIjMrcd_xSY",24,147465,14249,55,729,1
"pgjVD0OVQwY",10,147417,20430,72,836,2
"p4HOEE5Vm3M",22,147411,1754,160,198,1
"SsAJEjwtSoI",25,147362,4790,760,2287,2
"Orz8YZ_bxsc",24,147355,6696,237,2115,1
"PuKX5B4eRGo",24,147354,0,0,243,1
"rn54OXCuTZs",24,147282,17933,163,2161,2
"uXTO8d7HKAQ",1,147262,2465,330,1062,2
"4JN8pjLoUqM",24,147231,11280,90,2403,1
"NLsLesAPUWo",15,147042,3317,56,319,6
"-6UDwUsRngU",10,146989,2346,376,285,2
"NixcemjgGqY",10,146921,20769,147,1026,1
"_uYu5G0PhGA",24,146854,5800,140,1005,2
"clU8c2fpk2s",10,146598,9265,91,470,1
"JPqLuGxQehA",17,146530,238,625,894,2
"yO2YNauLhgs",17,146488,397,25,139,2
"hqFDbTCO_MQ",24,146432,5469,347,874,2
"lpMIUuoT000",24,146374,6721,282,1786,1
"e3-dpUOoIkw",25,146350,321,83,36,1
"nHBAAfnFU48",1,146308,3605,175,924,2
"o-Skn0UuAUI",17,146236,905,44,196,1
"q6mR-xo8TKM",23,146233,2572,164,430,2
"zYwACuDsn70",24,146205,6030,111,1999,1
"xBBhs27acBk",20,146105,1150,73,606,1
"iSiymZu2OyU",26,146069,2279,238,387,1
"HvolK9jdtWM",1,146064,2056,69,364,1
"4fPDQ927SRc",20,146044,726,275,218,2
"Do2XEalPxWQ",20,146034,2788,95,442,3
"JY3CbkHHfF4",24,145950,1311,214,440,2
"ZjXauJHffN4",10,145920,6277,50,295,2
"GoJ4hi4JbT0",26,145735,2256,207,423,2
"NU18ITXLuzk",1,145735,1613,27,419,1
"8AqzDQ_uTQw",1,145671,3852,3552,1747,2
"FNgGFC1hTLI",24,145553,482,49,416,1
"r90hJhOlbf8",23,145548,845,59,133,1
"R2V6K9Ij3_E",24,145511,10364,696,838,2
"1AQ6Rt4YQSA",22,145369,151,161,84,2
"QErj3ISy180",24,145343,5623,157,1422,1
"2iWhKf1-otM",17,145213,0,0,383,1
"sZdXEv8SpFQ",22,145163,332,62,530,2
"tHkrKD8aISo",23,145141,3801,187,543,2
"mWirx6bNu7g",1,145019,3149,561,881,1
"XoxbbHKDYIE",23,144920,1897,53,262,1
"AHiJ1Bj-QVY",22,144800,201,42,190,2
"6z9V3ApUOZk",20,144719,1378,27,281,2
"pUjAMJ2nh3Y",23,144605,2180,529,340,2
"Vy8TgSDlekk",24,144501,1272,135,323,4
"r5Go-DqQjlw",25,144463,1836,106,594,1
"11Pc_NhGsOs",1,144449,1487,215,289,1
"1mUvLvqjtQo",24,144395,1946,121,271,2
"ED7H8CXctfs",26,144384,2270,108,712,2
"KUf_I0MvpZ4",23,144349,3536,388,736,1
"EMVtKDJYsnU",24,144302,2282,257,462,2
"cNS4d5T6anA",24,144287,2092,72,550,2
"YbUQg3dHCHo",24,144287,1463,400,241,2
"MXcngbOxn1Y",25,144233,2315,186,682,1
"Ma4cH5AIM7U",24,144211,2821,711,640,4
"pXWfnmfcLG8",24,144184,937,53,117,2
"wc-n4mcBdHE",20,144170,149,74,171,2
"0y1Z9L5EN8c",10,144143,7593,1234,1179,1
"MlUa8sJX-Mw",24,144108,3162,263,357,2
"jZWnKbBN5Yg",10,144085,3769,73,105,2
"qtHz-VOGpzU",17,143988,727,79,385,1
"HFTfy33dfzY",10,143920,28947,49,2155,1
"KIEfnHo4t5c",19,143798,1093,359,294,1
"BKo4fT6dJuo",26,143762,2096,171,259,3
"588sLQibeck",24,143671,0,0,346,2
"q4Hvm3aqqZI",19,143656,1078,313,296,1
"4KstxwVwnJw",24,143653,7427,213,1212,2
"566i0S2s5lo",1,143536,2046,240,257,2
"pvvoh0lriYE",17,143514,0,0,629,1
"zETkq-ThNWM",17,143389,1437,44,138,3
"j6jrDvvcQeg",24,143246,37,136,27,1
"NApeY-0mYao",24,143222,1322,47,182,1
"HcvG1dT3tGs",22,143188,0,0,61,2
"PCCa_HUuPak",26,142936,3595,84,493,1
"ZVxSo7wKOCc",24,142898,0,0,233,2
"otQCBqZ1TY4",17,142802,751,29,324,1
"jCMoUK44A2E",1,142790,215,39,66,2
"LMMJMGdU4nw",1,142673,5939,62,925,4
"5rvLEVSpWQ4",24,142617,12130,38,1599,1
"7DEsoCperd4",22,142553,364,74,157,2
"Y-58Hn3YQMk",20,142419,813,99,501,1
"t7I4kCpIMWk",23,142359,1982,353,317,1
"gDPrN_nw8Ak",27,142229,1143,853,385,2
"O-yVXGOuTc0",22,142198,196,86,473,2
"gNI0YbcWYgw",23,142168,2958,284,459,2
"0hGjX7tfGAo",24,142160,528,180,79,1
"f0FdL5dNMhI",25,142090,389,154,158,1
"SdMbg2rqXts",10,142067,22558,33,1699,1
"DPmwMrJOfxA",22,142054,1034,198,30,4
"5aBQ_vkatTY",10,142014,5717,55,325,2
"mE5I3yVme_4",22,142007,2591,3742,1003,1
"VFAUSqSleAE",24,141967,3617,79,1062,1
"j4XVBr8yt7c",24,141963,5688,413,628,1
"BzxXsAGq2WE",24,141855,5396,109,367,1
"W3k0s0jaREQ",24,141811,3031,216,0,2
"LjF9KGTLFFc",23,141801,2908,145,260,1
"NaVzJ1EPJp8",22,141769,88,304,106,3
"-9zwLPNQI5I",1,141722,4334,22,162,2
"N2Rea5WtZfc",24,141721,0,0,0,1
"_heYUGgbEwo",20,141666,567,145,130,1
"v4RDo5ChSmc",24,141600,2313,180,448,1
"oLMMMvOy-NU",24,141594,4044,68,694,1
"sA7oFGnX9gc",24,141475,3933,64,1138,1
"ItrbvBiLx3Y",23,141453,556,118,616,1
"3bjgC18gb2s",26,141448,7104,65,1789,1
"PiQQrsO-ND0",22,141438,1270,147,297,4
"OeqnRRpCgjQ",25,141422,2275,128,384,2
"nElEFdfrxRE",25,141414,2097,236,854,1
"La_fBYC47EY",20,141336,4087,333,399,3
"bNDvU_XFbVk",24,141322,4733,98,1066,2
"M-cxg3uhMAE",23,141310,1723,69,310,2
"I_uCGbxW6jA",24,141300,4090,66,405,1
"Xeyw0Yja95g",24,141254,2323,199,330,2
"4o0bI4fe1mU",10,141187,2474,236,53,1
"_rAdV5DjSDQ",25,141110,2127,213,1690,1
"AQnF-wy5qFM",1,141060,0,0,0,1
"2-0KTlLDd7M",20,140978,463,78,201,2
"6vnmgVSbwLo",24,140975,2302,136,0,2
"HwlPIkkW-Mo",22,140969,243,19,121,1
"2HRdj3K1a-M",24,140890,3085,179,0,2
"3zUVtUsiI6g",24,140866,5788,282,1515,2
"oc0TnNxbWLc",24,140811,1370,106,203,1
"WntpR9bZ3uw",22,140761,451,224,519,2
"Q_PPYL18QoI",26,140716,3115,118,367,1
"HGJK1IKIvrI",10,140711,6218,62,334,2
"MVMQWZodlfU",17,140649,288,70,163,1
"cQ3lLez2l-w",17,140633,231,28,109,1
"sPHYj-6SBPg",17,140608,1533,77,456,2
"BesbFVah6RI",19,140601,1152,450,515,2
"P2vuevHYY0Y",24,140500,115,472,204,3
"ewknr2fKOzQ",23,140491,3291,161,428,2
"6niuasak0AY",24,140476,2541,191,463,3
"uiC3VliPmrk",22,140460,1327,162,214,2
"1DVilI6LCVM",24,140442,8398,52,944,2
"OA_3A_BhloU",10,140439,9886,127,1549,1
"NLYs0Gn6Q4E",17,140425,876,36,399,2
"TYnA7yhMzRY",24,140351,1767,309,400,1
"r3OoE6kg3Vg",24,140350,992,51,392,1
"egmZXGH6lsM",17,140325,0,0,1214,2
"i2PmzebXKXo",1,140290,1793,292,411,1
"1SrBPvZQlJg",20,140281,5385,225,2055,2
"qKYPZHl5rf0",22,140227,460,18,44,1
"TMPCS4PvdVw",25,140152,1391,157,861,2
"fCuuUjYhTsY",20,140128,1193,254,520,2
"dq8CKCQZNMk",20,140091,0,0,0,1
"WRTJ-1CNrt4",2,140080,3827,100,400,2
"fZnPRqYZAvo",24,140060,9495,286,1309,2
"WlXjOK5b77w",24,140053,661,53,96,1
"lRxxPSC6u80",20,140042,6965,93,1581,2
"SuPGmcWrxuk",22,139979,266,79,180,4
"XONaopImHVY",24,139973,1276,47,340,3
"zkWJEm16k7s",22,139944,0,0,218,1
"ecQStjMErc8",24,139922,80,419,357,4
"RhXmYhOTFM8",24,139917,0,0,813,2
"74VCw4BAFwU",17,139857,5768,778,2078,2
"QlMo4rRe1f4",25,139835,625,76,729,1
"QMysL5YJcOs",20,139833,1984,131,384,1
"DF2jFoHlV18",23,139814,1602,267,196,4
"7pRvSvrU7sc",20,139790,5252,77,1511,1
"ozogOwjtp2I",19,139734,1490,303,462,2
"sfB9t4W3Dfk",17,139690,250,80,431,2
"lTD47OBu0Sg",22,139607,0,0,83,1
"0FDBKypXt5A",17,139564,316,77,214,2
"LHwRfAGcMG0",15,139523,2875,103,519,4
"0WBvBPLyoAg",22,139512,143,161,130,1
"JPWDTbI8N4w",24,139502,4901,92,2827,1
"zDaxzUZqddk",22,139435,553,107,644,2
"du73Kf1oD4w",10,139371,149,270,101,2
"_F_qRp3Knr0",22,139355,2115,133,278,2
"qAOn2aw3TJY",24,139255,3866,77,1317,1
"KJa0jagN6IM",10,139230,7472,82,450,2
"a8ikMn8WVPI",17,139184,352,67,48,2
"ilhCj88fiFE",20,139170,963,50,6,2
"Rwsz2eqsHNk",17,139090,1473,263,254,1
"lGsqQj4lh98",17,138970,819,42,168,1
"t-SM1fvqbuE",24,138969,1965,241,253,2
"hczrjJOrUc8",22,138935,874,63,111,2
"BxwhBU2QKt8",24,138927,4041,212,790,2
"_YybtAuT4YE",10,138905,3617,316,484,3
"FG3D9iPo9nE",20,138859,269,124,36,3
"EJsAHInlupI",10,138700,6557,62,528,4
"f-I9Jji4ubw",10,138578,9910,52,1221,2
"enEikuM_mMA",24,138535,4019,85,1144,1
"YthhT_zMFzo",28,138349,4943,68,1723,1
"Rp3nrvrjjZU",22,138201,1338,67,291,3
"uXJGERNNWj0",24,138116,0,0,318,1
"Y68-SouvcFc",25,138100,587,214,234,1
"KCEjcsWezO0",24,138042,936,122,208,2
"IhbfpMl5oxA",20,138039,830,62,19,2
"gsAO0uYUkwE",23,138019,1864,252,170,2
"k8Bt_phVS5Y",26,137962,4715,345,0,4
"MP95ureSMZg",26,137880,2068,192,686,2
"z9AhhXsAPbU",22,137871,5402,148,93,2
"KVWM1im3zS8",24,137687,1350,91,178,1
"7aub57EZc00",24,137523,558,39,60,3
"3z_1KbSsWpA",17,137504,399,35,141,1
"lt3_Gg0fEJA",24,137456,0,0,0,1
"2VhpSElbF1A",24,137402,2506,141,0,2
"kYHCgDlBPJw",25,137382,171,728,0,2
"S2XgXtSMoRY",20,137246,1483,619,12,1
"6R43hkHxGJ8",17,137181,1571,101,226,2
"n9gHwYCCQ7w",23,137132,2693,233,429,2
"bKxA_uCqkSs",22,137067,311,449,741,2
"St9-GQ0MlBc",2,137028,1462,268,328,1
"w3Gegea9q6s",15,137028,4783,137,491,4
"v74l9673xrY",1,136972,0,0,328,2
"RI60VkGCdrU",24,136907,5495,367,676,1
"m3ChkCZ2txs",24,136803,306,233,172,2
"-6L27l3il28",22,136722,0,0,261,2
"9RPka1Bzx9Y",24,136719,966,153,81,1
"1njRWArGIME",15,136662,2328,32,167,1
"B5FxisCiOTU",26,136653,1204,41,541,1
"qqGj662V-_c",24,136546,378,110,150,2
"Xe6s_4dM8Hk",22,136505,1625,68,274,3
"2OdjWIcjL24",24,136430,1735,140,440,2
"MSX4iGiPllQ",10,136428,6970,216,1203,1
"Rx1_Q1cUW1g",1,136349,322,64,174,4
"qN7lDq9OxY4",17,136333,593,234,2106,1
"iyrtc94dvqs",20,136284,3875,166,1647,1
"nKk51Imcq1E",22,136269,303,66,43,2
"F_uDwQZYq_8",24,136253,2999,229,892,1
"thoYHr6iscE",24,136195,1062,219,463,2
"co82NKKDYsU",1,136080,3545,27,159,3
"7MF4_xEwskQ",20,136058,5837,99,986,2
"TFAvg5sBQNo",24,136036,4716,54,1658,2
"1NbfuGdvmLE",24,135987,2806,266,810,2
"3NfAI0hpOnM",24,135932,4556,153,711,2
"nBeCPySjodM",22,135927,975,48,324,1
"MaOr724jlGI",15,135855,2252,102,281,1
"IROTXlloz4c",24,135852,1398,14,85,1
"ug0VwnTD9uI",17,135829,512,53,343,1
"dEPirXVVhhs",10,135709,7189,101,556,1
"mkzI2QmFtz0",22,135634,760,54,278,1
"pSe-GbCEldw",20,135569,669,221,445,2
"sHv5pZ8-aDY",24,135451,6609,55,252,3
"eNUPHvMA6as",10,135419,7314,78,225,1
"0uCiHtC6KR8",24,135351,5110,154,965,1
"P7pCaTDG0pQ",26,135341,4250,186,541,2
"wko3mtJt6bw",1,135310,2797,73,318,2
"9crmkjvnfs8",20,135306,1487,41,436,3
"kOw1p5SWwUI",24,135274,2472,157,0,2
"8h4veVqUaKY",24,135134,1761,316,371,2
"BfrzVzQJMmk",24,135104,1844,161,360,2
"9J-LRxZwp_g",24,135102,0,0,1063,1
"Kv7XSvZBRUU",20,135097,6448,57,1734,2
"Tq2zJOxwEHA",24,135095,917,180,646,1
"mtTAm4cxQcQ",17,135070,429,72,386,2
"TSvVqzD26u0",24,134992,1623,311,509,1
"UL4s0YjKzA4",20,134970,277,42,374,1
"dPMqNCAxpMY",25,134931,316,305,459,1
"GAC9xflCKCk",24,134921,3576,50,904,1
"EmoDAd0eYiM",23,134920,3766,180,408,1
"poOgSIHFLn8",24,134880,621,185,176,1
"q7Awm-D13zU",1,134844,422,30,29,2
"F41q3zFoXnM",24,134723,6881,58,841,2
"vhEh5cpLp6k",24,134644,712,186,77,2
"CloHGl6G9Mw",22,134565,5045,39,264,2
"Hgr8srNZlj0",24,134560,1563,66,241,2
"0ZwcukuKfmQ",25,134430,1293,286,770,1
"LrkuGmkA58g",26,134419,1584,49,1645,1
"naKTu2jzFwA",15,134417,0,0,261,3
"cjnrnqpyi1E",24,134362,2482,819,578,2
"Ar7S-hpawM4",24,134337,2465,246,340,6
"aWwHm5YE6Sk",24,134323,8922,594,2387,2
"hjo3Pbmcyh8",26,134215,2055,84,318,1
"3wYcyXprtcg",1,134213,605,41,122,1
"Xib5FJ-cfrM",24,134188,0,0,115,3
"UDbdAvmCwls",25,134135,2040,182,1123,1
"yZ5jQWv9tLU",22,134005,717,62,182,1
"LqpAoUAxuRw",24,133985,2977,341,695,2
"IT5vzhDgSTk",10,133972,0,0,0,3
"r_fWgigylOU",24,133951,637,66,133,1
"5imdcetr4mI",23,133938,2365,181,248,1
"FTFo6MDPfgY",17,133905,487,52,259,3
"6O7fuQGMTL8",15,133850,2915,250,575,2
"EqhQwOM5CEk",24,133817,667,114,78,1
"Vn38HhSdFLI",1,133803,2628,40,0,2
"2MdLirxityY",24,133791,2589,164,0,2
"YGa-GsU0yH0",24,133782,479,181,51,1
"wm3WeM33r20",24,133754,3376,204,659,1
"TwoaYQFdvWY",24,133724,2347,47,675,1
"LayofSEWpn0",23,133693,3952,147,1765,2
"UkkDkBdTCtE",25,133689,2743,101,421,3
"uYcfn2NnZtw",24,133644,1330,443,657,4
"qDYV1vnartc",17,133625,370,72,260,2
"Ad2kXc1r7k0",24,133562,11807,90,949,1
"8J7QBYvzdjM",1,133560,3704,68,883,1
"jlDblIh3mTc",22,133495,276,71,194,1
"wPfomK-WTdQ",22,133466,3898,734,897,2
"EalZXKye1dA",15,133450,2879,52,386,2
"NYUU4UwD8v4",22,133443,1962,55,341,2
"geod-eeuvyw",10,133423,2527,231,72,1
"Mcx2IWY6syM",20,133389,5400,119,2409,1
"8AnSjHRp10s",26,133283,1932,179,471,1
"bsALISW2G4Y",24,133258,792,416,1302,2
"4gDqe6tpfPk",26,133255,3082,123,378,1
"W7gOq-2yccc",19,133244,1362,354,439,2
"7MhfSptFexc",24,133215,7962,95,1520,1
"FqBNwEEBggM",22,133164,146,309,0,1
"sIaTpV7oJlA",17,133077,135,20,96,1
"adMBDxnhJMw",10,133077,135,20,96,1
"vCPpFbS0JE4",24,133071,0,0,103,2
"ijGEM9MBymM",17,133053,77,152,190,3
"DSwz8oe2Bfw",24,133005,460,173,326,3
"70-8t7a4MDs",24,132984,0,0,68,1
"E3kHMz7GvvE",15,132905,3567,56,998,1
"6nkNdJDhYsw",24,132853,695,71,379,2
"1YsXN1f4OgY",20,132780,280,21,248,1
"A04PARdtEss",24,132747,4837,139,230,3
"kpeCmYPB9e8",17,132727,195,47,153,4
"ze_Drjls_YU",20,132544,1449,749,154,2
"Y8nly4tgdLs",23,132528,4616,340,1665,1
"serrNHev87Y",24,132515,1826,264,412,2
"WVV-GEGALWA",28,132466,1516,136,115,3
"AJCklhW5Ul0",17,132441,117,233,245,2
"Nu7qGLCJSLU",15,132431,5777,184,1342,2
"LOmOEKHSOjk",22,132336,17243,52,2250,3
"oL6p6s2acR4",25,132166,2151,148,1573,1
"h1ZYvXnVUyw",1,131999,1634,26,263,1
"9omeoax7uhg",23,131938,2264,188,289,2
"nL5DzC2R3DY",24,131929,488,157,22,2
"cHddzFuAQuk",10,131909,5195,63,262,2
"7RbcSEm7ay0",10,131826,2855,292,354,3
"7WslwYFUMQI",23,131785,2020,1060,400,4
"cvMURFcXFlE",17,131781,1167,286,269,2
"BaGD9WDoZGw",24,131738,703,98,458,1
"tT9chpr2-lc",24,131728,1972,237,308,2
"VrqQiGMsD3k",26,131688,1189,64,1229,1
"vcIIfSvwuSc",24,131617,1859,922,305,2
"wdefWo7G9Jc",24,131524,1944,94,0,2
"pAj5StUVmIs",1,131398,10922,101,1675,1
"AKXyIVVF0J8",24,131376,5886,208,1453,1
"Mi2vfrhIXbo",24,131352,0,0,1262,2
"Aw2giy6V5aU",26,131283,962,64,347,2
"qzXW4pDLlqI",24,131131,578,141,168,2
"5wEcRXMwGgQ",17,131123,190,31,133,2
"XRzkwtmvseI",24,131032,1594,479,425,2
"Acoy2Ang-_Q",15,131018,2911,121,441,2
"Mp_AaRgTWy4",24,130962,0,0,299,1
"TJYS6D-g5O4",24,130930,10059,476,768,4
"VUqS1bfCMLE",22,130927,1505,406,388,1
"DuXg16DqTho",24,130882,2487,120,0,2
"fliGZHBsR_Q",22,130871,0,0,990,2
"wJ5s0NzuGNs",17,130835,145,42,231,1
"oR7hPkmUP0k",20,130707,1117,100,202,4
"uSpj0yiZie0",24,130652,2215,248,442,2
"axTz7MGegXg",17,130564,1030,34,448,2
"aKxQUPsb_zE",24,130548,334,68,0,2
"_AuUDQkkt9I",24,130471,774,486,325,2
"NeLcrUHItnE",22,130421,3033,1611,759,1
"czImW_EdfEU",22,130354,334,24,28,3
"ZdP6njx5tW4",22,130351,2316,69,318,2
"gY6ArpSYEI0",25,130335,719,100,75,2
"DpnhiLM6moc",29,130324,2182,363,478,1
"xWNP4dygs_8",10,130308,2289,223,52,1
"z6No-JjR8M4",23,130283,83,157,84,3
"MjYwBgJfYsc",17,130168,636,36,158,2
"rTjuPetIpeY",24,130065,1561,241,690,1
"s43ugTziBbI",22,130051,4947,34,206,1
"ecdqPLc7rdI",24,130049,2760,83,570,1
"dumAYEhN9f0",20,130045,742,410,70,2
"VQW6XmAPMcI",1,130032,8646,51,645,4
"cLnKllGDIRU",17,129951,294,45,53,1
"kaucudh5_ko",24,129949,2096,157,372,4
"QEsvE9rmgtM",19,129914,1167,443,346,2
"WZjRypJu9x0",24,129899,3681,318,718,2
"wPQv-rZ19Lk",19,129882,1378,455,327,4
"zHzHsb4_zAY",20,129828,3787,1818,3326,1
"qoiMClb6nXs",1,129826,364,3,22,2
"2rvWQu9qjQI",25,129761,1635,211,293,2
"zGjw54wk2vk",24,129759,4012,55,1327,1
"XBcJlpVpcEg",22,129514,998,747,314,2
"x2ICrz1xWT8",24,129480,4447,140,1158,2
"4LdO4Y8z96s",24,129446,0,0,370,1
"b3QaEkvTSyM",1,129316,0,0,424,2
"8EtYcrJpOAE",20,129246,4700,62,2559,1
"hQg2Sd9mWrQ",1,129213,1615,40,428,1
"6A3IjqINBK0",17,129203,247,74,215,1
"HzX5JEUlraI",23,129158,3304,328,296,2
"hE-6gWJucqQ",1,129141,3275,139,461,1
"VDFVny2_hzI",24,128950,10466,32,727,3
"Y5r0i8y8OCY",1,128936,220,103,140,1
"qkmjgwws3i0",19,128917,1291,257,242,1
"0n6-SYIbujA",24,128912,1441,80,295,2
"htbxzPJkA4w",22,128834,219,39,494,1
"X8py-1PQ8hM",26,128826,1984,70,324,2
"rMALGwAoXTQ",22,128773,1674,31,240,2
"irltsv1RXfU",1,128721,1109,26,450,2
"HtVItkGJAbw",24,128677,0,0,0,2
"4IsSMhIyRtc",23,128618,1697,532,217,4
"KYUMS5N7Uv0",24,128598,0,0,75,2
"L-BBhL2fZjA",22,128597,745,243,108,2
"eeWu3p4BvG0",22,128546,413,275,40,2
"OQFgBk46Ouk",22,128546,96,278,60,2
"Gd71hge2xDQ",24,128490,2577,246,624,2
"Oc3lTMvQaeA",24,128435,2351,159,0,2
"zK-Z2vRR4qk",24,128427,2222,159,368,1
"UhTlJoOI70w",24,128284,2532,169,279,2
"gn7xwdKAoJU",17,128281,841,152,1238,1
"6lWLXc2xTpQ",15,128250,4762,312,732,1
"XFfI7MIXaTE",24,128224,0,0,0,1
"i-808Wu7b1Y",22,128172,473,166,301,2
"phAACoBcNow",24,128002,22230,59,2368,1
"dol3ryJcsio",22,127915,2793,7306,896,4
"ZkntmSgI2Ag",10,127829,2115,190,44,1
"ehffmdz2iHU",24,127800,265,236,82,3
"sndU6Fji7eI",24,127778,1751,965,729,2
"o9s1ml3UVQw",22,127605,3055,54,403,2
"cjEfRIt1i4E",26,127579,3186,61,302,1
"Tcf57Vyw428",10,127575,6695,488,980,2
"7DpO07gN_78",1,127572,948,29,399,2
"DMvKwa4Ji04",22,127562,259,49,323,2
"9xJLn82Avw0",25,127495,878,184,301,4
"jJcmKFDuD1o",17,127422,914,42,194,1
"CF6GNtrTJns",24,127367,2327,154,0,2
"pFv9zdZRrvw",24,127289,863,330,231,1
"S7GNf0vgZNs",17,127248,340,21,124,2
"0XDVzshzfBE",22,127212,3885,110,702,2
"kRaRoZkH3Io",17,127175,253,30,216,2
"mwJuuBLasGA",15,127135,3686,55,591,1
"eXLM0RLxWkU",24,127040,13325,44,739,2
"rFNrOqDfsjk",24,127000,2339,112,0,1
"bUlB73uM9hc",22,126862,170,43,116,2
"I9XsncIvGMA",1,126792,601,46,88,4
"V2PVXvxiORk",24,126744,3014,151,0,2
"Umt0lvlA87I",17,126680,308,60,28,2
"812vmDu7JXY",25,126584,1120,86,270,1
"X4fJLbAHVTU",10,126573,6778,69,468,1
"Wj2wSs-uxhs",10,126528,2399,56,23,1
"iuzI1zmPvlk",20,126508,900,294,51,1
"8bpP_wOyJXI",22,126429,722,50,269,1
"AwfCsBamwE0",15,126426,2453,53,206,1
"oLcJYlasHd4",24,126426,1712,143,361,4
"C0dK5M3bKeA",22,126391,432,36,100,2
"wTIKVjYXQ7I",15,126334,3584,48,399,2
"3eCZNDyGYKs",20,126240,2428,34,464,1
"n7soAdTyPNg",24,126144,1136,501,554,2
"FGhhqyVgyCQ",15,126126,1907,73,296,3
"ZL7nwLyWYww",24,126045,2463,153,0,1
"ZQSFAa4XoCY",25,126014,133,68,270,2
"GKAuHCju3I8",24,125959,2056,189,260,2
"t6uHAoXIkow",22,125885,6146,31,145,1
"cwBIZXh5ttg",22,125880,9005,31,457,2
"ts2ZnlzlxsM",24,125876,0,0,1484,1
"6ORCGFYTVkk",26,125739,2598,73,264,2
"4PWyFStECws",26,125737,2645,177,448,2
"4G3zEevA7Xk",24,125706,280,35,172,1
"-0Gd9DBh3W4",27,125675,831,433,226,1
"1kDEpZePKTM",22,125628,906,96,178,2
"bR4jf8j7PRY",20,125621,2366,68,86,1
"Bwg_beeIxUU",10,125618,5058,119,653,3
"cLAy7MczCvU",24,125539,986,226,938,2
"rwzrnZTJ5V8",24,125531,0,0,113,1
"tj7H-zgM6dg",20,125516,1326,92,464,1
"ZezViD-QN-0",24,125501,2090,22,235,1
"9pii9ZwxxyY",15,125345,3022,38,238,3
"BghGWlN7OaU",24,125339,2913,333,873,2
"MBIqy69Cv8Y",23,125270,3171,207,493,2
"dRLVOLTJwHA",25,125258,1862,210,422,1
"RaICQ5uXPpo",24,125233,2707,159,0,2
"JRMDbH5xJtw",24,125166,0,0,2212,1
"jkfbtIqS-bk",19,125071,1171,387,521,2
"eKYFBPDeXMU",22,124934,1083,84,214,2
"TQJwPdsN_QY",27,124888,1028,607,460,2
"CQcum2MThGw",24,124885,4705,190,871,2
"kr-bWeUrsrs",23,124874,320,40,218,4
"F6Kq_nGtPR4",17,124737,335,34,66,1
"kDes7wMMG6U",24,124702,2919,30,327,1
"_P3CCs8QzEQ",2,124696,602,14,145,2
"nsx7NbfsPqM",10,124686,15589,41,1102,1
"3g6ARwJgXuo",1,124631,1018,26,0,2
"vFLQRDnN5rY",24,124604,2976,244,0,2
"k1Ci-5lr-DA",10,124500,9103,27,591,2
"GRCUlTfAljw",23,124439,3633,153,1698,2
"AKswW4f8NNU",27,124279,616,354,207,3
"q_G-sqrP-uc",17,124260,232,32,16,1
"gdHN7x_F3dA",22,124252,1612,211,281,2
"l3S7fZrls0k",25,124159,332,36,0,3
"IUiqpM-4fxI",20,124016,243,34,174,1
"IDmkfNult4Y",25,123991,9986,207,1272,1
"_6OpujmGguQ",24,123991,1965,204,430,2
"HxzyZiAQJlQ",22,123960,5319,54,825,2
"dum24Tw-JbI",25,123951,1741,184,495,2
"b4E6UJSClcQ",24,123887,1854,230,485,2
"bQC0WdHvYDM",27,123858,884,458,238,1
"b1_o8fFUbIs",15,123856,2104,138,214,1
"i7Qz65chPOY",17,123846,787,30,131,2
"W3l7m7cfb58",26,123823,5201,87,628,4
"RJ2Cq3UW3tQ",22,123783,492,194,33,1
"Iwz1zPJP6Ts",20,123745,2684,105,560,2
"iK3U-SD24y0",10,123687,6972,47,735,1
"b7yOM9-34mM",24,123675,564,90,66,1
"GDmhf5xJ4Qs",25,123652,267,328,420,2
"Rw1WrrSIuXQ",24,123587,742,100,163,2
"F1yZW1phnbg",25,123490,183,30,0,2
"Yc-E22KYdAU",24,123457,7402,242,1836,2
"vAm1HxIF31c",17,123450,294,44,143,1
"XX6hPigrepU",22,123381,290,80,391,2
"s9ripB64W8k",26,123269,1848,63,407,1
"ZB-be-y8l40",24,123146,0,0,30,1
"OthqRXWhcGM",10,123126,6336,161,993,2
"rKEsifVyFfY",24,123106,2353,105,0,2
"Aj4krNn3uTQ",24,123077,1618,26,352,2
"pq1ckCqriKo",24,123028,659,32,107,3
"RAJTppa96FE",10,122994,12961,58,1113,1
"MnQYdnYWCPQ",15,122972,3505,49,209,4
"WSD5xvIauNA",25,122966,1243,97,355,2
"dA2EjDIHBM8",24,122856,1949,139,293,2
"Q453JmBcKsY",24,122840,449,87,247,2
"A6yABEHLyQk",15,122832,2845,68,199,1
"SqAa1FbxqVA",17,122825,395,70,28,2
"mYQK0h25Lec",25,122756,700,116,259,1
"eWiP40v7XHw",10,122755,1094,106,77,1
"smI4U2ZHxEQ",24,122662,1066,117,304,2
"sKqwSk4qK_4",19,122622,1342,374,336,2
"37bjdzRq_Cc",25,122615,399,93,28,2
"cHbOcCPfoLw",17,122520,180,70,201,1
"HX5R4jjf4iU",24,122461,1581,69,201,2
"CmMGlFHr3B0",24,122220,2566,174,340,2
"77z1JM2CrA4",24,122133,2633,140,0,2
"K-tVUlNbOXA",24,122068,2090,676,925,2
"xZP66k-2iMg",22,122036,553,59,124,2
"3KnfgwEFcxQ",23,122018,1495,819,283,1
"44pqSKJUdKQ",17,122006,945,420,299,2
"NvKAq1g8Sdg",24,121941,854,432,375,2
"dLK8TuC631k",24,121927,2189,78,0,2
"bzyNVC2mzaY",25,121920,754,120,229,1
"3HyNM1OwfaM",24,121778,2860,126,318,3
"uk6tx4HjXJ8",23,121608,2595,211,293,2
"3i4dGi4c7z4",19,121597,1147,342,372,2
"s4DVXKQOnz4",24,121568,855,20,139,1
"_t0Zmdh6f6o",24,121469,5288,134,1048,1
"ebEbs7KmLQc",10,121456,1863,210,47,1
"cO7iYh_wdxg",17,121426,1516,185,175,1
"Dd-DnXosWFc",10,121397,2197,20,89,1
"ZTgL4RDfcx0",22,121374,1111,234,363,1
"NUQb31Lu-Is",17,121367,858,30,608,1
"NoB-12-qIts",25,121366,900,184,107,3
"0xi_8C-VlYA",24,121289,1835,168,346,2
"bvgF6esNfeQ",25,121271,330,168,25,4
"wCYkmaTn4ls",17,121263,262,56,81,1
"cz3T-S1rqNA",24,121243,6712,22,338,1
"bialp7g8GzE",26,121184,839,52,545,1
"33nnjs0kcgY",22,121150,2454,72,501,2
"gejJQAAzybA",17,121100,1664,144,208,1
"nlF61mPp5Rc",24,121100,500,99,129,2
"kBQKA0QCF2U",26,121060,749,135,107,1
"q8v9MvManKE",1,121038,18198,219,2720,3
"x-qSsHqtS24",23,120967,3003,76,427,1
"iEVHG5ON2yE",22,120941,1205,139,657,2
"ZTp0yEjXCro",17,120854,367,21,315,1
"SZ-NPNZRyQk",22,120831,147,14,31,1
"TC-ipmLi9PA",26,120824,5699,89,699,4
"7X9WGS_Hl-A",27,120746,820,517,343,1
"hBGSe1psltM",25,120693,128,36,62,1
"aKrtZRFHnzA",23,120628,1460,971,255,2
"c6QOZB1UiHM",26,120612,2785,218,426,3
"LrvDTy6Fo8g",1,120596,72,501,85,2
"Y019Jx9XIAs",24,120566,7607,47,0,1
"PwtIytw6ZQg",24,120542,1274,82,362,3
"i41myoAKiVI",17,120485,548,47,323,2
"5-sZXzCxsz4",25,120421,0,0,457,2
"Tg9ST3c39Ro",22,120399,413,40,210,2
"bu4GV6PWybc",24,120396,2187,138,219,2
"pngG-9DV22U",23,120382,3669,71,754,1
"b_PB10PMO6g",10,120359,4103,54,743,2
"LyhoUNm3xwo",10,120326,7626,53,1085,2
"xR_8Mt_A-xA",22,120321,0,0,0,3
"PLRg18EZL3k",24,120273,2488,151,0,2
"sjF7EPnCd-I",22,120248,457,169,550,1
"H9DemMeLXkQ",24,120205,1200,214,201,2
"SG4pAQDt3qk",1,120191,802,19,162,2
"ZPYvt7efzUE",24,120187,0,0,1766,1
"scSIWjSSsfw",24,120183,1717,218,296,1
"34YloKAiRkY",24,120154,2241,115,0,2
"iORK8aJb058",25,120011,539,110,156,1
"f95Liic5XVE",22,119987,3966,304,1316,2
"W_WbXxdc3cM",19,119970,1586,306,513,1
"BoqyiL_PgdM",17,119869,353,51,248,2
"WHTJZBMIWNk",24,119815,1001,25,0,4
"foVLWhBjt90",22,119785,518,876,1085,2
"ULAen8ECOCE",26,119724,2066,128,752,2
"pim_IjxwRKk",22,119624,3415,845,534,2
"LQRwAITgeSE",24,119623,363,41,108,1
"4qu64UL74zQ",23,119599,2754,151,1097,2
"-7FwdKb0Fg4",24,119594,2366,124,0,2
"sxr2UnKRcYw",15,119519,3373,206,375,4
"QdwACvhFv-s",22,119503,0,0,0,1
"Q0WOdE0-l6U",10,119401,3190,362,455,2
"D7ItU9D30Dg",24,119168,2858,98,0,2
"VwdETREi5ow",24,119137,2190,100,0,1
"m30zn4p8RDQ",10,119121,8400,64,453,2
"Z1UFiaBxr1k",24,119098,2707,128,0,2
"t6mcN13IkrM",24,119075,290,124,154,3
"49D38mbNYmg",24,119070,622,28,172,1
"lWYQ6aWbDFc",22,119042,300,57,317,3
"ZMCLIs-TnrY",22,118956,2373,57,509,1
"_SMLevAsR1I",24,118897,500,35,400,1
"27ZquMfg3qY",24,118887,1531,51,246,1
"40Ym3mOh-Nw",10,118810,7302,119,838,1
"J9_YS8gZmJ8",10,118810,3371,149,217,1
"luAtfRo6nB0",1,118802,9136,33,1074,2
"iMMCu3Q0Mr0",22,118785,3992,68,256,1
"SEw_OSEsoMg",24,118673,7411,112,391,1
"8bz1e1jYHKI",24,118673,0,0,0,1
"z0GDTt2AMNI",24,118641,1308,166,266,3
"T1OMnOfbTOY",26,118606,842,50,438,1
"nziJPXJz6ZA",24,118600,1974,234,350,2
"JsZUZAsVgdE",24,118576,2785,632,298,2
"bXmPRSro5kE",24,118528,8798,119,148,2
"pIaM-r5t1wI",1,118527,37,765,31,1
"xY0Ga6ssrrI",1,118518,713,52,392,1
"P8Ex5hOU1UQ",26,118441,2181,178,247,4
"psmzULr4d7g",24,118439,1489,2782,1058,2
"q_q58ZG6CkA",10,118432,11690,35,2182,1
"81lA9jhM1cc",22,118391,1072,108,198,1
"opa_CjZ770s",17,118367,592,35,545,1
"9H3LBeqxT8c",22,118337,906,65,76,4
"TR2jy8Odou8",25,118157,1589,171,247,2
"Zcz-B4O1VRs",24,118121,5398,76,1015,1
"4l9FC3_D9us",23,118083,345,91,111,2
"IRgfoDiI1qU",24,118008,2703,174,731,1
"UjKs1WzAdIg",24,117916,1276,1582,1078,3
"u5x-ndG7Yq8",22,117837,4001,12,143,3
"8UQP5n7u77c",22,117680,323,129,109,3
"Lq0phHDy7-w",24,117674,2941,85,251,2
"VucNf2yaB3U",24,117660,1538,49,619,2
"1wBfCpA2gLc",24,117652,146,475,124,3
"4aArj0w1mvo",22,117648,608,153,365,1
"HVa5JHUVA30",1,117631,253,27,90,2
"l27GmAbTl9E",22,117579,1487,94,235,2
"uGAhxRhH6nc",26,117563,1746,167,253,1
"BuEf68J5hHs",10,117536,2302,192,76,1
"UgYoQ35CmXg",24,117344,281,51,102,2
"kF7B5J8JJ6Y",26,117295,2756,57,244,2
"eGzs37_NGBc",24,117290,1265,45,125,1
"_Fg8tWDJYz8",24,117257,199,39,107,1
"GhuNkpmf0JQ",26,117159,751,43,451,1
"Eqi3sY3YXN8",1,117145,434,28,125,2
"XWAk3-TAX38",27,117137,2411,619,992,1
"FiyzU8_fW04",17,117132,182,97,229,2
"vun-3Mv9uLs",26,117131,2822,78,263,2
"jgrs-d5qMh0",26,117126,5674,68,872,1
"avft0iorqno",24,117071,0,0,14,3
"9Q9K2iC38jI",24,117056,1462,23,412,1
"j-92MgpO_0Q",2,117019,869,337,224,1
"CcLvorudLfQ",10,117017,6080,57,709,2
"fBxkNv5ejZ8",24,116856,0,0,0,3
"c2112g3uOPI",1,116823,3134,138,914,1
"VFUyQvAzMZA",22,116812,332,294,1536,1
"tMVCmG0p3os",22,116797,31,69,7,1
"wDNTQc5yLKM",24,116768,614,380,117,2
"9Ryn0ghI0Ng",17,116764,0,0,0,2
"cWyiZnHt7E8",22,116744,300,168,129,2
"ht6I6kcmVyU",22,116675,88,319,201,2
"PaY60gtw_ak",24,116644,1528,165,208,1
"uLCqiJCE2U0",22,116633,1147,117,164,2
"Ym-he_JgCn0",24,116579,4119,85,1807,1
"fcRVdHxKdKQ",25,116572,728,103,202,1
"ZvSYq5ylfTU",26,116397,755,35,344,1
"FKOGpfD2k5s",24,116366,1170,25,188,2
"e28oSnFt2sE",22,116335,349,99,62,2
"FfUTuJe-CEA",24,116287,123,147,71,1
"QOMotirSq7w",20,116274,1219,104,33,4
"tPuCzI1TOa0",26,116262,954,49,447,1
"wA1TYHVpLc8",22,116177,542,52,138,2
"1kqFkbU6YFo",25,116166,623,96,150,1
"CB4jHE-K9y8",1,116104,1926,223,687,1
"gKvLlQKzMnY",25,116075,1037,79,41,1
"QPU7snn3T1E",24,116074,2215,105,533,2
"fj6Z4UbJLNU",24,116065,2303,93,0,2
"7Svr3d8quDo",24,116031,1608,38,464,1
"jMWvqeiXxtc",24,116028,0,0,503,1
"0QfApxdB_yk",17,115986,339,35,58,2
"PsFwtImQhJU",24,115954,191,53,228,1
"6QZ7QKEl-kI",24,115910,1841,104,240,1
"9UHl08MhZS4",25,115714,453,190,237,2
"9tDW2Wkw7VY",22,115703,2857,58,548,2
"EHw005ZqCXk",10,115664,5876,62,492,3
"jncXwoqSc1I",22,115530,1357,4947,993,1
"z16C0WXUcZs",10,115522,2883,30,186,2
"iSsjs-9vG6c",23,115519,3931,107,1929,4
"Hl-DMc3u3MY",1,115441,870,24,125,1
"0qMlRIoHA2Y",24,115435,2356,106,0,2
"ZkRLs8bxhvw",23,115384,2171,24,225,1
"FhXUXr5EzME",24,115376,2300,111,0,1
"6jUNaBiyo0M",1,115352,0,0,250,2
"qf96FHwHKyE",24,115329,5686,98,1514,2
"TBvkQ9h_nCs",24,115218,304,31,64,1
"TcHdTT1JQGo",23,115214,1815,223,449,1
"bM4LLiMur7s",24,115165,1022,399,304,2
"FjGOmc-8NqA",22,115149,813,126,174,4
"FRzZhm3Ai8M",10,115144,7245,39,651,2
"dkVTJyg5tYE",24,115095,1548,92,237,1
"MkRpkrQSa4Q",24,115094,0,0,53,2
"RQKD9Z-8xhg",26,115090,5225,76,761,1
"Et21yZDBQow",24,115003,350,23,38,2
"fYex63f6Q04",22,114968,754,95,89,1
"v9gQARbojeA",22,114921,282,188,197,1
"qfVu2dTUiZo",26,114898,1810,160,464,2
"9_DHuwZGVRE",20,114893,1534,67,463,2
"2y60KQfH_ms",17,114875,358,51,457,2
"mW0RQEQGjQk",24,114869,571,187,138,1
"uOW7ADErhCM",22,114846,1408,133,238,2
"fog7LYZCRhs",24,114816,471,44,62,1
"j7hp5eAZFEc",22,114714,5580,34,286,1
"annJZQvfSjA",26,114667,2619,70,602,1
"yJlWxRvwNeU",24,114641,408,119,19,1
"amczwE84dhI",24,114628,635,528,190,1
"69PPQGSKJOc",20,114602,3677,58,584,1
"k-dWzzx7N4o",23,114552,2116,130,353,2
"kct6omoHGdg",24,114526,619,80,157,2
"ISRAWV36TrM",22,114487,288,30,64,2
"c6WmAEBY-C0",24,114416,1141,274,228,2
"cBvJtDXWmIk",22,114368,6126,31,912,1
"wwyzjs_CQCo",22,114352,3296,72,623,1
"fqcQ9Ioaoak",20,114334,2918,92,1248,2
"Hg3Te-ckkhM",22,114330,1231,77,191,1
"Pv1HtJfg5yU",24,114306,352,152,78,2
"om7pLo4ppNw",22,114264,425,274,537,3
"nJhm0Vn_EGU",24,114257,5119,367,1121,2
"7UQSgAjKYdk",24,114223,332,128,0,4
"Fr0cJbApJFk",22,114170,2600,52,560,2
"rJn8Ir3YN0g",19,114158,1165,340,261,1
"Y1tR37551vs",24,114147,8797,50,0,2
"KQijHgkF7Lc",24,114141,545,42,109,1
"EqAvQNMxsCQ",24,114127,7853,35,328,2
"QTr7A1f1jOQ",22,114125,416,34,75,1
"dMQUitVdNdo",24,113981,0,0,1237,2
"fOU5P8HEw0w",25,113965,313,122,81,3
"ipE2ieGksdA",22,113940,1206,93,153,2
"D6RGY3t3llo",24,113901,1002,120,238,2
"kcx1TNN2QgE",1,113738,879,330,336,4
"imXe4u8G_UU",24,113737,933,200,233,2
"qSF8fIhkZjg",1,113598,1239,14,82,1
"CeI-tEAfWI0",22,113596,10993,33,731,2
"1Yfn2o4SM40",26,113518,2463,250,405,2
"G9ULuhZMEZ4",22,113506,623,132,656,1
"Bm-mQFGbPb8",22,113394,567,57,176,1
"5olutLS6mdo",1,113352,0,0,0,2
"OZzM5zNbCME",17,113211,431,19,249,1
"qdNqevMv5dU",23,113043,6283,134,1079,2
"vLhPP6naHUY",24,112844,1534,72,216,1
"JqXiL6APS0s",24,112818,1420,191,231,2
"S7qNyePF28o",25,112805,1691,162,593,1
"cc496TdTito",24,112803,804,33,126,1
"wqxtevkJJIg",17,112744,476,23,186,2
"s8rROP-ckLE",24,112710,1623,105,248,1
"nvzfO4GG5ug",24,112693,2136,121,0,2
"3CgueyYPFXo",22,112692,841,25,134,1
"04YcnWKdOb0",15,112678,2901,30,216,2
"Cm8TtD_AzEo",23,112671,120,45,118,2
"1fO0UhPwgVw",24,112539,1330,85,173,2
"MUm6SvU7ltA",24,112537,132,77,32,1
"xH6j4Bk1Mrg",24,112531,2233,98,0,1
"aNmoDwPEyxk",1,112525,949,31,315,2
"K1lQwKbB3as",24,112521,1672,350,417,2
"WnEALDTFE7k",24,112510,2841,36,316,3
"kTGHWqLQYjY",1,112367,1452,92,373,2
"jdVEwr-KMaI",22,112256,375,21,200,1
"9GdsUJYpCyU",24,112151,295,123,60,2
"7vwlaFTL90Q",24,112016,1505,85,96,1
"Kj-AtSIFwcE",25,112007,1906,162,600,1
"QRIhkdB-tOU",24,111938,319,680,0,1
"USsdfUvQCHU",24,111930,2727,233,603,2
"pFeuMTaWyjY",24,111881,0,0,1063,1
"dctSfTR8kyc",24,111877,2260,19,114,2
"77FxmLiphGI",25,111859,2162,76,325,2
"wzRwHU11rlA",17,111845,361,384,212,2
"gURZ-1opDDo",25,111817,246,71,117,1
"If2kcoeSq1I",22,111795,803,26,46,3
"JCdl4iGYMvg",22,111783,1125,121,201,2
"uQGFwXCaPyk",10,111766,5153,113,1092,1
"Wr8-ifcLoJk",17,111705,459,33,116,1
"AXwIWMfHVek",24,111621,1823,105,0,1
"xx6ckhvZYxQ",15,111589,2282,179,378,2
"sIIU4xVlmF4",15,111552,3516,151,2052,1
"XtVlSyEDVKE",23,111537,1080,64,226,2
"q3W7j9PTLfs",24,111471,273,368,274,2
"a6SfTbgXYrw",20,111448,1207,20,268,2
"Vwb2EDTossI",1,111444,951,19,161,2
"03Sg45BrJwc",1,111421,71,686,28,1
"xICsIgcSNxg",24,111413,459,257,131,1
"rEeMPvfV0fg",26,111406,1789,495,294,2
"QOwU623L6hw",24,111376,2544,192,307,2
"WMBdSdUKo6Y",20,111371,11059,29,846,1
"ORr9a5zIGOQ",20,111323,848,32,153,2
"s2xaXyrdQ2k",10,111314,3685,99,252,2
"puEiMdHZHnA",22,111280,1052,141,93,2
"UtRtkbbnRMo",24,111253,1164,106,299,2
"ACq4eKIsFWs",20,111236,7846,25,729,2
"Aw-Lgm92UHw",25,111173,167,243,54,5
"YglxmJfsajI",17,111141,267,39,552,1
"9zcvYrO9guo",24,111079,642,69,51,1
"mT0K5riZydU",24,111006,1969,260,582,2
"eMq1kjeYLGg",17,110943,134,130,281,1
"MXgps9lnpsY",22,110942,1132,67,294,1
"DNAxmZE3SYA",24,110941,148,660,0,1
"ZJR8IQkRI7Q",22,110934,1936,86,264,1
"hqosJKx3WdA",24,110920,1563,70,203,1
"GFepZkn0jE8",22,110849,2105,489,444,4
"PK16Mj2zvoI",25,110840,205,1482,460,1
"JY5K-uJdRC8",17,110716,1509,237,357,1
"D6Wm5gbfZQQ",25,110680,1576,100,529,1
"fG26hSm_9To",20,110631,2996,50,352,1
"FR6ZQR0e8uk",24,110574,0,0,229,1
"I3nx8fkzhVk",19,110567,1284,267,400,2
"worzXmLV5Tg",19,110561,1445,371,376,2
"FzLRfzpPYh8",22,110545,134,237,59,1
"GcZbtP1W_-0",24,110419,374,95,0,1
"F2vl3FUlcRg",22,110380,2275,1805,921,2
"6ShWtBCXM9c",22,110356,205,62,60,1
"RBt-otY6ltk",24,110354,1014,22,98,1
"Wm3njw05D30",1,110346,541,34,78,1
"atDftmmvxsk",22,110343,1494,442,74,2
"HEoys70uR2k",19,110255,1074,244,222,2
"ZSi-ERazW4o",24,110179,2148,129,145,1
"GKiQHP5ah1Q",17,110177,0,0,0,3
"Wi9ZiPMdLWI",24,110174,783,13,105,1
"HkONJ_ilGDw",24,110155,1685,93,260,1
"qPJeUYQHuZQ",26,110104,2954,142,543,2
"gdmAGIODlls",24,109901,0,0,0,3
"uozKv54gob4",24,109871,1979,124,0,2
"vULf0q330Pk",23,109809,2068,349,292,2
"_hrS8QqK_Rw",24,109705,775,37,155,1
"71CbiDSRYoQ",24,109699,0,0,31,2
"NyxFxdOzGhA",17,109697,1362,79,154,2
"zOGkJY-eX1c",20,109692,3494,156,1168,1
"WlDDih-9h44",1,109651,253,80,146,1
"J1bkOr6X9UE",24,109574,0,0,157,1
"P6kEm-31Cok",24,109522,1423,574,353,2
"A_4lBDdiEr4",10,109500,10900,30,1672,1
"L889vvrm22I",24,109467,1398,97,549,2
"uBvPspjpn-c",19,109463,1142,375,403,2
"6gY9K_cqYgk",26,109431,3232,23,615,1
"Eo2RksHz2nI",1,109429,668,23,245,1
"O8PJVbIVr1o",26,109408,2250,90,267,1
"8c5UDkiWWuo",25,109396,4806,125,467,1
"UmSF7Vc-Cc0",24,109367,1528,138,208,1
"_L58zomsaAY",24,109304,2144,70,0,1
"KkIh4PSZimQ",17,109219,1540,76,100,1
"jYTY4B4tG6c",15,109202,1459,203,121,4
"gYq6HP--ttc",24,109169,5130,181,1213,2
"NRGfBFpqlN0",25,109039,774,131,267,1
"yzUOGXscUhU",24,108975,1881,85,0,1
"naHlztf1hH4",25,108967,1168,171,671,1
"abS01yuwybM",22,108926,1126,184,260,2
"FM_iQ96sIPc",10,108917,13171,56,752,2
"0eQp5h0U_go",25,108913,1302,66,489,1
"YBIS3hbkQf8",24,108904,1503,101,206,1
"2PqRYZPTkyY",24,108883,596,144,202,1
"g3u2BWff9UM",1,108868,6965,78,1058,1
"n14aP1XsItQ",24,108862,1592,216,407,2
"HX3Pbt5Ooyw",17,108757,1792,857,719,1
"X9DfNhbi4sw",26,108745,4953,91,677,2
"KGslsW5PluU",17,108707,1191,110,211,2
"xcJesS1At84",24,108669,1464,211,309,3
"bEhUemAk4WY",24,108598,1746,119,0,2
"YkGeOCP0JgU",23,108568,2454,216,275,2
"k_XKDl0bm5I",15,108548,2927,51,305,2
"RDAzcwdNT5Y",26,108535,2987,44,933,1
"Wel-AWhGDF8",25,108423,1875,156,450,1
"ISlQJSjcBpQ",24,108423,3580,128,1531,1
"B7J47qFvdsk",1,108408,1336,74,201,4
"puM5TjYj97Y",24,108391,2772,132,384,2
"CIY-2UjvVKg",24,108360,0,0,0,2
"YVk7tbKY37k",24,108348,1464,134,0,2
"h58eZzr-cz4",1,108337,88,129,226,2
"wXwFUDg1Xjg",24,108331,2173,117,0,2
"E-QpDAufrjM",24,108278,0,0,0,1
"paL32hY2i9U",22,108134,1942,53,128,2
"j982SrGRVsE",17,108090,158,73,103,1
"UxtQJWm-GOg",24,108042,1815,80,0,2
"VKOnwbxeq4o",24,108037,1319,8,77,1
"sJOrJEuyhXs",23,108010,2044,225,406,1
"UbTrYF9kOtU",24,107901,4913,58,296,2
"HGdGKkBM-QY",22,107836,408,30,154,1
"Tw7HrhceJfg",22,107795,191,68,155,2
"SM0HsBV_woI",17,107792,280,42,499,2
"gRBSQvdV4EY",24,107782,4651,31,581,1
"r9YIWnk04jo",24,107782,2543,180,421,3
"459UsuFxv2Y",22,107667,337,9,41,1
"_Ix0KcNcMqs",24,107594,1707,140,223,1
"4914w_WDTPA",25,107544,2236,133,647,1
"GoIvgwwUlHo",1,107536,1236,160,329,1
"RNfv6rO4res",17,107514,2347,107,235,2
"LBQ2nDlyqRc",2,107489,1224,116,163,2
"AQcbQGkVrCU",17,107468,1314,151,131,1
"3A_AocrvrqE",24,107400,1381,165,401,2
"U2cbAnXr3Ko",24,107376,2101,101,0,1
"bPLWTdCYyKs",10,107339,3264,40,252,2
"hRSv2gwpupY",10,107321,16566,107,3043,1
"fCPgcYpeY54",20,107253,1291,16,156,1
"lHO9aT6MMT8",25,107225,4393,58,689,2
"Cz3gcOsUz0c",17,107166,2136,71,201,2
"CgjHBhI1FPE",24,107126,1531,8,75,1
"1uQOQF92ieM",24,107068,482,214,129,1
"qGrT7BYA3Dk",24,107038,1820,245,46,2
"slC1mog2QZo",24,107033,7943,26,284,1
"6e91UmHBh3U",19,106980,1492,270,449,2
"52jwc8VgheU",24,106955,2047,79,0,1
"JosOW7rd0MA",26,106936,4120,446,1033,2
"2qsd31iC5C8",24,106924,808,425,185,4
"UiohwUEHPMk",17,106892,3978,66,269,2
"Td7aMy47xmw",26,106879,570,102,198,2
"3E1VhZqYCRc",24,106858,256,57,98,2
"j1g0X5h0XYE",24,106765,7852,38,336,2
"ZzRkS2j-OvQ",24,106653,0,0,46,2
"8gBjO8zXP7I",22,106515,2829,69,93,2
"2_nxsI00bF0",22,106508,5766,53,700,2
"k-hZvaKQvPg",23,106492,1587,51,256,1
"c4ZQ36slxfA",26,106462,2943,65,206,1
"2y9XFtwh-B0",20,106382,2556,79,503,4
"pSRfWT9GFek",24,106376,797,300,415,1
"M8baNBiZ6u4",22,106352,5804,119,657,2
"H2Q0hTtmot8",24,106345,1294,30,838,1
"bQNPrf9qc28",17,106295,0,0,104,1
"L3IxBUJjbL0",24,106288,1694,20,320,1
"JYoZpwJ_JbI",24,106234,1528,74,0,2
"k1gG2DTc8sE",20,106231,225,34,450,1
"40abMSDCyEI",25,106220,892,91,187,2
"vf02G6g5-60",15,106174,2620,45,452,2
"EVkPNEjkpeY",10,106169,282,110,91,1
"UHjbrU_ThjY",20,106153,0,0,0,1
"cg6u8ihbrzs",22,106083,0,0,206,3
"HPbS2JjXjas",25,106056,413,80,245,1
"5O0Bqr6u6CA",24,105964,3227,153,549,2
"jYUpxhZIU58",24,105907,917,61,144,2
"IzLsC04eDkU",17,105877,371,69,29,2
"N5cPA4s4nAc",24,105821,5679,19,207,2
"6d5V1qOyFqw",20,105816,2306,39,290,3
"zFqHVyqZmV4",17,105804,0,0,400,2
"Ombt8nSNUYI",17,105744,206,89,66,2
"GnZcfw9Nfwk",23,105686,3381,222,857,4
"JOfbxBtdEVA",22,105649,431,80,134,2
"pCGrI1uol1A",20,105543,1840,58,194,2
"Kwo5f12jStI",24,105528,6802,58,1249,1
"_NIULCv8yMc",10,105447,129,5083,0,1
"ERL1W_Bfyvo",22,105413,3764,37,402,1
"9439Y8LrzaM",22,105383,120,45,177,2
"JFFNJvXvEWI",20,105362,3230,216,177,2
"e3eAV2RKw5w",24,105338,1385,127,163,1
"5JDns0DxZEU",22,105320,274,117,28,1
"MjFru0g4Hac",24,105319,3321,146,780,2
"KQ2__O2WMMc",24,105286,1762,99,0,2
"1lhgmlXRd64",19,105245,903,339,395,2
"nL7i_ViM76I",24,105223,748,85,144,2
"GX1SLXR4oFE",22,105167,1050,477,220,2
"bnm44GzC3Yk",24,105134,1083,396,304,4
"FVPmVIfl3-o",19,105112,1547,540,499,4
"DNKgCl7Bn50",15,105112,4959,66,722,2
"llhmcxxt8To",24,105107,882,32,191,1
"qYjdiNHo7Ts",17,105093,3859,66,187,1
"jBqfRHMzwZc",22,105078,363,132,273,2
"NJFPUswtyrA",15,105061,843,45,191,2
"1-c_S_cibi0",24,105020,1861,187,350,2
"jarRQHfIogY",22,104947,1249,119,355,1
"gycbYVBePO8",1,104922,3288,21,144,4
"dyiHkBJgmRM",24,104862,3646,19,77,1
"voLKzxqRrK4",17,104798,1874,68,259,4
"kK2MKPV0Ogo",10,104752,1621,28,168,2
"1AmQy8dcECw",24,104746,2951,400,645,2
"e13rIHiub0k",23,104735,1531,911,257,2
"Hpp2NFKjeT0",24,104712,4630,161,1198,1
"ylbJuEudlEY",24,104708,1254,34,228,2
"L1fhRGzZlcI",24,104672,1453,98,208,2
"B1FqJxlGgo0",20,104658,755,280,467,2
"eZh0EKWZAeQ",2,104644,839,39,202,2
"8rNKyZTlaqc",22,104616,173,87,164,2
"XKbWb5gnJ_4",1,104615,302,72,77,2
"gWX9hQEjSqE",24,104551,0,0,398,2
"KogLNlAIZV8",17,104544,155,35,150,1
"YPX6hKCli14",22,104505,533,34,80,1
"RJi3Ip5Fl2c",22,104502,3206,78,420,2
"gz0fLbngBeM",24,104483,2913,611,767,1
"7gILezjXn-M",24,104479,6010,114,1081,1
"MgqhzoiBaX4",10,104459,6201,47,484,1
"7z9KPTI5ixI",15,104391,6794,27,516,1
"njupsut9kjs",24,104373,0,0,973,1
"w9sZ40nch_s",22,104354,1278,114,176,1
"7B7CDINRhQg",20,104347,292,24,27,1
"cUbzGhuAGm8",24,104324,1042,55,193,1
"GARy3npSR4s",22,104268,215,44,196,1
"msN-b90-NrQ",24,104264,1644,147,268,2
"TckHJUh-_4g",17,104219,1254,111,230,2
"d0am7-lXaus",17,104161,2017,26,453,1
"_tE8kk4sbHU",24,104061,3588,203,661,2
"hAnWpfa48-8",17,104010,229,252,83,2
"IEjtyUW7wf8",24,103960,3148,46,0,3
"IjkagpIqWsI",24,103954,845,27,31,1
"GhyuL851p2Q",25,103866,1545,121,471,2
"fAklQ6oGzsg",17,103856,1252,70,70,1
"78tEndr7AEE",26,103854,2216,41,446,2
"N5O4wzuJOr8",22,103814,975,119,161,2
"bAqs3kiyTb4",17,103798,1298,273,305,1
"ltgkjBlI_3E",26,103732,1781,164,259,2
"hVO5-kU4OaQ",22,103690,619,227,312,2
"fOwgk0iqkNQ",23,103640,2822,57,702,1
"eCe73jzM1dQ",24,103566,0,0,1529,1
"Hz0Ct5SlV_g",1,103548,6718,37,1185,1
"o5j_isSRBGI",23,103529,3163,151,353,2
"l-i7rPAmCtk",24,103510,0,0,124,2
"oS5qid5zjCs",15,103482,1314,44,159,4
"VofKtgxBrKM",15,103477,1433,210,108,2
"V3gE4OXNck0",24,103430,5748,125,1119,2
"jDENhTFyD-Q",24,103345,333,55,195,2
"4j9DoB2dD4s",22,103341,1079,117,143,4
"QGhFKbvZW5E",24,103232,1871,82,0,1
"xqPehBQgp8A",24,103232,719,158,237,1
"j1RdJ2fif0I",24,103212,1094,297,208,1
"s--zFdjlUcY",22,103200,392,23,322,1
"zRjRc7oBIpM",22,103179,584,44,189,1
"JJWSNewDOTk",17,103166,0,0,362,1
"Yi15z7Jev68",24,103120,6762,117,2936,2
"eM8KpFVDEc0",24,103084,2698,137,623,2
"hVDr673OCE8",22,103072,197,504,249,3
"RatyfLInFLk",24,103054,2123,155,264,2
"WTrAcR6IUOU",25,102991,1916,89,321,2
"lvjsR1tS7zo",10,102902,1988,65,166,3
"TrvBea7vs2Q",25,102901,2546,59,349,1
"FVdlmDBLgjc",24,102880,9927,61,727,1
"CUVGUlfZ8ok",24,102841,1168,82,0,2
"O5_AjghiDSc",10,102832,11794,93,901,2
"x0zgWgzy8Ow",24,102815,1277,27,174,1
"rzMEBTKWkJY",15,102811,1640,70,133,1
"VBUeVevebhk",24,102810,1018,172,201,2
"bL-IJ4DlRr4",24,102789,1265,171,224,3
"Wn3uFD1pnS0",24,102787,1719,152,324,1
"UuS5RZBl6y0",24,102782,551,445,228,1
"3o3p18_nB-E",24,102760,638,120,44,1
"pBnKySSdvaI",22,102703,548,14,108,1
"enMzQTnZlEc",10,102648,7784,315,1073,1
"0vTfaBboJKE",20,102610,153,48,0,1
"XP3u_e4ZTPs",24,102598,0,0,0,2
"D7q8MhesY50",17,102584,140,82,88,1
"f34BHV4-dro",24,102566,831,117,192,4
"3kdiahbVf44",25,102486,515,54,103,2
"ZCaIceRZYoc",22,102473,2306,88,603,3
"YlkLlWleswU",15,102464,864,82,99,3
"4bO1KV8rZZ8",24,102449,5568,107,0,2
"3IsafkR6Ohs",20,102446,612,22,83,2
"d6oRVBpUU8M",24,102429,0,0,801,1
"RsGGQAJ3Bb8",24,102417,0,0,0,1
"BAprdOr7pyE",15,102365,2901,35,294,2
"bQJVymi9ZoQ",24,102296,6050,51,521,1
"S3kdK2E9OnE",24,102245,1712,164,431,2
"buWbrvEph74",24,102239,1754,112,218,1
"dQWbJrN5P6I",22,102215,130,37,188,2
"7Y1c_JaKE_E",15,102156,3779,133,815,1
"EvX2HS_yUHQ",10,102145,1547,598,1514,2
"vZotxlou5kk",17,102114,0,0,0,1
"JzzCE8MZJec",25,102112,1742,65,81,1
"rLJFcV8SKFY",10,102075,1873,272,238,2
"j-r77CZlIvM",22,102067,1053,83,148,2
"TUriBtNo0ck",22,102065,2296,52,364,2
"fbvyFA5riFs",10,102055,194,35,14,1
"SisrCrgKfAo",26,102051,2126,177,438,2
"ybwghebj_nQ",24,101976,1524,144,207,1
"GJuTvE7L2ek",15,101915,2547,863,859,1
"spMOjTVhoAc",24,101880,1516,52,120,1
"Cqj_Ilmkd1s",24,101852,1330,190,156,2
"_1DDZz1FRmI",19,101796,1144,344,479,2
"OzxwxLMuAjA",17,101786,1531,39,0,2
"ePNA5YSqbQQ",24,101758,1430,281,191,2
"JPxNUx8ie8w",10,101740,4731,86,532,2
"Cf7W_z2svKw",24,101723,1854,116,328,2
"faUK0wjV3aI",24,101715,2015,105,0,2
"B_xLfQj-Qsk",22,101691,872,309,490,2
"NaQsK8jHxYg",24,101659,1464,260,40,2
"xBf54nj2g2E",22,101645,1774,2750,389,1
"tQwoSx_qqlU",24,101556,1195,106,261,1
"WEZVfoEfclE",24,101545,1349,26,391,3
"zzI_OaWNE9I",22,101533,339,110,371,1
"wyykE0-qA8o",15,101514,3025,48,323,2
"A-C2dMuuqt4",17,101484,592,31,426,2
"af-nsfFH8bQ",20,101458,197,48,126,2
"OulGbFBIOQA",20,101426,918,39,28,1
"LPBQzJVA4G4",22,101397,4724,49,644,2
"YIjcz8xlYjg",10,101246,8247,62,396,2
"of07CWBNzg8",22,101206,2437,145,0,1
"D7UuNXt1Qcw",1,101118,2918,13,150,3
"_sRQjP3Knfs",24,101057,4666,152,871,1
"5aYsAnBCMEU",24,101049,1466,111,289,1
"OwgZsfziDxc",1,101018,510,24,127,2
"YiIgLE_smJ4",24,101012,0,0,775,2
"Q3TrHl_FHM0",24,101006,4199,134,976,2
"VZ7welSZIRk",25,100990,260,70,128,1
"pD3AheSmrjA",25,100987,920,156,81,1
"F9y3QPJwzTo",24,100941,222,50,83,2
"uRkeFD7D-5s",24,100928,184,51,218,2
"RZRrdWuwOiQ",24,100919,4956,269,1461,1
"zh97RIOHZVU",22,100879,1047,102,198,2
"SZtVhn13SKk",22,100877,1039,76,167,4
"Sc2A2UeQY3E",19,100807,1262,298,351,2
"nNehlyAM2-A",22,100803,892,84,404,2
"H9MIMTuB6Jc",17,100747,0,0,304,1
"zHQmek0XqXo",24,100673,480,267,115,3
"UQyeOnuoIOI",24,100637,1297,72,275,2
"jRk6KqZsyHE",26,100615,1771,58,201,1
"h5NwsvkzduA",24,100534,0,0,0,2
"qNqHSEkgTAU",24,100497,280,89,185,2
"ejjZCMdT4P0",24,100486,3205,124,131,2
"HswqH4wzg-Y",24,100423,1575,131,222,1
"i87A6IUNhbs",24,100367,2940,44,565,1
"ny5IRW77CDE",24,100314,102,417,0,1
"hVd8LYLE9CQ",22,100308,5012,51,268,1
"2D8lDDHm22c",15,100301,1560,36,141,4
"zVJqVzikMCY",15,100284,2251,52,213,1
"gaJ77LEpJrg",24,100253,1978,155,516,1
"UZV5qyUxvgE",10,100239,3704,62,0,2
"ze4qQICHOws",22,100225,1975,86,265,2
"TDB6dehOKaM",1,100218,4880,29,570,1
"q9xVwOyd_d8",15,100135,3346,98,306,4
"H2aaHPZ-67w",28,100074,0,0,85,2
"c2KfqSiCfWI",26,100047,639,196,474,1
"moBnoL_5jRc",22,100019,186,65,28,1
"iHtKyiWlaro",22,100012,1081,74,141,2
"04CLZIf3-a8",22,100003,299,47,29,1
"zlozM4o7o_k",24,99902,1850,160,395,1
"M3GJssMFrm0",24,99776,1070,33,258,2
"2B79M1bzghE",17,99766,1905,84,175,2
"FurVcG5q3Dk",17,99716,543,30,414,2
"uQ3v8WACfEQ",17,99712,795,49,520,2
"L5wegoX2ye0",1,99711,727,29,526,1
"An3FvhMzWUE",22,99682,477,175,180,3
"TPqC-L2b0PI",1,99679,2792,22,125,3
"DIG81rLWP-M",24,99677,2133,344,489,2
"T3kLyowl5z8",24,99670,239,40,73,2
"bj-iuNzw1xE",24,99640,591,11,46,1
"0rQc5ag5H5M",24,99617,0,0,91,1
"pw_XUotmaSA",24,99527,1487,98,0,2
"FZUJkoThQAY",25,99476,1268,120,951,2
"aP1FLoYvLgk",2,99473,1152,115,144,2
"AJMd6hUS_zc",19,99424,967,256,240,2
"Ac3K7ogMgHM",22,99295,153,43,17,2
"xRXhqzbI4IQ",17,99256,170,25,39,1
"yevnWjYlnsQ",20,99191,3629,56,1376,2
"YukTwhRQp4k",24,99156,6091,24,274,1
"JHPvflE5dzQ",17,99150,2150,74,242,2
"UWHjnd-3MUA",24,99145,454,36,84,2
"kPVjhywDID8",17,99135,0,0,194,1
"RRzUJ0oL9cc",10,99017,4987,82,414,1
"JRFnDMUHdrw",24,98983,75,36,58,2
"gWMDP8OAs8U",24,98933,382,568,154,2
"6dx143x7lTY",24,98867,1811,328,227,2
"0x7e6rBbRf0",22,98852,2571,53,508,1
"OIt75bcjp7Q",24,98846,1590,124,0,1
"LK07ssNkjp4",17,98813,668,29,122,2
"d13iwg92Qzc",22,98648,2592,2246,586,3
"qbczpEPz86o",24,98605,2300,266,472,2
"V8FDU_oPzV8",19,98595,273,291,77,1
"Csa4npkmOCA",24,98589,1816,124,302,2
"CYR-2e5VrWQ",17,98588,296,27,45,1
"ffA3DCzc7GI",25,98580,2074,151,516,1
"09lRbIfo-to",24,98540,648,108,162,1
"7-fiRiRk_WM",24,98480,4423,61,432,1
"roj_1uXbJNw",26,98466,1745,119,178,2
"VFJBg-agvmg",22,98465,166,89,183,3
"YeHkBSS7z3g",24,98413,1234,83,125,1
"zr99xwEg6Pg",25,98294,80,39,35,4
"BaDHavq8W6Q",25,98211,1562,148,560,2
"9Oy3lY2oHgo",10,98192,2076,30,155,2
"8S1BZnVqBPM",24,98121,0,0,731,1
"028bEAfE9aA",26,98108,1176,91,575,1
"kPeZgzQgYk0",24,98073,739,26,109,2
"FwN1GHHNXGU",24,98048,2828,42,437,2
"N765PgmiEIw",22,98034,2096,49,375,2
"4mIdCE1fnS0",22,97981,556,66,254,1
"KoQsPpulgwY",24,97971,2039,310,404,2
"TObTS2VF4x4",22,97921,279,61,75,3
"21qk16s5V3M",20,97901,5287,77,1109,2
"qICrjxb3UD0",24,97879,181,5,0,1
"QJmV4BQs_yg",10,97847,4260,18,141,1
"-7LQb5Pq0BY",24,97836,3605,45,909,1
"AJStuBrN8YE",24,97765,617,1049,217,1
"1xj3l7LcELs",22,97756,1801,37,187,1
"G7cyoKkKI6I",22,97681,856,37,258,2
"a7Ug8TJ_55c",25,97638,7292,183,1300,1
"9iNJHFEu1_M",25,97604,2260,122,399,2
"mYfDQJjL0IE",17,97539,3070,91,223,2
"KzC5LWaVmaU",10,97456,2879,115,82,2
"uLMKT50zNh8",26,97422,2394,24,545,2
"0NCguOcUML0",22,97405,1005,84,152,2
"pBxwqi-tXa8",24,97382,0,0,87,2
"pK-4U9n8P-s",10,97255,5991,50,267,2
"Ri0lfUx8D1U",22,97252,926,141,235,1
"3sLn_4b4hB0",15,97234,3160,178,311,2
"bg5kyJ8-Vdk",19,97186,1124,213,469,4
"nOX3cY9MyV4",17,97149,633,77,471,2
"NyfXFhccK68",20,97145,0,0,0,1
"2Yklt8_oa3Y",22,97141,1908,49,95,3
"KjiEsB_Xn5s",22,97138,2205,49,360,3
"0XIK60CLGas",2,97100,1009,79,297,1
"P8GAS6RWuL4",24,96974,540,132,162,4
"1HY9DbAU94A",22,96913,964,547,187,1
"hHupFbhf6Ms",25,96875,7408,194,943,1
"h9vFSJDMc0I",22,96874,350,38,43,2
"O2byI19QvE8",22,96834,2214,34,305,3
"kfNGkHLlwuA",20,96827,741,32,178,1
"qxkDZ0LXvPU",24,96798,1229,479,425,2
"w7w-NmH7QU8",20,96791,1552,377,441,2
"sHg72LmC0rI",26,96538,2857,212,504,1
"0ImGYoyTCR0",17,96498,281,36,304,1
"wN_AvLzBpZc",24,96485,1605,86,0,2
"ANsWsfQfQCM",24,96451,0,0,265,1
"NhLJtkZ7fBU",24,96418,1605,31,73,1
"f9UfcBoWyQY",22,96395,1271,59,109,2
"T0zp6XYxbbE",17,96385,1431,76,132,1
"CM-DG1aMvXg",24,96380,1548,158,243,3
"yM8cVyw7f-8",22,96355,2642,43,112,2
"qt8F2MFIzYU",17,96350,0,0,111,3
"wLOctQy2--E",10,96333,5415,39,413,1
"aEMZZoNeQEQ",10,96321,3505,206,689,1
"kIzR4sogi90",22,96313,371,30,99,2
"pQ-fHVdCMT0",1,96289,118,27,9,2
"E-44bT94h_s",24,96263,309,23,122,1
"5wNnwChvmsQ",25,96255,1165,277,545,4
"KrV4WKPoUPI",24,96192,0,0,216,1
"gSd3CdRne9Q",28,96170,0,0,212,2
"l7LxLUCrz5M",24,96160,1053,86,139,2
"Z2ClOF2e8X0",10,96155,4300,212,399,2
"AGXkystpisU",22,96082,1348,145,243,1
"PoYg_PpLf3Y",24,96041,820,31,121,2
"xsGPvLrFDn8",25,96021,3100,176,1148,2
"6ZWoJBFV174",24,95928,587,113,56,1
"ifvYKpte2DU",17,95919,1216,119,208,2
"pNIcFMop5yM",22,95876,1035,133,174,2
"qTBm15XbI2A",25,95867,36,143,5,1
"cj7rmSjqiS4",24,95855,0,0,169,1
"U2sYAcVG90g",22,95829,1425,85,269,1
"wmV-urzRHLY",24,95765,718,308,314,2
"felCNKj2t7M",22,95719,2452,87,1109,1
"Qo5VzcGeETk",1,95668,50,3,6,1
"shDDroPpbLw",17,95648,404,18,214,2
"_IIH0HjUCyY",24,95541,1089,82,110,1
"wOZ0Rz9Dij0",25,95523,406,62,148,1
"A0NntfJuVM8",22,95490,1291,80,160,2
"ir_vJty3Xkw",22,95485,0,0,233,3
"0TRpYff8lyU",17,95476,87,756,21,2
"Jdo1nzn0ri0",24,95448,474,71,79,1
"J9r7Agjotj0",15,95422,4061,26,507,1
"F_VvKvlhIGw",26,95421,1411,40,618,2
"04bUxaZPxmQ",24,95407,890,100,183,2
"eLTuvWiCReE",20,95404,336,74,332,2
"SdJ2RZE0zZs",24,95395,632,237,110,1
"Zudw_7x6zn4",22,95299,1344,93,380,2
"azd2We1gZVw",20,95281,1629,62,398,1
"jfeKoBCmBRc",24,95266,1438,44,117,4
"Ra8Xrxlo4UQ",24,95245,876,54,316,2
"RL94v8akYP0",24,95202,69,194,53,1
"etisfLMUagI",25,95182,1797,134,271,1
"1ORUcxiSSN0",24,95141,956,23,209,1
"gow865myE84",22,95117,0,0,62,2
"7d9n3j63PlU",25,95056,309,60,24,1
"bG28pexkVrk",24,95003,1621,85,0,2
"oXn9Z5m09-E",17,95000,1486,49,146,4
"2MgIFfOpGok",24,94973,939,33,220,2
"Y84thvGMaNQ",23,94953,3561,86,1489,2
"p0gRS6TQz30",10,94826,6093,57,233,2
"cwBcZFDZDV0",24,94814,418,36,222,1
"y5-5AboJUkA",25,94805,940,44,263,1
"mqVvJmsYsms",24,94793,0,0,132,1
"HsK9pWnmA4w",26,94712,2090,35,509,1
"MdPhjO_B5UA",19,94697,1046,213,495,2
"gdvJXhqG_Wc",22,94607,335,55,46,1
"8Zof1aynllo",1,94602,3612,168,571,1
"LLmkmE6-pC8",24,94593,0,0,240,2
"Dgw4I9xNWys",15,94545,1379,28,130,3
"RDqu0IaUQog",20,94521,1605,92,341,1
"nf5i-Lw31sw",15,94517,2887,30,328,2
"wrOT2xsZ3XQ",10,94493,10800,60,1751,2
"7C52Clqg-lM",10,94454,3178,171,666,4
"0-9NNhoDi28",17,94434,333,21,83,2
"D9TH2fRCNAo",24,94432,0,0,360,1
"qPR2CI9b7i8",20,94374,1343,117,348,1
"DFLaQb58u8c",22,94369,1162,23,165,3
"yIFDBfp62lE",24,94332,834,116,135,2
"CATw1aPOxRk",10,94306,7652,49,475,3
"XWYmNyx8naQ",26,94210,412,132,286,1
"B3JZ-afuzBg",24,94208,2293,74,125,1
"SEpNsXeuYjM",24,94148,86,299,21,1
"fUyTAa9FiOU",24,94146,256,27,55,3
"gx1pOnmwq8E",25,94131,1891,169,663,2
"Trs-uIlYbOQ",24,93996,1845,100,414,1
"F_Dm81iDNbg",24,93975,4147,21,183,1
"xSo4BBk_uPY",22,93969,368,56,83,2
"N6nY7IchB4o",22,93849,1169,74,186,1
"nOD1-lmdPuQ",25,93790,445,129,343,1
"wkmlUIBoKqQ",1,93750,450,32,142,2
"ukY5gJ-ZZLc",22,93718,414,82,105,1
"Z3evx2MBWN0",20,93704,625,41,12,1
"a_OgfW0mIrk",1,93673,737,24,51,4
"IIN9YNSp0Hg",24,93570,1620,32,136,2
"stgdKVw25T0",22,93542,1946,64,449,2
"Gh6hJDMbObE",20,93465,626,115,84,2
"NNKf2SUO6hs",2,93449,762,94,179,2
"27HUDjm_5Jo",20,93317,3038,21,505,2
"hzQLrb0Vnio",24,93299,787,155,125,1
"YzbYH4EPuEE",17,93278,1738,96,271,2
"HgRsKVgMGms",24,93207,853,97,133,1
"mLGe7UV65Io",15,93186,1293,62,103,2
"h7RkEjMcNz4",24,93137,537,312,90,2
"2B8MeIEJmZI",22,93132,3738,44,242,2
"_wyz7jhb1O8",17,93130,156,195,94,1
"GQqs-zS2xro",24,93085,1547,139,291,1
"cDcIlV21oHI",10,92999,4378,66,357,2
"FxhCp3XEWtw",1,92983,3805,46,770,2
"GAn6vLrSgDk",22,92981,2128,63,614,1
"eAtypTNHe48",10,92981,4036,63,565,1
"zyGXv8Emkdc",24,92905,550,38,453,1
"Iy9HGvfk3t8",24,92893,523,128,67,4
"mBxAuPQGJbI",24,92838,1654,192,307,2
"ypim7XHxNe8",15,92813,2247,74,203,2
"t4nqUYJqEFQ",23,92810,0,0,201,4
"falgGqavpkk",20,92786,238,260,81,3
"0WAthvxh2pc",24,92769,491,57,85,2
"eMONEl5YQxQ",17,92767,1627,862,1548,2
"uPmtNsHV8qs",10,92750,2278,34,259,1
"0f1IKeQPQNA",1,92741,213,87,117,3
"O5bLjd8A0cw",17,92722,2016,255,559,1
"mK2sOgj7f0c",17,92697,229,34,163,1
"xNMJOhdi8Pg",10,92603,4086,41,165,3
"jbhFyGPER5g",24,92562,211,298,87,2
"XeI4Ne4Dukw",24,92521,252,42,61,2
"DAXwLDycfqU",17,92517,235,88,11,2
"N6vXxFpQ8UM",24,92471,463,56,211,1
"eHl6DTDJpyQ",22,92426,142,28,96,1
"Dm6RXhw2N3E",22,92425,330,52,87,3
"_aA8pZy_EZw",10,92407,3277,32,142,3
"_ibnSridHa4",24,92400,592,43,0,1
"7eyu_1xqoqs",19,92398,979,313,340,2
"wQbcOfRkfYk",24,92323,1726,91,0,2
"DDsjUtaQsgw",24,92300,1628,106,0,1
"d4iX6912NOE",24,92279,777,29,116,1
"EYYvwMSWrGo",24,92261,853,37,207,1
"LXg38rjyzzc",22,92219,2683,53,560,1
"34qn9dnjL6o",25,92209,634,88,303,2
"CorrUP9ohRI",22,92186,156,401,43,1
"j2Wjn-Zlixs",26,92184,3561,109,385,1
"unJPul28iUc",22,92165,1367,118,197,1
"EIybxTJ1KZc",22,92128,262,13,84,1
"elUOX0B7XJE",24,92106,922,148,100,1
"br_2TkFXUfo",24,92028,5959,55,332,3
"w7BHNSDsfSo",24,92003,1204,167,301,2
"WQXdQWnJ1qI",20,91942,1519,82,433,2
"VjuJqGEy-SE",22,91938,300,27,145,1
"B_v4nRnOs4A",22,91931,235,96,71,4
"BGzWBzNEU5Q",24,91892,108,64,90,1
"cwRj_R_dCfQ",22,91848,310,139,88,2
"lD2MP3vevnM",25,91839,446,43,99,1
"a6SxZj9M5iE",25,91827,226,49,155,1
"rd8W_UEzKfQ",24,91800,157,537,312,1
"Eerga0e45bI",15,91778,2105,82,201,2
"y6IeRLWObeg",1,91734,504,22,121,1
"ZSuGdNmvdoE",24,91678,1885,152,40,1
"LRFcDGRNmXA",24,91673,0,0,964,1
"ikcVGtHgIOs",25,91632,2273,58,234,1
"HRDisHLSa7k",24,91628,692,298,243,1
"rBJBJPlRi2I",24,91592,1427,110,0,2
"fHnPO1QXLb4",23,91591,140,36,40,2
"jF27vkJ1OU4",24,91564,120,78,61,1
"l2fRaE2YBds",20,91540,163,18,106,1
"py9d4TdmCQw",22,91532,223,23,0,1
"OwFWUkck4dw",24,91503,1238,316,462,2
"zWlAwYRJj3c",19,91496,1161,248,335,2
"HHaPe2vOFpM",24,91475,1322,81,0,2
"aAoW59vQ-pw",17,91456,259,66,27,1
"UQ4yg_Wz42E",22,91440,1768,1659,401,1
"4jaoicIuwmU",22,91424,2709,41,589,3
"9ytYkvqkEQE",24,91414,943,99,331,1
"cN79Tjl4cEo",24,91367,1552,2723,1126,2
"FhC5t9rh8Y0",10,91301,2712,105,506,3
"hpgdiwFFuBE",24,91261,918,11,27,2
"K_tLfhXO5as",20,91247,1202,55,52,1
"GHnumH5YWsU",22,91237,3286,122,688,1
"j3mb5SfpGdA",24,91217,810,231,197,1
"Ez7sTBFQxJw",10,91208,1784,11,112,1
"N7U0wmh849U",22,91198,1102,134,328,1
"Q4WYHhEHI3g",17,91191,37,119,25,2
"91XZJl-SCjQ",17,91140,216,92,103,2
"rxPKGo3m-cY",17,91123,1952,75,289,1
"Z7G7wFNRp5w",26,91100,1707,20,375,1
"4uRLjbzVczs",26,91092,5862,51,249,1
"1zASPbSKMVY",22,91082,249,34,117,1
"TnziZfjQaw4",22,91068,1144,65,151,2
"8Wh9BxfbCh4",22,91066,241,78,157,2
"fS9yyZGiAJA",17,91044,879,219,210,2
"czQr3k9cKUU",23,90989,208,37,41,1
"Gh8U3P_APuA",24,90977,1366,22,0,1
"bL62g1WDdVU",25,90955,152,218,35,1
"oaVPxiMDM1M",17,90942,284,53,32,1
"xHt9z2ZQH6Y",24,90937,604,67,101,1
"ohObafdd34Y",1,90929,442,88,174,4
"kof5gU83nRY",25,90911,0,0,36,2
"oPvYMxnYo54",23,90858,3040,66,424,2
"kMKsgrJ0Euk",15,90812,1493,43,188,2
"ceDgyfTC2ns",10,90779,2668,44,190,2
"RLDva9UJCWQ",15,90770,1796,114,187,2
"BOlvk2I_9aM",24,90732,1635,143,268,1
"S4TAT7coMqU",20,90727,6213,19,1175,1
"re9RyaOpnNs",22,90674,1398,92,246,2
"wzQU6l7Xii0",24,90661,673,335,215,2
"_Qyy6CuaK2Y",25,90659,0,0,19,2
"5x7xn9AVdEI",22,90654,629,42,59,2
"_NHrL7hkf6o",26,90628,4446,29,256,1
"n6BM2IXY_p0",24,90626,782,50,120,3
"gWV8gjTPOD4",20,90590,615,1035,331,2
"t1RZMi-XOeA",25,90546,213,112,50,2
"HsbHBbDQ9Wc",1,90424,1478,121,440,2
"_3GyHst62do",24,90373,3825,20,767,1
"s_jcJW_ogmI",15,90328,938,26,209,1
"3nsqYhauvgA",17,90305,1009,214,365,1
"BTrDd_kvDh0",17,90293,0,0,147,1
"NA5zcp6Qrcc",17,90285,2243,66,229,1
"ygyMtW46T7g",17,90281,428,22,285,1
"z673oAKMvCU",24,90225,173,95,160,2
"NdQCcJCr6qc",26,90211,1684,97,540,2
"rbxnUcQ9dsI",24,90210,1863,44,314,1
"Xqx1rQ1Q9ck",22,90200,1275,114,299,2
"z3oquceNwh4",10,90190,2732,47,243,1
"xc4BW1O6GhQ",24,90180,263,94,150,2
"lJq7U0Gs0wA",24,90175,9859,29,885,1
"eJIU0fIZI5s",24,90172,665,264,223,2
"eu4QyFaYhBg",25,90129,3009,193,1039,2
"Or1iP4msEX0",22,90099,1694,19,138,1
"BtHdcMwX-t0",24,90093,1202,268,166,1
"uftrSWaNMec",20,90057,2878,144,443,2
"ni4WtSXrIiA",10,90046,20069,32,2176,1
"a5FE0U-EYmo",24,90027,635,421,170,1
"pE6xHZQsIxU",24,90023,255,59,139,1
"dn26TYyt4hQ",17,90022,495,21,20,1
"QoNeUY6DUX8",22,89892,4174,73,108,3
"uhzgIfAiUVs",17,89890,230,34,412,1
"98ek21Nx2UI",24,89889,255,82,187,2
"9yZehDYvnTA",20,89876,614,518,316,1
"6G3piN0Q0Io",24,89802,546,43,304,2
"OtiQUEZz_Bg",22,89786,2977,61,402,1
"Kjoks4a7iV4",20,89759,2388,31,385,2
"SZMAheXAk7U",1,89757,1753,21,285,2
"BDJhYXEVCsQ",20,89747,5318,45,1282,1
"6UZZ7K53mJk",26,89747,1398,204,167,2
"riQE1j6MGE4",22,89617,2218,610,438,1
"B4k_lyyYaCQ",22,89587,64,166,32,4
"YRfqwhzQMOc",15,89586,0,0,328,1
"LMftHaUWjlA",2,89560,874,85,208,1
"_V5QRk_Mp9g",24,89558,1493,263,165,1
"1l7aLyAIoak",24,89536,2530,84,622,1
"UlYkPZJ4Iqw",24,89535,228,115,29,2
"n_O-wQN3YDc",23,89487,3210,38,345,1
"c4RrPA-83oE",10,89435,3801,22,313,2
"Yvfg-ABkHs8",15,89428,8325,542,2399,1
"ZVBhF6qByW0",24,89406,1470,198,600,2
"vS58D_e99d4",24,89357,1136,369,397,2
"bWIp5Db_TKI",22,89271,2534,47,466,3
"8hOhCndBg6k",17,89214,368,34,571,2
"NF1G6oGQ5Qo",27,89211,4040,63,1051,1
"9oT5es2LWrk",24,89197,1386,83,159,2
"a7QFYpXY7M4",17,89179,232,364,0,2
"s69zDlrUM84",1,89149,1663,107,432,1
"FboRL7gRAzo",24,89097,0,0,10,1
"TFoGHP0kyLg",17,89093,1363,54,120,1
"S6qKBJrH-IM",22,89060,2139,38,433,2
"Cl0GWXztsnU",24,89046,3685,238,956,1
"_bBLqfPbRuY",17,89024,7223,31,1340,1
"Wm0EAW24OaM",22,88994,4607,198,65,1
"I41kb1vKvvk",15,88985,3278,34,341,2
"mYfyAn1tJgw",24,88966,247,62,85,2
"0OzknPiYjVg",24,88910,0,0,689,1
"idwINciDiXs",22,88889,389,51,148,2
"6G9uODUKNzo",24,88879,724,348,447,2
"g9Oec4CK9vM",17,88831,293,54,24,1
"Dou6bLVK1LE",25,88752,1043,146,118,1
"nozHk42bVPQ",2,88741,976,85,159,1
"AXwlC0iNcEI",10,88733,4664,24,188,1
"F1dFrQZV47M",15,88661,1734,33,199,3
"2bR_Mnqjzu0",23,88637,2035,591,389,2
"DhOhXnRXF7U",24,88636,2588,29,449,1
"IW4PVsd8LZ8",24,88630,6197,228,119,2
"W9xexUSjgVo",24,88627,3485,62,1143,1
"rmON2pSUdqM",22,88607,2590,39,512,2
"nW2JdiSKTJo",15,88570,1857,96,222,1
"WPoGLXiJMZg",22,88566,601,82,72,3
"RmCyzVIoa4g",24,88540,6654,94,134,1
"NRUDMq9COio",22,88520,685,56,144,2
"y4Id2KGDbb8",24,88496,5714,36,266,4
"7Wz8P1veK3M",24,88483,2361,35,505,1
"M41ojhJzMIM",23,88446,2257,63,387,1
"Gx3zTuBM0gI",25,88419,437,26,330,2
"x8fVW0wyvos",24,88388,1110,825,416,4
"i_cNNDJaFaE",20,88342,1015,127,326,1
"J_VPU0jH9LY",1,88176,2869,37,649,2
"UbToKRR9bbQ",22,88153,114,28,118,1
"OGV6_6CuO0I",17,88102,462,36,596,2
"PLbfEiOsJLQ",24,88091,769,223,201,2
"cxjCoWrK5bY",1,88068,657,12,118,1
"C6nMAS8l_So",26,88054,4643,34,1289,1
"s6mdB1BQ7pU",22,88024,0,0,17,1
"2Ln5CrsqmoQ",22,88004,1177,113,151,4
"ua1dmZ6etio",22,87902,34,152,105,2
"ZCF8AiaAd5c",24,87876,7952,53,1527,1
"EBRF0kQIaxA",24,87838,233,36,112,2
"sTZggl4_LdE",24,87837,280,174,129,2
"Iz1LNoBIMII",19,87779,1003,421,378,1
"oah49tP0p-o",17,87757,289,60,24,1
"Sjcge256t6E",17,87747,1067,145,186,1
"dXdYvQudSMU",24,87715,1010,56,77,1
"BHwM_rzeyuU",24,87701,710,49,333,1
"Zk5ycQ6WBi0",23,87684,2936,75,258,1
"6AUSeEkixLs",22,87661,1093,240,1894,1
"mRW8_LIvvck",25,87638,437,683,0,2
"uGopnzWaWbw",17,87591,206,111,1377,2
"I5vCV7k7i7w",24,87587,557,420,134,1
"1KiXYBvGJzs",24,87499,5103,46,590,2
"x2ATBbagb24",22,87374,1003,65,122,1
"20bNFuYgJiY",24,87344,5182,45,434,1
"MC_wdY4Q3gU",22,87326,2367,39,543,1
"yeBxIjEps9g",25,87293,1366,112,193,2
"oFAOPazMngg",20,87288,3619,57,112,1
"LzL0517w9lQ",1,87266,505,25,161,2
"eM-oA8S7_x0",20,87247,162,71,30,3
"hBg4hN8oAsU",24,87238,1376,317,344,1
"wWdPu_yK9lE",22,87234,2159,76,382,1
"nlbCwmnd86o",10,87194,8299,69,211,1
"u3a5QopiERU",15,87186,3900,36,287,2
"Y4kkp2PP9IQ",24,87180,832,198,167,2
"kEM9NrpEAw4",24,87152,2674,61,426,2
"2IeyAfpj6tI",17,87143,1039,172,189,1
"ix6sJ_CR8t0",24,87118,1406,75,173,2
"vIr7YZjLG6M",24,87096,1394,110,316,1
"sr--GVIoluU",10,87088,1800,192,287,2
"o0NzQmmlONQ",26,87016,3717,19,562,1
"r539lz-1Spc",17,86954,556,63,77,2
"XV_QQ7Unqng",22,86939,363,56,32,1
"DqMi6yBTQj8",2,86867,1039,82,209,1
"BttHvM0GO38",22,86785,493,26,160,1
"n1lTYKJPZ44",20,86779,2203,46,270,2
"Emy0UWbb8ZM",24,86748,2282,25,274,2
"fMn_SLlKUO8",22,86747,2068,41,352,2
"wfTFE4L4ynU",1,86742,536,20,235,2
"lgS6AnVQvB8",25,86620,381,704,384,2
"6i1v4U2UU3A",22,86612,961,103,103,2
"A9RTE3lpJQQ",17,86604,1208,61,175,1
"fy2jkQiKX2s",20,86512,3856,188,782,2
"OoFy33jLp8k",22,86511,1142,48,206,1
"CzCyttmEMz0",17,86499,281,29,508,2
"uj_wHoHqS1Y",10,86471,1487,52,943,2
"3D7DhyuehM0",23,86443,3213,124,426,1
"SfGdMQMzH1c",20,86430,3771,33,736,2
"xBx7bj1tMhs",24,86419,1301,94,464,1
"m8jYx9WiTDY",10,86399,2194,39,207,2
"X_-ic1-0ch0",24,86397,127,126,40,2
"N7pxvy98NJ0",24,86352,1881,85,395,2
"qpKlvUJB7yY",17,86314,459,28,292,3
"yv6_SOyF1E0",17,86309,183,46,20,1
"4SXLVGL_vg8",17,86293,369,62,88,1
"G1WnNAdHCCU",24,86188,707,226,161,2
"WyKYAwO1r7g",22,86167,401,215,144,1
"haKtUJH1XgI",1,86088,5784,22,680,1
"BCeEgSNcN64",22,86055,85,324,408,1
"uDHaTySUYLM",20,85997,1618,32,226,2
"kxp2755f604",24,85962,1485,167,235,1
"IY6JXHiHxxc",20,85960,2113,62,443,1
"H4F0mMkzaB0",22,85923,1159,52,108,1
"8L1Wmy0jO5A",24,85807,272,37,94,1
"omj7-IvHn4s",22,85803,938,74,128,2
"4OpTTJmwgvs",24,85797,1221,111,82,1
"B-mPDi-T9yk",26,85718,2750,44,932,1
"uSc4G4DpTyM",19,85712,1110,238,279,1
"6dUHOZY_SJU",17,85705,1357,94,228,4
"z90l21A9MgI",20,85679,2167,36,161,2
"OsK8U6ylWGw",17,85660,1526,108,204,1
"5hUPzpZoyPc",15,85639,2263,37,232,2
"3arPSEFOB7g",22,85634,0,0,32,1
"TVYn-J5bBdE",10,85625,6788,33,329,2
"qV8Cus-McSs",17,85605,253,63,16,1
"Wj5EUwRUsl8",22,85554,2314,628,517,1
"pg9_p82Wk_c",24,85528,735,194,180,1
"AsCbwClqEPQ",24,85485,0,0,0,1
"fs_dmduGPF8",24,85442,1186,77,372,1
"JVPzJHFJiuw",24,85439,2668,10,481,1
"gJ-fQ5PwqHc",22,85394,59,76,7,1
"Sv6fe_mHaSs",1,85376,345,14,327,2
"kwQe3WHaYlQ",24,85358,5798,86,677,1
"Z1iq-638UBI",24,85341,6385,63,0,2
"7be_xTf-Cj0",24,85328,88,416,144,1
"MKdC-U4ZkN0",25,85283,924,58,323,1
"irUk7Viruno",15,85161,2699,36,293,2
"PxS6nzOnq2g",24,85147,1795,226,638,2
"RAErwJ6Gcn4",24,85129,735,246,217,1
"4IERlOCPzfI",22,85072,442,126,404,2
"keL1XBW-qlE",24,85009,3943,123,557,4
"tUMmDuyNtYU",25,85000,1809,44,200,1
"ic67UqfgXNE",24,84916,719,152,140,2
"zBzmaG0sDDw",17,84872,5775,124,1074,2
"ueJVlAdGvss",24,84819,2565,45,401,4
"16cU95cBDNM",24,84783,0,0,901,4
"SiCYxFRzOeU",24,84781,1395,122,144,1
"Ewl4eaN9VIQ",20,84769,3705,150,0,2
"effN5IkuWTI",24,84756,0,0,0,2
"QqukV8UsY0M",1,84695,1841,13,606,2
"75vzZE7xSGk",24,84687,1948,97,355,1
"QTpWq7oZrOU",24,84631,115,6,0,1
"ur-QURGXbhw",24,84628,627,32,109,3
"cFOMSjHMXN8",24,84551,296,42,104,1
"A4FEB9uEuuQ",20,84474,1341,79,183,1
"p61wuUlbhsY",26,84443,2103,234,315,2
"K6VqLu2Hh4A",24,84430,1417,224,535,2
"qbzy22AP7Js",17,84426,606,61,0,2
"sQBK0chYgFM",24,84401,450,33,54,4
"BTMkwyZOEtk",15,84389,2193,49,391,1
"3-fJDjCKXwc",24,84389,0,0,371,1
"AUUQgFoyM-0",24,84388,81,51,16,1
"ANvNV4-mT2c",25,84348,1140,37,0,1
"XaAf_CykVvc",17,84333,145,81,54,2
"Jxfxw70Ie58",1,84318,329,14,240,1
"IeoR9tH5CSk",17,84301,206,26,154,2
"s5plLDuet9A",17,84285,371,16,45,3
"6EzD_2AtPo4",22,84249,641,49,17,2
"9jNpF1w3Wkk",25,84242,1134,40,559,1
"Va4wJ9To-kw",10,84066,12153,51,1291,1
"cxvSV64UDWc",24,84049,1637,121,197,2
"Da8Q_12hMiM",22,84048,2133,37,248,3
"IRKgAl4DNSA",10,84037,3120,51,179,2
"NFvNood5i1w",24,84028,1254,21,199,1
"ow-IC0VMuJI",2,84016,0,0,62,1
"45OyE9p5XzM",20,83989,894,108,286,4
"qggdfx5bUYs",17,83980,939,165,146,1
"aowbNlN4jA0",17,83926,979,80,229,1
"5aglA_bozdo",24,83890,190,107,41,1
"62TkSklGUHY",22,83890,95,5,19,1
"H_oA9ATSUZ0",22,83868,289,102,35,1
"xsJ4ZuXx05o",22,83864,943,80,182,2
"KWnloM9c2Hk",17,83861,1655,48,165,2
"gZBy3dxay_0",22,83844,1042,138,240,1
"dm0d5NYVxBs",17,83842,139,12,117,1
"JPrbdmFOQ64",24,83831,1322,732,1152,2
"ZwJs5Zc9oFk",10,83806,10458,55,887,1
"qzS06oKx4Fg",10,83779,159,204,80,2
"71B7GBm4Hfg",25,83776,939,45,0,1
"ZZ9UZeW2dSc",22,83751,138,50,153,2
"OuOdYr5GfQw",24,83717,706,80,286,1
"g3UF9N2NCd0",24,83701,1180,35,68,1
"9wvD8Icvezk",24,83692,1133,59,140,3
"VF0XChIdKqA",1,83663,135,56,69,2
"xPQ_9OhazhQ",22,83656,2119,145,1187,2
"hWye_mewy3Y",17,83597,1297,64,138,1
"teAoK8CREIw",17,83587,968,240,234,2
"cDysb-qSusg",1,83577,172,224,76,1
"oBLzxcpq-uc",24,83548,349,34,243,2
"7_UGmchLZTw",17,83510,37,95,91,2
"2TD98Au-baQ",24,83500,307,98,25,1
"NxvvzYfKvPA",24,83484,142,16,0,1
"ab0VqLCWz5o",20,83396,425,101,35,1
"2T7c6tmJwL4",10,83388,3042,60,722,1
"GJ01EfRqdcw",24,83336,2600,39,708,1
"u5DTqITYI2c",17,83322,935,167,169,1
"GZ_zfzrGcSA",24,83317,1169,54,183,1
"Rd8QYPhTk5A",20,83278,490,89,615,2
"rW5kMLgA_Vc",20,83253,2067,63,236,1
"MxhJjldD7Vo",15,83243,2886,287,287,2
"DxBoitS46IQ",1,83234,194,19,106,1
"gt2_1djWFas",1,83188,6754,10,452,1
"vZH5vkl9B7o",24,83170,2763,64,952,1
"NttWv2Hlwtg",10,83149,0,0,0,2
"gfBnsnKxNmM",24,83128,3003,30,375,1
"9fSbCJGN2R0",17,83126,1125,78,107,1
"Ckk9IJwDhNI",10,83113,7580,28,820,1
"Q4EmEgw5q4Y",24,83011,1268,45,308,1
"fPywgJF_9fQ",24,82977,861,1341,602,2
"5HN66UwpKeo",24,82948,1026,267,197,2
"z3JEFXwbBCY",24,82929,1003,16,131,1
"8QrBEBe3ioQ",24,82882,2668,33,404,2
"I94mz9EQKJo",22,82859,2134,33,266,1
"OFkdncmbpl0",22,82801,974,56,122,1
"9W1kjYIIw2w",15,82763,2905,21,496,1
"rAtWRNRtI8w",24,82729,2010,113,71,1
"fwzByGWe9V4",24,82717,1177,82,92,1
"7Sx2SyUuN8U",24,82714,1410,92,270,1
"R5_D-WGkvpc",24,82559,973,41,374,2
"rS7NPCoazE4",25,82530,0,0,35,2
"OaXiTwgkDAw",10,82507,4009,492,712,2
"AhJlQdw0Qew",24,82474,1307,238,556,1
"pOOoyNeqkk4",1,82419,0,0,0,3
"goEYwIeQ3vI",24,82402,574,29,86,2
"aHSzVYdhqbY",17,82399,1213,156,157,2
"hQWC5ACHRws",10,82350,1754,130,59,1
"R8Wrm1l-4Hs",24,82324,1341,107,161,1
"sKMgjiHUOck",24,82313,1316,104,217,2
"WyI58l6AB8Y",22,82279,425,88,277,2
"w9NbuDCZ7cs",22,82264,0,0,106,1
"BXPM7wAeKnY",22,82248,843,108,116,1
"nIv_uRQdH44",25,82238,105,279,226,2
"tjBNrHpqX6E",24,82232,1698,33,304,2
"ctMeVjAKnqc",15,82198,1747,33,294,2
"QWfMxqtT0QU",24,82183,1436,103,337,2
"tTzo8VA_D3Q",24,82177,1555,84,171,1
"ZlW36Vd7_Bw",25,82125,2230,58,183,2
"ar7tH0CrSr8",24,82079,0,0,159,1
"34CXuIM2LOE",17,82055,870,135,198,1
"07VXWXXYh8E",24,82044,261,26,84,1
"NsMXqj4uDqc",24,82041,1364,129,435,1
"mvkbCZfwWzA",10,82019,4488,18,208,1
"2roa5LSE3Js",24,81987,754,335,235,1
"ydK0aUgJkrM",17,81958,898,15,68,1
"nMx7enk8fTo",24,81953,8140,194,672,2
"b2U3DD0gjXA",25,81943,1438,110,679,1
"Hwqh9TEQz1o",17,81941,1290,73,182,2
"KpfMNILeyBM",27,81915,625,501,235,1
"Pnk7iBWYHFs",22,81904,950,85,171,1
"EA5qcN_29z0",15,81882,2258,60,234,2
"Uya15y-GBAs",22,81879,1761,909,331,1
"Va_x8Uio-gs",24,81866,229,44,106,2
"RQSnfax5vDw",22,81839,4889,20,222,1
"Q7F1OUo0NUw",17,81812,174,22,432,1
"_EdMwf-ycbs",17,81793,926,150,146,1
"OaHPQozWSd8",10,81790,4612,79,780,2
"Wr9LxMozMmk",1,81776,2782,12,98,2
"6N7r3Z9qXvQ",24,81775,1308,63,0,2
"ulVNr7qxahQ",15,81769,1552,73,175,1
"DpuZyBTUb34",10,81758,4688,34,344,2
"YMwgdWCUnwE",10,81725,503,51,172,2
"8vWyDlmHQCo",24,81721,0,0,974,1
"GAboKa2P83U",15,81717,3658,161,456,2
"TomW4s3324E",24,81675,409,121,28,1
"grlS_WayaCw",24,81628,1948,237,597,1
"0dLlG-3TW-4",24,81613,1357,137,316,1
"BBuYBaAlbIQ",24,81606,648,2942,727,2
"FA6JX80IaN4",24,81588,1462,251,213,2
"KrXRmeJS-Zg",26,81588,495,219,302,1
"3aSGxtDQokE",25,81588,927,52,0,1
"batFQVaCv9o",22,81572,898,77,133,2
"YdgEZCPPofc",22,81534,119,202,26,2
"3AHPC5W_FE4",17,81531,314,21,148,2
"5SRZw6odu1o",1,81525,371,16,20,1
"AurcwNw5IgU",24,81521,141,346,132,2
"VULLbob2_MQ",17,81496,179,18,152,1
"shnmUgWgaCo",1,81491,5151,108,1026,2
"occ-69GZqpY",1,81459,763,33,107,1
"yZ8lvegWO88",24,81420,583,859,167,1
"Hn_WyPviPJE",24,81394,1121,203,228,1
"ay-L3y6C0nc",20,81361,5650,13,414,1
"Qclok4qf8eQ",22,81351,231,92,33,2
"A0Qp4sZvnPg",1,81337,655,30,81,2
"GuWCkLnCMOo",24,81321,321,17,61,2
"H4HKXx6G7YE",24,81314,784,573,376,1
"XjhlBonj6Kg",24,81311,1298,791,443,2
"t_XX2ofhFpQ",1,81307,520,20,158,1
"GbOUprF2Nio",24,81255,1188,77,0,1
"axWTpRpeb9I",10,81210,4726,35,628,1
"uaRmxTSOCzU",15,81207,1990,23,159,1
"AoC5Fh5xlFQ",15,81186,1497,33,386,2
"dZL0bFXbzyI",25,81123,116,55,128,2
"zOK8ySe9_Iw",17,81098,509,35,25,1
"ZgklNQaiEWU",24,80950,538,135,110,1
"J7GzRaWK76Y",22,80893,198,38,214,1
"r-N06okfK3A",24,80866,0,0,611,1
"Eav75d3sEII",24,80816,258,6,0,2
"B2UfVay1QUk",17,80815,1069,29,590,1
"m5C7AAi1uQc",15,80802,2154,40,149,3
"UNtPUZV6BPQ",10,80790,1795,135,60,1
"bg7auGObWVs",24,80788,6190,171,1211,2
"xyajcDV6nhs",15,80781,1884,34,345,1
"_zumR54bKq8",20,80772,1380,42,232,2
"qucV9_TXWXk",1,80714,1007,39,261,2
"9xallyW75Ms",20,80639,4006,39,832,2
"QTASk3nlNGE",29,80623,621,19,191,1
"wkWiYMbZF9s",20,80608,1686,49,82,2
"rXSj7aRZMpU",25,80608,46,120,110,1
"6o8JhIvZY2U",1,80572,232,39,154,1
"aeUcretnIa0",22,80550,500,22,97,1
"FgoCLeJIdkQ",20,80523,863,787,26,1
"xbv0V4z9eEs",22,80463,530,42,185,1
"NaCjz2enYBc",15,80452,4056,32,427,2
"USfuS2tH4Pw",20,80444,1132,33,154,2
"oV35AxnWOrs",10,80437,216,14,7,1
"qdTNlVoHhVw",25,80417,1385,86,173,2
"4rfvfT0bYp0",24,80342,3271,137,809,1
"hb8r5O3evho",10,80294,1769,161,178,2
"hnSyRsxNM7c",22,80274,363,14,59,1
"4JgkmmoZ2n4",24,80258,1425,98,218,1
"IIPAdpTjAFI",15,80241,2036,37,406,1
"kChY_GreuP8",24,80111,565,545,90,2
"8XyTk-674Qw",24,80093,2575,59,392,2
"voYAumti93c",22,80011,192,1351,384,2
"IR4LYHnKBHY",24,79960,0,0,114,1
"EokXrpUYtz0",24,79799,1230,249,254,2
"eidmD5Pvsyw",24,79780,1407,147,233,2
"XUViTDjWLTw",24,79771,2118,60,267,2
"u1a4WPEW9iA",25,79766,981,48,291,1
"mbhz40Rsyrs",22,79719,190,13,77,1
"ys7ycKTrz3A",24,79697,783,187,157,2
"PnxtEHDnnE8",24,79683,706,302,191,1
"FnE3z7YpAGs",24,79617,413,31,9,1
"i0-VKLB10wo",24,79597,322,166,54,1
"L5JluUPLA2E",22,79582,675,134,41,1
"MS3vyCF5biQ",24,79571,861,108,374,1
"3SHkvq0qsww",24,79545,410,109,140,2
"RX5t8Ay3Lek",20,79543,2259,254,710,1
"76yV1mW-Un0",24,79542,1462,91,238,2
"2LeeMhEvyO0",15,79540,1544,18,153,3
"H9KIeijkNTc",15,79505,0,0,0,4
"Z_cCBVsZnxg",22,79489,1789,817,504,1
"S4a3pt1RM50",29,79427,884,23,177,1
"qWvskiswpwM",24,79422,345,31,126,2
"ojgdN07Vv3k",24,79381,1882,26,77,2
"mWXlRuIw7M0",24,79365,0,0,0,3
"xuCPD7VT6ks",24,79291,587,385,89,2
"gaO3pVXBXrk",1,79269,1453,58,201,2
"03LubN6eqDw",15,79268,3056,147,326,2
"ayB6M4dM1K0",26,79254,2180,161,412,2
"McXcnoOzQkY",22,79253,699,178,350,2
"u31G_zYCo6I",22,79177,1889,33,264,1
"__oIxASwRvU",25,79084,1088,48,219,1
"FPHiSHcJNIY",22,79068,829,90,141,1
"ZZkhHbOSOMU",24,79045,803,38,272,2
"KcHg-UDBtZQ",17,79045,224,18,227,2
"RpTvAhG1H_s",17,79017,1546,94,381,1
"icrZ4oejomI",24,79017,263,162,336,2
"eL5wawtaV3M",22,79016,106,49,123,1
"pAQXBc84VFI",24,79015,639,149,173,2
"CZfltaS1cIU",22,78963,1055,22,192,2
"dYHVgLf1RXc",22,78922,889,92,34,2
"cEMsB1SQUn0",22,78911,467,28,162,1
"GQ8SrqBv9pg",22,78885,3480,73,379,1
"6qi1cySnSTI",24,78735,0,0,0,1
"RJNhs2VCgf4",1,78640,674,157,317,2
"wLeQcX3Hrlg",24,78636,1535,170,497,3
"q2ybGwdH9XQ",17,78632,51,87,338,2
"WLlaCLAyFNE",26,78618,283,121,162,1
"lcSW2TnRMzY",17,78611,0,0,0,2
"1UuPUy-yMKU",24,78605,516,34,72,2
"qYin9inB_p4",19,78599,1016,180,306,2
"meOY87EPVAc",22,78536,0,0,54,2
"W_Ub73P_MRc",22,78484,1889,28,332,2
"Nt3hzVbL4B0",17,78483,250,32,188,1
"motZEKI93vQ",1,78475,440,23,71,2
"AGzBOeKB6io",1,78446,2987,9,107,2
"0842-hUSbWg",20,78438,221,22,32,1
"0iTppplR-YM",24,78434,2426,50,263,2
"ugVOdM06kZs",1,78429,1002,22,192,2
"70PVXUjuM5k",22,78403,2646,123,474,2
"u5rB4-bYdLw",22,78397,363,45,123,3
"ZJ3TXlyND7c",24,78362,1203,42,252,2
"VL1AtKOUhTA",24,78356,2439,24,265,1
"qz_xALU-xtw",24,78348,41,31,38,2
"S8d62zneaA0",22,78343,149,12,11,2
"qKX8vSC0b2g",17,78328,1351,294,704,2
"BvWJ2ceU-iI",22,78326,31,190,12,2
"lVDuzXQSGF4",22,78317,276,158,52,1
"17iLdh_2lKQ",24,78315,0,0,98,1
"6zhPuNEEHFE",25,78292,460,130,82,2
"mCmMm8CTEtA",24,78261,886,75,144,1
"bAo5MCmu_B0",24,78258,321,7,0,1
"nqoMtKY5WmU",22,78228,6665,45,0,3
"MbSkTsjDOn4",17,78168,336,25,0,2
"jGNCNYzDa7A",24,78158,221,32,2,1
"9Hl_Z1yPnyw",26,78157,2634,99,392,1
"gS_TCOjFkZE",10,78140,6500,33,289,1
"RM1YDnLYrlI",24,78127,1739,58,161,2
"fNoCvCIdYdE",22,78107,1906,36,257,1
"kWn_AgaEQbU",22,78080,1352,38,160,2
"V1tAT1yOFtU",26,78027,1703,44,134,2
"7GtRz0Cl7fc",22,77996,810,19,241,2
"5kKX0MyaIWI",22,77929,432,19,139,2
"5FuP1Jjujfo",26,77917,1478,154,298,1
"4at2ASzj1wU",1,77886,446,13,81,1
"JJqACORJDo8",22,77883,1689,107,417,2
"ZQksNiL-Phk",24,77867,967,38,453,1
"pH1A8tc6PoU",24,77861,1383,101,907,2
"1hM5wLTVLeo",24,77831,5157,28,921,2
"9tuWGXF-pls",25,77830,1633,113,1341,1
"fRe3CSyK0Xc",24,77809,684,181,176,2
"U_zGZDAhfk4",22,77802,172,43,62,2
"Sg9-vo1zF8k",20,77801,3922,45,558,2
"ZvVZrquausk",22,77771,2466,58,463,3
"FZk2VPUEfnk",17,77743,711,21,99,2
"STla8jx8ajk",24,77716,158,112,72,2
"hjJ6DF8KgD8",2,77705,889,62,111,1
"G81zMDQfnkQ",17,77690,282,11,105,1
"80gWIJKv0Rw",28,77638,286,179,0,3
"dKCc-bVsaI0",26,77633,1695,86,251,1
"a9rSIdglv1U",25,77600,1755,118,450,1
"ZNboStBis8M",15,77579,2551,48,261,1
"Vp4kkHOSd74",1,77538,2840,8,99,2
"e_TLNQY10MQ",10,77520,2202,562,444,2
"KzsV1AT5ZGI",24,77475,1220,52,0,1
"lrvS83zj6pI",1,77430,1078,27,116,2
"8diicoTCGks",26,77419,1961,24,505,1
"SS9mJlWTBDM",24,77418,1855,26,267,1
"KOXOiz5s3UI",1,77345,0,0,160,1
"RRf31HCn5-U",10,77319,345,48,292,2
"eNJjJxdDI-w",26,77318,1687,58,308,2
"QRxkYyLn9p4",25,77300,1175,93,152,2
"rDi8oWGoJxw",24,77300,417,30,0,2
"FPT6XS-8mpk",17,77281,272,18,1,1
"UUw7weYmLz8",24,77278,603,286,215,1
"9haUyVPuqAM",22,77213,3489,81,285,2
"U5wdv1IUnck",25,77185,1264,382,1219,1
"UnIOA6Wa6Ek",15,77178,2155,27,247,1
"Thdbry38AZM",26,77156,1760,83,316,2
"DboJPvSQFKA",25,77135,1319,50,124,2
"cjd4jGGuaHI",19,77116,829,180,261,2
"D5ujAUUTxgg",24,77053,1273,128,254,1
"kicxB3wRLw4",15,76971,1714,107,200,2
"BJ0i5SQHBt0",17,76939,1401,69,113,1
"jjtAMm9Neyw",23,76892,1962,55,416,2
"9qYAOII5IJk",1,76876,506,22,421,1
"2vARrltp3Ek",24,76872,2917,56,277,2
"_hcqaI1JVq0",17,76788,592,28,49,1
"xJlFLbtQFa0",17,76709,1411,71,213,1
"2tSxVQjeheU",24,76687,1171,114,174,1
"modmaVW9EKI",24,76668,1847,36,409,1
"0-WdPQHTGE8",24,76659,2972,133,459,1
"PYE8bA6XX7g",17,76639,2291,56,131,1
"4fYqzo4LAkg",22,76622,253,37,108,1
"CcWHJuzPUKY",15,76621,545,16,0,4
"TXRmPm3seVM",23,76585,2286,29,261,2
"sUw3fnvrhcg",24,76561,548,33,319,2
"x63FigJG9XE",28,76554,1415,308,100,2
"5y8wcfhE50o",17,76518,272,65,37,1
"6Fl7Y-T3lh0",10,76459,1896,273,572,1
"Zw5OhYVuifk",10,76424,3109,169,395,1
"lDkfi-g2MXI",24,76399,2015,69,195,1
"46VqKk99JSE",17,76364,173,50,106,1
"gVEVOEwdOc4",22,76351,2046,40,276,1
"OgVs323T6WA",25,76332,1183,48,131,2
"S5OPfsCwBT8",15,76291,2737,82,226,4
"-17w0aOgNtw",22,76264,198,331,217,2
"xKmYfrUmblY",24,76257,863,707,241,2
"GF3L3XnKFK0",22,76165,3672,85,403,2
"pHVypQ0z58E",25,76134,848,142,281,1
"QxEaqgHevuA",24,76129,1590,26,661,2
"mtq-cqrr-W4",22,76119,928,69,140,1
"fFDfifHDxNY",22,76113,102,53,12,1
"ZVu-omfkeuI",17,76088,382,24,473,1
"6GSgT5PWEY0",24,76087,842,73,154,2
"ZJz_zJlPj8M",2,76074,862,63,128,1
"1JAgF3LKQfs",15,76037,2464,25,217,4
"ktlEdeIAKvE",24,76025,1323,142,259,2
"jOavJpl9oNY",25,75997,164,46,0,2
"zTmT6dikKc8",1,75956,1973,16,582,1
"ANX98DKD5Ok",22,75953,307,60,64,1
"Rja_IAEfum8",15,75949,1701,79,220,2
"2Dm4cp_WNG0",17,75940,336,20,391,1
"k9M6yrBsez8",25,75899,907,54,0,1
"29dRtBVFYWw",10,75868,4921,39,400,2
"2Q4PS3ht_BM",25,75855,1946,65,275,4
"XvFrHYYYQGE",15,75795,2400,35,210,2
"gbCoDBXcczI",15,75785,1744,35,221,1
"v4mDNE0bpWU",22,75784,234,25,62,1
"oo8FjjmIpoo",24,75784,2338,46,170,1
"2pAzQrOE5ZE",24,75759,2678,33,208,2
"jPsmQm-77-4",24,75737,1713,124,2167,1
"xuwu3EDaeCQ",15,75734,1603,40,158,1
"NVk4xjlaIa0",10,75720,1402,134,46,1
"rFGyCor9IR8",24,75712,2071,68,278,2
"VJAhoR2uepE",24,75656,342,178,19,1
"VgfdB70OioE",19,75618,868,274,236,1
"AkGxE7w1bUk",22,75614,1295,30,774,1
"FE_2ofjzJFs",22,75580,189,137,357,1
"iGWpUw8dxAg",22,75574,1395,1028,293,1
"5h64kJpzz80",25,75547,76,51,146,4
"EiuSW9YYLB8",19,75513,795,283,404,1
"pYzjDZ_bZLc",24,75489,1033,333,665,1
"QBBWzV0j668",24,75454,613,21,131,1
"ACnh9zlmPNE",24,75447,3469,19,320,2
"g7cdAQ9eJKk",17,75405,1082,39,61,1
"MeNR0guNn70",28,75388,4103,64,1769,2
"KD7u5Zacp8g",10,75386,5008,21,487,1
"BIrEFpTMOmo",17,75355,235,28,212,1
"qf91h5jYc70",17,75309,261,18,78,2
"5K9Y1iG7uhU",22,75306,79,78,82,1
"EBATmXTR-8g",10,75243,2942,45,224,1
"Tnkdf5gwM7k",22,75223,2718,1425,792,1
"wcihdUJp-vY",1,75210,425,10,0,2
"Lae2La7J2qQ",20,75187,812,105,9,2
"mGCFGSNSSsY",10,75126,5545,21,457,1
"g0GQ42sGJJ8",10,75057,587,90,207,2
"icKgCO01HX8",20,75015,0,0,0,1
"xqQqWDAVGWA",1,74990,626,16,71,1
"PCLhke7KW_A",26,74948,1682,264,330,1
"ONigOpgGrcw",10,74893,4716,82,275,3
"ZMogRv2irME",15,74892,697,31,61,2
"jUVDqtqs9cI",20,74887,2331,25,140,2
"2nSWgB4xMAU",10,74881,3466,82,447,1
"nPtH3Hiv6k0",17,74846,1453,317,281,2
"a5VlyAlW20k",26,74841,2134,137,282,2
"cf9O5KibPo0",17,74830,783,7,82,1
"8q_N6vxbIEo",17,74824,832,45,83,2
"ITSKErjZXwI",22,74824,1695,33,325,1
"8RlbfwXmFQo",22,74808,879,51,70,2
"4GbtOGYYqe8",15,74780,1660,35,215,1
"nTz-G0xk-0Q",25,74747,241,53,54,1
"RbhPzTB51o8",10,74702,11591,41,687,1
"wUeoTiFLD3Q",17,74644,136,34,87,1
"1J5VgHtn1B4",22,74622,374,32,133,1
"jDroFlQcWBM",24,74615,237,21,115,3
"QX5ltzqdnyQ",25,74587,1758,32,161,1
"H0CynN_KNIA",24,74539,0,0,854,1
"8tO_8Jfzw-8",24,74532,3424,208,590,1
"PB0UtTxsbpk",22,74506,343,19,46,2
"ZMLGyQ91igw",19,74484,905,195,434,1
"pTGh4O5fp8g",17,74480,923,111,167,1
"O5A5vAT6E90",1,74467,387,25,424,2
"C25PktNWlIU",24,74378,685,37,91,2
"psEGf5p-YpQ",15,74369,1394,49,117,1
"CyaHz6matWU",24,74355,450,6,28,2
"CodfnIamTTs",24,74343,4514,82,953,1
"lV2HGbhTeWY",24,74311,141,22,27,2
"n3TM37qY8SA",22,74297,1712,1466,428,1
"R9NQsdyPKNQ",24,74283,3104,58,1001,1
"1XLQZmCGRL8",15,74257,3406,280,546,1
"jmT9IheoFWQ",24,74242,356,60,208,2
"JYJCj54J9Zc",17,74136,1424,47,145,1
"u1puJ6StZy8",22,74136,1145,105,170,2
"s06mLNxS7lo",10,74127,4684,34,877,2
"M39Eqb1FXZ0",29,74090,1882,163,772,1
"6wSZrwo4kFw",25,74060,1807,138,882,2
"pgbAEFw8JtA",15,74025,1742,54,141,3
"D2efV5gyoeM",20,74000,2026,67,586,2
"biKRtgcUyvY",22,73999,169,275,79,2
"B9Mj2xdTLZI",24,73999,391,234,51,2
"u2poKatc6nw",27,73979,434,348,171,1
"wspm77W3-n0",24,73960,626,182,142,2
"Yl6Css9j6w4",1,73956,0,0,37,1
"hotyPgEWBsc",17,73933,7892,42,1744,2
"EVW6wXEPXDU",17,73918,10510,74,1008,1
"w8tEmX-rzpo",24,73903,988,207,215,1
"_RL7CyuVDP4",20,73879,1355,79,613,2
"1tNjwrUQXqs",24,73866,1688,54,228,2
"a4ki6CG4LLk",2,73864,807,110,462,1
"e2UzY_l7GzI",24,73839,699,72,143,2
"MAUDSvZ_6CA",22,73839,5967,39,666,1
"9fxuHYUb9TQ",10,73835,3673,47,447,1
"Ivck-Ao0ZgQ",24,73828,232,38,94,2
"rIftbm3YbHI",24,73817,3336,45,129,2
"flqcmXOTKKg",1,73773,953,29,230,2
"fAf4OBUWIyQ",22,73768,234,18,31,2
"ky4OYOJVtAw",22,73757,0,0,0,1
"dOCiq35QQes",24,73755,1311,105,179,1
"6CN93Hslg2g",17,73688,992,106,179,1
"ELACzvYWBRI",22,73679,876,24,120,1
"IGslzfDjnoY",22,73632,1890,32,358,2
"t0YuQSdbTVo",23,73627,1672,53,128,1
"NY6Su-wbMGw",15,73618,2415,148,304,2
"PGQ1Cx_EaEo",1,73605,507,11,108,1
"qbKAefm1M2U",17,73578,1159,41,68,1
"TQEGEXpGPGA",10,73577,3102,279,652,4
"4I5DQGgSg1M",26,73570,1636,138,314,1
"QsT6lD5esE8",24,73563,2056,35,351,2
"nCeQLYib_Gc",17,73559,923,54,154,2
"qjbhmdLEJj0",23,73550,2796,50,627,2
"yrJJS-zeZOE",1,73512,473,25,86,2
"_4Zgcs9RD-I",22,73498,429,57,73,1
"owksbOBITws",24,73487,178,76,92,3
"FsUuBrjLw9w",25,73486,989,87,420,1
"O28IQsXeefg",22,73433,194,24,12,1
"RvIAbRcUDw0",22,73422,116,54,177,1
"HFj5lMRMua0",17,73396,0,0,99,1
"C2yshNi323o",24,73376,600,36,282,2
"wYSnrlfjdAc",20,73307,3021,91,382,2
"5WDVtyb3YLg",10,73303,4928,70,386,1
"ASawQbHeDPc",10,73294,2214,216,838,2
"BIkxtEq25Q8",15,73286,4056,14,477,1
"FuQfQKXCImg",22,73284,916,102,137,1
"ME5g4bZQCgI",26,73281,731,39,518,2
"Et3yDKd_R5M",24,73281,0,0,17,2
"qAC5w54CFK0",17,73267,277,46,36,1
"OTLBJcQaF04",25,73255,1546,132,1062,2
"jFUSryHPbrc",17,73206,452,15,263,1
"CeRV1k8Pfjg",1,73201,3766,56,828,2
"g7ukog-B1hg",22,73139,1171,254,151,2
"XvKAIv60NZw",24,73098,983,41,162,1
"jzP5UWHvN38",22,73089,1243,22,242,2
"TNuL_WibLW8",24,73079,187,25,25,1
"rt2Qp9udoP4",22,73055,609,114,339,2
"HmcMXeuwgbc",25,73034,386,94,240,2
"UK_UUmxoGqg",17,73034,226,30,285,1
"uHrufhndW5o",24,73016,1250,333,287,1
"bdr6JGIj1XA",22,73014,234,27,100,2
"4tSNZTzc1LE",24,72977,571,76,140,1
"kiSikFKOhpA",22,72941,838,52,148,1
"h2UfM0knMKw",22,72930,60,26,77,1
"vV4wNMsQgEc",17,72897,139,26,105,1
"ES5n1WrJyGo",24,72853,1590,56,273,1
"c8asDylRpcY",24,72784,521,74,317,2
"Ze2cFztLzCA",17,72746,1069,94,158,2
"O0E_X-7_Ik4",22,72738,1868,563,356,1
"LwQQ7vueTbA",24,72722,7255,19,398,1
"e0nSSlCl3NI",22,72717,215,30,74,1
"DcpdkO5Lg_k",1,72710,329,32,71,2
"VONXF2NVHno",24,72689,411,47,111,1
"FWrFf9YrpPk",10,72634,1912,11,198,2
"MWrOagxfukU",24,72612,0,0,10,2
"SqCb6MdbMMQ",20,72596,1411,81,588,1
"2jqf8NeEnOU",22,72578,308,56,64,1
"vCf0htn7Sig",24,72574,92,178,126,2
"3YeD_8bLy2A",15,72520,2073,33,185,1
"a0tYT9YpA20",24,72496,5100,26,530,1
"yKj5U70WYx8",22,72472,423,41,400,2
"currgPchP7Y",25,72463,2003,63,201,2
"DHEgmES0HfU",24,72459,575,25,250,4
"Dm13UOh-bME",22,72443,65,43,25,1
"r4bWkyfw0ok",20,72384,3057,675,1563,1
"TSl5rqxK40I",24,72380,0,0,669,1
"qlgxCNZ6OFI",25,72337,247,74,80,2
"rEOqxSksbRY",22,72327,236,29,622,2
"pbE2WFFBHVI",1,72237,334,59,343,1
"LiTywX2QIBI",22,72157,156,628,127,4
"6j2Na6JyVIU",24,72156,986,118,234,2
"Yrad53dXjLw",24,72151,0,0,752,1
"6ADbVD651cQ",24,72127,236,286,85,1
"_u3vJ7zTIs0",23,72070,1133,266,127,1
"J2OF2iXlJH0",24,72066,6993,43,254,1
"dSPZrUQNEh0",24,72061,856,65,201,1
"oDsROfGe9j4",22,72053,129,59,411,2
"IgahbyR_SAA",22,72051,808,26,278,2
"zWBU3ZAdHZ4",17,72000,303,25,43,1
"2YsmlUTvkAA",20,71983,1344,70,54,2
"EIGYtQTyIE4",25,71981,705,43,103,2
"5AGY6kViizc",24,71980,88,86,20,2
"AsatsG1A7_w",2,71972,1075,53,142,2
"D_upoOxX5fw",25,71936,1773,49,194,2
"a6q9IaAtfOw",1,71868,688,39,598,1
"uLqIMTUytF4",24,71832,2562,50,0,3
"MG4I0ub9vf4",17,71830,1404,35,160,1
"tB4bbIhh08A",15,71801,0,0,0,1
"lB2_8YaaAAg",2,71749,712,74,138,1
"febBPoQ3wGk",17,71743,1085,86,186,1
"hJI0upqhPR8",20,71732,1049,62,209,1
"rq-FJpStR88",24,71656,0,0,8,2
"E4hF5PDveoE",2,71652,521,10,16,2
"qTOD3g6EAKg",24,71637,586,96,102,2
"Y8MI8ExxskM",22,71608,237,20,25,1
"2iOoovejpZ4",24,71599,1209,33,247,1
"jRfUedP_0a0",10,71593,1437,38,727,1
"La2Mk1nt0G8",17,71577,187,63,49,1
"Ia0cKC7_7ms",22,71563,1436,97,357,1
"akUlgJYag4k",24,71533,388,67,45,1
"Jqv7t9gzGZ0",17,71526,832,182,223,2
"BDypJB6ktvM",25,71486,1392,12,18,1
"xnoEktb1WgM",24,71461,777,148,182,2
"_HRhHxfQmyc",24,71431,99,42,33,1
"i3-gmtPilK4",17,71361,338,19,120,3
"glHw2wkmV-Y",22,71270,436,36,386,1
"PIhLCLpwnYI",17,71267,914,53,158,1
"rPhTuVM6wgg",22,71252,339,53,138,1
"jeTVs4hMyyQ",25,71249,1267,431,814,1
"PRsqzf2i35Y",17,71235,6003,35,870,1
"NsGS0p_AbpM",17,71214,916,135,131,2
"TVuvMqmicXU",25,71197,122,18,5,1
"LInYrOF_uAM",24,71152,134,175,40,1
"vtF1mjoDrEA",17,71147,0,0,187,2
"g2XshWtdWG4",17,71144,234,36,22,1
"yDQSbkvGMHM",22,71121,243,56,62,1
"S-vFSW_05ZY",24,71109,1172,171,236,2
"prHkKuInoR0",24,71065,1396,130,213,1
"CYaHFYua-oE",24,71051,2931,36,1345,1
"3yj6XXs0zx4",22,71039,4911,32,184,2
"7mjNILgdPUI",24,71012,1650,164,213,1
"gFP_Coi71c8",24,71011,1144,74,0,2
"LibUvjhWalQ",1,70964,92,92,27,3
"2Vn5ca585kQ",10,70950,6543,25,751,1
"OHJihC5oZVU",24,70914,659,59,133,2
"I5o4SOGKKEk",10,70896,5812,28,338,2
"Rp5rVF3Mef0",24,70867,345,14,0,2
"mAaUTbOESnk",22,70830,1342,47,121,1
"5yZ6pUCneWs",24,70816,47,24,45,1
"oC5Vgw3UCC4",24,70801,284,44,23,2
"LBNzixL0cAw",1,70800,0,0,0,2
"IeuyWdIV2h8",10,70795,1022,59,135,3
"_mcutWbpQEM",24,70772,797,25,122,1
"QdCp4ZKgECA",24,70767,2110,155,1361,1
"ofRx3w4zXks",15,70759,1609,51,186,1
"yBhFHRGHonY",22,70731,1478,780,488,1
"Pv0cDu5GZok",24,70725,731,77,94,2
"N1htvFJ047w",15,70702,2375,94,302,3
"azbzAxxflO8",28,70697,3497,65,1856,1
"0CRD8-zA0Bk",22,70684,1998,20,266,1
"Q16j1L774bo",17,70669,2220,39,197,1
"VEsdEskHhg4",1,70645,852,21,175,1
"vXQXQrNnwVo",20,70611,5141,12,450,1
"pnfE37989d4",20,70609,141,29,113,2
"s2wSwJSKR0U",17,70608,688,243,169,2
"7FTwhEZAotE",26,70593,1228,848,300,3
"QTHrWtkQ8U8",22,70574,60,19,38,1
"QOzTAaUmUPU",24,70569,965,134,128,1
"HlxM9XNs4R4",22,70551,359,100,233,1
"gwkviZTwNOM",17,70521,0,0,199,1
"uQaz9x23H6c",10,70509,9852,30,968,1
"Xke4c-PdXi8",17,70458,277,38,117,2
"jGDaaXW6QKQ",25,70404,1324,131,809,1
"jvYi2up9OBk",1,70380,457,15,208,2
"kKI0IeB20ZY",24,70349,146,20,92,2
"c46vaI_kQnE",24,70292,691,137,98,1
"1GZt3GFZg4Q",15,70248,1753,45,273,1
"2BOyccP0T0g",26,70213,932,75,108,2
"_rvNIpIG4us",15,70209,0,0,228,4
"hF9SaprlO8c",17,70199,0,0,177,1
"gp_O0cMaGXI",24,70127,1099,46,163,2
"gzPrygWgCqY",20,70124,1226,89,270,2
"2d0E2WcixgI",20,70091,4095,53,228,1
"ITnWkLLcxDI",24,70087,724,13,0,1
"CwNbP5gQ5ew",24,70065,807,264,173,2
"rtFlmFfoJoE",24,70056,1183,64,93,1
"juaaGmJYxXc",25,70054,1361,169,370,1
"CmzRespkO0g",22,70049,6630,99,1565,1
"P_jx84my0FE",22,70022,571,271,646,2
"BvrIAgLCIbk",17,70007,0,0,177,1
"JE5Q4wV6by0",24,70007,934,197,277,1
"aMy41oQ640s",23,69994,2778,218,525,2
"k1eBrxmc4sE",24,69942,1339,114,208,4
"GjwSLz5ndKE",24,69892,906,408,386,1
"FE74J6TUcNo",10,69884,1574,43,737,1
"3nDtUBAW67U",17,69837,262,8,163,2
"r1hklSoBDUE",22,69826,1981,122,895,2
"FSFZNk4Ao2s",24,69799,8182,11,1108,1
"EiNT1zYiPEI",24,69796,2187,7,78,1
"YWIo30vJYn0",22,69751,1135,81,163,2
"cbBWIhH8nd8",24,69708,2461,44,479,1
"vqjkz2neWB4",24,69680,570,90,170,1
"mSIYMADKSjQ",10,69674,3664,14,243,1
"9ivL09evzYI",1,69668,494,7,66,1
"rHb_Ayf6AgI",22,69638,200,70,101,1
"3odZ7EmW7kA",22,69628,627,111,59,1
"npYtFE2boZk",10,69628,3150,38,175,3
"71HFQNvvrtw",27,69627,3341,97,343,1
"hlG2TwPjJlA",17,69625,606,81,112,1
"KQQ001iatjA",24,69616,435,89,236,1
"qtx0BqKyLvE",22,69615,1370,92,178,4
"1YvwElD6Wis",22,69612,1781,31,227,1
"PHMzrEqHagY",19,69595,100,41,15,1
"0O0dY00Vwnw",17,69585,0,0,229,1
"KzI2_FUNUvk",17,69577,224,20,146,1
"0ipxTn4hJxQ",24,69570,1052,111,157,1
"gpsvsKtTxfA",22,69566,2047,31,263,2
"Gu-hCxpsozY",1,69563,936,11,390,1
"eAnESSycXTI",24,69401,1528,139,196,3
"BdLOwHDUxR0",22,69379,770,104,139,2
"tL21Pdv3tGQ",1,69324,867,23,299,1
"leGqSVRUmOE",24,69317,2092,93,732,2
"O01djtF9ZuM",15,69267,2541,88,341,1
"9tatywUlgTQ",20,69261,1249,413,219,1
"J-Ovi4bvYiY",19,69184,934,283,365,2
"4WSF1hbCpUA",17,69034,298,60,38,2
"YEzsbv-j8cc",1,69007,107,23,28,1
"jgyeplbPsyo",17,68994,134,36,82,2
"twewx0Oyc_c",26,68964,1486,31,407,1
"Fzi9Q5ehP3M",17,68946,180,19,175,1
"sbN7cCCHmrk",15,68912,1029,105,132,2
"McZAmWLel38",10,68908,3712,33,392,2
"YVsr1ocmC_k",22,68871,84,50,0,1
"Db-ZU8aWAtc",24,68858,909,76,273,1
"vvwpKlXfEp0",24,68800,3480,34,508,2
"5WbKjgN_meI",20,68756,505,27,2,1
"WsROuSvtFpg",22,68748,2157,53,77,1
"xdjzjIkf7E8",22,68656,1558,10,106,2
"fz-kmQoCnGY",24,68640,887,73,253,1
"oLY39dYhoQs",24,68624,309,50,44,2
"7o_78vZTelY",19,68602,824,348,293,2
"p78AJnaRTWY",24,68591,256,57,192,1
"3v_P3FmgUJ4",22,68568,4188,8,174,1
"oTlz6MWvY-c",24,68455,19,135,15,1
"T2WAzClO1QI",17,68448,706,138,125,1
"_yPDXiZaoCY",22,68436,49,19,53,1
"q9zcRkiB9JE",24,68395,411,32,39,1
"l67T8WfYcRw",25,68394,1893,61,608,2
"BMuItvNSnvM",24,68384,3153,22,761,1
"MloDUHrdzXU",10,68322,2529,27,318,2
"g1wCvEgwH8g",25,68297,1226,58,149,1
"jkpF9MsQ7Hs",24,68262,2373,140,1577,2
"9tNb21sGUPM",24,68255,1222,196,399,1
"L7PP70HjcS8",22,68250,2049,52,65,2
"q626v4czE6g",24,68217,4782,108,206,2
"_QIYz3Dpr-c",24,68174,2103,85,945,1
"3ov6mGqARvM",25,68117,767,24,0,1
"ZXxiaANlCko",10,68055,2116,16,100,1
"t5hZBQN_s0E",20,68054,653,161,106,1
"16lvIJ9iX7M",15,68039,2853,171,256,1
"8VZRNldbX8k",10,67981,2546,23,188,1
"4fkFrCztkZ4",15,67972,0,0,209,2
"A_VVU3pHrlU",22,67965,4162,51,616,2
"eiDPmJxN7JE",25,67947,238,53,189,2
"SG_XIUwXbUQ",20,67933,1287,50,44,1
"wzYnfeGY76I",17,67908,832,60,109,1
"zTjT73nXesI",24,67874,1052,40,123,2
"8Dgi4tuXY4o",17,67812,2782,37,431,2
"9oG6YCaiaPo",24,67801,604,136,109,1
"WYI4MX2-6EM",17,67787,157,25,48,1
"eHj-zds9SrA",24,67753,815,51,191,1
"50JLzy9lFKw",24,67751,167,51,71,1
"tEpMsJr8so8",25,67732,395,35,115,1
"PUixUOo7RAQ",20,67715,1901,65,310,1
"5sx-vmRgGH0",17,67698,857,55,141,1
"gLMW3g_HCh0",24,67694,2161,50,252,1
"moqgS4jrg1Q",24,67656,563,4,22,1
"qIa5cCHSKsM",22,67630,1931,29,488,2
"xDE3MSAK_DY",24,67620,9535,20,1446,2
"o8_bpzc8X_w",24,67585,652,21,201,1
"Mx_uCJJVERQ",22,67576,1650,33,227,1
"doEhdnL_ZYc",22,67570,840,59,126,2
"wFFirhm1kQM",10,67565,11329,39,882,1
"EW58GcmqCBQ",15,67557,4716,310,747,1
"FwEr0uz6yjM",24,67493,812,12,209,1
"lhfCfuuquxw",24,67473,157,26,48,1
"zmSXGW0ipBA",17,67452,997,140,175,2
"MH3edua4qBo",24,67443,0,0,74,1
"JG_4wJzK164",24,67411,240,19,77,1
"u9lYEN9vIqE",17,67405,996,121,149,1
"reVXXDNgSP8",1,67387,274,16,51,2
"mjg-l2R5gVE",17,67386,0,0,116,1
"MP0asQLC0yc",24,67322,1569,23,309,1
"44171TlkXGk",24,67281,725,28,324,2
"Ue2UKkwpVoE",20,67221,1789,51,407,4
"u7mLC1YzpO0",17,67190,169,15,21,1
"lCnXq3pHCO0",28,67157,325,137,69,2
"uL3kqOefvJQ",22,67149,1152,70,339,1
"ZrfzNY8D47k",24,67119,439,289,73,1
"2_6MV-4pOB8",22,67111,245,33,90,2
"LZS-KSkqwAY",19,67079,890,232,376,2
"7_MFMeMWk8c",22,67063,1728,1378,614,1
"zw4-rfJUt7s",24,67022,200,50,97,2
"LngpUgiAACU",22,67016,1671,30,286,2
"u-rWEh7S3_g",23,67009,405,6,161,1
"bdzh9vMzjNI",17,66995,950,53,131,1
"gkQHkFYvMn8",2,66995,892,54,105,1
"U6h20GZ_cvM",24,66934,1301,106,570,2
"GLoe5iD2BRk",15,66934,4090,36,391,1
"Teb3g1qzrlw",24,66907,3759,185,840,2
"XNBNoc9aqh8",24,66905,466,380,99,1
"ThrK2S5kWOU",10,66904,3587,39,240,2
"3mSzwKByoyg",15,66896,2599,131,402,2
"qZmG3ihI_bA",17,66878,127,24,278,1
"vDf5AIoyscM",17,66862,0,0,248,2
"MaAcG4rsAko",10,66856,3356,59,477,2
"t0lMspaEYws",1,66843,588,13,25,3
"_-9YVWH6YZI",10,66801,5534,22,448,1
"SdA5UfAWp-4",17,66752,932,31,111,1
"kqeA40umhaU",27,66708,1305,43,411,1
"Q3oKaML2p-U",24,66701,485,269,206,1
"AovopFhLwiM",1,66685,171,92,87,2
"BOoJm4FMAZU",25,66668,1200,56,188,1
"_wSOgcYgGys",24,66661,366,72,82,2
"8sHosRTvmIo",17,66606,205,23,230,2
"IDd7YLGNw90",24,66590,204,17,92,2
"Qyc7xQsB9dc",22,66513,2055,32,271,2
"lEcaJlGdSm4",24,66506,1118,71,278,2
"ZIzkzcjr5ic",24,66474,449,390,115,2
"La6kz9r-cZo",22,66452,1859,35,363,1
"jpcRhnNwokU",2,66434,838,77,163,1
"BeWzBdccZEA",22,66407,912,59,146,2
"rfgvZQvJ8rk",24,66385,1088,45,254,1
"ZzYLkQkNSck",10,66376,1243,58,508,2
"LOIjwuINcNU",20,66370,0,0,0,2
"7P-eZtCkR8s",10,66365,189,171,207,2
"UH8zmLaHwMI",17,66355,896,124,152,2
"ZOoJMu4JSH4",24,66332,546,152,97,1
"-6rouh9k0gQ",10,66329,9101,24,736,1
"Pc86v5GQmYk",1,66292,117,77,86,2
"cdWQ2PvYnHA",17,66290,825,44,160,1
"dpXZ98T3oVA",22,66283,1596,43,261,4
"i1sV0JWDyBY",25,66280,0,0,40,1
"MPQaySneSUc",23,66272,51,167,164,4
"axabjFfDIJI",24,66242,1221,50,128,1
"32mKw22TjW4",10,66227,1649,19,361,1
"gR4bvvTGEzc",10,66214,5220,31,279,1
"IXDjswADFn0",26,66150,1937,124,424,1
"E1Vfn2SGWM8",24,66115,1148,66,418,2
"mSvICQ6ongE",26,66110,953,131,86,1
"z81oooJEVEU",24,66024,2015,16,103,1
"OWYQFmWTk_M",22,66015,769,96,162,1
"AjZFUtKuPjc",2,66012,793,71,145,2
"NJoBOeCp_0w",24,66001,388,28,287,2
"L1wUaXjIVuc",24,65990,1699,322,522,1
"byl_2MU5I8E",17,65982,1786,25,447,1
"d0za34SmiD0",24,65958,226,55,99,4
"m92vaU4-OBY",24,65945,786,281,256,2
"zcZaMqiKJtc",24,65903,2336,21,602,2
"NZEiFfTXbnQ",24,65892,0,0,0,2
"wSyujdOBnaM",24,65890,1843,86,201,2
"ej4GAu10WGQ",25,65867,2318,48,812,1
"P_NEgEouvV0",24,65809,59,57,47,2
"OCSm-dEQ3G4",15,65805,397,32,48,2
"fiiA21acMwc",17,65800,260,21,15,1
"N1EVqLVq8M0",2,65786,561,47,80,1
"6WrWlTpMLaw",17,65747,298,76,202,1
"s-EyqI0DaQs",24,65735,354,118,68,1
"gXVD_zK5T4k",26,65718,845,33,60,1
"rIm1v4jicrw",20,65709,937,64,252,1
"gjHjkfpm57A",1,65674,575,8,20,3
"S9TWrFkUvOc",24,65613,508,366,102,1
"h71f13o1Ejk",24,65610,157,136,103,2
"74PRLwzpYio",22,65591,950,103,154,1
"VLa_rWH3DV0",26,65587,1862,79,264,2
"xSzowhqUMa8",10,65566,1972,64,166,1
"0Hm3MDAOvr4",22,65538,89,86,11,1
"c_YApsybzGU",24,65488,1247,24,236,1
"-9pU95wOZlk",24,65464,381,322,114,1
"jinurWYblbg",24,65430,0,0,0,1
"ts99utsRwXY",10,65426,1145,11,352,1
"Z3CJ_ZMVcvA",22,65406,2854,64,281,2
"F69la25sb2Y",17,65371,919,114,159,1
"dSCM61M7-HA",22,65364,202,106,9,1
"Ss2gp6PO6qQ",24,65348,2784,39,64,2
"BwN04BZy7PQ",15,65293,2131,28,264,2
"l6wi_c5WOCc",24,65290,6166,43,252,1
"E7nyN9umqtM",10,65290,3600,14,355,2
"bY42nBAMqAQ",25,65284,172,50,351,1
"c2WxIO5asVg",10,65266,5381,38,532,2
"JWS_frx57HU",24,65256,670,84,255,2
"x6q41EnhPnU",10,65192,6701,11,726,1
"uvrvS27EZg4",1,65134,508,6,142,1
"3DLMrSvd_OI",17,65115,168,8,34,1
"arwZZ3L7kAU",17,65029,173,64,0,2
"336RjRzZ_Eg",22,65020,3015,77,48,2
"BYxjxlEypys",28,65007,1245,110,104,2
"71LgAax_8qw",1,65005,49,7,0,1
"SMvMH1ui6-k",2,65000,452,104,156,2
"IWhoDwKDzfc",10,64985,2758,60,201,2
"NW2sOKkwMRI",24,64887,1212,24,283,1
"L1pTB3r103E",24,64858,1798,28,539,1
"mGoAp3qU7O0",24,64851,313,18,55,1
"7HEt4IP8DjU",24,64818,511,355,110,1
"Z2JEkIc7_z4",20,64793,1003,67,0,2
"S2jWTmlhTjw",10,64737,2442,64,159,2
"X-9uWSDGahY",10,64735,1799,21,101,1
"xAxnSJWEhks",26,64652,2844,15,500,1
"NHjw_r1uuqU",1,64643,50,32,16,2
"UWritz8BYLU",22,64624,320,1109,333,2
"5t4N-wtu8y0",24,64596,565,39,59,1
"bQmvvX9WsNM",17,64594,730,175,191,3
"x2ifKCOHEN0",15,64567,2216,27,306,2
"h2Zzd72me44",23,64530,7376,951,809,1
"7pbbU4ZhSi0",15,64527,3484,26,666,2
"SS9ZzTXL44k",10,64486,2579,19,140,2
"MlBu1p2_kzw",24,64483,117,27,201,1
"0-L5kqWSeVU",17,64461,872,53,95,2
"ujLhWhGVhhA",24,64428,1234,29,168,2
"zusvGH0V-8Y",17,64414,131,18,39,2
"T9e5_FJ7U-w",17,64407,205,18,0,1
"jJ1IyMRAPRA",10,64396,1121,66,476,2
"C2gMcjRJYdk",24,64384,850,174,447,1
"qLeR6pJdrGQ",20,64364,1712,27,254,1
"r8Oco9vF2aA",23,64346,74,51,22,3
"eKZLOQqOfUs",15,64330,1818,48,213,2
"dXrRaeTu7j8",15,64322,1762,47,199,1
"jHlnLR05ffI",24,64315,1095,111,207,1
"Bf-ArP_ToC0",1,64286,510,15,103,1
"XGFNwjVHuKI",17,64262,284,25,306,1
"8X4iq0IR5tE",10,64250,1022,36,523,1
"uvbvIRY7k_w",22,64247,141,52,35,2
"xY94-YmMgDk",26,64244,1352,61,286,2
"fhxG1QdjD5w",22,64224,475,57,377,2
"cWm6ysonkP4",22,64219,165,88,9,1
"3a825ssQo_s",25,64209,2067,50,671,2
"4yhixmhFvS8",20,64196,670,118,108,1
"jcULwbQ-nbU",22,64185,1265,14,201,2
"J4hTt6bE5pE",22,64176,2970,7,218,1
"VumbkojJ4hw",22,64118,1525,155,823,1
"IW4nZQMeXPA",24,64106,3111,178,762,1
"4K91-zhewnE",24,64098,725,194,551,1
"TVtfx6_sjsw",22,64093,236,36,30,2
"aSATK8rybDU",22,64084,73,23,37,1
"XdStpmjISEU",1,64040,396,15,214,1
"FMe_TVzCf10",24,64040,2350,35,66,2
"CAyuwpTGF4Y",24,64034,1038,103,162,2
"FzI5zBJRj-Y",25,64026,761,89,120,2
"U6ePlgBVcnA",24,63989,0,0,72,2
"3IgsbckS2mg",17,63981,99,8,30,1
"XYR9rLTe8UA",25,63941,390,73,244,1
"mHMO5-XmZxA",24,63907,174,125,66,2
"fkEJTsVZSl8",17,63891,1218,57,130,1
"mtZDAHI3Xnk",24,63867,246,65,65,1
"ErabJT2GXQU",24,63762,1364,38,287,1
"bKBAPu___Ck",22,63761,793,38,50,1
"B86KCoD5Kxs",22,63746,5256,27,648,1
"J2DLpu7xTSI",20,63732,2516,43,410,1
"bqirnrtX75g",17,63701,1598,84,122,1
"9Hj9B9-YpzA",24,63670,458,101,29,2
"ibe-vHJlp98",24,63643,1522,46,176,2
"cAulCV2u0W8",22,63634,426,104,166,1
"Z7RHPXinNVo",24,63595,917,22,200,1
"RR-Ow5f7SmQ",24,63586,3239,63,658,1
"LKDEk600xss",23,63543,4818,143,2529,1
"Lj5qJqdV6vY",24,63536,73,8,0,1
"mXmfTPYPO1s",22,63508,201,31,181,1
"RdveHyJ7kjk",26,63490,3417,21,260,4
"GGr8zYSFfBs",22,63460,0,0,180,2
"Bf-yMPhrRq4",24,63438,46,719,175,1
"oUv7baV4V8k",15,63418,2304,11,296,2
"X-yS6BfKq9A",24,63379,963,244,295,4
"5vEpmsxq4Pk",15,63364,1721,53,179,2
"3vq5OIcOpAo",22,63352,80,288,289,1
"rZVnXuniFXk",25,63220,1009,56,169,2
"13Hfuhlkn2U",24,63197,1570,36,1036,2
"jHlapEtdGNc",10,63169,1892,84,105,2
"mRDjnGjhY-A",22,63165,3848,46,179,2
"zWZNlm0NWfg",15,63145,931,42,162,1
"oRBGto7v4io",26,63135,536,67,195,2
"5vtNpM0FG4M",22,63120,1770,40,290,1
"o941Ae0IjHg",22,63056,7751,59,1044,1
"6ntLR9namK8",24,63047,336,36,223,2
"NJ7rqTlgZIc",15,63018,1946,29,224,1
"y8KmxbW1vM8",15,63013,429,38,54,1
"n5-ThTxjgog",24,63013,821,21,14,1
"jMAcRbtBTh0",10,62987,2266,49,183,2
"yqbI5CWoxLA",22,62969,346,17,60,2
"8cZt8jQ8Mig",17,62934,819,118,136,1
"a_gWzZHq3Ms",22,62909,1082,60,157,1
"tU11eABTfcw",26,62903,1385,111,154,1
"GH1hhIDfd7w",24,62903,1169,35,616,2
"_4XkA-IiOMo",15,62899,4039,35,290,1
"2vB7kY9K6H0",10,62861,0,0,24,1
"j4Y_pS5ha3A",22,62836,40,85,18,4
"rJj-aLekR1A",22,62832,6446,23,537,1
"LJr0akCrqvk",25,62818,1923,107,935,1
"hDpJ65k96c0",25,62807,68,403,685,2
"8nSdfJJpn1w",15,62796,900,55,176,2
"Q-WLRA01XuI",26,62790,1804,171,199,2
"4Tqu3I934Jc",24,62772,811,171,152,1
"BIfgsKkBocU",10,62763,886,23,402,2
"ndMjubdj4H4",24,62718,2777,34,499,1
"jcQJiPsTFXg",24,62700,518,161,237,1
"Sz1u-ElX-_0",17,62678,772,41,138,1
"deHSdfWafNM",24,62675,1247,42,580,2
"savBg7WtJk8",2,62663,734,72,116,1
"OkwDwZAzBqk",17,62662,880,136,152,1
"o9GqCdnFKpQ",24,62660,0,0,0,1
"ipfU97TPQtM",22,62635,5807,16,410,2
"HFKoTwUpXLA",24,62560,408,39,271,2
"Ll8Ja2XPBGo",15,62556,2357,101,241,2
"KeLUPqy_lEs",25,62502,167,58,166,2
"KpLFNKO4-G8",24,62482,1662,2895,837,2
"cN3ZJUoK6KE",17,62481,144,12,14,1
"rvdHznn2wzI",24,62467,3090,43,35,2
"wEBNwbob_Yg",22,62452,1199,80,240,2
"np3-2RMjXdE",10,62395,3346,41,424,2
"gEOBhTS296k",25,62392,0,0,12,1
"Fifi05QiOGk",15,62383,1649,64,183,2
"8ftEaihXHag",17,62375,974,169,197,1
"fJgBepyY5lY",10,62318,1443,76,103,2
"PgfIMjFHEiM",15,62316,2012,36,192,3
"K1egbaC5NUc",15,62281,395,36,21,2
"5YdEe-AeUns",20,62278,852,85,185,1
"ZZioRpzcjWs",24,62272,126,126,58,3
"o6MLoxBtpmc",22,62268,0,0,106,1
"JrnSfMggWIQ",25,62249,994,107,182,1
"jBzxmh7OxtM",15,62187,1806,36,299,2
"2tCxmy_GfPA",22,62185,2436,45,22,1
"h0mY-T6wY50",27,62128,413,312,163,1
"Nv9_xQVvj6E",15,62127,2211,34,198,1
"OeC-cSFw1RU",24,62087,777,68,140,2
"JBpSXyMEbrA",20,62070,2193,30,423,1
"aYk-DGTq68o",27,62061,1802,82,152,3
"JG8eU8ACXRI",28,62045,0,0,94,1
"y2FIgzvkY1w",24,62040,1271,99,367,1
"V-z_pRnO_yg",24,61990,1782,31,342,2
"pq17ysdZPVA",26,61987,1276,791,450,1
"ffQxSCbS_14",17,61979,818,38,228,2
"PT1QKNYEMTU",22,61941,1299,121,211,2
"2NwSL0QhQX0",24,61932,1751,74,469,4
"exussuFtj_M",24,61926,243,24,7,1
"H8qeM3ZLT1c",22,61905,1852,21,269,1
"bOXptDunk40",22,61904,380,27,56,1
"I7Ra6r78guk",22,61852,1717,22,285,1
"omDg0JrG2Kc",26,61835,1237,28,0,3
"XEkRiKGiNMo",22,61834,3200,4,80,1
"E11qzg0Qg3w",24,61831,1094,67,273,1
"Mp90xeGBwEk",22,61813,3038,5,101,2
"QHb9haGHwbM",17,61806,505,82,290,1
"rQAgU585fZg",10,61794,1912,139,419,1
"L4YTuWxJVaw",24,61779,74,384,102,1
"9RB49asREWM",20,61763,926,74,140,1
"fbHI23_wubA",24,61727,1830,32,382,2
"3XRErH6_ePg",15,61715,1349,38,167,1
"v3I7k3JS2Rw",22,61708,38,587,27,1
"JCyJAZdTVwo",15,61674,3006,37,382,2
"jNHMpDMMCeE",24,61641,2210,51,395,1
"0jy73Fh_lW8",1,61622,3365,63,628,2
"wmyVRb9Zjp0",24,61582,1036,76,304,1
"hFpMYMzm9Sk",15,61508,0,0,215,1
"yrlzRLeTx1c",22,61500,309,77,84,1
"7QMEcfEsAwI",24,61495,2814,47,382,2
"pn9Rwrz8rFo",24,61460,210,39,103,2
"SVAeGRwY6RE",17,61422,767,32,124,1
"0BVGdwLUAw8",22,61413,1390,25,204,1
"CQabdzu06aA",25,61381,47,102,53,2
"vXomayJMx9E",24,61363,560,203,124,2
"WrElPUC4C04",22,61310,1901,83,298,2
"m-XUPnnD7lc",17,61309,0,0,124,2
"zlaBYSEilm4",22,61306,0,0,262,1
"lVyOaKzJ_I8",20,61299,900,56,655,2
"gaV9J_8jPTQ",24,61295,1263,105,295,1
"KzDB_qjqato",24,61280,801,5,16,1
"ErLgj8rvLuI",15,61279,1963,20,146,3
"HQCwkldEX3o",24,61265,1678,98,285,1
"zEDh9I7iVm0",24,61258,3143,27,239,1
"oHDsr3QBDbs",24,61233,687,159,161,1
"ti7rvgQjcYU",25,61221,470,94,200,3
"j8W8k23L7eo",1,61217,977,26,133,1
"fCgGLS5710M",15,61213,2039,89,306,3
"PJZXrtcRHLA",25,61213,0,0,139,1
"JNAC_WZnKeQ",24,61160,649,195,173,2
"D3UgKhoZbSI",15,61152,1378,36,191,4
"AbSGf-HdDLo",22,61142,481,55,179,1
"zng_x8lukhg",20,61134,158,18,95,2
"7qNi3s6c2zo",26,61130,483,90,83,2
"29Q17vJ_bp4",20,61120,963,30,0,1
"P8wIA87G8XI",15,61119,0,0,284,2
"fPkNRVnaOyQ",24,61101,12515,15,880,1
"3SxKIvvjZ88",22,61094,2480,23,171,1
"5MR6ZDW96hM",24,61058,3662,8,104,1
"auKe5SrBurk",24,60997,2598,383,620,2
"oTYMClXB9Lg",17,60996,33,13,12,1
"M6S5_2BmzEM",24,60960,1117,81,259,1
"sbwYjcDe-0I",1,60954,223,12,34,2
"uPjobbVgTxE",10,60949,793,45,259,1
"OruMgDpHOtc",24,60947,1618,56,201,2
"Y4DZSNn-W7Q",24,60876,484,33,49,1
"82nn2s94c-Q",28,60861,1959,18,175,3
"9eVFvyCXb2U",17,60848,195,40,144,2
"se-ZwkovRjk",1,60824,383,9,158,1
"5-T7bcNY96U",20,60815,1054,116,222,1
"kxq7T8Ce93s",24,60796,1285,30,228,1
"CwuVJZ7srHA",24,60778,0,0,0,4
"r5X7hwdMxDU",24,60764,3578,70,83,2
"2tgITWH9mu8",24,60723,3075,10,149,1
"ROQJusqxXiw",10,60708,989,44,366,1
"utjcDyafQh8",22,60695,795,63,106,2
"KaaaXoHKe8E",15,60685,0,0,217,1
"FARxrW_mzkM",10,60671,4506,10,462,1
"4LiZcE5qdXI",17,60618,913,46,137,1
"5A__63YLQCY",10,60575,1216,111,47,1
"6064oNvNpAM",24,60570,715,370,0,2
"PtbaWeSgSZk",15,60568,1791,20,275,1
"Xt_BrvNkwOE",17,60502,144,41,249,2
"3zUzjIgfFAs",24,60501,3784,60,614,1
"8QZhIsqojpw",22,60441,257,21,7,2
"HtAR8svxNGo",1,60428,1282,99,192,2
"2-Nj-LhiHgM",24,60387,4934,91,1225,1
"virA-R2jlQo",24,60385,616,432,259,1
"gFR7XHp9Pio",2,60347,684,53,110,1
"MhInFROdJCM",22,60334,340,44,150,2
"uvPm1XKuym8",25,60311,89,54,12,1
"m0bJu_kGkn8",22,60284,490,63,451,2
"Xpfp9jwXKks",22,60281,1389,29,173,4
"2vOL7rGht9s",10,60258,0,0,0,1
"us45gH8T1r0",29,60250,2721,82,865,1
"3gFa7AEBcCw",17,60238,709,53,107,4
"62Z4BHNyA9w",24,60202,10668,30,1271,1
"LACtFriivb4",22,60185,1905,116,217,2
"X_czpVLCmqo",24,60183,1016,33,127,1
"pG6GnkYL254",22,60156,343,44,235,2
"qgH7o5TyIYE",17,60150,67,133,401,2
"_C1pZ0KL0MM",23,60140,185,36,89,4
"gV87QP4N_pg",24,60128,917,206,151,2
"6EEYi30U0N4",26,60123,1557,84,238,1
"uIB8YloIfD8",24,60119,858,54,134,2
"_mRnh2T99Rc",24,60096,4354,58,715,1
"k1anVwtDcFI",17,60095,116,19,193,1
"1yAp0v3lv34",23,60093,1179,75,278,2
"UxWv-9yfyZE",25,60087,1047,49,103,1
"9Cv3EqH_84M",22,60074,2085,134,983,1
"B9eHrtRTZZ0",22,60068,1179,104,374,2
"dR1p1mjjZA4",24,60040,359,33,133,2
"7C0ffNgs-YM",24,60015,5054,36,1084,1
"lnly38wi8uI",26,59961,2287,654,503,1
"j6qfWZQ7gno",17,59960,1764,39,317,1
"D7HhuN8wOKI",24,59902,959,94,230,1
"94Dt0qVPAAM",10,59900,8030,49,587,1
"ZrH8GkoHYmI",22,59886,1773,23,224,1
"HNUip8TRx0g",24,59873,1024,187,194,2
"om33q-1S-Yc",10,59869,8804,29,996,2
"UDcHpSAnZME",24,59838,1102,101,199,1
"MRi5GfmM1Cs",24,59789,405,30,260,1
"h6MOggjKwGs",17,59786,390,38,70,2
"CcbPg-kD7rE",24,59758,4604,33,99,1
"lrwqYoswmQo",15,59751,324,48,61,2
"zO7ktpWhz8E",23,59746,393,14,34,1
"lIKWWYt7_Rc",17,59692,1180,70,214,1
"Lj96Rve6DcU",26,59630,1393,149,173,2
"WvW5NKAxzAc",24,59578,160,40,135,1
"suQiZxX_arY",15,59565,1475,40,136,2
"te8BPX3tdgM",22,59544,175,31,72,1
"1uvxGKG5InY",15,59519,2189,18,177,1
"U9yLe_HZ9bs",20,59509,1218,28,329,1
"Imp_C5ZMmUQ",25,59507,507,52,127,2
"YOnder_YGr0",24,59506,305,94,18,1
"7g-LpUYmBi0",1,59479,81,41,64,1
"6mAV51-A9dc",24,59478,888,130,163,2
"uDRNJCqpQRM",24,59463,570,18,41,1
"yC9T2SKAwqo",17,59454,729,73,98,1
"svwqqqXswXw",20,59445,580,18,211,2
"uSAwV__VTR8",24,59410,2918,29,40,2
"jYHqJo_yk_M",24,59297,556,74,139,1
"eXQ_ziyIr-8",20,59268,893,21,408,2
"lMNlw4FVoUo",20,59239,691,32,267,1
"mEH0Webhr_4",10,59239,1817,152,289,2
"lAX7dScdgfM",24,59229,0,0,273,2
"B5lC9ITNdm4",22,59207,112,141,165,1
"o8w8bueYTjU",20,59203,888,94,274,1
"ec-08zH952c",26,59169,1373,77,146,2
"TLp_u9ZZBHw",10,59149,960,37,462,1
"iiXpBtL877Y",24,59131,0,0,36,1
"ij13ux8rK9k",24,59100,724,117,159,2
"M8kRhnERbnQ",24,59096,496,116,59,1
"kJI3euiTyoc",20,59088,1385,37,38,2
"QTtBoCxad3U",24,59084,1208,15,212,1
"awgu7B8BmbQ",10,59061,4878,14,537,1
"fRl-h-omI-o",24,59040,1037,37,185,1
"PgJ-tKUKdu8",24,59030,83,65,22,2
"mLxdcFzYTjQ",24,59016,2524,27,209,2
"N28OzioqZLU",25,59014,997,42,133,1
"9qc6YSL5uUw",24,58961,1615,66,276,1
"HH7NIvE6MCY",20,58951,2168,74,110,1
"cygICIbjt4Y",15,58917,899,74,58,1
"c53uIhJxO8A",1,58907,340,26,64,4
"01YTX2rV4Qs",22,58896,1674,27,245,1
"sKCm2qtP_2Y",17,58883,0,0,135,1
"UFGJVHWAJaw",24,58863,287,325,67,2
"tAM4PwTpXik",26,58858,1156,58,178,1
"PfeMqFPsvzk",17,58851,735,19,366,2
"fNMpxg56Qts",22,58846,361,22,95,2
"9d9BUuOC1g0",20,58835,4689,89,1083,2
"K9Nm_ZUkT8s",17,58784,154,8,66,1
"RtEoFKuz89I",17,58748,310,16,71,3
"6KaqFgmj124",1,58705,490,17,64,2
"VtAObrdFZDA",25,58695,842,40,65,1
"wRn2MluRxYQ",10,58617,581,41,209,2
"xaROLONkM5s",20,58606,702,78,126,4
"rceqMheZQwI",10,58602,1095,45,386,2
"TJjcBBsKpCE",24,58549,667,17,0,2
"5x5Kq8px264",25,58535,175,75,20,1
"2OmRFsWlCJs",17,58508,294,26,286,1
"SfG0FsMji64",24,58488,1279,62,372,1
"bshHerIP8WY",24,58477,1254,61,273,1
"knetpe-nJOM",24,58427,186,14,0,2
"OKYRlfxVFY0",22,58419,4014,14,281,1
"hBF7OAlkSrI",22,58405,247,23,107,2
"NNRqzrMQY9o",10,58351,748,43,152,1
"w8Kg3z8RIVY",10,58312,2206,21,158,1
"fv1zu5K6aiA",24,58292,426,27,297,1
"wkDmBtw4chs",1,58289,834,8,49,2
"o3T47MIYT70",22,58286,750,129,329,1
"5GbrvQ534zs",17,58280,750,104,104,1
"4H7JwT66KQE",24,58275,1210,72,273,2
"xxeV6OrS1tE",24,58266,1309,34,1105,2
"NIRbQKgH8v8",22,58245,578,29,264,1
"UXxlhqFyERI",1,58243,206,9,43,1
"X5wS4Pv2Fms",24,58242,1156,75,172,2
"g7Icrp3hrkg",10,58237,4333,24,539,2
"HCuBeinFJE0",24,58227,207,25,201,1
"aHGDZsa0Tmw",24,58226,462,28,43,2
"fXEhiJ6I6i8",10,58223,12850,8,592,1
"lR9yfgtVT7k",17,58218,664,141,157,1
"0XGQcjnAKVI",25,58211,746,50,88,1
"vrnnExKh_Kc",22,58132,121,24,69,3
"N5mfColtfhk",24,58059,482,37,64,1
"fCXaIXrIHWU",1,58057,2863,18,245,1
"qHoo7qRth8U",24,58049,65,113,56,1
"FfoVm_PdEVU",10,58026,3930,32,464,2
"xUhXStwBQ7E",20,57998,1816,149,264,4
"A0GWSOOS6oM",17,57957,738,95,79,2
"QULglP1etJo",24,57941,2962,72,18,2
"O050iaRXIms",26,57937,1352,100,144,2
"0yunq-kGgGA",22,57932,560,12,28,1
"wzGMnch3MwQ",2,57928,671,33,111,1
"wBRtxBsWquU",17,57925,4909,64,1834,1
"OuFTexduIL4",22,57911,883,236,254,2
"sTLG62eIvFo",22,57884,56,17,23,1
"Zxivw4Hz2Zc",24,57867,573,142,152,1
"zIhc0rXajCk",23,57820,334,76,107,4
"qd7rDGNpRp8",22,57816,79,9,96,1
"c8hb6-m4-z0",22,57789,286,57,0,2
"15AEU70xIkI",26,57772,593,97,123,3
"VIe5e-4YD6Y",25,57754,748,42,89,1
"lknnYYu1dlA",17,57736,395,25,48,1
"Y_099SrOhPY",24,57735,1039,115,182,2
"d_Mf3Gqh9qg",24,57730,366,40,72,1
"YC2AEQczLlc",24,57703,909,161,536,1
"NzmmYTvduuU",24,57696,541,95,109,2
"N8nQ-Ndy_gk",24,57681,143,22,28,1
"HaZzVUBlEGE",15,57668,2954,24,223,4
"kXzBm2V1vvI",23,57647,1332,39,166,1
"n88D2fe3_v4",10,57619,6246,27,1043,1
"_VuCOoybQlc",1,57597,329,14,42,1
"KpWmCrBEtUQ",15,57577,1385,24,154,1
"La-BKhi8enA",20,57573,279,23,72,2
"1IG5JDsA2_w",25,57563,1856,64,610,1
"wBQ9k9O4REc",17,57551,687,22,546,2
"WjkWjxLrgy4",24,57550,519,33,279,1
"fl2VvzezaAQ",22,57536,2434,11,38,1
"Y89cEdEadFY",24,57524,2020,147,695,1
"UXa1bG5YFq0",10,57509,2278,33,201,2
"k2JRvTvq9Tk",24,57419,3365,14,89,2
"VQlv9T7cx4o",26,57373,304,93,215,1
"ITniBEnbYVw",17,57364,793,48,171,1
"oquKsgZaDRo",24,57354,835,89,134,4
"3_AnSwWRxLA",26,57326,718,155,242,1
"Knn6ARdwZZs",24,57295,1116,85,335,1
"IijcOpfvED0",24,57283,598,128,120,1
"ZLkgR4c6Csg",15,57271,2075,24,206,2
"1p6OWfwjKh0",24,57264,2066,74,74,1
"2vL-eyMg4pc",10,57232,2932,170,0,1
"AsYqAjpAXKk",24,57220,504,123,98,1
"TbtGAgSsAyI",24,57207,2249,43,580,1
"5C5RbW-pmUk",26,57168,1232,34,128,1
"bqp5314NSsk",24,57166,624,4,14,1
"fSiJgYl5_uc",1,57147,440,30,64,2
"r-Nqap-1czo",24,57143,626,302,138,1
"k_w9QSYW7nc",25,57120,1916,68,569,1
"jyCPZ2svSpE",26,57115,1311,65,175,2
"QZeB1vyGomE",10,57100,1095,42,438,1
"zcFwg5MBq00",2,57099,506,74,104,1
"FlQZVK0QwBY",25,57095,1262,38,497,1
"KWJ5xv7JWYs",24,57092,829,169,214,1
"sCQ-YSvtqhA",25,57082,1493,50,507,1
"rPf0lSNk0bo",24,57070,449,93,299,2
"P1vyBQ9vM2g",22,57042,1450,93,139,2
"1DI5fSFnuHI",22,57024,1619,24,115,1
"WePBbyNaXfg",27,56992,392,301,102,2
"OcXjcsweib4",22,56985,50,24,3,1
"li9QirjuWz8",10,56971,4859,75,1158,1
"97k4hZ2jjIQ",22,56929,1108,64,200,1
"PTd_2CE8b1c",24,56870,1063,123,269,4
"oNZzmglOP6E",24,56866,992,139,268,2
"UHuCI_b3wBs",24,56849,501,172,104,1
"VUfMsIB6sJE",24,56823,4191,85,705,2
"sBCfDDuDJfc",24,56811,719,133,112,2
"BB1mhKZh7n8",24,56778,313,139,0,2
"7cP78gDNDy4",22,56774,617,86,95,2
"X5Od2w5m7wQ",10,56737,1684,21,256,2
"EE7Kxzy1Wko",10,56734,2104,99,440,2
"lhAbQ3SxOPs",10,56726,2790,173,364,2
"eNf_FG4TRs0",24,56713,1164,18,177,2
"82vPJPzwVAg",17,56699,150,14,67,1
"D8Soa2sZOpg",24,56670,267,39,272,1
"I7lZBm7jLzI",22,56662,245,5,33,1
"14n8pFWdTzY",24,56641,352,30,202,2
"GwZW8RWuEic",28,56617,657,351,247,2
"8TMPbux_XQ0",22,56605,106,38,57,1
"QI9I9rEthpA",24,56597,1690,65,227,1
"wpaMVkurFgQ",24,56557,648,268,100,1
"jHvuzoCKVcQ",24,56555,1003,117,228,2
"gLXhr-lDpCs",24,56552,302,93,0,2
"3_DyNtauntc",22,56504,0,0,155,1
"rZgeQaDzwbc",22,56493,2705,16,135,2
"fAVUVMyoIYY",22,56491,453,107,23,1
"ROTzCSY9Y4o",2,56473,992,72,271,1
"ICjMrIsKvLY",24,56438,1369,75,221,1
"tw_44Iuw9MQ",24,56429,2389,25,361,2
"z5hzMcvkwHU",20,56429,4110,30,660,1
"dNabOMaPxJc",17,56414,782,92,160,1
"f0uC3KSPKSY",24,56412,258,23,113,2
"0Fj-2Ogsm-Y",24,56402,458,21,221,2
"qJNAzU9Jbqg",25,56372,305,38,66,1
"YKW_V1QFHzE",25,56364,814,14,62,1
"kZQunjLe5CE",26,56359,2401,11,612,1
"HdGUuE9wt-c",22,56349,300,8,48,1
"ywDLUg5cQvU",15,56329,1406,13,194,1
"RWO_9PuXjcg",23,56326,753,161,298,1
"6RgwNM8rshU",24,56320,275,140,67,4
"YyaEby0Wu2U",10,56295,1961,40,0,2
"BnznYFoOO60",24,56269,361,101,31,2
"eNQs1eBujsY",22,56261,979,33,180,2
"yvU3aA_ZlxM",1,56251,329,12,175,2
"YetdfrX6UiI",20,56244,861,65,165,2
"dFUWczeoRHA",22,56233,1332,124,90,1
"2w7dc20kbUo",24,56231,1938,44,250,2
"_ERiuw0dOkg",20,56185,806,70,147,1
"oE51ixo7K0A",10,56161,2928,8,201,1
"oUCXBKJY0Pg",24,56156,3411,30,191,1
"C5VANo9qkdc",20,56151,0,0,0,1
"1UUOpN4F47w",15,56130,780,33,41,2
"u7vrAeP7krw",1,56123,2385,35,553,1
"34RMkF6QcnM",10,56117,951,41,334,1
"UkCw1MtFW-A",22,56060,0,0,37,1
"UH5LhGbyEbo",24,56051,1176,311,179,2
"1ipUXz9_FNQ",17,56028,858,27,137,1
"TYuJzjNA88c",22,56025,2809,9,129,1
"NzcPQAG0mWw",24,56025,251,61,41,1
"cXmu4kNvtO8",1,56009,2298,46,386,1
"SpvcS7jKI9Q",1,55996,272,29,28,2
"TdUhgtftU1s",24,55967,2346,34,63,1
"HbF_xOc1_Dk",17,55966,551,96,890,4
"fSL_VLS_jJI",17,55965,198,23,93,2
"MpbE9xYkYvk",17,55960,773,111,127,1
"lTV1Y8Mfgwk",24,55953,160,51,40,1
"PjycB2Cw0n8",24,55952,171,17,60,1
"UGOa-BRLpZw",24,55951,0,0,0,1
"CZsWrTFOlCM",10,55916,1057,6,32,1
"jpStWV2GHF4",10,55916,1057,6,32,1
"jBbnk-v8HkI",22,55912,96,6,6,2
"2G1KuwlkyNQ",22,55896,881,183,152,3
"kCfjzlWVWu4",17,55874,800,19,16,2
"j73BqlM00Ec",15,55866,1443,14,233,1
"pajjCNaigH8",24,55856,306,109,27,2
"rOBXmiQxJnM",24,55838,0,0,0,1
"ajMDPE2mq5A",24,55837,451,199,122,1
"rnLSHmjnKRE",15,55803,0,0,185,2
"zi5NWZBTQ9A",10,55761,907,22,94,2
"kMpsnao3qvA",24,55740,135,189,26,2
"8olHG_EyV-I",24,55737,309,103,56,1
"23EfsN7vEOA",17,55714,4800,29,474,1
"ll5xvkd_R9o",24,55692,19,266,6,1
"NjeE5HHaDso",22,55691,1887,17,363,1
"sy983M8R4to",10,55689,5079,46,429,2
"07_PMY0BItI",24,55660,750,9,93,1
"_oGl1rA0258",24,55637,2007,40,629,1
"OxGZ2_wOMZE",24,55624,1310,30,307,1
"tyfIyne8gc8",22,55597,191,26,72,1
"ed1X4M0jCJw",22,55578,2339,22,113,2
"-R5oeQ4Td4Y",24,55571,175,25,26,1
"00d_GhFj2tc",17,55568,796,95,97,1
"emVscgCCtbM",22,55562,160,80,395,2
"J0PTU-6V0AA",24,55560,335,35,105,1
"XaTMs600bpE",24,55537,778,20,102,2
"LKJK7ILnXoM",22,55533,39,4,11,1
"nofDVbl437Q",10,55492,2945,27,248,1
"3ZrcjFyT2Fs",25,55479,174,21,95,1
"vZ0FcEZA4ac",24,55478,879,451,353,1
"w0vdSy7rbdM",22,55473,2144,22,494,1
"Rg1WRAQWIGc",20,55460,91,41,126,2
"iRt0Js988hA",20,55428,1442,50,114,4
"NjwiiRImA7Q",20,55386,899,16,123,2
"SVOjLODXWgM",20,55302,929,91,147,1
"ySFOsUn7jWE",10,55235,5521,66,513,1
"jYZlWfL3-HM",22,55227,144,15,43,1
"ASfx9cA4LNQ",26,55209,1352,70,161,2
"VDhSqVYDFLE",24,55202,29,73,13,1
"Qd167R6Q2HU",25,55171,46,32,19,2
"w8Y_TSQSv78",17,55139,524,29,63,1
"6h91sw3YAsY",17,55132,203,24,0,2
"KisJaqckT6Q",26,55112,1028,52,136,1
"H40m4T5zbAI",26,55073,1049,653,248,4
"gRdGvEc1neI",17,55064,521,41,153,1
"AtlV2k6XmpE",24,55063,1169,24,201,1
"5DTkEcHNPoQ",15,55045,2083,94,223,1
"PVAD2-CaoKI",24,55038,380,11,0,2
"80F3XdW76xE",22,55026,2405,36,81,1
"a2JMoJdH39E",22,55020,2169,53,637,1
"Vfp5pu7p8ZQ",25,55017,265,70,269,1
"T9pjr2Nhw2k",24,54960,3763,62,600,2
"3CardGeQJvU",24,54910,188,20,26,1
"_IW9VoUWqts",10,54904,3427,26,364,2
"TlcWShTICF8",24,54903,1154,50,22,1
"8qTbRyQ_qY0",22,54891,3100,31,403,2
"TnOchEA8R9I",17,54859,208,62,6,1
"2TKkvnYVHuA",10,54823,1387,23,108,3
"CI9nDmEPU_U",17,54819,92,19,21,1
"KPxiAkEhjMs",24,54817,0,0,0,2
"yvzieqTKAN8",22,54815,280,61,39,2
"rKa1uivyqno",10,54773,1681,50,139,4
"xZdvjLN_YsA",24,54754,1113,87,144,2
"1uf_MoILbzU",26,54747,967,408,221,1
"jRRsVZ04kmI",22,54715,109,76,38,1
"cI9TMrbl_JQ",24,54698,1032,44,602,1
"pmQkJ5jYhrU",23,54671,2853,37,336,2
"tY0CgJqlSRQ",24,54664,418,354,90,2
"NOBFpLyiiiM",22,54664,2315,35,162,2
"OJcKYIretnk",20,54658,2679,22,782,2
"Vrhw3AobBkw",22,54645,269,65,48,1
"qjypFz5h8-o",15,54616,2313,89,224,2
"Ttu2m_8ZTrw",24,54550,1748,51,60,1
"rnrDHmblfgk",2,54543,844,54,229,1
"I6dkNH69DjY",1,54525,2199,36,374,1
"fvtGNFYyUUI",1,54499,456,4,59,1
"Cx0RTdNZwj0",20,54492,277,52,71,1
"Y0f8izKfH4o",20,54424,5945,15,388,1
"YSZyr21c1Bg",23,54421,233,12,21,1
"UiMUqoI41s4",24,54411,846,37,168,1
"8W9Wrfn8QLw",1,54354,251,12,140,1
"GbJFWBxVIKI",24,54349,152,129,132,2
"l89ew6GAT_w",24,54327,1354,103,185,2
"pJ9LTOeWfBk",10,54311,1567,366,713,1
"MRVLZ3a1EP8",24,54294,962,43,235,2
"EfsWwONqS5s",1,54292,1974,8,330,2
"fWASEBKHowA",24,54284,961,70,108,1
"Byseq5kA8sQ",24,54244,2436,36,544,1
"anlqGmx-0B4",24,54187,0,0,36,4
"jmnBkpqJPHs",1,54183,3170,5,288,1
"WQG9pnyrdss",10,54180,1141,106,40,1
"zKPIN323nXE",22,54179,87,50,6,1
"GAF6TKv3gUA",24,54170,533,405,267,2
"Gh2dZkqnjj0",24,54168,660,216,253,2
"i4QCt_LbXZk",24,54103,853,1382,449,1
"Y0osfj-cL4c",22,54083,52,13,36,1
"pFQvMoJRo2U",17,54059,279,16,196,2
"JDorqAsnKrI",24,54041,985,32,485,1
"9NshgOWvzHM",24,54039,73,26,15,1
"rHQegCpyzLY",22,54019,1383,51,380,1
"L4TAASWXGUo",22,54007,73,91,41,1
"8rsCbzig2eo",22,54005,42,14,33,1
"hUbwFs7_XWE",24,54000,789,194,676,1
"kopIKK83v-0",25,53998,416,76,179,1
"nND-Uoo8rJY",22,53988,1163,34,170,1
"V_sSO3qIfgw",17,53986,645,113,623,1
"ishsnPy0XOU",24,53963,1399,107,156,2
"EoT6Edxli4k",24,53944,706,59,125,1
"ZL2Pob6xDYs",1,53905,75,20,23,2
"5rrASFAa5D4",23,53886,2739,95,911,3
"0vfV4KXH3XY",24,53876,592,186,130,1
"m55953DY5D4",2,53875,745,36,106,1
"QT_YLMTneTw",17,53828,340,22,205,1
"kb_F5E0TPDM",24,53822,1273,186,76,1
"Iaafx-x9T6E",25,53781,161,124,79,4
"RRXY2Tfr62c",24,53776,541,154,102,1
"W_7FWvbrvr0",22,53770,337,74,67,3
"M2ZOt0IkVTw",24,53729,965,1112,317,1
"0JMxwCO3qjs",26,53728,266,70,132,1
"TrvCjvDyRJ0",26,53726,1484,33,384,1
"Z71s_znBw4k",23,53688,1950,17,248,1
"HCeCzaIPfvQ",22,53681,1551,19,75,1
"ffS5H2ydZt8",24,53671,0,0,64,2
"zRgE0GU0mpM",24,53624,2516,14,380,2
"2yJSd08JFJ8",24,53615,247,38,48,1
"MU0Zq5e4hbA",17,53603,0,0,267,1
"ly0qwzZHKgU",22,53578,2087,32,334,1
"ecwtgPFwS6g",15,53576,1035,30,89,2
"ZJI4iwDacCY",2,53527,557,69,88,1
"TEDBz_FgoeU",22,53505,587,23,90,2
"CE73Ltuw2X4",24,53505,1895,114,515,2
"sLHp_6-iZaE",17,53489,163,19,83,1
"nH2ozNvbkdQ",24,53487,1178,63,1005,1
"O80EZ0svQak",24,53480,441,119,114,2
"nNfCI2z_Qcc",24,53395,0,0,9,1
"jTrJg8jyYzQ",10,53389,1767,25,201,1
"nwzL1kQhCqU",24,53388,208,72,121,2
"CwnDuT8-UEE",17,53347,101,19,147,1
"SkQ83XIcoJI",24,53342,538,115,173,1
"nYAAhfMBHv8",20,53272,992,55,180,1
"oN85PnETZL8",24,53268,1461,90,366,2
"U3SiHwuATj4",22,53239,228,57,46,2
"h9jTHrWxSMg",24,53221,3344,33,704,1
"aHUlUrXwaSc",15,53215,297,6,0,1
"Zn4DrHqe_E4",2,53208,308,105,120,1
"pofWIYcyycI",1,53187,534,8,101,1
"zKWlKq236RY",1,53143,102,50,31,2
"t-6DzYK14Sw",26,53127,245,124,136,2
"TN-sFN4FFms",24,53125,4291,25,1034,1
"tNBoeMCluow",17,53108,703,134,129,1
"lg_VTkRP0YY",24,53085,774,10,61,1
"4L3c-39d2s4",25,53015,683,34,213,1
"VTEFe1e6x-c",17,53004,235,16,18,1
"4eWFDsEuPmU",22,52996,0,0,80,1
"rvYzx6CL0ck",19,52974,811,197,260,2
"SZnYMETzJkM",24,52964,952,65,259,1
"0mSQjNSUYYQ",24,52871,801,25,47,1
"VKvasC5TFJE",24,52867,245,51,111,2
"qJP3l03u1uc",24,52835,523,29,53,1
"XppZcImgEco",24,52827,106,111,12,2
"8-_5eZncOMw",24,52808,875,217,181,2
"HVy3lccD5RQ",22,52785,158,116,84,3
"RUQ41p8P78k",24,52748,1017,33,338,2
"YbG0hATdmBM",10,52714,497,13,141,1
"zo4CCBighrk",22,52708,0,0,0,1
"orXuLcumBoM",25,52708,0,0,11,1
"mfZWZXwrhZ4",25,52703,149,46,122,1
"V5Gq0sN5ETM",17,52684,72,16,22,1
"HLngwirktGQ",20,52659,1356,36,160,1
"w2n7JjWClX0",15,52648,2139,63,193,1
"YAzFYxHcTNk",25,52637,234,21,66,1
"pQM4PjRaAqU",24,52563,205,16,28,1
"_FTphdeQlMo",20,52551,711,32,267,4
"rmsPRNJMfiM",10,52541,2326,60,123,3
"9wzKLL3P3Ss",24,52518,550,214,180,1
"ADY-YWGl_dg",17,52503,155,34,135,1
"adrSZvHDMFw",17,52483,173,14,149,1
"8Qt5BsFFgUI",24,52482,2145,60,533,2
"SCkUHOWqSJw",22,52475,1276,30,194,1
"SO5LyToNZbk",17,52427,190,12,102,2
"pwQbIBGPiTE",24,52423,6324,17,343,1
"fe3nzh55PS0",24,52416,709,126,96,1
"s-vGeOQURyo",26,52378,2188,70,382,1
"8pCS2cVtY_c",10,52353,406,4,102,1
"3wj0osEpwb0",25,52334,819,30,81,1
"mOzecqzKnCQ",22,52314,931,71,269,2
"bAZpsVITwYE",15,52312,1222,33,135,1
"uRuP5tQ8XSg",24,52309,0,0,0,1
"iWlAv9P3OAE",24,52302,1593,34,207,1
"vL9ei35Yf5Q",24,52301,0,0,250,1
"EDv4TwHGPyQ",22,52250,223,61,386,3
"QoXcKDkgp3w",24,52249,2600,81,58,1
"wIhBx__7kXo",15,52246,2143,9,350,2
"iQbGjF5brA4",22,52244,1657,22,90,2
"B5sAgPdW4Z0",17,52214,190,25,136,1
"bi96wPHCMuM",17,52194,181,45,178,2
"Hok0HlG_k4I",24,52152,501,146,248,1
"ujZvycBn0Tw",1,52148,4181,38,997,1
"ZHZmyY1w0ZM",23,52143,2178,15,188,2
"iJbboOI61js",15,52135,370,11,0,2
"O_fgKkNsBbw",24,52124,1226,74,225,1
"UZjYxP0T6ww",24,52107,1041,36,148,1
"E1mEto6V1IU",1,52099,1222,20,487,1
"aVvBCjEhOGI",20,52081,378,40,452,1
"vB9e8_6ASBU",24,52081,1527,56,229,1
"U4HMw3AMhZQ",19,52070,730,53,92,2
"b0MrPTL1XmI",15,52065,2151,17,198,2
"Pq6faXRD2uM",24,52059,1370,26,141,2
"CE14s-Wz2ow",24,52018,1727,40,303,2
"UuVIjOx5XZ4",15,52012,1896,14,283,2
"pWqE84ue_vk",24,51997,298,103,104,1
"Eu2VnlE5TEU",22,51962,150,66,17,2
"EzZZwt5GYdg",15,51958,1882,16,186,1
"dbKVfpwemNg",2,51943,2125,36,622,2
"sAVff3i5ZTk",24,51942,428,12,67,1
"eW71UZt_GYk",26,51923,1278,525,288,1
"2CE9Yao6RZc",22,51886,910,78,127,2
"_GMgqt9rw70",24,51874,350,360,0,2
"vQrqm4rNsXc",24,51824,265,42,77,2
"zqH6mMrKPgE",20,51812,1189,19,123,2
"cjf6lBfADA4",17,51767,881,120,141,2
"eNFkmQS1Tz8",24,51754,269,19,60,1
"xNZA52Kx2kI",22,51748,275,65,80,1
"iSB_CX_fTwM",1,51734,0,0,0,1
"ASJ50OVsLK0",24,51690,520,169,264,1
"5O3Yq67F9M0",24,51681,238,24,26,1
"SOBHnge9sS0",15,51660,2737,17,357,1
"08rsEK6etI8",24,51644,914,61,133,2
"-8KSNToz6l4",1,51616,207,17,23,1
"qEWAjvCWK7A",24,51612,1556,213,201,2
"WllPgHEAbOU",22,51569,103,47,61,2
"FSkxD94GLqg",17,51510,160,17,26,1
"IUihspekV80",22,51508,707,54,144,4
"H0IeuxB20nk",24,51507,2551,62,25,1
"wmI02oIRQkA",1,51501,0,0,81,2
"xhNq0SQA0sE",17,51497,335,25,138,1
"zsQyA2527LY",24,51488,224,18,202,1
"2JqzNSebhI8",24,51465,1707,27,160,1
"aLAsqf22_RI",24,51419,910,88,231,2
"wqC-8Pg-jsM",10,51406,1597,38,154,2
"ePGMpQrQ_wQ",17,51401,656,128,111,1
"7nkgQr-i-6g",24,51398,458,143,109,2
"31-CtfX-WYI",25,51385,169,43,0,2
"LcukvbkJMfM",24,51384,1762,27,201,1
"QzV37Gq-AzI",15,51373,2121,15,235,2
"sShn-kLBLAo",22,51368,104,25,161,1
"4MdvIg1ggjA",2,51347,424,188,166,1
"fOLR53jhgfs",1,51286,1244,30,0,3
"UA69f101pZI",24,51271,2374,85,80,2
"fVUhnkzNR6Y",17,51246,437,29,45,1
"lTaejOJQDaI",20,51240,0,0,0,1
"rfLQIwFZSOw",24,51221,316,93,80,1
"DJQA5xvUijU",22,51210,1270,90,595,1
"qA_NpqWr13o",24,51187,0,0,3,1
"baFtvBirTZo",22,51183,284,17,87,2
"4g9d3T33jts",24,51173,441,60,54,1
"A0lVGbu1KYA",22,51166,200,31,53,2
"NckesOEqfKQ",24,51162,395,123,223,1
"eMJYAihLPAc",24,51143,408,30,78,1
"9AWtab0QUhw",24,51088,1354,54,304,2
"gG8kNFR87r4",1,51082,486,11,242,1
"c5JLt8IWDq4",1,51070,66,148,43,2
"N7FTBzYFLBk",25,51070,0,0,15,1
"JsIsV1OStnM",10,51066,4059,29,539,1
"3oQffQciKHY",24,51057,474,77,71,2
"lTmMcJplCC0",17,51034,0,0,148,1
"ylojY8-BfWU",26,51006,1044,87,156,4
"U3XyFV2k2D0",10,50997,1851,44,45,1
"TwiXRv4Erhg",24,50971,896,80,148,1
"z1K-KEgX7CM",25,50933,295,74,8,1
"Fh5HDq2bTJs",24,50933,2646,90,646,1
"bTnCeADFU2Y",1,50926,2647,40,411,2
"EE9DlMVIhXg",10,50886,1493,163,291,2
"MSEoB-sn4Jc",15,50882,2421,22,194,3
"MlltyGzzGPg",26,50880,343,60,112,1
"ZXULWyGi5w4",17,50856,108,21,10,1
"v95an9Jvq3o",25,50845,720,44,241,1
"aKmn4UjwM-c",10,50804,4157,39,286,1
"YkUgd1ALN0I",10,50801,1757,51,502,2
"EXK6jESYI_g",1,50776,92,105,48,2
"54I7bh7ToSs",22,50762,372,45,98,3
"-0q2P8spwng",24,50753,1757,114,176,3
"ypisbaGShmg",24,50710,0,0,22,2
"OfbtARuVWew",22,50679,564,72,209,2
"oRCsPd485Pc",24,50653,62,5,0,1
"bhDTQpZ5oAA",22,50646,1870,48,99,2
"viUONriHt2o",24,50639,211,77,25,1
"8xvw85QJEf0",15,50593,1860,12,309,1
"HptRy6msrbU",22,50540,1482,26,229,1
"AX8y_QVjQZA",22,50533,1507,18,238,4
"XuWY7upl6fo",24,50487,1578,22,99,2
"gjLqbD5cqH0",20,50486,1368,117,169,2
"s06_Q2GJXaQ",24,50413,1198,83,292,1
"chLgtSnD8P8",17,50376,614,30,12,1
"YIEXpxm2z0Q",17,50344,498,21,23,2
"haFN0Fl3eA8",15,50343,1976,54,235,2
"m3uwojw53u8",20,50316,412,170,119,1
"SNvQoIbuYI0",22,50313,244,56,30,1
"sDAUd2yaekg",23,50287,1267,62,129,1
"snePyU1kOIU",20,50273,831,55,256,2
"VtmE2YkTlDU",10,50251,2366,155,231,2
"lywi8Svd-uQ",10,50245,587,38,194,1
"wHE6-3JTiLg",24,50207,30,827,425,1
"gv4X4OpyL-k",22,50204,144,298,132,1
"38ZmO1QjhQs",20,50153,122,171,49,2
"_xLw5K3uhkg",25,50130,669,34,245,2
"NWdXpnyEojo",24,50127,0,0,1243,1
"bLgLFeVxGNA",10,50120,8438,22,542,1
"5FFuyWtA8aE",24,50104,103,66,29,2
"r_GXYFFJ4cY",24,50084,296,135,35,2
"xjGYFCjPpD8",15,50072,1656,18,172,1
"Ezto087Fuq0",15,50066,1287,42,157,1
"GZyyMD8OuM0",25,50066,698,41,42,1
"FlbN8sabR-A",24,50048,345,176,119,4
"sgFZagG2_CA",15,50045,879,21,134,1
"cRmNNs9Kr4s",25,50043,731,62,41,2
"ELm6fdo3C-E",22,50036,151,27,67,1
"8zDjTFhZLX0",25,50022,549,55,57,1
"XUCTWcP1j5M",25,50008,45,60,12,1
"iO0yLelCrZw",20,50005,3654,30,948,1
"g7FMGzXKh0w",28,49990,0,0,68,2
"yBNaTEuYCh0",24,49957,480,99,138,2
"WBhuXUF7TdA",24,49953,749,18,110,1
"u-dPSr42I8o",17,49940,0,0,114,2
"zpdg6RBrXNQ",25,49932,42,72,259,1
"kyq65yUBGOY",1,49916,415,5,76,2
"oLtWIVBVoS8",17,49900,431,66,336,2
"IU8qe2U-dTk",24,49893,616,254,562,1
"j-026cR_IBU",1,49861,1113,45,214,1
"qNbezakYvbU",15,49845,2102,54,252,2
"SlT3hwjRboY",10,49844,3754,17,0,1
"oW2oQSCgimA",24,49808,2547,42,885,1
"9dpd-_oo0OQ",15,49744,1743,34,367,2
"PHHvgosOJtM",24,49724,635,211,177,1
"KHhYnZoS-yM",24,49685,148,54,10,1
"iQnFGs_pvu8",24,49642,526,169,110,1
"7KO-1dK2BD4",25,49642,781,39,90,1
"ycK-IyZ54Qo",10,49626,1742,27,222,1
"PmPoqsCpRBw",24,49626,3272,27,449,1
"0qkf0F5Vfno",20,49619,734,79,108,1
"J30xpqdkSNM",22,49613,317,11,53,1
"2tGlIRKg8co",22,49607,260,36,107,2
"dbsmScJc1go",24,49583,1282,163,605,1
"n15EJyzoZ2g",23,49579,155,13,9,1
"EbXDUC1QucM",24,49537,851,133,266,1
"svcTlxeKSSc",24,49536,405,175,80,1
"y-KUGpoD58M",24,49529,2828,547,0,3
"WH3AS7eXMWQ",25,49528,436,9,0,2
"XHwq9iMV2pM",15,49526,1350,20,240,3
"rT-vEs0-bx4",15,49503,349,25,25,2
"6goOm_nnK1M",10,49494,888,43,309,2
"jf6d0KHxKB0",1,49480,0,0,35,1
"V3KD1AoTwAE",24,49467,1092,27,327,3
"zRxrEexBO9c",24,49435,248,15,11,4
"tGNxm14BVW4",15,49433,2150,56,281,2
"MNupe3gmJYY",10,49412,1448,16,574,1
"nD51gLrQL4Y",24,49409,1902,31,304,1
"HIbEAXrmxUk",17,49408,312,29,57,1
"j8OYwW0nffE",1,49368,119,16,55,1
"GyDOvX3-SwA",20,49319,535,86,61,1
"XRBDp347zH8",25,49317,225,36,21,2
"iOTGJ2mdcdw",24,49316,1317,21,645,2
"twyviBwtKpc",15,49258,1167,39,145,1
"nRhb-X2o_Bw",24,49244,0,0,110,1
"p4K0tH6BXO4",24,49240,439,30,57,2
"W9ExQ8gnfjg",10,49220,1025,27,137,2
"ljPW3dyKIQE",10,49214,567,11,150,1
"bu-q824mibg",24,49185,3245,46,154,2
"h4aQ0kLHdUI",15,49179,1455,42,243,2
"QTcz0QNW84g",17,49151,252,52,359,2
"z6-JsoinUJ4",10,49136,1184,48,236,1
"58Vj7Vz3SKg",27,49104,315,101,277,2
"ipV1cmbm1y8",10,49096,2329,38,515,1
"vdxk9QKgfQY",15,49087,1628,22,201,1
"Rqd35U4Sm_4",22,49061,72,55,192,2
"qfz200ng-EI",1,49051,621,4,45,2
"dkXRbdIxgbQ",17,49012,101,14,76,1
"YF5N8nf7i0U",22,49000,203,50,113,2
"fuyvecS9t6g",15,48995,2931,9,347,1
"r82Ur5XyYYI",22,48991,229,66,47,1
"L6kQZDJRWFQ",25,48974,231,82,114,2
"bJFUPlhjvS0",26,48956,1070,530,188,2
"st5_Nfha_Dw",15,48945,2445,82,317,1
"c2LeP9eN_Z0",23,48938,1649,45,118,3
"FA3pQxZF0vA",17,48922,158,15,0,1
"S8dX-Y1GkV8",24,48922,0,0,120,2
"OXiUP62atdE",17,48917,72,57,33,1
"avAM2psi9zo",24,48886,0,0,0,1
"edP73Cav2wU",24,48881,114,92,19,2
"_XbcII2Tf_g",24,48872,1934,153,487,1
"chUFFo4lu5M",24,48867,306,152,0,2
"5SRSYkod2Cs",24,48864,119,20,43,1
"uZyNW9f_yro",24,48856,656,102,13,2
"Lb4g4UKAOUc",26,48849,1117,737,219,1
"Nj_5JaGy33Y",25,48839,753,48,448,1
"5PEE1RRTCmM",22,48836,1167,56,111,1
"uclT5FDGEJQ",17,48828,586,39,90,1
"sKV0H8mvU20",22,48816,1337,13,68,1
"UZkSsZYlUEQ",24,48792,1488,171,419,2
"BT5-UDDEPxU",25,48761,1172,82,452,1
"0fZSM5H_V0M",24,48727,564,156,112,1
"FdP9STma4PA",10,48725,1543,17,97,1
"JsAFJSmyj7s",15,48694,1605,21,132,2
"8JAXkvDwsEc",22,48691,338,30,68,1
"05eBOuyUqkQ",17,48689,761,30,134,1
"e1WiRSGmLZY",24,48683,1558,62,301,2
"MJWuyh5s9SI",17,48662,27,32,41,2
"SZk34_cvgHA",24,48654,484,201,172,1
"xn8NYpKOxog",24,48627,0,0,34,2
"g9akb9qCEeg",15,48627,2018,20,188,1
"f_4I0_ejbdQ",1,48571,1556,16,114,1
"xfCs2AOWKno",22,48483,1500,5,172,1
"X-UQ_bAye0k",24,48474,539,173,106,1
"A_tgLmyRafQ",17,48431,2022,15,268,1
"JJeDo1slgVc",24,48431,280,17,0,2
"QnD4sLHTNXE",24,48418,874,47,193,1
"7QdK4kjoYp8",24,48395,165,15,101,2
"4Rb9dNYwMME",20,48379,1252,41,376,2
"59bO9gBZteY",1,48360,438,37,32,1
"r262a6K-Pds",22,48340,1512,66,227,3
"winx9TXor1g",15,48334,1808,18,152,1
"uBLYkrnQrgs",15,48326,2007,72,233,1
"NUZFHyXv6R0",22,48321,224,5,27,1
"TUQrdqevBVI",24,48308,1536,10,209,1
"ag3Pw7AqflY",24,48305,75,16,88,2
"4yaON0n3iMQ",24,48283,672,130,179,2
"faqtHbrLIYc",24,48230,1804,23,219,2
"TqLNt3DoqNE",24,48175,2444,35,430,1
"SgvXT4m0V4A",20,48132,1130,40,143,1
"rCROUJIhRr4",17,48089,45,186,281,1
"0tJCELrceeg",24,48064,5546,45,508,2
"wWOR8tYKzi0",22,48059,1380,43,112,1
"E5FZPbr9qNU",17,48029,143,29,4,1
"zlIkJjPa3Uw",17,48009,361,41,0,1
"QtCexPVY0OQ",24,47987,159,14,167,1
"oa_ZTY3RT1g",20,47982,852,43,138,1
"bjXcvB2gfzY",17,47981,695,53,12,1
"VUkGZa4xRC0",24,47970,535,11,16,1
"YXHneIUOz14",23,47965,892,20,96,1
"pgnTGE2YEUY",15,47960,1613,25,258,1
"jOyKf2_t2vw",20,47950,455,140,249,1
"qRCCh3E5eSc",24,47937,1145,36,155,2
"OlALR1PyJmQ",23,47921,1787,22,465,1
"kf0-KOnF10Q",24,47910,326,39,31,1
"iBnXZWnYOWw",24,47900,550,79,245,2
"hWvqPaozlkw",22,47899,97,49,11,1
"WiMZwCMIdU0",20,47895,1018,71,130,2
"3cI6BiirzdY",10,47892,1355,83,43,1
"8zRaYvdEHsA",24,47888,1078,47,168,1
"WzYCoi5qrOc",22,47886,907,14,157,3
"jtIrU5IFs0M",24,47815,2393,9,119,1
"IHu2Jepowwc",15,47799,1162,56,98,1
"26bVTqcuaDI",15,47781,2468,23,237,1
"MlDRp6hVBZU",25,47773,32,59,51,2
"IMuLG_5ibxU",22,47718,1029,43,528,1
"GV1BnJGvalw",17,47715,686,35,114,1
"eI8l7oSwmOI",24,47674,527,425,246,2
"wWBa_fTVjhA",24,47650,1612,52,257,2
"yL9N46ORubs",23,47650,0,0,185,1
"ZNruCLvejH4",15,47648,1292,30,151,1
"qAVeOtQx-4c",20,47622,633,63,196,1
"VPQjdI9aeJs",22,47615,0,0,0,3
"RzEogMCqCx4",15,47607,1798,19,207,1
"9VJ3R3rRqk0",24,47596,490,114,245,2
"Y_bs2cj0ULU",25,47583,969,17,233,1
"z8w7si1IYS8",22,47571,906,64,85,1
"tIVUQpKoNA8",20,47555,1094,63,198,1
"APSDxde1uDY",17,47550,112,35,52,1
"mhc0PEP_Y6k",24,47539,624,388,0,2
"0kTu9_NKnfM",24,47538,2619,48,65,3
"eQtz4EtThSU",15,47514,2475,53,563,1
"EU9A8vVEJx0",17,47505,62,17,78,1
"drTmcRxi2BU",1,47501,771,18,195,2
"MKf-6OcJVIY",20,47453,770,52,214,2
"ts69-Dq0GOI",22,47450,94,87,17,2
"_QgGyoQliZs",22,47439,99,26,38,1
"qJ-Q_WI5Et0",17,47425,193,66,16,2
"30vDfQXKuWo",22,47422,492,53,142,2
"_svMK35fIk8",22,47413,1137,69,382,1
"fVaNs1mv2PE",15,47361,1815,17,201,2
"vxfE_S9SFPg",24,47356,314,118,43,2
"64N93tt0xtw",22,47348,133,33,25,2
"ThPEXEeBA3M",22,47344,620,5,134,1
"5-c4Kas0fQE",24,47344,289,27,30,1
"hxy0Z7RjkD0",22,47310,234,126,27,1
"iSPk93zGpkQ",24,47300,1238,30,258,1
"Hu7bojZsYqg",2,47291,572,31,77,1
"C9JDnIAOdPI",24,47260,74,25,46,1
"aKloNmy1oNo",24,47210,500,155,142,1
"hLMlSqQjg_k",24,47191,1174,70,251,4
"1Q68Pkruqkk",17,47180,620,61,176,1
"iWTvKM-BZEs",24,47138,1636,60,466,1
"qrkQqYQtCJc",22,47120,86,10,67,1
"pvBD0RLV9zw",24,47110,173,76,268,1
"xCBsaEgjOUU",17,47106,168,19,53,1
"FNAoHekrKNw",20,47089,851,73,7,1
"qJN2F4U_xiY",24,47056,3713,22,594,1
"0yWyCmNqt3A",15,47048,408,34,84,1
"xmtX5nq3ekk",10,47041,3588,33,286,2
"Q-Rfh_vXvaA",15,47040,2538,16,285,1
"ALBwK7GtCdk",2,47036,534,33,85,1
"GCEb5x-Kjys",25,47021,260,16,0,2
"0lgKI_1rni0",26,46996,591,56,231,1
"QsS4LCWrS1Q",22,46978,1205,110,466,3
"KHFHtBMHHUU",17,46958,230,11,95,1
"cu11oH8zwyA",26,46940,1346,434,129,1
"HwG1GDYNemE",20,46922,1535,14,574,1
"_En8pStcdM4",24,46910,2225,33,31,1
"9LUKHdJpwVw",20,46894,597,25,264,2
"FUsHRaBwKgc",15,46889,1588,15,165,1
"k_0T6Wlmnbc",15,46870,1617,87,104,2
"gElu3b-JN0E",17,46857,616,253,153,1
"UNt1xO0NT1Y",20,46837,0,0,10,2
"hDdvP4LvfUE",15,46827,760,71,63,1
"qpdWNp3_81Q",22,46812,313,26,17,1
"qY6LO7ccXMs",22,46794,235,23,41,1
"hnPRIBo2J_E",24,46774,486,167,145,1
"Z5PINzXep6I",22,46774,46,36,7,2
"GPBSAnXNEw0",24,46759,1779,20,1500,1
"KbqvEAyJoTg",24,46748,230,11,148,2
"mnV5QFF_QKQ",26,46747,1436,105,186,1
"eGzwZYq7f54",24,46741,0,0,18,2
"YjLlMZy2Ms4",10,46739,2799,13,256,1
"Xhvyy81oEDA",22,46707,122,113,31,2
"Ko7wlFTs6q8",24,46687,140,36,108,1
"GHrQWgaSjDc",22,46686,1716,24,284,2
"jE-DavKkfR8",26,46671,566,42,61,1
"pEkjdt4IhdA",10,46665,1506,373,226,2
"hdNalsjx4js",1,46646,1688,7,209,1
"mJvE5BmLpsg",22,46644,335,26,38,1
"IPXmjmOGKHU",24,46630,472,115,298,1
"M9c_0T2KX3g",24,46579,528,59,49,3
"_GAX7-_8EwM",17,46575,106,17,65,1
"AdkHkL9Trdw",24,46575,1031,23,175,2
"ITF3yYiBvd4",24,46573,1085,17,431,1
"TaCVVIiOIQ8",15,46557,0,0,0,1
"HF8ZA2maj3E",17,46553,345,5,47,1
"5EVLX6-aczs",24,46527,989,65,185,1
"s3H4HBcbpu4",22,46503,149,38,52,1
"fopPeWU-7-c",2,46490,1644,234,420,1
"DNw82xrvXzc",22,46487,326,20,79,2
"JMRcI-Layc4",24,46470,959,59,164,1
"g4s-ysLGGf8",20,46464,347,50,89,1
"clAPxCtnyZU",22,46455,106,12,22,1
"9cdrS5m2hDo",20,46442,802,45,114,2
"oXxZi3q4ID8",23,46440,2584,6,314,1
"db7uR_5cyAg",24,46433,878,71,201,1
"zdWlrCH-6SQ",22,46423,174,5,49,1
"x1ccDgZQokQ",24,46409,5389,22,1150,1
"PCGwDe46dLU",22,46370,2281,17,88,2
"hgrQrTbRWiw",22,46319,1357,18,249,2
"XkkbNDaWai8",24,46317,2533,33,107,2
"X5LPECVJCio",24,46316,1120,20,229,2
"jY2UZuZkfpI",25,46302,214,36,69,1
"g4WIu47dqKg",24,46273,216,48,80,1
"abwUw0uoxl4",24,46266,1418,36,264,1
"2IEWv23oa9E",24,46265,816,40,59,2
"eZqql9tzO1E",15,46234,1371,13,93,1
"1a1bvL-teaE",24,46187,1187,43,185,2
"3pmhGxT6Ihc",24,46179,1523,25,215,1
"JlW7lsfdovk",24,46179,1851,70,87,4
"lIvfZ-q0tzQ",10,46110,2488,13,156,2
"7T5-kb6pRLw",22,46076,0,0,181,1
"BDUaO1QCMSg",24,46031,168,70,15,1
"jopwZzkOffo",10,46004,2400,5,120,1
"R7kryTYlnj0",24,46003,1272,22,637,1
"ybOkdfHo1sY",24,46002,354,52,49,1
"uYNyMKhkGkU",22,45997,1042,25,605,1
"gwYZUQJ2RnY",24,45996,570,10,64,1
"aoKHiEL1-Ik",24,45931,4035,30,265,1
"MwJQrN3f1eo",17,45915,0,0,0,2
"U-Ri_zNnNA0",24,45909,1271,220,305,1
"gBL68IiP6o8",24,45846,1074,165,291,2
"ycm0wygA_b4",24,45839,1912,96,590,1
"hpLoPZ9AitU",24,45821,334,19,49,1
"h7invrfhays",24,45813,1245,23,231,2
"9eqFENMJ1L4",10,45803,1589,19,471,1
"dYeTlncY1WY",15,45798,1594,13,293,2
"gLRoOCfCraM",1,45788,292,41,10,4
"BHPmivxKxfo",17,45788,109,25,16,1
"Uc1RwthfFnc",24,45781,973,47,135,1
"nYZK8YQmOTc",1,45780,265,7,73,1
"vZ3it17b2mc",22,45738,411,167,180,2
"2ZQnB0eMmRc",22,45727,48,322,288,1
"6klVFIxC9qI",15,45711,1850,75,201,2
"Cp6pSUthWFU",24,45671,377,41,75,2
"4chF2_-vf7s",10,45670,2099,15,208,2
"amgBMxDzGmM",24,45649,126,16,35,1
"rl_4HTwoqpw",22,45644,66,34,20,2
"Q9DFsI4UCCQ",22,45635,96,102,13,1
"N0x3NGvi8d8",10,45625,1853,53,208,1
"SSvNBE6BlE0",10,45623,3399,32,311,2
"yLofl9ds1gQ",10,45620,986,200,145,3
"N5BydAS3mIM",24,45586,210,26,26,2
"IkLqD832ylo",24,45559,811,61,654,1
"XMGyjvkyLN8",24,45556,125,17,68,1
"oWmFTOkE4rY",24,45544,551,274,310,1
"FHGNXuN01EM",24,45541,4532,25,279,1
"P2v2eF1-WYo",24,45539,5226,12,151,1
"KVsRjkSlNGY",24,45519,2605,25,22,1
"wEXjKlddFOU",15,45512,1795,156,266,1
"wofiCsKzPuY",24,45508,2314,150,42,1
"Xce5GhISSDM",24,45502,783,61,162,2
"SFu2qtwhacU",17,45494,315,15,77,1
"nAUQyToLbY8",17,45479,128,19,31,2
"XciaPvr7s2w",15,45456,1153,33,207,2
"fFR-rtVtldY",24,45456,2879,138,2555,1
"OSq857_4qNo",26,45402,772,54,116,1
"AIdoXEOG96M",15,45394,1010,17,153,1
"sZVH-hdQsw8",1,45388,596,6,56,2
"enoBRNSUcgY",27,45378,1901,72,179,2
"TuS5LxuGRkg",24,45374,417,108,107,2
"UI8ULXKJamA",24,45348,4124,29,146,1
"PcNbF0FFZ6o",15,45270,2265,14,309,2
"XCMGQ8JxTF4",24,45257,139,92,26,2
"W0mmsnp0j18",15,45217,2693,27,224,2
"_4s5X_UhPEM",24,45203,940,5,38,1
"xgpy_4SfryE",24,45171,406,26,19,4
"RtiWd9Zlg74",15,45167,1723,18,187,2
"Gji0Cbn_KeI",20,45156,723,59,144,1
"gh8s33Fh24U",24,45151,741,163,266,1
"fkzHYPbmui0",25,45112,1060,58,229,1
"W1z5j5KAMC4",24,45101,2454,43,18,1
"iDRTwBJsMPA",24,45093,301,5,69,1
"XRVAELjhv8o",20,45074,3149,33,798,1
"AXl40mLAPBE",15,45062,831,32,146,2
"PzzwB2jqso4",24,45031,183,6,26,1
"6I3dDt6Ch1U",20,44985,1768,102,47,2
"1SnwsezoMJA",24,44953,43,36,14,1
"qWrp3DAlPgE",15,44948,1645,15,164,1
"jvKJ_Faz0Ao",24,44941,564,26,47,1
"26DET538i4s",24,44937,100,32,34,3
"NTYX0J8veSw",22,44923,2055,14,101,2
"vor345qM4Yk",25,44919,79,35,71,1
"dC_OKv-Bz0c",24,44871,1800,31,225,1
"amOmWPw2dGE",22,44857,359,6,49,1
"96qSvjQaAM8",15,44853,2030,74,282,1
"NU9T4t5ge3U",10,44833,2624,36,425,1
"sd8ktCcidDo",15,44817,1676,33,213,2
"yurFQR7uDbg",22,44813,1185,19,18,1
"DLGn4LCYIYc",24,44788,3049,6,331,1
"u15xGRbuo4U",22,44778,588,55,93,2
"XWSN9i_LEUI",17,44762,22,42,0,1
"SlMOw2vzDLU",10,44762,22,42,0,1
"TlajficP2ig",26,44737,562,32,201,2
"EWcjtWPYloQ",24,44713,49,71,6,1
"8nBoMPukttg",15,44673,1888,19,195,1
"fd6kKcaYgkM",24,44667,0,0,0,1
"G1w1kQnkuls",10,44599,1262,54,362,1
"_UugvXuRw9s",25,44587,80,9,40,1
"KAXpxIcW9ZU",1,44583,457,13,28,2
"4kI16UuLz9I",25,44578,803,57,24,1
"j7xm2DzkIMc",24,44562,1091,250,141,2
"ZD9UUqT8UuA",22,44528,38,19,9,1
"sk5IKUN7akk",17,44516,103,17,100,1
"V0W53uIfG9I",24,44508,180,76,0,2
"Wsjew13gBf8",24,44488,150,10,66,1
"udL4_DvAarw",15,44469,1499,27,393,4
"7puOs5ev2aM",22,44439,133,11,15,1
"bvSlli5B5qI",24,44417,2245,44,36,2
"5FrfIlIxFO8",17,44410,320,20,35,2
"KZ1dRqT8y-k",24,44406,150,14,40,1
"I3uyg3LObMQ",20,44390,2073,21,638,1
"aHtRYn0yjHI",24,44383,192,36,35,3
"87uyCD_Phq8",24,44371,110,29,9,2
"z_WG9ChQ7xQ",26,44365,1004,49,182,1
"AQOT8XRJhqM",22,44342,914,41,156,1
"j4f349yArMo",17,44330,86,8,41,1
"_4aKwHLko4c",15,44321,1391,23,99,1
"vNBqYFQ4ZfQ",26,44321,1016,363,164,1
"DOu1iGlY8jg",17,44311,192,38,0,2
"0-hPst-i16o",24,44310,3627,26,0,1
"Vw3NS2Zfd1Q",17,44297,484,84,14,1
"Kjrh4GIknaI",24,44296,0,0,45,1
"K1gvgAx4R88",17,44295,0,0,48,2
"MEp401IqTo0",15,44290,2078,14,266,1
"vW5VPDB5mZY",15,44282,1097,31,212,4
"T_T3VHJ0rko",22,44272,222,30,108,2
"cgLC6XU4jkE",26,44262,1219,480,187,2
"UlGr7PSjrz0",24,44222,6892,33,1440,4
"TOZ60xgUrAo",17,44204,211,12,169,2
"LRgkLjU-oCM",24,44174,382,23,52,1
"AiJLW9Z_bzc",25,44162,284,14,177,1
"SGKEwzgYW-M",24,44156,256,22,53,3
"g7D5Ju0IqY4",24,44131,534,11,101,1
"LkYq_E6oT2A",25,44093,617,45,16,1
"Gd0NLMtPuvA",22,44070,28,27,1,1
"kralFDhAT-U",24,44053,69,17,79,1
"jhgX3p6VdHc",15,44037,1451,22,167,2
"275Soaq0cc0",24,44032,328,109,41,2
"YgFBICtN0fA",24,44023,483,171,116,4
"zCMOh8C9fCY",28,44001,235,24,26,1
"Xosq3D-ayMw",23,43993,1063,34,143,1
"r-mhfrfSk8U",1,43985,371,12,36,1
"a_E_aB2YYOw",24,43976,1275,53,355,2
"Ey4SZYStFLA",10,43946,1380,77,133,2
"zkl3SVCK9f8",17,43929,106,5,104,1
"FBl25gVlotI",24,43927,1300,38,282,1
"Nnxjifnh9HI",24,43901,1366,27,424,1
"tAr2bMvW5MI",22,43854,150,25,38,3
"u1LbK98Yphs",24,43853,0,0,13,4
"nbP_IBRdTpg",22,43852,372,39,239,2
"xWPY16r8heI",22,43848,1227,28,305,1
"PfUfzfRrzVc",22,43847,1320,32,222,1
"BR1eLRjXLy8",15,43825,1922,54,194,1
"mjqQT9ZS4aw",1,43821,0,0,0,2
"1sx9JTbDlKQ",10,43820,1542,14,122,1
"2rU2ymHu8gM",10,43811,1060,64,47,1
"5Meh9t-5dgE",17,43805,539,34,127,1
"31QuBAZC5mA",24,43789,3961,29,468,1
"sMfILnacDcE",15,43787,1114,21,97,1
"Q7IjSXp1JPw",24,43787,1689,74,268,4
"sx-ZwsqgBRU",20,43778,209,52,77,4
"6ox-16bWBiI",20,43776,960,24,261,2
"jK2R8htXvHQ",10,43773,1627,49,554,1
"ghpmGsck25U",1,43756,184,17,20,2
"ZS_j7tPlsqA",25,43720,652,52,112,2
"CVlpwHUliWc",26,43650,1034,43,0,1
"39AqhfDkhvU",24,43650,1068,34,191,2
"XEHIF4Agtqg",24,43635,0,0,83,2
"YeaxAXdBCno",17,43602,129,21,5,1
"nrNbF_dx__M",10,43597,1119,9,82,2
"qO8GZqT69W0",20,43591,2777,27,579,1
"ZyssHXRim0U",20,43590,982,20,17,1
"fmxhzWjW2l8",24,43589,720,106,39,1
"WkdO9BwGGXY",24,43589,550,13,79,2
"mge5RRGYNWg",24,43562,3926,121,74,2
"E-k2h7uzXXg",24,43545,154,11,27,1
"TQkX7d0uuO0",26,43537,921,561,152,1
"U2Ey0y5blDQ",15,43519,1605,27,158,1
"8OEXeUhzWVk",24,43515,1041,77,70,1
"QpE6j8plYFA",15,43506,1287,14,109,1
"XWTjZ9F52uc",22,43505,140,20,112,2
"Ai5FvARlfxM",24,43487,84,123,232,1
"t6pxPCS0TWc",22,43484,92,190,66,1
"grmSb-dfEMw",25,43452,629,45,78,2
"IuPpow3BfZE",20,43413,905,38,172,2
"nP8Z2xx3gbA",17,43410,102,14,42,1
"Z1Obe_EkrGY",15,43410,1144,29,106,1
"d0DyBHIxJwU",22,43378,0,0,188,2
"EMCnA8zpV78",10,43355,1987,173,529,1
"kAIlaO7xGTg",24,43342,413,37,48,1
"nx2Rq1VRb50",26,43320,1744,62,188,2
"544Tb4D02Wg",1,43315,811,20,20,3
"4AUVN9jI5YM",17,43312,125,14,0,2
"L8bOqiX1zRo",20,43300,866,50,12,1
"NSYwMedm6hE",2,43279,1145,102,226,1
"ILw2I8ebWKs",25,43278,137,33,34,1
"KE_IDmgqTyE",2,43276,422,82,69,1
"dGml7auAN1Y",22,43254,138,8,14,1
"QwGWuaNFi4U",24,43235,1116,22,168,1
"8gRDYy1fP04",24,43211,742,44,475,1
"bGpjZT4r_9c",20,43203,666,11,233,1
"vaiow5KnKns",10,43193,1249,26,438,1
"gslz7KUV9AE",26,43178,1194,487,212,1
"wzSha1wcW3s",24,43169,402,86,132,2
"xKG5viamTw8",10,43159,1594,51,512,2
"UUYV3FpyYGs",2,43143,498,16,60,1
"Wdy6dgvjzGM",17,43121,144,18,0,1
"rpLvh3--9TE",24,43113,507,168,131,1
"bZaf0w9KdpY",22,43113,16,95,6,1
"StVXG4T3bvU",20,43077,698,15,140,1
"B5Ufole86Wc",22,43068,1291,22,109,1
"NvJHPal1jcY",22,43047,170,89,52,4
"t2cLBj7MtaI",22,43000,288,57,67,2
"Pl0Jlb-55wE",22,42979,1924,21,51,1
"Ui9dlF24T08",20,42978,618,83,114,1
"da3lGSFm7O4",24,42972,540,11,86,1
"5PpCB0vCMbo",15,42971,2211,19,226,2
"qaXnba0S0hU",25,42963,85,16,56,1
"J6_79nIjkf4",24,42919,1317,9,162,1
"CWwzfAyLbEE",22,42903,142,20,11,1
"iq56KslEzNE",24,42834,401,282,124,2
"lp3u24HD_h0",15,42828,2128,50,281,1
"I74R_nCA1w4",22,42821,1763,4,59,1
"W2Ck-a6v9Vc",17,42787,288,179,158,1
"9n_Gn5amG4Q",24,42785,276,38,52,1
"SwTtmd66VAQ",24,42781,370,136,172,1
"6SehmJRQCbY",29,42759,448,539,506,2
"Qh0dAmkU7jw",26,42755,1143,42,187,2
"3--KZToQaRg",27,42736,1616,61,134,2
"tZSSTJJpujo",24,42717,753,40,383,1
"PAjjF72Lsv8",20,42715,775,97,129,1
"93WC2JG8r-E",22,42635,2170,22,141,1
"vO6v5Kps1z4",17,42615,100,23,84,2
"0Je4qYHq1mQ",15,42583,908,34,79,1
"JrEsGQNFQq8",22,42570,337,174,62,1
"OiF-GILQsU0",10,42490,5371,92,719,1
"uYQG9iaxL1M",20,42481,492,73,108,1
"yfDBvlT3E-Q",2,42459,2481,22,791,1
"PFv0QC5wLBM",24,42455,3257,379,13948,2
"PG-KLyhNVH0",15,42443,794,75,223,1
"409C5UvpDZs",24,42428,449,101,104,2
"MRyaUky_Bek",24,42425,144,28,69,2
"KcBWRExZu9U",23,42423,626,134,177,1
"bhQ-wwcywnY",22,42398,166,22,59,1
"5OhstyRr1bg",22,42371,686,11,45,1
"iRoYMrw_bhI",22,42359,73,70,38,1
"o3phVv8mzyI",15,42321,1794,16,224,2
"7aGTG5NHQ_o",24,42320,466,76,115,1
"uBXy63PeLVc",17,42307,403,16,71,1
"fNpFw3cXrac",26,42287,1170,639,339,2
"aPlSmz15exM",22,42265,820,34,129,1
"HgNoR0qg4wg",17,42263,543,113,125,2
"xEQ-JdiHdbc",1,42263,0,0,12,2
"_KOKTrd2qbg",24,42246,444,106,92,1
"FxESJX4-4Gk",22,42222,63,37,33,2
"cCMWb9xQc30",22,42205,764,63,124,1
"caJvTtoD88Q",24,42204,1156,63,192,1
"T-IoJruuXpM",1,42163,908,30,79,3
"mkV2lsW3O4k",10,42129,1910,58,76,2
"z5FvYzpEjK8",15,42117,2073,14,304,1
"e2G3djPO7S8",17,42049,329,7,59,1
"kEAj5ADMLik",25,42042,0,0,1,1
"IgMTEGAs2i4",20,42023,422,85,118,2
"IefLJlI1HXQ",24,42012,634,54,152,1
"V_sKSlBBHx4",25,42007,543,56,24,2
"iEXbIZPxuXA",10,41994,403,25,16,1
"0uNmgCg9eXE",22,41990,481,90,27,2
"OagjCOv4ulQ",24,41984,1496,105,61,1
"v7gceiQ7xuA",26,41972,1372,144,225,1
"DmtIh84uE3w",26,41966,870,76,82,2
"oPcv39P6zv8",17,41961,263,14,142,1
"vn_PQ0_7cHs",17,41944,223,8,97,2
"KDv9QQ32Gjw",20,41943,561,88,92,2
"xxU5dtXqVbo",15,41906,1355,23,173,1
"v9CVOjWSI78",24,41894,906,36,156,1
"tTFHAfPpBzs",25,41882,701,19,44,1
"V08ZJhPApb4",27,41878,497,541,214,2
"0Ac5jRiUZ5k",17,41870,0,0,0,1
"l8McL7CKiX4",24,41841,232,53,0,2
"vQVUbmmDxx8",24,41820,952,32,165,1
"6NQVcAxM7-E",26,41800,1556,22,207,1
"37bJlMmLBlE",15,41797,1504,10,338,1
"pql8jUjQY7w",24,41785,1953,75,25,1
"0znbuK9gD70",24,41770,1650,34,314,1
"Ej1-BMHyYZM",26,41759,855,527,231,4
"ajrFWUnOkZA",28,41718,258,33,39,1
"Vj5_iyVW11A",20,41702,1545,48,457,1
"Qk8BT9lS_eo",25,41657,485,58,83,1
"MNwJmCNWKb4",10,41656,5330,4,576,1
"MER5r-6V5jw",22,41654,246,104,15,2
"XIlgbGz2jO0",10,41652,1340,42,272,2
"eTcqYf5PJMY",24,41645,1050,9,1204,1
"txzFV3X-6gQ",17,41627,790,32,181,1
"G6KfMNV_Z-U",25,41608,298,41,27,2
"qPO62VmyKNU",1,41570,0,0,63,2
"w9uju4TchTY",17,41526,105,32,89,1
"psJzcxBN_ug",10,41515,1053,94,66,2
"ccykaba08yw",22,41485,68,76,34,2
"ej1MjqP7zgQ",1,41446,1177,17,175,2
"dKPOc2lRFik",17,41443,339,19,43,1
"MrbQ9p68so4",15,41441,1573,11,214,4
"QghTQMLZvTo",25,41437,104,20,0,4
"Comssq8xRi0",25,41437,606,45,17,1
"LHqVN5AVyX0",28,41379,1534,26,186,2
"gqpZBIq7lA0",2,41355,544,27,174,1
"lm318_WUhLQ",24,41350,0,0,0,1
"tmc-JHxZoTw",26,41344,1452,25,129,1
"MtrysXo3C1s",22,41333,217,14,104,2
"XOChBXpCsTw",17,41330,201,9,8,1
"SpPYtVGddb4",10,41296,1630,66,352,1
"w1_CFzyacMc",24,41285,203,5,5,1
"IaNDjw0XaLA",22,41269,194,30,7,1
"Gn-_-U3i1v4",15,41268,1516,22,159,4
"kFRNN-0TkR4",17,41264,145,12,40,1
"kTCgEAmrmh4",10,41252,2235,11,356,1
"2f6zZ7tUp24",24,41235,1054,86,166,2
"Yn8YVWmeZtU",22,41222,342,34,46,1
"3GB9CGFaUmU",22,41214,2456,21,231,2
"my6ySQQhFPg",24,41199,139,29,55,1
"OHzmEuT6vDs",10,41111,1530,13,167,1
"il9cC-df5vQ",20,41105,282,25,208,2
"mnbP_hZmSLg",20,41095,1060,46,230,2
"yJ7CxWuXEK8",24,41089,316,86,284,1
"nwdaxlsUPds",10,41088,954,23,92,1
"7RDK8mShAkk",1,41086,725,10,153,1
"azNojzlmYC4",22,41070,1151,145,338,1
"kLCk9VCzXZY",22,41055,87,70,41,2
"a-MTN4kzFnQ",24,41009,415,86,114,1
"pV3M_2nKJzM",24,40998,588,90,135,1
"-1Uptvul4pk",22,40992,1217,17,130,1
"Y9zHFjcsmgo",24,40981,679,67,176,1
"KIGU4mnVlc8",1,40963,764,38,226,1
"Ew0r1MGpeAQ",24,40956,141,16,70,1
"JO2GtSidBYU",24,40955,128,63,73,1
"Lo1n14BWCgI",26,40833,1138,288,116,1
"mETNbolXpcY",20,40816,319,56,114,1
"6IBFUo73JKQ",27,40811,1273,44,163,3
"dnM2qEe8nUk",20,40797,34,31,17,1
"may4x5_2s2M",24,40779,500,239,269,1
"RFF236B7Eds",20,40770,838,46,181,2
"yh1Dv6mM8xA",15,40770,649,35,184,1
"-8ndfeqZtoE",10,40762,1988,31,198,2
"R0Z_hhWmDRE",24,40726,125,204,247,1
"v2zLjw85puc",17,40725,28,17,57,2
"cMbh7EdBXr4",17,40717,207,11,25,1
"Pyru1DqhIYg",24,40699,872,36,215,2
"_IbGK_itH7c",23,40683,1844,131,375,1
"T9ELwjtp4Vk",24,40681,130,67,32,2
"4EWC5KQSwtU",17,40671,86,67,0,1
"8WP1R0g45B4",22,40657,292,24,42,1
"hmTowlWI0z4",22,40654,140,5,63,1
"qTG30ehE19A",24,40646,791,24,29,1
"A13GGrcadwQ",25,40643,0,0,6,1
"vDtIAXJHJXc",1,40616,295,6,67,1
"CyGsz0xnlEw",17,40604,112,15,128,2
"qAULCOc2ATc",24,40601,117,79,9,1
"LEFvKYF_www",24,40598,126,38,26,1
"MRinFslhJCg",24,40553,114,40,19,1
"uB-ZRLONnS4",25,40550,176,38,38,1
"8A7ntJ8nTdE",17,40550,50,16,3,1
"kqYxekX77kM",15,40548,2484,33,331,2
"zJkfNtWYrsg",22,40543,127,15,49,1
"LsADKZ8bu8c",24,40514,116,28,61,1
"2x9rr1seijs",24,40506,698,124,379,1
"O3P4gso62js",22,40487,43,67,27,2
"ONEYdCVEeRw",10,40464,2624,16,239,2
"xN58BJgmwjY",17,40439,200,48,276,1
"hqgZgDm4IX4",22,40402,185,122,142,3
"JqrOsUfKefU",22,40399,915,12,26,1
"pJ_GIo_w6Eo",15,40385,1097,25,188,2
"snw2aF8oPFg",20,40356,157,8,22,1
"UpPt1Uhah2g",24,40312,503,133,100,1
"bK7y4YY1wz0",10,40249,2096,11,176,2
"y8_3Q2Y_uZo",10,40235,3268,24,282,2
"Z7P7CwCesK8",24,40233,342,175,133,2
"lTYLktD_LBU",17,40222,174,6,13,1
"wJ-w2G23LEY",22,40206,3169,12,314,1
"slP8yTtzjlc",10,40198,3298,10,385,2
"Em43CcIofKo",25,40196,280,47,89,1
"VOQVV4SL5q0",1,40174,463,16,617,1
"1JA9r29R3e8",24,40156,1092,42,192,2
"S2uRsXw9Jjk",24,40154,528,88,280,1
"yUi64_joMhM",1,40153,61,31,11,2
"rbI6yVCvjww",20,40141,549,75,87,1
"KJT1keBd85U",15,40141,234,7,0,1
"Zg7RC_AvFmI",28,40134,262,33,58,1
"Br-4dcSZZFU",22,40121,348,3,34,1
"OTTBU2DcFc0",15,40103,218,110,67,1
"1qRtptExiCM",24,40097,343,109,90,1
"A6E_tXdnJ_Y",17,40088,162,17,0,1
"lc1HR-Q_s6Q",25,40082,694,56,46,2
"g0cjIli3LFM",24,40074,1651,72,447,2
"yZRW3YKT5Mw",22,40073,838,52,143,1
"i9N1VWXZhKc",24,40050,16,34,13,2
"xvxM5P_aCFs",17,40047,70,8,86,1
"MEwXUmztvGQ",24,40029,501,151,120,2
"8iMLZXizu1o",24,40025,626,30,140,2
"cniuCB4V9bM",24,39960,893,13,550,1
"S_TyuViJe74",24,39948,451,194,295,1
"0zw92bTkF6Q",24,39919,886,15,561,1
"bVZ1_SuYOTY",25,39919,882,133,49,2
"LIGWlnuBR20",29,39904,833,6,103,1
"mS5KY7JeVpw",22,39899,353,17,83,2
"itlHsbSVcQI",24,39879,2052,27,15,1
"_XjF1jp0nwQ",20,39872,0,0,0,3
"v1CaHBlJUOo",24,39836,506,21,23,1
"7eZ8hT_5Usc",24,39836,529,111,142,1
"Sssr_gsxTXs",17,39825,146,21,79,1
"lJ7zdUCH5aM",22,39825,454,20,127,1
"F2tuNPIhOoc",22,39823,841,12,38,1
"w5Cq6MA-fEc",24,39784,2437,27,37,1
"RxczXYkWecs",1,39771,213,41,32,1
"de32KpP11HQ",24,39755,348,55,16,1
"6r80LutWr4I",17,39753,293,15,17,3
"enh1l2AfjB8",20,39730,0,0,0,2
"fBy09D6GDiw",1,39713,2131,24,505,1
"t_S4R2lWW5I",22,39705,277,59,55,4
"rxaPF3tuedw",1,39705,2282,27,441,1
"2iXxaunYt7w",23,39702,1558,12,4421,1
"xnZukjTvHwY",24,39685,733,81,90,2
"J8ZH45oZoUE",24,39681,376,45,105,1
"5h5Iyw8Wyo8",24,39660,483,237,128,1
"uT-TheUl7Yo",10,39641,1736,17,565,1
"IrWonqfVxk8",1,39639,1173,15,263,1
"oxoZ2b00tYE",20,39626,485,73,51,1
"bmMJPU_-x9Y",15,39622,1786,14,241,1
"LOTFsA49szE",10,39614,1665,49,255,1
"bXfkgWOWT2M",15,39601,435,43,113,1
"H2Fp9ntNc2A",20,39594,1823,30,569,2
"tMJ2NDtP6c4",22,39587,0,0,29,1
"p0xbFwJS51M",22,39583,68,17,67,2
"oU9ry32MSes",15,39573,1449,10,206,1
"sAoI05wz-xs",22,39551,629,19,28,2
"WzinHYNMfwg",17,39543,64,20,17,1
"bAOdo98z-ho",26,39517,869,52,130,1
"HUxn4n1Oohg",22,39498,230,54,61,1
"Ckp0ysB3KM4",22,39488,530,68,35,2
"oagTpyesyiM",24,39480,2243,32,19,1
"CB39OsuvT2Q",17,39468,215,8,1,1
"UpmmT24Ues0",25,39413,117,124,230,1
"ai0oRbubG-E",24,39407,33,90,8,1
"Lz3rtPxXbgI",24,39403,924,86,30,2
"K3rPLHHqTi8",22,39390,1592,12,170,1
"BnOoXeOKl34",15,39387,644,34,151,1
"trC9g-k046o",20,39362,503,72,80,4
"ajubSi3y1mw",24,39337,599,59,420,2
"LLFN4laDSlU",22,39335,113,22,6,1
"RUZNCPBP5Bw",22,39312,578,19,55,1
"oDxpgeFGhQ4",24,39310,182,21,53,1
"m52w72GW5Kg",24,39309,391,94,90,2
"gST4mTJ-01Q",10,39293,2747,80,178,2
"9Is4YTXVIIc",22,39279,371,83,34,2
"oSb2ETTsJ6o",24,39273,385,62,81,3
"mbrcelGMsBM",22,39260,0,0,35,2
"w6YcFhfqT6Y",25,39256,1715,222,282,3
"hPOgIqIHopk",10,39244,1571,33,0,2
"VCY1SPqyYN4",10,39238,2969,35,300,2
"4cRanIowkTE",26,39235,1194,27,46,2
"iFZS-3YcxEI",15,39233,2467,14,231,3
"9hhIRf1F2X0",23,39191,0,0,161,1
"fAKYfveGkRE",22,39171,224,21,85,1
"lon8sRZnE4Y",20,39166,114,113,99,3
"zIjc2j9u33A",17,39163,187,9,100,1
"YbXifdzi54w",24,39154,120,18,53,1
"Zx1-mEFXchk",10,39136,1989,31,243,2
"l1e1TFV-9Sw",1,39103,182,7,11,1
"jqHzJy83nVQ",24,39096,316,174,119,2
"aKrsP9ahXpk",25,39066,1038,26,50,1
"13fdpY4pjsU",25,39063,570,46,24,2
"LKbTgG9vV9Q",15,39059,0,0,0,3
"skNEHMN8010",24,39032,285,44,46,1
"em9IQrazs2U",24,38996,0,0,6,1
"Fbcug1-l6MA",17,38980,77,11,78,2
"rfLtAKf8xQ0",20,38971,530,104,100,2
"amhsOczrec4",22,38963,69,24,13,2
"_0-4d5sYLMU",15,38945,475,35,37,1
"Fxgu3HCHd_I",24,38907,3484,27,342,1
"TrtfClkQYk0",20,38887,535,73,106,1
"X8M0RpK4p6g",22,38870,105,4,41,3
"7PSPfhXZ7bM",24,38870,420,18,254,2
"iJFFPTvNcn0",24,38869,1212,79,353,1
"Sk9p_4VmvDo",25,38867,348,66,256,2
"OGg2pVNP4bI",22,38761,946,38,35,1
"1E7UaOrytko",15,38735,1022,36,161,2
"dqTWiXY__64",20,38714,592,29,128,1
"FveM0ZlLpzA",25,38666,309,21,33,1
"ZBGmMxUnBnM",24,38651,165,6,63,1
"41JjMbaJBsg",10,38651,0,0,141,2
"Ijm4AzRfbhg",22,38640,79,34,12,1
"1dlRaNEl7m8",15,38614,1545,14,202,1
"hpA6kCk6L0Y",10,38611,1453,7,119,1
"Uo2zA3v9D70",20,38586,1192,6,106,1
"W16Pb76eK5s",10,38585,597,33,215,1
"ogUxeLbh85U",10,38517,2127,20,194,2
"9uZ-6NopGGc",24,38515,1118,95,318,1
"MYvEM-oejww",2,38494,574,41,142,4
"6U7tDVnBbcA",24,38455,433,171,134,1
"zXy3_FKyv_4",24,38451,336,64,56,2
"LX1EIt9-il8",15,38449,2222,14,291,2
"UQt4KM4JYzI",17,38446,567,61,144,1
"XbCveqctlDE",10,38437,2205,10,129,2
"X5ybaZTC6lU",15,38422,2924,10,578,1
"iATTKpw9cR8",25,38421,236,47,40,2
"4tTT2n3jl6U",24,38344,143,8,8,3
"Iy6qFy8PBTI",24,38341,135,10,9,2
"3TcgNBdLC2k",10,38336,2344,14,150,1
"zZheYiQwpxU",22,38332,1818,45,82,1
"F_-InlSrs70",24,38311,401,45,60,1
"qE3tff9nxvk",10,38308,1179,31,109,2
"IZHBcQxz45A",25,38299,599,36,10,1
"JMrqkDP-lr0",24,38278,0,0,0,1
"p9YqbiudMHo",10,38274,314,23,146,1
"VxQsppZMQG0",17,38243,16,3,14,1
"A4R2YgUBtss",26,38234,59,42,4,1
"dPhLMwuVQsA",20,38230,636,65,207,1
"g9RyCR-vjWc",24,38229,710,30,675,1
"6AtwKU4Ohhs",22,38227,394,31,193,1
"rXwYL941jSo",17,38226,172,18,108,1
"OHpLGurlhuM",22,38225,1473,35,81,1
"gHp-nER_I2k",22,38223,2569,14,119,1
"0EaUDUgczQ0",20,38214,551,75,90,1
"3V4RzD3Qd2Q",17,38213,89,33,47,1
"1pw9xQc96zg",2,38213,566,55,169,1
"yIOX6MA4B7M",24,38201,5393,8,1157,1
"Yg7dicZMr0A",24,38160,213,27,5,1
"NOvbW1jZx_w",10,38149,740,18,41,2
"iLyRBL7IY_k",22,38131,1048,25,50,1
"Olr4f9sP0eU",25,38121,557,51,67,3
"690QF37o1hg",22,38067,1002,21,228,2
"vxVQhuwEEWg",15,38066,211,4,0,2
"nzW05Yrqb2c",2,38056,1048,54,186,1
"i1Gzq5NdoZg",10,38023,458,23,69,1
"7YASGZFFflg",23,38006,158,8,18,2
"OBzbIcJ6iFI",25,37992,54,28,0,1
"t_Vj3mvglfI",24,37990,189,12,44,2
"8-nOL2TZUio",17,37973,678,3,297,1
"Y5LWRJrLHes",25,37969,345,29,98,2
"FvqQlPB9TLQ",15,37961,546,72,173,1
"uGHRb45QUMw",24,37939,0,0,46,1
"I0XqdBbRG9Y",1,37921,405,4,93,1
"GbHQfKUVEqk",24,37906,154,49,69,4
"1FpBGgTkDww",24,37832,1874,54,213,1
"expen5OTVFg",28,37816,0,0,8,1
"d0zMGUHvBc4",10,37801,774,28,186,2
"9QEyqkLAKPI",17,37773,458,34,0,1
"gNmiJiU8MEQ",24,37772,402,79,97,2
"GDkqpaRhir8",10,37755,2269,5,98,1
"S14D4uSUISM",10,37754,1538,19,159,1
"7T4DvnmqqXA",15,37746,1317,7,110,1
"zelrg5xo3GA",28,37742,0,0,15,2
"4E_HvFVJFe8",22,37730,988,100,276,2
"vIKhB6yeBF4",24,37714,86,184,39,1
"0JsS4L7X13A",15,37700,1758,18,383,4
"eAEC6y95nMc",24,37684,542,11,23,1
"9WuKoIbvTS8",22,37673,927,10,155,2
"EZYVGA9GgPQ",22,37645,971,3,17,1
"X7N60RJEpcg",17,37635,166,20,11,1
"_zN6hkCC1fs",25,37628,411,29,38,1
"AxHW_Z0qpgA",17,37617,0,0,134,2
"N3PvbwuPA4E",24,37615,136,26,45,1
"14lQZE9hbK4",1,37607,90,21,18,2
"WLAanXVWNLs",15,37590,470,11,36,1
"9Ol2lcMJU28",10,37571,827,22,65,1
"xJxSOO0Gj1A",1,37563,645,29,36,2
"wzDuGTvfY1Y",23,37547,1485,60,159,2
"ZajsyMJSRCY",24,37531,824,515,355,1
"KmKehjOK8ZY",15,37519,1541,25,130,1
"UoHl5-zndy4",20,37499,119,39,53,2
"fHyBK8IF44Q",22,37494,315,20,48,1
"0IQHgMoFcBc",10,37450,1189,23,416,1
"acx9kWFklds",24,37442,390,96,76,1
"o1DFNa0vPHA",24,37437,815,67,261,2
"4EjU9sjteZY",10,37432,1493,21,139,1
"7nyttmahcRY",20,37419,1481,21,188,1
"icfq5HDEuOg",1,37411,568,11,0,1
"B54ZV0FjuKo",15,37393,248,18,10,1
"cr5TRbdLcFo",24,37372,511,53,101,1
"69883yt-saw",20,37365,379,31,2,1
"ql0AJ2mQkCA",25,37325,493,48,9,1
"Gbt4jyEeFB0",22,37313,53,33,6,2
"ngg3FshdlLE",24,37313,385,86,189,1
"T2niZClyCWA",15,37310,1504,32,168,1
"wWWzFFvHl3k",26,37309,936,599,188,2
"Dt4cAXK_i3s",17,37259,92,11,31,1
"n8Q-Kd-7pLw",23,37215,2326,18,396,2
"PYZ5GcvgC4Y",24,37177,118,12,10,1
"ny-Z7uXEosc",24,37174,676,47,114,1
"FcLjDgFrCTQ",24,37165,415,59,165,1
"TynGkjsm6Gc",26,37164,877,743,192,1
"RF4wSArLMHs",22,37128,1002,17,50,2
"kRzyRWsTVwk",15,37122,511,21,96,2
"e7JGoSKtFTo",15,37120,775,35,73,2
"TmklotZXA90",24,37066,347,49,88,1
"z0RPAaITyyg",20,37037,552,18,40,2
"gNYoUQvcudI",17,37037,63,5,96,1
"AIudDJdtXiM",22,37036,0,0,61,2
"pWvXDVfYNcM",24,37030,4361,25,639,1
"tXsqImRzm80",10,37010,2165,6,151,1
"C2ReCEjUmHA",15,37006,576,24,58,1
"Rq6aKkwD4zA",24,37000,830,34,222,2
"vjd9PibpDp8",17,36995,84,26,51,2
"1eI3ZzErFsQ",20,36980,1182,30,0,1
"_J2eN1LySWg",24,36974,1340,69,179,2
"L2t9_GZgjlA",24,36973,1051,40,238,1
"0zJcsT2EN7Y",22,36956,50,22,9,1
"8F0ECIsQe1Y",24,36933,0,0,4,1
"FIK1sgLdVvE",24,36921,373,70,155,2
"206si0hAkC8",22,36920,64,6,4,1
"arC5JPM05FU",24,36912,187,17,108,1
"kDCkOxS6hag",24,36908,305,78,83,1
"l2o255Btd3M",24,36901,583,144,358,1
"6OAEBkikdG8",24,36901,653,32,143,1
"2GukNwiSkEA",1,36901,1648,13,148,2
"efPhOzaigI0",24,36852,220,11,8,3
"0VsOB1f0vQU",10,36837,1304,13,89,1
"QMf304G1cG4",25,36797,39,9,49,1
"Das6C3f-Tyc",25,36791,136,26,10,2
"tttw2jy6Brg",17,36791,61,11,56,2
"Ax9I2ctm3LE",24,36788,2592,21,248,2
"JDOwsrHStS0",10,36787,1029,20,339,1
"RN_oS8wwzLg",22,36777,74,7,21,1
"nOuzmsB27e0",22,36772,288,81,68,4
"5Xd58eDM0d0",24,36728,1206,47,199,1
"1H2DGlPzmn0",24,36714,966,34,192,1
"LEgki4IYB5I",26,36712,1925,23,167,1
"FJMizax7tS8",24,36705,372,75,126,1
"xvUPHC7G32c",24,36693,1145,27,190,2
"oyJAFts13ZY",20,36692,474,18,54,4
"q4SxD_O4GL4",24,36690,577,119,276,1
"_CUX28t549E",20,36689,545,24,241,2
"SrdNAy9tJ_w",25,36640,566,46,18,2
"_hI5Vqbi00s",22,36630,66,24,7,2
"PyaMXCCoKlM",24,36622,841,85,183,1
"6kMt4e1NQ4M",28,36604,0,0,19,1
"zdTOP2Rnz4U",15,36595,626,39,122,1
"lD3iSD9kg94",15,36586,805,18,69,1
"WxnUt3EJNyM",25,36586,484,47,17,2
"PVhhMAX9w80",25,36559,160,14,32,1
"uedhiZM_-Uk",17,36548,551,17,108,1
"NTAlabuRdZ0",2,36544,113,57,14,1
"2HjTtLtdy-U",20,36517,795,6,198,2
"TtaUPylbc34",24,36517,744,51,142,1
"3rStzsNiOqg",24,36517,139,26,59,4
"ZS31kQXZ-2k",15,36513,2251,22,117,3
"1jayjSoPWSE",25,36490,798,28,30,1
"MzwIrsgCaLc",1,36482,137,11,7,1
"REZciD_akGg",1,36468,525,16,126,1
"8OID5KQU-L4",23,36462,2063,7,288,1
"5177yBcOw1A",1,36446,314,4,60,1
"FuXehxqFH6c",15,36435,216,14,0,2
"Zf31iJRRGoQ",22,36392,3675,2,89,1
"ohHP38aJQWM",22,36388,763,155,132,1
"gQ0UhdtQUX0",24,36301,378,88,114,2
"OMyWosb8Jl0",26,36293,1035,479,169,1
"KTj50J8JzZI",2,36291,411,16,46,2
"fhgZb4isrbU",22,36291,1110,21,142,1
"dqGxPtNp_ds",20,36285,1562,12,425,1
"t44-THV4yuI",24,36218,1578,16,136,1
"mxpbT8KbvB4",17,36206,177,13,30,2
"exuESnMiNyM",10,36198,3827,55,188,1
"mTOyDDWTo44",24,36194,0,0,0,1
"WGry565SVSg",15,36191,1716,13,199,1
"aErHcfq3K0A",15,36184,1276,12,82,2
"Hd8DAZROJmw",24,36153,1807,26,704,1
"CYqPPSNEuD4",26,36150,1539,64,313,2
"quJN7CjzaxM",24,36105,161,13,122,1
"K3io33x4i94",15,36093,2234,38,289,1
"xfwf37O5PKU",1,36089,1285,22,279,1
"cQdSDpFbXv4",24,36052,683,17,42,2
"0lkg4WWupDg",24,36045,116,18,35,2
"nc1BaYQVO-g",15,36043,1547,27,183,1
"Gq5qxTKzvV8",22,36040,1859,141,121,3
"FAewtOwNzto",24,36019,0,0,7,1
"fYWUQf4jRgs",26,36019,1529,40,217,2
"UgrBIlOaeHQ",15,35990,460,11,42,1
"I_TV-j_3kbE",26,35968,737,58,102,1
"wyIyUkZwxOE",20,35967,0,0,0,2
"SNkw4oNr5Y0",25,35945,226,10,10,1
"ARyqG-KzY9c",17,35922,413,20,21,1
"yDu5jqMA69Y",17,35922,64,26,89,1
"UEyP3OQ3cb8",22,35920,1392,74,295,1
"FrVmZtp2R_k",15,35912,695,23,153,2
"mxvnA7y1npA",10,35911,1859,8,128,1
"gUukLb9ViRQ",25,35881,498,47,41,2
"R_LIZBA-ZVA",22,35878,641,9,82,1
"8laLfuGzgOc",24,35841,118,7,30,2
"G8i8H3zJ-KU",22,35838,1230,26,161,1
"ZTR-fdodILA",22,35822,160,34,26,1
"wXnnpN6BshM",23,35815,477,63,188,1
"aCO6Xk4-9TM",22,35809,0,0,0,2
"t4XgC7HFFoM",20,35808,578,10,74,1
"WbaEPeiiyok",17,35799,167,2,15,1
"sCRTCnZJMkE",22,35793,1419,12,56,1
"Dj5jm9wqvCQ",10,35792,4444,31,253,1
"e3tfB8rVFEs",27,35770,1004,8,90,1
"JlkVtYYmy-I",24,35758,98,10,0,1
"3IDxsHiITws",24,35755,497,7,120,2
"f4NWt_O2vBg",10,35735,1959,9,311,1
"c3nvDv9XDyw",20,35713,548,59,124,2
"ctCg9ewpOd8",15,35679,1442,7,131,2
"FhDHG7xk73Q",24,35670,0,0,494,1
"y-bj2bVoq_o",1,35658,158,12,14,1
"cx5IQnnpBq0",10,35601,1351,63,166,1
"PWb92mkBv3Y",24,35569,365,62,83,1
"4YVv6DwoLxI",1,35542,320,3,12,1
"ykvQ2W-f6ak",24,35521,3579,28,0,1
"3uA54dTyeG4",28,35512,242,38,38,1
"OFAJtSHtO1I",24,35511,1288,41,32,1
"479jzUo0CmE",25,35509,48,63,99,2
"oj_5GDMjel8",25,35476,1832,74,245,1
"o39FxVq5y18",27,35466,1313,75,85,2
"jiFpRCPasWk",15,35442,2152,20,282,1
"J-khpirTJK8",17,35430,223,23,28,4
"qnBpasW3Css",24,35421,344,72,80,1
"ApgOH306AFw",15,35400,784,17,77,1
"EqI5fd_cuGc",24,35397,1057,27,305,1
"mFP5KGUH0Yo",24,35377,664,86,21,2
"4497gQyL7vE",17,35372,143,14,0,1
"Mvz7a3q7Cok",24,35370,346,62,98,1
"UxStV_0vvRM",25,35339,456,25,12,2
"qnOPBs-Kgg4",17,35317,55,14,10,1
"H_tyVe4Pn5c",24,35311,420,38,77,1
"E0IvSi70qp4",24,35293,205,17,172,1
"6mEUKYRI_8c",15,35255,1316,20,113,1
"M-EbOhdCk-Q",24,35223,642,36,283,2
"IWsHaA1IH30",22,35197,75,9,16,1
"EpcvY1d3S0s",25,35188,159,32,71,1
"zvQ8goTHuao",17,35183,87,45,12,1
"YhXs18A9Di4",17,35163,328,27,51,2
"UGXsk6Qmttk",20,35153,567,76,113,1
"4_TFHgiNG1U",10,35109,1149,9,64,2
"QBxRvKj7aRo",22,35101,3917,7,741,1
"eGx-2lPAxu8",24,35091,876,8,0,2
"MpsrCcSRe_A",15,35075,1307,24,136,1
"QG-cEsBXfDk",22,35053,0,0,116,1
"8IrmoVBs98k",24,35034,129,45,30,1
"snj0KDaAyck",24,35019,102,28,0,2
"aWM4HmXn-NM",22,35000,1200,55,637,1
"ZJUfuMTZ3KA",24,34961,270,8,35,1
"tGA7dZaCYuM",1,34957,234,14,20,1
"6d-enLu13IY",2,34953,429,47,114,1
"dh8fAsrTSJI",26,34938,420,33,59,1
"pSWuaIz53YA",20,34927,81,15,46,1
"fSuI2U9sR9Y",24,34899,1001,68,32,1
"fpNAv8fSaBA",24,34891,278,10,32,1
"zDZBsLwVkUM",24,34884,42,28,6,1
"TQMvV6w71Ds",10,34879,7926,21,611,1
"ScMmf8s0UCo",15,34878,156,10,4,1
"JjmoYD0q-Us",24,34862,0,0,6,1
"4lISApbG9Ek",24,34854,405,13,28,4
"KWEma6WDU34",25,34814,144,13,40,1
"v5KfwLNW1i4",24,34764,780,10,0,1
"hB0V30Y3vI4",24,34763,302,25,127,1
"5rWpIK266Aw",17,34763,147,18,0,1
"_Yg62LwZzdA",24,34752,2069,24,21,1
"BABm3gShfyc",10,34743,1273,36,337,2
"SGsUd9AT9HM",17,34716,213,17,46,2
"sLTNAAU0aTQ",25,34715,73,22,8,1
"2qyZTYp00G4",17,34710,61,8,60,1
"dlBjRARzDBA",24,34701,356,10,51,1
"8aZR87u42eo",15,34698,585,167,316,1
"xnxBs1HNCFA",15,34661,1462,9,108,1
"GjN9i1vtl9A",15,34659,378,27,275,2
"OsrlAVbaVCk",15,34655,868,24,53,1
"oM8478LtUPQ",2,34643,417,36,25,1
"kmh4BOvoBis",2,34635,485,14,53,1
"CmZ9wS4bkoQ",10,34623,87,60,30,1
"AO7qlkcanSw",22,34617,662,32,24,1
"WIdQyd0Dq-s",1,34613,1518,23,308,2
"oA7fQRdcFgU",1,34597,0,0,16,2
"uzEc07_JwAM",26,34578,1068,35,64,2
"Ew8GysYNdxE",25,34572,197,11,29,2
"kH3CPsF1dQg",26,34546,1977,32,135,2
"963GXh063YU",24,34545,694,11,52,1
"vFziYEH5inI",22,34518,0,0,40,4
"Dgy-8cMmNdI",22,34517,148,18,11,2
"ofP5ago3-Go",24,34481,429,58,0,1
"8MDq7p5CDF8",22,34453,431,35,84,1
"NLSCvIHL7yY",22,34425,2694,12,155,1
"K1Ez3Pbu13Y",10,34418,1548,20,415,1
"CYQO2DwWxIw",17,34318,0,0,0,2
"EnXzN874G8g",20,34316,2358,68,1800,1
"9gEB402OgQA",15,34310,1858,9,260,1
"bZ9mtHyuBCo",10,34301,1561,15,67,1
"N9nrJmvzSgk",10,34194,352,15,21,1
"0G8pEI2jAFE",24,34179,130,20,13,1
"Yj5UK09qI94",24,34178,835,15,81,1
"AtGGRPJlocI",10,34164,1996,10,111,2
"nQpGmAWBdRY",24,34162,198,63,281,1
"kZ_xSQpgQbs",24,34152,195,24,43,2
"9sUHSysImpU",24,34109,44,88,55,2
"115cObz5smU",22,34098,925,34,118,1
"V5Ld7nEl6Uw",26,34086,749,471,98,1
"fgPTbN1f950",24,34083,1735,26,23,1
"hLafV1LZD70",24,34070,293,51,37,1
"v0mx_RxmL6Q",22,34059,124,23,60,1
"ZRofyOKDvZk",25,34053,73,20,37,1
"A2EeMEJ9m-Q",22,34048,49,48,77,3
"fGw8fcF5Nzk",22,34047,122,10,8,2
"OqzvLGIlHIY",10,34040,122,46,20,1
"QUdPw9H2JsE",22,34034,65,49,4,1
"bFrhcY9exgo",22,34020,72,19,73,4
"OJMMn_8J--s",24,34019,1935,1,79,1
"eokC8t-RfZ0",17,34016,257,12,110,2
"aeLHsuKlYwQ",15,33989,1269,14,88,1
"4irpWqD381s",24,33989,440,9,25,2
"YXpm66YkwP0",24,33968,325,63,53,1
"HE5L5kBqCSQ",22,33922,1820,3,126,1
"FAedNeHT28E",1,33916,737,5,52,1
"a7Oy2GjWnwo",24,33909,334,75,95,2
"snUMLBBYN7g",22,33903,1285,159,180,1
"LhfRDkZR6Sw",24,33902,112,14,18,1
"mimepfmmMc4",1,33896,1812,17,687,2
"KguAWSWVVqs",24,33883,252,42,174,2
"V1K7_3gOBYQ",24,33844,376,76,113,2
"QoAGHvP4sWw",22,33832,1340,23,77,1
"G5Ayg0EubGA",24,33809,0,0,0,2
"mRr-EYzye7g",24,33793,327,17,137,1
"7j4VKRAFr8s",1,33764,1201,11,150,1
"39SLwzsohKI",22,33750,0,0,166,2
"TnbpN95RUqU",17,33746,126,8,9,1
"DdscPYo2BDU",22,33736,727,17,68,1
"CCL873JV68U",24,33722,469,93,165,1
"Hyr_VSvEf-A",24,33719,1725,26,586,1
"FWIahdHDv_M",15,33685,1633,13,121,1
"KzDqRYktzrk",22,33667,19,28,20,2
"x439pSLwie8",25,33620,416,57,73,1
"mFNEHazeV50",28,33617,0,0,30,1
"s5YsvbkMU4Q",22,33614,0,0,0,1
"TtZRhSXo__I",24,33614,1311,62,1440,1
"fx2ziZpocSI",23,33591,73,6,6,1
"CIgJ6ddNwQ4",23,33589,460,19,50,1
"qHm0CmJpuhU",22,33581,786,73,121,1
"5_TawE4Thtg",15,33566,961,24,213,1
"24bsquOtkHc",28,33555,0,0,59,1
"DPWdf4RLbCs",2,33542,543,26,104,1
"_AqahSUvJlo",24,33538,275,33,80,1
"xm3qSC7cZ9U",10,33525,5908,6,588,1
"FWd5P8vfkj0",22,33483,322,19,42,1
"229yiYBYPWk",24,33467,0,0,0,1
"127T6l8tuw0",24,33465,326,11,0,3
"ZBJ501mfjEg",25,33462,260,25,46,2
"nNcAcQFXUko",22,33435,0,0,19,1
"76R6uJpyaQc",1,33408,248,27,42,2
"c93aVFyzRns",22,33408,32,45,0,1
"B5cswQ_XERw",24,33407,0,0,0,1
"HJplkRa1H5s",17,33406,56,9,10,2
"CTLwPrTQFag",1,33394,343,3,34,1
"Z4cWUy-vX3Y",24,33375,442,5,58,1
"fjkg77-Vkyg",15,33364,1805,14,187,1
"tIZ3JdyWwwg",10,33362,1261,11,128,2
"9pa9CHx9HPw",17,33354,0,0,44,1
"PY72UcYzSZ0",22,33321,16,34,10,1
"q_wBfVYKbAU",25,33318,480,34,14,2
"Mg0ltk_XHhI",17,33287,311,10,39,1
"YJB8BQBhxrI",17,33279,222,5,141,1
"vJxTinr_Seg",17,33259,103,42,0,1
"IpFfm3uyxak",15,33249,1039,11,110,1
"lwp41KvRIdQ",24,33243,651,48,67,2
"YLsYTSkIpvk",22,33239,0,0,7,1
"8_Aig_245nk",17,33233,75,47,0,1
"0ayjkiEY5_8",22,33224,238,16,12,3
"lkyBAWLsce8",15,33203,1186,15,154,1
"2SFNWb2ASF0",17,33201,70,13,31,1
"oQVY_yereis",24,33194,537,293,345,1
"S4_WKNsLe-0",17,33187,196,19,90,1
"T5HW6FHZtoc",24,33180,2730,24,107,1
"iZtuIKfBwMk",17,33179,305,54,249,1
"Dq2nfsPwOp8",28,33178,0,0,16,1
"ldptqKcijJw",22,33158,143,17,32,1
"oWUkAGNZkiI",22,33152,433,17,19,2
"51b9Lglw-4k",22,33134,2844,9,171,1
"J8JQ_dRPhYM",24,33128,394,59,125,1
"zZbCaOiWzLo",17,33127,274,13,18,1
"w1BQ70YGYmU",22,33110,2117,12,126,1
"75b-za9tJA4",25,33096,457,33,12,2
"THgcuWBhvx4",24,33075,432,118,115,1
"pvzldtNJ7eg",24,33072,430,51,369,1
"PfLCyR6Efvw",10,33072,430,51,369,1
"hjV3J2DLLI4",20,33072,216,56,80,1
"c6mSC8Wnpqo",15,33038,174,30,12,1
"lDrYs5aVfa8",24,33018,169,11,13,1
"_h6DBj1lAq4",26,33013,1362,31,291,1
"nBB-uHNLLzw",20,33009,357,55,200,2
"1f8hK7RDmNY",24,32999,862,82,44,1
"gHb2TWzcLdA",15,32981,1652,18,158,1
"pIPzwDVB97Q",24,32959,205,33,94,1
"dOnxeaNFKlg",24,32947,625,15,0,2
"dgOSAbO7wNw",24,32938,638,22,42,2
"5hih0lb5s84",1,32936,151,19,6,1
"zwxqTChTuY4",24,32929,438,164,144,1
"orTkp49yo94",10,32924,453,19,116,1
"fLnmkH3ew14",24,32908,118,8,19,2
"mcfRcpKjYNA",10,32891,135,11,26,1
"r7vzkW79liU",10,32884,1279,9,130,1
"DEmY6EVLymE",22,32866,53,44,3,1
"lXkAFzfQy9M",22,32852,180,75,70,1
"Bp-z4qVGtjE",15,32816,1989,12,189,1
"3S49LqfoPUY",17,32793,243,83,183,1
"SkKst9cvRL4",24,32773,350,11,39,1
"96qqHCd3Ek0",24,32755,1789,19,123,1
"TobEnIDPeZQ",26,32752,818,52,156,1
"ibawPE6Pd_c",15,32750,254,12,12,2
"ERtAI8L3Y5g",10,32722,3301,11,544,2
"KYlAD4CXaak",17,32716,142,7,232,2
"aQxWF_z-hlQ",24,32672,143,73,46,2
"BW8Ts7_8xOw",22,32651,67,10,47,1
"qCVa-xCeMik",25,32645,577,32,26,2
"_nQcVqvcedg",2,32639,573,26,83,1
"7PcpinUJgj4",22,32634,0,0,62,1
"AlH6PieKAsY",17,32627,203,13,13,1
"YA8UdR4Pp60",24,32624,824,97,175,2
"C9ho1ALrjTY",22,32622,164,21,16,2
"qzDaGaePt9A",24,32616,97,9,0,1
"cW3U2dsN3vc",22,32600,92,6,26,1
"Dkf5jzOegoM",15,32566,954,26,194,2
"AL1jI06cIbA",22,32560,1073,24,291,1
"xteL6fuFv70",22,32550,45,84,43,1
"C0N4PVXgmIU",24,32522,140,14,51,1
"1V4syQvQHH8",24,32516,1155,14,25,1
"f9IvO-jOVgs",10,32494,484,22,114,1
"7y4uLU_2yiw",22,32479,2014,5,189,1
"sBV_bpY_YGY",22,32441,227,77,1,1
"T_KmKwA84_g",26,32434,766,884,307,2
"FUt12YfgeKo",23,32419,45,27,11,2
"U3i57WGQiwI",22,32407,2846,31,44,2
"8wfRmuc_s4s",24,32354,189,16,49,1
"T4gYFLuFdGc",25,32352,161,24,85,3
"GvAKUIqLdGw",20,32347,749,618,14,1
"UylNyL-ZT8E",15,32333,212,11,0,1
"8ZDedLV3NSc",17,32328,191,17,48,3
"HvcwPJ-sfsQ",20,32272,0,0,0,1
"JFgWGsn_26U",22,32266,914,17,22,1
"P-K0vSEPD_o",26,32262,479,42,136,1
"K6NuJ_NSVeI",17,32248,174,21,1,1
"TkVdauI8s68",24,32236,581,115,296,1
"9XzoJ1AADQs",28,32236,0,0,33,2
"W9ZxJ0wnwpg",15,32223,986,24,76,1
"FMHaD4OabSY",17,32214,320,4,22,2
"n8RQiJXFA1w",22,32211,204,14,38,1
"PIGiOkpWybE",25,32211,152,17,5,1
"akxFFYYaM00",24,32172,0,0,195,1
"O8-gK5IGQYg",24,32152,129,43,30,2
"KJGBNgHEXAg",15,32119,1253,19,201,2
"NcETN2ZR27M",24,32116,451,40,50,1
"DG6t773fTiE",1,32110,33,24,3,1
"nN4lJhcvvy8",17,32101,61,11,50,1
"n0LDtwRSQF4",17,32101,277,16,81,1
"6JhNytiTfkc",22,32069,108,71,10,1
"d5p-tktUUG0",1,32034,0,0,154,2
"Sso2wbPNsnA",26,32031,945,382,197,1
"5xbw_DrVRSo",28,32025,0,0,42,1
"Ke23UsJAY6Q",20,32023,871,14,222,2
"lX0sOLo61YQ",22,32014,388,38,19,2
"UonOr9o1IoU",15,32013,727,21,50,3
"CDqOgxEDXYw",22,32012,567,22,219,1
"gwQGEA96D1s",19,32002,637,28,0,3
"mHH_1Agh-90",15,31992,294,20,31,1
"goZD5xD5uT0",22,31963,1311,11,111,1
"zCY_mVgJvh4",24,31890,37,5,0,1
"YgRuwBJlMmk",25,31860,65,26,29,2
"fzNl8h_9q6Y",15,31856,1479,13,206,1
"5Aa0yBBB2lw",10,31835,184,27,92,1
"a_hPXb7Tmyg",24,31796,456,275,490,1
"XTiVFHO_fnY",28,31786,256,30,42,1
"WqcFEwVI86Q",24,31775,230,14,138,2
"LiCRqURETBA",24,31755,3591,7,603,1
"xgJ9ylFg4p4",10,31750,1174,14,403,1
"ooLAydgW4o8",24,31737,603,28,49,2
"qx64Ye3I390",15,31726,1788,13,294,1
"h32EDotWbQE",10,31722,123,10,17,1
"IsWOLjXhWqg",24,31702,4248,10,237,1
"kZx6Kj1uM7U",24,31680,341,36,40,1
"NNgKjJzPA-s",24,31678,1104,13,183,1
"DjilItpeHMY",23,31670,671,30,96,1
"lBWNqA113Vo",26,31666,550,34,40,2
"Y8wxV1uPBag",24,31661,401,9,0,1
"2U27HI9Mdsk",25,31660,780,15,196,1
"l_QK2ECaIQo",10,31635,809,19,35,1
"puZHgxBOKzo",10,31631,434,26,108,1
"4tkPS9YmZLg",24,31605,314,18,69,2
"5Fx4FRfrsdo",15,31596,1130,7,106,1
"A-1txKJxzLQ",22,31592,96,8,19,1
"mVu1i_fT4v8",20,31562,130,12,9,2
"yj7fG7R7oqQ",24,31555,685,10,17,1
"V7IRVZp2ppU",24,31552,312,54,82,1
"4wwhQTcCaOA",22,31544,57,114,27,2
"gxno4EmalyA",17,31530,230,17,8,2
"fMRQ4GZFxdU",15,31504,1169,14,90,1
"cGoPY88FOo0",24,31502,882,24,149,1
"XquN_IaUXN8",22,31495,407,148,324,2
"zl5jhm38s4w",24,31485,175,36,25,1
"Du_96P6CGQs",10,31472,2521,26,332,1
"64nUQqsdb9A",24,31458,447,5,128,1
"gOV1NEIOmUU",17,31457,1819,12,188,1
"Cyz3h42g8LU",17,31446,209,12,7,2
"M3xbVslI_qk",24,31444,54,33,12,1
"3541rfFe6pU",24,31442,1704,16,242,2
"PjAyeTL0abc",15,31432,739,8,163,1
"gtacXk0NE20",24,31388,174,13,62,1
"DquQkzmmBwk",2,31382,417,77,152,2
"PZBV8w5Fx30",22,31362,97,50,61,2
"eB51lAlNZqk",24,31354,205,168,44,1
"g4QxVQgq7UQ",17,31353,96,11,84,1
"i0gh7rxuMNE",26,31332,86,26,3,1
"XFW0-ZxpO5c",26,31321,337,21,42,1
"t6JzREbJZRE",23,31318,788,22,34,1
"jytSJr3Cjng",20,31277,488,847,138,2
"JBi-ecUJb44",24,31276,356,129,230,1
"1St-lYH7I_8",24,31271,392,89,135,1
"IMXsaMx0Hp8",17,31248,417,22,60,1
"0UxKSBKrLJc",24,31215,1211,46,50,1
"RzoQHBlyYyA",25,31213,318,17,23,1
"XMRqwoxMQVI",24,31199,114,6,10,1
"L63sOxq31jo",20,31197,46,21,35,2
"OUQY7m02hwg",22,31167,882,2,52,1
"NGLjrfLIUC4",24,31166,62,90,28,2
"5yPZ3L4x0kg",20,31160,103,18,77,1
"yOaXXfJ00iQ",24,31144,702,49,216,1
"dmNUI6FbivQ",22,31110,17,29,0,1
"6gHsYUur4Tg",17,31071,130,6,12,1
"zJDVvJECvyI",22,31043,78,46,8,1
"aIX0osqefDw",20,31040,1259,10,194,2
"IFl_Hsa025A",20,31039,796,11,66,3
"f0ZvE10HBtQ",10,31037,3301,20,233,2
"91ZunNmQpAw",23,31035,944,73,165,1
"xuXqcvwgVf4",22,31027,1066,55,645,1
"50Ew8GGD4hY",24,31020,581,73,31,1
"0ovTFlKXcy0",24,31013,1326,25,63,4
"vz2NIBkGd9U",24,31004,297,35,56,1
"CsQ_8V6SGvs",24,31004,209,5,13,1
"96mZfKZ-aIU",24,30994,26,78,18,2
"jc5VsPMjIZ8",24,30994,1353,11,176,1
"b_eiDmq9uu4",24,30976,0,0,16,2
"EhufBz5dU7I",22,30948,1292,96,174,2
"q6mFk8upu_Q",1,30928,1334,19,260,1
"Kab0iRkE1W4",24,30918,167,6,0,2
"Brp4R9hi5SA",24,30917,295,44,44,1
"SyxE2aReTYY",22,30906,133,52,44,2
"EFaZt4E4QQg",24,30892,738,64,140,2
"TZUmcoZWJIo",24,30882,969,26,183,1
"Qo-DSQBbAcA",24,30860,908,41,150,1
"rj5nbm9DiKY",24,30846,98,19,87,1
"zlgDr_yv3IQ",22,30828,0,0,19,2
"AHw3u501dvc",24,30823,460,63,238,1
"kctDjOOruk4",24,30800,624,106,30,2
"j9RWhHHrCFY",26,30796,840,56,103,2
"U8QlglQivpE",25,30793,30,39,0,1
"1JR4JcLrlGo",22,30791,0,0,43,1
"eOArmv3Oz3A",1,30769,152,61,66,1
"1ffwD-hXxVo",17,30760,280,12,162,2
"1z8atEWOR3I",24,30750,0,0,0,1
"1zPdSu-Rzr0",24,30746,370,137,244,1
"FMJls_kFsyw",24,30741,161,81,36,1
"gvYC2Aavrsc",24,30741,115,9,11,2
"Sw4m20-iADg",1,30708,296,16,84,2
"5EA6_rtk6xk",24,30704,157,43,26,2
"2ZFrPP2bRV0",24,30681,362,29,70,1
"4l-yLbpr2I0",17,30663,41,9,23,1
"JhPFxsmG390",24,30646,68,21,5,1
"wLgXB_rdIqo",24,30637,1965,22,158,1
"eb2K2lBaHvM",22,30636,75,18,0,1
"VRyTM_W_Dbg",1,30632,2558,20,578,2
"TxqW17l_YAc",15,30626,1470,18,127,1
"QGuuNsoXTHo",15,30613,814,11,85,2
"fJwsjRyQkr8",25,30613,370,13,0,2
"hIvcgh3NHk4",24,30610,248,20,48,1
"ynEN3LqUuZQ",24,30609,269,69,49,3
"Om1S6OMDofo",22,30608,610,78,86,2
"RMfDDNOZySo",25,30605,102,38,44,1
"QtlR6eaQnY8",22,30573,375,5,42,1
"5k_U44f1pAI",15,30567,1032,17,177,2
"pAbAbne-wQQ",22,30491,147,5,7,1
"VGnBeRx2XZs",15,30487,764,39,84,2
"d709EDAJ95g",22,30486,88,18,45,2
"C5cOxuI68eI",22,30480,121,18,2,1
"9C-926IDtO8",24,30473,0,0,0,1
"qFEkQ_Sj1Io",24,30441,176,20,19,1
"HtN66n82nzA",26,30432,203,37,30,1
"Hm7RR3hKUGI",24,30418,234,61,66,1
"OR3xS5ctpuo",17,30417,230,29,30,1
"9tJaKICy6ik",15,30410,1690,15,195,3
"RUVTf_ckcfI",24,30390,138,3,0,2
"fzuCgA4jKkk",24,30386,54,4,5,3
"_9TlJBZGufs",1,30376,240,27,99,1
"SjvhyLR8CME",24,30375,2064,38,90,1
"_2hBX8K0ggA",17,30368,422,71,97,1
"Z8zZk4sjV7s",20,30365,888,16,207,1
"N8f39jf97pQ",26,30358,426,244,179,2
"xv4rhZP4n5A",15,30325,1270,10,112,1
"Ce3p1RmmFRI",23,30302,765,72,137,1
"mR_cCHDXrLU",20,30300,446,76,48,1
"hCCzKc_DVUg",10,30291,1493,29,176,1
"2txvmXYoi0c",22,30289,82,18,8,3
"BCCEp3FHnwA",17,30270,389,3,205,1
"CtCuIqRK1K4",24,30266,651,25,73,1
"zUax-vLGv5Y",10,30264,0,0,0,1
"zMnA5kCMo88",24,30237,214,36,67,1
"rsNaOt4yvow",22,30218,52,820,40,1
"r7_8I235PKw",28,30213,367,191,90,2
"q2g6QByquNI",17,30206,78,10,25,2
"T-FCH_WTrJU",24,30147,338,7,30,2
"gzU-ahUVh1g",22,30145,245,20,71,1
"PSJf9NnMpHs",15,30141,929,51,180,2
"dMBAAd5dq1c",1,30132,56,23,22,1
"KsuvflNHjnU",17,30114,374,18,120,1
"a2mLwj1WgAY",24,30111,704,20,128,1
"BY4lXY26-KE",26,30108,1130,15,88,1
"sGMSIxvSyKg",2,30104,476,28,112,1
"-1hWwQaxozY",22,30101,272,8,35,2
"7JU3KyWE3vM",22,30088,2004,5,212,1
"lCo_JXRlxtY",25,30083,129,35,0,1
"fQIh63alM_0",24,30069,231,36,27,1
"VFbo560i7CA",20,30063,669,34,18,2
"PlRJJ1ywY-E",15,30056,2589,14,221,2
"6jY-p-XlJ4A",26,30030,523,35,47,2
"vfUxMbBHG5w",20,30018,947,16,362,1
"9xcJEm3LJJ8",17,30010,66,12,40,1
"cX6_vwNmpqc",27,29993,960,38,125,2
"ezAteIruS_k",17,29985,238,12,133,2
"Kn1HHGg7bwQ",22,29976,381,10,23,2
"nJViWaL5umY",17,29958,166,21,29,1
"eyX99GOWicQ",10,29945,344,35,106,2
"a0RwZoM4daM",15,29932,105,17,3,1
"tO-KED_Ul-8",26,29918,670,31,137,1
"Kbe9l4uSUew",24,29911,163,33,58,2
"M2LGMrn7cFU",22,29910,375,58,48,2
"pNlRibjE_JE",24,29906,220,47,88,1
"E7o797HWzZM",17,29885,318,28,310,1
"DJHlvzoemUY",25,29883,214,24,20,3
"xYwhhkidbKo",23,29880,146,18,33,1
"4Mmfg4Uog8U",1,29874,298,21,41,2
"9dxsWq5_WzA",22,29869,115,127,15,1
"7N7NxIu4baQ",24,29863,510,46,37,2
"Npa3dH2z3TY",25,29842,492,30,67,1
"dzajt9d2hbE",10,29841,417,6,28,1
"5n2pqd9Skjk",24,29833,255,14,84,1
"US3Mq7uw8DI",22,29811,29,15,2,1
"CN61n71yGPA",20,29787,0,0,96,1
"3r2jBpPnr9k",23,29785,798,139,166,1
"I0OBf_yCZBY",15,29778,1103,25,257,1
"2UZ9zXs6AwU",1,29768,63,27,14,1
"IFJsUWypJRY",17,29764,407,13,9,1
"koJsA0tKdq8",15,29753,780,7,70,2
"Bldi__xo7TA",25,29753,412,20,56,1
"aC0-ZHFuynI",22,29748,47,12,3,1
"oEypRalq1ms",22,29737,843,135,129,2
"H2Z_bLqv8pc",15,29712,321,70,90,1
"IrrF_bUE8yc",10,29711,5252,5,409,1
"xx5r1zIO4-k",24,29704,917,109,139,4
"DOvNF8vA3mk",22,29703,171,22,9,2
"vmkaUZGK8GI",22,29680,34,28,43,2
"Tk6NxMhWCws",24,29655,768,6,0,2
"A6OuodiGgIs",22,29654,451,371,131,2
"IkwJqbradt8",24,29597,307,11,0,1
"eYsPmVUAzqE",1,29590,250,19,20,2
"j_jxkWNauyc",1,29588,1187,18,81,2
"C94qpenF-ms",22,29583,135,23,47,1
"zXSzSuAKeTE",17,29582,0,0,49,1
"lkHXFLFP9LI",22,29576,0,0,0,1
"0Alv5C5IUb4",22,29564,55,28,27,2
"rgzTICURm0k",15,29550,1043,13,211,1
"0iG-5kFkhR0",22,29532,29,48,3,1
"VSrL38EOIJA",15,29524,935,17,62,2
"JCpskG57kaY",1,29494,878,7,0,1
"C0cBH-4YJW0",17,29488,299,44,257,1
"euSLux3ww7Y",23,29476,432,17,38,1
"PK3bh_4U6cE",20,29465,51,47,5,1
"o5KyYQkKm78",15,29457,748,28,176,1
"Md4j1_UgU0w",26,29441,967,98,247,1
"VsJjBQ4phTE",24,29416,2681,12,639,1
"Gmqjv_zSrkE",10,29398,1140,12,357,1
"Ra3xRP5-eMQ",24,29390,415,14,212,1
"BIZqGDBEi8U",24,29386,418,61,104,1
"9_z5PtQaoJM",25,29379,249,1,39,1
"liSk3gvJzmg",24,29359,116,11,5,1
"lwNQ8gwWGv0",1,29306,1538,12,243,1
"yPttpGXfsHw",24,29304,213,20,40,2
"5AR30znHbjw",22,29303,295,26,99,1
"bexivMvFVq8",25,29290,244,30,69,1
"A4fjSmeWHKs",20,29286,381,72,82,1
"073f8y3zpDg",24,29271,0,0,0,1
"g7c-RTJUqi8",22,29253,58,4,20,1
"ZFGm97_MRz4",22,29232,1430,10,68,1
"nt_eVNHu-60",25,29226,636,29,38,1
"jsr-rgrxmbk",28,29196,0,0,23,1
"3w7h91WzLIc",17,29192,44,37,43,1
"gzAb1Q0hR-U",24,29189,1398,12,127,2
"ImtgOoAx1eY",1,29154,139,13,14,1
"Ug1oAfyRMLc",22,29150,838,29,47,1
"dorOSi4Becw",24,29131,73,14,1,1
"ynSIwwXNeLI",25,29104,488,16,39,2
"jLIUTWpwqYk",24,29078,95,81,49,1
"0R7UOU10u74",25,29075,771,19,201,1
"EOby36HaOSQ",22,29073,83,10,34,1
"8Ob3qFuvYe0",24,29059,704,13,74,1
"KJgiScjX7Zo",24,29056,315,16,11,1
"vMitnbbrYv0",22,29048,68,12,18,1
"DA98v_b5F0g",22,29045,878,16,83,1
"PsA8QEg8Xoo",22,29043,324,60,24,2
"PA4gcl3eYt8",1,29042,580,27,121,3
"lMVCa8pArI8",17,28994,294,20,315,1
"vs4bsq5vqyo",24,28975,0,0,34,1
"ZNgA7S3MabU",10,28946,2989,9,249,2
"LAkuVAU6uv8",24,28907,319,70,108,2
"4wqDL1UEnkM",10,28884,843,13,109,1
"ZLrvY6oQnfQ",19,28867,229,20,27,2
"5oHmtTZZ7-M",22,28860,29,2,12,1
"ofIdrErFIGk",1,28855,975,13,73,4
"vFXI7lpzkUY",24,28830,140,12,15,1
"HqURUWw_rXA",15,28829,1185,9,120,1
"oF1UQQV-bdw",15,28826,385,11,41,1
"UUuoKTqBSmI",24,28806,73,91,16,1
"KSMIHKhSO2w",1,28804,324,3,12,1
"rlT30uQUmwg",10,28802,1976,18,122,1
"CwveegrOZVw",22,28787,49,11,0,1
"rpjXXR8Jz00",15,28768,717,33,251,1
"TrYZPWxe-gs",22,28742,121,7,72,1
"UN2200Y5ALI",15,28737,639,29,245,2
"GJ_NYz_W2iY",20,28732,212,51,46,1
"jbdlvWBAt9o",24,28723,147,13,8,2
"Y-Ci198X30U",22,28720,367,5,18,1
"a2MgLy9eyT4",23,28716,779,54,127,1
"oKrpInhFBlI",17,28691,203,35,24,2
"NuPNh7Evg2w",1,28688,146,95,31,3
"rEYbXVnAoIw",10,28672,1723,13,95,2
"eUS8Bd9lRWk",24,28657,23,55,15,2
"xwwIB5Phx9I",22,28651,135,11,9,1
"sf9cCC5qC0w",15,28645,1086,25,126,2
"8pr7jxmGX68",17,28641,75,7,21,1
"YyrCOvt2muY",20,28635,0,0,7,2
"wZaQl6uYT4I",24,28614,1476,14,292,1
"qfYA5zpU7hY",15,28589,749,16,164,1
"2wTEe120buY",23,28580,264,57,268,2
"b0EvfW9x6os",22,28564,77,53,55,3
"cEEhZ7m7szQ",24,28564,180,7,77,1
"hJ029JIA2gg",25,28558,69,38,10,1
"29Gd024WhDA",22,28545,506,37,140,4
"VIigAxOJReY",22,28531,478,31,47,1
"osGShnZigec",24,28516,96,11,12,2
"4iO9yf8H3W4",24,28510,234,14,12,1
"0gIU760wZ7I",25,28507,226,49,48,2
"DpQ3gzxfYyg",22,28491,444,8,10,1
"YnHAf5hDuC8",22,28484,544,226,513,2
"JoP_d0YktsU",1,28482,0,0,13,2
"grexbDmBpro",24,28467,802,18,71,1
"0baBuYcdcPI",24,28435,0,0,9,1
"RSRooLpQXP0",10,28433,1291,26,121,2
"H0RP1SroRNU",25,28423,201,15,29,1
"blqwu-Sa3nY",20,28421,181,28,32,1
"716B-pZK1So",15,28408,757,19,289,2
"3JTkf7VzX_c",1,28402,44,8,5,1
"vSyEDPC9710",22,28376,1500,19,375,1
"prcT0aAhKOg",15,28376,198,25,29,2
"Xf50qXV9It4",15,28371,640,45,55,1
"jFcRLAYPTa0",24,28363,297,6,46,1
"WsA_DYUzVNk",20,28336,56,44,4,3
"_ssNKbRq9L0",24,28307,210,32,39,2
"aqRP30HOApQ",22,28292,65,64,3,2
"kFNEif2YCHE",24,28286,132,3,0,1
"XUSgVg8KAfo",24,28278,566,26,32,1
"9BE1C3T4lmc",24,28271,313,100,89,1
"vOMKbT8hiMI",20,28253,123,16,16,1
"we_Ejibowuw",26,28245,990,14,152,1
"IqRjlHYitrY",22,28228,1079,25,167,3
"9sj05NuQW84",17,28217,47,7,28,2
"DHb_CNBLoVg",10,28182,2376,5,349,1
"d7wKMi_sjGA",25,28178,259,23,49,2
"0aUANlarAng",24,28177,424,8,184,1
"INMyA1joM48",15,28168,990,18,201,1
"ve0HZmQDKbc",15,28134,758,61,225,2
"HYxw9ecfnzE",24,28105,619,26,925,1
"8YSYAXHWW8Q",20,28071,346,35,187,3
"g2O5z6RbNt0",17,28063,540,76,74,1
"LHJylBy2t9Y",28,28058,621,53,23,2
"fHoU0tXZd58",23,28027,326,18,21,1
"2QdGDSEbhHI",24,28022,246,67,106,1
"8zwYHixN1z8",22,28016,978,58,208,1
"FQoP6Mvad-k",1,28011,0,0,0,2
"uGrjfulfKrY",15,28002,676,10,93,1
"Acx-B3AFhXw",24,27981,1212,103,272,1
"2gx0m7kiK1M",24,27967,507,13,72,1
"GWpd3t3ju1s",24,27962,37,43,8,1
"42p5EoIQnNk",22,27958,447,19,43,1
"VmhygSBnI6E",23,27958,504,30,83,1
"Xe_Q5vzAyWc",22,27951,132,12,11,1
"KETeTJSzEIs",24,27941,213,80,22,2
"G8kAw-RIcBI",24,27916,264,40,101,2
"whqrI6OUaTo",22,27902,236,77,130,2
"drh8b9CnAvA",25,27892,962,38,81,1
"d3tE1jlB6kI",22,27887,300,17,30,1
"gpfeo3-ykAA",24,27850,165,60,66,2
"uZhqVT68z3s",22,27841,337,22,47,2
"uU45h73QSPw",23,27825,158,11,22,1
"Ul-kusVN3eA",24,27824,76,52,15,1
"MyPnezQg_hY",1,27820,196,7,62,1
"0ZSEEG2PFU8",22,27818,296,14,7,1
"0wqQWTaB1M8",24,27814,970,47,201,2
"kK0PMnBr-r4",15,27797,345,12,100,1
"iVO-BRF0NxA",24,27777,97,66,32,1
"QqD3CIHY1FY",22,27772,297,36,64,1
"OHDeZBWhXdU",26,27756,1407,25,146,1
"AKSbrP6qjbg",10,27755,730,32,31,4
"8KDiGrtF4CU",17,27727,139,5,89,1
"KKXVYRLmgsE",24,27715,106,31,11,1
"WgToDK3N940",17,27705,282,15,46,1
"2TUYYtiDyms",26,27695,752,444,118,1
"skyDtWdkSDM",17,27656,243,33,200,1
"5Vi2s90byuI",24,27654,0,0,4,1
"ShdsLNge9Yc",24,27650,14,25,12,1
"1V1X6a2mNbk",26,27647,297,64,12,1
"isWlNIVeSJ4",22,27644,65,21,60,2
"l9XkPpwzZyY",24,27609,373,52,62,2
"08cRjPKEcgU",24,27597,3510,43,0,1
"WQHdB0zpK3U",1,27579,24,12,4,1
"FxOf9TKfbig",20,27575,2983,45,522,1
"SCNJHk8oYnA",24,27573,342,69,83,1
"LOcL-rQjIgE",22,27567,92,4,32,2
"a8PR0mThfU0",22,27554,54,8,37,1
"txNgWDkOzBs",24,27553,133,88,28,2
"LNaTfTPadaw",24,27553,115,14,130,1
"7QIg5Re2DOg",22,27533,2188,39,327,1
"70yR70z_Wd0",22,27532,70,27,7,2
"F2TA-rLC_L4",26,27529,439,26,260,1
"zWO2IJ8gNP8",15,27526,1916,24,215,1
"H_MWlw1ThK4",17,27522,54,3,35,1
"ADigqaf-0Yk",22,27517,351,118,82,1
"zaR1QBeuwT4",15,27516,594,24,154,1
"dcneCcvtRh4",22,27504,348,17,25,1
"F8xULbKvIG8",22,27499,97,30,23,2
"FcL2o28qKN0",15,27492,945,18,108,1
"Bxshn8K8WcE",15,27486,808,47,281,1
"y4SFvNMP1q0",26,27461,721,26,121,1
"7EvI6dV7sW8",15,27455,961,20,139,2
"Bu2ZXdfAaKU",22,27396,48,10,4,1
"8wbuhojBBJk",22,27395,89,81,27,2
"BRRgYEdq7Kw",24,27383,1465,11,18,1
"hoYkAEXZBc4",24,27369,810,43,66,1
"rZ3Cq1DDmGM",24,27368,97,14,44,1
"k3uTi7qLhUc",26,27367,659,574,116,1
"yUSFbvPfwCU",23,27329,1105,52,145,2
"5JiUTuPHdv4",17,27309,48,9,8,1
"FDW28jO9id4",22,27274,977,7,48,2
"u6spWEuTmqY",22,27271,82,7,8,1
"Kb5SH6m_nW0",10,27266,0,0,0,2
"O1mvCqceAJA",24,27266,1747,10,639,1
"zTtDarCEURw",24,27239,498,10,86,1
"jQn2L8XMJuo",17,27187,275,11,5,1
"9aO7KBHBHCU",24,27184,209,18,28,1
"P7tONHuJz7s",22,27177,41,32,3,2
"VeePHuDirUI",15,27174,602,28,177,1
"GerYAJOz7R8",10,27171,0,0,0,1
"HDN9b2bbVyQ",24,27148,142,14,40,2
"ieosxYeJeGo",24,27145,47,8,5,1
"x0-Jopv_VmA",24,27138,1055,5,93,2
"WUgvjBqbQlg",17,27137,60,2,23,1
"m9S4Dd72L6w",15,27129,1009,29,250,1
"sA4gRVzOLrg",17,27088,407,36,94,1
"hkwaFrsB2MQ",22,27078,2175,42,79,2
"h6re7a9VO5U",20,27055,846,16,246,2
"wukRu0sDmHM",25,27036,0,0,15,1
"eqmJrXnp1YE",22,27034,154,27,178,2
"qjNGSUXe2pk",24,27031,45,78,46,1
"1QiJ2VYZ8zw",10,27024,0,0,0,1
"mVrjMYfaM-A",22,27024,103,36,10,1
"d8XQBJjpNPA",22,27020,121,1,12,2
"RKUkyfTiFdI",17,27018,206,4,163,1
"J0sa7DRQ4RU",1,27012,181,7,19,1
"s71oeKsT8T0",20,27002,121,7,16,2
"XmfJa3y0c-A",22,27002,54,6,3,2
"qrd1O7hruLQ",15,26994,230,125,0,3
"MFHqheFC4Kk",25,26985,191,33,24,2
"gJVjlY-YSRE",10,26962,1124,51,174,1
"MLVZdFl-ppc",22,26928,136,13,28,2
"d4JGEnhu7jk",24,26920,380,162,118,1
"7LsdGlWBgzg",22,26916,255,13,27,2
"zTDlw9ar_zg",19,26913,73,28,7,1
"JIoELHMfz7k",22,26913,763,25,108,1
"pj0iwVEY_6Y",22,26902,89,56,13,2
"vwyKMi0GC_g",25,26900,640,41,98,2
"lrV5KGnUTZQ",10,26897,1371,26,237,2
"_IDD8uwFhCo",10,26886,1354,7,145,1
"H9PJ7T4Aq-g",10,26870,1002,8,96,1
"Eg3ZcwDMP6M",25,26863,765,56,310,2
"l0ZGKTJhXNY",17,26858,280,60,9,4
"eQJbA5NGG2M",24,26856,115,21,52,3
"2RfNAvD6HCY",15,26855,726,15,214,1
"iKsNe2dUA9k",17,26847,84,20,0,1
"jT7HNqL5pZk",23,26843,327,21,28,2
"D8F3IH00LYY",24,26829,91,14,35,1
"3UO_HO8gIyo",22,26813,97,28,119,1
"zAJIQHsHWQY",22,26790,423,9,33,1
"4kVojuefZno",24,26740,396,22,24,2
"ZiCFF2R2u0o",17,26724,1049,67,248,1
"_d968nM8Zns",23,26712,678,14,118,1
"kKBhrB_X6Wk",26,26709,400,4,7,1
"8D26NqE7N9w",15,26702,211,9,13,1
"Yyk-TYWduFM",24,26690,33,3,0,1
"W_w5jE8p8dk",24,26690,35,67,51,1
"AuBfx0CrJ0c",22,26671,124,15,12,1
"Rc--xsslZIE",15,26656,397,18,151,1
"xt2jyqDFIWg",17,26641,172,3,151,1
"G6JwbrAeYH0",22,26618,195,12,59,1
"pMNN4-OCW5U",24,26617,0,0,0,2
"xg0-wjp-_DM",22,26614,1059,30,111,1
"xO8iyn7dsbQ",26,26613,0,0,0,3
"gmLFchYA78c",15,26597,816,12,98,2
"O4z25kKsmnA",24,26574,218,2,0,1
"k89uegMr_ZM",28,26569,0,0,11,2
"romj58o1qac",22,26566,1411,9,172,2
"uUPUYUm7UoE",1,26540,1273,10,90,1
"LffyGAzgdXk",22,26537,409,8,52,1
"ZqNX0_80ITw",22,26526,747,89,145,2
"0dU1__Hd6Gc",24,26520,259,9,28,2
"gvZwSQdVfm8",24,26518,398,23,32,2
"7kduqHFQnug",24,26496,0,0,53,2
"V6sHud09Qfk",22,26479,843,11,253,1
"2BCDL3TgXhI",15,26457,900,16,155,1
"zFiU97DdVGU",22,26454,1237,22,201,1
"fSB45py1xkA",22,26447,978,16,53,1
"qDlyjsaRiRw",22,26433,1539,61,307,2
"5wD49PuTXhw",22,26426,0,0,7,1
"LYXRbKxOSYU",22,26420,47,10,7,1
"15imaVyOaO0",20,26392,0,0,0,1
"HPHnbGhJCuQ",22,26364,327,50,37,1
"OkduPbQJUJw",22,26349,536,11,24,1
"H8rxl0lRymU",10,26348,2227,34,256,1
"iAyWhbf4f2M",15,26329,570,17,183,1
"AKZN2iaJLjA",22,26307,1061,11,361,1
"bmIbXMv2EYw",15,26287,0,0,58,1
"hOVJVJ432l0",22,26283,489,8,100,1
"kF7VP85iBIw",2,26280,474,34,79,2
"PI_BowiZ9Ms",17,26273,158,17,57,1
"FCU3H9UwYIM",25,26266,116,14,43,1
"TJhu41XmSe8",24,26234,66,17,3,1
"tRsxz5tAnVs",24,26229,305,90,40,1
"WVbMuXo7iUE",22,26225,185,10,93,1
"q7kdp_vHChg",17,26224,350,21,4,1
"M9CbkNo2wCQ",25,26209,0,0,0,1
"j_C_NapEWrc",15,26203,1165,18,97,2
"YdtSPmkRQVQ",24,26188,0,0,0,1
"7P4THwBx4i4",22,26183,667,15,88,1
"qLrifdFEDc0",17,26182,52,4,45,1
"81A1QOJLuc8",22,26174,862,19,102,1
"nz4WsUV6dLo",24,26164,262,48,11,1
"pm1C0JJXwHg",20,26158,0,0,87,1
"uqdgeeWaRQI",20,26142,245,39,56,1
"qP7Fgw5-8J8",24,26140,34,67,48,2
"m4hBdbaqns0",22,26136,544,11,82,2
"5hDrpRApO00",24,26134,364,8,14,1
"jBlBSP-mup0",10,26129,363,24,111,1
"vqgKmtlFj-I",15,26093,561,35,140,4
"tWvnTWzMBi4",22,26065,24,1,2,1
"m44JmdTqQss",24,26058,707,25,225,1
"RDDrj9bdTyU",15,26046,1493,17,162,2
"KQHHnwPA9Yk",24,26039,1421,16,41,2
"j84N-99AH2M",24,26038,91,49,38,2
"aCHUbBtwrBo",24,26035,73,20,134,1
"KbT82TCPLHg",24,26015,539,38,185,2
"bw-5XM5iOdY",10,26011,4857,5,260,1
"2duQFnfwvAM",28,26010,0,0,20,1
"UEXUuLA9NLM",20,26008,276,31,194,1
"EnZlrucoCBg",24,26004,258,21,123,1
"kDRARuS9kW0",24,26004,30,18,33,1
"pYgWdwZRzjM",26,25994,1224,21,176,2
"8-_nhw3wacA",24,25981,134,9,0,1
"qYgTywBRMPM",25,25975,585,153,41,2
"azNw0NBogx4",24,25969,109,5,8,1
"G4TBGhGBTCI",22,25961,260,8,2,1
"TsCcyJcV77o",15,25939,510,121,113,2
"ptP_anoyZwM",15,25937,658,20,185,1
"mfI27JGlEE8",17,25931,354,14,0,1
"7wZVKUHdp8o",15,25926,498,29,116,2
"RbXbsr256j0",1,25912,434,37,46,2
"MGzJW_7ctmQ",22,25898,56,12,31,1
"u0EWKpBUdVw",20,25860,309,50,176,1
"Eu6XdUWSgbw",17,25857,281,13,21,1
"iP8o309aV-g",2,25826,19,28,9,1
"cgjoJEDtBj4",20,25818,2914,7,596,1
"Jow4RIUZxLg",20,25812,2283,1315,358,2
"9gzDKFxXsH8",15,25760,1362,14,144,2
"OHYBI5-eob4",1,25741,27,353,17,1
"GKpujELy-kU",22,25737,526,49,76,1
"pavG6-r3a84",1,25729,0,0,69,2
"pcbZsi8W4tY",22,25728,315,4,38,1
"quRjKPCqqj4",2,25701,239,6,3,1
"11O35s75IxQ",22,25693,28,12,0,2
"i6uK0xlu_u4",24,25684,743,12,48,2
"gYG-1PbMWIk",24,25681,352,16,81,1
"QE0LlTUXRVQ",20,25680,618,34,9,1
"J_loNEewV8s",23,25669,122,9,4,4
"lM8716chBQQ",24,25669,0,0,7,1
"5Y-oLaPZdOM",24,25667,129,7,22,1
"Sy47-ZsA9Gw",24,25662,69,23,30,1
"MCoh1GvjESs",10,25657,650,5,61,1
"z1KePDT50i8",10,25656,1390,10,99,1
"UEDr8rekEX4",22,25622,114,12,17,1
"fZO2g7p1W_M",22,25610,1014,62,88,2
"MTsXmrDS9Dw",17,25602,417,8,105,1
"QEqEjIny5Ak",1,25589,506,79,573,2
"k1Y7gCcZfls",25,25578,112,14,47,1
"4Ns6oSQfl4w",22,25564,74,26,0,3
"IZtqT1F41jE",15,25544,1046,11,131,2
"maR69vDCZPw",22,25543,658,4,18,1
"JyEMMDktaVI",24,25543,531,36,111,4
"_LrlUzFFIrQ",22,25534,43,32,5,2
"RxUhJaugQJI",1,25521,76,7,3,1
"Bf0JXvT0JiI",24,25521,124,28,45,2
"wSh-wdSzhmM",28,25515,0,0,22,2
"gG9r4ALCeOs",22,25508,174,20,23,1
"k1aomcg6-Nc",22,25478,69,19,19,2
"EeRIWWrQxFI",25,25477,75,11,16,1
"op6kGqwYrSc",22,25477,0,0,151,1
"dZIVQpMsDD8",24,25466,692,21,72,1
"W3T6fE1NmSo",22,25464,508,19,21,1
"4LvgUaeifo8",17,25455,66,3,8,1
"zB47jdACGHM",22,25454,58,7,6,1
"oUxK9N5VeUg",10,25451,5095,7,142,1
"8uGFeOhkdVs",24,25436,1927,9,110,1
"zOjH953JkwI",23,25435,507,25,71,1
"dexg1_uLlFk",22,25427,1824,40,155,1
"IvunNzQ8GZk",17,25419,307,17,11,2
"tI5WpYTDhho",15,25414,146,7,8,1
"fF841b7PSqw",24,25394,794,27,99,1
"KQxn8Jbqvkk",15,25366,1058,10,274,1
"jhMRAOrFm-s",22,25358,1717,29,106,2
"bzzLSZMtBPU",10,25350,492,9,101,1
"_K4EQAlt3aw",20,25325,63,14,10,2
"Ly1wo-Q9sTE",20,25299,650,5,102,1
"T4SMy5fjWgw",10,25296,2131,4,264,1
"Qcr38S064fo",22,25289,495,6,29,2
"Q3naqDKvIGg",22,25287,1975,4,177,2
"XRidCJHF7J4",22,25274,941,33,158,2
"Kdg8usQU6_g",1,25268,532,6,47,1
"TWNd8gkmUDU",17,25264,60,12,35,1
"5fmXBP7WYs4",15,25259,1048,15,117,1
"2RKu07O3bNE",22,25258,287,9,56,1
"pKcCaL3a9HU",22,25241,874,18,28,2
"TR761mcZN_I",26,25235,423,36,57,1
"a4Ypmm2lwRk",17,25228,51,11,47,2
"TWYyEWTa3qA",22,25216,53,1,9,1
"8-vCGqxXU18",24,25211,33,42,20,2
"Bx-lBOKKaOY",20,25209,55,12,23,2
"6yJq_m562qI",26,25208,1061,20,160,1
"QpFFKHY-1Q4",22,25194,445,5,36,1
"FQRvXakBPTA",15,25186,1030,12,149,1
"GkGcN2pX3aQ",15,25177,697,18,106,1
"wSqG5Ou8UFY",26,25150,807,19,169,1
"mR4Ji-Z1HC0",24,25145,224,364,114,1
"DM21UUYsWF0",22,25131,646,12,21,1
"QIUvQaxvzZo",1,25108,741,6,0,1
"qo4NAU4tGok",20,25094,1755,11,201,1
"Ul9-QI4IHZY",24,25086,143,24,11,1
"A3rPkPCfi1k",24,25084,101,2,5,1
"TxatQWXlUU0",22,25077,282,4,39,1
"jkmNQicKfpw",24,25063,797,34,200,1
"JKc_ykbd_aA",22,25058,30,16,5,1
"HIyigW2R7_8",26,25046,682,381,117,1
"el2JqHfukC0",22,25046,699,166,415,4
"bQ9C5Oh7FNA",10,25030,2768,16,262,1
"Wby5u77SDjM",22,25011,90,8,38,1
"oXO4J4tfOPM",17,25001,0,0,0,1
"GoxM34FvuzU",15,24970,535,39,170,1
"5jGNyGJwtYc",24,24966,25,90,27,1
"mDLJaRkJDYg",22,24961,47,6,10,2
"OYj3L0li6j0",17,24954,239,9,8,1
"gcy5C7XpVyU",22,24946,148,89,49,1
"70dEoCZ89TI",24,24944,633,13,0,2
"j8tBqqZbkAU",10,24919,1326,14,153,1
"GwghqsDq9Ck",15,24915,1146,2,271,1
"mPQgoan6OEU",15,24906,1148,24,147,1
"M1SAAD2PXqY",22,24903,638,161,492,1
"FZNnY4h5-EM",15,24902,0,0,0,4
"THt9OS1AlaY",24,24885,425,12,8,1
"DjiBGKOb96o",15,24885,177,18,7,1
"WzscSBu-WHM",25,24875,34,12,42,1
"gFZ21wD_GnM",24,24848,402,37,67,2
"y3h7S_dXRWs",24,24804,297,66,107,1
"o9mzOAdQlLQ",15,24796,865,14,141,1
"zuaXhno2YVM",26,24792,590,39,105,1
"i_lwgia0qwY",20,24740,2280,148,18,1
"bGIMZRa7rzU",15,24728,553,7,44,1
"xVcWrvKzdbY",17,24727,135,9,83,2
"yPiU_xKCCTY",24,24719,456,63,61,1
"S7MnAyKAIE4",24,24711,19,25,11,1
"FKYoqJw9td0",23,24679,35,28,0,2
"NTI3M8wyGAc",22,24669,1061,8,342,1
"FgIOUoz5ZYw",22,24661,295,13,40,1
"NJpN90d5Lac",22,24653,327,32,64,1
"osGcqxjLNsw",15,24649,1047,21,161,1
"WKVU0IrAnv0",25,24631,221,35,100,2
"Jf3QnxLm_e4",2,24630,0,0,39,1
"nyQSv8csFNU",22,24601,200,2,6,1
"wHk-H2O_MM0",15,24596,1143,12,138,1
"9_DmcEGAuP8",24,24575,24,38,22,1
"XP8LAjBsVYw",15,24564,208,10,12,1
"vp8R-c_BD1w",22,24556,78,10,17,1
"VpY22d_KiFE",17,24555,68,7,13,1
"UMQgn4Utyzc",26,24555,199,21,38,1
"yz6vrvho35I",26,24549,626,13,139,1
"OP0igqWEK78",2,24542,988,10,162,1
"A0GbjGuUWy4",1,24538,1748,12,136,2
"OefJ2f5k-ac",24,24516,111,6,7,1
"0poSBSSysCo",26,24512,811,19,146,1
"Y8WX-grNScY",22,24512,160,36,20,1
"PTRJYeKsYng",10,24510,1022,20,82,1
"OABZYkAurO0",1,24509,315,5,0,1
"MRiovrMN4ik",17,24504,64,6,4,1
"oiLm4SYwV8g",22,24494,43,20,10,1
"DEgNRzGXG_w",24,24482,614,4,76,1
"qk_3FKJ6Cno",22,24448,1198,22,151,1
"G4u-ryBGI9I",15,24446,154,24,6,1
"TUe28PKI1Gg",17,24429,74,28,38,1
"s9aPAL8VlJY",15,24396,1192,14,451,2
"b6Z2EvbdNo4",22,24387,138,9,12,2
"RPemNW8yTEY",24,24371,52,9,0,2
"5Z1_RFLpdJw",22,24367,353,7,33,1
"7RCvRH0V9zI",24,24354,1799,27,1187,1
"BpGqzGrbEwU",25,24348,220,24,19,1
"gk2OXP6cbVc",25,24308,370,29,28,1
"8CR5UPNxBaA",15,24291,176,44,20,2
"MB4qNDSJNsI",27,24271,1172,25,147,2
"Wqw5M2chllY",22,24271,0,0,0,1
"kaEgAcKOai8",15,24239,863,15,171,1
"Bp6iA3wIVRM",17,24224,109,12,110,1
"f550nMuF9WY",25,24220,80,17,138,1
"rQGL1_foeUE",17,24209,295,16,55,2
"S6Cl7OENUvM",22,24170,30,25,18,1
"6aR2TFDXLBU",15,24151,674,20,193,2
"odRK49Gt0KU",17,24135,154,3,17,3
"UoH756e_bEI",1,24122,59,26,10,1
"890tMd-uzoc",22,24120,386,12,68,1
"j1-yUW6vLuM",24,24103,58,33,10,1
"jNaaT81VvI0",17,24098,18,20,0,1
"d06DdgRWfsM",17,24086,61,1,3,1
"wL1No0bemYE",17,24078,65,7,32,1
"sZ9eQcnY3js",15,24060,88,9,12,1
"vAuJzehUsZQ",26,24053,845,15,115,1
"dBwHIR3m-mk",24,24048,38,14,8,1
"0jmuocb3RMs",17,24035,175,4,169,1
"2JL5OAh7TQs",22,24005,67,133,42,1
"lTZK_UYUfBo",17,23990,162,4,10,1
"q6FjSnqCIZg",24,23989,491,24,111,3
"bjZo7ulr5CU",22,23976,102,7,19,1
"guzXOdxVAFY",15,23964,238,8,7,1
"_czJk8cUxV0",25,23931,141,8,5,1
"RXty_81zxhY",25,23920,102,25,21,1
"vmd4px8348Y",24,23903,405,16,50,4
"Hi7Ci_OayyE",15,23900,558,28,195,1
"2-79F3rjoGo",1,23893,499,41,54,1
"_ffEoLRHyvc",22,23884,412,47,93,1
"_ezD3KMhLfI",22,23867,60,13,14,2
"j-bPdtRlc0I",1,23861,186,86,100,1
"CmqMsbKtdyg",28,23830,217,119,0,2
"FPp9rg9AdNE",1,23819,228,2,0,1
"n41_nB5P0z4",22,23806,27,25,13,1
"_HB3yjOIp_I",22,23788,29,51,209,2
"DpI3nxq52Bk",1,23772,0,0,0,1
"KCREMl9bU1A",22,23764,772,4,38,1
"93tGXjgzXUU",15,23761,712,24,198,3
"27plrbpA80I",24,23756,88,27,11,1
"bpA_MhmK3fU",24,23752,2019,29,19,1
"bryFPAhUrrQ",22,23742,372,14,77,1
"OHd_1i7HXBE",24,23733,1830,15,0,1
"zPccctboZfk",22,23729,883,28,35,1
"EmukLz4FCAo",1,23728,0,0,0,1
"JfLRsegCiPQ",23,23717,401,20,66,1
"QmUoKrUZSRU",26,23713,1023,21,147,1
"vaKTgQaAiK0",22,23703,79,15,8,1
"Ek8GuYtD3nI",24,23701,115,27,105,1
"36ekOnU70yw",24,23700,71,53,247,2
"EcckfR6UZ_E",22,23670,62,26,21,2
"P-DdNhW1cL0",25,23662,110,56,0,1
"e4Lb8Td9nn8",15,23655,876,24,144,1
"qqZE1C2zOp8",24,23649,921,11,54,2
"SMSJ6kZlQjw",25,23643,44,20,11,1
"Xd-E-Da8cE8",22,23636,171,6,6,1
"CPzVqSnR5RI",24,23631,340,51,60,1
"1yOofZrdBmk",23,23624,289,21,27,1
"qYWXqVOc2j4",15,23612,385,20,91,1
"OWO1Y-MxS9k",17,23606,147,19,15,1
"cXopRwPxg2M",24,23572,602,40,655,4
"vVeOH6aC9xo",24,23562,356,35,69,1
"sGs3Tu5WE-A",22,23559,33,69,4,1
"3CtopErRsFs",24,23559,115,41,67,4
"NrSXA6XTd28",17,23515,68,28,54,2
"nT9DW2ASZFY",1,23513,77,11,4,1
"W33RrmFQt4Y",24,23495,609,38,9,1
"Zp-WihoxWRs",22,23494,65,17,32,2
"NoLSvD4plbQ",22,23475,184,18,9,1
"Db2ag10yQwU",22,23473,62,72,1,1
"5W9Z9jlpr_U",15,23454,214,9,32,2
"OiDpSk8Uk_Y",20,23450,46,2,27,1
"dn0i58E9Ny0",24,23438,44,21,6,1
"2TiqLCC2XRQ",10,23432,425,46,71,2
"WO5Eys0x0mE",20,23432,431,9,43,1
"DVGDRdBgyvs",22,23425,0,0,15,2
"uHc2XcXfoTQ",22,23420,2103,11,173,1
"miiseAJIg_I",15,23414,725,14,77,1
"LTmFZG1vTpo",15,23411,265,3,16,1
"hjZtlqgKlPY",24,23410,0,0,41,1
"GVFDEL3iPyA",15,23410,308,20,73,1
"gX0V55m_bEE",25,23394,380,21,22,1
"56Kb3OaEH2w",24,23368,390,10,38,3
"foY_9mUS-G8",20,23363,408,12,158,1
"0aPgDwGLuXY",15,23362,617,8,39,2
"Wgc2CaJ1jCU",24,23354,285,24,80,1
"xdwDjK18giI",24,23351,546,85,130,2
"GM2-earoOng",24,23345,532,12,0,1
"D-b5ty-o7i4",26,23341,753,15,172,1
"lPXm7_vhvJc",10,23324,2304,7,191,1
"GlXlawwuUSU",25,23320,0,0,36,2
"8BYG5ZvHjos",26,23317,671,12,117,1
"NHBmnKpdPN8",24,23316,0,0,0,2
"nCJn4PoRu6w",17,23311,254,16,28,1
"jUKALEfh3qE",17,23277,239,8,11,1
"K5jcA5cD3lw",15,23273,566,21,50,1
"s54vC0MuJF4",15,23258,240,12,22,1
"nef7i0Pg4RY",24,23257,105,6,1,1
"5s9IxivRM5E",1,23248,204,16,19,3
"e_979DU3RBc",24,23238,58,53,25,1
"cKhmy6EuEA0",17,23227,61,8,56,1
"MPgnT1P3AOs",2,23222,57,17,3,3
"ootGeLFJkKg",22,23218,67,6,1,1
"vtRYNnTpSmE",24,23207,1205,39,72,3
"TgmhYtAy2-E",24,23203,220,29,91,1
"8J-E2VCMl4k",22,23199,305,36,40,1
"x33KAcnhkS8",24,23180,1353,2,27,1
"ixfcVPi3esg",17,23168,35,18,31,1
"RqrdRDTJNyg",24,23132,855,2,29,1
"r9DNEOEFOo8",24,23130,0,0,0,2
"V742IDggiaE",24,23129,1480,11,348,2
"jCurSBDxHCc",24,23121,246,9,0,2
"7Qescqznwpw",19,23115,84,4,4,1
"yYLpdChn9aA",22,23104,906,5,24,1
"N0oMcPbx4ks",17,23093,57,8,35,1
"czvjJeY3E6Q",26,23084,798,17,111,1
"73ute5W4Sjg",1,23082,46,18,6,2
"Y-rkkMWJPK4",1,23079,0,0,12,1
"2hCXM3tewYw",25,23061,103,27,14,2
"VHvk7qvI-v0",24,23058,173,49,172,1
"oYaT2Bh-OoU",24,23034,286,39,46,1
"KJfbwGaUg2o",22,23014,25,78,10,1
"bekaGSKSNWI",23,22997,195,4,14,1
"61fGUePztcA",24,22996,1275,6,28,1
"94Wkg-4GZJU",10,22977,1692,5,316,2
"IA0WG0P9oC0",24,22974,865,12,198,2
"5j8ssnuX2W8",10,22968,440,2,12,1
"ilAXc6rtFu0",15,22960,2006,9,200,2
"IaYB6o6wvw4",17,22942,118,19,27,2
"_EHSl43nLl0",15,22936,1089,14,345,1
"skJHXjJG1ZM",15,22890,180,9,11,1
"3o6KkTyTd1w",15,22876,137,16,3,1
"nLsCgsjLXsQ",22,22865,29,10,7,2
"pTuu0lAiq1M",15,22858,526,7,47,1
"VS12Aj-m5UU",28,22854,1743,6,54,1
"p4yebr2zlwo",15,22843,1505,18,173,2
"3gPSO0D313g",24,22825,402,3,0,1
"Y_rGmUamsnw",24,22803,296,44,78,1
"zkpLFEo3-iQ",24,22781,81,9,4,1
"k6WE6Ok0a-k",20,22775,616,32,516,2
"sER14usOEVc",24,22769,523,4,47,1
"8NO5Uvx4f4k",24,22762,82,13,44,1
"9-m2GSPDPOU",10,22754,618,17,58,2
"FsLBp1Lyn0s",15,22751,933,13,124,2
"ue2loCN34Sk",24,22744,823,8,90,1
"ST627PSEZYk",25,22739,245,5,0,1
"w0QiVlOOSpM",24,22738,257,90,45,1
"8B3SEQY1Cr8",26,22689,658,376,84,1
"QpuqaqZPhdM",22,22689,1484,6,190,1
"hlSqXOiXSDQ",17,22669,97,5,17,1
"9jEzO67HDhE",24,22666,63,86,13,1
"PVpt57PIYkM",20,22657,696,7,112,1
"9rV-YV7ObVc",15,22636,186,17,9,1
"JB5hx0hkioE",10,22625,1132,27,0,2
"wTSTzjOXcgA",26,22602,683,21,121,1
"E_yl_z8BTjg",22,22583,71,12,13,1
"DelPPHZUwYc",24,22563,555,35,43,1
"Q5EXwWTmoiI",22,22560,0,0,0,1
"YfIdTCdvOJA",22,22559,70,81,5,1
"AChfwpoBlCQ",17,22553,66,6,35,2
"zjvP_eBj-BI",10,22548,1872,14,182,1
"IlDkgPyTitk",24,22544,132,184,0,1
"_5f281BDids",24,22540,6,151,34,1
"CT5N2cnAvuw",22,22539,128,1,0,1
"3QzcEQD0Cjw",1,22532,27,42,13,1
"syOr49vNGK0",15,22525,758,17,183,1
"O2o-HbpmrCc",24,22518,405,10,25,1
"sWn6WQrcmFo",24,22505,58,30,16,1
"sDpiWM5HuEs",29,22504,105,10,19,1
"8td8kryLVV4",24,22491,672,21,89,2
"nwPULz6q6Hk",24,22489,616,11,26,2
"rzAwHKbiDe0",2,22477,514,23,129,1
"Ida9citAcyk",25,22462,202,25,3,1
"KUo5qEy7MA0",24,22455,108,20,4,1
"OR24mdchD7g",1,22448,160,9,16,1
"dkvXfZvw9Cw",24,22433,1741,21,7,1
"M4Pj3Qtswo4",22,22429,118,30,55,1
"qyvqwMLTK4A",1,22419,0,0,0,1
"AzQ-Au6fcXE",1,22407,200,2,12,2
"8xGJlOTh82Y",24,22406,580,27,63,1
"kl0La0wGfLA",22,22392,142,25,1,1
"lohJWRrtmaY",10,22376,1061,4,134,1
"p_uKT1ohx6g",26,22376,669,17,47,1
"3LW68UWodaI",1,22363,244,3,58,2
"On02eFZdbNw",22,22361,498,4,14,2
"ukoDCcfpmnc",24,22359,670,28,148,1
"5i4Mw1NuvHM",22,22353,1390,6,44,1
"OUShWckxcg0",15,22340,991,4,63,2
"wNtJ7s5mGx0",24,22337,181,77,49,2
"Ostpb1OuQ1M",15,22327,869,7,56,1
"XlI-G8semp4",25,22321,181,4,12,2
"SeFVyjNkr9M",22,22320,753,36,135,1
"laKclSdYqUM",24,22299,491,11,89,1
"TL0Vp3YfcK8",26,22290,706,16,116,1
"ZEYv8BYC0lQ",15,22282,122,9,4,1
"0TVXEFES_Ls",1,22265,10,11,9,1
"fxfirNDfO3k",25,22259,258,33,78,2
"xcn_iWCEvMY",10,22256,64,56,21,1
"TA63daxwabQ",24,22250,49,3,9,1
"mc8rz-EkBTo",22,22249,68,79,17,2
"INySGhV_zSs",22,22247,483,111,63,1
"3th7Jp3HnfQ",20,22245,131,19,151,4
"3NPHE_e9BiM",20,22237,134,22,49,2
"0NGvsVccswI",1,22235,203,13,23,1
"9b-awR-gHkA",15,22223,606,9,9,1
"mACh0_VRDoc",22,22201,156,29,10,1
"Bld6pGfMOTw",22,22172,789,10,84,1
"CwOKfowlfQ4",24,22172,587,7,68,1
"SbpWrhmGZ_s",24,22157,0,0,0,1
"pe8509iG3l4",1,22140,18,23,2,1
"geXRStPE8-s",22,22139,827,1,15,1
"v-5bVt5KyE0",24,22129,1139,11,0,1
"SXU_ZVjzZFg",24,22101,48,61,5,1
"7flSbMSaBMM",24,22074,95,24,55,1
"VJjJM8XhdK8",22,22071,114,10,225,1
"S3EO1YD9ziE",20,22065,811,5,211,1
"mTqRB-wWXGI",1,22054,1605,6,122,2
"4zu_Cil2bTw",24,22047,324,51,58,1
"Tn4VDglC9nQ",24,22043,80,87,96,2
"Vc62dsaxz6w",20,22040,850,3,201,1
"eL8W2xwcVV8",24,22020,159,4,0,1
"YTF449b-UTg",1,22015,430,11,53,2
"tWipLu4xbPQ",22,22009,8,23,0,1
"uvatsoByWgk",25,22005,0,0,5,1
"eGes9BYeEGc",24,22005,4,15,17,1
"VOuE362BUdg",24,21980,275,47,107,1
"ehGenPlX9qY",15,21941,1492,10,158,2
"DePAI_p7pxo",26,21932,691,38,166,1
"tehB6TMnRdE",20,21926,1168,22,181,1
"UYxS8jF4zWI",24,21910,178,52,9,2
"2FHvI3yuSqo",2,21896,30,27,6,1
"5z_4vsY5wtI",24,21886,181,29,1,1
"umRIdtODSVE",26,21874,214,70,8,2
"ZCUJdKvBycI",24,21865,116,11,36,1
"ql0GJ3JEEig",22,21855,1172,65,343,1
"Gd-txOXVKak",15,21848,587,22,154,1
"2w_Wvfdhyxo",17,21824,189,5,5,1
"b13MSpoZ2G4",25,21818,16,27,11,1
"Xi4AsV6n0s4",17,21817,177,1,126,1
"LnB28NZ1fBY",24,21801,0,0,0,1
"XLqxX7mZYjk",22,21794,65,3,8,2
"6cGgmRUC4-8",22,21793,218,6,13,1
"au-wW8EgPhQ",10,21770,86,5,10,1
"trxyadTDeV0",24,21768,292,15,30,2
"83pCMDL6hUE",24,21750,111,5,46,1
"PhlCIZ1bKfI",22,21749,463,75,93,1
"_vXYt1zQLqA",23,21744,27,38,6,4
"HEGtKH3bUWY",26,21743,379,50,75,1
"8Fu1eD5ycTs",22,21737,0,0,18,1
"Wo5AhpzCb-I",20,21730,748,9,202,1
"YvdsFAoOm-Q",26,21726,641,35,158,1
"K6Raj_NKThM",22,21709,50,9,1,1
"TGm-rcVCOis",22,21707,76,3,8,1
"TUVm5gD-rO4",17,21706,274,18,12,1
"EmJifWr2dr4",24,21705,0,0,0,1
"x2QdS7yKivg",25,21701,249,18,56,1
"kYH1pX4HyAE",24,21683,141,8,20,1
"dZfKLhu-LzE",17,21671,118,17,13,2
"MBBSa8KU2-Q",28,21668,0,0,26,1
"UsPkr67uEWM",22,21662,59,36,6,1
"4Xxvd0JAK74",22,21657,821,2,29,1
"zRlCXaDBNpY",24,21657,48,29,3,1
"3IWpqku8czA",22,21656,303,7,15,1
"_Is8HXoc6RI",24,21647,22,18,33,1
"9fUoaIsKw_o",22,21634,8,14,0,1
"dCp2SLyyUd4",25,21634,48,8,8,1
"YDh1igb90Qc",15,21621,97,24,3,1
"NkxxQ-4m9DM",24,21619,728,53,89,2
"AYeOL5ESMhM",24,21615,30,9,0,2
"AhAYpFegkV0",1,21614,134,17,57,4
"gS51tYaZQRE",22,21612,49,10,0,1
"fRrqzeRgHGo",25,21612,303,8,60,1
"qrszA66V6SM",20,21584,0,0,0,2
"x_pfeL7IPQc",24,21581,66,1,0,1
"mVWJFNr6utY",26,21573,849,16,151,1
"hPWZfR1j2jA",22,21573,139,8,9,2
"A9364uCkcww",22,21568,86,3,14,1
"BtB6lro5LmU",24,21545,235,54,18,2
"niX34ZaS4wY",22,21525,0,0,0,2
"7en7TM1QHEk",24,21524,0,0,0,1
"mcJ5wsOFa1o",24,21522,144,47,124,1
"LPWlsUoYUkc",10,21511,1252,90,156,1
"1lifvozOc0c",25,21507,0,0,0,1
"Z7PJDRrPez4",25,21491,198,22,49,3
"kkzsbhsaRr0",15,21488,631,32,87,1
"8ktojH-i1Co",17,21485,266,6,25,1
"0DRGuDnJTyo",23,21481,20,41,4,1
"Mj_xxF2383c",22,21474,0,0,0,1
"UPk_xz7R2Vg",17,21464,282,9,115,1
"aS21oLwl670",24,21452,0,0,0,1
"t7GMgZpwZ_4",20,21439,321,20,238,1
"hEDHfJU17fQ",1,21407,85,18,14,1
"vUBq5g0wpss",23,21397,53,15,10,2
"2Nw45cWg7eE",10,21396,1739,11,162,1
"l80HTok9rCM",26,21396,293,33,75,2
"qQs7iZYZ__s",15,21393,1234,10,123,2
"tbNmjuV6c08",15,21381,606,7,48,2
"xPkqwdHBy3w",24,21374,0,0,0,1
"lJhFrUEDDJU",24,21365,765,64,92,2
"KujQ1u3zlSY",24,21363,0,0,0,1
"nbkTqvnxgx8",17,21359,111,16,42,1
"K4u_H9mo4lY",25,21356,78,18,3,2
"y__MU9xEDio",15,21351,1239,6,272,1
"XFzjRKDOv58",15,21344,1313,23,132,2
"H5gU-Kp_V5U",22,21339,354,43,124,1
"Df4Kf4jXQDQ",25,21308,319,13,36,1
"1E6nq3bzozU",24,21303,0,0,31,1
"-9Oe36bWNVE",24,21299,154,27,3,1
"Hx2A-T4ftvc",17,21293,103,2,41,1
"DO1eg8Cf0eg",22,21293,254,8,18,2
"BHB6RsNeHdU",1,21287,353,11,22,1
"FGzVJKjLUrc",22,21278,21,3,22,1
"0KBp9AWAzsQ",2,21256,75,19,11,3
"5CRAQ5DCJ40",24,21219,340,10,0,3
"XTWmWVFmwAQ",24,21219,296,23,5,1
"ceZhHFrQNrI",24,21219,23,16,4,1
"qLAYuXiia5U",24,21218,232,43,0,2
"zI-CFFHvgxI",1,21216,788,51,76,2
"vIItTgus0YQ",24,21204,80,57,10,2
"il2o4W8k1L4",20,21189,852,12,452,1
"w2S1HkJMMn8",15,21182,1355,8,134,1
"bUEgzEw7OMg",26,21182,110,24,29,1
"c7HTdnf8Yyw",15,21160,189,6,21,1
"nXiIK3J-N0w",26,21154,666,23,102,1
"vBf6YT3v88w",24,21153,17,77,32,2
"Fvb9IIUmVk0",17,21142,251,19,39,1
"DUj0oGBL0e0",22,21132,0,0,87,1
"kWPlKVOCKzw",10,21118,1422,4,58,1
"0s1CHeK-m04",1,21115,357,2,23,1
"TD4QWYloMK8",22,21100,0,0,7,1
"MlcYSakr3H0",15,21098,590,14,60,2
"s-jmHcYT2no",22,21093,147,7,7,2
"amNwb8rGxSU",15,21092,167,13,8,1
"GnsZ8ZCwzOk",20,21086,65,37,16,1
"z0NTKZLpBEc",24,21078,26,52,8,1
"4VgnYlsjTaQ",24,21077,1198,18,113,1
"sk_K39qfxGM",15,21075,1290,19,143,1
"ERhtcaiIGGk",26,21069,560,437,215,1
"GcvPKz17H3k",22,21044,1124,15,90,2
"3bgA8GYJKeA",22,21040,59,13,4,1
"Dri3AlKQfr4",22,21026,1538,4,29,1
"_k4WYKx6M40",24,21020,74,97,37,2
"j3qtJChlH08",25,20998,340,13,12,1
"MIaDxo9nGuE",22,20988,48,20,2,1
"ChJ_TNFdQWY",24,20951,0,0,0,1
"TVJGxEI8GVg",22,20947,82,9,9,1
"Oo-6pADFm1o",15,20927,1027,8,84,1
"nJM-jUK8I1I",15,20925,201,12,10,1
"gNZNdc5UbTE",10,20919,1414,6,142,1
"aDDXbSNaJC8",24,20914,180,9,0,1
"5TAL-Gjd394",26,20904,406,21,45,1
"tI5ui8LDkKg",24,20903,1685,2,331,1
"IA9Ggk45xiY",1,20902,703,40,38,1
"dzQp26y4ua8",28,20886,172,28,8,1
"T-XT9NsqBAA",22,20876,2632,6,249,2
"aWo-ohozcso",1,20875,15,38,6,1
"guMc40oo7nA",25,20873,246,10,24,2
"tOJeq7RRasc",10,20864,1011,13,97,1
"v45ogF5_b4A",17,20862,0,0,0,1
"VdBc77AtV9c",20,20861,824,17,115,1
"j0eJHFTXGgc",15,20847,768,16,170,2
"CPxy4p0P0No",22,20823,153,13,66,1
"wF3-nitRSXY",17,20818,248,8,102,1
"0_re3vH8-as",24,20817,91,19,58,1
"_RwWPGMz4c4",22,20814,268,45,42,2
"66AOehPXvsI",10,20805,1049,15,34,1
"zLq2nvDplGo",22,20803,105,48,8,2
"Pqp9_8K_O-c",22,20800,0,0,0,1
"t9FhDH9MvTU",22,20797,33,1,2,2
"GVbQYePAzO0",22,20792,160,26,12,1
"4kKON4k4Un0",24,20788,547,7,133,1
"7bh3PyTfpWA",22,20747,278,10,13,1
"1bSIJfg_wGE",24,20691,236,227,90,2
"KrtHJLzYKxg",24,20688,169,21,32,2
"3Y9kCQpTQ9k",22,20669,61,13,11,2
"lFG2yPvguI4",24,20669,41,12,21,1
"kt3fXILWlhw",15,20666,86,20,1,1
"hYPgkjtKCQg",15,20641,947,9,121,1
"u_zQOXRQF7c",22,20640,0,0,93,1
"RhcDeqCowbs",15,20630,171,21,16,1
"sqMbcxEWPPk",25,20592,48,45,17,1
"gtnBtffdHWE",24,20589,0,0,11,1
"kU696_-wijo",24,20569,0,0,0,1
"11qFbEEdtHc",22,20538,0,0,149,1
"IVUa3RebYUA",22,20527,212,241,119,1
"1yTn261tefA",22,20526,1132,15,151,1
"_4z92WRIhzU",25,20517,109,25,7,2
"O99Qtjq1Zrc",24,20517,0,0,0,4
"MIAYE0ExjSM",10,20511,1122,25,155,1
"O9e2zOxOt0Q",22,20509,107,18,36,1
"439gliCwMgY",22,20506,168,4,1,1
"K0yZqHJLTJA",15,20498,1010,7,267,2
"gXxusiP-kBI",24,20493,77,4,0,2
"_KxDbM-JbPk",15,20488,463,20,149,1
"Y1VKfq3nxBg",24,20482,0,0,0,1
"QkzQCqFFNpA",15,20481,1376,10,127,1
"zpIGxX3wYYY",24,20480,276,20,13,1
"M1SO1zvkPYI",20,20472,119,19,0,1
"zciHcb38PnA",24,20471,687,7,118,1
"53zFtSyAMv0",24,20458,167,7,0,1
"2oOPlAnbUtQ",1,20456,1100,9,150,2
"i4jPYh0OjPM",26,20447,610,11,19,1
"r3gb3O0WFXo",22,20444,403,6,261,1
"l-VmR2N0E3k",20,20437,205,29,3,2
"8VPmUlGKLiM",10,20433,495,11,28,2
"XcitnhS7-sg",22,20412,314,9,25,2
"Y1L09ZgzpKY",22,20403,110,3,36,1
"hZRwqhufrPk",24,20402,0,0,0,1
"cxXOBWJIF5Q",15,20396,178,14,8,1
"0EUZ-PYHXE4",17,20391,206,51,9,1
"OVc8lpyAilw",26,20383,548,267,51,2
"1GeQWmDUUr8",22,20374,0,0,0,1
"eEedn6XtvOQ",15,20371,855,13,95,1
"0N0YqLUjFqo",24,20363,58,25,16,2
"hbApBeGesi0",22,20353,410,32,117,1
"xq_vZwgdRUA",26,20344,696,15,122,1
"Cy1e_SoGjIk",15,20343,861,9,168,1
"N6GtumFEJyQ",10,20339,1379,22,0,1
"iJzrYChU0HU",15,20323,849,19,114,1
"rEH441OQYR8",22,20315,29,7,1,2
"RpedwG6FV6k",15,20312,117,8,2,1
"LUDFDgzWkvY",24,20289,389,16,124,1
"4eYBLGRInek",22,20287,52,16,19,2
"ulRtKU_8TUI",17,20282,266,15,43,1
"6uzOoEqLLhU",24,20282,272,3,12,1
"i-t9kW8mECE",20,20278,231,37,22,4
"elcFSSDQ1-A",24,20242,0,0,98,4
"s108HZxk6YI",24,20240,126,11,21,1
"Lz9F-12fldA",24,20238,636,16,92,1
"lIllYI4CQWw",15,20224,172,12,2,1
"fPdPcHW22PI",10,20203,202,16,15,1
"U86rstJ05go",25,20194,219,16,26,1
"6DLjvAIIrmI",22,20193,0,0,18,1
"UaloOUdC6H0",24,20189,395,6,107,1
"MgJF2PStqdk",15,20179,153,8,17,1
"wybfiww0k3Q",26,20170,502,344,81,2
"IZXd-nYgvSw",15,20163,985,19,103,2
"EVQ3pFe42pw",24,20155,1178,3,54,1
"l0jImGsLLXI",24,20147,266,14,47,3
"kMSsowUH21E",22,20144,66,5,5,1
"icq4NYBAAGo",22,20144,450,34,45,3
"WjCbbDmoDf4",17,20141,148,4,65,1
"LbVrleqPgnI",22,20137,534,38,33,1
"4ZrZVegBoKw",17,20136,209,16,35,2
"L0PnTULbli0",22,20121,0,0,17,1
"S3VCwmExAx0",17,20117,270,18,37,1
"QMoiLyF0jn0",15,20114,251,41,25,2
"l98SknwquUY",22,20113,418,22,101,1
"2UAAcHAJjJo",22,20110,33,246,82,1
"uz8TiCVlDzI",1,20094,84,2,30,1
"oZPomTqsAFk",22,20093,34,5,10,1
"2Sv8_ZdDr1I",22,20083,619,3,20,1
"EWHCuXI0XQk",20,20081,467,11,320,1
"viUBEvJ99EY",10,20078,0,0,0,1
"5sTA1C3YpgM",24,20074,39,12,25,1
"Hi7TibrhfL0",24,20067,137,4,7,1
"bM9m4trfTyc",22,20066,91,5,2,1
"O92CzdPCO_8",1,20044,273,61,11,1
"TyedDwFR2z4",22,20031,0,0,0,1
"7FNycMVve4Y",20,20029,585,11,15,1
"FbMfWRisf7Y",17,20022,220,11,67,1
"YeE-A-XqR2M",24,20020,248,4,2,1
"wPziVMQPVW8",22,20019,31,7,3,1
"VUlGqZLuYeg",26,20009,530,304,62,1
"Srk4_84pkbc",20,20007,619,12,169,1
"9CLd-BoG3mY",10,20003,0,0,0,2
"Yr6wc2fAVxM",1,19992,556,23,129,2
"zDemFqukogU",17,19991,149,6,17,2
"untof7sl8Vc",24,19983,1877,13,0,1
"Hen4y2Pes8w",1,19954,127,40,18,2
"_GzsrdHawAQ",22,19941,33,43,6,1
"k9GBXljO9Hs",22,19938,57,12,2,1
"kpksZOPM-oc",24,19936,216,63,49,4
"bwpKM87sYTM",10,19933,342,8,32,1
"yqYMh1xdF94",25,19896,61,14,1,2
"R_9ypwvCjng",10,19894,155,2,27,1
"XK_RDue06V0",15,19882,881,13,78,2
"0S6dzygoxXc",24,19874,14,17,0,1
"iQRRlVt8rAI",26,19869,726,12,145,2
"b0MZoCAjAvs",20,19860,97,9,295,1
"JkpEpWVWuD4",15,19854,108,10,4,1
"tXtA7dTJjHw",22,19840,47,28,5,2
"zL3e0xVtfrg",22,19829,594,1,27,1
"IylyZp9DrTI",15,19825,808,13,82,1
"TcT-P1NjoIQ",20,19818,238,23,85,2
"VA5xQH-jyEc",25,19800,50,22,4,1
"5WGUYFcn9LA",24,19770,0,0,0,1
"e0x_TgY_-XQ",22,19758,0,0,0,1
"jOYUyj5e8bQ",24,19755,401,5,70,1
"l8CjUrbvFzk",24,19712,28,22,6,1
"6L3F_seIWQU",10,19703,681,55,141,1
"RiApXaJvcy0",24,19699,48,48,8,1
"3eRyRoPwq0I",22,19694,45,23,4,1
"KOq1K8pw0Ac",26,19688,553,17,157,1
"B6oyQvyvUf8",22,19688,188,18,37,1
"qNuzLa3pgfE",19,19684,159,18,9,1
"4A9yxDAzna0",1,19655,171,7,10,1
"h8NqVuP-WSk",24,19655,75,112,166,2
"AbDzr11A5Tc",22,19652,57,21,6,1
"BXEypwdAQlo",24,19651,831,4,78,1
"w661Qn0Q8L4",17,19644,0,0,0,1
"qciiKxEgBhk",15,19626,892,5,157,1
"nDw9ntyxeB0",26,19619,790,18,123,1
"YpYdBF1kWk4",25,19617,294,13,37,1
"tHnLyOfJIyY",24,19617,44,51,8,2
"rXScoCDBKl8",25,19603,0,0,0,1
"xOjcOvPUe9Q",24,19591,1217,14,53,1
"Dd72pW9UnI4",10,19582,305,13,18,1
"JgZaKw_S0g8",25,19578,215,6,36,1
"s6FOMTKUnnw",23,19557,1162,10,248,1
"pmb1AFIDTlM",26,19555,876,15,122,2
"2xN0GMnJqgQ",15,19552,683,48,655,1
"2RvOuq6UW00",23,19547,328,5,153,2
"lBsUvfTqHhk",24,19546,73,6,12,1
"QvmDl12ezSc",22,19541,378,30,79,1
"VwJkX16PUUU",17,19538,0,0,189,2
"ijlw017_dQw",22,19536,80,5,20,1
"Sc5KYfGZpXo",10,19531,410,12,20,2
"i4nJ4iRvYz8",1,19531,26,0,0,2
"ibjtAEoG81E",24,19516,782,53,194,2
"GK-qwAd7Sus",1,19515,100,2,9,1
"2roGePXkeaY",15,19511,1068,14,139,1
"BQ0jpjS3DQA",24,19509,126,28,13,1
"grVMTuDDkIg",24,19509,134,193,0,2
"d5qW8nntoIw",26,19502,320,32,14,1
"rBQl1ZAGdo0",15,19497,444,11,38,2
"ihfTW6DxezI",15,19460,525,12,70,1
"FZbLOvQx9kI",1,19460,946,7,213,2
"69oR-vCNikw",15,19457,141,14,15,1
"7q_ufeGdqe4",1,19456,81,4,11,1
"pe149PAumHk",10,19448,1005,9,83,1
"estIViVkplw",1,19426,531,11,111,1
"VCe7a3nSgVc",10,19400,1618,15,163,1
"xPSdpNsmOkM",22,19397,57,31,7,2
"_ExaNn5CB08",22,19392,450,36,65,1
"BAfy4aUNDxs",24,19390,1923,16,57,2
"arB4Kj2tETI",22,19386,731,15,118,2
"PTgFjAphqig",24,19376,48,21,9,2
"PRb6X6z_T6M",28,19373,0,0,3,1
"SELKA0OzvMo",24,19363,620,8,0,2
"YZQ-YAhb980",15,19355,307,16,17,1
"ABFqfKVeb9Y",24,19352,1819,11,0,1
"z3FIgaIk0JI",23,19347,528,16,30,2
"RZEdhe7eL0w",22,19346,156,20,4,1
"Pkl4thR6WYg",23,19328,178,1,9,1
"1phI-Ts_mUk",15,19326,1056,16,123,1
"8BQQi8RoR1k",26,19323,678,15,105,1
"9-GAQDwGUQE",24,19319,186,3,8,1
"guGsj9PTkCw",24,19318,65,45,6,1
"8aP_yglTjt4",22,19304,358,30,24,2
"WVRU8k9yNw0",25,19295,75,21,13,2
"KE_lPZga_Ws",24,19292,1002,11,234,2
"b-ns8xfYoEM",26,19290,814,14,152,1
"nrpJ4aj8MIA",24,19257,402,27,93,1
"AWL_hP4V8QM",24,19229,281,47,50,1
"EHDgmGBO4-A",26,19229,577,9,131,1
"fYkQnCYNUCk",22,19218,112,6,9,1
"exunfakD_pM",24,19211,674,10,39,1
"2WYWNrsmtHM",17,19199,150,11,0,1
"olAwCtQzE-k",15,19192,800,11,148,2
"BZ8RlTpdVEw",22,19191,81,13,107,1
"JfRBMfjGL5Y",24,19191,1623,42,504,1
"27sTpXw0In4",17,19185,297,8,117,1
"O5sl83RvgMA",2,19179,425,0,52,2
"ZxjMt-nLHa0",25,19177,32,18,17,2
"If_Ybt0QSFE",17,19174,327,11,8,2
"hcSE1DfE3i0",22,19155,129,8,5,1
"zQCyDN_BOys",24,19140,65,37,9,1
"nFykbVohE8o",24,19132,553,13,65,1
"oKXWzoawdFE",24,19128,179,17,18,1
"9zcYr_Q0zWA",24,19127,519,3,34,1
"fFntISBJVJo",20,19112,466,17,169,2
"rXSQlvTANzE",1,19109,299,2,18,1
"8-9vcR16E44",24,19095,56,16,2,1
"nERM37h21B8",25,19090,80,8,2,1
"JzGAqzWp0N4",24,19083,511,18,27,3
"J4U5ARo-fZ4",25,19066,0,0,0,1
"KZ6hYNUngME",24,19046,22,14,0,1
"zGGGsvZn4qI",26,19045,680,9,143,1
"reYMMSWL1zA",24,19035,389,19,26,1
"_4AnwiXVROE",26,19032,866,451,121,1
"AbULNk0Rmew",24,19023,66,3,8,1
"vnmPoGlRXpI",17,19017,164,9,68,1
"x91PGies0Vg",26,19008,646,12,103,1
"GcYdVf3Vchs",15,19005,221,20,29,2
"WrxxFrHg3wY",15,18983,430,7,109,1
"1axVdmQQmwg",10,18978,887,5,98,1
"5SbcFbOo6Vc",22,18977,879,14,35,1
"gbIk-BQyheI",15,18973,1187,14,265,1
"yXtYVLKPHFg",26,18967,924,15,110,2
"quPCrkr9b4o",25,18957,187,3,0,1
"x1DYwOWD6pA",20,18954,121,22,0,1
"A0psEp04qxo",22,18947,610,4,36,2
"6B3kzPxhZ8c",20,18945,0,0,0,2
"8VuX2daCvb8",26,18924,687,11,113,1
"Y60lZ3EUJns",10,18923,1546,18,292,1
"lvBSoLGeHfI",22,18921,84,10,0,1
"m95_0zU8TFk",24,18920,549,20,107,1
"-9Vg5xlrq1c",22,18907,249,7,6,2
"XlXtSZNFkaY",17,18899,167,3,56,1
"TUQqrk43w5s",17,18880,56,10,2,1
"vHYnjE2fQcE",27,18865,987,35,73,2
"q73NrOcFhD4",10,18865,978,1,78,1
"fHUTpR3aBeY",24,18864,2019,16,372,2
"576QYPt56R8",22,18847,30,10,6,1
"XfgoEcS7IqU",22,18845,863,4,201,1
"y6n5aDyhWOs",17,18844,21,4,0,1
"HAspm9Rz1zE",25,18833,256,14,7,2
"77MttScTNZg",17,18832,89,14,0,1
"4XMSvI77b60",25,18831,28,99,9,2
"6OcVhWT8Qoo",26,18821,578,12,102,1
"huUFdsOoKbI",17,18820,97,9,12,1
"P5LiiENKqTE",24,18811,271,4,8,1
"rTD2-RshTYg",22,18805,377,14,41,3
"soVkXqCTLPQ",15,18789,282,12,58,1
"eAi8KzWZu_Q",24,18778,73,15,9,1
"AwEkUjOwJnA",25,18778,40,33,9,1
"P45xRgrlwmo",26,18770,690,13,167,1
"GBB6O54Ea7g",24,18758,302,75,60,1
"3Ry9_CHeGnE",15,18753,0,0,0,2
"zNsfBMzSMQ8",24,18753,52,6,6,1
"trTcDDsrNeQ",15,18744,580,6,55,1
"Lji3wgAtFWo",17,18727,39,3,25,1
"IPNEKYbkV4M",22,18719,92,3,10,1
"Pqx7Z6FnpVs",24,18713,89,10,4,2
"z8CaWMi8YA4",15,18711,762,8,80,1
"Va48x9t7wx8",17,18693,137,8,5,1
"x8Ywv45dUsI",24,18682,955,5,130,1
"wBXMBWffef8",22,18671,818,40,88,1
"_xM7vmpolm4",1,18660,31,15,4,1
"GjGzCFtO5BI",26,18658,373,30,37,1
"KBRH0E6fd2g",1,18650,168,5,14,1
"SzmC-5uuxek",1,18635,324,9,28,2
"qv_mTuLL2-w",25,18625,18,119,0,1
"cgxJ_0uooug",26,18624,857,15,132,2
"fZhZvtpll-Q",24,18623,46,64,13,1
"jvcjT39WoyE",24,18604,628,57,67,1
"Q-n-m5cDMvY",22,18599,91,14,9,1
"AN6nwEFEekQ",1,18562,0,0,0,1
"4w4eLzokGug",27,18558,451,50,432,1
"JB21TibbwRE",10,18556,482,15,21,1
"fRcL3OxIRt4",24,18551,53,58,15,1
"9U-CRsPd4ME",24,18541,2168,16,51,1
"6qgISyIzY-c",22,18538,110,11,7,1
"mlM2e4T2Nnk",22,18526,42,28,20,1
"dbhPE9Ura0k",22,18521,18,9,3,1
"InFrAFn4co0",17,18514,27,2,25,1
"PtSpqauqXgU",24,18494,59,23,3,2
"6eSjxyDles8",22,18475,54,82,4,2
"Aig5mSnaRbE",22,18466,250,9,3,1
"7JPVuoE_X6Q",24,18459,516,16,90,1
"TfWJ3w9XTdg",26,18447,634,14,69,1
"3SyLEgjJu6M",25,18445,173,18,27,1
"Qm5BEqBqLXo",15,18442,938,13,75,1
"a_nw6wsBdjE",22,18435,37,64,7,1
"zcsd803subw",22,18419,0,0,77,1
"oWxN_S8ANGY",24,18407,0,0,0,2
"VoL4suTBUuo",1,18406,631,6,77,1
"iZ1zq4qM86I",22,18383,92,16,23,1
"emCj-FHFG4M",26,18381,639,15,112,1
"8mymTogtijY",24,18379,32,28,2,1
"Bik18JNP3NQ",24,18379,53,19,11,1
"f3l6zAnSQAM",25,18360,283,25,71,2
"-9u0s0_Esd0",25,18351,30,12,20,1
"aNSsHBajyF4",15,18347,807,21,77,1
"hQLa248kPCA",24,18346,1548,6,138,1
"yQ-a5CCXOZ0",1,18329,207,0,16,2
"2SzWJ0VmsbQ",26,18326,530,265,80,2
"RS_tTtDTwQs",26,18325,682,14,81,1
"1Qy5dDf4PH8",26,18312,561,360,162,1
"58YKbW8sYOQ",24,18297,0,0,0,1
"6RoGvGCP0BE",22,18291,142,15,104,1
"R55niV_dNTk",22,18290,355,34,160,1
"zDDz17ATQx0",26,18288,566,22,121,1
"gxCvfsoP3SI",10,18286,396,2,39,1
"ZSzBl3trVpc",1,18271,65,6,33,2
"xG70aBE6FaM",17,18265,79,8,40,1
"F7PsBGGmEE4",25,18262,675,17,97,2
"QEZzC4TLu-Y",22,18254,258,5,104,1
"Waf_aNfaW00",10,18253,623,8,50,1
"ydOHSMn1x14",24,18246,354,21,60,1
"0sylFwoQ_A4",1,18244,110,4,13,1
"MAfW0aWrpSM",15,18236,183,9,1,1
"jmSyl9Ghegg",17,18231,276,16,17,1
"fhaEoZfWAuw",22,18219,449,5,22,1
"mkkUUh0jd5Y",15,18216,880,12,153,1
"EOP2fCFRCbE",26,18195,623,15,120,1
"Vzj9617CLz8",22,18177,1115,2,47,1
"9IYzXgfdygA",15,18167,812,3,76,1
"IGC4iTaxZvk",15,18161,1320,3,161,1
"4Nw-fl1q09Q",24,18148,43,9,4,1
"fv5VHWsuRm8",26,18143,564,25,129,1
"5h2stiw2C_g",15,18142,896,9,157,2
"iNYWm0jBxY8",24,18126,50,18,12,2
"7_lMusbJiKQ",24,18126,18,9,0,1
"ccuXzHtPOGs",24,18121,109,2,6,1
"GW_38ldH48Y",15,18112,163,9,14,1
"DGrX8QA62vk",15,18109,133,13,7,1
"tYi78TGobdo",24,18104,309,214,76,2
"BkKElNxHWu0",17,18102,171,26,13,1
"3NVaBchfi5M",22,18101,0,0,0,1
"HeWXVrwWYn4",24,18086,187,7,17,1
"l-ILd_3x0JY",15,18054,97,14,2,1
"Xzq9bm0GSws",24,18034,0,0,0,3
"iP3symHIsUs",24,18025,56,7,46,4
"Ng32iq6pfes",25,18010,236,9,39,2
"MIUkd24ajMg",24,18008,0,0,0,2
"SPw1ZGEWFJE",1,18008,78,21,14,1
"GIILcNJO-3E",22,17992,201,36,74,1
"DEOP6ltO0f4",17,17992,92,4,4,1
"YXfTZN27wzM",15,17991,681,6,132,1
"QM2FugjLmWE",22,17991,87,5,1,2
"MknkZ22-ulg",17,17982,206,11,0,1
"iOhgmTNMJZY",17,17982,408,4,115,1
"iEmSuKvw9AI",17,17975,56,8,8,1
"jrNXE6da-f8",24,17975,221,7,72,1
"jk5G10jMg-w",15,17975,563,7,45,1
"CfoJn2E2ezk",1,17974,370,0,58,1
"Bj2Hx8NJqTE",17,17972,50,5,18,1
"jsMQBReVY7o",26,17967,176,26,12,1
"w-NSaCMZGHs",10,17966,1348,33,230,2
"rijnU63fvLI",1,17963,142,9,35,1
"5cf2WRgsFqY",22,17959,684,93,208,1
"EO_J-R-RD5g",22,17959,68,17,17,1
"0PMDSEnb1y8",22,17958,498,17,5,1
"vqeoKb67K3o",25,17948,69,29,7,1
"DZRZHgs_Few",1,17940,46,3,0,1
"XJ_JugKreGU",24,17938,470,7,0,1
"NzjEhKM6tKI",25,17934,240,32,46,1
"BBQo69fEAsc",17,17932,36,1,24,1
"OhUTi-7ZvSE",24,17926,424,20,349,1
"FG25Me34AUg",2,17923,33,4,11,1
"lEFd6zPKPWE",24,17903,288,7,0,1
"nTqrwEcYdmY",24,17889,44,6,11,1
"zWgXLP2N34Q",20,17887,310,14,205,1
"o-Nu_-BN5ec",22,17884,100,10,14,1
"g67UjWCpcZE",20,17873,63,28,7,2
"VBncu5g5N7k",25,17866,301,42,28,1
"h-xyjf32nRM",22,17866,802,1,46,2
"hjROAXgvUEc",1,17853,114,6,18,1
"bBXJdgbTkS4",24,17850,40,9,2,1
"B-3qDRHazk0",22,17845,443,10,3,1
"BI5GyBzL4k0",22,17832,297,34,152,1
"UIIXUXaSq-k",24,17829,135,24,67,1
"X0qBgyiR6aA",24,17828,0,0,0,1
"TubwRDSlH98",15,17817,134,18,10,1
"in117OHRBXg",24,17815,215,60,47,1
"qxpFekVs0Ng",27,17799,60,2,14,1
"ja_8YVctf8A",17,17790,46,28,0,2
"_WgzDGuvNLA",24,17789,430,5,53,2
"Yn_rFVmqZsA",1,17782,62,5,18,1
"u5fgLLDNoZo",17,17782,18,9,3,3
"xxjrXyVltdk",22,17776,0,0,125,2
"1AIUZcT1cZY",25,17774,203,14,28,1
"GfmexgH7N9E",22,17769,349,14,24,2
"Y6xKIVhT-Jo",22,17769,65,26,42,1
"1xPoBMW0e1w",22,17747,161,1,21,1
"w_Qq6ouCFHQ",24,17745,378,4,36,1
"2EQTwPb-UeQ",22,17738,351,38,142,1
"uR70MWXUykM",22,17733,412,13,18,1
"ML2SegtOfJw",15,17726,975,7,116,2
"4pCdrhwwpt0",24,17716,1338,8,31,1
"QBKwmQ7NX2w",15,17707,582,11,53,1
"IrE6PO5CxJU",26,17701,814,11,144,2
"Ia9BBQ8enh4",22,17680,288,42,81,1
"YpmMI4mD2W0",15,17677,191,15,3,1
"iRx66ApmyO0",17,17659,161,27,24,1
"9ehR5YzfYeU",22,17648,285,9,42,1
"YjKhdWeB4l8",22,17632,42,0,4,1
"WrEBduzKA80",22,17630,360,6,6,1
"Vl3hkfvE__E",15,17619,486,13,42,2
"WuCZdBfPhPc",22,17618,0,0,6,1
"sI1X4LGbauk",24,17611,168,20,4,1
"8UjK6np6DSY",26,17603,639,11,72,1
"ySbafVBFeZs",24,17600,210,13,8,2
"sTqu7cZLc10",24,17594,66,24,17,1
"mHrm71sdkRU",15,17590,104,7,5,1
"SYrp8xd4T5I",10,17581,636,12,46,2
"_H-pgD1R8Cs",24,17578,370,0,29,1
"c7OmtLIy4p4",22,17574,1254,5,124,1
"9-k8MFCeul4",17,17564,414,27,14,1
"a7bRjzFX6RY",25,17548,17,88,1,1
"tSeACuflRBU",15,17544,418,14,38,2
"nvoT9Ur6GAg",22,17540,0,0,94,1
"nbQtlVqm0bc",24,17534,583,27,116,1
"DTuaH3EZI7Y",1,17534,173,2,4,1
"YUZDmT7J7z4",25,17521,75,9,23,1
"n4Bh18PfToM",1,17521,45,9,26,1
"VulzKe1D2m0",1,17509,174,3,7,1
"YKRHRfmSMGE",26,17500,652,8,136,1
"3pJ8sFRs13I",17,17498,257,7,74,1
"ADZvfMG43l4",15,17494,122,9,3,1
"1zO5G5b7wY4",24,17489,23,14,0,2
"T0qTJMCTbRg",23,17483,73,4,3,1
"WnyPX-qTkO4",22,17481,374,7,25,1
"6CnD5KDOWCY",15,17479,73,16,0,1
"6cN1v1ABKfU",22,17478,270,1,8,2
"aTE3_Ki1EfI",15,17476,170,9,6,1
"6hkWy2lu26c",22,17464,570,8,59,1
"QACDDEzMfCw",25,17460,596,26,104,1
"GEv8U3tI6Mk",24,17459,50,6,0,1
"KdgI-9D3Ogk",17,17454,202,0,12,1
"WUktut6TnZA",24,17453,131,48,23,1
"xgeGq5cVuco",26,17440,411,15,67,1
"wQtcp2r8U9Q",25,17433,57,13,15,1
"Ul9IcS3bddk",24,17426,1129,11,88,2
"v6yq4hfHX-I",15,17425,320,6,18,2
"Kj4OkkxIRBw",22,17424,432,2,32,1
"cbhv0JIPZz4",25,17411,276,13,7,2
"KTW_LxKPLVU",20,17409,88,26,0,1
"2DUi0bxbKNE",22,17394,0,0,41,1
"ARswVL-2nzI",24,17390,589,15,40,1
"cqtlYETp0K4",24,17385,47,3,7,1
"Qi2dJjv6QiU",22,17382,676,3,91,1
"AVTX9Y0PLcg",26,17380,635,11,101,1
"saywMjZ8pTg",17,17375,43,2,2,1
"MCH-Rm8aHRQ",15,17361,786,26,130,1
"bFqsN2h3aqo",22,17348,50,31,5,2
"MfuIakiPqug",15,17324,303,14,50,1
"XcgYQqUngFI",24,17313,67,6,10,1
"1l9vtHEue6s",24,17313,59,21,11,1
"0B5VFC2Fa8E",17,17312,263,3,17,1
"YQbadq2yaWw",22,17312,412,73,98,2
"BCeLXuf-y68",22,17306,69,12,5,1
"UpJLDdhg38E",24,17291,46,35,16,1
"jx5_VlO7Msw",25,17289,127,21,41,2
"8iABKfJjz4k",24,17280,65,18,7,1
"mgp7o4hb3_g",22,17276,414,45,36,1
"Frw0gA_FTPI",15,17267,838,6,103,1
"LaSy2Qbd_1A",22,17263,701,45,117,1
"sKLbrEIJtYc",15,17255,239,11,19,1
"3Hnj-IwchVs",22,17254,60,12,8,1
"u1RhqENgSt0",17,17242,282,17,28,1
"YdGVl1-WEgg",24,17237,369,29,93,1
"YK4m8kCJX-M",22,17235,410,5,104,1
"ElWtvmMrT2M",22,17232,199,57,68,1
"hx6Cz58e2sg",25,17230,141,7,5,1
"sY7pt4ShJok",15,17228,131,11,5,1
"4fEjebSHumU",10,17221,70,10,12,2
"TO0EXAip4gY",22,17215,236,3,17,1
"ryofH6TFyhU",24,17208,52,3,20,1
"rkiIiJjqjbI",15,17208,803,4,68,1
"t8qM5N6Ipn0",22,17206,31,5,31,1
"J3GgqYKfs-c",22,17205,26,5,6,2
"kZ2PIFKJwA0",1,17198,907,30,50,1
"YA9j0-xZkYw",10,17182,611,5,48,1
"ss6VZbDJqBQ",17,17174,76,6,27,2
"V-Ocqn6itNQ",1,17161,244,6,289,2
"CqjWC1dkxCA",22,17147,64,14,34,1
"A-fON6BxDb0",22,17143,79,9,14,2
"YMrDSkXUKkQ",26,17138,704,11,168,2
"pXlFGjrq2fo",15,17135,851,9,69,1
"5RkTHclIKiQ",10,17134,359,21,23,3
"hRetoj3rc48",1,17134,972,5,94,1
"Gc2L0osbbMU",1,17131,149,20,28,1
"O5FUy4t9W7A",25,17119,69,9,6,2
"8HKNDhqSTkQ",17,17116,435,11,78,1
"ZF2rLKQYYAU",24,17115,177,28,17,1
"3Qx7s7uEEws",25,17113,81,21,28,2
"JOhg0amWD4Y",24,17101,441,15,67,1
"0KkfDaYGTdw",22,17099,84,40,15,2
"rLD65A_1AUA",26,17094,536,22,55,1
"bWuo4SJH61s",24,17092,56,17,18,1
"C0049v4kwYA",24,17086,263,172,85,1
"vserQxs4gBU",15,17079,567,21,159,1
"cSch6tDB1po",26,17071,532,22,128,3
"rd7z_B5yHCU",26,17070,567,13,108,1
"OvyoHqkilIs",2,17057,0,0,2,1
"7aayqmsZjWM",24,17045,71,4,21,2
"OX-ZSnY6_tc",26,17043,251,30,8,1
"GsvIg83BWqA",10,17040,702,12,94,1
"Uds6Nin2bBw",22,17039,430,4,106,1
"CpZneE2cSSA",22,17018,299,31,82,1
"QZt7HGQ6S-o",10,17012,1191,4,75,1
"kXttQYo5uZo",22,17012,26,1,0,1
"ic4uXAcYA7c",15,17010,845,3,106,1
"1obsQwYcUZg",1,17005,220,18,11,2
"kiXegMv946s",26,17000,396,23,70,1
"UG5pawib9bk",24,16985,344,11,58,1
"nrG_vg5g70M",28,16981,0,0,17,1
"9dPlb0o7YFc",25,16976,149,13,18,1
"2NMsTUqzP8s",25,16971,296,30,51,1
"kX3mDV7kCxA",22,16959,251,2,21,2
"hfrRKgFRLUg",24,16949,89,53,15,1
"ypCJORZqnD8",23,16941,282,8,0,1
"Vm_WVzsGo-Y",15,16938,156,6,7,1
"Zvr2GefWxtg",15,16937,442,15,202,1
"MBo9uwqE8YA",24,16923,666,14,0,2
"7xbaVp9MYWc",24,16918,142,18,13,2
"HfyrusYr4i8",17,16905,49,12,21,1
"yqilS8Ulzhc",17,16901,389,14,33,1
"ziIfz8RH1w0",25,16901,35,9,0,1
"WwEQXnxesNA",26,16900,580,27,135,2
"WhZCRfaX90g",22,16899,52,3,5,1
"Mu7mLBtUVLM",25,16895,398,20,88,2
"aQgJjvF7Iag",25,16895,39,47,13,1
"rVSGh-JFm5Q",24,16889,0,0,39,1
"FzLmcu8fg5Q",24,16883,73,54,37,1
"H9iIXYtiicQ",24,16869,355,7,67,2
"VsY3zY6ToLk",24,16862,327,3,0,1
"eNGSD_L3Jng",22,16856,698,1,34,1
"kcD22dLt6xk",17,16853,203,11,30,1
"o3I-K1hdv80",17,16852,107,13,19,1
"nWRndL8h0Gk",22,16842,0,0,114,1
"Sj4X_fukTKs",22,16841,64,6,4,1
"MtyygXdX1cQ",22,16831,31,2,0,1
"EmCBer5SxuA",22,16826,54,6,18,1
"hi-txdu3ZW0",22,16803,322,3,56,1
"onYIo_BzWDw",24,16791,0,0,3,1
"c5iZqIrS1Ds",22,16777,242,12,72,1
"I1NUZaK0dFA",22,16772,47,3,0,1
"FzPutW9XROE",15,16771,587,15,72,2
"kNjOQCjB-Aw",17,16756,52,3,12,1
"kvLdhyMTWr0",24,16753,75,7,11,1
"rLzdiKiMS_w",1,16741,184,9,46,1
"LSAGTTerbp0",24,16741,69,20,5,1
"tQ42xtv7nt4",22,16740,61,6,126,2
"cLbEIK_GhjU",15,16738,980,12,116,2
"52rdUL2TzcI",25,16727,70,9,14,1
"G5HnBAWPjpo",28,16711,0,0,8,2
"KuT0db0uHic",22,16710,785,16,107,2
"KPEeg2QiCZ0",1,16710,218,10,8,1
"gOIMydTmutw",22,16704,1060,5,201,1
"ytyCxbFby2g",20,16698,265,7,131,2
"Os6AP9XwPA8",15,16683,1445,3,139,2
"zilnfSaj6Ao",17,16683,26,9,4,2
"rZHKH1cQw7I",24,16679,201,72,99,1
"ZfUao7HFJOc",22,16672,162,6,19,1
"daarf113Drc",1,16669,225,6,173,2
"zVS0ECAqJoU",25,16663,138,11,7,2
"yN1-qAznlEc",15,16659,96,9,0,1
"jzvZvMmFBUM",24,16649,1316,38,329,1
"iHdO3gl6jo8",22,16649,38,7,5,1
"zHtodmIM2s8",22,16648,119,4,4,2
"KNyXjgZ4ZEo",22,16642,15,5,0,1
"hWCwmf3o8oI",22,16637,59,13,16,1
"pQX9HyrmD-8",22,16631,508,8,58,1
"KzRag21q4x8",20,16629,15,16,10,1
"4t8pnFOj_fU",24,16623,704,5,21,1
"NhMi0KPNjLY",22,16620,213,46,5,1
"OzvOZssuKjQ",24,16605,432,5,0,2
"UsCaeR00m6A",10,16600,102,5,9,1
"zaVoC9vBkSY",17,16592,39,12,8,1
"mIzm7oZfZCU",26,16576,469,10,127,1
"bRP-wmdG-fA",10,16573,797,11,0,2
"3Bgx67h2OkY",15,16559,1212,15,138,1
"1_DrvL3MTdI",24,16541,550,7,20,1
"qVUcqvWPJls",22,16536,0,0,33,1
"I_0FFJeRI5s",17,16507,146,6,21,1
"bcC2A-5e1N4",22,16503,189,16,58,1
"F-REzFhUwM8",17,16499,59,27,81,1
"PG68AThNleY",22,16499,214,3,30,1
"oxh4Ol13mYM",24,16498,193,40,19,1
"V8D3yLo2LBk",22,16484,984,9,62,1
"OeLPZS5cjVs",25,16479,60,24,0,2
"OHbQ3t_w0Xk",26,16475,595,21,53,1
"kYUwMeCQ7sk",10,16473,276,74,32,2
"ZINze690mpc",22,16462,95,30,95,1
"yJxp_zWyqjk",20,16461,445,5,321,1
"p-3-Ru1FT4s",22,16441,58,14,29,1
"D3rEruka-iU",10,16435,590,9,31,2
"3qGanwtV9ng",15,16429,985,10,123,1
"_mm5xztQjTk",24,16414,29,17,1,2
"Fjwcz4l7FoU",24,16410,66,3,0,2
"0uQFWQhEJI8",24,16407,376,6,34,1
"GC_lI2CLn6c",22,16394,118,3,6,2
"oqPutbx_D9c",22,16393,0,0,0,1
"CD3P_OEP1sY",22,16376,136,10,5,1
"MzjkOgG4kyc",22,16375,0,0,15,2
"PeO_ietZrYE",1,16366,182,7,26,2
"lqLeLuNO7EY",1,16364,607,7,131,2
"ikwmNnCRi5c",25,16338,95,20,14,1
"mNqSetEhB2o",15,16333,0,0,0,1
"rK36kf1m0Sw",17,16328,350,7,13,1
"zw8KjASn4LA",22,16304,486,4,62,1
"r1nm--53NbA",22,16289,342,14,27,1
"a9RZs8Cssxw",15,16281,166,9,8,1
"L56TrR-ZvDs",25,16271,175,27,83,1
"KaCxurZ7-AE",24,16269,541,12,83,1
"qOBmq-AwaIY",15,16264,619,8,54,2
"A9RCYHFn5FA",25,16262,350,14,50,1
"hyglh5FHuPg",25,16261,319,36,53,1
"sWBAvwp5k9E",17,16260,0,0,0,1
"JVWcFxCDEjc",22,16253,170,10,5,1
"2vTL1mLGkgA",22,16251,72,0,12,1
"pyeMEYDww4E",1,16244,236,6,210,2
"ew96L0aSIiY",1,16241,131,8,15,2
"eHuFJEzDPuQ",22,16235,53,22,16,1
"tW-hNQBnEJk",26,16230,396,20,47,1
"lrHc2cUOEFE",24,16227,480,14,80,1
"hfRk09COeaM",24,16215,120,12,25,1
"of6Yh9R06Hw",25,16212,95,14,5,1
"Apzk2xWHOzA",22,16199,722,11,104,1
"cUWgQh-A8V4",24,16198,0,0,27,1
"WREC0YPwnxE",22,16194,64,4,33,1
"RBSsJDPTv84",22,16188,27,19,2,1
"B7Y3-JE8_zQ",1,16184,419,2,24,1
"Dbw6fdjwr3U",2,16184,66,43,35,1
"2RSbf1w7TEY",25,16183,229,22,122,2
"5rzd6oBkyWk",24,16180,115,184,0,2
"1gLjrOLY9fA",22,16168,0,0,35,1
"BiOyz4gdnJs",15,16167,1033,26,127,1
"1oDCUkUJQZI",26,16161,261,22,31,1
"K94ecD7R9gE",25,16157,346,14,57,1
"4oVlYc4ThIk",15,16141,231,9,16,1
"LQQfaNVI64A",22,16138,748,6,46,2
"BVMKTbnMO0Y",24,16134,135,7,8,1
"6jOQhXQWMKM",24,16129,1105,2,236,1
"ZitZD3q7IzI",15,16125,427,17,35,1
"Ffq8aSF0vOI",22,16125,21,10,5,1
"7D3jVe4OKgQ",22,16121,97,4,5,1
"C56taxNKTEA",24,16111,39,4,11,1
"FQLxPvSzay8",24,16108,28,25,5,1
"sTbdJopRbTY",22,16104,0,0,18,1
"Pj0HKDdXg7s",24,16102,193,72,35,1
"hXEaUwJj8MY",22,16102,255,8,40,1
"4_u64k8ymgY",25,16097,54,14,2,1
"FtfqARr9yOE",10,16095,200,17,26,1
"1fnayziyc_s",24,16085,425,31,35,3
"mX2etjYJnAU",24,16082,494,9,14,2
"_2ASuH1rp4s",22,16080,0,0,22,1
"rQjlZyMms34",25,16075,329,17,39,1
"WOgWCdpU4Wg",22,16073,184,6,12,2
"0bXuYZZ5328",10,16060,544,9,40,1
"6GQrY8GiapA",15,16058,425,11,44,1
"fb9-0IXuxIA",15,16057,730,5,166,1
"w2TSG2srNA8",25,16051,270,13,8,1
"J8zTscQh4NE",10,16051,606,14,28,2
"MkWL3AL-_RI",25,16051,34,18,9,2
"UbA2uZjB2U4",24,16047,2908,3,33,1
"aJa44-ra16Q",20,16044,0,0,0,2
"Om_QaIwGbso",22,16044,189,12,44,1
"jvn0aoWFgwU",15,16041,940,13,87,1
"VjTYgEthXYo",1,16032,0,0,0,2
"TwGCCZtJnu0",24,16027,238,0,8,1
"yJtRb1sLfu8",1,16016,0,0,3,1
"H2MC-bHbUvg",24,16009,7,13,1,1
"2I8ASUMCP0Y",23,16005,58,3,3,2
"SkfRzb8V0Q0",15,15999,291,9,27,1
"V_JIxqmXm8g",24,15982,408,13,77,1
"pg-HKHz8bOI",17,15973,22,109,49,2
"RJwY2BPAhS0",22,15970,0,0,30,1
"TkTo3UzRaNk",24,15967,1265,7,70,1
"sM5Fu0w6Q7E",25,15965,201,15,49,1
"2X0u4S1ySl4",22,15964,182,8,21,1
"SeSg4pJS0Tc",26,15964,531,13,55,2
"alV6XHkgEGw",15,15962,503,15,115,1
"uysy0_0Wvzs",24,15957,28,11,5,2
"0-fF6pNXtzg",22,15956,211,8,7,1
"klE0zc5_m20",22,15954,1256,27,61,1
"KsoebdxfWd4",1,15949,104,1,11,2
"VLcIR8tjonc",15,15940,1605,6,201,2
"XbSDiq4_KBs",24,15939,553,4,22,1
"UWoZUVHyVu8",10,15938,79,3,37,1
"A43487N5Jls",1,15925,184,0,0,2
"McZbJmHrcJY",1,15921,139,3,11,2
"MJCePYe45_Y",15,15921,391,8,95,1
"7vu7n6Z09uc",10,15918,526,58,49,2
"jRKG1iDYxKs",25,15915,25,34,33,1
"0-Oa6OoaBXo",25,15911,33,5,9,1
"5HG09VdgmME",15,15905,710,19,71,2
"O4aeC5gwsEI",22,15904,9,1,0,1
"4pygOmraCyo",22,15904,325,22,22,1
"nxqatfHf6po",15,15904,94,5,4,1
"YQj3xUvBeoY",22,15898,37,3,10,1
"rhKboFgmcpM",24,15888,105,7,13,1
"ryH2qGd_Yjg",25,15885,52,16,82,2
"I9tvdqHjsXo",24,15874,41,8,25,1
"ZASroulrsV4",24,15871,245,10,47,4
"dIN6rAVhVT8",24,15871,102,18,7,2
"uGUfVvs3Up0",15,15869,632,21,110,1
"YxPDZxz3V14",24,15869,376,21,70,1
"XXUW827-HP8",25,15866,140,22,23,2
"CiwkxjSHZek",24,15859,329,7,0,1
"RiXzm4KXDMM",24,15846,56,5,31,1
"tlVoloerkS0",24,15825,53,7,7,3
"E6CCca3SrOg",26,15822,696,14,75,2
"vO1jrCodB7Y",15,15810,1809,8,299,2
"kEpozdLdxi0",25,15803,70,7,31,1
"Wf3A6fhpdk8",22,15797,877,33,25,3
"NoFtbfwsvYg",17,15796,32,6,3,1
"3WWjSmFWGeA",24,15789,867,20,43,2
"TPljD5_gDhQ",26,15786,574,385,201,1
"J4C3kR7znnU",27,15781,87,14,2,1
"JEuGc8_5GW4",15,15776,851,13,103,1
"Dd242OA2_1I",24,15773,333,14,1,1
"OibofbmpBLk",24,15770,97,27,54,1
"nkDCt9XYQ0o",17,15761,83,2,64,1
"j5KIpSRJwmw",24,15741,0,0,4,1
"B7b6aOy2IIs",24,15737,474,16,48,1
"Pnvs-bzsFoQ",25,15729,0,0,67,1
"fE7mFPtw6vY",25,15727,107,14,3,1
"83bIpBmDV7E",15,15715,1228,12,117,1
"gdlnTZhbkpw",17,15690,222,18,29,1
"2DXxHDkS100",26,15688,323,16,20,2
"gQxkNXxVzt0",15,15686,62,8,1,1
"8b0bUQ-Zlbg",22,15682,28,6,3,2
"k2HY_UlrDwg",1,15656,25,2,4,1
"g1T9C8A5A9k",15,15655,108,3,4,1
"oZ3AtxjRucQ",22,15649,460,5,24,1
"A3Mc3DxItTc",22,15641,356,3,20,1
"GvNW1IGE1wg",24,15618,159,20,25,2
"ed3jUnPhuaU",10,15608,0,0,0,2
"6EgLe-5vLFg",10,15608,184,5,15,1
"hjHr9-xsM9k",24,15591,339,29,33,1
"CA-HLnS7DbA",24,15590,0,0,0,1
"rEGpk5CSneY",22,15564,67,7,15,1
"7MJFLUhGseo",25,15562,61,21,16,2
"L2kixW3VRWc",22,15560,157,6,29,2
"8cfpadf1TZE",17,15544,120,50,88,3
"brG9BIU3-iQ",10,15543,668,15,113,1
"OiVke0pcKjI",22,15542,48,30,37,1
"1ShnDeiqkxU",22,15541,440,16,71,2
"z4vm7p-ErXE",22,15530,16,20,0,1
"x5O92upWXhs",15,15526,380,18,41,1
"wtpN3KrDpwo",24,15526,51,12,6,2
"EQQQTjwcOVo",22,15525,50,0,11,2
"lvpSXr7489k",25,15523,80,16,6,1
"zc9Z8cGEGpM",22,15517,44,5,1,1
"SbWi7XkPm7E",25,15508,155,5,22,1
"fPVVBDzEY_w",24,15504,141,19,52,1
"9hd4yMJZQGY",15,15495,795,8,105,1
"dkMvY_EYRUI",24,15494,302,10,16,1
"VvJZsxcea0Y",15,15488,79,3,1,1
"4Nw4rYamQpQ",25,15488,38,6,17,1
"gP5rZvsw0eE",22,15485,919,0,67,2
"3veqDtPBs5Y",15,15467,230,5,3,1
"F3S7b95qNUc",24,15465,170,1,6,1
"ocZk25esI40",17,15447,110,13,22,1
"xh8m4yqUWgk",26,15447,545,22,117,2
"Q_VrV0OL4HQ",22,15444,253,36,77,1
"SnkQenopbBw",22,15444,543,11,30,2
"mOMRUT6YJDk",24,15436,43,20,16,1
"26eOR7iXzbA",1,15428,247,5,235,2
"Rx-mT9terA8",24,15419,646,2,27,1
"twGuwq0eFWg",19,15419,616,12,90,3
"5aD6BHiim0c",17,15417,57,3,18,2
"36eterC7Gwk",20,15416,125,5,64,2
"UbwIturHa78",22,15408,278,25,19,1
"E2SxYEH4-54",24,15399,245,13,59,1
"PEBy3aegIvE",10,15399,1094,9,141,2
"ea2T50dSph8",15,15398,529,11,112,2
"F1Ob-Fz1wKY",20,15397,166,14,150,1
"1XFiDg-wlMM",24,15397,133,6,32,1
"33xKehpPEd4",15,15395,180,14,13,1
"NEbuMNQhCQc",17,15392,108,108,104,2
"1szg30AKslk",1,15391,30,18,0,2
"h2CJGOgfuq8",25,15389,119,5,16,1
"_tdSSr3zvqE",25,15378,62,13,0,1
"paKU5WgenlE",22,15375,46,3,14,1
"rfSqe_m0dp4",22,15354,68,3,3,2
"fo3N08Ipap8",22,15353,229,300,73,1
"5YzZF9MxZcc",25,15350,48,5,0,1
"J8oCPG5l-VU",25,15342,108,40,67,2
"gXLdSZAMJ5Q",17,15339,146,2,45,1
"nog3veTft48",25,15334,64,12,11,1
"QhnocpiFOXg",22,15331,14,10,22,1
"A5JdMMc5_3s",22,15330,0,0,0,1
"ik3tYs9jW1A",22,15314,0,0,5,1
"ew4PXUCnTQs",20,15313,87,7,25,1
"nrx_LcrWPZA",25,15306,32,13,16,2
"aJPy6JaBTTk",22,15305,175,3,12,1
"NGOUrE7y8Bc",24,15299,137,17,3,2
"pCHXlpc3-q8",20,15294,104,34,12,1
"DmUlVdGTrKE",22,15279,96,8,14,1
"2S10Xt-7iDs",24,15278,71,14,7,2
"14yyF-9nk2g",20,15277,128,28,27,1
"KSzg2-k58_I",24,15267,96,6,11,1
"xkmnPJ0jQYw",2,15265,662,3,50,2
"37dbXYyknZQ",25,15260,287,9,36,1
"9z9QKRaQC7U",22,15256,0,0,0,1
"mBXXlke1ooc",1,15242,133,4,26,1
"nhBsHAI896U",24,15234,544,17,87,1
"m1Ou9Sz2B9A",15,15228,581,11,230,1
"0EECevF8SBA",22,15226,13,30,4,1
"6p2QVA9NON8",15,15215,708,9,97,1
"IYjSZf8W6Fo",24,15212,25,17,2,1
"MtL-edPozQo",10,15212,469,9,22,1
"tMmum5Ax2DQ",22,15206,875,15,130,1
"ifh75Y0jvM8",17,15199,172,22,0,1
"HFT-8HLSO4g",24,15193,25,57,7,1
"Ou6Rvnvq9Ug",25,15187,182,8,23,2
"tgStQb8Nen8",22,15186,39,9,10,1
"wzCQrkTNuN8",17,15179,288,8,1,1
"D2N3IyPxW6A",24,15177,20,11,30,1
"MDjIW6AxXlU",17,15173,0,0,44,1
"bnL6gKHEUaM",22,15168,300,11,66,2
"7c8_KdryWqg",25,15167,70,12,15,1
"vAX6gaj7PzI",24,15167,28,14,2,1
"20tIpk_fFmI",17,15161,203,2,16,1
"4GxzTR808TM",1,15157,119,8,5,1
"nEAfEjbZUV0",1,15157,36,9,17,1
"pJeJnHnVl20",17,15155,111,3,9,1
"9R38HSQyzuQ",22,15153,40,42,24,1
"ZiKpHOW-Z0U",24,15152,159,12,51,1
"SrQ9j_bkzkM",23,15150,35,5,34,1
"XCTgQNYIefU",24,15148,141,6,1,2
"_tQ0lqohnqU",25,15138,89,15,17,1
"F9KQE1KzfeA",28,15135,0,0,2,1
"f8q6ANn8vZs",22,15118,42,23,4,1
"VtG37JkfPqo",24,15101,186,25,40,1
"RPBZGmMgIB0",22,15072,0,0,21,2
"4LWg52ojtXc",25,15034,455,18,60,1
"T0NCzePNLmU",25,15033,250,14,76,1
"N2Jk22KbmTg",25,15026,290,15,42,1
"ZSznEbYG_rM",22,15018,643,46,55,1
"Q89OeCqaaAY",22,15006,44,4,3,1
"Yh9SXP_8P6g",26,15004,79,29,6,1
"qROi7rzZnbQ",24,14999,346,27,90,1
"WDChlC-HR_Q",22,14990,755,1,49,1
"sTbZaCiI-sE",24,14988,86,3,38,1
"KNwvtFLOh5Q",15,14985,568,31,62,1
"ojbwwQdGAVQ",26,14984,105,13,4,1
"77xhc9BFlhI",17,14974,113,10,15,2
"8zIN65PhJ74",24,14973,453,21,99,1
"ws-FNZFYgks",25,14973,371,7,81,1
"GF8M72wY2eU",15,14973,762,11,91,1
"N61tdLW8840",15,14964,143,42,37,1
"7jAE0jUcsLY",22,14959,92,8,5,1
"bQU4EWQOEc4",22,14951,200,7,7,1
"gmoOwuUOHI4",1,14948,61,2,17,1
"aWtTVQ8jxI8",15,14946,220,15,36,1
"9wVKwSIM5SE",22,14942,453,0,8,1
"qePur_8zgfw",22,14935,0,0,7,1
"2JTp2D7IumU",10,14933,993,5,57,1
"XRiLHhRA1Tk",25,14931,105,16,14,1
"R6qNGa87HuE",25,14903,58,17,35,2
"9YvUs4ebpiw",25,14901,30,50,68,2
"o87Y6-3DRB8",24,14883,91,10,115,1
"Uwb72CjvvOU",17,14883,168,37,0,2
"cnrrpBSXxnc",23,14880,78,3,6,1
"u7wFH42xKeM",15,14876,486,20,56,1
"7L5JQAoKTuw",25,14873,82,18,27,1
"wgpBMugWgS0",15,14871,1724,4,174,1
"SXcZGweahQ8",22,14866,427,1,25,1
"au1sEwverVQ",24,14859,0,0,6,1
"IWKCdVw4NkA",20,14853,167,6,150,2
"lVrNk3I6cBc",22,14847,74,12,23,2
"GL38RDOWank",22,14844,69,9,5,1
"_-gu6jeUTYk",22,14837,0,0,0,2
"8TGSLIjeKnw",25,14834,72,35,12,4
"x7L7q5vUJxI",25,14827,54,11,12,1
"N-mtrE475k8",22,14821,52,15,0,1
"yj6xNKKcKaw",22,14818,46,6,6,1
"oeFlKyRTYLI",1,14818,234,3,53,2
"t07HKb7GL54",22,14811,216,9,51,1
"Ve1YH1oofLA",24,14811,124,3,23,1
"uNYem0WeozQ",1,14810,55,3,3,1
"RF2FBP3kg5M",26,14806,488,10,50,1
"WIjqeKJhKlA",24,14800,20,23,6,3
"KG1TQZlrfoQ",24,14799,35,395,29,1
"RoBT_IPKZcY",20,14788,89,13,48,2
"2pVruVj-5ak",17,14785,39,4,13,1
"8ylEvvm8X34",24,14766,76,4,76,1
"2I7Or4rnPzU",17,14753,137,7,40,2
"bjKQsR_ZgnY",24,14753,0,0,60,1
"t5KBQcNEhdQ",15,14746,142,8,6,1
"UcD7mVZWEUc",24,14745,68,4,0,1
"fX9mWvcMsb4",22,14744,0,0,8,2
"5urr5xl4z8I",22,14739,401,1,18,1
"hGzA5QI3HhE",24,14737,512,21,115,1
"oo5b4FliYkI",24,14735,17,3,0,2
"mTTviXT8Dws",1,14727,211,15,19,2
"v5rAJRwnidQ",24,14725,0,0,11,1
"lQzB7ryvcdU",22,14722,82,3,8,1
"E6Y9m4FmANE",23,14705,55,4,6,1
"rf40OzqaoTM",15,14695,0,0,0,1
"ucMaDNYIC3Q",1,14691,58,11,9,2
"2wvpaqipxeo",26,14688,381,14,19,3
"_Mjph45AzPg",25,14677,255,14,43,2
"oIwDZoiVV1E",10,14666,2189,30,179,2
"7fTE_DvzfSQ",17,14634,15,6,0,1
"sR6-i1CUTUk",20,14632,247,9,133,2
"U0uxApkmcT4",24,14629,36,8,2,2
"j0-fCam0_sE",22,14626,312,5,23,2
"Lti0FcstulQ",22,14625,39,7,34,1
"VESaEW0cGNM",22,14622,167,5,2,2
"1hWnLVB0CJI",24,14604,784,10,197,1
"qX9W-J4gM1Y",22,14603,79,22,14,2
"2C1_KZc47r8",24,14600,25,54,19,1
"efWLIgqcgss",1,14593,944,19,0,2
"jnOJjRip6QM",22,14589,33,11,6,1
"K1752-KJLus",24,14587,91,1,0,2
"q88GJW0KJ4g",1,14579,151,13,24,2
"gJ9B-YJ6pq0",25,14578,0,0,0,1
"IRXrQevmNDo",24,14556,104,7,25,1
"GpFDEqeSqVc",17,14543,75,6,29,1
"iIh7-ai6k84",23,14530,236,9,14,1
"GRPz2b9P4qQ",22,14528,61,5,1,1
"9_NOvTMoUt8",22,14524,47,5,16,1
"vqXTfXLa1c4",24,14520,178,11,18,1
"dlp9BhDwHP0",24,14520,118,10,11,1
"l3VbmQgrxsc",10,14510,1603,4,101,1
"sbPt4MU1n5g",1,14505,248,1,17,1
"7nRnrzh1g1c",22,14504,44,3,0,1
"NHaEJrImbb8",22,14500,527,2,27,1
"KGiKbQuXLXI",17,14478,0,0,0,1
"UhIabjef48I",2,14476,58,8,55,1
"uSe_AetsQ-o",26,14474,749,16,72,1
"GXgX3wKwUy4",22,14466,33,6,2,1
"QEntICIZY-k",15,14462,515,13,88,1
"RkM5f1YfO_w",15,14452,783,19,115,1
"Thuto1tdLG4",15,14450,530,9,32,3
"95crLLcuhp0",24,14449,40,65,21,1
"nBY9do7B6xg",10,14444,1316,13,77,2
"Cw6aJmNG2TU",24,14434,31,4,2,1
"jO98rMkz0T8",20,14431,172,9,0,2
"KLjNjuDKeyY",1,14416,77,4,27,1
"IqsdPBe2j1k",25,14413,49,35,57,2
"_OzGX_mNP7I",15,14408,801,5,72,1
"u6qa5YSWLbE",10,14399,635,5,46,1
"LRCw5jNVXSc",15,14392,706,5,98,1
"27qeAEIXcZ0",25,14380,44,7,25,1
"peM89TH3MWs",17,14379,167,6,8,1
"4uLOxHPoLOc",17,14378,108,3,6,1
"QtHEGFjsSZ8",15,14374,781,8,71,1
"mTsFmORRLjM",24,14368,0,0,61,1
"M-qNSSkPXY8",22,14367,41,2,10,1
"FWW1UVGD64w",24,14366,374,7,0,1
"VPtJKd1bMQ0",22,14363,644,4,56,2
"ko729W2hkzI",17,14362,29,2,0,1
"26KJ8_wL6gA",24,14352,36,19,16,2
"aTJyQ19s60M",15,14348,1020,8,279,2
"LTDy5e1W_GU",24,14346,116,47,106,4
"TSTiy3J2YkU",22,14338,597,2,24,1
"VZ7XOMb0n1k",22,14335,130,7,7,1
"kL5GKVYsrEA",22,14334,40,9,5,2
"WCuv0Gk-Rwk",24,14334,35,8,25,1
"xGKzRasP2_0",24,14322,81,136,0,2
"HwVZvLsc3h4",22,14311,94,0,11,1
"SPfa-5OVA94",15,14309,625,14,79,1
"SXYdspB9JDA",22,14307,286,37,71,1
"f_NvLRcyaD0",24,14302,247,27,144,1
"4rlj4nBvGv0",24,14299,194,27,13,2
"T40wp0pBbR0",17,14296,191,7,11,1
"77LxhbloMY0",25,14283,77,15,62,1
"f9QvqVmmzgc",24,14282,361,20,38,1
"K-3gZ1pBVtU",24,14275,0,0,0,2
"WoUadouPtYU",15,14274,188,21,6,1
"vzdiCShtQVY",24,14238,612,5,26,1
"_iVwxmIvA0Q",22,14230,18,19,2,2
"PtX7Jpvx_OI",24,14229,57,1,17,2
"XYKfuEIZ2y8",1,14209,48,3,16,1
"8bsWiNvTjac",22,14200,6,39,8,2
"Gwn_x0kUukE",24,14197,48,59,52,2
"zzNmmu76FFg",22,14196,41,1,0,1
"lOxf65D1SuM",15,14195,912,6,194,1
"sETAYLGdDf0",22,14195,53,5,9,1
"aEnAKitGKC0",22,14192,744,3,31,1
"RAP-n-EiwHs",24,14188,255,17,29,1
"VDTctSZbhqI",10,14182,208,2,19,1
"YYzQrJwn0ek",23,14178,152,1,4,1
"dKOUtyNHvmw",1,14175,30,17,2,1
"Vz1OUnzXiXo",24,14174,81,28,13,1
"MGmwKr_XVDo",22,14170,71,16,16,1
"3sPmrXdNoew",10,14168,252,5,43,2
"V0cZfoIiKaE",22,14159,0,0,27,2
"h0XnCK7V56A",27,14148,198,14,6,1
"LWbu5isr04M",10,14148,1091,11,101,1
"WAGG_tCgAyk",22,14144,23,6,2,1
"36KmvAzOSUM",24,14144,129,1,22,1
"zN1_DeOSFMg",24,14137,848,17,55,2
"890FrykWziU",1,14118,69,14,4,1
"6yu9Usr_0tg",22,14118,41,10,12,2
"GswZZ1iDdys",22,14116,0,0,11,1
"2r_7YV-WVR0",25,14112,0,0,62,1
"4vNJwEOpkTI",24,14109,0,0,0,2
"d0fVeB4fkNI",22,14108,91,54,100,1
"H7N6rKXSf60",22,14103,273,52,91,2
"PL2uHz3Z3dE",24,14099,203,784,223,1
"UNXiUKSkgsA",17,14090,323,4,72,1
"XuKbcZwhiM8",25,14085,124,12,61,1
"u7HnLapkYq0",20,14081,648,20,59,1
"tUtjDZNR1iM",1,14076,210,50,65,1
"rsow5scCJfg",17,14073,88,8,23,1
"of8nPpozRms",24,14073,437,15,106,1
"6K2RHCRNnNw",25,14072,39,26,1,1
"5RwgDIy_ohc",25,14066,318,20,56,1
"HEAA0Pk1-5Q",22,14064,22,4,1,1
"CSOO0TaEL3U",20,14063,103,22,11,1
"J5LVxzCWB68",24,14061,26,13,9,1
"7xOU9OB8Mj0",25,14060,77,11,10,1
"xSOfP7Kh0Lo",20,14050,92,32,19,1
"nWyBMvguPsA",22,14046,27,11,0,1
"la0LS7BE9jI",1,14040,144,11,14,1
"mY8A1ZAqv_g",17,14035,44,3,0,1
"RAE7Odt9LVw",22,14034,90,3,5,1
"1Yu3_Bbl6IQ",25,14031,374,5,14,2
"DZIQ73K4DMw",22,14027,98,3,8,1
"QhvYS9kuraM",22,14027,0,0,0,1
"PuY3pfdZtYE",25,14026,32,12,6,1
"hKfoq398ePc",26,14014,561,15,22,1
"_zVsVFkHNCw",24,14013,686,9,23,1
"kN7q-A_Y9vc",1,14010,167,7,115,1
"RALjS0FgyTM",25,14009,31,16,8,1
"Xo4cqiXxgtU",10,13999,932,5,227,1
"RFyL9DcO3to",24,13969,390,24,122,2
"3gPANDxDZTk",26,13964,519,398,218,1
"X_nnU1arECQ",22,13956,100,5,1,1
"6p0MPxbR_6o",24,13950,20,0,0,2
"Qs2_UOsB8NE",22,13948,212,2,6,1
"pq8WmjK5ZR4",22,13943,53,32,1,1
"vw_vPnnDVi0",1,13941,829,8,218,2
"I-xxaMeYw5s",15,13939,625,13,123,1
"YOe5pCUWmYQ",15,13939,118,6,4,1
"X5wEshpY0X8",24,13939,28,5,16,1
"AQZPGheb7bc",24,13938,82,15,2,1
"PsYMOtDauq8",24,13936,414,6,4,1
"hBvUnq5Ta9s",1,13934,157,2,22,1
"3PGDQHJbzgM",23,13923,495,7,5,1
"BgUg4O_IW_Q",1,13918,216,8,0,1
"F4cVSUGfWQw",15,13910,228,4,0,2
"9D19cSKk9gU",22,13905,314,25,147,1
"4_I9uxA2O9g",17,13904,309,10,23,1
"slA_-Qe3bnI",24,13889,215,10,45,1
"7Tjx_HgMHno",10,13888,830,16,65,1
"bATd1FQBzD8",2,13886,114,9,10,1
"q2ll_2PVtOg",22,13883,38,22,12,2
"QM6jpUJ77ww",15,13864,56,24,1,1
"b08zBhbXHWI",2,13859,109,48,46,1
"Sc7kvwK4qb0",25,13856,291,16,99,1
"2whsfjb2r64",26,13854,171,21,21,1
"Mgmnsiq6R60",22,13851,22,17,32,1
"V0C01FsfDiw",25,13846,64,24,47,1
"aP7sDT2aFaY",24,13831,249,15,69,1
"jmA2l5Lbp9s",1,13830,414,26,37,2
"c8q2tm6CkhE",25,13818,28,9,3,2
"CYTJ8NfcRiQ",15,13810,0,0,0,1
"burZR3sgvaA",24,13807,146,16,39,1
"no2U5muyAHQ",24,13807,0,0,0,1
"-1ZTBK6ESz8",22,13800,418,4,22,1
"gF4okcPGNas",24,13798,361,12,100,1
"yYh23skKPxM",25,13779,33,63,34,1
"F5LkvB8Ugl8",22,13770,268,21,15,2
"kHcFAdVHKhQ",2,13764,56,46,19,1
"16HZgT8N1p8",24,13761,479,1,162,1
"jZeutg5OAUQ",22,13759,51,8,5,2
"Mu2eh6JX9-w",26,13746,548,13,126,1
"XM2SoGema9E",25,13743,75,99,49,3
"LpGxxrukXd0",26,13742,476,319,127,1
"HZvdkF4SQlE",24,13732,453,1,30,1
"iAeiBbRJtVQ",22,13730,0,0,0,2
"8CHCa6X4brI",24,13723,398,17,53,1
"aVlcI0Eses4",22,13720,94,30,6,1
"fBdKKDtpXmI",22,13716,21,5,5,2
"LpT2YJlWcRA",24,13711,265,13,20,1
"ZGMUfPWXtAA",22,13709,0,0,3,1
"WADTPjCe4Qs",15,13704,120,11,12,1
"3INlHNnz11Q",2,13701,44,4,2,1
"Cz0hauAnkkI",25,13690,29,6,11,1
"E93SHGOiJOo",24,13689,13,22,26,1
"OdM4Wh1ssP8",15,13687,149,6,7,1
"dZ0j9LU2cOk",15,13683,507,6,27,1
"GyKfxw37-HQ",24,13677,39,3,16,1
"LY6i36w850Y",25,13668,12,11,19,1
"SU5k9ZvDZ5I",15,13663,643,5,66,1
"th_OQHS9208",22,13659,14,47,11,2
"VqL3Nm3Xv3Y",26,13656,502,306,75,1
"1YGTqC8nipo",23,13654,25,24,2,1
"ZnQ12S_wr3A",1,13634,33,2,0,1
"o9QtfVD4ehw",15,13631,112,11,13,1
"p77dQkOhL_4",24,13625,126,22,36,1
"jC48mj3incY",22,13622,18,6,0,1
"zQaG77qE8io",20,13621,0,0,0,1
"VegOVMUaw9Y",24,13621,61,7,5,1
"nrKpfYl7-Bk",1,13618,537,10,98,1
"palw25wDVnA",15,13608,544,29,39,4
"mj_rago7QAY",25,13608,57,55,2,1
"FXhPZw_bLGA",24,13593,536,2,34,1
"B45VNAnCLCo",15,13591,0,0,0,1
"RzJEhKLhF6M",24,13590,97,29,25,1
"g-xlhmhKV1Q",22,13589,484,14,46,2
"CDbeyp5cMzQ",24,13589,36,6,3,1
"2qDT4IYYkhA",17,13587,88,14,13,2
"smyCSAGv_a0",20,13585,174,7,0,1
"UKCOrM4MNwE",26,13583,325,13,261,3
"nmYOVedeoY4",20,13583,0,0,13,1
"ax59IORZS7o",24,13578,27,22,10,1
"QjNQlGVSe2Q",15,13571,116,6,5,1
"YsWuFlIpVks",17,13560,95,27,26,1
"m2vzoW_MCtE",24,13559,859,10,35,2
"_iQhhfdDaZ4",22,13553,255,26,83,1
"DwCB_gHTZig",24,13545,109,2,3,1
"moT-9okF-zA",23,13544,270,27,70,1
"m14l7TNPyZ4",1,13544,146,23,2,2
"gBX2D2NsV3U",24,13542,236,1,13,1
"KcjgkaWYuTE",24,13541,0,0,0,1
"wbKLjkyWMjM",15,13532,0,0,0,1
"oehi3KrszYU",24,13527,0,0,12,2
"8H7DgNYryYA",19,13527,252,17,135,1
"EgqcLYapdlQ",15,13521,518,8,105,1
"GVowlcYTzZM",24,13516,216,24,6,1
"kPZcH-0wEkA",17,13514,220,2,74,1
"F25NKTyG7jw",22,13507,207,9,18,1
"Zo5fNllXE_E",22,13500,114,13,2,1
"TQlEInaTVok",20,13497,93,6,22,1
"6pmsyDbzO4k",22,13496,26,6,37,1
"1bHObwnDEZk",26,13484,617,12,82,1
"PDGCA4evju0",22,13457,482,20,134,1
"dnCwrz5mM20",17,13445,38,9,32,1
"2e4-nWyCWAY",22,13444,126,1,7,1
"7FRnP2UFp14",26,13432,412,310,120,1
"pU-dgocfy4Q",22,13430,35,5,0,1
"fTPaGZXQDdI",24,13420,53,10,28,1
"0EJ67fDQEPI",15,13418,617,11,107,1
"ITd-fnE55fc",10,13414,236,3,12,1
"Fn0Ygp45qNA",17,13412,55,8,32,1
"qq-ePe1n05s",15,13406,497,13,81,1
"v2pRn4NvKo4",24,13403,0,0,0,1
"jHb12CO-DW0",24,13401,104,4,19,2
"ZlUF1K6Mdp4",22,13389,57,12,1,1
"S1uD5T2YJZ0",17,13379,18,14,2,1
"JTpJJ1qR_fE",15,13377,62,10,52,1
"gAXZVDc2mXo",1,13362,0,0,21,2
"WhZY10sLqPQ",17,13354,186,23,15,1
"pyKM5XLbYrY",25,13353,42,15,15,1
"vk_3xM1bcvg",17,13350,47,7,28,1
"xCOwpKqL_gQ",26,13347,509,368,130,1
"iC0kWAZkGDs",17,13346,124,3,22,2
"O9lmCw9bCaQ",17,13338,13,9,1,1
"OzE_-rQDxwg",25,13328,90,16,5,2
"ik06RG1UyW8",22,13328,35,7,3,1
"SLE1qrJfem0",26,13319,634,491,156,2
"cWh4-rong5I",22,13319,20,15,17,1
"H0-3xfYdxgg",22,13315,190,12,24,1
"TBHLIrvO7Dc",17,13315,23,4,1,1
"fnYoI_k8NJ8",20,13310,114,33,28,1
"vscM5fl5BQM",10,13307,1220,4,50,1
"tWSvUIXTGnM",24,13306,229,3,29,2
"fXKo1f9lV5U",23,13304,103,1,1,1
"AsHOtywdbUk",24,13302,0,0,0,1
"MiT5NmWHMQ4",15,13302,285,11,78,1
"fDzbnxI03O4",17,13301,60,14,12,2
"sSvh5o6eim8",24,13298,151,8,28,1
"uwiicREt5d4",19,13290,302,8,76,1
"lWrMKeeWGzw",24,13289,571,6,0,2
"v2R90WaKiuo",2,13277,0,0,5,1
"s0aBACf0OII",20,13273,662,8,61,1
"hMDx-BuQaC0",15,13272,803,3,92,1
"gYCs1IogxfM",22,13272,13,3,0,1
"sDtiQB6cZR8",22,13267,899,0,44,1
"nWbjUQld9BI",17,13263,16,4,2,1
"_6V5i_4-q4o",24,13254,2470,6,0,2
"paHcnMJunuc",22,13235,165,9,13,1
"bYAMwNucuC4",17,13233,65,7,22,2
"eUUIKrpG1Mg",22,13223,33,2,5,1
"Xgin9Rvxypo",22,13211,87,5,35,2
"torUCCAopRo",15,13211,609,7,57,1
"KZo0zeFfK_8",24,13206,0,0,17,1
"9jDh4-5ri6I",17,13192,39,5,3,1
"0bcORCQsCjw",24,13187,167,14,17,2
"dYaGdg0WwAU",25,13159,170,29,36,1
"oD46y3JU0pU",23,13147,250,27,63,1
"8CaBHuf13SY",22,13142,47,12,10,1
"Gf2mpsB_6bY",20,13141,484,2,57,1
"eCZjSWWYhT4",22,13128,504,1,25,1
"_WB3vrRL8tc",15,13123,1131,10,118,2
"UFVTqN3MR1c",17,13114,213,10,37,3
"R0IMTdo3KD0",24,13107,64,7,14,2
"9RbB-94SW9s",22,13101,229,10,9,1
"2APEqG1zXWM",23,13097,38,3,21,1
"tyFU3NoEXAQ",20,13095,195,33,137,1
"CfcRpTE1azc",22,13091,163,9,12,1
"0rMd_NWB4Vs",20,13088,569,8,124,2
"z7YiB36LB74",22,13082,212,2,6,1
"UoYSTjAwWAs",17,13081,27,8,2,1
"nCqAFNflHgg",22,13069,274,11,46,1
"Y0lbxZk5qXE",26,13068,293,39,135,1
"YRGORAxovXg",2,13061,31,8,16,1
"TyPDdQbsjoo",22,13054,107,6,50,1
"POYiNPyu3OE",22,13054,158,5,8,1
"cFacWp2isiw",22,13048,46,44,15,1
"erh1BPYyUiU",24,13047,321,19,298,2
"Ah6eqX8YtpY",24,13046,39,1,0,2
"A2g0idp5crY",24,13033,166,9,48,1
"JGIva6aRlDw",22,13033,15,6,0,2
"gfSljfczbSA",22,13030,59,5,4,2
"77USaKzs10o",24,13029,749,2,177,1
"Chlj3s3hT64",15,13028,92,8,2,1
"7bti9lmPUWE",22,13026,855,0,31,1
"0YVvR2SaqzY",22,13024,264,44,13,1
"O670Wx5yQYA",10,13017,118,2,28,1
"PHe2I5cPk5M",1,13010,91,2,7,1
"QKZ9W6GEBVo",2,13009,15,16,12,1
"Wrrm4PSeJNo",1,13000,65,4,3,2
"zFnc7eadVAM",17,12995,101,8,12,2
"uaKhXiFuFQ0",10,12994,179,9,26,1
"kYj1xAs2DMQ",24,12991,134,31,0,1
"dqsuI_DDBII",15,12982,508,6,79,1
"fFxcTDUA0bU",22,12981,169,6,5,1
"Ku2rA8BSJgM",2,12980,110,10,11,1
"23qiqOFlXDM",15,12967,496,2,35,1
"88p5hvTYTqc",2,12965,7,30,11,1
"BqvLFBPzOF8",24,12959,0,0,9,1
"LZBW-X0ip7A",24,12956,346,20,0,2
"8M6-BiKZNds",24,12950,580,15,12,1
"icqoMrNra-g",22,12950,9,14,5,1
"jTIxOFidF2Q",15,12949,0,0,0,2
"m5RytGisFcA",17,12943,113,11,40,1
"thvCzJSjAE0",25,12942,13,150,7,2
"0yfZRah4XJ4",22,12935,58,10,23,1
"y1kMpSIA4Zw",10,12927,653,0,41,1
"3_qEC8mZ2tM",22,12924,28,16,15,1
"KYp1sMO28l0",15,12923,0,0,0,1
"QcBcYdZ_RZM",22,12914,126,5,0,1
"TkADjTyMy4w",25,12910,333,24,57,1
"zbFPUX2AQPM",17,12909,43,3,20,1
"2ywftYhwBLI",24,12897,448,0,10,2
"Cpyb7Y3L0ck",10,12895,261,1,11,1
"Gvri1s96t8A",17,12895,59,14,23,2
"xzgP65pvMi4",25,12881,34,10,8,2
"deUHQA40_ts",17,12881,26,7,15,1
"Xnq4O21Ayh0",15,12865,749,10,98,1
"vvb_uGzpRIM",25,12862,33,23,2,1
"V5MY6EPamps",25,12862,131,22,22,1
"jG0g7Dwl3d4",20,12854,687,5,29,1
"hk5HiboW_aQ",10,12844,0,0,0,2
"hXuF2qMczEk",25,12842,183,10,3,2
"ouxjYRcP_ys",24,12839,68,10,13,1
"duemGWChFKs",26,12826,399,413,149,2
"8A82mcUGkz8",23,12825,74,6,1,1
"ZRChhiLDIXI",1,12824,73,7,1,1
"jGjgdxzFrwY",22,12820,40,0,1,1
"yoWoYurxQjY",24,12815,30,10,4,2
"5nxIcqYI-uc",24,12814,380,24,96,1
"uEnOPzvraiQ",24,12811,1015,29,12,2
"Yq0t9KCrR4I",24,12807,80,14,22,1
"7QYkiXyz3Rw",22,12806,62,2,11,1
"SrJZSbEHCnY",25,12801,260,14,48,2
"JV8L6BA6zeA",22,12798,471,6,54,1
"6Mkx19AYPrc",24,12796,58,15,5,1
"1H7AzWJd6mU",17,12790,175,10,37,2
"jVOWsvwC0Ck",22,12788,0,0,0,1
"c18WYLEUTzE",17,12779,197,7,39,1
"FvTjSQbPZQY",24,12762,199,2,22,1
"piKT3cZv8dA",22,12760,517,0,25,1
"nXPwFlk8uso",24,12760,0,0,18,1
"kJpuJLQb2gs",15,12754,191,12,58,1
"va7WY4JARFg",15,12753,1034,9,85,2
"XIwOA1yiQtM",15,12748,281,15,89,1
"ooxYOEUp0eA",26,12740,344,22,58,2
"_uViUeLZQhU",17,12739,258,9,13,1
"KiYvNp82EdM",15,12733,724,13,85,1
"ssagGh5AZ5M",17,12727,55,7,3,2
"j02wyq7dHoY",1,12724,427,1,17,1
"7txaNcP3aEU",24,12723,0,0,0,1
"6HVBbPJrs20",17,12718,47,4,24,1
"PJH2upyXw9c",1,12714,178,4,16,2
"0118SIbvlDw",22,12714,77,8,31,2
"-VqVT--7jT8",10,12714,509,5,3,1
"5Cn0sthUgKY",1,12711,39,7,6,2
"XXuzML58QpM",24,12707,189,23,34,2
"kRTTvdrugQI",10,12707,548,20,0,1
"b61AN1QAqOg",27,12703,181,23,47,1
"WvdeXCfNEag",24,12696,0,0,0,1
"CJXLbwqQeBw",15,12694,60,6,1,1
"M82U5MSiGcE",25,12689,20,10,3,1
"yNXZgnZ8wzY",22,12685,0,0,1,1
"FlRaOmeNqPg",22,12674,114,30,12,1
"P09_IWmjsLc",22,12670,37,9,7,1
"qRf_3y1bc70",22,12669,89,15,16,2
"tiPg1eZcCow",17,12666,18,39,0,1
"SsCjropUqK0",22,12659,111,4,10,1
"0aH2JyPKkcQ",2,12637,288,3,21,4
"VotrPDPOpcc",24,12634,371,8,252,1
"QVWwSjuh3ro",23,12633,281,26,58,1
"-3xBa2_Yn4w",24,12630,141,73,25,2
"8YCxWT5T95U",22,12615,58,16,16,1
"3hqyUfDK7nE",15,12611,111,5,11,2
"XhA5BXcTdxE",22,12610,28,6,3,1
"Jm3xwBNP_9M",22,12609,32,2,6,1
"9zgvXRAp7J4",24,12602,35,11,1,1
"J-aR8HdTpS4",15,12592,564,8,58,2
"9L81wS3SRzU",25,12585,682,54,72,2
"UjSXw4Ir--4",20,12585,128,0,3,1
"BciwBlsR8Fs",17,12578,12,11,13,1
"2ANnBfKDhwo",24,12565,55,16,48,1
"dEJFtUlp-C4",22,12550,46,1,6,1
"_QPCvlvErV4",24,12549,177,32,0,1
"uAA5zfEYP8U",22,12549,69,4,5,1
"fFNaWrr7suA",24,12543,78,10,4,1
"WR2z7T1zmJg",1,12537,106,4,8,1
"ja4qa_g5Ly8",25,12534,44,9,24,2
"tXWdWH_NRMo",15,12526,707,5,80,2
"iHJXSveg7FI",24,12521,28,2,8,1
"N-rZpJIrk0U",25,12519,25,7,9,1
"1DKUo67sjA4",23,12518,24,9,1,1
"Fc3ZTkUpdcw",22,12517,99,23,8,1
"4KodbZHv8mU",20,12513,47,3,13,2
"h62eAU61838",19,12509,254,7,111,1
"aG6Pe0olMgo",22,12508,72,22,13,1
"dIruA9ZHlBM",27,12503,133,5,2,1
"Nn8weJG-F3Y",24,12498,0,0,4,1
"m7SredHLLw4",1,12487,265,57,152,1
"r3qj8ZKb7ng",24,12482,189,4,43,1
"2aiOPHfvm6k",24,12482,23,5,4,1
"a02oRGLRaUM",17,12479,206,5,9,1
"Wwnj8dHrK0s",27,12478,259,20,29,3
"roRCaK7D2lQ",22,12469,188,15,34,1
"NB-K-I6UR6s",24,12468,72,1,6,1
"IhMKOjPbqG0",15,12464,423,5,47,1
"bLhp47EDEDY",10,12464,868,13,33,1
"kKt7R582Umk",25,12463,0,0,0,4
"nvbSpkoLC4I",20,12454,97,24,17,1
"zQ-73e4kjjE",22,12453,43,15,3,1
"unmag8IHX7k",22,12446,0,0,0,1
"mnZmnxScH50",22,12446,50,15,12,1
"qXPZXxjzviI",1,12443,182,1,15,1
"NwkoKEOUYaA",15,12442,570,6,103,4
"j4h_1gzlegg",26,12439,360,42,74,1
"_tDxml-pS_U",17,12438,94,3,14,1
"PC5NXJei3Zk",22,12430,82,26,30,2
"ZKzWo-XFZrI",25,12428,124,6,18,1
"Ls-l3BgG-QU",15,12425,128,17,5,1
"4hwny607TVU",20,12419,145,27,25,1
"0vtDjsWVRPk",22,12419,210,3,10,2
"TWmBInIvNQE",1,12416,30,8,4,2
"QMRHGcirAKs",26,12412,336,28,37,1
"WNv0rSjiTVo",23,12395,96,4,19,1
"WerIEdMdFD4",27,12391,317,11,22,2
"meXReRnJ-q8",24,12389,157,4,43,1
"augRs4w9HmA",22,12376,66,15,1,1
"Jwt9fEFul28",25,12364,165,6,10,1
"atXIG0zURGA",1,12356,96,0,5,1
"vm-2d30w32w",22,12342,35,8,1,1
"cX8uAasPd6I",19,12339,93,45,0,1
"uXSW0BlZDsI",22,12330,67,2,15,2
"yoLt_zHyj-8",22,12328,52,2,1,1
"r2brZVXJvok",10,12327,1005,9,128,1
"_uxz-hlsiss",23,12326,103,43,33,1
"Lq7y4t2esGo",17,12324,5,5,0,2
"VJp_7q2iiEU",17,12321,82,12,7,2
"eQNa3vdqDII",24,12321,540,0,34,1
"YvicWXMn9Uk",25,12319,72,6,3,1
"8HxZn_h9kYs",23,12312,124,2,30,1
"XdvbStwBmQI",24,12293,205,25,51,1
"R7v1KqkI9zE",19,12285,165,10,68,2
"Fu__J61hO0U",25,12284,73,5,0,1
"f-UcZvLz0Y0",1,12283,38,2,0,2
"lWpXeyj_Gso",1,12270,43,2,6,1
"gL0Cc7Osork",15,12265,292,9,19,1
"v6jrTVr7p7E",25,12264,263,20,101,1
"chPrWNfZUtA",24,12260,41,18,4,1
"UtRdTmHCcOI",1,12255,459,139,0,1
"wY9DeWYL0mI",22,12253,0,0,17,1
"HWUh9xYMRFA",24,12252,205,4,88,1
"BahS613radU",22,12247,56,8,2,1
"6gIrI9PsP-o",26,12241,378,10,39,1
"mSlrY1ejKDs",26,12238,484,10,38,1
"LxkZ8PiiOl0",25,12237,79,27,61,2
"aNp4xJarL60",17,12233,100,2,21,1
"8A5bBwd0mdo",1,12231,106,13,19,1
"3_fxmKKBToQ",24,12223,257,12,57,1
"af08-WKMEeM",10,12218,1331,14,91,2
"_HQzCGMDdx0",22,12216,67,16,3,1
"3imF6LaYhDM",26,12215,24,12,0,1
"UTUuVwp7fYs",24,12214,209,1,34,1
"PqIwZoRU1jU",15,12211,95,3,6,1
"WtmGZHB5ryk",26,12203,368,337,92,1
"w4LootF1j0E",15,12203,175,5,72,1
"JcsOlUFFSo4",15,12188,552,5,55,1
"DqcLKHqLPHo",22,12188,567,10,166,2
"f5I4zXy5BLg",22,12186,189,5,43,1
"nTt4_kiO8nQ",1,12186,36,11,2,1
"jZp4OJ7Re_g",28,12178,0,0,19,2
"zVb7A5de77w",1,12172,92,6,4,1
"Bdw7GuAGFcM",24,12163,77,15,14,1
"rLmDiiYt7DQ",24,12151,993,5,165,1
"yBUIM7xCCfw",23,12144,277,36,71,1
"Fsh3W42XODQ",24,12144,207,68,28,2
"y7119xDeVAM",17,12140,408,3,132,1
"V5O0LqxvTYg",24,12139,23,17,12,1
"YwJ3c_9tStY",15,12137,557,22,72,1
"bQbOwjwPIpI",17,12137,58,9,58,1
"a_UiGIzpyes",17,12134,49,4,6,1
"8yjiiAxTujA",22,12130,36,39,6,1
"BrnenMvIlB0",22,12125,134,4,20,2
"x2Sp2ARYcSY",10,12122,780,14,128,2
"yM9-hBGStmc",22,12108,290,21,47,1
"ApVIT8cI4ak",15,12105,72,5,2,1
"7P4V8E0vkDc",24,12098,918,5,109,1
"1rNnqLDk6LE",22,12094,53,9,2,1
"9kdshBydrRA",22,12091,424,2,30,1
"3M5fz4CMjDk",2,12087,83,11,4,2
"6CGg7vq9WE0",22,12086,26,2,3,1
"aS7ZlHuvpt4",15,12084,707,9,81,1
"DL-KkzTShAc",23,12073,583,13,80,2
"hyjSf0KrpCA",26,12073,96,10,49,1
"YXqef2-WKgI",24,12073,226,4,17,1
"xKpHvQA88IE",10,12068,524,5,27,1
"r434Xy2oUps",28,12065,0,0,2,1
"d6i2x0Io9q4",20,12053,0,0,0,1
"H_SDqhBwbKk",1,12051,71,2,24,1
"KaatLzZcB50",24,12049,367,13,8,1
"KN21GM0mqTc",15,12033,510,11,94,1
"7PIh3kmOK3Y",22,12030,12,5,0,2
"9OucXovScW0",24,12025,300,2,4,1
"hX390idP7RE",22,12016,331,3,16,2
"RsWAxgKSmHs",24,12007,39,6,3,2
"OrsCDDUUFGQ",26,12007,480,320,92,2
"Bnbsr025oI8",17,12001,154,2,18,1
"ptyo9Q5Ggk4",26,11966,461,342,124,2
"rTrXAFUot_k",25,11961,147,1,5,2
"Pre0lsR8H5U",25,11958,66,15,61,1
"zxPkrkXkZN8",24,11953,108,13,23,1
"CklrvXOW_G0",24,11935,0,0,0,1
"Itx3BKUiDt0",10,11935,141,0,13,1
"6_4nUfz3rBE",22,11924,35,2,2,1
"aJGW8A8AWQY",22,11910,561,1,16,1
"6ARtneYuC3g",15,11909,867,8,94,1
"svVXkxvKM74",25,11904,15,12,2,1
"d2eZiFwHRgk",17,11899,10,7,1,1
"Z6-ztT4143c",15,11899,0,0,0,1
"gxSWjQyPj8c",22,11898,34,6,3,1
"IO-kHCIxkoU",20,11893,83,4,7,1
"_NhdTq_mhr0",22,11885,12,18,22,1
"saBEUTCVoC4",22,11882,243,17,15,3
"7h-7WHan6tU",22,11879,143,12,7,1
"FPVSsbNN16g",22,11874,167,45,54,1
"4o6JcCmeHno",20,11870,57,27,15,1
"NcNGDmCzxo0",25,11868,60,16,26,1
"PIjtE_bA9uc",22,11862,143,24,56,1
"m6LU6lOw34k",17,11859,11,0,0,2
"KTDgo3X-BQs",22,11856,52,14,6,1
"8gdZFMf0G9U",24,11853,844,15,11,2
"z2rTiD545ck",24,11851,217,13,56,1
"mwQEfOqobeg",24,11850,434,27,73,2
"1TwTyhI0Qw8",2,11849,64,5,8,1
"3nizcX2nKv4",25,11846,102,18,7,1
"ZP5JDkqf7Y0",22,11838,56,2,17,1
"h2_j9j0mi4Y",17,11835,0,0,0,1
"IImdXto36CU",1,11834,5,5,2,1
"tFhs0JvR8hs",22,11834,76,9,0,1
"o-7eRb9KVYU",17,11826,40,3,3,1
"c3ZzrvsmlY8",1,11817,113,3,28,1
"cop3T9mvAB4",24,11816,364,8,18,1
"LAPd5tyNU9o",2,11813,58,19,38,1
"kPO7GeOpgsM",10,11811,1306,7,193,2
"7I-tbeG_Dtg",24,11807,90,0,6,2
"QLdLiiS8h2I",26,11804,412,314,66,1
"A03pQHNgoKE",25,11793,323,6,57,1
"x63ByYTmtTU",24,11789,126,5,16,1
"VfTC2rzbAoM",22,11785,86,5,3,2
"58y7WhhWFLg",24,11781,0,0,0,1
"XcxEH8eLoB8",25,11779,16,37,8,1
"TpymAEQywts",1,11772,48,4,0,1
"kTLN2-zx4zc",22,11769,0,0,0,1
"zUYLhik-hAs",1,11767,20,33,16,1
"55zdt2Z_z-8",27,11761,177,7,12,1
"HpVkHJByLJM",2,11758,170,46,52,1
"Xbt1PKhkYGs",24,11755,95,2,29,1
"BDOE8aPGm7s",24,11753,224,4,0,1
"eCPJmuleIgc",17,11748,12,5,9,1
"sNP2_ozKj4M",22,11743,46,7,5,2
"Tw7VaeXbPo4",24,11734,0,0,0,1
"G5GRkUfp27Y",22,11733,39,9,44,1
"fyrik7rPNGM",22,11733,73,16,33,1
"pj_OouQBzNk",24,11727,1377,15,236,1
"nyd22xu3_1U",22,11722,50,5,13,1
"LBocrW4ZvMs",2,11710,0,0,9,1
"j5YWZgtML24",10,11707,455,10,45,1
"t5SEsDIx6ho",24,11702,244,2,11,1
"_l_rzgYzdss",1,11696,26,5,3,1
"9HD8S7LSDEI",20,11663,76,5,14,1
"DjLUefmN6Us",22,11663,40,5,0,1
"Q0REpq_4PHs",22,11658,23,3,1,1
"zur0svi1vyU",24,11650,302,15,68,1
"XgooWilS7xo",24,11636,202,14,45,1
"r7L7pVKUc7w",22,11634,151,6,9,2
"ygEuA1D3q5I",26,11626,409,319,60,1
"sxQn1HZvOKk",24,11624,47,8,8,1
"lj0CU-7oTlI",10,11620,641,5,83,1
"QOHPnOfR4AQ",25,11615,113,95,27,1
"cFstEbbf-6w",25,11608,171,3,3,1
"36JkdMdXeEg",24,11600,24,1,8,1
"BnVPibQ_vzY",22,11589,105,1,6,1
"KBPlycTSacs",24,11585,353,17,50,1
"LZTvnHr1eCA",23,11581,170,43,38,2
"sMxhyFPKbmU",15,11580,771,13,125,1
"31FRphGhoyc",22,11579,1415,27,161,2
"vHpmD9N5tWo",17,11579,145,2,33,1
"sV_GavPRxW4",1,11571,36,8,16,1
"SQfDf51TXwI",26,11552,0,0,0,1
"fQkt6wXt_4A",23,11552,254,29,29,1
"UkHbeKiFFek",22,11552,128,6,22,1
"cnDBFN_nvwA",22,11549,160,8,23,1
"fEiEAktJ724",2,11546,309,6,52,1
"YD0hKAwjgWg",1,11542,50,2,19,1
"VQi99Zbsvmc",17,11537,135,8,39,1
"tVdzkwtPopE",22,11533,140,2,5,1
"IkPP7bF9JFQ",22,11526,362,4,32,2
"G6J8qHFbYh0",27,11526,30,1,6,2
"tZYsu_ffyh4",24,11522,235,2,23,2
"3K8QoMOODXo",17,11520,0,0,0,2
"OgvFvYeF1IY",2,11519,79,3,6,1
"4_oamfiVPYU",22,11515,0,0,0,2
"UhEBTys9baA",1,11509,127,1,15,1
"0sXD_MNj-Qs",26,11498,85,16,28,1
"VBbn3rnoff0",23,11497,206,10,14,1
"ok-FCeiUEsU",22,11494,31,4,0,1
"OSfqf3iZwk0",28,11481,0,0,11,1
"Lg7Bbjd_zhM",24,11469,66,5,21,1
"pWlSiSsP0rQ",24,11460,86,5,3,1
"QiCPV4TeWi8",24,11457,75,5,8,2
"CpKQvbXUDq4",1,11446,15,10,2,1
"Nh93G7GmayI",17,11446,23,8,14,1
"lwI9NjLvKwQ",22,11441,22,2,9,1
"HmmYIpbCe9A",24,11441,0,0,34,1
"iAZ6zwJq9AU",15,11441,430,5,43,1
"a0nftSn0EcE",25,11433,30,15,13,2
"AZgRB_uluZM",22,11422,402,8,110,1
"LdBVLKdpPQQ",25,11420,210,10,23,1
"eybVTFDCGWk",22,11413,375,2,20,1
"ggmuzlT5bpE",25,11409,251,11,29,1
"94mYU7yrfKc",1,11408,14,22,11,1
"frUyNafK5Os",17,11408,28,3,1,1
"nPcko5xuYgI",26,11404,268,12,22,1
"DbLSVxqLVuk",24,11400,615,5,323,1
"7QPJgmzROqE",22,11396,0,0,8,1
"x8k9iNRQTbU",25,11396,84,13,3,1
"qReZ6yrHD7s",17,11380,71,2,6,1
"9w01Ms8KeTQ",24,11379,74,0,27,1
"peM8RHAZe-c",10,11379,162,11,33,2
"QmoSe2swQiQ",26,11379,446,241,71,1
"-15_s7oznwc",24,11376,130,2,7,1
"Hhb9-PCTNEs",24,11375,454,3,81,1
"2tcdj-xp-iA",24,11362,0,0,7,1
"aHhfO7Or3xA",22,11360,93,4,9,2
"qpWCbP1Rz50",26,11359,101,10,14,2
"YUJ4hCsXSbs",24,11353,0,0,0,1
"YBRWVmPqXr8",22,11353,187,3,37,1
"WBKRGEePLVw",10,11352,159,9,12,1
"kdpEpMs0Bsk",15,11349,953,9,113,2
"IUmjtZsApgM",22,11346,178,26,37,1
"oDDp8jKDb_o",22,11337,285,12,14,1
"HgW1u9CxjC0",1,11334,22,4,0,1
"KyqJOqT68Xs",24,11332,52,43,3,1
"Fe1QPXBJDTQ",22,11331,100,10,18,2
"DEZSPp7ejmQ",24,11323,15,12,13,1
"P-d1iga10aA",22,11311,58,1289,135,1
"vqY4anci-Qs",24,11302,27,13,14,1
"Z-77HRGcMpc",22,11301,20,10,0,1
"MY94N8p0l2Q",22,11296,139,13,144,1
"1KrosjMFyEw",24,11285,175,4,0,2
"F4SX4mYgAPk",24,11283,0,0,0,1
"QFd45fR0S30",22,11269,21,0,1,1
"yTk0vYD5G7s",25,11269,81,9,24,2
"s7xuO_FYOp0",15,11266,642,7,58,2
"p8NKy0XULts",15,11255,55,2,1,1
"JKrk3MXSDRk",22,11248,288,0,77,1
"6zYmHOT3j4s",22,11238,572,0,43,1
"XNrurK1KJPA",24,11238,240,13,60,1
"Vxn-WUlg9JI",25,11236,200,26,12,1
"jBj3PVbqVvU",17,11235,25,7,5,1
"EQjW16NHSe8",17,11227,31,2,0,1
"BbO-uciLjwE",2,11226,50,64,22,1
"WkGBHtWqjP0",23,11219,38,5,7,1
"vZSdXyvRPPs",20,11217,150,4,8,1
"6T6hgwloiW8",22,11210,383,1,3,1
"V3v-lTeucD8",10,11204,291,3,12,1
"rhNnujKxWe0",24,11199,16,3,3,1
"7pxZ9zJh3ok",24,11198,114,16,3,1
"UYUQWECkh60",2,11190,105,19,26,1
"NC7LRZP56jc",17,11178,0,0,0,1
"CUlMoumSUTI",24,11173,467,2,47,1
"MSdTCe3AUOw",22,11170,19,33,3,2
"j235qVEi0lo",2,11165,43,9,0,3
"-1por4OuvMo",24,11165,399,8,5,1
"8FioBnc4MX4",22,11157,367,11,12,1
"PAnm5P8izno",25,11154,36,13,34,1
"gxI8eX5-z2E",22,11153,160,4,5,1
"lYpVSmXYuyY",25,11149,120,10,16,1
"WRs8MmlC4bE",22,11145,0,0,0,1
"Ocb49gt-gkE",17,11139,169,5,6,2
"vK3TItHoEdg",22,11134,60,3,7,2
"QT67QjdbCn0",25,11130,0,0,2,1
"qHmuUMPADF8",15,11115,796,8,61,2
"NA9BoVaVZOg",19,11114,122,8,7,2
"limXAUxMFPE",25,11112,66,8,35,1
"bskQgW6_Gbg",22,11110,70,3,10,1
"joPGSi3iqi4",22,11107,0,0,10,1
"t_OmtkG-w6E",15,11105,454,17,23,1
"XEKXdfLIedA",22,11098,0,0,10,1
"iu0upj-Rxdw",1,11079,132,3,7,1
"enYGuUjv10U",2,11078,311,11,70,1
"EgWGmTri1sM",1,11072,42,5,7,1
"X7XO3Id4cxE",25,11071,269,14,11,1
"dL87WI6X9cg",25,11064,18,90,19,2
"QxwazZOfpok",17,11063,22,38,9,1
"fRc8bXafyI4",24,11054,96,4,0,1
"VQZW6PodRyM",25,11053,44,3,9,1
"qjcCPQIcAIs",22,11050,36,15,6,2
"Hoxz2D4WUzA",22,11047,116,7,44,1
"vXnzy2RxGn8",2,11044,86,11,0,1
"P_dNU6L8u_4",22,11038,368,4,2,1
"M16EdYtfyXM",22,11033,890,1,27,1
"_tjVER3BDW8",26,11028,840,8,59,2
"1nH1L3nWvpE",10,11021,94,14,5,1
"ePiPEabv6nI",24,11020,15,0,0,2
"P7zUrGPBH60",17,11015,117,3,2,1
"RNKdq1irlvo",24,11003,42,2,8,1
"F9Av-TWBrjU",24,11001,98,14,12,2
"YDoqYfntZsg",1,11001,0,0,0,1
"lQqMZW0WlCs",25,10996,77,45,42,1
"26NpBRf7AuY",22,10996,365,11,9,2
"o1CKfk8c_MQ",17,10994,134,4,15,1
"dp1ydTI4Dpo",1,10988,42,4,6,2
"99LJNQ2Dw2k",26,10973,431,332,91,2
"EyiBLUnVz94",25,10972,0,0,0,1
"BXjYElSWo9g",25,10970,311,7,55,1
"wry6PH_bKbM",24,10968,0,0,16,1
"vl_h410ZCh8",25,10963,169,26,16,1
"sJgaeyQI-os",17,10958,171,42,0,1
"xe-2cfKTofY",25,10953,303,6,45,1
"q_dlzl_WwBs",15,10944,200,45,143,1
"E8bZr_lQylw",25,10942,239,3,33,1
"mb1POXTStLo",1,10939,204,5,82,1
"UJHm7WCufVE",17,10934,33,9,5,1
"HUbn_iBcu_I",22,10926,42,21,12,1
"BvAX9K4lydY",22,10923,37,7,10,1
"yVrrZ_rVD2w",24,10922,121,34,30,2
"Etc1tyJQVS0",1,10919,365,78,0,2
"8zjKhY0Yvwo",22,10917,76,9,33,1
"HMUflKoFXYk",24,10908,346,23,4,1
"7IvXuVpnQyQ",22,10908,58,2,4,1
"0-PPzrG0-Hk",24,10908,0,0,51,1
"GYG6cQJVpEw",24,10907,212,16,209,2
"F0YwnzBkowQ",22,10905,106,7,4,2
"QvqW1DpypGs",24,10895,0,0,0,1
"AVlaVkH9AQE",10,10887,1435,14,39,2
"S8zB35-NQZE",24,10887,117,4,17,1
"KOZtdYCrbYU",24,10885,110,5,21,1
"zsQj14dF1DM",17,10884,35,8,6,2
"CPxBLUBV-dE",25,10877,349,36,64,2
"o5mmwnrN9Pg",25,10875,87,7,21,2
"1g0GSPUiUbI",28,10875,0,0,4,1
"fd8dUf-PjCc",25,10870,83,15,19,1
"GlKjZdsi5Wc",22,10867,200,1,0,1
"keqYlcsIu5Y",24,10864,154,8,29,2
"yfJBYV-bG4Q",10,10864,280,1,21,1
"Z0RbN1jFGPw",23,10858,292,4,41,1
"Tzc9pTy3pTU",22,10850,33,21,12,2
"Ip0KOsO4-wA",22,10838,11,19,3,1
"YhN8z8ohd_w",1,10833,87,2,1,1
"XwqqSjttqGc",1,10818,43,2,0,2
"5GWq22jj0Zw",25,10809,131,15,34,1
"-000V8w3RbI",24,10807,58,11,18,1
"fLkyYt8A4x0",17,10806,156,15,0,1
"8eecznJ0dro",10,10805,216,12,96,1
"rfHWgw1DWjI",24,10803,382,8,79,1
"gKURtuH6TtM",24,10772,29,6,7,1
"ZoMbvEgcOIY",22,10768,235,0,7,2
"RBJNQGgjif4",22,10765,172,7,27,2
"5pam0KYm-z4",24,10762,31,5,1,3
"iWiPUdZTsz4",2,10760,119,17,13,1
"S8Df94WdWhU",25,10760,314,21,48,1
"DOFHiEAK9xg",22,10759,185,6,7,1
"FdYUwzKlRQc",25,10757,26,19,9,1
"vzFKyIniN2E",2,10744,67,4,21,1
"6d-37_ISkMk",15,10743,684,3,91,1
"W9c4vb0B9EQ",24,10725,196,46,78,1
"xpG1Qb3Xl4Q",20,10715,297,6,50,1
"c4jgkD_0bf0",26,10711,367,360,68,2
"mFBzxvVUO_o",22,10709,67,1,4,2
"H6nwc1n2-2g",15,10705,633,14,0,1
"b4e07P_333Y",25,10704,40,6,1,1
"d8_ZG9tnpw0",15,10699,0,0,0,1
"qM4WLrq1GxM",17,10693,270,2,0,2
"ERepOGx2L-E",22,10680,54,15,15,1
"GuVlR7VqLuU",10,10675,798,5,62,1
"pbvI79AETx4",22,10673,72,0,12,1
"f9TfblyuH3g",22,10670,218,1,21,1
"HD2WxV8yhio",22,10667,449,1,27,1
"xbfpaAa4jOU",28,10666,0,0,0,2
"4xX0Q3-pycw",24,10666,0,0,0,1
"aB3uFu-ZjUc",25,10664,136,24,22,2
"1OiomIytMv4",24,10649,82,3,10,1
"8C1ADfd8Qys",24,10646,425,8,6,1
"n5tIxCi2W3g",23,10643,263,34,111,1
"bBpAHucHJdc",10,10631,904,8,70,2
"gRCWUOEfMCQ",25,10626,160,11,30,1
"V1YAomM4_G4",26,10616,207,27,44,4
"2BkSXBS0Kj8",17,10613,16,0,3,1
"dFBgLlBdv_8",10,10611,45,10,6,1
"JByMeIq8jJw",15,10610,50,1,2,1
"acB5HfkIO38",15,10604,0,0,0,2
"wB4MuvCUIbM",22,10599,278,2,49,2
"x705noTw2Co",27,10599,38,15,4,1
"CID9VEr42iE",2,10598,57,10,12,1
"URzD43sXhYQ",26,10597,0,0,2,1
"PdkVex311Zs",22,10596,66,13,0,1
"rUEaMjRPLfc",25,10596,29,6,23,1
"4ElE1vIDBTY",22,10592,34,17,2,1
"lsALKiwXhWU",22,10586,187,39,25,1
"Rq3bn7ldE7o",22,10586,21,11,4,2
"zFzYOxaNoY0",22,10575,179,5,2,1
"qBnhkZt7MTs",1,10575,101,9,0,2
"VsBabcUEpIY",24,10575,237,12,101,1
"h6Wz1BlH210",15,10572,170,13,9,1
"it6HyVioGGY",22,10570,596,0,48,1
"Zm5mBugnsK8",17,10566,244,7,5,2
"HprTOMpEH0o",22,10566,34,5,2,1
"Ayps5O5QM40",24,10565,135,1,19,2
"IthQVoJRev8",26,10547,303,0,0,1
"UHVYDBJMSTE",26,10546,214,20,25,2
"09bb4bYW7XQ",22,10545,44,5,8,1
"OmMxggQii9E",10,10541,0,0,2,2
"0D4SN6qm83I",24,10528,124,14,19,1
"Z6bc9_0AHQg",20,10519,73,28,19,1
"X1SkNiMYGKA",22,10517,291,3,23,2
"_im_rWcJYiI",15,10516,694,4,71,1
"gky3PAyTm6g",24,10514,288,4,4,1
"hIz7nN9v-AY",17,10513,303,6,37,1
"gazjPAQfpF0",25,10505,78,116,20,1
"D534kizeVyc",25,10502,226,11,22,1
"FMT7asokqI0",15,10502,386,4,47,1
"WtqNDSOg99Q",23,10483,166,16,40,3
"pjxlduq-gqc",25,10471,259,6,19,1
"4mM7Rui9M3w",24,10470,20,3,0,1
"9vfxkTTSKJ4",23,10467,184,28,81,4
"oQ4gR5vEWTw",17,10464,206,23,0,2
"Dq-Iz8ESLWc",19,10464,34,18,2,1
"UrsO6e7foZY",25,10462,202,30,52,2
"NIHhtP33Zl4",2,10459,104,3,8,1
"vBSPv8RtNE4",22,10450,41,3,0,1
"_FJxh1DUeUk",22,10447,0,0,8,1
"4PUonk8Zvys",22,10446,11,3,2,1
"utrfzLa8nIw",22,10446,20,5,0,1
"xK387XMa5dQ",22,10439,42,5,8,1
"Xon2RwbPuII",15,10439,702,1,65,1
"OEmtRrRIr24",20,10438,273,11,217,2
"gUrFX5QkZ64",17,10437,63,5,12,1
"GT6jQrr8Z1c",10,10434,325,15,7,1
"cC5LExSLlPQ",25,10432,108,14,64,1
"T7Ux7BbkPDw",1,10428,93,3,3,1
"rKLu_wo9ovU",17,10413,52,4,6,2
"FESkQm4UkHA",24,10412,230,26,12,1
"7In0cCRGBro",15,10410,90,4,0,1
"PQOz_boLF58",22,10410,511,14,72,1
"aEf4HH2P3gY",22,10404,90,4,3,1
"nvujXqSu3FU",24,10400,170,4,21,1
"iQij7u-yVHA",15,10395,261,19,34,1
"rMOqPY_fmhk",24,10395,33,20,6,1
"JhP-L_55Kgc",24,10393,72,3,15,1
"Fvcd_-S0yyc",1,10385,35,0,4,2
"02wCGpeVyug",22,10375,513,3,16,1
"8xr23jcJvOs",22,10367,62,7,0,1
"QVdm2J_PuNU",10,10363,369,10,24,1
"3dRhSaW5P44",15,10362,460,5,88,1
"4yXpJq1osSo",25,10362,76,11,6,1
"pw4BYR6njRI",25,10352,51,12,22,4
"05gtW7AsCLA",22,10345,0,0,33,2
"lKEbycrsjxk",15,10345,814,9,93,2
"eKmo5joWrZc",25,10342,131,9,20,1
"5iNKrV_-WC8",1,10337,180,2,14,1
"8YK94euz28w",22,10337,33,13,2,2
"2o_VJTALsNU",22,10336,38,2,3,2
"3jFpbF3Rf9o",22,10334,0,0,0,1
"wKabkvMxjMM",22,10331,24,3,0,1
"S3uQGUfok3I",24,10328,16,2,0,1
"gFZMIfpMTTc",22,10315,1330,3,74,1
"QXKwWJAzF6Q",15,10313,69,8,3,1
"6rv1-lrOSP4",1,10312,17,43,45,1
"5tyM4nyOF2M",26,10305,371,3,38,1
"fMJow6PpUvk",26,10304,45,9,7,1
"rVH4kKpf8wU",15,10304,338,27,68,1
"q1UcJfzvsdc",1,10301,121,9,146,2
"0kR7rIIHNNM",2,10296,123,4,7,1
"vBU1MTSdqwU",10,10292,648,3,15,1
"Zi-v0cRlkmo",25,10291,144,2,33,1
"SabeHxMMl4A",22,10282,232,3,16,1
"-34zc2pN1wA",22,10278,26,4,5,1
"YRG6ahYd69U",17,10264,140,0,20,1
"ybxaRMfEEoc",25,10260,150,22,37,2
"rq2jDf5yB3o",24,10258,0,0,0,1
"K4kdy9dWivY",24,10257,37,2,2,1
"H3WPiPnREPg",22,10248,0,0,0,1
"ge0mYVb-Has",25,10244,58,22,19,1
"kxLwj7l4PXk",10,10238,16,11,15,1
"StgBBZCxMmo",22,10231,17,0,2,1
"yE1WTc5dJAA",15,10230,0,0,0,1
"1SYE4OfbJ90",23,10227,190,23,60,1
"12e4vjRz0MI",22,10224,12,20,0,1
"i8anYBlC-6I",22,10222,0,0,0,1
"vIU1svHVDak",17,10220,83,14,19,1
"rdO1XRki13U",22,10217,422,4,52,1
"WLhwIH0aIho",15,10214,97,8,6,1
"e9uzyLV1BKw",20,10213,98,5,47,1
"PrPXVWUz7Y8",22,10213,129,0,2,1
"agsZ58oa41Q",24,10204,332,0,17,1
"Pj1rReyV6eo",17,10194,28,3,3,1
"hM4TpvHMaAw",15,10193,62,3,1,1
"NxlMGG5GDLw",25,10187,30,9,0,2
"kTP-d-fZlBc",17,10181,125,3,28,1
"hfIJ_sFx-gU",23,10181,196,34,52,1
"eTrr7cDRz4c",22,10180,92,14,26,2
"TwLkXloafk0",22,10178,37,8,2,1
"1O48qSFUmX4",24,10175,164,8,84,1
"DBDgyTx0kNM",10,10168,681,1,66,1
"SLgmXCFXEis",24,10161,58,39,67,1
"9RUqNcJ_5tQ",24,10159,230,6,55,1
"An9OLIaKECA",25,10150,82,9,5,1
"ROB5K92bf7M",17,10150,64,1,7,1
"Q5YoH4qyyvk",23,10149,23,2,5,2
"Okb7BGUwHLw",24,10142,1445,4,355,2
"ls5vpevCLmQ",25,10134,119,5,25,1
"p5FOO7U3OeY",20,10133,122,14,41,1
"j1RKfC1EEMc",25,10133,232,9,36,1
"4XMkBmpcP9M",22,10131,62,2,3,2
"ucIy9c5fRaU",22,10127,12,3,3,1
"0xhys31SYzw",24,10121,290,35,127,1
"yoBX4s9IqH0",24,10114,456,14,95,1
"_vmgIXa-G_I",22,10113,21,4,3,2
"lpOsYQlvbIk",22,10106,319,16,13,2
"rcovrGm3TEg",22,10105,0,0,13,1
"SOMBfeCT0qU",25,10097,58,8,14,1
"IB4f7Smd7kM",25,10087,35,23,20,1
"RUAV8JYMpbU",22,10086,57,6,10,1
"TmxJKlxMri8",25,10081,177,7,29,1
"cU0IfcORYR4",15,10080,0,0,0,1
"bLcetvE1ovw",2,10080,46,0,1,2
"eWSNpf5Hnok",22,10072,171,1,4,1
"TNSaXWWxwiU",25,10070,17,17,18,2
"T17xaPhX5dU",24,10068,121,13,44,4
"7UN2hXgFB38",15,10063,329,8,42,1
"b647ZCfpFvc",26,10062,88,14,9,1
"PAX0yQ_TuWg",25,10059,83,38,23,2
"k_N_gTqQ7kc",10,10049,27,10,2,1
"JwvBSovHvvc",22,10040,86,14,17,1
"hPrKHDHxGJ8",1,10040,116,16,49,1
"o8XB80mUZYs",22,10029,125,4,44,1
"Dc9-yDLXmTw",20,10027,0,0,0,1
"LMuQ0pRZXDU",24,10026,133,5,17,1
"fgQ25FSWB-U",15,10014,704,3,51,2
"dFfVliH4tOg",22,10010,270,2,38,2
"RfCE8kVGRXk",22,10005,45,6,17,1
"w7rhcVrO1J0",22,10004,17,7,0,1
"ycDseMMvq1Y",17,10002,102,5,6,1
"omLml3kilQk",10,10002,728,3,0,1
"gDP67s3OsQg",25,9996,222,10,11,2
"2UjOO6Caz2I",24,9992,55,2,1,1
"zPJ3Z7YjUkU",25,9991,0,0,0,1
"6eRBqARSAZA",24,9989,45,2,3,1
"C5YhLfDdIvs",1,9984,212,16,12,1
"2Yl8VZSK__8",24,9982,62,11,0,2
"3d-8l4bUxAY",24,9980,48,3,4,1
"E4cbl87L9Ow",25,9970,31,6,6,2
"dGxzT7F80uw",22,9968,0,0,12,1
"gNJXfVSwaXg",22,9965,189,10,7,1
"XrkjkEsz77g",24,9960,95,6,29,2
"7Rq2N5unUgM",17,9954,108,8,16,1
"pze3ymYHDdo",22,9947,290,2,48,3
"AiwztlqOJz0",24,9946,231,16,186,1
"QpImte6tsfA",24,9946,0,0,0,1
"VfjpzPNryTQ",24,9944,0,0,0,1
"Z6fS4AO-fXU",1,9938,125,6,214,1
"h6sd_djQ0fU",17,9936,96,6,13,1
"tbaDPktkj-8",24,9935,116,10,2,1
"lNIwhAsP9z4",22,9931,38,26,0,1
"dOmLCmz9FFw",17,9930,102,3,20,1
"omlR63G35_E",24,9919,68,3,4,2
"yQ1xn39bEnE",22,9914,15,6,4,1
"621DD1hEc8o",24,9914,75,13,1,1
"sm1opSbSR84",25,9910,0,0,0,1
"IBOgT27A-4Y",17,9908,0,0,11,1
"GhcEuecub74",24,9906,198,7,5,1
"xa_avYz0VUQ",10,9893,253,4,0,1
"XPUNJcVF0zo",10,9892,187,5,19,1
"FFxBA48eoKU",24,9891,25,5,2,1
"HpI54GVxkRw",20,9884,120,16,51,1
"HQL2uGeMiJI",24,9877,263,6,11,1
"QTe7x3MGNt0",22,9877,240,2,41,1
"fcIBxO4J7i8",23,9873,18,7,5,1
"oLStSHN1GOk",17,9871,82,2,14,1
"aXHW1NdDRis",22,9870,26,4,0,1
"LXjaIi2jW0o",24,9863,30,4,4,1
"FRE3mfa9IKI",10,9855,281,9,27,1
"NGJBahx2fNc",24,9855,227,14,18,1
"6sexVZpv5RI",15,9854,227,22,94,4
"XJ2SjYePvXo",22,9853,63,3,12,1
"CtYFO2V8RaU",22,9852,0,0,0,1
"c-YYUzrEd5A",24,9851,29,0,4,1
"VyvVFttYlGE",24,9847,16,25,20,1
"eemH1krGj4Y",1,9847,4,14,1,1
"OsqJIiyfnFQ",26,9844,242,11,41,1
"JzxxgGFYx8Q",22,9841,5,10,6,1
"f8Y5JM36Mec",24,9835,31,0,0,1
"aUrkQmYxW6U",25,9833,183,10,39,1
"Dz-UNxkTXr0",26,9829,683,8,139,2
"DaDSqh7NxQA",1,9827,119,4,171,1
"T3KsNcAKJjo",24,9824,2479,5,381,1
"eklsF60h-qg",22,9820,32,3,2,1
"75ifR7t8mZ4",23,9816,179,1,18,1
"HsuKD8zEWJg",26,9809,244,13,24,1
"Vl-3ADkZvdY",20,9809,335,6,20,1
"rMg-nVwplZo",24,9808,18,7,0,1
"5C1XabSetfA",1,9805,261,0,77,1
"XBK-2_6GQ5g",17,9799,41,2,13,1
"6E6Ki3r5hto",22,9788,0,0,0,1
"SYkx4zPy4BA",22,9786,196,13,45,2
"3O3xUIfxl4Q",19,9784,180,32,32,1
"nsVse5Zzkro",24,9783,216,6,10,1
"TL6uIrIxNCQ",1,9769,208,2,7,1
"zzyGHbhCpV4",25,9760,233,10,87,3
"or4c2Igs5mU",17,9760,38,3,3,1
"Z92N_d4tprk",25,9760,39,25,40,1
"cyLy6kYmwjA",24,9757,299,9,32,1
"uT-2O9RL3EA",10,9755,0,0,11,1
"KeIrKVJRzVM",24,9746,241,5,15,1
"VJS2Yl1upGw",22,9746,28,17,0,1
"3Z1R-mH8sJE",22,9744,0,0,0,2
"kCOMy4KuVuI",22,9741,33,4,4,1
"UyoiTExWcNA",22,9735,130,3,16,1
"TdWHNVpSTlI",25,9728,42,20,8,2
"6JXcGLO0-Ro",10,9728,273,4,55,1
"eQi01pDIGEM",27,9725,250,12,18,1
"8658jz_KYFs",23,9716,250,21,53,1
"PHczVNWc_hg",23,9713,203,40,37,1
"-93_KYLg14s",22,9702,93,23,19,1
"HM7VBpgorrs",22,9701,228,0,6,1
"FEv979ZO6SQ",17,9700,10,2,0,1
"ASLemmPKcvk",24,9693,385,7,47,1
"QFPTS_drkzE",24,9692,23,35,6,1
"ngX_Z_JkLbI",17,9690,180,6,69,2
"ylZ58XFwDj4",22,9684,24,4,4,1
"9_bRzXTDZ2M",26,9679,234,3,60,1
"NllxV9dx5mA",20,9677,41,5,3,2
"mfF4BXAK3cA",22,9676,27,13,1,1
"6kVBrW7TQRU",22,9672,0,0,0,1
"FNEQhX8TkUU",22,9671,194,8,44,1
"IhG7uWLK97E",22,9671,0,0,0,1
"hLxTYGZUTrU",10,9667,0,0,0,1
"QJPvhwyFgcY",10,9666,0,0,0,1
"3mn5eGng8uQ",25,9664,101,7,78,1
"3kDEL0gBrsg",26,9664,470,309,110,1
"LRnnyqBhXtE",22,9662,44,15,28,1
"x4Kii3eZWsM",1,9655,0,0,0,1
"SXuCY5XBNWg",25,9653,452,268,0,1
"HIcKLe6ePRI",24,9651,91,7,0,1
"mKhCW5E7we0",23,9650,57,7,1,1
"dh8PonaoH40",22,9634,182,0,5,1
"cQGkM3ENUqM",22,9631,52,3,9,1
"x54-EIi78xE",2,9630,40,19,10,1
"0AZiilM9KAY",22,9629,346,99,66,2
"Ve9RHzUFQdo",25,9625,81,6,8,1
"Px3VOwD-WVo",17,9625,80,3,2,1
"Jv6ksCxAwmw",10,9621,336,29,45,1
"qDcDwAcal80",22,9619,38,4,32,1
"Fs-YZnvOkLI",25,9607,417,28,87,1
"CZLPfhptDvA",24,9605,93,3,7,1
"BHZiipCw8wc",22,9605,103,4,11,1
"Saxps-dssrc",24,9596,281,1,18,2
"JG_csoJUcDo",22,9593,70,6,9,1
"x4_8fOAAx-U",10,9586,516,4,4,2
"QrlaQTcOOiU",24,9584,0,0,0,1
"mdNDAOq8lMk",17,9582,14,5,3,1
"fcgccb-Qy_I",24,9578,198,26,23,3
"gyZXCQ2zQWY",26,9569,127,9,11,2
"e-m-eBjHukk",24,9562,204,1,25,1
"IPuXk7ewJvI",27,9560,365,5,18,1
"zbcTBHl62ik",24,9560,0,0,0,1
"OF6JI2RC0Jk",22,9552,982,5,103,1
"lxUzBcPH_JQ",24,9548,0,0,0,2
"2uwogknfWxE",25,9543,49,1,3,1
"0fjYwqmRxKM",22,9542,220,0,4,1
"yleqlWfJrF4",25,9534,278,18,37,1
"wsp-haly_t4",24,9533,130,8,0,1
"ww7hiuYLUgE",22,9515,164,11,27,2
"2e3mKBBSRgg",22,9514,417,8,272,1
"GK9dlOryPs0",24,9502,311,2,0,1
"s49e8g1TDys",20,9502,272,4,59,1
"fUUgqS4OaY4",24,9494,140,0,0,1
"p2GisgZNGhs",22,9493,24,11,9,1
"K2D-b5eJMac",22,9491,14,7,3,1
"KuzQ5JdUy78",24,9489,38,3,2,1
"XFcS5tbSnG8",22,9482,0,0,0,1
"QWq0qyXoOjo",24,9479,30,1,6,1
"dFW5imMJfn4",24,9477,163,30,30,2
"dzkWM1_bUZI",2,9473,83,15,21,1
"3fNK5cyMPPI",22,9472,0,0,0,1
"Sdn2XPZ0Nb4",25,9472,110,57,47,1
"JhS9zAoojK8",25,9465,0,0,0,1
"b_Xwz1W4Ym4",24,9465,40,3,0,1
"P8D7Mqkd7s8",24,9460,8,8,0,1
"Vjpw81vZI3A",1,9456,189,59,33,1
"vZgK1eMlYDg",17,9453,66,1,16,2
"tSqAiZ6J9KY",25,9444,0,0,0,1
"ACeM4cCWjLU",24,9443,134,9,11,1
"NOHIvJYhsNw",22,9441,165,8,37,1
"ZyiWYPZHmLo",22,9432,62,3,4,1
"Y7A4h482WTQ",24,9431,6,13,2,1
"O_68W2Xoag8",24,9428,43,18,14,1
"lj_w36By6VQ",17,9423,0,0,0,2
"s8tYSrytOt4",1,9413,142,11,65,2
"qEW1LFEvSgo",25,9408,0,0,0,1
"zGJXoVPJuIg",15,9395,66,5,0,1
"VXqiak1uJ38",24,9393,393,9,23,2
"ALLtneBdmPM",26,9389,374,10,43,1
"vcq2TVvf6CQ",22,9389,17,8,2,1
"wpyPxrQjXF0",23,9387,275,29,33,1
"WTD8ywi39xY",22,9387,0,0,0,2
"v3nA2Xzsjfk",1,9387,28,9,2,2
"wabTFfHKYT8",17,9377,45,0,2,1
"HKEi8fuC6oY",17,9373,61,8,5,1
"PKxgCHZlNww",26,9373,198,11,6,1
"JUbCpcFVisk",17,9368,28,3,3,1
"nsqIkH-2-fU",23,9367,116,17,35,1
"YHigw28KtAo",1,9355,214,2,24,1
"A5zwEf_1MO8",15,9342,0,0,0,1
"m_WE2smbNmM",10,9338,226,1,3,1
"QZuRcHE17rk",24,9327,155,21,79,1
"YfDd0IYaHeU",26,9327,162,13,36,1
"pwFlZ4xFIGA",20,9323,121,18,13,1
"i5-sBsXcLi8",24,9321,24,5,7,1
"Lv3Mj4w7m8M",25,9319,34,20,15,2
"390U2WHZR_Q",15,9316,539,8,51,1
"G49fFstYlHk",24,9314,0,0,0,1
"s61e2Uqy0j8",10,9312,599,6,119,1
"gPEhktfXklM",15,9308,384,10,58,2
"2khAbNHQVjg",24,9308,0,0,56,1
"tDGZeSTuQYg",25,9306,81,3,3,1
"VbcJPJcUwPs",24,9303,0,0,0,1
"GXM3lK7LCW4",24,9301,126,5,8,1
"2sDMKAFqHeE",24,9291,133,2,8,1
"eeGyk9fKauI",24,9289,0,0,66,1
"osaakFg3BGg",22,9276,45,4,14,1
"AInaCZmiJpk",15,9276,0,0,0,1
"IW1a5C7f308",26,9269,8,15,6,1
"6wKw61S0xLs",1,9265,0,0,0,1
"xklt8hWQpDw",24,9260,99,13,31,1
"jcVKfSZ1tWg",24,9256,127,12,17,1
"2KkxNSRwueY",17,9256,30,4,0,1
"moDVxEVa11g",22,9252,56,3,2,2
"SIylmGMFAUU",15,9247,1056,2,240,1
"HF--tDy9a9c",24,9247,300,4,15,2
"3SDhCqvOXYQ",22,9246,11,27,2,1
"ufhowLh5liU",22,9245,79,0,0,1
"jSvuBVOYGas",22,9245,72,59,3,1
"WhIQXNw2z7Q",25,9242,17,8,2,1
"V0l5fBhS-T4",24,9240,75,11,39,1
"Lsax9qn-IMM",25,9237,0,0,85,1
"fpOTrK-IRRo",22,9237,51,6,5,1
"wJJfPnX-hdU",10,9236,12,19,1,1
"OlqeXO5uzo8",22,9234,25,8,10,1
"v-bpfdbhSa4",24,9230,22,66,17,1
"i3oSbHQuAA4",17,9228,62,9,6,2
"J1Nw_-1EpK8",25,9222,54,3,3,2
"5-HEaBHT52w",17,9220,124,11,2,1
"wAPD1-o_JMU",2,9210,123,4,9,2
"vsJiLRY369A",25,9199,0,0,0,1
"i_x84uG4E3I",17,9187,84,5,6,1
"3xok9gbwP4M",15,9186,200,12,54,1
"B2JL6O-2Byk",25,9185,80,14,4,1
"mglPLcAsngo",22,9182,0,0,33,1
"GqxhPxMdtFI",25,9182,201,44,28,1
"cFwBPtzbKMg",2,9177,64,6,28,1
"UDk6GQa2ICg",24,9173,151,2,50,2
"LUgt3VmXmHM",25,9173,44,2,0,1
"JDAYrfco79U",22,9172,84,1,18,1
"UzEkCyK8-QI",15,9171,0,0,0,1
"D48tfKkxZCo",25,9162,37,5,13,1
"OJarxMm27KY",24,9160,516,27,48,1
"BsfOgyTtoOY",20,9158,148,15,6,1
"Rp2X-WyR03I",10,9157,58,4,4,2
"jXSTgg7YPd0",22,9154,112,4,18,1
"6dDYay8ZfPs",22,9153,95,5,10,1
"2rwUT2dkmBA",10,9153,160,4,3,1
"DmajrXPu0zg",24,9151,265,10,36,1
"jb2eJzjqnFU",17,9147,125,1,22,1
"L0BOZT-DAfE",15,9146,58,6,0,1
"87NEKFt271A",25,9140,267,10,89,1
"ONXwrxMWR_I",2,9131,50,3,5,1
"nq-BvUITPI0",25,9121,0,0,0,1
"GmPC374gL1c",23,9114,36,4,13,1
"tizAtn7lztQ",17,9114,120,16,0,1
"HZQblO8enho",15,9109,0,0,0,1
"r52co79hxis",20,9109,336,93,70,1
"QnEU-U7D-4g",17,9105,69,5,4,1
"Vp-Gaw9ptoU",24,9105,34,1,0,2
"fjOwPHPJ76E",24,9103,175,10,19,1
"q5klYUWF6HA",26,9102,293,16,94,1
"v8NNMPOy570",2,9095,72,5,9,1
"idRces7Whq4",1,9091,83,1,11,2
"1dQLEnkInfc",25,9090,61,15,0,1
"BUOrhRnjLC8",26,9087,0,0,0,1
"u4y4M3aKtPY",1,9084,0,0,7,2
"1ePKhxy5_Kk",17,9084,20,6,12,1
"ddM42yD5fDw",25,9083,244,8,55,1
"kCl8CUqKaXo",10,9081,500,3,27,1
"8XDI1dC9AuI",24,9079,74,3,0,2
"CX78OURUK4A",2,9076,83,17,17,1
"hNUN1Lt6SUI",24,9076,72,3,1,1
"18zQ2dTsprY",15,9075,289,10,36,1
"kLQMdSIVTJQ",24,9067,16,10,0,2
"C_Wu9FxSuIU",25,9063,191,6,19,1
"59gQTS2w1kU",26,9060,296,163,88,1
"vQ9yYKyzTks",2,9058,0,0,4,1
"zoDst_M5biY",15,9057,157,29,31,1
"raO0vtiTI0s",17,9042,123,16,20,1
"FveCQ4AvUio",1,9038,31,3,7,1
"oAKbbjFYFSs",22,9033,108,4,23,1
"nyVCSJNGlL8",25,9032,6,19,6,1
"xEVew0y6y4A",24,9031,121,14,26,1
"Jr7P2qEc5_0",15,9028,64,2,4,1
"I69x7Qn4pFo",17,9026,149,3,11,2
"j2BHzqFnkZE",22,9019,57,2,8,1
"MqjMXW09gQA",24,9019,0,0,0,1
"xaccVkfZ9Bw",24,9017,116,5,116,1
"PbwiPNmTAYg",25,9015,0,0,0,1
"EwR1RPmB96I",25,9008,39,25,12,1
"6nZKyeWrcwI",24,9000,123,5,19,1
"WXoK2ktNuR0",2,8999,38,2,3,1
"iuhOZnPpE7Q",26,8999,0,0,51,1
"pUkQW6yab3U",22,8992,134,7,3,1
"4dFPzkP9Sr4",22,8992,223,5,12,1
"fCSTmDAWY-c",24,8986,219,8,96,1
"uiR3JJ2luz8",25,8986,257,7,8,1
"6Rp1DaIsqrM",25,8983,196,13,16,1
"lxatvwNGcKI",26,8982,530,336,268,1
"aPFkamCdgdk",24,8978,7,3,3,1
"9Hl3X3jH_RE",17,8974,0,0,0,1
"OtHV7ICs5-c",17,8973,114,19,11,1
"EArMghVeXnU",25,8972,126,8,26,2
"Bm9RjvnRhVU",17,8961,43,16,8,1
"QwpH5IYlnLI",24,8950,0,0,36,1
"rfddaQ0wFOo",25,8947,69,33,20,1
"wt5RZcfCpPU",24,8946,11,0,0,1
"ngambqAukEI",15,8944,0,0,0,1
"pkLEd08S3q8",15,8944,483,7,112,1
"LZpt4sQzO98",25,8941,110,12,16,1
"08JOuj_EnoA",24,8939,137,7,0,1
"oKJ9k5IaH60",24,8934,33,6,5,1
"NJRJTiK2tJ8",22,8929,472,6,54,1
"9fWKJG6-saE",15,8920,318,7,31,1
"F1jkAJbX2y0",17,8911,26,3,1,1
"laaInRXL9pg",15,8911,78,3,5,1
"BR21L-21QhA",25,8906,206,38,62,1
"XYxZ-ALbi_E",22,8904,118,2,5,2
"WSOo7ix201Q",22,8901,195,33,11,1
"XkxWVYjq7-o",10,8898,137,7,4,1
"AhIsJ1N5cbw",22,8897,214,2,26,1
"FvcJdbSQDHY",24,8895,136,5,10,1
"9xIR9GaxcTQ",22,8893,40,8,10,2
"ZmStrGraAGo",15,8893,279,8,30,1
"y3JznyY0j5I",22,8890,0,0,84,1
"LMsvfttKL8M",15,8886,0,0,0,1
"W-bYuGN1iro",10,8883,327,4,21,1
"KWf9Qrry3g8",24,8883,335,14,12,2
"d7wOOROa7Y4",24,8881,135,25,110,1
"gkC4U1FpCqM",25,8880,70,6,8,1
"rRqdCfVecDY",2,8876,38,9,3,2
"dETA5ekdWE8",1,8870,161,2,12,1
"pekEneKKoyg",22,8860,0,0,0,1
"r28pS3dBYzo",24,8851,98,5,22,1
"yYJ7iDyovRU",17,8845,85,5,0,1
"el_XrZLazWM",25,8841,17,1,0,1
"vTrVi0Q_Hq8",22,8840,0,0,24,1
"W3xAzDHVlTc",1,8840,26,29,7,1
"hxee4QIIiaY",22,8838,372,8,36,2
"WZF9sbTE9L4",22,8827,144,2,6,1
"El7mMtrb1JI",15,8821,297,10,35,2
"ElCliKqSxC8",23,8818,100,16,38,1
"vPEaJhzmTEU",22,8815,287,1,31,1
"pmRHkC6yN18",20,8814,179,1,156,1
"HLnMsX6Emr0",10,8807,12,13,1,2
"vbmSSr5Fosc",24,8804,56,31,5,1
"FKN1pG03bqQ",22,8803,14,2,2,1
"jcuYPLT3_D4",24,8796,902,2,0,1
"bmGdwOdsUBI",1,8796,231,7,44,1
"mIklk-v6cCA",25,8795,47,9,1,1
"0dVtZ9YfMus",24,8791,270,12,703,1
"NFjiPCqkNBE",20,8791,85,1,35,1
"Ag1xf4PgfaE",22,8787,58,50,43,2
"bJUKU0p24Ac",22,8783,13,6,2,1
"bj5LUWQN0wI",24,8780,178,1,10,1
"JHqvujepppU",22,8780,101,3,17,1
"PiKy7kw_BrU",25,8779,260,34,78,1
"JRvH19Qpj0Q",1,8773,642,5,23,2
"sjYkJqZGALw",15,8766,0,0,0,1
"X_rjGCuvsXo",25,8763,86,11,1,2
"6zdLtW1kQCE",24,8762,0,0,0,1
"rqJFMTktU0o",22,8760,18,3,1,2
"aTUg0kxmx0o",22,8753,11,3,0,2
"F01SNRsuhxk",15,8748,40,4,1,1
"R5SCR8OkJTU",24,8744,20,9,5,1
"t5HgojBT6r8",17,8744,69,7,5,2
"U-A9HghtNi4",15,8744,276,9,37,1
"cBoy1wNefyg",22,8744,10,29,1,1
"KreHIweGF6w",20,8739,31,13,19,1
"MMZzdKgAWKU",10,8737,92,6,5,1
"Fd0MWGie1hQ",2,8737,0,0,0,1
"eyFw-968KJY",1,8735,64,7,5,1
"i8SyPxLJNKs",26,8721,133,10,0,4
"rr-esY3f3eI",22,8717,25,4,1,2
"7l0bpwCdaqI",24,8715,49,8,20,2
"obYKKoPF964",27,8703,133,10,0,1
"QVOauAR-2x4",24,8701,0,0,38,2
"olm5CPQVFqs",17,8690,460,4,41,1
"4ucuHkdJsds",22,8688,36,8,15,1
"HN2kgWnF_Vc",1,8681,23,7,7,1
"iISJN2G4TP0",17,8677,96,6,72,2
"BiJq5pVeQIw",24,8662,336,5,3,1
"rOsMsLuh-aI",22,8662,0,0,0,2
"M7R6KcCo1R4",17,8660,22,41,0,1
"AlBvz8fDjPM",22,8660,0,0,0,1
"DKTgbLCo2Kg",23,8649,41,3,6,1
"0KHYYzGT_jc",22,8648,72,2,17,1
"3Qv7691DIUM",22,8638,0,0,0,1
"uBruz0qyJ9A",24,8633,160,0,8,2
"2tQKS03UQ18",24,8632,77,3,10,1
"Xge4bgWLqv4",1,8631,148,3,26,1
"YdiBftTuhTQ",22,8622,422,0,21,1
"K-7kJYeDUIk",25,8619,13,14,8,1
"qcMD81rcaIA",24,8618,299,689,380,1
"WGDeS5qJigM",24,8615,54,8,10,1
"IyhYpoLUr9E",22,8613,128,5,0,1
"nc6hyDZ7I6U",22,8610,320,8,9,1
"mDoDBUiChvc",24,8600,1293,12,0,1
"mKDwqQOF4ko",2,8595,44,4,4,1
"cDHulfdc0YI",25,8590,28,20,12,2
"1L9JWtYLCYM",24,8583,24,2,2,1
"k3hUM9qnf8U",22,8582,91,11,2,1
"3CzKIhDfDKo",1,8580,35,7,2,1
"C_OYp4-pzmM",25,8576,18,15,10,1
"PgRZpEHr24o",24,8573,132,3,26,2
"xryvJgmCeBM",17,8571,104,2,4,1
"y8n78OQH66Q",22,8564,45,5,4,1
"EMRQq1XgTjQ",25,8554,100,9,9,2
"YcRTKVW5tgM",10,8550,476,5,55,2
"n7TsSMycdKg",15,8549,0,0,30,1
"zHtatqr0OBE",17,8546,116,10,7,1
"PZDyBoA8x0g",15,8544,259,5,27,1
"Yfu1wFR3vR4",22,8541,40,11,11,1
"v4vnit-IuVI",22,8539,29,7,0,2
"v12AFvR4O90",27,8533,176,20,12,1
"gSW4VOwuQJE",15,8531,229,4,27,2
"BS8SvWxMCr4",24,8528,0,0,2,1
"ry7QskkSfeQ",25,8517,76,10,6,1
"mgLuTJMJxY8",2,8514,228,18,114,1
"AEA_3P8w8wo",25,8511,59,12,4,1
"qpEZjNECNnM",26,8506,240,7,4,2
"orspqaqSF7s",20,8506,11,8,2,1
"h68Cc2mQebY",25,8492,41,10,42,1
"v3Kdsy3mNU4",22,8489,42,1,4,2
"hHObdqTxQnU",22,8487,76,5,16,1
"ahVHGImHyqQ",22,8485,0,0,2,1
"YV0VnZpYh8E",22,8482,62,7,15,1
"ncdHAila7rE",2,8474,78,17,8,1
"q4gEiZUrZLI",1,8472,67,1,4,1
"jN902Kgh2VY",1,8472,60,1,7,2
"9aXTAl0psTE",10,8467,0,0,0,1
"83d-Yj7ALB0",22,8458,6,7,2,1
"Tycw_agwZII",22,8457,326,19,44,2
"ijTv9MDPUOU",22,8455,6,0,0,1
"esvj4nDUY8w",24,8450,36,5,5,1
"48IoA9p20TU",25,8437,187,12,50,1
"7ZMUOxgZ_bw",24,8434,57,11,11,1
"j6dnI9wqoA4",10,8425,980,16,53,1
"Nb4glunjM0o",25,8425,229,1,19,1
"5D67XKNjVbE",25,8419,29,8,2,1
"5WC50umCN74",25,8418,406,22,88,1
"x3Bqrq6Ilaw",24,8414,236,10,48,1
"g6yxnkgFNpM",22,8403,0,0,4,1
"jZAacKltw8E",22,8402,440,4,12,1
"WFxrBfCtlGU",24,8398,53,1,0,1
"TWFMacLv53w",23,8395,161,5,8,1
"Bmcdg4_qmQE",22,8391,50,7,16,1
"FcmCJQwXipY",17,8390,122,10,26,2
"2PYnrzl4Qn4",25,8389,10,6,11,1
"bPV8BLTVIZc",23,8383,218,1,50,1
"VSsIW0aIpGk",24,8376,354,7,13,1
"CV214Rw3Mh4",15,8374,223,7,30,1
"a8DnAhlfruY",22,8372,112,16,0,1
"VRb68HPexik",22,8372,229,5,36,1
"0L3ylTOsQJc",24,8372,215,8,2,1
"lSd87_SZkPs",24,8371,299,1,14,1
"_FQfuEG9TjI",17,8370,21,2,2,1
"OWQs7sKZtB0",15,8370,273,5,40,1
"IAjYde21SHI",22,8368,145,1,0,1
"UimOLNmTAJ8",17,8357,19,3,1,1
"IGohjKDaeAc",17,8357,50,1,3,1
"2VXkw4cnKdM",1,8356,23,2,5,1
"1fvaP_sdjEs",22,8352,45,13,15,2
"9Om3MZRM5kg",24,8346,113,3,13,1
"QZcNIGmOVBo",22,8340,16,24,0,1
"vL5D0BWUPEM",1,8335,34,5,2,1
"ZkAIpjuAmfc",22,8332,25,24,4,1
"06Y65OcmqEg",25,8332,81,10,7,2
"TRfVznsQFlI",15,8331,123,17,91,1
"CYRoFk6mrXI",22,8319,85,4,10,1
"W9YPUPcBJrA",15,8318,631,5,302,1
"g5ZSWGyN6Q4",22,8312,231,16,23,2
"RC7SqvCNhvU",15,8312,725,4,84,2
"qvaeieWv0aU",24,8305,31,7,6,1
"ijxFjeTcT4k",22,8305,91,2,4,2
"nhBtOCUsdFA",17,8293,28,1,5,1
"ZfOjvOcVKhc",15,8287,245,8,40,1
"PkvjgImYKhU",24,8282,56,25,71,1
"iIJwNpof9AA",15,8276,249,7,27,1
"TsWbaP-oFvs",24,8274,25,4,8,1
"iv3wTnxdxM8",20,8273,0,0,33,2
"cb_nxwf94Yc",27,8271,160,12,5,2
"VMagBgNf-XQ",20,8266,115,4,39,1
"H1v_x2xXA2U",25,8264,0,0,0,1
"3O_8GjpLLAk",20,8260,85,28,3,1
"TWDvy28exPE",25,8255,51,3,28,1
"gcUlSs1FDHs",22,8253,0,0,10,1
"Tk6JIaUDSG8",26,8250,282,3,39,1
"wQOHb3rH7Hg",22,8249,89,0,13,2
"x5Cbv52sOzc",22,8247,42,3,2,1
"35ugjdgdo3c",25,8247,134,6,2,2
"gWr8YHCQRAs",2,8237,206,17,71,1
"wA0082Y1yag",22,8234,192,9,79,2
"_dSjhGq-7Ao",20,8234,45,12,8,2
"I3Ik7IhhXoY",17,8231,27,11,4,1
"agLSHqIHSM0",22,8228,8,21,0,1
"eawmCz-goO4",25,8222,62,7,2,1
"uM116ax67MI",25,8217,15,4,0,1
"Lh9Sk54bL-4",24,8208,94,3,7,1
"JBFZv7AvbHM",22,8205,42,4,8,1
"WyTIM9g0tkU",22,8204,0,0,21,1
"Lmc1pVL2vm4",26,8204,370,4,29,1
"TrYmNJmVgU0",17,8192,150,8,58,1
"kPcPiFEZ2B4",26,8190,373,7,28,2
"pOO2O1a3ot8",2,8190,261,7,64,1
"HWhTtxmyh6w",24,8186,322,16,2,1
"9msYpjWwoMk",22,8183,51,4,0,1
"nCDfJWm4kAA",17,8169,31,5,7,1
"clDnibSL8ks",25,8164,183,117,82,1
"BnXrCaND0Dw",24,8161,990,10,10,1
"uMGGqNXwOtM",17,8161,0,0,0,1
"CN5FfG4buIk",22,8160,585,14,91,1
"2zWiQPl-JMo",25,8156,48,16,18,2
"deDlBSf_ul0",24,8152,23,5,1,2
"7-5xRVTbA-k",25,8148,266,10,47,2
"kU4PyWNs6RA",25,8148,116,102,21,2
"hrncr22purE",20,8124,144,3,22,1
"UUPWi9EA3TY",17,8111,46,5,2,1
"TvoMtKuQU-4",17,8111,181,5,17,1
"Ue-k_j8sYpc",1,8109,11,11,5,1
"IThIVh9MpQw",22,8106,33,6,0,1
"93X061kiO3E",22,8105,47,7,6,2
"dX0zvcxpnnc",24,8105,132,0,8,1
"iNkpUjSnzAE",24,8103,219,9,6,1
"TAvwLKw4pqE",22,8100,225,13,89,1
"pSMUX2qc0Is",24,8099,287,0,28,1
"copPeiZTlHw",1,8098,27,4,26,2
"kSfffhlyiYM",22,8097,60,3,5,1
"UJ1ah_0MxNY",22,8095,43,9,5,1
"KsaiWtHPuxQ",1,8091,437,0,18,1
"xTf20xZaPe8",26,8091,66,5,2,1
"l8urYiZ_wME",22,8089,30,7,4,2
"nZ5ijPlnuQo",22,8088,44,1,12,1
"sI32nx2AVoY",24,8086,386,12,33,2
"amNhQ7cYJMs",22,8085,31,4,2,1
"fiCvoCOcB6o",17,8076,0,0,0,1
"zyUDzlpM90E",17,8075,35,2,3,2
"9_SV0SlBrHM",22,8075,24,22,1,1
"_PNyUeM-K0Q",25,8071,33,7,3,1
"Vb4LaepCodI",22,8069,21,7,1,1
"nrmLNe4MDsg",23,8068,255,2,13,1
"kWf-vSHYr2o",17,8057,48,1,51,1
"vTYtgCTbMEo",17,8057,100,16,25,1
"csB6wQs0CTs",24,8055,30,8,1,1
"poUY8wSSdEs",22,8052,12,16,14,2
"F9VkCYu69bk",22,8051,296,5,51,2
"3zqT99qO1PI",22,8051,24,3,1,1
"oRWO-T-qhis",22,8051,76,5,41,2
"_s21PPM2hUI",22,8050,35,2,0,2
"gE5IlTNv6CA",10,8048,482,3,33,1
"z91HAd77mts",22,8042,57,3,51,1
"1SKc5JQyfoQ",24,8041,24,1,0,1
"t2HlQCQtUsY",17,8036,37,5,4,1
"7KKeav0gDxU",27,8036,126,11,2,1
"dzdQ9ENKlNg",17,8035,431,8,28,2
"xcleczto7j0",24,8034,36,16,2,2
"LTUO4tlVTI0",23,8024,47,1,14,1
"LLuWAC5aEhE",1,8018,106,0,4,1
"MDLdZzy0Zk8",24,8017,513,5,49,2
"P6g9k5gaxpM",23,8016,155,45,32,1
"Gms_9vPJORA",1,8015,67,15,24,1
"4vvI30fJ3tA",24,8015,140,9,4,1
"NMo0wp2zeNs",22,8014,31,5,0,1
"X6nH6lKFY8w",22,8010,52,3,17,1
"Y3Dz9Jxh8ak",22,8010,271,18,14,1
"MvFodP0IhU4",24,8009,0,0,0,2
"GujWHsR4PZ4",24,8004,0,0,8,2
"FobsaYaC73k",26,7998,229,9,55,1
"E_C7VQ2ecMo",17,7998,51,5,5,1
"anLtrP_CogQ",24,7998,46,14,39,1
"6Yjl-xY1is0",10,7995,370,2,18,1
"YUVkvdG1Zug",24,7995,771,0,120,1
"ZSz6FwISNas",1,7994,66,1,2,1
"h2AcF7Z3sO4",15,7992,679,10,58,2
"Xv-WkoYNeyY",25,7991,8,42,22,1
"Zqj-l6y-2Cg",22,7989,56,1,8,2
"rtLHyMNLnOc",17,7987,43,5,13,2
"Wy5MrX8gHFE",22,7976,64,7,5,1
"fm_3wYb1Qt4",17,7975,123,2,30,1
"7_fJ3tLr3lg",20,7967,42,38,12,1
"eLmjT9EVTZc",15,7967,143,9,5,1
"WBTnt30JAdU",24,7961,44,3,0,2
"2Y9cHoehdoE",20,7961,136,20,31,1
"oCrXFOGIItA",22,7954,105,3,5,1
"FHISfS2Kp5s",24,7950,16,13,5,1
"u9eJFcxmFWU",17,7949,81,12,6,1
"MfgpyCLkbZg",22,7947,23,4,1,1
"_4oPsfvbpAY",25,7945,262,13,76,1
"VtpPts4BJ48",15,7940,451,12,130,2
"IwSXeBDBX1g",22,7940,270,1,30,1
"Eiz1lBTsWx4",2,7939,170,6,69,1
"bDutvsgf8vw",22,7939,104,4,3,2
"a3Fmwgz-hoo",24,7937,63,3,5,1
"tcJTkLrFCwI",22,7935,78,1,9,1
"O_bcFzxQL1I",22,7934,15,2,2,1
"EPRwCcfK6YU",24,7933,47,14,14,1
"1r509Yt9XLg",23,7930,150,25,43,1
"YM96SeGLl34",22,7930,46,13,4,1
"yRpR0-i-qyA",24,7929,93,4,4,1
"zx6gtXsGwu4",22,7919,132,3,16,1
"Cerx4Z6WbPk",1,7916,63,3,46,1
"MaC4JSaYMH4",20,7916,350,3,65,1
"S8vGI7A5qFc",25,7915,71,2,15,1
"cNCeddy-XOo",1,7912,162,10,17,1
"MKPhDhx_eyY",15,7911,326,8,46,1
"VcMyiTrbhfE",24,7904,14,5,3,1
"9Dg7G9VpX6s",25,7902,33,25,5,1
"qgyzPZMw1ig",17,7901,64,3,11,2
"g_e9CFNm3aQ",2,7900,194,1,41,1
"P94XLSN8Drw",24,7899,14,8,3,1
"p2Il9TcNrlo",24,7896,27,5,3,2
"6BhqK4nvuKQ",17,7888,63,4,26,1
"PsHwLeO0BrI",24,7888,62,8,5,1
"7QE0H-m3-Uo",22,7881,389,31,13,1
"Lwx7QHl_U0s",2,7877,43,1,5,1
"qmaQn-yqhZI",24,7872,38,8,16,1
"7S0caXcw69E",22,7871,68,4,8,1
"Wmn-ZBicREY",17,7869,13,4,12,1
"jUpsp0Zpxtg",1,7865,19,3,4,1
"mSTVmKxspOU",25,7864,163,16,4,1
"OaTGK4rZr1g",25,7857,35,5,2,2
"jzupfHPqUdY",24,7856,423,2,40,2
"2jPNmNQu-80",17,7855,62,0,2,1
"Tyqdr3X185Q",17,7855,22,12,41,1
"RuTQ5izl11s",25,7855,105,39,15,1
"hUq5ca24QwQ",2,7853,48,4,5,1
"MqbZ7RVgb8Y",24,7852,587,5,121,2
"XJBRF0OK290",25,7850,93,15,33,1
"zViRf5QvdKI",22,7846,12,4,12,1
"addTf5s1N0g",27,7846,107,6,20,1
"X73pKXzPDTI",2,7844,54,4,9,1
"hlQSwL5fmsU",22,7843,63,7,19,2
"sBzvX-XHxrw",23,7838,22,0,4,1
"P76oVZaT_JU",26,7836,194,61,34,2
"2agFI_X7joI",24,7832,266,4,13,1
"1c32oj71UYk",20,7826,156,8,20,1
"qBfvJFdRxqI",17,7822,33,4,0,1
"ZT-gcKzuB2A",17,7820,103,9,208,1
"ffCw_f5SWW8",22,7814,42,3,3,2
"5gHfrVuipA8",24,7810,128,10,64,1
"9qCWyEt8s3U",10,7809,33,1,19,1
"hNHsZEvJL2g",24,7805,0,0,58,1
"Wm2b5dbnPrk",22,7805,11,25,21,2
"6v13QWPuW9g",15,7802,315,13,32,1
"bxjXxAh-eso",15,7802,74,6,65,1
"RUoo2Iux4Us",25,7802,88,3,7,1
"OOirlkKmlhI",25,7801,58,10,51,2
"OzXcZNZgMKI",25,7799,51,6,4,1
"rkZvJ0csjFs",22,7799,36,0,2,1
"YEBwSSlYkDA",22,7798,4,1,0,1
"NEwvyMiObbs",24,7794,178,4,0,1
"pxkTqIHjMpo",25,7794,206,5,36,1
"_a3SGdTfDBk",19,7793,208,22,59,1
"GeGJo_-9KvQ",10,7787,229,489,117,2
"Y7mJxhs6E2s",22,7783,35,6,9,1
"8fS2WUnp5no",17,7774,19,9,0,1
"vGhfjEXrPCQ",22,7774,0,0,0,1
"8dJ_oXHf0mQ",23,7773,69,1,9,2
"kp7qer4jm40",20,7771,70,23,23,2
"rY0cekdzbTc",17,7770,141,5,9,1
"JinWDQyP37U",15,7769,316,5,25,2
"ypVa1w74mUY",27,7769,154,14,3,1
"ltBWxANP2B8",22,7769,317,1,8,1
"GYfFgfGWI7c",1,7767,15,2,2,2
"T9prxNaAEuA",22,7764,68,11,78,1
"7EyCDTtHYR8",24,7761,114,4,4,1
"cjCnIudMTdw",1,7760,0,0,61,2
"OilCf2ipn9I",17,7758,85,3,31,1
"Fmx-IEa83JU",29,7757,123,26,24,4
"5Nrc-_vxHbU",10,7754,510,10,24,1
"uWiOJh87dpA",24,7754,148,13,33,1
"r-uYujAZR9M",2,7752,42,6,4,2
"LLHVZYAfgog",2,7751,241,6,114,1
"3J999AWLLcE",1,7750,128,6,0,2
"Qp0v6k20raA",22,7750,54,1,4,1
"zZjJxpMBCdA",22,7748,23,12,6,1
"ICZmUQfmeFU",22,7746,7,6,0,1
"oy2ywxquVpw",24,7735,86,9,10,1
"-L2HsCUfi-c",25,7734,13,6,5,1
"G6KHzohLVd8",24,7733,156,20,68,2
"J-dBBxKf-A0",22,7731,208,15,59,1
"LXL4WUHJ_Ig",17,7728,193,3,0,2
"l3WusoOpFa8",1,7726,30,6,8,1
"w4L1wKr_OFY",15,7724,47,3,1,1
"ZIIJCAO8Kng",24,7721,88,1,0,1
"vLhNVF0IiNM",22,7715,28,3,12,1
"axCRmTkr6vg",25,7712,87,8,4,1
"1zLd0FsjCto",24,7707,146,7,109,1
"JawAAWMtuRY",1,7706,116,3,0,2
"FwGdDiTzyUA",1,7702,103,3,7,1
"gMbsoOF3OrE",17,7698,32,40,0,2
"QtUarz-9hXI",25,7692,296,41,50,2
"ONxLADpJ3W8",25,7691,27,8,0,1
"bR1j4BSDUTE",22,7687,131,1,9,1
"pK_dv2g5XqY",24,7687,134,1,10,1
"U8uaHFbp2aY",24,7686,0,0,55,1
"dK_xykX9VJM",10,7685,0,0,0,1
"G04nrMoINh8",24,7685,12,2,1,1
"VhGxOhehJuM",10,7685,515,3,41,1
"HdRrAdtjwss",23,7684,36,1,3,2
"0HnHdijZ4xI",28,7682,23,7,0,1
"h7EWjk5l5UM",22,7679,44,3,51,1
"hYbwwhIjVd8",1,7676,15,3,3,1
"_-u1JB02r-A",25,7673,13,9,7,1
"siJno5RmRO4",17,7656,10,6,5,1
"IHcAC-HYvhk",22,7655,22,1,0,1
"x2huO11LEY4",20,7651,31,168,9,1
"DYVFTBK-HUw",27,7647,369,3,29,1
"DbWVm8IvYA4",25,7643,0,0,0,1
"3Sm-BFk58Dg",25,7641,73,6,15,1
"lrr05GNQUFI",26,7639,189,46,26,2
"CV6MQ_BHXkE",22,7639,277,10,54,1
"J5T6Y4YDkGg",26,7634,177,14,7,4
"fLzNERN9ejQ",22,7633,19,5,0,2
"aQ2NCacQGr0",22,7633,36,5,12,1
"ZILHafTyudc",25,7625,37,11,9,1
"uln_4-8Steo",1,7625,17,2,2,1
"ttzgjAqnAdA",22,7622,24,86,1,2
"akcCT4vjqDQ",1,7622,134,6,8,1
"686Z_ilB_04",23,7621,75,30,20,1
"iuwoU709J40",1,7617,117,1,16,1
"7o4GLdpv0ac",25,7604,16,9,6,1
"kuHOEQqx_9E",22,7602,424,4,50,1
"oIqDLUYNbVU",22,7601,29,2,0,1
"iI-zc1UnQ-Y",15,7600,280,3,29,1
"LH5CGarGLvA",24,7598,88,1,12,1
"RlWcInhLaPU",17,7597,21,9,3,1
"rzQXNeQpkHY",24,7591,219,31,6,1
"zs5WEWBPm_o",15,7589,628,6,59,2
"u_9emnsK354",20,7588,11,5,0,2
"lkDXNgSaiQM",15,7586,0,0,0,1
"By4T57Yp2AQ",17,7582,18,11,7,1
"6STAaF7cXDA",22,7579,0,0,0,2
"IfivZ3OyfDo",24,7575,23,2,2,1
"8XDMA4CnviY",26,7573,0,0,2,1
"CkSbjORAn-0",2,7572,41,2,1,1
"Ldf2pZa0av0",17,7571,358,1,25,1
"vEGwW26cA88",22,7559,76,3,16,2
"ZCBMZ13kFzg",1,7559,20,28,2,1
"HKtrcKHDUCo",24,7553,30,10,24,1
"BWnsidzA7MM",22,7553,203,0,9,2
"nDyoeHlGMp8",25,7550,45,12,6,1
"40cikMXrrYQ",22,7536,0,0,0,1
"fgGsRAOSyNM",23,7534,218,25,70,1
"fdnmHWUnzDo",25,7532,269,6,4,2
"qB2gF62ByjQ",20,7527,123,2,5,1
"jCioFsmKLvM",22,7520,222,2,59,1
"CbB_YI3f8IE",24,7520,75,4,12,1
"HJlgzYng71w",19,7511,0,0,0,2
"BGIbPnfk1AQ",22,7511,33,6,1,1
"UJPOG7vvMRM",17,7509,50,2,6,1
"rAercmuNXxE",22,7507,109,4,3,1
"X_lZWZzVVmA",22,7505,48,11,36,1
"OUBSXneO0QE",24,7502,22,2,2,1
"8Ye0Uo1qDbQ",26,7502,0,0,3,1
"sq5hJYJHAck",17,7490,36,16,3,2
"vjnFDpyXFD4",24,7488,0,0,28,3
"f-jFclUfLc4",24,7483,151,6,173,1
"RgKr_n1NLBQ",17,7479,13,2,1,1
"7Kemq8xSh00",17,7470,12,10,5,1
"t9LgdtajGGc",22,7455,384,7,11,2
"n79EsY8jisE",24,7454,258,4,21,1
"ZLNttktRgiQ",15,7454,122,4,20,1
"H_NT2tNLhcU",2,7447,150,4,44,1
"8_9xAathe1M",15,7445,131,2,4,2
"s_Lhjo1RgZ0",15,7439,364,6,61,1
"VzG_a2XgrJA",22,7438,179,24,5,1
"Roz00ubftQ4",24,7434,244,1,18,1
"Iml-uBE_l2s",2,7429,140,14,61,1
"rP4t8y02RdA",10,7428,219,9,56,2
"mJDNel1llNk",26,7427,104,11,3,1
"McQqADEKu4c",22,7425,248,5,11,1
"NRKV8B2AB2U",24,7423,138,0,0,1
"Yqip3y9u2wk",25,7412,32,2,0,2
"DXkHvEVCF14",22,7411,93,4,34,2
"OuJ8XfMC6hw",26,7411,361,7,74,2
"2mpyTZ4Bkdw",24,7410,102,7,24,1
"3YGGskvTw2Q",22,7409,0,0,0,1
"76BXG9z0sX8",22,7409,60,0,9,1
"HKFshQ0ZzsQ",17,7398,32,7,4,2
"NbpXx1Vw0oQ",22,7394,46,6,20,1
"tQUr05eqJaI",22,7387,22,6,1,2
"mK0OycgvugA",2,7377,99,332,109,1
"v8J9T_q-_Yc",17,7376,25,14,11,1
"5m-n9J8fNRE",15,7373,84,1,0,1
"d9p7oYZfE74",22,7369,8,4,12,2
"3fXCejd4yQ4",10,7366,700,9,49,2
"3YmIrblEL-M",2,7363,254,5,80,1
"nCGPAKsS84w",24,7363,110,2,5,1
"RY_o8AbxNPE",2,7361,0,16,1,1
"C7OMFxIKze0",10,7360,479,4,23,1
"l-ggIhsb2-4",24,7358,74,8,10,2
"xpl5EQUJeAI",22,7353,170,7,11,1
"gsboXLlM1G8",24,7347,0,0,0,1
"ddIyRYaLefE",22,7345,7,11,1,1
"4osWiUPj9Ms",1,7342,9,3,1,1
"qIszdAUVr1Q",22,7341,167,25,29,1
"vQNpNprw060",25,7341,50,6,4,2
"h3OlQZEU8hI",17,7335,88,0,14,1
"_TM_GRv-0FY",22,7331,71,1,32,2
"dGIOVqkK61s",24,7331,28,16,0,1
"MFrwAx4ixzQ",2,7329,238,5,33,2
"8tKXn2dHG7A",24,7324,131,2,6,1
"EpWEcpzlAf8",25,7321,170,20,32,1
"1mjAxboaayk",17,7319,28,0,6,1
"Wz7kFcWMhcI",24,7313,212,5,20,1
"8WhZNBeqVRo",22,7310,315,2,7,1
"QgJaVvnN9-k",17,7309,63,3,5,2
"SdWr-6vvGuI",24,7308,36,33,57,2
"ILn7ZZn7jCE",22,7297,40,3,9,1
"12PgQp0Ysuw",15,7296,234,5,22,2
"ct4KwzPlZ9Y",22,7296,11,6,5,1
"IFeG18-ZXi8",10,7295,272,12,30,2
"N3Y3aICTm_s",2,7294,39,4,14,1
"sELSThKSjCM",22,7294,8,2,1,1
"0NsdWaQqH-Q",22,7290,0,0,0,1
"3fWAhbcfS8c",23,7287,83,1,13,1
"YsgfTam9_Jw",25,7284,0,0,0,1
"fHy664C7Vr4",10,7275,313,4,26,1
"XSmhvITjTAo",27,7271,134,6,3,1
"z2QAaxIDoOI",27,7269,17,3,5,1
"_AOhD-gwAO4",17,7269,63,3,21,2
"NJPVFh_ALDA",25,7268,41,9,2,1
"nl0l4e-2N_c",25,7265,28,7,0,1
"ZK7mNFMDen0",10,7263,175,2,14,2
"lZJnkNUX6nI",10,7258,567,1,60,1
"7YaaHucMZUQ",2,7255,24,3,0,1
"XQCzRDA0IzA",24,7251,198,23,43,1
"5WaGRN6HeTo",15,7248,393,7,63,2
"bqeh7-zbqrs",23,7248,0,0,61,1
"vw5FvzHsFHc",1,7246,62,3,16,1
"n2FgpnBDmgU",25,7246,91,12,15,2
"HOtsrLwwcDk",10,7246,68,4,4,1
"oZYKhE6AkC4",25,7239,179,5,9,1
"3kftuPXprn4",15,7239,64,0,12,1
"C0nMXAEoWZA",24,7238,100,1,14,1
"PlAORHB5DdA",24,7236,117,2,39,1
"c6YigIi4F3c",15,7233,77,5,5,1
"EiJ8k0MuA3M",2,7227,46,2,3,2
"V2JEvCg1BbA",1,7226,79,6,68,1
"lxjlrwqCwyY",22,7226,24,13,0,1
"_NnYm-z4hGc",22,7220,49,7,34,1
"N0ouzChjCYc",10,7217,560,4,48,1
"EqDaoijdpj4",19,7216,62,0,0,2
"FZ-nzNgyifQ",24,7213,308,2,0,1
"T3auXF1BzbE",22,7212,338,3,17,1
"eUarP96bUdc",17,7209,102,2,24,1
"Jj3dh9BpVSk",17,7203,0,0,0,1
"HL01yp1aNOA",24,7202,199,6,5,1
"2X6O10gGfzQ",26,7198,112,17,72,4
"P_2eozF9xmg",24,7198,44,8,6,1
"TOOzm4sgJGM",24,7195,0,0,0,1
"oOjH6b8PYTE",24,7188,232,4,3,1
"kyxy87uniHQ",15,7186,375,8,29,1
"MKj5xeGdM3c",22,7182,18,11,0,1
"tZ_bWtJFWRo",1,7178,42,1,1,2
"INkOLU_yMNE",25,7176,43,5,3,2
"i5bffTUnH4w",24,7173,23,4,33,1
"0WfSEuCarBg",24,7171,109,1,8,1
"6iQwySkmyAk",17,7170,29,6,30,1
"NY63cfu1jm8",2,7167,0,0,5,1
"0nxckJYVIwg",22,7157,43,0,12,1
"KEwwf3WznzM",23,7157,23,1,6,2
"uBZSa5LARjM",17,7157,25,6,26,1
"Ns7TbRDjglM",25,7145,43,7,6,1
"ymXQoSH_ZB4",24,7145,54,3,11,1
"43Nb9chdOlw",2,7145,201,2,10,1
"irJpnzurn6c",23,7136,239,10,110,1
"MmJHQsBbFTQ",26,7130,102,12,27,1
"HjkMLgLy5Qo",25,7128,58,8,5,1
"iCFFtB4jYL4",24,7128,34,1,0,1
"SeLyWIeWUmE",10,7120,143,5,18,2
"PdP7dnJqU1E",25,7119,8,19,44,2
"iyXPxH-J7yU",26,7118,67,8,0,1
"HTIY0QoZP_k",24,7117,9,5,1,1
"G_Aw6wgSCJw",22,7116,15,4,5,2
"AlI4Q_Pe3BI",22,7113,195,10,16,4
"aucBVfi0lU4",1,7110,564,4,61,2
"OCEVlaHolno",24,7109,157,2,16,1
"WCZVkLQG_wU",15,7108,137,4,5,1
"paSZEHCIx54",22,7107,120,4,57,1
"cXSCV9EErzY",1,7105,147,8,5,2
"K5FwaH5VOvc",28,7102,112,14,45,1
"FKjyh_XZCa0",17,7102,22,3,11,1
"T_FNFZjsBYI",24,7092,57,7,29,1
"ozV94O5Ts9Y",24,7086,28,20,17,1
"rwldaujumiY",15,7083,82,3,10,1
"KDgVE9l48Oc",25,7075,0,0,45,1
"ohbREh9vPYM",24,7066,26,0,1,1
"YLi4XC6HZ5k",1,7060,6,1,0,1
"JE8NGYPR3fA",17,7056,63,22,43,1
"E0yBn_3vrYI",22,7054,0,0,0,1
"C9zqkYof8Gc",10,7053,81,1,4,1
"qezB94wP8NM",17,7052,48,2,17,1
"Y9KHqyWTbgw",17,7051,25,6,8,2
"3W0H4AnILm0",1,7040,61,4,16,2
"ddxjvZKQ634",20,7039,0,0,0,1
"t0qBQ32SdRk",24,7038,17,27,1,2
"fhfs7W-3ePI",25,7035,17,5,7,1
"ezPPy8kza9c",24,7033,268,20,388,1
"bBtlKPdYDWI",24,7032,35,62,48,1
"aKlo99A3jYI",25,7032,32,9,3,1
"EFvP_bYoD3c",22,7029,18,4,3,1
"cBld9dCaxYk",17,7027,53,26,7,1
"spOFYqgIy3A",17,7027,0,0,0,1
"FO71-iboGx8",20,7025,172,1,27,2
"VXB-BVGA_Sk",19,7021,58,5,6,2
"YBZrfjPngso",25,7003,118,19,12,2
"ccpQBUNLBFs",24,7001,117,12,23,2
"qLiXyWNxVb4",17,7001,28,7,4,1
"_j2MiTRDkuY",26,6998,144,30,13,2
"mTmSUI_q6vw",10,6997,1457,10,83,1
"SfFKSAqrjP0",24,6995,116,35,43,1
"4AyTBehzDpc",25,6989,47,3,0,1
"faPRn_mWyds",22,6986,35,6,3,2
"NISyaZbHMvo",22,6980,50,1,3,2
"Pei4XARXCq4",22,6980,165,1,14,1
"ZY-AOwHy4rQ",17,6979,69,13,12,1
"UGO8fXMG0vc",24,6979,106,5,23,1
"y1FHm7flXz8",22,6974,397,11,39,1
"Kci8Vd153Fw",1,6965,56,0,9,2
"Uh8lsKoq_0w",25,6965,0,0,0,1
"rskvlVMoYZE",20,6964,0,0,0,2
"3ymjxpzZAXM",24,6962,8,6,1,1
"VOkmjKnoIms",22,6961,289,91,144,1
"EJXR7RRFFG4",23,6958,54,0,5,1
"hTe4Bs3U7h4",22,6952,36,3,3,1
"26XIRQxGCGc",24,6951,170,1,0,1
"SLjjuJpcgXQ",1,6947,75,3,31,1
"5QH40BSMkPo",26,6945,452,20,70,2
"7uf270alMVw",22,6931,0,0,0,1
"f_PQxGXnu1k",24,6926,70,4,15,1
"qr-QCzIIFHs",10,6923,141,6,12,1
"amolZC2Jnpo",10,6922,318,4,11,1
"EXycrIAoFGE",24,6916,61,16,16,1
"U03YAUK5slI",23,6913,216,6,59,1
"lNAECKwtZQQ",1,6909,15,5,1,1
"YrbQR4ubqiY",24,6907,0,0,52,1
"MnAHThpdYwc",22,6893,138,3,20,2
"DhaROflXWCk",10,6892,66,0,22,1
"UJMZyv0P-oY",2,6891,35,1,3,1
"a-QJCYkteoU",22,6890,48,5,0,1
"UobfPAIekx4",25,6888,0,0,0,1
"KTt6cVSta18",27,6881,127,9,3,1
"5CtYCfGWcfE",24,6876,128,6,9,1
"i0WiKG_oUZ4",15,6874,93,2,3,1
"qI9WQXbIHVc",22,6874,158,18,55,2
"oR21fzhwAUY",24,6873,166,12,48,1
"utuh-Xobq6c",26,6872,0,0,1,1
"VHkqD248MZ8",24,6866,0,0,0,2
"VcoKZMBhoL8",24,6866,251,5,36,1
"FQ62p3b4fAc",22,6862,20,3,8,1
"TOdlTaJgOHc",25,6862,48,4,23,1
"sVpw68XLufk",25,6861,67,7,4,1
"63pVpoEGdI4",20,6861,8,3,2,1
"fMUwAklmbws",24,6861,31,7,2,1
"l7WgnQYUy0g",26,6857,364,7,42,1
"Np32hn7-xVo",24,6853,98,20,24,2
"CYLzC9-EL7I",22,6852,24,15,4,1
"mVjERdXU9Zg",1,6849,43,1,2,2
"Ji7MwbDJQUo",22,6848,24,2,34,1
"OR2Z-4gEpgs",25,6843,197,9,3,1
"eqLmD-Ftx9o",22,6841,33,12,5,2
"PuPp92hD2Wo",22,6825,147,4,21,1
"08XtXjdjnRA",22,6822,88,20,25,2
"gAWL3OcnKEw",24,6820,180,8,13,1
"jzwdf2gWw0Q",1,6819,44,2,16,1
"v5m2j1pO1mI",27,6816,119,17,3,2
"8rS-KKIUWm0",15,6813,549,5,56,1
"MOBTKb_lAFM",22,6805,66,6,13,2
"iN9mVlmgh-E",15,6804,275,4,47,1
"hb2td8pF0Lw",20,6802,241,11,49,1
"MJ9ZcV61x2g",25,6798,38,6,2,1
"tV3JYJVwjgo",1,6794,81,7,31,1
"MVzXA6cXXM0",10,6791,183,11,28,2
"GSQzGjcI3ac",15,6789,220,25,33,1
"YFpWZdeYIDo",17,6787,42,1,5,1
"bnlRAPpJRok",22,6779,49,5,11,1
"A41QJBatmwA",17,6777,18,5,6,1
"uA4nzG0ZiWQ",22,6776,83,0,8,1
"8LGuwHH4GmU",22,6773,33,2,3,1
"2QRxvQ2U0Ss",22,6769,200,5,25,2
"J7uwWv8gOEk",24,6764,216,3,55,1
"4dunk9Xqu9k",22,6764,7,14,6,1
"H7PkiKfIWr0",1,6755,259,4,23,2
"GRLFRN668nA",23,6755,48,2,0,1
"EKTumpn41Go",22,6752,318,10,130,1
"zJ1pV6KV5Gk",23,6747,14,1,10,1
"fB1JfjvHkRc",22,6742,23,5,13,1
"1XqI9XWhTGI",22,6741,23,4,0,1
"EgksFJtX6-w",1,6740,4,30,0,1
"6Lfs8704tjc",26,6740,0,0,0,1
"z2NL5dS5DkQ",26,6736,225,10,74,1
"_gBKh3iQTzg",24,6734,23,10,4,2
"81uTzMEnT24",22,6734,16,4,4,1
"Op8sLLenBgU",22,6727,0,0,0,1
"s-nD_43hpgo",19,6726,66,6,0,2
"mQWHddGyAug",24,6716,34,8,29,1
"kmLx2jibXvg",2,6712,0,0,4,1
"aSaUxuXArZY",10,6712,123,5,9,1
"knG_aq_s6bA",24,6692,651,4,91,1
"RmZ3DPJQo2k",10,6692,651,4,91,1
"EQDMdKrhv4Q",24,6689,113,27,67,1
"OiH3HKRx_aI",24,6688,124,1,15,1
"VarqWWm8UlA",2,6684,60,3,9,2
"1SoWuULW9h4",2,6683,69,6,9,1
"QN_GQL3z-Pw",17,6681,11,3,8,1
"UoDDBCBTsnU",24,6675,96,3,32,1
"V8X__FsZ0r0",27,6673,90,12,4,1
"th4pAVBjXtM",22,6670,6,2,0,1
"9S6DC620DCw",22,6668,53,18,2,1
"geBlPGIRHKU",24,6663,85,11,22,1
"inb2mhy-uoA",26,6660,33,6,0,1
"1viUu9xjBbY",24,6655,231,6,4,1
"Fd9Gz7THjyU",22,6654,0,0,0,2
"3a28YOoxNpw",25,6647,63,5,2,1
"vgiXfrCJ00g",22,6645,33,0,4,1
"7M_UmrkvIdE",15,6636,59,2,2,1
"tPcLcwrnDPI",17,6635,96,9,36,1
"Tjrkj4VxP7k",15,6633,319,2,49,1
"F3-dSuUPXro",25,6632,265,6,0,1
"RJUGLG5_SxU",22,6631,16,4,8,1
"hDJC53_wruM",17,6631,39,6,0,1
"OX1ugOdDjfA",20,6624,110,2,34,2
"raW1UDBcXN8",22,6615,43,5,82,1
"ENkiqKtOhBc",17,6608,34,7,2,1
"gHXlbdclAbQ",17,6607,41,5,3,1
"poCnTOdGpw4",25,6607,51,6,0,1
"VnBGf0R3MaM",25,6598,26,1,2,2
"ej4QtxtgTuE",24,6598,41,4,10,1
"nNP0HyhCCzU",20,6597,8,7,0,1
"B90VKc_BBVA",22,6588,23,2,3,1
"so7Tvs04XnY",22,6579,37,12,5,2
"fD07DKmi0YM",17,6577,46,13,13,1
"rvR0fo6tSDw",1,6575,11,1,0,1
"-1L_7l9APU0",17,6574,84,3,8,1
"2H0n5Cd6jH4",22,6574,186,2,20,1
"dgovyeqJ__Y",24,6569,86,6,21,1
"m0zFDr69XFI",20,6560,99,13,48,2
"_WmcVD45mbU",17,6560,0,0,0,1
"H5HqA4vusWo",24,6559,30,13,8,1
"01MEnNILpYQ",25,6556,186,3,54,2
"64KNK_HQW1c",1,6552,0,0,0,1
"Ql25oOxZWm8",22,6547,88,3,3,1
"fbhV8JVH4k0",22,6546,467,4,49,2
"TaoJk4unnMc",1,6544,46,11,5,1
"FlDCI7MzuqU",15,6542,222,4,20,1
"T7t93gQZP0s",22,6542,5,5,1,1
"rA0jSuA7GCQ",23,6536,80,6,66,1
"0yrAXZ2doVg",17,6529,14,5,0,1
"ov4IqjQLyiY",22,6529,33,1,0,1
"Lxyol1uWrcs",22,6528,31,1,9,1
"uzyiiMZz8JE",24,6524,0,0,0,1
"RGp1tY_2eng",24,6522,0,0,0,2
"7q7x4pK_3K4",1,6515,25,1,16,1
"gdtrFzZ8lfI",23,6512,35,6,4,1
"FoUmok9YYLo",24,6511,0,0,0,1
"Be-wItb46U4",24,6509,346,2,72,1
"k6GW59H9zOs",22,6499,383,7,67,2
"9IDDqY10QuI",17,6499,37,4,8,1
"Bd8_CiBHXmU",22,6499,81,1,31,2
"yZ6L_I3CNDA",10,6494,65,19,38,2
"96O75ZdpEFw",23,6489,15,2,1,1
"dsrdTDh50YE",17,6486,32,5,2,2
"CPkPbIBmAH0",2,6474,31,5,4,1
"cefyx2B80r0",22,6471,42,0,0,1
"by3lB6b7468",22,6470,14,2,1,1
"e02hXo2kRK4",25,6469,37,9,3,1
"rAH_NgKGn-M",17,6466,16,22,3,1
"4sJzVHc5iqc",22,6459,20,1,4,2
"ct2Rd9ClwHY",15,6458,509,4,54,1
"SPG3dLr9WDA",22,6454,79,12,9,1
"7dwrH64Epys",22,6441,98,1,7,2
"CcNxv4fXJEA",22,6439,8,15,6,1
"jlfhFjC5Cgw",17,6435,53,6,0,2
"OtTo2P80iGg",22,6434,163,1,5,1
"uvBRNmJKE2k",2,6433,48,1,10,1
"eM-rh6Qgt7w",26,6426,139,11,44,1
"Y524JDkWhKM",22,6425,15,1,20,1
"QjI8qSaZa5Q",26,6425,29,0,2,1
"QJmJ3JLU4jM",22,6424,58,6,0,1
"u-BjSkNxdlU",1,6421,128,17,38,2
"WewD8myNpIo",1,6417,30,0,0,1
"cfohTLuZrWA",17,6416,14,3,0,1
"9Ma_PAIFiPM",22,6415,111,2,9,1
"MuGrJ8UOExk",22,6414,93,1,18,1
"Kor6yacoiRg",17,6409,25,3,5,1
"oZG-Fyj6IZ0",1,6409,56,1,3,1
"84kXZ4-Ptfg",22,6407,39,11,16,1
"IHyiTGFCGYE",24,6407,110,88,30,1
"srSma_hSkjg",25,6405,23,7,8,1
"FCT5T-H_KAo",25,6404,153,7,19,1
"f9A7XUFiAa0",28,6394,174,8,92,1
"zZTQSeGcqBI",22,6393,20,9,6,2
"yfVA_6QJVw0",22,6388,320,56,69,1
"OsbsZgfRQ70",22,6387,27,2,2,1
"1UmE1K_8a-8",22,6378,18,3,6,2
"RKmGDf8KMns",25,6377,51,31,10,2
"4qypyMPY0DA",22,6375,485,6,57,2
"nxjqZN_Ie78",17,6370,107,4,3,1
"H3mzoGpML1U",24,6368,190,10,4,1
"LYD8OqHF4Rw",17,6368,0,0,0,1
"VCvRPIMk3ZI",22,6368,51,7,12,1
"B6kjW8wgGuQ",22,6361,29,9,9,2
"RuOgo_zd5h4",24,6361,66,5,1,1
"fecd2RzqDGs",26,6357,181,5,55,1
"MxX1oLk3GAQ",24,6355,141,1,32,1
"8dhlTJ6MXdg",1,6354,87,1,31,2
"i_HWB_KOUAo",24,6353,177,2,31,2
"x1nRVBrQ-2s",24,6348,85,9,33,1
"jmRpD-psNf0",20,6345,190,3,44,2
"i7sC5cmWGSk",26,6341,82,12,37,1
"BZvcK5aaQMQ",25,6340,48,8,0,1
"iAxvHrzd6_k",24,6338,663,1,27,2
"pFP_2kVbIrU",24,6335,28,4,0,1
"ww5oB9AoPZc",25,6333,204,47,69,1
"afUtx47JJgs",22,6332,21,6,1,1
"e-QQOSskA-g",19,6328,65,34,14,1
"lWQx_TAf-GY",19,6323,83,6,48,1
"dOOC04JRvo4",25,6322,25,3,5,1
"T2A6X6b7BEk",22,6320,95,7,21,1
"nEwo3kj3v0M",26,6318,48,4,2,1
"Vwulgbd6Unc",20,6315,27,3,4,1
"n4MsQQzMJP8",24,6302,9,16,2,1
"ymmHqL0HPlY",15,6295,289,7,26,1
"BtCHsiDSSXA",17,6291,154,3,6,1
"lRaNwmVtC9E",15,6288,149,1,0,1
"LqndG7Qe_1E",24,6285,258,2,40,2
"CqZL1uUTKmg",24,6285,175,5,10,1
"hg9wkV1pdu0",20,6281,0,0,19,1
"lwvYvqUkCNs",22,6272,75,8,94,2
"qD6nmbMHSUI",22,6269,37,1,5,1
"pTa-1W8g_Hw",22,6268,16,7,1,2
"S8ONuMtPpDk",2,6267,42,3,4,1
"oafd4cRElPs",24,6265,52,6,19,1
"0DCqwYV3TGk",2,6261,161,1,27,2
"sIL_6d1KcGE",1,6261,409,4,78,1
"DxKCqBIu2fY",24,6260,155,9,29,1
"puBFEH7C694",22,6258,22,4,4,2
"XZ2LQRN7bYA",1,6251,4,1,3,1
"iyL5spmszJ0",20,6245,46,12,8,1
"XecVpCnqS1k",10,6243,404,3,37,1
"7TpBEtsSP_s",1,6242,31,2,3,1
"8kknfTS5HUo",2,6242,62,1,5,1
"JOAZXIdUYmg",22,6241,60,8,14,2
"Paai6qwh5Ow",24,6241,164,2,17,1
"r94LACdRTkM",17,6236,47,25,15,2
"KPlkYGPrb4s",22,6232,793,35,73,1
"fn5RmaxJcfs",25,6232,66,5,15,1
"6Z-FJvF7-gI",22,6231,152,0,16,1
"XTTVar3NbxA",27,6220,119,8,2,1
"UE5pdf3p00M",22,6220,16,5,1,1
"KP1Y-kAxDP0",24,6218,31,0,0,1
"jI9nTOH7EFE",1,6216,25,1,1,1
"uKKvqaLW1Ac",10,6215,793,2,39,2
"zTsWtrMMyjg",22,6215,47,2,0,1
"1-6zCwWKIiA",24,6206,71,1,0,1
"ir-0UIR30HI",22,6202,172,11,45,1
"HGqPBK9PbxU",24,6202,0,0,0,2
"ytVYyuCxVlU",25,6201,13,32,8,2
"mRbZVZ2RrBk",20,6194,307,14,95,1
"Y1Jo0mqmb4I",17,6189,6,6,2,2
"ZCk6KaMQMvk",22,6186,32,0,7,1
"1_bZmDOc_LI",22,6178,30,0,0,1
"dyeP8vqGolo",22,6177,18,5,0,2
"VYQbeD_-S1U",26,6174,156,14,22,1
"BRhR1yXaEc8",24,6171,0,0,0,2
"Y50TLlRiQYE",17,6171,0,0,0,1
"_kr6uTyj-nQ",17,6166,24,6,9,1
"N3HOSKDabkw",17,6160,26,8,3,1
"IMEMMtDUeec",24,6149,108,19,40,1
"Wk5QGexKUCE",10,6145,265,1,3,1
"d-T3AEVfEa8",15,6140,334,4,76,1
"tYbXvR8Qm28",17,6139,98,9,3,1
"FTFx-jhach0",22,6139,71,0,2,1
"dMDbGvog44o",24,6137,48,6,9,1
"6pO_N_D3QtY",24,6134,33,6,35,1
"ysrgBkvJtjc",20,6134,0,0,1,1
"78DQu2ca8LE",24,6133,20,6,25,1
"YUuCjQB2WPA",20,6131,22,3,14,1
"okSUQCXfsAw",2,6127,12,7,0,1
"sxfry_FRPsk",24,6127,19,5,4,1
"yCjsH7S-Eu0",22,6120,21,3,1,2
"VEUFj4iuC_E",17,6119,12,5,3,1
"2057X1ZobVM",20,6117,11,3,0,1
"aGGkqOEEB20",24,6116,208,9,7,1
"ejds5jt9kIk",15,6109,192,3,20,2
"gJvM71Rm4U4",22,6109,175,4,11,1
"Nn_lp6e3Cxc",22,6108,401,13,55,2
"mzhAZSCW4Ec",17,6105,28,1,2,1
"i6lOVwFPU54",22,6104,31,2,0,1
"BIP80k7FYp0",24,6104,23,3,9,1
"IwIwleflfOo",17,6099,17,6,5,1
"O-741q98IAo",10,6098,190,9,24,1
"zThzeZcSz5Y",24,6096,38,5,6,1
"Wc2QpAU4bRM",25,6086,66,19,8,1
"GIwKjYMlvN4",22,6085,67,0,3,1
"_4ncaXwuQZc",10,6085,247,3,10,2
"iTb0a1Nl8PQ",10,6083,208,8,15,1
"AOd6bTZGgjM",22,6081,31,2,6,1
"dxd75ANhak8",22,6073,0,0,0,1
"334x1TE02y4",25,6066,92,13,26,1
"ymoKlsVGee8",22,6064,21,12,4,2
"sUGrg7ZUPhw",25,6063,78,9,39,2
"O9ECPpa8Nu8",22,6063,34,10,19,1
"gCHUZE2b3bI",22,6061,115,1,24,1
"bOXgPxyC4Lc",26,6056,26,11,3,1
"xt4S-69s5-k",22,6055,150,12,14,1
"OQSiaGDiyv4",22,6054,184,12,70,1
"j2FOdhvZKGg",24,6053,68,0,0,1
"hIK92iAKzTE",15,6047,92,0,1,1
"CicC666yr1k",17,6044,43,1,0,1
"uNeheL2TZ1E",23,6041,11,8,3,2
"Kkywjg_1lcg",17,6040,44,6,22,1
"TwrKJDfzhbQ",24,6038,41,10,12,1
"cRM75xCQTH8",24,6037,168,5,8,2
"NEns_iNXpGM",24,6036,0,0,0,1
"sTlgBAYAU_k",1,6033,59,1,4,2
"jzP5r6w4OOo",25,6025,136,17,36,1
"34cblbZuJUQ",17,6023,115,1,0,1
"WAvQEh9nFaU",17,6019,60,3,9,1
"48BcTw9yJpw",22,6015,23,0,1,1
"JT8j36cTKk8",24,6012,63,5,11,1
"e26x_3i2_Tk",22,6012,15,0,4,1
"5IV3EEPaVfc",25,6012,197,3,8,1
"R-BZc1B669g",24,6009,238,1,10,2
"P54g08mZsGk",17,6007,20,3,4,1
"EeWCa6AUdWg",1,5997,9,5,3,2
"dSNUK16Af_E",25,5996,29,17,4,2
"xPPrrXnSsyA",22,5995,82,5,7,2
"5FysjAFZqk4",24,5993,261,1,0,2
"fJt2Th8DScM",17,5991,11,0,5,1
"fT3HSVKBvDE",22,5987,27,2,4,1
"l9es66IaO9A",1,5987,5,2,0,1
"r-kQvtEtw8g",24,5985,3,7,2,1
"8E2znFaaluI",27,5985,47,17,2,1
"yWVl1T9asb4",26,5983,52,32,2,1
"7UrY5jKBwzc",24,5982,0,0,0,1
"T4wPp_vbZ0Q",17,5978,19,2,1,1
"cMP6DNHEisY",10,5977,114,9,5,1
"_1fELLstQkM",22,5976,6,59,4,2
"wlSbv4OpTq4",25,5974,27,0,0,1
"a4_7kPG3wDE",15,5967,0,0,51,1
"udXAIYWOYEk",24,5966,94,15,22,1
"dffAI5cgC6U",17,5961,0,0,9,2
"pjNV48wdhPM",22,5961,7,2,0,1
"Ty5GZzPj3mo",24,5959,126,10,18,1
"bcXDE8bZQ2k",25,5954,0,0,3,1
"fFVO6-hq-FE",22,5953,89,2,4,1
"CGtxxjonYo8",27,5951,167,10,10,1
"ZkXNeVZSzSM",25,5950,38,6,3,2
"_f4oWx_Dghs",24,5949,85,14,0,1
"LAyfQgcVOuw",24,5938,197,17,106,1
"Q7GjW_pvgXc",10,5934,504,2,48,1
"YkR6O7336QU",20,5933,0,0,0,1
"PFvKGGdivew",17,5924,24,1,10,1
"PGqXxnJru10",24,5916,36,7,16,1
"TLH5xobVjBk",22,5910,28,1,4,2
"80tSkFrEjBU",25,5895,35,4,13,2
"HCX3dAnxaIg",24,5893,4,10,3,1
"qzZjmZKHkzs",24,5891,0,0,0,1
"cGt8mKYPsh4",24,5890,3,35,3,1
"AehXQDQK9mQ",25,5881,56,13,2,1
"-B2-0UrLTFE",20,5872,32,6,28,2
"UDv1NOiLacA",25,5867,43,7,0,1
"6mTTXhniZoc",24,5866,102,5,15,2
"eGgSHts_pOY",22,5863,443,3,21,1
"e_VQwXfoU8M",24,5863,22,7,1,1
"jOeMIIcMw6g",24,5863,51,1,1,1
"cgb9OyaTYO8",2,5860,45,1,11,1
"6ZUhLnchUto",22,5856,297,5,3,2
"olx3TZ-hZrY",24,5854,335,8,21,1
"zA7m1IXhm3Y",26,5853,74,6,3,1
"VYpXgLVDiOw",22,5851,63,5,3,1
"feRuVDR6iwo",17,5850,39,1,2,1
"buIin1GqF4U",24,5848,68,1,6,2
"64Ceq0ZBl14",24,5846,86,1,6,1
"Vb2TIGWv3UI",20,5842,36,13,0,1
"k9PeWL2e_fw",20,5842,49,34,5,1
"4u08_eSvk98",17,5836,93,3,24,1
"0d7t8D2DbW4",24,5835,87,7,13,1
"Qtim6hV5QcA",24,5833,40,11,4,1
"SSyFfIjGCnM",24,5832,202,8,31,1
"hLRImpI4Nfs",25,5830,65,6,1,1
"80ayN73yeXc",24,5830,1,32,3,1
"Jc9DB5twNao",22,5828,19,1,7,2
"eUlcacNI3-Y",23,5828,38,4,0,1
"K9MXaUtOeVs",25,5828,40,6,0,1
"-9c5ggtC_Uc",1,5820,8,8,9,1
"xbeomGIEVQ8",26,5818,7,3,5,1
"haa9MpeRJ_c",1,5818,72,1,9,1
"9D2iNVZ9kJk",17,5815,48,19,17,4
"qpAsybYuCrY",17,5811,90,1,19,1
"iUgovJcmY2U",22,5810,73,10,10,1
"hNrKXPUlEc4",22,5809,13,1,1,1
"wilTTD5OWxQ",22,5808,88,3,9,2
"NfwJlaUnoww",22,5807,28,1,1,2
"F1ZZi88J1_Q",24,5805,22,5,0,1
"mUkjZmwY9A8",15,5798,327,4,68,1
"Ft0DUwQg2rw",24,5796,72,2,0,1
"COnDaq3fz-c",24,5789,336,2,0,2
"7U8142pf72Q",1,5789,48,1,3,1
"Ap5p9MqSr8w",1,5784,37,1,5,2
"iQPnrJ_0CvY",24,5782,81,3,5,1
"qd0WUq2QB-k",22,5782,329,2,15,1
"NFOtP_c7JmI",25,5775,28,6,5,1
"hzRBRt_k1kc",1,5772,56,0,4,1
"s00lN6g_tss",17,5771,44,13,13,1
"gnzxpkI_2Bw",15,5767,0,0,0,1
"87TeQpG8jp0",23,5761,45,1,2,1
"ubW9_aH8y4M",1,5757,76,2,8,1
"HkTkxb2UjYM",24,5756,12,4,12,1
"ExcAd0Ouja0",22,5754,99,8,3,2
"XQYO58zxYgM",24,5754,151,3,17,1
"nX4uUpmuE1c",15,5751,147,1,0,1
"_IOmpirMlMg",22,5748,29,4,4,1
"HqZGQtcOJYs",22,5747,228,7,7,1
"HN464zlozyc",22,5743,90,4,8,2
"ParKDaMpyrA",22,5738,29,8,2,1
"1GcGbHRcVt0",22,5733,31,7,11,2
"O0vND_CJmoA",15,5733,638,0,92,1
"WGUj5niXb5c",15,5730,61,6,6,1
"zoki7MiMAoc",27,5726,122,6,1,1
"8uzUYNagREM",10,5722,964,8,96,1
"W-Vg6yxLRh0",17,5721,24,8,8,1
"ncudA63pPU4",22,5716,20,1,4,1
"yYcFzvfpih0",22,5711,78,3,32,1
"eSJcuZ_gifM",22,5710,12,0,3,1
"Sa9yH0PipF0",17,5708,17,4,11,2
"cY3cd6oITdg",24,5708,113,11,55,1
"4HP-cM7JrZA",2,5706,67,7,23,1
"I8LmJApRDLg",24,5705,116,30,30,1
"_Xsc2cJIrQY",15,5704,0,0,26,1
"6q2uYUCDBcM",22,5701,28,12,6,2
"ICaWQtg9i24",15,5700,376,1,31,2
"uy8l-W-ierc",17,5697,28,4,0,1
"HTatV0nqnTk",24,5696,17,7,2,1
"L6zbyMcPcSA",24,5695,12,7,3,1
"E9wK_stxgwk",22,5695,60,2,8,1
"YpiT-_ZGQSw",27,5694,97,5,0,1
"xYwXmKiqQfA",17,5692,50,0,8,1
"fxR481atdX0",15,5690,126,4,0,1
"KjFCZLjtUAY",22,5689,8,4,0,1
"VlVCjThXzkY",10,5685,830,1,34,1
"GPSk2L0rFPY",22,5681,68,2,23,1
"IE34FVuitlA",22,5680,34,3,2,2
"3tSIys1Wy7U",10,5679,0,0,0,1
"YGgrS13G5Bg",22,5676,188,1,18,1
"k_6wbjvfric",15,5675,78,2,5,2
"Fdm9ZJJOFOw",25,5673,54,4,9,1
"HdPCPpdy07w",10,5669,374,3,17,1
"J_xgQyVzCeE",25,5667,62,14,17,1
"5dn__oR270w",24,5663,21,10,5,1
"QpU44BUjC_A",24,5659,169,9,52,2
"4hoVoOmAdew",2,5658,0,0,3,1
"xeVcJywPiXs",20,5657,75,1,15,2
"GyOZFaRRMlE",24,5656,21,0,3,1
"nQ-x_kUhODg",17,5655,24,2,2,2
"LFozAFqGsaw",2,5654,17,13,1,1
"wNyW6o1I-F0",22,5650,40,29,31,1
"SvO6oYlFGw4",17,5641,9,1,4,1
"YZs30fZOGEQ",15,5639,194,6,24,1
"1s-I00XCbME",2,5636,69,7,11,1
"n8CrSknUNpo",22,5632,188,2,15,1
"f-YcHh_UDSg",22,5631,55,1,10,1
"F1efIs-qheM",22,5629,35,18,1,1
"LFmntOgDdic",22,5626,80,8,24,2
"yYSNWZOkh1o",22,5624,87,5,6,1
"serRX_qKQXo",24,5623,0,0,2,1
"kW_TCNPF5aQ",15,5621,747,12,94,1
"tS1xKJGkA2E",22,5618,192,15,22,1
"lHujwdQvRAY",24,5617,66,1,4,1
"RwHMBBI_r5M",17,5616,21,1,14,1
"6Ee2bEuHMts",24,5615,13,0,0,2
"ZvnXPB0-3NM",17,5611,55,2,0,2
"6JX2ycq7eSQ",17,5611,26,0,3,1
"OVEIByt8RMY",20,5605,51,11,0,2
"xEwH-ZXSuTg",22,5604,133,1,10,2
"KlKg5vaI9Lw",22,5602,88,12,3,1
"o1vb8A0Jc1U",20,5596,24,3,5,1
"kWn1aJF6Q4M",22,5595,111,12,21,2
"ABPqXhb6UyA",22,5594,121,0,12,1
"QwPfc01cIH4",24,5591,57,3,10,1
"OAszJtLFwbY",2,5589,48,3,0,1
"l-j865--feY",25,5588,164,30,37,1
"SLkpeYiXCxc",25,5580,32,5,0,1
"37vzG0uxSTk",22,5579,28,1,6,1
"Tj21KDlB-Cg",20,5579,230,2,20,1
"MNyKJ4jlacA",25,5577,37,6,0,1
"tK82v_wZs_w",22,5572,29,0,2,1
"slXZZd61Dyw",22,5571,47,2,6,1
"oQ9KFQkEBUQ",22,5570,323,8,50,2
"6fMkkjWwMRg",22,5568,83,3,15,1
"PpNugB-UG2c",24,5567,31,38,11,2
"3CS78rI72EI",26,5567,164,3,29,1
"1zcHnvNxrOY",17,5562,14,6,7,1
"7DpyX1eG-Wk",22,5560,0,0,0,1
"WENkrnjsD_g",2,5556,153,6,73,2
"xfEzTKg73R4",24,5553,29,14,6,1
"aXValzKiYSM",17,5550,58,7,0,1
"8b7LmDFHYpg",25,5544,28,9,6,2
"vOv6U-07kQM",22,5542,319,3,9,1
"KgtTyLAjrk0",17,5531,49,1,19,1
"mjnEqLuPjXE",27,5531,52,2,15,1
"5glSBnfKJYM",20,5527,330,1,5,1
"5N65oXK93Fo",1,5521,8,6,1,1
"eUAEfieRbtM",10,5520,536,0,37,1
"djlqsw-W-Q0",22,5518,52,2,0,2
"Yss05usOjt0",25,5517,11,11,15,1
"UkzPDqgSDoE",17,5516,47,0,2,2
"NlT5iKTO2Dg",24,5513,85,47,48,2
"5pISprw2R6A",24,5513,1859,4,11,2
"MhhVyXtRAys",26,5512,186,11,21,2
"xLazgKTmwIk",22,5512,20,1,2,1
"12B58W8NH0Q",17,5511,53,17,8,2
"5JT2uy-zwBQ",24,5511,37,6,5,1
"n1oc7BzX6jU",22,5507,70,3,2,1
"9TIcNAf9F6c",25,5506,41,10,2,1
"zvZNX3i6Kfs",22,5505,124,5,49,1
"7uiCuHVLSGk",27,5494,85,7,0,1
"j3RqIZa9UAc",22,5494,39,3,1,1
"oJJrKl53AU0",22,5492,161,8,0,2
"iNxvwrzBS8I",25,5489,13,0,3,1
"J01qNJMMfnk",22,5487,65,1,2,1
"PCmm50egAeM",22,5468,18,7,3,1
"msX8EWq0hO8",22,5465,0,0,6,1
"pW_rS47Aj9Q",25,5454,23,173,0,1
"s9THjDEGgBM",25,5454,24,22,6,2
"3jiZkR8Ngvw",22,5454,83,14,3,1
"hepKdoRPJF4",24,5453,250,8,17,1
"3dQNeZhpYR0",2,5450,0,0,5,1
"lz8ZOYWzmqk",2,5449,116,12,38,1
"8C7wIYPWQDU",24,5444,2,2,2,1
"B6GxvgcuYyo",15,5443,0,0,0,1
"KUCea4rmIK8",15,5443,0,0,0,1
"MY_QWpZM7fw",24,5442,112,0,2,1
"FHnu1JiPc2U",24,5437,11,9,0,1
"5ChFBgwXRBQ",28,5436,171,2,17,1
"WIB2hkbOeyw",24,5433,109,13,0,1
"TOgxk_Pg8ag",17,5433,264,15,0,1
"Wef8ab0YuK8",22,5432,401,1,8,1
"-6TPMpGdUZg",15,5431,308,2,61,1
"EWn-qHi7_fw",1,5425,136,1,67,1
"awvYcHtqSx4",22,5423,101,3,9,2
"NbkOF_UC1eY",24,5414,265,23,111,1
"jyd45r0G-ng",23,5412,150,17,62,1
"V7ihVt7Rr8I",1,5409,4,3,1,1
"6Wzr6lntQg0",2,5407,159,9,85,1
"KoTB9rBQctY",22,5406,10,7,1,1
"N2zQRdKKS24",24,5405,56,3,2,1
"7s1i_lf11U0",24,5398,32,3,9,1
"xqdMD_J98xQ",24,5397,15,7,0,1
"GUfKxeD-wxo",15,5396,304,5,48,1
"1Kj8_jiQ-dg",24,5388,72,6,7,1
"WeL4hIHm1BI",26,5383,186,10,6,1
"06v8eQuV0uE",22,5380,23,2,15,1
"CaaRI6wD_gU",24,5375,119,7,17,1
"qrY6ZdAhaZ4",24,5374,112,2,2,1
"irOZkAp6MHo",17,5371,0,0,0,1
"QWjvdsaQv40",1,5368,3,2,1,1
"8tJXfgnpq9c",27,5366,87,16,1,1
"LzNBzAiaBE4",2,5360,208,3,65,1
"2CXaejJZtKk",15,5357,228,5,30,1
"IH_GQfDsqSw",25,5356,98,5,28,2
"ifn2HzQ3CDU",17,5352,9,2,0,1
"o0zRU98036w",22,5352,0,0,0,2
"PFOq3kRD8vQ",17,5350,35,3,11,1
"7nILxP23p6Q",22,5346,0,0,0,1
"YZLJ6RD5uK8",24,5344,0,0,1,1
"ZFWb8Ek5UDU",26,5333,134,20,5,1
"RhyrraGuNxU",22,5326,86,2,4,1
"Rf86WmXcaeg",22,5325,91,8,33,1
"zENTril6suQ",10,5324,1082,7,122,2
"m0d3ymtDsgw",10,5315,397,2,11,1
"XyCf03wM3NM",17,5311,12,0,0,1
"85sSjS4IRmE",24,5310,28,7,2,1
"Z_8J4nouGGg",15,5308,221,4,34,1
"T61I97ag0A8",15,5301,256,8,59,1
"Y0M3_M72BNM",2,5297,60,3,2,1
"RH7Um7jjaH0",22,5297,146,1,0,2
"vJfzz1TJ1qg",24,5295,175,13,2,1
"UOOenrTj4rs",22,5292,76,1,10,1
"iaHRqhvA458",17,5291,104,21,0,2
"bRyYVCPFVQE",22,5289,8,1,0,1
"h4Y5AKzVKG8",24,5287,60,0,12,1
"6jGTqeeLJD4",17,5286,17,1,3,1
"FvBBgTe8KIs",17,5286,13,12,11,1
"x5-nn4uVw-o",24,5284,96,5,14,2
"xlMXTRVqWGc",17,5276,0,0,4,1
"F1VV67XBW7w",24,5276,0,0,0,1
"Dm-jSHTyQL8",22,5273,490,8,24,2
"wvYAXvscFKQ",2,5270,335,12,117,2
"2O0LkYEhNek",1,5269,88,3,5,1
"FPS2ksINDg8",17,5266,26,3,20,1
"_1ryDLOonvY",22,5264,117,17,0,2
"OItTu0r9YLU",22,5264,19,5,12,1
"cjkd-0TAkoc",1,5264,20,1,1,1
"GQz8DaQVcd8",24,5263,0,0,0,1
"VEbhY9FdnIA",23,5258,58,2,15,1
"KiTGpe_H6fo",24,5258,18,5,0,1
"fJfih3AszGw",24,5258,57,1,7,1
"TN0jKkZEjec",24,5257,146,17,81,2
"lS6r-KwH0OY",24,5252,40,0,0,1
"P3xLks9r3HE",10,5249,209,5,8,1
"WKwrjjPRW64",1,5249,129,9,23,2
"8FRbGrpKW24",1,5249,90,5,0,2
"HHGEeMP3wHI",20,5248,158,8,219,1
"JnnUBBhvuws",24,5243,0,0,0,1
"I2fR3HoUhxI",1,5243,28,1,1,1
"hUUVmzvfUIw",22,5239,32,3,8,2
"m5TrrS7jEd0",24,5234,192,1,67,1
"KpUBaXf7ThE",29,5233,99,1,14,1
"pHWAA6L3VDk",22,5231,23,0,1,1
"GG8hIQEcgzM",17,5228,16,5,14,2
"2DxgvwfI-ts",22,5227,26,7,0,1
"OaG0lCGCJ18",24,5219,0,0,0,1
"U3BxhOcaqxM",27,5219,82,6,0,1
"OGCAGENkiGc",17,5217,83,2,0,1
"b6n65yd15rg",24,5215,0,0,11,1
"s0oKSZYi9r8",24,5210,156,2,25,2
"fO4ISA05BmI",22,5205,0,0,0,2
"a372eCI-lWA",22,5202,24,2,2,1
"XVcC71ZaM14",17,5200,44,8,10,1
"rtlSmt3enM0",25,5196,126,22,21,1
"IskUCwDwTOY",24,5194,25,32,23,2
"ZkwgEqbdvqQ",24,5187,21,33,20,2
"RWoRFxFjrBU",17,5187,0,0,0,1
"vlLsB3jv3ao",22,5183,0,0,0,1
"bPNLrLEMgE0",17,5181,34,3,18,1
"6AzvYZlZgMY",24,5175,96,6,9,1
"5hHsBb8VbLM",22,5175,35,1,14,1
"69ehlPYwry4",25,5173,35,12,1,1
"GtLY9zxPixM",25,5165,33,4,0,1
"Ycokif3-N8U",17,5165,13,0,6,1
"gy9d1JSenIs",24,5164,35,7,6,1
"5PZOe31ycII",22,5163,11,4,2,2
"S8ATo2m_7sA",10,5160,165,2,5,1
"sIWT9vi_7_I",27,5156,75,3,0,1
"UygFe7pWiXg",22,5137,0,0,29,2
"k0XNOLT8jX8",22,5133,34,1,10,1
"cb2m0rqT40s",25,5119,26,5,1,1
"EEkbqNr7D88",24,5117,98,7,15,2
"JESCKFTph9o",2,5117,0,0,0,1
"Tm5A8pGOFlg",22,5115,8,6,0,1
"Zswvj6jCS6k",22,5113,2,6,0,1
"fwaw24-ljOE",17,5109,19,2,2,1
"HGxvUn_PTH4",24,5105,55,1,2,1
"1K6OI07Ckvw",17,5105,98,2,21,1
"eKnH4_umApQ",17,5104,3,1,9,1
"XH5duDmidn4",24,5103,38,8,4,1
"uqgWkgzfH1o",22,5099,106,38,18,2
"zElUhVhBxpY",22,5091,0,0,0,1
"z7YMd3MejRY",17,5090,14,0,14,2
"Yw8ODCi9L9Q",10,5085,45,0,4,1
"N9PGR4ujCrQ",22,5083,10,9,2,1
"h0Tj0tfhKKU",25,5080,46,1,8,1
"BmJQGWleMUs",24,5080,179,5,0,1
"quu_H933A3Y",25,5079,33,7,1,1
"AtKSBtTnpuA",22,5078,0,0,5,2
"0DSrSpKAp0k",22,5077,0,0,7,1
"0A8Be58u8dk",24,5072,107,42,14,1
"EMegc3yjRFU",17,5070,13,8,3,1
"sy5Pn0v3ptw",1,5067,57,2,7,2
"MOkfK30nGi4",22,5066,108,10,9,1
"ysZzMUvlyJw",24,5065,580,7,107,2
"CsPVp22hAj4",24,5065,126,2,30,1
"9D67xqGnYQw",24,5065,82,1,20,2
"v4XMKYa2N3w",1,5065,366,8,100,1
"PvsbMtTrr4Y",22,5064,0,0,0,2
"dEunUrX2cwM",17,5060,92,5,9,1
"p-ei9xWZgvs",24,5059,131,9,20,1
"sPuLAZdSMiQ",24,5059,101,38,18,1
"a6dSVAtOdnY",17,5057,307,11,0,1
"W6PB0sT21bg",10,5055,142,4,18,2
"IvgJ_OHeCAg",22,5054,39,5,2,2
"DMaJqFb-fG4",20,5053,0,0,0,2
"6NubBLvQOl0",10,5051,168,7,20,1
"rUd9lvlZAvc",25,5048,121,2,11,1
"xOq8VIkqh1s",2,5043,20,13,4,1
"dnUvKxRgqMQ",24,5042,79,2,22,1
"u_2C9ytXxzc",22,5036,116,4,70,2
"Za0D-EDpoq8",24,5035,182,2,110,1
"nLp4CS6F-g0",1,5031,13,1,0,1
"YWXOIEdmkrQ",27,5030,125,15,11,1
"sFkYYw53wX8",17,5018,27,1,0,1
"NcJr-Ap4_HI",22,5018,41,3,18,1
"8Dh68votfMI",17,5014,0,0,0,1
"dHtiJ5p-h8I",22,5012,96,13,2,1
"KmSS1M01Ff8",26,5010,379,3,62,1
"fWOsSrqROZU",22,5009,55,5,3,1
"K3LWN6McTRU",24,5008,3,9,0,1
"Rqgiy301UcI",20,5008,49,1,15,1
"wvt_Jv06di0",24,5001,8,3,0,1
"Ajo8ocnJslc",22,4994,7,7,0,1
"G1GA6MCrEqw",25,4989,43,5,3,1
"pzx_Yv-2Zqg",24,4977,154,6,26,1
"dvBKDGnOrYQ",15,4974,247,9,39,2
"bBHKEYOhKH4",22,4973,32,3,10,1
"mPT7fBCZemU",22,4967,17,2,0,1
"YxLL2-cTLr8",10,4962,59,2,15,1
"pTRWgeA7jRs",22,4959,215,12,2,1
"PIv5TLvZsbU",24,4954,34,4,18,1
"z3tX0QpJA7I",17,4950,19,58,25,2
"UsjAGFGNCAA",22,4949,32,4,3,1
"zNHi7XCE6Fg",22,4947,48,1,20,1
"JaXLFTH7HmQ",24,4947,116,5,23,1
"IOkrQZv7q8s",22,4946,156,0,61,1
"KszfKyjctIQ",22,4944,34,1,4,1
"2g5Y3HiiAKA",22,4944,0,0,2,1
"LDR2_GNTJXE",24,4943,81,8,7,1
"_lPQdbLE3FA",24,4933,8,25,5,1
"LChpwNzT9po",22,4932,17,6,17,1
"XPzaZbMpne8",17,4929,15,2,0,2
"KM4FaLcY_t4",24,4927,62,1,6,1
"-8MNgKXnELk",22,4927,101,0,5,1
"HtpyMhUE2F8",24,4924,97,1,5,1
"zFoV8HH1xn8",22,4920,128,7,30,1
"s71xI4iFCTA",22,4919,0,0,2,1
"BWPx-gQU5wU",20,4916,0,0,0,1
"11T60xb2ri4",26,4915,91,15,29,1
"OPRRl9DTDIo",22,4907,0,0,4,1
"dy1aHJGjspk",22,4902,170,10,20,1
"ymPcDFVBt1U",22,4900,73,2,10,2
"wqj-6ja6gZ8",10,4899,381,3,33,2
"zgTV7HquJaw",24,4898,14,6,1,1
"cv6TMiAAJjs",2,4898,44,0,13,1
"3yQT8sitbkI",19,4896,225,9,32,1
"Z319GzbWXug",10,4895,40,4,11,1
"heYgbEZq-xE",22,4888,0,0,0,1
"1bH_aQPFdXk",24,4888,32,8,5,1
"nOZ_pC_jCjA",26,4886,121,12,13,1
"s1A_cyN_9kM",24,4882,28,18,30,1
"WZ61f0ewL4M",24,4881,0,0,0,1
"cViVxZI0vbE",24,4881,110,3,53,1
"iz2wZZdiBQA",1,4880,18,9,6,2
"3fY1RhrP0Kc",22,4875,0,0,0,1
"JOTsWlNrbKk",22,4867,102,4,8,1
"oXo3wYDaHMc",24,4866,20,9,3,1
"mNgstAqU76g",26,4864,80,6,2,1
"v_GOgKciXck",26,4864,246,11,56,1
"txYFoE6f7ww",22,4858,231,2,13,1
"iUkcI2zyv24",22,4857,27,4,3,2
"yqj2lkNpzKM",2,4856,10,3,1,1
"F0oJmoE8p5I",15,4855,0,0,33,1
"R5UiXr_Wo6E",22,4854,119,1,14,2
"S5yVKsQP_nY",17,4848,61,2,24,2
"2rJYy4K9tV8",24,4841,10,2,1,1
"TBVEAdAgGQ0",2,4840,60,2,7,1
"usNmqTj6Wpo",22,4839,35,4,13,1
"xTEGi2BnnSY",22,4839,463,14,13,1
"3DnabeL1T-o",25,4832,0,0,4,1
"7NwpD2Zri5I",24,4826,134,0,29,1
"XagVzOc0ihw",22,4825,60,0,32,1
"cM_TmiKxc4E",22,4824,104,1,60,1
"FQTpw3v1WxI",24,4816,29,5,4,2
"wO_mBMmdk4A",20,4814,0,0,0,1
"wVf3R5IguoU",24,4812,283,37,14,2
"vjG0fU9a0xg",10,4812,180,0,37,2
"pa1ZNWXrDyQ",24,4809,36,1,2,1
"FKbES1a_GGU",24,4804,112,0,18,1
"NLU_jQAItxA",22,4795,112,11,1,1
"a87UIP7-yc8",22,4791,70,4,9,1
"HRWohLTn3KQ",25,4784,47,10,10,1
"QYlr5tDOyrw",20,4782,40,9,0,1
"mngvL5BBwyE",22,4782,17,7,4,1
"etTl_yI2oQw",1,4780,7,9,1,1
"Wj5wLGQVghE",2,4779,99,4,18,1
"YkkMz1AtjyM",25,4777,166,22,39,1
"JRFBtzieoc0",24,4776,139,2,4,1
"ejH6BHVYrsY",17,4772,29,6,6,1
"bP0DMfEPkx4",17,4766,26,3,0,1
"NTlJBIaEzR4",1,4765,11,4,1,1
"yJGMXI508Sg",24,4761,108,24,44,1
"OEXIBxsd6h0",22,4757,59,1,6,1
"k2IlVEeknbk",22,4751,96,1,7,1
"O19e3gSlCAU",17,4744,63,1,2,1
"YBCnEGc7VuY",22,4740,178,5,19,1
"3PTpwgdT7Bc",17,4735,110,4,29,1
"xYC_I3zAd98",22,4729,28,1,1,1
"CwTouVSilPc",20,4727,106,0,3,1
"zEX0QnImuYs",22,4723,26,0,3,1
"yY1rlATagIg",24,4709,62,7,6,1
"Ok4dqlR_MJ8",22,4707,80,6,0,1
"_i-fHIpqWQQ",15,4706,311,2,24,1
"YJNGx-40fdM",17,4701,23,3,4,1
"E4HcwTg7qZM",20,4698,89,3,1,1
"ZGEYsDtd2Kc",17,4697,11,710,35,2
"ARu_o89is2E",1,4690,8,2,0,1
"z8NYbq5PprA",17,4689,14,3,10,1
"M5Bl7pd7EV8",22,4682,95,3,6,1
"F2KxHnD6KoA",22,4681,249,2,42,1
"jomof5Df-5I",25,4679,25,3,4,1
"yx0J6zRr18E",22,4669,253,4,6,2
"vgXBx4tYGCc",24,4667,17,5,2,1
"105Q5V6YzFs",25,4664,39,6,2,1
"Z26pqj2JZ3s",2,4663,86,13,11,1
"dtHvDcF2XDA",22,4663,16,0,0,1
"rL6M-0zD0-4",22,4662,47,16,7,1
"K9tTA1NcN8M",17,4658,19,8,0,1
"6tvfdP23umo",20,4656,36,6,5,2
"_JU8-2cAbbY",24,4651,81,6,3,2
"zKKrcwGOhic",10,4645,104,4,16,1
"oq-e2dCwxec",24,4644,54,3,0,2
"jl9YotkAOvw",15,4639,240,25,37,2
"YvjHo6dlLy8",25,4638,186,2,9,2
"d9Bz5cH1xjQ",1,4634,28,1,4,2
"PN_A5GMsPY4",22,4626,62,12,3,2
"E3wmYM8Lv04",22,4625,9,4,7,2
"zpTwliJytRg",17,4624,8,4,2,1
"w82M4RWMA0c",24,4624,10,23,36,1
"ZrB7ZGlZ7d4",24,4621,82,6,4,1
"iRM4uK9tzpw",22,4617,19,15,0,1
"ZGRu_s4qZ5s",25,4614,8,8,21,1
"jXMDd63JJ4E",25,4607,17,9,8,1
"9hDEPBsu0vY",24,4606,25,6,7,2
"YaHkeRD_xLo",24,4601,36,25,20,1
"5ADwJpuIdco",15,4597,181,0,0,1
"G3AfdbU-FCk",17,4595,61,9,0,1
"uxYXPbykUXE",24,4591,0,0,0,2
"uGBS6ApLWBE",17,4589,35,1,3,1
"5su72PAwYlc",25,4589,25,5,1,1
"Pt1gjYcRVpM",1,4583,0,0,2,1
"OOxI1qJeUBI",25,4583,57,4,0,1
"qYkGvCGx-vk",24,4575,226,1,46,1
"fP1Xl7l3PxM",25,4569,401,1,34,1
"gAymjGN4us4",1,4567,32,0,6,2
"Vl7ZYu9yW20",24,4566,16,1,9,2
"I4ttQ1Yadv4",24,4563,29,1,7,1
"vPadpXqtoKc",22,4563,324,1,25,1
"E8z6-Ae1smU",23,4561,89,7,22,1
"llvbSEgIMXo",15,4561,0,0,62,1
"49hn9kAsbsg",24,4560,19,5,1,1
"UwO163EHwoI",10,4557,28,2,2,2
"4B9mHnw1Zz4",22,4556,20,2,4,2
"0vVXDLek1Y8",25,4555,25,1,9,1
"uR6TJ7ctUy4",17,4554,11,1,6,2
"Ft9jR27yJIQ",24,4552,52,3,6,1
"ugknb2Udnx0",17,4548,11,2,0,2
"BdpvZqG5lXk",25,4547,36,4,0,1
"SxLxkiCyPKs",23,4546,56,55,8,2
"-0S2GwEeApk",22,4543,39,6,0,1
"hcJ6FgFjZ5w",10,4541,330,1,32,2
"5dAbv7n60J4",17,4540,0,0,11,1
"4UBbjwmxZYk",17,4539,57,0,26,1
"V1ReKHh7xvk",22,4537,68,3,3,1
"KZZoccm_pJ8",22,4536,122,14,3,1
"A8o8rfatisY",22,4536,0,0,1,1
"Mv6rxV7YIjY",24,4534,13,0,8,1
"B-8vwiWEpvA",17,4533,67,1,1,2
"f1Pr8PmhAV8",25,4532,7,25,7,1
"BXUiHOHs7yw",22,4528,24,3,0,1
"DSIh05XeUso",15,4527,372,1,57,2
"zWKVQ_nAEsQ",22,4527,27,7,4,2
"SmNrAIPMMi0",22,4526,23,8,12,1
"VsFCsWM2Kic",24,4523,99,4,13,1
"zUE0FCMTQD4",25,4522,161,15,35,1
"E9uw_kmwsOo",22,4520,0,0,1,2
"ZlNICm9EsU8",22,4518,33,1,1,2
"wgopSTkqotc",26,4516,128,13,15,1
"kwqMoT1iTOU",22,4514,0,0,0,2
"UeVoE1Bgb5k",15,4506,0,0,45,1
"BorCMQ6Yb-0",22,4506,123,4,18,2
"ek9Fj7ASDO8",15,4501,346,3,125,1
"KOSsK7zTC7o",2,4501,23,4,2,1
"WDrq7YZj47g",2,4496,162,1,37,1
"LhCv5j77whQ",25,4487,50,4,6,1
"hN_UADdGu2M",24,4487,0,0,0,1
"Ptg0HZN-rHI",17,4487,16,6,0,1
"79Zl-rpKkSk",24,4486,30,0,5,1
"2C8CGeUtcJk",22,4481,16,1,2,1
"yeBdUgUXPac",26,4480,52,5,9,2
"FtRY7NBbIug",25,4473,15,0,1,1
"J0iTtTSnA9Q",25,4471,22,8,2,1
"0C0kGp1n2j0",22,4469,11,3,5,2
"xlYS2pNOBRI",22,4468,42,1,4,2
"rWGZ6pbQl7Q",10,4468,162,0,6,1
"ZEOZJngJXPc",22,4465,32,2,2,2
"B78_K5sgUAM",22,4465,20,7,2,1
"Roc-cSoOP8k",17,4461,20,1,0,1
"JBwPt5roE7k",2,4457,60,7,7,1
"Biu5UCZztBs",24,4453,24,0,0,1
"EdvUMyxhuEU",22,4453,75,10,4,1
"0uVxGziJTI8",15,4450,160,0,0,1
"hecNe-CBg-E",23,4448,74,17,16,1
"MkMOQ5T81vc",24,4448,58,3,9,1
"rXq8HKGjbaI",22,4447,252,2,40,1
"KJC33PPu7S0",22,4447,11,6,7,1
"9rgA-v9CMB8",24,4443,157,4,25,1
"E7cUIurPGb8",15,4442,74,1,2,1
"EMaQhncwNyI",22,4442,91,1,59,1
"9du9aDoR-VI",22,4438,93,26,38,1
"73EOMAe6hyM",24,4434,118,18,0,1
"SBPU0wtGWvo",10,4433,146,9,18,1
"3v9FlMVJMEs",25,4428,19,2,0,2
"82RbfzYOAWc",17,4424,20,2,0,2
"ObpN979TZlM",28,4423,0,0,0,1
"8b_T7B3610g",25,4422,35,8,7,1
"An8PVbLdzdw",22,4421,25,7,0,1
"IR79Dn65364",17,4419,15,3,7,2
"Zf6HNJ5p8_I",25,4418,32,6,9,1
"aybljha77qc",24,4411,157,4,7,1
"EbvOiJOVe34",24,4406,73,3,0,1
"NKe3Fw768bM",1,4403,38,1,0,1
"9u8YAiqDYHY",23,4401,32,1,32,1
"_LzHDZsKR9I",22,4399,160,2,19,1
"X9nWr0R96F8",22,4397,32,0,10,1
"Utt36mSx0e0",24,4395,12,2,0,1
"5x-p106QFE0",22,4394,39,2,2,1
"X7PxByRPXkk",24,4390,12,5,5,1
"06uWU_X6fJo",24,4387,0,0,0,1
"jIqJydhIEd0",15,4382,0,0,45,1
"yNDcHNIRxPU",10,4380,106,0,0,1
"zWYMt-9z20o",20,4378,129,2,28,1
"SgTKF7wCCLk",24,4371,21,2,0,2
"uhiPIj9WY7w",24,4367,17,31,14,2
"vZ_TVJGwgKM",23,4360,34,1,8,2
"99IDpntVUEU",24,4356,102,12,10,1
"LxcOiodEUKQ",22,4356,20,17,4,1
"fVkVbqpZ2LY",26,4356,65,3,3,1
"nekQ_p22cX0",20,4346,96,13,0,2
"3-kj-3Rh_zA",2,4345,17,3,2,1
"Oz1kC9E7ovw",20,4342,42,9,0,1
"Jcw8JV3_YzE",22,4340,69,6,0,2
"Sz23GjPw6Pc",24,4331,85,7,23,2
"kchvPGHiY7U",25,4331,15,9,1,2
"xEFYnNDTqsw",26,4331,46,5,2,1
"goMd44K0qIk",22,4327,126,1,43,1
"ganUzu42SNk",24,4322,60,4,5,1
"IJDWwchYQpc",22,4321,167,0,5,1
"_FfFmuwuLWU",22,4321,25,7,1,1
"H1-y-QnA2Ns",24,4308,9,3,6,1
"rXl91_2XtEc",22,4307,22,7,0,1
"xFUgRNDUpkI",22,4307,10,4,0,1
"BBtXTKyLbqY",17,4306,115,4,1,2
"yTPgQugtjLA",22,4305,0,0,4,1
"IbfPosuLzPc",25,4305,111,4,48,1
"dlXMK42mKOk",22,4303,14,3,0,2
"ZXZspf8Ng4w",24,4298,36,6,4,1
"SVj-Lv085xk",24,4297,51,6,0,1
"wzhQpCDYkEs",15,4293,230,2,71,2
"DXkq5V9FOLE",27,4284,87,6,10,2
"SnRKuGzkzZg",22,4282,29,2,2,2
"bXlncZrd9to",24,4282,23,3,0,1
"fUBbzU9sfBw",22,4278,174,1,14,1
"qCt1fvkgjH4",17,4278,21,4,8,1
"dX2TK3zCGes",22,4265,257,0,70,1
"BwmdQ8q5-zE",10,4265,152,4,4,1
"kLbu8Uc-QfY",20,4262,29,9,0,2
"Xrf4hvTxRmA",25,4261,71,23,3,1
"ojnZMaa33lc",22,4253,25,2,3,2
"rfsl_i6dCQE",10,4252,22,4,1,1
"hHZniSxz9Zs",24,4251,180,7,16,2
"Tt_RLPr5Ftg",23,4251,16,5,13,1
"yeLzncO0mW8",22,4247,84,1,23,1
"i0gam9WHUOA",22,4243,21,24,16,1
"DdMb47PSzhw",25,4242,28,3,18,2
"PzXdkHH9Z84",24,4241,25,18,9,1
"qknaW3q6Wzg",17,4240,14,0,3,1
"y8fhN6iisqQ",24,4240,811,4,0,2
"Byd2vOt3oU8",22,4239,40,2,7,2
"VFDxnfTwqoU",25,4238,258,3,115,1
"u2jv9PEngOQ",22,4236,188,0,58,1
"PJA74PT1ZUI",24,4234,17,4,0,1
"WdWcIkFx7Uo",17,4233,10,81,88,1
"EirWsXwY0Zw",24,4230,91,8,24,1
"fM3wZ5EKdFE",15,4228,213,6,42,1
"Qylh1V10bKI",27,4227,175,28,29,1
"jLvYhdkNu1o",22,4219,14,29,3,2
"dcDcY5QWElU",25,4219,14,20,8,2
"gJ_OXV7_fY8",22,4212,75,7,13,2
"O8QgBqeNIeU",22,4211,0,0,0,1
"McVvyEhaJlc",17,4209,31,0,0,1
"1ipmdNpDpPk",15,4204,182,14,31,2
"uiN7NarOYbk",26,4203,65,22,16,2
"bshEnafTA0k",27,4196,83,9,0,1
"LaFykEIo20w",22,4195,45,5,9,1
"BgQ_CJakSDc",15,4195,205,14,35,1
"Huq8Cf4q91o",22,4181,70,6,9,1
"WhCJ-gz3wxA",22,4180,46,0,4,2
"EzsrXqQKG6I",20,4180,12,4,0,1
"dnD5e_6mcEQ",24,4179,97,2,0,1
"0yoLeEdi9cY",22,4175,123,4,9,1
"680jWgXS_t0",24,4174,49,7,1,1
"dpVJ3huO4KA",24,4173,14,12,16,2
"3shycsOKwtc",1,4168,16,1,1,1
"aBg1VWgrnAM",2,4166,205,12,48,1
"fjOV1K9jLmQ",24,4162,132,0,6,1
"EYer0H6e9nc",24,4162,37,10,0,1
"aVCXlzN1i1A",22,4161,19,4,5,1
"VHMQglF-S14",10,4156,415,1,44,2
"gMMNkDJ-l4g",22,4153,43,7,0,1
"EsrCV8D-aRc",17,4152,13,3,2,1
"yqj-qOtFUss",24,4151,126,6,25,2
"soF0m4_klp4",1,4150,41,3,4,1
"4i7Ex2HIsXM",24,4145,162,4,29,2
"LH7iuU5PqJM",10,4131,455,3,70,1
"2xBd8yabhIA",25,4130,41,9,4,1
"UtqjhbHa1xE",22,4130,121,47,138,1
"UCiAjU1T80M",24,4123,0,0,1,2
"FWItvXaX6lE",22,4123,11,0,1,1
"CB8QslUhWBo",20,4123,32,8,1,1
"Lhymsq4tNRc",17,4120,24,2,8,1
"vUQO0cSwh5E",23,4116,135,1,7,1
"9g5x8fB8vYg",25,4115,43,4,13,1
"GE5M8spHAc4",22,4093,23,0,20,2
"gKtZhIGXd3g",22,4092,70,4,19,1
"ZUQ4fDYEvlI",25,4089,67,34,6,1
"k6ZhfhUJEAs",24,4087,23,0,2,1
"MRoA7qKvA1A",22,4085,136,0,7,1
"PXYMQmNj4e0",22,4084,59,5,0,2
"HtfjgBWYw5o",22,4078,23,0,0,1
"zVp5oxqvOzw",24,4070,18,3,3,2
"sSFoPyIE4D8",20,4068,52,6,13,1
"3uiOPrLjv6w",26,4060,88,10,77,1
"20CKMBMN5S0",24,4058,195,4,19,1
"tybKrCZdncI",26,4058,114,8,1,2
"vDweevce6gM",2,4058,150,2,48,1
"zmISBHbr4ZY",22,4056,0,0,1,1
"4Vwsw77D82Y",22,4056,58,1,20,1
"FVnBIY8-h0Y",22,4055,29,1,3,1
"zjb9bfVE05U",22,4054,73,3,7,1
"HnhyTC_I5Zo",26,4051,25,2,2,1
"cVUFns9Nlw4",1,4050,39,8,5,1
"19iIc6zN9k4",10,4048,502,4,38,2
"akxqJJatrY0",24,4046,97,0,8,1
"L5W22KHO2U8",24,4045,85,8,4,1
"4fsa2NQEipw",24,4038,350,2,51,2
"CY1lv82ukDo",22,4038,75,1,4,2
"MltbWkgaPUc",22,4027,46,2,11,1
"VLJ659joA-E",17,4026,167,4,10,1
"KDI2i4bvfrI",25,4021,90,5,17,2
"AeDv0GA2l0c",25,4019,65,16,1,1
"oWJRxtjp9sk",22,4017,78,5,7,1
"VEL36gF6EtM",24,4010,24,1,1,1
"kRHE2LzWZ6A",22,4009,1,4,0,1
"iC1HSAjTurw",29,4006,86,1,3,1
"L84ewClMiiQ",1,4003,22,2,0,1
"TD7TW0-bKt4",24,4002,54,2,20,1
"DkJFIn56kCU",22,3996,6,0,0,1
"s7sDfPCmBV0",2,3993,18,4,3,1
"eLW8K949cyo",17,3993,69,0,34,1
"6iPIu6GG68c",24,3987,0,0,0,1
"p14gLMSChtc",1,3983,34,1,2,1
"qfQLuh3nKQA",22,3973,0,0,3,1
"0vXqznFdq6U",17,3971,16,1,13,2
"O8pjNLDNfLY",24,3971,89,8,15,1
"yXbxtZkxZ14",22,3965,20,1,5,1
"vDjZnLsVkXg",17,3965,20,0,0,2
"7DAPD56HpFQ",22,3963,44,9,6,2
"piVgeabrY8E",10,3962,154,0,8,1
"iRqzDAJkJmA",24,3960,5,2,9,1
"eS0QhZXHsxE",22,3960,38,2,3,1
"fxjHhdYrVVE",2,3957,79,4,7,1
"m_whAV0dscc",24,3956,132,8,79,2
"f2Vh8zqiCjs",22,3953,0,0,5,1
"wS-NCCcdmVE",22,3944,0,0,1,1
"1goVG9LYqJs",24,3941,99,5,14,1
"ynBGSSMgxm0",15,3939,74,2,4,1
"oz2ixc5uNSU",20,3937,41,1,6,1
"yswbjZhdqCo",24,3936,64,0,6,1
"Ye64hHuiIgk",20,3929,17,11,2,2
"WpIQi1I4chM",22,3925,0,0,0,1
"MDieY76_ehc",1,3924,52,2,7,1
"fA94vssmfdA",17,3922,185,1,8,2
"Y_fTBsFpMOE",19,3918,123,6,43,2
"8H-mLvekxhk",20,3914,76,2,20,2
"8_FE8Yqq7Dk",15,3908,272,1,62,1
"fXZvZHb5f2k",24,3904,0,0,0,1
"9E9PelqCUWo",2,3902,54,5,3,2
"CnTs1gjVziQ",17,3901,81,10,0,1
"t0EM7oaKvRE",17,3899,216,17,0,2
"bruPHJBDmZE",26,3894,253,5,40,1
"VHAXrnnzdfY",22,3888,81,4,0,2
"mwELGdEPxaA",24,3888,58,7,1,1
"4KvMenctoLc",26,3886,13,4,0,1
"m0mD29Fnmj4",1,3884,165,2,69,2
"lyFNm81b7BA",22,3877,10,4,3,1
"PqTsArVicng",24,3877,75,2,6,2
"X6U1g77Pf28",24,3875,114,5,23,2
"NWqmk2iApIQ",22,3869,122,3,14,1
"j7n65xjPFtA",26,3867,35,2,0,1
"Qu3qysW5QI0",22,3867,165,1,26,2
"sqoefd6net4",24,3866,36,10,17,1
"RqRHe8tsgec",17,3861,0,0,12,1
"TZo8kUfDc60",22,3858,21,2,4,2
"p1XUE-xv3p0",22,3855,215,3,18,2
"pPXwCz9etE4",10,3854,202,3,26,2
"_2z2RAd_YMs",22,3851,0,0,0,1
"CVM6JB4KLmY",24,3850,45,3,8,1
"HRpRqYgIZ_k",24,3850,96,2,8,1
"xVRtRcN8Jjk",24,3837,8,46,26,2
"9AM9Qwdengs",24,3837,46,3,11,1
"0V2qcCQMcXc",22,3830,36,3,0,1
"V6XnSqePgeM",2,3824,27,1,0,1
"CPuM6mB9SnU",22,3823,0,0,7,1
"9tv558AOSI4",17,3815,4,0,7,1
"NrPBlbFLNJQ",15,3799,387,0,63,1
"IWZGW0W9NdI",24,3798,67,3,23,1
"Q_NWRRHtHVA",17,3797,4,17,2,1
"_j9LdBlsuz4",1,3789,172,3,5,2
"7poOjcWac2A",10,3784,84,1,3,2
"j0cllsLQv0E",10,3781,215,0,23,1
"sez6js_eGbA",22,3777,7,1,1,1
"LOvOqm2TyU4",25,3775,95,4,15,1
"Z5XFagAiJaE",1,3775,24,3,2,2
"3esw00Efqgs",22,3773,39,1,10,1
"NqMZQEhkPn4",20,3772,59,5,0,1
"o0S08u7aRGI",22,3767,33,2,1,2
"5Dlmn5GCRDA",22,3766,8,7,9,1
"NrFGOEyHiXY",17,3765,11,6,7,1
"T8HWOZnfgn8",23,3752,31,41,2,1
"QkfFt5C1bpg",22,3743,17,2,3,1
"q0cPYPoL_zg",22,3739,154,3,4,2
"fckFb_t2z1Q",22,3734,59,6,9,2
"fUs38eR9nEg",27,3731,0,0,22,1
"r8mubZriyKA",22,3731,30,9,2,1
"VTncVRdljEE",1,3729,144,8,31,2
"Mls81lQ3YSQ",15,3726,0,0,66,1
"ae_tXCgevEQ",15,3724,0,0,0,1
"Ofj-6yHonLU",10,3720,26,1,0,1
"yCASGnMxILI",20,3718,70,1,4,1
"tjmq8k2KpTk",24,3710,34,16,6,2
"PbsnW0uDAA8",22,3709,0,0,0,1
"zXhUMivWZmc",24,3703,178,1,9,2
"aqQvTlrJKjY",25,3703,40,10,9,1
"W-NRiQ2DQE4",1,3695,25,0,91,2
"007CcyS92FI",15,3692,303,1,26,1
"pj58ynxxXLM",20,3692,15,0,1,2
"KcW_umDh75E",27,3691,19,6,7,1
"2jH9_8PoSDQ",22,3690,10,1,0,2
"u5RAdZNqb-s",10,3689,80,4,3,2
"86mXctUfSb4",26,3688,243,13,28,1
"BvmY3D5Zg5Y",24,3686,22,8,2,2
"CweKcucLf40",24,3680,9,4,2,2
"1c7UL7dAluY",22,3680,0,0,0,1
"g6PQePt5koM",24,3676,23,16,4,1
"f9HC5CG6jTk",1,3675,118,5,28,2
"Y6uSy3ZNCzI",22,3674,4,1,0,1
"Wh0GNp_sOs0",22,3672,125,1,11,1
"zhzpS04qzmU",2,3668,74,2,12,1
"8Q8DrbC6Ddc",22,3667,49,6,18,2
"TmJC6A8VqvQ",22,3664,195,2,53,2
"ruDC3cuDhEw",22,3660,13,0,0,2
"zml7BXSxgf4",24,3660,18,21,15,2
"JjgDA0kWQbo",17,3657,80,3,15,2
"UIFb5CY76bU",28,3657,95,2,7,1
"5hKXHZ2VPVk",20,3656,165,1,71,1
"2lyUh8I73Eg",22,3648,179,3,10,1
"RosNOufOnvI",25,3642,29,6,4,2
"fjHjj8hG7W0",20,3637,101,4,79,1
"JGM9IJCJskY",24,3636,128,5,4,1
"k4fejBYCEF0",22,3633,113,0,5,1
"2z7ScMOIBWg",20,3632,408,4,56,2
"uGITd5cV7DU",24,3629,35,3,11,1
"NMlYYo_NdyM",25,3624,61,72,9,2
"K50LAbCbdjM",25,3624,147,1,6,2
"x2NZnbIsqwU",22,3620,57,3,8,1
"s354HQcjSTI",25,3619,13,32,1,1
"zpFWdX82LF0",22,3616,40,23,1,2
"kxzwJyLsAYI",17,3607,8,0,1,1
"YYJT4Km9SWo",24,3599,95,3,30,2
"w8IfhQ6qxzA",10,3580,399,2,0,1
"jEQCz7cttzY",17,3578,58,16,0,1
"b66s_R_E7dI",24,3575,20,24,6,1
"iBdygGKunBU",24,3575,38,2,5,1
"1oWdo5-BBYs",1,3573,56,4,29,1
"yuUwCIU9src",17,3568,46,2,7,1
"74CpCbMmqx8",24,3562,19,7,8,2
"CYOAnrCfWko",17,3548,86,1,1,1
"U49mpAs60UU",22,3546,98,3,24,2
"bSm34vsTnLY",24,3544,105,6,11,1
"GleWjNUHP4g",20,3543,31,4,11,1
"NlvL6ahuNiE",27,3541,8,5,1,1
"Il7uXr9O5sU",26,3539,72,7,1,1
"_S8RQT-iXjI",24,3538,10,5,0,2
"6WUJGsFHR7c",22,3535,13,1,3,1
"l6uy19R0K2g",20,3529,0,0,0,1
"yaoh8Qi9FxY",22,3526,40,7,3,1
"EejPc43RbJQ",1,3524,108,1,7,1
"a9eWC6GDoyI",24,3518,0,0,270,1
"HGAXU1tH3qM",24,3508,32,2,5,2
"ysgNOzypTmA",17,3504,17,2,10,1
"OM-CrbQc3P4",15,3502,372,4,42,2
"2XGxPIU-vGw",22,3501,51,1,3,1
"Fp5Gzn5wdA8",1,3500,7,4,0,1
"pbuj2U-RQck",25,3485,76,20,1,1
"jVKJrZ39C_A",17,3481,35,4,1,1
"BqAp822UY1k",1,3481,20,2,8,1
"8p-lDOT7p4U",26,3475,89,0,0,2
"4ErKi7GrnpU",24,3468,11,2,2,2
"jA0zZEqHlmQ",1,3466,4,11,0,2
"8m3lB95iv1Q",22,3465,201,0,98,1
"trIJFUqJQJY",25,3460,144,10,39,1
"_nR9A-SAfOE",2,3454,34,6,7,1
"P6AVUj6UsV0",22,3452,44,0,1,1
"5wyPzYbAnzQ",24,3450,0,0,6,1
"y_Zq08KbmXw",20,3440,0,0,0,1
"L8gQrmcQxfo",17,3439,15,0,5,1
"UiAUW2tzIpQ",19,3438,42,6,4,1
"W3gKoNiZhhA",2,3434,64,8,9,2
"nxX-NxSS5lY",25,3434,18,3,5,1
"IKAmJRW-BXM",1,3427,244,3,10,2
"vE-P7k-bKmU",17,3422,6,2,1,1
"t9PGauQTD1A",2,3418,73,4,12,1
"jftcRcWAdbs",24,3417,26,0,2,1
"a2CbbJFnms8",22,3410,74,0,2,1
"Z3JUGur8OpE",24,3406,77,2,4,1
"LGh1Ss-N95c",25,3402,14,3,1,1
"cCfUd2yFg00",24,3398,82,1,17,1
"o7ThfFFnyPU",24,3397,29,41,25,1
"Vdhm5ItkFgc",22,3392,24,5,4,1
"YNe5KHeAL7M",10,3392,0,0,0,2
"Ba8Tl4GxHaM",25,3391,10,4,0,1
"NdbENlKZvb0",24,3388,0,0,3,1
"cWlcGfo4qtk",24,3384,17,0,2,1
"ukEkFMndv28",24,3379,41,0,2,2
"s8jIp542Jug",1,3372,53,2,0,1
"hw_n6jQuH1Q",15,3371,156,2,1,1
"GRFxUfz09BQ",15,3370,75,9,45,1
"vDA6ha1qKig",17,3362,28,1,2,2
"hQJ2kcJJQNI",22,3355,359,2,61,1
"m99somvPM0Y",23,3348,34,5,8,2
"4VFVLMvRRHQ",25,3342,38,4,0,1
"3M3Xpq7iXjQ",25,3336,195,9,61,2
"w6a9EeJK6Kg",22,3336,45,1,20,1
"zHkbeFruykk",22,3333,102,1,11,1
"m-a_YPzwjEs",24,3331,36,3,27,1
"gtlfAJETj2g",26,3327,46,8,2,1
"VlTyvEGaXqo",24,3319,38,1,1,2
"GBy03o6BJwQ",23,3315,56,13,20,2
"bMZDmm67KRo",24,3314,132,2,10,2
"0QtSgPxCSM8",24,3311,71,14,13,1
"bl0-sOSZ0Nk",17,3310,24,0,0,1
"77n6lo7yVHE",17,3309,52,3,1,1
"Tz3fEfaZdzw",24,3304,48,26,5,1
"B_iupDTfL5k",27,3301,60,3,3,1
"KtDAPxXO8gY",10,3300,426,1,18,1
"bZ4bvrNE52M",10,3297,160,2,6,1
"0hXKF9m4GBg",25,3289,17,4,0,1
"IioYMngC9fE",19,3287,52,3,13,1
"wCZd1a9M-6A",17,3281,0,0,6,1
"0BlsGNYHmLI",2,3278,61,2,7,1
"LBilfqdjxQI",24,3277,34,1,4,1
"tG43_UovfNg",25,3276,12,5,6,2
"FwOeifQREwE",22,3276,28,0,7,1
"c0sSig6KFEU",17,3274,25,5,31,1
"By9AfCts4e4",24,3274,35,0,0,1
"Lpb97erHMvE",17,3273,123,1,4,1
"_yTnPnU696s",17,3269,17,0,1,1
"eFedmlO4KCA",22,3267,63,5,29,1
"vxhTHZuaetU",24,3263,122,7,4,2
"tIKzqSLsSXw",24,3261,41,17,11,1
"ctN0TbXo1AU",17,3258,30,0,8,1
"dBq3WfRicV0",1,3257,35,6,8,2
"sCEsGMK10s4",1,3256,148,24,18,1
"6EJ4LUEVPbU",26,3253,230,9,19,1
"WJyfzEr6waM",22,3249,182,9,57,1
"78Ey_t9iVGQ",24,3247,6,5,13,1
"48722Jh4GB0",15,3245,206,0,24,1
"FFeFuFSbBKw",22,3245,23,5,1,1
"94SmkpRE8n0",24,3244,15,18,24,1
"J1MT2ZVTqVs",26,3236,0,0,0,2
"S5iRL5rddGQ",15,3235,187,3,16,1
"ySOjMO2rcyA",20,3226,157,4,44,2
"ZdwEQw79s8s",24,3220,11,0,2,2
"MW79zodwp1k",24,3217,35,8,7,1
"QRhaIm_IDe8",24,3214,45,0,3,1
"FSbp5K_HzcY",20,3212,20,2,2,2
"s6DiLGeV9tc",1,3210,18,2,2,1
"g6YuOuIHzmc",26,3198,83,11,27,1
"h--uhLu_1po",24,3193,94,2,10,1
"jx65BEU-XP4",22,3188,117,1,11,1
"8NEmByfZTDk",22,3185,34,0,2,1
"5wP1C3gL3NE",22,3176,43,1,10,1
"YCfDWr550h0",25,3176,23,3,17,2
"1lY-p3km8UA",15,3174,170,5,16,1
"TIM7LwStsQU",24,3173,48,4,8,1
"K4nn6HcNmjw",20,3165,33,3,10,2
"r-94FDi8Tlc",27,3163,101,10,3,1
"fPofE8HHV60",1,3160,0,0,0,2
"eOuq4rZe7HA",1,3157,101,0,25,1
"LH_GEXGl6Q4",1,3154,20,2,1,1
"y-1kwNqLq_E",22,3146,0,0,0,1
"6ztdiDT1k10",17,3143,4,1,0,1
"SxBjlxSBNvY",23,3139,35,2,10,2
"bDqbuc1fkew",17,3137,8,1,0,1
"6qT5wAc3fEY",15,3136,385,7,41,2
"UaYrKIGPGqc",22,3125,11,3,1,1
"4bO5mVqOqPQ",1,3125,56,3,2,1
"fbccjpJYu8Y",10,3115,63,1,1,1
"hMj9YymBYLw",27,3108,34,2,23,1
"a7SqHeN-j2M",22,3105,308,4,17,1
"DCT5LdK1-UA",23,3101,17,2,2,1
"538XnX2YBhg",25,3100,21,2,2,1
"1O8ZYStgJUY",24,3094,16,6,0,1
"KgR0MGge2hg",2,3091,20,1,0,1
"qapmid4cuFI",27,3091,68,8,20,1
"pRc8kBP2isQ",2,3087,75,2,4,1
"0AFu6LQMXZU",28,3082,53,8,20,1
"DGsqj0LN4vM",15,3079,145,0,28,1
"s6D-rzzvraw",22,3055,6,0,1,1
"QW-k1Wg1WX4",24,3048,48,2,0,1
"la3yMX5LGjM",17,3043,24,6,6,1
"lx9_gm-T6r8",17,3039,33,6,2,1
"Jre13xn-8_Y",20,3030,36,1,6,1
"XozGdsi-L0g",17,3029,64,4,5,1
"Ecvg0r9Q-Dg",22,3027,52,1,1,2
"DTUz0VgdJNk",10,3026,21,2,1,1
"xu-HEIpA48g",25,3018,71,7,10,1
"_KsnjzvMQq4",15,3018,301,0,37,1
"f4rWhbNLxeI",17,3016,9,3,0,1
"IaxyR-Gi_r4",24,3010,99,6,40,1
"n8nNtx7iPfg",24,3001,160,5,12,1
"RZSIQbqFR-Q",24,2997,19,1,5,1
"hXbxPeJ6nVg",24,2994,55,26,4,1
"0NxaAi3B6sI",24,2992,52,0,2,1
"FniLuEVW6WA",2,2988,204,2,39,2
"Oomd6eTVwdc",24,2985,0,0,0,1
"bTqwvTXa_7E",24,2983,8,12,6,1
"ub_aAOpFn5s",25,2980,20,8,3,1
"a2zTOw9bv8w",22,2976,27,0,3,1
"Kz2bs_Cjimg",26,2956,0,0,0,1
"uG2UhzmR6Wk",17,2951,0,0,0,2
"t3e04uNbhHI",25,2945,16,15,13,2
"xp9Tn6dfaCc",24,2945,10,21,7,2
"090TP2BfSec",15,2944,183,2,18,1
"jElXENkZ3NU",26,2943,29,4,1,1
"4xF0rx3CAaw",22,2938,17,0,2,1
"9uA3HEjJQcQ",24,2936,89,11,8,2
"JwN44mHm9uU",24,2933,38,0,4,1
"hHaN9NN6Xc0",22,2932,57,9,30,2
"Dgwtf9je0yo",10,2916,303,21,18,1
"hY2KKH5nMR8",1,2916,37,0,2,1
"nYqoFBbpsU4",26,2908,55,2,1,2
"iKj_pBkQWB0",26,2899,61,1,13,1
"S-ZG7tKsikA",26,2887,132,21,93,1
"qwXpiDRmVOc",24,2869,38,2,4,2
"6kH0Ja4Abqo",22,2869,0,0,0,2
"g4RhM_Xit38",17,2869,28,0,0,2
"RZckDsvXBe0",17,2868,149,1,6,2
"UYjxIG2vnmg",22,2858,189,20,103,1
"8_2BiPK_9VE",22,2858,11,3,0,2
"dljId9biVsQ",17,2852,4,3,3,2
"jQXAvtkKMyM",25,2843,22,3,2,1
"XWaCp0nw4FE",22,2837,23,6,0,1
"Dvw84hB49ns",25,2837,35,1,2,1
"CuPF0yjM6Pg",27,2834,37,1,8,1
"IkZIsW54GfE",23,2832,0,0,30,1
"41wr2olejYU",22,2829,237,4,7,2
"ARM8FdNTYUY",24,2826,151,3,6,1
"soJvon28BIc",22,2824,0,0,0,2
"uk4x3Fjz-rM",1,2823,20,8,32,2
"dC9w-ynjHf8",26,2817,241,7,59,2
"8oijd3BmCQ0",23,2812,22,2,7,1
"tTCLns_fabM",15,2799,172,0,24,1
"yKz_oHdGzFg",22,2796,0,0,107,1
"QBf3Xc-RJbc",26,2794,31,4,12,2
"RzU2gG3tWl8",26,2792,0,0,0,2
"BirnitOgeTY",2,2779,44,0,5,1
"7VT2iIs7WGw",1,2776,28,0,11,2
"TwseYiLm4zI",26,2775,15,3,0,1
"TxRd-RUFdn4",25,2775,20,6,9,1
"7G6Ne_lweAU",2,2775,41,0,7,1
"TXWZXhcsjA0",1,2772,130,0,23,2
"rHArOREugaA",25,2760,2,5,0,2
"HYvkUXGfFug",26,2759,0,0,3,1
"WZHwyZ5WT3s",24,2756,47,1,5,2
"yNyaPW0qAUs",20,2744,199,2,64,1
"on0RGf8-Oiw",24,2743,23,2,17,1
"QGKpRPSGDBo",22,2740,0,0,0,2
"iAWDB1OvzNg",10,2720,18,2,2,1
"P92dH3R-uy4",24,2704,55,2,7,1
"mhg8kXjWhYo",22,2704,91,0,39,1
"plk8a08JaMQ",25,2704,8,2,3,1
"F7YdKYHERis",17,2690,16,1,2,2
"0xiXnBD1VGc",24,2689,6,0,1,2
"HYvXhgcDSKI",17,2676,32,3,6,1
"2P6T1kVFTAo",26,2672,31,2,5,1
"w2QduDK6xRo",23,2665,0,0,32,1
"el2ASYsZPok",25,2650,17,3,0,1
"3cXpDuj7EdE",17,2644,30,1,1,1
"PKJDilNPNOU",24,2635,38,1,2,2
"NFGeDfIdgEc",15,2635,232,0,37,1
"xVcicv464Gg",22,2632,50,3,4,1
"6aGwkgF3UIg",24,2629,46,2,6,2
"ewo2xATYUQg",22,2624,41,0,5,1
"U67K8Mf8Q4o",23,2622,18,0,5,1
"AnCefBECbvo",26,2619,0,0,16,1
"szdHXvz3VFc",24,2605,21,9,6,1
"7ggLo07iSCA",24,2605,27,8,1,1
"GYHdt8HsqYs",17,2604,66,4,7,1
"5Z0ZfoUtyfA",22,2603,15,1,2,1
"fMU6QVHqcmo",22,2599,22,0,5,1
"W_ZfxJC9c4Y",24,2598,206,2,57,1
"rOatoLCxm80",24,2588,0,0,0,1
"f537tHkJdgA",17,2585,11,2,1,2
"UzGF8BpEs1U",24,2571,123,0,14,1
"f6aScZu7ig4",24,2571,23,38,14,1
"GKAecSskTU8",24,2569,60,2,21,1
"b4Ly4r_kB-k",22,2560,82,17,19,1
"6mrGl7aI8KQ",22,2548,22,1,0,1
"r6W8bPYDm5I",24,2547,6,13,0,1
"2XchCjE2fy8",22,2545,108,5,19,1
"gENHObufcIQ",23,2543,28,7,3,1
"YnSeWAHfEVo",17,2538,12,0,22,2
"QHVKw9nR5tQ",22,2535,112,1,9,1
"joUCo3_cKts",17,2533,22,1,0,2
"Yoee0jtlZTw",20,2531,30,6,3,1
"fCMx_UOP3rw",22,2529,119,0,19,1
"_MfVpGaUhYQ",15,2524,248,5,27,2
"Du9Y_IOnhRc",10,2520,99,1,5,1
"HLpnzuNR3tI",20,2517,95,2,26,1
"NRL-MEjGK-g",15,2515,185,10,414,2
"6EaKS1CQnP0",17,2510,18,1,5,1
"_pi08tZPdJs",22,2509,30,8,42,2
"DDg9NMKmbYc",22,2508,0,0,0,1
"P6fs3U4C73I",1,2507,11,4,4,2
"N_YGyAduBEQ",24,2493,22,6,19,1
"8Hi7eN6k_ps",22,2478,34,0,2,1
"kaKJMw-GdEU",24,2477,79,2,11,2
"T6LPSNcsEw4",26,2476,15,2,1,2
"ogONHufCZLc",24,2469,15,1,1,1
"xxNtnjJP4bg",25,2468,38,8,21,1
"SUB2wdo__64",24,2465,122,2,9,1
"fuD4Dxcp_ts",2,2461,27,1,5,1
"z2S4YDs3mps",24,2453,34,2,3,2
"x-ygizA9JvI",25,2447,106,33,31,2
"M1b8qW7gyOo",20,2440,37,7,0,2
"4z0bhvHsK2s",26,2438,141,6,20,2
"BpEh_VZ4aMg",22,2437,27,7,0,2
"q-aOdanwzaM",24,2437,57,4,4,2
"g5kOOo3MoSU",25,2431,94,3,7,1
"63ijdr9csUc",1,2423,69,0,11,2
"_y4el28OwsQ",25,2418,5,6,2,1
"wCxQuvEXa6Y",25,2403,58,64,0,1
"OjruqqtlyFM",22,2395,65,0,8,1
"VhZoEhUoY68",24,2387,602,0,83,1
"ks1W8gxLu-U",2,2385,42,8,24,1
"ATz2p3XDvmU",24,2383,13,9,1,2
"ZXege9TGfTI",22,2369,49,4,33,1
"4JeboKyA6kY",2,2367,81,5,5,1
"QsOjU85Xxig",2,2362,33,4,0,1
"nB_oKQNhKGI",24,2345,126,5,109,2
"ffE7oplhfO4",24,2342,401,9,85,1
"kShaRtCN0ic",17,2336,102,3,16,1
"TzjRZ2lGIeM",22,2335,16,2,2,2
"snO1VQGHjnY",17,2332,26,4,1,1
"k4R_fQcz-Nc",23,2328,49,4,37,1
"SYpKqhnIFbA",23,2322,33,4,11,2
"rShMpO8gFhM",15,2322,242,2,25,1
"cW62j5bsUJ8",25,2312,27,4,1,1
"ZBlM0NdFUyk",27,2307,13,2,0,2
"z7XyIfZReg8",2,2302,0,0,0,1
"5pbsTXtEpOY",24,2301,45,3,6,1
"aa5hNBouVEc",17,2294,15,0,0,1
"VuVKeq0UdgM",2,2292,15,3,0,2
"w-b0YcjuFi0",17,2278,164,0,36,1
"Q_jKitA9-Ek",22,2259,24,1,0,1
"UB0mDiQZryc",22,2253,61,244,72,1
"70w1BF7EGyw",17,2233,31,3,10,1
"_AlCCxs2oNs",23,2226,14,0,2,1
"uMUv8M8F-Rg",26,2216,0,0,0,2
"eIMDa-eSeik",2,2216,45,5,10,1
"gYa0tQUew3s",23,2207,16,0,11,2
"BLJCAZ6HwF8",2,2205,21,1,4,1
"B7CCzu0DS7U",24,2202,0,0,0,2
"X26dKMt2088",22,2199,297,5,37,2
"iPcsfj9z76c",17,2191,8,0,2,1
"bZIsuJTDRXo",22,2182,19,1,7,1
"rlg2WxXyXOY",24,2180,10,1,5,1
"cKMiyVcx_c8",25,2179,68,98,0,1
"b61DU-bCtEU",1,2176,28,2,2,2
"lx8_jOxNmls",25,2167,66,7,12,1
"ujCIQjbFmwE",1,2165,66,2,3,1
"l3g57r58Id8",15,2153,46,7,0,1
"1u-L4a38_qc",24,2140,34,1,7,2
"xUqPOZCPtl4",22,2118,10,2,2,1
"I1oEf1hGsfA",10,2106,220,1,29,1
"aDeI6h5SWeA",22,2097,0,0,19,1
"5h4prKT3HLk",25,2087,17,1,1,1
"RyEBqiC2uh8",25,2085,29,3,4,1
"c82adbmcOnE",17,2076,29,1,9,1
"TE0dHIr_5OU",20,2074,110,2,9,1
"cnril81nZbQ",26,2066,0,0,64,2
"ldGZWarbRcQ",2,2056,7,0,0,2
"mFAJSKFplAc",22,2045,12,2,0,2
"mNI0GYfypzo",24,2044,175,9,23,2
"ewb8zLXb9X0",2,2033,25,1,5,2
"GWyxX13bQoM",24,2030,9,4,0,1
"E51lyty5Osk",17,2028,14,5,56,1
"Rv125QlXrRw",22,2020,121,3,74,2
"M3hbJPMjn9E",23,2015,55,2,11,2
"ySubPoT370I",26,2009,11,3,6,1
"Xv6_RDYnVIw",26,2008,138,5,32,2
"7jepS62o4U8",25,1994,28,1,1,1
"GC2UGaN0kYs",20,1983,28,2,31,2
"bQDR9JSYueg",25,1963,0,0,4,2
"bYZ2134i498",26,1930,7,6,7,1
"cxvw7om5ls8",22,1925,0,0,0,2
"dshA8o1OnpA",22,1919,52,0,1,1
"s-PKM6dor2Y",22,1918,66,0,12,2
"tVluK8-AsHY",26,1913,21,0,0,1
"hmQIC535jBw",17,1910,8,4,6,1
"XLXFUS67cow",22,1902,26,2,1,1
"MZLIK6zFkhk",17,1891,0,0,2,1
"4_UYCTItUi4",2,1886,20,3,5,1
"rzRhOz-PBWg",22,1862,5,3,0,2
"Pz6k-GAws-E",24,1839,23,8,6,1
"bMrlQR5U234",27,1838,86,4,13,1
"uxJgZaiF5Fs",22,1818,10,0,2,1
"EapSvOiPac4",22,1803,130,1,11,1
"TrOuxFjkZqs",17,1801,91,0,15,1
"4pDibSZcg20",26,1800,0,0,0,1
"dNOYjxcxw2o",17,1792,18,1,10,1
"l9jYjbwiFUI",24,1789,118,1,6,1
"hXr1AgBRwO8",15,1789,102,1,13,1
"q17-QDAK8cU",25,1764,47,4,1,2
"ZP_yabENaGo",22,1762,51,3,27,1
"CK-3vr2KrYk",22,1715,29,1,2,1
"JLFld8fXRz0",17,1713,0,0,0,2
"L1ILko2fhXo",24,1689,23,0,2,2
"sc9Dmo6kN7Q",24,1683,27,0,3,2
"G90qjuoyUiQ",17,1675,2,1,1,1
"yietS9Y34P8",17,1668,10,0,0,2
"QgGvTgeszhM",26,1661,37,4,0,1
"GwJRJbo-dUg",24,1651,69,4,13,1
"hX39LX8zG0I",24,1640,104,3,59,1
"4CAvzwIYCYU",22,1633,26,0,0,1
"etA1NX2_kso",27,1625,159,3,3,1
"bnrPhZT1OLo",22,1619,112,0,15,1
"b8h8PwAibVE",22,1599,67,7,48,1
"5mu6E8rvPt0",24,1596,18,3,2,1
"WHtgGt8wL64",25,1563,99,6,27,1
"NCFCyPi0Bhc",20,1521,179,0,2,1
"xcRLGSerJhk",22,1503,156,11,114,1
"DRB9ZiTYkIU",17,1499,7,0,0,2
"uclq4UGuLKM",17,1480,58,1,15,1
"9PLXGgZTsQE",24,1474,0,0,0,1
"XsEpsxk-Zag",17,1421,21,3,38,1
"weJro-GHvZk",22,1387,53,5,24,1
"MNud-HH0oUo",24,1371,0,0,10,2
"GvzwwkRgAh4",24,1362,0,0,0,1
"mXxntRb_1gU",22,1327,7,1,2,2
"z9Vs15-9Hao",22,1316,0,0,0,1
"DZh4T3-QVUs",24,1226,44,1,7,1
"bZNLSCBEwso",10,1220,43,1,3,2
"ED9Z80MaHWQ",1,1219,85,7,58,1
"mnR1LYmlVGQ",25,1214,19,3,0,1
"msoYi2E5_20",15,1195,52,0,7,1
"ooiHo3EUqGs",1,1155,61,2,13,1
"F8K2pqknKwc",22,1151,0,0,0,1
"SnkjyNVsyrA",1,1075,74,2,13,1
"61QSgjl7tc0",23,1002,8,1,0,2
"QkC1LFwPF0s",27,962,0,0,0,2
"qGPPfD7fyA0",24,798,6,22,4,2
