"video_id","category_id","views","likes","dislikes","comment_count","daily_trending_appearances"
"FlsCjmMhFmw",24,113876217,2811223,1470388,787174,4
"6ZfuNTqbHE8",24,87450245,2584675,52176,341571,8
"7C2z4GqqS5E",10,87430865,5150839,172570,1142274,8
"VYOjWnS4cMY",10,73432600,2478908,124291,263984,6
"u9Mv98Gr5pY",24,49185287,1204868,42254,130891,4
"QwievZ1Tx-8",24,45064699,1494998,29812,186005,7
"i0p1bmr0EmE",10,42267579,1141242,99548,212019,2
"rRzxEiBLQCA",10,41088994,956939,91900,157216,7
"LsoLEjrDogU",10,37728802,1629948,56304,116255,4
"BhIEIO0vaBE",22,35832484,0,0,0,1
"tCXGJQYZ9JA",10,35218973,1506793,84075,140405,5
"dfnCAmr569k",10,34708457,1681449,91765,141243,4
"ffxKSjUwKdU",10,32331284,1890564,64058,176926,3
"kTlv5_Bs8aw",10,30583293,2611254,43899,529881,5
"vn9mMeWcgoM",24,29473013,502662,24722,64761,3
"32sYGCOYJUM",10,27470728,753626,118983,401470,2
"D86RtevtfrA",1,26670001,526577,12318,27886,6
"aJOTlE1K90k",10,25497666,1547857,23176,98464,4
"9TUBf6l7FBg",10,24004779,0,0,3,1
"yDiXQl7grPQ",28,23789688,393116,20520,122349,2
"YBpdL9hSac4",1,23739439,409790,14340,45434,6
"xWi8nDUjHGA",10,22943745,501041,35551,49745,3
"p8npDG2ulKQ",10,22612931,2533784,24698,353603,6
"pVxOVlm_lE8",24,21359741,330087,10115,28706,7
"ZJDMWVZta3M",1,19999878,395711,8694,46761,6
"J_CFBjAyPWE",10,19392316,1040563,27670,126148,8
"817P8W8-mGE",10,19316205,842332,15673,44813,2
"rRr1qiJRsXk",24,18639195,511785,15607,32435,1
"Mgfe5tIwOj0",10,18483417,1057014,26061,48415,4
"wbSwFU6tY1c",28,18026231,358134,10893,35302,4
"Wpm07-BGJnE",10,17678167,630646,66442,79249,4
"naW9U8MiUY0",24,17571728,405974,9285,41917,5
"VRJmcxCrAOA",17,17228602,784294,9287,41999,1
"n1WpP7iowLc",10,17158579,787426,43420,125882,1
"xpVfcZ0ZcFM",10,17059675,1431554,12850,100523,2
"UUkn-enk2RU",24,15906260,411623,8186,29943,4
"xZNBFcwd7zc",1,15338252,331796,5348,19622,2
"#NAME?",24,15008459,268754,13081,17208,443
"JwFgnGqMTws",17,14019308,157933,6122,15892,3
"sS0LCjOiIhc",10,13537642,806487,7138,128441,2
"bjn0nYBmS5g",26,13432309,20041,13717,3302,2
"oSEeK9yDNQI",20,13418844,258720,22805,19877,4
"6OcOO1k-vGE",10,12729423,335772,14040,20653,3
"NooW_RbfdWI",24,11883172,200008,5377,16722,2
"VY1eFxgRR-k",10,11881651,854247,25293,53600,1
"20bpjtCbCz0",1,11861050,308245,2825,24162,2
"c64I9HNpiOY",10,11810521,142237,9944,11907,2
"iWZmdoY1aTE",10,11618399,799277,16164,46912,2
"i5qOzqD9Rms",1,11249383,267578,6918,25307,3
"5sEaYB4rLFQ",24,11161971,218636,5211,18871,1
"g4Hbz2jLxvQ",24,10997686,336023,13271,35648,2
"qZHycHI3F1Q",17,10929365,508112,6326,47234,1
"OK3GJ0WIQ8s",10,10695328,2050584,14714,387397,1
"cSp1dM2Vj48",24,10693769,165082,8619,27265,4
"fRj34o4hN4I",28,10595011,203961,4871,35108,7
"2tDKp41nrw8",10,10339868,1484762,7678,128143,4
"M4ZoCHID9GI",10,10308019,545771,8939,29709,2
"kX0vO4vlJuU",10,10208424,1795555,10956,201589,2
"_XyBa8QsVQU",10,10175638,209597,7270,47717,4
"fAIX12F6958",1,9988608,151354,10274,33131,1
"XiHiW4N7-bo",1,9978294,129866,3645,9539,2
"wQ_POfToaVY",10,9921324,365990,23514,47459,5
"gA-NDZb29I4",10,9583159,190741,41413,23746,2
"ZgTKmRPWMq4",10,9443754,186414,5233,5728,1
"D_6QmL6rExk",10,9212604,1695108,9314,149760,3
"1FJD7jZqZEk",24,9136960,146816,5854,15660,2
"6S9c5nnDd_s",1,9052821,279716,5398,17652,4
"wb49-oV0F78",1,8937442,165513,2819,13060,1
"vZqdvu4xsl0",24,8767210,108140,3907,10232,4
"s_3ZgF5IhRg",24,8713798,50337,6103,12653,3
"dzxFdtWmjto",24,8694299,170487,20494,30067,2
"_BcYBFC6zfY",1,8521189,183637,10383,34631,3
"3BXDsVD6O10",10,8452171,525527,8928,37391,2
"9v_rtaye2yY",10,8404844,341151,16708,44432,2
"bvhBIsmzhwE",26,8354444,48656,7321,4741,1
"DIBw9dSVKdU",1,8258921,200217,7453,38473,2
"FkOt19CUC30",10,8141707,205531,9005,32513,2
"6uJf2IT2Zh8",10,8097332,505291,15356,55549,3
"dZ0fwJojhrs",10,8063475,299598,12533,13354,1
"KM38OFDKU20",22,7920497,38760,6339,32984,2
"WS7f5xpGYn8",10,7842032,418848,78835,44688,1
"qHkgE-bgjsA",22,7791264,6127,6037,748,2
"cajMxG9Y-Dk",10,7664810,198185,7654,4743,1
"fGqdIPer-ms",10,7662927,432899,11671,37619,2
"d1D1SJ-KqaQ",10,7645152,431159,8008,42238,3
"WyZz9muaKFc",26,7566372,55220,6577,2667,2
"CX11yw6YL1w",10,7562487,208887,5741,16520,1
"RfWC4iDzpdI",17,7430048,66291,2918,8106,2
"Q97U8K_YlOo",10,7341863,110966,1677,2069,3
"fUyU3lKzoio",28,7313302,177124,5840,31751,4
"7qg1WiCCn0A",26,7310563,13577,5886,699,1
"HO3pl7Wtn-w",24,7299268,46775,2999,6889,3
"fr4ZG7h5IRg",10,7252254,235812,18025,30871,5
"266EI7hdjFs",24,7080039,63371,5261,10668,4
"7MxiQ4v0EnE",10,7003332,145592,8358,9040,2
"DkeiKbqa02g",10,6988381,317384,10468,13782,3
"gmK27rbFTpk",28,6950397,11942,7366,1190,1
"L3ymBk6Vb04",23,6893446,282829,3444,10728,4
"kgaO45SyaO4",28,6802437,83513,3909,17281,3
"fgFFuzmK2xU",10,6745635,163791,3915,10564,3
"6CigQPn9jPc",10,6700107,42724,9820,2093,3
"ixxR3ZoqnF0",10,6674015,1003203,4600,84010,4
"PgLpsot50E4",17,6638874,35245,4240,4823,1
"kFgRKoLA1Us",22,6583116,6951,6427,0,1
"nQySbNGu4g0",10,6569383,994569,3159,64060,3
"ad_higXixRA",24,6499976,98425,5280,8270,2
"aBr2kKAHN6M",28,6408303,165890,2331,3006,1
"2NlNEj2mCIg",10,6387317,523353,9283,59490,3
"vUTI4bPdlgE",10,6366779,318264,11605,29455,2
"tNtcYIo6N04",10,6355780,305855,4489,17336,6
"mDs-bSjpTuQ",24,6325138,24182,5100,4725,3
"9Szts88zY4o",24,6292985,112721,8469,19960,1
"F4qfN5UeFvQ",10,6226619,327419,6973,21478,5
"_hMQe2U4c6w",10,6165010,263302,13616,18348,2
"k5TqNsr6YuQ",10,6126993,452741,9214,37299,5
"eiDiKwbGfIY",10,5988303,532897,5522,22643,1
"OjrijcVIGIk",24,5985130,130247,3578,16984,2
"JQbjS0_ZfJ0",10,5965522,343638,4931,25185,2
"skIfzl96Gc0",22,5905998,348162,4170,24160,3
"pmMjkMtpnTc",10,5884078,500008,16910,69711,3
"J7Pz1XvX7vY",24,5850855,59874,1838,3878,3
"305ryPvU6A8",28,5846111,71829,15899,0,3
"MFWF9dU5Zc0",24,5767584,71333,33959,24728,2
"leu-cTvMWTA",10,5739252,782033,9905,90039,3
"N25fWFNp5PY",22,5739223,26556,2395,3813,2
"Q38i6gmCLE0",24,5719430,31361,3509,7029,3
"mgd-dSDfb4E",24,5639375,124908,2508,10557,1
"U6kl5xqQofo",1,5563474,25833,4710,3724,2
"Hk5bgB77VHM",24,5561192,21911,3199,3831,3
"eACohWVwTOc",10,5500402,297310,10939,21420,3
"BidS_rcf7UU",10,5450008,292375,14872,29626,1
"qW1xbhW2PEE",17,5379220,51480,2667,16783,3
"kUZlz6VbMCg",25,5354566,36001,3100,0,2
"MDOtD8gBaAo",24,5324541,101649,2446,7763,2
"J41qe-TM1DY",10,5320719,914372,2267,110935,2
"aj8mN_7Apcw",1,5224475,43004,6229,13915,2
"OrnpSe4OChM",23,5221478,154959,3802,11225,1
"4uTNVumfm84",10,5163583,279834,5231,14956,1
"J1L3nDC4mEk",10,5146572,459560,9306,53169,3
"Pk7viRZXOAw",10,5024861,65998,2869,6370,4
"CUEH-vTUHcQ",24,4977158,79657,2302,11973,4
"eNk12DW41js",24,4966511,17404,2744,2190,2
"nPeYAsLYALA",24,4885184,16302,3211,2890,2
"ntWSnDV0MYs",10,4858482,198185,10589,16940,5
"yxFMsSe-7CE",24,4848232,25882,4317,1828,3
"qQTVuRrZO8w",22,4786662,186937,1667,19300,4
"DdLYSziSXII",10,4770836,309032,15271,27479,2
"hbEQ568X8U0",24,4754601,19230,2250,5271,3
"tR6M8FjHnvE",23,4719554,18080,3478,2586,1
"zi_6oaQyckM",10,4636300,323468,16477,20512,2
"1ZAPwfrtAFY",24,4632016,131784,9892,18284,2
"vjSohj-Iclc",28,4624285,66880,2108,10484,2
"51JIo0eQhHI",24,4602248,18525,3051,2860,1
"jzD_yyEcp0M",10,4588916,317747,4886,25041,1
"o4_tHTmniw4",10,4540883,299089,6494,36873,3
"ZNkYsvrVSnQ",24,4523438,26283,5488,2519,3
"Xj2vYAq-bwY",17,4510182,15426,1842,6190,3
"vecSVX1QYbQ",10,4475534,394820,3282,46685,3
"7dGwk5-QMpc",10,4473845,625458,2384,57365,2
"GjDK_6NtYGQ",26,4466616,35671,4301,2657,1
"of4AOzrI7Xc",28,4434682,2460,63,566,6
"xmupkoVfUnQ",17,4429364,31434,1823,2750,2
"BJpLh9TyaEc",10,4373846,23523,4208,1536,3
"acllEsTUYAU",24,4367075,15997,3231,45,1
"_y2-Aj53sxw",17,4355331,25116,1334,2101,1
"LgmxMuW6Fsc",10,4351979,61248,3437,4476,3
"r7ZSj8IbIqA",24,4328925,17652,2948,2713,2
"Pkh8EVkJJBs",17,4304339,33959,2347,726,3
"8BAhwgjMvnM",1,4288892,63413,5114,10808,1
"vcqImqOVE2U",10,4279520,168779,10993,15563,5
"_ahENVItQj4",24,4265491,18677,3078,5447,3
"Ws2GusRt5IY",26,4207703,38358,3605,1657,3
"jmCSYUzU3IM",24,4193213,20226,2633,4232,1
"jSqHotawH2M",10,4129197,118339,995,14383,5
"mXRinQW3TiY",22,4122938,13847,3623,457,2
"vkOt4zmxHhQ",24,4116793,13731,2292,2316,1
"KYqXrCigcAU",24,4095892,18665,2236,3509,3
"G_tp8d_sJCw",23,4072092,19263,2038,3981,2
"ZsEiE_eFX7Q",10,4057831,8067,1369,1416,2
"s_5-eID-U-g",10,4057309,128471,2160,4402,2
"iAtFifxkrBk",24,4031289,17486,2137,4564,3
"J0REYqmmPAI",24,4017440,16144,1908,4575,3
"H1sXXqBDydk",1,4015939,27792,2003,4830,7
"FhrS86odbxg",26,4014544,55491,3085,1579,1
"GpoebDZfsJQ",24,3987047,15414,2572,2419,1
"jvO1GDJXOgo",23,3964394,317509,6687,36175,1
"VD1QOLIhvzA",24,3948343,14334,1740,4942,3
"oS07bQTPZ20",24,3947934,23722,2183,4769,2
"r_kggQY7cHw",24,3933794,19267,1752,6149,1
"iN8zmmCRqUA",22,3920964,99067,3097,12835,1
"FEClMfe3rPA",23,3913070,25480,2789,3014,2
"N_QXuvdlFck",24,3912149,14633,1516,3473,2
"_YDuLCIzbN4",22,3901079,154443,1838,11604,4
"aEi0xZgoGp4",17,3894436,17867,1803,261,3
"irJwEl2KEno",17,3887381,24254,1682,1760,1
"6tJP3Y0QhV4",10,3886012,738506,1303,41619,1
"FeRi86DcfyA",24,3881574,17097,4616,6232,4
"Qw9iXcumulM",17,3851850,14211,2200,1309,2
"jKkOYEW7RvQ",17,3801386,21447,1144,7805,3
"20ZekYl2AIo",17,3799280,11737,1078,2357,4
"pF9EL787570",24,3792644,23481,2012,5986,2
"H0bAcENcaxc",24,3785098,22743,981,1582,5
"thQyg1i5kI0",26,3769407,33824,3013,2070,1
"7zYWLE03G8U",25,3768141,9405,1455,8888,6
"j1eKhRDC27w",24,3735217,16471,1918,2669,3
"LgzhCXsBdpA",17,3710825,12150,1551,6258,1
"_7985zBEM3o",22,3702942,161760,1414,13839,3
"tCnbAAgfxH8",24,3687110,44409,9024,6365,2
"RlaQJiYo1lE",22,3603655,34823,1886,123,2
"0EVO2ohrQtw",17,3603101,25373,1457,3409,1
"4FJM_NSNAHw",24,3571873,13988,1787,5684,3
"K4Melso7MPU",10,3549208,494867,835,45705,3
"mtoZRqCvucc",10,3546457,110609,5386,4296,4
"TFJKV4oCHSg",24,3529889,16463,2018,3729,1
"E5yFcdPAGv0",10,3490465,337536,5789,36082,1
"JvzC727k5ac",24,3480352,18177,2298,3181,1
"wowAOdTYqw8",10,3458494,146787,1289,11574,5
"SX_ViT4Ra7k",10,3421670,185167,1269,14984,1
"AdZpDrdIEU0",26,3419606,35881,2880,1847,1
"n7_QlsJPhsw",24,3417207,19322,2499,1142,2
"UZRvsNXDKBk",24,3383657,62791,3981,5512,4
"WE83yDlL4Oo",24,3368873,48002,1905,5671,1
"Jg0AqlFGsro",25,3334673,32813,1239,8959,1
"Lfee4an-J84",25,3327355,15491,1777,3853,1
"mvulvk-bBx0",17,3325893,18312,1531,7178,1
"vCVXztmZFe0",28,3316015,27476,1957,213,2
"Ek3aeUhHaFY",22,3312590,117114,1509,10094,3
"GL3R8ffq-rw",24,3307126,12990,1858,2589,2
"9Z2llyotmVU",24,3304059,20687,864,1664,3
"uID_f0W7vZQ",24,3298533,16754,2027,4220,2
"XcdLVKYsHHU",10,3287432,396301,2203,32894,2
"7miowwmyhdI",22,3282028,12691,4181,3124,7
"vAuO3bHxSpc",22,3269724,138150,1267,11508,3
"1eEeZePaEq8",24,3258886,12892,1773,2986,2
"cD8SYW8rjaQ",10,3242148,400510,3368,44902,3
"MypYkJI_BFU",1,3231601,21110,1561,2429,7
"wlJU8_yPKS0",24,3229807,9396,1701,1638,3
"mWCf82qY9xE",17,3228031,13585,1597,2230,2
"m1-rpd3S-48",10,3220042,210614,3612,11912,3
"dbASLSr7LSI",23,3209892,15671,1599,2785,2
"r-3iathMo7o",28,3205123,74196,5439,9400,2
"Y0_BwaMojpQ",24,3197103,11743,1631,1988,3
"fN5HV79_8B8",24,3189905,71364,7701,13583,1
"SPcDPoaouO0",10,3187549,88921,1927,4745,5
"VhI2EpAIcm4",22,3181665,74464,5916,13099,2
"tlILlcCE8Sc",10,3171128,185723,2635,6934,3
"RsuYAp5Myco",22,3166113,14513,1466,1595,2
"9_LIP7qguYw",24,3162367,74545,5583,8200,1
"MTpGrsKEExU",17,3143036,17714,876,5837,2
"xq7ur-BxAJc",24,3141738,11880,1666,2480,1
"HhoATZ1Imtw",10,3129644,136626,2216,7870,2
"P-DDEEQAD2M",24,3116425,12889,2101,3982,2
"DOIw62TXYkg",28,3111293,3439,266,299,2
"3VbHg5fqBYw",24,3111226,127080,12405,18233,1
"RmZ3DPJQo2k",10,3086615,340359,5666,34030,3
"Hoz5OQjXEA8",10,3076627,396431,792,17751,2
"7wU9mXYz4rc",22,3071208,8803,1462,1639,2
"BRT_eNETD2U",10,3050693,24643,2203,2439,1
"r1CMjQ0QJ1E",10,3047288,215510,5857,19955,2
"tp-pDfnJ4EQ",22,3046897,12402,393,1241,6
"gZrC2iGh3rY",17,3045739,8768,1680,1612,1
"Gxogl0CxSPs",10,3024051,7098,1500,2147,2
"n45Kq90lQMs",10,3013179,56257,1063,4824,2
"tjA7nAHOAww",10,3002221,195974,2081,9211,2
"Q1JiptOTxno",24,3001831,269960,3048,19236,3
"zOOmEDwPJX0",10,2995455,43429,1037,2314,2
"tqqGzn2YWX4",17,2975372,14224,1084,6326,1
"V-41HsSb_1o",24,2967733,116902,1358,1798,1
"OsTClLdwv3U",24,2958755,13010,1905,3237,1
"3Eu7NzzHC84",20,2954794,163263,1754,18126,3
"lOf16ZQDDdE",10,2951703,488428,1048,26661,2
"PMEkmiQP5bg",10,2942269,688754,687,61516,2
"7jkJ-rwq1qo",10,2930331,53654,1675,4029,3
"XQOQI1z6Zyk",24,2926501,65549,2392,9024,4
"Wm8QlNCk-wg",28,2924176,58559,3837,4165,1
"dCrnsWXg9_o",24,2918983,15119,1903,2744,1
"zWfNtCIJJtw",24,2914453,44505,787,6445,8
"MAyQtFOW2n8",1,2906225,11792,2631,5603,5
"Phx-flEFELY",24,2896222,14850,1609,4897,2
"SauIuZR5PZ8",17,2896142,16981,1084,6083,1
"QS8bma7LRX4",24,2888071,51306,2113,3254,1
"HQsyxzOCuWA",10,2886824,416933,781,30052,2
"DeNSakevKD4",24,2885114,11587,1501,2210,1
"HBVSS7hRluY",22,2878829,9112,1496,5067,6
"elwTgpHlty0",10,2877441,217569,5196,13612,2
"rimJTeGHTaU",24,2864991,12118,1390,3015,2
"LHAgUebnlXI",19,2831980,14753,4015,3532,2
"hUZS6yW0fQk",17,2829312,15025,904,5659,1
"fMisBfu4iSs",24,2828537,10733,2071,6336,2
"RDLFB1R89IE",17,2827327,17987,810,6543,1
"jY3lRSmdLQg",10,2826954,42504,957,842,1
"t6n0CbmUJ8Y",24,2794488,0,0,8317,6
"y2635dBPNWs",24,2786723,28040,1931,10612,2
"obqj4wkwgv8",17,2782899,14192,806,4942,2
"_DIrqPRj9Qg",25,2767832,13576,3365,0,6
"h7zgc0LYo10",24,2762928,16654,1446,5409,1
"u6wyRhL2ZL4",24,2749609,6670,719,197,1
"A7AMNvWIGq0",25,2734714,33704,297,4009,1
"wT7Th2XJTsA",1,2733342,14241,1565,5805,7
"qY1a4r7LT2c",24,2732903,11524,1383,2682,2
"lMyncm3sj3c",22,2723772,14515,1248,4051,4
"HY4DHWZcxSI",25,2722055,2767,1850,1825,2
"9B0Lo0LgT5Y",24,2719988,9276,1825,2685,1
"fYCh1oF5C7Q",24,2713237,10731,1778,4365,1
"IxD2NbXzgpQ",22,2663188,74505,4257,13074,1
"Hl-t_6Rst2k",24,2655337,7028,1019,2765,4
"gQdgSW1BdjQ",24,2643313,9728,969,1995,6
"tFIORav2YQw",22,2642615,28534,655,5294,9
"f1xIeTCgoFk",22,2638161,151861,1678,12347,2
"fY8iLUkZ5kI",10,2624912,95735,5282,7061,2
"PALcJ0HW1-I",23,2619160,235285,11430,20462,1
"nEH3RqJYcIA",23,2594599,14752,1294,3732,1
"vU7v5A5P8BM",25,2592824,28133,11320,35917,1
"uWca6_Z80EE",22,2588883,61491,594,5920,3
"TG5CpiHfNbc",1,2583217,15667,1731,2874,8
"HSW2Wq_uVg8",24,2582669,41660,2368,6192,1
"njYYWFr9roI",10,2571587,9711,1246,2200,7
"epDa54RyUKU",24,2560400,27342,1488,5165,2
"wV_60-8ZaGw",24,2546834,21257,2672,1856,1
"Hy8AB4mYywA",24,2537976,19364,498,2151,1
"97FMj5OA31E",24,2536411,3859,2107,1249,7
"zhrYe9s8EyE",22,2520449,7916,1432,4172,6
"WhHEQ-W3x5Y",10,2518021,154270,4161,7246,2
"HnCU20Cu0fs",29,2510664,0,0,1641,1
"lQVKsPv6i3M",24,2498732,10515,1193,2632,2
"SxTNhD5jTyQ",23,2494105,65164,974,2895,4
"41QBh69lk9Q",22,2492663,9441,1009,905,3
"MctZLEYlU4s",10,2491575,199583,1026,23682,5
"hLAIJMTAGFQ",10,2483307,5930,2765,212,1
"iWnnupdzG5c",17,2481376,11915,678,3803,2
"aFuA50H9uek",28,2473054,57596,1590,13774,1
"LwfoW6Zzwts",24,2470402,30356,1257,5799,2
"Fl7JxmtC6Cg",24,2440452,11646,3383,10498,3
"fDKurt0r2PY",22,2416713,6020,355,1834,2
"8c6-SPYAaRs",17,2416034,22005,1363,1460,1
"6LB4JWRnyrM",24,2415804,301328,4949,16966,2
"z5wiZRlV9I4",17,2415334,11604,1147,6813,2
"X-RLOcV9L68",20,2407573,34245,2487,0,7
"3wnHiK5sKgA",10,2393394,210864,1211,17695,4
"eBUcBqq0Ihc",24,2387285,10046,1349,1987,2
"OPdssn10jNs",17,2386382,14131,692,5951,1
"M6yHb4hBB2Y",1,2382488,15792,701,3043,5
"YQfjhZ1pAYI",24,2381574,5096,1188,2497,4
"RORkfLdcD60",17,2377078,13277,604,4812,1
"HXAieFVrdV8",24,2376421,23032,1099,4578,2
"yGdUl8Sjhus",1,2370978,20051,478,1072,3
"rzUpGAmhgPc",24,2354772,89525,72335,26431,1
"ZbioTPKSVV4",10,2327135,38056,1462,4884,3
"pKbWGhV0QbE",10,2317906,93167,385,7872,4
"B_cmw2bIJEw",25,2313458,0,0,0,2
"LUNuB-R_JHY",24,2307346,0,0,1766,1
"LjUXm0Zy_dk",10,2304002,160312,1389,14116,4
"0Q0Qk18JtDo",17,2301289,2663,552,382,3
"TTvLMb3QmBE",24,2290757,10214,1094,2433,2
"o-nGPNn19vE",22,2282201,43498,1695,6843,1
"JPPqAw4q95A",10,2275223,141927,3448,10650,1
"xRbPAVnqtcs",10,2271745,89968,1210,5117,6
"yp0kdCB1vFY",23,2271320,9194,1919,3250,1
"q8w4pbAkkGc",17,2269529,15725,2608,20528,1
"rxmtHVSVjdo",10,2260075,199123,3437,13416,1
"LbSU1_SG91w",10,2251851,159331,648,13263,2
"p48Agkdug5M",22,2251605,0,0,34127,6
"rdeQT7KkqM8",22,2251582,64197,1848,5574,1
"RdKcgVRmLp0",24,2245774,16242,2213,6327,4
"mX-EETc0flI",24,2245163,4344,2371,2369,5
"F4bPAR_kkpU",17,2236990,10151,623,2482,2
"YdU-OjLck1o",24,2235614,8171,1565,3014,1
"2CZXls3Yclo",17,2232830,9906,571,2488,1
"gZItyr1SNjU",10,2221003,295060,1075,36658,1
"ZaOvpvw1NwA",10,2185092,410325,626,17975,1
"rNmVzbCrG3E",22,2181957,5430,645,1183,2
"W8rKGqvLu5o",17,2176186,9269,688,1993,1
"i4X4z8OutYI",1,2174946,7498,1587,1655,2
"OnnDppVEdmI",24,2170713,6563,1131,4583,6
"Oadf4KNYz-I",28,2169974,35323,2286,12447,2
"5530I_pYjbo",26,2167114,151277,862,8848,3
"X9ah6ruzKIk",24,2165224,9135,1968,2369,2
"ptqKHvxfQVo",20,2142037,35654,1410,1900,2
"DBeUjnWwFOc",17,2140168,24845,427,2075,3
"rdRKpe09PSk",24,2139745,14348,1803,252,3
"Jl8Xpe7afrc",23,2137818,62060,438,7570,6
"ZtD_haSeHfU",24,2136039,12024,1388,1043,1
"C5UXFQG4CHs",24,2135463,21373,3616,4239,5
"wR9nUnHBNug",24,2123088,10929,1240,1959,1
"BBXXa51sOwQ",25,2119449,0,0,1885,7
"7X-gYd1ox1M",10,2106034,8378,165,234,1
"h14C_QOOEOE",17,2100285,9044,655,4631,1
"hsh54g9JmC0",10,2087091,202761,4047,10795,2
"2ktuvx9hrMw",1,2079824,31268,2041,4376,2
"n6eXtBbhpYg",10,2076435,9013,826,366,1
"y68CyFoWkOg",17,2075123,9294,603,2411,1
"c9KLzCy8fhk",10,2070515,16116,696,2076,5
"y0vEqttJlpk",22,2066508,8872,367,2556,5
"7ofYlUTMC6E",25,2063404,3951,1142,1026,2
"BrFBZpCuIvg",17,2059558,10646,658,2596,2
"iD1looAQU7s",24,2058428,10475,910,1819,2
"KKWNnKhGjWA",23,2055898,50849,7122,11843,5
"cBCurldzXBk",25,2054196,6229,291,1978,1
"V5P6WsrnYpQ",10,2043590,51729,930,3914,1
"fag8nirMXgE",24,2039165,17158,503,4184,6
"bTVK3_6V7f0",25,2035480,37764,9154,11512,1
"C1XiBorCfO0",24,2035079,7276,993,1828,2
"uG7891EPhec",25,2032790,8705,1063,1549,5
"dw8mROuQs44",25,2032550,21673,856,5663,2
"pC9dViGfJ2Q",17,2029829,9322,764,2385,1
"FZ4R37eSpLc",24,2020634,8856,962,6085,6
"0C5gdBk_K58",24,2012763,18913,1184,2913,9
"s_u6Uqdq7NI",22,1996241,32009,743,2341,3
"1LQPojL8V_4",17,1991215,3951,1229,2201,1
"_LEyno5IxlI",17,1987878,9154,1228,342,2
"3-FXW0CW_8o",10,1986416,376715,795,42919,3
"coSa4jz9ZR4",24,1978561,6223,1568,2760,1
"bKD3WLsng-M",24,1977467,20238,944,13126,8
"fITP0H3OVA0",24,1963377,26073,888,2549,1
"lsxCP4yVC1o",24,1959379,25322,585,7462,2
"YNpdjhW_Sao",1,1957679,7376,755,1600,7
"VBdiwJZOm-Q",17,1952895,2868,460,1347,6
"IX5AS7zVvkw",17,1945428,7316,553,1701,3
"BGTWGLKjdOI",25,1940902,3089,748,1091,5
"wKwuncfl_jY",24,1938746,8937,705,4881,6
"vp8GIfY4C2w",17,1938370,7141,653,886,1
"eQ3gXtX3U7I",22,1930222,66499,1883,5092,4
"p8phGxzUC_Y",22,1928593,14133,1145,2508,4
"S3H7ACY7itc",23,1921781,28314,721,3462,4
"AK5sa6ngLKI",1,1920577,18181,519,2175,7
"2gDFUo4wm2M",22,1915080,3210,1975,2635,6
"k0DqRstCgj4",10,1906564,322754,1230,30447,1
"kLNwdRiBj3k",22,1905234,30827,1243,5295,4
"eZFqlNYU5QM",22,1899526,72359,833,9384,3
"WQtXLka9n0w",10,1895364,41830,2962,8323,4
"29F8Mu7zbrA",1,1894964,18167,608,1825,2
"kL1f09pdVa4",22,1894817,268547,1773,31010,2
"0B5LkcyskPQ",20,1892210,66516,1743,27504,3
"JZbIZHcEm08",17,1883821,8084,1338,1739,4
"QCnhLq_aq8s",1,1882568,9256,717,4870,5
"YPLGSDBVsLE",15,1873207,17650,770,3011,5
"ix92bd77Zeo",1,1872309,12105,693,6960,7
"8GdA4z9G4Qg",28,1871810,0,0,0,3
"N4YSmcsB55Y",24,1867993,15218,444,4079,6
"lpzJNwur6Zk",10,1867652,103456,2526,6855,7
"Z99M6AIcWpg",24,1863573,4331,2180,825,7
"HySr79wZ364",24,1863298,165734,1316,11178,4
"gDnCr0HaDXg",22,1861723,124711,1202,9758,1
"0wlXaHmmOVc",10,1852966,18101,545,3800,8
"CATzR4PvCJo",24,1852625,44034,1301,4843,3
"Am6NHDbj6XA",24,1850242,41514,3692,1951,1
"g7FheAuMVyw",22,1831429,5525,830,1037,1
"HK7p4bzqiDc",23,1831416,5707,226,1002,6
"6X2ugkjP_Zg",24,1830963,3653,5330,3048,4
"uaAkQEhO_Tk",24,1830273,139323,1405,9263,3
"xi-oI57wBnU",24,1828944,27480,1219,7491,3
"tM_nZDJIwFw",25,1828724,19893,2777,6200,8
"zsKnYYuW-zM",24,1825897,5740,1463,2446,1
"eRroQ0ZmPxY",24,1821449,3515,1093,3617,5
"VY5eN3IBwKE",1,1820559,12760,1100,2319,7
"bRCubv74m8E",24,1819282,13453,683,3110,2
"2CEHybsHynA",24,1817861,8703,1006,3117,2
"9dQ02l7YlQI",17,1812042,5142,511,5296,1
"fQQn7uxOMB8",24,1811731,8537,875,2802,2
"Hgiu9cqph5Y",26,1811534,102614,2205,9226,2
"xXUdsQuUhGY",24,1810163,20103,2075,6197,1
"HQaU3GU4l5s",24,1804798,101969,546,5490,4
"NPWGGzsrClw",24,1803557,5735,908,1494,2
"P7M9yPmsEQE",24,1803276,14801,1236,8596,2
"swqmsRWM4rY",10,1801885,12971,1818,727,1
"ykZi4U9669A",10,1800947,245293,465,13596,4
"XlUgWeYFzkQ",23,1799862,21121,2871,2729,2
"iToRdbxuMtg",22,1799687,1517,4360,3316,7
"GSZyDndTCS4",24,1796940,9949,1193,3603,2
"-2G3TlSNjT4",28,1795893,16499,2516,3,1
"8xXJ7uVwh2Q",25,1790667,16249,1201,12515,2
"X1XiLoNI8C4",17,1790332,8278,541,1718,1
"Bke-HRFzDe8",24,1790171,6740,1151,1904,1
"H5sglOhLyjM",24,1779068,11923,901,1428,2
"dAJLJRRJY3E",25,1777995,21252,2488,21807,1
"cMHjoFOB44s",25,1775779,2033,1280,1801,7
"UKLIcqEWwDk",1,1770391,8352,716,3048,7
"sm7_baYCIkQ",10,1756014,99883,607,5413,3
"w_A69IMX_80",24,1753584,0,0,0,3
"5N5QFnRmsZo",24,1749429,15128,1189,1607,1
"marAZRRxLgs",17,1748168,9571,856,809,1
"Lj6Y6JCu-l4",10,1746896,97981,1515,3841,3
"G-i0qABBx5U",24,1743575,79630,1248,4920,5
"HcXJIwKei1w",22,1738677,5522,576,650,1
"UqSsQO_JfPM",24,1737174,11490,1466,3865,3
"7uVU6QAvgG8",1,1734083,20799,1670,2669,3
"Ip7eVuFxiEE",10,1729319,245949,543,18908,2
"c5_LROaHGtw",10,1728678,265362,420,12831,2
"kJLoVJ3y5AA",22,1726964,19304,373,2203,1
"vWunaD5hDvI",1,1719233,4713,666,919,7
"JFydHaV0klA",24,1712048,91867,3159,29828,1
"1SnWTW6YXbE",10,1709292,125757,1435,10724,1
"hraGJL_azqg",24,1701554,16367,1030,1781,2
"jzLac4R9Sik",24,1692179,8229,785,1331,1
"wgOQHevmltY",24,1688918,14219,656,3195,4
"z2HIsMdemtA",24,1687747,5104,1134,1565,7
"UvTmYet0lhc",1,1685169,11238,612,2165,7
"AOU9lZzSZKk",24,1684813,12083,1220,4952,5
"JzdWXY9gtH4",24,1684706,6176,865,1497,1
"VyqV-fRB3Yo",10,1664948,101359,3490,7655,2
"XnMalgIllso",22,1656589,9067,690,1415,6
"fboIYkUaLno",24,1656130,6855,544,755,1
"Euy76qPpK7s",17,1654526,9266,367,2518,1
"HDPRzJ97Zos",10,1654363,223514,453,25508,2
"X3hNJMkZhsI",25,1652015,5930,1300,2916,3
"kzwfHumJyYc",1,1651358,41670,1410,1545,2
"veVBbxZyzKU",24,1650988,20853,927,1792,1
"lCPsMawKJLQ",23,1650279,45800,671,4815,4
"NmSiUfuKKHg",1,1649315,10382,1141,3262,4
"tO5eH6oRMfw",17,1644780,6829,438,1153,1
"ALgD0FMV7Rg",22,1644244,17503,748,1654,6
"NdQf-JuBjp0",24,1643641,8510,899,2531,2
"05VjIRaxQAU",24,1639854,108092,2701,15023,2
"dslg7AwsO0o",24,1636725,8292,332,97,2
"eU3G5dW1C_4",1,1634926,7882,1193,2452,6
"Cl_NCaalGfE",1,1633467,4106,694,576,7
"rOGzfEBzokI",17,1628684,6909,388,1269,1
"qECk6G6K7Xg",22,1627529,13189,797,1243,7
"XOXzBLc0W2o",25,1626123,6224,823,4384,2
"9j6-cAiGaTY",22,1625421,2715,1005,1987,6
"900X9fDFLc4",10,1615955,121169,1503,6083,3
"iPhYX6Ig_f8",24,1615013,7492,842,2293,1
"OMjMmULhl_M",10,1613868,247937,422,18570,2
"KcqziEPzk1U",23,1612452,18223,1790,2150,6
"Gp40Uztk3bg",24,1606486,20828,2012,4153,1
"6LMA1MLbXIk",27,1604579,11298,540,2115,5
"NYlpBb9N_E8",24,1603229,3858,222,1975,2
"zLlWRB_ou5I",22,1602952,11216,560,1490,5
"blZ7cXc8FcI",27,1599895,11329,2326,6162,5
"2MiQonPvlVM",10,1593833,76281,3226,8750,7
"brrFIyAlgxU",22,1587927,4580,1083,770,6
"L8OvbX9G0RA",24,1579211,8830,605,1391,2
"JfS5IxIYw50",22,1578860,201689,1745,17386,2
"Vg4nKKspeGI",24,1578182,3116,242,356,1
"FzcrXmRMU6Q",24,1577904,3240,358,337,2
"qY22HPfafSQ",24,1574611,21841,1161,1871,3
"DZDdewU9vgg",27,1570522,21276,331,3772,5
"4TNAYElvfMk",24,1569768,6886,497,1241,1
"MqcZQSByw3A",24,1569673,265,47,0,3
"u5nK4At9OAk",24,1568783,2551,346,482,2
"YzZU7gI8o_E",20,1568531,3845,344,2321,6
"u2cOmOk9jBE",17,1566141,4324,813,257,3
"m1ayLiS05Mw",17,1565179,6018,425,1627,1
"6ybKFp09OwA",17,1562989,7744,400,2484,1
"6A2I1i8kdA8",17,1561604,4648,909,5431,4
"41PTANtZFW0",10,1560338,192616,4947,19232,1
"5cgbnAlwUCw",24,1558894,1771,732,1769,5
"g17GGu8bjZQ",24,1554307,5657,853,2875,5
"yWxhcH21-o0",25,1551938,9756,1488,9143,1
"gGPJDY6xR0Q",24,1550231,6614,827,2894,1
"IOuFE-6Awos",24,1548962,122672,1422,15016,1
"wwsrFvQ4_6U",25,1547860,5649,963,1308,1
"lnuZ9p0rVxs",24,1545290,5484,1189,4075,1
"T9VHwphYcpc",10,1543456,32598,820,3036,1
"FiFdHr1qbII",24,1542541,25371,498,1939,1
"5orrZxSjLQA",10,1542333,154616,879,10152,1
"0AEp_fzxkJU",24,1541250,7239,757,1556,1
"_1zEgjEeuXA",17,1538462,5445,522,1233,2
"Ld2vlW9p1pw",24,1534280,18170,347,1569,4
"zUvxzplkfQc",24,1530340,27144,1650,1714,2
"tihKvn6OiAo",17,1524976,7807,381,1835,1
"EqrldV6mW_Q",1,1518618,6610,381,899,7
"DOpBklQzuDc",24,1516489,7040,856,5,3
"AC2r3ZgYOWs",10,1514576,108874,1068,15495,5
"N-oVkiMu0oo",24,1514359,5898,317,943,4
"Nv9wBz47yrU",1,1512365,10772,529,1672,6
"sJL2bcZ9L30",24,1510028,4099,1360,2053,7
"QG8bUKBT9FI",10,1506932,194589,1703,11825,2
"RzDbE8Ud4n4",1,1505552,6466,2521,4019,7
"qneZbvIUjv0",17,1504999,2605,537,1436,6
"A7S5_-NBPSQ",1,1502232,5373,425,1458,3
"A18YIthN74M",10,1497749,2937,1218,80,2
"3LxxJRxS64k",10,1491419,88280,520,3370,2
"sV7eDd1d7LI",26,1489064,146799,845,11154,2
"v7qS9jzZ5Ao",28,1487256,0,0,1715,6
"okImn3a7Oio",1,1482403,4424,498,706,3
"GqQ8qUQ2c04",24,1476238,18541,1415,2781,5
"Q48VduIflPk",10,1475878,277437,548,20109,1
"v9BHvyKBAI0",25,1475409,5821,1295,6256,7
"ivvi2CCY0-o",25,1469139,5501,879,4531,3
"BiNwSfBffQo",1,1468773,6080,87,458,5
"1LpHzzelA64",24,1467507,34757,520,3504,1
"CmMxoSlypus",10,1466924,149676,5251,14148,1
"R-ceLUo4fgs",10,1466733,194158,497,12965,4
"8mB-c6YkROU",1,1466018,16556,738,3457,7
"hLf6yZPJyvM",10,1456479,66076,283,3722,4
"e3cOEESMYrc",24,1456110,7104,871,7296,2
"Odum0r9gxA8",24,1453801,22786,616,1021,2
"0tt234VjI9s",24,1453758,1647,847,921,5
"mEBhYXiLYkI",10,1452265,23347,763,2141,1
"q2AGJq3j2yo",1,1451187,7194,578,1228,7
"ZewNYllrkYQ",10,1450394,12796,638,617,1
"X4quXDeFyhk",17,1446819,6746,361,1509,1
"FBi-t0Qrtgg",24,1444628,3303,842,1223,1
"K_ShPJMiX9Q",23,1443138,26934,343,4275,5
"C3vFQ48Lll8",24,1440263,7583,445,1301,1
"YEfGOmW93Kc",24,1438028,4885,1174,2051,6
"3VQ6rhkdHmU",24,1436959,6269,1588,6277,3
"uGqTJFrPqwY",26,1432551,12068,2477,1561,2
"dt31sKx2-Sc",23,1431033,22764,619,3170,4
"cCOPLqDibfQ",22,1430854,28669,645,4216,4
"rwBTyImUBRE",24,1430232,12908,674,2987,7
"FWYvOYN3WJ4",22,1429960,1382,798,649,5
"S10azlzvS_8",10,1429039,119309,1447,10243,2
"Adg-A5tY9lM",22,1426681,15292,481,1485,1
"FPQAO4kk06s",24,1426180,2390,240,159,1
"D0ot1ERZEtE",25,1422446,3994,1103,1627,6
"hkupXfL1Rww",22,1417648,1746,793,4206,2
"tVYSrwBW1tQ",22,1414466,73472,411,3907,4
"WISmbOw_bMk",25,1414015,19031,862,3110,1
"IDpWeURKkbI",10,1412340,257844,661,17079,1
"4282ko45Afo",17,1410042,5330,160,1118,6
"eIgbKZmGnlk",24,1408531,12722,608,5126,6
"STTYrYCnHFw",24,1406853,7592,783,790,2
"ztAD4WpM3tQ",17,1405612,6826,342,1422,1
"DGrH4oumn3E",24,1405161,902,1236,1327,4
"xFg2HSZm9zY",23,1401019,11118,1713,3258,3
"TB4vs1u_cq0",17,1399910,6932,278,1124,1
"Z4PxP6lmyeE",17,1398650,2998,751,147,1
"WTFLNChVm-Q",17,1391497,8606,555,4735,2
"K3KjWXo7i3E",10,1389405,5174,366,1070,6
"DAu_jF-9AXs",26,1387810,55618,381,1905,3
"yvWxEmKWNos",25,1387134,40651,759,3225,5
"i0nyJP1Ue4Y",17,1385112,4107,614,150,2
"pnq_wz81Xv8",10,1384955,21815,878,4145,4
"xPxazpF-qpY",10,1384399,1518,1097,61,2
"ExkvZ6OrQnM",23,1384102,8959,204,613,5
"_bKAiuo8OfE",22,1380284,12101,274,1321,2
"HkTIpEwn0KM",10,1375311,15319,316,1356,2
"FaJL62vkGks",24,1370016,3582,383,3454,6
"TfLrf8F_QVw",23,1369686,1498,435,446,2
"DXHKz8j7qKs",24,1366477,6494,2646,2903,5
"hgIfHCZojLI",23,1365460,1616,373,727,2
"o_lKf3pYceo",25,1361069,10089,2158,6941,2
"OVYwirPwmgU",10,1360811,4973,1439,187,1
"MKxsnYX4z00",23,1357970,1965,946,1065,4
"8nxnow3U-LQ",15,1357509,2240,382,394,4
"FG6KqLdc3pI",23,1354747,24400,1102,6716,4
"Ud3LmjthqWs",24,1353479,25625,424,3187,3
"zAZkMOfNMz8",24,1346486,2231,785,3871,2
"GfX62fI1NyA",24,1346194,122591,755,6194,5
"U7GgqHAQdX0",20,1342417,78923,479,143959,2
"xVYmcVgfDNA",23,1341452,28378,1369,2094,1
"FoWLLYlVE0o",25,1338760,10645,1194,4858,7
"Aqx41JrNTSw",25,1337500,2200,8092,14673,1
"ynJm_HQfyW4",24,1335925,7878,461,641,2
"AWmwmH3xUko",10,1334128,186908,378,15191,3
"ENZYxdKFPn0",17,1333050,8602,356,2651,1
"8IVa9MOFNfQ",22,1331183,24648,1486,967,4
"gvs9NzGhAIo",22,1330800,25800,409,987,5
"i7i2XIwH0AI",24,1324777,3108,403,816,3
"VsMj1dC79sE",10,1324157,103550,639,7948,2
"F3T38_a0bN8",17,1324110,6178,506,924,1
"WXiH3xLN9js",24,1324073,7446,1565,3101,5
"PoHD4wfwC6Y",22,1323323,90826,702,4187,1
"m7_PJRaQ0sw",1,1323174,7140,518,1583,9
"05jUjmKLHa4",22,1322442,13846,485,4035,3
"ZjwH2l9qzXg",24,1319350,12264,721,6154,2
"bn5TeQCMpJk",24,1318220,2866,239,155,2
"T-a5AXzA5_o",24,1317418,9277,3147,24596,5
"cz8ONjxN7WA",15,1316701,1849,574,749,5
"CcuXmcRY8c4",24,1316088,8992,671,109,1
"kMRLzSQorK0",10,1312321,15136,480,1680,7
"z8fbjyY3sak",17,1311408,1816,419,1404,5
"l39ssjpRc0M",22,1311012,1639,676,1642,7
"Kz_bT3u7ANA",24,1310766,12646,226,1550,5
"E69RxSv_8AY",24,1309956,3005,523,1129,2
"RaZnlSa2qk8",20,1306748,42717,855,21529,4
"6HhGFKbHFbs",25,1301697,2285,174,1715,6
"JK_TulSiJz8",20,1301411,30868,962,12535,5
"OUxBofZRuIM",24,1300419,8975,168,2094,2
"HIvBT_7s-Vw",24,1297374,1600,1467,1039,7
"18TM9jzUQMc",25,1297319,6868,744,2712,4
"ieljBO8NnlU",24,1296566,1240,1298,838,4
"tHm8wLAFysk",22,1295458,6436,328,1384,1
"1YEXXIWqkMM",10,1293307,276529,372,12886,2
"QmmoQVcGlhc",17,1289827,3863,254,905,2
"ZGEsEHnwcpQ",20,1284924,35973,1035,14009,2
"E-OOVTcug-w",24,1284635,5952,515,582,2
"74jNhJtDKhE",24,1284362,17483,778,2374,9
"7ZbBD5odXds",24,1283890,10240,699,1446,1
"SJJcTLl6nvU",23,1283304,29337,13665,14005,4
"rW9r_1ys2ec",10,1280398,56437,6945,9540,3
"fiWcg02AcIs",1,1279486,0,0,643,3
"VKb1D5gx5EM",23,1275367,23104,850,6828,4
"dih4xLKCbww",23,1275102,45019,1287,12994,4
"4CTGxKIzD7M",10,1274786,123586,2009,9494,2
"xIZPbhq37WQ",15,1274572,19418,234,1618,7
"vCK-eIjVR1U",23,1274416,6445,810,1578,5
"W0cAE6Jj2eI",10,1273966,46200,2829,5034,2
"rSqpZFUAAjQ",17,1272406,2785,447,1593,5
"2In9cSRgH6U",24,1271775,6641,986,1021,1
"Vvt2r9IMPxU",24,1271325,7100,876,1457,1
"LsDwn06bwjM",20,1261426,3435,160,1308,5
"xt-OY6JcxIg",25,1257459,0,0,685,5
"pDC2buHM3HM",24,1256111,2088,375,674,2
"tzC-LUzdSp4",20,1253730,86215,449,227452,2
"oyzJg4FT9nQ",17,1253436,4020,625,3304,1
"Gs-OKmvtxu0",22,1253337,3080,1553,6597,4
"E0rZVPFUeyg",10,1251010,218826,325,18005,1
"duCd0Gy-k14",17,1246408,7303,571,1025,1
"woEvRmx2TK0",17,1245951,5549,565,522,1
"GFRIQCtWpME",1,1242833,2188,872,511,2
"G9bnatyObVI",24,1240905,6095,706,2464,1
"PzyY1GglZnQ",1,1240557,5126,600,956,4
"qCRhteWhEtQ",17,1240199,6553,521,1044,1
"xvkCstxAMDk",20,1240154,33259,510,8987,3
"l0XQs5zYmrA",24,1239703,5481,238,811,7
"Hg-lX8j1_q0",24,1237313,3170,737,1334,5
"Zls3jDa4L5U",24,1235623,8098,192,1459,5
"3xz9NhmUcf0",24,1235383,3061,1145,2741,6
"px530gRjQcw",19,1231855,21698,900,6270,1
"AUlBy_1YUTg",22,1231560,3862,383,615,6
"9BDYbJYpIhA",24,1228442,8144,789,2020,2
"XaZtNvqgJVk",24,1226760,2913,3007,6458,6
"3y5zBY96Mio",22,1225868,2623,25,245,2
"KWW-MiUlWrg",23,1222089,18004,510,2858,5
"VI-SLkla-ts",24,1221209,31733,3248,6501,2
"jWPL-pksl-4",23,1220376,14021,389,1678,3
"yxVz2-1hJPc",22,1219353,4253,374,1126,4
"Y8LIP2vnvAE",23,1219334,22046,492,2866,3
"3AqMlTSfcjE",10,1217511,261209,549,14260,1
"db33aDwoKY4",24,1216962,5464,339,494,1
"taYZMuygArw",24,1216273,5839,594,305,2
"4xeKQl7-QM0",27,1215442,10905,473,1204,5
"PfJSR0FUkLs",10,1215163,54461,542,8124,5
"J-Dj5D_j-9I",20,1212905,31123,1580,15975,5
"JLS3W_sPOZ0",24,1211336,7095,208,794,4
"FskO_CKD9Yc",10,1210539,9375,314,2680,3
"c1tA_arLVUM",24,1209768,88297,1008,21960,2
"uXT5UDRS9-c",17,1208916,5508,211,656,1
"TvaCay-nJ7U",10,1208890,63532,233,3846,2
"IIs-TMuMZ20",10,1208688,52268,232,1889,1
"94kpv6F0MwE",24,1208399,5502,633,3121,1
"0Wwa8PhAkk0",24,1208166,8510,502,10547,8
"ylIkRLOF9gI",24,1203412,0,0,3151,1
"5t3N1l-UmU0",22,1203048,5702,419,965,1
"ltUoD8SoTSw",24,1202592,14521,218,1783,5
"IgCn0Px6pns",24,1201190,20804,517,3455,8
"oRSVrtKph_k",10,1200734,145990,575,13470,1
"v2wJt_wxjAw",24,1197763,5452,434,808,1
"2N4Jrq9Qz9k",25,1196496,3927,906,3841,2
"UvYzBiQM-mM",1,1194651,10651,400,1258,4
"UTjoEGuhOdM",22,1192806,12374,462,4673,3
"s1mx92WhtNo",17,1190190,2624,215,1011,4
"tRVWAZr0Je8",24,1189418,7161,768,2009,1
"mKp_yaKmvgA",10,1186797,67112,1044,7819,3
"optDdHhKr8c",20,1185623,34255,698,9310,4
"yIPBXLIjnkc",24,1183565,7885,2182,2682,6
"EbSOKsFHwU8",10,1182132,116792,844,6158,1
"Jn7rmGswb28",10,1181768,186947,322,12054,2
"F5BOXLY9GBU",24,1181716,6386,912,3605,4
"ayG7FegltVA",17,1180363,4904,339,1215,2
"K_yddF7QnfQ",24,1179896,12930,324,678,1
"fhtUPZTaWPM",17,1179792,11250,210,2029,2
"yBM1b4w7ys0",24,1179176,5720,257,739,3
"sLGeDA0Hdpg",24,1178457,9122,355,2620,2
"-86vgvZGMs4",24,1175650,11734,638,1231,1
"pi1sOaoGQOQ",24,1175026,6244,622,1557,4
"XUNWoQ__ekw",25,1174957,5115,1474,5061,2
"ZwGa5yOetqw",24,1173394,16385,3031,6271,1
"f-BzUepNeZw",10,1171670,53714,777,3166,1
"mOT9MkILhE0",20,1170576,8092,495,3426,7
"ZvUUdT3JzuM",25,1167583,3353,347,650,2
"UJJAhd_lmwM",24,1166965,3865,295,729,6
"Uoea86_WA_4",24,1166320,6442,175,1411,3
"KAczeHlchqw",24,1165852,4693,755,4508,4
"IGuZwb34xuU",22,1164972,2096,373,580,5
"EE6D8hs2wRk",24,1164234,5634,591,701,1
"RdMWIgZIPD8",1,1163333,0,0,0,2
"dX1cs-4HfHE",24,1163296,11288,394,2826,2
"_bQmgkmY-7g",17,1162089,4876,334,945,1
"X1rfgbHfPDc",17,1161929,6393,182,1693,2
"gXbxbMrxs9M",22,1161840,10258,560,3308,3
"3Umw3xvAwZ0",17,1161449,8039,880,274,2
"UhB2qN5o0wY",10,1160260,110387,295,3063,1
"cDq1vUwM21k",10,1159445,11900,244,2079,5
"VioegwSjypk",23,1159430,26814,491,2946,5
"Hl1WP5vnLt4",24,1157767,16368,300,824,2
"GEVd8VP9VY4",24,1157153,4710,858,3288,5
"c-UH1QiCEC4",23,1156388,14362,452,1771,6
"Nd-fToYnJbg",24,1155136,13075,305,823,2
"ryi9-YGMhDQ",22,1153892,23319,1651,6689,5
"N8lgrc4EMZs",25,1152222,9110,949,2461,4
"j6DSOzoNggM",24,1151385,17957,2342,2091,2
"y7SpoZfQEEg",10,1151170,25691,624,3968,5
"GfrPZymFXu0",10,1150100,87265,312,7528,1
"CDeP_bTZAFo",20,1149033,38101,821,18187,3
"d6K8s_hVEeA",22,1148080,7032,1175,397,1
"rr7aCJ5kbkU",22,1148062,19297,1305,6156,3
"m9itxSl3ySM",24,1147090,19265,332,0,2
"YFHHGETsxkE",1,1144341,103118,850,6474,3
"tHwgkxUcx9o",24,1142518,1707,850,754,5
"uw_HR9jIJww",10,1139894,41074,488,1678,4
"UMCw0ZgUYms",27,1139330,15577,2923,8792,4
"Lwe2dUtFvbo",24,1138627,2511,1414,4486,5
"8R8GVxopH5M",25,1137975,13011,275,3443,6
"VTIsZwyo7DA",24,1137086,1827,274,511,5
"KcqZf5hb0sM",24,1135745,6910,1061,21857,1
"ISOq46ZNVzQ",25,1134024,8684,1052,4889,3
"WBa75A4KWtM",10,1133773,163114,352,11200,2
"dwNAddbcICM",25,1133213,4063,1009,1570,1
"teVHfMaMAWg",24,1128915,4759,1173,3497,6
"heR4rYspN8Y",20,1128150,22884,986,4009,2
"AfSNPUs-Ks0",23,1125814,16684,477,1978,7
"uhgoaBFCzH0",24,1125668,38265,1106,14646,2
"WjyFdZSGOes",24,1125398,3895,264,424,2
"hHhXdlsPZMY",22,1123707,12097,204,807,2
"Hgpqh5OK7f4",24,1123140,3902,622,3171,5
"HbJZmH9OTEM",24,1121237,4475,803,5300,6
"nyx9enIYfvs",22,1120927,11015,548,1635,4
"sm9u0_9ejO0",17,1118920,4496,244,887,1
"uJMdTzq5xEQ",24,1117956,87154,296,5264,2
"lo6BAFqGTJ0",17,1117281,3132,320,1668,2
"zE739FO8nZQ",23,1117136,3395,265,992,6
"GcVQbPeHvpk",22,1116538,0,0,1483,1
"Z-zP-XXQK_k",1,1114068,11325,188,1096,4
"0UOQLYVhqoA",25,1112815,5228,851,1621,3
"VaLS2UEMsfI",20,1112734,49440,1009,12099,4
"fiGSDywrX1Y",10,1111908,40200,369,1984,5
"7QdkyR5pJsQ",17,1110653,4420,570,4111,1
"IAWI6nMQhQI",10,1110566,103862,972,8083,3
"OBfOJBMRVe0",24,1109889,3473,207,323,2
"sxkbsVHZsD4",24,1107149,1444,1273,1121,4
"2RPbyn2n4Ko",10,1105869,13179,952,1046,4
"5c848po1KNc",20,1104634,32467,574,8663,3
"0G77-wUNNoE",1,1102101,5377,353,2919,4
"rIuatCCtllA",24,1101630,4423,235,1595,5
"Ks6I2rtI4ms",10,1101535,163637,515,16504,1
"YVdnWeL5qsY",25,1101410,4060,1733,7782,1
"SFrqM8VXbJI",24,1101066,9150,630,2343,6
"R-13PxLHIRk",22,1100106,3657,734,2029,2
"c4NtD6nAR9E",24,1097705,5735,605,2009,1
"sik_L-rEQ0E",1,1096234,7616,394,1106,5
"uFsTMeRn6po",24,1095496,6516,557,1479,1
"0QN357AQWX8",17,1094920,4643,386,2181,6
"NthanJjmv9A",25,1094387,3466,485,8246,5
"B_Pf7BeExOw",10,1092832,32380,859,2636,1
"3Ev7YHA9_9Y",20,1090916,186641,342,297747,2
"cQxLLp8Bnjk",22,1089594,1634,358,1720,5
"u01WA536_pw",20,1089524,25550,737,6781,5
"eAhevLWmfjk",25,1089523,4789,840,1518,3
"4pyV0G7HeEc",22,1087530,12930,272,1858,1
"hJutCJDDWLQ",22,1087167,83904,299,6940,1
"LqvdLPnZzZ4",25,1086882,5813,866,3588,5
"wucOT1HwSRc",23,1086592,22410,466,2760,3
"GXG0tmJQeSs",10,1084191,2060,757,30,1
"XFJBNSQRgbo",23,1082726,22840,335,2321,5
"mmEmYdnGKdY",23,1082589,23634,715,2611,4
"5i09cAYfApQ",10,1082573,60594,542,9759,4
"0W50OEQtwLM",24,1081351,4801,364,648,2
"Dp8-PdKDmco",22,1080999,15076,422,1617,2
"1xg4UhoBdfE",24,1080714,3618,1501,3997,4
"D6bXzfmL0j8",24,1080105,5346,489,1288,4
"woPlPfh0_8s",22,1079221,5050,532,3011,4
"pdfU0GyeNWI",24,1077823,1492,752,1533,4
"9bH2-2yo3iI",26,1074962,14833,1126,1572,4
"GSzF4rF1-q8",10,1073561,11278,484,1418,5
"wQBL4R0Tj-o",1,1073374,3811,291,712,5
"jZZPSGlKTpU",25,1072778,4615,603,2145,6
"43lhzOkEf5Y",22,1072675,0,0,797,3
"ELpVvWO6XbE",20,1072124,35796,1419,16785,5
"BPiitXcFUIo",25,1071928,6425,877,3785,1
"yXLq5h0CrQE",24,1071735,1133,374,538,4
"ijNbTqb9z6E",17,1069728,2683,257,1901,4
"8zUzaJnb9yg",10,1068930,32560,1010,3795,5
"qNdEO5tto_o",22,1068635,5897,565,1319,5
"S8XRgnEhMZ8",10,1066946,69268,704,7400,4
"XJpzimdgP94",24,1066257,5151,1440,9453,2
"noPbzr4IQDY",25,1065358,16210,1047,4996,4
"uexk7jWXYmU",10,1065248,139093,632,10279,1
"M8OHFbhuoTE",24,1063458,3665,685,1480,5
"YoASAeHXuXM",23,1063430,7635,660,2306,2
"4Md1uvBEnpY",20,1063072,7995,352,1112,6
"dXLhuWCoH5M",1,1062106,5385,322,1115,3
"8_N1zFPvPkk",1,1061309,14924,878,2834,2
"1nNx3RnVqig",17,1060625,4973,277,756,1
"ukP9kXIPpx8",23,1058135,15797,376,1842,7
"8SCQQeMBhrk",10,1057098,79733,2385,5930,1
"nEnwdSOtZbw",24,1055964,1251,693,1415,3
"lrCki_hKWeY",10,1055343,67359,833,8667,4
"F3_j5bdh57E",25,1052789,3585,306,1064,7
"b_lULj6v804",17,1052712,7354,383,3717,1
"4SYtJnNpHi4",22,1049763,10218,588,2952,2
"3GumYhxiGZI",24,1049465,34326,1312,3587,3
"7Y5zB30zCTg",24,1049176,19536,1581,2968,3
"CV39K_uHae8",24,1047456,14449,555,1288,1
"UiWv3DpC3Ss",24,1046019,6002,6213,2711,5
"BJs-TeyIKVY",20,1045748,25214,691,5477,4
"cC7Fjm80opI",10,1045341,121374,1264,8748,1
"tfXEcYuE6O4",23,1045124,17070,419,1603,3
"N3r_y_dQi2Q",20,1045027,34196,513,8148,4
"oCOjMi9airc",1,1044841,9176,352,2192,1
"TM-gCW45YHc",24,1044420,156215,472,20926,2
"sFLTqo2emQ8",10,1043380,103151,375,6671,1
"Rg8PAtb-_B0",17,1043141,3962,233,917,1
"AxpdUM_-sQQ",23,1040486,20306,310,2254,3
"_0wb0rLnAM4",1,1039383,7504,416,8471,3
"JS9yHRIaxRQ",20,1039304,27369,946,7059,4
"1MDC6cjQALo",24,1038496,18317,458,4081,6
"PtIwdi81rf0",24,1038384,10251,155,928,3
"HfTta9trrT4",24,1035104,4998,185,1469,3
"AlkrhPPBqVY",10,1032927,116941,330,3071,2
"BFVxPKl-Htc",24,1032721,10667,576,2021,8
"CNlKYoE7b-k",17,1031531,4595,337,1187,1
"HTWWxyAfXPM",22,1031091,5263,402,1684,1
"uZwzl9psiiU",22,1030667,6412,252,687,3
"UKOZLted03E",24,1030580,6120,189,593,5
"qsxFnPKwOfk",20,1030540,5660,301,143,2
"1iAJoyeXqIs",24,1029354,5947,388,671,4
"T-iAqeqwGKU",10,1028104,163909,301,8416,1
"m3yR6rVN4KA",24,1027057,0,0,1324,6
"ZFumk7T9F7I",10,1026509,9420,283,1216,5
"OfrrB8BPC7U",15,1020975,4169,250,1381,5
"UFlfb9UcicQ",24,1020604,5919,433,1165,5
"r9sK41QHtnc",24,1019967,6142,944,640,2
"SlMOw2vzDLU",10,1019967,6142,944,640,4
"G6m2BeVBwhs",25,1018337,11860,1019,3855,5
"ijKxgOSO8WY",43,1017890,1649,911,900,3
"FeCjf_ZxxQc",24,1017824,5114,787,1958,1
"TlBKAvREZ-8",20,1017119,17722,165,0,1
"sZBOkqn5IDQ",24,1016388,700,1157,460,5
"qOrQcH7Lt_I",24,1015993,2199,434,754,4
"DArGXWErP3A",25,1015827,2119,179,1471,3
"1AR42CjPSh4",23,1014955,8872,335,1040,6
"AwAIGW0NEtM",22,1009502,7244,197,1043,5
"h778hgEP1JI",10,1008822,40546,274,1757,3
"QoaWuKHUwqs",24,1006507,17289,615,8780,4
"tJ6eqKoQa90",24,1002602,15386,460,2659,1
"XrIaJayElnw",22,1001716,40276,216,2277,2
"2O4kXrvILvw",22,1001608,5249,720,2279,2
"ODMAkw9wl14",25,1000904,3437,581,2015,2
"ZyuUdvpguiU",25,999750,6815,692,1575,4
"_9R3wQSxmIE",1,998712,9239,333,2014,4
"B2U6B2EW_7E",20,997020,25537,1122,5280,4
"4IPZYs5_AhY",17,995704,3295,209,875,1
"Bkmd181Qy8M",23,994505,3201,534,1635,5
"v3xzosmGFKo",10,994331,7560,238,3384,4
"iqZsIqMH2gw",1,993489,5139,232,647,4
"7PQbMLc_sSs",10,992224,169702,349,8786,2
"MWb2vazaD28",24,992133,89595,424,6771,2
"2_p5Uwsq4Io",10,991427,76843,768,12978,4
"srMyXpWh8XY",24,989744,991,2836,463,6
"chjObfl72xQ",23,989200,19989,356,2168,2
"qJ360Q2Az1U",1,989103,4118,273,1165,6
"iaU32Xqyq94",22,988175,2198,842,1016,5
"N3GvO6oRw7E",10,988054,58842,920,7031,4
"fucAvjHjXLE",24,985863,11783,319,923,7
"r5bTbfhnEYE",24,985185,2207,2227,1596,1
"k96Jr6rTSaU",24,985150,1174,931,276,5
"XHVK0u6p0tE",22,985134,1340,1034,1222,6
"kCkaXy1gatU",24,984623,2295,576,2324,3
"ispMFtbQsCE",25,982520,1948,2184,2440,8
"iILJvqrAQ_w",10,981789,55918,616,3021,1
"XtX21Lw6tAI",10,981746,13878,633,860,5
"LE1dTeO8Je8",24,979430,22677,792,5936,4
"ML2eirZLBdU",24,978840,2182,1264,0,1
"zQ84QztXeg0",24,978499,15948,256,2619,1
"BpUnMGaUNUM",17,977818,4376,323,602,1
"oxQL33HECVo",22,977352,5138,509,1492,4
"cqpQgZvBPIM",24,977051,3666,247,860,1
"B9QftLujhNE",22,976026,8506,390,777,2
"DYL7aISR61Q",22,975826,3586,690,1771,2
"BHPbGIU2W2Y",1,975341,15182,1015,2337,2
"CR90meYsMn8",20,974924,24659,482,12006,3
"YSoBTPMdNNg",22,974255,1724,784,709,3
"yj-PikyYRUc",22,972893,9845,614,2920,3
"e_w7HRvRMp4",24,971810,6490,493,1150,1
"Vcs80xo-tmc",20,970342,32953,572,10444,2
"Bw3B758nrO4",24,969926,11884,313,3419,3
"Vx2qTfocSp4",1,965882,3517,361,1314,6
"4Rln8Ofl8ac",22,965541,21655,884,2904,2
"Rh-jybHu6cI",17,963488,3715,345,1808,3
"MFQhkQV8gLg",20,963356,32927,1030,10252,4
"xmi6xcd-Nl4",24,963276,7188,768,2537,2
"YozWDsiKQUk",23,961770,21554,213,2930,5
"pw5IRmc7COM",1,959782,7877,330,2572,4
"4d6SI_0htCk",23,958511,22777,303,3113,4
"kU7b4k4zbm0",17,955959,3757,2678,3534,4
"6uxrvBEnz_o",20,955562,22868,686,5402,5
"pr6bIluNrPg",24,954480,3273,617,2752,5
"Qtij8JT0ix0",20,954355,3638,542,135,1
"R3XRaRGuAqI",22,954342,1780,929,455,4
"a9DiyVhniYE",24,953977,66162,221,4487,1
"wFMPoroWc7A",25,952686,1672,814,688,3
"EHzBhrncmac",1,952624,0,0,0,1
"T3TUj5odzqI",25,950236,4866,1044,1312,3
"I2Z98X85lXg",1,948612,4846,2492,1165,6
"OPfYqhRHaes",22,948162,11504,648,1617,3
"OdNqWcUdm6I",26,947631,68213,397,4656,1
"lvJTQbKNasY",25,943480,2745,1030,1688,1
"nhkixA_pwyg",10,942286,51148,756,7146,4
"jLvVVpdfI5Y",1,942240,5238,954,2614,6
"etbpaFfils4",24,941444,32663,332,10614,2
"EnM51_T43v4",24,941283,6680,690,1520,1
"6t4-g26xis0",24,939620,4101,360,387,3
"UWogacnjiek",24,937962,12408,265,1181,1
"c8HvXdkfCY8",22,937871,3339,153,274,3
"3vNke1sl_Kw",24,937136,28494,2924,12358,4
"AfC2pHj0VZA",10,936950,45316,389,2853,2
"-K17_mIYT-c",22,936103,0,0,0,5
"aseeGSdB_Gs",24,935986,19884,392,3829,2
"_IhPmIYEOkQ",20,935163,32785,907,10080,4
"o3iV7X_4CYg",22,934927,2142,321,3547,2
"zVtmKlGsMX0",25,933574,1559,1432,2135,1
"awdkaGCkQRo",10,933051,37509,163,2090,1
"65OvRb9cKhY",23,932735,18835,1023,3680,2
"S1UUzR-v2ao",1,932671,6446,317,1885,3
"SWlIzhwtFtw",10,932052,20772,651,2978,5
"68MxMVWDkQI",1,931816,9934,473,3257,5
"NgU1iYtpxuo",17,931740,9151,885,2633,5
"iZ_wtKnYgrQ",23,929984,8557,1240,2590,3
"kDN0x0mtMNs",10,929606,74698,367,4402,1
"ehfy36wqUTU",10,929219,10402,147,179,1
"5HiEGmRJiqU",24,928849,7152,402,727,2
"uiuuQxyh15c",22,928776,1145,151,535,6
"OPiHhsMde14",20,927750,41064,488,10833,3
"0W86V2KcqiU",10,927464,91965,617,5688,3
"1VQV42_8-00",25,926532,3082,305,1986,3
"SBQooTqFqHI",20,926307,33857,643,14835,5
"gh8HtJAdc_E",10,925236,59955,822,11004,4
"nXw4z-__qm0",23,921825,3650,1215,0,5
"J0ZGHbUKjVE",25,920750,1538,375,733,5
"iy8r45ihNDw",23,919895,16930,344,1694,5
"TufdhfNgl00",1,919831,5158,218,735,5
"i4udNS0DLSU",22,919478,3402,176,788,5
"8MS2kOqVwcY",23,919028,17613,1544,4707,7
"nHCwr0gBpwY",25,918812,1572,617,1730,7
"po2MJE-MN5M",22,918579,9379,502,2757,4
"g3u1YuqcsGY",25,918186,6668,592,3082,6
"5ORXcfLXuXU",10,916731,83322,1052,6884,1
"PfMoxo5Rgiw",24,914643,4732,370,2571,3
"MG0Ly1h3Z24",15,914538,4202,880,522,7
"bB6OxoMgnGw",20,914189,30208,649,6454,3
"j8QzZGalQQs",24,913234,4252,383,2550,4
"DO4CPQYuHyw",23,913083,27572,1531,4953,4
"so0ccfs-psI",10,911853,26144,248,698,2
"AnkEvc3KRY0",22,911564,1604,295,514,1
"jHd7s8opIh4",22,911542,2149,1238,954,6
"BtPs6YEINdc",24,911469,10724,971,1424,5
"FP-0nx8Z8SE",23,911059,16420,405,1742,3
"9RpZFL-zg1E",23,910677,10434,732,3111,4
"SYlHep7DFQY",24,910508,3517,540,3073,8
"IEUOiIEVhYw",24,910199,2012,81,757,6
"7hZ2DLfywSI",20,910123,20751,873,4046,6
"PgDm03ZqFo8",22,909343,3186,1110,1406,3
"iZgNIWqCW1Y",1,907588,1157,418,101,5
"2HlWKIfPBSg",17,907359,1860,438,494,3
"KLkTzjsAUIc",24,906332,11287,796,3493,4
"LpC3tKSJBcs",23,905725,19566,282,1940,3
"w_42iKvMX_I",24,905379,6419,658,1057,1
"QaeX6cF0LzA",17,903617,2398,256,748,1
"zRPNVX9ITkA",23,903557,16832,238,2184,3
"325E-7YHP-I",17,902842,1752,168,519,2
"tCxSGKnW_sQ",22,902412,9086,626,1756,4
"yA7O_3sUhAY",17,900259,6603,233,894,3
"it2HScECmHU",23,899648,9515,482,2493,3
"f3BjhsU0vbA",22,899567,11253,176,1170,6
"U2Ljs5vHRJ4",22,899060,8497,485,2301,2
"tIMjKsmSV_c",24,898203,3145,357,1206,8
"bI-JvZVDanQ",24,896410,5046,519,857,1
"2L7bZ2Mkz28",1,895899,4324,409,1474,5
"P1R5LBkBHCQ",24,895712,5399,899,3223,2
"hOk6dsfPoLM",22,895561,2724,325,556,3
"OIWoRsPMJt4",24,894709,8015,1138,3050,4
"plKHUCqcGqs",1,892625,6760,245,854,2
"mBfDpLnOW3M",1,892595,5944,631,1425,7
"qUtMJIJL-u0",17,892366,2393,295,1958,5
"jlflFcnasVU",25,892265,3946,495,3659,3
"IRY7yivcDQM",22,891478,13103,579,1794,1
"a_a3g7sJwik",25,890804,3996,1034,1307,5
"WLDzRcbUINE",2,889086,2925,1185,506,4
"mrEqnxtq_Hk",24,888424,2808,299,1037,3
"aBq5CMxzdL0",20,887545,22964,659,5038,3
"MspGNZ9Uhkw",22,887146,2679,309,2900,6
"5NFiNlNXMaQ",24,886664,25524,682,8627,5
"_uhmHHZgF6Y",24,883405,14323,426,6091,4
"yKqPg_7whKo",22,883318,334,249,681,2
"JIIiOa0wjdE",24,883290,4573,701,1707,1
"Pn8deKCm3CQ",20,882912,8471,330,1405,5
"DaiuEzbidpw",24,881799,18086,405,3709,7
"TJKxSEYT1Qw",24,881243,7504,416,1649,5
"RB5yWkHDvYc",23,880440,21411,727,9361,3
"vyqBS3dcSPs",1,880003,16052,1192,2088,1
"iofmWTbvf8c",10,879672,6333,308,1523,3
"vcnvJTlW_4Y",23,879107,14787,695,4027,4
"QAxAEY4XFRU",23,878832,6391,1494,0,4
"aRoObj9rnn0",1,876111,32834,2886,7845,2
"Zjk3FmfXCpQ",23,875932,1220,713,1280,5
"xfA6tT4xAnU",10,874880,31516,825,19502,8
"gq5ImB_EHRQ",15,872288,13796,160,2015,3
"nWsQHn_sAP0",25,872007,1200,167,574,3
"i8OyEwxtzrc",24,871657,0,0,154,5
"e-hPQmSqjSo",24,871315,8081,560,1964,5
"f1UaE150I2o",25,871175,2002,2278,2515,3
"IglaxMVJtSM",1,870478,6272,524,943,8
"n7BC7hSH8rE",22,870470,3301,450,1413,4
"rHkzqMBsz2Q",22,870173,1710,152,749,3
"V7WXlaM5DAg",22,869351,13579,402,2836,5
"S-m36mcRHYw",27,867856,11076,314,1205,6
"t11hkMdbFPo",25,865847,2221,312,862,4
"pGmga7zCE18",25,864050,4765,215,1576,1
"9W-uqnb72rY",1,863053,2198,346,314,4
"Bn-2aJONSb4",22,861401,50518,285,2970,1
"1RlTdfBWSeQ",23,859867,9108,362,3193,4
"F7zA2uBJnAw",24,858683,682,741,198,3
"SkN_hWI6n28",10,858377,20879,273,1397,6
"fNKT-g2AEJk",22,857774,1776,306,189,2
"o31pGcwUmCM",10,857642,107525,322,7334,2
"YPMJoPgFQ74",10,855822,51214,624,8020,2
"H2feGHmaoQc",24,853787,18862,223,4006,6
"uLnslKfpo6s",22,853091,18685,1360,6388,4
"OpOGQ0eL6J4",24,850841,5239,401,2176,5
"9PgnBistWV4",17,850785,4916,255,2536,1
"UmdiKxqdpJ8",23,849187,12668,283,1703,6
"xqFvYsy4wE4",10,848918,12116,2568,4662,7
"B-NMjujulgM",1,848277,3815,316,399,6
"T18Fid1Dc90",23,848247,8370,658,3730,5
"_MrPuKlobfg",25,847445,3110,336,1038,2
"HHQN5f7IM3M",20,846721,28045,502,17838,2
"rLwmdVSG9eA",25,845854,10383,706,6810,7
"He3_jtC3ZZU",24,845712,3608,456,1852,3
"eAccyJ4bKuA",25,843910,1018,615,1699,5
"wW7WisSQm30",15,843888,10323,295,445,7
"5nbW5zt1o3g",25,842505,1820,1123,4266,5
"onGqNkiAcjY",10,841369,54416,896,7123,3
"dwTJvm2lQbs",24,839309,5507,498,352,1
"cep0K3z-fmM",23,838161,9854,937,3511,2
"9n-cpcg4kJs",17,837747,3666,478,598,2
"kSir_a8kpp4",23,837330,820,284,200,2
"iusR3fNocxQ",24,837085,4511,743,473,2
"ENVlcPpTuh4",25,836427,2254,801,3551,1
"PvPIlH-cwWo",24,836318,10684,138,1117,7
"rJ1MXY7-kq0",24,836098,3691,760,2265,6
"dCaEFkEblB8",23,836090,16750,273,1700,5
"oBV78nYCd7Q",24,835364,3965,285,1950,3
"fm2GlhMyk8A",23,834060,1475,950,1437,5
"nPT2KoNIw2w",23,833608,20678,481,5577,3
"Nu4SqHcp8Ls",10,833259,42759,895,3205,1
"LmYn27X2k_s",24,833189,7549,726,1331,6
"BGozak8A1_o",22,832879,7861,284,1121,5
"s4D42vMUSIM",20,832761,27564,1268,8626,2
"TpmMW2xb8_I",22,831685,910,217,309,6
"ZF9qyc3X878",27,831679,3863,270,487,2
"u3230JDJeqM",24,831364,2157,494,1138,5
"UXTFF2nKMjI",24,831276,4623,607,894,1
"wKTcnTz2MpQ",25,829913,720,504,54,4
"IMiDf0DGHrg",24,829639,30669,527,12253,1
"QaSlQX1eKQw",23,829251,13919,307,1726,6
"GEDS_mtncuA",1,828977,2880,320,1147,5
"ftZKGoZh7to",28,828715,2482,274,1034,2
"WvGT8DxPZhQ",24,827961,60300,142,1402,3
"BzprPFlDvl8",17,826328,3941,305,2065,3
"Ut7C9IEHW1E",25,826281,3475,634,108,1
"qeljJvktQX8",1,826139,4441,375,1732,6
"2FtiTHwoBYs",22,824735,14103,336,2059,5
"D-AuFgyVsrA",10,824476,6236,249,1008,7
"QkJtHfhf-KM",25,823757,6117,1274,2714,3
"L38H9yVb3d8",10,822904,1715,1923,2310,6
"zuFtLSAEoPk",24,822873,2790,500,3302,5
"i7OcBvfB4lM",1,821009,15974,990,2243,1
"xoUvPkkMXeo",24,820626,3104,533,1420,4
"maQsBHEH_S8",22,820120,10007,186,362,2
"TUkpjt8B0Rg",22,819607,26072,173,2427,1
"5oqZjzlI_Mo",20,817639,20009,498,5009,3
"AY4uXtxAfig",27,817059,13680,1358,11455,4
"IprmiOa2zH8",28,816590,24031,2102,0,1
"CUND31D1794",20,816192,14362,450,3067,2
"IzZOvqE1pxg",10,815768,52757,218,2932,2
"zPnBDYfi_rI",17,815626,1504,164,628,6
"1z_wUSdiPf4",1,815218,1267,241,326,5
"gkjO6pGvZJI",26,814081,8744,186,829,3
"UYT0YXdFk5A",24,813891,5034,1219,4640,3
"dSbNRbkhWiE",24,813792,8453,332,1495,4
"QYu2y9reew0",1,813220,3840,593,486,4
"nt3RVILm3g4",10,812499,55701,743,43325,4
"BmuXYdyzm8k",24,811973,4421,311,879,4
"94i5ieHiDDo",25,810855,3945,598,1194,1
"7xKwpPQiPGs",10,810425,118942,162,6417,1
"2FfZ_JCsH9g",25,810318,1540,229,1289,5
"igxbB1-Q7Rs",10,809810,64800,654,8938,2
"ZHDMYfhyX64",25,809261,1944,1051,520,4
"SLTQeRlb0dk",1,808631,12042,696,2055,2
"jorpKG4x_WM",23,808046,8086,317,1155,2
"mWWTG5DaVLg",22,807397,1562,205,157,5
"SRodBfxrzuI",25,807285,10703,918,8220,4
"ELMR0Aq8lsk",17,806155,2041,261,347,2
"K8SeMivyqRk",24,805646,4083,490,2041,1
"MjfgaYeUwZ8",25,804787,2627,1352,2271,5
"c53OIXznotk",25,804267,1100,717,1180,5
"A-lfnawmSPQ",23,804216,9791,296,1372,2
"JCZuCTmYPvc",22,803271,4316,510,0,4
"sNVZ7tMV40g",24,803240,15219,533,5834,2
"S9bkPQPAsb8",24,802773,12599,177,1481,2
"xYS4-JsLe9c",15,802709,3425,417,724,1
"Uf8-LghAg_0",24,802036,1202,600,1387,2
"YsCXoJ7UtmE",22,801564,2322,1174,1696,5
"fmxPvJLZTEM",10,799729,21482,104,1598,4
"CFStvCv8Ros",24,799572,8284,530,1458,4
"gB1T6XTxWB0",24,795718,4322,406,850,1
"RSTa8qhyNvw",23,795594,19029,391,4017,8
"MyW4WjNqR10",22,794246,2460,566,1054,5
"axaovrFYNzY",22,793776,95387,141,4841,1
"LdhizPXpcNw",23,793139,3970,757,3669,3
"ANrxtSiHSh4",24,791417,4753,398,3644,1
"zosfG0Clcfc",25,791260,2783,281,1572,5
"2Rt3ORPDTbw",25,790946,9392,117,3271,5
"NtaP6u9Wdl4",24,790423,61007,203,2703,2
"zacETvr1QJM",20,790293,674,44,266,2
"QKEpa6119mU",17,789557,2720,669,611,3
"goDmW9K4Vxw",17,789479,16003,276,2297,5
"dcNwWj4TL-Y",24,789084,3528,266,757,3
"pqtDIGDP4UM",24,788875,3448,305,2107,3
"oHwdmt7oJ-I",22,788782,14444,426,1617,3
"yr_afo4dgoU",24,787846,3276,614,432,2
"F_J7qWe39PM",24,787733,5550,81,1488,4
"GxWbT9K70gc",24,784546,4229,288,651,6
"X9jCmZm9CQw",24,782784,2806,284,329,2
"DRIvQhNzQEQ",23,782695,3627,1160,1327,4
"Bbea6iG55PY",22,782053,1063,243,72,2
"iqK8YClwExA",23,780685,17795,550,8021,3
"YN0f5PuSrNw",23,779320,6196,621,1827,5
"gyw197vnqQk",22,778719,2735,174,941,2
"q--Qvof14wk",24,777102,10637,326,1103,2
"QLOT92uIITo",10,776955,5440,163,321,2
"dDeewpPQOK0",10,776309,9128,152,1055,4
"M6Cybu7MAEY",23,776295,18293,205,2147,3
"KeDk-IkIWKQ",20,775687,25141,562,10214,3
"9CzqDhHp8AI",17,775590,0,0,781,4
"sXf-8Ozlj2k",22,775478,9103,104,1313,3
"211-DmEQcJY",24,775084,2913,432,438,2
"0da7-f8PRmw",22,774026,1085,374,871,3
"sHJNqrMBixM",10,773316,48273,222,2253,1
"pBd9igxxLXw",24,773012,3484,936,4760,2
"PK1ys7cZ4oE",24,771087,11548,164,1230,2
"r7MXx0GAKro",17,770204,2210,393,89,2
"Tr03Jm6GiZE",24,768779,8224,231,958,1
"yVp4knVkvAI",24,768371,8648,326,1110,5
"5gr6A81kGMw",22,767330,14332,180,638,3
"IrircflFHzw",10,767217,45544,1393,5988,3
"_9TZSfIxTwg",20,766990,31457,386,10361,1
"Hw5gLt1mD7o",24,765541,4984,269,689,1
"zPagq5l6DfM",22,764761,11701,382,1694,3
"rqlmF7A1Lxw",1,764206,1550,136,1009,4
"kFGFePZZJ_s",23,764196,16188,222,2567,3
"jQ2soa0_zqg",22,763228,6272,194,1272,2
"i7fNjgYgsic",20,763070,3071,282,2283,4
"VEdQrEtGj6E",10,762916,45427,447,5268,4
"wZo0Q0m0bHk",24,762349,3141,396,2206,6
"YmIEwuRpBlU",22,761606,564,8551,1011,3
"K99XnTik_oA",25,760003,2743,168,1106,5
"mgl1b0FUcvY",24,759872,12666,329,2962,3
"21HBtNiqEMw",23,759745,11602,302,1198,3
"8sRu_Xg3laE",24,758809,3649,212,443,1
"wOFdhQrwVuQ",17,758704,3161,244,758,1
"DUSXaw7eWig",10,757452,3271,101,300,1
"VoY9jOFADtU",17,756973,1956,127,1319,2
"vXGoLhOKv4E",20,756188,7411,431,4331,4
"DDeub46e6P4",23,755148,623,214,198,1
"G_aKWFcluRw",22,753531,10597,212,1225,5
"gzHu6sebJxE",22,753329,3854,109,426,1
"_TuDy59fxfQ",24,753218,26240,159,1676,4
"467en-vpeJs",24,752914,21217,660,2806,2
"VMz1ZkklBes",23,752642,11129,309,1016,5
"WRMsGUae7Tw",22,752633,11792,489,2456,1
"Dt-EGjtMLmg",22,752036,2671,676,1073,4
"ITP8TTj9KAY",24,751923,1750,189,797,2
"Idc6C6n6dXc",24,751360,2182,144,339,1
"E2azUNaXx9M",24,749764,3568,160,459,6
"1Y_FG34UEwM",23,748986,7729,846,2065,6
"4YoZ6t7t-vM",23,747223,14290,273,1149,3
"T5X41GtzCmo",25,746561,2967,521,3230,2
"Z-NP7zJz3AM",22,746408,8813,337,2071,2
"4S6YKwGvhuk",25,745745,3830,143,2627,2
"iGObKQrIN-0",22,744814,6925,91,582,2
"UJqOim_cMCA",22,744589,1755,317,969,4
"1TQjgs4azl0",20,744331,24881,517,9952,2
"eP_SjKtbD2I",1,742502,4958,219,981,6
"8dSfHB3GcrQ",24,741778,1198,375,783,3
"v6CCfNQOe6Y",25,741701,46626,639,6509,3
"g-9zyg6N4fA",25,741111,1943,366,1413,5
"tIWpr3tHzII",24,741069,63223,743,10525,2
"BtXaK70gSeg",24,740741,4329,396,1653,2
"kLJ-iN7Jiws",23,740263,18805,271,3231,2
"3ghVkT32j2E",22,740263,7862,342,1049,4
"LouUEaweP3M",10,739119,45776,1478,6331,3
"uHHe9aGGppU",24,736406,12361,1527,1637,2
"MmMwnMYb1L4",25,735825,7112,671,2699,4
"Ytz3UKP8GQs",22,734398,2898,305,464,6
"Cxi66Xn4P0I",23,734302,14774,240,968,4
"xQcOUUW5Px4",22,734108,4018,484,2043,4
"maL3zHY6sa4",24,732140,2976,270,2008,3
"9LXkWRZMxP4",22,731527,7945,252,6237,4
"M5BG4alJq5U",24,731466,5655,540,306,2
"8U2UeysiVBg",23,730983,19904,358,8408,2
"96UAzAv_CYg",24,728374,11460,471,6540,3
"f3JzbvBuFH0",22,728331,1395,199,204,4
"XrcGIdds8mA",20,727855,17818,560,4161,4
"xeV35IPqocQ",17,727703,2395,445,62,1
"XaUHP25sviY",17,727142,1445,173,1985,4
"GDoBJ_f5mUs",24,726616,8526,162,226,1
"I3pU5h29Azw",24,725609,15918,350,6884,5
"j2qo89OdG90",25,725443,943,402,271,5
"GgcuNfeer4M",24,724625,8891,230,1527,4
"3YpqdZKmaMs",22,723874,9634,439,859,5
"SnyROlh4OUc",25,723330,2726,2797,11977,2
"TJYjeQg7e-M",26,721192,25358,192,4893,4
"DgLXaMOfiis",24,720617,8203,215,1272,4
"Ilus0lUKdwY",22,719883,4403,186,336,2
"ZGaw9-N3JB4",22,719867,865,360,818,5
"UIZAk50JVYI",20,719393,28140,398,26548,3
"c5JtvpBTH38",23,718724,11950,574,2212,1
"bQFGYALQWKw",22,718536,96410,676,8319,1
"sqgnlIaHtqw",22,717846,7125,385,1006,8
"YSPGkefWwUE",25,717700,691,482,754,4
"zGIXCwopSbk",23,717039,9196,419,2458,2
"LNs3k0CAN6E",24,715698,2415,419,984,3
"KRwgewSXrz8",23,715492,12402,227,1237,5
"7MpSbELatQQ",24,715266,67883,143,6467,1
"iMqr-8xLFNE",24,715162,4660,68,1086,3
"POJB4oz6CJs",17,714633,1880,131,919,3
"yhgM1zJ6adE",23,714515,7057,337,1613,2
"EGqgAJH7iK4",24,713709,2247,203,340,1
"20sOM7AlU3Y",10,713651,80334,582,10531,1
"5qn1OQuWAuA",20,713539,24940,289,7734,2
"DQC6ASbm_mM",1,713406,4621,352,742,6
"VQyCD6s0ouc",24,711526,23489,128,1150,1
"L3KXbCxc4e4",24,711173,3237,978,2839,4
"f1ZsHPKPw3M",10,711072,39698,548,5345,3
"hNOzq2md4gA",23,710470,16098,245,5747,4
"HET3Ybenh7s",24,709235,4355,264,1216,2
"UEWjpGbyRtk",24,709114,0,0,1267,5
"sFXuiheoL7c",24,709099,14457,428,3341,2
"xHvnssEDNGs",1,707978,3700,390,862,6
"UoCC4pjM12c",24,707300,11539,515,6041,3
"ZXmoJu81e6A",22,707077,28757,153,2411,6
"zCc0MhQPB4w",25,706976,1567,218,602,7
"USrcBpjLj8Y",23,706798,15679,362,1977,5
"aOrGNtH1oYc",1,706732,3592,312,873,4
"zrOu-RoRhlI",23,706157,12504,193,1141,4
"vXCnO5oDLaE",23,705562,1315,496,561,1
"Lw1wy0rNujY",24,705528,2399,242,1581,2
"zpcCgZ3z_CA",25,705278,5020,535,2558,5
"TQCXwK8JH_c",1,705030,3615,1447,801,2
"XlCDEkpRT6c",25,704331,1650,670,781,3
"oiw92gp_HvU",1,704232,6764,82,231,2
"A8t6iyIG1rQ",20,704061,49143,246,54866,1
"xve1Qog3J68",24,703363,6713,347,1248,2
"OgX7pkCnIUY",24,702859,14447,919,7111,4
"TIiEwIgcNdI",24,702692,13044,406,3419,2
"AYN8gSNp9Xs",1,702449,1567,188,413,5
"XMBPaGg_r58",24,701865,26455,1057,2539,6
"kVsENCR27qI",24,701637,3164,144,1135,4
"zpkGuw71PEo",25,701295,2021,147,204,5
"zCZB9ulYhs8",24,701124,11507,149,1658,3
"ciIFczu2mBs",24,699783,4538,187,459,1
"STh98ZGE_YA",24,699735,3174,347,241,1
"ntjt3xcYbfw",22,698191,801,473,453,2
"AHQOWzqJFew",20,696953,17796,264,4858,3
"XSqnTqTK8uM",22,696812,8398,119,416,2
"DcA7CgWlSR4",23,696462,2689,644,1015,5
"eMb7IF-LLEE",1,696442,4165,307,1601,4
"Z55coJoprnY",1,695898,1049,217,0,2
"2fDDKX6JBa0",24,695679,3686,138,556,5
"mKjyPU6k_Fk",10,694752,3600,146,994,4
"Snsup85No1Q",22,694180,4075,59,654,3
"0ZwcukuKfmQ",25,693401,3357,1185,2790,7
"UMpTH-e1Sec",22,693206,9601,482,6577,3
"NMB_DEWZmQk",1,693192,7580,308,3559,4
"Tm-upymfBNo",24,693055,18166,398,5432,3
"28P6OrhmkHU",24,692526,2359,173,348,5
"Z2wks7HMVcg",22,691946,1891,1015,515,3
"D9lw9yjvBH4",15,691298,674,983,238,4
"o2beOeqFg6Q",24,690825,4829,662,1665,1
"_G4S29RyPDc",1,690508,6308,307,1136,4
"sJGolNWtHFI",24,690491,210287,297,18786,1
"9LIs846qlZg",24,689574,1970,373,1097,2
"8Sk57kmIZHU",24,689096,14911,556,5080,5
"QRSK6ZD12-s",24,688779,21456,275,4513,4
"vknpLTQnjkw",24,688706,14166,133,4896,2
"GD3OpuTC0Cc",1,688667,1079,337,80,5
"VZxoeXOT1i0",23,688436,13520,128,512,2
"EhKqy4Xd0YU",10,687949,0,0,663,2
"2tdvIHUHCP8",22,687592,13825,975,6384,3
"RxGQe4EeEpA",22,687016,6683,231,1032,3
"yWhSU34x3tI",22,685956,2145,1265,3248,6
"1DL5B5VQobU",17,685926,2229,162,2328,1
"2fOceS_8hQw",22,685452,1871,651,2187,7
"_QJZpld-JwQ",20,685428,14737,765,3355,3
"-6I5tlmz-2A",23,685244,3635,5569,1043,6
"Jn9sOxMhwQA",24,683610,4596,485,1688,2
"e1wLDVzRO5I",25,683075,3298,841,4876,3
"hdWizX5t1so",24,681838,11282,339,2053,4
"P_sgqnKaKj8",24,681833,15324,263,1855,3
"EpqwS3-sigw",24,681057,21047,294,1172,2
"bzNuLIksbxA",23,680833,14130,263,4327,7
"xPkXatwAQEI",24,680397,3351,449,493,1
"yOmGcJTdu5o",22,680119,23187,174,2396,1
"qIKsIgLAPKY",24,679878,4412,445,1366,1
"aLym2HZxmg4",24,679770,11936,348,1859,4
"npvNI6VjprI",20,679526,23251,622,7685,1
"ePRk5THh2Q8",10,678968,19351,389,1486,3
"1qkEPAsfH0Y",22,678930,12821,201,2069,2
"Od442AN0srU",24,678780,31487,112,1465,4
"AhGZLc3y2Ws",22,677718,0,0,322,2
"XYpOAbwkqMk",22,677514,1317,359,858,5
"VHuSFMaJrFE",24,676884,9202,229,922,3
"7dZBoyalM_I",23,676606,10444,225,630,3
"PqCNicmUs8A",24,676161,10551,443,3213,6
"mMlxyzfXdec",22,675571,3446,126,1234,5
"gbT9hHkduGU",24,674914,2724,390,739,4
"NohyuvtRwHU",23,674299,10259,1231,4481,2
"BahhILeIkJ4",17,674229,2898,202,676,5
"jyn3fnU5bdI",24,673791,1772,353,1676,3
"6SkBeHdaknA",25,673645,2446,248,1786,5
"99y2z-Jyzmw",24,673529,3384,371,1228,4
"FUDVf3InymY",22,673297,10180,285,1589,5
"ZjmTXxNuH1M",25,672835,5117,418,147,1
"curABBDhqLE",24,672504,10209,1227,960,2
"TUqwzz6epV8",23,671378,2406,1236,904,5
"FIcw_2wlF4E",25,670460,9217,110,1070,3
"xvVqtz0LLRE",22,670018,7884,274,3383,2
"Crwr6H7KlcE",1,668949,4149,188,953,4
"InoBlFCF5us",24,667290,12055,125,1794,3
"4Lqd1g0d8yE",20,667208,17844,255,5850,3
"npfXCcAR6c8",20,666683,23281,352,10236,2
"TWnjEUK3wwA",17,666252,2996,853,165,1
"OunY7BmFdcY",25,664118,1809,234,857,1
"OS5NQeiHTv8",24,663696,13707,494,3148,4
"ppjo4bjAqII",24,663094,4842,89,496,2
"78PjmDz7kwA",23,661345,3352,191,961,3
"5t6_ymU6T18",23,661086,11604,352,1501,5
"2cXD7iLiQAg",24,660783,912,765,265,6
"l551ea9DSKY",25,660098,1953,461,602,7
"xwD-tj1iG3w",17,659774,1760,217,40,1
"SDKOVxomAMM",22,659496,6866,286,1186,4
"HnUuQNSvbXo",1,659492,2150,110,543,4
"wHmXwcAOnoM",10,658946,132622,332,7490,2
"zKmp7p5iZuY",1,658646,3801,228,911,6
"YFgNm8wkhz8",1,657932,7614,382,1420,7
"Pk_VEPo5-48",23,657816,7874,581,1613,4
"nA3vdCQiCMY",17,657793,2808,243,1376,1
"5BeWvP521s8",15,656898,5222,225,821,3
"piV3US0uRak",20,656820,19572,255,5897,1
"zTBYiGOOpeI",22,656394,6807,388,1408,3
"RPzwEFtcfzE",25,655405,3183,105,427,1
"er7JQSwF1Ng",24,655027,5811,321,858,1
"gEJdBE4t0CU",10,654512,40684,361,5462,3
"i9g3gZeUxvw",24,653802,1345,521,1162,3
"zFzibhk-j_8",22,653734,1407,429,1094,8
"5zZDqvIptQg",23,653205,10652,199,1263,3
"y4yMlwNUAYE",24,652647,894,453,43,5
"C2EGNPNVAvw",24,652525,7885,148,315,1
"SM2ZXPMQ8CI",23,651876,4724,470,992,2
"enUCRhtQj9U",22,651515,8745,119,1976,6
"tcZIMYKfZDA",27,650797,8609,184,1074,3
"TAUMiGukDxo",24,650760,3453,382,1001,4
"yoBEUfT-X-0",24,650573,22425,253,2737,3
"n9sPmKfTjKc",24,649731,1307,312,9,1
"eFMP4xwtSLY",26,649301,28333,250,1271,5
"EhLfdXZ3LRs",24,649233,2278,270,1145,2
"jFUYs4vADHs",17,648407,1356,304,38,1
"4stAzotuKPs",1,648379,33720,145,4868,2
"zQ0q6-aw7qk",10,647980,5832,102,283,3
"9SXZ4iqGmjE",25,647759,2055,239,1707,4
"LJIq2cwOHls",24,646730,4697,428,1275,1
"zEafSE5ZvjQ",1,646684,3088,276,535,4
"RmqIdScS0t4",24,646451,1608,280,437,1
"9mpYhw7wUg8",22,646123,3466,80,327,4
"6yzYPQnuyTs",25,645647,1936,692,1151,6
"CBY27x_QOhM",24,645310,14576,376,4560,6
"c8Qd5sFwIBU",24,644705,3233,166,375,3
"vSjwdYtQcRE",1,643021,3639,228,677,4
"WtM1K3JsEnY",24,642814,1486,470,160,4
"zDut-q88fyY",25,642629,4767,762,1245,3
"OrsdiLSFzfo",17,642404,2381,186,372,2
"M4rs0eMGcuo",22,642135,2335,631,669,2
"IsYwZ8kGGyg",25,641660,1060,336,714,5
"xrTewO4e-Uc",10,641336,84735,270,7553,5
"ODgTa_3UxYQ",15,641117,12814,258,2452,4
"Ws-Gjpk5AgE",1,640297,2270,333,870,6
"AS4IFVrneIk",22,639987,2093,134,491,5
"hDFByZlO8kM",24,639566,0,0,844,5
"SNZo8B5pxUo",1,638864,5291,324,415,3
"giEpgz5WmGE",23,638831,15318,186,1537,2
"W0sWnTzIcNY",10,638509,10851,274,383,1
"IIy9RAPqcjI",22,638375,1864,295,485,5
"1faEj7rmhuA",1,637706,5416,153,1856,4
"NkFjIhG68iA",1,637322,2336,170,744,6
"Wurha66GIHs",20,636570,4686,386,2411,3
"DkCpO8W3rTs",22,636561,2830,1290,2509,5
"EgUhrsv0JX8",22,636406,19152,227,4410,3
"xeKe8PKIKZE",1,635971,10611,938,1913,1
"htD08p9ol_0",15,635302,9012,236,428,2
"_odvYvbW9VM",23,634876,10616,237,1066,5
"csTX-WJjrKI",15,634854,6857,166,613,4
"v8gBcGwHmFM",25,633749,3413,414,1154,3
"bn_96IyjsT4",22,633499,6303,101,302,4
"PZAsiXPHqRE",22,633426,3738,87,650,3
"-0exy3EqrvQ",24,633178,3646,162,529,4
"tKubPXiofcU",23,633024,894,484,690,2
"LJO2DEzIuB4",23,632813,2080,132,571,4
"0eUVyz4wczI",17,632763,2232,248,15,1
"XUsv0zVWUiQ",20,632734,4439,342,3334,1
"2HWpmPk2nVI",24,632342,677,734,943,2
"eMrNe6birpA",20,632216,21327,723,13444,4
"gTpqmiDUtJs",17,632140,1736,134,1928,3
"hBMA2cKLX9s",25,631625,2416,710,2241,6
"FLvYzLu4ARc",24,631183,16394,61,1232,2
"uJWk__HkAPI",1,630473,3987,174,2293,4
"MbR2qevSXjQ",24,629696,3259,252,505,1
"Zy9a3KB49Nw",23,629545,16529,587,6516,3
"0YVbVXOjJv4",2,629256,2610,152,385,1
"32LGjKS6J4Q",1,628993,3837,276,1484,6
"TOW-lWWET8Y",26,627622,27858,307,920,4
"R2Gvy0rDxTk",25,627538,2798,263,2901,2
"v8gBBSjefvo",10,627109,86358,234,3861,2
"qmrnyNCFTpo",22,626859,10817,405,1542,4
"qeX2mNWit3g",22,626353,1765,251,771,2
"KZ-o0TYV1_o",24,625233,3381,232,868,2
"uagEJbxyM7w",25,624498,2610,686,5134,4
"Ku5NFDVgMSM",24,623866,623,1727,2950,5
"GJu1QTDsKrY",23,623805,14671,213,1792,1
"GEKG74PFrno",1,623032,0,0,1515,2
"BRGn0mLy-VM",25,622784,1934,400,872,1
"HnVGQbF4nS0",24,622637,5384,267,208,1
"iGJP9YjkNEc",23,622520,11030,149,967,4
"GGF7FtexoZw",17,622396,1568,147,891,3
"5zEF5zo93P8",23,622061,3242,606,589,5
"3sD-hQ5lW1U",22,621824,8886,4789,6097,3
"H55MOO1N0hA",22,621489,32015,246,2901,1
"5Z6XSZcV27Q",24,621452,2972,246,1728,5
"QulYH7y0kiw",23,620919,14505,159,1462,1
"d039r1kQ-c4",17,620855,965,152,2008,4
"39U1VTby2mw",1,619464,3916,102,573,2
"4ddIx1VYCOQ",22,619351,1179,377,392,5
"RM9AcD46vm4",1,619010,2684,398,528,8
"pzazgzLtuc8",24,618762,5990,644,1650,6
"t5GdwQWhGS8",17,618541,1520,86,703,3
"cnq7Ma7PpUc",24,617740,3059,405,874,2
"OIpXrBp-bQ8",1,617586,5119,139,683,5
"b2E_5z_Ok6Q",10,616961,68706,182,4303,3
"sfZ5YaoJ1Eo",22,616608,11872,287,2264,1
"Pq9JluWW8XI",2,616332,1390,311,1575,2
"BWfmHy9Bxp0",1,616142,10633,1172,1456,1
"w0v74dwlB_M",22,615756,1010,294,962,4
"VmDY4w4V2o4",22,613248,2076,265,687,4
"9eoTUsiLi_g",22,611913,1204,1245,1111,4
"O9fMg7EdvvY",22,611628,12051,128,1222,2
"GWy1yAJdDkY",24,611263,48792,113,2756,1
"FqQIuDw0Qsk",10,610888,25606,174,1140,3
"s58M3eOtICI",10,610208,83758,199,3885,2
"SqlbqqAyUJE",25,610199,2029,660,1211,4
"Ti-i40Ez6KY",20,610080,26215,337,5592,1
"mV8e3j-F1iA",22,609785,2168,101,247,6
"TBHJ6FTomYk",24,609691,2692,239,2174,3
"Op6JIx4MAGw",24,609593,3853,382,4064,1
"7JyNFGjuQGk",23,609419,6791,288,1234,5
"JqH8he2P4mo",24,609266,15705,264,6838,4
"etN-ChPqIwg",17,609106,4958,235,1683,5
"xTVgrCnppLI",20,608492,20546,615,5101,2
"VQLCjsZyWYA",23,608369,5610,586,2015,1
"6HmSIzx5XJQ",23,608360,16839,117,1411,3
"mZOMox8nojY",17,608044,3507,195,640,1
"Qj5476nndt4",24,608034,2414,444,459,4
"464IHCFwkBo",23,606907,9624,196,1158,3
"odwjy_6_M3Q",22,606815,11257,275,1224,2
"k-Rf_pNJQnQ",24,606583,7483,125,2680,1
"z-EJxMPhsPU",24,605785,2435,229,377,1
"-7wAsaMWOOQ",24,605707,964,509,2811,4
"J-o9kz5qHlw",17,605488,1281,123,1065,7
"RpOWPsJIkjI",17,605094,2029,148,405,1
"qiRr8cZ8H4U",24,605078,1718,263,163,1
"YQ2lbAaw8SI",24,604583,2250,99,496,4
"fdRv1_EV1iI",22,604573,8284,315,1040,4
"FbGLmIb_0us",25,603146,1124,474,809,3
"ssSZXFmpQaI",22,603090,3751,76,683,6
"cuEnAKdNBbM",22,602876,2356,275,879,2
"NpskR0mkxw4",24,602770,2003,268,359,4
"01N-M0xwQbY",23,602678,10182,765,2953,5
"9oHSOFq7GJ0",24,602546,1333,1114,1855,2
"PGpI6v582qg",15,602466,11014,142,965,5
"uNsiNgryf1E",24,602206,7058,602,9057,3
"GfaQgl50Mv4",25,601201,5491,349,5664,3
"wIxUjRlvGSY",25,600988,5247,343,4033,4
"dWPT-qtJEe8",24,600386,3108,372,5886,4
"77xAm8ZxeKQ",15,599976,9659,202,1164,5
"iUsWME81Eow",25,599638,4178,301,2271,6
"jKyzggBQigA",24,599595,2813,253,621,1
"9A0Vux-0_1k",24,598808,13468,269,4716,1
"3iQZVpLw48g",24,598426,12381,792,3392,4
"nClytIi_e18",24,598365,2661,435,3068,2
"1rzGCwgeAws",24,597951,594,522,258,5
"Ugn_jVq2ghs",22,596398,1426,252,571,5
"y2ULfn5NFFQ",24,596045,2142,129,1096,4
"H2KfQMxxFdY",1,595766,1192,96,433,5
"S8kr0j1xNcg",24,595349,2282,154,1014,3
"YgxpxRbv4lU",24,595340,9244,278,2054,3
"hF6Wds75rjg",10,594338,67505,842,5625,1
"TO09LEFHr48",24,594155,11320,494,538,1
"zUkAZwLjmzc",24,593465,6463,163,1952,1
"T7lFdhwUaEw",24,593305,1668,293,1114,3
"2DxQHSNMzoQ",24,593258,16564,153,3928,1
"KbBeQ3tzDRA",20,592632,6144,267,2958,5
"_yasCG_3sqY",24,592439,16839,438,7170,3
"tP531W42ALw",25,592407,785,218,1188,6
"lR_cjLZofBw",1,592399,7599,88,654,5
"QBsB3ortiAM",24,592069,6564,332,2644,4
"e11Z_1qa5Ww",25,591113,2908,490,2449,7
"CWcNnzpNUss",1,590651,2124,1395,3408,5
"J9NVyzDS4Go",24,590095,10308,688,3348,3
"x5nXOSsIb7E",24,589727,2894,186,1014,2
"cfIUIgWUZxI",24,589713,7064,586,2104,3
"PoWGj32pcBI",23,588978,12206,348,6160,1
"fyrzLllaRro",24,588768,12076,492,4558,3
"sZBxWCcQA00",22,587659,10717,243,1999,4
"P28tahhQ8Vs",17,587638,2298,185,1143,2
"XUDj0LTlKJw",25,587028,2740,551,2383,1
"teEsQxYIR70",24,586971,1213,292,583,5
"YuLDeV7Y_Og",25,586931,4421,788,3231,9
"rIf1__CPhvQ",24,586890,1437,113,444,5
"5CFFQomi_W0",24,586495,1230,853,665,3
"I_N5CKgs6_k",1,585838,10739,619,1959,1
"CPgZ5f2oQaA",24,585503,11128,222,2737,3
"paEuHiw_GFs",1,585258,1145,289,477,1
"gWMnf2oCJIk",22,584790,8808,318,1028,1
"t2SYf1j8o5U",17,584457,2152,215,12,1
"iQn0r-b829Y",24,583699,531,430,186,6
"dFLjZBjyk5M",10,583188,2843,90,307,6
"kU2t0lmcaII",24,582871,1882,442,2085,3
"WYHIOjbG_w0",1,582142,6458,227,1062,5
"F5H-eFdVsJ0",22,582044,1308,235,619,5
"hKmB9VSg0O0",25,581570,2084,402,1764,2
"TcOcrXkijoM",1,581400,5329,159,868,7
"t7EVLLuTaTk",1,581206,893,312,229,4
"zaMg1HoGk1g",17,581186,6593,118,1688,1
"c8jqvAVWrsE",22,580896,3591,358,3450,5
"a_4W9J_2LZ4",24,580298,6191,293,969,4
"sJVMRcr-eug",26,580196,17381,204,944,2
"84M0_mIi4xw",19,580177,7090,380,1586,6
"Wp4Z2CAFIE8",17,579931,2928,128,360,1
"5HSu8u3NDgM",22,578958,12725,739,5329,4
"j29Qq2aGKv8",24,578262,7760,518,4131,3
"f6DBd4f1VTU",24,577612,0,0,961,5
"MZiy2dk5pAM",26,577207,29584,215,1615,1
"wBYYBGfRnx4",23,577114,18172,374,2751,2
"VDvMfm6Zw4s",17,577037,3590,102,2630,1
"g8cCthZr7Vc",20,576987,22543,201,17301,2
"rm2Yg-xyxVg",24,576958,4367,74,604,4
"LVO6SFZCsa4",15,576631,7212,118,579,4
"oj-Y1Ir0KPQ",24,576344,10296,180,4481,3
"bf9C1adEIKQ",17,576308,1307,153,596,2
"9QyW-VxxLCU",22,575836,1484,646,646,6
"pNLbxPXOYBI",22,575446,6571,228,1251,3
"Fnm7J7AIPUU",22,575161,1578,506,0,5
"8vDigk8JOTs",22,575161,12556,664,492,2
"Zfde0fx01og",1,575159,2296,167,919,4
"yWnCdigjuzU",26,575132,11089,100,2559,2
"u9BVsezZM-8",10,575109,36397,331,4989,3
"9k8A75uDYnY",24,574911,3124,460,595,2
"-c4PZKULC2g",22,574806,4438,138,305,2
"asxnim6AQIA",22,574503,10413,117,320,3
"hCCWL06Mqo0",25,574445,4601,183,1521,5
"tgManNfbva0",24,573896,13893,131,1894,7
"2zk7szsWQUE",22,573784,5456,386,705,5
"dP380c80a1A",24,573158,1723,266,90,1
"xUzOq7-ADc4",1,573045,9036,289,1454,3
"4_ol-tGUHuM",20,572869,7136,570,3274,2
"WDdygBhnAYg",24,572606,9216,184,1413,3
"8GtwEWahbX0",22,572578,7574,706,3919,1
"ZD6i_D2jq8E",22,572487,12021,291,4728,2
"2N1Y9RxAsxg",10,572370,13223,185,626,4
"7ANU2YtyYsQ",24,571729,1199,552,3591,3
"Tx0uf5E2cxM",24,571435,9932,771,1515,1
"ty_jR_Ij5HY",22,571425,1458,322,194,4
"MrQOBJ1y7Ww",25,571097,2146,344,1943,2
"82Jq_XCqdMg",24,571035,33235,190,2453,3
"DbL1g9c4sMU",22,570964,10639,208,973,2
"5tmoE4e3_2o",10,570648,14156,871,7241,4
"na1WQttmWsI",23,570018,10286,251,1228,3
"93Yj3or6v4c",26,569602,12886,465,2172,3
"dZGiXJLVRZI",25,569523,1802,389,1009,2
"P1yrP4VTHFs",23,569300,9165,168,912,2
"vmB6fS1nQyE",24,568742,45771,225,2649,1
"MHOqR_S-X7M",20,568489,10310,164,2150,7
"ZrKE0VQYP2U",20,568445,15006,173,3511,2
"lU-GTg3gJQI",23,568311,5668,341,1609,5
"71vn8ZJUu2M",24,568263,13953,436,5985,7
"P3QVpJBWHfs",24,568047,5019,392,1166,7
"6o7HN4mMElo",1,567930,5858,64,560,3
"nbrYtqeC4R0",24,567862,1336,113,259,3
"VqHxd_aG9dk",1,566875,975,491,1006,6
"2INlpRkmbXY",24,566039,3095,227,1692,2
"EQUme3yNkV4",23,565989,5572,592,2479,4
"7VCNfFICG0Y",17,565885,1914,184,420,1
"A9Ytvx37oAQ",25,565495,1109,702,887,6
"lSPxq5j5zzA",24,565364,11025,205,4482,3
"HtzaCqAjp7Y",24,563675,2796,118,1173,2
"BzoKVZj5EOs",1,563636,10717,213,840,1
"K5wo3zWCtOw",24,563628,7766,346,2472,2
"zwhdknXIK3k",25,563232,3525,300,1215,5
"GXLZpwWTF9k",25,562818,2710,332,0,3
"N_2DR0Nk5aw",24,562612,3431,101,739,3
"RaI9lR3RLvs",24,561913,16492,151,1777,2
"-1_opfP5U74",24,561600,842,232,846,5
"MkWGimTCnBU",24,561464,2385,275,1476,1
"aCdP9Q8bOjA",25,560415,1378,393,444,5
"6SSY5vnt47o",1,560290,2546,145,693,1
"yQtoGgREPk8",1,560029,4225,209,416,4
"eeLnW5zdaqI",24,559961,433,348,232,5
"sgX_StgXGF0",24,559930,20809,384,2415,1
"9fBndoRY0PM",1,559463,5259,260,793,4
"UkGiU2-Jt-U",17,559410,1916,177,581,1
"BSXpeVDWBxk",22,558883,475,53,190,3
"VuHc7rMhJms",10,558585,14567,174,3134,4
"9ICXTe48ScQ",25,558485,503,91,190,6
"JN62XAh1jOA",23,557707,12833,110,2625,4
"frbBZOZMOB4",25,557518,2046,467,649,4
"f1VpOpvZFBI",17,557378,3459,103,798,3
"_K_qabvYjM0",20,557214,14009,268,4479,1
"knJcEWg5Qbs",24,557191,3148,1253,8000,1
"jJ1K1i75sPI",22,556971,984,192,657,2
"OeLTbYPdj58",15,556745,4785,102,1422,3
"vGvlvENjDBc",24,556431,1893,681,922,5
"sEuc3aoX-DU",17,556420,3415,286,520,1
"9V8bnWUmE9U",22,555917,6044,207,486,2
"LE5EG5Qpe9Q",25,555713,1858,390,1615,1
"TID7K7YNbhQ",23,555120,6648,308,1230,4
"bbkPuUvDBPs",24,555115,13210,617,7042,4
"SddbtLOBa8A",10,554746,29153,283,5547,5
"RSL8Ytzfcb4",25,553629,4587,743,10127,1
"Qd8BAQKebBk",24,552913,985,264,763,3
"2r6p2N016xk",22,552859,832,302,313,4
"mjjCW0qmnIE",22,552026,14218,232,4573,2
"XBNOLaQ2QAQ",24,552001,7471,200,238,1
"zl-ni9NCqyc",24,551289,12663,160,1656,2
"W_cLMgVNT90",22,551162,4880,1020,1223,5
"liUFcNCrBi8",20,550987,11080,379,4212,2
"seiXxoL6QF0",19,550961,2494,202,659,5
"OgVM1e_5hy4",23,550928,5999,304,1157,4
"WKFCKIm_UHs",24,550282,3410,442,1011,1
"qvvcgmbcRnQ",17,550143,1688,123,467,3
"M6K1OY_AKcc",23,550055,7162,612,1861,4
"y7n-TjfillM",1,549645,2395,124,686,5
"Rq-QA_8AU8U",23,549618,4093,415,1348,5
"dZkl2lcKaUE",22,549463,4344,92,692,4
"WUKxDLbU3sM",24,549242,1910,679,2997,3
"Em74Uwyik0I",10,548916,39306,588,5451,1
"OPCWhrUj6Rk",25,548794,1936,407,1944,4
"ZKJoJeaC3zk",17,548463,2616,189,428,1
"ioj2CLqWL00",20,548236,7583,205,3048,3
"NyBw0oub_GI",24,547122,622,330,346,2
"Bo3yFluzv9c",24,546935,2553,179,790,2
"hqJf9kURKnI",22,546603,8382,290,935,3
"xf_kkWLM8k4",24,546185,0,0,1401,5
"d_rDj2NAej8",24,545729,11137,126,2215,4
"thf38AgDSaw",24,545510,4029,82,268,1
"lslRW-qY-3A",24,545218,1663,479,1416,3
"uhuvVhbZ_dI",25,545209,2204,458,532,4
"y3KSD5sI0OM",24,544818,46365,846,5472,3
"Y403lhKyMnQ",23,544544,3839,573,0,5
"1hCstcWhJmI",24,544492,4268,379,900,1
"meGIzwB_Eko",25,544475,1863,1080,1087,3
"CojoNOKuhnY",24,544053,8785,310,833,1
"4iTJ6HVTiPg",24,543943,510,1700,165,6
"6VkslKBYTuM",22,543355,21944,312,1799,3
"MJiy5UWjs7M",24,542988,2375,318,1918,4
"PTh1s91wqxo",22,542985,2068,181,968,2
"PTrv8-0QRvQ",27,542891,3037,337,1001,5
"WMcdFmc75W8",1,542698,1088,116,783,4
"JHmSC9VA_wc",20,542362,14184,917,7763,6
"Y3xl9ihWc_U",24,542087,1793,293,309,1
"rX7ro-T8G2k",24,541578,5063,592,3420,2
"5wbD46nnfQc",17,541140,3790,54,494,3
"fKjnkj0vJ0M",24,540830,1049,406,982,3
"h3tN8NKuZ9U",25,540661,430,1386,555,5
"aiCk8eA_nGQ",24,540537,3234,143,1030,2
"CnzdbGkCXbQ",24,540531,19197,459,1093,1
"xqFF31veJNw",24,540113,3179,267,464,1
"U7VoTJHdhNs",22,539918,11230,244,1669,2
"Mj_tCaWNM78",24,539484,54010,124,3005,2
"_1ID7i4jzrw",24,538990,2576,352,778,1
"BegEkihssN4",23,538848,10735,162,952,5
"rh9gEMtU8ec",10,538626,53061,97,2731,2
"EgBBcq5Cqvs",24,538509,2325,232,669,2
"YL5I3jmEd7Y",1,538489,6498,256,2847,3
"NzSjpjfVMT8",1,538305,4086,201,375,3
"ELZH3PD3Tlo",24,538260,49363,189,1362,2
"SZcWqrCPZ3c",15,538118,7271,231,382,5
"ZDk9O9P71rc",25,538079,1423,461,2078,4
"PmkqLo11Qt8",24,537760,9075,223,2911,3
"HPJL5hD9A94",25,537636,552,298,1008,3
"EEmKV1O3y7c",25,537624,3295,1441,0,6
"a0YzueBcyKg",22,537201,1912,1080,551,5
"mMYGR8ZObIY",24,536806,1400,206,621,1
"MKTJCew7oGQ",17,536590,5279,90,851,1
"rVk4LDGYp8E",22,535969,5228,333,202,2
"9cL5DZI-k0s",1,535876,2485,315,712,1
"WlOUCMOdL4g",24,535554,4710,284,702,5
"z6X5b5-O340",24,534191,919,221,1327,3
"KkC6U0drW-c",24,534113,5054,387,901,7
"kXb3FCK7fMs",25,533810,4187,385,1754,3
"D8M-qttl0qo",22,533458,37682,138,1695,3
"DqnHajV3g8o",24,532917,3143,293,943,3
"9gE-HKhT5-I",17,532861,8503,126,1497,1
"LTcKyYubf-4",22,532146,12751,531,1843,8
"W9u4hjFr6Nc",24,531946,7313,258,1845,3
"uhk8vDuQKRU",23,531553,1758,697,1025,2
"QH7hE3XyPJY",29,531486,7133,1518,6489,4
"VWxl2vQCpiM",24,531196,2680,239,666,6
"eNxK65c-K8o",1,530864,1789,279,354,1
"ybSXhkWeBnQ",24,530263,3441,391,879,2
"pfDFllcAEXI",24,529931,13664,227,2012,3
"nuIYrfY1Hgo",22,529742,2566,165,395,3
"g7Lrso9oZsM",22,529732,2666,509,919,4
"43cTKgPZXQg",22,529500,3737,86,295,4
"kuwURrFpCKg",24,529496,5607,1870,2643,3
"dC_WWoDuRcA",10,529216,4205,73,1379,1
"zchs_-s3Q_I",24,528885,2919,259,1516,5
"3rcaJXcgCj8",24,528496,6124,186,1114,4
"gdtpT-2AFgM",22,528194,5434,219,889,4
"edcAHs03PN8",24,527969,4453,443,1726,6
"_V7jPOwlpkU",23,527823,2152,1115,1527,4
"ZZ6rzNp97V8",1,527789,3234,326,826,3
"luRar2yX3_A",24,527711,2296,59,284,4
"DUtoMnNs51Q",25,527654,1202,123,249,3
"bMFRutghKkw",23,527571,935,494,1359,4
"Taoo8TqnpjE",24,527427,7495,1715,2931,3
"u6exKaB9_WU",24,527161,8525,410,1888,3
"jUw5kVvNPJQ",25,526732,2099,177,875,3
"OwHCg3L586g",25,526631,3227,311,2075,1
"d_oX2zdI4Xk",24,524875,4060,204,2212,2
"eBBKwCAoShE",24,524465,62147,178,138193,1
"XdU9p0acksk",20,524278,14334,223,4255,2
"SeOqaJdAAKU",24,524170,13388,157,4481,3
"4Q3WNDnzrLo",25,523772,1488,290,3555,3
"8lZqrEZNmhY",24,522686,10617,90,1213,2
"qe9TIGcXhM4",20,522303,17402,428,6664,1
"3dazUkWU02w",24,522091,9378,1614,2047,2
"smcKpuLmKXg",25,521857,2977,114,762,7
"dIlo9Qi32OA",22,521396,4250,343,667,4
"WEWtyTm2foM",24,521139,28120,533,3488,4
"hItoNtZGWBU",24,520944,6739,53,894,1
"NofC6NT2tds",24,520910,11492,233,5099,1
"9ux_bP-AmdQ",17,520788,1755,287,1567,4
"3WTzKrYwGqM",22,520374,4599,267,843,4
"MCmW5wCSzKs",17,520337,503,100,702,1
"XSrHvxWmfW8",17,520030,2388,223,851,1
"IZy-KphigYg",24,519157,12569,164,1699,4
"DZyHae09MN8",22,519086,3993,231,632,3
"dL8PBdfUqlw",24,519032,2577,420,900,2
"tDqK3ugZcM0",10,518890,71530,157,4605,2
"BOo4GnCfoEo",24,518808,433,281,1240,3
"8Z8iH7yr2cM",24,518560,1965,230,1937,2
"wo7G2rj1cUw",20,518524,5550,303,3566,4
"5zV3TI4kJTU",25,518516,1111,490,1084,5
"JtwINisYudU",22,518398,2391,1245,2427,3
"72przNpZyyM",22,518246,916,158,446,5
"0bprqsY6PcQ",22,518072,12583,635,11240,4
"tnGOTc6bFKY",24,517632,4089,570,1129,7
"5LyNsQVSzWM",20,517629,12467,240,3798,2
"YtT0gMR4c7c",24,517570,6347,283,795,1
"Z-tz-aNzPiM",24,517509,19596,516,3712,2
"SRDZVoOP_T4",17,517010,1775,123,503,1
"26m7C0NoSdI",20,517005,4472,251,2552,5
"J4mn7xRu6Ew",25,516790,5475,705,3849,7
"vDxD4HwEFdY",24,516704,30866,742,4674,4
"O0eS2MSjHsU",1,516654,4809,177,1456,1
"7a8By3BW95w",24,516406,10704,530,601,3
"eNDNtCTR6X8",1,516327,1060,88,1069,6
"HEYfC4XIB4k",24,515909,7944,327,1892,2
"YvnMDy4VASY",22,514875,13916,167,1665,2
"xa5iQqjbG1A",10,514646,1996,182,411,5
"KDCn64pTzbA",1,514601,3596,474,1143,3
"8WpdN4T2XLE",10,514585,38209,157,1934,5
"PDmY36l-2Bs",17,514577,716,216,305,5
"1cMCh10U8I0",22,514561,2309,410,353,8
"Rfc0EG63fRE",27,514479,7345,124,520,3
"I7iaVnFgH5k",24,514283,4164,195,1628,4
"7SabbyqFj4M",23,513890,5263,346,1508,2
"KYqFhcBlbMU",25,513484,1634,173,1161,2
"O41-YuW6Nek",17,513375,2391,143,595,3
"jgtLU-9x4nE",23,513330,9797,120,1629,4
"6-3llOWgdeo",1,513163,914,143,443,2
"9K9Im9brLRY",1,512677,6106,503,1758,2
"Cq0EVEgXV8E",20,512455,6167,97,0,1
"ExMuIYuLmZ0",24,512432,18402,126,2053,1
"9byT02VkzU0",24,512270,15706,112,3251,4
"s-PBegx1OPU",26,512248,20847,147,2902,3
"HBoFOv1KzZg",10,512240,27736,696,4254,3
"XHbh3-YRj-k",22,512087,2930,198,773,4
"YXeE6NE9Qw4",24,512041,9524,145,1169,3
"Vqdhx54_eRs",24,511387,7379,481,3944,5
"LuRVffwKlNk",24,510414,2571,330,2952,2
"t_7eEKqVvbs",25,510386,2813,781,3197,7
"6ff2Uqy7Rt8",10,509928,13860,183,2969,4
"ABt5zEAsxkM",24,509637,3677,477,6050,3
"GOpWAUq7Q7M",20,509613,5001,388,3331,4
"UeLwg1cIBYo",24,509205,2536,167,730,1
"3dtgUO0CImA",24,509039,9358,293,2830,3
"tZb3IHnivbU",10,508862,39451,358,5732,3
"4KjV-QHBzWY",24,508487,374,234,293,4
"AGShaNYQA9Y",24,508384,7175,262,1767,1
"XZ5dB_x5npM",25,508263,4805,132,1948,5
"mwHzgBY6mws",24,506221,2764,196,681,2
"vdXRUyWbyDM",10,505455,4058,59,312,3
"w3RWUlMIpb0",22,505010,1478,98,117,4
"4zvyj-q-GYk",24,504515,3136,264,225,3
"AhR3pgfO5lk",24,504127,3156,249,757,3
"gqGeniErel8",1,504094,1961,112,644,4
"LHT18NX4PT4",24,504045,11910,650,11779,2
"qwcrG0v2kFM",24,503927,3283,274,481,2
"Bv4oOrsR_FU",25,503746,3238,156,820,1
"27LCSpsVXb0",22,503413,710,570,183,4
"KbcHwOWs6BU",17,502607,1513,150,1247,1
"wo86If2a6xE",24,502090,2415,158,819,2
"88bjr_IZ6eo",25,501508,4171,288,1311,5
"64eVD1npqQE",24,501469,879,158,234,5
"Shj592l3Jqo",17,501102,2631,162,580,1
"pJAXFSkvmfg",1,500972,14965,407,7454,3
"4-XEkoBrc-M",24,500966,14228,297,8561,1
"6mSvM_a2EV4",24,500636,3132,242,437,1
"g88o3bc6iuw",24,499966,12429,171,897,3
"Gso_MizR9oQ",25,499959,1234,274,898,4
"L-IA02CGPhQ",17,499799,833,126,1100,3
"7S-O_tZYnGg",20,499770,10468,214,1237,1
"5lejVMV7QYk",24,499362,8125,464,3406,2
"pmUZeHmAu8w",24,499245,5188,870,4682,6
"eQU-R5dqP-Q",22,499189,19453,122,1102,3
"PgDagfn4cu0",19,498940,1188,68,611,4
"kDbpcnAvdRM",22,498553,7133,391,1919,2
"xIRKLaIrd4M",25,498503,4734,173,1225,5
"6jW4QmfN4Yo",20,498316,17396,329,8093,1
"VF2ADI5agOg",23,498073,7110,220,1866,1
"4ablIAMYzYA",24,497985,8808,319,4271,1
"_X5TPoW6kbU",24,497893,420,1295,385,6
"W3Cn68z_tCs",25,497700,2221,486,3561,5
"AJPUBkhMimk",22,497645,2395,416,973,3
"qezVR_vtpDE",23,497606,13888,346,7859,3
"SErTVxjn9sU",10,497045,112582,237,5443,2
"HGwJwn_Wbaw",22,497020,1323,80,183,4
"oNfY6FxrBXM",24,496830,2695,321,2375,1
"bfDdictTKnc",24,496732,693,600,39,2
"nMLCy4BZ9Ck",23,496387,9953,214,3495,3
"5Zj1NaOWDQQ",24,496354,1460,490,2088,2
"tatJhPX5ey4",15,496024,12057,82,716,6
"jif9Z_g_pN0",24,495759,73058,178,4827,1
"AKDuAzSwaPI",25,495736,7329,617,1107,10
"Gb0xyCUf7SE",24,495226,15143,292,967,1
"LHvY_v8SUi8",20,495198,2947,95,804,2
"IU-LmGOIXtg",24,495000,6089,573,1484,5
"OfV0qDQZoO4",22,494777,21194,102,2313,2
"isxYj0z-WV8",25,494495,1581,1361,1229,6
"P8eX_Au3Zbw",10,494185,1128,72,54,1
"1Uji5ZYaQp8",25,493769,788,276,102,1
"x6SPD-tHj2w",29,493579,752,102,2527,2
"N-jFs9o1VJo",26,493258,10738,229,1534,5
"e2V3nUf_bFA",24,493083,1927,244,1167,2
"ZvxKUxoFQuE",25,492998,1984,72,468,4
"n-vFCmP3FlA",22,492870,1008,375,3137,4
"_UxacLm5Op4",25,492586,3566,940,1310,4
"hpJW7vWHGvU",25,492022,7249,491,1238,6
"L0tCiXRFoYg",19,491927,315,40,124,1
"9LkGvRNS3WE",25,491841,4255,72,1094,1
"25s8610IrRM",24,491586,11127,221,5103,2
"EXRPKnIdlIs",10,491142,32708,270,1048,2
"Cekcq2yaa_k",24,491070,8904,154,1732,2
"3B8zEkJK5Kk",22,490955,8209,1512,4449,1
"3jnQW-KrQTw",23,490840,10868,307,1075,5
"Xb6PWdHCkyc",24,490745,3210,93,344,1
"imdyc4kqlsg",24,490433,1847,245,165,2
"pte0VKRmk78",24,490333,1109,107,440,2
"YALpKEGLt0s",24,489986,2511,62,301,3
"mWwXxlz3DrM",1,489739,794,83,519,3
"YvRQ4CfYtIU",24,489560,2202,231,832,3
"KDwZj987bVc",24,488733,7278,274,473,2
"czKbdzfLij8",23,488727,2492,432,1043,7
"hO9hUjbOIvg",22,488576,1435,366,1269,4
"xvmXMAfJw_U",24,488468,1262,775,252,2
"F7d2uvHvakA",20,488446,5880,139,700,3
"hL5uN0KMnmo",25,488385,1258,407,1676,6
"cZHrojCjgbs",23,488235,5187,679,2639,4
"oeeSViZiC4Q",24,487910,2578,385,518,1
"UJ2xVwsOXPs",22,487576,3681,127,234,3
"41lKA1oqkUc",23,487351,9416,286,4218,3
"XIVpETgWE1M",10,487077,2419,86,819,4
"WIuM_qZ3r7o",24,486730,3566,99,456,1
"AFSD5PxoYsc",17,486670,4165,103,871,3
"1FlZ41TyU_s",24,486577,2925,181,1347,2
"zAW-YdxuYcs",24,486369,957,304,1281,4
"xNul2uJVExw",24,486350,1304,275,829,3
"iWpyUt3yBHE",22,486338,3371,187,325,7
"jHwAWiOC9Cg",1,486267,1778,178,843,3
"rir1TgoB_8U",23,486153,7494,225,1833,2
"_FwpWEyuNZ8",22,486104,867,408,377,3
"BVIqsb8rqKQ",24,486029,3523,240,628,1
"3c07UGowPMc",24,485955,5502,137,1881,1
"CHBFLG9aYz4",23,485825,9167,215,832,4
"4fKXT4XWAqM",25,485548,2005,341,3888,1
"dvtVXwcIBpM",24,484514,1611,249,514,3
"ofqxVsLezAw",1,484369,3293,190,571,4
"M1EjeWdK94I",23,484308,14049,105,1366,2
"Y059sNpxyyw",1,483940,4297,107,579,3
"_vBnTTyrw9M",15,483555,6396,66,796,3
"e8EMFjqNE-E",22,483410,6457,162,693,1
"OYQGNKlM_6I",25,482764,339,64,503,4
"4VRjAkzHOD0",22,482755,2069,298,3093,1
"v88zQP1E5Jw",20,482698,2830,393,1278,4
"Vct92zOUBe8",24,482598,9100,243,2435,6
"ydb3VBiISUY",22,482541,964,610,1412,6
"orSVp0mMxRQ",22,482190,19691,112,1226,2
"zRUsfSK6Hxo",1,481806,2265,134,367,3
"EiFKas0cxqs",23,481769,1967,201,607,2
"XL0XdNicdtk",1,481067,3489,145,924,4
"iL2lI51vv54",25,481011,2324,475,816,5
"wUXHxNROfU0",26,480920,20627,375,2618,2
"SinNccFQlEg",22,480456,965,581,286,3
"O26gWkdXEvw",23,479378,9069,556,5189,1
"nW9UfWPJImE",25,479310,2016,366,1695,1
"VLwlIMT6uFw",25,478788,1906,614,2817,2
"00VSjrdHm_E",24,478248,1278,195,875,2
"MhRGAbGsR0I",22,478214,8538,72,1026,2
"YNYjwzvwaU4",2,477825,334,61,204,6
"5Zs7LpEm-2A",24,477637,4696,227,430,1
"ni7g68L6Ztk",24,477533,2401,112,229,3
"aibVNu7fBD4",24,477386,10720,122,2318,2
"gLeBhr_p1D8",24,477098,9056,346,4064,2
"QRaY2RDEtxM",24,476683,10003,368,4169,3
"WgAk6HHwjPo",20,475833,17800,225,7675,1
"R2NRbhc3T5M",24,475717,4832,358,1986,1
"DCBaKeMyhmQ",1,475575,4288,232,380,1
"c9fSp5we6w4",10,475298,43530,568,4652,2
"8zPySrvhq7g",22,474988,5685,220,1346,1
"2W2jnlygA08",1,474742,5852,689,3210,4
"8F__kQvxZws",24,474693,6813,484,4224,4
"oVyuZ-hFoXk",24,474660,13337,1031,4901,2
"ZHVmMVg74uE",10,474597,0,0,5823,4
"Tbq40Oo_r3U",20,474398,18064,1099,7881,6
"xnfIIYFDgKY",22,473759,3230,347,526,2
"2pQ4MYr3148",22,473707,9671,746,6578,3
"sdAiDYWSwrY",17,472573,2311,70,305,4
"TQ27B36ajYA",1,472471,2536,288,539,3
"xpKSfDZmsjA",23,472461,4958,273,939,3
"sbUoNV5nxbg",24,472441,5054,773,1592,5
"thx_2E-KJLk",24,471860,7207,512,1394,2
"QKtHufXng2Y",24,471323,5332,54,407,2
"G3xWFEo0z0w",22,471187,302,348,183,4
"UwNSxuSju6o",23,471011,7209,284,2330,2
"0X9d6LYhH_U",24,470928,9020,522,1104,2
"TeY3ijusHns",24,470875,803,282,2235,1
"71WwEu5wl6Q",17,470378,1172,93,903,1
"gu0vKQPfpXI",17,470337,1627,155,389,2
"CKXJpAHE6-8",23,469848,5263,185,1937,2
"lNdPYgNJkdY",24,469687,2146,120,857,1
"jNxLZVf5xIQ",25,469419,5664,558,708,4
"qIH4jIgFYl0",24,468853,4693,562,936,4
"bYmUQ5wic8g",1,468801,1915,95,452,3
"rPBmOvJSVp0",25,468673,2173,292,0,1
"YMy3vrIs_A0",24,468538,432,226,945,2
"60W6JgQPZwI",25,468527,764,844,1742,5
"nRI5vfGsgTU",24,468410,8244,383,3306,3
"FpzzGSzjFoU",24,467949,2143,472,836,1
"H45MIjfFwk4",22,467580,2810,174,233,2
"iDdElhzVx_c",17,467546,542,83,899,1
"m8Zp1sIDBsk",24,467293,2752,247,441,3
"5L1OsTJCrz8",24,467095,1352,103,132,1
"_vYaYOT_6yA",22,467066,367,555,224,4
"O1TvjNGGziM",24,467014,4495,734,2043,1
"g2D3wiAn56w",24,466932,5260,104,664,3
"sZqZgEEB5SI",24,466880,464,275,438,3
"mGuYJ4wc-xw",15,466783,11498,156,1993,6
"Fv8GmEPR1UU",24,466096,2422,281,621,2
"OtzmoriL32E",26,465732,2756,372,0,5
"9o2DSlO65Kg",27,465467,3486,133,774,4
"jrfMmaClaxk",17,465443,2907,76,2190,2
"u6Ykn-dVEZA",10,464649,1387,176,156,1
"dHTY908wtPM",17,464041,1033,111,394,3
"SCBx8UBB39w",22,463763,2651,96,317,5
"KWThmTNitcY",24,463477,702,143,212,3
"v4Y_yu724-I",25,462256,5237,277,1545,4
"VnfSnBGSy3k",15,462100,6691,84,534,3
"3M-P9r6aAKs",25,461910,1298,683,2365,4
"gnkLU0oDLrk",24,461743,13007,271,5097,3
"9YTSxL3R1d0",1,461738,4092,73,344,3
"3jHXYJV0Pqw",24,461251,5513,82,798,2
"ceJ2ohucitk",1,460945,11322,318,8244,6
"1BQyp3IW09E",24,460674,923,841,1122,3
"c0zJrHvW8K0",24,460397,3157,654,1113,3
"ado7So5eoN0",25,459805,815,322,207,5
"_sEd80T_0HE",24,459746,6005,209,398,4
"Jebm1hpPUjU",20,459495,27763,255,65624,1
"ltDgFJza9w4",25,459297,2568,261,4279,3
"RyY5QR4SM2A",24,459057,1244,167,61,1
"e6XEPa_fZe4",24,458495,8096,341,3678,2
"g9oE78zsiUs",17,458237,6218,158,2685,1
"lnii-ETahc0",20,457780,14337,323,3542,1
"fs-J-jv1ld0",25,457300,1214,599,1105,5
"bOMUO2gIYNA",25,456609,3512,69,941,4
"WqyKo--2vY0",24,456355,4340,73,396,4
"EwUmrmEffGM",24,456219,1524,429,1624,4
"syah_vX6HrU",22,456081,11248,288,3812,3
"Eh-vRKOecPA",24,456074,2697,272,698,1
"NmN_tq6UNQU",23,455995,6595,128,2290,3
"gd_riOA4TcI",24,455680,2365,316,732,2
"mTwn8_LaaAw",23,455635,7408,454,1154,2
"6MXuNI7fsV4",24,455430,307,326,245,5
"M6SncJa4W_k",24,455250,2211,285,547,1
"i_gQotQVV4k",23,455194,7854,102,927,2
"MEVFUIS3zqA",22,454731,5094,241,1185,4
"V-tTea38o6s",20,454365,5133,72,1478,5
"hPuH3Z4g5Ts",24,454299,2528,277,517,1
"X2ugyDA_cMA",23,454047,8470,217,3112,1
"0nk7q_5kTDw",24,454045,2880,71,391,6
"EHqKKPxzdr4",22,453980,1370,261,889,5
"ncrFh4ffJZo",1,453827,1734,46,967,1
"Yz8okjb13KA",24,453761,5858,178,805,3
"3gaah7PE8bk",22,453250,2852,151,738,3
"fgPSWDwUsIk",1,452779,2947,80,790,6
"OpacnOve03w",20,452554,7042,489,1672,5
"lYWbyMTxi2A",23,452539,6631,214,1542,2
"DjE3QERTXAI",17,452443,1358,119,1119,6
"huQD7AaftmU",24,452348,8903,245,3577,4
"Fvr_F8YwDO0",22,452217,6689,338,371,2
"XZmvI4ITPWA",1,452173,7218,274,1371,4
"BJd6fwCmG1k",25,452061,612,3797,5457,1
"wFMa2h6dxlE",20,452049,2445,185,553,5
"jP2sdAPl3Cg",24,451816,5487,65,453,5
"pyvAp5D2BL4",25,451738,4615,723,1465,5
"rucWeEnSWeQ",24,451709,2420,411,527,2
"qsbIC2NGz5w",24,451677,13105,279,11918,5
"Jy7axqA5C3w",17,451092,2295,141,1452,2
"BLI8ZNjxfj8",25,450844,372,140,495,4
"OiYDoS3sF_0",22,450713,1757,196,1182,7
"tF2Tsy8q5JY",20,450243,11204,218,6616,5
"IPXqreoJEyk",24,449799,2451,300,646,1
"KAyj5Xm1C64",24,449611,24808,93,974,1
"QylM6imaA1s",25,449446,4087,334,1772,2
"dJu35iuGqBQ",22,449316,2301,317,1925,3
"OVdcyzhPAVQ",17,448931,1096,117,336,1
"_j6UmCGZFU8",24,448761,653,124,335,1
"woBlvjPS4lg",24,448761,1154,144,775,4
"sxujGGnike4",26,448064,2949,234,922,1
"OdqALaQBnuE",25,447872,1229,214,1464,2
"u3MDouRnLcQ",17,447599,2136,134,401,1
"Sdkf8BfJe4g",22,447050,3112,164,305,5
"4_UwZ7P5W0c",24,447043,4706,168,400,1
"jP-gDdWBGRc",25,446919,1440,273,629,1
"kgC8S5jpqRg",25,446814,3871,242,1415,4
"uPs_A1gz6zY",25,446656,1454,1267,1756,4
"ny2Kb2I0MHs",1,446476,609,116,161,2
"l3utSB66DRw",23,446287,4291,918,3190,2
"swmVX3D1M_4",24,446119,10119,274,4043,2
"ExZuwxQ2Uxc",22,445949,5249,360,996,1
"Q7P44mLfe5U",23,445820,701,159,473,4
"0n4It3J4vx8",24,445814,2301,296,837,2
"hF58gJ-Wdg0",24,445798,568,197,137,3
"FyIs4nJMqPU",1,445655,2344,200,892,2
"0xcS_2ZdMmU",22,445616,13031,151,1194,4
"Aq9A--OSreM",17,445592,1219,138,25,1
"8dr3U3i3qy0",23,445531,4104,230,435,4
"93djXYUgdvk",22,445486,6030,176,580,2
"xo7eEMY98zQ",24,445472,7309,243,2701,5
"3bdXdBjrcV0",24,445453,9350,444,2450,2
"C91zdNbJhcc",24,445248,4291,88,1667,2
"e4OJDCaPGZE",22,445226,1887,200,779,3
"Qc2lLwbQbA8",1,445214,1670,107,225,2
"RwBWCYzs4i0",20,445197,4628,103,623,1
"pgvti2IrQiI",1,444863,1822,238,1272,4
"vIUy7KFerf0",24,444822,10266,558,2293,1
"tK0InKVZ4FY",22,444616,797,64,432,3
"I5heRWVbryo",1,444372,1345,85,725,1
"gfKLmKsOEiQ",20,444371,3934,1284,1641,4
"yY6P2_w7_lM",22,444039,275,730,161,4
"4_ERFNiszIs",27,443602,4291,191,590,1
"5pdwNHuGLB4",26,443154,11383,202,2364,3
"1Vl5n02598k",22,442983,22354,943,1254,1
"tdsj7V98MRQ",1,442803,13474,658,1679,1
"VzAsXYB3VDY",24,442428,1056,110,98,1
"9TNgLG4v654",23,442363,5372,143,1115,2
"e4qk3mFePo4",24,442294,2223,303,645,2
"dJMgHbDavWk",24,441445,3794,47,375,4
"JUe31MlGTKk",17,441343,1684,58,843,3
"JzWHWh9Sck8",10,441314,4608,162,618,2
"KeB77zUElhc",24,441104,2278,356,611,2
"Yhre1EvTBoA",24,440518,866,200,242,2
"wbIvPUGAFY8",24,440414,2182,247,550,2
"QNtUkPrzvtE",24,440365,7812,456,1706,6
"YfJTsK5NxOY",24,440276,2393,296,402,1
"tNZfJvS8DVE",20,439967,12418,955,4718,4
"GL3vfjtMxws",22,439688,6379,222,1280,3
"0VjtkkS8wzQ",22,439545,6124,90,453,2
"cyRBlfYlnNE",25,439028,1572,558,1334,5
"Z6eOl_FbFLw",22,438918,1984,65,717,2
"4rjOQwitBUw",17,438618,739,94,183,4
"YIxMvxblD5s",24,438527,12959,338,1157,3
"sUr4LntUvhQ",22,438350,487,262,261,2
"6q6aDmZpJh0",20,438232,9510,154,2060,5
"GcjM2vu2tb0",23,438192,10962,122,777,1
"hhNCaeECZRI",22,437990,828,557,1156,2
"U4NiepobtsI",22,437812,1353,388,729,5
"rHcN7wxaqzY",22,437776,8828,752,1864,3
"BrlstFOJroc",24,437520,5833,816,3984,4
"km3zPhBBrno",24,437088,2376,312,563,2
"UsdjIF2JXB8",10,437074,10986,172,428,1
"6Hfo0zw6Pug",10,436732,41743,560,1942,2
"Wyixoj9aoFY",23,436503,6597,188,1876,3
"vCTpJAquy_E",24,436432,1992,88,481,4
"r5ZoQ3ds0k0",24,436116,3363,82,1136,1
"_xFkfYrbQ0I",24,436105,1112,184,239,1
"plifzT_c3JU",22,436032,1884,323,1014,4
"4iJB52MX3d8",24,435989,2337,306,461,2
"B0v1Qszv4Dg",22,435705,7378,129,1270,2
"Vn3zvi0iOfs",24,435446,2276,261,714,3
"tywpjGA_HY8",24,435403,4375,145,717,4
"EVNW_QVH2XI",24,435332,2480,265,567,2
"v8YBvwjUXoo",24,435218,2992,1432,772,5
"TG8deFPJRPQ",43,435194,2133,191,1014,5
"2Y11Nw-nryM",25,435102,6849,276,875,3
"Kf3vUGO-DkM",23,434875,8522,206,2089,2
"x0A1gJLHcno",1,434833,822,87,348,2
"7uX7luFBJqc",19,434701,1136,50,499,5
"PxbJxupfdmM",22,434562,2323,133,366,5
"Q6TVhN0e9iU",25,434253,978,151,257,4
"fkJvMnNJDeo",24,434136,2614,265,450,1
"2rXaiXnGJXw",24,434131,11585,265,3344,1
"LeQ2-hCyJ7c",22,433901,2182,216,787,3
"RtueNgfm6MM",22,433835,4034,158,769,3
"xhgJgSO-2WU",24,433693,6157,132,1719,2
"TqHjiwOhxAw",10,433686,110112,246,5212,1
"wBuHp4s9i5M",24,433673,2413,310,520,1
"XsVE63q-Tcc",22,433581,4150,430,741,4
"Uh0Fn8NEYLE",28,433227,0,0,483,6
"nOUlB0i2MaA",25,433188,0,0,175,1
"F88OuegTykk",25,432975,2543,156,1706,4
"yGDS9XYdKnc",20,432782,10845,319,3179,1
"rJeaznOBsfM",17,432752,833,218,148,1
"REUsZeFWw5I",1,432726,4277,194,556,5
"Kgm-z6jkhsE",1,432701,4001,2204,4183,5
"hIeIxUOt5_A",22,432687,12129,180,4118,2
"m14po1IylcI",24,432614,1651,103,147,1
"eDn3x44exnI",23,432609,2316,389,609,2
"5id3-N0080s",22,432597,12409,154,2651,2
"q6RzN1kcLmc",22,432307,4980,83,325,2
"ByMS3iYv3zQ",24,432207,9188,76,980,2
"btyFckswNCo",24,432179,2494,277,440,1
"xV-GvghtbRw",22,431934,1444,59,256,1
"kLeBQWw11yw",10,431812,57302,256,5875,1
"fE7iXIwNvOU",22,431719,738,2144,1311,5
"zVgcIv_uHbE",24,431523,930,250,1346,5
"TRqtSyprGkg",24,431464,2876,70,225,4
"KvdcCTftuZM",24,431051,1120,255,483,3
"a0_pFTO7M1k",23,430984,689,149,606,1
"V9vos5wjWZg",22,430843,3597,156,783,1
"lfmafjxZjIk",24,430809,345,515,461,3
"cF1lcLwEyAQ",1,430391,1133,97,922,3
"2WKYd5uCKUY",24,430130,11956,248,5023,2
"nG-5ixWeuGQ",17,430060,1291,144,201,1
"9YbXL3CTfGI",25,430029,2322,129,2054,2
"6gnCcJ-vqt4",24,430012,2634,238,419,2
"nkErA3Gq_74",20,429995,0,0,0,1
"9OyzQmXxEv8",17,429826,5053,95,488,4
"2jnPEjILiRY",23,429732,12329,442,10126,3
"idKvk_6PWQ4",17,429409,635,367,1376,2
"xzzbOj87rq4",24,429374,2266,281,492,1
"od34pgBv3Gk",22,429214,681,520,363,4
"psZ_a2ZBuH8",24,428647,2801,311,540,1
"XbCpIEkQAqc",24,428523,2422,261,530,2
"Bx2jcCiuFA4",1,428455,2066,190,412,4
"kQ1ngzuHUjw",22,428406,5016,588,1181,5
"z1u4oaEY_k4",27,427774,6745,319,3265,1
"VyJNX6q_GOY",25,427742,1287,321,2266,1
"392c_vJYk3w",1,427703,2350,131,606,3
"1QOfoM9mhQg",22,427689,1621,41,304,2
"c7-77M5TZG4",22,427639,2099,59,173,2
"zh7GSQ9MVSs",22,426902,6211,211,974,1
"NDsjdgNUraQ",25,426793,3203,122,1321,2
"qgczWjgasdg",24,426689,2184,276,504,1
"_wMbFfUp4o4",25,426585,1742,440,2591,1
"9rXAJjkh9vA",26,426518,8081,102,1577,2
"VAZkB9XPtYs",22,426363,1054,105,222,1
"JbNXp17g2-Q",10,426357,3523,137,381,3
"w71VigsnuJ0",23,426219,9248,134,1125,4
"ByyjP18Am3E",23,425863,12937,261,4202,5
"vcccvoxCinE",26,425680,10610,109,965,2
"No59jZ2GvI0",24,425657,2466,371,543,1
"s5NxjgLo6O8",24,425649,7654,352,5516,4
"4uYNlvvbTCE",22,424942,35075,57,3076,2
"peqKe3HWwMA",24,424809,11188,79,1184,2
"QkjI9LW2OC8",26,424381,12875,164,1452,5
"YqXWquLUasA",23,424302,12598,158,3020,2
"LOPj5DGrR3E",24,424216,6844,440,2884,2
"OYN4JRPuEu4",24,423710,4001,296,2993,4
"JC-IG-tBctU",15,423484,11337,115,1680,3
"c9X4B0xK2Xs",10,422755,26583,152,2435,4
"85VsNbU3FZE",24,422587,2220,349,440,2
"FcQWmn-kF4k",24,422489,37884,86,2358,2
"nxgDrS1S3oU",22,422330,88,640,125,2
"KMC751qiSZ4",20,422295,2262,135,2275,3
"B8oBxlskn6M",24,422119,21072,101,684,1
"1Wp6Vy30lcA",24,422082,2538,248,543,1
"zoDWKuksEbQ",1,422013,1190,241,177,4
"0ep6grvDTTI",22,421993,4415,143,522,6
"r8TvReaw3eQ",24,421940,2384,285,483,3
"JFLMIq_NSHA",24,421938,227,57,171,5
"FhhDuz3IpXk",24,421897,2157,320,503,2
"XLSjzjS-pu8",24,421855,2385,284,620,3
"tFNhbfun_8w",24,421431,2276,294,522,1
"SNO4uO7Zxm8",22,420860,1709,327,528,2
"4S4I1cUK2xw",25,420797,955,447,139,2
"Mr96WTxPJ-Q",23,420496,7020,144,2093,2
"HTcwnqfMDAg",1,420068,1187,61,695,4
"kcBEbhEskQA",24,419773,2283,321,636,2
"YoItckKMbkw",1,419617,2824,100,262,3
"KGZsbyxNw64",17,419451,776,125,811,2
"7Brzux-olrY",22,419327,50961,50,2739,2
"gm_uf5jxaM0",24,419205,6409,102,1473,2
"Z8XZqdn4jjE",22,419189,983,87,704,2
"Wl06pfRgtBs",17,419024,912,209,6,1
"LNfsmXQS0-g",24,419021,724,242,1066,3
"BnU12_GMWBU",24,418404,4628,627,2453,3
"9ElPxFE0NUM",27,418339,1021,484,680,3
"CWxmxYvKi34",22,418108,19086,63,675,2
"Q3ul-aFUDec",25,418047,0,0,0,3
"a2zejT0gtOw",24,418039,4177,135,1006,4
"3ULbk8yLlkY",24,418009,2536,248,446,2
"H7s-HvvuPno",22,417972,3954,162,563,4
"NjL1g9V8b60",24,417804,2619,275,634,1
"HUCUpyUJVKY",22,416996,2631,561,4690,1
"aKHbqm-D62Y",10,416975,25911,141,1680,5
"b19_IqRgIEo",20,416664,13152,613,11220,4
"nAh3mfMOs4I",20,416654,4176,104,988,5
"4BJaURPCoEE",22,416617,1523,51,469,1
"zB0dDqZUDBk",24,416365,1813,162,1011,3
"3Fge0dJsL5E",24,416251,2279,301,506,2
"QHrBKVjhtQ0",1,416209,829,254,92,5
"E3H9svoXdZw",25,416148,1206,208,357,1
"3OJ_mYUmI7Y",24,416119,1732,93,150,5
"WYdqN-QssTg",24,416058,2472,269,479,1
"0aOEENT5EzA",23,415838,6703,141,1849,1
"Y1cIbzRvuKU",19,415787,5250,116,1348,5
"WahneOxSvbU",23,415695,431,299,192,2
"kDPlxxOHI3s",24,415493,1234,142,958,1
"D503z0qGrH0",23,415201,11371,116,1390,2
"IPzGBugg2jU",22,414841,11806,540,5424,4
"B4hl5CfHYZE",24,414822,929,207,494,4
"zmw4ycPcm3s",17,414783,1196,477,761,3
"3bEP6I2Qsvw",24,414653,0,0,1999,6
"rA6Wc-Qq57I",24,414349,3931,75,502,1
"nERHM1hNoRI",26,414309,4236,130,913,2
"K212mNU9nck",27,414289,7329,350,4269,3
"vpl75rroQNk",22,414251,810,65,151,3
"PmLfKvqVXWo",22,414063,2862,218,1655,1
"RLDcuAeOx_w",23,413710,8984,211,514,4
"5Xjt4mY0iss",24,413626,6110,315,2151,7
"4hevaRuOe_w",24,413504,4939,186,1260,3
"6H83ezxc6cE",20,413493,13088,193,1922,1
"RRO3g2GhxSs",25,413032,4139,521,1294,4
"f_cLK0A805Y",25,412884,3056,199,1737,2
"vAaTabxLiv0",24,412664,7549,185,3081,3
"AAz7XRUqsjY",1,412646,958,220,757,1
"q0gxHlLxyl4",25,412604,5091,415,1909,4
"z0f9BAEyIK4",23,412562,3551,748,1405,4
"vwVW7Zm-6aI",24,412236,422,1837,303,2
"qMro8g6mPyg",22,412157,33575,108,1524,2
"OlU18_C8WB8",22,412130,6889,97,717,3
"lKMDX5ZSjwI",22,411980,4330,187,902,2
"iFQKEFBT_6I",1,411909,0,0,1392,2
"EjVxsgKvb_E",24,411754,1433,72,123,4
"RzXcYL0-d2w",24,411586,2381,322,585,2
"qwex8Gu948I",25,411540,790,154,947,2
"tD9ya95mQik",22,411095,589,435,492,1
"Rb2zDQSWEuo",24,411089,2328,270,410,2
"9I5XXJaXfCM",22,410960,7248,635,2300,3
"Sh-VLZvTRRw",24,410949,2181,318,723,2
"tzU9rj0pSGE",24,410794,2526,334,757,1
"teVdIQ9GQuk",23,410680,13380,104,1758,3
"LYJ8YUZfjJQ",25,410513,330,401,415,5
"LcBdU4HBKyU",17,410510,1644,143,12,1
"_Cuiwn5Rh0U",24,410432,2761,166,991,2
"KeUwtlHb3ik",17,410161,1550,188,1208,2
"kTSCkVNLS-A",26,410062,26317,207,2020,2
"PZY5ih415-I",20,409822,6622,574,5754,4
"RlBGhCXhJFU",24,409425,1451,60,191,2
"OuFWqJcx4pA",1,409152,688,181,83,4
"7iM-fzhppvw",1,409068,683,219,259,6
"W0ZNbH2fXd8",1,408716,4281,255,481,5
"08aHWGZPce8",23,408623,3540,477,1889,4
"ZgRUkh_84DY",24,408577,2293,310,669,1
"jXb_amlCf5Q",26,408527,26902,193,1524,2
"SIXqGBz14T4",24,408527,12491,49,515,1
"_MvQqI0EFJM",22,408463,7998,313,287,3
"OJe8T35NoP4",24,408339,7985,823,18074,4
"UObRvwsS_54",24,408245,4274,279,993,3
"yPBwJfnrQ_U",23,407934,11238,126,1623,3
"jRNjLpWsI8U",20,407711,5186,100,2339,3
"FI9sAnlAn1k",24,407576,9516,175,1402,2
"xjIBLwImxPk",22,407471,5715,107,453,5
"n_n3LdiVYuc",24,407387,1136,144,115,1
"MyCxIk6vBUU",23,407205,9542,130,1055,4
"wE5d1Vnw-eU",22,406645,903,276,282,7
"SqlFnVGZw_E",24,406624,661,282,223,4
"MF43dPRKR98",24,406360,2274,280,343,2
"VB5wGaO9l80",25,406339,591,308,239,3
"GiuQ33p-jEU",22,406233,5289,359,1154,3
"l54hatrZkQc",22,406213,26818,161,1071,2
"myrjlTMcAnA",24,406088,2445,255,689,2
"PCIrRCV9O38",25,406019,2390,51,272,3
"sWl7gOzX-JY",25,405696,2483,226,0,2
"R_QAU_9NoUY",24,405177,2639,226,1487,6
"wE87_16KXio",24,405164,1954,288,1022,5
"fegVbLbXz5Y",25,404853,1855,115,513,3
"bSoTpKf3czE",17,404588,1995,148,345,5
"10MrYenvwqg",24,404114,10307,136,1970,2
"oQ3NkIXXws8",24,403993,2461,246,459,1
"_GQ2ymrME2Y",23,403807,1114,65,154,3
"iUu4pSqcVXc",22,403785,1594,112,309,4
"bZJvNaOjfso",15,403714,9059,198,1368,5
"havaEdf1xE4",24,403413,4641,95,605,4
"yRMUNptyTag",24,403362,1601,123,235,2
"D1hUltEysIw",10,403184,1935,126,1839,4
"9RYkdsaMdq4",10,402892,36425,201,2134,1
"rU1SRFnsklw",20,402670,5966,272,3735,3
"UJnLyndEcMg",24,402490,1797,177,1106,1
"qTaTQezbaog",24,402209,2212,134,731,1
"d-LSY0Wy1mM",24,401920,398,121,25,2
"ay9sIfSVqMg",25,401444,2956,410,339,4
"8rRYMjmAQVU",23,401263,6688,166,1957,4
"ig5K9po0Xew",25,401050,6165,452,259,3
"8L3Z55rIBkg",22,400908,8971,147,4101,3
"STjoyPs03vY",22,400722,8027,355,2620,4
"VZ4y33jOjng",24,400588,1175,72,180,1
"8WKV-iYdrlw",24,400537,2536,239,459,2
"Nkfm8jEqSkw",24,400375,588,83,261,1
"G5Vyhk_r4cI",24,400263,1154,196,429,3
"VQtJHHI3qMo",15,400212,4892,86,551,6
"ZqaNNdzZQok",17,400109,601,75,586,2
"D5tett-Kb6w",10,400107,63823,96,3632,2
"m5fJnpebugo",10,400052,24307,102,1169,2
"6Oxp49EtodU",24,399850,2243,265,513,1
"nt0CMsgiqfY",1,399662,2487,101,586,2
"A8Ccw95GJUA",23,399325,0,0,551,6
"tulggA-jGgY",20,399276,9975,475,4659,5
"sSLs1EoPFu0",24,398991,2478,260,446,1
"BgAnuw_3Q6A",23,398989,4762,171,1678,3
"hWVBRyDA8DY",24,398868,11730,183,1712,2
"ZmukHjCZL3w",24,398646,233,366,422,5
"AG0hEVlZB0I",25,398308,1290,153,798,6
"saAJpmoonjM",25,398303,9676,1205,3915,4
"_YpdYwb4A6A",24,398228,1513,124,905,2
"pwdMi3CDt6c",23,398064,8326,173,3260,3
"1rG-G1_OjjA",24,398024,3405,142,959,1
"khkMVkUPeRA",1,398021,1177,57,490,6
"Hy_lECMJ22A",23,397831,10125,142,5596,6
"iZN5pjgM0z4",22,397751,9392,808,2398,2
"8ejI0_jUXGg",10,397592,62772,149,2522,2
"jeUVxVbXTYo",24,397494,6641,209,3595,2
"eCjVEGXfWFM",22,397380,3936,275,811,3
"xQLpvtuhPCg",23,397343,6216,284,1565,3
"oUUX1zqumYk",22,397318,3532,58,181,2
"mpSpcyH9hD8",24,397192,1523,83,201,1
"1xRjsqTF3NE",24,396909,8324,207,739,2
"jGasLbM4798",1,396908,0,0,198,5
"xDpqbb2FWaw",24,396688,2277,243,1165,5
"seLfyCySVl8",15,396444,10304,110,1885,2
"HHUFH5hVsec",24,396256,12502,108,1443,2
"H1OF8Yq_5X0",24,395744,2458,246,480,1
"t5dlWl7YU0U",17,395603,1257,122,535,1
"93R84dRHi4k",24,395228,2377,278,412,1
"Afeh9yPL9qA",22,395191,3820,388,1687,7
"nnm38bNQfYc",24,394734,1783,185,1379,3
"cjAYOz8vaD0",23,394674,7186,752,2316,5
"TQOOGn7cNTs",27,394548,1492,71,377,5
"oYwRuBrDgNM",25,394542,1024,280,1937,3
"AfH5mZBEfrQ",24,394534,59441,442,6066,1
"DzXT6U7z08E",24,394529,6469,358,1230,4
"LaM7DlSFvts",25,394315,1965,347,467,6
"WuVe3Qylpz8",24,394140,1066,194,576,3
"7pxJXNMlsNA",23,394074,500,130,155,1
"P8jZqh4Az90",1,393775,2014,282,1560,3
"h5KEg_ZJwDQ",24,393643,7647,157,2841,3
"aIyTslKgRqg",25,393095,1923,612,9070,1
"pCb8W9GscQM",24,393052,2231,277,380,1
"tf9hkGofsyo",22,393000,1261,87,442,5
"RK3u3tuTPP8",22,392951,8296,594,669,2
"hb0qR8jL6aU",20,392915,0,0,0,1
"rmXxuWUxAp0",15,392892,670,107,211,2
"sEIgY7y69qU",1,392869,998,155,153,3
"C1nYy3wNt3A",15,392793,4011,87,385,1
"KgDgNfpdaoY",24,392632,2226,316,566,2
"640eC4eh8Xc",24,392426,2338,103,348,4
"1w_aNkn926I",15,392396,7839,74,1034,5
"wrRw_G4yQeU",1,392222,1661,208,302,5
"tranxI3uYT4",24,392218,2185,231,307,2
"dBAZfpPHMXw",22,392080,5327,191,672,3
"xV1wF15wg0o",24,392072,5757,171,2811,2
"Ck1dNXS1B8I",15,391934,8724,117,1174,2
"TR2p2EIvwUM",25,391769,1666,221,1069,4
"X9LFu2CdL3g",24,390891,936,130,446,3
"gYH0vWLRaTE",25,390665,3826,298,565,3
"gsLJ9J4UoPI",24,390513,1921,735,1633,4
"P8wiL8fgvSg",24,390438,6081,265,936,2
"bGUu-V8g0Mc",22,390394,2035,106,1106,4
"jthG1a509tM",24,389835,1580,141,999,1
"fj8Ul67aLgc",23,389823,12424,111,1501,3
"bdsjXtyqyUY",10,389723,8195,189,1738,4
"FgTEbEqaAZU",24,389639,6478,438,163,3
"qNOq46L1joQ",22,389588,15296,71,788,1
"uzrRY4FEoNc",17,389469,940,64,0,2
"98tQa2oR4Ps",22,389383,1385,34,109,1
"mYVHze1HYcU",23,389238,5727,140,2269,3
"THjtiDGosFo",20,388470,1063,183,20,1
"OKAl7w2LqH0",23,388344,6763,97,652,4
"ccZb1k7YXrE",22,388304,28734,121,866,1
"3iU2aA8v8BE",24,388019,2181,233,447,1
"Q6sRjxZKX6g",24,387980,1472,417,372,3
"FedshYxb-KM",1,387869,4097,111,780,4
"MjEOjEroTTQ",22,387839,1386,148,832,3
"xfxUONyhM3k",23,387529,2819,764,1464,1
"t67iXC8vtNA",28,387163,57929,249,3997,3
"Vh4HDhfKySw",17,387139,1052,67,522,1
"HoLlGz7jwdA",24,386960,654,595,85,2
"5PGjEnrcWU4",22,386882,6814,325,2504,3
"RTLuSeKEFcE",25,386799,1970,435,0,4
"qwlluYzBwxQ",23,386631,698,89,248,2
"8296Q8J7yQU",1,386592,715,169,135,3
"pS43WxtjSCY",22,386572,8134,62,201,1
"_XOE61kFU8A",24,386434,2587,307,830,1
"6e7A8ifkXY4",17,386150,2387,168,697,1
"nJL83vHKvHE",24,385889,672,166,367,2
"FwIny5os3lc",24,385813,2671,103,651,1
"Kxcq_RLVzDc",22,385771,877,129,143,4
"CVEsBs702yI",24,385712,2326,276,553,1
"XUAxgRQJY3I",23,385628,8422,324,1290,5
"z2bXjoIeYZg",17,385453,859,180,1483,4
"e-vEHy2rXFY",23,385082,4861,178,1527,3
"Khs3U-JWBPY",24,385075,586,268,480,4
"1dj3amCNGF4",24,384460,2414,85,369,1
"x86S_4RuBrk",23,384247,6602,183,8073,4
"mcpH7MWlC88",1,384228,2689,105,366,3
"jjZPgZZTBVE",23,384189,3463,99,670,6
"NF2fZ_ADTb8",20,383769,16003,180,7528,2
"jYnmyuydIdE",25,383213,6246,256,939,4
"JOiEXPUwoLI",24,382802,7825,139,1411,3
"jeeQUq8GStA",24,382706,835,233,203,5
"sek3Ij2616Y",25,382592,1080,509,538,3
"gjQ1Brofle8",24,382512,2299,285,2361,1
"MpjXlynluGk",23,382458,5166,112,1652,4
"r8ojd0SDkqg",22,382263,2349,107,801,1
"x9XrkTbbmxg",1,382190,2727,271,1710,2
"QjZR-cwjDRk",23,382032,5115,139,1022,1
"BX_2Q_dMCe8",22,382022,1166,106,296,1
"mMjJWvzCq9U",22,381811,1199,487,726,5
"3mDdEPw1Ea8",23,381777,4049,308,972,3
"E9cWR3B6-BA",22,381510,820,121,231,3
"QCj1ILds1ck",25,381284,502,149,112,3
"WLT1o6xCEeU",25,381227,674,3500,4455,5
"qzZgl-VTRd0",25,381083,2021,55,347,3
"RXqn4PaKBsA",23,381063,14607,101,2992,2
"E6VgbW6ZzV0",22,381022,7449,463,1259,4
"ji5-NR6UYFk",25,380992,753,489,890,4
"nG-exf7Y1Lg",23,380916,6883,148,1303,3
"Sl9qTkB6gHQ",24,380884,3422,354,1079,4
"TPDv9hgJ3ZI",10,380754,71479,120,4672,1
"xyyhFHWsQhA",24,380662,2206,406,637,1
"oa8ret6x5y0",24,380597,7536,829,1301,3
"fHsmq3uD1lQ",24,380484,338,490,290,5
"4svWIxczDyQ",1,380361,1890,163,520,3
"wVTMhVriFyk",1,379983,1284,58,566,3
"AzBQiBBYV98",22,379641,639,92,304,3
"NaDCNVjamQI",24,379564,460,237,866,1
"GNwgwNa5tIk",23,379324,4518,258,1304,4
"DJAdIF7xtD4",22,379324,0,0,717,4
"TGMhwSmvsrk",15,379226,5834,97,564,4
"XjlXWw9cq-o",24,378888,950,120,718,3
"M-rWK-vV76Y",22,378821,2035,81,784,4
"Bus7yT4lBIU",24,378795,4017,212,1148,2
"Z33yJCOOekQ",24,378553,31141,111,1818,3
"Gr03DMIekgA",23,378548,7591,159,1053,2
"5ZeUlvdS16A",24,378419,1394,322,396,3
"CvROREgcxPY",25,378328,1008,353,1497,4
"S_BA4MP6x6A",10,378193,1174,161,1144,4
"YTCiB7YpMdE",20,378136,8393,734,4264,4
"fz7PI14X6ZY",24,378099,9166,178,5051,3
"87D5MPCEJFI",22,377931,2214,489,1411,5
"gHB0zS3awwE",22,377922,1540,103,385,4
"ZDvBAyIK5xs",23,377611,9897,243,2471,4
"zSc0ur7gPEo",24,377480,2199,1153,1554,1
"m2qk6GaPfTI",25,377097,1569,516,2196,4
"5kosHMYVc38",25,377064,2476,232,703,4
"vHdEl9deG4I",25,376768,2174,210,1134,2
"fhw_norWpgU",23,376767,7191,111,451,1
"qjOyhvS0Tk8",1,376727,2524,161,361,1
"z3KIMpvR4co",10,376572,52094,135,5165,3
"6Qh2T9JgMFM",22,376193,10964,497,9031,2
"qvFxScv4Fus",1,375428,1334,47,940,1
"Wfg2tclBraQ",10,375419,21844,216,1747,2
"fZAqYDDjxlY",24,375309,3991,89,448,3
"Row13z_oHs0",24,375164,2383,323,688,1
"sDuZ6Mpof2Y",20,375037,12035,265,1318,3
"8WeR_iNbIbA",24,374686,5757,274,3429,4
"M8W81fNjh8U",24,374620,2535,220,1146,5
"egcKyAl9Ryg",24,374522,608,338,18,2
"g12naIkXFRw",24,373946,2012,52,169,1
"1ssYxXG7e60",24,373340,5742,48,1342,2
"ZelSXiDIWUA",25,373313,706,82,2150,1
"Nuat6Hd5af0",24,373193,2799,105,169,4
"KkmsbHLxQo0",22,372768,1207,78,201,2
"rjJwk7c9zaY",22,372395,796,178,600,4
"xUyCd0xd6HU",24,372067,9792,198,2701,2
"JDvs6p1w7l8",10,371823,1256,92,1109,3
"zhynxnOkxQs",22,371650,3379,38,498,4
"pnW_2irBcuA",23,371506,3733,72,679,3
"NhQUHPSQz4k",1,371272,1439,102,870,4
"7H0zmM4m3aY",25,371213,747,317,606,2
"nAB28J10WRE",24,371198,21365,91,840,1
"mGVfffqdf8s",24,371090,784,286,606,1
"R740niISpq4",15,371000,3400,108,770,1
"WMFW8Qb-7u8",22,370946,4206,172,812,3
"gorbavNTmxw",24,370661,4082,240,1196,6
"I1uS35y0pz8",24,370546,4086,317,1040,2
"i5LcGcoz7g8",23,370532,1541,61,151,4
"D5Jt_9-SGgs",10,370525,22416,131,826,1
"VDJFCP14d6I",23,370218,6700,187,1322,2
"hm805v_SOQo",1,369977,1473,96,590,2
"M0-fH_lAn-Q",22,369891,17408,103,1271,1
"F_p8ZmWytvw",25,369749,598,328,628,2
"HIO1ai5iSZY",1,369565,1416,202,297,1
"RgcMk87MDyw",24,369298,1947,103,602,2
"l-y10iciVw8",1,369193,857,92,606,2
"J1QcfQ3rG9o",24,369163,7147,198,2151,3
"Eozje6Fp9DM",1,369086,4377,97,340,4
"uJTDJJ3BgMQ",1,369080,790,50,584,2
"OXos171S0e4",23,368988,6303,272,2036,1
"dPMqNCAxpMY",25,368524,706,639,692,6
"6eYTqqc11IU",27,368519,11039,62,4166,2
"B9uILE6SAgw",24,368361,2154,88,805,3
"PjDv_3QAT3Q",23,368234,6942,98,742,3
"pZoJ_NRZ8fg",24,368225,9164,348,4050,1
"fBLEHMuEgB0",24,368140,25979,81,1169,3
"eN4h6Q8uTQ4",24,368129,2357,258,2096,2
"rD8iXrvL2EY",10,368126,26336,132,1231,3
"yhp6oyvQ_tc",22,367962,11418,164,1531,3
"F6Iv7kgdKkg",25,367813,2291,359,1395,2
"8N4GPiiDKSc",17,367602,1408,91,496,3
"79qBm1eW8eg",1,367567,2476,97,346,4
"pUbrigDMV3A",15,367565,9785,123,1484,3
"vHR4KluEnWo",24,367536,7511,185,3081,2
"Rp05E2lCH-k",25,367360,773,186,345,1
"RhPQu8_TkYM",23,367332,5667,401,2780,2
"dmgpU-OFjaY",22,367214,3057,61,532,5
"lJT-_HcNSaU",1,366925,6955,350,2250,3
"HD6FkYOMmOg",24,366778,7790,118,3838,3
"lwAKald7hMc",43,366330,1247,128,647,4
"-93LchHq_zY",1,366252,5833,178,1576,4
"FOPRUDMwPoo",25,366203,3949,336,515,5
"TcjU0kE34DI",26,366155,813,57,481,4
"_sip_QsUfvc",24,365684,11188,109,1313,2
"WXG8eX1yctQ",22,365629,1028,85,471,2
"4vBpzkPhmtI",24,365459,16002,75,1044,1
"Ox9yoPDtKos",22,365443,12244,676,5779,2
"eGqXX9EBx1s",23,365368,4750,156,984,5
"0ioIchKIP8w",26,365366,12086,155,1335,1
"8S0iH0DtfVM",10,365227,10457,135,965,3
"Mw659uyfHuE",23,365191,4612,53,358,6
"qy_SKOVuE14",24,364805,9732,191,2774,3
"GvIkv1JsiTk",10,364699,6153,207,618,1
"7Fs0ob--RKs",23,364683,3793,415,1150,2
"HLMaxfFzJX8",24,364580,868,168,1619,2
"YL211gvSyFM",22,364421,3597,223,680,3
"1KiXYBvGJzs",24,364294,12942,156,1284,3
"L1gb7p2rzF4",24,364175,1598,281,597,1
"vXDgi8z30Nk",22,364115,8891,42,486,3
"h5ahwzcK2uE",24,363774,2109,107,1500,1
"kX427cQWaEk",24,363506,8189,246,3041,3
"rRJbs19HlCc",25,363241,930,419,1033,5
"8iTzf61aSbg",24,363001,2174,242,566,1
"0UyMFVonBq8",22,362701,5307,68,556,4
"lbQsYpzUUHw",17,362620,7671,145,1665,2
"GpbSwXJwuow",24,362519,7814,196,6114,2
"DznwpbhaxRw",24,362413,5838,144,1913,4
"Dk4fVySWUJQ",22,362330,2336,101,237,3
"uHzmItZIqOE",24,362023,5762,196,5645,3
"ZKW7VUd16q8",24,362008,7673,97,987,3
"2VbXb5H9YlE",10,361721,8785,266,772,1
"KzkixAbpvfw",24,361532,1572,347,1239,3
"VUZ8JTTaFDI",22,361453,4429,120,934,2
"fipXclM8C7M",24,361313,20476,96,713,1
"NIV0cNk-FbQ",23,361209,3074,94,324,3
"O3xpjWlWvig",24,360983,5618,412,8746,2
"S85_lpheE-o",24,360651,4487,73,671,2
"FBusJ122NL0",22,360270,1652,333,842,6
"iaoKqyWvM_4",23,360098,5543,119,462,1
"IZuQLE9ERhs",24,360072,0,0,232,2
"B_KLO-ipWhI",22,360042,8302,637,2869,1
"rU0dYxYbsuc",17,359958,827,84,0,2
"drWAVsTuwsg",23,359910,5236,130,3421,3
"6CsMkBzLlwk",23,359408,1667,322,487,3
"3AAOP1ocLR4",1,359295,3543,95,1083,4
"_nRxYCRlLKo",24,359000,1845,67,484,2
"oIJlF8-GrNk",24,358753,2192,253,425,4
"1U-6OLhZ93A",24,358576,591,218,833,5
"6VuFn5Gl0OM",10,358526,8794,72,1028,4
"PrUJOtosARA",43,358440,2617,38,207,2
"WdPxPlk06bg",22,358198,46742,55,2271,2
"nnCZDWpfTLg",20,358187,2707,727,0,4
"Iryl1ZxnMso",24,358145,6761,45,2171,2
"ojt2WM9GJ4g",24,357875,2136,363,558,1
"ebZI-oXEn6o",24,357869,7448,289,3748,4
"4dS-fuTLYX4",24,357637,1368,54,124,2
"XcMirVh9zu8",23,357550,4548,135,2562,1
"HSI6DYSAZ1s",10,357509,1874,76,214,1
"RRxrcnqSsP8",24,357481,5691,255,2273,5
"ySmuPu5E3HM",20,357091,6368,134,0,3
"dFwNHY0Fe1g",24,356846,9813,216,2592,2
"0LO4zHFHA6o",20,356783,12320,130,2752,1
"hUqpAwxZSgk",17,356772,1361,59,312,3
"jDz659ggbPk",24,356680,8361,269,5577,3
"9rik9rLa7Go",17,356671,546,73,776,3
"h_ZUGtY20Xc",23,356606,840,261,334,4
"19-j42F1Xxo",23,356512,3540,137,763,3
"7KvTT6yG1Wc",17,356438,3946,44,666,1
"gC50o6G8Lew",17,356082,6692,795,51,2
"tFMQVcR4ADo",1,355756,2331,246,1304,4
"Paif7oerA6I",24,355756,1095,142,366,1
"aY2u2Ehxihk",24,355599,9262,67,1267,5
"WKptqyoWvnE",25,355595,620,345,517,4
"RTlLQsirn5E",23,355567,10507,195,1884,2
"_eOCzRnl3UQ",22,355301,0,0,619,2
"yrZmN26Jb8s",24,354362,937,157,243,3
"6tGQtfHS8Go",24,353871,7594,88,1687,1
"cRiMD6cFxNw",22,353857,435,187,33,1
"k74lyKQ75rA",24,353826,2758,61,942,4
"2rs3pkFDerk",26,353767,4504,177,487,1
"aO87cteY0tA",23,353656,6519,302,1969,2
"h2nuAz5vukA",24,353614,444,216,214,5
"ixB2smNciUI",22,353596,9609,183,843,3
"Bdy40z8I48Q",23,353232,3042,332,1057,1
"Y4S9BV4NEzk",24,352784,13153,92,866,1
"bsNaOScBBZs",20,352745,1918,61,176,2
"4wb6j-qvP1c",25,352670,2314,222,1367,5
"OPuTaod6qJo",24,352579,6251,116,2722,2
"bTBd3CcESkY",24,352513,7163,239,2096,6
"ErmU7thYk3E",25,352501,8029,3545,2299,4
"5hD6USUajRI",25,352240,2277,836,884,6
"wDpbsVc9bKc",24,352072,537,124,231,5
"2wULt0F02Bc",20,351924,5645,160,1138,2
"SVJEWxJvfn8",23,351915,7152,146,3051,3
"mTh-OFE8Zio",24,351827,7025,206,3068,4
"6lkBdXBTmeQ",24,351765,3136,233,639,5
"E7PcagjDStc",24,351646,3505,186,586,1
"cAiMbP7WYkE",25,351085,1226,86,421,3
"VAzi51CCRIQ",24,350964,379,121,340,2
"rrVXZ3982y0",27,350640,6538,94,566,2
"o8gOC56dBLQ",24,350605,1379,91,134,7
"0WlpXC8rhAY",24,350571,906,536,258,4
"oLcuL6A-Yyo",22,350384,37088,39,1008,3
"jS8pD3TGpNI",24,350349,615,120,134,2
"KW6OkJs0qpk",23,350065,12540,282,4148,4
"H44G7SyTzjU",24,350057,409,147,269,3
"uzOXLTAGxxc",24,349949,599,515,1059,3
"Ft-fO-aquaE",25,349926,5285,345,629,7
"Cf9SV7JfuHs",23,349877,4413,100,1235,3
"6WmcAW4gnd4",24,349825,6809,795,1260,5
"SEn30-329V8",22,349584,924,723,653,4
"QC-3gO3TnK8",23,349519,5848,158,3390,3
"dpRsPBM62FY",22,349483,3393,155,1102,4
"W1KRnSXbuN8",22,349368,18718,68,619,2
"Tf6wDqXmsXM",25,349364,1271,131,231,4
"V9sJy765Dag",25,348866,1774,264,841,2
"jmYzJO60nQQ",24,348753,7639,280,2260,1
"p5n9kZmdh3o",24,348749,1112,100,832,4
"cNUWuTtkzdQ",24,348462,2256,103,776,3
"wRg57rwj0K8",24,348427,2125,288,784,1
"xvCyIbyB5-w",24,348375,3138,175,616,4
"ABB6lgdeXpE",24,348155,3936,207,1018,4
"qwQRIKW8WNI",10,348125,40928,116,4637,3
"LqUAanZTH0g",43,348029,398,104,300,2
"2FyKV0n_DVw",24,347923,7242,676,3918,3
"AHyvKvkplog",25,347794,993,28,203,3
"xWGH1cYMf6I",22,347742,4431,295,2812,1
"pOIbcjpwzZM",24,347713,14209,467,1901,4
"AmP0ryzDmbY",25,347593,818,497,493,4
"9eQ-btcPi3M",23,347473,10891,132,3016,1
"koZY82MnYV4",1,347373,2726,208,1496,4
"uZ2TLCNB64g",22,347337,4947,169,1109,2
"GtR7rJjT-Ts",22,347040,573,63,4,1
"Ayz1StAxZKs",1,347008,1788,85,471,3
"Z1yXWwWrTUY",22,346705,8586,155,2377,2
"GID2xFzubfw",24,346235,4256,105,764,3
"9IWuflK-xb4",24,346183,416,205,319,5
"5WsUDRZSqg4",43,345886,981,278,1068,2
"Y3yCRmg-HsQ",43,345793,1900,58,382,3
"Xk7KUSezT5M",1,345716,1161,50,1124,4
"gNPOckfXrhk",23,345619,3888,221,933,2
"_GUDUfGIffw",25,345607,2365,445,816,5
"wTuBkWzWv0k",17,345429,798,49,1009,3
"xqTjYASe1_Y",23,345289,8184,179,1551,2
"dByeYIXQ5q0",24,345209,1234,134,598,5
"l5iyohIF7zU",23,345206,7032,178,720,4
"pkEs6sCA9nE",25,345008,786,90,445,1
"Ws2O0ZDJC0Q",25,344867,1710,1042,676,3
"3yyE0Q2VWRQ",10,344817,8113,344,680,2
"k28B6S9WrjQ",24,344705,4690,181,1527,7
"2W8olZ_Uapw",24,344362,2247,330,672,1
"U0SzdZ5AYds",15,344302,7997,91,1406,3
"oFkob0VnpUk",24,344256,2535,66,464,2
"gZbUZg-WuLc",25,344203,2251,802,2726,3
"N8ZfE8kdu8k",24,343619,384,185,174,5
"K8RJANAFy3g",24,343589,986,264,498,3
"uPem-4sk9F8",23,343398,846,200,621,2
"ObTqVQx3UFA",17,343226,743,51,481,1
"zCegefFyOYE",20,343142,1757,140,1008,3
"mA24g_Bhts0",17,342968,4178,40,780,2
"YFfjCQsxS4o",22,342732,1850,144,414,3
"jndmlvYXOo0",1,342689,5071,67,1372,5
"ZIRRMP5Og1s",24,342551,653,248,429,1
"cs2eah8nppM",1,342285,2319,114,368,2
"2NZ85gOilAA",25,342229,1683,75,439,1
"XuECyiuOvo8",24,342148,5700,209,2806,6
"g12QMNTTH2Y",27,342092,992,98,181,1
"blr3pvSVdCA",23,342091,3718,168,899,2
"HpWSu6DGOjc",15,342043,8443,88,1022,4
"4dVbcA6CVJA",1,341837,588,128,82,4
"7g9tJGLQNKc",10,341809,3118,40,850,4
"ZLYuD6dzkdY",1,341767,1596,176,127,3
"UR7QHavBTXI",23,341502,8810,165,1122,5
"Se4quwoXVFw",20,341362,604,253,483,5
"5VlMFGh8AvQ",25,341280,2258,340,926,3
"jdebuWilxj8",25,341234,2621,52,284,2
"JrdmyigFp-I",23,341184,7729,113,2035,4
"Dpnsn4fykMY",25,341103,822,125,192,4
"LWxt0wmYiFM",25,340970,163,55,633,2
"1DulyOtj7Fk",22,340746,8105,354,2145,3
"aCmCWpS-I5M",23,340672,7588,192,971,2
"eHwUlxkOvS4",15,340538,4129,51,363,3
"gwkD-STFEDs",23,340521,2094,500,501,4
"awpWwfth66U",25,340376,2603,614,1217,3
"4fQ0TfFUW1c",24,340265,5815,84,740,3
"nFTEV-B2qmE",24,340188,1499,113,958,2
"QeQBiyt0S88",24,340131,980,150,1508,2
"qrJ8LFw6cTY",25,339989,6743,506,1937,3
"VUYJA9oGVO4",20,339622,6032,539,1961,4
"nooonWY377s",22,339479,1257,137,1538,5
"1alGTz27Ai8",25,339478,3784,396,662,5
"IeXc94b-8q8",23,339465,6475,97,984,2
"0qRgM3_rBkY",23,339099,5834,120,3078,3
"KF1wRSZi7O0",24,339052,2951,59,393,1
"XKjhvdiFbUE",25,338610,0,0,806,3
"BBiCd4kSBbY",25,338446,521,168,711,2
"jhsyyoQvrco",23,338382,7491,186,621,2
"BUVE6p78Y3Q",25,338249,1625,195,248,4
"3u2PooyQ04M",25,338158,2055,119,1554,2
"73fUeFCbeX0",26,338120,8772,175,1086,3
"OZOC5Bify48",22,338080,0,0,590,3
"c6LXsKXIirs",22,338031,1220,392,291,1
"uM2wB-x2NwQ",23,337920,7811,165,935,1
"ReFXt08VPFg",10,337890,3829,106,997,1
"Ja3OrJR6XbI",1,337250,2953,147,1345,2
"gOmNNQYbsxY",25,337229,5808,454,3909,4
"hoIAlnRtEFk",23,337223,6475,116,1050,3
"wPzGN7Ljazc",23,337129,4438,55,779,2
"Xsxc9zcQjMU",22,337061,2631,30,741,5
"OKVw5Qe11gE",22,337025,3573,158,920,2
"_lIBIfx3CFQ",22,336766,1776,740,766,3
"NrSOBHw8wW0",22,336713,14785,269,1338,4
"sg5HNvVD77U",24,336661,7322,110,795,2
"QjHcQhmfIVo",25,336539,5897,133,1810,5
"f7wCdRsKaqE",22,336499,6426,92,459,3
"2sLBU56_YbU",22,336425,676,59,186,2
"zhFh-7uwklo",23,336298,5962,330,1122,1
"V1DEVT--TCE",15,336062,9166,89,1318,3
"rbtrG_4w7s8",25,336051,3828,341,747,3
"K_uu5ZODDwg",17,335991,891,47,441,3
"mwTyFclmVGw",25,335970,4702,285,1340,2
"VP1_9MMdv60",24,335788,330,418,54,6
"Tf3icMKxqGQ",24,335781,6171,62,1839,2
"2paQUbFWz3g",25,335519,1270,53,814,4
"PUk_chVWx3w",23,335463,5000,67,1061,3
"SJcYs1jW54Q",25,335459,2927,256,3145,3
"ZnNU3vzXBUs",20,335391,1718,24,1398,2
"UOvAazh9JsU",25,335316,20114,178,1457,4
"f5D0JPz2kOM",1,335257,3738,97,711,3
"9r5ncSsv59I",17,335188,1094,40,323,2
"jef2xetDHMU",22,334967,3618,253,895,3
"hyCNqctOzag",22,334759,0,0,468,3
"GAZUFu9yRbg",23,334755,7096,287,1432,3
"uOOf7spGyCY",24,334754,9594,225,2258,4
"OVS92YjxaqQ",23,334734,10055,131,919,5
"NM-mtrEjIWM",24,334727,7496,48,1529,3
"e3oeMX7ZDdk",25,334595,948,120,1523,4
"0dcMgh1C8D0",24,334574,1931,119,451,4
"v8gYnSdZ07Y",24,334551,2076,270,525,1
"FjG08fOma5k",25,334459,262,112,663,3
"cOZITq9dzpA",22,334223,7095,398,1502,4
"oUke6sr5BLU",25,333994,2064,634,1451,4
"m2LzyZBLMvU",23,333970,4050,172,1123,1
"2U-O2lZyS_I",1,333812,3406,95,1170,4
"Waq3HY3Q7_k",23,333783,3103,269,968,3
"Wawd413U9h0",24,333624,0,0,326,4
"S9zSahk0dg0",24,333590,5317,57,677,2
"ojEir2N4WJY",20,333586,6184,99,1713,2
"scPcMIkAkV0",25,332927,4691,280,1009,4
"f2SNorDogKU",23,332513,4818,59,947,3
"Z9wmhPLgBxM",24,332177,2153,343,437,1
"hGY3q6O5H9o",24,332148,8191,101,3759,1
"lezOPqAC6es",24,332030,5352,396,1554,6
"0IN8ZQRO0xg",25,331892,2611,180,558,3
"3dmS44_OqQQ",24,331517,7198,199,2598,1
"F0qIg_Q3F8Q",24,331424,7962,168,1422,2
"XdVhT60Loxg",10,331219,10533,5,261,3
"dk_BR77VNJ8",10,331103,221,43,151,1
"pva6GlFFI6A",24,330983,9936,209,4541,4
"hJVYWfqDtCU",23,330601,5044,86,1484,1
"2OY6yRmtkMs",15,330557,5744,63,653,4
"z2DkgKOENkk",25,330535,4281,299,770,4
"0J2sZtfotrc",22,330097,934,152,2118,5
"VtgV4g0gb24",23,329826,3064,256,2393,3
"FawOtw0LEwg",24,329581,6921,185,2527,6
"3OLzFuS58jw",22,329562,533,110,308,4
"hFuxPVtAows",24,329551,894,134,441,3
"grnd_jx0iXE",24,329540,8271,49,2887,2
"_ltiVaOVuNE",25,329379,918,295,907,3
"rKXVLa3mjk8",22,329089,1403,180,472,2
"LIbLZ_ZUebs",1,329086,1517,63,1029,2
"ohlqrdiZcPc",25,328933,2075,316,383,3
"ZjnWGhuMmI0",22,328713,644,45,320,1
"xNjqJebfoYY",22,328578,7717,117,1384,2
"vODNr-hv7og",23,328532,3932,75,1398,2
"UGln9uvkrp0",24,328498,9523,150,1512,4
"qz7HkqaxXt0",17,328476,1273,131,461,1
"2neTIMg0sEU",22,328441,4169,96,700,3
"QH_UP6LtigA",26,328439,9811,165,791,2
"nlJExk4ntnE",24,328292,9795,73,3234,1
"IKu6i3oT9aw",1,328288,2707,83,507,3
"KdAf0jonzaA",1,328227,416,77,146,1
"Y2PzvcqLVkg",22,328173,13871,746,8405,4
"EwSBqGzp394",24,328035,10660,129,2389,1
"lWmHYXU-s5A",24,327804,10215,52,730,2
"SvOsfsyts28",24,327710,6253,125,983,2
"7kz0KHKIilg",24,327674,4640,209,560,3
"1iNLYw_wCoU",1,327209,3568,305,2307,1
"i8KznobMhM4",22,326915,1984,97,307,1
"YRR4e9-WjvU",24,326896,2740,171,206,1
"HQ0BwwYYV0U",25,326471,3169,675,1841,6
"EqNPPdga7AQ",25,326420,831,171,105,4
"JjYSkTrTZls",24,326364,2111,249,481,1
"t7YfpvTYclM",22,326342,3863,44,350,4
"2bdSyi0EXuw",24,326305,5423,179,1966,6
"m29yR_VI6D0",24,326076,5274,128,9129,4
"8w3N3ZqcHN0",24,325978,13398,125,1977,3
"LapqmfFkkWA",24,325864,2091,239,702,1
"2ZobYUIl4gc",24,325854,1793,158,1069,2
"ivj29PvsKHw",25,325829,2609,640,1066,4
"ihg4gxaaXu4",25,325610,704,292,202,4
"6umCi7Y_e_Q",22,325520,1633,68,185,1
"xi_6u_k_fn4",24,325368,4268,580,5484,4
"gEGIgiVNkEU",23,325360,3782,63,573,3
"N4xq1JrKY7k",24,325320,1783,166,1027,1
"jglaIrUPwxg",24,325163,4376,343,1283,6
"SZnFYILL4IM",24,324873,1884,110,150,4
"1j1q-bUfi7I",22,324735,423,302,15,3
"p8nwjDxm5f0",24,324707,549,407,400,1
"1DVilI6LCVM",24,324672,15374,134,1696,2
"EsqNDi2uHj4",24,324629,6277,166,1751,8
"JX9I0VCL6d8",10,324619,17430,841,1821,1
"2i-yCqKKrWg",15,324371,6448,147,1975,2
"28LAOw7gNI4",23,324345,5389,223,2082,3
"QT09W-t7BfM",22,324297,4874,107,912,2
"0GCFb8vO6xI",24,324149,2145,221,486,1
"uw8HoMMV9VU",24,324139,3038,75,211,1
"kS4ZWOEZ_M8",24,324058,6873,75,1520,2
"VjOlEl2Drkg",15,324041,8026,101,1139,2
"GqzUOWBogUM",22,324022,1098,46,974,3
"_pojpt23q0w",22,323781,13889,435,12704,2
"UwhE9MjGnTk",25,323524,1717,46,364,3
"KXnCyPgVtgo",22,323489,5722,153,1545,1
"F5U_XwPATw4",24,323367,2217,264,513,1
"Cpa51__66LY",22,323240,714,52,378,1
"V_CurzFG2z8",24,323168,2938,196,2269,2
"1t1YNx9x6MM",22,323158,1628,181,325,4
"2btRb-FoK14",20,323089,7978,120,2630,4
"F2xIGQW5ce0",10,322943,894,151,0,4
"64nlRycM4sM",24,322766,1878,222,458,1
"U0Io39YtZp8",23,322675,4045,107,1005,2
"5yoVi4IjA8s",24,322617,5711,179,1602,4
"rw5dxUFZCXU",23,322241,4304,128,943,2
"CPmY8u7udQk",15,322095,9503,113,1406,4
"r9Y9KP1nTjQ",24,322092,2125,223,542,1
"Q3cY3VlygSE",24,321961,2123,318,660,1
"rh_NtFCQ3G0",22,321935,7420,1073,7414,3
"hPnKN7dCe3o",17,321896,1865,383,762,2
"4PVLJAdiaNA",24,321811,1824,292,516,1
"N71dmhbx4C4",23,321638,5265,87,722,2
"2tBH991ZPH8",25,321606,1556,949,565,4
"tMDoVplfGL8",23,321553,3065,3451,2160,5
"c41zYCopSuA",23,321262,767,63,208,1
"DAdUuTlLAAQ",10,321237,20980,110,2404,4
"JAwnpo4DyLU",24,321093,3167,53,421,1
"BmM5kH9GlsE",22,320666,4788,70,578,4
"B7E-Lev1jsc",25,320659,1038,98,502,2
"Lby84j7qt_g",1,320634,2644,81,739,2
"NYNY2gI4IEg",22,320608,3845,202,883,1
"OXQYJG5JQ70",22,320491,3605,72,699,3
"EXzn5LtNSX8",24,320380,1934,229,525,1
"tDm7hHUOQt4",24,320243,2065,234,839,1
"oOBiOwIPuWI",27,320192,7698,168,6075,2
"4KK-fvGnPIQ",24,320031,1471,679,1276,2
"2YhJ8vAkduQ",10,319851,17623,60,816,2
"DEhHuxa61eI",23,319821,983,380,1855,2
"1vKhD5Vdqq0",15,319790,8247,117,870,3
"ZRPvHUvahBE",24,319610,12295,71,797,2
"vzkFsZMGk68",1,319596,1806,220,2015,4
"czftJ7E7wa4",10,319558,27735,89,2190,4
"jt3Vdwrbhig",10,319322,37303,104,2303,1
"cOCEABbtAQI",22,319311,18780,48,1030,1
"VEid65pbddU",24,319283,3921,120,1303,3
"JnCYZN-DEHw",22,319261,476,213,188,1
"pVJo_6GDcMI",24,319212,1380,28,467,2
"Dkptl6NF2ng",22,319198,3822,168,903,2
"Czz87Tmh6-8",23,319060,4521,79,690,2
"bt-hBrd3FGY",24,319015,2262,135,504,2
"W23U1ABCBm0",17,319013,1467,109,89,1
"l3gvr9p4jzk",22,318990,4704,102,481,2
"mCxezRG0dlg",24,318923,3160,51,466,4
"c2-p5tV1Qg0",24,318885,7524,208,1041,4
"pgwI4pJxrfA",17,318780,1454,103,267,1
"UbTrYF9kOtU",24,318735,8388,100,546,1
"eYkwPYg9aOE",24,318672,1780,43,148,2
"jBskdyDgpKg",2,318309,2476,221,912,1
"SwvE8SKygws",20,318194,5683,841,1438,4
"B2ooBHAgUXY",24,318165,3259,218,0,2
"qUlUWTsB8Mc",25,318046,1164,208,1077,1
"eJEq-O10vfE",23,317963,432,275,613,5
"0W7ez_1GBxI",25,317879,13509,338,3148,1
"oUN6c4x1fzM",22,317460,998,136,662,5
"evGMWiEqTYM",24,317155,23144,145,3070,1
"1GBJw7MQFSY",23,317146,5968,397,1714,3
"OK0BuAvmPok",23,317123,0,0,0,4
"iPBWoK2PqRs",26,317075,9670,559,1314,5
"3zYHBD9WEcA",24,317018,2068,253,498,1
"EF6BjWKM8nE",24,316891,11997,243,1175,2
"9SOHJvDeNUc",25,316883,946,56,508,5
"fiI4YwN3TNM",24,316830,8349,298,2165,4
"LQfMqHSklYI",10,316715,5457,77,437,3
"d-sXYLY_M68",17,316682,2154,203,906,2
"t6_a0XZaiJk",23,316555,7601,98,1045,3
"zqpg5RaXfKI",24,316262,6737,132,1841,3
"7U4jYGU-TG4",23,316181,8457,113,431,4
"V93-8tyEhhE",24,316053,2147,102,366,4
"whYjU_mCfSQ",23,315890,7014,135,1407,2
"KYm75EKWNNA",24,315877,3035,579,4191,1
"X2CGNO7xvxw",24,315860,906,143,594,3
"OdvxstltbCY",10,315688,47798,121,4117,1
"ti8V3oOpssQ",24,315616,1959,256,464,1
"lUkrXEMMJSg",15,315563,11710,111,3017,1
"ukdMCttSC-g",23,315468,3071,288,1190,3
"S9TdkoI7-mA",24,315447,42173,104,5359,2
"RaOaHMwZfl4",24,315419,4400,274,1534,4
"RQje_x8647o",22,315417,2677,65,457,5
"c_ULHK1r8yQ",22,315363,1135,30,111,4
"EXsk2fpWuq0",24,315356,5876,183,2606,3
"u4SoGPtBcEI",17,315232,567,35,374,3
"Ne5StksDF24",23,315204,5682,125,663,3
"BGE2ByVUKXc",17,314868,2728,53,506,3
"TPnzYh0Yycw",24,314781,2855,111,707,2
"X56Jk3eV6wk",23,314712,4983,93,2720,3
"FRzHeS54454",22,314694,17064,81,1359,2
"vAbmq5HNMxg",24,314650,2245,193,363,1
"LEpl75jcLMw",1,314631,7943,73,2565,3
"Na1Va7kFZjc",23,314357,2917,560,1436,3
"LJQxWT5cSTo",23,314275,3609,176,1166,1
"o9bvQs04PZU",24,314272,1942,259,851,1
"8IbrKdCimFU",24,314226,1049,117,523,5
"n-8RR2NVT7Q",24,314104,2170,277,965,1
"7u9u-GdRo6I",22,313914,3773,153,890,1
"EP46VvdsHwc",25,313438,0,0,1574,5
"WbjqF9xBWSI",22,313405,1109,77,360,1
"sxiRIgPFG0U",17,313176,440,72,12,1
"ZSBL5aWPYug",22,313032,8144,121,5129,2
"kxg4iP76w-E",24,312977,5511,107,1767,3
"aV44CaurLm4",24,312972,6872,352,3234,1
"IQ_L3JYhjaQ",22,312715,1782,936,0,3
"Rxk0HxuKF9w",20,312626,7202,66,2192,5
"cxMkU4sJ7WM",22,312427,347,153,164,3
"EOuT5CTDxLY",1,312397,1305,85,277,3
"2XnB-IELuRo",15,312392,8864,121,1317,4
"pD-OwbjUWG8",22,312374,4235,117,946,5
"rrfA-0xPNfU",23,312373,8972,189,48776,3
"61WCj7_RigU",24,312152,6894,72,1435,5
"3WZ3CwN5_EY",24,312133,8306,174,2000,3
"4Xy3r6sVkG8",25,312117,0,0,536,5
"TpnJXTMP5I8",22,312095,612,85,531,3
"jL9r7m4vp5U",23,312057,5337,65,514,2
"iho2i1jow4g",24,311795,1342,68,210,1
"YBIOMnUwnGY",23,311656,1702,389,1204,2
"jWk6LS-4Rm8",22,311470,801,70,324,4
"uDoNR1iYk2k",27,311317,5696,118,1605,3
"getD7erLKxE",17,311219,776,183,20,1
"Vifp_f7J0Fc",24,311018,1884,300,743,1
"9fMjSYFEbaQ",24,310984,6365,82,507,2
"CzRs8UcC440",22,310955,3630,110,786,3
"DKVtI5jvw9k",24,310785,205,102,41,3
"UZ9dtJxnoAg",1,310720,938,50,636,1
"S3tIwkC3rAc",22,310288,5279,139,637,6
"NgZg0dFWoJg",23,310114,5137,106,2620,3
"2m-IegwFzYQ",24,309996,1990,238,380,2
"s2-n3lBUJbU",15,309909,8338,107,1123,2
"CTTQG7A_ScU",22,309853,34629,27,911,3
"WiHoJapOngY",24,309740,5945,208,3152,3
"VXX27OdVJKg",22,309666,8441,211,1185,3
"ICU8fTR84q4",17,309537,2579,175,2470,2
"LybHCWhEjyk",23,309448,5271,1335,4148,3
"h_YvEv-8jQI",25,309193,2478,453,1023,2
"8scerP-5so4",25,309072,462,160,649,5
"c7R93ZNgSlk",17,309027,564,57,128,5
"8z3aQ_gTn9Q",24,309019,3013,154,523,2
"vzeSHpDa34E",24,308861,6832,229,2356,3
"u4lYfpT6e1A",25,308764,823,163,361,3
"vP4_s1j1fdc",15,308672,8034,162,1240,2
"GL-xtAmVPEE",24,308527,8283,124,4880,2
"eefErqeVyqI",1,308422,417,75,156,5
"VkdOM1WQZRo",1,308383,649,35,351,3
"JBE8n_hQLmw",24,308373,2134,268,558,1
"fdqRMZ2jdkU",17,308279,2538,87,256,5
"WZ3PqaR34SI",15,308160,8744,96,1103,3
"sjLiwkuPb4w",25,308037,1304,145,275,3
"_PihdTtitzU",26,307912,11096,275,1229,1
"7x7tFXLbXu0",23,307820,6741,121,606,3
"dzGLHDccqZI",24,307731,2088,535,1932,4
"vZ4Ilis1p7Q",22,307510,6129,216,2799,3
"FXRD1t-Xl-Y",23,307280,2514,184,1112,1
"79k0NRgCvks",23,307253,8199,117,1379,4
"ffjxup-giog",24,307250,4357,232,875,3
"PNOmAf7Fm6Y",23,307078,8520,116,1889,2
"vQU_T5lbaJY",22,307047,2066,81,266,5
"kaq9_yTSEso",25,306788,11592,605,3903,6
"UJjcZYB8on0",24,306716,1899,225,551,1
"Ic3g55K6ElU",24,306615,2620,15,159,5
"kcqnBsdq59E",15,306292,8412,92,1455,2
"ISHa_gQEFDY",23,306019,5829,92,3272,6
"89lZcfv0sFc",22,306013,0,0,791,3
"bG640qtoH1U",1,305861,785,187,372,4
"zetsrXQDlOo",22,305822,13651,48,1164,1
"nphUD9KWcpQ",24,305723,1109,80,228,1
"13ojksDTLgU",23,305624,4075,126,1025,1
"bd4-EwpOu-0",24,305596,15311,81,520,2
"EfmWRjl0FIs",24,305503,1271,149,1320,2
"HJoO_p4lXk4",1,305383,5183,34,379,5
"ICk_kdthRFs",22,305319,3105,111,269,3
"wWK1RnBE8yk",25,305280,624,892,673,4
"2EGGZQqdH1M",25,305266,1737,331,526,3
"c9jUxLLHZ24",24,305258,1549,82,1175,2
"Po46TELkr6g",25,305256,0,0,0,3
"poCJFA7Bs1w",25,305130,887,129,1106,1
"JQGRg8XBnB4",10,305038,31766,823,4317,1
"VT3ijTZLFUg",1,304866,10031,239,1330,1
"ULbWXnrVqf4",1,304818,636,65,408,2
"5XTbQ7NERhY",24,304786,47065,229,3968,1
"c8vIJJjYVi0",25,304686,3872,362,1632,4
"sln0xTxZHVc",22,304641,777,101,290,5
"3eOpVxHO5K4",22,304603,4728,116,940,3
"gdPl9u4gtmU",22,304307,4143,141,2860,2
"u0hlIgNMvFs",24,304271,6393,236,2592,2
"M9M8nxY8MHg",24,304243,611,106,591,3
"8iO7T--hlpc",23,304228,2980,123,521,3
"h53s6zFhWSM",1,304140,1145,87,565,5
"RtI8iieSHqU",24,304046,25125,61,2165,1
"Fzvzq1J5XCM",23,304035,4738,62,928,2
"BqsI5P0JgxU",24,304028,308,427,117,2
"k1eQr_iRIzw",24,304020,8742,81,3812,1
"kHkip5EDjpc",1,303917,2162,75,922,1
"B8Iaqt5m6w4",24,303848,387,216,400,5
"oR1S-dpifRs",24,303810,1919,247,517,1
"hgqBGcoIoT4",17,303653,302,67,639,2
"HLAZuG3byjs",24,303605,1990,206,550,1
"KxAr0pVS-NU",22,303534,4283,791,2104,1
"4hoq9HomBZg",22,303469,6756,130,1833,2
"pMrhS2pn2HQ",24,303457,2368,56,192,1
"BkjiCJq_3Ik",22,303442,769,816,780,2
"hCzuwOx5z-4",23,303422,5049,263,1544,1
"PnwgBVQtnAM",22,303243,6146,74,417,1
"kOOEVkWvKBU",24,302664,2110,204,375,1
"rYQrRcbcqpE",24,302643,8643,3182,4912,3
"I1Bfz4tRj3c",22,302637,1335,216,433,5
"DZRYrHZ456Y",22,302607,1112,176,487,3
"Vj4PhKBrhkA",23,302560,2163,458,686,2
"PPtQu9wmcVU",27,302484,11723,148,2495,5
"txg6RnfzM38",10,302440,799,145,86,3
"CKj0xYm98Zg",10,302424,1634,58,350,5
"_4lMGMENiDY",22,302420,2623,41,158,1
"P0EOMy-_ebY",24,302397,4774,177,2245,5
"ywAw8Xvk_vc",15,302276,7905,92,1234,6
"zxFTemts_8s",22,302198,25526,44,2124,1
"WMohUX1KUhU",24,302180,2101,351,822,1
"O-9qtGSEXRI",10,302017,3662,66,730,3
"TE2MwLiHKgE",22,301544,2130,164,348,3
"AyczFSaoapo",24,301513,1963,219,606,1
"mBXyNvLewuY",24,301510,9647,159,5903,2
"E7mlDE-7bM0",24,301436,7858,57,407,1
"lOX0OdpKwho",23,301375,5114,325,1212,4
"1HFLfAfqpu0",24,301309,359,545,150,3
"kV54Q-FUM8E",28,301181,2732,144,773,4
"_HSTO3wiXzQ",25,301047,0,0,249,6
"1dKHZy_BYJ4",22,301006,3585,121,575,3
"E8F8N9FHGVQ",24,300950,426,123,436,2
"pa7Y1bJbJvo",24,300920,6820,315,3328,2
"oa9h_ZT7IBk",24,300800,1264,135,698,4
"5oKJbUJkKjo",25,300660,1883,183,760,9
"v4u2LmYcivE",25,300597,2847,301,367,1
"RTKBokg-Kow",24,300518,5474,141,2091,5
"wiU8JpvtThM",24,300487,3054,270,1472,3
"GwgXf8gBSq0",24,300483,2016,287,561,1
"3IuDI5g27zc",22,300478,5234,107,699,4
"n0LYGzYt6DU",10,300289,31415,73,2687,2
"YnatH2leRRg",26,299982,6351,238,1054,2
"M5nW_-ICwWA",23,299847,7169,100,841,5
"2BiUGJ4PrV8",27,299790,6778,184,1134,4
"UabBoi2XVDw",24,299673,2017,215,581,1
"KGGU1ooqEEQ",25,299534,9182,294,2644,1
"jRBPHPJ4HYA",20,299488,901,226,618,5
"9OP0Ac9o7eU",24,299268,4664,228,1299,6
"mNYkYuqXXpI",20,299130,1314,267,1046,1
"eyvoTN3xZiA",24,299122,487,86,455,1
"lvU9TpgKRao",23,299041,5262,108,3655,3
"qX8vxMVVN_k",26,298926,5579,145,627,3
"qBRNyxFWNTs",23,298857,7289,110,3802,2
"rtfLLY0gTAI",24,298732,12945,177,5109,1
"wLhuw2Q6K-M",24,298701,474,200,403,4
"RAskUxM1j3g",24,298644,1367,285,1679,6
"U9en1AIbevE",25,298414,415,121,151,2
"UJkM2RqQmTI",24,298304,19182,167,2285,3
"5oY7w5ktM7Y",23,298284,1072,318,499,2
"D0tPnQw7aPo",24,298234,1932,245,546,1
"dowUkFtt0K0",1,298165,5581,165,635,4
"mCfT_NmZhN8",24,298165,6090,168,1477,3
"LXRhtXezrwE",23,297845,4020,87,485,1
"0JZ5CiobFhQ",22,297829,3605,79,142,2
"cWQCJlLt5rk",24,297210,3212,116,589,4
"jnst2RBITXI",22,297074,986,419,368,3
"nzX6QSrjyEI",24,297048,2988,64,540,3
"m-Kz_9pGAm4",24,296909,1225,74,654,2
"0S83esTd-Pg",24,296830,1964,264,713,1
"4Ni1DM0Y8tY",25,296748,11683,309,1575,1
"V-FzJfDp3WE",24,296723,10557,85,1920,2
"efDAd3SggN4",23,296671,5491,172,2790,1
"6SzSIuxo0x4",1,296670,1280,79,367,3
"lo7ziFtQcHg",24,296605,1775,181,291,1
"xtJOnK1u9Ro",22,296497,572,42,143,4
"LWbZ0gGA9Zw",25,296293,3426,310,949,3
"8VVOTYvk1Kc",24,296189,1729,157,693,2
"vlowhR9OvWA",25,295958,4763,223,1684,1
"IwygN_g_aKA",15,295799,8154,86,1397,2
"_VRKeFTm40E",23,295779,8213,116,1488,3
"mlWP6-4HwKU",24,295766,5321,252,1261,1
"u4GHIC2wiUU",25,295557,1736,59,569,3
"4InvfLGv9QY",23,295467,581,34,240,2
"ypNv2tt2biI",22,295366,4701,183,1015,1
"Fklx1aFYa-s",22,295355,334,66,8,1
"adRUGAJ2Wt8",22,295347,6653,1922,2440,5
"TGcA_llVKxE",22,295226,763,33,114,2
"E-heGyrHeMg",27,295092,0,0,0,1
"hHxWAuguyNs",24,294908,1986,196,314,1
"OxSSjZfdLtI",24,294897,1372,319,115,1
"g4ysgU1Vdok",24,294879,9575,307,2291,1
"YjhWIxW5Ed8",24,294869,7662,45,1362,2
"2YVMusIxisY",24,294710,42182,87,4537,1
"M0a6WAE6h7g",23,294705,6766,201,2176,2
"QbEHZxrzvRA",26,294563,9273,127,972,4
"G-lbFCPqSQg",24,294388,1812,238,352,1
"kudU3Yg6u6I",24,294357,1771,208,529,1
"2-1nNAZLGuo",1,294332,1686,66,291,3
"B_93aYkyxR4",25,294168,315,12,184,1
"mIoqYrgcI0M",22,294158,10852,125,3753,2
"W0xXn8Mxv5E",24,294107,673,89,209,3
"LzWJOOeUJcI",22,294068,4015,121,432,2
"NANKPYGTK9M",20,294006,4069,6395,22417,3
"Z3XXYg-XtV8",22,293993,9476,165,7125,1
"igh3H80x520",22,293950,3145,85,889,2
"67sQg5fnijE",25,293821,1370,209,1098,2
"ClUALMgeszU",28,293813,3804,152,1182,2
"1mbipaET4sM",23,293780,3018,118,944,6
"OkdS5-s16Ao",24,293511,562,29,304,4
"NfF7w1SFTF8",23,293401,3584,113,533,2
"hUeE34XOxCw",20,293183,2818,38,1568,3
"v1VqfCELJfU",1,293067,1188,221,704,3
"kpaGvmr28nY",23,292804,10995,71,1159,4
"f7922VPYyG4",20,292487,1350,466,818,2
"Tvqi82RLynE",24,292381,1044,81,1325,1
"rtf_DM6qWj4",15,292301,8826,78,1720,1
"2KuRWCe8bok",22,292266,0,0,599,1
"7JH0me5eaf0",10,292242,18881,147,2545,3
"_dDW6dTjCNM",10,292226,770,11,59,5
"zlaBYSEilm4",22,292083,0,0,509,2
"vNsMJaLNiLE",25,291977,1763,1418,992,4
"euNhUsofQAM",1,291963,2598,38,520,1
"5G15L_w8_eU",22,291870,2948,105,489,2
"2e7g-XV5RTU",24,291364,13057,259,2941,4
"u40gveEnPPA",1,291248,5725,1008,1896,2
"IXR9H72fB9Y",24,291248,1666,181,367,1
"Ot7XRw0BJ84",24,291184,3379,71,268,1
"MTB7tKQ_2Ys",22,291083,3175,114,566,3
"3t-FNY9_Vsk",10,291005,1915,374,307,1
"hK4RaL--Bf8",22,290881,921,62,286,3
"i0sqWXJnxOI",2,290702,5409,1706,3897,2
"YTwnLnavRzc",27,290700,5023,71,366,3
"GUvxgX201FQ",26,290651,8130,107,718,2
"LbTKbbg-glE",23,290473,1245,193,476,3
"zdXznnpGRdM",24,290450,1202,209,509,1
"5gOuGiixUjE",17,290425,1779,123,565,1
"zNXnJ9ZuQFk",22,290338,0,0,372,3
"RmDSTQGrveQ",17,290283,1054,63,1005,2
"0IplREGTc7w",25,290194,1383,218,246,2
"R1o2yWBiGd4",24,290153,8221,126,1223,1
"rHgqKfCrWGk",24,290087,7056,106,1886,5
"DkmxBC3YzhQ",17,290005,543,56,873,2
"YNX4rjZfDQY",22,289902,890,246,566,4
"pL0ryDuCH4k",22,289761,1449,508,1267,1
"IsrILctipC4",24,289651,464,465,284,5
"witLhchvgtw",15,289579,3140,55,436,6
"Hr94DRrlV1I",24,289572,5187,105,1815,5
"2M_26XVAHzA",24,289542,1051,145,636,1
"NVhbRwADf6w",22,289525,8098,455,3328,4
"OjQKb9Ikj2g",23,289449,4725,62,1368,2
"QSoYsZPilh8",17,289417,1061,68,977,2
"U9XJPcJDAN8",10,289320,1898,101,322,4
"UYI2w7iOCLk",22,289251,215,205,82,5
"0jyxQisSE58",17,289233,431,60,423,2
"esb4Waprerk",10,289187,46851,116,3393,1
"30-kkNjgitA",24,289186,1568,107,422,2
"dyDowVuT8kU",24,289144,3798,71,235,2
"dnYh4xlejIY",22,288955,737,58,284,2
"Plw_aaLbgws",23,288905,5153,157,1471,2
"AcSmYyPdJsY",10,288885,13719,280,6574,3
"TSpXggleEcU",17,288841,2862,63,953,3
"MOJcP0fa5B0",17,288793,1169,269,629,3
"HDFMsmmboeQ",26,288693,7434,75,842,2
"jqNsbc7qgS4",10,288538,598,97,215,3
"VHdhIO-A7QA",23,288453,2774,350,942,3
"etj9wfxFHpE",22,288353,0,0,448,2
"DWqJ3Xhs8Xo",24,288344,7412,78,1884,3
"faC4I-uX5-w",25,288246,834,86,686,1
"cTQPhDrZ5_U",25,288241,1315,126,603,4
"Esp3nuVF8So",1,288235,950,45,190,1
"5fpqXHALSYo",20,288066,6330,68,284,3
"UHKM2nxlgjc",23,287990,334,125,119,1
"7WwLoLRl-C4",23,287946,11155,97,2397,2
"7dvTUj2_Dsg",26,287763,7349,68,662,3
"cPAK_9m_Kfs",24,287658,1979,205,410,1
"ZBbGa5fyKWU",25,287651,1006,477,892,3
"v8zBHYO9-rM",22,287559,2238,221,442,2
"2IvUZbz8KCg",23,287538,4552,94,1541,1
"TlVAqQnggzI",23,287462,11046,85,1421,2
"yG1Q1-pLIu0",23,287445,1475,133,522,1
"sy38dLjZDBM",24,287369,3558,74,364,2
"gHGx9HyYk54",1,287354,718,57,491,3
"zV9hev0t5ko",22,287210,893,35,238,3
"X4HNvHl_uVI",24,287202,2014,290,526,1
"H4wuLhfIIwI",24,287096,1702,137,805,3
"ppS7_q_sQyo",27,287080,1097,71,626,3
"C3PWq6WC28g",15,287017,1794,66,403,5
"YUQJ6KzJ4DM",24,287015,379,342,36,3
"OaeX3WcUqQ8",23,286899,4913,209,2015,4
"T3i9n0iHiP0",1,286768,1463,59,348,4
"BV8PdcmirAo",24,286703,1791,247,547,1
"tGtB_Y2tS1Y",15,286673,11838,89,2365,2
"hOM2uplgi2I",23,286598,4069,50,732,2
"ykLUJF5B4WU",24,286579,1405,203,1372,1
"JBrPLdytLlM",22,286516,1068,76,310,3
"lYgOXnCWBec",22,286437,1445,98,564,5
"sVw4NcJXa60",25,286379,15749,83,705,3
"SgIi3hT2dqg",23,286192,3942,84,645,2
"_dtIdmV_WfI",22,286066,11098,73,673,1
"sBRHPQ29wyM",23,285937,2222,223,1236,1
"gQOCsCdE5mc",24,285830,5162,46,837,2
"WNI9-GiBDrc",24,285719,13507,91,624,1
"aJ3o372oTDk",23,285717,244,143,464,3
"U-HshygKZkk",15,285661,9568,103,1814,6
"jTBo8Zyo9bk",26,285585,9461,73,675,3
"L94gGziIA5I",24,285573,1744,251,432,1
"BNfn5MosY80",22,285571,2086,155,355,3
"AyWrGmlzpkc",23,285406,15339,90,26238,2
"0_8py-t5R80",25,285300,2374,217,1371,4
"UBaTk6t78wE",24,285239,1208,339,332,3
"s76c1XG86jg",23,285080,4462,56,696,2
"Rfa57NYWU-w",22,285007,0,0,566,3
"OV6iSaMIco0",22,284803,8609,1464,1695,1
"1RcNscizW-I",22,284750,2666,143,394,4
"94VjUIktBxQ",22,284747,0,0,554,1
"OhpI2frnw_Q",24,284352,3298,760,1921,4
"i9ZhPmUoaT8",1,284208,1099,61,550,3
"ZtyGdOviU4I",23,283981,4057,103,938,1
"bnyFfBBWrok",1,283971,1689,147,550,3
"7-K6M6LBYCo",24,283853,3682,31,235,4
"V4nktOVbGsg",23,283812,2693,46,623,2
"NLNcqg8SG0Y",22,283809,1160,1053,979,4
"8IfmFvOzz24",22,283607,5606,91,1000,2
"zb9htDL6o9o",24,283596,1693,45,112,1
"7ZcQrSh1NgY",23,283400,5290,87,2938,4
"hxfe82Yts1A",1,283380,608,147,193,4
"BLzGDgItvaw",24,283354,4042,514,1667,3
"Shu_R-3sxew",25,283349,1446,210,698,3
"8oN1aAxxZKs",23,283207,3179,68,1069,3
"Ryew2t_GeD0",25,283170,497,60,356,4
"SLk3r60Pu6M",24,282933,2734,187,1572,3
"kXGjbU-q3Ms",23,282880,4309,55,2297,3
"nuR11z7YoT4",23,282824,5839,77,1390,1
"TmA-UFmSFKA",23,282549,3231,71,1051,2
"mCQGxTyoFB0",22,282447,1131,550,370,3
"gj_WrmyXH_c",25,282365,10244,288,1704,1
"c6Ie6wInSjg",25,282242,2839,460,852,7
"qpaAIB_4pkM",24,282225,553,164,175,3
"u0LYdFqlT24",24,282197,8814,141,7767,4
"53y9xVNM6Gs",24,282174,934,86,1092,2
"CMvYxKx6Er0",24,282065,4917,346,965,1
"SDh2Jir01vI",23,281721,3210,136,1034,1
"qtXg1fdzhZI",24,281708,3572,95,665,2
"4Z5dUqsKvgo",24,281693,6329,232,4064,1
"3myfF1kWlPk",25,281653,2126,203,1017,2
"lP_B1fhd6L0",24,281602,26830,39,1137,2
"JF34vPy9Vns",23,281512,3997,46,587,2
"-3DrlwCg5GA",24,281382,2373,102,537,4
"pUnijSNfpNo",24,281335,3399,151,1156,2
"bmrO5lN0lbo",24,281098,0,0,487,3
"zqtcy5zsMJM",15,281074,7433,135,1705,2
"Rh5-6LlPhFU",25,281031,1016,143,297,3
"gUVtthNl7nE",24,280772,1473,98,479,2
"MhXpgm4Cw_Q",22,280770,871,42,233,2
"IK95iefPXbU",24,280762,19705,121,1788,1
"KtbNPn0zPu0",24,280760,4825,50,225,3
"i7HfuGykxsM",20,280719,11556,97,13595,4
"CqckIIU4OVQ",24,280619,6056,124,2744,3
"1ZLn7N8XEQg",25,280601,3052,514,1616,5
"axThUPFxLjE",24,280573,1173,117,687,3
"m0q_vAjBAyQ",15,280511,7266,76,1676,2
"sn8245f2CcA",22,280510,0,0,798,3
"KRoapL0GGGA",25,280405,862,190,1206,2
"KtAsjn0mqB8",25,280293,1567,80,3119,3
"oBYu3GNefik",1,280032,1519,57,548,3
"waAy7OgGVa4",10,280020,3014,77,285,1
"4FmO1Nxo_9s",25,279778,570,418,592,4
"bk55RbxiQdI",25,279736,2258,276,797,5
"n2lxk7V8IAs",24,279730,878,410,1117,4
"Z8tnVja2aS8",23,279631,5833,87,3487,3
"B1pDOYOeAYI",25,279587,342,658,216,5
"mxcsbH_Kq8s",24,279528,496,62,126,2
"g04TFhCnQIg",24,279478,690,58,166,1
"MpDx2qH3pGc",22,279356,4965,43,153,1
"xd96wTfdW4g",20,279316,4935,228,3353,2
"nYXevy9dyV0",15,279118,6643,92,1209,2
"3F7iznusvMM",17,279027,814,73,321,2
"gJtoNG38NKc",24,279012,3333,30,342,1
"3-d6xSwzMnM",24,278948,2031,34,204,2
"xj6z8Kj3t30",24,278919,5032,204,2075,5
"4884_KDVHj0",25,278856,1371,130,571,1
"667SL7el-Dk",22,278696,511,65,944,3
"Gx4UgfQeJ-A",20,278684,5650,208,3373,5
"SDm1JMzXpC4",24,278457,2489,236,987,2
"6IyP8D70MLE",1,278455,1917,197,1584,4
"UNmoeJnZ5a8",25,278381,1599,48,196,2
"WLQYVD2y86U",24,278218,2148,85,179,4
"Vw4Hr-IKXGk",25,278164,2264,211,140,4
"adtGFi_Zpj8",1,277858,2709,1694,2931,2
"Zh633jqXCTc",22,277731,28434,152,2061,1
"AJexZuBypGw",24,277715,5434,162,2689,4
"M4UqUL6mXw0",10,277670,6340,67,201,2
"8RtDlmXj6HQ",25,277386,2392,129,486,4
"Ig6stqihW4o",20,277382,815,49,152,2
"9rxLysbFiyo",24,277294,2901,194,2864,6
"_egxHhcT-k4",15,277183,8020,72,1025,4
"jm1nEjdi9Vk",25,277139,1334,434,285,1
"iiSw7l62A8Q",24,277114,16998,70,878,2
"IkzSopTiw2Q",25,277099,2145,310,569,4
"kTnay3veGIw",22,277090,12076,53,503,1
"i67w9m9lIPo",24,276997,1349,240,726,4
"UQXMCDYebMA",1,276967,1550,136,403,2
"gg4thdQ03Co",20,276903,10205,280,3677,3
"lXxc4m-6Qc8",23,276899,1534,232,328,2
"SANpfEh_kSc",24,276801,4487,104,1389,1
"RVXVaS_Ivx0",24,276712,3643,154,696,3
"sRD3TedOF-4",24,276667,1180,85,581,2
"fK3TzX0VhHE",23,276615,3542,105,1178,2
"y5iRa1alwnI",24,276361,2020,131,460,2
"27HmsMkVWqI",24,276263,2577,52,797,3
"Xst9fL2qvkU",26,276235,6823,56,561,4
"fTF3r245GBg",17,276143,924,67,326,5
"z1oba5Vq3eY",25,275935,1245,176,107,3
"gzc_3td-o6U",24,275773,3989,40,387,1
"5OWRm_WVf4U",22,275709,869,405,338,3
"z9ix0zoYh94",23,275709,1684,93,295,5
"VUkToXpRHck",17,275623,2486,45,622,2
"q7szVxDh5ZM",15,275544,10043,122,1611,2
"TC0eQoXNpz4",24,275448,8258,274,2125,3
"MzV-noc3ySw",24,275167,254,165,293,3
"H1vATrzM_zg",17,275115,2147,41,240,2
"bQ8pWJlRRXI",23,275112,4258,119,2000,4
"vez6vYpij4I",25,275031,7560,313,995,1
"eaoX_1ZscZ4",1,274931,5040,67,1752,4
"S5yMSI1LT0Q",10,274842,16978,150,1500,3
"f7kVbD3zV0Y",24,274724,1170,35,322,2
"cezJWjMTuDw",24,274722,6276,58,1362,2
"bm3KTLolgvU",22,274700,1089,64,152,1
"t0hJjAWH3Wo",25,274553,1867,232,249,2
"KrJn-JzcdZk",25,274517,1203,177,162,3
"FR31qha1las",24,274467,11409,193,1117,1
"5ADWVJb861k",22,274437,341,25,136,2
"QdZqm9R7mmw",24,274373,3717,91,918,2
"vXGGZFHeT-c",25,274345,3944,56,1289,3
"Qb7yH1i7Whk",25,274323,1345,385,344,4
"U-klo4k0pQg",24,274305,493,83,498,2
"5Q5vFW_FQfQ",24,274261,15612,57,1361,3
"0bzsGEpzdjc",23,274256,8165,131,1185,2
"YJz1J7EvsrU",22,274239,386,90,1359,3
"gNxVYxINY6k",1,274234,915,35,305,2
"8g9INSBSX9Q",24,274224,1808,42,99,3
"F5DTPnG7spc",19,274147,1272,336,515,5
"VKDN_jrQdPY",25,274124,215,109,124,4
"y1FgyppTVkg",23,274102,5805,76,1549,3
"WQQWDgl8lPA",22,274024,3736,180,503,1
"bpyu2W1xpgA",24,273875,1966,96,1421,2
"Qo9-G_6_v1k",17,273554,2169,41,423,2
"txmeTd2Zt9A",10,273533,11966,54,1363,3
"uPRcLTR7hC8",24,273456,2490,201,985,5
"zf4AhaKmGDM",17,273385,1268,76,144,1
"_DzcP3sUAl8",24,273355,691,284,956,1
"qYpSuZaFjyc",17,273332,808,94,116,1
"moFvlR9Ib78",22,273325,1269,806,774,4
"kkLH1BfSwQM",22,273175,861,175,130,3
"WleFk3JI3Qw",23,273081,4261,53,946,2
"ZVhA-skreTA",25,273061,511,268,611,1
"7s1ojrtDOEY",10,273046,6468,127,389,3
"ySnQDCK4k_c",25,273021,0,0,384,4
"v09BkZZcRrU",24,273021,3304,96,610,3
"G8ewEQqQNsk",23,272790,4250,52,886,2
"cfCORB1CTGk",22,272757,2840,550,912,5
"WUibeDKgqOY",17,272660,4179,61,1199,2
"_cCEyVG3AdE",24,272647,1054,354,314,5
"dv2vJGk-JmI",23,272538,1161,233,420,2
"VE9fKdPBgc0",24,272467,2699,149,396,5
"TCKI1Z7Vv-M",25,272259,1062,107,24,2
"7Nud2kAtkpM",25,272189,2447,152,476,6
"QkE-EFLDbPs",17,272148,1383,117,393,1
"JAXFtXWKwQM",22,272111,5996,125,2298,2
"cGSWqQ3jo1E",1,271979,1061,121,632,2
"HciCG41Ku9A",24,271908,3793,27,512,2
"htyqSQdrhdM",22,271816,818,315,241,6
"xP3xVyJStoQ",24,271770,290,185,290,2
"4ezP15xRuSc",24,271761,7475,154,1924,2
"ACnGfz3Dq6E",25,271712,2120,1001,755,4
"tDgzmzqeMYk",22,271612,523,369,589,5
"h_N60GY4SfQ",25,271545,1351,334,1212,1
"_U2wtmTi8So",24,271525,4009,68,1534,2
"prvSjZYO94A",24,271408,21255,56,864,1
"QMnWKixNch8",22,271335,8400,67,358,1
"xjyS8pdreiM",24,271286,6108,193,3676,2
"e5LYLdhUGXA",25,271240,765,319,597,1
"7Sy1D5Fl1l8",10,271178,8944,68,307,2
"9PCp3rI0xN0",10,270980,3123,37,220,3
"U_-_xlW160Y",22,270813,8261,687,7381,2
"h7gYAwkfxvs",24,270705,7379,122,1427,2
"lOOlSARhK9Y",23,270696,6376,72,1871,3
"mnWjkxm10Q4",25,270695,4082,442,1463,3
"YEBPoEmSU3c",23,270537,959,58,0,3
"4IGNokPelzg",20,270269,6622,169,2477,4
"K8WDYzb_5n4",22,270232,0,0,516,2
"lkfn7phvyis",25,270194,285,533,101,3
"g2jKKU2oh1k",1,270168,1872,152,949,3
"FP3NipeF0l4",25,270159,821,485,253,6
"S_xdfy8kqNw",10,269801,2073,102,507,2
"oTSmNx7sIy0",25,269746,1667,91,1306,1
"X-3O7_F6Bkk",25,269691,2117,359,354,1
"16bKF2ybEW8",24,269678,9094,590,4622,4
"G6EjJX0Uv3k",22,269554,13200,95,351,2
"gexfAHWBkYk",24,269483,7668,188,1546,4
"9uX-59Ipvzg",15,269437,8236,72,1438,2
"pIMod4zaIL4",24,269423,2160,342,772,4
"4EWwdGuMtV4",25,269374,848,182,680,4
"rGd5mtIXBvA",22,269329,1348,163,571,2
"U3k75tjyT48",15,269325,5285,56,388,1
"KgY8AmyTORg",10,269222,1918,65,748,3
"ySCTWZrlDDA",25,269050,225,772,743,6
"Q7Cxzqwvj3U",22,269020,723,43,261,1
"g-YTHTeNrM8",1,268917,1674,102,313,3
"3Q8c2EudszU",15,268836,7633,148,1840,4
"a6ui5j820Gs",25,268737,1010,288,714,3
"3JSYyCogBdM",22,268648,2430,87,816,2
"EoNiz0wIuz0",23,268486,3562,50,763,2
"EpJAD1cYWYc",23,268202,5127,135,1852,3
"tGmrSFQTUM8",15,268153,246,68,51,2
"eep4_0JaaG8",23,268064,8536,176,1406,3
"dWTXWMUMZiI",24,268028,510,81,107,3
"0p6kLf73NlQ",24,268024,2156,144,1084,3
"xoAtDTTPpHQ",15,267938,1377,262,793,4
"zM-2seh9lmY",22,267783,1730,175,355,3
"ZDujgEqEIRk",22,267706,17211,40,1729,1
"GYb1zN_8V8k",15,267682,8601,81,2377,1
"WtOjsDRSca4",26,267540,4547,106,455,1
"JmUID37pATY",26,267526,2101,135,394,4
"NDB55JH7q5Y",24,267472,9299,186,21352,2
"CiYtTCnh09s",23,267428,7864,130,1974,2
"BPI1Cy5veQI",23,267412,7693,272,1921,5
"0aVUvKGrrwM",24,267400,5980,430,0,2
"aAQOGqVjDGM",25,267399,1757,161,646,1
"aTMBEFFoAao",24,267269,222,2141,190,4
"r5qUTMujzZw",24,267134,4431,78,983,2
"zUawEHE90P0",23,267104,2309,187,1522,4
"9780odYMiow",24,267064,5699,111,447,2
"U3o7lBgvc_U",25,267009,926,84,406,4
"gRBzaM6FLn8",23,267001,4564,131,2360,2
"_NT4XstZ_8U",17,267000,2910,113,857,2
"Dqxbx0YpLxQ",1,266953,2602,169,477,1
"JnWeHayPkCw",24,266690,1876,88,1965,3
"Q2Gu9tchPrM",19,266651,897,81,258,2
"MB6e2HiXn5c",23,266512,3159,45,856,3
"QHEX-oPhLgI",22,266428,3204,52,223,2
"f5eHtvUXgO4",22,266307,0,0,611,1
"6s_lqwem_Dc",22,266299,8102,51,1112,1
"B_v2R4WjwWQ",20,266275,7379,91,2712,1
"gDehmrvohFo",24,266231,6698,168,2075,5
"bGAw1H6k6lY",23,266204,5647,82,1910,1
"iOPMOkDg17g",25,266129,7076,248,442,3
"JrqVRWIsasE",22,266017,1465,93,318,3
"1d2lqAel5q0",24,265975,1116,77,376,3
"zH5ACc4ADkg",25,265964,678,219,842,1
"DevMwl1zmvQ",1,265872,350,35,141,1
"LbAoymPJ0YE",25,265861,2029,123,761,3
"SWOgw7pkSUc",24,265845,3992,90,1311,2
"f-vANlp3KnI",43,265818,464,155,715,4
"TA2YMdU-XBo",24,265787,3230,102,1030,3
"hWa-Lp5VEUU",17,265768,1379,102,243,1
"XRCGZaZcIzo",22,265545,9571,93,2088,1
"FNs4h3FjBO4",23,265519,2471,153,842,2
"VT7JUN0K8-Q",23,265476,4964,98,1912,3
"GhPxpn8Shqs",1,265466,0,0,199,1
"3kOIKyhc2eA",17,265410,241,25,544,3
"MnqWHkfdVO4",17,265189,194,158,122,3
"Y8uvQv9-0-4",24,265127,7148,40,687,1
"3GtNXc8i22A",15,264998,6618,91,1854,2
"ilYYEoSm25c",24,264810,397,286,284,2
"bEJMOAmwAb0",25,264728,1962,63,794,3
"mQRFterfKi8",24,264621,951,115,617,1
"ouG-tKvkI18",23,264429,3739,40,690,2
"cajBMdq4-aQ",22,264422,1349,336,1199,4
"ckQpVlwY0Yk",24,264256,1177,75,404,1
"hYlTCv5nYsY",10,264195,18199,68,1271,5
"gv6PhbLAPVM",24,264138,1734,287,439,1
"qCzOMoUYUDk",24,263998,9300,49,1331,2
"ubOtSD0QN_c",10,263993,2249,87,429,2
"hKei8FkU50I",24,263963,5176,223,2736,1
"eqtdY_RZ61I",26,263826,8130,135,925,2
"tkUyTPNfPGA",15,263810,7524,84,1195,4
"4z0vQj26W6A",20,263732,3331,168,1762,1
"tKoDZSjsXEs",25,263726,833,652,2495,3
"kJmJ_qTgBb8",24,263648,983,169,215,3
"nxXsXEQQySM",24,263611,4461,136,1750,4
"OdE2atyQKQE",24,263470,0,0,154,2
"rPOzNqG32U0",25,263442,2409,216,704,3
"QcqpcvOyKCM",23,263221,4657,60,502,2
"6aqQmiQG7OY",17,263191,1393,64,182,1
"9OOQbwRw5MU",24,263146,455,208,452,3
"QB5VBk8_ZWg",25,263097,0,0,1719,5
"TtDpcpwVUlc",23,263007,3473,123,866,1
"KnKM17WdDoI",24,262881,946,233,0,1
"U0EEJUABbCI",24,262458,0,0,389,4
"E4dFclpKDJY",23,262447,2816,121,727,2
"_1rSyi9QbFg",25,262431,1275,147,529,3
"iHKNsppiaAc",23,262430,3064,57,677,3
"uL7wquytWWA",10,262356,4390,96,245,1
"5oBAnGV44t4",26,262184,9157,107,729,1
"yygEr1o9XHQ",24,262111,442,161,96,4
"RaAYwpRx864",24,262083,511,80,206,5
"LW_rwnUle_s",25,262073,1612,267,374,3
"dgSInZhAvuk",24,262072,354,387,137,3
"q49eetGKN8c",25,262060,2913,72,361,3
"zlVZb0Ar43c",17,261848,1188,81,583,1
"WshNOhQyuSs",23,261824,8138,91,983,2
"I_dl7nOyWN8",25,261804,1204,166,373,2
"cMMpCbEEszE",22,261584,351,61,444,5
"-cYC-R-o1Ng",22,261577,618,160,187,4
"YeoBxJkZbU4",24,261500,5275,85,1424,1
"VIMdJQ6jFYk",24,261288,3202,105,736,5
"ZIw5nuzM13s",24,261185,6906,147,3133,2
"j996XdatJBA",24,261166,3538,22,356,2
"EZfmk9j8MzM",10,260948,14168,103,2521,5
"4ZsJebdhY-A",22,260882,21689,51,2110,1
"Y-0cenoMjig",24,260509,6398,121,2209,4
"Qvq72kD8kvQ",22,260491,4109,37,1919,2
"3NgzuR6mCT0",19,260467,817,39,113,1
"5JH-LGKZEWQ",22,260258,365,240,134,4
"ylBxyBJtdDM",24,260205,1661,143,597,4
"QriN-YTcyo8",10,260076,142,12,71,1
"ao5zbMx-rCw",23,259969,4019,42,1097,2
"gaC-WbZq_dM",10,259928,1725,47,778,1
"5eHMNiRs2Jw",24,259805,9011,60,1404,1
"dtnV8S3zoZA",23,259730,4671,93,412,2
"Ix2FJHSkCRA",23,259589,3804,62,973,3
"4P7OQ-cTmgg",20,259552,1664,63,505,1
"Yorh4sGdE8U",24,259548,281,203,28,3
"cbMhipEmtHE",24,259363,1600,131,627,6
"5Buo-8kN7qc",23,259346,6236,131,733,4
"5npooC5S4u4",23,259330,1773,98,248,4
"6OV6MoLoMaI",26,259124,6507,116,774,2
"ZLiFcK6byys",22,258530,936,662,3059,1
"Yp-4-zoek3A",22,258459,2175,156,473,3
"R5phEt-KJuE",1,258397,1786,88,568,2
"IY2LWW4zz1o",22,258273,615,318,153,5
"10lm0vynQCI",10,258234,18095,104,2937,1
"m7y_gVTtkh4",22,258211,3233,37,151,3
"14aG-2Qio-Y",22,258128,3512,547,1466,2
"76xUnxFfdVQ",24,258071,2220,322,766,6
"0G3F036tS8I",1,258044,3175,98,488,3
"ak3ja-tSKFQ",22,258028,1522,40,113,4
"dJy3C716JiU",24,257965,955,108,320,3
"liD8jpadPJo",20,257912,6159,332,5608,1
"gwn0L6fD3CI",22,257833,2880,292,1123,3
"muFcfpXhPgo",22,257663,925,132,199,3
"1Be7gZy7Aag",20,257521,3965,40,1020,2
"TQEPV37oLQk",1,257444,502,43,266,2
"gBwkV0ukJY4",25,257306,1176,285,324,4
"3WwyLwfi4zE",24,257263,2142,90,417,2
"97N8VommcZg",25,257247,1911,321,326,5
"X9YCzH3jFV4",1,257228,5732,63,192,2
"Cr1H00cEDgo",23,257174,3360,53,698,2
"a9E8pZzDBWY",24,256836,4540,243,2623,1
"uvywKA2e2Fs",10,256792,2470,102,478,2
"8RYkFuUQMjw",15,256757,6814,70,1256,3
"64_eLafOXPk",25,256728,1669,678,3254,1
"mWyYSvVIqKQ",23,256476,4796,101,2420,1
"gM0yeXuJaII",23,256436,3821,42,917,2
"Q8n6H77dc5I",22,256389,0,0,380,1
"qjnXrH59_n0",26,256354,6004,89,356,2
"UgXysHKGMrQ",25,256267,440,193,280,2
"ykyYBz5eSSU",22,256266,3048,135,618,2
"NQI0AwsiFXs",25,256231,0,0,776,5
"JKPcisdH7fo",23,256223,4767,97,2083,5
"AhcdSlUrAqk",15,256146,10727,72,2185,3
"vxYy6sd4lqo",22,256124,2696,99,173,1
"7tssPk0vOPs",23,256036,3657,56,629,4
"wIFUAyY8GOs",24,255808,3346,64,723,5
"ctMJnV6kNFg",22,255730,2535,175,939,2
"5s51vJblCMo",24,255615,614,120,681,1
"YK5-rRTtxco",25,255573,2653,242,1028,4
"IobO73EO-Gg",22,255460,3893,1666,2224,1
"7UTCRXISFvA",24,255414,0,0,601,2
"tC4kObRHYQI",24,255405,4218,34,320,2
"0EDF-Hj2QTc",24,255334,404,37,234,3
"RIxhy05FMx4",20,255261,8414,72,4410,2
"Qktnaja8z04",24,255050,1446,70,241,3
"GSDtpKUvV2s",43,255019,1180,38,332,2
"zAbFJqv2Fvk",24,255014,6451,143,3407,1
"5dxC_GnApWU",22,254926,8117,46,301,1
"DMAtyNZkQf8",22,254902,0,0,454,3
"BzxXsAGq2WE",24,254895,7427,163,543,2
"ykeGOAyGfk4",24,254859,4953,200,8656,2
"5lHprBupBXU",24,254835,2620,139,869,4
"_yjNPxV5VtE",24,254813,2982,278,0,4
"YcfFUexXixs",24,254607,5102,111,1731,1
"d6jnImCVanY",22,254516,2371,94,510,1
"-46dLdeO-K0",22,254471,3933,119,737,1
"XW2uDJWy7t8",24,254419,2342,41,957,2
"f_lRS96B_5Q",22,254284,2208,33,359,2
"BaJGbAaCv04",22,254261,6052,114,431,1
"4YYNpYLqYF0",23,254257,13718,596,7538,2
"eSjBC_L7D10",22,254247,804,365,597,4
"cHOH5zULU-E",10,254084,8395,54,725,1
"BXcNJFDCd6U",22,254067,2424,80,388,3
"Y2kOFnQK0qQ",22,253911,13726,192,848,1
"F72xS3k7xcw",25,253817,599,192,593,3
"TgRXgXkbT9c",24,253629,16873,140,1534,1
"72DQbiagzmg",22,253586,663,79,238,4
"WqTHq1t_G_0",1,253508,1306,66,1266,4
"aGlyqobWwXE",22,253482,2453,116,478,3
"6GnvjSryI00",24,253458,3960,36,457,3
"XYXUUGlxPYU",24,253416,2142,976,934,4
"_pxuPhzI8Ck",22,253378,0,0,400,3
"6fDc9Zp2RvM",25,253307,133,697,86,4
"HL6q7hBsNdQ",24,253293,1926,105,224,3
"MIzKZfk67PA",24,253257,4888,156,1387,3
"JNSKvfWB7lQ",24,253189,293,144,33,4
"T-GMlbB4zMQ",24,253150,5601,42,954,2
"_4yTnRYHKRc",24,253106,4060,114,1351,4
"clXOslwjPrc",10,253029,29929,185,3371,1
"Mp-odTtfad8",23,252825,10792,106,1819,1
"PRjUr-oMLfQ",25,252744,260,153,27,2
"yNBaZXJmSTw",22,252720,2711,196,464,3
"ds5hmkdKPL0",22,252699,6547,136,296,2
"QqT2-iOzz28",10,252667,19597,66,2270,4
"hscN7eYYLeo",23,252550,3494,56,876,2
"mvNFru45I7I",25,252542,2988,246,331,4
"yRDrU5V4OwI",23,252523,5923,94,1704,1
"keQp8CvBj1s",23,252454,4956,252,2389,1
"A-IcepawkEo",24,252439,1009,96,720,2
"gQtUxMnYlYE",24,252356,1199,31,94,3
"d3gLErifFFI",25,252343,767,178,718,1
"u4Nr10iBdDk",22,252162,1877,169,0,3
"su7ufGv7FJI",1,252149,356,95,26,2
"uWyPuVK0NMo",25,252087,762,404,882,2
"VxVM21EiHmc",15,252047,2762,36,255,2
"s5QDWERG-aE",23,251878,2931,360,1141,1
"oS7LZIY4r_o",20,251843,3234,165,1032,4
"ead9BHx7LFE",24,251833,1875,143,2883,2
"gSs4XmqdUV8",25,251783,1646,137,1328,5
"KGpnxiJ7mBU",23,251753,536,267,823,1
"9mPmoFsPckU",20,251674,2552,106,1480,2
"hF4HWecdseo",24,251666,3246,64,409,2
"ZnIX6yZRwH8",23,251665,3211,39,1150,2
"5xBiCSa3I8E",23,251634,5230,79,2755,3
"Urx_U4Ii6uI",25,251614,3952,237,1122,4
"lYZWqVyH7RQ",24,251599,2687,43,299,3
"6naLtyxmbac",25,251574,1148,52,445,4
"82eSG_6Tlro",24,251433,4906,209,2172,3
"fHqc39G6DBU",17,251298,694,36,247,2
"Jxv0apdvI8A",23,251248,5031,158,1606,1
"oaWL07Fqr6I",15,251200,7296,93,1990,2
"dk3elFGRF8s",25,251081,2618,249,868,3
"_jgQcBHz3ZQ",23,251072,2423,146,971,2
"zL2aWc7kBoQ",25,250998,725,65,453,2
"718Kn0IF5To",24,250861,4017,51,303,4
"2uO_y0ifrLs",25,250858,565,190,345,4
"kMGqG2BZJaE",26,250843,8811,83,724,3
"ZUmjUXDu0JQ",24,250832,6677,128,4891,1
"UbWuVgxroIo",24,250763,6680,138,4843,1
"7E2eJS5M70c",43,250696,1854,48,330,2
"_61QirLeMRs",22,250695,552,113,224,2
"lcfS_Fj7BU8",26,250494,7135,129,869,5
"rveZNsQnVjs",24,250483,2381,36,167,3
"Zk1ASVQr24M",24,250445,1971,33,458,1
"kpaoynNKfI4",22,250330,2205,114,371,2
"uQXrhAdXuEk",1,250294,1787,100,262,3
"d6_8eY35VAg",25,250262,3907,254,575,1
"v5dT14TKzoE",22,250121,428,218,369,1
"zxjJLN12Ig0",23,250100,3592,54,713,2
"I2qr5pUFn2M",23,250099,10454,196,1760,1
"wrVO0mWVLpU",24,250051,10006,6708,0,4
"rS2w6EnvYyY",24,249929,4780,34,474,3
"yxZAB7XkSq8",10,249822,5717,46,671,3
"qDYFjiV4vgE",17,249802,581,63,382,2
"hjeJGqxyogM",24,249784,420,125,689,4
"YeNGuHpOnyU",25,249748,9077,294,1755,1
"7M9IS0RgT24",24,249712,4555,86,2009,1
"4WJPM3-TB10",22,249564,10462,342,1351,1
"pEuTOWo2OWo",22,249542,9902,56,599,2
"1YeT4p-aAZ8",24,249508,504,224,1005,2
"m9nMyvdc0DU",25,249481,1315,103,372,1
"hVICGvBnyUw",24,249463,5160,53,786,2
"N_N7fCXOHSY",1,249451,818,116,452,3
"jKlswf9s2nM",43,249407,967,103,1166,2
"SCsnDxN9c20",24,249376,13394,151,5391,4
"BQW_jM7fC4A",23,249333,244,71,73,1
"KbuPlzDfKdQ",24,249306,2810,26,221,1
"UCMvl5rbA1A",15,249305,6122,60,1170,2
"JVUkStSwi7I",22,249288,3428,30,337,2
"JFr2gDduXbY",1,249129,4739,97,1493,2
"aHZ8EwXcRfc",22,249114,784,61,520,3
"Ka_RGbqIPuM",25,249042,1297,77,267,3
"yWbXZKRmkIk",24,248947,1353,87,1379,2
"WCPEreNflVg",24,248861,3678,90,628,4
"V7eIpS6jEo8",1,248858,6260,206,2760,3
"DqfNChnKTXs",24,248851,2682,36,476,2
"gEeu6JFKxeU",22,248796,1229,43,241,1
"G2CKQG5sbw4",24,248697,5390,219,2593,2
"F9vG-ra1oLU",24,248643,1985,53,666,2
"tp6jts9mYso",22,248508,9510,63,371,1
"kD3CiLR1yFM",22,248383,285,149,395,3
"nVoNcXr5rQk",22,248373,1275,843,3208,5
"O-rX6_NRAXs",25,248354,1785,218,605,2
"gTiKoGO8ff8",24,248328,2892,184,1208,3
"vqH9R9dCnrU",22,248309,214,416,115,4
"48FpQgIOmoA",25,248244,242,79,586,4
"8xcBV8GFrQk",1,248233,894,39,437,2
"2QIxuek_nZM",22,248023,449,88,154,4
"k091xdW5kf8",25,248010,1218,108,0,2
"AYdP9zOQ-gs",24,247985,2461,131,580,3
"Rxytps1668U",24,247984,934,102,968,2
"odDFvnt0NN0",25,247922,3041,253,755,5
"5sUt-t9vd_Y",22,247900,6952,541,942,3
"bYM6hcYv7PU",24,247808,7999,127,598,2
"FIfSOswDstM",25,247794,3794,267,1574,4
"7epIBgKQ_Oo",2,247761,45,4,21,2
"DtadTgCcxF8",24,247746,4844,79,1766,3
"ON0g1LsjdYc",24,247741,1669,26,203,2
"T60ffaYotZs",17,247733,840,32,583,1
"Q2-gw8Q16ew",25,247729,2465,237,735,4
"DRKhuMXvxnQ",1,247725,1205,88,226,1
"ZpKWSnDIU-0",24,247710,1005,41,177,4
"1kroLU2DTes",23,247539,5862,61,505,3
"P-GdjdVAqRQ",22,247504,3353,282,981,1
"qh7xml8s3kI",17,247359,2475,107,908,1
"LKWO41su_-Y",25,247150,1916,49,105,3
"RHZmanSSZzg",24,247065,6061,154,2669,1
"MaTxE8J145A",15,247050,6027,91,1411,2
"7joOpz5adQs",24,247042,765,42,153,4
"1Kzdp47P2aU",22,247003,13460,28,744,1
"ZnlKXE1qgOs",25,246966,1961,162,255,1
"terltONAeaw",22,246932,653,42,473,4
"039xbWxQdb4",24,246760,489,128,744,3
"bsBn2YwnvHE",1,246712,7829,133,2261,5
"J6z6eY-hhM4",22,246664,6418,41,152,1
"3jZMuHIsXOA",25,246457,4220,371,405,3
"taKXvza_B5M",24,246374,1244,115,275,5
"b6j08aPM8WQ",22,246374,480,426,327,5
"o14K6dQwqTo",24,246211,265,145,31,1
"Wvyy9fqPiX8",24,246167,1363,108,568,5
"Bg04M6KCEb0",43,246098,1444,32,286,2
"QKAxbYtml-Y",23,245989,4261,54,692,2
"34ZGhlhffIc",20,245867,1113,346,892,7
"WQ9AI8KKfR4",22,245798,230,172,139,3
"Vk5WWvpHUFM",24,245729,311,245,35,5
"EuB_Ks7ClWA",24,245677,2199,153,546,4
"18bP3JFuD1Y",23,245635,3273,62,821,2
"7HCECm440uU",23,245494,6262,156,1929,4
"GvhADvcOPtw",25,245383,357,191,309,3
"VXdQ4milhV8",25,245375,5244,174,1165,4
"HQ22kyXLWC8",24,245189,0,0,393,3
"khK0Z5I-eEI",25,245160,737,215,1498,2
"WGbN-bBfoKE",15,245160,8126,81,1140,5
"OGxdbe9Pt4w",24,245069,1597,84,564,2
"URIHXPrg-9o",20,244994,1288,166,538,5
"Axn55UauMf4",24,244922,516,172,1015,1
"1WEQfflSj4A",25,244872,3763,523,694,2
"rwr8Z3GHvr8",10,244855,54366,155,5852,1
"rWMxqUovW8o",25,244838,1151,154,641,5
"XbDQhZWRyKw",25,244693,1944,246,676,2
"fUBkzVFX5VM",24,244647,2654,157,482,4
"uLQwua0sktE",24,244645,0,0,186,3
"EruhXVjlw6s",24,244359,2741,120,1123,2
"GcRWX2YHmM4",23,244294,3470,156,1355,3
"IAUE6Cfnn9U",24,244279,3605,74,295,3
"v_j8GhWzoLs",22,244260,12164,453,2181,1
"jdoYNURit3U",22,244251,0,0,357,4
"BMJvutMrkJ0",25,244183,2993,194,442,2
"SzPGdlvurws",25,244047,1501,298,571,3
"aE8LulkAC2g",22,244044,2391,99,414,1
"oJAhpk20-T0",20,243962,2864,119,2467,2
"omPzZgTv0bM",24,243914,6330,115,2436,2
"wrbsA3eOSxo",10,243856,1062,119,78,6
"q3-siJJckEQ",17,243754,1824,40,208,2
"vm5hDZ839gc",10,243712,12612,61,734,4
"GhOXuklqTcg",24,243682,2960,67,296,4
"EY4DaEOzBtM",1,243667,854,38,494,2
"E1HNNU_6ugA",25,243611,0,0,1143,1
"Vpa8_mIbP0U",25,243368,1736,95,405,1
"c6sfL2cKkiI",24,243341,2374,551,1753,3
"yZbH21IRpZk",27,243308,302,418,479,2
"D1VXKbY50Gs",24,243128,1479,103,504,1
"BgLYnE2LGGE",24,243057,24501,100,1542,2
"cyI6HXHfDHo",24,243016,264,131,211,3
"QfVoH6BQcE0",24,242931,1596,552,1097,3
"uRAZkVDlf6U",15,242750,8115,74,2441,1
"zFjD5U0mISM",25,242670,413,217,135,1
"btJEI9oXQ9o",25,242619,368,141,476,4
"ijToObZ8CfM",15,242555,7702,84,1159,1
"SP5S4xHGHhE",10,242546,1648,80,247,3
"lBPgqBJfz5s",23,242409,2642,43,823,2
"P92iAFXE8Yg",1,242396,2449,65,465,2
"Exjvbs6drtI",10,242376,4594,100,216,1
"3__FYr1N5r0",24,242172,5757,141,2429,4
"OJkdFXMFrpA",23,242152,928,368,611,3
"AJiEnC38FkM",22,242103,2346,108,421,2
"hNqYhGFU8mI",25,242072,4692,483,488,2
"xMRjCQ-hqBc",23,242030,3136,52,728,2
"lPv6ehelju8",24,242001,1704,97,1123,2
"95wY1rM_bj0",1,241969,1100,160,481,2
"Izyc7p39rgA",24,241959,2183,173,0,4
"FcY-_kvq590",22,241943,1116,207,237,3
"5GWq4EF2aZY",24,241815,7059,152,831,1
"12gIG4fCMv4",23,241672,6931,123,1443,2
"oX7MP67U2bs",24,241636,825,60,905,2
"LLr2tGhVFyA",15,241623,342,104,87,3
"EWRHc63c0s0",17,241595,616,38,175,4
"nCPQKy0mkEM",22,241585,1371,39,283,1
"k52Lnob1RMI",22,241545,963,215,136,3
"stEL-ulOpis",1,241417,1678,29,288,3
"Eql2CLHzpEU",23,241373,7424,94,830,2
"EHB4ShTdK7U",25,241355,1019,129,1381,2
"X0XSYKpCL6o",24,241325,182,377,117,3
"Wr4iuqRkBbU",20,241324,4649,104,1541,2
"jOcWRUGa6b0",23,241307,2031,95,282,3
"wGBk_hhMESo",24,241152,2079,68,224,4
"AySiV8Hw7yc",22,240926,0,0,393,2
"Bks3b2ytC_g",20,240744,662,67,125,3
"J6ZrseYvLDo",23,240665,7526,126,2371,2
"Z2Z6WcSffmg",25,240631,1333,184,0,1
"EoA-PqgzT8c",25,240607,4563,109,1277,1
"bSp_kQrX1XE",23,240599,3838,45,778,2
"BxqoymO7POY",22,240594,6531,63,1596,1
"LNAozByW9JE",24,240570,3461,453,2712,1
"LDJNJeyKzfU",22,240528,1180,110,83,3
"W4vXoD5Mtxg",24,240415,5544,90,1775,4
"JFkOJon5vnM",23,240405,6934,112,1121,1
"GZOKginaFVA",23,240327,5712,72,762,2
"obBVtdJsG4k",24,240198,1743,50,207,3
"tYp8QkIsLCU",25,240194,1586,244,1026,4
"Hl8RP-c6Kt4",25,240145,2749,243,694,4
"6ZV3b0srJao",24,240092,7928,54,1324,1
"ixDmEv0Jx6I",1,239877,5994,198,1371,4
"K-TbAuzyoow",24,239833,12974,90,909,1
"3j6K9qzpu7A",24,239833,121,77,154,2
"1SWzeLKrLVk",24,239738,3316,65,859,5
"yS4lL_AW6W0",22,239681,6448,86,7848,2
"C-mebdD_-8w",24,239596,5349,104,1626,1
"SAK6CROcfc4",23,239462,3358,46,809,2
"HqJH-n-hsCc",17,239389,1314,65,98,2
"RXeEWajUDLQ",25,239386,4671,171,874,3
"W4O1Dt-ZZ5c",23,239266,5796,112,2524,4
"mAlw66o-DCs",22,239236,2006,93,2024,4
"bYZFeJHkceY",24,239069,1942,680,781,4
"mk2RwgTmAPg",23,239042,7117,327,1963,2
"4BYboPVnfAs",20,238992,7629,148,3805,4
"gBdly5P6r_g",23,238962,4815,97,2032,4
"tgHBrXfSXQk",24,238943,696,55,127,3
"Q7I97QGm6jM",1,238924,1030,45,268,2
"19J2AqZ3R9o",1,238901,1187,314,566,3
"LWDkBfyQ9AU",22,238849,261,100,148,2
"L4wjKr4AaIo",17,238808,342,39,490,2
"85xKhvZaCjE",22,238775,2458,151,547,2
"gAXhi8uJYsY",24,238714,2211,121,681,4
"oV4CevfvDfI",1,238683,510,132,143,4
"tOLlQJtwokI",25,238388,10379,806,3051,3
"lZRrh3L4Qng",25,238323,678,75,629,1
"yw02JDxOf8A",24,238280,907,86,487,1
"tlr9mwRIOZQ",23,238247,6304,70,504,3
"mRxZLxB-Ucw",26,238185,16354,133,2123,4
"H-jNTyXzp5U",1,238124,1701,77,718,3
"yyqCBIkVB_M",10,238024,34744,121,3559,1
"QLM6VwcbFis",22,238019,1628,26,191,2
"FPUjCwqtTWY",24,237899,4735,214,659,3
"iAH6Rww2Rfc",25,237816,891,394,1058,4
"sVfiGljt0Yk",24,237808,3125,240,634,4
"P6xJHGeJfpc",10,237734,11030,30,864,2
"BzInm4R1i6I",24,237724,5460,135,788,2
"FQnL1HlPtMI",10,237673,1909,42,142,1
"AP23cSYFy5I",24,237611,12052,107,5153,2
"esPRRWVU52c",24,237413,17652,723,3529,4
"v4aVnP4QmEI",24,237357,10204,69,709,2
"Ta94IZgypdo",24,237294,775,41,748,2
"_JpWPDq2zNg",10,237205,8436,215,3274,4
"ZFjI0cKU5ps",24,237077,2546,58,286,2
"y3UenGTOgkI",1,237034,885,39,160,3
"Mu4VhU5GeFE",22,237031,13553,53,761,1
"RPdp2oxOR3Y",23,237028,3299,66,490,3
"ZbDClNqEI2k",25,236975,2754,219,520,5
"SdHf7umJo0U",24,236863,7115,69,1604,1
"1sF0i97x9PQ",23,236841,2812,58,579,4
"WRNSZYMUOcU",22,236722,11341,121,1159,3
"iRuzhCDxjPk",10,236670,3897,60,157,1
"UTkTtFr0wMs",23,236659,3713,130,1239,4
"YnIuDH2XgWU",24,236650,11496,248,9389,1
"s9JRHWyJQy8",22,236605,196,209,91,2
"50czugdZXgo",10,236561,28348,45,1720,3
"8oGzvhiauh0",25,236258,2087,120,770,2
"M8pGqlgj3DA",24,236135,2052,344,1976,3
"lnCMzheoi78",22,236106,1679,72,180,2
"KHrU_IsOOlI",17,235982,649,62,363,2
"THpGyYNnwzs",24,235888,11855,113,1254,1
"MCrFLd5bkgw",23,235881,2247,119,765,2
"fP2Kjq29xis",22,235862,4814,39,441,3
"Nn4LgqCat00",22,235848,1554,166,764,3
"0t7AqTm80ww",24,235806,257,489,159,1
"ZZNyKydczQg",24,235789,5815,76,1081,2
"KS8SjFUB5j4",23,235754,6003,53,1062,2
"GKImwhn3c_E",25,235674,17976,41,1164,3
"y-M1tHPq1c0",1,235600,3158,42,1046,2
"hK79SFzO7Sc",23,235575,3725,30,498,1
"8V7M5jv-1T8",1,235480,2111,55,394,3
"BClT9NJFeAc",22,235426,7966,242,5257,2
"9HCpa-nCGXM",1,235413,515,169,533,4
"3oYLPVZxEts",17,235406,944,52,92,1
"yFx8IcErFJg",25,235237,711,462,375,5
"oRZhBwjqsgY",24,235234,260,75,300,4
"nb0gE8-gdSw",23,235125,5710,107,1747,3
"sDtTLWKSYUQ",24,235102,9791,151,1614,2
"F1fnWceDkJA",23,235091,4268,77,2060,2
"lSw1iypbc1Y",15,234991,1779,69,246,3
"GYFfhEH5cMQ",1,234914,1228,34,1342,1
"i9qAGHiwoNs",23,234908,2697,48,454,3
"9DiCPMSA-5s",25,234901,3190,191,512,1
"Eq-A0HB3ys0",1,234872,547,33,201,2
"85xH57g2v0A",23,234815,8003,74,1169,2
"WYq__02aNAs",24,234791,2262,27,158,4
"vH-xlQnB1b8",25,234596,3302,236,565,4
"iulOH2CRJd4",27,234538,4432,56,948,1
"KNQ32DWraAk",22,234412,1572,98,315,4
"vM06ifmGUJo",24,234305,2687,23,456,5
"N-YjmqxNtCo",25,234180,2668,267,432,2
"JbIciJRSY10",10,234141,627,142,88,5
"m9GnIMQB_WI",24,234132,2241,114,700,3
"YRgxagQPuU0",23,234129,6262,132,588,2
"_zYNMKq14mo",25,234096,747,144,302,2
"Oq5xKwldNvc",23,234085,6861,60,1165,2
"fGcL-JNrpN0",22,234059,4302,54,678,2
"m14zQ0AYDAU",25,234023,1739,98,1550,4
"oDAbBSHGlIQ",23,234023,5341,79,2488,4
"GyvhTjq1vcg",25,233947,1205,509,0,2
"1wXRVPZv_Wo",20,233882,5776,81,1359,2
"8cdquXwsC1I",22,233844,2082,193,809,1
"flRFvOuCGWI",24,233795,661,178,933,3
"PNkzKKKoLB8",10,233577,18302,61,2038,2
"FT0jBSkCqjQ",17,233576,229,98,263,3
"qrnnH9C6Iu4",23,233559,5443,80,2693,3
"dVFlq53Ewn0",1,233400,4614,119,2837,2
"QX78o-NILgo",25,233397,0,0,1530,3
"dZy1v7TLYr4",17,233393,2499,32,441,1
"YX_g5g1ZUY0",17,233269,674,125,8,1
"6fjr-5PeWEE",24,233168,6730,149,1225,3
"T2GUHpJSvOo",22,233095,2291,138,310,2
"Sx2XDE-I4vI",23,233040,3654,64,1138,1
"7KNyxY6hoL0",22,233015,4145,178,916,3
"F0kvfk1ghjA",24,232946,2007,87,706,2
"UKVIv8Lhpc0",25,232930,8334,286,1289,1
"969Fjz5ZYME",24,232797,1942,26,460,3
"VUrqT6fSZ4k",22,232788,0,0,267,2
"OnMIs7mIRm8",22,232662,2693,149,648,2
"bHn2szEre8M",23,232553,3079,34,784,2
"7vQIoMnaf8Q",24,232545,2253,62,359,2
"hCtFgMb3R50",24,232460,1234,88,513,2
"Ljhq1XmXZ-U",26,232440,6012,128,1087,1
"0is9E7NWIso",23,232427,4091,39,792,1
"ohfKQQ98ESE",22,232361,74,165,98,3
"PXNKtr1omkE",10,232270,10252,1430,2227,3
"xBFH4kiJryY",24,232191,1120,300,709,3
"itYB9mlk3tM",22,232119,4134,128,637,2
"GgLs2r9E3D4",15,232110,8274,45,1104,2
"6J-jKm3scXo",24,232084,2551,113,913,2
"JhSvJ9NcyXc",25,232073,593,636,2142,4
"Eb27bBARyVM",25,231974,2031,257,1137,3
"UM7B1vBoKvs",15,231948,2898,108,571,3
"Eucq3Zqu68o",24,231941,929,337,637,3
"yZRVfkvrNLk",20,231864,7543,81,251,3
"xMFyTna7Gf0",24,231851,2953,75,488,2
"kkgxVaW4P0I",23,231826,8105,54,537,3
"MTaPNxt6jxg",25,231817,377,28,15,3
"UDFRxXpb7CU",24,231805,4506,292,3872,1
"0mCyx-xYoDk",20,231762,2614,42,865,4
"h_HaH29opDs",22,231744,1321,26,67,2
"YIhqPPg2XiM",22,231693,3647,237,1078,4
"ILUz5qqsElk",22,231654,0,0,445,4
"2pHytvBFPEo",22,231645,409,388,133,5
"-7pqC_FAXwo",24,231635,6007,99,2655,1
"qg9RPjrvoSo",24,231620,1540,44,603,5
"b7hxbSzcj4g",22,231556,0,0,364,2
"qTSR9l8eAe8",25,231472,1544,132,770,5
"rWWndEK9NzM",26,231465,6422,73,768,3
"kq6V9Mh1cIs",24,231444,609,191,515,5
"BDDJcg8bZXE",25,231406,242,201,153,3
"QsH-R2HRUWA",22,231395,529,89,401,1
"0yVayf1xSHQ",25,231372,281,101,85,2
"1trWV3dNXe0",24,231279,18179,33,1010,2
"ELSWO2mK7to",23,231125,1554,174,631,3
"J_-dwvUl_4g",24,231040,4598,33,347,2
"CpkZW_jUx8M",22,231031,9199,45,1082,2
"V61roUxihXU",23,231030,2597,30,584,1
"XLbD1tYrEuc",1,230829,2667,28,125,3
"bKlpi2m--Z8",25,230780,1141,195,244,5
"P0pnhycAuOo",26,230757,14644,230,596,1
"ACj5wnCG5UM",24,230741,3150,40,242,2
"F2wEf_alQzw",22,230665,12964,127,3002,3
"uQRjzx1vKqA",24,230601,810,33,267,3
"zaCAt1iYOXc",22,230564,2532,110,375,2
"k5CBe2sRLUE",10,230522,4578,107,615,2
"JeBuVIy9hAs",22,230321,5043,723,881,3
"siZZgrmmqBA",23,230216,7694,43,807,3
"JyA24DGEOJA",22,230109,1064,66,438,1
"m3AxIeQ3StA",25,230075,3015,332,562,2
"L1ctagLaQjw",25,230040,271,146,202,1
"EWTlxIegjds",24,229876,6934,116,3484,1
"Qj1FyrPto_o",24,229720,376,149,369,2
"oPX-OnlWAv8",24,229719,2279,41,222,1
"ye1yvkKnRsM",22,229713,4133,100,625,2
"R23yLfa6N5I",1,229464,827,99,632,4
"Zq5eHA84K6s",25,229434,1316,155,410,3
"TBDLt1GdfIc",25,229317,3583,202,408,4
"gUvHriXRu6M",1,229299,2476,81,1120,2
"8df16EOpTB8",24,229262,1831,34,352,1
"NrELX1CnMmM",10,229048,521,55,102,3
"BokVrYSuCBA",24,229035,1119,456,357,3
"2mVB-5WXpuE",20,229032,1998,59,1003,2
"5MPNNwIdVfo",24,229012,2945,179,1038,2
"xwCXOsQg2PA",22,228992,582,282,69,4
"lcz0XAw_lZ0",25,228898,2559,209,526,4
"mYmR_ttmX2k",24,228891,6986,45,340,2
"pKNhwmoVDfg",10,228876,922,61,363,2
"Km7HwfrHwPM",23,228832,2985,49,998,3
"YfsY8BFTtpY",22,228805,832,99,217,4
"Aq8dx1TV5YA",23,228800,4724,123,2833,3
"fuRPRl2i8yE",24,228796,916,57,378,4
"gn4a3BudOWA",20,228752,5405,173,2389,3
"SZKC02iveE8",22,228581,0,0,120,2
"SFh4I-fRMbk",17,228574,491,83,608,3
"mLazAPrScwA",24,228556,2027,37,209,1
"hm4jsqdQWDA",24,228364,6942,167,732,1
"9xB-qbFNuX0",17,228354,1183,121,811,1
"FdLFXAGJndM",22,228291,1018,42,568,2
"CiTemo_KQsI",24,228253,993,72,154,4
"wf4OByzj8j4",24,228111,15450,84,2167,2
"jb1HHeUNIfw",25,228110,9143,683,1827,3
"kALnf3ktIZg",24,228106,3826,118,1196,4
"28I8IHu4D3Y",1,228096,1881,137,678,4
"SfqnOIDGTV8",25,227929,2548,222,1331,2
"pXiQnTzh4r8",22,227890,2515,114,371,2
"vWcE4rkZKW0",1,227769,421,93,340,2
"2_RBLCOgQZs",25,227675,1167,1219,2656,2
"gQVlZpRpkoE",17,227666,3677,41,604,2
"F-BuVwxTZM8",22,227588,256,197,82,1
"Gnl4rXNXVgI",10,227580,0,0,0,1
"1LM2N6HoUOg",23,227524,411,123,310,4
"onn0EJ52704",29,227322,3517,672,1782,5
"LHC6e-AGUHc",23,227299,5123,81,2659,2
"BenArkZLUKI",22,227243,421,234,332,4
"sH1WUldiCiw",25,227231,1601,186,1196,2
"1mFhwrlmTaY",22,227134,2847,120,237,3
"DRXQ0Qb3LfQ",22,227097,0,0,338,1
"R5qyZGQ0vT8",23,226925,1034,191,251,1
"UOQeJs_myPQ",10,226713,1468,44,344,1
"9EVKNTFY8OQ",23,226699,3132,33,671,1
"q740Ft8LObo",26,226661,9139,95,1264,2
"22m4HaqUaPQ",24,226474,13172,312,1046,1
"b7Ch36vFiZY",23,226393,3472,48,582,1
"i0jjLJf1ii4",22,226308,484,141,156,4
"2Fz2hbbwRdM",15,226259,5109,68,1348,2
"qeD8m1hi1qE",24,226252,6431,117,3544,1
"OxPG7nPIpXg",24,226176,5707,184,4656,3
"KNbowL9h74s",17,226119,1004,51,247,1
"eQXPOFWwHcg",23,225935,3485,155,1474,1
"xXxMY6ugdl8",22,225893,1083,33,207,3
"MJbDlG4tEN8",22,225830,4124,113,904,2
"398yRT2OlA8",25,225736,7963,416,1381,4
"vtKwl6afjDM",22,225675,7407,129,3916,2
"ECozBHNOs0I",25,225590,1464,98,293,4
"7UX4X_eskik",24,225351,5287,708,1506,3
"0uia4YzyIhI",23,225292,4229,154,721,3
"B3sj3JjRh1o",25,225222,3138,322,780,1
"HXfCR2rk-OE",24,225122,4136,141,2006,2
"UsSXOQtQiUk",1,225076,245,40,70,3
"VKCIHbcRCIM",25,224996,2713,221,505,2
"D5slHtZSvjY",22,224994,9898,330,8620,1
"MZ4-CwY9f_8",23,224944,4928,117,2706,3
"-1om-kleC1c",22,224929,2415,1793,0,2
"n9F-FUekteE",24,224835,4011,136,2127,2
"zxpH0ekLUHI",10,224813,8662,165,1019,3
"M-ieHsjf2uk",1,224775,712,40,160,2
"w_qNiMw8k_I",1,224643,2099,58,599,3
"S2bIVVG6NLM",28,224541,3410,155,2072,3
"QSPcUISqTTY",24,224418,7422,160,3117,1
"93EQHlsQ_D4",1,224410,1307,62,490,2
"oy_KWkmqSnQ",25,224299,447,100,168,4
"HcXuG4SyF9w",24,224248,1156,44,164,4
"-I3IgxRI-7U",20,224127,2018,120,989,1
"U7ZQzhHZmH0",23,224063,40853,366,30182,1
"gg_DjBP7k38",25,224059,4918,702,2353,4
"Auwlfa8kl48",24,224031,961,89,536,1
"q8-LbzELFeQ",25,224009,2595,186,356,1
"b3wcVh4MRfc",17,223948,1010,59,311,1
"QCbo7UcMcK8",24,223822,6545,70,797,4
"ycIPcTiLl_o",22,223745,718,67,262,2
"r7FAdPsHMIc",22,223689,581,63,156,1
"Nxn4FKjOyng",23,223667,294,55,44,2
"KSMV4EnE444",17,223587,2744,31,502,2
"Zz1yNu2QLlg",24,223554,5602,85,3249,3
"GiVCk00tZ0Q",24,223439,2253,149,886,2
"Ki_9-f20QL0",23,223373,3893,49,806,2
"UkoPDs2GIRA",25,223294,726,351,1168,1
"dG1RhYe5ZJM",25,223278,786,342,359,4
"Gg3LNDfXxnk",24,223250,2055,141,543,2
"sswFZ-w46xk",24,223245,1496,180,461,3
"OidYYZa8Gjs",25,223221,1688,273,884,4
"VA40UK6ZTeM",10,223211,0,0,83,4
"s4DVXKQOnz4",24,223198,1306,30,176,3
"CyXiIymhAKc",25,223116,1161,91,234,4
"l6BqUY55bJA",20,222982,4978,178,2528,6
"BNqSa2DFcCQ",24,222775,864,328,653,3
"FnSPxUN5Gk4",22,222528,7674,355,5385,2
"y6QMWW_rAyQ",22,222438,1516,30,104,3
"BrpuHNpuXI8",24,222412,7222,1111,2097,3
"4KTKE-_5Kog",25,222391,1404,102,35,1
"W--RhPAP4h0",17,222366,1081,37,270,1
"7uWW8ubgW5I",24,222359,7050,57,1164,2
"dXg0H0gTfOA",24,222253,395,169,441,2
"mFAyZkCGwxY",23,222252,3857,92,1612,4
"QzOlVOzX41E",25,222231,746,136,1621,4
"ieZ_qkyhLwU",10,222184,16795,75,863,3
"D2UNu69VWVU",24,222117,548,64,47,5
"mRSgdzLX31U",1,222051,8531,76,1818,1
"aOgO1s0cw_w",24,222021,4543,193,2109,2
"I0GUqCyem4Q",24,222001,5212,214,3151,1
"LwkNW4K87ok",17,221977,331,49,100,2
"Sk3WaEiXLm4",24,221932,1548,263,822,4
"Z0VS9fbWdzk",25,221873,1693,288,728,2
"j7BOyTOerKI",24,221855,8961,56,1745,3
"aJO5N4zVFSA",15,221726,7469,75,1665,2
"4FklquVnKpE",25,221641,1321,475,515,4
"7fHnnNaohmc",24,221576,1782,173,491,5
"d-if4DKUv9w",25,221506,3321,305,840,3
"14V58U783G8",25,221488,368,75,900,2
"JLh662RK61k",17,221406,565,76,303,1
"d0DvjH5Mqc0",24,221403,1624,15,174,2
"NB8rlH9Ox6o",22,221391,2213,91,577,1
"MhnKdue9eko",1,221241,948,44,570,2
"nhKiHcKoA00",24,221228,3196,273,2738,2
"F4Uu5CJKkQ0",22,221212,799,128,140,3
"NbswZub7Xvw",24,221174,2938,58,616,2
"1pEJQDWHRhw",24,221166,5911,143,3268,1
"mxoanmYQJUs",1,221153,4426,76,784,4
"fueuBkYNPdg",15,221063,7098,45,1174,3
"0To1vzR41YA",25,221016,1938,138,636,3
"L_a4gsCjqr4",20,220981,4995,101,292,4
"Tq1O_BGD_bg",23,220977,1108,175,409,3
"TlW29EIQR0s",24,220910,6422,181,1034,1
"SM7URp3wQCA",24,220852,3624,94,241,1
"7dx7dFtfpCs",22,220725,1285,17,250,3
"7xQoELSmmSI",24,220702,878,346,759,4
"WqaG-sHqkBo",22,220634,1047,33,179,3
"MywQlf1MZVs",24,220592,796,65,177,2
"O3S5D4-ohIg",23,220587,4160,122,880,2
"R-U-aAXeDtM",19,220551,713,45,239,2
"BjyhdElTpA8",24,220524,2288,38,223,2
"hOJLUrdWlzQ",24,220510,4711,33,516,1
"61bta2nfyfs",25,220415,1320,438,2510,3
"0h1F_JnGe9Q",24,220410,483,58,99,3
"izQdH2YhIBc",24,220390,1065,82,74,1
"QMFPTooGr7w",23,220381,4720,77,2355,2
"JTY2dyukNso",22,220291,2106,78,444,3
"1CaGsnGevGg",1,220142,2577,36,728,3
"S7xLqvfoJYw",25,220094,1430,44,303,2
"pcH1kATckF8",23,220049,6643,66,824,2
"4y-62lNS9z8",24,220045,7882,73,2627,3
"T2o6emiE_48",22,220043,672,201,438,3
"B8KLgZSyWjE",24,219949,1100,184,612,3
"91YIIZuB96Y",10,219912,13522,34,2430,2
"962y5zFVcyw",24,219883,6554,355,1461,2
"VS1VvU1mKjo",22,219882,2782,120,426,2
"NR0CyOT5Tws",25,219664,2624,202,445,1
"8DtJe6ZFyE0",10,219540,5058,53,376,4
"ceER2Adr-UM",24,219520,7164,99,3159,1
"OcBCOsxYpsE",23,219485,3856,39,869,1
"ji7u9deS62M",22,219291,4597,40,270,1
"SANJmCCvICU",1,219051,2688,104,906,2
"NckwzCbhOL4",25,218924,794,162,1393,1
"A36MKJ0Clwc",25,218907,594,222,274,3
"O4MIJGTzEdU",25,218903,0,0,238,2
"LX-cfDEnQfE",26,218822,6302,92,619,2
"yTpCMaJASs4",23,218774,2574,60,826,2
"ujd9yhCJpis",22,218708,4858,126,1109,3
"TYdIPCGXDQQ",24,218693,253,237,176,3
"hheBuXyAQBU",17,218636,2070,118,1190,1
"BJ2BsTbQseg",24,218543,2357,196,791,2
"DUOuuKbTNKk",25,218522,8032,430,1258,3
"3eJtEF6uFpA",17,218470,561,45,327,1
"ag1ZWpHb5gY",22,218403,418,167,97,2
"zjqZNJJrBOQ",26,218381,168,70,96,3
"m274DFfWaE4",24,218330,168,146,1200,3
"Tu9iS59KGCU",23,218131,6282,179,2320,3
"ka9zaVL28OY",10,218082,22528,124,2149,2
"m-PpWpVuK1c",25,217991,421,696,1270,3
"x1HZgkcX5OE",24,217889,1319,338,369,4
"ysSKlTr61bw",25,217874,950,38,81,2
"6heO1RLh6Pc",25,217850,0,0,618,2
"qjkyYYGDoxY",23,217831,3297,29,518,2
"ptBEZK17mJU",10,217815,32983,84,2164,1
"Ew1N-CPR6j8",1,217775,552,38,422,1
"sh8TIp1SgvI",10,217734,17937,39,996,1
"JFM_kef7684",1,217669,602,44,201,2
"71raYKUB9qo",24,217570,251,191,120,3
"352SCUF1spE",24,217500,6882,70,539,3
"zgRQT987YlU",23,217434,3168,64,950,2
"wqk-4gWxB10",23,217264,5277,49,548,1
"8kGUAC9Ye2s",24,217254,610,430,466,1
"vC-Qd_8HVK4",22,217216,0,0,587,2
"68xh3FWvIi0",24,217180,4237,274,1968,4
"zBhIBtvHs9w",24,217132,9209,40,443,2
"4qFmu8Oj2As",28,217003,31064,160,3274,2
"kZbOWbdMcVw",1,216748,1184,73,605,5
"yTmVJBuhuxQ",24,216723,0,0,349,3
"jzArtex_hAo",24,216721,293,119,289,4
"OE8-XJjUCn8",22,216711,0,0,462,1
"RutkaUI9mlQ",25,216690,1717,124,385,5
"I8FksKUEFIM",23,216671,3404,79,1569,3
"fgy4_y-KUUg",24,216633,933,56,396,2
"PuaHgRBRbSE",24,216612,851,58,593,3
"LRNtg-LYPbM",10,216611,19733,96,1274,2
"RBCf5o4dELA",25,216584,795,161,2649,2
"BlOPIyes2ew",25,216489,1169,292,710,4
"_UqWnzgmaxw",25,216357,884,110,258,4
"pP8c40gZoGE",22,216285,394,141,143,3
"9FZF7Wmd1Sw",23,216281,6153,103,3274,1
"h6OAY1qC264",22,216277,4673,383,1081,6
"aqu58Ovca8Y",25,216260,371,189,80,1
"qM-3n_U35Q8",24,216239,768,39,765,2
"u28xG179hI0",25,216138,1688,187,1219,3
"CxiRxOsOyzA",10,216071,1155,136,1623,3
"e5kEWjGWHA4",24,215848,21615,76,1997,1
"8aY2uAlDy2U",22,215816,883,58,478,2
"N7-eOrc1Yjw",1,215803,828,86,170,2
"Y4Bif0cWwNU",24,215730,0,0,222,3
"H7jkD3Ven-Q",25,215630,1152,136,256,2
"n6sSokMHzsA",20,215594,1789,201,547,2
"7dC71pg74Sg",23,215589,3357,38,824,3
"p8kh5xEj_yY",23,215576,3246,33,752,2
"UmEAm4c6x9A",15,215500,2900,40,440,3
"jsMUW70_o5s",22,215359,5991,41,908,3
"TSrgp7YPzhc",17,215302,1698,92,523,2
"g0yBaHB6yCI",1,215257,7950,174,3213,3
"X8Uoq_M4E5A",24,215172,2852,94,952,3
"m7CHf1HWjmo",22,215153,8391,73,493,2
"NRkqVQaI3tY",22,215139,0,0,445,1
"lhfDLQYcUXE",24,215127,7032,115,1280,3
"G6VU6oKpEgU",24,215068,3267,75,887,2
"3kymTEuionw",23,215022,3271,103,1406,3
"g2HyIxzKdvg",22,214954,2810,117,482,1
"b3C82Vj0Stw",22,214863,5396,64,1526,2
"uGvQIz0N6bo",22,214859,0,0,273,1
"lFkpjdKrmJM",22,214834,751,33,1151,3
"CUnzfv1Lda4",1,214789,660,74,444,3
"FgBhk6zRfBc",25,214770,2188,146,588,3
"lP1DXOAlOow",10,214699,9077,47,424,3
"ggsYjDKLZkg",22,214637,2404,172,314,3
"YICgLyCZkkU",25,214423,1599,283,1055,3
"2DAsisXtYSo",24,214304,1439,59,276,4
"N1f_4kvSwTg",24,214241,6991,37,298,1
"VQd0ugMpGo0",20,214164,5525,83,161,4
"NAoHlVewt9A",1,214037,416,57,169,1
"akkNicKG4_E",10,214015,3718,64,433,4
"MzO5E4lq-Eg",24,213996,3541,136,492,1
"NhkIdOIvlAA",24,213994,2527,207,804,4
"5HMsW7c-ViY",10,213946,18598,81,1435,2
"cMxKqLA6tg4",24,213881,2775,153,1179,3
"6kC1RKBiWKM",25,213807,576,196,506,3
"M-JzNwYV0_w",25,213762,0,0,2766,3
"rqfkpSku4tY",22,213762,268,275,18,1
"sime8hIxSPI",1,213756,10043,88,3493,1
"lc2WRNAhe8I",22,213718,301,55,458,2
"tzbCKLhHiyg",25,213548,1645,118,0,1
"pITVBJ9OQP0",25,213473,2315,131,236,3
"7WJ-hkxNZ_o",15,213446,6060,64,353,3
"cBK2Xjstuw8",24,213410,1670,125,142,3
"qlotEWWODTQ",25,213339,722,48,209,1
"aaEzXsrG-bU",24,213333,9494,251,4767,1
"U8GtqG4WGik",24,213330,953,73,381,3
"fUYSpBKjJcs",20,213139,4450,74,900,3
"lJnTQwpBxv4",10,213131,1439,47,302,2
"6ZBk5djiAPo",26,213114,7234,93,771,1
"PWYa5BJKXPI",24,213026,594,111,164,4
"HiN1ooqaZL4",25,212989,1267,468,3268,1
"WhQPcDs_qWo",15,212986,5485,59,987,2
"oefj-2e3QOk",25,212953,338,62,93,4
"AwwKUdxjPj0",23,212939,4120,151,2252,5
"0BkTTAPr8ck",24,212746,3145,198,2657,1
"c4eespCkqBI",24,212551,343,53,454,4
"BwvRzTW_ZZ8",24,212538,1005,189,786,6
"Z6eyeuDLrdo",23,212500,5144,127,2652,3
"Fk5b98sMNas",22,212477,1224,24,549,1
"W9zCpZJ20Zo",20,212328,5893,178,2292,5
"9LAmI_0jxWY",24,212267,8225,220,7203,1
"Lu8Zh5TJ1Og",25,212260,14648,881,2944,3
"W7xh8Rm39wA",24,212144,4053,171,1351,6
"f2ZNHM-l1m4",20,212133,8800,289,3631,4
"gKwcx-cIMiA",25,212116,3418,327,2145,3
"Txh0NX6ho0g",17,212060,704,62,293,1
"YyOtydTG7tc",24,212055,4193,52,908,2
"MZTmA0cPc_Y",1,212031,1756,87,306,1
"bee6yrxaF3M",15,212016,5466,47,810,3
"y5cXzQSoUwo",24,211736,7397,172,5836,3
"M0uTO4eABwY",25,211702,2303,546,1372,3
"swKs9PC5Krg",22,211622,4695,51,824,3
"V3Cjv8Ooc4o",22,211610,4630,221,1912,4
"zmGUz-JRWKs",25,211539,2401,245,450,2
"Zy6oqzOrQUU",22,211468,125,65,119,2
"fSRvBGBu9O8",25,211402,672,161,449,1
"ejEHfIhg9v4",24,211333,1344,36,107,5
"vccDTOEKq30",24,211333,4092,108,667,2
"ykb0fSK9_h8",26,211300,7338,98,919,2
"UOrAr1mwws0",25,211287,2527,179,760,2
"NcO_7CIfE70",25,211229,1315,292,1171,3
"lG1UdjUlOh0",22,211213,190,1184,277,4
"_gwoLAf11Z0",22,211185,9986,747,12910,1
"bvhGaPUVyXM",25,211009,761,241,442,4
"yOPmZQfNCwg",25,210957,1171,219,527,3
"EE9YWlRlloo",25,210896,204,34,194,2
"JxVLy7K78CE",22,210816,734,98,712,3
"74Q05jV8PJ8",25,210506,4302,201,1002,1
"9uwxTd_p2Fw",25,210468,2735,177,389,3
"55erXLSnrGQ",24,210409,8350,75,1322,1
"FmKqfUJE0jA",22,210363,2070,100,255,3
"F-zEO_yhmwc",25,210350,7699,1670,2744,3
"1BtGdL5ENps",25,210293,575,124,239,6
"Y4AthW36nfs",24,210210,1356,142,419,1
"nhnWmAbH__c",10,210184,599,121,187,4
"rnpS7EDfTu0",22,210089,1696,48,140,1
"Flu0yCoWXVQ",25,210068,2692,314,320,3
"HnenK5TlQG4",1,209977,804,85,218,3
"Vq1ljmXCAJ4",20,209929,3007,92,2226,2
"XT1yCaEZOoo",24,209839,842,87,330,1
"fdgPfX4x7LQ",23,209789,1062,109,476,2
"4T5vLK1eUqs",25,209780,2875,171,654,1
"JwIoYvjixG0",1,209715,10212,104,2300,3
"4l2N1qS_3dE",1,209703,722,52,233,4
"pQjVgUChoNA",24,209562,863,120,345,4
"wIEqCmHgVB0",24,209547,848,76,234,2
"WNazRYuTia4",1,209532,676,20,447,2
"LXpUyG9OsqU",24,209503,554,40,51,4
"7xw93M_h7Pk",15,209476,237,140,28,2
"Vu0JfmtRqrs",25,209441,317,130,292,1
"xGI9eIPrIMo",10,209334,1527,83,59,2
"I_geJn952LI",22,209274,7586,64,1071,1
"GNusMMgCmDM",22,209268,2342,96,380,1
"TdSYTqlBO4c",22,209183,2528,86,359,3
"0dpNg1rV4mQ",25,209175,983,144,413,4
"ypL9p2yIFNU",25,209163,2805,101,459,1
"2PwJjDusx7E",22,209119,1173,198,174,5
"jt4O41gfWSQ",25,209106,3425,206,356,2
"FvuYGPS9J0Y",10,209105,9821,43,700,4
"lvhRVImj0UA",25,209057,656,325,306,2
"HJQVmXxEw2o",25,209029,6118,660,2031,3
"fOOEKUWo7Ws",25,209017,2553,159,455,2
"atkqGGsF42k",24,208951,740,145,1612,1
"3qYmMerqTEw",24,208927,925,42,257,2
"LFYqoMeT_Pk",25,208901,2436,206,318,4
"Q7F8PtJ9p8c",24,208779,623,20,65,2
"0BZsbEmLiSM",1,208769,1805,89,471,1
"S1Qg3SFUBa0",24,208634,6465,61,1963,3
"kEfoyx3IQjI",22,208600,1009,61,597,2
"SvgNx0vqAeE",25,208597,782,136,263,4
"0AgJfor40RA",23,208584,3488,70,1119,1
"pYhYpisG9Yo",24,208496,6074,99,613,1
"RMYN2m0yW2Q",1,208465,1625,72,377,2
"7xn-09lLVG0",25,208451,681,85,299,4
"bKk6kKTPtKE",15,208349,8330,61,1684,3
"AbORdzfioUo",24,208336,26200,558,1716,1
"74J5ExugbXg",23,208287,318,206,339,4
"h8xMklZUnA8",10,208259,7803,56,456,4
"6hNLH9Wy3zU",10,208181,1414,73,773,5
"5z_5LKP-wCE",22,208001,2714,99,466,1
"ZiaPOmeDwwc",26,207923,3664,85,363,3
"yuG4fpvy32c",22,207920,4707,278,1378,3
"ccC0osYHGio",24,207915,1541,177,541,3
"rPjiRx3PrUA",20,207538,895,60,0,4
"d39p1akD9uA",24,207537,177,86,174,3
"4pHvjqwOWgM",20,207535,1694,241,1158,3
"TmEX_j5BlJo",22,207424,726,332,902,4
"JPbuPD9JTsc",26,207417,2481,140,618,5
"aIqxSx6ODTc",15,207392,4718,53,745,2
"rEb39jVp20k",23,207335,1984,276,1375,2
"V1W_PYs-mn4",22,207120,7506,107,2949,1
"KZQFghN3oJs",24,206956,160,322,51,4
"ABp0hRWe8Ps",25,206857,2628,185,323,2
"MeTI9CxnHRo",24,206844,446,106,172,2
"LJImeIH8jl0",25,206799,1735,179,331,5
"nC5EQrJmwTg",24,206780,406,221,248,2
"1jWybIO6eqA",24,206743,6056,78,1078,2
"Ka-AcRiMenM",25,206672,1516,171,435,6
"Mny0ZaSyszk",22,206652,0,0,357,2
"SG9x2qRuAsA",20,206602,3201,54,2257,2
"yi67Wxs920Y",24,206445,10867,60,234,2
"INgwWD_zKsQ",22,206377,964,324,447,7
"JP2cyx3YJR0",22,206332,502,114,1319,4
"qc0Eg6YbKdY",24,206237,4054,102,1653,1
"RGp16fqqKCA",1,205997,5363,53,1941,1
"rWIRZ14tWMs",24,205991,3718,30,1076,2
"h2S7a7WK0Q0",24,205980,5265,156,1660,2
"2mJdEM4_tPM",24,205936,8262,58,2560,1
"GK67-KFdjNU",25,205936,1571,171,444,3
"g7q2Xw2Au7A",24,205900,1930,111,616,2
"3Npgh9yGULU",1,205895,363,90,216,3
"NrU_81J2TL0",1,205847,1047,46,281,1
"V5deTVJQci4",25,205840,684,201,563,4
"QVRwfbjeUmY",22,205767,2426,21,361,1
"JrLD3L1M8J4",24,205727,4769,220,2729,2
"BdeER17uWr4",25,205711,2545,209,345,4
"m3NzK_u9FMI",22,205677,124,416,93,1
"7NkjDy3GLE8",20,205467,2609,131,3269,5
"5BuwCYzADrI",24,205465,5550,137,1982,1
"3GZ_aseU5Wg",10,205452,3540,53,392,2
"sbXV04ypQdA",24,205448,2265,53,805,2
"Yocb-SfGinc",23,205428,6467,148,485,2
"MRcOhC0efCg",23,205427,5240,63,1889,3
"nTayo7Ill_g",25,205284,175,103,288,5
"iofZ31qlvRk",24,205277,582,31,222,5
"d6PQfcrb0AE",23,205256,0,0,0,2
"flUua32i_co",24,205142,876,130,95,1
"Ar0w-H9gORY",1,205102,750,83,242,2
"GY2p-JnTHcw",43,205069,534,267,1270,3
"8LKxx2EqBQo",24,204970,1472,65,93,1
"rqOxWsL6jMw",10,204955,11668,75,603,3
"AOtoAT0nX0s",22,204920,473,71,70,4
"Uint7kApLkk",17,204876,2321,32,445,3
"bhQiQ1aMcqs",23,204854,2705,83,866,3
"FiS5tPeULCE",22,204802,0,0,459,2
"x8RF0Vh3r18",25,204801,2584,159,356,1
"1vt0vJ-dz1E",25,204796,669,161,1168,1
"srFH0PCNO3E",24,204786,2859,81,1171,3
"TFcWBN8wYws",25,204767,0,0,423,4
"y6rHg8ezQOY",23,204766,3181,62,1016,1
"j1UVXWLhln4",23,204697,9469,2330,4969,2
"Du0isVbjNKs",25,204600,726,324,750,3
"Pr7J8fYaidQ",22,204385,6625,87,1563,2
"O8qFGWLFalo",25,204296,1043,159,134,1
"IhFfWCSUUWc",24,204271,18295,42,1530,1
"tqoC45JfXSc",15,204237,10412,48,1846,5
"XuFIwSJC_G0",24,204205,1021,98,180,1
"5YMcvF6cdwY",22,204142,207,154,69,4
"9J-LRxZwp_g",24,204110,0,0,1289,3
"HFTfy33dfzY",10,204107,31997,59,2327,2
"T3ExGTD5V0A",25,204001,2343,212,463,2
"kwQ6GIO4ntk",25,203962,3924,127,959,3
"vgto_jf7el4",10,203921,631,94,136,2
"b20wTw47Rew",25,203867,2439,541,1545,4
"nUZZs9dOMJ0",22,203858,5894,153,579,2
"QI85OSAWJ94",23,203573,4145,87,792,2
"9PwtZm77evc",1,203498,1338,65,201,3
"zLH0Idg-ons",1,203397,2532,38,225,1
"LqhVtuStct8",23,203309,5254,34,301,2
"ScBOJu0tFB0",24,203197,7272,66,1124,2
"hTp8XAsZxOo",17,203159,445,95,397,4
"K-Jmw3p24VE",24,203140,5365,30,536,1
"njK1Aih-tQA",22,203112,370,69,81,2
"XMY5RWU2JWk",15,202903,9783,48,1508,4
"NgyNjHYMHQg",22,202727,400,101,19,2
"J-mmL4l1f4g",24,202712,5060,31,508,2
"xjrIhgzfETY",25,202607,8692,339,2842,3
"7I1diUM3ZBE",19,202537,1006,95,401,2
"WYyAYZay0Rg",20,202493,2868,117,1759,5
"tbr5DqpPd7w",1,202454,2432,33,233,3
"N6a4eGL49Js",25,202449,927,99,996,4
"pACuNkPNVx8",24,202359,2433,305,1607,2
"nCxKs7FbGUI",24,202343,413,146,113,3
"mJNJ-mmyOw4",25,202299,664,70,1624,4
"ZBeL7OLFEvM",24,202269,1901,84,1400,1
"B06Nl4iU7Kw",24,202252,3713,25,221,3
"0CT3hs0X7Y4",24,202201,2809,102,2790,2
"Lfq-8OclynE",24,202160,444,85,245,4
"oGUkOlqG-tU",25,202079,6204,364,475,1
"iZl7pfu-4N0",24,202072,5382,85,313,3
"OUVKLV7oYEs",24,202036,7821,254,99,2
"D7VnV26PcOA",22,202015,3333,45,2307,1
"nNMOumKyzOA",24,202013,9431,714,2079,4
"xdDgoPbhMNA",22,201920,295,81,65,3
"bhUI3Z6TJ3A",20,201831,7055,190,3651,4
"UnW8jv217Fs",15,201819,6127,36,654,4
"W51dAroaXiw",24,201807,1978,135,503,1
"cwBIZXh5ttg",22,201735,11605,50,583,3
"-C249ZlV4iQ",22,201717,722,88,259,4
"Y8wEoQbLUtI",22,201686,589,76,498,4
"SsGutJBTto8",22,201554,2454,123,322,2
"neZwlqQHpkQ",25,201374,2824,85,418,5
"X_MN7oqg8tk",22,201361,283,144,515,1
"VGuYTdgIH0E",24,201297,540,58,176,3
"ECkkRQHMecw",24,201218,1270,35,99,2
"O1VYprlZEpo",15,201038,1630,43,442,1
"kcMqXO20jhA",25,201008,1574,154,240,1
"hILEtKjlQ2E",25,200957,1267,120,426,2
"XydbOK08SYA",27,200925,0,0,0,4
"WXN7_6nksXc",24,200906,7053,73,1183,1
"GCMjR3y9kY8",22,200904,2329,136,348,3
"uE04YEPXBmE",24,200868,356,186,99,1
"mVKjw3yUOH8",22,200860,8678,71,333,1
"Qw3P99OQPbU",22,200768,107,69,20,2
"aXs8jFCC5xo",10,200742,43655,52,3878,1
"kzsqN6Xbqo4",24,200738,5295,94,1721,2
"XdPR7WD5Z7c",25,200706,946,314,1666,2
"b85LfBmdOQA",25,200705,6423,1063,612,1
"V9R1jJGx170",26,200690,4147,113,529,3
"ktpOrii1v-c",22,200626,604,96,132,2
"O42e-NsMcTI",25,200595,0,0,0,4
"WgQ_w4BnF04",25,200559,7556,605,1932,3
"4-lE2CYOwY4",17,200559,748,58,335,1
"b8eGUeW-qpU",25,200415,315,189,220,4
"I8qR3YadtTg",17,200367,384,36,102,1
"NLNq6p3-vZs",25,200242,2362,171,339,4
"B6SJZm-RYOs",24,200238,3157,67,542,2
"wFLvxJHiBDY",24,200185,14729,53,1211,1
"cXWDHHa_kz4",10,200163,7141,95,217,2
"NlCelRIPzQE",1,200072,501,24,210,1
"pgjVD0OVQwY",10,200047,23650,91,930,2
"YS998dTuEpI",23,199970,3569,65,881,1
"mOFH0FPrSyg",25,199948,1147,406,531,3
"soKReYLumZA",24,199850,1771,3224,4019,3
"oZn65gUyrhA",25,199843,708,43,1027,2
"Te9jzHrnyQY",22,199761,0,0,374,1
"7kD3TgxRIQA",22,199651,3493,91,493,4
"tjvPdVpzYd4",1,199650,496,35,222,1
"DWJPZAFzQyU",17,199622,427,43,88,3
"pgARKzk-RCU",20,199617,2602,125,1396,5
"WbNpIeG7NTw",24,199592,2288,63,1585,4
"JLbWMlg5c0s",1,199585,680,89,339,2
"5k0--E-DKKk",24,199567,875,93,718,2
"86NZ9qp5iBU",24,199435,1043,51,537,2
"UarSD1zhpzw",22,199313,1189,889,1216,2
"SqJtKcqNWxw",17,199304,478,19,136,3
"JdOu7K77XQA",17,199181,1299,138,626,2
"HDfq6LSdIXk",22,199154,0,0,384,2
"0EhK__O2oyE",19,199005,676,35,245,2
"TAPRLWfgh5s",22,198973,2221,87,519,1
"nyPWrIed7_Y",22,198965,1539,210,224,2
"iN7gYu4Kq2k",26,198866,3178,47,288,3
"Gy6SDZjErEM",24,198860,9540,52,464,1
"lJXQdf2f-Qg",24,198775,3164,65,1441,4
"MQQM_WXt_M8",22,198763,4981,198,976,3
"vvnJMyvOG7o",25,198717,2435,193,461,1
"K0GI68Gkyoc",23,198664,2828,82,1850,1
"Y8MIJlisUDQ",23,198636,0,0,260,3
"jCyDSkxXjn4",25,198620,7734,428,1215,3
"HTpVMgQZTbY",22,198570,216,45,0,2
"kbDpTaXNHVM",22,198554,1913,139,469,2
"JKLftdi-TzI",24,198490,844,76,376,2
"wOG90iUuCnM",1,198096,6469,49,598,1
"oOy_FLN44JU",22,198082,3585,77,1205,2
"W4vb0H1UPns",22,198040,1050,296,170,2
"T_UfsFEE14I",20,197992,1576,50,1263,3
"q65Ydg-qZag",20,197972,2767,133,1052,4
"m6Slf34okZM",24,197909,4585,185,670,4
"wPEz2DZ97o4",1,197871,817,19,524,1
"RwlMesO6bqk",1,197749,1194,147,1269,2
"MJ5TKffGVao",24,197651,4434,53,1895,1
"SwU7UYLwrHs",22,197597,3574,65,1424,2
"CeI-tEAfWI0",22,197591,15505,53,1041,5
"BpP7fNUybCA",25,197568,306,328,1561,3
"d2unR-KHYYI",10,197448,21844,51,1676,1
"0yAJ_A1Jsj0",1,197403,797,64,88,1
"kYAtwRfPY2o",24,197396,713,61,606,3
"R76zN-ALr7M",22,197262,4752,139,1580,4
"r5IFv5M3KZ4",23,197218,0,0,0,1
"EiBDmxdb4CA",25,197216,2031,166,998,3
"09KtNepHQPs",15,196992,184,41,28,2
"y9Vnm5txUd4",22,196991,775,105,140,3
"hU-2uEj3jvE",22,196971,2478,2673,2269,3
"diUE16mEzCc",22,196917,776,28,423,1
"xH16GDhal24",25,196916,2296,190,479,2
"wPdYNPijvik",20,196913,6184,62,292,2
"qqP5Mv3QgUk",24,196860,278,70,331,2
"KSGFO3zaEdc",17,196839,386,56,158,3
"fEkxvq6WY_Q",24,196614,905,148,388,2
"Qwxf_VupPq4",24,196573,6446,114,2486,1
"SZbi1QPtFD4",25,196350,982,585,0,3
"5hH7DgRzQhk",22,196296,842,37,198,1
"N77YytlvRyI",25,196202,2127,297,300,2
"5ItDdidUTgU",25,196162,1090,67,1516,1
"j-QMCwXzhWE",24,196138,168,66,128,2
"ldl5QzsUcZ8",22,196113,2001,98,131,2
"k-H_hyAJKy0",1,196022,8735,100,4179,2
"aFL_e4H0lj0",27,195866,2123,145,542,3
"jjYslS6fgZg",25,195735,478,58,698,2
"CIIyn4zmT1w",1,195717,1816,125,314,1
"TJLTeCHhIkg",29,195706,3163,469,1748,4
"PzgtvCbH-dw",25,195658,2068,173,896,2
"4sRLgXdL0QE",25,195624,2595,138,1904,2
"NVSPNnQF_7E",1,195591,513,97,275,3
"XlTesxwbZQA",22,195572,1916,163,221,2
"DodHBhY5gNI",22,195563,19129,57,670,1
"Gvi46psT3Q4",23,195559,3087,310,1606,3
"MUfsh_eT2SM",22,195509,2961,120,201,1
"e7vZEOfY-0o",2,195291,1500,426,1036,2
"OsOJOrtW0G8",25,195281,657,22,423,1
"jC3haQ3pfaY",15,195254,6113,49,809,2
"ACTqxSXq8L8",23,195249,1499,934,2303,3
"LipYMWEMJUY",17,195216,2302,21,397,1
"1wykaQIbxsg",25,195149,2687,157,481,1
"Fa7ZtrcmlVU",24,195082,2424,57,790,2
"xPreuX7D4PA",1,195077,12544,26,430,3
"ljDxnJOe7A0",25,195060,5878,920,1722,4
"X0Hm1R4ETnU",24,195014,3388,34,511,2
"0rMi4fSCckY",22,194917,293,196,291,4
"BbTkbgy4sVA",25,194915,2244,520,895,3
"Ic9KcRZKd6k",1,194908,6335,103,503,1
"rPrAH96j0tA",24,194900,741,96,551,2
"qM_LxO8Ry9U",23,194826,3581,36,595,2
"F9XGN6-lumA",25,194739,2293,196,311,2
"dGIv-hsZrR4",23,194699,7626,105,5562,3
"PEIZJqV0Cao",24,194631,1272,103,436,4
"uIgAF_yd8eo",22,194554,0,0,454,1
"3ZcrveekJpM",24,194528,2852,53,966,1
"AuGygz3Fez8",23,194489,2055,181,616,1
"cRx989u46R4",23,194471,2710,32,708,1
"e1GG6l0xhlg",24,194308,297,58,576,4
"DRCZcJ8jeBs",22,194231,3035,1023,1761,1
"w6PqFyLtjuU",24,194205,16110,74,1478,2
"cga5jppns1Y",24,194171,3902,65,855,4
"LaaCInh8PoI",25,194084,8830,301,1415,2
"5HeEwuD68nU",22,193934,0,0,146,3
"oy8yHBTxjJY",23,193915,1073,121,275,1
"X_WxmHA6qXU",24,193829,447,97,415,1
"Nu5_l8YVZr4",15,193797,3759,41,269,5
"9bZKGU2gubo",25,193793,2560,396,1085,4
"CM9JIypgNgA",17,193748,744,76,95,1
"h1WFq4jQhT0",22,193747,567,89,181,2
"daZQ-4yKGVI",24,193689,5742,123,4190,1
"PzL_5SV0asg",25,193676,2229,288,609,3
"pEzpNEIeA6s",23,193671,6989,20,515,2
"xoveg3KQ3Ic",23,193625,2064,38,214,3
"dNdFWYmZCy0",2,193600,1615,17,12,2
"riKfIc952WU",19,193598,594,36,285,1
"GaylQD-SyvM",17,193470,379,47,220,3
"EzHpA2K3Fkw",17,193412,573,62,603,5
"GGPCUNa6j2E",24,193339,6154,54,760,5
"bQbLoE7YDr4",23,193299,3297,186,1662,3
"KFSTu3U_bNw",24,193260,1884,89,662,3
"Fyp3loVg2WA",22,193164,10886,28,580,3
"7LF4nbMkUQ8",25,193058,5324,435,1110,3
"BWY0Mi9Mm5k",22,193010,1680,65,197,3
"oD0qvaZcSSs",24,192862,386,133,683,2
"n4SX0LTXsRU",24,192764,2332,179,903,4
"MsTBeGhTvR8",17,192746,1534,74,332,3
"45200wm883k",20,192730,1729,30,333,1
"vIywlknefVU",26,192675,3606,39,340,2
"Q0hKGuD1i4k",25,192602,0,0,735,4
"EkMvUf2kbv8",25,192565,1614,183,592,2
"0sJBqhLPr5c",25,192547,1514,329,239,4
"d6X38KhsKOE",25,192472,5922,539,1071,4
"LWxrN5W-ylQ",23,192422,3790,81,1523,1
"XJGfNE4AZCM",24,192414,4349,122,1594,1
"ZKGK2aZgNbU",43,192383,271,103,285,3
"Ze-w6EzVIgM",25,192377,3645,53,443,3
"TQyWeH0mIPc",24,192373,3255,74,1301,2
"pJYOYa9QPFA",24,192291,1835,187,301,2
"Sp9F4E_bXaw",22,192265,8058,35,980,2
"t43MDZMe-2Q",17,192214,911,81,112,2
"gjw92UEN5No",23,192206,4247,120,2976,4
"5vhcxd5xkKc",1,191885,1039,132,373,1
"HUpihmzoUSY",24,191873,3714,74,3067,2
"bNLGweVJhIU",24,191819,794,36,277,3
"8tgUEkzfI8s",22,191773,1856,62,333,3
"1YorIT_HrYM",25,191718,432,116,404,2
"6KjLtfhGCC4",24,191627,5744,134,2494,3
"BeeqlLr4xA8",24,191611,7260,143,1085,2
"9ylEz0LRyNI",24,191605,491,40,244,2
"xgzJl7be3Vo",22,191555,162,81,106,4
"zVJ5Z5zQMnw",24,191550,8309,41,1448,4
"3rT6UCLoPs8",23,191548,0,0,414,1
"N0kXe3r9so8",10,191508,2743,49,176,1
"zkA7NdSt4pA",22,191482,415,54,123,4
"Txij8iWmiNw",24,191374,2508,44,652,3
"vSIuGKHW2vg",24,191315,2989,60,643,2
"PMkVc1puu-4",25,191298,2340,394,0,2
"LmxaFd4Z578",24,191260,1172,38,114,4
"Wwc8RDcSUvA",24,191257,201,83,62,2
"pDjSlRmyxjc",22,191236,9151,371,8946,1
"ozy47ynfl9o",20,191232,633,19,591,2
"kMhRrQtqUzA",22,191179,234,261,211,2
"J04KBtfJUZQ",24,191163,1095,285,658,2
"0JpQYHsbxyc",1,191107,736,28,412,1
"2b9mLc4g5OQ",25,191045,991,206,128,3
"vHT_cKbEiSU",24,191017,2493,116,1475,2
"5b2pkb37Q1c",1,190988,576,28,146,2
"OxmgVNgXLxg",1,190956,2318,51,731,2
"S8t5Ua9XwRU",1,190924,3635,101,1108,4
"4k6kUo1Sam0",10,190918,35648,114,4158,1
"X7qrni7fUvM",23,190903,807,26,49,5
"HsonfaJy1M8",24,190901,3158,41,534,2
"b3i7MXdTUn8",25,190854,749,391,1197,5
"eRWfjm41tz0",1,190816,311,53,514,2
"OuyCInEbdjI",24,190802,3958,53,336,1
"GLT--PFkw50",1,190771,650,38,267,2
"MSBu5Q6LSsI",26,190761,4100,117,363,4
"gB5cPtTvIrE",1,190760,1318,25,611,1
"icCEUJLJbEc",25,190757,1170,101,621,4
"hHnx63KG9RE",23,190732,771,135,0,2
"UwlWYIO5Wd0",1,190666,691,85,237,3
"UaMFZ7T2MfI",25,190562,462,52,1048,2
"S4nJZClYmuM",22,190500,441,933,1730,3
"XK-VOuRHG_E",25,190495,1050,125,2444,2
"kymH-FhU1u4",17,190463,552,52,388,1
"vE91Rd7Khpk",24,190445,1790,43,517,3
"Bth1Ktlf5Hk",22,190400,373,398,429,3
"6YzHkSrzdOY",24,190396,2675,56,337,5
"HlXxXWbKeqE",26,190390,630,73,184,3
"cS9_QNF8jrk",22,190376,2169,86,627,2
"Q-Zc9UdwfxE",24,190351,2250,115,1180,2
"v6rxEzDf8ak",22,190332,915,309,385,6
"2JL46Xz8_Fg",22,190309,15837,29,813,3
"7TABDbUR7mQ",22,190306,2254,222,236,2
"nWuwAi-yIuU",24,190287,1582,740,1777,2
"pI7Z-jMDZEU",24,190279,1294,82,387,4
"6xF3_arrrGg",22,190259,509,41,385,2
"3JIL24ZKLp4",22,190077,2095,75,265,3
"eIqN1AXZV1Q",23,190063,5986,80,4133,1
"h-_7-Ic6GJc",25,190006,2624,384,900,4
"b8wulxDryGc",22,189933,5678,71,667,1
"_dPYNCNGkdI",1,189901,882,21,559,4
"sdfNcEK_BqQ",24,189871,275,46,241,1
"EP5IYRjvd0A",24,189722,3694,70,1610,3
"YAhxK_u3JyQ",24,189674,321,220,63,4
"2ZllpZPZPbE",25,189628,1083,127,233,5
"Fy2sbisN7Qo",24,189617,30950,53,2889,1
"eREOydSXmM4",22,189574,751,45,371,3
"TAa9MZNlUp0",23,189472,4977,101,1162,1
"NGgkNYrSSDY",25,189433,6138,414,791,3
"k6NwTJpH6iA",24,189353,237,537,0,2
"dfiYmM9QUKA",25,189325,5344,286,1707,3
"cC18Y3zAQsg",1,189258,2872,47,500,3
"MG1hdnBF1lI",24,189246,3664,192,2945,3
"RrmH58c8VjY",22,189237,623,184,489,4
"XFiy6ycyU0c",22,189216,557,24,156,3
"JH5TiynqcB4",20,189061,2695,80,690,5
"63_PFEoXzzU",22,189048,2785,209,617,4
"7RO7XNrXH2E",24,188858,4704,81,154,1
"ggPPE0OeM3w",10,188738,400,41,50,2
"YpU2sKL9Mzo",25,188713,650,111,778,2
"4TNnvw3dNX8",22,188701,475,68,96,1
"rE_uMvnnuag",22,188616,0,0,278,1
"RWo6o5MOVTo",23,188493,3779,45,863,2
"UKSspqNmA-o",10,188376,1084,77,228,2
"C9PXcz9w2Eg",22,188330,0,0,468,1
"OKff8OelubM",22,188271,0,0,246,1
"8ID6FRTVMJM",22,188156,2965,25,108,3
"vzzaGAEFAJE",23,188149,3138,42,386,2
"NhgDLHe69BA",24,188095,2945,37,744,1
"Y2uawBjgSHs",22,188093,561,31,253,1
"dymP5wEwqug",24,188085,3221,75,0,1
"f5kVE1_zJ00",24,188015,4581,104,1492,2
"Hgsqr0KTRdM",23,187991,3285,57,1322,2
"aMpyto_nrx8",23,187958,3071,75,852,1
"66fvopJyLnE",23,187859,1519,179,880,1
"VJpFM3Smo_8",26,187727,5411,103,920,2
"ecHv6B4iWPw",24,187682,1404,75,447,2
"h0fCWFuk6PQ",22,187653,371,118,760,4
"hjaxToUf21E",10,187642,4888,54,240,2
"FHf0GLr9MMM",25,187594,7474,536,1279,3
"U1dWU0Cihss",25,187479,1405,155,140,3
"kYoV1ad7ELc",23,187445,8515,55,750,3
"Vv96ZCl7XUg",24,187406,265,95,69,3
"wNeVm9KLzhA",23,187394,3918,157,2716,3
"CbGpbuOhtVE",15,187361,7955,34,1022,4
"hkrYstM_msg",22,187322,4873,846,1435,5
"C9cjyKTncak",1,187281,1060,22,63,4
"xesKT7JMryY",22,187271,837,40,202,2
"HwLGReyGYQ8",26,187258,4343,80,517,1
"43RbxhBwEMQ",26,187243,1538,19,214,4
"zg5o_Q5Qt6A",24,187212,1852,44,599,2
"LvZGNGs1dYI",1,187135,1085,45,668,2
"EaCSVKujQQE",24,187044,4899,88,1853,3
"kEE0nIlyzUU",25,186904,1195,24,209,3
"KEPctbEcDJI",25,186849,2702,162,482,4
"cPIHjPId110",22,186831,0,0,383,2
"6_s3tGKfh0o",22,186803,519,37,64,2
"DPSJjjj63X8",10,186777,0,0,1056,2
"k6xImAcwVuM",20,186748,2539,79,2740,1
"2LeIXoWzCNw",17,186663,966,60,269,2
"ZunBmRIrAHQ",24,186571,7493,39,929,1
"L5gphHqzZjk",15,186527,243,72,110,3
"gJ58KJKqUYs",24,186514,5603,86,953,2
"6_Jr5l-4Jjs",24,186389,1626,76,1051,4
"V79ZgdkCnC0",1,186302,972,80,259,3
"j6kxcBlzpkY",22,186219,6014,237,4607,1
"APEIwZQRRTc",22,186177,0,0,369,2
"SdktPqCgalA",19,186105,642,37,409,2
"AtUilPB0ocY",24,186088,2737,55,562,3
"GrDKt7NwfPs",24,185930,1105,73,504,1
"f0Sw-kpZ8M0",26,185787,0,0,545,5
"asU010VqjSY",23,185755,3740,26,233,2
"Jbz1-Zjhh7A",1,185725,334,102,35,1
"_S5iAJEABec",25,185697,756,216,1827,2
"em7TVyJjjjE",1,185693,1185,66,871,2
"CymknjbZvxc",25,185681,2276,170,322,1
"qVpA7kDe4EA",20,185678,5027,98,2745,2
"aCp28PQJx7Q",24,185649,410,125,441,1
"gMGKzMm9k4M",24,185637,4362,53,335,2
"c3gi2XBQt20",25,185629,919,226,761,2
"Z-R2Mxkh71Q",24,185549,544,41,91,4
"z-9j4vkNSJc",22,185416,2621,66,164,3
"TZ335AWXqHI",22,185355,2184,73,129,3
"es7QHBKPFvo",24,185331,4982,162,1083,3
"5Tfq0-_tVAg",24,185327,1869,79,597,2
"RcIPRBz998g",25,185301,1341,156,525,1
"zN8o3VXzUB8",24,185251,7460,55,580,1
"GKfkCIJNGRg",24,185232,15975,59,567,1
"aOy5Kq_6j0Y",25,185180,370,203,329,1
"o1QgV0X8k1E",24,185140,665,62,282,2
"LP6Z8Q4PE4s",24,185128,6748,353,5987,1
"_LaftglpGAc",25,185068,2510,149,387,1
"TdsgXCYWu0c",25,185037,677,90,159,1
"mN0nAQxp6sg",24,185029,1076,58,64,3
"huudqZaLk28",24,184978,1234,75,389,2
"J8vx-YK_CY8",22,184964,2117,58,305,1
"xqZ33By0LWw",1,184959,1059,40,360,5
"tqOWJtvZ5lw",24,184837,8832,37,862,1
"pL71X0fTiCA",15,184823,7787,68,1261,2
"hzzggpgE544",1,184807,1190,45,736,4
"TG6iFjmYL4Q",25,184784,431,153,863,1
"x4oRlQ_UX1A",24,184768,5041,120,596,1
"1d0GVBeu1c4",23,184748,2715,33,929,1
"CzhlH0BSmro",22,184742,730,98,94,1
"TU0vLALP-t8",23,184671,2852,149,921,3
"UMoc7a7wpl4",22,184586,556,57,279,2
"bN3GwNdD7Uc",22,184534,2320,34,456,2
"LudqWYEzBkQ",22,184469,6384,71,427,3
"XzZliCbTrhs",22,184436,4497,36,152,2
"4nKNE8o-htI",20,184399,2342,69,1178,2
"gYLVYMWmH_8",27,184396,2020,114,536,3
"xBJ2Yth6YMQ",24,184280,347,138,273,2
"b--qQ0DhaNI",24,184267,1379,70,283,2
"XegxhmaNslQ",24,184248,1244,136,462,4
"_64fx_t0FrQ",20,184247,1409,76,1327,3
"sbeb0Owo8ZY",24,184224,4487,175,2394,6
"ziwpActvctE",25,184190,2600,592,1252,3
"ECRJYwerVrQ",24,184119,939,578,772,5
"VoLFxWqv3Pk",24,184112,1090,72,127,2
"9HWH2WB2Vrg",22,184101,5248,39,415,3
"IxGPnnrTcx0",25,184088,325,208,384,3
"kg77MXcC1q0",25,183943,2443,625,1118,3
"ktqbLq_1iek",25,183925,565,322,594,3
"OWXWQ_FDXsI",22,183808,303,57,227,2
"Htj5VqPTaQ8",24,183675,2008,67,446,3
"3uLTn05vSEM",24,183655,4534,328,1502,4
"QykvZVFPO3I",24,183622,412,138,537,2
"S7cgtQrhwNQ",24,183569,7066,64,1029,1
"y7nq6_mpXAA",23,183496,1262,77,242,3
"Dz32jguCILw",20,183489,1325,370,596,4
"c9dJL0g0y6Y",10,183462,16866,41,707,1
"X3WycFR2XUs",24,183416,235,75,194,1
"qZIJsHfRrvo",24,183364,281,168,48,1
"3OxzVMdUirI",22,183360,0,0,401,1
"q-EITi5uROs",23,183316,3647,69,1512,3
"6ajmZr-14WM",15,183256,6372,54,289,2
"xwPKn4VZwg0",17,183233,1767,56,1746,1
"36zz7amvJ0s",22,183178,1940,83,308,2
"1tRIlkJ7sT8",1,183133,8235,134,3927,1
"MQYCzYp3WDY",24,183105,2146,54,336,2
"hDwfOJmX_h8",22,183093,510,21,193,3
"G17DoqaSq4M",25,183081,2486,174,399,1
"GOMlIxtBxts",23,183067,0,0,353,4
"kwNwYUaTe5o",24,183051,3024,218,1216,2
"3cknXfkShE8",22,183028,1400,117,668,7
"4ebs1XyhXHg",1,182965,1024,44,374,2
"NufFlOGcd9s",24,182958,4783,181,3594,2
"ZGIz7DdIMws",10,182955,721,316,1680,2
"v2EBTghijHw",22,182930,1485,80,612,4
"8Ful9r1NroE",24,182850,1627,24,252,3
"TKLjraUzHlw",22,182776,1057,258,329,1
"N0EwEP-uq0k",24,182760,4224,94,1437,3
"Kwc5TsqVYVk",24,182755,3626,205,2265,3
"D6nZKnuMqeI",24,182685,3568,40,598,2
"qCgnW_yEM3E",23,182662,2671,42,537,2
"LHxJ7TVoxo0",24,182592,3125,315,2215,2
"iTcajk1D_vQ",25,182581,3148,230,1253,1
"7ACSMxfxql4",24,182576,19371,68,1001,2
"ApKcC8oVwJ0",24,182507,1760,80,1162,2
"Ch8OIfifX6U",24,182306,192,456,187,4
"sKpgyIYy6Zg",26,182260,88,54,70,3
"X9lVbDLWg_E",1,182250,1867,32,498,1
"m2_I_z1KHzU",24,182119,7374,30,466,1
"3Q1E4WHbMuE",24,182112,3498,76,912,4
"i4TTRIXGR8M",22,182078,574,152,160,3
"lL6vE_HssBo",23,182017,4735,107,807,1
"A4ZBs7beReU",23,181920,1904,157,799,1
"_zZtQ-Tsa1k",25,181914,735,134,253,3
"nDiAGsTMGIE",24,181879,6288,68,1123,2
"hkE04Wswmk4",23,181872,1612,147,0,2
"q-BBXR9BXrM",19,181806,1315,125,1340,1
"4PdCa_MdvOs",22,181742,820,64,197,4
"qfSulwWRHdQ",1,181680,13814,42,1924,1
"ImHKgQ1dxws",24,181589,717,37,645,2
"F4SDMrZ4F80",1,181541,2845,129,892,2
"i0fkrpyshVA",24,181536,0,0,0,2
"50k0gUj0gDo",22,181533,791,198,577,2
"ENRS3KLYiME",24,181529,8294,47,1344,3
"F8SGKZWXTok",22,181436,475,104,0,2
"aaIs-StJOhg",24,181410,6329,147,3484,2
"Ksc1yILhMkg",1,181367,592,38,145,3
"X5LKm01StMw",24,181295,3764,315,5162,3
"iF02luAMlJE",10,181285,19768,243,1467,1
"zBJ8SObuTg8",24,181252,670,27,124,2
"erOlbIH1MEc",25,181135,839,122,541,3
"XJLnz5pDXdo",25,181078,596,38,255,2
"PVrgn2oshDI",24,181068,18241,17,449,2
"mZFx8Sg5naQ",23,181061,2803,92,697,1
"0TKyoGEortE",22,181008,3098,152,700,4
"W9ZZ26sZA1o",25,180959,333,12,112,2
"x210-J3OvBs",1,180945,580,53,633,2
"zbefEG-RTgc",10,180879,1729,46,172,3
"hrNiqj_Vqww",25,180877,2131,154,593,1
"9dZI6CI0gaQ",22,180846,666,24,159,3
"ks5OVGq6gWI",27,180810,3018,158,234,6
"bk-mDdF0VtY",1,180801,1229,69,124,3
"susDaub_PWE",22,180791,381,110,194,3
"NYbUflXYc5c",20,180786,4396,67,138,3
"ShhHkLJy_EI",24,180779,841,58,616,1
"CjflIsx58pc",23,180766,1885,59,542,1
"bWY-gBuZvxo",23,180671,4743,69,1442,1
"SFNvYSwOo2M",22,180588,1543,75,176,2
"tqvKriSMGF4",24,180570,1034,56,383,2
"2Kf0ZiF774Q",24,180567,461,28,58,1
"HhJAtrDNXak",25,180453,111,120,49,2
"dbLI8WcGB5g",22,180372,0,0,303,2
"rT9FWBpcPlI",24,180348,1936,29,290,3
"uejhOhya4QQ",25,180327,1129,279,456,2
"i94ZJHvtKCI",20,180313,3175,33,1051,3
"BEePFpC9qG8",1,180301,313,63,117,3
"3SdFPBdc2bE",25,180274,696,90,689,1
"bj2mgzeHaxs",24,180270,5751,66,788,2
"uLQvSMrEKrE",24,180269,1789,95,466,3
"9SWGtO9W8vA",24,180215,2155,76,582,2
"sJKvjEeVMDA",10,180206,10041,30,882,2
"n_1D1W54ybQ",25,180157,975,100,618,3
"Jo_-amL3pl0",1,180136,5627,34,1507,3
"KlvUjxnxuOA",1,180117,294,35,119,2
"pwSZkAWK09M",24,180100,193,127,274,3
"WYuaBYxapYs",24,180042,352,155,685,5
"m6NIPCkdXt4",27,179943,2653,58,342,1
"luzErwqVfjc",10,179927,3994,68,306,3
"3k0VLfHwwd4",22,179906,1073,264,447,1
"xOF3eJ9WDps",22,179875,6034,3407,2625,4
"DYCz_Di0aNE",24,179867,397,141,63,2
"xy_Lhp9uUtI",17,179830,3391,35,1305,2
"BGn9HvxuRFg",23,179762,7037,23,670,2
"NgnhhplQNQY",22,179682,552,194,138,2
"ZdI92UENDJI",22,179673,2004,921,745,4
"v9sdIe4zD88",22,179615,264,62,67,1
"fqSn0d8t4M4",22,179492,515,57,216,1
"41dJy2LCHMQ",25,179428,1390,145,271,2
"i-YIakScJLE",22,179348,425,36,77,2
"W3wYqgG3ZYs",24,179328,1889,25,671,1
"tDVs8-d5U9w",22,179293,1206,149,350,4
"6TtuS-WOMp8",1,179277,606,13,393,2
"U18MVfIc6RI",1,179065,3895,98,1435,1
"peiEEDYr300",24,178945,265,135,24,1
"UmJUXZoBVnk",22,178807,0,0,977,1
"FSFZNk4Ao2s",24,178728,17062,44,1972,3
"9ytTk6J9-V0",1,178706,5213,165,813,6
"R1KEkZvOsZk",25,178675,1000,242,1405,4
"sB514TZGuqk",10,178660,926,195,600,2
"V-CohtcA1Vo",15,178582,253,58,67,2
"FHSFDeMmxgQ",22,178341,3468,47,485,5
"ES52F8vLIbc",24,178302,11538,19,614,2
"N6Mv58kwdXQ",10,178239,12007,191,7081,2
"nN7rN_18WjQ",22,178238,1801,66,314,1
"A70OQb054qg",22,178231,49,61,24,2
"ln4hJnno9vE",1,178102,1011,105,497,2
"fGud3ivqWzE",25,178079,2238,334,806,2
"y37Sa4G1bSk",24,178062,11284,62,414,2
"mAei1XhIHww",24,178061,134,85,75,4
"mtDC0PUgo3M",22,178014,171,90,24,2
"fMqbcdZt-lw",20,177855,912,22,0,4
"ELpWvF43iaA",17,177849,275,37,111,2
"W-K7l3mImZU",25,177646,0,0,116,1
"Dh4O6QGRaeQ",25,177619,343,58,130,3
"ZN5xYUaxT5E",1,177615,536,34,370,2
"CwnkuxMq9ew",17,177565,216,15,390,1
"Gyn5vvvPb4k",25,177554,6482,234,1037,1
"lyMyLMdyD_E",25,177529,849,435,2311,4
"jgM6NP1Grr0",2,177426,854,75,448,2
"LKp5zuiyfCw",22,177349,0,0,599,1
"OWnHdflXjuY",24,177348,141,45,108,1
"lYwHOW8jEFY",1,177325,471,18,45,4
"JBAvEtOfRio",24,177280,0,0,756,2
"WulmHifzPtU",22,177257,787,30,105,1
"klM0nJ9xQAU",25,177240,635,108,205,2
"NvgvU4VAi4w",25,177215,921,66,649,3
"Gn9BgdslFqE",24,177125,3194,19,405,2
"uImlcGIDqEE",26,177095,3490,39,101,1
"2Ez_b7pi-10",24,177085,7243,38,1995,1
"F4OzZ474_iw",24,177013,1336,78,624,2
"VTI8DrSq3II",24,176979,2132,30,652,2
"JNJ79gxH23k",24,176941,452,25,153,1
"WPwAsjiCRIE",22,176830,0,0,0,1
"xJ0WB2tlzxs",24,176799,1749,133,665,2
"E226lqCN4jI",22,176721,346,68,83,2
"Am74JvkDUwo",24,176648,2912,28,310,1
"txZhr-xB-J4",22,176643,1881,86,325,2
"N9KfoslmUcg",24,176550,517,66,58,4
"adMBDxnhJMw",10,176531,1352,85,768,3
"2YsUbuzRF5E",22,176459,8265,24,450,3
"vDoBVt_kU_o",26,176456,5033,125,1094,2
"8oJpJRU4S3I",22,176362,134,109,0,2
"6grx33EhQVw",26,176346,4240,58,510,1
"X_FdbSTsq2E",25,176295,626,192,589,2
"FclI8DFWHQQ",1,176243,91,20,15,4
"eieyQOLpQaw",23,176212,5480,186,4579,1
"z5-eT0bVemU",22,176179,536,77,81,1
"Wks1mu8S5ic",25,176143,952,138,367,1
"naje3zJ0BZo",25,176100,1039,140,386,1
"AsDFsgtOuf8",25,175967,485,185,619,1
"kQRH3yDVIaE",24,175962,173,71,163,3
"cTD6giRjDE8",22,175893,0,0,0,1
"2Wg-7WMtqak",24,175827,1252,73,183,2
"pf3qOyIrZCM",22,175782,6108,445,1020,2
"79f3SDa1HgU",23,175719,1128,107,516,3
"z2eo_hNtXWQ",23,175708,7971,39,954,3
"tQeOy7uXX2Y",1,175616,2695,31,912,3
"06MlrgRubmk",24,175610,9114,22,572,2
"jPFEiGRAggU",25,175604,6448,772,1487,3
"Z6tkGO1S0Hc",22,175564,2170,47,402,2
"Zi1pxlmRq_M",24,175531,358,95,1314,2
"7ATM0FSNKrw",22,175518,4108,1189,1119,4
"9rv_mDr6GOM",24,175502,5482,22,1091,2
"Z04X5lICdkI",24,175458,558,94,281,2
"U6P159IeHP4",20,175387,4466,78,121,3
"ZKB-lQ1U8-s",23,175344,5165,181,1158,1
"sTP18BBhEzU",25,175307,5858,328,1697,2
"f9oucnI-AP4",15,175289,4337,43,528,3
"ZwLDuwYdwK0",22,175237,974,34,0,3
"3mASnfdxBRE",24,175214,4440,40,232,2
"U7JN3DNPkyM",1,175195,1371,63,122,2
"5OoaR_VIBnU",22,175106,9888,19,541,1
"_61JvWOSkVo",24,175105,1091,138,192,1
"XMSYKkTmx40",29,175062,3304,415,1263,3
"8recUXapVWc",22,175058,2855,69,415,5
"Qo8TZhxrk6U",22,175029,6399,34,681,2
"6HKZrG80mM0",22,175007,2421,46,147,6
"LJGZoTzLq5k",22,174971,1270,60,551,5
"wYdRRWCUjpg",25,174949,1657,175,732,4
"v6QtC5BAT18",1,174900,980,54,458,2
"wrDWgG3j1Qw",24,174848,5348,88,366,2
"CAn0cHJI5uY",25,174751,0,0,145,4
"kmxdLxrQOsg",22,174695,5793,97,1301,4
"DKojh-fCtno",1,174692,1598,43,551,1
"mPUrNh2dBt4",25,174649,6722,231,1084,2
"ugm1rB1qfic",24,174575,686,89,768,2
"uyaTtIOtj6o",23,174575,5135,100,2931,2
"zaeuQFsz6kQ",24,174566,4733,218,4557,1
"9RyvOmJU7rQ",22,174549,3415,284,860,2
"eoXPSmuJFVQ",23,174539,1500,145,492,2
"rgxOdOTSleM",15,174492,2509,260,386,2
"QqZmfEI-_PI",23,174444,4229,77,824,2
"0-ufNjFFgc8",25,174431,0,0,1374,3
"ySoE6wsRNrQ",25,174424,916,164,478,2
"GS7sWcr2no4",25,174407,2225,164,475,2
"aLGtS4EYA1k",24,174387,102,64,35,3
"L4Pz5IvHOLg",25,174366,221,929,2200,2
"CZVUAC0LTAU",1,174364,0,0,0,2
"H6XdLGg-TSk",24,174319,499,48,61,1
"Is6OdquHI2Q",17,174268,447,29,147,1
"T0wYDcFtONY",23,174130,992,196,316,4
"qr0u4HmoGbo",1,174072,4825,85,1915,2
"RTiQE9XE7tI",1,174040,905,44,370,3
"4W6gn_GR8Ss",25,174020,1105,115,423,2
"Vfg5Je8Bois",24,173996,332,68,361,2
"IZgNA5XJBe8",24,173973,415,38,226,2
"SgBaKGrBdXQ",25,173959,5328,164,815,3
"xv70UXybD-I",24,173930,1566,65,354,2
"V74W1SjmzNg",22,173911,530,75,276,2
"pUQpJzi0HlM",15,173854,4427,84,700,2
"sH1W7XU8Sh8",10,173815,15694,26,1487,1
"I71i2mNbzuE",17,173777,408,37,174,3
"bExZONPX-1g",22,173771,505,132,147,1
"wACWXLtVz4c",22,173684,4126,310,414,4
"UL1BPMucIbg",24,173570,954,103,376,2
"BBa5r0laeNU",22,173440,0,0,295,1
"kUG5UYhsnw4",24,173404,662,21,87,3
"yiaz9HLlke0",22,173309,1688,369,1249,3
"oZo-cSAKI3E",24,173253,6496,138,2325,1
"GTStvVb2gPQ",24,173057,2108,65,521,1
"_3f7WNX7GLs",15,173044,5095,34,821,2
"nfTNu2GUJlU",24,173044,5269,124,2401,1
"Pv8FQi8B1As",22,173042,438,254,396,3
"nwd_xRqhH7o",24,173020,3282,57,631,2
"jqXCEHxa13E",25,172987,6751,1257,2005,4
"_9SguIVvAaE",22,172931,32763,23,1108,2
"s6LlmlXMCOw",24,172907,610,39,555,2
"7ugsKtUClQY",24,172854,2133,157,263,2
"yrdu1s58eXA",15,172849,6722,23,941,3
"dz-i_VZonHk",25,172823,1140,130,303,3
"LG4n_u52jHw",24,172816,2843,57,168,1
"yeizau0kW98",25,172799,1415,67,629,2
"T0IyRk4cTt8",22,172747,1899,31,402,3
"crqqwCiGdtk",24,172643,274,110,211,2
"xmJHUQJCZkM",20,172613,5298,98,6189,2
"Br3RdigPJtM",25,172598,3985,827,1116,3
"eUwaGGd8jr8",25,172588,2105,162,970,3
"zQNAYJos1nc",24,172544,441,36,440,1
"YMQVAw6fNYA",22,172507,314,18,279,2
"1XQoPKKi8QI",20,172378,980,131,202,4
"v8zfxHbrlhU",26,172372,3258,44,284,3
"jLOFz2oBBpM",1,172298,634,21,233,2
"mszaze2TBNE",22,172273,909,105,263,3
"5O3LY5FHhN4",22,172107,0,0,349,1
"G-1A6ghwipw",22,172063,655,319,320,2
"3sfmoNKS_FA",24,172054,1839,81,592,2
"7LF4KgIYmyU",1,172035,1414,100,1250,4
"25pUSutdfCk",23,171846,3808,73,755,1
"PvqPblJfoK4",1,171831,1898,56,865,1
"vFyaKvNh7NM",22,171770,2009,186,493,1
"Qan9CaQrie8",22,171766,774,833,916,2
"vOFhNet92Os",26,171669,3081,91,199,3
"S6kpgHiO-oA",25,171618,893,207,715,2
"b58C6I6EnME",24,171582,2139,72,390,2
"8iqYYxj81gE",24,171515,1522,43,230,1
"cUWxOWE5D6k",24,171499,2025,148,842,3
"OVILLqMT0Ig",24,171453,1033,63,1087,3
"pJ-hcoesXzA",25,171349,2412,353,957,3
"Tu-hJOXygro",23,171303,2550,72,773,1
"3Q8ozjhJOu0",24,171180,1229,61,143,2
"qIvvFbWVjTw",20,171180,3113,84,2037,2
"mYQK0h25Lec",25,171155,812,153,267,4
"BPEXmrlFuh0",1,171151,5411,134,1225,4
"SdQlZHH-GGI",22,171143,717,294,609,1
"cvVZEEi7Hos",22,171138,0,0,0,2
"iGqA-p1YGcU",24,171116,3719,53,509,3
"mtSlOsBbJOE",15,171063,1245,51,281,2
"m9MU153vHeQ",23,171051,5449,67,4048,1
"W9JAVtKJlNQ",24,171045,0,0,175,2
"qmJL2_9BscM",10,170984,38172,96,2991,1
"AB8gy2pA6-E",20,170972,2717,178,1136,1
"WrxIDJZvBgo",22,170964,683,13,14,1
"2guRr9fa0yM",25,170951,524,25,604,1
"dECPzAVXFAY",10,170943,6637,115,4330,2
"OWYKrIKMO1M",23,170913,5049,118,516,3
"Bw8Zk4tWVsc",27,170909,1129,138,427,4
"Xq4MVAxeoRM",15,170863,4851,45,993,2
"a_zrIjCfBFU",22,170862,1908,156,219,2
"KMNBF1vidAM",15,170859,7022,33,1507,3
"BoRX8s4fH3I",24,170820,11065,136,9931,2
"txKVH9UvJwE",17,170809,1328,35,254,2
"Orf1_oY_fr0",22,170730,186,136,151,4
"gH0UsKNVHFE",25,170723,838,279,513,3
"yiqW2_OglmQ",25,170667,787,93,174,3
"2_ZRUd8nWVI",25,170637,5867,430,2068,3
"1RqI0-ElTLU",24,170594,2985,95,966,3
"J7lpmmn1LN8",25,170537,1467,119,814,4
"c1B14Zl1DM8",24,170520,1177,57,184,1
"C2KFv3yZoJo",22,170503,384,35,37,2
"pawrx_bSWOs",23,170475,3153,46,386,2
"MSpA_V829cU",25,170470,1095,198,1241,2
"tfMw4DDbJxc",26,170383,5552,124,507,5
"O7BFAD7yjmo",22,170357,460,13,211,3
"nVr935vfUVk",25,170346,790,471,549,3
"zCPvHP08TU0",1,170274,575,29,332,1
"ECdnlFfoOnQ",25,170264,1619,70,358,2
"cbfxxfSYA9s",22,170237,1037,512,1003,1
"e3JHWIGTB2A",22,170235,834,38,129,4
"1nrZA4YKdok",24,170226,9983,168,3503,2
"I1u59qyuUBE",20,170127,61810,80,85113,1
"SenEUIDxW34",1,170078,1664,85,201,2
"Gh0StwH-798",25,170055,10891,477,1215,4
"nyQ1c9sCjiY",20,170042,1578,171,528,2
"eVAwaHy0cII",1,170037,177,19,37,3
"Mpgg1TL1QZU",1,169994,1177,46,313,3
"cXoqBWzueMo",1,169987,956,51,313,1
"jV4t2fBe6ds",25,169971,7285,221,752,3
"zVWIgZbPN90",22,169880,771,99,246,2
"2nmjRttpeNk",25,169859,212,98,252,1
"iN2wywJ8xuA",24,169762,0,0,42,2
"cvmpYzd_PRI",24,169726,1672,89,1073,3
"R7r6Zcv5jp0",24,169683,377,215,672,3
"eRltAXhIWKc",25,169671,804,52,475,2
"gFtVjRAQnLk",24,169647,2324,51,633,2
"kYfJGA5twkU",17,169633,833,33,673,3
"aLRub_7PEJQ",22,169605,577,293,108,3
"OfmYwwXJ5Iw",22,169492,1338,64,626,3
"R7EkqtGi45M",1,169466,716,43,767,2
"Nxj0WjILhSM",15,169446,4483,44,655,2
"DRsbrcAJO9k",22,169391,1138,36,296,3
"CEW-yRtd5r8",10,169317,3650,55,621,2
"L3yEO4RdiPo",24,169279,105,45,18,1
"WOittV6F0zw",10,169249,10542,65,673,1
"mD1SA7cHEs0",22,169137,4830,69,2585,3
"zpQugtvXo64",25,169072,8532,386,1424,1
"HHM7H3PrSqo",1,169022,1241,50,204,2
"nLb1VeErzXM",1,169022,701,57,410,4
"ED2fmfAQHCk",24,168988,1597,71,1037,2
"a82kkE-UkGw",24,168980,482,514,0,4
"siiIaXFydbQ",10,168979,5972,2807,1812,2
"SSnRScFEHUA",22,168978,2190,77,444,2
"AfNxOg7611M",24,168973,353,41,95,3
"bn5Isy_cReM",23,168920,469,21,0,2
"IjXP6QTStbU",24,168792,26811,36,2869,1
"zkOap3FgwfE",22,168673,339,66,40,3
"u48Pws_mZxQ",25,168670,1619,78,1115,1
"EvRAivYWwUs",22,168660,2448,228,990,4
"1v0KogTOhd0",22,168657,2236,66,320,2
"kYETALWa4Qk",25,168655,196,374,556,3
"uUeRBu9fs_I",24,168600,2240,176,275,1
"QDpG1HEGN8g",24,168553,0,0,58,3
"_lfWp-anAhk",22,168535,1198,227,671,2
"yy_ZxZy6aRQ",25,168532,5616,1589,2844,3
"p6BfWpjp-LQ",24,168503,5233,17,279,2
"eLOa70hJUuE",22,168467,521,36,296,4
"wdb6QrYDCQw",24,168300,0,0,237,3
"sax-p51Av40",24,168228,7315,31,408,2
"LG1GdjkNwIk",24,168223,394,68,454,3
"HA9JGwTXaHE",25,168159,1200,332,572,3
"LxBOP83Fj4E",20,168104,1322,484,38,3
"3HdfZKpbg6E",22,168063,89,40,129,1
"9g669RbgbRA",25,168021,1971,121,605,2
"vkAA6wpL3Ys",24,168004,2079,78,350,1
"7pJQibw9Gx4",19,167938,758,93,967,2
"90kVwgIGeq8",1,167928,493,23,148,1
"uljc3w6Rxnw",10,167855,402,82,140,2
"P62N5Ljt-SI",22,167802,2971,96,655,3
"yxupY5yrgzA",25,167670,3518,282,1112,1
"ZnswOAkgU6c",24,167496,5131,44,358,4
"f1I2FNwajV0",25,167385,1742,113,666,3
"chkyB49OOS4",24,167255,6212,62,2206,3
"dD-PkWv8WIU",19,167253,2680,29,595,2
"NMPtCI3fG4E",20,167227,5446,121,160,3
"BokWiELmbus",24,167100,2176,17,420,2
"qmByxOvlrJA",25,167012,984,73,449,3
"Co_UXeenAjg",24,166946,1070,64,144,1
"KpJ362K3544",23,166880,330,139,0,3
"rVACQnSJIAg",24,166841,0,0,924,1
"w6iz7BQQkPg",25,166822,422,72,54,1
"xO5m79OHrF0",24,166822,1762,46,435,2
"f4Pg4-MToCw",15,166789,1331,41,55,1
"pbbo0DhuBlc",26,166722,4492,57,647,4
"gqJLSzVzvRg",24,166684,280,81,456,6
"mQ6EZMZXqoI",24,166666,956,74,270,2
"re_xz67yZqA",25,166595,1396,289,31,5
"q4Src-hrnRQ",15,166536,5509,51,918,2
"74vzQKJtQaM",24,166464,2063,152,766,1
"ibltfFNCMzQ",25,166287,1906,161,340,3
"WhHOlh1QACs",20,166246,6790,65,9778,2
"RGaft03E5D0",22,166212,1720,176,671,2
"9WR3-YE9_lE",24,166116,3813,91,1283,2
"WjyM2pzK1JQ",1,166110,4842,99,1092,4
"BmttuN2Bmro",24,166100,1664,96,342,1
"cs6E4_Tm0u8",23,166059,2748,21,760,1
"qEnqcnGbNgA",25,166054,4083,283,312,1
"HUPyfXG7kHw",24,165955,1882,77,557,3
"TFnxTp1AgQs",2,165931,1187,93,392,3
"HLQQ1xjcXoU",24,165801,1259,56,129,4
"8aXdCoRetJI",24,165756,493,31,147,5
"q5RJanNF46g",24,165688,1766,62,719,1
"I4LfxDRelto",23,165644,1161,203,596,3
"m5NG3N-e8yI",22,165643,1584,33,133,5
"Chou-Kz0zfw",26,165584,3924,129,367,1
"Zvf-I7t9Rqw",24,165574,3263,53,1361,2
"gpR3nRvL-9Q",17,165571,2182,149,244,1
"sBLqQtOweDw",24,165554,1061,35,61,3
"Dqb1bB86h-k",1,165505,3426,74,1102,4
"bZLd11XA4Gs",26,165492,4819,114,1342,2
"LsWl0DnyEtA",22,165487,1201,132,477,2
"v6LUPcwcM38",25,165466,2702,256,549,4
"zP1ngCzHBTg",24,165410,1068,52,141,1
"LDc7uDrcdV4",1,165301,760,55,122,2
"MRsXjb2JvbE",1,165291,3753,86,910,3
"GuTYtXN9Tbs",24,165268,623,35,69,3
"zw278eaPuvk",24,165242,897,148,381,2
"UO7FvuaugX4",22,165186,590,361,516,2
"dPPBXJP7qX0",10,165127,4285,41,257,2
"qlm_43UzfV8",22,165045,0,0,141,2
"WnDNj9Mgm7w",23,165029,2665,70,2101,4
"ZwikbikXfec",26,164836,1430,233,170,5
"HXDxwaS2-KU",24,164808,191,180,342,2
"wgTznjqm4_s",24,164758,3506,47,1055,1
"5IMBYmnf530",22,164754,453,114,66,4
"OKZuKR8lTgw",17,164714,2483,53,315,1
"203RUWt8gAc",22,164700,3092,35,211,3
"AOsBjdDgCjY",15,164580,654,41,401,2
"AxajGKeGNIc",25,164553,547,262,834,1
"4wByiBo9w-c",26,164496,5939,69,1022,1
"ev1HylWbKzg",1,164464,9016,42,929,2
"GwOoCrwUJT4",19,164227,291,148,252,1
"3LZ_WC6HXI0",24,164219,2150,293,1000,3
"0XjlsMiIB_Q",25,164184,6156,275,646,3
"LzchJC2dLFk",22,164179,1916,106,837,5
"CyS-PGITzbI",24,164168,833,73,602,2
"_mCe2yWc1EM",24,164142,2113,108,371,2
"5jZDF29RXSI",24,164099,4765,119,1129,2
"HanYkceqypQ",17,163901,610,48,325,1
"LfCGjcfMTGY",22,163801,4103,27,319,3
"46GWXL_EaHc",25,163786,1329,190,1464,1
"N5iWzdM85cU",23,163777,1903,68,284,3
"6WoSM6Le7mk",24,163720,416,18,52,1
"8i3BQSN5thI",24,163700,649,74,434,4
"3AYfRwDaOto",24,163665,4341,108,464,1
"PwnOFfBC3yk",24,163433,3682,65,1429,1
"SIiKZNa18P0",10,163420,4975,55,472,1
"HQZ10Chej8s",22,163336,3795,65,350,3
"iM87x8EEsrk",24,163336,747,270,1263,2
"6ucMJTcBjXE",1,163324,6112,201,1666,2
"AfI4IMKJVlU",20,163316,1334,148,558,4
"wN0YXD8nUrI",15,163261,4991,39,731,2
"Wcu-U-dQjGE",26,163251,1626,37,1416,2
"L96uld8miNk",22,163188,4592,40,566,3
"lLCUrFc2_pE",25,163183,5836,621,374,1
"IPypozAptGY",24,163164,1422,24,87,2
"DXtpQP6hluw",22,163163,287,30,142,1
"cUwmapWAC18",22,163161,576,23,189,3
"fzieaF9GbTo",25,163026,1454,135,0,1
"LzCou75OPVM",25,162995,4387,264,540,2
"2PCOcdR6jBw",24,162995,1779,47,677,1
"JJFDrBZTw20",24,162961,3085,90,780,3
"jdErV9u4M7g",22,162944,491,98,0,2
"nxARyOGiuwg",22,162942,586,26,112,3
"e_JLRVJGMyA",25,162913,1620,316,834,2
"T9mv6RGRBKc",23,162901,425,23,35,5
"gC01sGRfO8c",15,162841,7105,32,1496,3
"vHeBHIVZ0-c",25,162826,1735,111,399,1
"_aROe8rj__Y",24,162726,2184,73,431,1
"hz9MD3fWIrs",24,162696,1679,24,234,3
"e1cm5EEmk3E",15,162693,7421,56,1298,2
"zyCMQmSVS4g",25,162644,326,71,249,2
"bUY01tPm9Sc",25,162630,2259,101,586,3
"k1Ujw63QjbA",22,162626,0,0,493,1
"2Ak3NehlafI",25,162582,2213,158,678,1
"bl8emzz7IBI",15,162578,4906,56,1065,2
"1o7PYnSmvUg",24,162531,251,72,406,1
"mUVEqPntCvc",24,162512,3576,59,216,2
"CHbPLdESdaA",25,162427,968,141,274,3
"oMrQO_WuVew",23,162425,0,0,147,1
"0SAQUtDndxs",22,162403,3366,74,418,2
"G-ADM1iNssE",1,162368,4341,164,1886,2
"WEF3XZTXgwk",22,162302,3274,194,811,5
"3qHM-h5Rp4E",24,162244,7434,45,805,1
"o08sWD1ccMg",24,162212,2911,1654,1310,2
"HLlIK5Jhee4",24,162141,189,115,66,1
"u_-V1azW7ks",25,162135,2097,112,430,1
"Ld8L8p8PHpM",24,162126,5103,29,1085,1
"WRkJIPd2c-o",24,162112,2812,141,679,2
"0iPV58o2WbI",22,162079,376,121,215,6
"Ddc_HMjkVlY",10,162072,32256,60,1577,1
"QFkdlbckMX4",24,162064,477,23,40,1
"V1MabOwOvRw",25,161855,2175,135,325,4
"Z7IGL5CKQmc",10,161785,7121,111,3887,2
"2NV6F98D1kw",15,161688,5681,66,849,1
"M3nwVl0pgX4",15,161614,2031,41,233,3
"ihjhmhjSUbI",24,161585,1142,28,148,1
"HCra2h2kEw0",24,161539,779,49,629,3
"Ht9Eycfixhg",25,161530,728,339,164,1
"p9BfwEtx1dA",10,161507,11363,32,721,2
"CQ19p_VrDHE",24,161460,2297,34,420,4
"izu4T-AMZJk",1,161428,655,52,102,2
"UGgPKGi2zu0",25,161287,715,123,215,2
"tcUVL4q0Fzs",22,161244,4432,797,1652,2
"I8YkE8FHMNo",1,161222,403,16,319,2
"valS3LvjLhg",24,161218,10879,37,777,2
"5X6GODAuLiQ",43,161218,552,18,200,2
"DevFrcA0Mj8",24,161203,6157,66,558,3
"RTOPg5xiAq0",22,161157,5204,80,921,4
"R-1OaF0ZlN8",24,161149,150,26,55,4
"WYh13B59VBE",1,161145,326,60,34,2
"E_zu2XTsVIU",15,161085,6139,38,1304,3
"cZnxkBc3AtA",1,161064,3536,72,305,1
"ExHfKRUlyFs",25,160971,179,122,630,2
"kRh_yLGPOwA",24,160914,4582,106,2098,1
"HcZVzZ9ceQo",23,160881,0,0,247,4
"XVDF5G2LwO0",24,160836,2319,39,706,1
"N9ONqZ1rP70",25,160831,0,0,829,1
"LUVxvj4yF5k",22,160806,559,186,454,3
"4RBQ6P7fT-4",15,160804,2281,54,335,2
"7knvrcfojyk",22,160782,735,336,241,3
"5jI1Dak9vcY",15,160782,2112,40,640,1
"8tChIR1Y9ME",24,160740,3471,24,495,3
"lAilqHmsfSE",22,160696,1525,85,175,3
"skgtYp-Vm1U",22,160663,1218,35,342,2
"_1ar1P1-nLw",25,160659,818,177,222,5
"e5WndLSZndw",25,160623,2962,276,1162,4
"LTMF7ht2IK0",22,160519,1712,89,289,2
"NK0F09rak3I",24,160509,0,0,1262,1
"KOZcMHBdQd0",15,160496,8989,65,2467,2
"649UnmcvgYs",17,160496,1100,49,418,2
"1AHZGpBPz5w",25,160446,1211,68,918,1
"FZjSlz3aJG4",24,160423,1710,101,315,1
"HVM3izReKI4",24,160373,1066,152,1131,3
"7CqhW_tXTl4",22,160296,540,75,411,1
"Ofvv6ygyT-U",22,160282,305,23,148,2
"rb_SuxmoOOg",25,160264,2398,164,637,3
"xVqN61A17WM",20,160120,996,288,453,3
"SatRcB6IDqw",24,160105,0,0,269,2
"ahjeI4TTavs",2,160096,635,81,631,2
"4L1QmKFUcpc",23,160086,2458,56,802,2
"iLL6TnORR0I",25,160070,2341,63,1006,3
"mPSdKs-NkDU",24,160069,14915,29,652,1
"i_ecyq4pW2o",22,160031,963,279,313,2
"ZSCjN6B3EHs",25,160022,840,167,587,1
"Aywti5noZpo",1,160013,1197,91,964,2
"RgisY8cTlL0",24,159953,196,82,15,3
"vmSrUrFCB04",1,159801,1514,28,112,1
"BR7pFKoK1mc",25,159771,1434,144,186,4
"1Hwk9kCi9m4",25,159755,425,285,403,4
"K4hXLqTX23g",25,159627,757,160,943,3
"IFqNXzZSuSc",25,159614,686,105,70,2
"Wi9ZiPMdLWI",24,159581,917,19,120,2
"3mf0JocDqFg",20,159576,2869,63,451,1
"YyyEEFnKKrg",25,159543,820,101,231,2
"jZ-jxUFdaGI",10,159529,1305,71,105,4
"V6WJgpEsprE",25,159407,2447,609,571,3
"_6vq7XbddkU",1,159401,686,97,245,4
"JjVtDORGhxc",22,159309,3268,132,1231,5
"Jjmgwrq15NM",20,159289,1328,31,1360,3
"jpStWV2GHF4",10,159286,958,108,2358,3
"Mn39n3JRPAg",24,159282,1586,85,304,2
"o3BhokEVvWY",22,159259,1524,125,209,3
"mKwqZIu-crw",25,159243,2375,144,519,1
"xb-ODLumogw",24,159204,433,58,183,2
"NbdBcliDFmk",15,159196,8670,29,971,2
"gOsyzl9QXEc",20,159080,6468,90,2380,5
"C1dci1C0Afs",24,158828,4379,54,636,1
"bt2wrIN1oB0",20,158778,5434,88,160,3
"rfGRUzN561U",22,158665,355,36,160,4
"GSwe4e9HPCM",1,158593,392,17,149,5
"9q_bnft3Q04",23,158573,356,38,85,2
"Y43OaV__ZDo",24,158499,182,48,212,1
"8ClfDg4y55k",24,158250,3288,56,999,4
"g3-83jqaPSo",24,158005,9375,134,8708,1
"v7b3qzw_COU",22,157989,240,35,25,4
"ccef-xsHnbo",22,157960,2610,24,197,2
"7GeYpysCaP0",25,157954,371,86,166,3
"iX_oTO5JIPM",10,157952,18701,50,850,1
"7OmIdMeTZXg",24,157913,127,102,45,2
"RKX-CFw4Px8",24,157864,1846,103,1690,2
"O5eFXHczjwo",22,157818,1486,149,372,2
"jl7X6U_5m5U",24,157793,2922,53,891,1
"yJm7jlzzgzg",22,157771,2731,176,330,3
"F-lpfcqh4vc",22,157691,1809,82,730,3
"R0HfzG3BR20",10,157619,22875,31,1426,2
"D1nl9CyD4B0",1,157607,750,50,282,2
"LWub8IsSfqQ",24,157598,147,116,271,1
"2QsiIOL3FQw",1,157587,606,33,274,2
"n8F1dEsnQYY",17,157556,423,28,496,1
"WHERJXwtbiw",25,157554,7051,271,799,1
"TfkZ6vyrZTc",24,157502,1150,39,172,3
"oHFerm4IVUA",24,157484,2003,48,669,2
"urTqJWi6AyA",22,157457,2059,10,50,3
"W7ItpnCZkJw",24,157445,1391,76,524,2
"mmObmbyfIIY",22,157439,1376,60,829,3
"eY89WVDse3A",22,157329,0,0,449,2
"WGmU03ugXyM",25,157292,853,173,291,1
"StE0OPMbHH8",24,157275,382,87,146,4
"HCR34y4Qxqg",25,157239,1954,81,41,2
"zg5N5ppm1X0",22,157232,209,8,31,1
"XIuXsXnPaEY",22,157203,1851,65,244,2
"obFsifbrGms",24,157176,3972,193,1492,3
"QsDco69syj4",1,157151,1312,50,407,2
"TKbJcozvZvQ",25,157135,371,44,387,2
"Ev-OkBjOH-E",23,157113,2510,56,686,1
"_rZSblIBk4c",10,157047,3691,90,797,1
"u-PeNDF7jCI",25,156980,1003,49,317,2
"2TJjsembXDA",25,156958,6905,291,785,1
"HlQjQ_8Vhcs",25,156897,0,0,920,1
"y753pa-dYsg",24,156860,237,103,148,3
"gr34i40n2BU",22,156824,7308,71,724,2
"Tn2YQO4ZlEA",25,156754,2000,139,327,1
"Pb9HOEGDWaA",25,156714,1109,233,1218,3
"SSIbfXs30vQ",24,156710,0,0,260,1
"HiVV_xSpbfo",1,156612,1331,71,327,2
"gfoXLwGekec",25,156573,6487,242,1131,2
"EV2w0etPmGQ",22,156512,373,123,62,1
"pj6YBBrO1sQ",24,156439,383,58,308,4
"m39a4ta1tE0",22,156438,434,146,730,2
"cshIqYdAjEY",25,156378,1494,100,193,2
"SWge3bRsjCU",22,156333,20287,212,23421,1
"hzq5Vob5-Ho",22,156323,2953,85,330,2
"YJkknzyEerc",1,156292,685,38,110,1
"H3zM8vmymLc",25,156287,3029,152,840,5
"xP4R0zgObbE",1,156284,3828,171,1872,4
"j3Nkbg9wJDA",29,156282,3206,924,1364,3
"17dlUm292J8",24,156246,2421,32,443,2
"qFzP3bUigx8",26,156225,1015,134,108,4
"875L4PIkh-g",25,156212,374,102,823,5
"YzNEQLWrGH0",26,156152,3177,50,561,1
"lKYbNpTpkAI",15,156126,6929,34,1084,6
"dKvzqoD5Za4",24,155951,1803,138,595,2
"6Ip_ndAjQ9Q",22,155930,124,126,109,2
"h05_pvLzmts",24,155882,2684,91,458,2
"SZwwuX7NimY",25,155877,409,48,453,4
"JLCBQ4quyNo",22,155872,278,90,550,1
"zZ-FwmpB1pU",22,155840,168,146,0,1
"VUn37-r8KhM",22,155817,6743,53,677,2
"1JLKplfLF-g",25,155802,1002,233,252,2
"21DT6w3oC3M",20,155750,5529,309,7861,3
"wpg-4P1LWcs",25,155739,1974,142,501,1
"LQSWo7-ULn8",24,155734,5064,52,286,3
"hlvB04AhMT0",24,155726,1469,21,102,5
"Y8KwDa7DDtc",24,155685,5658,214,2697,1
"ZrGPEo4Evw0",23,155612,4933,80,855,2
"4tpA6d9X_9s",22,155547,794,70,675,1
"iCaXkuTK5uA",25,155501,1237,132,140,3
"22-VnYW_Udo",25,155469,1502,58,246,3
"8zBDQ3tjbWE",10,155441,580,74,52,3
"YSRk5uGDGt8",1,155438,1432,19,170,3
"kPoO3AWvp20",22,155365,1501,328,1095,2
"1rcrcUle298",24,155350,15547,49,961,1
"UayeohD8gZs",24,155291,149,470,53,3
"V2cPdu4DzQU",25,155287,673,41,764,3
"eaeYc6swTEk",22,155284,598,29,82,4
"YvG1k1ZgZTE",22,155262,227,75,40,3
"rZvZhkdScxA",22,155256,567,33,170,2
"coumHdZ7BKk",23,155229,2929,57,1093,3
"BA5HcfqiO8s",10,155174,10689,991,3058,3
"4cn8kBQUOBg",25,155157,5800,446,373,1
"JDBkVcQiKZw",17,155115,0,0,0,2
"9TtLmiXqgJ4",24,155112,4516,74,3532,6
"h5RjUCVphbk",25,155074,1894,22,320,1
"oc1yZB_Jftg",17,154908,1285,30,514,2
"9dxVHVultVU",43,154907,614,94,699,2
"XHrlzpqJBsc",24,154871,1082,26,53,1
"IffZwAudvRE",24,154834,604,183,261,5
"HHs-ZD3Fgbc",24,154813,2495,28,735,2
"2hpfmHkq9Qo",23,154783,3093,78,1449,2
"Bf36kPFsoz0",2,154781,1524,75,744,2
"hv3EuqoRPUQ",25,154767,1358,170,632,4
"YajfKmIYGT8",25,154744,256,60,707,2
"9Kf8PbuXqU4",24,154737,625,20,126,2
"YGIpeE7qsrg",25,154718,0,0,1625,3
"kApooYJsNVM",22,154694,2842,30,598,1
"XVS-lYGY_zk",22,154691,4336,296,433,2
"6mtACB3FJo0",25,154466,481,135,908,1
"Zn6GFtsE_S8",22,154408,3803,441,804,4
"tRRYItaaPTI",10,154352,3544,123,694,1
"PB_N6dQUwFs",24,154344,0,0,201,2
"dsp_MAaogwY",25,154326,2167,125,445,1
"vF-cHiTTRgI",24,154324,7378,50,410,1
"vF2Wu1ij6hU",22,154301,440,59,431,4
"WW2PKh5i_iY",22,154297,1168,14,92,1
"TpLe0zP8SeI",24,154163,2575,68,1177,1
"Uiw8-HGIogk",28,154150,4304,115,1753,1
"IihklvJYXoE",24,154115,1550,63,232,1
"CpCRT0qetn8",22,154056,289,108,177,2
"eUf4ei_sQ6k",25,154015,1985,144,621,1
"UAiUX2v4nBc",25,153971,1738,68,487,2
"gonuIZBIsPM",24,153934,366,66,209,2
"NDa9VtCcpco",24,153906,21998,39,853,2
"H4wjnsat5jI",24,153861,342,246,411,3
"EDhHQzWHVvo",24,153840,763,50,308,2
"3CY7ZqD_tRM",15,153821,3092,15,309,2
"HEWV14fbpPI",22,153809,6325,144,921,3
"7pNNYtqAmts",23,153795,3459,58,1662,2
"1so5tpNiVpI",24,153774,363,47,149,6
"ys01RoGHGm0",20,153724,2943,101,1356,2
"zTcC5tsZ82Y",24,153723,1230,85,342,2
"dpUK-FjNYxc",25,153711,9745,257,554,1
"xfq3FBPQP9c",24,153706,0,0,262,3
"Etu9bHP_bhs",15,153705,1587,76,1036,2
"5GPXnR3GQ6I",22,153672,245,142,94,3
"1bm2JvRdtVM",10,153532,9312,58,367,2
"ogzqtK36Drc",22,153521,1440,77,160,2
"LG1qCdZclFI",22,153454,1712,146,763,5
"u5nude-N6Qc",25,153443,396,222,539,3
"Mp-1hMuYqSY",24,153418,2429,69,2415,1
"nUyl8HaKFTY",25,153365,1536,246,512,7
"Ziy1cPizjJc",17,153289,373,39,135,2
"2oL1SxXP7GY",23,153283,0,0,1249,2
"vyfmefuVHLQ",15,153238,5788,51,1378,3
"mE6Yq2pZ8pA",1,153219,657,26,40,6
"hRDelJNK12Y",23,153210,2561,57,397,2
"15RtngopFd4",25,153147,258,82,267,1
"RPZfLmolK_E",24,153140,1234,82,404,3
"sQL6H7KZHvM",25,153122,430,36,30,3
"uwpy9QCf9NE",22,153105,1721,320,1280,3
"gSx-3cUkxbo",10,153022,7877,17,623,1
"lEEm1_uRij4",25,153019,5966,258,1096,1
"TXnT_T9s0NI",26,153003,3440,103,291,2
"UP3xAp2NXxE",25,152946,5606,315,564,3
"afPXybbypis",26,152916,4803,46,372,3
"fhScbOwPPuA",24,152889,1520,76,355,3
"5xd5VU8xVDA",24,152883,2196,74,576,1
"ezP1RH0ff84",22,152845,806,173,405,3
"uuhX9wkd8vE",22,152791,2876,112,354,2
"BMhR0NfRMLU",25,152767,4417,597,553,2
"cEeoSN_Mkl8",1,152763,626,22,61,1
"ihlsi3fQeN4",22,152669,5360,169,694,2
"W9XkJagPeYA",28,152567,1530,85,986,3
"l4IM84OH50M",24,152499,4685,212,569,1
"YkvbFuZOXDU",23,152468,1897,633,934,3
"4flqZAZI-JQ",10,152425,4765,40,361,3
"Stp1dXH8JBE",24,152348,414,25,67,5
"2jS9VI68JlM",15,152344,5189,97,1318,2
"Q9OdIzmMl1I",25,152330,1930,163,269,2
"jnXC_y6CSmY",22,152324,352,112,131,2
"rGv8Zp1gIJg",25,152298,7055,217,788,2
"o2kkKpOoljo",25,152281,406,26,69,2
"7bPffIZot10",10,152243,11341,118,886,2
"nviZsuKAj_A",25,152233,5845,198,524,1
"a8UH6ccDjqI",1,152210,1667,324,2189,3
"gjFgXjz0wcM",28,152186,392,69,143,1
"QsqowF-njxw",1,152083,654,21,353,2
"s0otcIsq7kI",24,152056,558,74,70,2
"rrMQJXGEJ9c",22,152036,3211,46,334,2
"PoZjtMhVUlg",10,152005,21761,78,1112,1
"I8CJnqQJVfU",25,151982,1649,167,337,3
"jmsMztMUFYc",22,151777,547,46,333,2
"gafRc-VkQkw",17,151755,333,40,93,1
"CcZ3NKEhs7I",15,151737,4727,38,840,1
"cs5pG800xDA",1,151715,1054,30,596,2
"wY8-oMul2iw",17,151671,490,46,280,1
"yPHZUzFgcPA",25,151588,1767,145,802,3
"aFcF4NQHprc",10,151574,4885,48,326,1
"xZdoIeuJ-nw",1,151562,1210,82,488,2
"O5_AjghiDSc",10,151544,14910,133,1035,2
"5H6MzBE5Egs",25,151435,838,190,484,4
"ts7XBectXZE",27,151415,2906,122,175,3
"CSztC6G99l0",24,151397,2025,94,744,1
"jaWgEGXLRL8",23,151391,2286,67,633,2
"RsXxrL2c0o8",25,151346,796,208,188,5
"EBI9NBgCIr4",22,151234,0,0,1702,3
"MAyzAXk2Nms",22,151211,667,60,47,1
"RSFDNyTUO9s",25,151205,5759,226,696,1
"kZ83rvp6qL0",24,151107,508,119,243,2
"ToHhhAmnFQI",24,151087,318,180,392,2
"MS0Yk1WIvAA",26,151071,4140,108,1769,3
"1IjKCA0xC3U",22,151040,6840,22,303,2
"bE29FBfWMdo",22,150972,484,314,153,2
"L5Gxr0cr7Bw",22,150968,12958,33,1809,1
"hnugeEQ9yMo",25,150950,370,397,368,1
"RV9EtaQu67k",1,150941,397,12,44,4
"PwFZL7G_r5o",1,150898,636,19,332,1
"aKHvNQJwIws",20,150880,4472,89,1766,1
"KUETQgRRzbI",24,150870,1441,157,225,1
"PwUYDvP3Muc",24,150864,2403,71,588,3
"c9B4YqBB-Tg",25,150833,548,86,458,1
"RE9-SP8dpj0",25,150816,1973,133,373,1
"umALFR-Mft4",24,150790,179,26,142,3
"5Tss4IekBjE",24,150775,3902,53,389,3
"wMhjAlzqINA",25,150720,5964,211,955,2
"WtYd-G0RRXU",20,150686,1964,103,1175,5
"WOHYyr9GzkQ",24,150671,3196,45,2081,3
"OR2GwlY0FGE",25,150654,819,119,105,1
"_Ixn9eRLbfM",24,150609,542,79,309,2
"X99qspE81EM",25,150561,2203,130,950,2
"IbKpjG1PbZQ",24,150549,2866,45,789,1
"ezfXyNqjljs",24,150498,1664,19,182,2
"TDRZ3MjYkH4",24,150486,5297,144,1790,1
"Vt3kUwhy1s4",1,150411,506,16,167,1
"k6VRXtwjVZk",24,150370,8034,67,1357,2
"7V6YvrzOaBE",24,150365,0,0,0,2
"g3IoscKJMHU",24,150365,2673,39,916,1
"vUB7eVortto",22,150323,194,85,49,3
"SESAgc5vRWs",24,150309,0,0,120,3
"LBKN9LCGORs",22,150298,405,359,179,4
"UScr-fnC-FY",25,150293,630,64,683,3
"jlAH9Dtf_lk",25,150243,814,121,323,1
"GkB_8jKricI",22,150224,528,32,616,2
"FTjRlX-ZQI8",24,150166,546,14,81,3
"ALzaGpnyCM8",22,150099,4997,260,615,2
"iIY3ugY8dSQ",24,149995,1085,19,46,2
"Qj5SfhAiaf4",24,149988,364,68,235,5
"1Mge0HKjM3A",24,149976,164,99,4,3
"5krIksMKa9E",25,149953,265,100,24,1
"gVZVMu1Ld_A",22,149933,145,146,128,3
"bW7sT6bVYzI",22,149693,177,25,51,4
"xe87Fxf7bFA",17,149674,299,23,297,2
"hhFU8D08f_A",24,149647,497,75,1231,6
"G8PQuphbSMo",15,149630,6302,53,874,2
"I-986GQLMlU",24,149589,2789,26,191,1
"dSnK9lys25c",27,149557,2454,104,439,3
"_rSDO329b7w",24,149526,1749,19,132,2
"0INt1NakpaE",23,149471,373,220,211,4
"I3i0aqtzCpM",25,149442,768,95,482,2
"0W5tACzCYyc",10,149397,15561,109,1504,1
"dEFzSv6mRjM",22,149384,0,0,552,1
"K7WGej9tT94",25,149309,1717,149,329,2
"6-2ocwCsK3o",25,149277,865,102,1039,4
"BMQjMwaTLOg",25,149264,1007,167,218,4
"kJDXISzENyE",24,149253,1335,101,410,5
"zGNgB-KHVpw",25,149229,1958,77,442,2
"F_6FEriGiLo",22,149190,260,93,126,6
"YyB7Kb7olM8",23,149146,1103,101,158,2
"l0_EOLme2tI",24,149120,3878,22,336,1
"mOytjtUHAwg",24,149114,2966,45,787,2
"GmjEPgdhxCs",24,149106,12526,37,1123,1
"CA98EBDxQFo",20,149003,4140,228,3212,1
"N5cPA4s4nAc",24,149002,7309,22,247,3
"aKPEJo8XE4Y",1,148976,3979,36,1500,2
"aakjPrxX7hw",29,148859,1651,145,345,5
"XxWCz9SJqgE",25,148838,662,54,209,3
"a6JWxAW-lyQ",1,148836,499,29,274,3
"frWnOCsS9fc",24,148825,6316,57,859,1
"AaZ9HlXfQFU",24,148736,121,52,197,3
"06exxH6UqXE",24,148692,245,96,83,3
"sdktOY-MLYE",10,148660,5331,57,404,2
"f3SYeVkTlk8",24,148648,532,71,366,2
"vEJmtHAWg0Y",22,148621,1338,120,192,4
"KahRvwmeJu8",22,148587,6058,39,495,2
"TCoRObOSXVg",24,148576,336,14,94,2
"eNN6O1w1B4w",1,148556,4088,51,1149,2
"_z1VLC9qFTA",24,148531,4539,73,2093,2
"h5I__k3Pi1Y",1,148514,325,20,257,2
"31tfho45iiI",25,148483,2867,27,142,3
"lZbXi822Cxg",17,148450,427,38,328,2
"l1pyiRysdaE",25,148439,5319,585,621,3
"rP6518v8tAI",22,148438,87,25,53,1
"HfHlzm1buvE",25,148370,1782,1788,1612,1
"8rG0yB41jH4",24,148359,950,231,753,2
"9LHJHXcPX1c",1,148354,6988,70,2122,2
"yPvZN0ALUM4",22,148331,280,83,114,2
"eRuiQBaDBjY",22,148248,52,297,169,3
"Ko1DpG2e05E",22,148150,976,156,413,3
"lzMLB5T2sw0",1,148126,805,40,94,1
"0UAVbNZIR2U",15,148105,1362,36,208,2
"Ss0hxl-pXx0",24,148062,3533,51,61,1
"Bv5qdDpgNQI",22,148062,2947,43,247,1
"ufZfgH7mpSs",17,148045,0,0,119,4
"CSu0dMjoYAM",24,148020,2095,121,817,1
"CWodrQvFiDY",25,148007,778,196,365,3
"rapnKFvzmpc",22,147917,486,215,66,2
"J90PtTxIpLA",22,147887,3357,80,962,2
"fmVu4XfYSOw",22,147856,5885,28,508,4
"Un0PoMWEy08",10,147820,11666,24,452,1
"ZOdXFGrFB70",22,147818,3306,221,1938,3
"KJgE4AGukEQ",25,147804,1801,130,877,2
"GFMyO59wzC4",22,147781,3289,243,908,3
"haTm6a40mE0",25,147778,5160,182,638,3
"FQeGxooBiFY",25,147738,4852,598,1814,3
"UZu9m8YC2vA",25,147738,740,182,155,3
"BHnPG0l7adA",22,147735,1659,67,285,1
"NYviL6-zjx4",17,147711,125,21,106,2
"kZUt8Id1Txk",24,147702,224,112,13,4
"dsDJ6hqQjVY",25,147665,5245,197,373,4
"l6dNjxEZXyo",25,147661,420,20,76,2
"Dt9xJWPU3Z4",10,147659,3129,83,609,2
"phMZApHRkV0",25,147652,5145,238,470,4
"yRilGUJunwA",24,147490,1603,25,333,4
"t-3HrNWZqDM",23,147489,1562,100,502,2
"BJ5iYMp6NNo",24,147459,52,41,26,1
"3Ww0lZubjnE",25,147432,779,140,330,3
"fYh-H2GOw_M",10,147426,28082,41,2829,4
"VQ03WpqlpCI",10,147425,6059,44,256,3
"kIRgm3fJs1c",22,147421,3771,90,1072,4
"hTxSaN_hlxw",22,147404,5226,91,1637,2
"tYwSp99iVes",27,147252,7259,69,1511,3
"S_5HeitA5Jk",23,147174,2413,56,517,2
"Nm7PsMycHvE",25,147160,361,96,338,1
"SIy7odd4BvM",25,147071,2978,129,608,1
"GMTt_oA44Lw",10,147066,1279,59,686,1
"dLkSgvB9PbY",26,147042,4968,74,659,1
"zMHOvFaLaBs",24,147029,449,25,108,2
"YRx8aMfJs4w",1,147027,1574,19,700,1
"og0FtVmMpCQ",23,146923,2383,21,569,3
"TYdPBCUEGQ8",24,146850,1700,50,420,3
"5k_x_7eFpfQ",24,146825,2780,139,508,2
"2A2U6Sq9Qfk",15,146793,5880,63,413,2
"2B_f1WopX4Y",24,146793,629,28,248,3
"tKRQmEyv8-E",15,146791,132,41,17,3
"Uwgl2gvN4_Y",25,146780,6466,289,1182,2
"QYJ_HxH0ylU",15,146730,1206,46,546,3
"DLLB609-quk",25,146665,5861,112,944,1
"I-0zrKkC9zA",24,146637,9233,237,1636,2
"msWUGJDOlA4",24,146594,1951,62,645,1
"FIIBgTFFZu4",25,146548,735,171,573,3
"fykOlD7jCdI",24,146542,2474,51,899,2
"cbtvz1e3yEA",22,146362,538,55,204,2
"yczM9YHv29s",20,146339,3115,70,1035,4
"cwcof34YxVQ",22,146317,472,204,259,1
"ljrf7bIItsQ",24,146289,429,30,136,4
"zFWbhXTXj-U",24,146224,3756,26,884,3
"QWDlb_BrlQ0",25,146177,1291,96,497,1
"hnlCc00rLb4",24,146144,295,55,164,3
"yxPCYPGihRw",24,146060,1998,25,230,3
"fJFi4N7l0gQ",22,146022,628,84,472,2
"VytJYw4FCGk",15,145985,5073,44,647,4
"16on9ABr2kQ",22,145971,709,18,77,2
"YHwDw1nBscc",1,145936,790,75,718,2
"UQqAqxJJSj0",17,145929,356,36,311,1
"dHxtHljzeBA",22,145924,1023,15,83,2
"8elSwLdCcgA",1,145910,3243,71,412,2
"r7adh_zysK8",25,145850,3468,222,265,3
"Jdlwfb2scbU",23,145817,2372,90,1095,2
"PSPhbPLmMfY",24,145785,0,0,289,1
"ePvDPPLQy_Y",22,145737,2846,449,939,4
"a3w2T5d7LN4",17,145736,262,39,338,1
"HIz1H_rkrl0",22,145723,74,29,121,1
"KXUsy_1Fl9Y",1,145689,2614,42,815,1
"lprn3zQkTWQ",24,145651,843,54,546,2
"7C3gLMZ0ILg",22,145611,3661,539,1548,5
"fXEhiJ6I6i8",10,145594,18555,15,796,3
"oLwMP7SMUpo",22,145591,3102,131,700,3
"ubGemgEatqo",22,145573,844,48,233,3
"Ax2sj1ej4gA",22,145554,275,51,110,1
"p8Y-VFlHZUU",25,145540,5422,924,996,2
"EgAvGRy8lwA",24,145514,1773,47,555,3
"IYIbMeABQOw",22,145302,632,42,446,5
"Fk2n0bmzj74",24,145240,9674,27,563,2
"VcuyCe1bGRk",10,145236,4559,130,600,1
"r0kBHaNtxJI",22,145200,1606,80,563,1
"PdXuijLWzAI",1,145179,1800,22,362,2
"Aj5ec_gm2CE",15,145157,4195,46,742,2
"jw0qxB7zY4U",24,145146,0,0,464,4
"L_v458Yb1Hw",23,145130,2366,44,290,2
"mBzIRtH2bas",22,145124,134,225,54,3
"aHRQfxBqNws",17,145103,0,0,404,3
"ceei1LgaMkA",10,145068,399,39,91,1
"uUsU6lWdYGk",24,144877,406,241,329,2
"kepvtIsZgHA",15,144869,5005,45,1016,1
"cg_u_ww414w",20,144734,6048,119,3492,3
"GjcFNSGq97g",25,144723,1679,140,628,2
"9RamUcXFahM",20,144605,3349,65,1557,4
"uXDwnIcliXs",24,144506,147,106,7,3
"xjq6cdPYalk",24,144469,1726,26,264,3
"OUu_gKTIKVc",25,144425,212,81,181,1
"Zr3rcqVoWoE",25,144364,2532,168,718,2
"RjyEjlRBK64",25,144353,739,98,267,1
"G5Fv6a5odnw",15,144351,4355,44,907,1
"s1pbtNZuoWc",23,144327,4665,64,718,3
"HD0gS11NF9A",10,144286,27365,58,1920,1
"3wUhh9Jao5Y",24,144284,223,24,40,1
"DpoEwMwWZ08",24,144262,3119,145,2078,3
"jFVJeZ_2YOo",10,144259,2119,82,129,4
"Z_c7NtLmkMs",25,144226,1357,162,412,1
"PkHiSD-xVO8",17,144142,526,61,176,1
"3n7CjU2_HTE",22,144121,274,89,72,1
"IHuqGxsQe5k",25,144118,523,137,158,3
"MuZrP9LCNq4",22,144102,4086,433,1268,3
"-0i1pbR4j0E",24,144093,854,55,96,1
"BKMHZ3oE1x8",20,144071,855,66,799,3
"SUFzczU-ahU",24,143975,4388,56,510,2
"XOA8XCPXTNI",22,143956,3443,135,739,2
"hfduXVZjIpA",22,143948,1216,95,160,2
"HL4R-YXNJYs",22,143939,3814,114,296,5
"CXnlA5R0_Ac",22,143910,2212,9,269,5
"fP5-GnfDG9g",1,143854,1147,84,1440,1
"bfoYi4TbRck",24,143826,2290,13,161,2
"KRIv1n4v9GI",25,143821,215,108,252,2
"2YLUU4JDaFw",1,143754,4594,268,1492,1
"oDHgfPLljv8",25,143743,2845,229,244,4
"WyZ_D9gAzXY",1,143741,2718,124,1010,4
"8AvtlsZLx6Y",22,143723,1332,144,233,3
"AXCKr-ESJIE",24,143713,194,105,20,2
"I8O7KkOiixc",24,143634,1794,24,251,1
"YX3z2ydrCUw",24,143633,190,25,100,2
"YZER4tDuwjY",22,143618,4475,51,640,3
"LdcHktJizgI",24,143588,1878,159,696,3
"zMvGs_6S1PI",24,143524,395,38,172,4
"yqmuXeKcWRo",25,143459,4689,208,560,3
"arEGRLF7wps",15,143440,6465,52,1830,3
"kKyME5BdCSQ",1,143389,4342,93,2197,3
"VB6NtOx-KoY",25,143360,378,71,195,2
"_qHaXjNfZvQ",1,143330,1338,52,372,2
"wL69hMm3uWc",24,143319,986,176,252,1
"WzMRXk6yYtk",24,143303,325,96,911,2
"XHEzU1dA7IE",25,143271,2069,95,348,5
"CFlTpW_Le5U",22,143268,2699,91,608,3
"OwE6ynFy8T4",25,143167,2101,154,832,4
"fCJWRWGp0bI",22,143053,1209,84,146,4
"K0ZZs3RPfug",24,143029,280,32,318,2
"7EEqmHy1Zs8",24,142957,3508,279,1441,3
"AOI4BW-5hOA",25,142903,1006,111,244,2
"E4_UpfbRDi0",25,142890,1340,158,398,4
"ExPnfBFrLDY",24,142880,2921,1748,1941,3
"k0DF4LSG1z8",24,142858,1083,30,384,4
"3Z2I_3O7xeY",20,142851,1381,43,766,2
"0TRMlDQBeaI",22,142743,1344,6,95,2
"11t7TAtDG9w",10,142714,8172,17,671,1
"GRykxEf9r-4",1,142675,934,71,851,2
"wBROZTDuPRg",24,142623,5516,85,5174,1
"PDFvK0GqpMI",24,142603,2778,42,1221,2
"cqnaxATh3-M",20,142514,2375,199,1102,1
"2XWCVLW-b5Y",24,142510,6510,54,1567,2
"c29iMY6_Sh4",22,142461,426,25,61,5
"zyz3rnlxOvM",22,142454,2802,51,255,2
"P4cq6APjINI",24,142444,952,95,241,2
"b-74IEMcstM",25,142440,496,278,1492,2
"CqfI41SjcSc",24,142416,215,224,23,1
"QG-H5yfkdpI",25,142401,1164,199,352,2
"m9QUFORqx18",24,142389,5827,29,248,1
"1UYeggltw8E",22,142360,774,21,117,3
"fpAKufYfAu8",26,142314,3142,45,294,2
"LbbAOjFHVO8",25,142163,880,105,240,2
"hyfyL6dWJto",10,142147,17150,24,1115,1
"wbHNXgxpUP8",24,142068,566,40,389,2
"_TfyB3ZWe40",25,141990,2869,229,899,3
"6HutjkEulG4",15,141989,3686,39,333,6
"5VwWzteDo2U",24,141982,9612,41,436,1
"36FbiYpv8nQ",24,141946,141,156,17,3
"ywEEl_ytTdE",24,141932,3034,117,1603,3
"JtgL5Sdkk2w",20,141887,3769,29,202,2
"g95mtcuHUM8",24,141879,3806,16,259,2
"cCegqohCFQs",22,141878,114,82,11,1
"oUr-ILK5J6Y",24,141877,545,110,271,1
"mI5AhvGOE1o",24,141838,1041,203,285,2
"clYlOmX8NwE",24,141726,1184,53,191,4
"Z-7hu5c-ul4",23,141698,3715,76,1490,1
"L6RgYEvnUBA",25,141683,508,112,350,2
"cOwchi6GMdc",25,141609,985,170,1685,2
"YeAps-Kwez0",23,141548,8157,25,889,1
"MMotmS8V0Bk",22,141515,2566,30,146,1
"ItrbvBiLx3Y",23,141453,556,118,608,1
"E4AhTVunqaA",1,141428,1720,49,1916,3
"eqMbbZNcFr4",24,141410,1994,343,1978,1
"o-VFF8hTckQ",22,141318,1630,29,170,1
"H_kJbU8Wzco",24,141274,4322,66,3310,1
"LrIX3uMqH40",25,141232,689,285,380,2
"25P8sFBVc6Q",25,141187,1951,161,487,1
"Gn2sa4YHoHc",25,141169,1013,121,186,1
"8YrZ9LLXItU",25,141116,1867,144,373,4
"cBvJtDXWmIk",22,141100,6804,35,955,2
"ay2wkMQdqk8",22,141083,4296,279,791,3
"hAic5CoG4aQ",1,140930,1730,76,509,4
"2lF83TOckVk",26,140855,385,85,20,2
"w3GHvLLyYUo",22,140816,5059,22,473,2
"3q562ZrrBbA",24,140791,2546,23,375,3
"AdGzuQqoWo4",10,140786,18797,81,1118,2
"65wCVplhoFg",25,140707,1414,115,471,4
"AmBfT0ftFi0",43,140701,783,99,407,1
"dcTMj2QTWE4",24,140672,2241,25,459,2
"xOsQiS_ReVc",22,140625,701,7,33,3
"khTTidccKXI",15,140621,6724,30,1109,3
"XodjsT-mjgE",10,140591,23780,26,2534,1
"IHlrzwTV3KI",25,140577,728,121,152,1
"0E5iJ4SMKgU",25,140480,3648,60,563,1
"Y3_hfvL6sYU",1,140393,1165,44,246,4
"1e2cc1icZG0",25,140359,856,229,206,1
"BNFJPJbgs9A",10,140358,1741,54,356,3
"50kDq5DxVYM",1,140340,3918,62,1305,3
"EHAKXE9hb70",25,140337,1522,111,695,3
"QSfAFf9rqg4",26,140283,598,58,979,2
"1Kdpi7P-TVw",23,140281,3082,12,138,2
"k7wgtSohJOw",1,140105,6278,122,5410,3
"sftdmk3qc8s",22,140053,3066,809,1132,1
"5OdxCSE0OWE",24,140006,1352,50,458,3
"RHjsogUcC4M",24,139962,1063,132,187,1
"1o50DUKaE2M",24,139930,1743,30,298,1
"q47mw7tK-t8",23,139906,9002,130,3525,1
"qgzMyexqIrY",24,139903,710,32,192,5
"W8n2HkMsZAU",15,139894,4231,51,1629,2
"PYF_bUXnQMM",1,139850,800,49,801,2
"F9n4_RcpU6M",22,139729,1516,81,257,2
"axR13xpjqz8",10,139616,6674,27,336,4
"5LLRK-0qqFs",25,139560,1437,205,333,3
"yjwYhflY7MQ",24,139512,1015,20,272,3
"7LI7UQ_ff50",22,139509,0,0,264,1
"0TZ0y_foyUA",20,139407,1258,213,618,4
"Kplnm_Spucs",24,139398,2635,48,151,2
"GLOWt3lAJLs",24,139388,752,78,590,3
"mLpPJSFdraQ",20,139271,816,33,561,2
"ey1onHlF5P0",22,139269,1388,145,175,1
"LxgpiOx8xCs",24,139264,5068,285,1108,4
"g0JC-v1wXWA",25,139216,6358,195,1014,1
"8hP9sWZis7Y",15,139215,3516,27,398,2
"blIV5BiSk5k",24,139209,2358,151,547,2
"XmsO8jb08J4",25,139181,1169,122,455,3
"dVM5sqZlICY",20,139168,3419,14,457,4
"OkBREMI2D7E",23,139159,3052,87,1321,4
"ZiUN-NyUrCA",25,139134,413,44,561,3
"N02gHzrEUkY",17,139045,364,27,161,2
"MAdQyx88k7E",10,139030,9832,45,540,2
"ZKZnOQlyEFA",24,138939,314,86,79,2
"RvajxJlVqG4",1,138938,1986,32,664,1
"w_9YBUDu9pk",22,138935,395,15,67,3
"Y8mk3HzoY3A",25,138847,733,121,324,3
"4ht8duqx2oI",22,138831,2888,81,633,2
"V4JzacZlfDI",20,138827,2647,104,2253,1
"ENEPAfpaUM4",22,138800,4902,35,162,2
"UwSo-C2vKNc",24,138791,96,812,65,2
"KUIOl4UCxbQ",15,138778,3805,69,548,2
"W7vNs1Eu9nQ",22,138768,3982,211,745,3
"6mMShZUJNT4",24,138743,597,29,101,2
"qOXeW94SDnQ",15,138734,645,34,143,4
"Ms0QvPJpEvg",22,138729,2493,34,201,1
"6xGOiXmfC1k",25,138723,4761,477,616,3
"SLWvjkbPgKw",25,138718,943,251,0,2
"0deY_UgyKbM",25,138713,4770,203,540,3
"oLBl7D6BpAA",1,138689,3666,74,1639,3
"XfrKFwwskdA",24,138583,1144,97,0,3
"YSd8VFhUy2g",22,138580,538,23,141,2
"EVVDGh355v4",1,138555,1239,62,1314,3
"QikgyRiIdyw",25,138523,1924,116,308,1
"YrZnePzsDoY",24,138488,338,22,47,1
"J49ZxxBLS1c",22,138485,1356,141,229,2
"JO70MGW_l7o",28,138475,218,26,431,3
"iub8oURqqfQ",22,138470,284,87,53,5
"58Txqly_BzM",1,138455,1240,745,729,1
"M0oetkBf_Fc",25,138425,3418,100,687,3
"a3SgCauUs6o",26,138375,2264,170,293,1
"CSn-2xDkzCE",22,138313,0,0,651,4
"P_P5RZOxILo",24,138255,3022,29,1173,2
"Qs1FCqZHmMc",24,138251,339,187,273,2
"n8anWZoI1rY",22,138156,1177,33,214,4
"wg26LF4fvyI",24,138059,6335,61,2408,1
"J3shan_O1ZU",22,138054,1880,58,300,1
"YxSiaWO2d0M",15,138053,7815,39,1509,2
"0tjJ59z8fb8",1,138023,2610,47,970,2
"RLpmz17IMEI",10,137982,4719,48,626,3
"qS08O9B_OaE",1,137944,761,48,554,2
"p7ZDoW3y5wg",25,137931,465,97,384,4
"s0U4uyL5Y9M",22,137881,8500,27,265,1
"vpj_n4zDn6A",25,137866,1954,114,365,1
"aaM-UHSOMkI",22,137809,1150,20,125,6
"VKtLCfw7Ajs",24,137775,3503,46,1376,5
"pGW-jhANlT0",25,137709,965,111,228,2
"lz4Rqrg55KQ",25,137701,6678,170,422,1
"-3nnuiNRVE4",24,137679,0,0,479,2
"s7FB0WmiG_0",22,137614,4567,227,539,3
"qxipThiZZzw",24,137516,2267,40,393,1
"RynMub4PT80",24,137496,0,0,0,3
"TX52YlufjEk",23,137468,152,61,66,2
"4GZenwaS1ok",25,137419,6475,239,998,2
"nwNqyBD2b7Y",27,137390,2434,73,688,1
"DyOarF2LhRM",25,137387,0,0,1109,1
"Qe6ZChJww64",20,137371,385,28,117,3
"cKjzc7Yca78",24,137318,174,117,30,2
"ptoax-I3vJo",17,137281,539,30,262,2
"zpkL-72OBUQ",24,137220,2877,42,888,2
"7qj_qRuLaaM",22,137194,2456,19,159,1
"xh2d50uFh1Y",25,137186,1437,224,535,3
"SDmKwm1Ekq0",24,137152,1582,43,282,3
"j8gHWkkBoN4",10,137118,3042,19,136,2
"ZiRQ5ptGU4M",25,137097,1476,227,1441,2
"Kt54eDu4wpI",24,137060,210,72,40,3
"IonwgULFE8o",20,136998,4140,37,81,2
"fAH3CIleArQ",22,136995,2719,46,517,2
"3LPYZCX0O0Q",24,136951,1072,161,131,2
"xAgaxiFdM0Q",24,136899,2174,54,416,3
"haMDrU1Dkp4",24,136867,1491,61,598,5
"XP8ex-GfPVA",26,136862,3182,88,548,3
"K5_ETzHsvzg",25,136812,1457,159,687,4
"I33sbaTRmRQ",22,136736,8112,39,213,1
"mCXolFhkuE0",15,136704,5524,62,290,1
"eG4tRD8Z4Sw",15,136690,4292,35,680,3
"scVoTN9kRfM",22,136653,154,111,266,2
"gE_4NTFoTNU",15,136583,178,54,18,2
"OqrDtWC_zM4",25,136577,996,120,314,2
"HsCCVm_cHTI",25,136502,561,54,293,2
"gwfrWR-24L4",27,136463,1294,115,476,3
"1Jnd8n75m5E",15,136418,216,41,56,1
"F0Mq4AYysSU",25,136322,347,50,124,2
"zsWjciPqoCI",24,136308,2505,627,654,1
"QfOYjlv3mLM",25,136306,442,89,599,1
"k-F4XfTXliA",10,136299,5223,73,598,2
"SWjOJGNgveM",24,136297,1101,46,350,1
"O6QsFUh6YPU",25,136286,989,54,572,2
"L0U-Zhnc9x0",27,136275,0,0,0,1
"WMM3Frk3he4",22,136264,1193,75,119,1
"UGAXLXVQgHc",24,136218,412,53,279,4
"E3UYjFdhop8",24,136189,481,47,232,1
"evqTmYueF0c",20,136161,5668,35,272,3
"358BZHesC9Y",25,136138,263,70,100,1
"pOCW_rDLedU",25,136119,895,176,438,4
"mt64pNqwbJQ",24,136104,1099,28,149,4
"X5bjgUnTi5M",43,136029,765,167,1385,3
"ipfU97TPQtM",22,135996,9601,36,826,3
"ngdj6_G2ypQ",27,135988,4237,73,433,3
"BAC0ZOBrm0g",20,135987,432,18,115,2
"uxYWbx6shdU",23,135986,587,57,271,1
"7ghITwGhCJs",24,135966,457,65,115,3
"XkY422c7dVs",19,135960,112,91,349,4
"_6RWNZD-plQ",15,135931,187,34,33,1
"OektyOriDok",25,135783,2877,332,570,4
"PfLCyR6Efvw",10,135775,1023,50,728,3
"vHZlyH1BTU0",22,135741,2188,26,542,1
"WAAg7mFEa7Y",23,135733,3144,48,463,2
"kMkhZNcQv8c",29,135724,3092,269,1443,1
"hfO7bky_jJA",22,135719,3782,348,1730,4
"59wo8La-M_g",22,135711,2637,253,1145,3
"uOkzdO3VOhI",25,135700,6008,169,782,1
"JRVfJQcpmYY",22,135666,776,27,109,2
"19G30P_S9VM",10,135656,444,71,96,4
"PetCx-d6j4c",24,135628,0,0,250,3
"mJHptnqovew",20,135586,1210,73,632,3
"QrmERUZG2vg",24,135531,2449,22,434,3
"PAwgOobaduA",25,135531,463,74,26,2
"AHBOgzFwzBc",25,135476,1144,59,287,2
"mYiBNq-Lut4",23,135476,3513,76,676,1
"WylLQKPs-1M",25,135428,532,74,930,3
"7UqLOlJT2l0",1,135403,532,20,276,1
"TWqmCFBylEY",10,135379,8566,22,638,1
"UDoQD-UMy1s",22,135316,627,223,301,2
"Lh8WNF2sVhU",24,135308,1284,65,384,3
"cRcV17HocJk",25,135301,0,0,543,3
"W5Uk7NHaxq0",22,135299,5468,77,260,1
"LikefF9xqN8",17,135290,543,11,35,3
"R39RqzhMkyU",22,135272,683,539,233,3
"HKCLdvVbh8s",25,135265,800,115,1206,5
"YSxlo-QBB3E",10,135258,8613,256,991,1
"vWxpy7AklnI",24,135243,3175,25,345,1
"CY5qRhHWbzo",24,135215,3050,67,1366,2
"_-WI5D1wLic",22,135208,0,0,0,1
"De3oQ0Wnroo",1,135207,287,17,159,2
"9gP8yDIWz-Q",10,135191,13781,24,1351,2
"FjjoRUKqaJg",23,135128,1212,274,886,4
"V_9mqRsGLkk",1,135128,3291,68,954,4
"Aq3hunGWCB0",22,135062,644,68,69,3
"ktWki3H-iQE",24,135061,720,65,562,1
"Jwt80BCR4AQ",25,135050,1867,129,179,3
"pp7Moo3RlPc",22,134967,385,21,95,3
"x8OtYvBAfwE",1,134911,2659,103,670,3
"-6jZwlLw4Fc",25,134846,8979,160,1395,3
"YukTwhRQp4k",24,134796,6980,35,291,3
"smXPpA9r__k",24,134769,131,20,40,1
"whLD2R66BWA",22,134604,2271,25,174,2
"FlakpUUyTM8",25,134510,40,11,99,1
"gKYgZbPyyMA",22,134509,1248,16,100,2
"4oen_AiSfLU",24,134486,1975,31,479,2
"4DQTA0X-xRo",1,134460,506,64,240,1
"lO8ak2oIgoY",24,134412,1978,114,953,2
"9edRJPSDbgw",25,134258,448,94,238,3
"cNAdG9WZP4g",10,134251,1673,26,223,1
"PPKgvVDMGrA",24,134249,2189,32,850,2
"qQGRY2CXj3Y",22,134234,248,106,182,2
"oVcgQT5wcmY",24,134222,913,38,568,3
"spY-5Z6W0aY",24,134219,2941,76,1063,2
"qGnDVs4BL-Y",24,134147,739,37,462,1
"YyCwYv55J9w",1,134058,2948,20,146,1
"EhKTPqJkWVE",24,134033,5623,117,2634,2
"iNHTWyL9eSw",25,134017,1845,124,622,1
"zPScPbYYa6I",22,134005,1342,86,180,2
"f6SlkFbu5NQ",22,133976,789,132,285,3
"zykFS55-SQY",29,133954,2919,129,892,2
"WJ-fi8tciWs",24,133933,1083,16,240,2
"4v2ahOoBPWM",20,133924,823,26,0,3
"0CRgv61t4_o",25,133910,807,91,183,3
"7U0TYVkr0rg",22,133861,5145,157,674,2
"zFOBtDbO8sU",23,133826,1478,403,1432,4
"9LwXLXoeoE4",2,133820,1042,101,368,2
"188Vjha0Ysg",1,133768,6548,22,1111,1
"bW4qi9tcj0o",25,133750,2977,157,643,3
"AD010cMxGvI",22,133729,3045,93,631,2
"XHTdOIbwLIE",17,133701,313,18,98,2
"Ml2rg9FYDJc",1,133658,238,38,203,2
"BZhlJRSWiFs",25,133656,788,225,711,1
"wElpRMHgwE8",22,133626,1685,45,441,2
"4-gUswYolY8",25,133625,341,65,126,3
"RG2aK0EEaEs",24,133621,1821,147,308,1
"5ULAYvnwwYw",24,133597,695,62,578,3
"8vhjN_UPYbk",25,133590,6389,182,650,1
"XJEXaSAv4Ao",15,133584,3927,49,668,1
"nY7-dsmFt_o",20,133579,1146,14,304,2
"DJGyZK69Jvk",22,133575,993,79,254,2
"d0-65LQvUSo",25,133539,0,0,416,2
"rGW_MinxgOs",15,133517,1261,116,171,1
"lEy_XobnhGk",22,133479,48152,82,69274,1
"d56a6sS-bTw",25,133460,624,152,149,4
"s0iABSzHtqI",25,133420,834,96,241,4
"BJQbN81IOjY",24,133397,3351,72,480,3
"5HdZfWPr_jo",1,133381,5583,117,1400,3
"yhyNGKrZuRQ",22,133370,644,18,88,1
"d8O01Q7JLwc",24,133288,569,26,80,4
"ZKVq8ObPSyk",24,133273,1020,31,167,4
"Yub7yrRErX8",25,133270,992,525,481,2
"f_aJ6B4nd98",24,133268,552,692,0,3
"PRE-fwHaq4w",15,133245,1944,58,342,2
"ELWiBMD-ZHY",22,133226,276,17,133,3
"sK2MhqE9Mwk",25,133177,5568,316,434,1
"qxjGLf6ttrc",24,133151,2828,70,2039,1
"xl_OB6k9Ofo",23,133050,916,34,201,2
"oLdDu7l2UIc",22,133047,1698,65,344,1
"jNAqifM_UUY",25,133046,465,142,885,1
"qswGQ-aay1w",10,132970,4574,72,268,3
"NyoSzv2ogx0",25,132917,5559,235,647,1
"SWNm3SvQ2VI",23,132886,6099,33,559,1
"BCk1hOqdxJQ",22,132882,6122,75,560,2
"egC_AkQqKo4",25,132839,3122,52,414,1
"FUUvkNHnuBM",25,132836,1490,101,469,2
"s8JDJD1lbTc",10,132714,7217,46,668,1
"beYaYEbIZro",24,132687,768,129,2139,1
"pOLQ6uueDS4",20,132607,1037,49,185,2
"hfqVpBdKBZE",24,132578,4179,103,2051,3
"gfa-sHYnLsQ",25,132543,0,0,744,4
"YkQZQNAaDXY",25,132536,794,130,469,2
"shjKJ2QnxQA",25,132527,5144,522,1254,1
"CVtZnr31q48",25,132525,6775,157,595,1
"MrCHIqfrugQ",25,132494,2025,202,889,3
"dXpMzMdGM8k",24,132464,2475,28,301,3
"qsFi13b0mKE",27,132452,4782,40,280,2
"9ayyMdvdkuI",25,132420,964,116,453,4
"JcYIXLXuap4",1,132363,2032,77,1399,2
"xy-fRnUPBYA",24,132318,199,99,121,4
"qolJ9vqIwtk",17,132313,930,141,509,4
"01Jx4x-SKUA",17,132294,1480,41,562,1
"Z_4yddODWnA",24,132225,4652,30,584,2
"CyxD8amRssA",25,132200,416,52,158,3
"GCS9Iql7Mco",25,132182,140,233,114,1
"ChU5KLp48Fw",22,132172,710,112,170,2
"lrv9XDjYamc",22,132092,259,134,156,3
"aowIyCa-2uY",25,132091,1591,47,151,3
"vMahFFoHRmU",25,132063,1108,103,502,2
"BgPgEI9tHps",25,132051,1780,105,388,1
"PqdWyre33oY",24,132036,1968,114,575,4
"ngLASaIqhg4",25,132025,0,0,193,3
"9pFwz2h9vtU",22,131960,4065,260,1304,3
"ccr5pyxT8-4",25,131958,1632,125,700,1
"hoarKhHD2NQ",24,131897,5521,54,223,1
"8UMaupdZKI8",22,131894,1303,160,160,2
"HEwEanfIL1A",24,131838,4206,42,1255,2
"x35N8oTUIZI",25,131832,1873,173,634,4
"nwPjqvm3WEU",10,131738,15413,38,1656,2
"LA_dVE_Hhy0",25,131689,0,0,597,2
"906S4su4CVE",25,131669,1596,131,558,1
"0FZwZV2JYQg",25,131634,6099,313,529,1
"f1CLkWkVRko",24,131561,2250,89,559,1
"E1sTvBy72MY",25,131490,1215,90,350,4
"OZ9ibCAh_J0",24,131479,1198,95,422,2
"BVi3Keu9f8M",22,131456,3900,57,528,3
"FEksoYQNAt4",22,131452,2395,126,869,2
"H_1kNBCuWsE",25,131448,6157,317,757,4
"Ah-ilYinjlw",10,131437,1054,81,894,2
"cplEUy1zk80",22,131353,417,62,510,2
"Bqzbt6Ywu94",23,131326,656,50,190,3
"MdWN1jjvTuc",1,131234,6192,189,2188,3
"4KV9AhdL4mY",24,131175,1927,86,444,3
"TekKa9r84UU",17,131171,107,75,308,2
"Y1F166aRLoM",24,131145,1996,72,681,1
"FJac1p1dPBU",15,131133,4946,62,891,2
"KStqqYRGdMw",1,131083,4763,87,1332,5
"l2JL-NQFsbA",10,131029,2368,13,628,3
"DmBIXZnf8c4",22,131027,268,42,95,3
"wsjdcYUt_pY",24,131024,423,32,24,4
"zLW_ZlZAL64",24,131002,8498,42,595,4
"8LhgKQzJRBo",25,131000,5788,98,585,2
"IecEF9vncn0",10,130981,1472,48,335,4
"_Ne9ER-jr20",24,130948,3121,55,988,2
"9DtDR2LHrNM",17,130912,1190,29,1105,2
"LS74a_bbOgE",10,130897,1689,26,137,2
"Haw4TdnQXRQ",24,130844,5299,24,818,2
"_0Ibt99A7lA",24,130794,9455,24,1543,2
"zpSeYidciC4",25,130737,843,97,260,1
"0IX2sB_8Qk0",24,130701,2483,55,1099,2
"WFRwT6-B-W8",1,130659,2457,35,1074,2
"s7daypc_U8g",22,130613,440,353,21,3
"CWdm9ESkTfU",25,130577,764,117,352,2
"3_CX02qS3lg",25,130561,824,129,375,1
"PNm9AYppt38",24,130551,97,27,70,1
"GFuNcbk9F1E",22,130507,1655,180,382,2
"pRafWkyIXZY",24,130442,357,36,160,3
"CI6uMF7Tz3I",22,130438,2664,47,477,2
"xzlOydKBaaQ",22,130424,2953,42,367,2
"wTB-YY1Wd6w",1,130365,1011,59,729,2
"7Bpp7OuCezQ",24,130350,249,64,18,4
"xzS2UMnDMVE",27,130304,1407,44,497,3
"o8ZV3EiGc3s",20,130275,1386,144,534,2
"V9ApMPUDGf8",1,130270,4439,80,1058,4
"9mhRt_t4wio",10,130267,0,0,0,1
"sjuMYSqZsiI",24,130214,812,60,549,2
"84pn0YzsfE0",20,130211,3691,54,605,4
"WtSuq_AtaTs",25,130122,1282,144,411,1
"49OmQY_QpDk",24,130120,201,90,50,2
"uic36KctjAk",22,130102,0,0,130,4
"uFrXxpEvOn0",25,130101,329,423,847,2
"H75bkxZj48c",25,130007,126,71,159,3
"5mX9fLEyHfI",24,129989,1674,15,129,4
"LEHupZjbLWQ",24,129977,269,24,148,3
"s_Z2-oiISE0",23,129976,2701,55,545,1
"UECu8AnGG5M",25,129942,946,106,513,5
"G3WEXIXXl8Q",25,129923,4687,432,1252,4
"fyTmwXAXDOM",10,129913,463,90,138,2
"BF61iASfkFQ",25,129847,0,0,975,1
"mobuPi8J-Sg",22,129837,694,132,213,1
"S61RUfJJ4qE",25,129818,1915,111,697,2
"A2mzOSHPEew",22,129810,587,66,144,2
"qsp52_OMols",24,129763,1289,51,230,1
"JqyTRJb2n6g",20,129758,1376,151,476,3
"yjU83ZjF2mg",25,129751,4934,178,660,3
"Qj9lqMY6hsA",20,129742,1919,139,700,3
"SrEXwgzjml4",1,129739,364,44,0,3
"A4Ii4ayOr_E",24,129626,1639,70,502,5
"EaQVAd8Qs_A",17,129620,163,28,36,2
"Py8eDiY7sK0",25,129603,660,118,557,4
"P3pHsD6UTSo",24,129592,5208,48,1053,1
"Sv7hcimmd-k",25,129585,1870,105,238,3
"Uku6dPXd9FY",20,129554,4384,49,89,1
"dk0oUQMVSHU",1,129542,527,12,303,1
"1XrBJrLAtTY",25,129519,810,105,514,3
"oV_Z6DX9-4g",22,129500,800,56,129,2
"xf2Ono2egCo",25,129468,1666,78,451,1
"Oto9SpkhuUI",17,129409,184,41,236,2
"pLhNRH-DRIk",1,129349,305,11,136,2
"93j15b97VTE",27,129343,5117,52,1374,5
"PDUQFFEY92o",22,129328,965,28,105,1
"vGHv-aie5zM",22,129292,1924,19,59,2
"HSV6Dwkj960",24,129271,4463,30,1445,3
"l3E-9eHJm2I",22,129209,121,50,4,1
"gIG41XSZFmQ",25,129209,874,105,288,2
"VBTMpbN-f-4",24,129196,2296,130,1244,3
"kwIRqz_BfHs",24,129188,448,208,251,2
"OcNgmkv3LE4",25,129164,920,129,421,3
"CTjTi37ezbc",15,129149,5473,43,249,1
"JJoUnyMaMpo",22,129135,227,57,35,3
"cTGrBstNRjU",22,129096,798,111,0,3
"aLz48KbQSqU",15,129075,5067,59,164,1
"q8v9MvManKE",1,129075,5067,59,164,3
"i-Hvlu5EbwI",25,129067,1143,34,141,2
"PNZhrJRu4ho",22,129047,1178,81,394,1
"ls6DTZiWvqg",25,129024,1011,64,235,2
"NyeoSYQA7sQ",2,129005,1236,84,471,2
"nIGCMr5tS9c",20,128974,1216,128,754,2
"VPhvjq5sy70",22,128856,3746,471,2053,3
"BAxmhh6gB-o",25,128797,0,0,891,2
"PbMs1W3wcOI",22,128765,137,66,11,2
"hhslImUixEQ",20,128748,1576,20,446,2
"HH8WDM6z-hg",23,128701,5279,38,230,2
"6Y-hNp8OusU",22,128694,4168,34,346,4
"fTu_rn0HgPg",25,128673,1429,47,433,3
"t5_Zgd378bc",1,128638,502,17,72,1
"LfEQDtayABE",24,128620,4246,40,860,3
"xX3UWxKthqY",25,128615,0,0,0,2
"yvZFJrR5-QA",24,128589,0,0,240,1
"ZbqReuUilHI",25,128585,0,0,904,1
"cgTsDR8b-50",24,128492,165,33,76,3
"hBxpk2ubBg8",22,128477,0,0,204,1
"buzxG21U3Ew",25,128435,6164,274,475,1
"LR_vRr9DSTE",17,128386,329,15,103,1
"OTg-JqJ7wMg",25,128364,4762,365,1193,2
"67scADNUlfc",25,128352,962,199,161,8
"7OUeM5FN0V8",1,128337,3731,44,1219,3
"WfprxYWCVe8",25,128304,5492,288,444,1
"A-0kuVoy7Z0",1,128286,867,131,353,1
"6Texkjzs5vk",24,128273,10734,39,781,2
"FXptWy-Wlpo",22,128225,1493,72,212,1
"4dCcqShIPcA",24,128155,3617,66,1148,2
"QCAE4L5e5M8",25,128116,5227,197,836,2
"bMcjmuT7j0Y",24,128106,2116,84,500,4
"8rjhHG_gM5c",25,128071,288,44,101,2
"o_v800Dy7LU",1,128028,1107,105,861,2
"AIuQ6Xz1RRQ",24,127981,1632,100,401,1
"gqh1zu0wU4g",22,127926,383,20,53,3
"XQgXLS1LVZE",24,127913,125,92,70,1
"lUkcmGgfm_Y",25,127854,359,59,358,2
"7_ZhhfBXBf8",25,127824,835,94,224,3
"MBOPChpMpSA",25,127824,793,109,267,7
"gXS4JP1-EwE",25,127814,692,98,235,3
"nSfgCwnvb0g",23,127771,1288,80,536,1
"GwnIiAdHNxk",25,127682,284,63,403,5
"uP3CZzFqS00",24,127674,215,83,232,2
"CFIc96J55ow",17,127584,215,14,150,1
"Wu-gCUaro9s",26,127577,2831,66,228,2
"S8paaBRZ0yY",22,127556,5024,46,300,2
"7ILbR3zdg8g",23,127500,3213,47,1176,2
"1C6mT9MxqMA",24,127449,2816,107,1117,2
"exIlvP1Cpp4",1,127442,1756,63,710,1
"iFA0tRBZpsA",24,127418,1453,49,324,2
"OX1E7C4iZrY",24,127378,1973,31,717,2
"SCXVpOX19Fo",24,127354,1357,57,553,2
"fIgqEL12ppI",22,127291,1462,82,173,2
"hN8YFcvkyjs",22,127291,1404,146,201,2
"pKgrkAT8Kwc",24,127264,433,41,246,3
"FKvXyLnY6RI",25,127258,6240,435,550,2
"DHO_0yWcNTI",24,127227,2544,44,447,2
"e5amLUZJU-k",1,127218,1064,67,479,4
"9I_r9LWszY4",24,127190,1290,7,80,2
"TRxZJ8QbvoM",25,127186,915,153,492,1
"9JEFGT-ggKw",20,127156,840,21,180,4
"XTAEmhb6l3M",24,127131,8235,29,439,2
"WyPtSWqzcr0",25,127114,1050,77,361,3
"vRRvtZp5dw4",25,127101,6556,175,1335,1
"TmDS13yfMkM",24,126985,1622,81,813,2
"M4ieEIz94V0",22,126972,8228,111,625,3
"VKgGjNMhJgM",20,126800,4009,51,45,1
"KeNNiB_RKj0",1,126788,2646,108,763,1
"bY-EoRol7Xc",22,126688,433,146,687,1
"B0-896-JPcQ",25,126680,1637,101,385,2
"mvIMupPoXvM",24,126672,2563,51,866,3
"tfm8UjcOVVk",1,126656,3630,69,1217,1
"OI5DxmqoJbg",22,126608,3815,427,784,4
"_9DXRJ6X8ZY",25,126606,4617,159,656,3
"iKCp8kbX8Rg",25,126589,0,0,0,3
"zCFr-_EMS0Y",22,126577,4505,53,232,2
"Nmq7C6i7r_0",25,126558,824,109,256,1
"N2CYC_8Uq00",22,126556,589,31,233,2
"sHgUYNp2bHo",17,126548,0,0,117,3
"VJJXqYipEOQ",24,126545,1382,83,325,4
"DS_jxOokff4",24,126531,2184,64,1183,2
"2SzUJsHCvSw",24,126503,2858,27,422,1
"WhluoRqLmnY",24,126468,958,67,274,3
"cunB_kmXDV8",25,126443,983,53,242,3
"tBJhP1_j4f4",1,126408,243,22,79,1
"srLk7-nzlV0",24,126400,156,111,9,2
"VKyKQq1DRQM",23,126366,1188,39,462,2
"LBX6M9KzEBA",25,126319,677,141,134,3
"oYz9h6r586c",22,126315,960,543,0,3
"ByKclDkxPIo",22,126295,188,29,43,2
"E4jEEdU0zrI",24,126287,298,31,115,1
"DRAEpIwwW9o",25,126248,5521,138,926,2
"uLFhdCLm5wg",24,126158,3239,55,1581,1
"zUfmKK535Hg",22,126155,469,66,413,3
"AmWJyaxg0F0",25,126123,450,102,236,2
"Qc2jyFlVnw4",24,126060,0,0,225,2
"2cee5WLVvCE",22,126055,1544,675,2693,2
"Lm4CBuNkPgE",1,126033,224,8,148,1
"JdPLfdi5brw",20,125984,1788,25,322,3
"ystolo8qAlM",22,125982,3925,402,1879,3
"sN6-HEVgNdo",22,125958,0,0,485,1
"lYnPCtM6-lk",22,125958,1648,148,209,1
"J1wqaIkiT3M",20,125952,1945,30,692,4
"2wwEyNnBpTM",24,125946,1322,48,424,2
"9akI7kahHV0",10,125924,2503,29,474,1
"Zeu2hT8laFo",10,125915,106,30,66,1
"vGVTPNu6qZk",24,125749,2825,49,1209,4
"GMwhwGiGG_Q",25,125697,4430,141,373,4
"LgT5_-ohefY",27,125626,522,58,95,1
"NgIEgszQ_Yw",43,125578,434,129,660,2
"zfDgAK4EvU4",22,125570,1250,81,136,2
"7QAcZQouw-o",25,125559,434,63,162,1
"ro12B8Q0ML8",10,125559,4101,72,201,1
"TRAW2mxH5pk",25,125555,1488,217,835,3
"2gVtoTQa0BY",23,125536,1580,240,1435,3
"rwzrnZTJ5V8",24,125531,0,0,113,1
"in8ASe6J7h8",24,125520,1482,100,0,1
"jufRNNTsmmY",26,125438,2415,48,1074,3
"5niHPPEy_0E",23,125410,2295,36,604,1
"OxdR-O-76mU",25,125405,5050,177,452,4
"MnPMmp1t-2o",22,125312,3359,47,289,2
"YjTkQnbWPT0",25,125285,4897,721,947,3
"y0FaCqnF60U",20,125285,1762,79,477,2
"xIylWcyQD38",25,125274,639,58,154,2
"OMthmcDP2tw",25,125215,0,0,0,2
"IDFDt2pH43k",25,125162,1285,117,583,2
"UZdOtEMNc84",22,125020,274,49,179,4
"ARlC73XuRrs",25,124983,6151,168,649,1
"MkbGntit4_A",22,124951,2957,30,340,5
"8ndykDFsIco",25,124943,5799,160,294,6
"g1keCme8PtU",22,124942,893,21,111,2
"D8e9SLRmubs",1,124874,1802,95,875,2
"6HuQv1kWpJ0",1,124847,1468,48,349,2
"mpYLdfYH_Sg",1,124833,368,15,141,2
"F4Efq_dRgaQ",25,124826,1702,114,364,1
"d1R8PJdInq4",22,124769,3007,19,181,2
"3xBXzKn1Y_Q",24,124696,279,53,287,3
"cxius0_o4Ho",10,124664,21197,61,1624,1
"AM42gqapnKs",22,124629,4720,35,269,2
"l4gx9LMPH6s",15,124597,703,87,439,2
"NbCVNDnAEYc",22,124585,1067,103,137,6
"R8saNrl0cu0",24,124583,265,44,298,1
"BtSqDIwAboU",22,124553,211,19,93,2
"Tk1hEZkQDu4",22,124549,1602,9,67,2
"Sw8xY6171bc",25,124508,534,73,959,5
"fSaJaa7DsrE",2,124493,890,62,297,3
"Q557d7j8KHw",24,124483,2536,49,1534,4
"oCBfc5o-WIo",25,124478,831,89,176,2
"5ZvkP3IPzgY",15,124473,5577,27,1124,2
"MMsdhPfpjbg",1,124434,3575,77,1925,2
"KX1HwzoPpx8",22,124393,677,25,40,3
"NNWIF0aa8sU",1,124358,3217,19,1172,2
"3iHI9nB_yxw",25,124346,664,99,140,2
"ip8LA-LI9aY",22,124327,4240,34,443,1
"W8wu-NQoGW0",25,124272,6049,355,2224,1
"bH76_zVOoRw",25,124244,1089,184,898,3
"F3ZctkJ2CI0",22,124202,701,78,649,1
"_QKU4z2Q4x0",25,124172,753,123,332,1
"4eqRXmjXLEM",29,124164,3385,157,1047,5
"PpqE0s3tGsQ",23,124075,0,0,189,3
"dCdQZxAgiu0",25,124033,175,20,188,4
"1uWOJ33ILOM",27,124025,1866,114,200,3
"bEZPtkeQhJI",10,124008,449,88,42,3
"NWI5Xt2zdIg",26,123955,2181,39,258,2
"umj8WGzKRug",22,123906,1296,87,146,2
"PUhnnCOXSVw",25,123905,1516,115,760,4
"cCRceXWtI74",26,123806,1783,42,1369,2
"XKFi222kJGc",22,123784,664,118,197,1
"hf-QV1IJuJo",25,123761,816,118,109,1
"fDhSLHX2ZtE",20,123746,3463,59,1999,1
"Kij0Baij80c",25,123711,108,63,49,2
"0pUaU2WXGss",25,123711,4130,223,500,4
"ZbxWcO5fO4k",15,123703,6672,28,891,2
"LeOeTdnGDE0",2,123701,60,8,107,2
"0vwH0mMCjN4",25,123684,5035,150,609,1
"h54CZKkSyC0",1,123649,3118,37,932,2
"dDtQbvg_WiA",24,123646,1481,61,689,3
"WrKzRd7J0uA",22,123615,1707,13,75,1
"kEDECG457U8",24,123590,951,46,331,3
"PhvO2jNxIQk",25,123587,5375,179,569,4
"hARI_ONtwsY",24,123586,330,48,100,2
"mOTyzYU_TQk",24,123558,4098,16,567,3
"YQQsywV-pUU",25,123493,1533,119,263,2
"_w66iOpXiBw",22,123424,3358,20,325,2
"qxOxnjz5BVM",24,123359,2227,145,1414,3
"Uq-zUsTs7M8",24,123334,1112,51,437,2
"BhqsdWxAHeA",24,123247,5622,38,1273,1
"2vjmBKgrNgI",25,123238,5703,252,533,1
"2EMTSjlLb_A",23,123234,1920,43,489,1
"Yi9hV3LlgD4",1,123165,451,23,267,2
"aKh7kgHKLVo",25,123161,4282,98,435,2
"D8tOv58_VL4",25,123141,431,83,113,3
"o62QWQGfkK4",25,123096,1952,136,469,4
"6X_aM8H6k_I",23,123096,2118,46,444,1
"yVZfBm_mQts",17,123036,179,105,479,2
"K4L5NsyVaN8",20,123033,3722,63,3775,3
"ARH6QnzqB6E",24,122989,324,49,59,1
"0PAWK_LyoBg",25,122946,4613,134,549,1
"tie567YdO84",1,122902,869,15,66,6
"0bIpxZ5o2Ek",22,122894,3249,133,262,1
"TmcJlzFyIC4",15,122881,6425,26,1083,3
"jFWUx8mDrhg",25,122874,2210,192,514,2
"hVsuHXmvInY",43,122846,688,58,90,4
"kpiEWiVYEQQ",24,122842,3633,69,1484,2
"TYxPfQZHkf0",22,122814,0,0,172,3
"WSb_6pzY-LM",25,122793,591,63,296,4
"xyfwmEOQ08c",24,122724,618,27,105,4
"fZAZkx2wihQ",24,122717,1754,51,754,3
"lsO9aCgwY3w",24,122693,344,43,108,4
"DCMXDm9QUIY",10,122562,12896,31,1148,1
"5ri_1Q-_vek",25,122524,0,0,457,3
"bZDAbL2FjsQ",25,122500,149,56,102,3
"eJAAz_8bSNc",1,122499,2663,21,98,1
"ZPok5jbwK0o",25,122450,122,67,31,3
"FpZ8Y14QR3A",27,122406,6435,43,1572,2
"3hrZ1MDYHis",25,122398,732,139,342,3
"Q-IdAkJLAKI",10,122395,6212,23,243,1
"fhlACDXumf0",22,122387,4661,62,282,1
"ZOfQrpo2T_c",24,122344,2182,14,516,1
"esvFGfu19Ns",24,122331,7876,29,442,3
"LE-mHsl5VXM",22,122319,152,103,10,2
"7AzvVWCrzPk",22,122305,61,46,9,1
"D8-nIS4fr2k",24,122284,305,48,248,2
"JhcKBd1vHCs",25,122252,2347,301,1542,2
"6sZZnKTxgDs",22,122229,301,23,20,1
"epv-Ay9N7Uo",24,122185,1938,45,567,2
"im280m7BYd0",24,122082,0,0,385,1
"pfhcmqD2hmI",22,122072,5614,207,590,3
"A7cS5cSsW0I",25,121962,1263,42,259,2
"FoBDscZNdUY",25,121928,1468,115,221,2
"bzyNVC2mzaY",25,121920,754,120,229,1
"KPpB8K6spvU",10,121899,1654,53,765,2
"oDh3pOpNCTs",20,121887,3681,21,906,2
"ANZQk5k6pm4",17,121879,768,39,623,2
"7ogPDBkWFvU",25,121873,387,143,165,3
"CQHGzERXiqI",22,121871,1251,54,296,2
"P9v2lMHc1GU",24,121865,1456,52,457,3
"u5LhiF5PzQ8",24,121852,2137,101,1236,4
"zLguVs3IDUw",24,121851,4803,84,3232,1
"gUhqkJZAL3E",25,121824,471,135,986,2
"ItJaasrbEE0",25,121696,815,122,329,1
"nuNx5WWBj0s",25,121626,3639,202,391,3
"mG0sNbnd6a0",23,121595,1191,109,494,3
"t1RJEmGmG94",22,121494,1555,71,272,2
"wM2d790OKoU",25,121454,671,113,149,1
"_g5K8GSvbvQ",24,121443,1282,81,638,3
"Get8xXCPKHw",24,121365,2479,41,78,2
"zyiJqMO8K8I",22,121361,150,81,8,2
"zuqHt55d2f8",25,121356,783,93,288,1
"sFHVNncN0D0",25,121352,5864,276,297,2
"I_0T96JAcQo",23,121338,2090,19,451,1
"PillQaCGOr8",1,121305,784,83,259,1
"T4AEfAT3I_A",25,121299,680,91,312,1
"A_0otnobW_g",22,121252,395,30,230,4
"cz3T-S1rqNA",24,121243,6712,22,338,1
"jlfybgGRF9E",25,121223,762,110,230,2
"sSTT-MMPMqQ",25,121211,5366,185,587,1
"JrSzuqKOyX4",22,121179,371,42,288,4
"f-8vR9QK30M",24,121176,1819,97,390,2
"acHwe-IAvzo",17,121170,0,0,173,2
"SmUXsqDZEY8",1,121138,1003,84,240,3
"iCs0Rmkf8CA",23,121051,4486,19,306,2
"QdEbT4tTXFM",24,121045,0,0,689,1
"nRrq5ndU4dU",24,120973,1554,102,636,2
"y1BBeP1kntc",22,120935,2310,239,925,4
"ZTp0yEjXCro",17,120854,367,21,315,2
"sKu0YreD6ec",20,120831,2972,124,2402,1
"gcRyTzhkVF4",25,120822,5074,210,691,1
"KQfYropoqQc",24,120766,2030,40,472,2
"UDOHHf7NYok",22,120760,1324,150,269,2
"dhqA1ud0TrI",22,120731,126,194,627,4
"0TnpN0acrdY",24,120642,798,61,79,2
"OFbY_f8PvKs",10,120606,4026,75,370,2
"yWwoDZW__6s",25,120555,1010,157,532,3
"VbbtnV_vJto",22,120551,549,17,149,2
"pB3OU3-wOYI",24,120508,507,39,100,1
"mfy_9rmtvKM",25,120488,695,33,214,4
"gz1USnw4b80",23,120418,5373,150,555,1
"JZjap9jlAgc",25,120382,1632,176,824,3
"q1JKcwVihak",26,120366,3157,39,216,2
"xjY4GWE5Zqk",10,120348,6804,71,764,2
"df6eaJ2ZbT4",24,120344,122,69,109,3
"9KCuX77tkzc",24,120332,0,0,405,3
"RgNtWrlTiIA",24,120316,2943,32,1771,1
"nXwflMNfkkI",24,120249,3189,1408,2492,2
"gndjbkmb-0c",23,120247,1946,43,294,1
"KycGvvtN_WQ",22,120225,126,80,0,1
"eUFvNom-7Ug",1,120211,3523,32,1427,2
"QZE1BsMKDxk",23,120200,151,89,111,3
"2CCVqyH0LJo",25,120149,2038,387,1335,2
"uVX3L9FstAI",25,120104,684,156,192,3
"0CH8qUdClBk",22,120092,1163,24,127,2
"V_X3B40Lahs",22,120030,1132,125,173,2
"EC0fmVEI_xE",25,119999,1011,300,375,1
"97tQM__8w2E",24,119969,3269,54,1260,1
"GA4hEH8d3vI",22,119940,774,33,721,3
"m34LDqa3NLo",24,119905,491,20,87,3
"TqFYdRBzpNU",25,119898,1675,280,626,2
"c1BmYJc9dP0",25,119878,4940,144,564,1
"Zos5fvQy9Yk",1,119864,271,10,97,2
"KEvH0ajue04",10,119862,8125,112,4027,2
"GdjytUsZZpo",25,119845,353,54,150,2
"5iqBMzXuZZk",27,119839,2314,53,4,4
"v06uxHyTtPU",22,119818,2243,53,414,4
"cqloMyUVLMM",24,119794,0,0,293,1
"b7fj-pZ-36g",25,119780,7377,277,1121,2
"pgPuvotefMQ",22,119762,692,36,607,1
"40m19cg2oWs",24,119748,189,42,196,2
"j1lhLxKAgUU",24,119646,3950,67,955,2
"dnbZRFzJ9DA",25,119620,1349,94,105,3
"qN0lYobOtPY",24,119619,295,96,22,2
"WL7zIMeSZUE",22,119608,68,138,67,3
"V8pbVGZVY7k",1,119573,314,6,97,3
"zLNsbtZNeZE",1,119521,0,0,113,1
"eMdl4tRQmsw",25,119504,1376,104,219,3
"Zy1OC86UIZ8",24,119475,3962,32,347,2
"rqo-Tj_etbY",25,119455,1740,102,617,2
"uwljRXl5fjY",43,119417,333,40,157,2
"uYQe31Mln1o",24,119371,452,31,53,3
"xmX_z88WqR0",25,119358,6999,148,448,1
"oPuZfBKg0fY",25,119343,1637,130,250,3
"kzQdA-A1-G8",24,119219,2363,37,1165,2
"hxMiF3Qc6dY",24,119206,4089,63,1501,1
"p-VwcQvSsOk",25,119193,287,55,424,1
"PrdgeHfeecA",25,119159,764,149,320,3
"zYd1xX-tQbo",15,119146,959,24,151,3
"2hakiboLZWk",25,119137,696,148,517,4
"_mqc9kXzCjk",17,119132,629,28,616,2
"17qFYHhOWCs",25,119130,846,136,453,1
"o42od5GB0gQ",25,119121,706,82,164,2
"5HWcSNo3lLw",10,119098,7124,25,632,1
"1Pbgg_30KHQ",22,119060,2897,1232,0,3
"Lt4k6WEXPnk",10,119031,3649,87,306,2
"UppQqReB7fk",24,118991,6221,239,1361,3
"18v0EKntIYw",20,118973,498,36,165,2
"F1Kvl8DImYw",25,118967,825,84,211,1
"TEOsK8PemM0",24,118924,2633,85,201,1
"cyMEfK0aqn4",2,118918,1903,45,529,2
"Ytj5vjB7UVU",25,118905,5594,241,328,2
"vMKs1YP_eTs",17,118901,357,22,212,1
"L_KGT3retSc",25,118877,6231,135,826,2
"SFmmVSySHZM",24,118874,2153,14,72,1
"_UAgLWVShYI",26,118864,607,79,559,4
"LOeEW94thVY",15,118848,5097,24,1253,3
"GgG2zW2Wn9M",25,118827,806,133,105,3
"oMaeYVepP0Q",20,118821,2237,17,442,2
"luAtfRo6nB0",1,118802,9136,33,1074,1
"Y8oGefTJfog",24,118743,2058,64,432,2
"wD-78YJw3rw",25,118699,657,82,138,2
"t8UDmsxDWYk",22,118667,5216,548,1098,1
"vY9iQ61qwQc",24,118657,2117,49,1388,1
"oPit6tM1zGs",19,118616,472,51,52,2
"sT3wZggnptg",22,118607,1147,11,98,3
"x4Z4ZjXHvBY",24,118592,423,153,135,5
"TtIQUtPC8mo",24,118555,880,86,342,2
"LcGS-5rL36s",26,118536,4266,62,970,5
"2bATdAQiro4",25,118496,736,84,293,2
"jjFbQ8jgoNE",24,118482,2334,38,1288,2
"Uv06fB5ELx8",22,118477,3607,42,478,2
"kbbVPbUgLnA",24,118449,4675,45,269,2
"mMihJgQwx-U",22,118415,114,99,16,2
"raZ8IFGoRZA",25,118387,718,36,306,2
"auZr4iVAE04",23,118300,1872,65,527,1
"NAO3Y1l_ZgI",25,118288,1099,245,255,1
"V8L49i-CA90",22,118272,1854,56,172,1
"bVib2MGFYEA",25,118223,614,130,320,2
"yikHJ2rbX8s",25,118172,1418,84,197,2
"4AgPyjXtVMs",22,118005,177,103,87,2
"6FcnMZxPf7k",25,118003,0,0,573,2
"OpND9DJW0kQ",25,117995,529,125,309,3
"EdQf1MPDg3M",22,117981,5401,76,374,2
"8q5GfiwPxVo",24,117967,2576,40,286,3
"srGviVoqe3Q",25,117967,680,270,0,4
"CITntGCAGlA",24,117953,788,130,201,2
"KjCdqRiqaWM",24,117942,215,60,332,1
"Zy0cdjFW-as",27,117927,1773,103,222,1
"JkcCp7-_Yyw",25,117922,0,0,0,2
"lUdTMr6r0y4",25,117918,1349,95,212,4
"vk-4vCEzUMw",26,117917,491,119,37,4
"BeDGRnHGE8Q",24,117874,155,121,16,2
"sGyfPdMs--g",20,117791,1519,59,485,1
"SXpcJ44WHGQ",22,117757,4572,18,355,2
"BAxpxw61mW0",22,117752,97,48,101,1
"JxZU54Dx9Ig",1,117749,694,16,344,2
"TCvIqFn3gqg",24,117694,189,43,28,2
"mmLPkA8ojjQ",24,117683,2838,24,349,3
"uvTJxEfAVcA",22,117669,1358,138,281,1
"hu5LOmyY8Yc",15,117654,2943,41,537,3
"QUn7YWpeXLo",25,117652,1091,197,1005,1
"w1yllevnJBg",22,117643,822,121,176,3
"UeOODMQi6to",22,117635,487,9,27,2
"42M31YliUok",25,117628,957,92,284,1
"O1Roia90bnA",22,117619,931,51,176,3
"8FHYNThjoA0",24,117616,602,56,309,1
"aWpvHRqWS6M",23,117589,1368,172,1718,3
"C3CaXTaq9rQ",24,117584,123,39,19,1
"AfwHbg097kA",25,117569,569,134,248,1
"G9jHnuMp-zU",24,117554,601,11,15,2
"TcX9w6gBwyk",22,117552,417,30,315,2
"lFz7gq6lPDs",25,117511,313,158,554,4
"HinuVNSHwbA",22,117504,0,0,0,1
"y-9iXCpFOmM",24,117475,123,20,96,4
"VT2GAR7ensw",22,117464,1194,138,153,2
"boXSCDdzMdQ",22,117457,0,0,113,3
"pRV-54b5twU",25,117345,0,0,2432,5
"B2t9yRwmjfU",25,117327,285,23,46,2
"lF6JebqcvDc",22,117286,1125,69,318,1
"mrjj9aFEoXM",22,117273,110,127,25,2
"Ants5RYUF2M",24,117268,673,21,50,3
"Al1Kx09xhPs",22,117209,4171,184,563,3
"JEQvn7aLqfk",22,117153,159,17,28,1
"A4w1V1ESgDI",25,117150,917,105,650,1
"NFEGedlpOLI",25,117139,719,18,220,3
"SzT2g6FrJEk",25,117110,490,85,161,1
"J-ClS1soKlA",25,117104,5038,574,901,4
"_c-IE8yaqxI",25,117097,560,11,171,3
"y1g-umbm5_o",20,117096,813,20,643,2
"n_hRBE7oll8",24,117091,397,22,39,1
"KTykoHLKrOU",24,117086,2664,1187,1235,4
"2a_kptIy5Qs",20,117057,2539,27,1283,3
"bGTrN9a41ew",22,117050,0,0,0,2
"ZH2U6qXkLL4",26,117032,2588,37,197,3
"SXdpfk8YdxI",22,117018,139,192,159,3
"_t2nP_YMJt0",1,117007,276,22,265,3
"86jhhrPacSM",25,116990,547,60,98,3
"LKIHtCcUTYg",1,116932,1503,33,441,3
"R5txQHXzHoI",24,116911,613,21,159,1
"pHzrXB2s3-U",22,116909,165,29,169,4
"XotklD6-KSg",20,116887,3748,49,129,2
"tpy1hu_yhU8",22,116818,2673,15,357,1
"O51ECZ0NrzM",25,116772,915,42,1237,1
"5i5biXZKap8",22,116764,511,23,162,2
"b9gBQqFS0f8",25,116713,4602,216,553,2
"A-5ACJgzlq4",25,116693,4413,239,476,1
"QmH6v7v7QNY",22,116682,492,113,108,4
"zXcMrlAPtiA",22,116621,3655,38,523,2
"9ojmAJvyvcM",25,116605,606,124,196,2
"VJmD34f6AmQ",22,116603,287,44,124,1
"4sgr4wDTgNs",25,116579,1028,87,230,3
"fcRVdHxKdKQ",25,116572,728,103,202,1
"95KQjmFW8gw",24,116520,509,130,0,2
"E8gbqOkOhNM",25,116515,1365,72,417,2
"qusboDN_6h4",22,116487,1565,79,225,1
"s1p8TbU-uKU",23,116484,3234,102,1800,1
"nHt_nB_Pqj8",23,116467,6095,13,573,3
"Ggiv3SEDTws",24,116442,3780,55,504,1
"aXTGMckLQ70",1,116387,504,18,258,2
"1JH2BRfbxIs",24,116380,713,30,37,3
"H3Ew5bJHR1Y",22,116374,2650,38,309,3
"BcvSl6FKIDc",24,116368,335,119,102,3
"zHiEkvlLHG4",25,116362,1053,99,917,1
"SjmGNIobV0s",22,116318,1020,78,132,2
"ixR9SJduy1M",24,116316,526,17,82,3
"PibvHXbgeio",24,116260,1039,30,265,2
"Eomh5YAXABU",24,116217,163,116,95,3
"FS_CkKLvEDU",24,116189,1052,21,108,1
"OCDfqv05_F4",25,116185,687,65,169,2
"gZc-KxDlZv4",25,116185,2035,89,544,2
"bA66s6yqMjo",25,116172,174,206,500,1
"1kqFkbU6YFo",25,116166,623,96,150,1
"XzuMEG6VBSs",15,116164,5066,18,1124,2
"zwtS3pk7zgw",26,116144,2635,35,298,4
"VEMEgM6ZL7s",26,116121,4929,59,414,2
"Zbwt5eRyr6A",1,116108,4855,124,1108,3
"f9eX-WYdBxU",26,115991,4536,41,498,2
"OLLNgq9R6jM",24,115973,1552,31,150,2
"PsFwtImQhJU",24,115954,191,53,228,1
"vEA_C9JbdUM",25,115902,5732,414,898,3
"4bqFcHI_dGo",24,115897,724,63,709,2
"piKbONWVIW8",15,115837,1364,51,265,3
"jUyjXC4jYMs",24,115832,239,71,18,4
"r58nZTVAI2k",25,115794,4452,292,479,2
"5B6TwCrH_OA",22,115753,1108,218,297,3
"UVdQNVp5TRM",22,115713,2362,57,654,3
"kCUXeszP_A0",22,115707,367,98,184,1
"X-Fz2nZfyzk",15,115706,923,126,126,1
"4hKMGMlkW7c",20,115681,14629,114,27922,5
"Ve_E7IWwkho",26,115658,501,61,16,3
"j0yLSsE1vrY",10,115648,264,49,118,4
"doyJl2tiug0",25,115587,832,61,273,1
"nvCokwTo6kU",20,115552,933,224,3078,3
"ZRdwvjRTzO8",24,115547,2375,75,1070,3
"cVnLsc_yG_A",25,115544,771,109,218,1
"Nx0G8vIkpBI",22,115531,658,163,203,4
"IXjXBp9j9Yw",25,115525,5030,163,571,2
"rW8D42l8nBY",25,115504,1743,63,265,1
"Xvp4I_MGq5U",24,115479,579,60,291,3
"KQksDBZibe4",22,115454,201,73,168,3
"4oIgtC_q2I0",1,115435,4379,60,1051,3
"4c2wA_3LiRI",22,115432,1561,20,108,2
"xFMcbMXOwV8",24,115410,4502,331,706,3
"SdQYLz4T_Eg",22,115399,1969,21,175,1
"NUYzuO-7GBs",22,115358,4043,40,624,2
"Nz-8sOmn2zw",17,115329,0,0,26,2
"-5fkEs9W6NM",24,115326,1854,41,405,1
"cd5plzHp9Mc",10,115306,7748,15,688,1
"XUhCSWmJd78",22,115273,454,29,11,3
"1hih5gETZhg",24,115242,246,42,291,1
"l4cPxVRJw-k",10,115209,6489,41,190,2
"97p_uL0XeEI",22,115209,1703,33,265,1
"DnGFTDjVecY",26,115197,1804,30,71,2
"C8wXn0Xdp1c",22,115104,3045,50,340,3
"LsVxzNv3XAo",22,115101,299,149,101,3
"O9AeDrQvWOE",10,114959,6484,22,692,1
"1yZt1OV1iKc",24,114931,6117,98,6065,1
"DQJp8uoRSXk",22,114906,3213,444,929,3
"GVC9gCVvjj8",25,114894,801,92,312,1
"vYvpf3rIVyY",24,114885,916,22,155,2
"4Nxb_nQDYWo",22,114858,252,40,36,1
"MsHRYRfr0sk",22,114836,0,0,1206,3
"MURt0KGzGnY",24,114825,3076,61,1260,1
"P6M1RNJbZHQ",22,114803,5490,111,478,1
"k1c5qvV7KuQ",29,114755,2299,354,972,3
"pSobjOf8GnA",20,114749,3122,26,522,1
"pghSpWQNkBU",10,114736,1054,120,1121,2
"pPDExussfQE",25,114683,6815,169,1880,5
"0YHpGt6n5BU",24,114683,152,156,52,2
"o5wlMK9pVnE",25,114681,284,29,114,3
"Dg2SP_yc8t8",1,114659,1416,86,3916,3
"Hx6C6tvU2oQ",25,114653,1174,193,1081,4
"kbgoFF7LO2I",23,114648,558,44,356,2
"Iv1rullfSsk",10,114613,7098,138,351,1
"Ld9tM9TIzd0",22,114586,357,113,59,1
"mXGgEesWL5A",25,114532,981,155,424,5
"gzHJfrNBD7U",24,114500,431,92,302,1
"F5D3AtgEG6A",20,114455,3096,211,962,2
"6sSIDP8-OmA",23,114383,1854,141,1399,2
"DzIeYd0Ib2Y",1,114383,634,16,324,1
"qBAt7ad2Vcc",22,114383,3008,71,744,2
"JL5wMp8SjNk",25,114371,402,112,412,1
"YJ08zqUVemg",27,114354,1297,84,634,3
"80JusC-G-30",1,114341,918,19,210,1
"qhW9NMp-QAU",25,114308,567,100,189,6
"uR-denA_o8k",24,114237,911,114,163,1
"_9Wpd3LvGWw",24,114234,2868,44,856,3
"W4-Bd9uXfeo",25,114224,0,0,607,4
"ALynb0Jue_4",25,114221,5068,151,421,5
"D63RCw3rzvY",22,114218,436,71,85,1
"4_7810_88w8",23,114203,1660,65,417,2
"s3Iu3FiC3gw",25,114196,798,142,356,2
"uScdly6foI8",25,114183,1111,157,469,3
"WJ71ZwjmLJ8",26,114175,4526,48,250,1
"JRaQM0aBtVM",15,114120,4261,31,736,1
"PSmQFfIXjhM",24,114106,2956,9,265,3
"SFW79SFROJw",22,114100,2962,35,669,2
"OqkcuRz6WTA",22,114096,1173,80,141,1
"5n09lkZAp6c",25,114059,552,709,1483,1
"Tj_7l7IlhnA",24,114034,117,35,73,2
"A12oUGWmjIM",1,113987,1499,24,421,2
"OKTjGE_qG2Q",23,113957,2409,90,754,2
"pDTFdD8GawM",1,113954,1093,93,453,3
"7TWMyFKAg4s",1,113888,397,16,487,1
"IVbH-thk1YI",22,113817,3469,12,632,2
"4hl43rE215g",22,113801,513,72,249,4
"o9rRTabI488",23,113782,0,0,158,2
"erEAbklyn00",24,113774,1024,44,258,2
"6cdIi5WYY_Y",25,113746,5379,150,524,1
"aQs5B1AbCXk",22,113731,3343,33,219,3
"BarIkWRuUrk",22,113707,1006,489,614,3
"fbS6L9fjfRY",22,113660,222,14,45,2
"ZFX42JkV7S8",22,113625,408,55,127,2
"fHWeRwjN6h0",24,113625,1081,82,244,1
"6E-xM2zOAcE",27,113582,955,101,323,3
"rwnlJ0z9T9M",22,113574,255,27,47,2
"VVAjKWB-3k4",25,113501,2545,121,400,3
"GCKLZJhihSc",25,113500,3918,601,739,3
"NpdfKPm_c0U",22,113491,939,34,227,4
"MHDhszMJnQo",22,113491,851,49,343,2
"WiE0fVDSPsA",23,113455,4721,43,1316,1
"8DGVp45-OBA",10,113442,352,49,47,4
"X9gCV62IeFg",1,113424,1142,70,412,1
"pyP0VkvdFEE",24,113384,2300,54,0,1
"jp8KVJzbbKg",24,113361,57,23,142,2
"LlsyDl2wRbE",24,113329,4731,22,510,4
"IEkM1aW-MTI",22,113322,345,49,100,2
"3KEL4YFwd1A",24,113311,195,212,14,4
"3X8Qb3J_xm4",22,113298,2115,19,334,4
"FnZk8farod8",24,113246,1422,50,652,4
"agMZEk2zJ5g",25,113190,4575,313,608,4
"0MvkwJMeac4",24,113186,203,26,91,2
"zp0_OnQO0Dw",15,113130,1264,19,225,2
"p7fyuhbzFJk",10,113107,5837,26,552,2
"4uzRjPjwZt8",43,113105,348,12,132,2
"NRzo3i-0KWo",25,113101,4518,234,705,1
"mTpGbXJrLUA",22,113039,515,44,210,3
"KGDtqKn_vDE",24,113039,2086,14,136,3
"pD3AheSmrjA",25,113038,960,176,126,3
"v71KuwFoqcI",15,113022,3070,51,623,3
"HAFg7hFSj5Y",25,112996,1167,104,96,4
"ngxA-M6yipA",19,112995,230,91,148,1
"7xw8cgwhPTA",20,112994,198,56,333,1
"HP03Uxtm6eQ",20,112943,3563,38,1084,6
"Af4FMAihyhQ",1,112934,114,3,15,1
"r2A_SH07vD0",24,112888,1176,132,370,5
"lrQ5HMmZjlo",25,112883,80,24,148,2
"9pK64Jd-PmQ",23,112872,2346,45,1028,1
"dFJpdVXZBEQ",25,112858,29,3,5,1
"-8KS5WROXyY",24,112848,1267,24,171,6
"mghMWzEJS9I",22,112806,641,60,201,2
"B0JIeAZ_nHY",24,112783,4707,40,471,3
"8IiBe2TGciE",15,112744,4951,20,654,2
"adhEDl9jDIo",24,112724,1314,18,239,4
"smYWZhuuiQE",25,112709,5307,145,630,1
"bapq5samgqo",22,112678,0,0,291,1
"RVyoCMw0_7s",1,112669,1045,55,931,2
"HG6AqB2XlzQ",24,112646,3519,170,511,3
"MkmdRgBdPAw",24,112644,1235,15,178,1
"07TRxphiiXE",25,112639,4405,119,360,1
"iGJr78SGPK8",25,112635,1565,70,377,2
"cAMvS_nMlVY",25,112630,6282,294,1184,2
"8y0hCkCSk2w",24,112617,0,0,209,5
"QlmnNV-OvAE",24,112616,2351,45,200,2
"Og9EA6x8SBY",25,112603,4917,156,475,4
"Q1O9fiyrrvI",10,112594,2740,30,260,2
"ii2bt0TRcko",23,112550,1553,274,1020,2
"g7xARDxd3p8",24,112544,272,32,85,2
"cAw9vPH8Y6I",24,112544,1021,44,230,1
"a9VmS0nEVAw",26,112519,2218,60,257,4
"JEplkta6YII",22,112464,4857,81,303,3
"WghujinlV78",15,112455,5092,28,647,1
"a6tFBeZdVZ0",22,112384,633,80,86,1
"qfq-fNKMoq8",22,112380,709,12,221,1
"3Ou70HAdcv0",20,112310,529,18,55,2
"ODrnP-wO-rQ",24,112215,101,114,46,1
"V5g8bzkzxIg",22,112184,11057,27,964,2
"TX3FNMWbA1A",22,112122,1027,5,351,2
"t9SGIL53xtw",24,112079,297,18,247,3
"aKrPv42YbJs",24,112079,405,18,77,3
"IcXns4niC00",24,112039,232,40,230,3
"UHHS2BNut7g",10,112013,3145,67,224,6
"lxlTvBFLpbg",24,112011,2467,72,198,3
"wh0oT1ON1_M",22,111908,1662,68,272,1
"Hh2UnCV_Dko",24,111882,1638,26,59,1
"VdrE39kT8ZU",22,111875,5458,60,344,2
"ubMXzWhTCPc",20,111865,762,27,710,2
"iStEoGnANcg",24,111841,7394,153,715,2
"5tkazEvByx8",17,111811,955,53,248,1
"6VrWItx-e68",26,111770,939,13,0,2
"rIAbhe2G37Y",25,111746,1193,80,526,1
"gZxzbKfgAQs",24,111740,790,58,132,2
"svl4NiPb2XU",25,111707,4991,169,515,1
"zkPZgXzZi1I",23,111632,307,58,96,1
"GRWh711Y_dw",10,111615,2822,36,242,2
"tAwX19PC0HU",22,111573,6088,17,282,2
"0FYRkg-6g-Y",1,111528,1023,54,232,1
"2qKidELbthc",22,111477,1238,116,194,1
"lAitYNdAv3s",25,111436,1313,170,381,4
"AWE5px5Rs58",22,111423,4265,52,1216,1
"ChuszUjU-9Q",22,111400,0,0,737,2
"BJSJF_mSHLY",25,111400,1184,78,196,4
"ktVPk-oPAII",22,111328,2294,26,159,2
"1-HE8j--HtY",24,111302,1177,147,629,5
"1Gi6Bkid3Ks",1,111295,3014,34,1419,1
"VT1NDQAa2_M",24,111256,388,26,84,1
"dKKXwkI0P7M",1,111250,967,12,245,2
"In-zDjvvvBU",25,111243,710,84,177,1
"00xln7mca-M",24,111223,2975,43,371,1
"cmYydJuaFIo",25,111223,0,0,0,2
"_0E4JDBAi_Y",15,111220,5405,21,1140,2
"si4uhRDUEWM",22,111179,6190,56,449,2
"U4w3pfNhBYg",22,111174,2489,57,411,1
"XtfOEh7WqFY",24,111102,154,55,306,4
"EbJ07BQc2Tk",1,111091,921,59,903,2
"aiLQ5t8FS_w",25,111088,0,0,0,1
"aJ7Vd5yI8pU",10,111070,121,76,21,3
"6O5v-_6E76U",25,111045,1249,83,198,2
"vuRG9lDcdbI",10,111015,2859,43,142,1
"DzfGla1WchI",22,111007,4390,127,556,2
"GcfqZGqwASU",25,111000,419,396,220,3
"d8wKfuxTBxM",10,110947,6652,20,511,1
"Fc8Ej_H-UYI",25,110867,618,116,157,1
"uhl7DSgp4hs",25,110852,3548,169,408,2
"LJsbf7KNVCA",25,110849,1262,99,372,1
"DZI7tpizAWQ",22,110849,1167,7,27,4
"7SPj_1JxXag",25,110846,3642,358,973,3
"ZLSKIhbEUt0",1,110833,228,11,306,2
"zufsogBxgCg",22,110782,938,59,421,3
"Z76gSvbV9SI",22,110754,4643,33,278,5
"_1aThYs4f9s",22,110693,882,23,215,3
"kEV6qV3eTbw",22,110692,2964,69,497,2
"F6b-tu7TxyE",23,110632,2757,46,691,1
"hCJniMED7BQ",24,110620,1999,22,976,1
"Zt79cosrtKs",25,110601,552,64,115,2
"k5WsrtoEqUc",43,110582,1050,70,402,3
"UOdg7IwyLM4",25,110579,4224,276,972,3
"s6M5Kftc8n4",24,110577,6795,26,324,1
"0C7i2u0XZMo",25,110562,126,28,129,3
"Uc7Lv9nvZQM",24,110522,1612,91,424,2
"Pl-414eu8HI",22,110486,1773,103,272,1
"G60hoBiQm2I",24,110479,253,51,30,2
"0nNcbga71Cs",25,110472,841,93,559,2
"LirIX-t_6yc",25,110442,5226,136,1048,2
"25kWRp5X_3A",20,110418,49,7,79,2
"UPv1MExtAt8",25,110415,4414,189,839,2
"3amkfqcO_r4",24,110414,0,0,234,6
"RBt-otY6ltk",24,110354,1014,22,98,1
"EEFEa8Jz1hw",24,110343,171,72,142,2
"Cp71CyxG4t4",22,110324,202,73,68,3
"w-K89n6F3hQ",25,110293,138,548,1212,3
"25ZdcDK3pLw",25,110243,2491,53,442,3
"Bg4fnFsrZAM",25,110226,7029,167,560,1
"YQMFcCRxMOs",27,110211,0,0,0,3
"REgEMSXMSCU",15,110210,1433,23,246,2
"D432H8onntE",22,110209,1803,70,378,1
"YZj8NqOCxLk",24,110193,277,76,298,4
"6SslgFyOcLs",22,110175,1480,48,221,1
"hh2hBkmAQEA",25,110108,6780,36,502,5
"7RRewZyLm9M",24,110091,1803,75,402,4
"KeyRX5zei-w",24,110070,2312,164,907,1
"e06y0AWBr-Q",24,110040,3436,78,2027,1
"yoSMS9edOf8",24,109983,0,0,107,2
"uTqtO--Zya0",26,109941,3648,6,454,3
"AAP0RzmYjzU",25,109930,7629,111,1004,3
"IfcfHido05k",24,109925,1456,1262,1187,5
"XU228_Q7lns",22,109925,7527,25,382,4
"0w6S10XijjI",25,109903,1017,448,820,2
"a-R-o0vhFTo",25,109859,1446,169,336,1
"w1i1HFgJBrw",25,109856,5329,130,741,1
"W5SkBONEJfI",22,109804,1855,31,150,4
"UU5cqU1CnYM",25,109776,1166,55,388,3
"GW4XOvcfmdk",24,109760,1435,152,568,5
"c2FAgtNkC74",22,109697,727,54,850,2
"6BR-QfE_wW0",22,109627,981,90,479,1
"it-3QWhDx9M",24,109596,2254,81,714,1
"BhRU_X6oN1M",25,109585,4681,125,582,1
"8h8vzBbJVkk",22,109518,531,10,71,4
"w_vYRspEfuo",25,109500,516,25,115,2
"Ake3X3rr0kE",29,109474,3068,125,338,3
"iax4OvDOYlk",24,109444,807,41,291,2
"NzdlaA13gCk",22,109400,887,60,388,3
"iz4LAnzbK3M",24,109384,2255,34,147,4
"Q-G096WPAlI",25,109367,1450,85,497,1
"zVEMv7UDoHA",25,109351,1005,139,216,1
"KqDVWT9_31I",24,109315,1680,77,650,2
"soFpWJqm_48",25,109299,658,122,518,2
"0abR2KF_hXE",22,109298,2990,30,166,2
"c9kLcepIlHg",22,109289,771,94,177,3
"uj4PWRGRPp4",24,109244,97,240,103,3
"cl5S0_QK7b0",25,109242,1215,123,235,2
"eRZGAct0U7I",24,109223,299,32,224,3
"MTcFoOuNhOc",26,109172,2621,90,480,3
"v9lngCKFVpQ",25,109139,4919,855,1425,3
"shQdOdVnizU",24,109076,1058,124,858,3
"1_G1sFcHhVc",22,109072,765,55,306,2
"R_EJLcU5VZc",25,109059,373,163,280,1
"efHcZV3uFQ4",22,109058,2045,732,1825,3
"CDOcbVlPVbQ",24,109047,1787,13,468,2
"VtBL6prOS60",22,109028,316,14,42,2
"5paW9CN-nMM",25,108943,276,97,144,2
"rRXLp531Q-s",25,108938,8297,121,1669,1
"RMNs0zrzEks",25,108925,4499,323,568,2
"t9-h9KKAU-0",23,108888,1276,37,286,1
"6zbpK7PxtfE",25,108874,3461,314,702,5
"HY9B0KXtNYs",22,108787,3400,41,529,5
"SEHx6MUKh2E",25,108783,1331,135,286,3
"aAHsjuRhyh4",22,108749,1419,47,275,2
"IlWVBpH_O3s",25,108745,602,94,191,1
"YVgOSikYJO8",22,108691,479,168,180,1
"Y73J2qJCPjc",25,108637,5168,135,764,2
"onMbYfBLipo",10,108637,16988,20,1790,1
"i-TJbgSeiuI",24,108562,478,134,193,3
"CD1_FHCaDaY",24,108550,144,94,20,2
"Fg9cYc_VVy8",24,108509,688,112,307,2
"B97rqOr9opM",22,108496,2712,25,166,3
"YDxvAH-_jaA",22,108473,2006,94,470,4
"HPffXPyvXn8",24,108463,1574,122,404,3
"uxVIyKz7Img",24,108414,179,57,179,3
"njEFTPuZvtc",22,108409,1325,17,40,3
"v8-T17DfWoI",24,108406,425,17,24,2
"HJYwtOPMPAA",25,108358,1131,76,1046,2
"KVc4l4OEhKA",22,108350,188,31,82,2
"csxAYRHgv1Q",22,108340,3134,73,2076,1
"Qba1yzjAmf8",22,108293,1014,15,51,3
"1LXaVX5K9ls",22,108269,1583,340,757,3
"TVFKWqjEl5Y",22,108242,1022,92,113,2
"7MsKyjQLA1o",24,108211,5899,105,387,4
"iFfLrT-EKUk",24,108201,1659,119,746,1
"NOiDNo2rQ_w",22,108186,4462,230,1330,1
"5sPvO7isjEc",25,108176,3838,119,315,2
"Z6wH_nzuptk",22,108156,2420,16,142,1
"UbTZghu7wak",22,108132,1436,23,177,1
"msDMz7jZgrQ",24,108123,155,62,73,3
"th2PPpA6LbI",22,108108,3289,49,375,1
"q3rKyLxJnvY",22,108104,0,0,2218,5
"q1zF67swJKE",24,108036,3054,116,259,3
"hljD0ExqCh0",1,108020,317,50,27,1
"OteZKawQRlk",24,108014,0,0,659,3
"v0JYTXTck-E",20,107967,2661,33,1772,2
"yD6ArXUp4NU",17,107959,256,35,300,3
"9_YX856eunc",22,107950,200,11,56,3
"oMBZdI6GOjE",22,107939,906,88,112,1
"SskzBYfJm-U",27,107926,3428,26,344,2
"WZh0bYs7rqs",28,107924,393,65,180,2
"CKN4ddDSBmA",1,107917,567,28,204,5
"b_hHkobi2Ow",1,107892,2291,31,500,2
"a59yvq6StAI",25,107848,4836,220,723,3
"RrgrxOvWhqk",24,107847,2451,55,1210,2
"7gTQpNgRb2k",25,107804,31,15,115,3
"yIDG_ugY51E",25,107804,545,88,196,3
"Sj8a49s_e3o",24,107785,2098,47,295,1
"6I_W31ffPAI",20,107763,868,126,388,4
"Bhw0QQs3C14",22,107741,160,7,129,2
"lK1N-Nr-Qrw",20,107734,1953,31,194,3
"NO6U-qShm7I",23,107714,181,53,148,2
"nSuvKCobNvg",22,107694,480,152,178,3
"rNtWYFW2Nfk",22,107671,3257,37,469,3
"n7y594NV2fk",24,107558,1332,168,494,3
"e4bTMYSgNk0",24,107553,1706,18,319,2
"cAtIYTi73EE",1,107541,251,10,446,3
"dzh4zdHoB6A",25,107533,4726,138,539,3
"xoew_i-QD5A",25,107525,5043,182,746,4
"DTWPOO9MaLs",1,107489,499,51,265,2
"fORBfkDJXlA",24,107460,288,33,372,1
"nMNhOMK6EXQ",25,107442,527,92,191,1
"8IJVgafOu_Y",25,107435,4258,105,780,2
"Hj67AbjaLAk",25,107424,4121,462,1409,2
"gKySjdLkuW0",25,107416,490,144,474,3
"lMtGbkMWosY",22,107384,2989,17,448,2
"S5fyVXHaL2k",10,107326,168,15,141,4
"m8Sj0_NUwUE",25,107325,4799,194,951,2
"UfP5aBdacM8",24,107311,584,49,53,1
"DhZl7oNUVWM",1,107308,1199,42,322,5
"QLvBbvbF9yc",24,107304,774,22,99,3
"mBr2lfQMpUk",1,107290,680,35,414,1
"gyN2CDNMM_k",20,107273,654,27,394,3
"yJgfTMh322I",24,107245,61,62,235,2
"s1PEb8qN4H4",22,107243,1110,125,155,2
"fJrUCCvzfV4",24,107201,904,42,238,1
"q2PFTYM4THg",24,107132,1584,78,728,2
"9XKpCpraezg",20,107091,471,12,113,2
"hxKNNGJCWT0",25,107079,3077,227,779,5
"5YU9Q28b3yc",22,107071,1056,101,136,1
"1LiYntG8aGM",1,107031,441,22,107,4
"Ey5haNCuiNM",24,107026,1488,31,3142,1
"JEyX4epT4jQ",22,107013,0,0,140,1
"6s0SJmt7jN0",22,106993,305,35,47,4
"rdsFkS0-4L8",22,106984,1806,13,166,1
"dsXElZmwB6M",20,106950,1247,42,511,1
"v3wYDTxFVyE",24,106929,1511,17,367,2
"SpEPwWSUPEw",23,106877,2446,62,970,1
"DMVDscrGOtA",25,106858,3725,128,288,3
"mlGpUYpRTGU",24,106843,2468,28,866,2
"tWOuM3hjvaQ",25,106820,933,85,100,1
"NPLq02HtXZc",22,106802,1138,91,100,2
"qD8YULNWuiQ",17,106767,249,18,130,1
"KNUMrvolY2Q",25,106761,619,75,193,1
"t0fNKBZPTlM",22,106756,4704,1236,1814,3
"Lg_jZqQUh_U",25,106727,1019,83,96,1
"hIgu7sUpdDU",22,106696,1830,12,68,1
"RHg8_n2z54s",1,106682,5357,41,260,1
"Gy3I61rh0bg",24,106654,3773,160,1608,1
"I-iocuZiI9Y",1,106609,1730,39,577,3
"gRGDBbiCEBc",22,106599,3195,23,164,1
"kVbVD51aI-M",25,106580,612,102,143,2
"wTr6lm-icqg",25,106570,992,72,353,3
"AnGO0y1XIMM",25,106570,4434,190,901,1
"BHFyRPm2INE",25,106541,1352,98,284,1
"WAItsSH1DQU",25,106534,647,110,560,1
"tH8OsfNreAc",24,106492,46,37,81,3
"mY8QTcRs1H4",24,106483,412,23,76,1
"LjfxxUgC3QI",20,106467,2444,62,959,2
"VHFB56X9q4Q",15,106437,3160,20,295,3
"ajnjyjSHBns",25,106428,663,197,0,1
"yYf4sjZvQO0",22,106418,1921,37,274,2
"vYb3o7nECCA",24,106408,1262,49,115,1
"W8OKOIzA74o",15,106358,4783,19,809,3
"vmdm9JSCcSc",24,106318,1121,92,407,4
"fLj2ANY2IUU",25,106317,1120,32,272,3
"HJiJlm9s8XQ",25,106235,4139,336,295,2
"uxp9RIcoopk",25,106176,3634,130,602,1
"QmXiYbwStY0",23,106162,824,202,675,3
"ip3AX8z9PV8",25,106155,169,43,76,2
"4BbNsypsTu4",24,106098,2151,136,1372,5
"wXcnVdpxBt8",10,106078,8268,84,851,1
"nA0TlWmur1g",20,106077,518,50,175,1
"_FNZXgV0JEA",25,106075,992,103,87,2
"Io_EeEt0f2o",24,106036,3353,226,754,1
"ldwEkPjGG2A",25,105968,4729,142,499,1
"xtwE8teqF78",26,105965,2501,38,200,2
"dg-6q9R-OZg",22,105961,3075,6,181,1
"3iqOGkPNF3Q",1,105927,3360,172,1297,2
"pqZAjcWJ70k",20,105875,4108,31,202,2
"6BMRakMtzSc",22,105842,1035,84,108,2
"Unm8EeOT-eA",22,105835,6221,16,399,3
"prbHRmkhFCo",22,105831,4214,11,150,1
"hI0SHxivD-0",25,105804,1300,305,917,4
"Zq1qQCoQEu4",25,105784,4105,126,529,2
"4F8KrBnGhzE",17,105756,637,26,52,3
"BNJkepQmKZI",25,105754,858,150,245,2
"3GVwQxOd5tA",24,105752,524,36,64,1
"aHF2AexzA4U",26,105745,2761,29,207,3
"Agz4-qv5TkA",25,105735,3770,133,323,3
"suB9PYUEf9Q",1,105683,312,19,104,4
"_dbBSwOs3Ss",25,105592,4652,155,501,1
"qfmy00hY52E",24,105585,624,63,0,2
"pOoln3ejyUA",25,105551,99,62,188,3
"o7_xewHPhFc",25,105508,854,98,105,1
"3mbtW4H0MVE",25,105498,391,129,258,3
"SUuE3BBOO0E",25,105493,539,68,541,2
"AwP3ITM3uWM",22,105490,2026,37,768,1
"2JCQps7FuL0",25,105482,0,0,657,1
"SOH10kDZtqU",22,105477,3150,26,309,1
"TIzVjXRLR7g",1,105470,1034,26,178,2
"Kx5TLhcyfGc",22,105457,396,10,24,2
"aWv8o8I33lA",22,105454,6021,32,331,2
"_LbtwNK8XrM",25,105446,797,112,113,3
"Z3TzEmJEkqI",25,105446,0,0,174,2
"aB2BBD9f7XM",24,105424,560,23,152,1
"DpQqHSd1nUM",25,105409,541,81,62,3
"y-nvnOwOi5Y",24,105390,3843,56,186,1
"idOXqZyRVlI",15,105385,1022,31,254,2
"QkmZoWT-zLc",1,105383,449,58,61,3
"An6CwOhH7bo",24,105382,3826,273,664,4
"TLhzN1Swia8",23,105372,4230,94,2055,3
"RbhPzTB51o8",10,105351,13945,52,780,2
"bZWBUIXOgaM",22,105322,603,86,113,2
"RAkFXm5kFrQ",25,105318,657,51,274,2
"DBYpoPL-G8s",24,105303,235,57,418,2
"1usIm1ZPG_s",24,105256,421,21,45,2
"4-bnm497nwo",22,105212,230,43,95,3
"f6UQZssQMYQ",25,105196,1156,177,218,2
"zoMaflWAapY",24,105188,1060,90,0,1
"RmZ-IaEHO5k",22,105186,1779,37,293,3
"FYEB3rk-UaI",10,105182,232,145,449,2
"r29A7oOK93Y",25,105177,670,75,284,1
"qtjUw6W1a-A",10,105160,4185,64,636,2
"limn408lFuI",15,105157,4617,20,1410,4
"LsK_2A1su24",25,105116,659,112,265,1
"E0EJX6_QuSw",22,105110,648,85,180,2
"nzDGFW4xgS8",25,105106,336,46,250,3
"TtMXHhnajxA",25,105095,620,81,309,1
"WGSlSrKHbCM",24,105060,345,62,39,3
"sfSxQ1cKOKc",17,105030,199,140,0,3
"hHPvmKjBWMQ",25,105026,5180,220,274,2
"C9uYpVR9KVA",2,104986,1097,67,384,2
"uONzupoJC9w",22,104951,700,31,56,2
"f9PWUp26iHM",22,104925,1377,49,213,1
"tnuPuSVoAYU",25,104913,555,108,214,1
"7PZi7dN0j_A",17,104901,945,61,271,1
"5fiGQcd0FGk",25,104885,384,163,671,1
"iQJSUi8JpJ8",24,104881,126,108,74,1
"ApAsLB_KYbI",24,104866,0,0,299,1
"H0GGfWCOWlI",22,104833,821,3,56,3
"UQUxxp0MmQs",24,104826,3793,16,267,2
"22kidqKpiks",20,104821,1865,21,344,2
"IYqGODHhHBk",25,104802,1211,170,748,2
"WwMLiQugOc0",25,104791,651,103,535,2
"RYaPN6UZnyM",24,104789,2153,73,228,2
"sEbFovgTy7k",2,104773,188,32,128,3
"xzmQgnf_CY0",22,104756,1026,161,1118,3
"YX2Y8xwYWYE",25,104719,558,113,707,1
"KmBS7oWG5bE",25,104677,290,80,391,3
"6jU0H7C6wNI",22,104674,105,25,47,1
"NyS2C22rT7Q",24,104673,384,40,638,1
"6MKgzxkXQ9I",24,104666,151,53,135,2
"5YeB_tjHaPU",22,104651,2726,27,201,2
"gOQXEV1TCpo",24,104637,73,22,87,2
"8OvB_0Iiqq4",25,104627,3951,350,843,3
"vM4v2gx8Mrw",25,104579,666,46,199,2
"rsxSjMOTdgs",25,104568,0,0,319,3
"0wa-YJiGQd8",24,104549,884,22,114,1
"qPmu64GvgDc",10,104522,13316,50,634,1
"6dOG-iPYaYw",26,104502,2637,26,258,2
"coIG6Q1DjcU",24,104488,1242,41,525,1
"7Z6LNrOSb28",23,104475,762,4,14,3
"_ysQCYzYt7w",24,104467,558,34,47,1
"J5vP36GBCNI",24,104440,3153,42,1221,1
"fLgAUfZoDfI",2,104439,836,45,205,2
"R4k4cnhwjrA",10,104433,3118,17,109,1
"-1pCqtRmVJE",24,104416,659,32,113,3
"8Qt0R4JIdPU",20,104399,3891,67,3139,4
"d5ZGxXPYxbg",22,104385,1947,108,87,2
"Z7aW-QVMUTY",22,104358,95,368,62,2
"gLUFl_8h5A0",24,104351,690,119,198,2
"dWmcbk1Q-io",25,104347,269,40,144,2
"BW2bhWv2sEU",29,104317,2616,95,1931,2
"qFX3G-W32fA",24,104306,20209,21,2303,1
"K81AwHBtBCg",24,104252,1628,58,688,3
"NGJSD2SA75s",24,104211,1809,16,515,2
"70FSc1jeI48",22,104209,2838,52,465,3
"cswFrM6_10g",26,104180,3245,24,360,2
"fXpfJDoU474",26,104175,2467,83,285,1
"XLnU4iZIZyo",22,104172,588,209,436,1
"6caFIM-DDUw",24,104057,514,23,130,2
"pdGMWC-v9mc",25,104029,4493,98,584,1
"IyvR1WNOMqY",22,104012,436,14,301,1
"FBKSeL7X0fk",24,103990,317,21,43,2
"3owNWuXAMvA",22,103990,1185,136,138,1
"kA3uGgagPnk",22,103911,149,8,15,3
"N7A_oh9Tb7E",1,103886,3070,54,1554,2
"xBFuA2oaggg",24,103863,4649,44,210,4
"6Eq_wKeUBB0",22,103851,911,90,281,1
"lcY0gHcenl8",22,103843,438,37,138,2
"8-HeorFgEJI",22,103777,1062,80,127,2
"5ZMgnoiNOYI",27,103749,1607,69,133,4
"_HOF-wpARyw",25,103745,4599,140,429,2
"FMDtYW75poY",25,103672,1312,116,576,1
"K5hKAmtlrRk",25,103642,813,93,304,1
"kTr-G-yV1mY",22,103621,1270,11,102,3
"BuOUXLc0sqk",10,103616,17593,17,2099,2
"zt7NdLdulnY",1,103581,3993,40,1077,4
"lox2HLDDsZY",25,103556,960,82,248,1
"oBzIKluvTPQ",25,103545,3325,134,592,2
"CDXoYvZs95U",24,103531,6032,58,448,1
"OpZGA5buRzU",25,103489,3754,364,0,3
"JvVrqFqHDKk",24,103486,444,22,366,1
"g0Z6oHZ6KgY",24,103445,3711,42,777,1
"QuGOuVZDG1I",22,103421,192,103,37,3
"3bhgT-LJ4Gs",22,103369,864,88,125,2
"BwxZQtU09Jw",10,103342,3050,18,238,2
"ijImb3KVwcI",22,103336,1061,68,115,3
"jy3czKq13PU",26,103322,2951,49,248,1
"mEfSuJEFLAA",25,103309,849,48,60,1
"1bnZ9NUr-3Y",25,103275,4296,261,495,2
"fQigknerjl4",25,103231,127,64,156,3
"yR7-Ga_XVJM",22,103184,4829,42,387,2
"2R_iM4yhWPQ",22,103153,191,17,137,2
"JvVfhlTVHrM",25,103146,758,80,409,4
"m8byWcHgfIo",10,103119,15343,62,1165,5
"2b7mQAvW7o0",24,103117,1881,349,5809,2
"myomCEIGgbQ",24,103102,2258,40,1076,2
"aidXVhnqbi8",23,103076,3208,98,1454,2
"2uazS8F7p78",25,103062,668,220,429,1
"amrqKbtZWSA",22,103039,0,0,0,1
"70j9z7T9zx0",25,103028,0,0,462,3
"u7atwN5xUSw",25,103026,3925,110,318,1
"BnMgk7hGtLg",20,103007,6596,17,1917,3
"Q6Sy_sc7-PU",25,102982,358,194,1392,2
"POZPuKvNcXc",22,102973,5267,142,1144,1
"cL_ql23MEtk",20,102964,2246,146,1346,3
"KmcpSs4kNLo",25,102963,5070,173,514,1
"cN96E-ZvNRA",24,102951,708,9,83,2
"gWDFrK6E3i4",25,102945,201,48,0,3
"YG-kttqEsTE",24,102893,8200,72,1096,2
"BZ_ZAPMfv54",24,102876,127,81,202,2
"EplOl7oloZQ",1,102858,642,21,186,2
"48rNT9qkeJ4",24,102843,2554,30,651,1
"iTYeRsMzWt8",24,102829,104,35,295,4
"mP8BgAnBhAQ",25,102802,1203,273,804,3
"9V4gKoKmTV0",22,102787,140,60,11,1
"1y-7I02NtRk",24,102716,1893,80,415,1
"klSwpRl6Jhc",24,102693,1854,76,533,2
"re_8tyTzOq8",22,102621,1761,343,1054,2
"On4HPuugx70",22,102618,1032,14,238,3
"BCefrqAGijQ",25,102614,418,81,98,2
"WKExwsnuLo8",24,102580,470,14,84,3
"KNcMNXwxH8U",20,102574,1308,48,980,1
"NJUyggQcR0Q",25,102565,991,67,184,2
"aFZ6cBXG_cY",26,102559,150,13,12,4
"N2l524RWt68",24,102551,1360,154,2060,2
"rNhxShYpRmE",24,102518,3999,127,309,2
"lDYtMEG9iEI",29,102478,3036,302,841,3
"0MA0wBx9DBs",24,102444,296,41,95,3
"5_gjQiGMd3s",17,102439,201,10,99,2
"67Clpz9DQ1g",23,102433,1564,46,603,1
"tLMYzcPp7iU",1,102407,2245,150,1268,2
"BjhFtUx-qBA",10,102387,7848,27,371,1
"ODNq8_ptKps",17,102384,352,33,117,3
"g0SNaoqC7Cg",25,102348,998,106,115,1
"kQPGn06MgaA",25,102237,1172,40,125,3
"N-uBQqC4fEs",23,102233,1972,73,610,2
"aLsyTFnTvpM",22,102230,4618,27,339,6
"zBk3y43NrkE",22,102214,265,56,356,2
"0s3aKaL4QyE",24,102187,783,18,96,4
"jSv8Kai9NFQ",1,102184,4583,64,1027,3
"UYhvYhvCpjI",1,102173,829,54,111,1
"PuIm_0zjejc",23,102152,746,28,88,3
"1zKd0pfBiZE",24,102082,859,47,207,1
"PCtYEBaP8c4",24,102027,9216,30,1083,2
"V5b098hkVU8",25,101938,4637,92,334,1
"yZrTHHbYasM",22,101934,3073,38,522,2
"Hma-ub88wf8",1,101926,2213,57,915,2
"Zt86fB7fQEg",22,101897,952,66,96,2
"2x3fGHbBhqU",22,101854,3305,69,315,1
"E74VITmm6rE",24,101841,287,75,213,3
"fjVYEDJF96M",23,101837,6310,39,1834,1
"GLyH_Sn5d1Y",24,101823,1503,35,388,2
"rlPI5jKobRI",25,101823,604,88,167,1
"MA_wCxa71pU",25,101804,5108,294,493,1
"GJWc9TBKvb8",24,101797,399,184,214,1
"8jNxBQgs6Zw",24,101796,515,6,80,3
"C25RnYD1gyU",26,101775,7470,21,634,3
"gmqtrLeyMXI",22,101741,1018,132,147,2
"M19XSxd31cI",20,101735,1991,59,2172,2
"oq3cdLxX6u0",1,101733,4109,62,979,4
"XiYIcJ-yO90",22,101730,0,0,752,2
"9lSh9Pm93qE",22,101715,628,105,585,2
"vK0suCiJvh0",24,101673,2120,15,152,1
"IibZm3w3qL0",10,101623,2594,135,543,3
"HCvRzL-bw3c",22,101622,1197,127,216,2
"2Lt0wSzbhg4",1,101619,1951,56,1135,1
"F51DpLpzViw",25,101596,345,174,265,1
"YrsUXx2_BhU",24,101590,4800,603,1299,2
"De3Tb_oWh9I",22,101585,2328,9,110,3
"k5747sy1w1g",10,101563,12644,21,908,3
"wAinB1d-aGc",25,101560,4993,153,367,1
"yn07HW4b6iU",1,101548,4152,83,925,4
"D6sQQs5dlNI",24,101520,1176,22,132,4
"QtuJjllf9_o",17,101498,319,33,74,2
"ur3mk98uzps",25,101479,872,92,103,2
"xtwhrOcI3EA",22,101459,3497,128,210,3
"zOvNeSktkCo",24,101439,1332,56,368,1
"f55PfnO_uWg",10,101436,1469,43,96,2
"PfDdx9FWLPQ",24,101431,1254,12,156,2
"fm--ELMFqhg",22,101420,1650,15,263,3
"6WMxK1bNFII",24,101404,182,149,24,1
"C2MLkl5BfNU",17,101402,177,28,0,1
"7fJnm2OGi5I",17,101367,412,30,329,2
"xHd7sYWaN1g",22,101327,662,12,74,3
"hrdn8FB7yEs",24,101325,1607,120,540,1
"1TzK8iNQcHU",25,101316,1586,115,407,1
"wO0vuVD8Q9E",22,101292,4021,92,235,3
"He-GjSyt6D4",24,101280,166,122,709,1
"jPw6EHOhsS4",10,101275,4696,21,255,2
"DgG-hSKW2vY",22,101231,3242,176,319,3
"YRpa0k-sfMo",22,101222,179,19,23,6
"qT3Goil1kZQ",25,101216,947,102,63,1
"Fei4IVMdEdU",25,101204,918,79,111,3
"N5p3pbOsS3s",24,101201,3188,18,617,2
"uLtRA1vU4vE",25,101171,4381,344,733,1
"WT8b0_i6pC0",22,101139,382,97,125,3
"AFnyivMGnYQ",22,101126,2272,55,530,2
"uEAE9VCt3is",22,101051,246,130,1273,2
"npPaEa25Sqk",15,101048,3112,33,474,2
"NM-AIQ1tZGg",25,101045,859,98,176,1
"mtzF-24VzoQ",1,101042,411,27,143,2
"cws3-hGv0v8",25,100983,4342,92,597,1
"cT1OQMwod1c",25,100916,895,100,24,3
"Pk17n1bWdnE",24,100887,173,22,109,1
"TTj5wnuV9XY",24,100881,1932,130,1185,1
"xPrnVeF7SXc",25,100880,4285,331,1112,3
"wik-8JD-Evw",22,100867,178,38,6,2
"PUuFecC5HoI",25,100849,327,99,361,3
"FvHrtJ8QqOw",25,100813,205,85,329,2
"bZzHB4M9FdA",25,100777,532,69,194,1
"wAyMQB6Mm7I",15,100775,4101,31,976,2
"Em5EjuLlItM",25,100743,671,86,430,4
"9YF00WimZfs",22,100726,502,95,27,1
"MYYav4-cdRQ",24,100722,1215,123,167,2
"2Cd30f8pm4k",22,100717,196,28,26,1
"CDueixKDFwY",24,100708,249,27,29,1
"lNzrZrNQJLE",24,100678,284,39,187,1
"gSjlYqG6XbY",15,100676,5830,23,1360,2
"mv8V6-IVA6k",24,100675,1907,65,562,2
"3V_ds9UMLy4",24,100670,624,37,373,1
"1VEojifWodw",20,100662,1737,13,267,2
"J6rIxq6DyHc",1,100633,4022,37,830,3
"QgHQpbyDTgs",29,100632,656,92,63,3
"uCI2spBZGxQ",24,100618,1800,68,495,2
"liRmzKJpWCQ",24,100596,644,9,25,1
"hciiYFlikQ8",25,100593,769,107,85,2
"zKb36rV_Isc",25,100583,656,106,242,3
"uHHEaxLTXzM",22,100580,265,332,318,3
"b8PdIUQpX-s",15,100558,1461,49,539,2
"4I7dHLaXT_U",24,100543,0,0,113,1
"SQQ7xFLs2yo",24,100537,1267,56,529,1
"E4a50C1vYTs",27,100517,1464,94,619,1
"ZFfJGE6qces",22,100445,3973,72,1801,3
"GYQexs9yUgM",25,100429,1370,76,285,1
"crXNUPRDTRw",24,100407,3596,107,1694,3
"E7Wx1kfm-o4",24,100372,1404,10,258,2
"2xUTuiNMiJk",27,100338,3352,83,356,1
"hDxgxKgdmxg",24,100336,3893,20,202,2
"_IBepCdpMto",25,100326,615,93,167,1
"u8I9hFu10w4",25,100315,674,74,223,2
"hVd8LYLE9CQ",22,100308,5012,51,268,1
"LQ7Br46G1Io",24,100305,3514,37,1281,1
"ywmwUaPQ9xo",22,100304,524,15,161,2
"m6R3BCt_HqQ",22,100296,818,124,111,3
"UAxDXglqRiM",22,100296,1013,72,120,2
"quSRa-MA_aQ",25,100294,1386,137,484,2
"7bPCSnSb3vU",27,100254,339,21,96,3
"MPGvwAvPkhQ",25,100249,4516,124,646,3
"_ObF0PxbcdQ",25,100247,4828,133,527,2
"sVa5rW9JXzc",24,100244,1030,53,338,1
"1KQf8_NlvQg",24,100232,3029,22,352,3
"4qOyIhlIg2Q",10,100186,12859,30,863,1
"JZGFE8Vvhm4",25,100177,5125,236,990,2
"HuPb9yrg0BA",10,100154,1495,41,225,3
"ZpKG8z2tauY",20,100109,1218,165,495,2
"bR4ADaKvZvg",24,100087,813,38,243,1
"mTamhQN8qR0",25,100082,561,210,227,2
"N2NQTFlYaI4",25,100082,808,24,766,1
"QoeeEwdNxVA",24,100075,0,0,543,2
"qAt_g1JL1t4",20,100057,889,90,397,3
"eQw_c7hI8Is",25,100056,0,0,1076,1
"ke3C_hRw0Jo",24,100027,12565,30,427,2
"fWQ90UOFdZs",22,100022,531,7,72,4
"v3IDxyInIqY",24,100021,2816,17,396,1
"JZpHyRIxrW0",25,100014,856,154,227,2
"CxMIg2l4SCw",25,100012,5811,114,695,3
"AwdoF294H1c",25,99954,876,42,130,3
"VgwcdkpRS6E",22,99904,70,74,13,2
"AWK5abxdJ0M",24,99899,213,18,20,3
"W_4jEim1KU4",22,99898,5251,18,803,2
"_WmpaX80LEo",24,99898,388,23,146,2
"6UhjbS-mniE",25,99882,164,75,24,3
"h7Alr1Q7v4M",22,99877,205,80,46,3
"N9YIBNA-Ouk",24,99871,616,40,354,1
"QpkWg5OIrhE",1,99869,226,6,418,2
"YDca43y8bek",24,99868,2783,28,0,3
"S6r26TPoIRM",25,99812,1110,104,110,1
"nCqmerfg1s0",25,99803,628,173,458,2
"dX40Dmu8Z00",25,99784,3990,135,376,2
"QYNg8erak5I",25,99697,0,0,537,1
"8ysqALwZ-n8",22,99668,2328,139,1066,3
"hgo4fGyCYOM",24,99644,640,25,87,2
"SjdrVZjkxQQ",24,99623,2049,85,413,2
"qKGbkQpKu6A",1,99597,465,41,136,5
"K1RqI6Lgyz0",22,99583,1006,71,368,2
"b_1QvWiIyt0",24,99575,1468,68,360,2
"4lrVp1Vcem8",25,99565,767,126,255,4
"TuZY1Q0fCKk",24,99555,136,89,63,4
"JkzulkNtf7s",17,99523,211,11,52,3
"Q4L6us05uc0",25,99511,2887,511,651,3
"ioC0-wmjbkI",22,99508,317,25,137,1
"RCOzEvwtSk4",20,99504,933,76,522,1
"x4Td02bCYO8",24,99502,1576,100,620,2
"XGwyDM95CuQ",25,99465,4967,127,775,2
"XJbpGX2b_iA",25,99439,2174,87,599,3
"kKpn7O2arHA",25,99349,5211,195,373,1
"CoIGv1FGmYI",25,99344,401,74,171,1
"v_jqs8Bof14",20,99322,542,199,828,2
"SXRMK6a2_3A",22,99308,819,21,34,3
"ttXHY9CKQoQ",1,99285,4165,84,675,4
"WdrLbaZk2v8",25,99260,594,47,656,1
"CzS7m-1eAbo",25,99256,734,86,161,1
"OreQRDiVhoo",22,99253,699,36,97,2
"MQRiWb3QNHA",25,99231,1006,108,100,2
"tDBLyBHVSdg",25,99216,4771,75,1101,2
"8LJAv0NtxyE",25,99184,797,89,106,1
"FkdkdWPFT_4",24,99181,6780,13,339,2
"qysdbvKntj4",25,99174,0,0,0,1
"iVbmD_c32Xc",25,99080,680,336,331,2
"cwbg_g8tLik",25,99078,4656,138,306,1
"HnJzWkym7mU",22,99070,249,35,102,3
"7IkbSFT-cMA",24,99028,2177,18,306,1
"pdnUlsThXIk",25,99027,620,67,179,2
"WSasKXK0nhI",25,98994,0,0,810,2
"Gi0_chFxxVI",25,98970,7073,135,475,3
"eoflax_wO90",25,98950,415,147,754,2
"P80xIAU-PSs",22,98946,1323,65,234,1
"M9VgLridp7s",25,98945,328,157,182,2
"bwoWpA5yufo",22,98935,8283,19,245,2
"i2_aYHQdFBg",22,98918,4061,109,524,1
"q4m-xQ0cXDU",25,98911,720,87,134,2
"XaKODYAYuWg",22,98756,1748,18,103,2
"9HUPrh8p1EA",25,98711,994,80,275,2
"K_NV5RNVG_c",15,98666,1215,22,763,2
"FTHxxCj9q9g",24,98663,3000,104,1853,3
"W92kRAla1cw",19,98659,0,0,230,1
"dt1-TmPP-Es",25,98657,453,80,202,2
"uRke3r6n5do",24,98654,189,11,24,3
"mJy0_3bpXsA",22,98638,4040,41,308,2
"AmgRc3b-54A",22,98603,218,17,62,1
"o5KYKEXXrRI",22,98578,184,39,34,2
"Zr0mhiWfQQo",22,98554,3022,206,524,1
"ZOmYjc9nMsw",22,98553,2667,111,295,3
"HPAZPL3hKEc",25,98513,969,98,77,2
"PzrV9uDdpy0",17,98509,0,0,0,2
"wVGK8nCpwo0",15,98505,1974,39,1028,2
"Hc7uhpgYoFI",15,98485,963,29,371,3
"_JgtUmhaBIk",25,98436,541,132,263,3
"WYGTg5W6o6A",22,98412,929,79,160,1
"JQzL85T5kNw",15,98411,4964,37,764,2
"gMJ6orKW0gE",1,98401,553,22,60,6
"Y-0h9cyixeI",25,98394,1029,76,406,1
"q4mPc_k1EmM",24,98362,1297,113,551,3
"4b2ixnMFm4Y",22,98360,354,28,218,2
"wMYjwdqdf5c",22,98292,4571,278,659,2
"zw8vNtgMvSQ",25,98290,287,447,397,3
"hL60cKM_xaA",27,98279,1653,77,194,3
"bpPiBlqE6Ks",25,98246,558,80,149,1
"9XSP5P_cWRM",25,98229,338,83,418,1
"hf-n5_rkIMU",25,98166,870,130,233,5
"C2M7vjDdiUo",1,98158,1039,271,1014,3
"0uElQdOxXZ8",29,98146,538,65,119,6
"WpCKE2tifRM",22,98121,2196,34,354,2
"re-ETCqxpdM",20,98093,1281,61,593,2
"ELrIrK-wAxc",17,98084,497,12,37,1
"Ka4Nnu5gxps",26,98061,2005,50,316,3
"9XFLKJm5SyY",17,98042,241,18,110,1
"41RBgiYtZhI",24,98041,49,59,76,4
"0rPANtuCF6E",25,97982,608,83,98,2
"JeaVOiUM3SY",25,97976,561,94,155,1
"jbJaQEScB14",22,97962,3086,47,1612,1
"rs9q61zIrOQ",1,97954,533,28,262,3
"Gp1rP9eVg30",29,97942,5049,138,925,2
"4LsHgJc9ON0",24,97899,414,78,218,1
"Quogt2AKAqU",22,97876,3538,181,489,2
"Mx9uwJrIXCM",25,97868,1232,467,1080,3
"b5c-QBZ-ePg",25,97835,1043,100,258,1
"sItxChe9FLQ",24,97831,8202,81,1006,1
"67PhKxGmxcE",24,97825,322,40,327,2
"hOe5tgOrSRg",23,97728,4780,35,428,5
"Sy2wqtTIzAo",25,97695,504,255,770,3
"jsyczpqqGic",25,97681,5514,284,1344,3
"wWefcl4M4Vc",25,97680,0,0,657,3
"ne8siFhCA6M",19,97659,4921,129,468,1
"XI1UCCDiqPE",23,97639,1920,34,668,2
"Y7D9UtJgMeA",23,97633,284,95,184,1
"HzdyxCHoNhQ",24,97632,1133,47,305,2
"jqoiCi988s4",24,97628,96,98,125,5
"1Hwa0DTyuKo",22,97615,601,31,100,1
"YhvB4-9_49Y",24,97614,1091,38,167,3
"0koCNEBUypY",22,97590,991,81,122,2
"IBpeTQ8oHSc",25,97584,1005,507,1182,2
"OpNAfEQKi_4",22,97570,157,20,70,2
"G017PxNsOB4",24,97550,111,384,197,4
"bfR-1PcQlWc",24,97525,1597,5,223,2
"5PC810CS7HQ",24,97524,391,38,101,2
"h5cVjavcjNs",25,97521,926,102,125,1
"PYEBNYRZ5ig",25,97520,4870,124,601,1
"yBco1bJrN4c",25,97468,4206,180,713,1
"lITAsP_DRi4",25,97464,419,7,23,3
"tlvfz_FCD2Q",24,97408,125,82,15,2
"GY_P1wfcYUs",22,97402,831,80,75,2
"pl1Td3yBsh0",25,97365,4152,301,430,4
"90-chSRsDbo",1,97361,542,43,172,2
"5HiNRgHvtB0",1,97349,472,9,181,1
"itLZVZA2ug4",25,97323,556,79,151,1
"fk7GuaFxBgk",24,97315,6150,23,605,1
"YUX5SiEDk0M",25,97274,1096,64,407,4
"TIF8754lKD0",25,97248,5307,124,518,3
"Zu-XOya1vW8",25,97235,4108,149,445,1
"WrOou1KRtYc",10,97206,4246,47,377,1
"uJ9OsRuXFpM",24,97205,413,17,90,1
"n5CpnStbqW8",22,97202,5551,112,691,1
"FQvZYa7baWM",1,97194,2268,34,1071,2
"PZ25kUHkdj0",2,97174,1160,233,786,2
"G90qUIQVtdw",24,97171,6709,88,1298,1
"H7G0E9-sHqg",22,97152,1821,40,417,1
"Yo50LvUK9Q0",25,97151,0,0,354,1
"OfZb7GlHhZA",27,97125,1161,121,312,4
"clOM25NxOTI",24,97125,2122,164,111,3
"jW6PaGsw11Q",24,97070,591,46,65,1
"d21AKnkQ6iE",24,97022,751,83,222,2
"QwN2rQSrgIw",24,96992,941,70,266,2
"eHoWH9itYqs",15,96963,152,41,1,1
"I__HDdPf2gY",15,96938,4812,13,791,3
"Shp217o3Ouw",10,96928,5854,18,496,2
"kLCIWc5armM",20,96925,2873,28,530,1
"dqfVUCi6sUQ",25,96921,995,106,138,5
"7Xx8gBf2VcM",22,96916,2037,99,520,2
"tv_WL-uti_U",24,96896,1146,25,282,1
"z6AShJLlDH8",22,96895,369,64,20,3
"7OcmRjyTHtI",1,96883,181,5,127,2
"sjurEffUy44",24,96850,1097,15,83,3
"DWq6W9bJ9TI",24,96847,0,0,273,2
"QIjJO8qscvw",15,96844,2269,22,406,4
"AZ4P44bc3MQ",22,96841,576,52,180,2
"ew7oFVPBE4M",20,96839,2907,61,1436,2
"RPHHoD1PXFk",17,96819,283,12,68,2
"1Q0IJtiCNSk",25,96819,0,0,0,4
"ugRc9KgH7PA",22,96817,3295,471,826,2
"S541XX0wUgk",24,96805,3019,42,144,1
"AeSkG0rrj_U",23,96787,1359,231,727,2
"dYrieYa_vTI",23,96774,1368,26,169,1
"MmgX6oQRplI",24,96741,2425,25,329,2
"un17Z9iL7gc",22,96741,972,118,115,1
"Q1sbuairC4A",22,96727,238,10,18,3
"JYuFusmf-Kw",22,96712,990,87,121,1
"H4mZTcVO83Q",25,96706,1413,68,194,2
"JUKrgBUKl6Q",25,96674,665,66,330,1
"_ZiSSccNmNs",25,96601,4051,102,470,2
"kLWQ1QUwBd4",22,96591,2645,26,293,2
"Mu6qXdRkASk",25,96587,3341,102,298,2
"gHhFT9WsEN8",25,96507,406,53,174,1
"rob6pbuhUvg",25,96402,1438,52,204,2
"Lu7vKSccT4E",23,96340,5432,42,623,1
"6AH3XsWyyJ4",17,96334,223,88,39,2
"39hCVM4T4PA",17,96334,223,88,39,1
"4Sz3brpovNY",22,96191,1998,17,81,2
"D3_x9GrENTI",25,96170,3006,193,299,2
"TcX45uPgsLs",24,96166,2049,24,255,1
"OGv033sS5Xs",22,96166,3688,149,1456,2
"4uTsGxpVWjk",25,96153,944,104,72,1
"DODiJL5z-Ss",24,96051,454,32,326,2
"S6HIlEzJZcY",22,96047,2877,77,650,2
"tcDLjvjw3pA",20,96046,2557,70,796,3
"h1Y3sAiqOP0",22,96027,597,265,688,2
"w6Hda57RyKw",23,95984,1040,57,247,2
"EW_bIZrrJ_8",25,95967,395,74,135,1
"uxSpVFMe03g",25,95959,411,74,161,2
"sB0Ame3CXT8",22,95934,1019,133,160,2
"Ux6W0Ewj4Jw",25,95929,3218,68,450,1
"ZTfIwZhqqQk",10,95909,1129,8,53,2
"TAGFMEOk04c",25,95888,6221,60,1021,2
"IhobuVWmRso",22,95857,780,37,153,1
"5OnJK4wUHV8",24,95824,1472,19,195,3
"jjH5ya8P0ec",22,95822,1035,69,104,1
"K4n5mC-1tRA",24,95728,1045,28,259,2
"XDSQNbX0whs",24,95706,1500,15,126,3
"_VKxXmZb83s",25,95701,0,0,0,2
"dXiFv5JY03Q",1,95694,748,36,197,1
"jOC5H3GAQU0",25,95647,106,18,0,2
"iJxhbtUF0-8",25,95630,616,43,229,2
"aUFPYMow7wo",22,95629,1444,66,272,1
"G4DnbbGlJd0",27,95627,819,54,157,1
"Esbu_xUXMW8",25,95625,0,0,1293,2
"_RKEutZx5pI",23,95605,712,16,191,2
"MKGi1kGUNdw",25,95595,505,21,149,3
"VBc1w5tIMq0",10,95578,675,25,88,3
"BE1lxwuISjQ",25,95577,832,113,209,1
"TLFr63RQVAs",24,95577,378,14,62,3
"SMPdpi0aOqk",22,95568,868,74,84,2
"sdr-oSF0i-Y",22,95517,796,64,94,2
"uQHXNtf7W9k",24,95506,695,9,164,2
"sca7-zqam3Y",25,95457,4239,230,953,2
"OiQcGrLqTMU",22,95430,924,116,150,2
"j-NZk_mFh3c",24,95427,2972,22,660,1
"gPizZz6CLZY",24,95413,320,78,210,3
"SfZVUeRanqs",24,95398,267,60,231,1
"mNeEBYFoZMA",25,95391,4531,103,344,4
"9_AIFxmRIGU",25,95380,4119,257,670,3
"mJdEeczKM9M",20,95378,944,70,368,4
"SPRRxnsPbhs",24,95367,0,0,197,1
"3k7guLudWY0",24,95348,5263,21,1014,3
"fnACeUuLj-I",25,95329,3850,97,366,1
"E2hblbR6Q0U",22,95316,1060,140,154,2
"u6zq5Qn8Rls",24,95307,486,46,40,1
"e0lwCI9LyME",20,95279,2095,21,209,2
"aLUqBeXj_Ys",22,95264,5266,69,750,2
"0YLpQvWeuCk",25,95246,4839,129,358,2
"IrO5lRoNkiE",22,95197,682,24,82,1
"F4bJCmFLBg8",20,95174,1872,39,1168,2
"jcqcMTCPeP0",25,95143,3920,164,777,2
"R_zVcHDWe9Q",25,95130,5247,92,1190,1
"J4u2MGiFm-0",23,95122,920,29,323,3
"t7vvxxAjlik",19,95103,449,90,249,6
"3FfkhLVrEQc",22,95088,352,42,117,4
"9SX4Kky6MKE",25,95081,627,109,234,2
"F8HABDymN80",26,95073,1853,38,256,2
"cmBHEpimy4E",24,95053,6478,120,1000,1
"q4U5TCN8OZk",22,95052,656,3,39,3
"rcMeH_g3eg8",25,95033,3858,234,342,1
"NQTljqaFJMg",1,95026,3721,79,690,3
"Y5qrSBrZSDM",23,95012,2155,61,644,2
"ydPPGEGJpFM",25,94990,515,104,290,1
"fxRsBKGQ148",24,94979,1616,99,488,3
"fUKaNmc4EDQ",22,94950,822,79,99,3
"5nXEz0_syk8",25,94932,6416,134,502,1
"YXuEvHAFKA8",25,94886,925,83,218,1
"Htf2cnqdG4g",24,94880,1900,33,977,3
"WwEObCV3aoY",25,94870,3623,215,610,4
"WLy6U-37mm0",25,94834,997,116,287,2
"twJSASEtYu0",22,94831,1443,61,303,1
"Wx0lCR99F5Q",25,94788,534,66,187,3
"5WIANjYYKYs",24,94783,3156,88,386,4
"iuQpC0alCKA",24,94748,255,31,365,1
"bNGEPieV9k4",22,94742,2962,95,556,2
"Iw105UYsy0k",25,94711,3324,271,465,2
"ehO2etRM4XE",24,94687,1000,85,137,3
"w4plPJI9dIw",25,94666,0,0,1865,2
"evfQD4tGiS4",24,94657,127,48,6,2
"YpLrh_V4aIo",25,94627,1456,74,201,1
"jWmJshjTIQQ",24,94623,1948,10,241,1
"onpJPm5pHZA",24,94575,3227,21,146,1
"9XsucnLteZs",25,94547,3600,86,452,2
"RL0fGC2i9IE",25,94537,5308,437,1298,4
"tHgZoBzdmCo",22,94517,573,65,133,2
"RD61wdQeQo0",25,94506,922,98,143,2
"1gyOs0q5A5U",20,94453,1686,17,607,2
"hdx0Jdkz95A",24,94446,268,64,349,1
"Hi_hNs7ytJY",20,94444,2754,105,1653,1
"m8PcHxQVUiU",22,94349,1080,126,138,1
"OHO5TsT1Dk8",26,94348,1023,72,182,2
"mFJmsu3ELFA",25,94339,481,137,302,3
"PFxwstG6yp4",25,94324,826,88,114,2
"dMphJbbpkhM",24,94307,172,88,28,4
"GPv1jEv3jYI",25,94282,233,33,287,2
"REjDLudOMjE",25,94261,837,141,487,3
"GKDEszb-sHQ",24,94257,815,38,228,2
"dDHoGLrLGWw",25,94253,5626,137,799,1
"OvXIa68jZxk",10,94244,383,32,44,5
"EReFjfMGMBo",26,94235,2597,21,150,1
"-0YMxuZ8ezo",25,94213,938,172,255,2
"X3DXNO0wfxg",24,94205,133,55,5,1
"sdSyl77uCJg",25,94199,1566,51,310,3
"UUhnc8s4XbI",20,94194,1811,23,311,2
"hwiNysvUMZE",25,94160,3917,142,475,1
"xttChUtVbnw",24,94110,738,15,106,1
"g0q1A2InLYs",25,94085,4354,94,531,1
"t0Z6zmeTv-4",25,94053,3591,118,541,2
"gap9qYIbpDg",26,94038,2188,30,200,2
"39MYQ_BJLYM",20,94028,1252,13,227,2
"vJbM7Hy1Vyk",25,94014,850,59,304,1
"aiW23Ac340M",24,93984,4871,20,232,2
"rteFlrjxX9c",25,93975,1302,68,533,1
"dX6oMTfq-rg",1,93975,3694,51,575,3
"F_Dm81iDNbg",24,93975,4147,21,183,1
"j_qqGL0CSLQ",22,93964,1855,16,104,2
"qceWtSp0SM4",20,93963,2089,47,782,2
"UZoGAm4rWh0",25,93938,1739,47,189,2
"Y21FylMzZBs",22,93922,1997,60,418,1
"UWCPbZfCLps",22,93896,2941,29,927,1
"fazyzY8QdJY",25,93881,3709,99,459,3
"iNSLW9TXRQI",24,93850,326,16,47,5
"ljGYH-HqezI",10,93813,3426,24,270,2
"ax_u-ChX0aw",25,93805,427,22,256,3
"sRBWqiHEe9w",25,93776,933,89,180,1
"tYXxeEVQ0FE",24,93770,232,8,26,2
"xU191htZZck",22,93728,343,23,52,1
"CCDU78ol_vk",15,93724,3925,16,665,2
"YQv-ScimwYI",25,93696,136,19,362,1
"Q8XnNWqpZ-M",24,93690,358,21,39,4
"JQgvcM6Haxk",22,93646,1726,43,415,3
"Adx10V3Su6g",15,93590,5026,18,954,2
"CvqW17xJ9P0",24,93576,6252,100,834,4
"7cfIGll2ggk",23,93539,0,0,218,3
"dhgxXIN_4b4",2,93533,183,17,392,1
"PxMVJjHaP9I",25,93529,613,68,170,1
"6kYBHWxS5jw",24,93525,2530,85,2228,1
"kUGjizVQfOQ",25,93511,0,0,0,2
"VpqmA116XGA",24,93468,54,184,74,3
"VRM8eAp-rf8",24,93456,1603,148,753,2
"XkSaiYFHo-o",25,93409,881,103,103,2
"1nqvG5BQkcI",25,93402,2528,25,489,4
"cGJYYbpvjU8",22,93392,2697,19,195,3
"PNdtTiHGo_4",22,93382,194,27,25,3
"wMdCAsC3LxM",24,93363,1823,23,1025,3
"G0a34-RvKI0",22,93297,2846,28,648,2
"HV3Q2mOlyYM",24,93287,206,73,129,1
"Rm_v-J8RZck",25,93283,91,135,200,1
"evM_-MMErVw",25,93277,895,113,293,2
"232l6dacBZI",25,93269,846,69,92,1
"Bhx_iIk_R0I",17,93222,331,17,80,2
"FsGBjS8MV_M",22,93217,5024,222,1024,5
"U0eATk6zTCg",22,93190,545,17,303,1
"NEZ7YTMHBRE",22,93174,6100,37,448,1
"DyYVKky7NuY",24,93149,354,29,341,3
"NYurkRY6heE",15,93143,3812,25,802,2
"NGR1uERZKWM",24,93142,1847,20,275,2
"XVJYs76IRUs",25,93140,0,0,1130,3
"Z0Qwon7dRJY",25,93134,184,40,86,2
"fb96eI0j4bo",22,93132,555,39,498,3
"wNxkWMFT84o",22,93111,1124,44,94,3
"w9os-iwzd1M",10,93086,1708,18,165,1
"rkmVa9rSw0w",22,93085,217,35,130,1
"ykA7nBUIxGI",22,93073,79,30,47,2
"entBgb7xw5I",24,93069,829,128,89,2
"5ZWHNgq7_yo",24,93058,2061,51,3251,2
"e2IuJ5yLAoA",25,93050,1014,135,225,1
"NlYg2FAAA60",22,93030,1099,117,145,1
"ilhiCWD7akc",15,93029,3751,27,410,2
"vr0lLyqmPG0",25,93014,515,77,166,2
"yhWf-FILZm8",10,92994,7845,248,1759,1
"aci8QnauXQI",24,92980,92,116,52,2
"qGaW4D_5pUI",25,92967,914,101,93,2
"qvFXDUIpM-4",25,92965,295,149,667,1
"m_H1NMQMF9E",25,92932,1201,50,155,5
"Ke-Ba6IXVJw",22,92881,820,30,74,5
"zz4nsRyTNBU",25,92872,607,206,0,2
"s6W4URPFtOY",20,92856,2637,31,2163,2
"Us7lfgkzJgM",25,92854,1412,93,225,4
"lTky5gKzVc8",25,92830,2543,966,620,1
"P338_eFXWKg",1,92827,1644,29,442,3
"VTdsjirdukM",25,92811,3253,97,377,2
"EPF7pBBqy1Y",24,92808,134,38,24,3
"tnBhrJ6_2Zs",22,92792,81,82,63,2
"8RP1Se3f6Ds",25,92787,393,131,705,2
"t3uvlgCzV1Y",24,92786,11401,65,729,2
"old3Yz0rhj0",24,92769,1447,153,75,1
"xXVz1pUVv34",24,92753,750,73,116,3
"Ax9kc3JjRIU",24,92752,1900,134,1121,2
"1uR0PJ9Owcg",25,92728,1984,55,345,3
"Ibc_OYfRxJ8",27,92673,1511,117,266,2
"dwCAy--9SDY",24,92659,509,67,470,3
"hJ8g38o2sj4",25,92658,3646,422,1073,3
"18agKnTMgx4",20,92644,1112,53,407,5
"L_WOYCN8Q6A",22,92642,954,75,137,2
"ecQFzv65iKg",22,92631,3129,44,243,2
"7U6nyekqWNg",20,92629,1871,46,1973,2
"4skN4hl0npU",17,92608,496,66,77,3
"gL9-CWUpBTY",25,92566,4910,147,362,2
"qqINAMnju8U",1,92556,494,22,215,3
"DLvIgwLenNI",24,92510,118,70,63,1
"i8HyKaVuLyw",25,92501,1236,104,407,3
"wNjF30r10ls",25,92498,896,90,309,1
"gWzTVHtDwqM",25,92469,1271,175,534,1
"2xyXIeFJAsc",24,92465,81,17,408,1
"QJl_EGI0BNo",20,92457,1296,52,455,3
"5RwofAbFOG0",24,92454,514,14,131,2
"d_WOLjrgaL4",25,92424,4060,80,201,2
"KVr26P2O54o",25,92420,552,74,196,1
"MpvBP_9_iDY",22,92399,1543,12,532,3
"PTOj8nr703I",25,92387,673,83,134,3
"LXh9ABHUVMw",25,92371,375,109,165,2
"nEqBdBK0hkw",25,92364,981,80,122,1
"EGBQLQJvOck",22,92358,1952,70,1435,2
"yq3P0onbsJA",22,92319,2479,19,130,2
"mpIxn2yFYPE",25,92274,4191,101,324,2
"0vquOjwXUkQ",22,92209,68,52,6,1
"vGUoA5e_218",1,92208,1443,68,899,1
"aZjppgEhdcE",20,92163,2124,22,675,2
"IOvBVUpMceI",20,92155,401,13,377,1
"Lg2ipRFKVJ8",24,92154,1841,36,821,2
"BKQFuMAs0TM",22,92154,582,103,941,1
"t_3gHK2zenU",10,92133,3752,148,1423,1
"zljEFm_z6mc",24,92102,728,34,263,2
"GdG1Djj_VZY",24,92099,286,53,266,1
"iizo4oOtYJY",24,92087,2475,18,248,1
"twseNPvtXuM",24,92086,642,27,91,1
"irn43lvGVLE",24,92002,146,15,133,2
"_jkDVOziffY",20,91990,756,18,423,2
"o8q-ANDwQ1k",25,91983,868,93,209,1
"gXJk3SFgkDU",1,91979,4840,30,513,4
"E-Iyayp_fNE",15,91950,4740,38,749,2
"AxbRd4xsQNw",24,91924,170,87,17,5
"wGdWt9qInxE",22,91915,488,88,146,3
"cDE6E9a1mnI",25,91908,766,167,164,3
"OKiOLqF1XR4",22,91908,4071,131,797,1
"WN8pnuwCp6I",25,91905,1254,152,208,3
"7zqz-O-8BZo",25,91898,647,73,33,2
"8LkwqZiT_04",24,91844,1832,20,96,1
"qlqMwbuPq2o",10,91841,2034,67,111,1
"p8yFvNN2fzI",22,91828,3344,45,426,2
"NgwsPxApx_w",22,91803,220,33,105,1
"dPDl5B2M7rU",25,91795,5024,193,296,2
"r4jUlqmTzCQ",25,91793,4028,83,393,1
"bqIJkcvLoaI",25,91790,4461,100,268,1
"QHg2RAXAJNA",10,91789,9302,18,672,1
"5TvuPi-SmHY",24,91729,3223,53,663,2
"mFyW6yQ8Kjc",22,91724,6963,65,864,2
"vX2K-mCpiK0",24,91707,554,23,121,4
"yAYxQf7uHv4",1,91695,1004,45,111,1
"hMpDN0vtp58",24,91688,1051,13,132,2
"RbDqvrlYLbI",10,91683,345,110,622,1
"LBLLXB1BLoA",25,91668,981,38,202,2
"4Mj8_0xVxV8",24,91659,2431,28,779,1
"MhsbcZraBAE",22,91645,4138,18,200,2
"kXD91io1DPY",10,91626,231,36,49,2
"OLDU9t1wZm4",22,91622,603,19,415,1
"GzInxEMPCys",25,91616,585,35,8,1
"jRJArcuKxSQ",25,91600,3668,265,263,1
"ytxeexbFwww",25,91599,462,55,109,1
"O9HWo-2g2z8",24,91589,1731,15,660,1
"Y0GV2upBFyw",24,91576,1354,13,145,2
"2dxq5MdYRKE",25,91539,0,0,797,3
"rwtyPvRXHcI",25,91506,2343,67,227,2
"PY-PDoJlpJI",25,91465,174,88,156,3
"8l_5Bw1LmBA",24,91419,577,38,87,1
"pHbR2eR3DA0",22,91404,237,52,129,1
"zegrLeBn1wU",22,91382,7198,11,416,2
"YRGfOvUxqPQ",22,91326,113,62,21,1
"9YKv_Y75dNI",25,91325,583,92,393,1
"5ys0uc5uxhA",15,91313,1988,28,269,2
"vvpRdr22F68",10,91306,12151,31,824,1
"8qS2vh4BU0M",25,91293,4800,122,382,1
"1nqLmx2d7Qo",22,91266,205,35,245,3
"mY0IQ7slU5Q",25,91215,0,0,17,1
"oqVQPGxcOc0",20,91199,2745,29,428,2
"oj9DGbi-XGQ",2,91176,1096,283,741,1
"CstMLQafSYc",25,91153,895,42,443,1
"cNrtJa-0WMc",24,91134,1688,16,333,2
"uvtgpjeEmJU",24,91127,3224,107,559,2
"IBOKecrJj8c",24,91122,2736,184,80,3
"0N_8BBFIcDU",24,91089,1469,63,666,1
"57hahw5KwKE",24,91080,423,50,42,1
"xF0BwghIe54",25,91013,462,163,0,1
"Jd7h9To1urw",22,91001,258,67,48,2
"14K3TYX1Sro",27,90994,1009,75,156,5
"BoCI7qRKrOs",25,90989,2227,66,665,3
"f04BiZvA1Cs",24,90952,456,43,58,1
"_804kr2rMrQ",10,90947,15323,36,1486,1
"uOjGZL-Ab1o",24,90926,832,30,66,1
"08JbJoIJ_og",24,90898,1457,20,258,2
"7yNWeyPFhGg",24,90879,1897,33,526,3
"ogsfnnGdTwU",22,90856,2065,89,1453,1
"Zxwv137CsTI",22,90848,2673,174,644,2
"X90zJH0qtrM",23,90839,237,33,379,2
"Y9ibtyoFHBI",25,90837,634,185,267,1
"eCR8y5TiaMg",25,90819,789,67,131,2
"G0PZ6OnDGIg",22,90800,666,117,152,2
"1l1Gni0JqVk",22,90800,103,25,122,1
"lkdKs0O5JOU",24,90790,1984,15,96,3
"yGNHEP2x66s",23,90780,0,0,554,1
"oCt4MLzgSQU",25,90775,330,59,67,3
"OwO_x2KNOhA",1,90743,246,12,70,2
"37HV_JW6HDM",22,90711,322,47,63,3
"FmJJ97r8BHw",22,90686,1012,133,197,1
"4mSFIF4BmYo",25,90683,845,130,340,2
"BpCw-c3gJsw",15,90671,2272,44,335,2
"LccT4ua0ZYA",17,90641,708,33,273,1
"UgxWUKyheE0",25,90586,3064,82,191,1
"e2XmG6NNXiw",22,90571,2699,29,138,1
"9WCOjEJokUE",25,90566,141,100,51,1
"3D_6e_hsfas",25,90552,4563,67,582,3
"3BPd3yBL8Ys",25,90548,284,58,0,1
"m3z79Y_bvvE",22,90538,405,22,263,2
"fY_5kkNayHA",25,90535,3172,82,799,1
"63qyfrPQjII",24,90534,201,31,123,1
"F9qrVC_iWHg",22,90521,691,114,339,1
"VX4T4NeAi3A",24,90515,2162,20,80,2
"3EKSvkMVj9E",24,90505,2193,40,643,3
"JJ92QY_At4E",25,90497,5346,67,626,2
"1Bj7JlwAnK8",17,90485,235,22,363,3
"gR7jAa4wFio",25,90471,3930,523,1261,2
"0Ci2eGy86m4",22,90469,42,62,5,2
"FZhsR2FcWF8",22,90467,2497,247,399,4
"HK2UsvgpGzM",1,90461,307,19,90,1
"IlNiUokbp58",25,90452,951,201,286,3
"GV74DlJpXrY",1,90388,324,30,124,2
"XibvgaQ98Rc",24,90346,5926,11,441,1
"z_zaAcrASL4",25,90339,912,102,69,1
"pJnwPdqgrhw",20,90321,2315,56,1489,2
"W9HhjBhGd9I",25,90319,1384,69,140,1
"7hzmm1kiIfU",22,90317,1020,141,169,1
"IohC2n9GTyQ",22,90293,1872,22,145,2
"3F7XRRwDSRU",28,90268,867,63,888,2
"tJZasSD7u-U",15,90257,4007,15,1053,4
"NrL0LiPZ5Uc",25,90248,4362,127,259,2
"BqxXvTZO0cI",25,90214,146,53,232,3
"rw658jMurN0",22,90180,261,16,120,2
"NYA3D8MlkhQ",27,90176,3156,22,336,2
"WYi8p4GVQWA",25,90164,460,160,268,2
"HJHanXzQqLg",24,90159,1530,28,238,2
"3HirMOn94VI",25,90149,817,75,115,3
"JxcmFib_Tv0",24,90079,1074,10,202,3
"7vvYSdIrG9M",24,90031,4488,461,1094,3
"srSHijajsUM",24,90029,5695,15,208,1
"6ZXFbgEVg1o",25,90028,496,74,120,2
"EwigZABWJqE",22,90002,895,47,274,3
"rAM28iYHOYE",25,89998,717,73,445,1
"ddxgZwtFxCI",25,89970,4199,96,310,1
"_Zxxwuz8k7s",22,89941,1088,130,195,2
"b9Gw_dAqjhM",26,89941,2714,32,159,2
"Gw8o4pIsXoE",26,89908,3782,28,722,3
"IqGpFRNfBpo",25,89893,4044,146,552,2
"Yfh4A-mlO1A",24,89863,1398,60,608,4
"LsQ_QkYaJiM",22,89805,207,76,66,2
"RJt9UXmEpSs",25,89801,1275,108,212,3
"0je1Tclg2SU",24,89783,501,38,55,1
"1F09o_oBZT8",24,89767,777,55,324,2
"_MQXiPAZNQU",22,89736,610,82,267,2
"_-1QDQb2J-4",25,89708,740,97,133,4
"pkVFh_DVWno",25,89701,615,69,136,1
"chOYiWvWgyM",27,89699,0,0,0,3
"0sZz3J3FO4o",25,89696,3863,115,557,1
"1aGtGfX73Yo",23,89672,0,0,171,2
"2HmzfoWh3uQ",24,89635,2637,87,1640,2
"5zn9lHEiBbc",25,89610,4531,78,711,1
"9E9DNKxlNlo",22,89610,1085,10,49,2
"aprOva93jWg",22,89589,4171,15,271,2
"fo8FprXCQwM",22,89580,3612,51,498,2
"nc1GE0O0L2U",24,89565,2280,43,645,2
"MoQUzys4cp0",23,89504,1181,24,187,3
"il5VWMLfCB0",25,89500,1390,70,280,1
"tIyrKeISmjU",25,89477,3516,63,384,2
"UPvnMR-3Xqo",24,89461,1634,29,597,2
"UOL5aRZ3otM",20,89452,236,44,256,4
"N1gWLLSHs_8",25,89414,375,115,215,2
"TbsQ3rl97QU",25,89374,690,132,371,1
"djtRDdcXRhg",25,89365,852,79,70,2
"KHUv4AP5QIY",15,89355,2212,22,271,3
"4f76T1rLe_o",20,89335,1698,36,1283,2
"XSc3IhClVvQ",25,89326,4644,175,455,1
"RS_dhgFKM3M",25,89323,4014,245,947,1
"fWXklO5BvnY",23,89261,632,103,463,3
"JLputmZv2cc",1,89202,346,19,109,2
"2LInmENv9Hc",25,89182,3548,276,480,4
"IwpvBa_s1Ec",24,89168,355,45,266,1
"ZcncTTQQXPM",25,89168,3360,64,494,2
"HhXuw3spmX4",25,89167,3656,67,323,1
"j32b48Mn8gU",25,89163,1189,121,223,2
"nWUQLZ4gj0w",22,89162,1573,89,545,1
"jARDSCSmmfM",24,89161,0,0,588,2
"MZ_gJR7SMOE",22,89160,2511,33,438,2
"tAMZuP7WsDg",25,89144,870,124,81,2
"QfWAERtQyvI",24,89136,115,59,125,1
"BorY8sG0cbM",25,89129,1810,42,416,1
"zg2g29v0MTI",19,89099,1033,31,754,2
"BY4zPbhEP5s",22,89089,4559,97,0,3
"i9T7MXQddp0",25,89083,1374,52,242,3
"TxfgGCKn2yI",25,89079,374,55,252,3
"nVGB8XYDbJM",25,89068,0,0,369,2
"JQdGmZuA06w",24,89049,504,29,112,2
"pJlhek6gcIk",24,89045,1241,35,197,2
"nr79YdV4FaI",22,89029,0,0,210,1
"blmUkuA6ZsE",25,89024,1194,55,159,2
"wwy91w2bzII",22,89018,667,6,96,2
"TtysChGvWqY",43,89000,190,139,539,1
"dXi7IVtN_pY",24,88995,523,28,58,2
"KzPq4JaDoYU",24,88963,373,13,75,4
"ftp9m5peYJM",25,88940,4800,166,318,1
"0YOUx1pDEC0",22,88939,7501,11,897,2
"m0aXfNXYUtw",24,88938,2810,14,262,3
"ImpgM4aqoS8",24,88934,455,110,341,3
"scIrzG3kgRY",24,88919,14004,20,1106,2
"CVsrU9KJzgc",22,88889,0,0,201,3
"pCK_H09e7X8",25,88868,3972,84,341,1
"IrAuGQnwLK8",25,88799,0,0,81,1
"uy2eSWjip4s",25,88740,3660,201,524,2
"nhCxdkvNSdk",25,88714,1010,77,269,2
"gYXyP8F1wSI",17,88711,152,13,66,3
"gLp82qGHtQs",24,88705,10991,11,510,1
"z5FCiUVPSdk",20,88698,3169,35,55,2
"ctNq83kOAmA",24,88662,645,48,143,4
"SUDO6hujlmI",25,88659,507,120,155,2
"0mjvlE7Grqk",24,88657,503,159,203,1
"NTTZdaDuAQw",25,88649,863,99,72,1
"7gLU9uwoqas",24,88647,507,42,50,1
"1lKBmt6wGDo",15,88632,2466,26,261,2
"ThX9V4wAytI",10,88573,769,38,240,2
"tw-f2VCDFTA",17,88565,886,37,560,1
"F7UQvcShPpU",24,88564,2795,150,279,4
"vkExINbaxxE",10,88550,522,52,89,2
"FWTs_nnmFHg",24,88542,1143,19,158,3
"fPkNRVnaOyQ",24,88528,15110,16,1005,3
"up6SjIaFf5k",24,88522,4015,16,614,2
"R7mZ0JNzhXk",25,88509,1730,143,267,2
"_d_by5vuzVs",25,88504,4671,219,464,1
"EabGStG0NWY",25,88402,37,64,62,1
"QCxJoM4uhKo",24,88396,445,43,58,1
"G0V1LrO76hY",25,88386,777,57,235,2
"gYxpDUQpWbY",22,88358,2095,26,97,1
"wL-a2D3RQKg",10,88339,1496,76,77,3
"3pX80KRknMs",10,88334,17209,30,1885,1
"yhhIdpNWvR4",25,88306,518,72,125,1
"QPnKBeKA0MA",22,88305,396,135,186,1
"j4GLqsESYWQ",25,88304,4103,189,958,2
"9Zy6QQD8YMI",26,88302,4158,47,1983,2
"udkVl66xWvE",22,88276,1732,47,303,4
"s5f_pV1BlQc",1,88258,2438,75,695,2
"1b2kwmUnDEI",24,88236,1658,11,269,2
"2qy6M5_1Zto",25,88221,326,102,127,1
"v4c3_t_juvc",22,88219,632,13,111,1
"5PZJiPfgqv4",22,88178,1085,94,171,1
"dR6d1GmvjQU",22,88171,620,95,194,1
"Fve3PultRZU",15,88150,4227,9,574,2
"sZurYQuT1sU",22,88140,397,49,26,2
"gPo4shFqRXc",22,88139,3993,62,238,1
"Ssx4JpUsW_U",25,88115,765,63,104,1
"SpvjVDUySsA",22,88110,321,110,149,1
"pU400ueKOOI",22,88103,902,63,102,2
"Q837LIg7KDo",1,88099,286,58,38,2
"M5ZqOMaYkac",1,88058,448,19,264,1
"TlhVNhSAEWI",24,88053,268,56,801,1
"enxPDb6buz4",22,88050,269,49,766,4
"3B2GsKoAG90",25,88040,147,103,187,1
"FXnfbPufYNc",24,88020,2779,320,1067,3
"FijMXuBbx_8",25,88004,260,13,321,1
"hzAEdhnXAh8",24,87999,613,84,172,2
"bnuB2UnwiTY",24,87982,2674,76,1376,3
"dYMv_1X5onI",24,87967,761,51,522,2
"kCulQYfkx-Q",25,87961,5064,69,792,1
"ze62rkywTqM",25,87929,572,12,94,2
"C_AwxAorKAw",22,87902,69,74,13,2
"PGXiItxZ_PI",24,87873,6409,8,895,2
"mbc2vkk7Qq4",24,87870,557,31,320,1
"JeiL02LZafM",25,87853,936,81,81,2
"BxYkRVtzaRw",24,87846,3313,82,1367,1
"URTV4efwr6w",22,87822,1675,41,44,3
"M0PS2douMxg",22,87791,1898,10,75,3
"pALWlOInTdc",23,87776,244,67,0,3
"8x7AlYmexzk",10,87757,1670,37,243,3
"FLe7Y7SdzZ0",25,87757,571,168,262,2
"Cn68k9KeBbA",20,87746,1582,31,941,3
"ruwy-FR8GxE",25,87738,0,0,73,1
"AMCqL-mrMQw",2,87727,514,43,276,4
"3tdJWPwq8LI",26,87724,7007,29,247,3
"VGxeDi0PcR0",25,87707,1151,113,1102,2
"dhlAwe8BRic",24,87703,840,8,36,1
"uSOwO1pUpyA",20,87683,1891,55,964,3
"1MhQOOq7YuY",25,87666,906,99,89,1
"GmTPP6au-ak",22,87637,533,33,164,3
"m-bs-OgkZHI",22,87598,795,72,255,1
"8sYjCXOjilQ",22,87593,0,0,0,1
"qHVMpvBXuxg",25,87577,624,80,473,1
"qQlxije9z8g",25,87565,4119,176,557,3
"mSpQ476mElw",25,87564,4054,89,315,1
"Ijm4nYy5_9M",25,87554,0,0,331,3
"FdyOmY3YsRo",25,87543,5182,219,462,3
"oZOSQxMZMDM",27,87530,2057,81,296,2
"MD9LkL812mo",24,87528,5491,123,782,4
"ZKh9Z7Bsjxo",24,87522,3200,20,125,1
"FK7q1Nifzno",23,87522,285,33,82,1
"hCUDd8xH5mU",1,87460,655,21,46,3
"vGC4_a8pHgo",24,87452,251,15,74,2
"KwV4yMFZNZ4",17,87448,519,19,232,1
"z-ZgyalWd_s",20,87443,1538,27,309,4
"uMh8nHUP7Cs",22,87431,852,77,143,5
"oXIXI01VgXY",22,87423,437,72,79,2
"957hIJ-FE5I",25,87411,1973,138,357,2
"4D7L9WQcUxc",25,87371,413,227,150,3
"20bNFuYgJiY",24,87343,5182,45,434,1
"BcvdpulIfNM",25,87329,4072,109,170,2
"_FjcFJZvz8g",25,87315,657,42,189,1
"QtgjLdvgYHA",24,87283,8370,26,534,1
"_QHIvHAIPnw",25,87282,4675,395,1381,3
"2xOFEPMVYYg",25,87264,2939,231,393,4
"joP3rtwPajc",24,87244,893,6,17,1
"MmZd5767CyM",25,87187,3522,94,306,1
"sYibZj6Luig",24,87187,1536,151,692,3
"XXnpzvfmzVA",25,87184,6341,117,705,2
"MyfGI9wX3Fg",24,87179,3765,37,581,3
"Mnh68GgSKuo",25,87164,4016,73,402,1
"yACtYy_301o",22,87117,521,8,293,1
"eb4aAHnXBL4",24,87113,198,40,20,3
"8plVSv9PEtI",23,87053,271,104,117,4
"0frHR1wjSpI",15,87052,3962,17,847,3
"vqXifPkpVbA",27,87049,1066,70,101,3
"WsajSxA566k",22,87039,435,29,138,3
"0FFuJOyK1Qk",25,87005,825,83,144,4
"qhcNRJYnxXE",24,87003,543,9,41,2
"RaQsb1YP4L8",23,86980,212,289,818,1
"bS_Is_NdR6A",24,86969,1888,53,919,4
"M6MLlGlzgQc",24,86911,196,41,115,3
"5sx0EkB0ISY",25,86895,183,653,1444,3
"vOjT1lfR4K4",22,86893,1209,77,103,1
"fp-Db4-TH3s",22,86885,365,174,855,2
"GOlnEQsV0wA",24,86880,1365,16,365,2
"tzba8fl0Ny4",25,86877,945,86,286,1
"C5YXd9GQyL0",22,86869,3622,17,195,2
"aYPvF8b1N6U",22,86865,820,26,185,1
"a6_gCuUlhMo",24,86860,203,57,166,2
"ZPJDi7aScSA",24,86845,1432,35,188,4
"s7OO3WTyfa4",22,86839,421,39,137,2
"Z5d7VD98NZQ",25,86797,799,79,86,2
"5Qqbq-Tl5Ns",22,86794,1037,119,126,1
"zOK8ySe9_Iw",17,86788,529,38,30,3
"KhStTygCdf0",24,86765,473,31,64,1
"uaV7Ct5lOFk",24,86761,1903,81,435,2
"l7rkZQxVxDs",25,86746,486,191,550,1
"vGw5qezS5RM",25,86737,3666,133,379,5
"UGjfspO8bo0",25,86731,747,131,288,1
"cPKNibBMmeA",25,86721,489,94,115,1
"C1hRtK4Je8A",25,86721,4340,72,395,2
"rxEMRBcw6ZA",22,86701,4248,54,588,3
"1PxnG2Scl9M",17,86673,241,15,124,3
"deKCIm8Sdso",25,86641,3950,84,355,1
"wCxATotKO6M",25,86634,499,73,143,2
"qV5F_Fb2yP0",22,86610,880,51,103,3
"O7x9lToQRs4",22,86605,810,67,81,2
"AtcHzdQCUqM",22,86594,4461,13,361,1
"S12EHfycGcE",22,86592,886,123,185,1
"id1_O347bFc",25,86585,1982,69,302,2
"GiNdvaBxCkI",25,86574,679,92,70,4
"Y5XDKghF5pQ",22,86535,988,32,486,3
"T5hf5RBmIzw",22,86521,1321,14,193,2
"QJhnNmS_3HU",1,86487,879,43,968,2
"B1-PbbvEFWg",25,86463,759,85,128,1
"32OT0zKTBr0",25,86451,569,94,183,2
"G0FBOzyF2k8",24,86435,346,41,83,2
"FBdtfn5rhNs",24,86431,232,78,176,2
"6NGA0TYN1ac",27,86426,1874,103,697,2
"58Mdq7KCtgM",24,86414,2709,40,595,2
"fmF5T8e1has",23,86399,0,0,85,2
"DkO_Q3Y7qEQ",24,86374,489,31,279,2
"71g4uIjgfx0",25,86363,3315,94,181,1
"bqtv-t1Byik",1,86352,326,18,45,3
"EdUju90lvJI",22,86330,331,169,163,2
"yoWrJe36yKQ",24,86328,3881,221,674,2
"icuFS42ck_E",25,86288,649,66,75,1
"683SYFktYFw",26,86280,2508,28,166,1
"Ya0WIApZnRA",25,86279,3768,90,508,2
"1Dmxnzx08rU",20,86278,2496,28,1000,2
"o27A3NUnsdU",25,86258,556,112,765,1
"k7rHPigHM6w",25,86245,5777,128,1584,1
"1GLQ_OozEtY",25,86240,427,48,257,3
"m1a_v6XlEuE",24,86240,682,121,505,1
"53592O-aAXs",22,86216,1622,107,592,4
"tZtEFyF6DJY",25,86206,3599,513,1122,3
"WPK6K4H5ctA",25,86203,252,40,0,3
"jeipVWq6F0g",25,86178,296,15,137,3
"WFNtnBBGiQk",24,86171,349,42,69,2
"mpU_nOJ90o0",24,86160,1600,81,650,1
"VzUHONvpUuU",24,86135,1008,30,375,1
"CgdLIiyGoD4",17,86134,0,0,247,2
"7L-rgOdus2U",25,86119,1906,123,356,2
"Lm4D-VRF_BI",24,86061,1829,40,523,1
"c9FUl8TC-LQ",22,86058,411,82,140,2
"Q55N9IuNHR4",22,86046,769,8,48,1
"2RSV_QtmQ2Y",25,86027,401,91,146,1
"R_UFyz5kjd0",25,86022,768,110,57,1
"nbAdGFZu5Q0",22,86000,3975,303,538,3
"BOg4r82G_tc",22,85979,1373,42,607,2
"2URFct1Vtfw",24,85970,810,95,311,2
"K1QeUAjhu_Y",25,85967,439,74,114,1
"syFz1coLwKA",24,85956,421,47,51,1
"DWkLFk6GNRg",22,85952,226,36,161,3
"Ks8ovjvktus",25,85940,5984,197,759,2
"1C7iwItiTek",22,85919,2298,99,352,2
"J4_cUcWvo1Q",26,85896,3940,37,1723,2
"jLjo3ioaZH4",24,85893,817,11,36,1
"NE8mx6oeJrQ",22,85834,2626,9,379,2
"xMoucH5Yl84",25,85816,166,51,87,1
"XeuWngRlPGs",24,85788,1239,11,189,2
"geOufLGgT8s",25,85762,2626,417,637,2
"fIDyH8GTYJI",23,85743,0,0,160,4
"Gszqu2OkemM",24,85715,2083,97,614,2
"B1P2GzL19g4",24,85706,1017,47,421,3
"gXkN1kCCOfc",25,85703,3921,220,741,1
"RHbRLb6he0Y",25,85658,3239,77,272,2
"a1fu3xqCQuc",25,85653,5332,113,810,2
"NAv9hSsFUtQ",22,85648,0,0,952,4
"Ei_bVwdL4T4",25,85638,0,0,1005,2
"vb6I_TO7o6Y",24,85623,1966,39,603,2
"4uTOmeFNI-M",24,85592,1252,210,325,3
"co0iwj6MJF4",22,85588,510,16,148,1
"zNw18ybM-uM",10,85577,830,20,188,1
"F9FRgNk6m5c",22,85559,4001,650,547,2
"DA-32lwnCaQ",25,85552,470,95,164,2
"vHg7ZurbIPQ",24,85551,481,28,20,3
"i2aElaf8g8Y",22,85493,400,42,99,5
"cl4CB2e1nHU",24,85488,632,87,164,2
"UoVNIzCAFOM",22,85477,1175,127,252,1
"q02Y-IucdUE",25,85475,980,122,339,2
"AxAhewwFG_o",20,85451,1993,29,1298,2
"izEGBAz1oo0",25,85395,374,62,91,1
"nHmiz3plGX4",24,85372,2797,117,917,1
"TDWBWWpXLls",25,85368,874,55,237,1
"DrAOyD60C7Y",25,85363,3015,134,458,3
"FGkfMNvCxag",19,85344,507,61,294,1
"hIEZlQnW1oc",25,85332,667,83,103,4
"VJA3hbrMTL8",1,85312,801,11,155,2
"VxKwwYv0kzE",22,85301,3753,231,360,3
"0t4m7PWZgE0",15,85293,4521,17,512,2
"XEmrL-kif0Q",25,85282,3154,88,566,1
"nN18xFE7P6s",24,85255,2673,22,164,1
"dad13ES42_A",25,85252,946,101,373,1
"P1GXhaRQkOM",25,85249,568,300,264,1
"iYI8x1rsdPk",24,85237,262,23,116,1
"iMj_O9Y0RZk",24,85230,3356,37,343,1
"AL8Yc-S8aqA",25,85220,710,68,102,2
"NvCfkQuhy7U",1,85214,4508,31,574,1
"unS_PcMn3RA",10,85206,16079,22,2137,1
"maANjxYIASo",15,85192,4452,18,649,1
"oTiOrRDjxw4",25,85190,306,213,307,2
"Y88PCsfk4LY",24,85187,6364,55,717,2
"46EeR0FcZL0",20,85183,1948,9,301,1
"DZjA7p2K7iE",24,85178,469,36,65,1
"HJNySJB_XWo",28,85170,1519,49,1472,1
"If5soEPipbo",17,85155,156,56,936,2
"pxcN4BnqFS8",25,85149,1101,64,122,2
"B0lMdi45FuA",22,85148,677,54,252,2
"YVpfBnpnzpQ",22,85134,912,45,290,3
"hkIyBWy98wc",22,85103,402,7,66,2
"JHztZLWPQj4",25,85097,872,92,112,2
"8khkBF-RJO8",22,85092,1930,21,251,2
"v2uB-G1fa6w",22,85079,4043,105,639,1
"A5gIEZ7u22M",22,85066,23,106,9,2
"1e-hfoJH-U8",25,85047,0,0,0,3
"8miaL_1rBlc",27,85037,131,40,41,2
"1ZROySf_wVE",1,85015,2691,82,835,3
"bUFzCMIvd3w",22,84985,369,83,80,2
"5RFT9G25tcQ",24,84980,435,77,311,3
"DRUt6WVkh1o",24,84967,3315,17,310,1
"kRA_xJIRUZI",24,84943,508,33,111,1
"z5r6iif9oqs",25,84921,1056,74,274,2
"d3rwkQRKhFU",22,84893,1940,13,70,1
"kWu79NBvbRg",25,84889,645,83,86,2
"DRYRUu1QcmI",25,84879,1027,47,299,2
"wq5v24uW95M",22,84862,120,39,14,3
"v2omQOwU4Xw",22,84859,2203,26,267,2
"6j8d0O2WwKQ",22,84852,2363,16,259,1
"FXF13zZrwCg",24,84846,1745,14,446,1
"Loz_P3s7Nj0",24,84843,624,50,190,2
"g1gcNEDRHVk",23,84831,1013,26,254,1
"Tmu9bze6bJI",25,84825,3612,139,433,2
"Jc7m4ytjs-U",25,84811,2558,262,489,2
"4HOsbcCKLgc",24,84782,2319,20,520,2
"MaVdO-7u3Kc",25,84777,4158,98,1100,1
"MTKfoUZ1sws",25,84768,517,69,92,2
"jST0DFsrenw",23,84766,0,0,132,3
"AORmn1FUKwQ",25,84757,4351,139,389,1
"1X0PNwm2_bo",25,84755,355,66,48,2
"WcKB_T-hhEc",24,84753,792,13,365,1
"TEDyePTVbd8",24,84751,2650,38,785,2
"nlSJJnke6a8",24,84743,4154,154,1748,4
"gPVXzUSdGzs",24,84729,1383,21,51,2
"mhV8lUa1fD4",22,84725,4488,253,566,3
"e88iNFpIV2E",24,84689,3197,309,515,3
"ZDsf79Nt1LU",25,84679,2984,109,277,2
"wW1fVQmzXao",22,84674,3547,60,428,2
"43tkhFBHIdI",24,84665,720,37,162,1
"ZqKXZzCJeiQ",26,84661,4264,7,92,2
"ru9hEpLXT9I",22,84659,1122,59,186,2
"h0A-Gg5QRew",25,84617,822,117,195,2
"ie9T5lffrz4",23,84616,1882,42,608,2
"h0zHwWVHRbI",22,84590,6713,17,257,2
"rfJOzHiy_6E",24,84556,10388,28,242,1
"BE46xXCtISM",25,84543,3809,80,322,1
"gdMZ8xP5T9s",22,84469,218,92,213,1
"lRuNV9Bx7nw",15,84454,1211,15,107,3
"ijh5fmomylE",20,84426,2091,28,634,2
"HZN6s9Swzj8",22,84403,804,92,123,1
"HPRlPHrpy_w",25,84391,2197,111,649,2
"tUS-0Pmm2yU",25,84387,3258,135,471,2
"iw5GGJM3_dg",25,84377,2952,83,354,1
"RveNiPTjVz8",22,84377,590,59,102,1
"EY6LpqnB318",22,84374,2520,28,314,1
"o2i8gMmzlpc",22,84372,5125,80,831,2
"gInQy1UBz88",25,84371,0,0,0,4
"eMA8UDyC0SE",25,84370,889,68,136,1
"25SlY0BmU5k",25,84340,664,20,92,2
"ITANxOfg2Xk",25,84327,2730,249,446,3
"eopRbSY9WOg",20,84322,0,0,88,3
"CuyDfi1W-Ww",25,84311,445,87,165,2
"1BgxSX89X6I",24,84303,7333,57,415,1
"BrGXhAjU30Y",24,84287,163,9,115,3
"C1FXx3vks6o",25,84280,0,0,625,1
"l-nlAj12RYo",25,84261,408,86,123,1
"HOKDBjZVkJs",22,84241,685,45,219,2
"4YuzhYpfP0E",25,84235,3612,322,232,2
"gVFi9g9C488",24,84192,1458,20,115,2
"KYN-Wyt17xE",1,84157,3524,15,1306,1
"BevsLpoG2bM",25,84143,824,118,215,2
"ci5vHU81FF0",24,84090,616,31,107,2
"jSWiMm66fdw",22,84085,504,107,197,1
"SP1aRoGUCks",24,84072,72,37,49,1
"2FylmopYuTI",24,84068,100,34,220,2
"iNkuU0TQ3Ho",23,84059,708,33,386,2
"fwm9btK1uCc",24,84032,3195,74,235,1
"HZrVM-2Pvgw",22,84013,404,173,228,3
"i9P6JNVTuIw",20,83970,1356,54,359,3
"wbDkhS1eUwQ",25,83969,876,93,102,2
"08f4Cb2fzcQ",24,83942,399,28,73,1
"7HOshr-MGAU",25,83906,121,4,83,3
"wDINaH3eppM",22,83885,4532,10,117,2
"Gb3AQrQRpH8",15,83880,5555,14,804,2
"gmavEUSx1eA",24,83873,428,82,240,1
"85yqpANPvZ4",10,83873,3444,9,189,2
"ygxV9nVlltI",10,83870,976,190,439,2
"N0raN2r7dtA",17,83849,256,26,106,1
"gtdH2-wu6oA",10,83838,538,20,107,2
"H4ZADzno7tE",25,83824,0,0,285,5
"3mq4gXoXnhw",24,83820,303,18,49,3
"_Zqu6rqWIzo",24,83805,1990,86,892,1
"6etlUFzEIyY",2,83800,865,43,287,1
"QoojSAFGrHk",25,83800,907,80,107,1
"CaVYEV9UPNE",25,83792,1294,50,248,1
"gmLgFDffPp4",22,83776,1042,100,164,1
"SBd6hFkBVn4",25,83760,1176,84,263,2
"ajTV8fOmAIQ",20,83756,0,0,2347,4
"Kra-AWchGw0",24,83746,241,15,75,2
"SzmSdj_3wSY",25,83742,4887,104,455,2
"4qutadF0q_I",23,83734,5175,19,416,2
"vEWKcpswPk4",22,83723,867,113,166,2
"FdCIS2MDiwQ",22,83718,0,0,0,1
"eK19-3xTZPo",27,83712,1406,513,232,3
"UAwZd9KG8SE",22,83692,797,123,154,1
"SOZkrY2tXd0",20,83691,2011,65,919,1
"Q46x_mrDod0",24,83685,495,15,48,3
"S1Rsy1DnFAg",24,83681,3848,208,664,3
"xizJVo2vQMc",25,83681,724,113,89,1
"k4JYrgv4kLk",25,83670,4596,135,1292,2
"vVmikfEgtsY",20,83596,0,0,112,1
"qmHOYarQseQ",24,83583,338,85,45,2
"2ch7C9kMOtQ",25,83536,500,71,104,1
"mcju6A8OHG8",25,83519,631,85,91,2
"kiln_wvU3OI",24,83506,1479,76,1197,2
"_GgJEPX9fjY",1,83504,302,4,119,2
"vUx77FvMgtE",10,83486,234,40,15,3
"iRwaVMen_wc",25,83463,245,12,329,2
"7n4-PVRtZSg",22,83440,1631,9,56,2
"JajWg2jQMYY",25,83424,291,156,128,2
"Hgji4zxrfyM",22,83405,426,5,124,1
"prvd8FKFEFM",24,83401,2500,68,2385,2
"0A9ZP5kj0VM",25,83381,0,0,455,2
"ruXJ4AfgcE8",22,83378,790,2,47,1
"taxdboFeiy0",25,83366,1455,51,225,2
"qGzdu_yJdjQ",24,83323,302,26,44,1
"W-Wnp8z-mDU",24,83309,1298,47,180,2
"aPPZu3xuhH4",24,83298,1015,46,425,2
"tSf4mGK4uj0",25,83295,5152,280,832,2
"gLaW_t3RjPw",22,83293,614,40,237,2
"Su9AGwJiXZw",25,83288,580,72,264,3
"a14xuTynhJY",22,83256,118,155,51,3
"VPP-VZYd3gM",25,83256,437,69,112,1
"XwjFwb9W2pk",24,83254,151,25,8,1
"uQaz9x23H6c",10,83226,10719,31,1044,2
"d7MzfLi-rM0",22,83159,1699,31,335,1
"UOLzs9cbUYA",23,83153,189,59,388,1
"KaSE2AXA2K4",22,83128,483,76,392,4
"eHnGhjP9HIk",22,83087,2090,13,260,2
"Q8cbjyweni4",25,83077,3372,119,579,2
"EPcRQG-rozs",22,83070,659,35,140,2
"CENTSaU5F50",25,83068,121,17,63,3
"yIvlyvy9pns",22,83066,1071,96,175,1
"qCuAqdyJG8k",24,83055,90,81,74,2
"BfbfjK3N-nQ",22,83038,702,158,291,2
"N36PK9n2_ww",25,83017,0,0,63,1
"HDJs2papr-k",22,83004,257,47,49,3
"JdrZGd3GPEw",25,82988,1142,379,536,1
"O1d3ufzCqRk",25,82983,789,64,201,1
"v2rcp1iiB24",22,82954,1258,30,86,1
"AAFsw9YFfzo",25,82949,1135,103,1666,3
"G1T1MNNlv4M",22,82921,3615,161,752,5
"w_zigrqspMY",25,82876,3433,78,215,1
"ZZKqaNft2VA",23,82839,0,0,186,1
"NYHLJ7p79sU",22,82823,3184,10,148,3
"3Um9zAOD6b8",22,82815,819,50,337,2
"eV1TsAm4bj8",25,82810,524,207,149,4
"a73HC3dwAio",24,82808,132,13,5,1
"ql7aELLoczA",23,82804,1469,35,210,1
"pPjPvKYw_r8",1,82796,3575,43,582,3
"ZVwpekKaWSc",24,82788,50,58,44,2
"y7U-5Ckm4zY",23,82761,430,47,231,5
"ANN2osUOvdM",25,82750,155,25,224,1
"uKdwdpPu5Rg",24,82729,579,18,153,1
"_DiALaGlR84",22,82693,0,0,590,3
"QPkwmtlk7no",25,82675,3510,114,1010,3
"UpcHEFbOTF0",1,82658,814,60,700,1
"2WBBSel1TRc",15,82648,1332,21,144,1
"aRqLALmnQUk",25,82626,951,106,673,1
"CIUqqqKQmy4",22,82621,1588,32,166,2
"EH_IcHZD9mw",24,82590,1400,32,593,1
"ZvkZKKvvLrM",17,82534,403,485,1692,1
"PXJ31LWJcWE",25,82520,3171,85,292,2
"_j7LqDL6BMc",10,82500,1029,14,88,3
"Iuq5soSyogE",23,82498,3382,39,581,2
"ridOlAx0yD8",25,82481,398,120,322,1
"VpWz7v9_A3s",25,82476,0,0,932,1
"SapfLl2w1sg",25,82465,3861,106,465,1
"r2g9KtR7lXc",25,82449,451,300,520,2
"ImI-ydetgAk",15,82440,138,19,15,1
"xHkxALq6q7A",20,82438,409,72,98,1
"EmMM8JM7_Mc",25,82431,0,0,0,2
"DzUiiTSjk9o",24,82425,34,157,136,3
"MuBbMA6Fv0M",24,82377,1769,15,138,3
"f8wh_zXpCFI",24,82372,64,25,37,1
"qIRiglVqi0I",27,82349,1489,56,263,1
"QjeavhO4UqU",25,82345,670,67,97,1
"Ek6QGMCb2tQ",25,82339,4803,170,308,2
"zsGAgPQsogM",17,82337,0,0,71,4
"Lr6qrDJgXV0",26,82320,3266,18,250,2
"3GrbSBW8sk0",22,82318,3729,47,262,2
"Niqy5PNmCVc",24,82300,207,9,25,2
"U2NmobBQe9g",17,82297,173,9,107,2
"MqvgN2rcctM",23,82248,1748,56,393,3
"a6pOAzUIqdU",24,82244,590,9,121,2
"yCBfAmRk0cc",25,82240,2843,197,723,1
"kbicUUucUTo",22,82224,2506,145,297,3
"sxsGzl2CE4U",25,82216,1180,126,613,2
"VlFtMJNZH9U",10,82207,2067,49,202,1
"8EtqnwAY_Cs",25,82192,585,56,115,1
"ty09B2BIvYs",22,82189,313,29,67,2
"qsa67STBF-M",22,82184,419,52,91,3
"GvJNR6heT-4",17,82157,287,42,246,1
"kdmb640YR1Y",24,82107,1168,8,157,2
"DUVo5cI9H9U",22,82103,2545,110,689,3
"JjtLioUzXzo",10,82092,1041,131,253,3
"vj_BZBhIDpk",23,82081,358,7,39,3
"0ilJMI-0sb4",24,82074,160,46,210,1
"T-khqS1xfKw",24,82037,109,403,50,2
"TaVYBLwgkkE",1,82015,2100,9,47,2
"rYcVRfSyuVw",25,81956,0,0,0,2
"EAWJSkycQSw",22,81880,2249,31,217,2
"cD_V93bL41I",43,81857,173,37,73,2
"RQSnfax5vDw",22,81839,4888,20,222,1
"5kW8ddLdVlI",25,81837,1510,67,375,1
"UU3aWvvsils",25,81820,743,70,97,1
"HlwBvCAP0Y8",25,81788,505,42,70,1
"oJbt-v1W7Yg",22,81787,4382,95,427,2
"fzVyE-IqUp0",25,81784,5220,879,1245,3
"OlX2dYhYtww",17,81770,355,43,65,3
"N5ZwdSK2LgI",20,81770,805,26,446,2
"0RKdHtPD3ss",22,81768,1805,55,77,1
"Wf-vua20pL4",22,81767,2010,24,153,2
"ojskTmxDpZE",25,81755,706,99,189,2
"TRWRMRf-Ys8",24,81720,724,20,217,3
"5WXqlzI2kwc",29,81600,599,78,68,4
"4ldzZdW_CCI",10,81583,0,0,632,2
"TOHoECeAJVQ",24,81571,1591,151,766,1
"ITnj94MPc3o",25,81569,790,68,97,2
"qP0REiatBvQ",22,81565,1055,13,123,2
"66b5QdbuB5k",24,81557,628,31,189,2
"I9khXVaIfyg",22,81554,135,15,75,2
"JzYfGVwZ7dQ",1,81550,293,13,294,2
"eR2svGsndLc",25,81494,3221,95,281,1
"Hs15wh02UK4",24,81488,0,0,8,1
"PNMUpShDIwg",10,81478,8951,584,1782,3
"VQWUtB2ItF4",24,81461,1774,27,602,1
"b645Tiob6u4",25,81447,3868,128,230,2
"15KxhpZ661U",25,81438,708,61,80,2
"IBXMIPsJA6k",25,81437,0,0,0,1
"8XLNnB2enoY",22,81417,6631,22,186,3
"Goz0LWYvOYQ",10,81411,1045,23,100,1
"C2JX50-VYCQ",25,81395,7832,468,1123,1
"EhVcIjrgXJc",10,81386,2697,15,296,1
"R8ojrwJ4PEw",24,81363,187,21,35,3
"ZE9MUeZhEOk",22,81337,399,35,280,4
"vT0ZklhxRts",25,81327,875,89,31,1
"GuWCkLnCMOo",24,81321,321,17,61,1
"akkpLOuS0ME",25,81296,491,71,137,3
"V9FgGSHONEc",25,81256,594,54,70,2
"pi_TUtmszjI",22,81241,2627,6,128,1
"GXWMVaGAaCM",24,81179,346,62,74,3
"VZOYHU9R1IY",25,81163,847,84,74,1
"fUo22Z49F-0",24,81156,1897,16,295,5
"WPYMK1FGvZY",23,81148,540,42,186,2
"fmcXbNCmE_c",20,81140,2608,53,1208,2
"4ZRVdBhzzvE",24,81139,2367,38,770,1
"Cf0So1EwK4s",25,81137,605,63,114,2
"THSmb01Rhfk",25,81127,626,103,248,3
"I5J7X28vh2Y",25,81117,2673,121,287,2
"WpLawX898eI",15,81110,1927,28,201,2
"kVb7A6J97v8",20,81104,290,16,269,1
"Kr8IIjIuJ2k",10,81026,4826,29,374,3
"6hYdqbtdCgE",24,81022,844,46,157,2
"RGWyfWKjU_4",25,81012,788,100,246,2
"ih49VkpJ3-Y",25,81010,2746,114,299,1
"Y4nQQztMFeE",25,81006,631,149,267,2
"P8_2CNuT-nY",25,81001,3499,68,353,2
"L-iMRjjWZL8",26,80993,467,126,67,3
"oIA14u9yT_8",22,80985,885,97,112,1
"iBUvhh6NjZE",25,80969,1469,65,168,2
"lZexTzXFpHs",22,80968,180,21,106,1
"GRq3essS00g",22,80947,936,30,128,2
"mqWhTJYI7Kk",1,80919,295,12,59,2
"tYYhaPS58HY",25,80875,3540,149,546,2
"Kyt8aDrFS0w",22,80857,0,0,265,1
"bXyz-qNgHmY",15,80845,2980,16,526,2
"pX_UsCvxBbA",24,80833,331,132,425,1
"Jc7utmOcpPk",24,80828,890,42,312,2
"vYOMd4XtEpA",25,80811,0,0,1158,2
"wrxgDg8jUCw",25,80784,3794,82,324,3
"_Ib0q-YK1aU",22,80777,599,22,271,3
"DKhgoe7rqRg",22,80769,1584,17,196,2
"ZCvOwEkGVBk",25,80744,562,165,329,1
"R1_QyyMXYiU",24,80740,5902,14,626,3
"nkICgMU5VxA",24,80735,1406,140,812,2
"8qNMQYdSeNU",25,80729,3303,78,419,1
"dsDThdyJ0ok",24,80723,92,83,33,2
"K9YJqUsL2u8",25,80719,3107,213,577,3
"L0lwRwblGMY",15,80705,3747,10,542,2
"OxLsLaelOXM",25,80701,926,175,261,1
"yxKLWbXcpgc",25,80701,775,35,122,2
"AqDBn7j_n1w",24,80680,63,83,172,4
"e_L6fsqm_Pk",1,80676,3490,50,681,2
"YOMxjdO9mZs",24,80670,90,36,155,2
"MZzeCxl7hs8",22,80669,356,185,252,3
"3WZ3iopxJm0",22,80668,0,0,998,1
"71siLN4PCT0",22,80643,308,57,1020,1
"XXxNqAt668c",25,80638,272,17,51,2
"growZ7Pibvg",15,80609,4646,13,694,2
"wvUqKhSLh_I",22,80588,425,89,0,2
"WIJQGSL18bU",25,80584,3368,343,331,2
"wqmbKuOqrj4",25,80574,485,41,66,3
"83IysRI2NMM",22,80551,4653,48,380,1
"dbERB0BJYwk",22,80537,828,83,115,2
"U5qDDyICHzc",24,80517,3405,19,188,1
"PfZMfMXLMOc",25,80514,3682,77,337,1
"tejNPHCQ45o",24,80511,3668,132,347,2
"GWta3usoCVM",25,80507,4694,116,302,5
"YxPQWhuqRKk",25,80483,4135,126,350,1
"JGn7m0tgJiE",22,80460,3173,22,166,5
"mpbtQHp8LXU",24,80458,360,71,316,3
"dB7K_94zJLQ",22,80377,252,9,218,1
"GpPuYC6zWs0",27,80367,4665,126,540,3
"ztsfpHCe3nY",25,80339,675,59,202,1
"u1TaDd8rVXM",25,80307,2346,82,507,3
"MFu6sXKblyc",25,80293,720,126,141,1
"xqxTAy5Uq90",24,80218,55,419,77,3
"ynmycvRNJ2I",25,80216,3134,165,275,1
"GP_Hku3bxqk",24,80199,249,103,343,2
"HBU7mYzLb2Y",22,80180,62,346,52,3
"8FH0CYy32KA",10,80177,12198,9,583,2
"RZr49h86jqs",25,80152,3415,109,768,2
"Hkc59RktTs8",17,80146,126,16,143,2
"zNuC5m-FHZI",25,80113,699,66,105,1
"zCGOBN6-0Fw",22,80082,2750,12,195,2
"l0XpHRNoSk0",25,80073,175,31,287,3
"yf6RFfQb_Q8",22,80055,4484,23,324,1
"knZFIiUDQWo",22,80051,1033,65,121,2
"xLLGMocAGxQ",22,80036,844,106,107,1
"61E_L0lYT7w",25,80016,4566,141,414,1
"SGCpb91MQcc",1,80013,1107,22,163,3
"Wj5lntJfjFQ",27,80007,5551,112,960,2
"gw83aSs4wtk",17,79943,145,58,277,2
"FXmNctbWQao",25,79900,4295,112,235,1
"UluF5SPXo-0",25,79881,315,59,275,2
"UpXzwphgeQg",15,79872,3275,17,521,2
"FlHUi4Af6a8",25,79862,1142,102,570,3
"Taa1b_N7sF4",20,79848,10258,44,23078,3
"FHDk955ph7k",25,79845,668,73,117,1
"H4ChgxRWAAg",25,79843,2765,125,645,2
"q5FAw_LMbJI",25,79805,4275,54,519,2
"U0cXdGKEczI",25,79799,4097,62,556,1
"2L8vROIYPnU",24,79796,387,11,65,3
"6-qkc3Sl-PI",25,79795,174,30,57,2
"f1vXI_tq-JM",25,79785,698,58,218,1
"HLBDVLWG9jw",25,79755,4138,56,767,2
"kpeDtFHwX6c",25,79752,3645,193,278,3
"znSKCIWxu9k",24,79751,1125,25,217,2
"EQdErAOiAY4",24,79750,0,0,88,1
"c4lq3mLPjUo",25,79745,111,9,31,2
"9X6H9v8QfPA",2,79743,2294,486,756,1
"GTY3GlXjM3A",24,79743,1103,13,218,1
"XerABCP9yTk",24,79712,457,42,56,1
"cCH053ME3ls",25,79694,627,75,94,1
"48Z-_uqb4Yo",24,79683,2021,10,193,2
"LrmWS6P0EZ0",22,79672,386,21,50,1
"dFFP6y73lAE",22,79665,462,47,263,3
"mkD8FVAT_ZI",27,79663,845,39,173,2
"aJHiIOYWXxU",25,79652,873,282,646,3
"WsAXnxP4rBQ",24,79631,95,76,13,3
"Zm7EpvprPfk",22,79615,1538,14,170,1
"q-QVlVjYznc",24,79602,2123,101,1171,2
"5_aJmg5Vo_w",25,79599,684,50,135,1
"HEklUxREkBg",22,79590,4029,108,642,1
"fR8eydEbGgo",24,79587,121,13,30,1
"E3Qjo4lNxvw",22,79585,1242,15,146,1
"d8HKnWncwks",22,79566,1218,11,50,1
"d3421nZY9Ds",17,79550,868,32,236,2
"TMBnxb_xJIg",25,79437,3311,251,828,3
"mxG2soyrgMg",20,79428,585,38,1155,2
"qWvskiswpwM",24,79422,345,31,126,1
"7ZTJeuxUuBY",22,79410,794,59,78,2
"v8wGENb0_UA",25,79391,4963,122,858,3
"TdNfOfGks20",25,79389,4776,96,289,2
"hfzd8khrxto",25,79387,172,42,94,2
"ojgdN07Vv3k",24,79381,1882,26,77,1
"Qj3J-IQcasc",22,79375,1054,23,55,3
"BSDlPt09Scs",22,79368,2688,17,372,2
"dSfqtoS_j2Q",25,79355,4358,143,864,2
"ic2DLAr8eow",25,79340,4317,92,529,1
"ZUhS25HR-9w",23,79337,202,49,216,2
"EJO6Y4OkPmE",1,79326,2351,40,143,1
"nunlvKLMjG0",25,79316,154,15,135,2
"VFveOpfwtBI",24,79276,72,209,63,3
"VTQkmkKte7o",24,79268,144,66,38,3
"w432JgdmKPE",25,79252,407,73,87,3
"CqWuJs-K4CI",27,79199,956,39,195,2
"i95_EI0uPis",25,79195,1333,46,158,1
"STEwNgJFEj4",25,79195,601,91,371,2
"1asQ7HQ3uac",25,79189,4541,325,352,3
"qS2Ed5cnuFk",22,79150,3032,21,220,2
"TBXYTnxY0PE",25,79141,3342,52,408,1
"Uj0hfdeTtno",22,79122,0,0,190,1
"SIuwdDed34Y",24,79121,417,42,65,1
"UTVLWZKMSGE",24,79105,193,16,23,1
"Ya6bJdM3IaE",22,79080,1521,34,61,2
"V4OxQ1OqPyw",24,79072,924,16,108,1
"XJtdFvzcwTM",25,79028,135,28,174,2
"ztM2VIOJX8Q",25,79028,135,28,174,2
"zEDh9I7iVm0",24,79000,3564,32,276,2
"p3xZ3FN6x9Q",10,78995,189,26,32,3
"0ZmpBTFWAtI",22,78928,3565,75,418,2
"d8j_RD0NM6o",25,78899,298,96,302,1
"Jk3-PujiVMo",24,78877,1864,30,640,1
"FtQ4L3COX2M",22,78851,1642,15,198,4
"8mUBdKIRTrA",25,78833,870,78,76,1
"LrwpjP-cuuE",23,78805,2114,36,459,1
"EFb7Heq9_HI",43,78786,198,6,21,4
"xC11kG4YE_c",22,78784,308,8,53,2
"lVa49x-s19I",10,78775,1657,29,100,2
"W36P2LuteTc",25,78752,2699,50,315,2
"zZOAV1jFDo4",15,78751,76,8,12,2
"FakXgNrHSCA",24,78749,1144,11,218,3
"2e1ea_VY25Y",24,78735,1463,25,128,3
"8YN_8qRGUsA",25,78708,2818,58,251,1
"JTbXKrCslgY",24,78683,1853,65,560,1
"Oecus2zOoSw",24,78676,596,46,243,3
"VBetoNdkEbE",22,78642,1152,110,187,1
"HMDkeVTH__o",10,78622,317,34,93,1
"SNXvnMdgrV4",24,78617,1159,79,1009,3
"ehc90qeR2dk",1,78616,201,8,239,2
"vQtWXSaRYC4",10,78616,88,180,83,2
"Jf-mkLidzoA",25,78611,3961,51,669,2
"X0UAoqV1QTw",22,78611,706,63,70,1
"Swe8z0nCIwk",25,78605,579,50,90,2
"rK8AJXgJFaE",20,78598,229,7,52,1
"bD6xXHAwnMs",17,78586,82,12,62,2
"LI756cp7bJI",24,78586,148,68,10,3
"dBDhtSB0jZg",25,78536,3430,67,523,1
"RlbOIo3unww",22,78528,745,27,453,2
"G8RrTKzUvoY",24,78519,213,14,107,2
"OvtOh6-QoGw",20,78456,1488,30,1144,2
"OsDh5oTcQEA",24,78451,869,34,174,2
"OJ3we7LMggc",25,78450,1199,46,144,1
"1Z2mYfG6I3M",25,78440,4302,167,472,2
"knrfvus-Kho",22,78438,759,30,154,1
"icep85vVSdg",20,78387,485,29,508,3
"6VzdZV999oM",25,78382,0,0,0,2
"lvkLyG49RCU",24,78376,2359,13,123,3
"bU4tNt8p77A",24,78364,1403,43,417,2
"YIi3N6ue4cE",22,78358,1734,13,111,1
"QPjPry9YCaY",20,78352,869,95,584,1
"iqBAuuDDTcM",27,78310,2359,9,561,2
"9g1Ikxf-DcQ",25,78290,648,27,149,1
"ZrPS1QQWnVQ",25,78214,478,17,388,1
"QclljGvkdUA",25,78209,248,99,130,1
"B5uJ5jKBHog",22,78192,1231,38,155,2
"CrdIyN4jwjg",25,78191,2705,160,369,3
"ZV9nOXmuheQ",25,78188,782,77,66,1
"ZwKdprosWbQ",15,78178,1439,25,231,1
"JR0hRlKSwUs",24,78171,3175,309,1303,3
"gLnHQUOcqMY",22,78169,3461,16,303,2
"u_LFDNWsMPs",20,78159,412,84,302,2
"Fdr8akDVQg4",22,78144,3321,38,319,1
"3vxC4GUKLvs",25,78134,3174,139,315,2
"lx8n8z3N9Y8",22,78123,628,10,62,4
"H5HzMjkfQbw",25,78120,1312,66,160,3
"OZR_AQgofMw",1,78112,4284,43,956,4
"6OpRRsjfY74",22,78094,359,59,43,2
"vWwj8vOfNuc",25,78081,0,0,239,1
"tD10G5SVEw4",22,78080,631,41,418,1
"jN5EoRsjTe8",29,78071,777,68,56,7
"RQlw7KN9bx8",24,78070,185,41,0,3
"ujKg8DZVMoM",22,78060,1285,53,187,1
"7kKWS7YkCpI",25,78053,585,45,60,2
"bmq9CTNo87Y",10,78047,207,34,56,2
"giIvUQtw714",20,78042,548,28,9,2
"gXQvcqLeMjU",25,78036,650,73,76,2
"K1fcf3o22-M",22,78033,2761,82,239,2
"AM6HeDPXG6Q",25,77992,3879,23,520,1
"NSFkpTTU0ao",22,77990,1147,44,170,3
"n2e1T5nhPe8",24,77987,4152,13,489,3
"GFgEjyVPtTw",22,77980,698,28,242,2
"amdXSF6FQ1o",22,77977,115,88,205,3
"_gB3ueN0iu0",25,77895,690,72,88,2
"mF6AOOjKil8",15,77894,1445,18,261,3
"xHOehC9cA0E",24,77879,1809,30,635,1
"vUM0ycqqfdw",25,77860,393,103,204,1
"pYk4yifZxuQ",25,77852,626,130,140,2
"F6Qoi3CQCzo",25,77818,4391,64,751,1
"23pr2U3BdNk",22,77818,2655,39,340,4
"n_fJoqrfq6Y",24,77791,1575,13,324,1
"tn4WMS1f_zc",25,77788,162,78,121,2
"L1Lo0kKOtYE",24,77781,694,22,530,3
"43id5cbIV8M",22,77781,3809,72,664,2
"iwcA_zJ79VU",25,77776,5948,63,836,2
"IFUIa-BLNWM",24,77755,1373,66,0,1
"gRklF6dMye4",10,77752,289,30,31,2
"3R2lI6sRukA",23,77660,1047,14,97,4
"vrg0ron8AA4",25,77644,423,108,263,1
"FN-L3CyeZ5A",15,77614,5226,14,888,3
"C0cZk2nzxOI",10,77597,988,16,27,2
"CQPn0Fxugzo",24,77594,6476,19,327,1
"iIzPrx5EO3M",24,77573,245,35,75,4
"Xtwg5zUJTmU",24,77559,152,14,23,1
"o22XW0vMCP4",22,77559,855,102,125,1
"1JBB2q3CJ-I",24,77541,481,19,260,1
"a-QCuwf1ACA",22,77521,1299,31,318,3
"rio7c7V2UdA",24,77509,7057,21,930,1
"5zOsaYyjiPQ",26,77450,4438,31,1587,2
"vvAGuSt5kVQ",24,77427,1580,17,81,1
"ac8uQ5NwOzg",22,77391,3344,255,451,1
"aD9V2JTANag",24,77358,392,40,36,1
"bkT7h1hEZrs",25,77346,412,109,134,1
"eh66Vh4YqJw",25,77346,427,63,92,2
"8Udca4cqxVQ",24,77321,201,16,121,2
"AKB-nKkMUbs",25,77259,422,110,227,2
"vLK_Qp3ypLU",24,77232,528,25,202,1
"CvGJcYXTOEM",25,77210,893,44,86,2
"a2hxUT5RJa4",25,77174,617,68,292,2
"snaG7c4nUdo",22,77162,3257,7,170,2
"gSXlfpgKWJY",22,77157,173,7,21,1
"St3Gk5o5u9k",25,77156,3727,170,649,3
"R6bnhyD2e-4",24,77123,471,32,202,2
"eDPSjJduBZw",22,77094,4236,223,473,3
"QqGBjtRRIQE",24,77094,3602,39,671,2
"l1z-T8PF_KA",28,77076,1062,115,807,2
"MMLXMvhsRkI",24,77060,93,110,22,1
"UTi-27r0H8E",25,77048,1404,128,302,2
"lunow6tNQeU",24,77042,417,39,346,1
"7xVq7v4Ovf4",25,77040,603,141,205,1
"QzmiL7AhhCI",25,77010,3681,136,190,1
"sbDjehJdB1c",22,77005,441,24,23,3
"v3jy7aWV1Tg",22,76974,51,110,37,1
"RHMe6H6tCVI",25,76933,981,90,100,1
"zv1ZpW6Q8Vs",24,76911,2486,12,469,2
"QxQKcO5keOU",25,76910,643,63,133,2
"udOqQR1fwGg",24,76906,370,31,44,1
"sLeQ5sc5-sY",25,76893,850,80,252,1
"sxqFCB-MUPk",25,76817,2395,313,3075,2
"dng8A-pVbVI",22,76805,2044,14,125,2
"mG_9LiLmiOY",22,76800,201,28,582,2
"WAGayf6E0r8",24,76778,345,16,39,2
"RAXrm-gpzPs",24,76745,1700,177,211,1
"IFbVXb_5SIM",22,76737,254,228,155,1
"Tf6CZocaF9A",25,76737,3969,118,822,3
"JRzOKu8d6vg",25,76723,4009,100,560,1
"lgnysHU4gAo",22,76697,826,36,119,1
"DQPLvZxNx14",22,76688,868,120,256,2
"feMl0nlB1IE",25,76655,738,86,286,1
"Zxgy-Hbwjbk",24,76636,146,8,39,1
"Kk60-PTZ96k",25,76632,305,87,238,1
"SflAaR7Vf9g",25,76626,5795,137,1159,2
"-0Jw4AU9IKQ",22,76610,73,37,134,2
"ehL-jA_vnsk",20,76609,1097,14,389,1
"ONsNNBohbno",25,76598,4779,71,505,2
"gV-cd4hCwhE",24,76592,612,91,592,3
"TaFJ3zgbMFI",23,76581,1879,20,670,1
"E8C_9dF9rzo",22,76559,63,32,0,2
"hH7wVE8OlQ0",25,76533,211,28,113,1
"J2wgZXBtLXs",25,76525,1352,41,198,2
"iPzuJk46LQ8",25,76524,3993,156,326,2
"DKE1rbINJ1E",22,76517,1459,21,111,2
"cx2dYJOlScQ",25,76512,3563,55,678,3
"hTcKQouv7Gc",25,76511,3170,124,144,1
"uHFRF6uIRWY",25,76506,641,67,97,2
"N7Ag075YPvk",20,76502,1940,26,591,2
"mheqpbJ_w-Q",24,76498,646,56,254,1
"t0lFTEILM0g",25,76450,689,104,427,1
"2xsJMWlYfng",24,76447,256,62,71,2
"gZLgpohMU54",24,76446,1258,21,96,2
"q2pLR2CufMQ",20,76423,2117,70,1164,4
"EdzeMi2Sz9I",24,76414,4346,137,994,2
"Hg_ibEpUV1M",25,76360,4749,107,489,2
"dacydLz4rjo",22,76351,3897,72,325,1
"thIaVdPYXjo",24,76324,1500,39,470,1
"qIl6MqobZeM",24,76320,2128,22,587,2
"zj_tFK0cG7s",22,76319,2938,37,931,1
"nx7pBjoNIjQ",24,76290,4466,13,286,2
"9hYtyF4-nzo",25,76285,1263,59,762,2
"GQs5c3pH-JI",23,76271,2455,51,1211,2
"uHB6OXpAQtc",24,76271,937,70,1239,2
"VQXnFvELak0",25,76268,4141,108,284,1
"MySFx77uHdI",25,76263,0,0,793,2
"RtM_fpPRJLY",25,76260,402,37,84,2
"bpHSwYol6W8",25,76244,314,12,93,3
"ooNjLrdj1oI",10,76243,2948,152,460,1
"HzLynCptR4E",25,76239,1140,45,166,2
"l7FZ50jFZeQ",24,76238,512,20,62,3
"ihZk2lmTndI",22,76237,1267,42,187,2
"OAi4gM6zfY8",24,76236,898,138,118,1
"GM9ZV0tEtjE",24,76195,1077,78,736,4
"5v7KMftnLgQ",25,76192,335,65,291,2
"b6J7BEHDW0c",25,76191,1380,45,196,2
"O_Dqv-gx9sQ",22,76189,205,35,187,3
"JyTfmxVck8Q",25,76144,902,51,156,1
"p7AfdQ5pGRo",25,76132,4495,107,798,1
"5LRKRugM-hE",24,76102,5613,44,965,1
"4vG5NeewF6Q",22,76097,4707,12,758,2
"bu-q824mibg",24,76093,3913,55,183,3
"gHp-nER_I2k",22,76040,3762,19,140,1
"JQkvdlTK66c",22,76033,2180,27,290,2
"uHTrNHFfqIs",24,76021,262,31,131,3
"eeFUeMVy9FA",25,76004,2995,235,150,2
"uzMOwq8NciE",25,75995,4560,133,394,2
"1M7TqJ3GRpI",25,75987,853,95,393,1
"qnIcr1FSZwA",20,75957,1057,24,482,2
"ANX98DKD5Ok",22,75953,307,60,64,1
"SI2_W3cU6JQ",25,75953,596,55,70,2
"VLyuJuJEeWs",25,75923,0,0,162,1
"phaD7pB7BP0",24,75913,475,103,263,2
"8A1Bh5B406Q",22,75768,1794,31,331,1
"J1cMyRzPA6w",25,75758,4098,123,609,1
"pyYtTgHsdt0",25,75722,4059,152,500,2
"eJdB6TbbZKM",1,75719,507,25,493,2
"Wv1QdDEeZFY",25,75703,692,103,874,2
"hr0rT44_XvI",26,75688,1882,35,253,3
"7HsNFgxw-fo",25,75683,230,26,68,3
"PgNA-8eES3g",15,75631,6496,10,877,2
"OsBhWI60qfM",24,75626,1409,16,450,2
"kx1SbXWMcb8",19,75606,0,0,303,2
"SamBr3NRx0c",25,75596,3638,419,257,3
"eCsaN2Me9Hs",25,75576,630,36,235,1
"RhxVed0KZlY",24,75569,1750,12,319,2
"v7K1UV4zexs",20,75545,186,26,56,2
"vlcAxC3MeTQ",10,75485,1345,14,152,3
"YBnLKmekGcM",24,75480,246,4,42,1
"AA5_11zqNoI",24,75469,8123,28,860,1
"no4we3I-rCo",15,75453,4424,15,747,2
"dMX7gBqOQis",24,75452,296,95,574,2
"NNTAjplZK0o",10,75442,0,0,32,2
"zDm39gxv96I",10,75432,1981,21,163,3
"D9BTE-IRoEU",17,75431,159,12,76,3
"ReyCE01dQy4",17,75419,187,8,287,2
"yoVH-95H1nw",24,75418,2862,13,308,1
"Rj9PjrD7Gds",10,75417,9346,11,835,3
"A8i_QPqoxuU",24,75390,3836,373,904,3
"VByKptvh-ZA",1,75377,226,8,158,3
"pPEJD27C5cg",1,75367,1185,10,235,1
"poY-l_1poYA",22,75362,549,12,24,2
"NaPAguHxRpk",15,75357,3441,18,491,1
"fc_66giJVgI",24,75344,2839,11,150,1
"c0ZFZZTh9A0",29,75343,612,58,39,4
"VFA9aC4xnNE",26,75327,3247,30,602,2
"gET2ysX3z4k",15,75321,3545,13,645,2
"dIEAXpkxe2w",25,75313,1041,60,1047,1
"NZYR_T0ffv0",22,75281,95,26,5,2
"ypEBItslG7g",25,75275,3935,49,597,1
"WtmTBftszWI",22,75257,863,103,836,4
"N--JIgnxpUg",24,75236,258,11,38,3
"R_QTXEpT4rU",1,75205,217,7,70,1
"FpvYRqqyb6g",22,75195,444,37,232,3
"IjMVp8q6jYw",24,75189,267,27,193,1
"9CAyCi7BEqg",24,75179,414,23,83,1
"VQFqPWqvel8",24,75122,3369,102,456,3
"nb-kOuhFUbQ",25,75110,594,86,128,2
"L1z7gq6i9Vw",25,75110,2965,103,520,1
"oYezMYwrvvg",24,75091,2662,530,640,2
"9lKaekAFwu4",25,75085,3159,84,486,1
"nigIavDiKgg",22,75084,6595,29,882,3
"2rQyHzWlYUg",24,75080,795,9,187,1
"cATovAGEHZA",24,75061,2288,16,450,1
"VEaPVAnCHk0",24,75061,233,68,305,2
"gJ_eY9rRDKE",22,75049,627,7,23,1
"17EwrTJTxyw",10,75047,8151,94,1224,2
"PGHcLhmCmRw",25,74963,379,51,229,1
"BzLHp0d1gNg",25,74940,739,79,118,1
"WYb62EnZsSw",10,74923,1967,8,67,1
"393K9YBvFcY",22,74887,432,64,87,2
"1lAzF02eePw",25,74876,3540,143,632,1
"Qy-JAWFPXE8",24,74863,126,10,14,3
"sebHNL1mbQY",24,74850,558,27,357,1
"tt7TG6-IoKw",25,74839,1209,69,193,3
"BVtxFZogjAU",25,74839,607,38,1029,2
"PTSRNetrN-0",24,74834,161,37,11,1
"btKkM4QtXko",24,74821,693,32,451,2
"jTqDCVMyVbg",25,74818,3701,78,1029,2
"caWNh3Zn8GE",15,74762,3161,14,362,2
"9kNq_xmQkhk",20,74756,2963,64,1213,3
"Pn70iRfoRbk",24,74737,135,17,28,3
"3dCRtBDV7gM",24,74732,2421,10,60,1
"HbEhGKweJWo",25,74726,628,60,277,2
"0D5ricVgCX8",22,74716,294,10,71,4
"14NiUDTDu-8",22,74713,1277,56,65,1
"185G2F_ul9U",26,74713,2023,66,257,4
"tmH4xfUCo_8",24,74709,666,44,349,3
"Dd1N-0RJWjQ",10,74697,7127,29,577,1
"_aLVt7pm5O0",23,74678,0,0,541,2
"A99TATqKnsw",24,74663,416,27,51,1
"wYsbU7kL0Rs",23,74648,0,0,86,2
"ppiYRl3kcMQ",25,74628,553,55,86,1
"qKoPFEj9_6A",24,74619,981,42,359,1
"hxkxHsgPr9Y",24,74618,749,6,66,3
"U3eZWFkFa6U",25,74617,0,0,543,2
"2fSvXAJ-kuk",25,74584,275,94,244,1
"fg_a6hOQjPI",25,74579,3784,95,201,1
"abDBNBWtV_E",24,74545,428,123,324,1
"LxmP0ii-nfA",25,74488,255,122,149,2
"TeD78fONo5Q",15,74487,2808,24,480,2
"17r5hTduq4Y",24,74485,929,56,273,1
"HK_0kTBpGec",22,74478,81,133,49,2
"9JNdUAxVE6A",25,74469,3124,91,440,1
"M60vLcYXdik",22,74465,2403,74,308,2
"ZRA5aJl59bk",24,74462,378,22,27,1
"agjKoSVUnlg",22,74457,2590,121,198,3
"61C4wQrs088",15,74452,4919,15,741,2
"UMF5mJ8CkP8",22,74448,888,97,97,1
"sDjf16bEfd8",24,74446,71,126,30,1
"MwDIgMIJpLc",22,74429,2071,179,777,1
"4vc_Dmp7O5s",22,74416,749,58,78,1
"sb391m0FojU",24,74401,846,21,56,3
"H8_Yy9b0Kf4",25,74379,357,112,205,2
"Lae2La7J2qQ",20,74370,812,105,9,1
"8r3F9evM5A0",22,74355,378,25,349,3
"6Qdv5_iVZ80",25,74337,3119,66,337,4
"ulmR3MRigpQ",25,74302,3349,95,325,1
"pWhmuYdXUEM",22,74280,338,9,103,3
"MmK4QymXizU",25,74280,1095,40,220,1
"JMNELdwa31E",25,74269,264,137,204,1
"65GZakW9jBQ",10,74261,5591,12,324,2
"MbCgOZVBG04",25,74247,775,124,444,2
"l1Y0aNuOPt4",25,74239,2643,356,923,2
"HNTzhMzygz8",24,74231,3834,180,628,3
"ZCAqlo_DpHI",25,74221,767,79,279,2
"ADzkLt9S_LI",25,74221,728,92,100,2
"z0hXrOOrQGs",15,74205,3019,24,400,2
"IKBYys-X-p0",25,74195,283,79,197,1
"a5XTQngXWiw",25,74185,0,0,208,3
"MivWmri6Rs8",26,74183,1896,28,188,1
"aj2HWyOgCpQ",23,74177,1946,48,1246,1
"hBxv5d0_NVI",22,74177,450,100,138,2
"DHBCsBS5K3s",22,74172,686,79,238,3
"o80_-ipRyUs",22,74172,3262,185,479,2
"nrNNAXo-SU8",22,74170,194,51,11,3
"YeeOSXOvHh8",24,74165,2854,34,492,1
"B3iFkJN-B34",25,74159,3940,90,359,2
"cFoqbHGCS0U",22,74150,2117,14,268,1
"iVZmM5FHekE",22,74122,170,73,27,5
"Wlnm884deRo",22,74100,1170,19,211,1
"cnWh5aBNDQ0",27,74068,3515,121,423,2
"dqAKw0OQtko",25,74055,4217,99,670,1
"JopCNWnZbpk",25,74021,454,72,212,1
"15szM81KkC0",25,74008,368,81,169,1
"CtK0DCBnRAA",24,74000,2921,79,465,2
"6QTLABuhuK4",22,73976,763,54,64,1
"oPDh32HGEv0",25,73971,622,59,74,2
"FYD6tD_2umU",24,73966,358,10,52,1
"eZtjlt2oQpU",1,73964,277,10,172,1
"WuxsC7br7tk",25,73960,1234,74,412,1
"toUY0VGHx6w",25,73938,3169,44,300,1
"bdT_7wrAQy0",25,73925,255,25,590,1
"27gF9p9q0cw",25,73917,0,0,0,3
"BrIeKCNIEew",25,73906,1095,45,116,2
"WtSuPsBqPkc",22,73862,61,535,47,1
"xoTh053vOvo",1,73849,602,33,620,2
"X2us5GBg5zw",25,73791,2423,90,294,1
"GN0vHWX16wI",24,73782,2107,21,168,2
"lhigaJmrrAc",25,73777,544,87,169,2
"J2G_xYiMpr0",25,73773,4618,92,631,2
"uoiTVkgCzoE",22,73756,3578,68,322,3
"Bz2yDn8R7k0",22,73744,223,15,59,1
"m3WtveNoaWI",1,73730,2220,50,481,2
"Fnk4Fa7PbJ8",25,73720,3368,80,551,1
"oiksdAb-g0k",25,73712,3992,40,705,1
"7l4OjXN4UXU",25,73711,1341,18,250,1
"CMcrBrHLBM4",25,73710,2995,165,365,3
"MwmNS8FyuVk",24,73695,1635,36,649,1
"TxVXzaosHw8",22,73682,391,3,19,1
"3xTgsUdo96g",20,73656,1691,24,879,1
"OBGMVZjyRpo",24,73651,397,37,61,1
"rbgBmOoO0TE",1,73638,652,58,1006,1
"B3XzkilT1Jo",23,73620,342,27,33,3
"kM562YQrmUU",20,73604,4926,19,1253,3
"Q8grCu3srBA",24,73557,2561,75,1113,2
"LPR6VGnFOy4",25,73540,288,80,80,3
"JKrxPRDxdO4",22,73538,337,32,79,1
"yQ93O8AJdt4",25,73537,769,64,148,1
"zYPyu_wnFdU",22,73531,513,89,105,1
"LdbN3qAQZ6M",22,73479,3575,67,593,2
"tXnl3guys4E",25,73462,2495,117,372,3
"oeHkTZTT9s8",23,73462,0,0,142,1
"TglT02W_47M",25,73457,2747,88,324,2
"HaeUM3IMB-o",25,73448,2410,68,257,2
"MdjIr0ECZeQ",22,73427,2898,117,615,2
"0gmK7Lm4ENE",26,73420,433,69,45,3
"_ZgwX3KX2rA",25,73413,957,110,236,2
"LXVsLm36jeU",24,73412,942,28,274,2
"hSmvzHawjX0",25,73411,557,145,275,3
"aW-h2yI-SuY",25,73384,771,44,90,1
"bNoMX_XllCI",25,73329,3591,180,186,1
"zAZdPnI-i-k",26,73323,2225,41,330,1
"8IiPrIljufg",22,73315,778,46,80,1
"l3R7JTq0hZ8",25,73287,1826,68,135,2
"w9TXgGf5uLk",1,73275,739,52,579,2
"PR5ThMAs-dg",22,73268,3328,80,296,1
"tiv7BnbAxdE",23,73260,230,43,537,2
"wo3W-OS8cTk",22,73239,85,43,1,1
"VhnleXNt5NQ",15,73236,2511,30,747,3
"71uq0rRF4RA",24,73202,1496,75,507,2
"mvPztsujWRw",24,73179,7295,22,453,1
"t1__oPTMIZs",25,73175,451,105,337,1
"lgFACitfxcM",24,73165,415,29,81,1
"o2q_LObv9a0",25,73165,3071,93,228,2
"Vc3FPwOKPzg",2,73162,11905,36,457,2
"r-cqXDMOxpg",25,73138,661,62,84,2
"xgcVCwCm5C8",20,73135,1349,21,689,2
"K5jnkQ7ovWs",24,73129,196,7,19,3
"v2uohErjrhk",26,73113,2108,44,214,2
"DMgFIAZ7LkQ",24,73109,118,72,11,2
"cM0K9mBb9EM",24,73100,342,29,104,2
"mqmlemuwsdo",24,73094,2824,553,1046,2
"418Hjpq6E6k",25,73071,3775,291,641,2
"pahMFZ4oiX8",23,73066,1223,73,685,2
"bhf3UPwmnRw",29,73059,488,70,816,1
"JKVljUrItNw",22,73047,1821,119,411,2
"8THK42wcE5w",26,73046,115,67,82,2
"FuFws4tnWjI",24,73039,1499,49,181,2
"J7d-0fHKVsA",24,73035,1099,28,99,2
"m5ypbnXMly4",25,73022,3103,119,382,2
"jjgLH_470B4",25,73008,333,13,124,3
"Ns775i7LETY",25,72976,4852,81,1094,1
"T-8JcpeR25E",22,72971,2498,24,478,2
"BiafI2FoLxM",25,72970,849,33,141,2
"QsEl0ao6TyE",25,72951,4094,108,202,2
"nxSRyv8xUsk",25,72938,606,79,120,2
"NR5NxZXp0n0",24,72914,154,61,87,3
"7LuKx_J4QNI",25,72908,132,31,134,1
"WtFf1O-BIfE",22,72900,2204,12,384,2
"OKn6Ngy6FHw",22,72863,158,10,61,1
"i1UFecmd8o0",23,72861,831,5,93,3
"kYajz3OtosM",25,72843,519,167,360,3
"S7KIolr68_o",25,72828,390,84,139,1
"PME4jk7gDhk",22,72772,2893,44,189,1
"mdyNM84CgGY",15,72757,3412,12,608,2
"HZeE-AQfp1Y",22,72746,2918,39,376,1
"bqlyZNg-mds",25,72737,2112,180,565,2
"82R2gbRoEr0",25,72728,947,96,53,1
"PnZoSqMOXkA",25,72725,556,96,136,1
"LwQQ7vueTbA",24,72722,7255,19,398,1
"RZtERVXJPAA",23,72719,2845,107,390,3
"0sdO1imYZJs",1,72713,263,22,219,1
"au1qzU_Nw3U",20,72652,1477,45,308,3
"RW5NoJKIanU",24,72651,295,23,118,1
"BhJxrJkQRc8",24,72640,1464,17,398,2
"CPLk2pp1LFo",25,72583,1322,59,200,2
"7HgwkXeSCf0",25,72537,494,37,93,1
"R-8egCaGLxc",22,72529,2657,143,1150,3
"1R5nZjR2aGA",22,72519,373,12,47,5
"LNyLYWgjzy0",23,72497,412,47,30,3
"97Dzg1i2rMs",25,72477,101,24,218,2
"x-IDCL96m8I",1,72436,581,25,682,2
"wUoowy_nxVU",24,72410,1084,33,237,2
"oatrCCosCs8",43,72396,358,31,119,1
"xUUn3BOxjYA",22,72396,273,35,116,1
"HO44dfYmmj0",24,72388,1103,17,222,2
"rxvQb04gv2Y",24,72355,1222,46,1020,3
"gv7pzeuHoRw",25,72354,1915,66,454,1
"UA4JsgXJLvU",25,72350,3449,93,600,2
"2vVvbffbIHM",25,72349,0,0,429,1
"Y7F7euMkFHA",25,72348,0,0,261,3
"JXRZnc1HkXk",20,72322,1778,21,573,2
"LrG0ugNYRFU",22,72320,2690,4,179,1
"IEYO70GKzwM",24,72281,30,11,10,1
"IhhoJUXwi9A",17,72267,149,9,123,2
"uGzHgyWjGXQ",26,72262,3336,23,606,3
"FUTuqxIyXh4",25,72208,3899,140,199,2
"tiyBmhd5Yrc",10,72196,8955,13,637,2
"o3JVKIzrEyk",27,72181,2440,13,254,2
"aH_uWxWzD8M",29,72152,523,74,39,4
"SEGWwisSEmM",10,72144,8393,15,542,3
"SIvvhxslwBQ",24,72119,253,42,163,3
"LZ6avM6twMw",22,72081,3391,24,163,3
"_b94Xb0YOsM",24,72072,616,6,152,2
"ePZC2x0w4zc",24,72053,1666,168,104,2
"255OOAITepY",25,72042,2502,457,977,3
"btSnOtmtc1o",22,72039,2379,137,815,2
"jghi0HJ1iVQ",23,71998,1868,22,767,2
"ODVP3gbwZlc",25,71951,3052,57,373,1
"GuqPT8eiSL0",24,71941,56,197,31,1
"m4W7iK7lwqI",25,71939,484,70,69,3
"ph0KPDog_8w",15,71896,1458,16,359,2
"44ZowRz9v7I",24,71892,70,100,17,4
"PhxXAiShR1U",10,71884,814,52,49,2
"OCx9vK2tSUU",25,71881,4275,81,773,1
"E4wly2dhQFI",25,71838,257,44,383,2
"Z45Ika_EsUU",24,71806,1545,49,158,2
"JQIgYx1tQ9E",25,71804,638,84,180,3
"yB7cpUszlx8",24,71795,340,11,116,2
"umLJCVDUt2k",22,71777,114,61,80,2
"7ps84kSkLvQ",43,71776,148,5,30,4
"DDIKHacvqWA",25,71749,210,78,230,1
"ctpPvkH9OMY",24,71740,309,14,55,2
"hGLF18qvRTo",22,71735,252,17,40,2
"yrrlu8ASIXk",25,71730,1025,22,200,1
"lKIHwz5CwZs",24,71687,387,20,109,1
"wJt7HoxL5cQ",25,71684,340,40,38,3
"hgLpsVeEcWc",25,71680,653,79,495,2
"F03z32Lwvdo",24,71629,83,50,51,2
"4vKE_IEshwo",25,71627,3212,58,522,2
"RKxNFjiM7aI",22,71621,113,37,11,2
"QO_t3dqkZzc",24,71597,464,18,88,3
"ERNT4WCfXx4",10,71594,1204,87,195,1
"uqFKyrwZtKg",25,71548,1048,63,181,1
"tMA9N95otwo",24,71548,442,11,133,2
"xMJSsfT8g3k",25,71547,3161,85,249,2
"0S9D5AZQil8",24,71546,2782,11,487,2
"Gz5CLuByTQQ",1,71545,141,16,52,1
"ZKNCTuYgUDs",10,71545,7874,14,619,3
"OQb1Ig94_Hk",25,71539,3449,123,1538,2
"Yq_0iwQvBXs",22,71529,173,8,156,1
"xzGIW_M940c",22,71525,921,61,88,1
"Yjpeayv_hhg",22,71483,827,70,698,2
"ixm7sOF7AEM",20,71467,1132,48,95,2
"KBQTVHmBzc4",25,71463,117,36,18,2
"qEyUEczstOA",22,71459,898,99,115,1
"EIavYBv-77E",25,71424,3548,63,359,1
"IF0JJcgMVsU",25,71409,689,234,1107,1
"dVTy0A4rbX4",25,71401,257,121,211,1
"CW0UkVh6rVs",25,71373,690,63,78,2
"ec15stICx68",22,71349,485,52,62,2
"moK_5KYoO4w",22,71343,446,9,33,2
"_xm6Ry70fms",25,71340,576,87,366,1
"M87U_C-Gst4",25,71337,1079,115,363,2
"5-NKPvEDf_k",25,71303,1214,141,409,2
"VE3Cnr2oZHY",22,71301,1005,63,116,1
"LICHLcNA7dY",25,71282,4841,114,371,1
"cubD2345uZw",25,71277,4932,169,1916,4
"Qeihj-Ac7xI",1,71267,852,30,222,4
"oOh4ANdpNQE",22,71220,1337,96,167,3
"N8TpMoHwrZI",24,71189,2020,134,2566,1
"QW6rFnOQnUY",25,71180,1936,13,178,1
"BMKXRp31N5c",22,71177,544,24,58,3
"SUhLq0fsZ9Y",25,71160,841,70,190,3
"NDI4wwHMNI0",24,71127,546,49,78,1
"5fUlKC1XIW8",26,71113,249,42,17,3
"E5mLLGcPVJA",22,71095,3632,46,576,2
"Eb9G-vI6a5E",23,71092,306,72,83,2
"J_gci6PefK4",24,71091,1709,77,533,1
"3n7EFURAVEo",1,71085,252,93,191,3
"HkXyBvOcxpg",22,71084,121,5,98,2
"OHFP_ewfz4I",22,71076,3358,108,320,2
"gUvHXJXK1nk",17,71062,87,40,171,3
"Sf-MCugAL6U",25,71058,3216,51,209,1
"S_uPk9tJo7E",24,71036,412,65,80,2
"plKYS0tcd7c",24,71027,864,93,109,1
"Emc8MHWTdrs",25,71007,3637,105,498,2
"ULWwjuBKaok",24,70993,2298,23,1075,5
"tlmDG-nac44",24,70992,272,36,27,2
"GltzacU-K_4",1,70975,332,22,233,2
"4eNRxK43dmk",10,70947,7936,10,810,4
"AzPxwTsOaAM",20,70946,3829,24,918,1
"oKnzqe-JK1Q",25,70913,3379,112,671,2
"meVFdP_i9GA",17,70903,639,22,138,1
"7OHNEJXpsrc",10,70859,1127,7,150,2
"Mb7O5VIJMtM",22,70854,0,0,0,1
"EFNiZHj5uhU",22,70831,124,22,45,4
"GbPKB3KmLkU",20,70823,1757,12,461,1
"VnNXuWHfM2g",24,70808,938,47,506,2
"5aB0Ux6sucY",24,70801,3136,539,2049,1
"tRo8jjU-EW0",25,70798,0,0,158,4
"jse45lkuHmM",24,70791,397,23,58,1
"yEixuerAI-A",22,70774,767,214,215,2
"CBABVLr4AOE",29,70766,510,54,90,4
"dExBz41Ge70",25,70751,252,201,538,2
"xse0etek7c8",15,70733,3051,20,350,2
"kjNUFHhFkdg",25,70728,573,62,127,1
"CObVOKEzYNI",27,70726,492,81,27,7
"6e4q2dVMy4o",22,70724,1955,7,108,1
"Y8cGkwXYeeU",25,70718,574,57,160,2
"ijbZ3HqU-OA",22,70685,4451,10,259,1
"mG_tm_Z-Ax0",20,70654,882,36,2,1
"voNjCEAOha8",25,70602,631,66,214,2
"B0WGsQilUrI",25,70599,4026,95,738,1
"Hjr69lBXWsc",25,70592,3065,61,359,1
"kVT5TG_0sSI",29,70568,911,141,235,3
"QR-b5ORVZF8",25,70560,2813,140,379,2
"pQCIAnT-CT0",25,70543,273,137,410,1
"dnzODJQBqCA",25,70535,1256,141,723,2
"uA2ie6jh4dM",25,70512,2822,143,21,1
"iBZ4TB3_1i0",20,70489,638,58,242,3
"nCuJCd56HKg",20,70487,1090,42,2119,3
"RvrSQO7JqvA",25,70475,4189,56,393,2
"GXqhaXRAaa0",25,70475,0,0,616,4
"46KY9VVwLE0",20,70473,873,21,1063,2
"MVjsGTi31_o",25,70464,515,42,215,1
"p7ReZzQeDIE",25,70460,3896,117,201,2
"gIN1GWAlxmk",25,70456,0,0,151,3
"a5Z0cpUUHUg",22,70449,2517,350,3403,4
"lq2KzHmPt-w",22,70412,3014,53,481,1
"QEvPE1AXdks",25,70391,552,74,91,1
"2XReyaw8sOE",25,70389,3589,94,437,2
"NGeK2MyvT2A",24,70368,4894,44,308,1
"MiCYAx4NNsE",24,70309,3217,102,489,1
"lQ6OqsCQ8cc",20,70302,725,50,562,2
"M19kt7mpr8c",24,70297,663,84,174,3
"Yc-jWqCCN1M",24,70268,946,9,114,1
"ikRPs7k-XG0",25,70250,423,66,37,3
"EEBebdEZ4fs",24,70229,673,27,190,2
"tgPxDrD-LZo",25,70220,1012,44,403,2
"lKuVNWLcbMw",25,70215,120,23,265,2
"rigx5kFPWrc",25,70197,3521,99,1089,2
"qI7pW2Uk_LY",24,70164,709,31,86,3
"y_FgINWkELs",25,70162,4714,98,756,2
"9yiHpw2IB7c",24,70141,162,127,99,3
"ecirAtuRX2Q",24,70085,228,58,43,5
"Eu9Xcni-qVc",25,70079,528,54,62,3
"ZOPT6E-UzwA",22,70073,2219,58,468,4
"Mj_vO3xPyzw",24,70064,2675,25,1285,1
"g-k6CUr1zPQ",25,70037,2623,75,175,3
"7TaRlIJLeLE",22,70031,370,65,122,2
"N-Gy1uWJ-bo",10,70030,324,26,40,1
"7dzqQTwC6EQ",22,70011,1237,15,221,3
"gljbyRxxXhk",24,69991,2723,55,325,2
"d2_w1iTYMtM",24,69978,211,35,56,4
"wxCcy-gflxQ",24,69977,3222,81,286,3
"VhrOukmh0Io",25,69905,1165,46,349,2
"3WL3weisbio",24,69905,256,18,174,2
"zHfdgW4hy8A",1,69885,731,15,185,1
"2G443_yRK6g",22,69879,914,59,119,1
"vjKP3-B87ho",22,69869,67,200,28,2
"Z1GcKKwMbOo",24,69868,396,50,76,1
"XkMe1bDkLJk",24,69867,2069,18,48,3
"kw7T8BiXN2Y",22,69845,807,102,118,2
"VGsecIv8Dh0",24,69841,1193,7,193,2
"HcM8Gobe7z0",25,69832,417,87,260,1
"PqEl57Fq3xA",25,69821,763,98,328,2
"nPnx4lS6yb8",22,69782,3224,88,794,2
"VWbVKrti4Qg",20,69778,2643,11,377,2
"DP_jEG0W0wU",15,69777,973,27,138,1
"lE_nSWxC2vg",22,69756,1587,49,272,1
"BFE3xBhHzIk",25,69754,4059,53,444,2
"NGlXY56bE-Y",22,69753,798,107,157,1
"VViKalEfL8E",24,69731,403,57,103,3
"jGumdhoTN4I",1,69723,2329,27,478,2
"XB4ulCr3_Cc",25,69689,2607,93,286,1
"VJzciF-Xhn8",25,69677,3427,151,410,1
"mSIYMADKSjQ",10,69674,3664,14,243,1
"yU729ZkxHPk",24,69668,749,80,0,1
"Ji86etwZ2C0",24,69635,42,320,19,2
"G7DeYku3xW0",25,69622,499,82,148,1
"P_12tqrm0kM",25,69607,725,179,215,2
"IsqRRCoAtoc",25,69606,1539,82,301,2
"fij0OlefOTA",1,69594,668,36,754,2
"40y1bVMlaUc",24,69583,1844,33,842,1
"xiNxboJMc34",26,69580,2831,41,1966,2
"KhwTsIOEsR0",24,69577,4120,20,666,2
"9SbPx3rnfAo",24,69570,2881,144,440,2
"SaV-bWd1fXg",25,69567,634,89,277,3
"7lw7zd2jx08",20,69556,1293,19,249,2
"wQsXYu_fBA0",25,69555,2996,195,932,1
"MgIESwYi5XI",22,69483,78,38,8,3
"i758WqxmPi8",25,69472,568,59,74,1
"Gqk7f2Z_bR8",10,69447,4853,16,839,2
"fvfpU1UnxqQ",17,69433,856,29,1186,2
"mzCsW8H7fYA",17,69411,329,36,77,2
"ScUv3hP8g_I",25,69400,3203,58,419,3
"cM1Th0QIAzA",20,69343,1739,102,1410,1
"BllUhGO9FMo",25,69333,0,0,0,2
"8a9F0FiCQ2I",1,69330,1444,12,431,2
"FA6CiwQ8-Fc",22,69318,269,60,35,2
"i11pCwh4uzY",25,69287,2935,48,411,2
"xg7oSwa5tfM",24,69267,127,94,22,3
"tp6I9JR2xLE",24,69253,458,24,265,3
"2GkVVj7qJ_4",25,69239,344,34,171,2
"7KfigqW9sMo",24,69224,341,116,182,2
"vV3mqsCvNpU",25,69219,6718,215,906,2
"C_SZpk1G16o",25,69175,1150,74,184,1
"JPtBr0MCryU",22,69171,2308,13,157,1
"k6zJmkmFJGs",24,69155,472,51,168,5
"6VZiOWiSgbA",23,69128,671,42,42,1
"8nX6I1X2og8",1,69119,409,12,33,3
"q0KdSYRj834",22,69090,416,76,570,3
"HT47oVh0qKo",25,69079,3466,68,339,1
"lksh1GMKpng",25,69077,0,0,634,2
"bsMPtfPnO1Y",20,69063,1581,11,341,1
"70h2V3UuFX4",25,69057,4267,41,459,2
"QmH1U2nfzw8",25,69044,2684,68,200,1
"ZdoLBytyV8k",22,69043,1332,12,97,3
"G3xUS15eJiA",25,69022,463,103,171,3
"4wTklQIv1eg",25,69017,398,91,210,2
"2nd5trBdX50",24,68995,168,126,5,2
"WwxElRogxEY",25,68961,648,189,509,3
"BmlDoA9ZjKk",22,68919,1189,6,77,3
"tBsUkogygn4",22,68907,645,74,238,3
"eQoJqOlM4BA",23,68882,1414,40,598,1
"0ZFymQ4XlVQ",25,68877,2632,221,307,3
"Hr35gt9Ea-E",24,68854,215,6,19,2
"97gjH1XRKcM",29,68843,2404,57,844,3
"vhcUSRNeIEo",25,68839,797,65,211,2
"wpNS0VQbzHg",24,68822,189,8,44,3
"CrkagWHwotU",22,68810,351,262,855,1
"luDHPeUQBuQ",24,68809,3220,53,415,3
"RdEKhq0DiRM",23,68784,688,56,282,1
"K8jhTC5MO2c",25,68778,1065,18,242,1
"co6LZJ0hQWE",22,68776,247,30,106,2
"GDdGVI2m57Q",25,68762,2699,95,199,2
"o12TFipDlRw",25,68755,2972,379,260,2
"9u7cjs9m9MM",24,68753,184,26,40,4
"qxaUZEuwqPw",25,68749,2676,39,207,2
"Sh_XkKKZrAw",25,68745,964,49,377,2
"eymHKo1WoZE",25,68737,219,30,117,2
"rZt2hmGSK5M",24,68735,301,66,70,3
"RH6UGlAy4ic",25,68732,3106,134,486,1
"CxaF22Lu1Ck",25,68723,930,50,553,1
"TB8YL1ov9F4",22,68706,555,51,168,2
"0aA9qjKJFTo",25,68695,2138,176,572,1
"A7dWIhneIrA",25,68685,631,63,328,1
"fE0tN6uFrpw",25,68655,574,62,135,1
"041D6H708Tc",22,68646,376,89,111,1
"tl20K20lht4",15,68645,2908,20,380,1
"SmjvlTjSiXQ",22,68639,2847,23,121,2
"pYxxUhzjcfw",25,68634,3018,96,438,1
"UDkX5OKCQu0",24,68612,3301,127,47,2
"EQxzOaLZw8M",25,68608,1206,55,611,3
"3CxSefyDYPk",15,68602,1304,29,493,1
"TCyQVzscbU8",23,68598,658,9,46,3
"yR2I-Sq6HI4",24,68586,6643,12,366,1
"ZGG6SWiyzC0",25,68540,401,62,123,3
"z4ydawxMaLg",25,68519,0,0,651,2
"GjViykhGxzw",22,68514,4088,63,388,1
"O_A0j9Su9p8",15,68495,2647,12,253,1
"0cUn8TZi62M",22,68491,5037,4,146,2
"LNyC6V9ugi4",25,68490,2557,663,1384,1
"oy1x19g9_cM",25,68457,2262,209,269,3
"N89vMKP6Wcs",24,68431,4256,11,160,2
"i2vcIlA2z4Q",22,68428,407,58,61,3
"8aO3IEgw270",22,68383,1622,35,270,2
"CdEGrM0WnFI",1,68355,1721,40,491,2
"OUv_v3CTLxI",22,68346,255,6,58,2
"tPclrWZQbg8",25,68323,2738,110,141,3
"jAxsq-TfLBo",20,68312,1159,11,245,3
"wLhcCNqQcRQ",25,68292,3796,95,241,1
"Ows0PobvRcY",22,68288,373,52,83,2
"P8X5D4hF20g",25,68267,0,0,268,2
"T35-UXcH1po",25,68260,818,85,194,3
"4K6wY0F0PL0",25,68258,748,48,173,1
"oR6aiyQVAig",22,68250,410,75,84,1
"v7HAi5S7SPU",24,68240,3224,21,581,2
"cMr-8UdrJEk",22,68234,3078,12,240,2
"WmG-gsZySqM",24,68226,1232,5,173,2
"Cm-7fCUGnR0",24,68225,1695,1166,1368,2
"GOxBHrFb-Ck",15,68215,2803,22,310,2
"dqAbzSzKL90",25,68164,693,78,179,2
"34aYhjmbAh8",10,68157,2419,13,154,2
"7yGzR5zK6qs",24,68152,711,22,265,3
"BKW4pB9DyVg",25,68105,3589,564,1016,3
"cCeJzvG2mKk",24,68091,251,67,69,2
"kA4c-dGWHgQ",25,68089,506,81,137,1
"pLzu7Myyomg",24,68087,211,30,20,1
"XMSWUMP8Tjs",25,68076,0,0,603,1
"8hWQmAMxbjM",25,68068,781,38,118,2
"gVAjrh0Pe4A",29,68062,695,66,91,3
"wGw-rIRzVw4",24,68045,622,54,226,3
"b1HBXXG0RH0",25,68043,2805,78,426,3
"XEmEWayG42Q",25,68032,505,90,165,2
"QZdVcmutxHI",25,68030,1182,21,206,1
"zpEq3gBpBs4",25,68028,4036,262,480,3
"e6AyfPOSkZ4",22,68017,657,15,143,1
"rKbLCDZGgqI",24,68016,3775,9,157,1
"0bUrFKF2MIY",22,68008,261,24,206,2
"UvTMBAPCpqA",22,68002,1697,15,296,1
"SOEgU3k_QA4",24,67997,6599,13,474,1
"Cq1CQXO8d0o",25,67992,496,44,94,1
"oP-yC6bkyVo",25,67991,572,71,81,3
"z1NFK8OrSDI",24,67990,1828,81,304,2
"uOkyNLt8SkA",25,67967,2791,194,186,1
"UXNRfUnqxmE",24,67953,68,179,37,1
"Cl-sfNpxCEQ",23,67948,2100,133,1116,3
"SlbBickYkDw",23,67942,3341,16,262,1
"MXw3DaZuUX4",25,67932,4169,85,247,1
"RBAMEKsvFiA",22,67915,1900,41,240,2
"wAhzkT-Hpvk",25,67909,3789,70,570,2
"ahIorJGwuGc",25,67903,452,12,62,2
"0pbFMoSu_-U",20,67887,2543,12,303,1
"UlER4WnROQw",25,67886,570,48,74,1
"plWkGNeP9DE",25,67876,781,64,164,1
"M_PD5follvA",25,67862,0,0,153,2
"S5Ynx3Cxf80",22,67855,8307,14,359,2
"UrfbyKg09gk",24,67851,435,33,457,2
"punhjbev5PA",25,67839,632,75,79,2
"cQ5DaZTAatw",22,67837,318,25,141,1
"FW-D1039qnw",25,67833,296,49,106,1
"jUKr7FpCwRE",23,67787,1464,45,279,2
"9BN0kFMJGk0",25,67777,2854,75,391,1
"SZs5-G81ocQ",25,67774,108,67,12,1
"QAPR0Ppmx_k",25,67759,3405,330,1058,2
"VQ4aB3b6Lyw",24,67720,103,58,2,1
"WK3A1seuGqo",25,67711,4134,163,294,2
"GY9ZvawTxGM",24,67688,3030,50,616,2
"6xorTWzHpIw",25,67686,580,72,194,1
"GpwieMwclys",24,67686,391,141,1046,1
"x31DL-bEFoQ",22,67681,2426,19,336,2
"AlzMwG7jB-E",24,67679,0,0,295,2
"hG1bjVAQesw",25,67670,238,71,79,3
"j_rYknGKv9Q",22,67660,309,39,54,2
"7zOMcSem1Vs",25,67648,526,54,595,1
"0jI8I2Yz3x4",22,67638,203,9,29,2
"DUXQgwCb1rQ",24,67634,356,11,136,1
"OztT7aZ8Iko",10,67590,6727,111,1072,1
"HGSFs8Dks74",25,67562,409,74,211,2
"Txz1VJUVPkk",24,67557,88,29,198,2
"QOwSo1oAmr8",25,67553,338,84,150,2
"EC4A9LR0ANU",24,67549,1002,20,105,2
"BRO6-14-evE",17,67507,4154,25,706,5
"5OhstyRr1bg",22,67448,839,20,57,2
"5QucEwAdvBY",22,67447,1081,48,159,3
"xjvPcOlvV3A",24,67446,401,32,35,1
"AaR31aHYl8g",25,67443,3095,347,176,2
"lyGVkoafRIY",25,67443,5438,164,1671,2
"viIGd2nmb2I",22,67433,4461,154,848,1
"rz_Zj6sC2i0",1,67426,140,11,83,1
"kCbXYhy6N5c",25,67424,339,42,60,3
"u2II3fT8JVY",22,67410,75,51,5,1
"jEwRnUXDgvY",22,67352,798,22,175,2
"DuTR8zeM4NE",10,67315,5436,18,222,1
"XEm3l7q-b9M",20,67298,1789,11,214,2
"kHn58_1OcO4",10,67295,1373,7,82,2
"rru3qOV3-rc",24,67280,120,10,41,3
"7eI2RNR_k1Y",25,67266,403,54,708,1
"2WTWNUCUZLM",24,67259,602,157,120,2
"1lzFIfAkvqo",22,67251,0,0,0,1
"2C64-rm1iBw",1,67231,284,38,159,3
"VfdlhOvIz3c",25,67231,3138,319,445,2
"ogCPjo21Kdo",17,67218,570,26,238,1
"9RT_T5iPe2U",22,67193,3139,42,273,1
"UaqhbNwV6YM",24,67176,580,68,903,1
"NZu8_X9OR58",25,67169,610,81,860,1
"zy9W8V1ICOw",10,67169,3751,50,815,2
"dczKplpXzas",24,67116,106,30,81,2
"qJnROk40HPU",24,67091,382,24,40,1
"fM8zE_nXLV4",25,67086,3355,102,611,2
"okxt-Zt-pR4",22,67050,2780,8,280,1
"CyQq2msWGW8",22,67040,2057,3,83,1
"s05D1rj9lrU",15,67034,1242,35,708,1
"9MwVxkPXim0",22,66985,72,37,116,4
"7QGXsQklZgo",10,66952,3665,19,390,2
"heRCmsupBxw",24,66948,961,11,171,1
"f9IlY_jOHm4",25,66932,629,72,127,3
"eFmXTIV5Wrs",24,66927,450,29,149,2
"ctezByvCkWU",22,66926,160,28,10,4
"hSalA-Gm00U",25,66909,552,51,110,1
"o2U_CJVsiuU",22,66899,965,25,74,1
"bwzi8fpTrs0",24,66892,78,118,16,2
"CwOf-NjmPQs",25,66870,3213,47,590,2
"cmCwBKHt9HU",1,66866,1293,29,323,2
"rBwzZQNhCrc",24,66857,410,56,100,2
"pFcRNwF7lQo",25,66851,0,0,322,1
"WfAlOMxme4s",25,66847,274,105,266,1
"X78qOJacz-k",22,66841,2398,6,165,2
"xUxYsGcmgYw",28,66835,154,34,15,3
"eHFQneKgToQ",1,66832,299,22,29,1
"4qnxjTL9VBM",22,66795,443,46,154,3
"J5xBJo-iFEk",25,66765,1217,82,218,1
"DOtfYfcNCmE",25,66696,2388,131,196,2
"aY33qR6EICU",25,66693,330,70,240,1
"WFT_ZilGzBg",25,66673,3462,145,359,3
"9HIQQcxef_U",25,66635,3388,61,507,1
"H1cujE4Rr08",25,66634,601,50,168,1
"0UfPSJ21r8Q",22,66624,972,73,89,3
"pCTEivYm044",25,66615,531,72,123,1
"bJzPP2K0Tfg",22,66604,4814,43,732,2
"lpW396CIwOo",22,66562,162,11,46,2
"65DVfUKkSxA",25,66519,547,80,108,1
"k38_gbqgP-I",10,66514,6809,14,813,3
"zWXbOgZ9I84",22,66501,398,275,275,2
"5oOSy6msrfg",25,66494,189,13,217,3
"V9F8Ch_wGr0",22,66490,1071,19,334,2
"dB9gNJfdVUY",24,66483,4134,15,570,2
"qHWvBF7_jS0",24,66476,1656,133,377,1
"-2Qc3RC8s_I",25,66471,667,43,140,1
"N-TMTbhDsoc",25,66464,3178,48,237,1
"2R3SzPosoKo",10,66460,824,33,466,3
"OagjCOv4ulQ",24,66460,1933,118,70,2
"DkklvdiRNLk",24,66416,238,21,47,3
"g4BU3pf-Z6M",22,66415,2040,39,474,2
"SnXZ_OEL0C8",25,66397,4273,201,579,1
"xnIVJ8mAafc",25,66382,977,22,131,2
"EeEfTiMsZsw",1,66370,276,31,16,1
"GkwHNC87GMs",25,66325,3874,151,324,1
"C2-9LW33jS8",22,66307,823,24,518,3
"_gybvvNRt2g",25,66299,114,6,126,1
"spwxuHl_YkY",43,66271,665,43,203,2
"__T_el-8-BM",25,66270,713,86,388,1
"bTrtMV6wP0c",25,66248,749,64,94,2
"Kz-O03TVC8c",10,66228,4310,14,753,3
"3Ob7wdMd0lE",25,66221,666,76,99,2
"mweymM8uJQc",24,66212,348,31,66,2
"4KHbkXRQLl8",24,66199,1408,30,803,3
"y7eNGOPt5RY",22,66192,572,36,179,3
"oPNACuX-GZc",25,66191,0,0,155,3
"lawl6LDD_Oo",25,66190,2516,83,361,1
"-5DnPD8mXgA",25,66184,0,0,880,1
"rbs9aUXoAfQ",25,66175,1070,42,223,3
"ExYfQIYeuJo",20,66163,279,186,857,3
"UZBwEo4W4H8",22,66160,3398,29,766,1
"Cmbmj1QLeJI",24,66156,64,92,18,1
"Wrq2r2DHMPs",25,66122,439,52,60,2
"3mJlyJmSEXk",19,66118,2861,290,543,3
"HZnxtHUD1KA",22,66112,1808,82,604,2
"xYmma-HqOjo",22,66102,2163,7,77,1
"38m_Vv5Pqhw",22,66102,2162,119,369,2
"eE-z8JUYJmY",24,66087,1042,16,276,1
"AxazdqLqgk4",15,66062,2847,26,486,1
"5Mj8J5Vi4zw",24,66049,433,47,77,3
"mW9homyQpVI",25,66034,3819,46,753,2
"ZIyGi3ZFGE0",20,66032,405,10,86,3
"bLqPJnQT5G8",25,66023,0,0,0,2
"mNVE0d7Utnw",22,65989,164,48,24,2
"pOS99qcRdls",22,65973,0,0,197,1
"CJNLilDmcNU",25,65961,3393,236,369,3
"lQZFgEKaErI",24,65917,186,26,56,4
"H7_pkk19IgE",20,65894,1042,42,551,2
"7OHIsNLO4yc",24,65871,260,10,23,1
"mMWgCqgfiKs",27,65864,147,30,11,3
"TLEe9sc32Ig",10,65849,0,0,288,3
"XWeinjwvaYk",25,65848,586,95,93,3
"YDq9-9Rz8TU",25,65836,3098,111,426,1
"vPs-ZnaGSPs",24,65830,0,0,616,4
"xNBqsCyZ4PA",22,65816,3011,59,399,2
"WeKkT2dmNfY",10,65813,582,30,61,3
"l_PmyOsRJNs",25,65813,340,88,64,1
"pcmhz131NDI",25,65795,672,86,121,1
"M6PBdXKbp3s",25,65776,3230,62,586,1
"v2sMj8vBnyc",22,65767,1582,35,247,1
"_FiLyg85Gwo",15,65736,3700,15,807,1
"2oiwPi2ovTg",24,65707,2033,15,229,1
"oAZDw6qV3wE",22,65697,1976,14,192,1
"ZGAYUtG1r34",24,65659,449,9,48,3
"7wkVKtWIZBQ",25,65635,493,107,360,2
"N-K3F2C2AdE",24,65628,0,0,0,3
"rQ1hx8NaWnc",25,65613,2863,77,263,2
"H-bPjGCmAxY",25,65599,369,115,367,2
"oYQDu1HofLY",25,65583,3230,199,74,1
"KZN9NEJ3HTw",25,65539,3315,183,452,2
"rL-SKjME7as",17,65531,412,28,229,1
"WRy9TLiqApI",22,65493,1020,3,27,1
"r9ntnWcJsNs",25,65475,1148,98,864,1
"YuoHpwMLrvQ",24,65469,1300,129,563,3
"ALUzTrk92rA",24,65413,324,19,176,1
"xvTWMS_hfwU",22,65405,2321,37,425,3
"jZK48A76Ipg",24,65389,7453,22,381,1
"24wqeU2bhtI",25,65379,299,62,311,1
"CUpRTHuYAKQ",25,65328,285,9,234,2
"ygniSAoGMgA",23,65316,1483,17,309,3
"jo0AAO1Hksg",24,65298,168,31,60,1
"1RDUNEaGBSU",25,65287,2078,294,729,4
"3E_qEkJaS6g",25,65261,228,131,163,2
"JWS_frx57HU",24,65256,670,84,255,1
"rgbH74XE0to",25,65252,2607,111,274,1
"2nQcRbwjpjQ",1,65241,559,43,471,2
"ol-XYUjTH9E",25,65223,5654,259,772,3
"3UzlxOlmNqo",22,65207,91,50,5,2
"iW4CF1RA11o",43,65168,614,58,343,1
"AjpL1YosdTE",24,65166,781,10,39,2
"0RkhczYlABo",22,65151,2243,15,132,3
"rgwR54E8OiQ",25,65142,466,52,104,2
"WVtcH_IXL0Q",25,65123,512,55,48,2
"l3XdAVczrC4",24,65119,646,72,156,2
"cOEgECml_24",25,65099,3564,48,431,2
"9_Mzb6f_Bsk",25,65092,1044,118,371,1
"bo5iaNrM__s",22,65074,782,83,208,2
"EhO91II8uAE",22,65066,243,33,139,1
"ARpl5macZ-M",24,65054,1769,48,591,3
"DKy3O16W4gw",20,65053,1587,6,536,2
"LazWNX4EdT0",25,65047,2839,129,738,2
"y6OT5S3LNf0",24,65046,1079,23,269,4
"8SEF7BJNtWk",27,65022,1328,57,90,3
"RmXGifJZF84",24,65020,181,16,182,3
"_34EdnMiICg",22,65012,517,24,13,2
"zOulVIlFT8c",22,64998,190,90,66,3
"Gby_9TwTbDk",22,64978,256,21,55,3
"WA-5KdLAR8s",25,64956,236,45,74,3
"mIC7rFhABEc",22,64952,744,126,608,3
"2kwfYGWE0II",22,64908,231,34,12,2
"4Oj21qIcOGM",25,64905,713,50,99,2
"MjboyY8wg9o",20,64893,301,40,54,4
"ZL5Ez-iO2O0",22,64887,2857,66,313,1
"Jx7QQF8u7J4",24,64873,359,128,301,2
"HRs6nZHf_gw",22,64863,677,15,36,2
"38LowYfFvfg",24,64852,2612,42,411,2
"mGoAp3qU7O0",24,64851,313,18,55,1
"YKCwH3gaQOo",25,64843,3698,170,471,1
"PIOg6iCo8F4",22,64842,3882,63,509,1
"42zq5OnCyyc",22,64841,1107,61,166,1
"enenslmbKJ4",20,64837,1118,28,185,1
"UBC-Nk_y7Do",24,64837,447,10,168,2
"mtChA1JIKmo",22,64820,849,7,117,2
"oeqySt1Pl3o",22,64813,323,143,326,3
"It86e_pW3wo",22,64812,822,50,116,1
"vPoQmfFC57g",24,64801,379,31,404,1
"xGRgWfnrMvU",22,64782,434,21,57,3
"9nITWtZBJKU",23,64781,1078,317,1112,2
"fMpfJDSQL2I",25,64744,463,130,696,2
"TbdPEsW233o",10,64728,14202,4,1607,1
"6sKh-JFygBo",25,64719,87,22,318,2
"qJBuIpYR_wA",25,64703,3288,71,588,1
"dnTV9c3nB1c",25,64695,0,0,609,3
"ayam_Nrh2nU",22,64679,356,103,191,1
"yRp4ztkPAAM",25,64660,40,22,39,2
"XuK48BjYrks",24,64647,198,15,60,3
"jGlFLpztX9Y",24,64641,112,1,28,2
"FngC27uzQkI",22,64626,666,54,79,2
"DrvGo50QIpY",24,64620,3127,35,134,1
"pes_RDt5CjM",25,64610,3135,74,646,1
"zJTuo3tsEDA",24,64590,94,56,43,1
"ledjM9mn8vc",23,64554,238,38,0,1
"iQlwCACKnKI",24,64548,402,65,70,3
"79MwmWvVjn4",25,64548,762,51,72,2
"qzJ-BxgVJho",20,64538,1486,54,1917,1
"72rQs3mBs9E",24,64537,233,8,43,2
"7gL2p2N3AFA",25,64529,683,65,171,2
"iG81azaffyA",10,64496,636,15,98,3
"CjKk4FbNGY0",24,64474,30,2,62,3
"68k023ODuKM",20,64448,0,0,131,2
"3NPe_mdMu8o",25,64433,4355,49,481,1
"jGk9NZ4Ezqk",24,64392,810,3,43,2
"R6WGJQOvPqA",10,64378,405,27,201,1
"dUHDO2X24Vg",20,64376,549,25,248,3
"R4Me1TVQU2A",24,64374,386,33,66,1
"Czi0NGsvDBM",10,64371,2694,18,140,2
"rbqPPqglLsE",25,64345,2748,71,102,2
"_h34_Wimh4k",22,64339,229,23,15,3
"7RQiocO6j2A",25,64335,128,47,0,2
"dArUhj4lGRA",27,64325,776,39,145,2
"ejzVo8vlUzg",25,64302,2442,128,246,2
"McQoaW-zZyo",24,64298,48,80,18,1
"wPdnxJjWI2E",25,64296,263,241,0,2
"Uu2rVqC-e3Y",25,64280,5028,114,780,2
"SLk5gOH3BYE",22,64255,164,48,120,2
"7GIvEKP3qVc",25,64206,2885,50,264,1
"65mA0DEyGuE",22,64193,3591,199,625,1
"XVVsaCj7nuM",25,64156,1050,25,173,1
"HE7Jd9e18dw",25,64147,2555,45,190,1
"lmC4dsOHicg",25,64143,3203,118,533,3
"3LNNikV9r9g",25,64130,251,52,9,1
"TZt8UPUO-wo",25,64125,538,72,76,2
"7GkxUrpVmm8",25,64124,797,44,98,1
"5E2IC1pTZ4s",24,64103,1931,12,177,3
"QIDhEkyBlhs",24,64069,346,6,25,4
"KvUHQPw2szA",10,64038,386,10,21,1
"p8Op_Sbx1t8",22,64030,2717,47,751,1
"5ERhbiCfBvA",25,64009,0,0,616,1
"esWNxfmOoAE",25,63994,2999,66,392,2
"fcsRp5A6muc",10,63957,11693,20,291,1
"aqeOCq0hTP4",25,63951,397,214,180,2
"25hBFCiT18w",22,63897,1229,16,111,2
"0ce6tDEDGb4",25,63893,6098,117,776,2
"EV3dJb9TA8I",22,63891,245,19,234,1
"Y-Ci198X30U",22,63868,579,10,33,2
"a_fVi9LlJh0",25,63868,993,53,268,1
"AHcAtvCCvHM",25,63855,768,82,201,2
"caxKBflNWWc",22,63848,446,62,114,1
"tRkD2Dpfyyk",22,63788,683,30,121,4
"FnQfXgOwU6o",24,63781,1357,16,282,1
"GE-M693Y9PE",10,63748,560,20,18,3
"BAucj902N0A",25,63748,3228,119,589,2
"B86KCoD5Kxs",22,63746,5256,27,648,1
"cVof6jmQGNk",22,63728,183,33,262,5
"C-bLqIftDY4",29,63716,500,58,135,4
"9v2Ug7f52VE",25,63705,3102,54,193,2
"658Zw4MApAc",22,63700,781,93,138,1
"Y-rkkMWJPK4",1,63696,0,0,31,2
"pvU3U1YzI30",22,63681,2949,123,329,4
"RksrgDXnq8U",24,63672,133,24,15,3
"194GXU0tu3k",24,63657,1456,15,204,2
"HUVIIw1Q45I",24,63647,277,18,137,2
"iOI6Cw1cmXk",25,63647,256,96,548,3
"CuEV8LbsKXw",25,63635,756,86,94,1
"xkXVikMHknw",22,63626,428,11,60,1
"k4ys0aimVmM",25,63623,360,147,122,1
"XV4wuKTNbf0",22,63616,970,93,408,1
"z_aZU1zDIGw",25,63605,2692,130,297,2
"dj92ms1AhHM",24,63604,261,24,35,2
"quW0RKjVAJ4",25,63602,280,53,67,4
"0IVFegsnfwI",24,63584,367,46,92,1
"VWH6NGjrG4Q",24,63575,1602,1495,1383,4
"E9cbAtKMWNw",24,63530,445,12,25,2
"JN_7JXyHPLM",24,63519,424,5,59,3
"Wh38L9v5gZw",24,63515,1030,9,203,1
"D29skpaBcXM",23,63511,0,0,78,1
"LL-tQ-R8EeA",25,63501,2477,63,186,1
"o5UevDvBcnY",22,63495,3281,41,360,1
"dr_O8Q-zU88",10,63494,2143,14,227,3
"hAP7eKaYiqw",22,63436,3034,68,309,3
"616teOPcMC8",25,63428,0,0,806,1
"_6UHFUAGnq4",25,63378,3323,253,540,2
"kbKvNg40N24",22,63374,620,28,384,2
"4PeXg9-8weY",22,63363,79,38,9,1
"EWVMYq7wEPA",22,63358,4891,12,134,1
"t8PVALfuHug",24,63313,1858,28,221,2
"2c74WYR3bQk",25,63312,917,60,133,1
"hczRK9oZfEw",24,63310,3552,146,515,3
"uXvjxeg08eQ",22,63306,2369,27,571,2
"EK7TAaPObCU",25,63275,747,44,148,2
"tbizdNZM0Ig",25,63270,2754,97,338,1
"cOST_m2JyLs",22,63268,620,20,144,1
"9pxy5gjAYsE",25,63267,0,0,77,1
"9NAttaBBX10",10,63243,4318,12,608,1
"NEtkw9fr3zA",25,63230,2017,80,155,1
"KkfUFcumSzw",22,63220,1793,10,610,3
"0tQVTr0CRCc",25,63215,2800,87,240,2
"P2YNFXs03-k",25,63200,1040,95,408,1
"7iLtxpMCxjg",25,63158,0,0,628,2
"rL8z-_lKt3o",22,63129,0,0,0,1
"kNiLDPwhe8s",25,63119,3786,35,753,2
"fom3ajBzGI0",24,63102,4511,33,559,2
"PbRekhvDSQk",15,63101,2206,17,447,1
"t5WUWC8E7TE",22,63076,4283,15,1339,1
"7pBHgl0RJOQ",25,63062,3075,321,350,2
"34Kllgj556U",23,63040,97,39,138,3
"N3BoLMl8OkM",10,63036,180,15,29,3
"Kgz0h6OlYOI",26,63033,720,18,597,1
"Du1QkJ7qIvM",20,63025,269,21,362,2
"rOvSuAToRzQ",23,63016,353,19,54,3
"3qf98hgrACE",25,63014,3222,49,546,1
"qSyU4qw1-zw",25,63011,488,57,60,1
"8XBnNX4m1is",24,63006,1004,10,185,1
"ahxr2v-43hE",25,62994,226,88,887,2
"0BxdEhONf2Y",10,62979,2599,29,106,1
"dgcBj1viLWo",17,62973,286,10,85,2
"k6KYj9ohY5o",25,62970,229,82,170,1
"Qhe8yupOJPg",20,62962,1375,15,93,2
"2eUalcqUKHk",25,62945,528,35,588,2
"j6kurJo7nHY",24,62943,4880,6,963,1
"8hPNqWgU0aM",1,62934,123,9,71,2
"mhyaWxCTzMc",24,62929,64,320,330,1
"emb7741D3dg",25,62924,2488,77,251,1
"Tgd0rWsz14U",24,62918,205,21,101,2
"8LxtxXoQvV0",25,62894,796,34,202,3
"iYoQ8lsGj0Q",25,62888,530,43,336,2
"77XMFVRIqLE",24,62886,103,11,21,2
"bMm9QP-hD6U",23,62850,2003,28,558,1
"zT8evaLdY2w",22,62839,1599,52,688,2
"v2C572VvwxQ",25,62837,3756,109,288,1
"wfis4KG7DvY",24,62835,585,59,91,2
"ob5fjNLltjE",25,62833,2647,41,306,3
"iaKZ7z-Gz5g",24,62830,83,100,214,3
"F03qkeDeCOo",22,62823,261,50,80,1
"7l2ZObTlsdQ",25,62811,491,31,282,1
"KLnXNNOF8Jk",25,62797,0,0,0,2
"iqpYcIKaXG4",22,62795,1525,18,115,2
"4As1r1udKZI",22,62792,95,38,5,1
"0WOc3ZqA5S4",29,62789,1271,13,10,2
"kxCzHme-zqs",25,62786,715,79,151,3
"GI5mZjcxmb8",25,62765,754,355,348,3
"XtUCCAe0Dsw",20,62750,1127,12,135,2
"BjOYMhlwtes",22,62740,135,6,23,4
"XZMLnjYH6Ec",24,62730,2995,203,606,1
"l3chCULssSg",25,62707,3961,89,480,2
"6MXyFyzDzwM",25,62702,484,61,53,1
"l1w7NTh2Zoo",25,62690,0,0,1206,1
"w-DOeSY3A2Y",28,62654,6054,101,563,1
"NcZu8KObruU",26,62651,249,28,46,2
"1QpoiC_W8CA",25,62643,2809,83,374,1
"r8SJOSM7_nM",25,62633,2933,119,136,2
"oQ8m1BFWznM",24,62629,6083,10,582,2
"bQENe8SU8nU",25,62627,4279,62,493,2
"I3BU1CV5_1s",24,62606,852,17,425,2
"IXEvw0yUJdY",22,62602,3965,66,284,2
"58fpi0LISsY",22,62587,3540,33,821,2
"Tm494TpfCSc",25,62586,109,29,23,1
"Toym7ZqL4-M",22,62576,3096,45,300,3
"jdLkwS9rRs0",1,62561,160,6,57,2
"xuOQq_fzEjk",25,62555,319,71,105,2
"CkfakJYOdaI",22,62549,85,40,1,1
"6EXgouhmoNY",25,62545,487,65,73,2
"seZVzHBvddw",25,62536,3908,61,350,2
"BJLm84jNTow",25,62516,246,97,83,2
"bRtfkT2WRhE",25,62503,4646,45,764,2
"fYa8c5sJNqs",24,62497,88,19,52,1
"wc8y8k7nPkg",24,62466,405,43,303,1
"r1NxnRh3v5Q",22,62453,1997,23,643,2
"ZNVgaJOxMCA",22,62447,1536,26,258,3
"CYh9oTwi0o0",22,62440,10301,10,595,1
"dPbKfA6UIyg",25,62429,2150,41,214,1
"H4RLWKp8mIE",25,62418,513,93,654,2
"1Loz8gkST28",23,62391,1690,42,416,1
"yb8DzKILLXw",25,62387,5969,177,1664,3
"v_Vlkm2ScUM",27,62366,953,135,378,2
"InWlIubyuA8",43,62366,647,29,164,3
"TdIR7Hdn32Y",25,62360,2451,76,171,2
"QnyjLj7sp5U",24,62304,937,5,168,1
"yC7_xobJjxc",25,62300,142,128,143,1
"sW8fzDuQvM4",22,62296,80,52,12,2
"MPT9olsmy4s",20,62289,1956,37,543,1
"EOWByLZfWEs",25,62271,2625,78,383,1
"IPY4Csdzlhk",25,62257,2907,396,641,3
"SlteXOT7a68",24,62254,321,26,129,2
"AOECj3xFNJc",25,62253,2810,107,403,1
"V7wfGpIH2RE",25,62250,874,34,88,1
"knIhnbg8FHE",27,62250,1261,23,177,2
"_PJfhq8D3Z0",25,62200,506,46,56,1
"SKG1eEiMSk4",29,62171,1627,51,656,5
"iDa9XtBKUQ4",24,62159,2515,49,430,2
"Rpb0Mv5HvyA",25,62142,601,52,104,3
"5_7nad8t4Rg",22,62131,1706,31,206,3
"b4yrLOiJsOA",25,62125,91,12,88,2
"ZDIW-LQut7c",24,62121,5230,10,753,1
"iL3wGpcIOJM",22,62116,732,13,194,1
"_qkxqg3sju0",24,62056,2141,818,1603,2
"BJGz5JEriCk",25,62056,0,0,131,1
"xSt4k3o-oDk",22,62039,4244,19,201,1
"1qizHVJb9wg",25,62018,1447,110,246,2
"AJEMZU6EMDY",20,62000,827,24,271,2
"HQ9uu_snz7E",24,61996,575,24,48,2
"_g0n39YIzCk",22,61995,369,8,23,2
"lkTDseB-rVA",24,61989,3297,20,221,1
"Bvp4lGM9lTM",22,61987,104,69,132,2
"R1ZqtyzgV-g",22,61973,453,173,359,2
"Mj_YzTNr8yA",20,61963,727,13,165,2
"kg_MZxNMAPo",22,61956,2880,11,121,2
"ObwXCJPt-LE",2,61952,184,68,125,2
"1iJ7LPOdIyI",25,61939,397,50,89,2
"TBmrAU8N2f8",25,61926,4563,54,461,3
"MYgV_RgGlWY",25,61924,0,0,873,1
"vP78qpWCZhU",25,61901,2870,156,251,1
"60rU34xlIWQ",25,61900,2164,61,352,2
"lyKdhCIaiQw",22,61889,250,69,33,2
"ZK5ePhJYMzg",25,61879,1031,107,312,2
"m8VZm0SWzGk",25,61871,383,38,35,1
"cJB3ZOpfJoQ",25,61864,3705,86,501,2
"_lut7Wa3rPk",25,61828,639,38,177,2
"CPs7L7Mv0SU",22,61808,1194,1,49,1
"_GGPrRqIZtk",20,61808,961,13,107,2
"J46XeGds2HA",25,61786,0,0,1110,1
"uC6pMJ_qb24",25,61785,683,64,89,2
"OXx4pgT41mk",24,61773,690,49,198,4
"LJyLMERkumI",29,61769,615,62,25,4
"8T7hI2ZoNP8",24,61763,3692,138,563,1
"TWecDcHx1Ik",25,61759,0,0,538,3
"euCl6vM04xY",25,61751,329,57,49,2
"Bfz3lPyd5iA",17,61751,233,26,178,2
"lwA9FKb1W5Q",2,61737,175,59,50,2
"JkMHxaqYFHY",22,61721,439,40,37,3
"5IYsWEWbBOI",25,61720,2873,80,234,1
"yjLE6LtquIk",24,61707,2699,148,13,1
"wv9zj3gJc50",1,61704,3557,118,1104,1
"ZNeWnmWjheY",15,61701,3522,8,469,2
"Q5i44gkRgTM",10,61694,6212,10,548,3
"ZX-Xf9LD_TY",1,61693,644,30,663,2
"hKu4Kim7-A4",10,61681,2024,58,176,3
"wdarmOHhZR4",22,61679,347,88,299,1
"fQNv2Z9B88M",22,61652,647,79,89,1
"_X68QlSpTCw",24,61601,2884,387,850,3
"cs0umes_qgc",25,61594,481,65,121,1
"ziHdYYcafRI",22,61554,1965,58,185,3
"qFvdDyL9aKo",25,61530,2894,172,534,2
"teZwiHd3pOQ",25,61524,2621,103,250,2
"LbdiYM9qZmw",22,61498,112,17,23,1
"jj458LxQVkc",25,61461,2895,75,267,2
"Hn6ZwOi942g",20,61450,1088,12,267,2
"u4UGU2-bWic",1,61399,526,27,553,1
"rIx7muURuzk",22,61397,433,62,27,1
"PqjDQhllxsY",22,61396,2963,119,686,1
"_yU6oCI51GY",10,61391,7293,11,1037,1
"70_v2P8r6S4",24,61373,134,80,153,2
"f_gyLJ18thA",17,61339,511,24,816,1
"_iv9g8CePhU",25,61323,513,79,136,1
"3DP_9PRFAUU",25,61313,528,30,142,2
"fG9W761v_r8",25,61300,3123,287,73,1
"UIqVcPTDNEk",15,61280,992,20,465,1
"OncgpzAHQ8c",1,61278,416,16,636,2
"Hdeqj4EB3yo",22,61265,1813,22,353,2
"__gE4PDm3TE",1,61254,676,45,597,2
"_BUcYgt1e54",23,61236,649,139,323,2
"eFaIdNnWc6M",22,61233,2801,13,135,2
"RuDEzVixmh0",24,61186,78,70,1,1
"N6ctwxWnIWk",25,61176,0,0,701,2
"G51Pc_MbNq0",25,61165,2780,53,291,1
"nfgKzkPVb_Y",25,61151,2897,53,261,2
"6CdK1DabbG0",20,61140,2278,93,830,1
"6xNKJaRRDHc",22,61118,358,5,14,2
"7frxz18X4sE",25,61063,3716,63,201,2
"UdFUJkv2uqg",25,61056,2071,70,443,1
"K-ykMLFMfVA",10,61046,1501,14,42,2
"SUHy4lHNMZ0",20,61044,734,53,1163,3
"UdZO-Yqk9iA",43,61039,169,16,31,2
"7OX9OLJTi_8",22,61022,631,98,0,2
"v4WWqLuQu0E",22,61017,235,37,137,2
"gyA00LbpL2I",24,61011,1116,19,75,1
"9RNFPchxVng",25,60994,2207,773,667,3
"Ik41xRLXJpM",25,60992,2273,48,169,1
"HRstc9yxjBg",24,60986,9608,17,517,1
"Nqy0G73iNG8",23,60934,791,48,138,2
"MJD4Clwe-XM",24,60922,70,24,6,1
"mLesVTijVso",25,60901,2620,59,250,2
"H61MdfH2C4E",24,60848,289,3,46,3
"U8PCa8PnVpk",24,60848,386,12,71,1
"h2TLNdaQkL4",10,60817,2520,12,167,2
"6pEEuDPH5Q4",43,60804,421,133,1174,1
"Gh6gfhcxNYA",22,60792,422,8,68,1
"JMwa4GICR34",22,60787,1463,80,343,2
"7RWIA0f3lew",25,60787,516,52,150,1
"SR--kcuPzyY",25,60783,2264,124,55,2
"aTorVUBIrGA",22,60753,269,65,0,3
"Du_96P6CGQs",10,60753,3377,47,445,2
"2tgITWH9mu8",24,60723,3075,10,149,1
"A0YvnUlT_t4",25,60722,52,19,41,2
"5Lhtf9dEtKk",25,60707,1106,46,235,1
"r-0rRbdEK_g",1,60693,597,34,583,2
"zoaTIVSeD_A",27,60675,1525,93,677,1
"fjMNcsr5cc4",24,60637,10733,13,466,1
"ZlMcsbZxZr0",24,60630,212,21,70,2
"5JI6-0thP2g",10,60619,0,0,13,3
"3-2SSKN1QgA",22,60615,1179,11,219,2
"tieRWQSvvRE",25,60596,2619,63,326,1
"RL7j0kwQTUs",24,60593,368,17,191,2
"F-_8evrREWw",24,60567,1370,120,148,2
"2EwM0RkFXdc",1,60565,1979,14,197,2
"pYY3DI2HshU",22,60562,1366,35,108,2
"nAsuXZzswgw",24,60560,3964,8,468,1
"Ap95tUjhTtA",25,60554,2795,139,179,2
"jp8TNcLpwoE",22,60532,176,29,286,2
"DNmRbp337Ko",20,60523,1176,80,479,2
"v4_8me23DvI",1,60514,823,60,439,1
"ro2EEPYeskg",22,60503,327,48,143,2
"2m_3WhKi7WE",25,60487,479,35,180,1
"pVcCVXZH-w8",29,60462,402,43,50,4
"4MUdVu5ZF6o",22,60458,1325,34,301,3
"cQutcR5Fuuk",15,60406,3663,14,889,1
"MrXRjvqtKuk",22,60406,1828,11,163,1
"FjtMKZvnSv4",24,60404,109,22,19,3
"q8lmoDGA4VU",23,60391,2845,19,305,1
"Xpfp9jwXKks",22,60281,1389,29,173,3
"T8vJ76iyObA",24,60279,2598,58,313,1
"jz6nbBVwj6I",25,60250,487,23,301,2
"NK8njFpsOzw",27,60246,2876,20,295,2
"5JrwxpIW7Jk",22,60210,890,7,32,1
"TXnB_q_SK1U",22,60165,204,21,163,2
"_nHPr5Lmais",25,60157,3417,72,457,2
"QPbsJgYOuWU",24,60129,336,14,108,2
"FZUptoBH4go",24,60106,2625,182,435,3
"RydAkYrvwfY",24,60098,0,0,290,2
"NOdMZQ2EzYQ",22,60088,2356,16,178,2
"JLBMd5PGhmc",22,60079,1015,5,37,2
"072Q0fQEwrQ",22,60077,811,63,104,1
"nldDYE_rrRI",22,60077,3644,66,271,2
"FrzK8G0iGpI",22,60070,593,44,59,1
"YWzJv_QqvvA",22,60069,1348,46,147,1
"3sJGvZmlvoM",25,60051,2893,67,310,1
"yRc_ZsOT-DQ",25,60048,913,88,479,2
"P5vHpRkqTVw",25,60045,2185,80,183,2
"dIRwDwGvOUk",23,60037,656,23,128,1
"slkpfu2Htyo",1,60022,3322,73,370,1
"vkMvQb6ZoTQ",23,60001,89,27,99,2
"OmUYy4o_cI0",20,59993,732,63,350,2
"pDyPj7qmnkM",25,59967,0,0,1102,1
"K0X2qFV-ILI",24,59948,162,42,209,1
"5nCpiHzfjo4",10,59947,2091,27,75,2
"mEx6oy2z5No",24,59922,1278,25,99,4
"xkZk88pZmV0",1,59922,484,15,265,2
"znLa-_cNF7w",22,59922,743,32,269,2
"TFIZMgqhjTw",22,59908,3232,49,371,1
"m314JSML_4c",24,59903,341,85,82,2
"b51qCdnzwnY",22,59902,815,106,143,1
"yfQevAZ4l6I",25,59893,3359,38,548,1
"frsbqOilLaI",22,59875,601,34,288,2
"9BE33NSSmCo",1,59865,413,10,101,1
"tIOcs0cxp_I",24,59855,1361,34,371,1
"DaxJis1JAPI",15,59839,64,19,5,2
"Gco5KE_bHoA",25,59827,3326,99,624,2
"xfArvudTQFg",25,59825,0,0,546,3
"EAB0SI1D6c8",26,59825,1594,21,200,1
"RAK3-OmxhWQ",24,59815,917,31,3,1
"Iv9l9nNZZ3Y",25,59793,2484,90,424,2
"kmTXKUnvLKI",22,59788,1196,12,229,2
"I90Kj9rE_aA",25,59786,932,11,98,2
"Hj4zZOy4Ujc",24,59781,2901,55,97,2
"akFwLjwctwo",27,59778,205,68,30,2
"P9KQOvLRVNQ",25,59759,371,45,125,1
"sNyWVB_55JY",22,59728,1752,12,132,1
"1ns0k-7-QA4",22,59727,350,36,41,2
"29EWEWkWr9Y",25,59702,483,68,135,2
"PWtSENcVwdU",22,59690,455,12,25,2
"KFv9cgBLAQo",24,59684,72,22,142,2
"DGuqDZ3ZX9g",25,59664,482,51,74,1
"eTlRg6naKAE",22,59635,540,162,305,1
"cIiXolXSeLY",25,59625,541,33,59,1
"nLCFF1FF-Xg",22,59624,1667,214,346,2
"01F_5IY6i3Y",25,59597,3049,77,523,1
"yV9YUj3nywA",22,59595,3095,73,197,3
"sAJ6cr7gLlU",25,59579,2699,95,183,1
"tqGFa08i8NI",20,59564,234,34,47,2
"GCAxr6Xn8QE",22,59553,2657,20,112,2
"yOKHXvnOe3s",24,59547,1171,109,26,3
"TWvJzwJ5SkU",25,59541,134,20,83,2
"vo7ejlnwKA8",25,59524,434,33,51,2
"3KEw8E9pA3A",25,59522,446,46,525,1
"zLOUdIgdcjI",24,59516,588,20,84,1
"jgEBOSpEzUo",22,59506,0,0,0,1
"nLb6N31h7e0",22,59468,62,68,16,1
"Atf1vhaviss",22,59454,2835,32,334,2
"IrEspy39TYE",25,59452,247,74,63,2
"Yh-ejBrqnQc",25,59432,6232,70,2096,2
"wsl_LAuhIHA",22,59411,320,48,78,2
"7L4ue5BJj6Y",25,59389,874,85,230,1
"Bayra2M5EpI",1,59385,301,12,97,3
"T6XPr9jjH_k",25,59367,323,53,191,2
"VF1bC2yDYVI",17,59362,147,5,21,1
"nXdXBeZXD3k",20,59356,0,0,115,1
"bo3WepB_oAA",25,59353,996,58,107,3
"QSBQ4XM3PKY",25,59341,553,66,61,1
"mnft6bK94rw",25,59324,0,0,587,1
"NKRC6kQV3gM",25,59314,1100,27,86,1
"yZDYam3UQOY",25,59312,3168,88,339,1
"7TkbJ3F52VY",24,59301,917,27,45,2
"D1ST3S-tkQs",24,59286,3677,10,230,2
"2punSpL2EMw",24,59282,3169,26,266,2
"ejTQf24_slk",25,59274,3997,59,397,2
"E-n6oD0b4u4",24,59272,96,87,13,2
"Hq37CT1CyRw",20,59270,1567,43,1264,1
"tOHqSSISWIU",22,59238,3102,19,518,3
"9aEopEmJuy8",26,59218,1966,21,162,1
"NVmRSd5F5iI",25,59205,2392,57,500,3
"Fe8hxYjVmho",25,59204,910,47,128,1
"G-f0KuShx_I",24,59203,252,38,159,2
"rDuaxhOdNfg",25,59196,555,119,215,3
"pFvf9buY-3Y",22,59181,1787,165,385,2
"szfKANt0g7M",24,59170,2498,157,14,1
"U4ii07-C8PM",25,59164,3798,43,377,2
"yIpkjs_-4HM",25,59156,834,65,390,2
"WZu3ah1bu5E",25,59152,0,0,417,1
"VEbR0HozoDk",24,59149,259,12,80,2
"U0_AxATQCIE",27,59144,2841,18,525,1
"BFGS6CQ-X3U",25,59140,408,158,891,1
"Ab77fq9Tly0",22,59134,1149,40,203,2
"yy0jrGeqpfg",25,59113,2310,124,243,3
"SmO39a3oV6A",20,59107,1419,179,1890,1
"LQmCsKx73MU",25,59073,3278,38,249,2
"ysa4P3tfFoA",22,59061,2473,78,0,1
"1x_zJjL-W_A",25,59054,3228,85,244,2
"9eh84Ob_Qbw",24,59051,2474,67,395,2
"Xm8sDvAEZ5Q",24,59051,77,102,22,2
"CfAVMxHcFGA",22,59046,3109,9,294,4
"dyESnZ7o9Wk",29,59022,1693,114,480,1
"mLxdcFzYTjQ",24,59016,2524,27,209,1
"f1NWZr-d-vg",25,58986,3685,31,484,3
"VXE8lhIuSGs",27,58953,553,12,83,2
"8-nWx-hzpjA",22,58945,1720,8,95,2
"bI9cqDpZKlM",23,58941,1237,34,365,2
"1Xsrxnf66Zg",22,58934,417,6,50,1
"YAZ_-hQUUgo",24,58924,3846,7,100,2
"_Qj68EMk2vk",22,58920,2813,32,265,3
"Ir9D4Fbzvsg",24,58908,113,9,25,1
"VJTySQDMMiQ",24,58897,528,26,500,2
"_M_ZFtSer5M",1,58894,209,18,229,1
"FtsPU12H3NQ",24,58868,2033,36,86,1
"tvPd8n17XIM",25,58859,638,74,196,1
"yep_UDRHUZs",25,58852,2443,48,160,1
"qKnk9ZUVRKk",10,58847,267,7,11,2
"JSjVk0MTSJg",22,58818,1087,11,81,1
"FMVsuH-1A74",24,58816,1086,46,901,2
"oJMvFMuE16o",25,58814,402,41,39,2
"c8gkQPHKQWw",19,58790,104,83,59,2
"KrUFsBven0w",25,58775,1861,91,124,2
"T-PG3C6Jihk",25,58773,2871,46,224,1
"MOzJuqGLMXw",23,58772,553,20,95,3
"abzXzVAZubM",25,58757,644,20,210,3
"VB1ArEry1Ig",25,58751,300,41,36,1
"hw-RbC5T_90",25,58744,142,9,89,2
"j55Q58jobaI",25,58709,514,65,84,1
"iVEfLa5HS8c",1,58697,234,15,241,2
"JhXGcbCePoQ",25,58682,1384,64,435,2
"K45GLGZXY4k",25,58676,2183,390,854,1
"Yggjy1Z4Ii8",15,58672,2348,21,372,1
"IAGcm02PiwE",15,58641,126,33,4,1
"c021FO73EG0",26,58612,1419,26,94,1
"aAYGQnu5d8g",22,58602,2630,47,443,2
"shYN7vw53X8",22,58596,984,7,97,1
"R-Sz1g0hfWo",22,58587,370,363,1534,1
"fCY7Jo4fFOc",25,58586,662,63,70,1
"zMFOqhyq-8A",22,58528,493,20,141,1
"PVlaC_RAdoM",20,58490,501,76,817,3
"WBGk15iUTAs",15,58479,1055,21,359,2
"e0fG1tmrc-I",22,58465,620,94,44,2
"zLc1hx6S1UA",25,58464,1083,38,237,3
"8c2KVnHgiu4",25,58454,690,41,104,1
"7J3vRlXDNHI",19,58447,251,14,177,2
"b6eaelujjdA",17,58430,2,0,2,1
"4LvNP-gmCrE",22,58425,153,6,27,1
"6eAtgXL66Ow",25,58412,2263,38,424,1
"wSPwX9kCcoI",20,58378,2205,15,1271,2
"AcmSX8KB3rI",24,58375,1759,8,368,1
"MSfpiCOQNH4",25,58352,253,60,142,2
"v2fQ-0UPfyY",24,58346,0,0,154,2
"HKffHsT6Fng",25,58340,766,51,65,1
"4bGfNKM2-jw",1,58337,4994,13,133,1
"1iIW7iNRAeE",22,58333,432,44,137,1
"wxtSZDTe3CQ",22,58323,292,41,55,2
"fLMv1kKehIA",20,58322,121,17,278,1
"w-hfouOq18M",25,58321,3482,122,1045,2
"xuGbZ2DTMSs",25,58301,206,146,250,3
"9cyUV4BuLTA",22,58260,516,51,49,2
"VuYdMVa1M_o",25,58257,655,67,104,1
"la2oa7WwDbw",25,58245,2516,73,328,1
"ruxn3hNS6ig",10,58230,508,18,47,3
"S5o9wQJf93A",22,58207,0,0,3175,2
"3x3_UciC0Fs",25,58190,1036,236,938,2
"UXYg9xW3xUc",22,58189,1705,12,139,2
"HlWM-Xav38I",25,58182,3009,104,564,1
"YkQpUWNF57A",25,58167,3169,225,677,1
"iCAtjbKQR3g",22,58163,800,20,140,2
"DpJKLXEoL1I",22,58152,0,0,0,1
"4imU1anYBl8",15,58144,509,25,43,3
"GO_aWzYHIkg",20,58121,986,67,1061,3
"0ASHIv6obBs",22,58097,182,47,30,2
"EXO-vKbrqwY",22,58095,1794,15,96,1
"ywZW3TZb-Bw",29,58044,299,139,31,2
"5msHd6A3i4U",22,58011,274,20,152,3
"Oszcvi7DuJo",25,58006,761,106,215,2
"hWE-ou6pTRs",15,57998,1242,13,398,1
"ioa-Er65hnI",25,57991,2860,97,262,1
"kXDrpkgGD1Y",15,57988,1139,9,172,2
"uvGQjOTyxvA",25,57987,315,13,36,4
"9ey19WxQocc",25,57966,3023,195,446,1
"ZFKLK9HInq0",22,57966,921,5,104,3
"JQ8xdkqn_aE",15,57963,2076,19,459,1
"RQY2FzHVqoA",20,57954,1283,28,513,1
"xhA0USwUjbQ",25,57929,4720,149,948,3
"pHbfnactRVc",24,57925,2923,131,440,1
"0hUdsW9swyA",25,57904,987,91,198,1
"BnbgytuCHK8",24,57903,3999,10,739,1
"DnU4b-P2qLo",20,57898,3254,32,408,4
"njNc3_1Vcc4",22,57894,959,15,65,2
"UC3yBXC5xs8",24,57869,1092,52,167,1
"ZRV6v0rVRms",24,57864,1061,9,36,2
"-9YnHRJxJrs",24,57855,427,40,85,1
"aQ51KfHybxI",25,57840,5204,122,375,2
"IapCpYZ47rA",25,57829,363,69,102,1
"HE_S71zG_l8",22,57819,132,34,183,3
"tWBUA8ufLsw",23,57817,0,0,180,2
"fBuMd7IjkWc",20,57807,1082,46,505,2
"brrXO2L118A",22,57804,832,260,836,1
"LMPXGaXbCxk",23,57783,1343,53,733,1
"2y_nLa_kPao",25,57768,174,51,211,2
"cRZP4QEgicU",1,57766,118,5,54,1
"RCy2hjvK4bk",25,57763,2629,43,321,2
"lR2odPWQdjU",24,57754,956,48,389,2
"KfGhi9le0V8",24,57744,2838,68,499,1
"mC_C_OH8rWw",27,57741,1406,43,7,2
"KvvSSZTENUw",25,57722,226,109,594,1
"UAnFc-RcYDw",25,57686,5666,103,395,2
"IbIRtzjTuKM",20,57685,185,32,24,2
"ncu8Fye7qyg",22,57677,3868,18,179,2
"09pb3CPeq_c",25,57674,0,0,942,1
"yVZbHNrRvVU",25,57671,658,61,332,1
"6MRUY3O4e1M",24,57665,98,33,6,2
"lO9GXFvzj5Y",25,57651,3593,24,134,1
"Xci8hB6yY5Q",25,57650,350,67,66,1
"I4rWnYkSTuE",25,57635,141,7,25,3
"2tY7Kuxge7s",22,57629,3551,40,295,3
"fai3daBgIUQ",25,57626,0,0,280,4
"Yw3y4upaUTw",25,57620,4710,42,565,2
"B6SPdKrJjh4",24,57570,137,3,22,2
"2KEg-ulfMso",10,57552,2753,18,130,2
"NE0cHwcckpM",23,57544,1309,140,1248,4
"XcrZ85yzf5o",24,57535,2307,280,649,3
"428LYJfXEko",22,57531,2204,139,468,2
"n4ceIHl0258",24,57526,52,11,32,1
"uyBNp4Xz3_U",1,57524,110,6,51,2
"5IWzNySQtH4",25,57522,293,136,357,1
"02f-4BdLuis",22,57515,1909,15,80,1
"vsy0SOkYWBw",24,57494,1105,11,227,1
"LtOlyw5PT2U",25,57464,3829,103,214,1
"JrL_CRsvYgA",25,57460,2318,135,361,1
"4cJc33rLLm4",24,57452,4244,46,415,2
"PTGi-uo4soM",22,57390,1305,9,61,2
"xhjawyoT6IE",10,57387,2620,23,138,2
"W7cxH289W5Q",25,57382,74,31,8,3
"iBUQGnP3ZgI",20,57371,624,125,888,3
"Qu9jUR35jvE",25,57358,480,60,83,1
"PuDnx57pyQY",20,57355,1975,7,806,1
"eH1CvlyYVXk",25,57343,3269,47,402,2
"m8z3bTh67XA",17,57337,121,18,439,1
"UTYGqeDCwpA",25,57318,251,109,103,2
"oi7Z78jHxdA",24,57295,66,66,8,3
"TBv_1PVT9To",24,57247,397,18,101,1
"Izhp3hglgPk",10,57216,3303,6,272,1
"BbSs7UT53pw",24,57215,168,65,53,3
"djzgNSdMS_c",24,57214,241,26,53,4
"kmB7wHbHgdo",23,57179,397,34,28,1
"9kwO0xwwwFM",25,57173,3184,84,172,1
"aTCgFavyLjU",20,57168,1034,8,158,2
"-9H9ioLNScM",29,57124,468,25,35,2
"ecSMjAyJWbE",22,57114,3768,43,482,2
"GChHNaot2_w",22,57094,768,91,141,1
"UnfKQYBzx5s",22,57076,1833,25,286,1
"H7625fDeuvo",25,57061,3148,63,370,1
"8YLN1WHMqNE",25,57054,602,80,118,4
"D1e5WueznWg",22,57045,33,22,30,2
"RD92KHdMxDI",22,57027,3020,49,203,3
"YUlRQXQZxXM",10,57016,600,12,85,3
"gporH7twjPk",24,56996,797,16,85,1
"jat88aZ1yZs",22,56994,135,27,203,2
"MVue-TbZxOc",22,56970,1790,10,117,2
"VKC4T5Z_5yM",25,56966,686,26,138,1
"rKXDJzYc5jE",20,56938,198,4,13,2
"jh-qmYYLu6Q",25,56919,3490,91,342,1
"VCU_Lc-OgLc",25,56917,3140,150,627,3
"v9pDlu8bXEU",25,56909,548,64,314,1
"47a14Nq37Uo",24,56875,71,34,44,1
"LN0QDNRRXlM",25,56869,0,0,542,3
"orelm4wzvdI",25,56859,388,15,317,2
"RjpZXXZjUCw",24,56845,767,2,33,2
"hCiShVph5zM",25,56819,902,30,161,2
"7JNd19OlYiY",24,56819,1672,9,268,4
"ht0X9FkcgBQ",26,56808,3002,30,1056,3
"dd1qa_1qBjE",22,56787,403,46,117,1
"9MpfYvZFFwA",25,56757,867,31,76,1
"UYLO40XnaRw",25,56755,218,39,47,2
"jBUGplNUV08",22,56754,909,26,91,2
"lARbAPNhAMM",24,56744,60,63,15,6
"7e5ECBaTd1U",22,56724,1029,43,197,2
"KspJ_Ar_1DI",25,56711,554,51,60,2
"xPnOzGBrZ0k",25,56702,3192,90,510,1
"FDi5sWiL0UA",25,56691,2412,52,349,1
"r1KITU83WIc",20,56690,144,14,228,2
"xaYthaOV1Qg",25,56677,2185,313,632,2
"Kd0z2rbbv_Y",24,56676,222,91,122,1
"N8_pkv5J-w8",22,56665,561,186,208,2
"HRZoG8mCfNc",22,56645,503,60,140,1
"aaShgzfm0js",24,56643,2313,436,1000,3
"VBGMXt9EfSA",25,56641,2433,57,357,1
"bCPvGYDTNc8",25,56625,504,85,141,2
"bvrgIxxTml8",25,56625,3229,53,156,1
"5MYd4JC1SuI",17,56602,735,19,671,1
"8E0EF3xgl5E",25,56592,794,54,166,1
"pSLdpC98Z-I",24,56588,2997,39,131,2
"UyPSziFUESc",24,56582,339,39,76,5
"t7kA94kvUME",25,56576,0,0,757,1
"U1JNLi7iziw",25,56570,190,37,93,2
"R-5XZTtJp_8",22,56570,1994,37,137,2
"cHgn7Y-41fo",10,56560,609,7,53,2
"4gaetEpXmIE",25,56546,3581,73,451,1
"VdSxpzHkV_g",22,56505,745,14,73,5
"TtLYbfH7BSQ",25,56504,0,0,795,1
"mbEJwRuFIkg",22,56504,2587,12,100,1
"xl7C3KqxO-Y",22,56502,602,107,96,1
"5eEVjRvDTOc",24,56501,1280,11,191,1
"3xwssu9Py5Q",25,56474,165,22,44,1
"OhuKgBIC-G0",23,56459,0,0,45,2
"6_0aMXVhl0A",24,56453,0,0,82,1
"56RSWJ_8l8s",22,56451,334,25,81,1
"asKcyE6BK6g",22,56447,3120,158,731,2
"QyqVSo2K-kw",25,56436,3617,95,844,3
"F_HYGzIlHzQ",26,56431,212,29,321,2
"kyD6JoVV2DM",24,56429,262,122,121,3
"KDy0NgXb4R0",22,56422,184,12,65,1
"AtxrM25YVCY",15,56404,1301,19,542,2
"cNu27SlXwAk",22,56382,681,14,72,2
"CYZ258KZkvI",24,56379,367,25,47,1
"sIRduSEC9fI",22,56366,174,16,148,2
"4lZsXWJVQfg",24,56359,1523,240,471,5
"3GlHZVWgNEY",24,56355,315,37,143,2
"IG0Q_6hQ30Y",25,56351,0,0,379,2
"upP09Q_qlVg",24,56343,2636,17,215,2
"ZCbw3i68Nqc",24,56332,2114,50,606,2
"bAbHsKdZ9X8",25,56325,3725,53,455,2
"p0WKTc2vLPA",23,56298,3496,11,362,1
"8_sv0Nrt1RU",25,56298,2651,65,647,1
"JdpF4NuYXIA",22,56297,4033,74,404,2
"E1jcIe8iFdk",1,56291,477,20,388,1
"sHp-MFuGZwI",24,56272,2289,25,328,2
"eNQs1eBujsY",22,56261,979,33,180,1
"4nt_TMv53CM",10,56261,6176,10,644,2
"lavFJFDle_g",25,56258,3079,75,228,1
"4QrDABeKIB0",22,56242,182,7,57,2
"E1jund0qlk0",25,56228,1815,53,92,1
"Xm67peAcdtk",29,56224,497,46,55,2
"5XrfhNrHMok",22,56221,1393,13,175,1
"-6BzsYDjnUM",25,56221,2394,80,769,1
"oscRtvF63lY",25,56207,314,66,234,1
"fSIHj-GQsaY",25,56201,2995,67,228,3
"WMUfj07MD50",24,56188,1036,16,129,1
"aBwiRTccl50",22,56185,117,6,97,2
"SL2diWlBnQo",25,56179,3544,59,378,1
"_ZEa-ZfECos",25,56177,547,47,36,2
"7Rj5ScYYqxA",25,56171,133,43,62,1
"qNf7HNKJ2s0",22,56151,2018,25,242,2
"FGY0H5NM7wU",25,56141,2724,113,388,1
"OGvEZJluAH8",24,56136,260,20,106,2
"SECvuMkHikU",23,56123,332,25,120,2
"2ZyWuZWy21U",29,56096,480,41,51,3
"OLGjTCt8244",24,56076,256,18,216,2
"81RSbUaI_AE",25,56071,433,661,399,1
"jv3asob2Y8U",25,56066,248,43,126,2
"Wvewv6nnoqI",25,56065,0,0,476,3
"I2q7JCBsg50",24,56040,4667,17,215,1
"lXi8y3g4PP4",10,56037,854,11,482,1
"yiKJDG9yRIU",27,56032,2921,25,673,2
"T8e3Eku6eCo",24,56030,61,101,51,2
"TYuJzjNA88c",22,56025,2809,9,129,1
"7lOBg6rkX88",22,56012,231,57,470,2
"IaBIyHgTTAc",1,56006,522,7,92,2
"W_N0w9zl_PY",25,55988,4134,39,580,1
"D---0nbgZ3g",25,55974,3348,187,596,3
"nNaTqGbvVs0",20,55973,1128,81,424,3
"ikHM6NDmNe8",25,55970,3505,75,287,2
"79pS4C7Yc8s",22,55969,1262,5,59,2
"iY3OdMRTTiI",1,55954,376,10,143,3
"ZCro9x7UM-Y",22,55953,2791,30,517,1
"03ZIy9Op1Xw",25,55936,253,65,522,2
"2KGpxg5k89M",22,55930,648,20,63,1
"eW6IFeirlrE",25,55930,685,65,58,2
"G7Tl_nIKRTI",25,55855,482,68,19,1
"09Uf-uoJyjI",25,55854,2107,271,346,2
"4Xe-roy7mP4",25,55849,296,60,420,2
"WIyrSS4BHMQ",25,55844,2745,86,111,2
"D7yNg1GQMlo",22,55837,1917,4,106,2
"ZagF2Rh-FM0",22,55828,1330,18,156,1
"mtjjbzNCPYw",25,55818,52,14,208,1
"HfVVE3GsNEE",24,55812,238,7,35,3
"3TsaEm3n4g4",24,55811,39,464,67,2
"9ezmdVcJbeo",1,55801,488,5,161,1
"2frduiH0Wls",24,55793,775,17,120,2
"TeZxmUQiqMw",22,55793,4330,11,131,3
"Y8qmcRoVvS0",22,55787,883,6,154,1
"Tgr2DECgQ-A",1,55780,671,30,569,3
"eSzkjAIf_yI",24,55780,2832,46,426,2
"vLuqcrbtCLI",26,55774,3225,18,1547,1
"rtcm_xbSpmA",19,55773,1567,58,171,3
"ExQI-tnj8Xw",23,55773,0,0,259,1
"067oplxAJp8",25,55771,4608,30,553,1
"IFzb_0byNQk",24,55762,102,30,95,2
"kpnPGKOYle8",24,55754,88,51,2,1
"eeEhI_JiNjY",27,55739,206,39,34,5
"U4EMPIKBcg8",17,55727,0,0,137,1
"YEzUw5LC66s",22,55719,628,74,74,1
"LC9XWeUHhaU",22,55713,4988,10,780,1
"Gq9BWifxDZI",25,55707,115,17,75,3
"9x8RLgOle1c",1,55678,297,20,172,1
"PJSW-OgJ5Y4",22,55676,680,90,98,1
"l-EYXFGtwNY",22,55642,317,44,99,2
"3M5Hz4ehZzM",20,55639,1042,13,170,1
"aCO6Xk4-9TM",22,55626,0,0,0,2
"h1d795P2Gr4",20,55616,2106,36,517,2
"dbIZqj3_Rfc",25,55614,662,79,353,1
"Pcug6cKhRTc",22,55589,561,92,107,1
"pzeUAg0Diuw",22,55587,338,46,150,3
"U7W8NRHCDgo",22,55564,1499,13,100,1
"0w3i2gC3j6c",22,55545,1928,11,352,3
"adefOpuuWEQ",15,55543,462,13,126,2
"hc6H5Fp2nEI",24,55541,1142,54,358,3
"bRAgVD_gG5Y",25,55495,1001,28,336,2
"2EvkGV6XlFc",25,55462,38,7,76,2
"C1_f7Xn886c",22,55448,829,13,230,1
"S0j3aG7hO3w",20,55442,672,61,85,1
"KY4DuVJ_Xsw",22,55437,4041,44,439,2
"rZXEET81C6g",24,55420,63,26,14,1
"dg825cW83v0",22,55410,1720,305,716,2
"ES2olTxUjLs",25,55410,2506,161,865,1
"5B6DqRiBkqo",15,55382,643,20,134,2
"8yElWl4nYao",22,55358,180,24,116,1
"fYXpvCTjgCY",25,55347,0,0,274,2
"rFdTy0269ug",25,55343,499,50,114,1
"wYK_Carhkcg",23,55332,474,46,494,1
"6lrP-8tsSIk",25,55297,230,49,41,7
"eeldaCbMPDQ",29,55272,459,50,49,3
"QXLsu8DTrQc",17,55245,147,17,4,2
"SwvR6srRDUA",20,55245,1138,36,1533,2
"e7CQoYLUPhc",24,55174,2231,7,133,1
"kJWicBrzZHM",24,55149,303,70,142,4
"YZIJdLaZqxI",1,55138,875,19,322,4
"auGvUNUYoa0",25,55095,345,26,63,2
"HRs55CJKd9M",25,55080,3085,29,240,1
"7_qG5d4Lz8s",22,55045,1260,12,95,1
"R4H8Zuo5qoo",25,55041,602,174,701,2
"Qb_h9tlTTz0",22,55040,1242,16,124,2
"nyi_EvsTdiQ",22,55039,596,43,185,3
"Zx7m18olJNY",24,55037,75,155,29,1
"zFzwA9XyRU4",25,55035,804,52,642,1
"Wz6XNeCorSw",10,55016,70,98,31,1
"RIm89tyRVIc",22,55007,606,58,199,2
"-77cgRgaHpE",17,54988,216,18,38,1
"DmZBGtXRApE",25,54982,420,121,554,1
"_ohDa_KINXA",22,54960,3292,17,190,3
"pkBSrtPNNBk",24,54947,148,14,136,2
"ToJGV7Gmkb8",22,54943,184,20,59,4
"TVAjyFy1cDk",15,54939,2837,13,342,2
"br1P9y8aXXA",24,54928,78,38,89,3
"rVtff8cytjg",25,54923,673,51,47,1
"exFwaZRKs9c",22,54905,2314,19,168,3
"UcCcE30Slpo",25,54901,222,78,61,3
"0PTZmBXwyO8",25,54888,576,76,210,1
"n63kI24eCbk",23,54836,0,0,96,2
"cFTwsE3FpVs",22,54824,619,127,96,1
"Rj5KdNAdeF4",24,54784,2287,683,1618,1
"zKric2sOniw",10,54767,6952,12,705,3
"3fkb_ojUPLM",25,54755,876,59,391,2
"QEHb5J2T9bE",24,54752,0,0,2789,3
"Rmw2GpvhXAo",25,54744,0,0,518,1
"CHEeu8JPL_o",10,54711,321,59,30,2
"8GBLfxkdm_Q",24,54707,85,32,10,4
"H5Hh1QTiYIQ",25,54700,0,0,525,2
"RmJ5kZlUi_4",10,54689,2879,13,282,2
"q8kDP33JF-E",25,54648,961,25,119,1
"mZV0-dapJu8",20,54647,553,27,526,3
"YDAlU9z0Owc",25,54593,513,81,113,3
"6tYL8apZsdY",25,54569,305,68,738,1
"qcGp2zSiVCU",28,54551,3068,79,1170,2
"ZrtTX5iu6y8",25,54539,613,59,91,1
"aK8zuHNnpHg",15,54533,2629,10,430,2
"joakoHDlViw",25,54522,0,0,389,1
"qU35om_0wxU",22,54521,1681,226,0,3
"9vKtPHD6fZM",25,54518,124,31,47,1
"r0hcRAwcn_E",25,54518,2635,237,591,3
"gNXWYCqSkWk",22,54516,3402,25,329,2
"i0zaWwJFDG0",24,54487,1386,30,61,1
"JtNTxCkBybM",27,54485,980,34,120,1
"OUWh8gCLJ6s",24,54462,87,111,12,1
"lmKhYmw666w",22,54452,1329,5,46,3
"E7g0Ga7XfWA",25,54433,2043,99,152,3
"lRJWi6IL7gs",22,54416,533,36,82,1
"AL3AHvtbUxg",25,54412,604,99,86,2
"BpJINSOTjBQ",27,54408,657,27,133,1
"NxdFJFLD4mA",23,54401,763,29,169,1
"VNL5atxXnbI",22,54398,1011,8,199,1
"3zwekIjpQs0",43,54397,96,3,7,5
"HdIrmlrKrbg",23,54386,255,35,38,2
"BHV6v-x6Gvg",25,54378,583,61,83,2
"OVxeD-EnMp8",1,54355,2115,11,128,2
"qMEgEVUYgt4",20,54351,451,4,26,3
"qyBptPNhpBA",22,54341,59,42,40,1
"M1mxEHzjoQQ",24,54334,322,47,135,3
"hz4W1ExNS4w",24,54312,528,35,128,1
"HJBiKR8Ty5E",25,54304,0,0,637,1
"qCz_V3yDD5A",25,54304,2967,67,289,3
"Lhn_bTFLop8",24,54290,3467,187,209,1
"Ujad5jUXX7Q",25,54278,750,23,102,2
"MghhUOSWXpY",22,54270,1956,12,87,2
"gYJVC6uP-fM",25,54250,3361,34,233,1
"phIwOa1XZJ8",22,54239,602,61,84,1
"1VdghgrLA9Q",29,54231,498,33,35,3
"SSYQLQPyaYA",25,54225,0,0,157,3
"aGg5fIINNeY",24,54211,1859,7,92,1
"uwupE0q3z4s",20,54202,914,37,437,1
"iMK-5h3eFKo",15,54197,1845,23,274,2
"WNbob05_b5A",25,54196,686,57,230,3
"b9FwTyOCmPQ",25,54165,808,55,129,1
"VDAb2Fc6gQI",22,54164,1276,18,183,2
"GS-lW43D_8I",25,54156,705,48,110,1
"M4nb9tDmtus",23,54133,364,8,26,1
"_tkwowqkVxw",23,54131,163,15,15,3
"qgnCJSYLtZ0",22,54112,1164,3,81,3
"fz7whSExAk4",17,54097,477,24,780,3
"E1pzTzNCUOY",25,54089,2888,57,607,1
"RWaYsZ-r-98",20,54072,1097,17,282,1
"D-Ldruz2Jj8",20,54055,1197,19,61,2
"goC6zVnXu1M",25,54049,3254,86,433,3
"GXH0HaUPafY",22,54048,66,37,8,1
"k1L1sCxEB3I",24,54047,1534,19,113,2
"b5sutWGg4dE",1,54032,641,7,73,2
"gHHjCjVhjpc",25,53975,3220,62,162,1
"HOPtrU1aiy8",24,53966,1425,3,103,2
"_4ouRnTRJRQ",29,53964,2029,78,458,3
"4_euKF9USDo",24,53961,193,9,45,1
"4E3o37QB1PM",22,53948,391,11,94,3
"0QJVV9oNcxc",25,53933,453,51,33,1
"ksk-KQ0mPDM",25,53923,1889,204,279,2
"B4dJZgVDVyU",24,53921,1491,9,118,2
"aKYNcalGF7g",23,53914,1689,11,178,1
"EBTY8JT3WbI",23,53907,0,0,71,1
"2zN0SysPZkc",1,53886,234,22,52,4
"_CoeDKceG_I",22,53875,702,27,112,2
"Ou-Q3Id6t9E",25,53865,621,27,74,2
"FXHaytcjE7A",27,53864,839,26,153,1
"QedrU4cp_SU",25,53858,178,8,90,1
"o0eme11sIcs",27,53849,469,27,14,4
"TNs7qNJy7Ko",22,53849,184,28,70,2
"0RFISIep470",22,53847,963,30,204,3
"lRK4ie6M0jA",22,53832,391,41,195,2
"VlcpIfUq_fw",24,53827,3452,48,332,2
"8K3gFEHPpmY",22,53798,115,41,92,2
"OPN80HZghhY",20,53782,1473,21,151,1
"WUw0e0BLGVE",1,53782,382,8,68,3
"e5EaCSpkVsg",22,53748,2871,16,201,1
"J0DhD6V5O4k",25,53746,391,47,64,1
"E0lmuxKiI4s",25,53736,191,32,119,1
"U9QywNgQpPM",22,53728,3357,80,599,1
"bplFQemniM4",1,53710,219,6,165,2
"AJr6BokfHtE",1,53683,480,24,385,2
"_ut958r5yL0",25,53661,545,43,67,3
"7cZ7E5MqSF8",25,53652,3346,100,467,1
"XKYrJ3vJtlQ",24,53627,2517,423,236,1
"htodYApkV1M",25,53612,2761,93,479,2
"HluBiWgkrYA",25,53602,873,41,97,3
"5fnRNmbfCdA",1,53596,577,23,485,2
"yvZu0tNL_Bs",24,53593,326,11,67,1
"gEQsNvlKEYE",24,53549,96,27,6,2
"TrCrTSeUELU",22,53546,676,10,27,3
"FdoibLrKW1Q",20,53498,981,4,120,3
"jMgaMxJVs2s",22,53496,1756,14,83,5
"CmcOr2ga4o4",24,53474,504,28,154,2
"WKYNIlre_m0",24,53455,1309,13,115,1
"SzEONNR3rPw",43,53441,93,23,267,2
"B-BMbDJTgN8",25,53406,2484,139,310,3
"P8Hi9YhgwNs",22,53397,542,53,51,1
"Ijyw5Ht3-Fc",24,53379,69,5,9,2
"SF0V0a6KJxk",23,53374,201,6,29,2
"w8sOa76Inu4",23,53374,1124,54,656,1
"I4gTfrYGojI",25,53345,284,43,83,3
"CmCCS8ICwx8",22,53330,446,40,67,1
"3PJ0nIOcvNY",25,53329,4680,178,472,2
"LAtZUrp_Ydw",25,53324,2366,60,178,2
"VW6mEyF-h4M",20,53271,1387,20,413,1
"eJDPCt-bJ2Y",20,53264,1169,26,563,2
"xclH57lMOxU",24,53262,233,14,60,2
"8o19slxGReI",23,53257,393,31,65,2
"4zbPPxyc2Yk",25,53256,1906,255,385,3
"cwa2IVPcdlA",25,53256,1020,105,332,2
"dJiWMZz5K0E",22,53248,321,56,93,2
"3fEOW9n-FGg",25,53245,0,0,267,2
"SoEGT3St2qI",25,53221,2067,26,91,2
"I_Vlq_4IvP0",24,53176,302,18,55,1
"rlS0wdlpvw0",25,53173,538,34,57,1
"3JhSz85DJiA",24,53122,1559,16,315,3
"3V28eWff8-g",23,53118,1920,32,554,2
"XWMxS1Dhj8s",25,53116,3819,43,503,1
"Pfn_lKm2IhE",25,53103,453,45,85,1
"Yma1Tk2qnx4",22,53087,111,10,36,1
"wO3C0AeiaZ8",22,53079,2971,34,412,1
"i1Iqas8w4MQ",25,53070,377,63,66,1
"nJLjv5ymOSY",25,53030,425,120,852,2
"LwYs7BOY1Yc",22,53028,1741,22,269,1
"1EjJsN0Rxw8",25,53010,337,47,52,1
"pHKG2gTMSjI",10,52992,3202,3,136,2
"LOMEg9GJJVI",25,52969,317,29,60,2
"zwYPDUmnqng",26,52934,0,0,3,3
"af-nOaMdwas",25,52931,2777,100,274,1
"mXNai32aaEA",25,52926,289,42,111,3
"74UZ4I7BOPY",22,52926,512,52,129,2
"Pnwsw8IC5C8",24,52904,1846,85,323,2
"v4TfWSRGQHk",24,52895,1503,15,174,1
"wAGrSOHY7-o",25,52842,831,37,276,1
"pMuW_rkuaS4",24,52838,2024,346,712,3
"rQsgxYL4tks",25,52797,0,0,0,1
"YkX9SA166RM",22,52791,1512,20,181,3
"nX1t4eqSmhw",25,52783,604,46,98,1
"DIj4K_OXbh0",25,52767,0,0,324,1
"wbg6sAdpN7Q",25,52767,1951,180,508,4
"ZDQlQQ3YeNg",25,52761,0,0,816,1
"XkAf9opEpWU",25,52760,2372,66,187,2
"CecbLG2RyKI",1,52745,522,25,840,1
"pP5B1hSeFhE",27,52720,692,28,190,1
"Hy5vM0Nar10",25,52679,345,31,122,1
"idl8ouH41lo",22,52641,1900,4,117,2
"U2MAT-AlamE",1,52623,1347,34,428,2
"kovMlVkLEj8",24,52616,2620,7,346,1
"_zm8zRIzIy8",27,52612,777,31,148,1
"i1PiiMDS9m0",22,52606,883,17,210,1
"2WOEDRo4n5s",24,52606,2996,64,377,4
"ST_vAhcHPnk",25,52601,2900,35,356,4
"C7JokKPyaP0",25,52580,448,38,103,1
"kgZh1qtfV-c",25,52561,1551,98,432,2
"QqHPBYoy1Ss",20,52542,1217,9,221,3
"oJt0IdSuCmQ",25,52530,0,0,592,2
"oBT2n7W_D4U",25,52523,302,53,107,1
"qUvfqa33kwk",24,52511,2510,7,355,1
"_HfH9Y-P9VE",24,52510,2060,88,290,3
"RwwV6WX6SmI",10,52504,179,19,25,4
"NFBtNKFObDI",1,52481,209,13,153,2
"A5c6JOLuZwU",24,52471,2436,78,437,3
"U1q7OVb0hxs",29,52465,490,43,34,1
"MufggrYGdz4",25,52461,2096,43,178,1
"1EpgryTeNaU",25,52457,607,74,389,1
"r5_vEPUa2RE",15,52448,1318,10,352,4
"4pmJeRYzdr8",25,52427,673,35,57,1
"dah7kHtY79A",25,52421,256,13,141,2
"v8NhbglB4KI",22,52413,992,6,171,2
"pK32ktIbwEQ",23,52403,0,0,31,2
"iexSXw68X-g",24,52389,847,59,504,4
"2u61sXh8nEg",22,52370,911,8,57,2
"7aiKYD7rlZs",22,52363,1395,17,38,1
"KgiLlDz-Rj4",24,52353,203,8,67,2
"kX3zRjY4_eY",22,52344,212,13,65,3
"40wSq2SEUzU",1,52339,379,18,55,3
"D7xFjFUIVIU",24,52334,159,33,182,2
"CWRefRDIK7o",25,52308,2552,26,209,2
"L4fQNIUlxOQ",22,52302,333,5,31,2
"uiuRdKyRN0I",15,52292,917,3,185,1
"jxbrFdU2gu4",25,52288,2940,206,318,1
"_lhN54BaBm0",1,52283,145,9,27,2
"uKj3J0515bw",10,52250,7507,55,1133,2
"iQbGjF5brA4",22,52244,1657,22,90,1
"ID6dJHBcOKs",22,52241,136,10,64,1
"1DhhYf9xd6s",29,52232,442,39,47,3
"VtvM96GSRxU",22,52215,396,36,61,3
"YiqMuXOMxFc",22,52212,2248,49,406,1
"2_4fik0OAZI",15,52201,158,13,81,1
"yXhLld6pAKY",22,52192,2105,7,90,3
"OWEjrY2-tpA",25,52183,3351,62,363,3
"JxYO88GFwfw",22,52180,2498,22,299,1
"gbPCSf46FkU",20,52174,937,177,429,1
"uRs6pfUkEM4",25,52171,2668,115,355,1
"624WSQhhk6Y",17,52166,122,24,56,1
"EmDbpisagQo",22,52157,241,29,162,2
"ZlBDDevj-_A",23,52156,0,0,84,2
"M36mkfQTdHo",25,52119,212,50,30,1
"8wtyy9jsElY",22,52108,2313,13,201,1
"zUIi0UJUzpM",25,52104,3136,142,569,1
"GFmz74vXTok",25,52103,1279,50,243,2
"rWq_v4ztgJ0",24,52086,95,21,6,1
"DkQ_NisMzWc",22,52056,81,23,125,2
"PkPJhf0bT8Y",25,52051,524,50,267,2
"mT_EY6KbWKI",22,52045,168,40,23,3
"w279vxHmKi8",24,52044,277,7,76,2
"pHOSDagAaLc",25,52042,3022,96,333,2
"ju35rVOJ8ss",43,52034,80,49,492,1
"52TxGvl0qfw",24,52025,125,32,231,2
"IJFFwpEnYKQ",24,52025,265,2,13,2
"HJKqENcN74k",25,52016,3201,49,291,2
"kB8tVbTnkFo",22,52006,526,15,90,2
"6VAFAKvcOag",24,51981,1506,71,202,5
"gKtjptLGXOg",25,51977,3095,105,523,3
"YGUK713CJ8o",22,51976,589,62,476,2
"vhLr6S6hGAk",23,51961,79,26,93,2
"Ww7Zu2rp_jc",24,51959,8359,17,313,1
"MgckQXEwzlg",25,51951,522,40,94,1
"hTQbJ17EDXk",25,51950,2878,155,370,2
"V7T8Z6hd4LI",22,51926,721,26,98,1
"IhtzXEqv_sM",25,51908,0,0,647,1
"TDxHT_iqfhE",25,51904,0,0,506,1
"ARyqG-KzY9c",17,51904,497,24,37,3
"p9Glh-xpaQw",1,51893,156,12,153,2
"bXpvz4XoIeo",29,51887,733,65,110,3
"epGW53-fkxg",22,51874,1433,4,103,2
"aQ_a9wpGixY",23,51864,0,0,57,1
"nwPULz6q6Hk",24,51862,1118,21,44,5
"X8APpn2dSZI",24,51797,2580,243,0,2
"DRe8wjVqCvE",25,51795,502,66,74,1
"CB5H8_et-sM",25,51793,2512,65,354,3
"_XQ-vPwlHxQ",20,51781,924,16,282,4
"hi1FnYZPaUM",25,51770,330,147,256,2
"fBQDS_OriSA",17,51767,170,6,33,1
"5aq_Yz_6h2I",1,51767,364,5,439,1
"wKRP16aaTiU",22,51763,3494,118,441,1
"gAp7qYUcPfA",27,51760,0,0,0,3
"tpO1wJIgZZ4",22,51758,238,43,42,2
"p7nP4VwoCUs",25,51717,148,53,126,1
"5fcDDUDQCRo",24,51715,692,23,178,1
"qMYDY2Ncdgw",24,51692,95,51,144,3
"PYSqHX92Rbs",22,51659,274,14,138,3
"dqYL-01fB10",25,51654,347,22,78,1
"G2PdTGppFkQ",43,51647,163,28,168,3
"9cmMyQH5Qj0",22,51626,491,13,319,2
"61W9uH2OkSQ",24,51622,286,6,43,2
"aUxEtGhZKjo",22,51620,1040,55,99,2
"1xWiMGhWclM",22,51605,383,30,304,2
"YEch9a4Z2QY",24,51588,521,36,447,1
"VPei_AMF5nk",24,51585,1811,30,61,1
"mYMoHEAUSLA",25,51576,1967,30,290,2
"uew5-zDTLZw",24,51554,970,17,371,1
"kCRkWX8pHPU",20,51549,348,14,182,1
"T2mZzWGDtzg",27,51544,1795,56,70,3
"y9WEOVyT5iI",20,51540,0,0,1902,1
"14inQMA9sro",15,51532,2382,9,382,1
"UC6Dxv5HE7Q",24,51515,0,0,22,2
"KDK6C4CDwy8",25,51514,164,7,78,2
"fZn1iGFdT_4",24,51509,95,26,47,3
"xjquW9XTd70",25,51507,2744,65,446,2
"JNbnuBGKN7A",17,51500,108,41,0,1
"Tb98HG5XpsA",25,51492,2049,144,328,1
"HxGCnyKojws",22,51474,943,50,457,2
"2e_Y2jZZ-x8",22,51448,715,99,115,1
"TAGFGDYE5I8",22,51433,61,84,146,1
"RUPYJEmHrks",26,51429,1401,94,395,3
"OHDb1wPiEkY",27,51420,1707,47,46,1
"hR5yHa_2jpg",25,51414,834,15,141,2
"0M3zRXqskWs",25,51388,3239,103,403,1
"2129-zWKTjw",10,51368,1368,5,15,1
"CJlvaVNLj4E",24,51354,200,10,25,2
"VRsyp5dOxlI",22,51347,1523,10,142,1
"iPS53SIaCvE",25,51344,0,0,768,1
"ii9RVd-G_EE",24,51338,963,12,31,2
"PbcZMSNj7c4",25,51338,3354,52,139,1
"JihhjS7je-Q",22,51332,630,15,113,5
"WPLWzjxL5Ps",25,51297,3406,44,470,3
"AXWNIFfpMBc",24,51279,537,36,269,1
"xzlZwEmJmbk",25,51254,1397,99,670,2
"KY2co-NcGjk",17,51232,761,12,92,3
"QxOR-yrsPys",26,51223,626,45,463,2
"_tYIODcksCU",25,51206,4563,61,294,3
"X3ZIa3EzBi0",25,51191,177,11,123,1
"vzSLNNp0a5s",25,51183,3046,46,291,2
"iBoO5hrNuqg",24,51167,0,0,25,2
"S50ksjJSqZI",25,51142,4559,60,364,2
"LdF2Hocyoe8",22,51134,375,58,142,2
"8uo881JLnDI",25,51122,316,38,403,2
"H3q5EFrJnew",25,51115,1708,44,210,1
"OVJSD4CO8Fs",25,51093,2535,108,133,1
"JNWrfjNbHl8",25,51066,62,22,82,2
"wgyvcaKcRKc",25,51037,534,42,59,2
"rdAyZXUIXEk",25,51033,3020,137,324,2
"RSBbY9nIvCw",24,51028,6680,64,678,1
"JCjMMu47L6I",24,51021,1524,67,434,2
"iw_LRs7sUbY",25,51011,715,44,280,2
"xIntPXyTtUQ",24,50984,242,24,218,2
"AxvPAttW_44",22,50983,709,12,139,1
"t88T_wRcQW0",24,50953,114,115,189,1
"m5Jkzoc3ypk",23,50949,247,13,40,2
"30_UIZGnGrg",25,50925,61,22,30,1
"x-GuC4Fsd4o",22,50924,2508,4,157,2
"6pwywLx9tp8",24,50912,82,33,47,2
"bQjmoKbLlSE",25,50905,647,58,127,1
"q1FxrvxH6jU",24,50901,34,29,51,2
"vxOzTgWJmxs",22,50891,0,0,49,2
"hG7m02jT3zw",25,50881,0,0,600,2
"zuovBYITOIQ",25,50849,3129,37,325,3
"tkMueSjbs-8",25,50835,517,34,62,2
"wkPEn6kim7c",25,50810,3807,140,529,2
"xIB174wpikw",24,50808,363,40,291,1
"J6OFqLPMaVA",22,50802,348,50,141,2
"ZD5Qf9kGKmM",24,50798,65,113,91,1
"zoCNivqoKBY",29,50786,424,37,134,3
"7IxAP9NKpp0",29,50772,1338,335,766,2
"wDR_BaV-kAs",25,50733,557,12,108,2
"C350TCUpH-o",24,50733,81,27,32,1
"MtMtDpmw5NM",23,50728,78,87,104,1
"64Gpd5bMiC0",22,50724,2715,28,257,2
"adGgBhueM3I",25,50714,818,47,72,2
"bVyWNz1mbKc",25,50713,631,61,102,1
"2O2g-gj2jV0",25,50694,0,0,335,3
"karNAaw1Ijs",20,50690,847,30,426,2
"547cYyQZeYk",22,50663,1137,25,122,1
"n7wv4K2awO4",25,50663,3070,53,475,1
"keCcsS3LX6s",25,50636,377,39,163,1
"KlNUQDsg6WI",25,50616,792,56,211,1
"H0L76Y8R05s",25,50590,2623,74,127,2
"v6_GwXU1lkg",10,50588,1431,27,60,2
"4PLv2k_1JJU",22,50581,730,2,57,2
"VfmpmKOtsUA",22,50544,827,154,380,3
"5vN7EYmHleY",25,50540,462,43,42,1
"bVsCY84i2Yo",22,50495,831,120,558,1
"TeVGGeDhfJs",25,50491,0,0,595,2
"TSLaU_8-J7U",25,50489,2692,33,308,1
"UL73WkU8q1c",22,50483,241,143,82,3
"sbnhcEGzG3o",22,50478,744,123,64,3
"sxGymo5CCsI",25,50463,106,20,317,1
"Qs0r3NHbuyI",25,50406,1985,118,82,1
"z9cEXDIN_zo",22,50387,590,66,76,1
"F49TvNOj_ts",24,50373,3329,13,180,1
"wOUoFRJnrJY",22,50369,1322,13,245,2
"RKGmhjxIMKg",20,50367,1508,119,681,2
"DTfFAv6uCPo",24,50358,819,7,120,2
"TXNSregLCVY",22,50355,3047,284,773,3
"YFumcnLCPcs",25,50354,419,45,82,3
"AkPPQw1ZAec",10,50354,89,167,52,2
"6zqvdpYi6qs",24,50338,308,20,151,2
"vkJOOolpA1Q",23,50331,147,18,75,1
"68284cN1vt0",1,50303,153,0,44,1
"q7-6xAek4iE",22,50285,4004,11,238,4
"9bu6Vb95rIo",25,50284,136,98,230,2
"09mQwGTeCbc",25,50254,149,92,137,1
"D-6iAwH8WOE",22,50252,446,74,258,2
"mfEEKhbEF1M",10,50237,1900,9,140,1
"QN7WfNH3pqM",25,50231,2755,73,341,2
"ZpR_I8IINu0",22,50205,298,15,136,2
"QoWLeAYeTHk",25,50203,3172,61,287,1
"ZMIHa0QDN3A",24,50200,221,8,35,1
"dAGfh_PY5TA",15,50180,845,10,77,1
"X6ePQmpRrEg",25,50179,2599,99,242,2
"y5jyoH4S9CM",22,50151,2109,9,97,1
"4XxaHYG182g",17,50142,599,7,21,1
"NsKqixBkdG8",24,50140,0,0,16,1
"uUPbuMJVW2I",22,50126,649,81,118,1
"dgIVcHcymQA",27,50122,450,14,69,2
"BwsE5kgsUQg",23,50122,1471,43,875,1
"bi7-ddk8RbI",24,50122,789,25,353,1
"0O3vKLkCkBk",25,50121,2974,147,355,1
"bLgLFeVxGNA",10,50120,8438,22,542,1
"ERu_JtVEaOM",22,50119,385,24,55,1
"QizOr450i_k",25,50110,415,35,347,1
"aX16tIkE-mU",23,50102,363,51,85,3
"sRQ2MOiDBm8",24,50101,2596,149,45,2
"KVMFGk68ZGo",25,50100,3515,31,439,1
"XPKFos5OMWw",25,50092,3104,90,221,1
"XrsnyGi9P1c",24,50073,251,7,39,2
"2xdn3iPjkuU",22,50072,358,27,115,1
"VKUpkuQvx0U",22,50050,1040,11,54,1
"Bq-vdDWecZQ",25,50037,991,14,109,2
"sRIwcs7tOcg",17,50021,175,12,118,2
"Y0loalPzXe8",1,50013,548,14,492,2
"kUsGBpIe50I",24,49994,1580,43,331,2
"nnmsisiugik",22,49992,470,22,31,3
"DfVTXS-YYSo",25,49989,3104,36,323,2
"xe2qf02GN78",24,49982,245,5,7,2
"aCtwWeQlMgY",1,49969,124,6,326,1
"MeDutgXvJfU",22,49964,33,46,14,1
"OPmyYN9UB7k",24,49956,712,22,104,2
"_b5Slxoxzzo",22,49954,2259,32,474,1
"q7jOk8xJWhA",23,49952,158,16,82,2
"v0aZV-hSzSI",25,49950,489,31,53,1
"B-is9XgXulo",25,49943,2074,43,606,2
"RC1IVZJKMYY",22,49924,2777,157,466,2
"of3lXBO6Uu4",25,49914,332,62,118,2
"FekwQ_WajJc",25,49907,593,33,324,1
"NsM2aO1XgcY",22,49905,2712,31,182,2
"qnkyvoFS3p8",22,49904,0,0,247,1
"TqQ2QgVhcK8",22,49903,245,60,77,1
"kYFk9syKZEE",25,49902,0,0,713,2
"P6Jl25qh9CE",25,49898,386,34,27,2
"_bV1d4dOtrc",25,49895,633,63,477,3
"AExh-EYYutg",25,49880,1764,62,156,1
"TvMuo4CbB9M",25,49860,0,0,533,1
"moH3TXEhxRk",25,49856,2033,131,74,2
"q4iHSinATn8",1,49845,1519,16,789,4
"z1xEL7Ht21g",22,49829,620,9,138,3
"yGIDMcS_PNo",10,49816,2976,26,146,2
"5Knh3fHODk4",25,49809,0,0,611,1
"9SfTiJg-uKs",1,49792,295,8,72,4
"4sv5I1Tbm1I",22,49752,313,17,14,1
"KzitsVCwvno",22,49744,4725,15,695,1
"VFp94dBlfTU",20,49744,447,15,99,2
"qn5QAS7XQlU",22,49743,2727,47,290,2
"L7AwRY5pGOw",24,49726,0,0,17,2
"7RAAZdLkZpg",25,49715,0,0,151,1
"Nzg_3_ZROjA",26,49702,2501,32,175,3
"cNZL3QpGuo8",25,49699,405,34,76,1
"ToQwTGxAw5k",23,49692,264,29,83,3
"rHfyzOOwxbo",22,49691,1236,29,181,3
"KZCo4F70490",24,49686,331,3,28,2
"5Pkp1rg9loA",25,49683,2847,70,434,2
"4Fe1xuq1YjI",25,49679,0,0,617,2
"T-Plksr9xU8",25,49678,1795,44,240,1
"hPeA9z1Xya4",25,49677,0,0,1147,3
"Y_bUbIgRE9M",25,49667,0,0,749,2
"rjt3DNX0v0A",25,49662,2027,75,35,4
"q0ked7qyHYk",25,49657,47,22,3,3
"lM3WNMgmOao",25,49656,150,26,467,2
"tuK79PK7GTI",22,49656,1087,7,110,3
"R64CcBUL5nA",25,49627,2676,37,304,1
"LeTX9-duNL4",25,49611,378,58,144,2
"ZfDt3vBpUBU",25,49578,5291,84,1362,2
"eTW6o3J8Jpo",29,49570,415,43,84,3
"u0Xi0a7XSHk",25,49566,653,57,545,1
"wG137vJgWU0",22,49562,1156,15,44,1
"vzY4lNxHB6o",25,49561,3343,108,422,3
"W7AgcPBN3yY",24,49557,134,49,63,1
"TwhipxC02Uw",25,49554,2328,127,319,2
"c3J2XStET6w",22,49545,825,7,76,1
"DeLXwv8b7YI",24,49541,124,24,10,1
"MibgUdYYQIs",27,49531,1043,58,109,1
"TK42cxWd3SI",22,49511,2744,38,409,1
"-8AmNZbuNQc",24,49497,1149,6,67,2
"8YVTiNchnhU",25,49486,2980,84,212,1
"ucD-ijKMrec",24,49480,91,26,117,2
"jfmHatypVY0",22,49473,761,22,24,1
"uf0yebbDR8Q",24,49454,0,0,518,3
"qoFvrz2XNbQ",25,49449,1409,240,450,3
"4WBrNd0zCL0",10,49449,2556,19,163,1
"8YicHwNRUPo",24,49442,749,39,365,1
"ebbDNlYh8yU",25,49440,349,32,87,1
"vlQva6sry6A",24,49414,885,12,161,2
"LQYCVwDYvgU",26,49390,384,43,63,2
"qSwfNsahjbE",24,49381,1838,16,177,1
"ICc6HSvQJxk",24,49345,2852,253,681,1
"9II_GQJ7mKo",10,49332,450,11,32,2
"vB4XK2gaO9g",25,49315,661,32,75,1
"fbFFJLrhn5U",22,49309,561,16,68,2
"iBFUo2SD5xA",22,49304,1177,9,69,1
"i9e-O1E9DOQ",25,49300,719,30,97,1
"VUY4CRjtVDo",22,49296,594,37,124,1
"w2SKPB65An8",25,49289,2179,58,203,1
"8jyqc1eBWyY",24,49282,1828,85,17,1
"n32TKZi92Lk",17,49260,392,5,38,3
"pGmfnsspjls",10,49237,10898,8,837,1
"8862k7hZrkw",24,49237,386,5,72,2
"tUE03pqO4UE",24,49233,1270,52,646,3
"wgTP4zKop48",22,49202,148,18,252,4
"xb8FuKxFlaw",24,49190,53,65,57,2
"gXKqqWkMTEw",25,49187,375,33,24,2
"Vz1A43JGs1Y",25,49185,149,48,0,1
"oe80HnixucQ",24,49153,1841,51,140,2
"59VIEKvKJA8",1,49147,434,6,137,1
"0ebSqtvRaas",24,49128,238,4,45,2
"toXt1RMcDP8",22,49126,342,37,51,1
"rMO_7_uUllw",22,49072,245,101,146,2
"J1TnDZ5ES2A",24,49070,895,70,41,2
"Shxu7Iyl9ds",25,49058,2072,60,324,2
"OT0VIODmX4o",25,49055,181,159,0,2
"NrdDOtiUky0",25,49050,1098,36,238,1
"zXAVqLtWzsg",24,49011,771,5,9,2
"Y-LMu1B5wP4",29,48982,395,43,13,4
"pXDDU-mbbzs",22,48977,2125,18,360,2
"aJaPWjshqUc",24,48971,1815,40,331,2
"K6HcZHdIEmA",24,48962,312,38,96,1
"AB1Qx5c6mmE",24,48959,63,18,55,2
"MDgyiVdGDAw",25,48924,3320,49,374,3
"5T1sR5a5gfw",25,48906,3254,67,583,2
"kbvGfgMhXvU",28,48903,584,30,111,3
"J4q-yEkDiXg",25,48897,3604,75,558,2
"i4D6ktU66Io",25,48882,1809,79,288,2
"hgQ2ujLum4s",1,48878,614,16,561,1
"Jy9UNymwRkc",25,48871,848,162,691,1
"zQzxfXPkgls",22,48832,37,67,5,1
"EJOJgEfn21U",24,48820,44,31,26,2
"QOGXn99Eh5o",26,48783,1250,81,204,2
"axSFTH67cLI",22,48778,0,0,0,1
"r3uDo3mMflE",24,48758,39,71,15,2
"KCWDNMM4oDI",22,48751,48,53,14,2
"d8ydnplMHyE",23,48722,171,28,67,1
"bQ8OufmwGtE",22,48716,2288,108,264,1
"QHbb9htMclc",24,48714,705,7,62,2
"X30lRJxOLNQ",24,48702,197,6,8,3
"PxjdQCcr_lQ",25,48657,3190,95,450,3
"TcFVuhPCo_g",15,48627,483,15,23,3
"8iKArSl0r-E",26,48610,1188,86,228,2
"O1BYMHj_vuo",25,48605,2938,94,95,2
"Ad-2TTmjPCA",25,48602,0,0,696,2
"zDUkfPp6yIE",22,48586,31,45,10,1
"WdR-gZfZGnA",22,48580,174,6,0,2
"R2L30ysPdrE",24,48579,325,5,35,2
"feyVvCRZmxo",22,48577,399,25,42,1
"lYcJr41Lo1E",25,48572,1848,74,51,2
"f1GCdRhwu1M",25,48566,478,31,136,1
"F__tGAShVqU",25,48562,1261,147,680,2
"Zfnb1mMUQxU",22,48558,1023,12,76,3
"ucs2Bfk2rfQ",24,48530,0,0,21,1
"SQbec81L2VY",25,48527,64,9,119,3
"VvdMrCOR3us",22,48512,2091,32,350,3
"hc4REwinVw4",27,48511,3882,35,471,2
"2kwClS9TYII",24,48462,189,7,1,1
"LUJ3PIt5xSY",24,48458,2589,179,118,1
"wXLVfdnZPDU",25,48443,123,53,248,2
"aX6F-ftmdqc",15,48441,2128,13,340,1
"OncHNybgYaw",22,48438,2084,7,62,2
"1om9ZcFgZS4",17,48432,285,6,20,1
"DKznVrKZzEg",25,48432,502,30,58,2
"hkLxbvs3jaY",20,48420,484,30,317,2
"RKdjg9sSuUQ",22,48410,1912,9,153,3
"V-9P3-E6uRo",24,48407,1663,23,418,1
"7rS3MQQ_Ar0",25,48396,3190,87,380,2
"MfeLrKr-6Fw",25,48394,3211,35,532,2
"saqb2HrILFc",24,48391,49,55,2,1
"H17gPJNeWBo",24,48380,83,10,15,1
"78d2PkALCvQ",24,48378,161,11,30,2
"W-_2r-dbb-U",22,48344,3352,28,485,1
"39A0cYtRCqY",25,48337,3186,87,313,2
"29A2JAjtpCc",1,48335,429,23,288,1
"tLRA8xp3f2I",22,48327,1712,8,262,2
"0c8MYhNQj9k",24,48294,699,15,65,1
"dEu2xgps28o",24,48293,1694,60,346,2
"6JnaBq8tfzM",25,48292,2868,44,277,2
"ndY6sAy_Ydc",25,48274,3472,45,328,1
"Mn3z15JV4ag",25,48261,653,9,53,2
"mk5lysERY44",20,48246,1402,74,1554,2
"xXG8V7JgpbI",24,48229,615,31,178,2
"1xZ5dLuqnuk",25,48228,300,51,69,3
"GoIiqU3AXS4",24,48215,3285,45,406,1
"VHePJIKL7qU",22,48206,74,24,73,3
"TfK_mQIQqgk",20,48181,291,63,42,1
"Lw6qY9gk1TY",20,48181,190,22,17,2
"gdoRbcpGIgI",24,48179,3127,130,690,1
"5dwF3A5-Mp4",24,48178,928,38,317,3
"uW0-eOorf88",22,48158,765,10,23,1
"YTiIaKiQhbE",22,48155,1218,115,461,1
"Dqy3LU2g7T4",20,48146,94,8,40,1
"b25xMqeifP0",22,48145,974,15,97,2
"Y37zKpo_VLo",25,48144,377,46,81,2
"LcdktMJHfdY",24,48133,56,53,1,3
"P3tHeTx4_k0",25,48114,2264,353,342,5
"djtHlY7696g",25,48114,2322,25,173,3
"e7HhRPoxNdQ",25,48096,112,17,58,3
"bhOgaZxR0CU",25,48086,467,48,42,1
"ACtZvW7sOnA",20,48073,595,13,139,1
"opf14gc3qdw",24,48052,765,11,91,3
"RiWy_kbQMYA",24,48044,945,74,589,1
"mdeB91dKv28",25,48032,826,87,651,3
"9lgF3GmyCns",20,48019,986,32,415,2
"HHGY95d9u6s",22,48012,270,23,143,2
"Zq5Enkb8QKI",1,48005,569,32,610,2
"HBOn__cinBE",22,47998,46,195,17,2
"c61rU_E-ANY",24,47993,252,5,124,2
"G45nxVny9jw",10,47974,431,16,78,1
"mfxYL6U9E1s",22,47968,3441,128,603,3
"VJWlj8J2v7g",20,47953,461,44,216,2
"04XknfL9gR8",24,47945,2553,11,115,2
"GpgblE1gL6Q",25,47926,1092,29,188,2
"gc9Ot_Vf8LY",24,47923,189,30,73,2
"yC3nZEnKVsE",25,47833,2121,72,288,1
"XY783lN_-S0",26,47823,2745,18,1208,1
"8O5DpZJqmqI",25,47816,4825,86,656,1
"am5kFKc-wxU",24,47808,417,33,119,1
"DhcvEo20oLY",25,47807,230,23,54,3
"JSOFSmvTjGg",24,47807,886,10,50,3
"pa3l8Wctwrk",24,47799,597,20,286,2
"kUHrhpMsYtM",22,47789,3200,51,549,1
"V_bJG_XOAH4",25,47783,0,0,716,4
"g6WEukWoLjM",20,47777,320,20,1,1
"qk1G40rusf8",24,47776,327,22,30,2
"viHy_2ESX10",24,47770,446,16,84,2
"TryY5tCGshM",23,47761,0,0,70,2
"EZKREsKml_k",22,47738,26,137,29,1
"_0LkzBfX73o",22,47733,397,5,33,1
"o0dEDp9Nr1M",25,47720,307,53,44,2
"Uh6HgGtQO_4",20,47677,1681,112,1242,4
"646eVgdvbe0",20,47667,79,12,37,1
"cEx9ONXHanE",24,47666,486,18,280,2
"lRfBs-j1C8c",20,47666,631,27,1348,2
"WWV6RlcRHY4",25,47664,3044,27,385,2
"j7Zhb6fAU94",22,47655,127,62,140,3
"NCfElvGfrg0",22,47646,969,38,130,3
"XyUnguxmhSg",25,47630,2836,37,457,1
"6XN3GgcQTsI",25,47621,0,0,408,2
"USJI9YKozGs",25,47619,2836,42,569,2
"8MOOfABmUlE",22,47616,158,16,260,2
"OOKWQj3vDZw",25,47589,3601,46,582,1
"K4-dfo99eMk",10,47585,299,4,110,2
"Y_bs2cj0ULU",25,47583,969,17,233,1
"dpPSzZZoYdY",22,47582,123,24,126,2
"7F_5ydnh17g",22,47554,395,22,104,1
"UYJzy1B35vk",24,47535,289,19,0,2
"a18ZJJddqeo",23,47524,92,15,31,2
"L3GMnL0dX2M",1,47518,811,26,108,2
"mV0PISuLALE",24,47514,2458,6,237,2
"9JmWJ_MdX18",22,47510,182,70,54,3
"r5WVL85sJKQ",22,47489,0,0,0,1
"TLxAGDLC8Qg",24,47479,1497,97,259,1
"IZjBmWqKbf4",24,47465,0,0,8,1
"8b3BJMyZPfU",24,47462,2675,70,1405,1
"EZvL3mkYFDY",22,47458,754,17,333,2
"WyvtwqaWCy8",22,47453,1563,9,55,2
"BCvdN0C9YZk",25,47452,2316,216,99,2
"5fdD3LLQtho",25,47451,0,0,834,1
"CssBYyA0B5E",25,47433,1684,57,392,1
"pRSrBT4f30I",24,47431,192,3,22,2
"PTreZH2uRWE",25,47422,0,0,871,2
"ZLJww3rsF7U",25,47411,68,88,192,2
"5xlglEHWJME",25,47409,3822,208,983,4
"swTOLZCRYQ8",26,47404,150,26,11,1
"S6XKhBdKrnI",25,47403,2570,128,296,2
"p27itVb_hxQ",25,47360,380,63,120,2
"922bZNWvzDQ",23,47357,358,17,42,3
"a6xM4HoK3Qs",24,47312,112,17,63,1
"CeSYL2qMkjk",25,47304,936,35,247,1
"r_iy9Cc6dEs",25,47299,4313,80,485,3
"4ye9-Rh063E",24,47287,823,36,24,1
"FuDbCVJZkhY",24,47285,903,38,591,1
"FlIWj-Oh2yw",25,47283,597,84,137,2
"dFnRvg0bk44",24,47279,77,31,2,2
"_bgzUgyvAfI",25,47271,2605,46,499,1
"D4VbCAdz-EU",24,47261,553,45,293,1
"hVuDl0LfL-s",22,47247,2764,7,204,2
"baILvmnRKBU",25,47244,565,49,103,1
"okDHutXw80E",25,47225,0,0,72,1
"_1dkzn4X4fw",25,47224,3708,110,228,2
"VsUUyJweWvM",22,47213,180,9,39,2
"VQ9Ceb8Pd1g",25,47208,2707,94,223,1
"lRzZmOXud3M",24,47201,211,16,63,2
"TBrX_8DCnUI",22,47196,257,8,0,2
"g5Ix93lsoYQ",27,47190,666,37,215,1
"9TNwqSJLCuI",20,47181,1295,895,132,1
"cbTmtg_fM38",20,47174,219,19,110,3
"kfxMUaaHBl0",24,47148,1132,12,265,2
"SPV6xlVB5Vg",23,47146,257,14,54,2
"bo1QsvVPWks",10,47133,223,70,418,2
"MDxac2YpJ90",24,47132,2410,75,17,1
"QSytfVTDBvQ",22,47128,1386,409,519,3
"7XDo6rmVhlE",20,47127,709,13,146,1
"CAv9lgq_PHI",22,47121,106,9,51,1
"a1fSAnlIvvE",23,47107,647,104,514,2
"r52KA_fhtvI",20,47101,187,11,123,1
"Tb-Q5mcsqek",25,47095,1991,36,299,2
"5hjkuzYtTPg",22,47095,282,18,56,2
"tO4OWUmn4Iw",25,47091,2952,171,664,1
"OI2pqkyu3QY",23,47089,639,82,236,2
"f-KTeeUQE3Q",25,47086,0,0,601,3
"7j5B9g3V49c",24,47069,1076,17,96,2
"VOML2LsOgzA",22,47040,3124,17,286,2
"Gwe3eBHhhNY",10,47032,10726,14,886,3
"JvqRSXtcc6c",25,47027,3073,142,356,1
"DaXssP2-U0U",25,47016,2038,33,114,1
"Xg1mM-NqDJY",25,47000,671,34,71,2
"H-xEifixFmM",25,46998,3009,83,303,1
"1c3gqIN3g2I",24,46992,2272,66,373,2
"IUUt6m9QFAM",25,46989,0,0,517,1
"UjwqZQUnz5w",24,46985,4904,9,366,2
"mpcbUZcUmf0",25,46979,1567,20,319,1
"weqqkQyFML0",25,46978,386,102,41,2
"Awll-iw2Fg4",24,46964,364,8,152,2
"XQfcqYEovWs",22,46950,203,10,79,1
"ulv9M2UjtP8",25,46948,2560,40,296,2
"cp6PTbNaXjo",22,46917,340,10,22,1
"D8efF2ME1QA",25,46912,2951,84,76,1
"S1fJXLSRgMI",24,46893,5494,8,389,2
"n5P_OBM-23M",25,46872,523,21,55,1
"xZT12NKdaXQ",22,46867,1024,36,346,3
"lMmZvopX-X4",24,46861,651,11,158,2
"7nTi4DER4vY",25,46857,2931,35,330,2
"Z0BWbjJahl4",25,46830,472,40,227,2
"zR7yCEgBBpg",20,46809,826,17,652,2
"RtM_Bv-kKlg",24,46806,849,7,209,1
"qpuDwRnLC-s",20,46797,1013,11,105,1
"OlhqpUptz_0",25,46795,1656,36,233,1
"hA_YOlVZoxc",22,46765,143,35,24,1
"WAbRoQrP4BY",22,46761,0,0,223,1
"xANyERBeCXY",22,46752,381,20,57,2
"9MHK7huTzaM",29,46737,400,25,79,3
"74h6yZklGDg",25,46705,186,19,60,1
"qvtk6oauRUY",25,46695,564,23,50,1
"qwOFSfKXDCM",25,46692,3234,76,236,1
"JukBJur-H0A",24,46669,87,58,259,3
"ahmI6AwiyrQ",22,46666,145,37,163,2
"djB_K9HMbGY",25,46657,0,0,534,1
"T5XMcZ0CAdw",20,46656,194,13,128,1
"U7-wKlVHxpk",22,46641,2859,61,395,2
"QpwUCVuDy_0",22,46634,710,56,102,1
"Zy6rRlPdX8o",10,46621,147,11,17,3
"z7sxkLv1iLg",22,46619,3321,17,209,2
"PCUm7sRsBuM",24,46601,2212,33,385,2
"RKlL0QvqfdA",22,46586,1313,12,569,3
"_yAdI-7xgkU",25,46560,374,40,58,1
"VhlCCpI8mtQ",25,46550,259,108,254,2
"DKvt1PRmboE",23,46537,240,11,41,2
"vcHnYP6PpVs",25,46521,2609,50,489,1
"uuzEuM56ShM",22,46512,2249,13,296,2
"H0TjCyPXdDI",20,46511,1471,10,377,3
"HXGOjClE6L8",15,46493,2371,22,398,1
"-2NJsSvBqVc",24,46482,1478,26,647,1
"TGH2Kh5MXII",29,46477,680,52,56,3
"mrOYGDqpXbQ",29,46474,1409,82,566,1
"z5GlPxWeNYE",10,46466,422,9,41,1
"NFPgYFPZIdk",22,46452,901,17,203,1
"naZq0vrRY08",22,46447,235,36,43,3
"5DH2MNoLpLE",25,46444,3333,196,752,3
"hOlJTyYOBKM",25,46444,0,0,664,1
"YtPXhw3Ru-g",24,46443,49,42,3,2
"OX571FZgKac",15,46425,2154,20,219,1
"8RuKHhpuP-c",24,46423,142,13,17,1
"fItoHsFaHNo",26,46410,42,26,77,2
"g1hUlceKcbI",25,46409,1754,47,167,1
"rPFoj93lkUQ",25,46394,3091,130,354,1
"I-bZ4mi-F8k",1,46389,52,6,12,3
"uYAZ7Wn6LhA",29,46359,378,32,18,3
"wkLtG-x74ao",25,46346,2638,83,675,2
"TYCfF1rww3o",25,46331,419,55,176,1
"4uyrt8q_evM",10,46302,7224,26,665,1
"p8nXeeR617g",25,46302,488,62,224,2
"O1D8UAnHNQs",25,46292,2714,71,494,1
"go7nhoKxcFI",25,46278,677,62,162,2
"NemKZlsJcY4",25,46266,2877,92,283,1
"_eOFRG6vHy0",25,46258,3651,53,739,1
"hgjIv1RND5c",24,46243,3117,17,218,1
"cgD7cXfTdK0",27,46233,764,22,88,2
"i0eePpuqL28",1,46215,163,9,66,3
"uRP2KISP_9o",24,46213,389,41,93,2
"g9k1vprdNEo",43,46202,476,17,79,2
"pUf12r41P2k",22,46193,630,9,19,2
"4JuLIm0L81c",24,46184,1004,24,302,1
"d72_91-7v1o",22,46160,2249,15,219,1
"SJ8MYVWEX6U",1,46119,189,14,96,1
"lgCo0WJUkDI",15,46116,1921,2,405,2
"ZYtbkV6-dKY",20,46106,1868,24,1241,3
"e5rHtNL3HYg",10,46105,8523,16,453,1
"Lu2eWKnnuzQ",22,46099,408,16,127,2
"ml3EPbmNuS4",25,46096,2758,105,450,1
"UNKqadCtQrs",22,46081,100,26,11,2
"Tkz5LK2dvE0",22,46079,1185,8,105,3
"p1H9K-eMb8A",10,46076,2809,9,298,2
"bokHex_aykI",24,46075,2362,57,160,1
"sMckMldglyg",25,46066,2784,83,343,2
"wO0Shw_UMVQ",25,46066,2784,83,343,4
"MkyqvRwQrGw",10,46059,6761,9,1036,1
"wkdW1oR3fNc",24,46059,215,31,72,1
"spn3-uq1Me0",25,46054,2111,27,434,2
"1Mi2RxH0i2E",25,46046,3262,37,288,1
"kyKmkNoO6Kc",24,46042,494,10,154,1
"vq5OEwNHWss",25,46041,1902,17,253,2
"TXBcwxxTsDA",22,46034,180,14,160,2
"SW6riwrevdQ",25,46027,95,37,44,1
"b46fG38Tk1k",20,46021,0,0,234,1
"Hsio3LhkwNk",24,45988,249,12,36,1
"Ay2-GdnVM40",25,45978,769,118,614,2
"4cEcGPRO9d0",20,45977,1020,8,199,2
"B4jQNRb4fKk",22,45973,1464,5,163,2
"uhY92R9ZPnc",22,45972,240,32,61,2
"SlXI5NtNpjQ",10,45965,8080,12,825,2
"a6cpo8QHHNc",24,45950,207,19,104,2
"0qNxsbqYbvg",25,45949,2112,289,679,3
"JGejKARifmI",24,45942,772,5,114,3
"fnIIoLglJ-8",24,45931,59,19,42,2
"icmyGVg7FAU",24,45925,410,45,82,2
"0J6DSajh2TU",25,45923,2744,51,418,2
"azeKSiW1kXk",22,45921,1006,4,91,2
"VEmZK6dRZB8",26,45906,307,90,50,3
"W37Te0mbbN4",25,45876,1861,45,166,1
"xft2o_TQhOQ",25,45856,93,1,14,3
"uJRef9GZ3tg",25,45850,3067,58,348,1
"3nSdvLOHUZs",25,45827,2937,37,241,1
"QeFcEpCCMqQ",1,45823,105,8,55,1
"YifjN6Ct_cQ",25,45817,50,55,78,3
"OwRIOQzXnj0",23,45807,685,33,418,2
"a126-l-mUmk",22,45806,587,39,58,1
"N83iR1sQk5o",26,45805,1609,24,148,3
"-2LBpSprQp4",22,45790,0,0,125,3
"voUMuOZekyo",25,45782,121,68,66,1
"9Z1PXuIjrfo",22,45773,442,55,46,2
"KHFG6HTZx0c",24,45767,767,5,140,2
"OWSKEuGIzY4",25,45761,2027,60,231,6
"nahyGFOsHYA",24,45754,386,4,34,4
"gm8vedfFt4Q",25,45751,513,52,91,1
"4XGTY4Suxkg",24,45721,1367,27,373,2
"X0YLzCHIzM0",22,45696,920,5,60,2
"AbhtWbfu-jw",29,45674,1870,45,211,1
"A3PPVTeJLnU",25,45661,3395,43,479,3
"ur8OKCX2Oms",22,45654,203,38,83,2
"Ialq4tuqSVM",22,45634,357,21,404,2
"B0Ul8ymR39k",27,45629,1837,9,220,2
"kCHsCgnN3wQ",22,45628,0,0,1085,1
"cdX-kHtZcio",25,45623,194,46,27,3
"DRv2W6tSf4Q",24,45603,305,5,40,2
"z3Y__ioY6h4",24,45600,1580,48,599,2
"K85WVOrMFQk",25,45560,522,53,189,1
"Fm5xrWUYK2U",1,45553,374,21,302,2
"4--o4fLUfMc",22,45548,2096,6,33,2
"JILgQI2gSkU",24,45539,582,4,55,2
"P2v2eF1-WYo",24,45539,5226,12,151,1
"ptpdb99pisQ",24,45502,3080,219,590,2
"gyAaNmyr9gU",25,45498,3894,66,298,2
"9vEFpHlcX10",25,45493,135,11,23,1
"_KcCZ-O57jE",27,45486,1164,29,182,1
"UMElyPXYleE",22,45479,89,69,28,2
"6yrNOTZ9YQ8",1,45471,540,21,99,3
"bgcE8VcU_X4",24,45469,412,18,320,1
"_8AbfHXRhGk",24,45468,228,24,133,2
"TLMrJVQwAXA",15,45459,1887,18,257,2
"s4Lz9Q2X0QU",24,45450,0,0,137,2
"m4Gypf62LBY",29,45444,916,83,441,1
"urPTLuzGihA",10,45440,7752,4,368,1
"9crYgp1InRI",22,45437,426,16,56,1
"n2Ljpu3dD1Q",29,45392,1593,40,377,2
"k1ijMCLCq2w",22,45374,321,3,31,1
"_oD7i_wZRGA",10,45372,388,27,138,3
"Tjo4s7AMpfM",28,45357,955,36,891,1
"s5PPnhejt8Q",24,45355,767,18,219,1
"Fj-qz7FpHsk",17,45350,375,24,70,2
"T8n6TyQIj3g",25,45348,380,28,44,3
"UI8ULXKJamA",24,45348,4124,29,146,1
"cyWMIcDb-0o",10,45347,3784,14,284,2
"eHe9AylP8z4",25,45345,2908,134,480,2
"KsN8K8zlx04",22,45311,200,16,24,1
"Lnm-IIDbEiA",22,45297,1344,7,56,2
"LQboh0JZ1Hk",25,45296,720,60,203,1
"kFAp-Ax5jck",25,45275,525,54,61,1
"l6m2rA8rUt4",22,45257,1229,7,42,1
"ZZTxb81M5EA",24,45244,243,15,55,2
"LV2_KVZZHYU",24,45241,2186,36,190,2
"2Qljyn2RmVY",25,45236,1870,123,81,1
"Cw0y9c67i6o",25,45223,154,13,37,1
"zPZKuF1BKkQ",25,45217,2739,66,244,1
"T6QC-wcFHgA",22,45161,3858,17,397,2
"kgXvZCXEFwQ",43,45152,126,18,157,2
"kXl4LzXMjdg",24,45131,34,31,56,1
"Z4_gO8eKB6k",25,45128,1543,48,99,1
"KAIRQnZMPw4",43,45124,118,8,39,2
"sM-cgpuY5VU",25,45106,66,34,151,3
"zG2zNLE36_8",1,45101,502,20,469,1
"BptnZCSxJLU",25,45099,3810,50,395,1
"yBsveDXSqeQ",22,45093,105,4,4,1
"6zBNiutBQQ8",25,45089,2286,53,388,1
"ogVOGihIR04",22,45084,0,0,212,2
"qw10LoxXKdU",24,45065,671,12,30,1
"_TJq_ZuKbxs",25,45060,2572,38,311,2
"oK2O8Xtkrvs",25,45058,60,10,54,3
"9FY83cglD_o",22,45052,162,47,81,2
"kvlFs24lEWE",23,45038,0,0,81,2
"wzRkKFDDk8E",25,45030,1932,22,306,2
"sFypAmmTp5A",25,45002,1660,522,1112,1
"YHgVgMuva-A",22,44986,2477,38,354,3
"KKXX58j4cqA",24,44984,59,64,9,1
"8614TSTE8BE",25,44979,2140,88,160,2
"IKnJhImzBsQ",24,44962,632,23,211,1
"zSaAGuEwzwY",24,44954,2697,83,478,2
"YpPWJMpB6w4",24,44952,70,25,9,2
"DLwvCiNUqUE",25,44950,3143,80,159,1
"WaKnSBom_FI",25,44940,2908,37,449,2
"8n6ZXmmg2bM",24,44937,1725,103,129,2
"ovbfZltSBm8",25,44930,2215,50,252,1
"rdzeJkbgUFE",25,44922,582,42,286,1
"VPb6Pm9x3XM",25,44915,1274,31,231,2
"ORENyYFebec",25,44911,1986,39,489,1
"BLHHLwGDQYM",25,44890,4361,40,829,2
"oSIUhE8a69I",25,44885,574,51,67,1
"Wxwd008T3Mc",22,44857,2924,69,526,1
"ZAQX9dk6A94",22,44840,836,10,59,2
"wfXHAwVkzVg",22,44829,638,5,32,2
"csI3m0lNdNM",22,44828,281,8,19,3
"_1Q_u1zZwbI",25,44825,2880,39,216,2
"OfhiFgySeQk",22,44794,1720,5,188,1
"lALIeh6VDVc",24,44750,493,4,176,2
"hH7WxT--9kU",20,44749,763,5,158,1
"hmpuBzi803c",25,44732,0,0,709,1
"8G3qf3GcLCs",10,44721,7800,13,596,3
"aoxnu4srQ_0",24,44703,1063,434,560,3
"ZtanRWQ_muM",25,44702,3184,53,921,1
"yJchCRMmMl8",25,44695,1769,116,266,1
"fp4EAvD6v-8",25,44671,281,34,33,3
"8STC2BljxCY",24,44650,25,29,69,2
"wNKDX7dFkpM",25,44650,449,62,43,2
"gzEZiXvgjJQ",22,44649,2273,46,313,1
"XRryk4L8Lfc",24,44617,212,5,9,1
"8qqe-grsU-Q",29,44602,1933,204,1005,3
"PW3dmPvuZH0",25,44600,806,52,124,2
"tc7DXJOVeaE",24,44598,1948,41,341,1
"EMpdud6tCo8",15,44597,2307,16,201,1
"r6BdIU--qdU",22,44555,1889,189,507,2
"CCOidVtAY9Q",25,44549,471,32,69,1
"dA1DY8LQnV8",25,44544,289,34,52,2
"lLa3DImnldU",24,44524,131,17,91,1
"7zcLtee8M_w",29,44520,384,35,62,3
"KhbodVAtI10",25,44510,3243,61,392,1
"Tjk3RsuaLZQ",15,44501,1413,7,261,2
"xzIcaBW1N5s",25,44498,2689,50,357,1
"aEhBiW5RbXc",25,44484,2981,16,306,2
"s-qBddFOfrE",25,44469,2325,115,531,1
"txtXxt6lUwY",25,44437,0,0,659,3
"4mloK-JVBpw",25,44427,1694,54,280,1
"Rzx0fBqjZ6U",29,44419,532,34,40,3
"ztNzEj3sSg4",25,44408,4557,260,582,4
"PeUiV8AZCuQ",1,44401,68,11,0,1
"wnVb6-HrOLg",25,44377,911,14,131,1
"m6CLe00dI2w",25,44368,1959,87,276,3
"QeNKhDDk4Js",24,44364,0,0,31,1
"BSHPyeUW1ig",24,44348,748,3,48,2
"8IQPN9yYmro",10,44340,5240,33,794,1
"7kdBpcE_GS8",27,44339,975,28,195,3
"24wthzykOLM",23,44336,740,4,38,2
"W0Crw-wGOk4",22,44332,190,53,45,2
"C-EYdeaMxjM",25,44305,260,59,107,1
"JPRPdg8jLBQ",24,44304,118,25,60,1
"Yf0tBBDISlU",1,44290,545,17,534,1
"NYDnmC-KWjE",10,44280,248,12,90,3
"qSsFJccwsMs",1,44278,195,18,120,5
"dWSuuBRK_8o",25,44259,854,25,117,1
"HsI-pzqXMD8",25,44257,0,0,802,1
"jRItDl-NstA",25,44248,1889,30,298,1
"H1mlP14XekM",24,44241,2319,6,143,1
"Tj9V_M5r2Cw",24,44210,1421,7,138,1
"4XaAqeo_GFk",1,44206,865,7,78,2
"j2VqjYI-qSQ",24,44199,3132,88,198,2
"0iir3WqB79U",23,44188,852,30,272,2
"NJSSoPfY1Xc",22,44166,1248,28,305,2
"oHURnibetiA",17,44149,460,17,104,1
"uD-4sf4vQe0",22,44130,2510,205,783,1
"LvG4gzWIWpo",22,44111,122,40,176,2
"Sw8uvJxGrEg",24,44110,86,28,18,2
"EdUqt3j8vYk",1,44107,1490,35,352,1
"PAss_KicW-U",24,44106,362,21,561,2
"D4c-RWjX7ho",25,44080,443,66,88,4
"s1mlUh9bUjE",24,44060,5320,26,798,1
"R_LIZBA-ZVA",22,44059,706,11,94,2
"pJaB9QHK2L8",25,44058,118,18,101,3
"zRwSToMY9wE",22,44056,0,0,0,1
"0PAYqL1Z1Rg",22,44055,28,143,183,2
"7DyYp0d29_8",22,44051,1355,142,438,2
"plN9MvW-6lE",22,44025,66,33,9,1
"BZYO7NDf-0Y",24,44022,946,42,369,3
"oZ27DfL5sX4",25,43983,2653,57,272,1
"9YjigglRAoE",22,43979,465,73,73,2
"4XR9uqMsh8c",22,43959,2032,25,372,3
"d9rq7mezT9w",22,43954,763,56,291,1
"QghNO-cH0Qw",25,43953,1055,52,288,3
"ca_i5xtR1OA",25,43950,2970,31,246,2
"8SJfvh_XTQc",10,43948,1661,3,41,2
"V8_HM_RVAyQ",22,43947,1637,5,103,4
"Zrbs2kf2k2A",22,43945,282,66,221,2
"TN2lfkCNKWc",22,43935,40,94,9,4
"_UCxgta6ifw",23,43927,0,0,192,2
"2g75sLq-sFs",24,43915,0,0,731,2
"EggGArRU6ak",22,43910,69,17,94,2
"631GQVamsl4",25,43901,1836,22,222,1
"wHPvUWTV_hQ",20,43900,224,5,66,3
"d_oSaB_WeiQ",25,43892,471,32,107,1
"BenzKnV7O9g",24,43889,33,9,34,1
"drvMBP-JQiA",22,43886,23,241,114,2
"8RXtKkTObBQ",25,43837,3118,68,185,1
"c_bO4FypYvM",29,43837,475,37,18,2
"5QbAsaygwvs",1,43834,412,14,364,2
"GEuw61n-iEk",22,43831,371,44,166,1
"Q-f98jvqoPI",22,43822,139,3,38,1
"hDCravv-gdg",24,43797,2394,134,618,2
"PpB-B6GrYvg",17,43767,0,0,99,2
"erPOOANZZJc",25,43767,436,179,201,1
"dyN07Ht8gUE",25,43759,2225,33,147,2
"vVw6oq2B1Go",24,43757,39,39,55,1
"dPZOyY9s3OM",25,43757,2787,43,261,2
"eJkRC61QB9o",25,43746,905,52,278,1
"iVmZn-6xiHY",25,43740,173,17,41,2
"AGGM8f7gCHI",24,43728,120,24,11,2
"Q-czy5Wf1hw",22,43725,2547,7,139,2
"4M6OBQXM8-c",25,43714,3532,59,216,2
"RxRH-OKFMKM",20,43712,114,93,2,1
"8n-h7gkRl2Y",24,43707,750,9,151,2
"DDfAm_XID-U",25,43702,2209,66,214,3
"GBLq0t9tb6E",24,43684,506,26,303,2
"S2ZIWWjB4ac",25,43677,3376,37,329,2
"0ugm9Bdpyro",25,43674,0,0,263,1
"NFX3FbiK8Ag",22,43671,1189,28,267,2
"EMqvAfJMEPg",22,43661,1910,13,240,1
"TVOsYsy_QO0",26,43645,0,0,0,2
"6lPeEZGsRcg",25,43632,93,47,107,2
"bkJsHbazOjI",29,43616,503,28,42,2
"YGOhfE0R91Y",27,43613,426,12,54,1
"PTP0qvzsr-U",25,43606,2257,79,303,2
"ZrFYDPAiLVo",29,43595,354,29,23,5
"eVBoHsnHgZo",22,43592,2260,13,103,1
"mtaIH8WiLtg",43,43577,65,9,21,2
"H9Icd5MmZTg",25,43577,2385,76,163,2
"e7YIQau0bLQ",25,43563,969,21,188,2
"X6EvwKk6q_c",25,43557,3046,54,321,1
"FDNv-04EoPQ",22,43541,483,8,54,2
"mmjL7hRPeiA",22,43527,0,0,1632,2
"x8dB9HDEiV8",24,43512,103,7,41,2
"j_xmzPyjCAQ",22,43502,0,0,456,2
"AWKQVhWg5bQ",25,43499,2510,314,185,1
"MpcHrkpaV5w",24,43491,1637,28,541,2
"eYTVes8voSs",22,43485,47,7,15,2
"pxB6Bxkt6o8",22,43471,226,21,54,2
"W-ATMMB5Gss",24,43463,1617,12,107,3
"3hAbQsjkEys",22,43439,1677,16,177,1
"cIeX45M0gKg",25,43434,2042,34,200,2
"2hZb04amXMQ",10,43431,1847,12,254,2
"QcpH37u8WJ4",20,43404,798,9,149,2
"eUjTwm0TnKQ",24,43365,724,13,32,2
"FjW-SowXzmo",24,43351,334,14,40,4
"0x-c25OUGxk",25,43348,818,42,319,2
"5e7gMYiJySo",23,43310,503,16,94,2
"_PB_W3HcLm4",24,43305,738,13,75,2
"I6PUtLcf_n4",23,43287,975,4,60,3
"LzMzPEBobQg",25,43281,525,32,85,1
"URLpac7cQ3M",25,43272,464,24,47,1
"QGG09Kqi32E",24,43271,0,0,149,2
"RW9JpvdxpvA",24,43251,246,78,2,1
"6DWjQrm9ib0",25,43248,3264,40,572,1
"sPl0yX5TH6k",24,43221,2724,110,538,1
"nxAsfd4mUI0",24,43215,2213,266,238,2
"uAQsfWc52M4",22,43211,0,0,1739,2
"Cm-yDVQConY",25,43198,926,23,195,2
"I084ASBdbMA",24,43190,403,15,233,1
"ZdU70dR0A3Q",10,43183,410,12,33,1
"aGMkc1oZkaE",22,43181,223,24,236,3
"RbRkkYDvKSA",25,43172,377,70,213,6
"TrwZxbeEifQ",22,43171,381,101,192,1
"wj4KfU3w3eQ",25,43139,1335,39,149,3
"6ZP9LXaW3RE",24,43131,904,6,93,2
"OrD_XFzyNjU",24,43116,95,26,218,1
"Z7xZJgr9Hf8",25,43107,2449,98,54,2
"sRE16hM_CV4",25,43103,0,0,128,1
"vt8EwRrUcc8",1,43088,280,8,0,2
"M9aA2WrAQWc",25,43086,251,31,82,2
"gSFEi_6FwqA",1,43084,395,8,71,1
"kCC3QgbZhmY",24,43066,245,7,12,1
"Lw1ivonBvwY",25,43057,2096,93,106,3
"zyR86MAg3DQ",25,43055,2542,6,325,1
"vGHwCeIMuTo",24,43051,203,18,69,4
"Re7o55u6iO4",24,43049,265,27,172,1
"SC0HUG2DG88",10,43020,1181,35,109,1
"jo2Qq8StTQk",20,43013,722,9,151,2
"skzzJCx2fM0",22,42987,810,5,64,2
"tQgcUlV5708",23,42979,1278,8,441,2
"Nw2_FGaAS_Q",17,42976,91,11,93,3
"nwjFyqznPc8",24,42959,2654,239,803,1
"YrF-jVETAz4",10,42952,5749,12,316,1
"7i180Z0Z6VA",22,42950,979,6,51,1
"GWKyRwvbA0Y",23,42921,970,8,74,2
"_cx5ZyldSL0",22,42915,96,29,48,3
"FL6KaEmkxXg",22,42902,308,86,295,3
"PebX2mknNwI",24,42899,2604,139,262,1
"wBKubeQEedw",25,42882,2699,25,294,2
"Pak_CYXE2Ls",24,42877,238,10,66,2
"111NCuGjBx8",22,42868,987,7,151,2
"um6yUomVq3M",25,42864,732,36,220,2
"NoSByrhrnls",1,42863,1758,28,201,1
"pOOix4JvXVI",22,42852,3231,27,311,1
"o888UH9OYQI",25,42844,2010,99,50,2
"JkT4oxyR1xw",25,42842,2746,57,350,1
"TuM32ZF_i7w",25,42832,2719,38,477,1
"tmtb8yLho3g",22,42819,208,8,61,2
"l-q9sOQeF9A",25,42816,1706,44,290,2
"QFQH2vjPGp4",1,42813,1365,25,303,2
"De6tZxfUj7M",25,42795,3246,65,294,2
"nEmmsQ78atQ",24,42785,2799,21,362,2
"o5lahBHcQDg",25,42773,1248,83,360,2
"pfZrBOEfBvo",22,42760,1381,19,209,1
"wCr8klHFFtk",25,42755,1555,27,92,1
"vhlnP1xOB6w",24,42754,43,5,4,2
"jyJf6yLIHD8",25,42745,126,20,109,2
"a1vVWvFPVYw",25,42744,2083,37,281,1
"k-Grf7kpR00",24,42743,4375,12,361,3
"MjWh93iy_Xk",22,42720,979,8,77,3
"KsiYkfAmnvI",25,42713,364,44,14,2
"x9XGbwJ0cXo",29,42710,424,27,54,3
"KxfpSRVGY9Y",24,42706,48,32,8,1
"tFAWkq5GLhM",22,42703,91,8,94,2
"PEb8_UdPVOc",10,42703,1036,9,46,1
"uQazZ-BYwEc",25,42692,3477,248,392,2
"VyGxx9cKoSA",23,42689,2172,43,417,1
"dCwLwsvB4OM",24,42687,0,0,68,3
"EVxqWJrNCGw",24,42656,2124,204,217,2
"SMr1qwc3B6A",25,42651,439,59,389,2
"ocByubeUpyM",24,42644,1259,170,209,2
"mUp_U5nK2fQ",22,42633,1480,7,105,1
"G1OhyqL_DHY",29,42632,0,0,45,1
"D8CQsd_kGi0",25,42604,229,67,86,1
"JitmGRf5tRQ",29,42598,325,36,30,4
"HExU03zD2gE",24,42587,338,37,104,1
"N3SNtiWB6g0",24,42577,2923,70,464,3
"SsykbgKmeRI",25,42576,360,38,22,1
"zODVFWSmLWM",25,42573,1784,88,521,1
"fvgcFuiPgMI",25,42571,575,59,59,2
"XrNVXNAQBiI",25,42554,0,0,51,2
"W9iJHTU7Vbo",25,42546,3166,487,623,4
"z7U8iSUKAQo",25,42541,546,22,71,1
"DpiMiYuKc4c",25,42540,1227,32,141,2
"aAaNJzj6ZlU",22,42524,1980,4,166,3
"iS-slhlGqbo",10,42524,5638,48,809,1
"X3K8lqHiqLM",25,42497,695,37,108,2
"s8NpJcwKWMo",22,42481,213,35,115,2
"rmthVtl6ynw",22,42477,52,14,5,1
"CP2-_xUhrbQ",22,42473,547,81,244,2
"xxoPufiEZRQ",22,42472,1180,5,54,1
"CIFV3CH4s2Y",24,42464,28,18,33,1
"ov-_PisRmnc",22,42458,1306,20,687,3
"rxrtJuSOWMA",24,42448,611,69,146,2
"w62AdauiuxQ",22,42424,129,40,74,2
"Oi4blkAj63o",25,42403,3136,38,243,1
"WeDRywUgqJ8",24,42402,124,8,17,1
"3ePUQm0eNgk",24,42402,404,11,32,4
"ze4j3eVL0dQ",22,42402,1339,24,247,2
"UZINQ3YD-5E",24,42388,7669,22,382,1
"cDbzwJPAt-I",24,42378,70,31,1,1
"GVEsvEbePM0",25,42378,0,0,462,2
"Hllu5uNqsyY",24,42373,143,24,39,1
"uYtuQKJb5P0",24,42360,43,33,42,3
"jwhX74I1Hro",24,42345,648,26,380,2
"zJiCkzEzCKI",25,42345,1851,23,190,1
"C8srvv7456U",22,42341,1051,3,54,1
"NGdsQQMgyZQ",24,42336,34,7,44,1
"tusZrjxrzLk",25,42336,2091,57,281,2
"IEkP79ED-yU",25,42334,0,0,377,2
"_BXSA5YhPT0",22,42327,307,22,29,4
"HYyYRyF_yKM",25,42267,2706,42,304,1
"xEQ-JdiHdbc",1,42263,0,0,12,1
"3gX7oEduW0Y",25,42255,2952,42,273,3
"PO-oo40tTkc",24,42254,625,10,42,3
"mCQvWsYMnVc",22,42254,805,15,332,1
"OVvYrAfyjFE",22,42249,2557,18,225,1
"ovlsZ_EDeVE",22,42245,1034,84,366,2
"RFjAyHOft78",24,42242,276,44,84,1
"dzkW25n_q3E",24,42228,1110,19,176,1
"5Vx2Ll0MM48",29,42222,1172,47,119,2
"zD8NbRaAhLo",24,42222,2613,65,188,1
"-7YATCN7BTQ",24,42208,7024,21,336,1
"IpteRBR19gA",24,42194,0,0,329,2
"LD2dlxT9U-c",25,42177,473,69,229,1
"lD0UNze9OeE",25,42163,89,66,131,1
"xRoTC6xeW1Y",22,42152,173,18,391,3
"3Ue47zuoCsI",29,42150,360,35,25,3
"oBwNjWOXoHM",22,42140,2290,5,114,1
"sNKdvJVJOMc",24,42134,1892,179,101,1
"z1FNXQeOpKc",25,42128,2719,72,324,1
"aMBRHnoeWcI",22,42116,77,115,409,2
"5ovj90FeXqg",10,42095,168,2,176,2
"Tt69-MaQ-KM",24,42041,2711,26,502,2
"lTTKEGVlfbI",22,42037,0,0,921,3
"UC5jh8jZxxM",22,42032,53,14,12,2
"70Bj9Na2tp8",24,42029,57,32,15,2
"JrbFmYpEOyQ",25,42028,1928,79,12,1
"TX9sEiExMRI",25,42018,1733,31,72,1
"XwV_WziEBRY",19,41997,1433,13,305,1
"6u7KJJYif-U",20,41975,446,39,70,1
"cw59i6-vyTg",22,41971,2591,48,570,2
"x_c-CEv3hlI",24,41965,2160,104,258,3
"bhyKxJA4tjA",24,41963,283,28,111,1
"-EZ5-7nkxqU",25,41962,617,49,203,1
"M34YO1UBnE0",25,41961,2000,74,198,1
"5KlzvEO9Q_s",25,41957,1414,24,74,1
"DuyY4mtiwWU",22,41950,230,27,47,2
"4wRPplivwwM",22,41931,518,10,167,1
"YHZCGzIxpUk",25,41916,3622,46,321,2
"NbSe1e84nRM",22,41916,2185,11,627,1
"rfUSNdqKHtU",22,41861,1423,201,393,2
"fk9u922qTRw",25,41847,353,30,35,1
"aNBER4jk5b8",24,41839,590,16,198,2
"PiQaXLXLYgA",22,41810,80,5,4,1
"K8xXkPC3hb0",25,41802,4056,60,469,1
"0wMJ4Zi8Azc",23,41801,0,0,52,2
"VQeI8hVCFek",22,41800,921,107,1605,3
"Y7XZpoNkwbs",24,41792,0,0,15,1
"a9RiC1edCUM",22,41751,875,15,69,1
"zh9hHTFX_aE",25,41747,2604,80,300,2
"cH5FJDj2D6k",22,41726,47,40,122,2
"YGDqUzEtnaU",22,41724,1402,16,163,1
"K89Qt7v63U8",15,41721,375,23,116,2
"7SM3EA1FlIM",29,41691,499,32,56,2
"6wp6DYV_qCw",25,41689,0,0,0,2
"dM1OnQdPsOo",20,41686,114,16,5,1
"US_abC2D-Bw",22,41670,2271,41,160,1
"BBjVjyXpFdg",25,41662,0,0,486,2
"oGj5-or4DtA",22,41637,203,21,421,1
"9X5qmpmEqhI",25,41632,375,140,98,1
"Hb1r0mMvALg",24,41604,27,23,46,2
"toJObhLZnSw",24,41603,318,16,159,2
"bPQlK3ElFpg",25,41597,2539,29,367,2
"c2X2MEK3_Ww",27,41590,1864,14,179,2
"ixPGrvjQdWY",24,41589,250,13,23,4
"wK3yj8B6izo",22,41587,584,4,21,2
"cYhSs_Y9hY4",24,41586,152,12,32,2
"VuoQ0BI7hmw",22,41580,410,85,70,1
"jIrkcoOBdy4",25,41562,472,27,69,2
"s8e9E3l4SKk",25,41558,2024,69,211,2
"zRcpUEnBTis",22,41553,74,9,15,2
"WpvJS_OLZdQ",25,41537,373,35,48,1
"AbavsrjPeMQ",25,41521,405,34,159,2
"kMbdM4HfC-Q",22,41519,91,14,49,2
"0XxqVedZuls",24,41482,678,49,0,1
"XNnsHdZoFwM",24,41482,4565,12,315,1
"YSadtNSWHOo",25,41480,404,91,124,2
"iCg2ex-uYcw",22,41472,3167,16,368,2
"sk62r2bEPXQ",24,41458,367,52,150,4
"T8qW1rK4FT8",25,41452,2313,30,154,1
"An7UePC0DCc",10,41435,295,9,25,3
"bXWLUhPcb1o",24,41416,190,8,38,2
"iPHEXwKyabE",24,41411,2661,133,493,2
"4CG7DkLvOns",22,41410,0,0,311,2
"f3tk4q5I-CE",26,41404,386,27,65,2
"yzwXnMd5We8",25,41399,503,49,90,1
"NlUp9l7RDxM",25,41387,393,35,228,3
"iqbSNrsK8CY",25,41380,92,3,9,2
"mA7Czg6Bdsw",25,41378,386,55,89,1
"EuRjL7Ls5O8",24,41368,760,33,320,2
"H1qu383PIvQ",25,41351,459,76,368,1
"5zCUayqMNAU",43,41345,190,21,143,2
"cLoHxHf2VD8",25,41344,471,55,36,2
"d7i5yWdj-eI",22,41339,2258,13,127,1
"4mVpVZXdKVQ",1,41319,158,5,17,1
"eo9QgnBn-Kg",1,41312,203,8,191,3
"MfNpbKRCOEw",24,41311,1298,62,121,1
"44Z45djQpxk",22,41297,0,0,66,1
"pkYlx-7BIo8",17,41296,138,18,11,2
"05E0OJHXlow",24,41296,145,4,13,2
"ZMSbf-xToV4",24,41292,605,11,169,1
"14avZePCJMI",22,41287,0,0,0,1
"fh5MuKHc_70",25,41276,87,33,112,2
"AQK4ftmUXvw",25,41267,547,49,352,1
"UR1_Tv6HcC8",10,41267,6410,48,700,2
"d4t9Gyl8OCA",25,41266,2393,180,298,2
"L1CndwvKE8w",22,41254,737,197,318,1
"8xDeoY8khzw",22,41248,840,2,60,1
"mDFyPo_5SKA",25,41234,2201,58,344,1
"S3Ih9xlP0bc",22,41232,2428,7,154,1
"bNq_iBDpGTY",23,41223,164,16,34,1
"EM8h-EmU_ZU",25,41205,2183,35,280,1
"xuOxR7ezDLU",22,41200,107,3,3,2
"3tX7YHjfurk",22,41200,1319,42,534,2
"IVJNE7rGbHE",15,41197,1399,4,790,2
"VHQWys_A2Oc",24,41196,104,5,8,3
"yQyb2V7QjJ4",17,41187,2161,10,457,2
"zxbrsOjzeJs",10,41180,385,8,59,2
"4-TdAu5eAgU",23,41180,0,0,57,1
"XLa_HuQ7cFU",25,41177,515,49,82,1
"MI0nxKUV8dQ",25,41169,48,8,42,1
"NevWIgH8xc4",25,41163,450,29,41,1
"yhPIzmItmLY",22,41156,1532,26,487,1
"FsAsZUghhx8",22,41115,615,7,38,3
"_i-gPTbkxFQ",22,41102,1185,5,95,2
"Jr3xr9CHMI0",25,41085,2398,85,116,1
"u3YdNtZuSs8",25,41074,531,80,147,5
"Cs-PK1YinOE",25,41069,2396,143,308,2
"Up2JOEt5gSQ",25,41064,345,28,22,2
"-9gG4STOac0",25,41041,2173,76,306,3
"I1Hhr_Arj1E",22,41033,2507,16,206,1
"6Zv5HD3H9y8",10,41020,1627,7,67,2
"1Xi-sLW-egk",1,40996,151,7,74,2
"VMMeaXKQ8js",24,40995,2705,166,626,1
"6-Pmw4atelg",10,40994,597,17,67,1
"5Pu8lYiuAKw",24,40985,1215,33,152,3
"d43MoHOSDyc",25,40982,1841,95,20,2
"j52IlAKbsH0",26,40977,784,35,86,1
"LprrdaruthY",22,40971,3249,37,470,1
"fN-wQkbn0EI",25,40964,2817,42,246,1
"sMLGx2Ejhww",22,40960,1291,20,39,2
"5bui0KNu1-g",24,40957,1555,54,166,2
"TJTDxRPD0kE",25,40956,2980,49,279,2
"Ic_nGV-cDrI",22,40938,141,6,38,3
"AI5l5I9Vklw",22,40925,557,5,120,1
"ktBPXhiRQTw",24,40922,318,6,47,1
"Be0sM3Z14Y8",25,40915,0,0,328,3
"F0KTOpuu7W8",27,40899,1300,20,1128,1
"F5YKi4I5148",25,40884,278,29,50,1
"zxz0r-64ujM",25,40878,138,69,76,1
"8esirVJTkPY",10,40874,262,5,27,2
"Giw_MBPr7hw",24,40859,2682,80,736,2
"9TzmlgCOlK4",22,40853,143,29,10,3
"6ZRifNMqj7g",22,40850,383,11,110,2
"WKRYnZHjykM",22,40835,1288,27,280,2
"PT6dvDh_VaU",27,40830,1382,41,77,3
"Ad31_yiRDsQ",10,40821,1077,18,163,3
"6D_j_-eCD2I",24,40821,385,50,107,3
"-8bb3khkOp4",25,40819,373,44,76,2
"bT2deRcjZA8",20,40818,439,14,916,1
"y36eu4OIehg",22,40811,123,15,19,2
"skaoBgs6Tfc",22,40772,33,25,0,2
"zuOdbs3SAfI",25,40750,2175,35,416,2
"fFbynDCpleM",25,40741,3361,95,659,2
"Psg7Wv7K1Yg",25,40738,534,5,108,3
"KYMtREtFMfg",22,40729,668,94,538,2
"vr_XmfQ3bWY",25,40724,71,25,89,3
"FpVyIRdMMT0",22,40718,238,37,46,1
"EvL5uN4ii5o",15,40705,124,39,17,1
"A_DlYXEMz2w",25,40687,542,42,142,2
"E0Elz69i-os",22,40665,213,12,68,1
"XJ0fAOczfg4",22,40657,234,16,85,1
"ys6ECWh9iF4",19,40657,264,17,41,4
"xvoERc6Etnc",20,40652,161,34,21,1
"sTKmONuAAO4",25,40630,0,0,498,1
"zkKO7O79ZF4",43,40619,68,14,28,4
"cOoiv0aftyA",20,40596,3197,22,6248,2
"gmwir9WzIdg",25,40594,0,0,0,1
"MnElHYGgegc",22,40592,580,40,69,1
"pLUZTR0KKbM",23,40572,1621,26,250,1
"dJ1STUd3sWc",25,40571,0,0,76,2
"IJC8KuF0Xrg",24,40569,943,14,564,2
"BFeRCM5tZ68",10,40567,6738,19,1048,2
"SxrpFZAiSHg",24,40552,302,7,58,3
"5J1Z5MKZ3zA",25,40538,2116,183,47,1
"hiwz9xEywyw",25,40537,222,64,0,2
"RpAzO6YOQ4o",20,40536,374,12,107,2
"RAKkbEqkSwg",24,40535,3058,22,169,1
"61ICCawHebo",10,40534,252,17,8,1
"9s1km6DzX-g",24,40529,0,0,265,1
"ioFl6gi7BrE",25,40525,1836,19,186,1
"r5WTbjsk4ps",25,40521,2038,154,141,3
"iSSaqIiFZcM",27,40515,1789,27,273,4
"sgxJLq1Q1NU",24,40493,189,26,194,5
"jsSpa0iP8cI",24,40469,1317,19,226,2
"s240vP5xCxo",24,40454,120,10,8,2
"1OE40JlkJFo",15,40446,1548,24,354,2
"txfw9r-oeoI",25,40444,4275,46,282,2
"XXk6JMlDbmc",25,40441,2098,46,245,2
"wUNuJuwuenw",24,40431,457,56,61,1
"iwsIsj9WVV0",10,40427,1482,10,170,2
"U3yHrTZOvPg",22,40410,1475,15,328,1
"eFQvZzdP2Tc",22,40399,27,68,12,1
"fimKl4uwdV4",25,40370,2915,25,422,1
"T-Qc9h1bYVI",25,40367,0,0,242,2
"_iyVop83P2Q",25,40367,1736,74,122,1
"2al2l3J5BK0",27,40327,2198,8,292,1
"mr68JruSBWk",25,40311,0,0,346,3
"hFIlpq6Wjto",25,40305,84,8,80,2
"J1E9TiTBGr4",20,40294,619,8,61,3
"koyP4fqMpSM",29,40293,306,31,41,3
"MY8xFYZnaN0",24,40286,2631,13,170,3
"Q-3oWoPbAac",24,40284,0,0,101,2
"MoGVos0GGrA",25,40280,2104,48,158,2
"lWvaxjyNNW8",24,40279,339,25,173,3
"QtFVfYH95P0",25,40274,0,0,546,1
"aMTUQ3caeMo",25,40261,571,23,93,1
"zwybvW-vn_U",1,40247,102,15,67,2
"r3-QVn--Frw",22,40238,158,4,15,1
"ujEjk1LrROg",22,40222,873,5,57,1
"H5DyYyifTTw",25,40210,393,38,34,2
"kmAXgBVQTSo",22,40206,2056,14,152,2
"oJ-ebp0Yn2c",22,40186,628,25,327,2
"ax3_Khm_qkI",25,40186,2029,11,165,2
"sSXOk8n7OEs",25,40177,2012,30,169,3
"46kYGeOzdXs",24,40177,310,12,83,2
"becfDJoR300",24,40176,2493,92,29,1
"E50EeAk35X0",23,40155,1190,11,63,1
"UctOfnRw8MA",25,40138,423,24,78,1
"WCLLLshGgiI",25,40120,0,0,766,3
"ZHQ-RAH5NWw",25,40111,1533,51,45,1
"vNbbQ5KTg04",15,40110,965,17,204,1
"r3r4a1Y6v9A",22,40090,883,17,194,2
"5fZ2uB55vYQ",25,40057,2989,53,401,4
"05dHWJZslCA",26,40057,1634,20,264,2
"N8ge5YKZUBg",25,40053,1640,61,98,2
"CEZzFZ_gyYI",24,40048,291,34,90,1
"X7HQflMtWt4",25,40047,3217,100,368,2
"o1y4alAatbM",25,40034,1309,40,229,1
"bXAv3Gi25bg",10,40031,530,21,33,2
"uuWLigCF6tE",25,39983,750,17,91,1
"wuw5mzyqsJI",25,39978,389,145,172,1
"4R1mAdASJKY",22,39969,1737,28,125,2
"2LsSK8A_NbM",25,39963,2906,89,487,1
"Vz6tSd2yroc",25,39961,3513,42,636,2
"HmCt4-HNRDY",25,39955,114,86,111,1
"Z99PZEdKNhc",25,39943,577,13,129,2
"ASyK8LEvOe8",22,39942,1387,3,20,2
"FgzFW2u5Qac",24,39940,122,4,13,1
"UKkZ9j7XrNY",25,39932,1153,74,341,3
"mnOXEYY_HUU",15,39928,546,16,40,2
"StJqmcitBfE",25,39918,2226,25,181,2
"ZrZSgjpzRFA",22,39909,2692,63,248,2
"3A3TymFoJps",22,39899,662,47,126,3
"fuv-CeAO0YA",25,39895,0,0,610,1
"DX6W_4qEV08",22,39892,2396,59,404,2
"ENKq5MrZgh8",15,39889,588,17,30,2
"gccwudEKfv8",25,39883,0,0,318,1
"99b9eWAHDao",25,39880,295,55,171,1
"zoHkf2YS-4k",24,39880,166,5,22,2
"pgbQguNHyr4",25,39864,1727,91,67,2
"f1AUWjBBVRU",25,39846,2261,68,284,2
"7qP5JV4RLcA",22,39830,1859,4,98,2
"XPFIwjTZv_k",25,39829,0,0,144,2
"4DcNXT7FhRA",24,39823,918,12,108,2
"KoGhY0d2kDw",23,39811,1019,42,528,2
"_PeeeEqqKVk",25,39797,161,53,111,3
"bSjxounTfg4",24,39783,1962,53,228,2
"vuBt3l23M_E",27,39743,3053,67,454,1
"icwvBZsS0hM",24,39737,81,27,2,2
"JrzQ8FchIR8",20,39708,1079,11,203,3
"AZ2UoDVkB30",25,39705,1937,25,129,2
"75XjwIWy2Os",1,39701,55,6,14,2
"t36WcABWuh0",24,39700,29,4,21,1
"EIwabgrDu7w",22,39685,167,1,26,2
"ppNn93kVxfU",27,39681,2425,24,212,3
"AdjpjTJrE1s",25,39664,197,48,150,1
"tnr4ZVEMqP4",25,39664,2166,94,47,2
"AGey47NS-Pc",24,39654,1945,25,118,1
"j3juAJQytVg",22,39652,1279,20,348,2
"AnWXPQR995I",24,39650,2703,124,594,1
"ONuE-4z0hXM",25,39631,2877,84,830,2
"ITxvl3TUHTY",23,39623,1117,9,80,2
"60pkzVDuM0A",25,39615,4026,90,264,1
"nx1vgI3MxUc",24,39611,114,14,26,1
"rqEmAt8Y8Gs",25,39604,676,9,60,2
"H4gJGfzrXio",22,39595,6835,11,706,3
"xPGvddMQIJY",25,39582,612,94,143,2
"oYlG0V4HNlI",22,39558,161,14,41,1
"MR3lkEUYmek",25,39552,526,26,75,1
"LcoLoUnI1B4",20,39534,346,26,241,5
"4f8t6o_5o-w",25,39533,5557,57,736,1
"sna8qrUr8Rw",26,39519,956,9,89,1
"ub4T-CaeOVg",43,39518,505,93,331,1
"kdZ5Zm6e1aw",22,39502,1085,15,108,2
"SNVK9IkYdog",24,39487,117,31,37,2
"48WFFMG6Zf0",22,39471,409,25,52,1
"2Rb95tGI1Cg",22,39471,55,26,14,2
"j6TPoqUcgtY",25,39468,757,20,160,1
"SeJVtqjiuoM",25,39466,249,37,90,3
"PFoQw2uqaaI",24,39461,0,0,77,1
"U97T4Xm3pjU",25,39460,2359,86,190,2
"Dr70HpLW7jA",27,39456,130,22,11,2
"GqXvYUpJPRQ",23,39452,0,0,91,2
"NLp7er8poSM",25,39451,1389,31,156,1
"OPSVZKsf4P4",22,39443,867,9,51,1
"6cGDlvuDC-o",25,39435,3013,44,232,2
"tXZDDDqCB1I",25,39434,198,33,129,2
"bTZyYlCRS_I",24,39414,223,3,1,1
"nCNT0rm8Vnw",23,39401,88,14,34,1
"yE4cYBgn4Yg",20,39369,423,12,345,2
"qrSMs1m2pLo",24,39353,99,8,0,2
"o2p5fbiy3H0",20,39345,176,17,21,2
"8nTQBPuw8so",22,39323,1290,26,237,2
"x0jv7t73AfQ",1,39277,319,2,60,2
"f2mJUeLGxB8",22,39277,716,59,259,3
"0O-KLpTYmgg",25,39268,3472,61,979,1
"rfYO3Y6bggk",25,39252,266,23,187,1
"KzbxcI0Fr7k",25,39239,205,30,55,2
"mBuQFT_H4fg",22,39217,214,9,45,1
"_cYPL2kh81g",43,39214,43,22,75,3
"X_izvLog9Tw",25,39175,1772,70,443,2
"uy-0w0FLwNo",25,39156,2159,77,52,1
"IEaa01bx-vE",24,39150,82,27,27,2
"kxc9L9OkGzg",24,39149,578,10,39,2
"Tjie9cszr4E",23,39143,532,28,98,1
"dBc_n_3yKC4",24,39142,938,16,561,1
"GwUEyYwlgrI",22,39141,0,0,3,2
"uK6AbtH2QJQ",22,39134,1386,4,143,1
"b2uLgIz4Cg0",22,39115,197,18,67,2
"gF_6WzttHVI",25,39113,2663,50,525,2
"Whh42Ahb3Ak",22,39098,1146,22,260,2
"qXoiVChrYd8",25,39077,124,24,21,1
"hsRZfpC8v2M",29,39068,335,28,54,4
"oAGy1VUYMJI",23,39067,0,0,77,1
"MReIkkcSh-g",25,39053,2016,36,261,1
"19y-YsrATII",25,39051,1413,22,143,2
"BxNGJ6xyczM",22,39045,187,22,50,1
"hzQVi6nu0RI",24,39032,557,8,21,2
"oX0l9OyhR-E",10,39028,2077,8,319,2
"fWv2f9tLX40",24,39025,0,0,4,1
"MRHpc5Aa7Ng",24,39023,116,7,12,1
"UY76-LH-3eQ",24,39023,355,10,41,1
"TNuq5mAHaYA",25,39021,293,28,80,1
"sjmtaTl01dE",25,39002,2267,92,45,1
"iTi7-zT9mAE",25,38988,2875,33,194,3
"ikGkSD2L_Mc",22,38982,1936,53,296,1
"OWtIb1KYP28",22,38972,122,5,27,3
"siIYWuxEENI",25,38968,51,8,50,2
"zrTa0-grq6o",24,38939,43,58,40,1
"6-m-gLPqxMU",22,38932,23,24,132,1
"mnB3oSAPLRA",25,38932,209,13,56,1
"yyA8vbjG_EI",24,38917,76,17,15,5
"iAY-uVCxjaA",24,38910,2872,102,612,2
"cynJAuU9WDY",22,38907,706,4,59,2
"gJETQ00R4N4",10,38907,6344,11,456,1
"nm18zPbr340",24,38895,2673,54,502,2
"XslF0O2zGi8",24,38881,0,0,344,2
"RWLEXChBcbc",25,38874,224,27,24,1
"Bh0DIW8FSW4",22,38874,1075,9,107,1
"_faI5M_LGM8",15,38873,1883,13,486,1
"wGtplUY7gcU",22,38858,1130,15,199,2
"tGCmWLJaWGo",25,38854,0,0,654,1
"JUyvHVJNgYo",24,38835,3001,38,382,2
"LQzHgZ4EYgI",24,38830,1418,27,355,3
"JLpf_T_hIvs",24,38815,443,12,57,1
"7YswYKnh5s0",25,38814,2396,15,151,1
"B9OP1-hDyxE",22,38796,642,5,130,2
"D-f4lfaQP5M",25,38785,461,35,123,1
"PtJptIipg_8",22,38779,2279,22,327,3
"ZpnRy9UFSRs",23,38779,286,15,51,1
"pRHLW0ZUZys",25,38770,1892,83,115,2
"gjUSs3Jd4hM",22,38763,1150,21,252,2
"o5b83msgyo4",1,38743,132,19,155,1
"sFRaar7KNHg",22,38742,1729,9,127,2
"YbdrbdnI3d0",20,38738,1568,9,568,2
"0rBcqeg7K7E",1,38722,513,28,78,3
"tQ_PuBgYHfA",24,38719,133,18,37,1
"aOIZratYRVQ",1,38700,161,7,180,1
"3REl8OccQEQ",25,38692,2771,68,208,2
"lim1fSWkyVM",22,38685,562,33,170,2
"UWZEUsF-dqY",24,38678,167,4,19,2
"mk7uWhaAduQ",22,38653,727,14,122,2
"FJ7gRsTV8qg",25,38635,2744,30,254,2
"yv2uCk-DAQU",25,38621,438,54,202,1
"O8IrMSzVrfM",22,38616,202,1,0,2
"tr8EHe_sDN8",26,38616,167,25,15,2
"xfntmN7feE0",25,38615,490,53,185,1
"ST6u_flw9Ss",25,38609,116,1,15,3
"CxOJo7WAzkk",20,38609,823,21,1355,1
"MnlS6ZM11GU",24,38603,42,10,30,1
"QUPCCs344tM",22,38603,662,39,118,1
"e4oiMBLrKnk",24,38601,473,5,23,2
"uxljPUUBB2I",24,38600,2455,216,182,2
"f3vFZteYXu8",1,38596,590,8,125,2
"3tUIUjXQh1c",23,38592,305,19,149,2
"weH24JVH4E0",24,38582,371,2,60,2
"6_aQ9SEe0y0",23,38581,0,0,147,1
"ulXvohdLK_E",25,38581,2557,23,165,2
"jblTvIFzNOU",20,38579,573,14,159,1
"F3Aga6cGHoo",25,38579,0,0,472,3
"NGtv-W1mkMo",25,38578,1802,92,86,1
"TX8TzxDp1Ps",24,38572,2188,200,188,1
"9QcNSIwkAro",25,38560,88,9,82,1
"vIc1TR3Elds",25,38554,536,56,202,3
"F8AQCsmTsVo",25,38546,1745,70,29,4
"sNxR1TZtuBk",25,38528,1678,50,220,2
"v7yDxUCcZNg",1,38527,584,14,609,1
"-2y_bno5w0Y",25,38524,4141,73,634,1
"MJUFTC7XGlI",25,38510,1737,29,153,2
"O-AHWDy_S3I",43,38491,56,20,45,4
"6yeCYcVOWqI",10,38487,379,15,51,1
"dk-xMlpqizs",22,38469,2619,30,198,2
"SJgggDfb5JE",24,38468,923,29,346,1
"QZ0vbvKXh5w",25,38462,1895,68,44,1
"uxnivACT_JI",25,38442,2268,86,106,2
"lhiaHBrLrjw",22,38438,35,21,0,2
"Edl-s480eeQ",25,38435,2372,69,331,1
"tynMIbjvmWk",25,38426,1740,58,188,3
"ZseuqAKFnNA",22,38423,22,17,46,2
"VkFFfPKAgRo",25,38416,2728,29,207,1
"qMJF0Yaghxg",25,38414,1753,19,134,2
"DmEtw1O_S_I",25,38405,2058,58,130,1
"TYsz-vvEu4c",25,38391,1825,51,258,1
"Tx0F_GyLr7w",25,38389,0,0,300,1
"PiUs9P5y7Ts",25,38352,3387,51,175,2
"5pxNaw-tgso",22,38351,930,15,347,2
"OmeBQhhxXig",24,38350,2137,119,58,1
"lEur_7_RDqs",22,38326,344,42,125,1
"pvNPcW73OCA",22,38316,437,37,3,2
"OXIbFno_VVA",22,38312,1499,69,232,2
"uyXw32UbTf8",25,38303,0,0,534,1
"Ndl8JYpGJ4Q",1,38297,141,6,10,1
"gYKEOItwcao",25,38295,387,25,108,1
"MFnxEGESnY8",22,38291,954,12,95,2
"2b3C5WDh0ys",22,38287,103,8,24,1
"rVfn4FLfXzQ",20,38287,728,5,131,1
"uJLvDNGJI_U",22,38281,125,24,53,2
"EulZ6uAKgYw",22,38281,0,0,62,3
"y60ZxeWdOPE",24,38276,1180,35,128,2
"2Bhww-vkrq0",22,38275,181,98,380,3
"wyhpYcebEg4",22,38267,470,38,57,1
"aimgTRfbikE",25,38255,418,26,213,2
"bq0SOTHfl8g",25,38236,2123,73,161,1
"EXNEHq890s8",22,38217,673,5,17,2
"5YNjG2kyP24",23,38216,122,17,48,3
"IDRQ4Kgm9Kg",43,38197,72,11,76,2
"4XPck0OyMtI",24,38197,510,3,219,2
"Fv2q4F4b_AY",22,38197,9461,8,814,1
"5eugE7-kTRw",25,38194,2014,24,109,1
"LJfAQ7Eh1BA",1,38182,193,2,10,2
"fDVvvaOmuwE",25,38181,892,32,245,1
"soRJt4EdFjo",26,38180,105,22,0,2
"qF4Qub6CpO8",23,38167,902,6,57,2
"SghgTvDcgg4",25,38166,2151,102,276,2
"kFXVkvO3vuk",15,38155,699,11,311,2
"BcPQOlk5pLY",25,38150,137,75,126,2
"O6NzRo1qJYE",43,38147,66,5,21,3
"bu-NcxGmqKw",25,38144,3179,25,427,2
"UTZcWjbjdYY",1,38139,212,10,127,2
"ZIlcjAZKhDs",29,38126,313,24,22,2
"xu4qnV5v6SE",24,38115,341,33,96,2
"50284cxJ1Bs",25,38113,178,45,134,2
"nYJWzkIrThc",1,38107,531,36,618,2
"AUFMdSbzgrw",17,38088,294,16,59,1
"ko8M06YumSw",1,38077,1836,7,189,2
"xyW_OoRywaU",25,38071,1496,48,304,2
"I6rMuK-iL_0",25,38063,804,18,231,3
"7kp9EicNRFM",10,38059,36,8,2,2
"h_v-m9Dv790",10,38046,1195,14,89,2
"onmJUURbybU",19,38040,317,9,43,3
"EoJDpt0Olf0",24,38039,181,22,22,1
"vVOzhNyWMLk",26,38038,855,49,187,1
"vDLCTttVZKE",1,37995,531,46,509,1
"9YRXfFINV3o",22,37993,340,5,191,1
"uCDKVDIUtJU",24,37991,2005,51,341,2
"VoIGx1VdPjQ",25,37974,169,13,330,1
"QfNfN0MV2h0",25,37948,1770,92,43,1
"0EI_ELnxPMI",22,37946,1082,6,48,2
"IAvT25AwTek",22,37945,69,11,53,3
"uxjRyrtcwQo",23,37934,332,21,87,1
"vrSQJlU43SI",25,37925,261,15,90,1
"fHu24itapqc",22,37915,318,82,685,1
"8QkKjwicUjw",25,37912,606,63,58,3
"2R1V6WA0Tdw",25,37880,948,13,82,2
"_H6mavo8--8",25,37872,1327,21,99,1
"CpDy3l3GoAA",24,37870,2695,110,448,1
"d9ccMKDkyzI",24,37866,35,78,39,1
"2jg76GHqIys",22,37865,349,12,18,2
"iUt1IH6w8sU",23,37864,2414,7,135,2
"sXunBBOu3gI",25,37857,3146,26,283,1
"9ByTUyCPT0Y",24,37854,137,4,2,1
"O3vv-KoKCLA",24,37848,121,75,30,1
"UEOa88OwfqU",24,37840,511,6,23,2
"mZF9mmPNqYk",25,37839,2427,35,301,1
"A4QDrFWnvYg",25,37819,1688,130,17,2
"F4Nd9blQSWs",25,37804,2978,24,391,1
"XZ5LKsm5ar4",17,37792,82,20,415,1
"evZ3LuMXPCc",24,37778,2785,39,255,1
"eE2VN0DWA3k",25,37774,496,43,42,2
"PorOZC5zw_o",25,37741,1648,70,58,2
"8uGFeOhkdVs",24,37740,2314,8,127,2
"KKxVHddahDg",24,37701,91,187,186,1
"fsfIt_6DxyM",24,37696,35,11,35,1
"KiTtI_N2bG0",24,37696,1977,19,92,1
"sVopOv-G5WM",25,37666,997,132,428,1
"mExTx8LhoIU",24,37654,139,3,0,1
"C0PGcP4Jt20",25,37646,1736,698,1066,3
"wrsqTcrXYco",23,37638,522,46,224,2
"5VhymSodfvM",1,37622,267,11,99,2
"256WXPEOk5g",25,37620,2515,126,52,1
"AkkqjVGAIEg",20,37620,668,29,162,1
"TZwAizDO4Dc",22,37611,584,8,26,1
"EMmQ1CzmAM8",25,37597,311,73,76,1
"uvy15S66aWU",20,37590,899,23,2265,1
"PVhthZ0uKHQ",25,37589,2342,51,278,2
"hYKj2Txqumw",22,37589,2316,8,142,2
"XhnB17j0NH0",22,37581,2447,18,257,1
"mWeztpFGMu4",24,37581,708,35,201,1
"jeSmxPRDmjg",24,37573,655,30,231,2
"pGd4UT3vf2g",24,37573,2299,42,302,2
"_fxQdTJa8yU",22,37565,1232,24,129,2
"zttSA8pWUvE",22,37558,332,2,7,2
"N0nOEPexkbA",25,37531,2384,66,97,2
"gV2RRxVD9_Y",25,37529,1572,148,540,1
"akVUrAS-g_Y",25,37513,2183,28,308,1
"L00QOORHRmQ",25,37507,403,77,389,1
"VRFKtFQ2pxg",22,37503,1202,28,290,2
"PhtH4uEM2Dg",25,37494,385,30,37,1
"Wm5mNPKQFBk",27,37489,1648,405,608,3
"ACHmlijAqds",1,37486,325,6,53,1
"AL1h3V_YnK0",22,37486,1437,15,100,1
"ydolY0cqzMs",22,37480,1280,3,39,3
"4Zax9pSGuwc",25,37478,238,120,325,2
"rJXryg1DhK8",22,37471,1585,30,158,2
"gn6X6bOaAi4",20,37459,791,9,693,1
"F9EMpO-x5W8",25,37429,306,32,147,1
"4Bbs8sOq6_w",25,37427,1908,28,254,1
"No7Vd0uiwEU",22,37421,63,29,46,2
"Lp0UxpaH-Ko",1,37417,531,20,752,1
"0M7qgVtAiAc",10,37347,876,3,82,1
"wjFnSHSiq7E",25,37342,2106,26,340,3
"HmeUT01ZAio",20,37342,634,30,246,1
"Z-abjeRFPBQ",24,37319,128,8,57,3
"OJiibah9UkU",29,37302,993,29,76,2
"nv3rcwenMCo",22,37299,1402,3,68,1
"xnDh90_VxxI",25,37285,1997,32,195,2
"AKGnOcWaF6I",24,37282,2314,35,231,1
"Vom7hvWXP-0",25,37280,1393,58,137,2
"QlpkBpEatBU",25,37209,1653,77,63,2
"GU6TjZHqlJE",17,37208,38,2,17,2
"QKPswL_j_0U",25,37200,365,28,29,1
"Z7KVnlIn-Gs",24,37188,205,41,113,1
"dPABU_UvFRs",25,37150,428,39,99,2
"6WTr0MFSaJA",22,37145,1990,18,229,2
"RF4wSArLMHs",22,37128,1002,17,50,1
"i1w4n6ooMwo",25,37103,2390,158,414,1
"sxXkziqmtC8",22,37090,152,20,196,2
"XT1Pv82QDMk",25,37089,459,38,49,1
"qdQKa1WNORk",25,37084,906,13,142,1
"_5suGLSqMXg",25,37056,2121,74,27,1
"PLhTI9-oOoc",24,37056,443,33,98,1
"D5yWt8ZxYDM",25,37052,2080,10,352,3
"0wuVk7t2ynE",24,37034,338,12,154,3
"FN3HRagggL0",22,36995,375,19,98,2
"PXcTPxHd018",24,36988,114,27,125,2
"s5rzuiyHhvU",28,36988,602,15,78,3
"pqMZycDmvp8",25,36976,156,4,128,2
"OJMMn_8J--s",24,36973,2027,1,82,2
"l71aLv7pB9s",25,36969,1737,311,583,1
"J6pTZ0f2PKk",1,36959,204,2,76,1
"X7uMCZ6xPCk",25,36958,3316,14,291,2
"wpYcbbxNkng",25,36951,248,33,95,2
"PLuh3KezLTA",24,36950,958,29,703,1
"yK37W_qpm6w",22,36920,228,11,13,3
"YVi0w7A1i_M",22,36917,23,30,67,1
"MoKpleUs-_4",25,36906,9,0,1,2
"9cFRpjDg1Gg",25,36890,421,49,50,1
"aBT65MwhLsY",24,36890,27,34,39,2
"f_hcDXOg-DQ",25,36889,0,0,470,1
"FJJDr3S2syo",25,36886,2393,101,234,2
"8Ib-OKZYJBs",25,36885,2088,20,191,2
"6prkGkPnKoU",25,36885,2163,167,101,4
"ivXO1TqLYEo",25,36884,2819,93,910,3
"2BJo6g0wtkg",22,36883,55,9,26,2
"j6s-Kno-OwM",22,36877,1053,8,95,1
"dSArnckhJpQ",22,36848,1226,25,104,2
"QcO-dATIRVk",10,36843,699,6,29,3
"fcDUI2FJMt0",22,36818,942,9,32,3
"H_doMOsXsYs",22,36808,444,32,51,1
"oVliBr9zZvM",22,36801,0,0,7,1
"EYI3H5UliRQ",22,36794,278,0,17,1
"O0MdULWHygg",22,36767,249,26,47,3
"tkfX0XpYhwo",24,36760,2227,289,189,1
"PCc6c8AjUXw",24,36756,317,13,44,1
"IJtOFyXxRpU",1,36744,141,5,109,3
"su_l6_CjD-0",25,36736,253,42,116,2
"ITS7QPI1Z88",22,36735,2363,27,512,1
"EISpHtcwz1g",23,36728,263,24,80,1
"9lK1OM8ksMg",25,36722,1926,25,108,3
"JBn0Hk3dOCE",22,36689,842,5,71,1
"l-gPxSM2ORI",26,36681,1103,14,143,2
"ThKaQKUOn3g",25,36678,1696,67,50,3
"phkVuRYsGKs",26,36660,1350,19,236,1
"g-OxVBJ7Q_s",24,36658,64,31,55,2
"r0oTMsXq1dE",22,36638,0,0,0,1
"YiFPq-PM02Y",25,36623,401,17,71,2
"Nll1J3-I8SU",23,36599,499,17,107,1
"5b6UgLYKBPA",24,36591,124,3,6,1
"uFHGRik9s4U",25,36580,205,46,28,1
"GIhyTpjmDoY",25,36574,433,40,30,1
"ampqJArH_eE",26,36568,1451,6,270,2
"mO04rQuWgUQ",24,36556,65,14,18,2
"O-x2Hw60BhI",25,36516,2902,83,484,1
"Lg1J3lEu6YE",22,36499,259,5,34,2
"Q5MxE7-7Bx0",24,36493,105,6,12,1
"ioTkY3hQWCE",24,36481,1156,24,622,2
"RKdkpgkbibY",1,36479,29,10,0,2
"a-PCTZPMDFw",29,36473,343,23,91,3
"mx1kuHBlL0s",2,36470,236,74,790,1
"6oPMZH0YNz0",25,36461,2248,26,282,1
"L80x7Imnijo",24,36458,2203,47,214,2
"QuzaEmWsDyM",22,36446,127,7,30,2
"FoaST8TzgY0",24,36445,623,7,38,2
"bdx-MQfCbqs",15,36439,358,18,114,2
"E6i98uY0VfE",22,36435,699,3,43,2
"pMfIIVQjY_I",20,36429,850,10,384,3
"XZwy9J6blJg",25,36428,1561,82,81,1
"0QjwqXqnU_8",17,36407,179,19,459,3
"naUN-d5igeo",23,36406,333,4,34,2
"mX_74hgBL00",20,36404,129,20,102,3
"3LWyvA_pD00",24,36401,1407,47,182,2
"xnoggsvFIzA",22,36400,889,4,48,2
"vwS4a9dxsdE",20,36399,131,22,20,1
"UMig0AH9xyA",22,36386,3410,6,229,3
"w1ZSzaPqHsY",22,36386,1130,22,243,2
"90KTTF3TkCo",25,36380,0,0,338,1
"CtyQPqQM3iw",24,36368,2161,35,256,1
"7icNiGbAPFo",24,36347,0,0,247,1
"y2c3CuoMTK4",25,36341,222,27,28,2
"aarzZVt3hTk",10,36320,1054,23,107,1
"hpVzLBJBp9w",22,36319,883,16,78,2
"umwtxlwnELo",22,36314,0,0,264,3
"8cqf0PN8MqA",24,36311,517,25,195,3
"fEgvf2lFIp8",22,36309,129,4,21,1
"NzC1ELKg7ec",24,36301,186,15,26,1
"LpISQ32NJps",24,36266,2377,147,41,1
"Z3rFYkEvTR0",22,36261,1463,7,69,1
"gY4yLahw9iw",22,36260,938,8,38,1
"DvTXxjjT6vs",25,36259,385,21,54,2
"8M1vAUCUPEc",25,36246,0,0,538,1
"XbNhBZx9kIM",24,36236,78,21,60,3
"pza1BimSHfI",10,36225,0,0,19,1
"pjGXQnqbBfE",22,36210,2103,29,237,1
"tj0U3jls0X4",25,36207,0,0,422,1
"VE5-lgLiuhI",22,36203,109,5,11,2
"Q_KbwBpWKoY",22,36193,19,18,0,2
"CRO8quFLpUU",24,36181,1859,220,589,4
"7cVgopG4NYg",22,36146,528,3,63,3
"2w5LYMDRPc8",24,36145,72,4,5,1
"8z6gL1L6JDk",25,36143,0,0,451,2
"Zo5UG3cN8yM",25,36125,2041,96,51,1
"_NYEsoI_a5A",25,36112,1910,79,118,1
"VtJb3mrGOrI",29,36109,340,34,37,3
"FF1YFn7IgWc",25,36105,1847,340,444,1
"pQcu4Zl_2Pw",10,36104,1727,9,42,2
"1wSPgFRe7qw",24,36098,65,29,16,1
"UcokFVVb-Jk",25,36089,361,20,0,2
"RxpX_M4sGqk",24,36088,630,7,51,3
"2bvFE9ThwOM",25,36079,148,82,349,2
"BkYkXs-J7cM",25,36068,58,55,15,2
"AlCS1GikYpE",22,36063,1176,5,16,2
"1ofyzr9lFN8",24,36053,60,24,5,1
"muyC2rI5wV4",22,36052,1734,4,77,2
"CnMktS6hDoE",24,36045,216,8,30,2
"z88X5Z8FiiA",24,36018,1129,140,479,1
"ANBJVhjX0cQ",24,36007,168,6,12,3
"e7aPxvD3Uao",22,36004,0,0,61,2
"zgqsbzK6cZk",22,35994,268,21,20,1
"u9J4fgXPn7E",22,35992,2049,3,142,1
"fLrdZWkWi9c",29,35988,1317,47,437,1
"YCkE6RuGGmY",24,35969,2579,95,407,1
"A9Lt1zxQ6eQ",25,35967,372,26,23,2
"Hwg1hW2y6C0",25,35958,159,37,232,2
"nnaeWtBc5z8",24,35955,419,26,382,3
"SPf5Aip45P0",25,35951,1341,26,256,1
"O8OphV_owOM",25,35951,2253,41,391,2
"RMeLBULyKIc",22,35949,237,18,37,2
"GgrCGrOpfgM",25,35933,0,0,438,1
"Th0F0wbJAkw",22,35928,183,16,9,3
"rdwXiIkhZAg",1,35911,1470,21,555,2
"VB0PZSQAjuM",25,35902,2284,66,240,1
"460-Lb15Z_M",22,35899,737,24,273,1
"WF-NTyRrSic",24,35894,150,13,82,4
"0QIhcCWB3rs",25,35863,2415,34,222,2
"nSHPYwLde00",25,35860,1103,39,92,1
"6HjcWNrHb8k",25,35860,420,50,51,1
"d3jkwErF1_o",25,35859,1837,73,102,1
"aT4t-eW5WCc",25,35842,99,13,102,2
"dSMg2IHLCbE",24,35827,71,19,17,1
"mP5rE9Aqti8",25,35822,2273,88,622,2
"E21PHK8vgbQ",17,35819,391,12,9,2
"ZN7nj1GD9Yo",22,35805,152,3,35,2
"87jfw2zuBkk",24,35789,0,0,886,2
"KNSV24HQMAA",10,35778,330,2,76,2
"mgMKRTJi4UA",25,35759,1904,25,240,1
"tN6p9rqQS3A",25,35757,102,36,127,5
"Rs5y6XugrQQ",24,35744,117,9,2,1
"T-QAhr4emlM",22,35732,1329,15,52,2
"gB4rfmlWQqY",22,35723,2503,3,156,2
"FuOm4aK13aw",23,35718,49,5,32,3
"_D5MtXtLN0M",25,35717,1592,48,231,2
"Mb_etB_M_0s",25,35697,2576,29,173,2
"K7Ezbm2gMS8",25,35692,1684,49,88,1
"jQo1hV0EP3Y",23,35628,1360,50,1253,1
"AeyLBNrm3Ng",24,35622,93,80,74,2
"69fBLqpJlDo",24,35622,963,22,251,2
"to4LE2nERXo",22,35607,2527,65,131,2
"3WkkjxvQ37c",23,35603,184,5,31,1
"yavZLap5WEU",24,35570,48,54,7,1
"bgg6aH6qCt0",1,35566,273,7,59,2
"z4gShH5k69A",24,35549,2664,12,591,2
"7sZC4bGVkw8",24,35540,1658,8,81,1
"YmjIcaDgSNM",25,35526,1597,41,38,2
"UnVesCxDPEY",24,35520,1978,197,58,2
"4zDS6rCrbmE",24,35518,1914,132,67,3
"9_X3443LLn4",24,35517,168,8,138,2
"DUcrPCFN7Xw",22,35502,352,9,36,1
"iqPcnejRuQQ",25,35499,1548,86,85,4
"KpvJXMWA14Q",25,35495,1133,101,205,3
"7s66LaNShfU",25,35471,1993,101,81,1
"X3aLv6N5pCE",25,35470,4227,57,333,1
"1SZaaF5JGbY",25,35460,1648,89,66,1
"WQSO4xPIeLY",24,35447,185,4,3,1
"pEf62n02KMo",25,35445,316,37,45,2
"KJZKTabL5nc",10,35442,5069,7,284,1
"Z337CXTnxXg",25,35440,505,65,42,1
"u72QzOXTL7g",29,35438,293,22,21,2
"QHhmPwmBmPk",25,35415,0,0,182,2
"BTzlxTpTjTw",22,35405,151,2,55,2
"yHxR-MKpjQ4",25,35384,2450,31,202,3
"w0Yw_n7qFPg",24,35368,2066,237,175,2
"co3b1nYVeuI",25,35363,322,21,18,2
"rRNQCuCPWwM",10,35362,5943,26,903,2
"pXdnGWtBoGI",24,35326,76,4,19,1
"3qs2amkPXJo",24,35323,2024,114,45,1
"hgDo8KNBEmc",25,35315,396,45,131,1
"BKTyVs-6y90",10,35315,0,0,469,1
"dRMuDqHp9dI",25,35313,2362,31,331,2
"t1XI7HLj6L0",25,35313,1641,25,172,2
"Jt7BdsHUrXY",1,35312,185,9,52,1
"xlHwEWcw5hA",23,35302,513,14,25,2
"sinvg8mPeFU",22,35295,165,16,139,3
"EvUHNApJFaY",17,35294,365,7,131,1
"_1jeQVxIWwE",25,35283,339,7,28,1
"lgf3TZUonWI",24,35265,814,7,73,1
"LFqoP_jFKY4",25,35249,3069,49,345,1
"mfVpeqwgWKQ",25,35230,2292,88,64,2
"zIckxq1hmr8",25,35222,1819,66,75,2
"yfOvxc1Oyq0",22,35216,0,0,1340,2
"pS91V1p2ufo",22,35201,652,25,203,1
"ntRRmPxjuGk",24,35199,1223,5,60,1
"AD9NmoVFPTQ",22,35177,22,59,51,2
"jVVx-HVT33M",22,35162,162,15,248,2
"RORn7rBUOvc",25,35161,2374,63,341,2
"vtJzU9psGvI",24,35158,154,25,110,2
"Jh3_7Co4iBA",22,35147,1386,4,116,2
"XCOy7Ptdaoc",24,35138,37,20,26,1
"BsiqbycziE4",24,35137,359,6,49,2
"MwnhGnyJxfU",22,35121,1704,12,96,2
"1MZm2xKmi44",25,35104,42,12,30,2
"Vw0Irsu0vQY",20,35103,2122,48,2072,2
"6oC7U7At25s",1,35103,586,12,146,2
"wDaFE-fr_D0",25,35099,2201,20,247,2
"3cAz_xShGo4",25,35065,2375,32,217,1
"9mMSbu1wpR4",24,35053,400,6,38,1
"y6Qx53KbYEE",29,35046,444,26,42,1
"eENlTF7oKSY",25,35044,2003,68,83,2
"9jQ5uo-Muf8",24,35043,285,8,36,1
"OWqCnvpxzPs",25,35030,0,0,642,2
"a6tlXajSoKA",1,35030,356,6,281,1
"lud4Ru0nFzI",22,35029,2091,4,100,3
"H1rmXeRcL0U",20,35020,548,9,105,1
"ecOLxyaPKk8",25,35018,1705,88,33,2
"nNIqOkBrnRU",24,35006,734,40,580,2
"hX390idP7RE",22,35005,587,13,18,3
"02Yqp_huBnk",22,34997,86,14,3,1
"qL9gxqpz4OU",23,34992,0,0,51,1
"DsfjooCCSKc",25,34988,2240,61,264,2
"Pb3rRwjFp-c",25,34971,1395,25,137,1
"crW_w1xdC5Q",10,34971,7025,5,369,2
"tg-672KwVL4",23,34969,731,44,319,1
"WDBs5Y-Sqbk",22,34967,611,64,108,1
"FKjiHfNjJLU",24,34956,1059,26,145,2
"kNsVCtSUlAQ",24,34942,344,10,255,2
"NztvCXZ5PSI",22,34939,1942,21,297,1
"hbiTbaNC0Pw",25,34935,2214,24,265,2
"wtkB1-Nlg98",25,34920,0,0,383,2
"3XivZt_B7qA",25,34917,148,103,41,2
"U5YIUk5GaU4",25,34901,2413,124,407,1
"i7SI2iMLezU",24,34893,373,7,63,2
"pTMlo5YZqPo",22,34881,1291,6,31,2
"jH9TsRGlTN0",24,34855,33,30,33,2
"zgEnlwwnMaE",25,34855,2065,31,421,1
"11nyZSZ7jdU",24,34845,191,33,22,2
"qVVfvAz_wrA",24,34834,237,3,59,1
"2AbBQZH5Xs4",26,34830,166,24,34,3
"YTS6SN9Sp0w",24,34826,705,27,106,1
"Z2HT7buPfy8",28,34817,499,187,207,2
"O-U_wSqcx4g",22,34808,1126,5,42,2
"r5MeZi8udBI",23,34802,133,111,110,2
"IUywruv3wEs",25,34799,1388,43,39,2
"KBiTvjRUXRs",22,34799,180,7,8,2
"nzPXQBV6XSk",24,34793,200,10,21,1
"UyD93eNJT1A",25,34785,209,73,197,2
"oGAOwm4RZNw",22,34781,205,36,38,2
"wOR-r49Qh6w",24,34779,555,5,94,1
"XFZ-bflcD5Y",22,34776,248,7,12,2
"X6jprS9k2Ws",24,34774,487,23,129,2
"DypVxzjqu00",25,34765,1561,101,352,2
"ehqohIaitXg",25,34760,312,374,115,1
"UrspzSRjXDY",17,34744,22,107,0,1
"0K1EXj3j7eA",22,34740,16,27,11,2
"incXJgM7YRE",25,34735,519,19,26,1
"6vCpfDq68oI",26,34727,1791,9,397,3
"i7ZVcLMlvBk",22,34724,1426,7,78,2
"JVGQX1al490",24,34713,494,45,131,2
"WbgG82i-fXY",24,34707,76,1,5,2
"k1eau18TBTM",25,34688,0,0,571,1
"fFSiPW4j_vk",25,34687,1484,233,361,3
"tD2c0X4T-tg",22,34673,1544,20,142,3
"-0SxwCD7Uc4",19,34665,654,42,187,1
"cGlQ-iWxK64",24,34662,251,31,56,2
"f-vlINAkSpA",25,34661,3000,55,571,1
"IkZDRIZSaLw",25,34657,1626,52,210,2
"OitDmp5CpvA",20,34644,301,23,386,2
"VW9IjBL_GJ4",24,34636,500,4,17,1
"_Qi0UMR3W50",25,34608,1388,19,58,1
"W8QYU1nqH7A",24,34601,1743,210,49,1
"dICckI-F_-4",22,34580,993,13,55,1
"1o4PAk3SIE0",25,34569,1637,53,36,3
"e_AMMA8ry-I",24,34568,552,27,125,2
"MRqRp7cKF6k",25,34566,102,7,17,1
"W1dIZl7pCEE",22,34558,2198,14,161,1
"5oKyffQAS18",22,34557,1253,8,69,3
"KkMrfb5FwmM",25,34540,1605,47,120,1
"_TKXiSRqLY8",25,34537,1989,108,47,1
"rX0KZYidhAI",22,34534,121,5,12,2
"EFghkLaQfVc",25,34521,1504,64,59,1
"ueXrept9PMY",24,34507,2571,47,48,2
"bYlmvwmQ3dg",10,34503,276,11,34,1
"rmhLRMhPyts",29,34497,775,23,479,1
"ZvMYSdSnBbM",25,34493,2335,127,332,1
"Em1LsmYqAnA",25,34474,2739,83,237,3
"2Fw8cgWfe6M",1,34469,259,6,87,2
"dwuB8nibFRo",25,34467,2131,60,148,1
"7cd-hoyoOTs",24,34442,1413,11,410,1
"1P5XK3DvJ6c",25,34427,395,30,60,1
"OOWXvFSNMCo",25,34418,441,32,70,1
"1mJuNx3lqkQ",22,34416,1669,14,245,3
"EXIQrDaiys0",24,34412,559,16,343,2
"1-0ab94Pcp4",25,34403,2919,34,464,1
"Y4WY2d1kWfw",25,34378,465,13,98,2
"lRTUF3c6nMI",24,34377,124,4,45,3
"_rl5grc_kS0",25,34344,331,22,17,2
"IhEqXSdRexM",15,34339,40,8,8,1
"HqCdbN3--kI",25,34326,2023,116,116,1
"yAuGNv_w_Wk",25,34322,1631,72,94,1
"diGpz3ZQQUk",22,34322,515,8,69,1
"hWH8q2WoeDI",25,34315,121,16,157,3
"Lj5mz7g1T9Q",24,34315,1683,37,141,2
"0gibDiw-BJA",25,34314,119,10,194,2
"TSNjq6QR_iY",24,34308,560,23,223,2
"kNVlIVceW_Y",24,34284,78,7,156,2
"OdNvhChDano",22,34283,193,10,104,1
"zdxY8410mb0",25,34282,3281,51,190,1
"OVSLVMl2huo",24,34279,2416,134,613,1
"n8szGh-3Ovo",25,34257,335,36,92,1
"VfUD7NnmeV4",25,34256,1857,67,24,2
"FKz7gawM4Lg",25,34240,1529,49,70,2
"Ap29L6XEBJ8",10,34219,315,46,64,1
"HyFafYsP2_4",22,34217,53,16,8,1
"FXioVW9UvOI",22,34215,204,22,20,1
"APxN-eG5dO0",20,34212,171,18,47,2
"7p7KQLj1B2c",22,34211,0,0,85,1
"kpkmlN5UYf8",20,34210,440,6,434,2
"7T0WZF0-zew",24,34209,26,5,48,1
"HWB7t3Ukl_E",22,34205,493,6,82,3
"PTGLnJ_bucA",25,34199,2164,20,221,2
"j-zjJAvFs9k",27,34196,780,3,42,2
"jn-miIlUkKo",25,34187,306,48,178,1
"iAcL41xkoLA",25,34183,662,47,265,2
"o4tayikOaxc",25,34166,379,32,38,1
"CdXS27Cuki0",22,34161,943,21,523,3
"vXl6eOytxvc",23,34148,182,25,37,2
"OFiVCPjcShQ",25,34136,1868,95,323,1
"7E5SkM9LwLk",22,34133,2263,9,165,2
"JOCO9tmZQnM",24,34130,42,39,6,1
"9kdshBydrRA",22,34130,814,3,44,2
"Xz70ftIcWOo",22,34129,143,20,107,1
"2j3IxlKl8gg",24,34126,2810,36,456,1
"Y27Rlp_cL-w",29,34107,1404,44,115,2
"kmwucE1OUgI",25,34101,137,9,141,2
"LrJN8ElLUkE",24,34098,533,5,59,1
"J9NqBClN7Mw",25,34098,2429,73,69,1
"eQCGS1VeZKc",24,34066,94,19,36,1
"7u26Oyla7N0",25,34053,547,31,88,1
"io5SgRB4ARk",15,34037,1489,6,316,2
"L4derrzJhnk",22,34033,306,1,33,2
"QIBLVoqa39g",24,34031,1487,90,96,2
"FlmiuTWLAYw",22,34028,1312,5,126,2
"XzFsfcmG0YI",24,34023,232,20,69,2
"F7X9yOPsrZY",25,34015,1682,79,27,2
"8Pp5DYPeeMA",25,34006,1708,85,104,1
"Gmz9Bzv4Xtk",1,34002,569,9,161,3
"JwL8-Kgo2nE",25,33999,1679,51,72,3
"II0BEAM9Lp8",15,33998,684,8,116,2
"IfOyKSRPOvA",24,33997,1095,39,671,1
"O2UO3W9QDL0",25,33994,0,0,0,1
"RML2E-lZIwA",24,33985,346,8,27,3
"r_0s7LK4fCU",25,33980,424,36,82,2
"AafQaNgiKbw",24,33974,330,66,169,2
"roF2gnnq9EQ",25,33970,358,44,131,1
"u-LTEWlnF7Q",25,33969,2190,52,243,3
"1oZ4mkj084Y",24,33957,3355,5,206,1
"daZxmOL_Ozg",22,33956,258,37,94,1
"RinUQzuh60s",10,33941,202,22,40,1
"TMr7PxYZ-aI",25,33936,0,0,65,2
"mM2-efjQlxU",22,33927,1557,0,118,3
"vcAJZQrzfCw",25,33910,340,18,43,2
"jvXy09Gj03Q",22,33900,292,5,77,2
"ZWrbJukN948",22,33892,1434,7,61,1
"TnekmpA4Hrg",22,33891,1196,7,94,1
"KBZWnVtVTCQ",24,33872,43,32,34,3
"dx_NzGr-TVk",22,33862,2095,26,134,2
"nuZ1bbMpLtA",22,33846,807,10,238,4
"awDt4eeOK_Y",25,33844,2048,27,253,1
"QoAGHvP4sWw",22,33832,1340,23,77,1
"1sVc3b0kyaQ",25,33821,3137,25,454,1
"tADdWsLVLrs",22,33811,431,12,166,3
"BQIOBQe1XXI",22,33811,1652,58,300,2
"v3MMlB-j2aY",25,33790,114,99,76,2
"Imh1a9dieyg",25,33787,293,18,72,2
"jos-tJ1MKiI",25,33763,40,211,493,2
"vEl7oxBwb-A",43,33756,162,14,58,1
"Yb7JhDlViIk",25,33742,0,0,228,2
"Ytqx3rB4kyw",22,33726,4823,10,173,1
"USBCU52SDvo",24,33724,188,6,2,1
"MXL5oydstx4",24,33719,111,25,1,1
"Xae4_Ed4TTE",25,33717,0,0,475,1
"HsMmkVmCn6Y",25,33713,4500,53,196,2
"NCBENHVApu4",22,33702,213,4,74,2
"fXrq51ccFuM",1,33698,2673,3,485,2
"qvob2_Gmd1c",22,33698,2295,15,204,2
"MjAZ2UzWR1E",20,33684,364,18,184,1
"CmoKZ2F10Vo",25,33681,2072,91,283,1
"0lM2bSastts",25,33669,1712,86,407,2
"_fRI6inK9r4",24,33664,267,45,344,1
"S54iq7CK0EY",1,33657,228,7,20,2
"8jjdew2ULh0",22,33649,214,28,250,3
"NPAWQIIwtXg",25,33647,1306,26,248,1
"yXprODThdxc",25,33644,212,41,83,3
"HQg82LChpBI",25,33635,0,0,543,1
"ux67ZGD3NJw",24,33634,416,14,16,3
"ELLJS0whsGo",22,33633,265,18,12,1
"KJD70VnkNPo",25,33625,1882,77,78,1
"Q0XcLgEf4Vs",27,33618,1978,143,391,2
"RQlaX5gQmMY",25,33617,478,53,135,2
"8Phse8k41hM",25,33613,236,28,35,2
"PuXdmdz9aPA",22,33611,22,11,8,1
"4KpbfFZoqgo",22,33594,0,0,0,1
"zSy_IWGGWLk",24,33589,53,7,15,2
"yTPP-0KoqbU",22,33588,1109,7,240,3
"zkAjWku0cLw",22,33585,1433,23,605,2
"_2oDx-y7lmo",25,33584,0,0,185,1
"mnZO7ip53FA",26,33572,68,45,2,1
"NQyuzB60S54",27,33554,542,20,103,1
"eaWfnrIrtSg",25,33549,574,181,515,2
"6cCxtr4bGsA",25,33540,1805,64,119,1
"pyCrrFkqBJ4",25,33530,0,0,402,2
"HaYQidQSHXs",22,33518,161,15,111,1
"Fdpd_g4XIfI",25,33497,349,11,50,2
"xJ6UKokAFEY",17,33495,195,2,62,1
"i_5LJRHqzkY",24,33455,72,42,46,2
"d2OPcP3hCVE",25,33446,0,0,373,1
"THLwTJRPRvI",24,33440,156,22,87,2
"oDu283AfJ28",25,33434,424,46,61,1
"vJcGX6G_niY",22,33426,1947,120,457,2
"XT51Wsvdg-E",25,33420,163,25,109,2
"ylFFk6lAOXQ",25,33401,1775,101,73,2
"RoByFIWcIO4",1,33394,87,5,7,1
"2DCAonQ0M4c",25,33378,1460,61,100,1
"UUUNKsA8mFo",24,33373,125,9,79,2
"gEwsSOUe__8",25,33365,2340,25,136,1
"2TMK9XtOQss",25,33359,1597,78,32,1
"CJwFQH1VaRM",15,33343,1729,7,174,1
"I-NajhAxODg",25,33332,190,33,13,2
"6qVXspMnT0I",22,33330,1202,9,204,2
"5dNrH1LKvgg",24,33326,0,0,21,1
"5BA-glPTdjc",24,33299,76,21,4,3
"XECgmAcMhWc",25,33285,2200,13,479,1
"9vjbAQQlBlk",24,33278,172,17,21,1
"LFaLU5gIBRw",24,33275,1179,3,56,2
"K9SLVzfX9fw",22,33271,937,25,382,2
"YDci4CF8Uo0",1,33263,499,2,53,2
"CDuEa5CAU8A",27,33261,565,39,59,3
"PLNk9ylBTcE",27,33257,878,28,87,1
"xubkN0mLKuY",27,33253,308,42,493,3
"WAvYbm8HkEg",22,33247,57,21,95,2
"5G42zE_toQo",10,33245,306,3,53,2
"BBDL7J0f0nc",25,33242,0,0,239,1
"8ySlfWcxbA4",26,33231,1594,5,99,2
"HbkiQ-m7mTs",24,33226,40,153,22,1
"H-_X3WnZlL8",25,33224,1666,75,27,1
"q5niqI2GCUQ",22,33222,487,525,557,2
"RC55IOXu8Ds",23,33218,386,22,142,1
"N_WBgzzdpAg",22,33207,64,40,62,3
"8_dr2dT8ji8",23,33203,159,21,65,2
"OZYU-2FVB-U",25,33196,2006,30,283,2
"MQWHxTHDfHM",25,33192,1995,23,189,2
"emVNX9OFL4w",22,33159,0,0,0,2
"OvqK6330ex4",24,33154,77,19,131,2
"voBPr643UiU",25,33151,1954,53,321,1
"Od52ZJzY7vk",24,33149,1767,260,103,3
"MekTUqetxxU",22,33147,707,3,83,1
"oGE76-gRnO8",22,33115,379,7,71,2
"tZ8iyxxwh4k",20,33115,464,22,115,1
"JrFjTL8bwwM",25,33111,1622,75,64,1
"8wo93SADLj8",19,33110,58,15,133,1
"YI7iSprMsNo",1,33107,140,3,79,1
"Lr5IAOknHzQ",24,33080,1639,62,272,1
"oi5LAqgdZ8E",20,33055,375,17,120,2
"z0bd7r1Q7uU",25,33052,3502,79,892,1
"O0Y1EaSv4X0",24,33052,666,8,198,1
"lMJ8eNZSC78",22,33037,99,25,19,1
"Jftp6coyJvA",24,33034,64,5,11,2
"wsly9lOwiw4",25,33029,3577,35,507,2
"x14NoGxX3BM",25,33016,0,0,77,1
"Dmok28s-2Sc",25,33013,2125,24,171,2
"Wg6vNaQ7qcs",26,33011,171,22,47,1
"Vb7BZCU03xs",25,33010,0,0,13,2
"Nv4fxA9LQXY",24,33002,490,14,76,2
"M6VQhjh4fu0",25,32997,140,61,126,1
"2D3lfN2R_bg",22,32992,455,62,58,1
"GJ2bNnOPGE4",22,32979,689,10,28,2
"EW6VAR-Mtww",24,32977,1014,12,139,2
"KI1Hw-fhwog",25,32977,0,0,504,1
"GK6xoPaBdR8",22,32976,2627,14,218,2
"wHAH3sHOQ_I",24,32972,313,14,65,1
"s8avXbhW2JY",25,32963,1547,95,48,2
"t5BXgYdqOL0",22,32945,1170,16,116,2
"4_PrH2e25qM",1,32942,419,12,16,1
"8CFtwiTDnv0",23,32941,0,0,53,2
"OsM24xXPQCs",10,32939,402,9,58,2
"fKIBtv3apug",25,32936,2252,77,257,2
"UM2O2umd-Zc",25,32935,323,19,30,2
"pEUbGFytR4E",1,32916,110,28,8,1
"H8AmSbYQe_I",23,32912,140,8,25,2
"HNq1Hv01nAU",25,32907,1589,93,23,3
"M0n3R19xWec",22,32883,60,6,5,2
"howQ4n_QLmk",25,32878,297,26,66,1
"AtYyTCIcTDg",25,32858,1427,21,211,1
"lfOL6IcNjak",22,32853,1254,8,69,2
"GP06M-aRuv4",22,32834,484,5,28,1
"V8DIB46e3t0",1,32810,75,6,3,2
"yEAs4eYrf4U",25,32798,2406,27,202,2
"NE89lidOmKQ",24,32783,1137,5,67,2
"7C9aO2tJ_hs",27,32782,299,9,80,3
"ynPxBFCDEGY",24,32767,1222,13,83,1
"1yCBj_D0PLo",29,32762,1292,23,301,1
"JcXrZ9dKCOI",22,32761,190,12,109,1
"MGCM48JRa0E",26,32758,75,7,8,2
"vq8RdrO_Xuk",22,32751,1563,2,117,1
"rIvcagEQmbE",25,32744,1992,15,190,1
"_fsd-e-zXbk",22,32742,19,12,0,2
"Ep0UmkAMjoU",25,32741,383,26,112,1
"DZKq5BxmNJo",24,32733,1133,48,201,1
"kJBeRBwUNCw",29,32732,279,17,24,2
"unt8OMNdI3k",22,32720,2561,13,144,2
"0DubRGu29Y8",25,32720,380,32,37,1
"2oaMjiXuYBA",25,32714,2093,141,290,4
"vkfOIFpFM6I",24,32710,132,14,41,2
"rnoOthTMGvc",24,32707,50,42,41,2
"FQJn0IsY7Z4",24,32701,356,21,108,1
"75v1a5Se1-c",25,32700,492,33,37,1
"1M5ZjfzS6Ww",22,32698,720,10,13,1
"1xsGIpigbrA",25,32678,0,0,419,1
"r6cPObUOyhk",1,32671,51,5,33,2
"xwH129TgMJY",22,32664,1656,6,130,1
"WwZs1H4fNYk",24,32657,312,46,69,4
"wMtw7WceKiY",10,32652,286,21,49,1
"ZPWvsZAb6Qg",20,32648,437,10,102,1
"mVgXd45edXw",25,32638,297,30,87,3
"X7JVG0w9a-Y",24,32628,161,4,40,2
"sx7KYttYeWE",25,32617,471,28,225,1
"Kz7xANI-J1A",25,32614,1673,67,24,1
"BjqUMuvn_m8",27,32612,1945,25,186,2
"qDp0tbd69hI",24,32606,964,7,86,1
"mM8LjmkEqFQ",24,32597,2743,41,247,2
"rjSpiC07W8M",25,32576,332,15,37,1
"pIiPOcI5EpY",25,32560,1860,23,197,2
"9WOhJFyhkig",24,32546,1651,18,99,2
"4Csy4ASjBwU",25,32542,2232,21,207,1
"ATrMkYZfw2U",20,32531,407,8,69,2
"de9ZMpPuwtw",24,32530,277,13,179,1
"i_xkpbWUO4k",22,32526,165,3,56,2
"SV1fR2uk7r8",25,32525,481,21,52,1
"yLoMi04fACE",10,32525,316,2,59,1
"RpBTcwCAzt8",24,32518,1345,7,202,1
"G2Xax74o43k",26,32493,724,50,606,2
"g4x0qc1ISpM",22,32465,759,1,51,2
"JTULMug_xSU",25,32456,1631,91,60,1
"NRY0FDU3q-E",22,32438,1276,0,36,2
"YRvl81PCRsI",25,32436,2574,26,104,1
"SWW3g7jQRSg",25,32421,1384,106,34,1
"UeE2vHgNppw",25,32420,3303,9,238,1
"tt81EP8KiNI",43,32418,54,22,41,3
"jH9fzbSOS0Q",25,32381,2608,16,210,1
"aamcfICsbVU",24,32346,314,10,66,2
"dWnIztDjhq4",22,32312,1189,25,116,1
"DuGTY8lcEZI",22,32301,1017,4,45,2
"RpUsD-55xks",10,32294,206,15,17,1
"yyEEoBJ_9hE",10,32289,942,2,564,1
"t0_HUssDEdI",17,32267,151,0,17,2
"oKze7fm48bY",25,32251,646,4,73,1
"9kmZ8FFW4ns",27,32238,352,42,36,1
"Kcfhl9j48v8",25,32238,1393,16,144,1
"Z_rUsntCmMM",1,32234,190,7,116,2
"udt110UN9m8",25,32231,535,18,114,1
"NMVQH-QTmiI",25,32225,490,31,56,1
"GabUy-MDRjU",22,32218,696,5,63,1
"BkUehZyP264",20,32216,592,1,140,2
"ifZIJz6kf_Y",25,32214,667,10,80,1
"82FTsfSwTsU",22,32214,1522,52,161,1
"gmofYNeG1eo",1,32213,571,5,72,1
"IKyo1FRVCM0",25,32200,2102,68,63,3
"SuH15AQll9s",22,32186,0,0,5,1
"qGM9tYJnA2g",22,32183,52,0,56,1
"go8Y1X0ECZY",10,32181,1218,19,75,1
"AKxcI0rLE-A",1,32178,964,3,101,2
"CI7E2Qvou9c",25,32173,287,11,19,2
"TZjQkGzfd-U",22,32154,953,45,422,2
"W2z-Gb40gGQ",24,32153,358,1,240,2
"oXHStrS-1Ac",22,32149,1160,21,126,1
"EULl1PAkcZg",22,32141,409,15,455,1
"fYYG8JdU2wc",24,32129,65,34,123,2
"3GFnR7VbN6A",24,32113,1620,162,45,2
"Q1HBk8egFNg",25,32113,1476,63,68,2
"b_T1QXeX1C8",20,32102,903,43,422,1
"n4SsgPteHuw",10,32095,1450,10,150,1
"71HTTwD1-nQ",15,32095,1336,11,74,2
"q_CgFgNSDJE",24,32094,1911,147,39,2
"sYS9L63vzM8",24,32093,455,12,149,1
"EJjHyjCqhF4",24,32070,0,0,8,3
"Z0l7gOnfYQw",27,32066,1944,51,131,3
"BJQLnYGpZRA",22,32064,563,62,39,2
"C00fYYHLC9U",24,32056,0,0,14,1
"aWepTbv1zZo",25,32051,2834,31,239,1
"CtxqSC4HrYg",22,32045,257,10,91,1
"OX0T6nEXyRQ",22,32044,38,3,64,2
"EhriUYoWYGg",22,32040,570,5,28,1
"4GCLDsf7a5g",25,32029,272,27,74,2
"PLlJnWYtnio",24,32023,374,9,75,2
"_sgbBxg5u-M",25,32015,1880,86,102,1
"L_jrevtS7d8",24,32002,1712,10,310,2
"V1UTQRbvFd8",1,32001,173,11,106,2
"Bx0iZSNrRQ0",25,31999,1676,41,50,3
"Lh7nJNGspZk",22,31977,1753,116,223,2
"rgk6r2YmRbs",23,31976,151,2,26,2
"yirVOH3CYEE",22,31961,54,13,11,3
"gBxuhBw2DuQ",24,31919,1565,13,93,1
"lP6ceoHmdyA",22,31907,1886,17,119,1
"aQHb8ipFSlY",24,31906,180,9,28,2
"1gcekxsYuKM",1,31905,177,4,18,1
"nVklhFjReOg",22,31892,3736,5,382,2
"vRr6EdazzaA",24,31875,294,8,31,2
"pm0C4faJwWE",25,31871,1349,62,66,1
"3RuDbqqawIY",25,31865,0,0,388,1
"ZW0s2-xbpCU",25,31863,2215,28,352,1
"DNe3TykrA4Q",22,31858,240,22,21,3
"RmmGZIqNrs8",24,31858,342,0,55,2
"Wu1CtRBHeCw",24,31856,64,32,4,1
"Jcl5hC3m2ls",22,31855,0,0,31,1
"iqU9Je20kbA",25,31840,3162,49,392,1
"BYKLXTKyhdk",25,31832,3507,53,204,4
"35fS51Nd_RU",25,31826,1937,81,43,1
"Mx72RkesAHA",24,31825,387,14,257,3
"a6BLdEOyR4U",26,31818,266,24,51,3
"4uo-W4pLLC4",25,31810,2573,26,182,3
"3urF--KmOGM",25,31805,128,18,95,3
"E9J3umxdPS8",25,31804,2059,105,25,1
"UzndyDvV-yY",24,31796,935,18,143,1
"FkfcaO-eBtA",22,31793,305,192,1242,1
"UF3jJ4dX6CA",24,31789,336,2,17,1
"Ay4RUOhVaLM",24,31787,863,19,481,1
"zPyciFftsvQ",25,31777,1638,76,35,1
"r2cD0VHkAeg",24,31772,308,7,25,2
"KXzAthrFaws",22,31771,2925,3,233,1
"oBO11jwBIMY",24,31768,1892,3,153,1
"xinSBTVKgOc",22,31742,100,4,10,1
"eKxLIUwXK2E",29,31730,357,28,16,2
"Vi1vLdVm7jQ",22,31721,1910,33,218,1
"OWpsQWMF0ng",25,31714,1720,86,74,1
"bvJObjDBSts",22,31695,133,3,36,1
"Xm_lnAIclY0",20,31681,797,7,0,2
"PnK-du2oFN4",24,31662,279,19,41,1
"_Mn7xFpjzmc",25,31655,1829,17,156,1
"jTHAqThpgBM",24,31635,2374,98,441,2
"PYpQAkn2on8",22,31624,877,7,63,1
"FFaNtqVKrZs",24,31621,1602,454,195,2
"__OcLrgz-qk",25,31590,4288,120,77,1
"tEGnXZePPJY",25,31576,40,12,39,1
"gqAGB_MCYFo",1,31575,232,6,54,1
"Ee2Z7qQinPo",25,31575,3320,34,211,2
"y_bjiVM7Fus",25,31565,1703,59,73,1
"9yhwx3VN9hc",1,31513,99,21,32,1
"nfibdEyBPMk",10,31512,1215,10,151,2
"ZqnX6xkVxo0",43,31500,233,43,339,3
"KE6QOk55aDA",1,31472,195,6,306,2
"6cuHiG4yPxc",25,31467,2091,56,54,1
"k3DG04Qm_oc",10,31466,1267,1,100,1
"G_op8NT8ZP8",25,31456,1767,58,94,1
"CoipxI8wEtw",25,31454,3815,62,794,2
"RLHmDZSRGAM",22,31450,106,28,38,1
"yN5SMcE6iZc",25,31450,1912,89,44,2
"YftCjk-6KtI",24,31445,407,16,266,2
"m-kE5-_nAtg",25,31443,376,36,63,1
"Pd46Er8RWo0",23,31433,175,27,93,1
"f7L4k5pnAz4",23,31433,1067,15,1175,1
"kl4mydmr3_0",25,31429,384,54,322,1
"HUhD9L_4fqM",24,31418,26,10,90,2
"uSEw3Tw-LFs",25,31415,373,34,11,1
"NGPa8RLUZ1k",22,31413,173,4,18,3
"DaD3WJlEpHQ",25,31409,3045,36,630,1
"UL7_VFTYx2w",25,31408,39,66,92,1
"xIkO0ZXABzc",24,31407,462,16,78,1
"c7t-BP_HmEo",25,31406,135,42,30,1
"MdosoMf9v2Y",25,31392,2536,30,401,1
"Cgv8oTTIRus",22,31386,204,17,56,3
"D6-0mAPuRVc",23,31381,1775,3,39,2
"YJCJZoDaT4c",25,31370,2068,25,288,2
"qvC1mQnqRhA",22,31366,994,14,96,3
"X-k3zszGRg8",26,31363,325,22,56,2
"1aKD9rC5o20",25,31361,2716,49,449,1
"0D8T2neZloI",25,31350,151,20,87,1
"q7wZXzzPE7k",24,31315,121,24,24,2
"JvPojUDThBY",20,31313,724,9,35,1
"pshpVtJJSqg",22,31298,390,9,101,1
"eQdWODip67o",25,31298,1685,58,24,1
"PVdbqmaoUpo",25,31298,250,36,58,1
"k9Liy5kkIfI",25,31293,1687,105,33,1
"m3BtGZ6RLDs",24,31288,1966,83,114,2
"x_q1i2XuS8M",10,31279,320,8,23,4
"V8dMhRvlGuo",22,31275,82,1,13,2
"lCpXdPejbC0",22,31271,1005,10,99,2
"HaldKY9w9_Y",10,31265,119,15,30,1
"WxAWBXPXsy4",25,31264,2010,48,104,2
"1JLe07dvQXg",22,31256,34,4,5,1
"hCvsStezauQ",22,31250,1191,3,59,2
"BR81eDEe9rE",15,31246,939,28,329,1
"O5xHJXBMucY",25,31240,0,0,476,2
"Mx-KYnAautg",22,31213,258,19,69,2
"mbMCK3gOKcA",24,31198,38,23,5,3
"PA7eFWvnu1g",22,31184,0,0,18,1
"Ji0Eteo0rz4",25,31178,189,25,10,2
"5UjKs3zPFZM",22,31159,59,8,10,2
"eFkV4SnI-cA",25,31147,2665,39,247,1
"PB2CppZNw0s",25,31146,2027,27,362,2
"y0uXvAcesAk",22,31135,838,59,334,2
"RRyRRcXSB6c",24,31134,1122,6,43,2
"Ogfknavpxsc",25,31115,457,32,31,1
"qF2ENnN4sBI",25,31105,4058,65,231,2
"3fmDYlt1a3k",25,31087,1630,51,63,1
"mU5nBRM1Ckw",22,31058,239,5,140,2
"MALTqYVcCtI",25,31055,2109,30,206,2
"Wm7QS9DUfG0",24,31055,74,42,233,3
"TdbV60sIHAA",22,31035,122,12,18,2
"RsUysrxtEQI",25,31014,1972,375,152,2
"xsN2uI_rUtE",10,30990,161,22,40,2
"MqiMhs6Ly8c",27,30979,774,35,95,1
"84nA0lTp9B4",22,30968,1900,32,219,1
"aEOMOtqi7Dg",24,30937,570,66,11,1
"69mEz4BzMQ4",2,30930,76,52,137,2
"XLuPhtugrlY",15,30928,538,8,193,1
"3X1J_BgSuLI",24,30916,1670,114,98,2
"l0YMPXHSHwE",22,30916,367,1,24,2
"ysxF7Zwul3k",23,30914,157,11,43,2
"588HldsR_qI",24,30911,541,4,134,2
"l8q9E4SDao8",22,30911,0,0,96,3
"yK4ZXb1Tm34",22,30909,189,49,75,1
"fC7PIC9HskU",1,30908,405,3,129,2
"ShpLnmcI_Fw",20,30908,390,89,247,1
"6o3aTfDLP4I",25,30906,2093,27,498,1
"nbR5Zqvsvx8",25,30903,2839,34,306,1
"1km_5TzHCyY",25,30900,0,0,422,1
"rSbTWmpkhx8",24,30880,2003,21,312,2
"YBUObp5g8E0",25,30877,268,19,34,1
"LnmLfTsTnZQ",22,30877,5383,7,305,1
"MqFE3DabuMY",22,30861,383,19,66,2
"0Mr1IqMkNTg",22,30855,120,23,12,2
"vxfDYCYvdMw",22,30848,0,0,65,1
"Y8Bj8FK-Ry8",1,30844,80,3,121,3
"edn7gj0gTs4",24,30839,1607,20,77,1
"eCZjSWWYhT4",22,30831,769,4,32,2
"FsFYATgWfh8",1,30829,301,6,114,2
"27STpihOFLI",22,30820,2877,4,225,1
"S7Rx1B-54Nc",25,30819,48,4,39,1
"cbUXy58ofNk",22,30813,592,5,25,1
"frYU8Zy1D6k",24,30797,2424,36,313,1
"7nqqc2KKJYs",22,30792,1191,6,76,2
"CmCdqaKIGAs",25,30786,2333,96,44,1
"3EcOKOsJNoo",24,30779,3072,17,106,2
"dcx40-LfFak",24,30773,1833,21,185,1
"jx-H5b7a2Kc",24,30761,1567,18,120,2
"MtKRw3u4mLE",26,30747,576,18,444,2
"jNFGiiE0P0M",29,30746,274,18,53,1
"TN9prH55sAo",20,30738,372,22,308,2
"mr1szf8IIvk",24,30738,57,9,19,2
"il8tn7Zf73k",25,30735,0,0,368,2
"XsNSQdpQ8dk",22,30667,210,9,99,1
"jrmVXqoahBk",1,30654,387,20,332,1
"9W0P1XnmUqw",25,30638,1682,72,109,1
"B3nbkD24XWs",24,30638,854,30,456,2
"wLgXB_rdIqo",24,30637,1965,22,158,1
"q-0p6VGlSjM",22,30631,309,8,80,3
"fqdCE_AaAqI",25,30621,279,20,17,2
"ApDj07YtxfI",17,30618,305,31,24,1
"4aFlmbwUyGM",24,30608,189,14,36,2
"P3TdZm8BvC0",24,30606,1679,95,13,1
"DoKRGL485Us",25,30594,2233,41,251,2
"-6tpNoUHwZk",25,30590,512,48,137,3
"Nv9iVdWYbp4",22,30586,133,6,56,1
"Q3KiuoMpjGM",24,30575,60,35,5,2
"8B1Ne8qSYc8",25,30560,104,3,47,2
"CPk05xD2sBo",25,30552,2316,62,362,1
"yf1m8bGH75s",24,30544,31,52,30,2
"pGohGQnZRy8",25,30536,1579,55,31,2
"S4AN0HTKyho",25,30535,1653,31,94,1
"OC3Dc7cBUAM",17,30533,0,0,58,3
"3TRleKw2CSo",24,30523,2120,10,170,2
"kvmjKl_r7Ok",24,30503,856,7,73,2
"F4Jj-ig5pNA",22,30498,2902,7,192,2
"roO8947l9JM",22,30495,156,3,85,2
"WtsMR0Ga374",24,30486,93,8,5,2
"6RjnVjyXFoc",24,30483,31,2,0,1
"p-iDAbyquZ8",25,30477,1795,48,58,1
"v9tFgt05h68",24,30469,690,3,43,1
"0Hde2YgswSg",24,30463,1885,276,262,1
"h6VOxf3dB1g",24,30460,808,26,572,3
"X-l45w1a6r0",24,30445,1956,68,235,2
"-5eMhCctR7E",25,30429,1320,23,181,1
"LCJhiU4yePg",25,30417,278,22,14,2
"Eecb5iBZCeQ",25,30414,389,33,73,1
"7poTjcG9oeY",24,30378,47,79,16,6
"HSZtrPp3nh0",20,30374,1005,8,118,1
"rq2v90OaFmM",22,30370,1336,4,82,2
"qp41722NjWA",25,30356,336,16,39,1
"UbsL2oRBcZ4",28,30353,359,41,0,2
"qY4Kor_DLdA",24,30337,475,7,55,2
"ActMTmVM4YM",25,30331,2911,22,360,2
"4malw2fqZEA",25,30317,1560,80,43,1
"NfZBGrtyO28",26,30315,1440,44,0,2
"Ww8dEGGXx3M",24,30306,147,1,2,1
"MUh-rgdjgWM",25,30290,1774,11,152,2
"h31BUHTbpEQ",25,30277,0,0,353,1
"STQOpw6op38",24,30275,562,8,26,1
"05NeWNsqC1w",22,30267,297,21,34,2
"ebs6h7kP1gs",25,30246,360,32,42,2
"BlZepNCh7jU",29,30239,326,24,27,2
"0tm5VhjU5KE",22,30230,1345,3,38,2
"IcH22pCyiO0",1,30224,64,0,140,2
"iq5B-bbAe3Q",22,30224,2390,30,158,2
"jZYLMjaZRfY",22,30223,1722,6,75,3
"rcVa-FxPweE",25,30181,1870,91,39,1
"9rbEL6yLDIU",24,30180,328,3,35,3
"3fJiPceAp1o",24,30174,74,10,1,1
"46f7r-WfA6A",25,30173,1421,60,61,2
"WTBjsVVrnQg",25,30151,1583,76,33,1
"YTVlA2SdzwM",23,30147,536,39,22,1
"ef63fRfn1ck",10,30138,1135,4,21,1
"B_kdpzG0bW0",25,30137,1995,68,157,2
"ixh5FgyOojA",25,30124,1789,100,40,1
"sVV9NyNkoMc",22,30119,257,30,75,1
"Ke2KEMPwFvk",24,30114,131,42,145,2
"Ed9ZLOPlqvo",25,30101,261,19,38,2
"NSmspwOKEOI",25,30088,0,0,493,1
"g6qpiA0AFIc",25,30078,0,0,429,1
"MlEBTj7jrDQ",22,30062,92,38,34,1
"TFdnooXCNJU",20,30047,569,21,258,1
"0gVPwVDv7Gg",22,30041,1252,10,31,2
"FyzVhVQGs-w",22,30035,35,13,0,1
"fN68WUM6osE",22,30033,987,14,46,1
"ehqKjd2ooAA",10,30011,4211,7,258,1
"OL535FJ5SCE",22,30006,518,11,284,1
"SB4EGPIclUI",24,29995,0,0,129,2
"Jv5vddSrbyQ",10,29983,0,0,63,2
"n-mkOvAofzE",22,29981,1128,176,287,2
"BNLQP7K_kZ4",22,29977,191,3,28,1
"EjHjWTw8dcM",25,29974,1067,113,148,2
"Aijg9EvUDEA",22,29959,464,5,44,1
"o37zgGVMl1U",25,29955,372,42,120,1
"oVsQ1FKYykI",25,29946,423,30,71,1
"uHzqNubaDyY",22,29933,2529,6,253,2
"Mi2hvh7tLPw",25,29922,466,24,75,2
"CnzGMeizkdw",25,29919,1636,57,297,1
"CocRGT1D4FE",22,29911,2506,4,244,1
"fg3Dgv4jh4A",25,29895,1820,17,251,2
"AZfGLswr3eg",25,29875,1944,55,65,1
"52lQranLPd0",1,29851,318,9,29,3
"VKUBOKzsLWs",25,29851,0,0,567,3
"shbQpPjTrwM",25,29843,273,14,26,1
"alLMN04vSOI",22,29843,408,17,334,2
"_CXrfTeL7tU",25,29841,2182,65,140,1
"hFFamL4fUfQ",24,29841,2078,23,258,2
"lcD5K5EFgBo",25,29819,2626,31,345,1
"498dj0zb1S0",29,29813,216,25,23,2
"naG_3U5y4Z4",24,29805,2136,91,45,2
"g9kGDUxXxQY",22,29800,424,28,77,1
"U3jMN2B2djY",25,29752,1923,53,59,1
"KOxT3gz8BDg",24,29747,39,28,7,2
"r5TcbySktQs",22,29739,14,21,15,2
"QbT8EqGS2E0",25,29737,756,65,398,1
"GcQ5HUKUaTA",24,29736,2029,121,191,2
"jWOq2u57-UE",25,29732,604,26,23,1
"soyJea-Cjsw",1,29727,70,4,3,2
"OnOraSruFW4",25,29726,289,14,19,1
"Q2YzR24n5Ow",25,29724,597,195,472,1
"5RmkWfBKzuM",25,29721,282,26,17,2
"7WhAEM0apGw",24,29716,64,47,22,1
"iSkmmkBGfX4",25,29715,161,31,12,2
"dOdzl3g9sWs",24,29703,0,0,30,1
"6hnuFhbMYiI",25,29701,0,0,413,1
"v_XjH4AdWL4",25,29675,249,95,205,3
"liYYiCyYinE",24,29660,1540,104,24,1
"9ksDubivJCY",24,29658,278,7,23,2
"Iaa8YNDRbhg",26,29646,1443,17,259,3
"I-dErR4yFAs",24,29641,2694,29,91,1
"O4IGqOTOUKw",24,29640,157,8,28,3
"kXynJiVqFZQ",24,29629,52,21,1,1
"q5inxeFuiAA",24,29618,175,17,140,1
"sFG6RbrFVhA",10,29614,5359,15,192,2
"KtSAcOAH9hc",22,29606,1588,11,48,1
"dvoCTOSrwqM",22,29601,314,13,513,2
"aG7hGerbVxc",22,29588,0,0,54,3
"tdjDEVQCZs8",24,29584,30,39,15,4
"XRWcRAPAssY",25,29581,2674,17,249,2
"nSekMC-GFSI",25,29580,350,18,26,2
"N8cX1VW4a8k",22,29577,328,19,41,2
"e741kJIIZko",25,29569,103,15,72,1
"6R2bY2mvuGY",25,29562,1476,68,209,1
"G2xAh-1fbhw",25,29558,2254,56,80,2
"kluz4H8lj2w",25,29471,311,11,29,1
"1yVbA6jgpGg",27,29465,92,7,189,2
"J4Aj9UyV-RM",24,29464,2187,162,28,1
"ttTz62DE1Vs",25,29461,48,11,0,2
"ddqPDV87hLY",23,29458,0,0,82,1
"glPqruEaQ0I",24,29452,1831,164,31,1
"sKWqEDUaSYI",24,29450,1407,37,992,2
"gUYetuwLln8",22,29448,664,6,77,3
"_Y4TlXKQvH4",25,29440,953,64,236,3
"ioNuz1eATBY",24,29428,2148,95,12,1
"LpQa0o06v7Y",25,29423,295,37,109,3
"JyYpIvIR0_M",29,29413,288,17,23,2
"NdOvW-VPcV8",24,29389,676,33,172,1
"X1yRJtLUjPM",25,29381,370,31,79,1
"_p1DWrZKnP4",27,29381,291,8,43,2
"oUOCas_0jd8",24,29356,177,17,49,3
"MMiwwfduAY4",25,29353,229,27,45,1
"dDEvE3b4mz4",24,29352,304,6,81,2
"JI2SF5f8UXk",24,29343,5745,11,240,1
"9kCzPCoPP2U",25,29330,276,9,27,1
"mzNAJ_qefGI",22,29329,234,20,192,2
"JJcMVKYVPis",24,29318,180,4,24,1
"Nu1Bp7fC640",22,29314,471,5,119,2
"WD-wV-H8VUw",23,29300,118,4,31,2
"gHuZ_yQxtyE",10,29288,0,0,183,1
"QMT6k9w7fOU",24,29278,3426,5,106,1
"kK-S8iKPPvM",24,29273,217,21,42,1
"tiJpEEJwyDs",24,29265,1092,3,85,1
"68QpyxGZncg",22,29256,21,23,40,2
"bgT9t33KNT8",24,29247,68,17,47,1
"sEMnJT_K0hQ",27,29246,963,54,238,3
"Z3AtECZK1iY",22,29241,807,3,58,1
"COJKuixRw7g",22,29238,37,29,20,1
"ZFGm97_MRz4",22,29225,1430,10,68,1
"rRWYoWRK_Ak",22,29223,800,9,37,1
"eI-qD7S6w9M",20,29222,1137,8,342,2
"mVP8t4657as",22,29220,39,9,19,2
"23v2bWL5_Yc",25,29219,227,14,21,2
"kNGhoqR0nFg",25,29213,241,28,0,1
"DW0yynGwsxA",25,29205,636,13,259,1
"WUydI-4yfsg",24,29202,383,3,49,1
"vtoJhPXDY5c",24,29194,1254,84,26,1
"IxabOROdMns",24,29189,76,10,67,2
"sBc88hgvu38",22,29188,931,7,47,1
"MdBywltqBb4",22,29185,1197,25,124,1
"kl7bln0_1Q4",25,29184,97,20,102,2
"eliR88ppsE8",25,29181,2078,50,64,1
"7a0_WGQD294",20,29177,52,5,4,2
"ls1XFlBCBmg",22,29177,102,18,5,1
"z_rchLzdzkk",24,29162,0,0,858,1
"dY4hiUZeris",22,29150,316,2,15,1
"NKGLC5t8smQ",24,29149,0,0,5,1
"dAf0My8qlmk",22,29146,34,7,28,2
"2IVGAMhACxY",25,29143,244,36,147,1
"pxoFu8nuFXk",22,29139,169,2,51,1
"NMGguR2dVgU",25,29128,377,24,43,1
"KDC_znf3Mrk",25,29127,1696,87,20,1
"Pz6ibiZFzqs",25,29117,1826,26,442,1
"Pej8HFDfjRg",23,29116,1769,54,1732,2
"8heoVhxBB6o",24,29114,13,43,37,2
"fkHdrOngBk0",25,29108,0,0,383,1
"QpQYzXWstJc",20,29095,629,4,185,2
"g6c-hgJ7nIE",25,29088,478,6,30,1
"kxeIGom4aJY",25,29088,1497,74,36,1
"zqVqRv3PFAw",25,29087,1620,64,47,1
"z4y37ZsFWHM",43,29070,88,9,19,2
"Ccz97t-SAdY",24,29062,160,25,201,1
"XjPYReHr24Q",29,29044,1811,51,320,2
"vFgBPRCFP8A",19,29031,60,11,14,3
"d3O7MTu0lp4",20,29021,606,19,235,2
"O3bS7dBiWuA",26,29017,713,109,235,2
"t_y-K1rFI2g",24,28986,45,8,4,2
"5OhNIe1HCzY",25,28981,233,17,44,3
"4svApXBPTDA",24,28965,304,6,48,1
"JwX4IF4dPTk",22,28963,2400,22,630,1
"98PwvU4yS9o",27,28950,419,10,22,3
"AlHoTVNfVeQ",27,28943,1226,44,37,1
"TQqtz5IzMQg",24,28936,60,14,13,2
"gthxY-B8UZo",25,28933,1463,41,61,1
"ehaV5v_VU6Y",20,28929,1480,21,839,3
"HKDuDc3k_88",24,28920,1943,13,61,2
"QCcUhHd0WJw",22,28920,43,4,22,2
"LE6IVJnTK_8",24,28918,1264,11,91,2
"vSj72eVqtjI",24,28917,43,8,2,2
"T0wMqn3njiM",22,28915,970,13,252,2
"YJJyKF46Agw",22,28901,184,20,22,2
"_EdCoOqrj4s",25,28897,322,11,33,1
"1SpZRx35ZxU",25,28883,290,26,39,1
"5SnLUOUhE0o",22,28881,962,5,105,1
"Ul1GMBAizs0",20,28875,449,5,120,1
"VtZlvHvyBl4",24,28863,0,0,59,1
"B9BiRJOUEfU",23,28845,0,0,23,1
"yd8JO6umwFs",10,28840,2471,6,147,2
"_whKa4X0Mpk",10,28838,1570,11,207,3
"JIskMU_Vrlc",24,28836,1722,135,48,1
"_pGwH--gyqo",23,28834,0,0,91,1
"mr8GjPHf_U0",25,28829,93,3,187,1
"gEGDTgkHipM",26,28828,779,34,0,3
"0cNuR9AxiYg",24,28826,67,13,46,2
"J5NYVE6EAtg",22,28825,765,21,98,2
"B0elM1z5mSE",22,28820,1258,4,42,1
"Sgu4aVcFaFU",20,28813,808,8,170,2
"CSDnsEeWJbw",25,28800,267,40,230,2
"J6CYuCs6Eq4",22,28790,173,27,163,2
"2eh1UA0tK_0",25,28786,1678,124,26,1
"b4hZnBQNc7U",20,28777,451,27,302,1
"cb5R0YG9iNw",22,28767,488,23,114,1
"aHz1mB4BJtI",29,28766,295,19,13,3
"zNzJXYOktUE",25,28758,0,0,412,1
"cO8CxTL1HPQ",24,28756,40,4,2,2
"dwqB-zfHadI",22,28746,882,2,18,1
"TfkqJit6Jco",20,28746,669,44,632,2
"FFIkmGhQxpY",22,28743,939,29,378,2
"nSPqqMjme6o",24,28737,145,6,97,1
"clRzwcVu6dI",25,28727,1519,43,96,1
"_w0Bv9zdJnc",25,28725,0,0,214,1
"Wsfwn8bgg5E",25,28724,869,53,182,2
"JtuI4KN8xNE",25,28723,1941,67,29,1
"_PdMtyGA4GU",22,28710,1512,138,128,1
"OwqG8O-NCfE",22,28708,635,5,24,1
"fniPN5W0TY0",24,28692,1880,88,28,1
"CvKCVJWi0tU",24,28687,747,15,34,2
"XptGkpfSlUk",1,28684,313,5,53,1
"Z9ephsjePow",24,28682,245,8,59,2
"aFE13M-YGUY",25,28673,1500,68,35,1
"ZoLbyWIDJqo",24,28658,26,19,25,2
"383jwWvpf9o",24,28639,750,30,0,1
"EUr2h6mZw9c",27,28639,1881,18,415,3
"5YozJw9AeJc",25,28634,1553,51,39,1
"su_YgbGB5hw",25,28617,1848,67,238,2
"_vbWZR_uUJk",17,28614,255,5,63,2
"6k8kLEBGAxU",22,28614,970,7,32,1
"xdl-LPJosCY",10,28586,0,0,28,2
"IQajczE0XjQ",22,28584,901,0,44,2
"S_vjqk0Nu2U",22,28578,1323,6,132,4
"hUKkMVGEtRM",23,28573,152,12,7,1
"hhzDPJdt42k",22,28569,0,0,732,1
"_5njFAnnFRE",1,28555,67,3,8,1
"s4EwjBIY1r8",22,28537,932,13,39,1
"El90S0-_1Mc",1,28533,30,14,0,1
"bzZOD25nGRs",24,28533,0,0,15,1
"oTFD5G_fDH4",25,28530,265,61,89,2
"GKjCpvethIY",25,28527,276,18,25,1
"MmFdBIl4DHU",22,28525,43,35,44,1
"MNFZTLac7E0",22,28500,132,4,88,2
"tmAr-3Q89fc",24,28459,304,6,89,1
"1aaevvTpNuM",24,28413,30,5,9,1
"vYwbonteDa8",25,28411,1568,46,162,1
"d-4fLecKxAo",25,28408,292,21,23,1
"-5PNNKh86J0",24,28407,91,5,1,1
"4Wmmz_ju9Yw",24,28406,824,15,93,2
"q12sjF6oZwM",22,28393,1358,7,57,1
"wGxhhaxFMXY",20,28383,208,12,377,1
"xZ6qaV48gag",27,28380,177,13,154,1
"fMApt0XN5fA",22,28380,662,30,586,2
"jr5Nwrxem_U",24,28374,854,64,155,3
"SCnEKjqJYxo",25,28360,2147,93,202,1
"l9vouGkO6IQ",15,28355,1319,4,173,2
"GAIWQ2jq4TA",24,28354,1156,7,111,1
"cP3ge7NwDHI",24,28334,36,64,10,1
"LgUS8lBUeYc",25,28332,133,86,85,1
"mRudtl0j7fk",22,28326,636,42,290,1
"TjbGACAxuwo",24,28320,48,20,14,1
"4pCdgFwjRJM",1,28319,249,14,219,2
"9R4plXut2zc",22,28301,1300,2,50,1
"twoTFoztxCw",25,28298,1945,186,202,1
"PoGoI5rUHy4",24,28281,75,26,41,1
"l3c-sP7tZ7g",25,28277,371,26,43,1
"YlqqkNZnKA4",25,28269,190,9,0,2
"768QXdwVCZA",27,28248,283,24,39,1
"yIv2psMriFs",25,28245,1830,26,250,1
"xnhKivyB6TI",22,28242,585,5,56,1
"CPKmSFpmv10",1,28237,287,14,243,1
"gv7bBAcpxZ8",25,28231,119,5,17,1
"FKbKXktM9wU",22,28225,0,0,0,1
"3IRZRY7_oL8",25,28204,298,35,152,1
"nk79bNuKPEA",25,28202,764,12,120,1
"sxl6kAYLsfM",22,28202,2122,8,119,2
"MCqGHhXXJFM",24,28196,990,3,58,2
"TC4NkhaVRZI",29,28182,244,19,5,2
"ySNwl2fZZe8",22,28171,70,4,26,3
"lDXfU6wZTf0",24,28170,67,26,3,2
"lKN2AbYxjfY",1,28166,130,2,10,1
"fXlDsgEWO-k",25,28159,1381,26,80,1
"pY8xrBFPgb0",25,28157,2820,36,402,2
"dDyrpnbRG3M",25,28155,2001,68,173,1
"w9AEUZI4Mtk",25,28129,2042,100,273,1
"VUSei4uTO5Q",24,28125,2460,6,181,1
"nKHbIi2-Ric",22,28109,2649,2,89,1
"xlIhypnNrWo",25,28106,315,21,332,1
"h09zQBAkPHA",24,28096,259,55,248,2
"zvFczL2vBt4",22,28087,228,35,43,1
"KILQn9uNt4U",20,28073,102,4,6,3
"tCDiYUVpT0I",22,28071,157,21,48,2
"Fpv2PxjGdAE",27,28067,280,7,48,1
"FxVVLWwpXuE",1,28064,401,14,282,1
"uUW9affRZH0",10,28059,1001,7,68,1
"PQxRpzy8yaE",24,28045,543,63,11,2
"BlJ1IjOzPmM",22,28038,99,21,1,1
"bzPQiUYUskk",24,28038,631,3,51,1
"5vIemPJZqtg",22,28023,1995,3,223,2
"D_1bW44Ne2I",25,28004,1869,53,339,1
"2AFMkhdRlaE",17,28000,469,14,131,2
"pEh3s6GRJc4",25,27999,291,34,27,1
"Su0QN2Q48gE",24,27967,1784,25,172,1
"TYXeuESBuK0",29,27963,0,0,33,3
"xPBJDQpy9TQ",25,27950,532,38,79,2
"6GUC8ldAtwY",25,27942,0,0,40,2
"g4rZYbDx9cc",22,27933,2707,2,264,1
"NgTeacHIJ-0",25,27925,1618,19,163,1
"9Vp86c7CFa4",27,27913,56,10,5,1
"fgTWJIl1_gM",24,27913,66,20,12,1
"6HnstyrAfIo",22,27895,1111,4,76,2
"JBzQgIdztuo",10,27875,1731,5,157,1
"NCG8kmSRSRA",22,27858,956,4,33,1
"W6UilctVDak",10,27858,35,99,20,2
"dJaN2AJ31wg",24,27857,437,17,94,2
"pHI_Ip-bSoY",24,27854,1781,127,43,1
"5Tu3QmF5ff0",10,27851,98,16,14,1
"sOR39RfCo7w",1,27849,461,8,187,1
"brD4c9hjAkY",22,27848,2488,2,96,1
"A6avBfGtekg",23,27848,968,12,373,1
"3Wjyx9N6ano",22,27847,430,7,26,2
"CYfxfSd-67A",24,27839,1987,41,177,2
"h-O2Doak-wk",24,27837,259,2,26,2
"B-gGJnTLyTY",24,27828,45,58,61,1
"N9UaHign-AM",2,27816,119,34,171,2
"SeEtwBddWrA",22,27798,838,12,254,1
"4rLl2SLGtjw",1,27785,143,6,65,2
"hFyGElirEpg",1,27781,413,6,79,2
"GYu51u3DxkQ",22,27763,414,11,41,1
"ohjsAOjGEII",22,27758,17,23,56,1
"crebfIknPfk",25,27755,82,57,19,2
"ZImZeobUwJ4",22,27735,383,7,42,1
"Io1wZoPuG2E",22,27723,26,7,26,1
"ghZRY3fZYps",26,27709,63,12,9,2
"YhUGb1KoMGA",25,27703,262,14,18,2
"0GzqzuJr2Qc",24,27699,665,8,126,2
"P2EXDxMSgcE",25,27695,477,16,66,2
"Ti3LdGETlZ8",25,27691,1845,15,255,2
"3PDtBR0L94c",24,27690,126,15,6,1
"kopR95xWFjg",22,27687,1337,4,133,1
"6GLkP9SBRo8",10,27680,0,0,38,1
"cnF8VlEkZfE",27,27664,947,51,158,2
"mZ9IJOQrD9Q",25,27630,395,22,66,1
"JpEflu3vAN0",24,27618,794,17,469,1
"ksaDzYf3ZYY",25,27615,311,22,90,1
"Mwsuvc2jzyw",25,27592,134,3,25,2
"iNPJmZwjKKM",24,27591,0,0,11,2
"JLysvParC_Q",25,27572,2081,73,267,2
"NEMuFEzBEJs",25,27560,1960,57,188,1
"M0K-tjwc3rY",22,27555,348,20,44,3
"6CQ4K2qoqqA",24,27540,1933,84,34,2
"y35Hlva-QNs",24,27537,247,24,53,2
"xrWrfjjifLk",25,27532,132,18,171,2
"x3UL_o-iYBU",24,27526,69,3,5,2
"hrqA9hBN798",24,27524,1927,23,406,1
"27HrVa5JK8E",24,27512,2022,70,74,1
"eGFsQ_qdH1E",25,27508,105,49,34,2
"R-pQnXSBYmQ",25,27503,130,56,114,1
"hkR_vM2lE0Q",24,27497,2019,77,309,3
"2xUBdKpTMY0",22,27497,739,2,28,1
"A4QzPejtMUM",20,27493,364,14,129,1
"7XHQ9hmkxT4",22,27481,694,4,96,2
"jYQT7V1g_3w",24,27480,48,3,6,2
"ZRPDwFjVNy8",25,27470,1871,25,108,2
"GIdbZJdfitw",23,27469,318,22,218,2
"BjAnMbVzTVI",20,27463,606,6,151,1
"i-2WX4dhKkk",25,27456,1675,46,49,1
"OPo-mZoRV7U",23,27436,149,50,57,3
"lsIwPhtIg7U",26,27434,482,23,171,2
"g2nabJtWGfs",22,27430,252,23,44,2
"CXwfRoWGcuQ",22,27425,766,3,50,2
"Y584hXgDuhI",22,27417,439,16,90,3
"Rp3sh8tZisA",24,27396,476,12,175,2
"Khl3HwlrSdY",25,27396,1324,12,185,1
"3cDe9PIuYnM",26,27388,533,22,285,2
"HdQIq97rX3w",26,27386,211,9,11,4
"oUqfhj45als",22,27379,222,27,39,2
"DGX5XXEVwYA",25,27372,88,81,2,2
"EGDrdv6iOOs",24,27363,2014,46,153,2
"gTjhaTUB4Rk",22,27359,116,1,32,1
"YSh7kp6umTc",24,27352,34,5,20,1
"ukQdZSD533Y",25,27350,1288,23,112,2
"7r-qa1Z0hjI",24,27332,2523,15,667,1
"hWpPf2jKhh0",24,27327,0,0,31,2
"BTQ95VSw7cY",22,27320,107,1,36,1
"Cq9RIzKbFS8",25,27309,1677,74,21,1
"YZY8y7esKno",10,27306,145,7,27,3
"FqW8S-UluIw",25,27306,0,0,307,2
"cfj6udUIgcw",24,27295,303,29,58,1
"izfztrA6sS4",17,27289,312,10,66,2
"sRwlEBWS_0A",25,27251,345,32,88,1
"MdzlRM42UKg",25,27234,1551,52,88,1
"KYAJwQVg6bw",1,27202,1567,55,571,2
"8klYiW30KCs",22,27200,555,5,27,1
"iBN90nYjWjo",22,27200,224,21,25,1
"MegCSzUOFFg",26,27198,201,14,35,1
"4rautbXCRYI",24,27198,45,4,2,1
"qg5z0q62tpE",25,27194,1603,28,158,2
"sSkuB4Ag3Iw",29,27185,329,26,16,2
"WrHmkcLBVtI",1,27182,110,7,45,3
"AEoT7QL6GYc",22,27178,0,0,90,3
"tEGqxdP0Ov0",24,27161,511,7,86,2
"hb6Iy4lMEhk",24,27142,341,15,140,2
"lWULhRRnang",1,27129,519,39,302,1
"iE1389T2eNM",24,27113,277,4,35,1
"ipX5rDxG4fE",22,27079,170,2,45,2
"YLMdNvSbTnU",24,27072,53,2,8,2
"jnq_nHMHlDs",24,27068,582,8,248,2
"C77veNHqFPc",1,27063,503,11,157,2
"wJqNwCFoMH0",10,27024,339,5,54,3
"6Vlh9yeel4E",25,27023,1477,94,107,1
"IT4wuy7c-7w",22,27017,379,23,89,3
"g63pPmJfmbQ",25,26982,351,32,36,1
"mz403BXfNJw",1,26981,521,4,76,2
"rxrdXRDVpQE",25,26981,0,0,466,1
"3lcO9lSxmEc",22,26980,232,9,106,2
"j9-G3NhiLjg",24,26969,1694,45,1191,1
"BpvK2-0-2yo",22,26950,180,24,13,2
"Yv26jdDj7gQ",22,26950,178,4,103,1
"ybr88JsAUIQ",25,26948,70,19,0,2
"AB-lS2DSM_Y",22,26947,186,39,386,2
"KHFObiZmwOw",22,26936,595,15,38,2
"ckFgsASiyFs",24,26929,517,3,34,1
"GREyTAx4y-4",22,26925,402,46,433,3
"fCuSgcYNQn4",22,26918,715,2,73,2
"h1TIjb9MMmI",22,26914,131,4,167,2
"kPMJGVOiPSs",29,26904,339,33,104,2
"72Nj3Fip95s",22,26886,96,67,68,2
"HKydz6vTG0o",24,26852,2303,7,155,1
"VWTr4IBI5Is",25,26849,58,2,52,2
"lFd78tySPhc",17,26833,152,16,188,2
"EGvWZgR-h5E",24,26830,331,2,93,1
"bJZ-a967Sfc",25,26821,1465,69,62,1
"ieF-sHeabnw",20,26815,1284,23,547,1
"bVMsHnTeg-w",23,26807,193,1,7,1
"KlOHSEhMfTs",25,26805,1390,76,28,1
"m5OD5T8xOT4",20,26801,358,14,79,2
"Wz6wF7gsgwE",22,26788,0,0,204,2
"3MwcyXmJY3c",22,26787,310,4,21,1
"DIX9BRi02jU",24,26784,528,28,65,1
"8xZKXrD-hTk",24,26780,836,3,113,1
"uGhHNxSNQhg",22,26777,184,21,51,1
"K42DMIJjt30",25,26771,0,0,322,1
"HtIfco1yGIY",25,26756,1499,65,108,1
"54RS0S_7Jqc",25,26755,1549,94,110,1
"mkc0_RXm3BE",25,26751,234,35,52,4
"7jSbgxHfRjA",22,26748,265,3,104,1
"QxBK7sEj0vc",1,26742,364,25,329,1
"nsQmLnWBr34",29,26722,799,12,62,1
"_XIEStpT_9o",24,26722,440,14,233,2
"BYDs8TxH2_8",25,26718,3061,30,573,1
"InjC988plDU",22,26712,1903,6,110,1
"gK0h_7zAegA",24,26693,55,19,50,1
"aJjzqoRqXt4",22,26688,138,26,118,1
"ovAozECpJtU",22,26663,620,4,79,2
"2iqqD1Q6aRE",17,26652,65,8,40,3
"OCWZ5pEN-_Q",22,26644,538,5,29,2
"rRc-uvDkGgU",24,26640,1074,5,68,1
"ojsXj1YP-IQ",25,26624,1478,59,89,1
"4D_XTNgNql0",22,26620,1223,18,325,2
"9SvsAQrHhUs",25,26615,327,12,33,1
"uhh4Y6Y9V0Q",25,26608,150,23,7,3
"_2ASuH1rp4s",22,26599,0,0,20,2
"dlDJ8Iglxsg",25,26598,247,9,22,2
"9b0BjiuKiPE",2,26587,92,10,57,2
"fkFPbvHeH5A",22,26566,77,11,17,1
"pav0rVHFuhE",17,26562,136,12,107,1
"FNmzFMZ9M1M",24,26559,48,18,3,1
"R33ygjosjfw",22,26556,142,34,82,1
"9jJxy4r3Lss",24,26542,69,17,30,2
"NuGyHn86AXg",20,26536,0,0,98,1
"rqO26J53SJU",25,26535,2185,57,156,2
"qEfub9Xxd8A",29,26531,239,15,85,2
"7FibNosIxio",25,26523,698,13,76,1
"0ooE_VIcDyo",27,26523,1608,25,131,2
"gHFibrFmtc0",20,26519,787,11,351,1
"b4hGwP6HV1I",24,26510,578,12,247,2
"5Wb19CaP3to",15,26507,174,7,111,3
"dZR0Ow4TJVo",24,26504,40,20,1,1
"ql05kzs1ong",22,26494,47,273,96,2
"DL-qemtR73c",24,26471,741,9,72,1
"9iWxRsTUFAU",25,26469,57,3,37,2
"o_gCoCfMS4A",25,26469,1381,51,290,1
"xeof5KOW3wQ",26,26457,99,16,130,1
"iAI-AXZ6iBU",25,26454,282,27,47,1
"ACq8lVIGndQ",25,26454,0,0,318,1
"ydKzkmwtV1k",25,26450,1525,56,55,1
"F2UxL0e1H0U",25,26446,0,0,35,1
"pu7ow1aC7Xg",24,26440,1383,212,37,2
"PwjJlq7-oMA",22,26427,576,4,18,1
"QK_oGOYL_Ns",25,26425,2313,39,152,2
"rDoa7KiJ3GQ",22,26416,64,9,4,3
"dV_KUI-Mj_s",24,26410,955,28,215,1
"c3cPEcWAvBw",22,26393,573,2,141,2
"B1Jm5lBHLLc",22,26389,1989,42,233,1
"fxWaoKSG3r0",22,26383,270,25,59,2
"WLE7lY7mk2c",25,26371,2232,14,342,2
"MwSQ3rlraH0",22,26364,63,8,5,1
"HIytpNXuIsU",25,26348,270,18,43,1
"dbndun_ABMg",22,26345,644,9,31,1
"3Dvz1jnZWgk",25,26341,1609,57,85,1
"MWj47tpzEIY",25,26339,2006,75,26,1
"ormI4_9f6xw",24,26318,219,16,135,2
"C8SSWyjfBPc",25,26314,0,0,368,1
"KWkK9rpEhaM",25,26306,1849,17,245,1
"sry25ntQrVw",22,26303,237,21,30,1
"QDaGm-iphA4",22,26294,308,2,21,1
"JurR_Da551A",20,26293,750,3,79,2
"umlj_DBfomk",26,26288,940,111,188,2
"MflAt1y45Gg",23,26283,3382,6,144,2
"Dvi4l-e7yN8",24,26277,937,8,153,2
"BpUcatuz5AE",22,26263,1083,3,86,3
"ult7MBLWME4",22,26260,0,0,0,2
"p_zfjgL5DKM",25,26259,1727,46,34,1
"jLBRKPs1ASc",25,26257,236,34,68,2
"6Lbzz6qbWag",25,26248,1320,87,35,1
"RuVorzP_hjw",24,26236,27,8,52,1
"24PJPdJFYe0",29,26222,279,17,47,2
"hBtIljXurok",24,26217,47,16,18,2
"gKXMktV7EJ8",43,26214,598,3,447,2
"xb74PPCCSxY",20,26210,0,0,0,2
"OPOw42mPuUY",25,26209,272,8,16,1
"P12m1Wi79z4",22,26177,349,192,272,1
"h-xyjf32nRM",22,26168,1013,1,53,2
"U3rf0vSteUA",25,26165,1501,73,22,1
"r2krr0eilH8",23,26138,202,12,42,1
"StBPWwPX-YY",25,26129,1655,80,22,1
"k8Ji4gDzuiU",22,26124,0,0,30,1
"7JfCPAhdsKk",1,26112,28,12,5,1
"xfLz4UPmN3s",22,26106,151,2,53,2
"FYLuTalDZJM",22,26103,180,2,57,2
"fQPal3eSvls",24,26096,332,16,203,3
"0Ov7D6qAwTw",25,26078,310,36,242,2
"jVOWsvwC0Ck",22,26063,0,0,0,2
"IZkgBIN_qJo",24,26047,0,0,51,1
"QYRk360RvwI",25,26046,1320,44,51,1
"e6rY0GZb1Vo",25,26045,2597,25,306,2
"qTYmBYmShjI",25,26042,282,24,19,1
"7y5XDhtUXqM",29,26039,292,23,41,1
"hdE5f6sNojY",25,26031,1158,28,150,1
"qtPhbyLqmCg",24,26031,1641,59,39,1
"Pz1dFNvd9gM",25,26026,225,46,183,1
"2aVEpx9qD84",20,26017,254,16,114,2
"ot91T5fDvtM",24,26011,230,5,17,1
"bw-5XM5iOdY",10,26011,4856,5,260,1
"zGYcW-Z2i4c",22,26003,700,23,218,2
"ZWex15ZhDi0",24,26003,180,5,145,2
"aXBuRJauEOY",1,26002,267,4,30,1
"XNjNqpE61xw",25,25998,268,18,24,1
"RzWYzO4qPn4",25,25989,2560,18,477,1
"HDnMeMbyg7k",20,25987,480,7,44,1
"xAR6BEzSpzE",22,25978,117,10,10,1
"z1l5F1YrvzQ",24,25963,909,1,55,2
"V6YUrhlYlEY",17,25935,84,5,8,3
"kqrrleuAKnk",22,25923,198,26,52,1
"NAQd5BjtgA4",22,25911,1229,33,212,2
"n_9kn5zCEDI",22,25907,0,0,29,2
"JGgyk3UFXnI",1,25899,401,5,56,1
"Je_RyF6ACTQ",25,25896,219,15,61,1
"Rs-bFEiD8x0",25,25882,2710,21,476,1
"3vNuY2fPfNM",24,25867,50,1,10,2
"eQn5xD5ygjQ",25,25848,0,0,215,2
"_g-KxMNsV-A",26,25837,39,9,0,2
"W6g1jurOoPc",24,25827,695,2,33,2
"rAYyBrOtWec",24,25823,65,34,46,1
"7AxxWJ2hjXo",25,25817,3143,24,331,1
"0rt195MP94I",25,25812,1845,71,38,1
"9ihbTfQA0j4",24,25809,454,9,38,2
"nYAsNSdkW-w",25,25809,2020,58,99,2
"8WkGgwu1o5E",22,25805,447,4,36,1
"BZs53OdKzog",27,25796,139,10,57,1
"9tbv9WUw_rM",25,25790,1405,67,46,1
"yYhXRjoFJFU",25,25778,1480,75,295,1
"dl-SWoh3Sgo",24,25765,875,5,27,2
"n5I3YkdKysk",25,25750,2801,84,427,2
"GKhMNpfdZLw",22,25749,513,5,170,2
"QfWGF0yLIPQ",24,25742,1000,7,152,1
"MrXiShqyG38",27,25733,1590,55,267,1
"lK58kDfcdsg",25,25723,1468,44,111,1
"qgoj_-pmiXs",24,25716,1339,41,94,1
"8reDkKEbmZQ",24,25705,415,3,22,1
"juIz5nGiwho",25,25695,32,7,36,1
"uuxAsFnm4rw",25,25688,2716,23,367,2
"UUbaTme_Na4",25,25678,439,27,104,1
"CA7bmGDYPw8",15,25665,1191,7,128,1
"A066JqGlPlY",24,25656,51,19,49,2
"Nay8oG9X2sA",22,25655,141,6,3,1
"ZLJlVe1hB5U",22,25654,4228,7,201,4
"hdlixD6EH6A",25,25644,1883,27,27,1
"BTbPHvoNY38",25,25641,359,40,107,6
"5bb1nwtdEPg",25,25639,1467,71,44,1
"Fk1AZQkSokM",25,25624,2264,85,550,1
"tS0CO-5-uSY",22,25624,0,0,30,2
"zhUL4-tpUXM",22,25621,1355,2,128,2
"a7oHmap1pYc",25,25614,1672,15,133,2
"3FdAx8hcdQ0",25,25601,237,40,31,1
"AvGdBVVG74U",25,25601,2245,38,447,1
"SGR7CXgu2gw",24,25599,94,4,9,2
"1osrj2jffR4",24,25598,22,9,29,1
"AU8FhA_sTZQ",25,25590,1644,28,132,2
"lXZpRwdvgBI",27,25583,158,9,194,2
"8OcsNnSOkEs",23,25579,320,15,71,1
"0i5w9IK7B7I",25,25571,275,22,27,1
"K74sZUZtXYY",24,25561,761,6,87,2
"xT32hjy4cEo",22,25541,568,3,27,2
"kbytOCFP8ro",22,25537,2040,29,140,1
"cyx96IXLlRA",25,25534,306,25,19,1
"N6hq7jg7uds",25,25531,3340,26,237,1
"uHBgnvwsfAs",22,25522,446,5,58,1
"mJPi1Mzoeu0",24,25521,140,4,23,2
"bE8mMNPX-F8",25,25515,620,27,156,2
"t7Ww7-t19mQ",43,25512,312,20,299,1
"MUBo-rLHE2Q",24,25481,1484,1,125,3
"qjaY9lcwncY",24,25481,1903,59,39,1
"ThDXYhzjUTc",25,25458,1555,21,396,1
"VOBXd5huR5A",24,25457,256,14,69,2
"0BioMKBKJZI",25,25452,1660,28,174,1
"fY6o1dMLtsQ",22,25443,1507,19,135,1
"CRiV3NDYQrE",22,25442,1306,8,110,2
"TkOzqE1AL8w",25,25431,287,47,98,1
"Ck2o5KhU5os",24,25424,572,21,32,2
"tyXpy07x8t8",24,25424,1860,52,380,2
"IpKXheXDEwQ",43,25411,157,5,36,2
"IVug_3GcR9I",17,25407,51,3,11,2
"ZBeYXoTp-Xg",27,25391,957,45,34,2
"OA6EI6RDcP8",25,25388,1383,18,122,1
"wPA9hr5bBGc",25,25369,1747,133,52,1
"Tfmg0lhMnCA",17,25366,139,4,14,2
"jhMRAOrFm-s",22,25358,1717,29,106,1
"ddvSsU2QAa0",24,25356,97,8,37,2
"S1Q-tF55BV0",24,25354,143,11,130,2
"Ea9X9UbMHeU",24,25353,1796,58,141,1
"p-teQBxktPU",27,25333,1069,18,61,2
"FxBzDjvK334",25,25331,1656,89,39,1
"YS1LzDM3OMo",24,25328,116,1,12,1
"1Vnb9SbiDNw",24,25318,150,17,246,2
"z5pyO8DIyUI",24,25304,562,23,492,1
"8qNVDQ52xLw",22,25299,366,9,132,2
"GYoVbZUZ3nw",24,25295,40,19,3,1
"pEQcdxkRHvk",1,25291,221,11,54,2
"BKMLGfjC28Q",22,25287,1583,5,105,1
"tLTJrD_bKC0",22,25278,228,6,73,1
"zH4MS5K7Gh0",29,25271,2687,55,56,2
"629COwFa5Jg",24,25264,0,0,491,1
"MLUADxiH3lo",25,25252,1552,73,22,1
"nZFVUNNzhGo",22,25246,0,0,3,1
"jhR5JyTbL48",24,25242,53,2,13,2
"cmSKDcZinpE",25,25217,228,14,76,1
"VgyOwrGOS3U",24,25203,1734,51,34,1
"PZ9oiixigKs",20,25194,665,6,101,2
"sNyFogklLtg",17,25189,310,9,8,2
"IWw_gPUDU8o",25,25183,1434,42,94,1
"rSUbc3d5wmg",22,25179,911,14,223,2
"LwRVaIKk4_Y",25,25157,1608,91,126,1
"NaufkYchcGE",22,25135,192,8,167,1
"Y4MuwMo07mA",22,25130,82,4,69,2
"HA4lN_MiRnk",22,25126,0,0,129,1
"MSIN6A98sHM",25,25124,138,65,140,2
"ZFSrJpBSyU4",22,25096,377,19,148,1
"3sG-Qprg8-M",22,25081,117,20,14,2
"ZjlaHY4ouRA",25,25079,1716,41,58,1
"JSIa8-hCTD8",22,25070,470,36,25,1
"gtz3fQ3TaVY",22,25059,666,4,61,1
"4w5v5B--Mn4",20,25053,465,51,168,1
"wf3Wpb-x-Oc",25,25053,1382,35,72,3
"_4Pu4-jVPzM",29,25049,214,7,16,1
"65QEu7alzUA",22,25011,0,0,32,1
"FQGObEuCLDI",22,25011,505,2,49,2
"Wp61uKHTvmQ",25,25008,1889,23,262,1
"FhtiqV1gNwE",27,25007,665,9,202,2
"EH7DL1rzeuA",25,25006,432,17,69,1
"PH7mzjxwnEQ",24,24999,69,4,8,1
"G5rBiZ_QLGM",25,24992,0,0,189,1
"_DA8_09jT6g",24,24973,1662,47,17,1
"4fBE-A8sgIQ",25,24959,1457,50,39,1
"ekzqhlleji8",10,24957,139,16,34,1
"5FEaG7wbxO0",22,24949,366,4,9,2
"5IH9MyrVnfA",29,24942,232,26,26,3
"Dzz8zMCgaXw",24,24928,65,5,0,1
"377th36IGtA",25,24919,1512,44,51,1
"7oDWjG1EFFs",25,24911,2304,32,90,1
"bEol8sNz_vQ",25,24903,2503,35,125,1
"8bBY6hOyoP8",22,24898,1245,2,65,2
"d6bDqDW8z3c",1,24860,33,5,2,2
"KbqdQR-YnNg",25,24809,262,24,49,1
"7dRZne8Z0lM",22,24802,21,15,26,3
"LFO8Yi0HP1E",24,24777,530,12,67,2
"eQAjHwkdD1E",22,24775,55,6,8,2
"lT780TFqX8U",22,24772,529,27,414,3
"dSxV2yVkYHI",24,24772,218,3,23,1
"hWrvt5hJqQY",25,24753,0,0,228,2
"Ndv6hw6mm6k",22,24748,915,3,24,1
"B0XVLLgnnCc",17,24746,18,2,8,2
"8pcurgoNCpA",24,24745,409,22,49,1
"ORQG6vsviBA",22,24744,27,2,3,1
"PwcQBzDWIaE",24,24744,1633,105,55,2
"OEYGoEF2FxM",25,24705,733,3,150,1
"CalLpJOOU_4",22,24695,201,11,85,2
"jZXcnG5E-TU",25,24681,1583,48,17,2
"BJxYCwN3z5M",20,24671,793,20,883,1
"ys2SFLNfM3Y",24,24648,2277,76,45,2
"uv0F8VzXHT4",22,24631,0,0,22,3
"ITRzpqS5rcU",20,24610,3056,19,5583,2
"ss3XhUpQRDM",25,24605,1179,25,109,2
"0S16zCGjzWU",25,24604,288,14,46,1
"sFDN0vPaRh4",25,24598,277,27,57,3
"_qJvP2hdi1A",23,24596,35,9,13,2
"gIlBg1rVuh0",2,24589,72,10,34,2
"rp8buCOkQCg",22,24587,167,4,5,1
"W4A3L5xVWls",2,24582,1997,8,90,3
"z4vNn8sj8lw",22,24567,180,13,160,1
"IvFlpQGD1oY",24,24562,156,3,35,1
"nDg1hRKeveY",25,24561,2296,60,28,1
"mHDk3ydHPss",22,24547,194,424,453,1
"kEfAPsLr20A",24,24537,1604,51,21,1
"Wn3DzISsQRs",25,24529,2411,23,218,1
"6h_AFHIhcvE",10,24527,1004,9,222,3
"KQE-N4dwyOA",22,24525,788,35,133,2
"zPZoV5lnLw0",24,24511,300,17,166,1
"VyjQXxkxTfA",22,24509,1258,11,161,1
"6vxJo8vlQqs",25,24500,273,14,25,1
"cGQFcvsBNik",22,24486,1264,100,102,2
"RIgKCotu9pU",24,24473,311,4,37,1
"7L7oxqgfqDs",24,24470,34,73,25,1
"J9V1Ck4C_c0",17,24466,73,5,335,1
"T5yxue6Ddts",22,24460,2630,8,261,1
"eIK2ySzEmz8",22,24449,1934,4,238,1
"HkkWfhM7jRM",2,24433,2302,10,199,1
"btzYqvYUdcA",22,24429,1250,2,80,2
"6kFzFyP5Ujs",23,24424,221,11,13,2
"_d7GJgzhMVA",25,24405,1600,19,116,1
"326pBVPyrZc",22,24404,58,27,21,3
"i95qB7Or-7w",25,24400,1839,5,138,1
"UaHjNKVgang",25,24397,0,0,298,1
"4zKye_y-nQ0",24,24388,180,9,36,2
"HzXFA6zxjUk",22,24382,2185,37,88,2
"jEBefWgip1U",22,24370,254,5,35,2
"TDHmjPyqsMs",25,24368,2023,9,250,1
"o8WTit92CQA",25,24362,0,0,525,1
"ubyGObsmG-8",22,24359,152,20,92,1
"Lrb16EZG2-g",22,24358,106,1,51,1
"douYAlAqdaY",23,24354,1993,9,166,1
"A2QNUYTD7Jc",25,24349,401,17,33,2
"jB-e4lc31zg",23,24342,0,0,41,2
"DOtwiT1EGe8",22,24331,498,4,41,1
"SRcjd0K25wo",25,24330,130,20,25,1
"8Gx3vS0t9xQ",24,24322,0,0,720,3
"9TBRdN91Hno",27,24244,726,41,145,1
"m72esFj6lI0",24,24240,81,2,3,1
"tDXGMAJfd_A",22,24233,86,17,4,1
"Cjn6qslPWh4",24,24232,38,19,5,1
"E9BXwGKiuPg",24,24231,26,11,4,2
"IW7bBQgxNOA",24,24228,167,20,64,2
"agGBGOKI_N4",29,24225,323,18,42,2
"Px-pTbCLKtg",43,24221,76,8,16,3
"kfmQGf26XrY",27,24220,113,7,12,2
"qPSAmtzXLes",29,24219,0,0,15,1
"CciM_gpaOYc",43,24205,91,9,49,2
"F6HWmkd3F7E",20,24196,232,12,328,1
"sdHh0_FgEAE",29,24185,217,15,21,3
"Bd-XcRywhr0",25,24178,333,18,27,1
"HaWbPC2k-v0",24,24177,1507,50,102,2
"mH02MPHczK4",25,24169,1462,115,82,1
"6UntVbPn5YY",25,24146,0,0,497,1
"6gk94UvZcqs",25,24143,1011,25,121,2
"dKEAO1HNy2E",10,24119,86,19,102,4
"vTFzyPyw6Mk",22,24117,520,7,29,2
"wa2qKUPPTQo",22,24107,0,0,164,2
"_U-Dnjcnjxc",22,24104,510,16,138,1
"8Gkkd4LvuA8",17,24097,71,9,77,2
"8r-0btdA1Gs",20,24055,93,5,29,1
"n9UfksCAFWU",20,24049,301,14,171,2
"2p1J3KFwP2M",24,24040,41,6,3,2
"1dAxefUhZEw",25,24032,303,33,119,1
"dLfAnaH2Wrk",25,24032,73,10,26,2
"vtW3pknpbJc",22,24020,310,0,3,2
"_ijpHYh8JKg",22,24016,255,13,31,2
"WZLWLIBIyFY",22,24014,415,1,48,2
"JnnGh2kPcmk",24,24010,581,2,98,2
"97eP_W1BDF8",25,23997,1930,18,269,2
"tCbeBYBc2zQ",25,23984,0,0,197,2
"noRI42bBm2Y",27,23974,2044,22,273,2
"lUTFWVOZ8Lo",1,23972,132,4,105,2
"evbkY7303P4",25,23964,74,12,182,1
"1R9ZPBKyWUY",1,23963,170,2,85,2
"L5MNDpzAV5E",25,23962,37,64,118,1
"hN0p6B-NBzA",10,23933,65,39,35,1
"FX7XKDTr8qU",23,23921,196,12,72,1
"KLSmrhdjPT4",23,23894,153,39,46,2
"mvFZWyopfk8",22,23891,0,0,55,3
"jD288qNibl4",25,23889,1667,31,166,2
"v9KhTTVaMsQ",1,23877,35,5,29,2
"4KNkbKpB3Vw",10,23871,175,10,33,1
"fpM3YAp1C4Q",27,23861,735,32,56,3
"TtJFwkhQY-w",24,23848,136,18,16,2
"iA7cygcCjpc",25,23842,0,0,289,1
"0jjkWjC7GOU",26,23815,70,22,2,3
"NAzEvG4wC78",15,23796,291,20,57,2
"Xp-s3mKPmV8",24,23788,1929,105,132,1
"bmRVXCds5AA",22,23787,343,0,10,2
"yxocyNFiq6I",24,23779,0,0,179,1
"eyH6d4i5uJs",25,23776,1393,26,92,3
"n5CuFtpt26U",25,23767,33,11,6,1
"uvfrw_Vriaw",24,23765,89,9,17,2
"RoGpeHNokro",25,23761,1210,13,122,1
"hznEOnaYP0s",24,23759,1570,106,15,1
"AJZz44WjPME",23,23758,0,0,36,1
"BV5LLLQluV4",25,23756,1514,40,84,1
"c144C4mp4uU",22,23749,1329,11,123,1
"qMR-pksPbl4",24,23740,0,0,15,1
"dQXkp_yrxOE",1,23729,108,5,45,2
"DxFqp3apdhY",22,23718,827,6,50,1
"xeLLnlnN1ws",24,23716,1724,78,16,1
"oGvrA8bbI4U",25,23715,65,4,10,2
"wAyGbaU3NaY",27,23715,226,18,76,2
"HiWx1nuGWbU",10,23702,2736,34,370,1
"BvYMdSvm0yA",25,23698,69,27,590,2
"IbjSanLlNaw",22,23695,211,9,55,2
"NXtmbevWNSQ",24,23681,502,3,60,1
"KPTjHu_LMzk",22,23669,105,7,56,2
"zfNnOKNBJHw",24,23667,410,5,30,1
"bRnQoo72s0k",25,23649,861,29,150,1
"5rayRrKe368",24,23648,216,11,42,1
"ADyHkzveKsM",15,23632,356,10,89,1
"xIPFNkGxR-4",25,23621,1791,69,49,1
"9dQO0qKR9SQ",24,23618,40,13,4,1
"rrbjTvXFCAY",20,23614,94,2,17,1
"VXf5Fj12mek",26,23608,36,5,24,3
"s2XY4xv72mI",22,23602,840,3,28,3
"Jq7EtwFr8ys",22,23597,609,1,20,1
"KabhW0oe1Ts",24,23586,73,8,38,3
"s2Vcheepx8M",22,23583,514,0,31,1
"PMy3DQ13yx4",24,23576,912,8,64,2
"vdbfek92lHw",22,23569,566,5,85,3
"YsKae5I4TLE",25,23566,1858,113,56,1
"3oNXpidjFRQ",25,23539,2292,35,158,2
"ajpmlblM4KI",22,23537,122,17,47,1
"GoOm7GivEL8",25,23528,2206,10,153,1
"evGQ5V641gI",22,23527,511,3,37,1
"z6xylhF8740",24,23524,100,4,6,1
"rBkWITfQwvw",22,23524,1697,60,117,1
"p40SxAp8FRo",29,23506,0,0,0,1
"XvKI_RYg7aM",24,23503,828,4,41,2
"tMX_Ryfh43o",22,23502,2697,4,337,2
"dgCQ_qWccuU",25,23494,1295,59,13,1
"gpJI04NXX2c",43,23493,55,32,144,1
"R7iB5EcVgQE",24,23475,73,15,43,2
"rSpSWXCJ1os",25,23464,289,23,97,1
"psUGHT5T0YM",22,23464,1553,2,43,3
"5RjKMa3-p50",22,23461,0,0,0,2
"AD676BaZGHk",25,23459,201,26,29,1
"IiqNXXc_KpY",24,23454,25,13,3,1
"GtnWWDS3JWo",25,23451,1623,156,359,1
"6uJc1axbMVM",25,23435,1540,73,59,2
"dAuXiNpPh3o",25,23432,0,0,94,1
"z7uLe0Tm3w0",25,23409,1763,20,141,2
"C2Aw5HoDJX0",1,23404,190,29,111,1
"YPcsV8-4bUs",24,23394,0,0,53,1
"ZneZWOIYiWw",22,23392,2409,5,247,1
"jYQ4bsywwbk",43,23388,40,7,73,2
"w6M00BiJrTI",25,23380,282,13,111,3
"xcDGYwOKM04",17,23379,408,3,50,2
"Rxa4hBzh6NM",22,23367,109,11,19,1
"E-E7qHrdHdM",10,23365,349,8,26,1
"xc5cjkMdyq8",22,23348,702,11,77,2
"RcUtBLyoSoA",24,23336,859,8,288,1
"dhh6180TsYU",25,23330,316,19,25,2
"iP4Mwx3p1a4",22,23329,946,4,141,2
"g0qvQOQ0JrU",22,23327,348,1,2,1
"BCyBVOKO3dY",24,23324,500,4,36,1
"3tWFT0Tb4rs",25,23316,128,71,0,3
"Hwc1wpC5xS4",22,23310,0,0,64,2
"Lyf-Yjqx2vE",23,23310,158,6,13,1
"4cE4vfKW814",24,23307,1877,51,66,1
"KpXzK4q3zTE",25,23294,115,29,7,2
"pVI4lbAfzyY",43,23285,50,8,18,3
"sM5OtIZE89A",23,23271,165,8,33,1
"xzeN1B2IhSU",25,23266,1777,11,265,1
"OoYJP92nBS8",22,23252,58,0,27,1
"6HhjXw2urg4",22,23252,0,0,0,2
"74XDMAQcTWU",1,23248,64,1,91,1
"Ocw3YkGmcVI",25,23245,36,15,4,3
"38el9PCeg-U",1,23242,405,9,118,2
"Fc9kgHBnrU4",24,23223,171,6,101,2
"YTn-NoEadOA",24,23201,48,14,17,1
"6Rbh41KNTys",24,23187,1523,77,13,1
"_pmaavzWEww",25,23180,1847,53,156,2
"YfctlDWL164",24,23166,329,20,15,2
"EMDFUKBeTkE",10,23143,916,7,98,1
"dWLaQr-16R0",22,23141,211,4,10,1
"dUe3Przh_Qg",26,23136,94,24,3,1
"C3ubhAKfejw",10,23113,4115,5,346,1
"af8OyjWTeVo",25,23107,2661,58,479,1
"RETEKwGaSq8",24,23105,3869,3,352,1
"i7roKbZNbxk",22,23097,188,39,95,1
"ARSaBGIe2k0",25,23097,1523,46,21,1
"1CSkvWYEtd8",28,23095,3569,39,283,1
"aoazq6Ut_n8",22,23093,293,2,340,1
"1oBEmYs40pU",25,23087,1952,41,257,1
"CFALqb-pY6Y",22,23085,1051,53,111,2
"hXRXOdkvaG4",24,23082,1445,72,11,1
"cdRWTG5c-60",24,23081,490,2,16,3
"zcHDumS7ZnA",1,23079,240,14,162,1
"jTFRcKCV9VU",27,23070,1258,12,111,1
"j51tHHCF9sw",24,23058,37,18,3,1
"yO_1xs3z1x8",22,23055,0,0,113,1
"7Une7AFkK2A",25,23043,327,24,76,1
"rDp_DZL1f7w",25,23035,1729,40,196,2
"JzhYRoEkVqI",22,23029,454,20,125,2
"s_RAOrXsOW0",24,23025,0,0,8,1
"4r7Fy7yfFNo",22,23023,107,4,55,2
"GD5DQu5mRs0",24,23022,1569,65,99,1
"yigzaQo4tW0",22,23015,2194,24,155,1
"7EfD1znDmVk",25,23006,0,0,202,1
"KKItYegn9Ok",25,22984,133,16,82,1
"a5jpM7biXp4",20,22978,656,912,278,1
"Q-6G0WV7p6c",26,22973,833,8,131,1
"H8gRyDkWuro",25,22960,1151,36,257,1
"olvt24J-sGs",25,22958,785,28,94,2
"pZ0lrA6nqSM",10,22937,156,7,66,3
"R9YSmRPq5Qo",25,22932,1344,32,363,1
"qJjWb7BReno",22,22930,523,1,25,1
"4ZueuJBjaCU",24,22930,1231,1,31,1
"mBlH4EDW93c",22,22903,1504,14,189,2
"oA50TQbdPb4",20,22901,917,11,168,1
"gWutwSNhR54",26,22866,155,28,36,2
"7GFoqdPudtI",43,22841,102,9,55,2
"k7yapGpmvs8",22,22835,1385,4,109,1
"aSqXxhzXWh4",25,22830,2266,182,134,2
"I-ykX9kZ8Ug",25,22825,22,89,31,1
"LhEECMFoPlg",27,22819,771,32,119,2
"M_T_dhry6A4",10,22799,236,18,32,2
"zHBK82aPJjs",25,22795,0,0,225,2
"WTEus4DTgIQ",24,22794,631,9,113,2
"W3OtzSWmt9o",24,22794,0,0,25,1
"h6244pqdmCc",22,22778,112,9,59,1
"da2LE0nCKVE",22,22778,265,3,38,3
"PhjEH6dkYAg",10,22772,612,17,45,1
"ffza7m2HKtE",22,22766,0,0,0,1
"GA6ob2nAumI",22,22743,153,8,81,2
"I5Qu8DhaKB0",10,22727,138,7,17,1
"tPimm2sf8P8",22,22716,476,24,197,2
"_G2jb4hBYyQ",1,22713,379,9,115,2
"CWAxUMXinqk",1,22699,466,12,196,1
"Yq43jPI33Wo",22,22695,118,0,10,1
"Du9WF5s_kX4",20,22694,273,7,269,3
"F1__3f8iBYM",29,22681,277,19,20,1
"PewBT1D2mAM",25,22679,1511,18,83,2
"rEKY_w-TJqw",1,22669,537,14,272,2
"g4aXWKPKthk",15,22666,63,8,9,3
"339OKDuauzU",27,22660,692,30,147,2
"Kyr8lDWipoc",10,22652,229,9,46,1
"HCUxp1twP1I",24,22650,420,9,57,2
"rryjg5vXrEw",22,22644,89,5,9,3
"JttVQwL5Bc8",10,22636,0,0,14,2
"cmsLM22r9ZE",24,22630,186,27,142,2
"QargQDjiYcU",15,22625,156,8,62,2
"IHq3kVRVGXU",24,22624,1594,55,32,1
"mBkrcHM07Qs",10,22622,379,3,21,1
"PpyvncJx8pQ",22,22621,57,2,32,3
"lqGmNK5Ruz4",24,22620,201,6,17,1
"Sn1W4PH0oBA",24,22611,1799,40,461,2
"QuAzNkHSUpI",22,22610,1097,108,53,3
"k11rZn4pRmY",25,22607,1620,56,30,1
"3itbU0EqZHE",25,22584,237,12,35,2
"r9cOHGE9Dxs",25,22572,190,30,0,2
"zgkzxxI6nNU",24,22556,112,24,66,1
"qPf3aBOOEk4",22,22556,38,6,7,2
"3qXJw7Hl4gk",24,22538,120,1,15,1
"M6acsgRzXnI",24,22526,1747,36,86,2
"xeQWnqm5qmY",25,22494,1613,65,19,1
"fmgtrVwmEx4",29,22483,1273,17,109,2
"idV7ZskaTZ0",25,22482,1241,14,109,2
"FsfkIPDDvSo",24,22469,22,12,7,1
"7THZVVpSMRY",25,22445,1614,47,88,1
"6_VrMGyjm2g",10,22443,462,2,46,1
"d9OsryzCUps",10,22438,812,30,8,1
"0AUQaCXj8oU",25,22436,122,12,9,1
"mpJGWVI8tw8",27,22422,183,8,76,1
"ABb20la5XTs",22,22402,1022,5,111,2
"UbLaIlf0s4c",17,22390,30,81,132,2
"7FbeupyxKOc",10,22389,626,7,108,1
"hDRRu7a1W10",23,22387,0,0,41,1
"o9Dzmz51HyQ",24,22384,1816,109,79,1
"FCliniwvmic",27,22380,1295,15,51,1
"5YLZ-mkbLj4",24,22363,466,4,70,1
"VCP4yLTCXEI",22,22344,195,27,35,2
"9biqA2Agzp0",24,22332,186,7,38,1
"r5mZlzNOE-k",1,22329,278,9,117,3
"r1NSgKZiZDA",10,22329,49,37,34,1
"1qAeSmpzxjA",27,22324,327,20,26,3
"772kAp-wiwc",22,22315,137,17,15,2
"vfOFtKsq6SE",24,22314,44,18,14,1
"lAgUSpODnsQ",1,22312,56,3,14,1
"sxddKLFEk-g",22,22308,371,3,26,1
"uydame_GV_M",22,22298,207,19,190,2
"_T3XO2A-leU",25,22291,251,22,33,2
"42uAHLa0Pog",24,22268,69,23,159,1
"nbzDAlR4oG0",24,22247,234,16,42,1
"8cT6K5YHc-A",43,22238,41,12,89,2
"OPDyKmOi5YM",22,22211,122,2,18,2
"Q7ldBu35aZs",24,22210,1321,178,51,1
"PoFth21hA5I",24,22205,32,22,5,2
"pUgsaiJ1enY",22,22194,107,12,97,1
"St7tB-MVcQQ",25,22168,1939,48,109,1
"y5kXTpDxuzQ",24,22156,1864,50,158,2
"M1RAGGdrMEY",23,22156,771,20,335,2
"E4trRxfzmig",27,22151,1426,22,142,2
"lngOPVfDiQg",17,22135,65,6,4,1
"uZdpqRHvRmI",24,22122,284,4,70,1
"HSLTxdUD-VA",25,22096,195,26,37,1
"ctchHMJWZOA",20,22093,752,10,334,2
"49dILs_xdGA",25,22089,0,0,99,1
"GG07YlZBMqo",25,22086,1280,62,19,1
"ykKiDOimXfs",1,22083,127,9,75,2
"PBEey7PdyTQ",25,22069,74,6,43,1
"ENASxkoZZGQ",25,22066,99,4,58,2
"pRzWaNXYf1s",22,22061,461,3,25,1
"LFRDLsJ9oUw",27,22058,474,33,485,1
"0MW8faYAIAs",22,22040,642,2,73,1
"z5EPlfUDRok",22,22025,99,4,64,2
"cuGw6lwCyaU",22,22016,148,14,147,2
"TvcdO_8gEDQ",25,21991,1179,88,186,2
"Ui2_Cj1fDGI",25,21981,2439,43,238,1
"a0YVzK4xNyM",24,21980,36,25,2,2
"9J4KCrKvdkE",29,21965,241,10,21,2
"FoJHXoRKL6g",24,21954,0,0,24,2
"xdOFipvyDwM",10,21949,1580,5,55,1
"QoTD9yGtIrY",22,21942,362,3,46,2
"PJdVMUGc5AA",22,21940,1263,63,135,1
"OEAhqaT0khA",24,21921,125,5,4,1
"cR35xSisGkU",1,21912,124,6,90,1
"_CVzXwE_Q2k",22,21908,0,0,0,1
"3Xw5X9xYD1o",1,21906,70,2,33,3
"L0ju-P4JXeY",10,21899,1041,9,103,1
"4NHkxPXFpf0",10,21895,172,3,23,1
"cbaoPUnuQdc",25,21883,1231,51,419,2
"KshpDBbpmQA",25,21880,2473,24,81,2
"3AuvERBDGyw",25,21878,2345,16,144,1
"T9sLiCsMm_8",25,21876,167,17,44,1
"hFexYiTNZag",25,21866,1134,30,99,2
"oHfolUk9WWE",25,21856,2159,41,201,1
"yIXBivm_CwY",24,21853,928,41,579,2
"BX_u12o_-tg",25,21829,139,21,44,2
"caU2JX-CAz8",22,21827,2190,16,221,1
"-76o9Ja0dgw",24,21820,1168,56,13,1
"upUBZ8oBP3o",27,21817,2034,15,161,1
"bt_gS1nM_-s",22,21801,1653,45,59,1
"VmCR6BUZS1g",22,21799,757,10,25,1
"6cGgmRUC4-8",22,21793,218,6,13,1
"x39nU_SVzVk",25,21791,580,42,85,2
"nkeqB-_1SpQ",25,21779,1334,106,1517,1
"6s0JaKH9MUU",22,21768,157,3,25,1
"yeOkqEruvLw",24,21753,1788,47,140,2
"mstNgtZRp10",25,21748,53,4,23,1
"vDooskO-lOo",10,21738,182,2,18,1
"nxsWKD5YuWE",22,21727,445,1,65,2
"xuEpF342m1s",22,21720,280,41,734,1
"sEMz_cmmuvM",24,21717,1641,44,310,2
"5dzw3dp0ykg",25,21710,1658,11,96,2
"oz5H6PCSudo",25,21706,416,64,77,2
"fhjbxvOneVI",22,21698,556,3,16,2
"2Opnrahm-1g",24,21696,0,0,51,3
"wcdpCT0BLhs",22,21696,1141,5,119,2
"LfNu43ylYCg",25,21694,1669,29,217,2
"va-7jy1Fwg8",22,21691,41,7,35,1
"Kb3AILj6hUI",25,21682,437,17,53,1
"RXZ7cClSXlE",1,21677,24,6,0,1
"wv6kgEitKBA",22,21672,2209,5,300,1
"KQO10MsL1vA",25,21670,1469,42,17,1
"8f1D8w_UNJA",25,21658,1114,137,465,1
"4Xxvd0JAK74",22,21657,821,2,29,1
"1Zq74utLJ3E",24,21651,98,8,27,1
"Italo7fZdKk",24,21647,0,0,37,2
"1Qjo3nG5D4o",22,21632,195,11,51,2
"IewnGRBvcBw",22,21619,777,3,26,2
"NqyxITsC4-Y",26,21619,146,18,38,2
"jfp4xBH0-j0",24,21610,31,15,8,1
"Gpku-hg1FX8",25,21576,1600,45,8,1
"mfSF6DK_cJo",10,21567,90,5,10,2
"w7vCh8f25lc",22,21557,2510,4,220,1
"7jbQssjH3ic",27,21553,114,1,121,1
"WlYWZ1F2NJk",25,21534,1689,42,42,1
"9oc0uamNKFw",25,21514,1232,37,43,1
"5Juw_yBypgk",25,21512,1046,5,47,1
"NpjhdfSjJGo",2,21504,1451,14,302,2
"sd4iMAgwWv8",25,21496,1927,51,244,1
"_PgnO6oWQqg",22,21476,406,2,8,1
"6qDBcWN5rzk",22,21471,1182,55,90,1
"AvUwXMPOK2o",22,21463,18,7,21,2
"dK3xiRwVwGg",24,21461,1652,120,30,2
"a5XwpQTOxes",25,21455,1370,46,57,1
"FXhPZw_bLGA",24,21453,724,2,40,2
"ttgw5Bs1OhY",26,21428,137,11,37,1
"68h6A0ZpXck",25,21425,194,14,38,2
"7pdjQBKeJqw",43,21420,45,2,43,2
"2vcCqf-JBfY",1,21414,427,11,202,1
"KPtUcLJMMvQ",1,21414,126,7,8,1
"U_XnHMQJ7q0",24,21411,88,12,17,1
"ViR9gU9Blww",24,21410,1048,3,80,2
"AHZ7VAeRlbE",25,21405,237,27,12,1
"Htl2zXg1_zc",22,21388,1293,7,22,1
"41B3IcmDOMg",25,21378,1093,117,184,1
"S5Tz35utxBg",22,21377,1176,1,31,1
"laNOEz9o1Pw",22,21361,90,9,12,2
"w3gYtcZdefY",25,21356,38,34,10,1
"cXUZfjmvRTc",22,21350,1322,26,86,2
"5PZUJoh7Op4",25,21334,260,23,53,2
"N-ZefkaRSm8",22,21314,1025,2,75,1
"k7Z-FSBk304",25,21292,1574,54,20,1
"UBzZM9g10Wg",25,21286,1728,22,114,2
"62gRwJ-3-O8",27,21250,84,9,13,1
"AwfxbRnBQnE",24,21247,643,5,36,2
"g38ahAe7Fcg",24,21234,322,15,25,2
"DJ3pocfO5O4",24,21219,90,3,27,2
"RKLKTsUxViA",22,21209,621,29,251,1
"64WLWnqYLZ4",25,21201,1266,12,231,1
"O9d5hpzmUbM",24,21186,1413,12,52,1
"7kMmjIeC6Mc",22,21176,467,2,14,2
"c7XvGZ7qZ8g",22,21172,254,6,34,1
"BHLn4UokuQ4",24,21167,197,3,4,2
"0GNzb3QPL2A",25,21164,185,11,93,2
"B1NpbvITNoI",2,21148,19,15,0,2
"4ti-7SGx7vc",20,21145,269,3,67,1
"AZ7m3X3Xobk",20,21140,561,2,36,1
"9idJUh8tC-k",25,21135,27,7,16,2
"RruzElOtUh4",22,21125,364,0,19,1
"MWZIboO5wRQ",24,21117,1697,36,159,1
"ApPNQTgXRN0",25,21117,1252,49,25,1
"fa0K3155PbA",10,21115,179,3,32,1
"o96jzkaE3ys",25,21115,132,28,17,2
"NCeiwCBMFcs",20,21113,470,3,108,1
"PEh-VeVgqPg",22,21106,31,4,31,4
"PRyCvsTaq8I",24,21099,71,2,11,1
"ks8kHAi2a90",25,21091,150,24,21,1
"58RkWoRO50Y",22,21089,378,3,20,2
"zFQg37iXJKI",22,21086,150,33,8,1
"Xr8dlat--cc",10,21054,367,0,20,1
"8B5E1nJAKfg",1,21038,79,0,8,1
"HcL-Oc3mE90",24,21035,2065,37,210,2
"qgSdKICNois",25,21034,1249,44,145,1
"j57wpjk4eV0",22,21034,0,0,42,1
"B3qOoqUhp6E",25,21033,216,21,46,2
"zeWSIGvapQc",24,21033,806,0,41,2
"xYQaGrQjlDI",25,21020,1322,60,73,1
"NHrQNPqZTks",22,21019,576,4,125,2
"MFl47dj4I6M",25,21012,18,5,14,2
"ngiNEst8xl0",22,21011,0,0,91,1
"A5JdMMc5_3s",22,21010,0,0,0,2
"bTuIaG2CFUc",17,21006,94,2,53,2
"jXFsbMYv4IA",25,20986,178,11,65,1
"BufCQRWt_U0",22,20980,37,6,60,1
"UvuRzYNNq9Q",22,20977,38,6,31,2
"SlJmh-99FMg",24,20968,1490,49,48,1
"lUkFC6pj7Jc",1,20965,129,5,27,1
"Va8qeJ6NWtU",24,20954,145,16,197,1
"1E-d5VbaNn4",25,20946,70,113,148,1
"Pxze2mU1w3Q",26,20945,638,60,93,1
"7niLVY31miI",25,20923,86,11,18,1
"aBGlMwxj0jw",24,20906,1867,42,56,1
"ZoZtwNNzPbk",29,20905,204,13,24,1
"2On1W3vWwqc",15,20869,935,4,126,2
"GQuF_R5c4Jw",25,20859,226,9,54,2
"Sa4_HitAJbA",20,20859,89,1,77,1
"0MYXajLGVVQ",26,20851,0,0,47,1
"xnKBOhRDDVw",24,20840,1624,64,37,1
"kmjJ9K2jP90",24,20839,0,0,14,2
"5UWfdUDiiS0",25,20835,219,17,47,2
"KmtpesnhKQ0",22,20827,308,6,33,1
"vrbziBrsOQM",24,20823,85,4,42,3
"3yCmyl5tVAU",1,20815,369,2,239,2
"x3WGCSn2n-I",26,20815,47,14,0,1
"WchGYyydlVo",25,20810,246,15,45,2
"b3IAktDXRWA",22,20796,34,7,61,1
"KUfYZIQEeTQ",29,20792,188,8,97,1
"rCp826ysAlM",25,20790,46,9,26,2
"MlBDjaBcUx8",24,20774,54,13,15,1
"UMwnpcWZuAU",22,20773,137,9,12,1
"zZWzoYNbCt4",20,20772,235,6,40,2
"8enMlU74O94",22,20744,697,3,20,2
"o0sbiDfArPI",10,20741,65,18,11,3
"HBigo44k87U",1,20738,364,8,1402,2
"BNWFh7hcBMo",24,20731,286,31,52,1
"IEVT7MQL8Lw",1,20729,314,7,68,1
"sAyTUmTA0hI",1,20724,127,4,62,2
"jCEKyNW7O4c",24,20722,160,21,48,3
"gLLncSsTFlI",17,20678,560,6,69,1
"4yaMi6-bSTg",24,20675,15,12,2,2
"weKueJcgGyY",25,20668,112,23,52,1
"RLB6X8iF5JM",24,20659,43,16,61,3
"3i_wqOoLboY",1,20658,49,2,26,1
"ENSEiSJuUz0",22,20642,541,10,14,1
"VXskBE71tBE",24,20635,0,0,39,1
"kx5nXEDynUQ",24,20633,1520,67,5,1
"pm5d7NP5070",24,20632,247,4,37,2
"GqevlF5Fa9g",22,20630,717,0,17,2
"iXl_-Wwe9to",23,20629,217,8,45,1
"uHnhQOcrD8w",24,20625,448,2,23,1
"fcMAL18Vxyw",1,20619,150,3,203,2
"FQuV6udgBP4",22,20608,300,2,21,1
"JO_oKIsJzBM",22,20605,523,11,137,1
"mrZocBbT9EM",24,20603,58,10,34,2
"9sL7WmVoI2Q",23,20603,81,97,43,1
"8UIQKinsbj8",2,20584,2019,34,187,2
"z13BCPKUbwc",25,20582,1175,39,43,1
"Vcl32x6gRaE",24,20580,33,2,4,2
"xTqs5mJOpow",24,20575,468,17,1270,2
"9cPmmH6acGM",25,20567,784,122,160,1
"lQQ8W62fwpo",24,20565,1577,7,81,1
"JIy7G4_XnGA",17,20564,48,9,84,3
"bQPiBjCiuik",24,20562,1582,59,163,2
"xqGfGhHhj_U",25,20558,240,12,38,1
"3p6sRegs-c4",26,20557,240,8,43,2
"qPIDWejSb9s",24,20550,183,8,36,2
"C5V5A8JwgSI",25,20542,1242,14,124,2
"1fXiJjPp1qk",22,20539,886,14,295,1
"M_Mtb-XR4Us",20,20526,555,602,103,2
"Zf3DyjGG_nI",22,20521,576,0,22,2
"dP2fwy8VIG4",22,20514,155,1,58,1
"1JjKn86LIeY",22,20511,603,4,31,2
"NVxcXKkjAPY",1,20508,324,7,33,2
"ZwPzA2-78IY",24,20500,1786,19,114,2
"DTy3EgzAy1k",22,20481,583,1,10,2
"HPvmDj2AJxY",24,20479,0,0,39,2
"UIJigdOtPDs",1,20462,18,2,1,1
"9Tv7ZBSXdX8",1,20459,104,11,5,1
"kITs60r4HnQ",43,20459,60,11,47,2
"1k47Seh670I",22,20451,78,16,17,1
"RkhTQhbZ1M4",25,20450,209,21,17,1
"ZsysRMW7do0",24,20448,58,13,0,2
"VxFtbTADShA",24,20444,0,0,88,1
"j756eCjXJVk",10,20442,813,3,142,2
"VLTLrN3PoME",27,20394,935,12,113,1
"WH1ezCtjuYM",22,20394,1331,10,238,3
"rI76aSDO3xA",20,20387,370,4,141,1
"MNWnNyyop1E",20,20387,540,3,105,1
"8kXjIk1Kg4I",22,20382,58,1,22,2
"rZu650oRrpQ",27,20379,819,23,116,2
"4FKFLoNxiAU",25,20375,161,42,41,1
"-48KBs2lnkY",22,20337,356,16,185,2
"rEfsoxcDjHQ",25,20336,234,19,47,1
"UKob0Mpurjo",25,20323,2000,20,140,1
"vyZD2T_CCCk",10,20305,0,0,21,2
"CdNZdS7aw-E",22,20296,1123,12,87,2
"xXxl8DkDcM0",17,20295,56,2,47,2
"jYJzo_17TIA",22,20287,402,5,21,1
"_vH91xSl9mI",27,20286,1107,16,55,2
"BejUnSuwbvc",25,20281,2061,14,111,1
"IlH6ZDaOVxk",24,20250,0,0,39,1
"2MoZqo1k-8Q",22,20246,262,4,40,1
"qxEbZL1l9uk",25,20240,1456,16,118,1
"4tm6ETgPHJI",22,20237,802,18,545,1
"P0hLY6aw70A",24,20234,337,6,37,1
"gpWHYtrHMjM",25,20215,449,4,9,2
"XYyjbKjZq9c",22,20198,1059,5,201,2
"vlDR9tcVrGo",26,20186,29,14,0,1
"R5XlcfTOOA0",27,20185,1320,21,103,2
"YjEPOKI61m8",25,20181,489,31,370,1
"sZ1qqyH-XaQ",24,20163,1416,91,53,1
"nStAI9LRqQ8",10,20153,602,7,55,2
"iOv6ndjiWIY",27,20153,0,0,68,1
"O3S2lmCzixs",22,20150,186,5,20,1
"zb9n6SKOZao",25,20147,1669,24,131,2
"xeK_DvutfRY",27,20142,1301,61,143,1
"P-m0CLIXZjc",25,20142,1612,19,84,2
"rM3LbBANbz4",22,20135,75,2,22,2
"sgVNvgf-Hv8",15,20119,188,10,28,2
"j5xRfr1T-04",17,20105,274,4,140,2
"tD5obPm4pME",25,20094,1410,125,55,2
"iFs-LPrxkdw",25,20075,1183,40,24,1
"FCQ0WpfhZLg",25,20073,287,10,32,2
"Vdhfc6sgGS0",22,20070,38,9,7,2
"Hi8jUD4J6UI",17,20062,292,6,42,4
"Z5bVHkYksyU",22,20061,311,15,63,1
"UWI3gbjL0k4",25,20051,1787,0,29,1
"BwMMHU-GkY4",25,20041,172,1,35,1
"tPlwdCi-6yg",23,20030,0,0,112,1
"EFP3YByttc8",25,20025,1046,23,120,2
"Qy929dWtyZs",22,20024,431,2,16,1
"fvs7uHMRRt0",25,20008,125,14,13,2
"b9O1r2W4KRY",22,19999,177,41,99,2
"qMC_Pds24Po",26,19992,1231,28,0,1
"ugO5xcnGGug",22,19990,0,0,32,1
"5QincIwmWWc",22,19986,406,2,33,1
"u428xfgCcro",20,19984,938,16,331,1
"QtoS1bF3o2Q",25,19977,1634,98,187,2
"aTzSm8ER_iM",22,19971,890,3,55,1
"NcGNFkvoZUU",10,19966,507,4,62,1
"B4dDqTI33hU",27,19901,106,8,2,1
"W9cBZjljduc",25,19894,2193,27,146,2
"oJV2Oc2K0Ao",24,19857,162,1,6,2
"Z--rg2mTmMM",20,19851,261,2,196,2
"amcYJGfDKBY",44,19845,3,0,1,2
"y2v-SV7rELo",22,19834,0,0,1179,1
"lfCwD3A8SAU",25,19830,329,23,10,1
"rWlrCvBc76E",24,19817,918,3,112,1
"M9EOpekHZI0",26,19812,83,10,6,2
"BTC9bQSVLoE",24,19811,548,4,30,2
"kW0uPrRxepI",25,19800,1591,23,76,1
"lHdNM7J3kfg",17,19799,301,7,115,2
"R4ZGOz7ZE20",22,19797,75,4,2,2
"VZwhPBd07WI",22,19795,144,24,25,2
"ophIIKwMlFU",24,19780,41,5,5,2
"Hoo0QS5bdFM",22,19774,651,3,16,1
"2IIEDTA8T5Y",1,19762,105,2,8,2
"eGbDewbpJe0",1,19750,75,3,25,1
"N2Ikq3Jll2I",22,19742,80,32,0,2
"SBZFYuBRpzk",22,19737,460,10,18,1
"NdUL0Fu3LpU",22,19729,2027,19,145,1
"LD0OnClITPU",25,19719,1503,29,268,1
"pClw19ae0pA",24,19708,1149,19,100,2
"FUZbKG9H-Js",24,19705,39,7,14,1
"RmG7udpRu1M",22,19676,636,4,25,1
"Ms1lVeczZ50",22,19675,343,6,106,1
"Pg_1X_m6728",22,19670,826,0,65,2
"P7otViiwA9c",27,19638,778,31,155,2
"RyX0z-vJjYQ",24,19635,0,0,128,2
"OJ78ROpzm9k",2,19632,1654,9,69,1
"oh7GTEEw4Nw",27,19625,1135,17,211,1
"vSyMuKEMk0o",24,19617,1873,52,136,2
"Woay1rvs9ko",25,19612,108,12,148,1
"63VGh6f_soE",25,19610,243,33,44,3
"arVhcPO6wpg",24,19605,866,4,64,1
"itRNgCe5IYU",24,19601,58,3,1,1
"sG2tLWNJQ2Q",22,19591,1276,16,79,2
"Mfm_iYmw2BU",24,19588,1620,15,253,1
"m0ridNzlrW8",25,19586,1038,20,36,2
"VybvpWyfJ1s",2,19585,1920,10,125,2
"PuaCaINukBQ",24,19582,128,3,8,3
"KpzHS63vUDU",24,19569,94,31,21,2
"Ipa2wgNtWCI",24,19560,145,2,29,1
"U_7dKcBsqQE",25,19548,1153,44,25,1
"a2aiQdJiNhw",24,19530,80,5,60,1
"Yke-NcO-DLM",22,19525,981,2,104,2
"NiNvmXjqw2I",23,19517,143,0,20,1
"2hzOoABobN8",25,19509,1151,104,146,1
"gUY7rlruQJU",22,19507,0,0,0,2
"9PhUoOVRkSA",20,19507,99,69,158,1
"pc1GoalCgcs",25,19507,1806,35,63,2
"tOVNTXz-8mE",29,19506,302,17,45,1
"EYPhn0ktzkE",22,19501,435,1,31,2
"EWLx7FjkMJU",24,19497,0,0,31,2
"sGriqjkAscQ",28,19487,117,53,0,1
"3-O7jslKoFY",25,19485,642,1,62,2
"D-eBxVsXKdU",22,19483,839,2,66,2
"9ZmqgX1v8ZE",1,19482,78,18,3,1
"XrtITTPUzuA",25,19448,1488,29,204,3
"oy7ZIM521-0",1,19447,409,15,144,2
"T66dJJiXRB8",24,19437,346,3,6,1
"n6McMT8E5SM",22,19427,1289,7,178,2
"zT1Ezw1CQZ8",1,19416,192,4,16,1
"tsDFUo-srtY",22,19413,241,19,47,1
"_sJP4p4kq88",22,19407,522,1,17,1
"CV2Tcqs_Bt4",22,19396,751,3,64,1
"9rQRWHrwDiQ",25,19389,251,29,20,3
"ezzE1OsmAq8",19,19379,47,30,40,1
"Ivr9a4ahxJI",22,19379,720,2,181,1
"CcbMRP-miNk",25,19375,1405,23,101,2
"xF8IQsubd_M",23,19371,1394,3,52,2
"WfXc7Afv8Ks",24,19364,109,18,49,2
"eoQk_bbgPQQ",25,19352,147,23,44,2
"aXpHgwYsAN0",24,19335,269,7,86,2
"n_yHL7teD6E",25,19331,2021,65,125,2
"IrxtheMCWOU",24,19323,1425,46,14,1
"i-ej5IxY_tw",10,19317,47,15,2,2
"fb-O4VcBZyA",25,19305,1832,16,146,1
"lQix_kSIkug",22,19304,1494,5,52,1
"fs2TGMCLCac",22,19302,353,13,63,2
"ay2xB_9y6GM",20,19279,471,435,0,2
"Rwn1ON7cJsc",25,19278,1455,11,110,2
"yFs01bDs7yg",25,19261,566,4,38,2
"l4ucT54ibUw",24,19258,1852,31,237,1
"IaPCwSa9K5w",22,19250,137,16,47,2
"Hh4xeARY1vQ",24,19238,89,19,9,2
"DqPHSz5y_hw",25,19224,1866,24,106,1
"4Kan6FaOFGE",25,19223,1435,24,116,1
"MMkqya7J3mM",22,19220,137,8,65,2
"YiA906ytx_I",25,19217,197,19,62,1
"LwQgOg0pVzY",25,19195,0,0,7,1
"7B2g23dk-UU",27,19188,1092,20,44,2
"lhvtLovPPm8",26,19184,1141,28,0,2
"I-mHEkNxfGs",23,19181,0,0,66,1
"XUzY9KDMq2k",22,19176,1353,1,33,2
"TQeK1Hs95uA",23,19170,612,3,38,1
"tegx7KXs49c",23,19167,1187,3,184,1
"nXzWuR7PY3o",25,19150,194,25,34,1
"T8pSxsFEv5s",24,19142,151,9,78,3
"W-avd4Chw_o",24,19139,1674,115,259,3
"AfXXcg0LrJs",24,19136,1193,54,93,2
"I5dtIc7g8kY",24,19129,659,2,100,2
"pqQEkwKN2pI",22,19124,404,2,31,3
"3oH0QYFcFXA",22,19106,176,4,83,2
"FPdTzW7-3Gc",24,19105,35,26,4,1
"ViP4CVp9XF4",27,19090,211,3,100,2
"D9rjrpQ1-C8",27,19073,1022,27,104,1
"E4qhytCVHQA",1,19069,44,5,20,3
"UYYoR9pataI",22,19056,39,7,15,1
"V1FA9Dv8JyQ",24,19056,27,16,3,1
"Q2vCDqfX4M0",24,19054,0,0,36,1
"IoPigSSpaHM",43,19039,36,7,67,2
"iEBUpo24nLw",22,19034,110,8,39,3
"qvHwbzdQQyQ",25,19031,208,19,31,1
"YzS_pPmevd8",25,19023,209,19,17,1
"GR1uNzTewAI",24,19021,134,5,59,1
"R6_nrVWaBK8",22,19010,119,2,50,2
"vBUnFsRPy2o",25,19002,160,8,10,1
"1mW-gg7L0Fw",24,18996,202,9,0,1
"EvwW-JW75rM",27,18995,108,10,24,1
"noodiIkJiOo",22,18991,1457,2,107,1
"jTi1EHYu7DE",22,18976,43,29,45,2
"ojWUfta_HyE",24,18964,91,9,106,1
"tj4P6WpLMHg",22,18964,46,8,15,1
"XEY2N6eV0LU",24,18955,755,2,101,1
"A0psEp04qxo",22,18947,610,4,36,1
"DnDBWKgjJ0g",24,18943,0,0,33,1
"mVPmIny-gZY",22,18940,115,14,33,2
"rE8yrAeMy2o",15,18940,1030,6,382,1
"fvfhRunSS44",22,18934,1222,24,113,1
"uK646AKnSeo",10,18921,66,4,1,1
"sYlCH78u7g4",10,18921,1065,11,184,2
"y9HvRh8WyV8",22,18917,703,3,18,2
"cTA3uLNElPQ",43,18910,35,3,21,1
"JIqH6TaZFAg",27,18905,1222,15,151,2
"vCESX1YZMJI",24,18904,203,9,139,2
"duZb2zcuGQo",22,18892,424,7,82,1
"UEDId_AtF8k",24,18878,124,1,6,2
"Ga3v6ydX1G0",17,18877,59,4,95,1
"iYY1pZg4_eM",20,18876,161,4,122,1
"RvhRAVUJ2Ew",1,18876,130,4,62,2
"DKENZsdZ8Ho",22,18867,1334,2,223,1
"GsDXwDaBDTc",27,18863,609,27,122,1
"eHLfTRcjL-0",22,18861,110,9,26,2
"Umt7xXkKrjA",22,18847,1050,28,193,2
"rtXieTb_7G0",24,18843,557,8,72,2
"4GPCUByQIok",24,18805,1623,32,121,2
"Bodt1W-bBYU",25,18801,86,21,0,3
"TBJ7y0N9e1Q",1,18795,101,0,109,2
"MkqIdPSA_Ao",15,18784,557,1,203,2
"XCNr7u-myjg",24,18777,851,14,180,2
"TpST9J8wEjM",22,18761,900,3,50,3
"Wes39vVz0uA",1,18760,92,3,51,2
"TSbdxYGQ9CM",22,18755,738,2,38,2
"Se5kH2axq_E",2,18753,1434,7,140,1
"roZJIUTFf_c",24,18752,552,0,40,2
"LPHYVq6fd3I",25,18749,1541,63,27,1
"y6gpuJpkf30",22,18738,94,2,52,2
"fiRx3YwOqko",25,18730,1214,52,62,1
"KzlKHmtsAeU",24,18715,56,4,0,1
"5JnE5iPuBIo",1,18713,20,11,0,1
"pxZDcobj33o",22,18696,54,5,31,1
"xduuEyze5Ow",25,18687,1722,26,153,2
"cfhf9WSRg_0",27,18681,161,2,67,1
"_bW7h9_4_fs",25,18678,143,9,22,2
"IONwcUVRnLc",27,18669,1227,11,156,1
"w8f_rD0AqHQ",24,18668,277,10,101,2
"Rb91jSDMoUY",24,18655,785,4,100,1
"bLZgnL4azdc",25,18650,1728,18,139,2
"tsJn1sQYIs8",1,18640,137,3,81,2
"toL1KVfo3p0",43,18630,29,14,42,1
"6Jwn7-Rg10g",24,18629,166,13,43,2
"a0FmhM-p3f0",10,18625,196,2,26,3
"ak-8TMDZbxI",25,18621,128,26,13,1
"htrufT3k_kg",25,18584,467,96,347,1
"x7K3BwT7zgg",22,18584,1896,22,76,2
"UTA29KCFQ_4",25,18576,1091,70,53,1
"eFV5ZNIi2OQ",25,18565,23,7,52,1
"7VQ3iq9YWG0",25,18563,1398,17,44,1
"awYp4cL8x8s",23,18558,95,14,18,1
"NaYoO-whMfU",22,18557,354,6,31,2
"Iiukq_ilT0Y",10,18555,35,11,78,1
"sZPRUb3BQ54",25,18553,255,16,68,1
"7o883Easc_Y",25,18551,83,50,223,2
"lMcZ_Dc-mME",24,18545,1167,281,108,1
"PqqjgBPcrPA",24,18541,79,9,71,1
"YK2JcfSHaqA",22,18532,315,55,122,2
"8fxYN0_31H8",22,18528,598,0,27,1
"dJBgx8cVlTc",24,18524,658,3,117,2
"2BPRe3D2ke8",22,18524,1009,139,190,2
"pt_n3SzIR7I",24,18522,191,2,42,1
"s83CRGbj71k",17,18512,200,7,52,1
"3PuNce4CKuA",24,18504,88,1,0,1
"Wy3ZZRke54c",24,18500,418,4,26,2
"IrTcD9HgEZ8",22,18494,78,17,5,1
"uSbxvtft-Zw",2,18490,44,13,19,2
"AEvRMfXazug",24,18489,156,13,115,2
"PPmaq514Hv0",24,18484,577,2,13,2
"1_mVtpm_8AI",22,18473,1406,3,77,2
"WaTtNIvDy2o",26,18460,414,4,74,2
"A6USPehVzwE",25,18452,221,19,39,1
"vDO-d_ftaro",22,18449,562,2,24,1
"Gkamee3Q6nM",22,18432,41,3,16,1
"1HJnovyOeQg",22,18422,1352,7,117,1
"fHefM_85y_g",17,18421,52,5,23,2
"ppWhvAe2Jv4",10,18396,0,0,164,1
"o_QlXwrBdQE",22,18394,0,0,74,2
"_OmNKz6tJbc",27,18390,235,21,38,1
"IYeQdSdAswI",10,18370,800,3,105,1
"l5XZmJWjt3E",22,18358,748,17,209,1
"gBr73XWfXb0",26,18342,142,7,28,1
"_QQixpB8uDU",22,18335,574,1,26,1
"piKT3cZv8dA",22,18334,657,0,27,3
"WbUblpd91gY",24,18329,218,14,8,1
"uGPHGE3CWQ0",22,18327,125,1,10,1
"xbkbpIM0vy8",22,18326,497,3,108,2
"Q-fO0FiWLMM",24,18322,140,10,25,1
"E9r3LJ8plTo",22,18320,741,10,45,1
"3mJ-9dIubac",17,18315,42,4,84,2
"mRpOsfniv8Q",25,18312,179,72,85,2
"jVQuC6VvS9g",26,18299,915,30,0,2
"Q6pTyo2TXrg",22,18298,708,3,57,1
"djRhC7l1KZ8",24,18288,646,10,305,2
"C_su0aBRFc4",24,18287,1394,127,30,1
"DR4lVVUrj0k",27,18273,118,13,20,2
"rcxMXvNtwqc",20,18254,1123,3,116,2
"1YfJuIzWH_Q",24,18244,141,18,10,1
"xd7RT-20iHU",24,18240,44,11,154,2
"9hoLpiKrSlw",22,18234,981,0,16,1
"n1dt_GZRHvU",1,18231,59,2,42,1
"uycfgTFy4j0",2,18200,1736,9,109,1
"FOVEuWE_sHE",22,18189,251,2,23,1
"m1om7APU7pY",22,18188,173,11,8,2
"2Ie7NVBfmkY",1,18186,411,14,151,1
"LH3Fjc7zwJA",26,18150,2645,8,606,1
"i5chkfvylKQ",22,18089,181,17,6,1
"ne82zi-cY70",22,18088,515,3,20,1
"b1tIeCw0eEI",22,18087,221,11,30,2
"k8gXWmp-CCw",22,18085,162,6,112,1
"woBd3XXjDBY",24,18083,398,7,53,1
"efQEFl9rNrM",25,18081,228,11,60,1
"KvOqGJ3mgYM",22,18071,237,3,12,2
"Vpt7CX0L-60",24,18052,1678,38,216,1
"_98qRaoBjeg",25,18050,1786,28,138,1
"VpvLSUMuoHw",24,18041,2455,7,237,1
"7zoZ14Z3Lnw",25,18040,1369,22,197,1
"ioIW93lqHb4",24,18017,1044,10,104,2
"kKYEB3l4K1E",24,18004,58,6,19,1
"PCKqjLxGsr4",27,18004,308,16,55,1
"8Mq2ODW6flw",24,17998,35,6,9,1
"Y-ZZYUMyNDU",24,17992,0,0,17,2
"y2egzlu5nRs",22,17990,323,18,107,1
"JVq6TYQka0U",22,17985,79,1,9,1
"O-GpijXHFTA",27,17979,1174,17,135,1
"RfGMLZcBNCI",22,17965,588,1,92,2
"8dktN32uUOM",24,17961,52,8,2,1
"ANhl_L14B_w",10,17960,70,5,4,1
"BcVU-fGdhYY",20,17941,298,3,112,1
"mYfRHJQ6gZw",25,17941,1229,12,77,2
"1AmV_tc00a4",22,17931,701,4,19,1
"ob4j04NQX8M",1,17931,274,3,16,1
"g05tqZs6jGo",26,17917,696,20,0,1
"lqpC5lGUva4",25,17916,2695,21,147,1
"e_qVGiM8t2o",20,17888,385,8,76,1
"6wAFPEJDQWw",25,17883,991,15,110,2
"fH0zBK3giVI",10,17863,202,2,19,1
"7jLljy5Tm64",17,17857,328,6,124,1
"pGbfPPDOgpQ",26,17855,179,41,44,2
"FuidwJdv81Y",43,17854,46,2,17,1
"6rj32FYCw0s",24,17829,29,13,2,2
"NaJMoYUWxJw",20,17826,573,365,41,1
"aZa2qX3urGk",24,17818,36,2,11,2
"8cVBT1VxqU8",25,17810,1249,74,268,2
"Vxtr9R_vFyA",25,17798,1056,55,29,1
"5cavpceifdU",10,17793,866,3,86,2
"as_vWcZ1qnE",1,17792,18,4,0,1
"faDkhkxHWDY",10,17777,49,14,22,1
"bJHqUXkwuwE",22,17774,0,0,0,2
"ura_dkgZ-Ms",24,17743,1604,48,63,1
"HM4duV9gW1I",25,17731,212,19,34,1
"6M3UkEeceLg",20,17706,113,13,0,2
"YPdxt0z1gUI",1,17706,278,10,61,1
"lPQXkKjnUNQ",24,17694,1489,15,94,1
"2YkYfs-6YZI",24,17692,690,8,577,1
"NSP8TsK4URk",24,17691,23,18,0,2
"vyiOzscnlhs",24,17682,765,0,42,1
"4Jo1y2sEcm4",27,17677,888,7,57,2
"_UOKl9RKGNc",22,17665,893,98,44,1
"6iwRc8_1qJc",25,17653,1352,30,101,1
"1MIAW3wCWws",22,17624,78,8,17,2
"dErQzaTRZK0",22,17619,69,113,123,1
"OUmdzEY8gME",22,17617,0,0,0,2
"nP_Shf0HrFo",24,17613,1045,14,122,2
"5MpR5m9atKs",20,17610,473,2,55,1
"DTuN56gOSso",27,17608,1274,32,92,2
"ZQEuaqJSA-M",24,17601,37,14,58,1
"Hp7ZQcG2sU0",22,17592,417,3,23,2
"lMbOiCkCDN8",20,17591,477,8,242,2
"YF3Cj6D8GK4",27,17579,977,17,66,2
"_H-pgD1R8Cs",24,17578,370,0,29,1
"Zgahznq7f4Q",24,17568,141,3,108,1
"lOfIr4a5F44",24,17552,135,11,65,1
"qsXnjlETBM4",22,17536,421,3,35,1
"pY8Kp_1ef3c",24,17521,280,2,42,1
"QJT0UkVbTLU",24,17520,1467,73,36,1
"0QtiknTYpb0",10,17510,0,0,369,1
"bavFUE_QBZc",25,17505,179,14,18,1
"eygDSQF_BQQ",25,17495,822,31,24,1
"lnoWd7pC2eA",22,17492,807,4,80,1
"eWovB09izR8",22,17492,134,0,33,1
"B906Uyl-U_A",22,17489,0,0,0,1
"G5bRSb1oJBg",25,17489,1058,13,74,1
"6wVbwxcZsXk",24,17485,1191,15,79,2
"4mYm07J-ZCw",22,17485,65,17,20,1
"Rc_VRxaYlPg",22,17482,127,5,8,1
"LoVfU5OKAuQ",1,17480,54,12,2,1
"fx4DUW13vZE",17,17459,92,1,100,2
"VJw0g5ADvAU",24,17439,149,0,30,1
"7WgvzcDiSJw",24,17429,100,11,17,2
"AYS-0G1JAZc",22,17426,53,11,0,1
"y2qrCXeTmeg",22,17421,1100,4,40,1
"YXZlUEhlVSY",24,17409,57,4,92,2
"DWGCeHWOhJE",25,17399,209,18,26,1
"_PYO0U5ZVa4",22,17371,1727,2,110,1
"E_4Z4Fygixk",1,17370,367,16,113,2
"WXSHI8xD4S8",25,17365,1661,35,25,1
"06nAYqcthZg",22,17352,467,1,17,1
"ejsHl70yx8k",24,17350,1544,25,138,1
"utqSQ_EGTiQ",23,17340,48,6,7,2
"oyxQxQxmoTI",22,17339,128,6,9,1
"S-GKt7UTUoc",15,17329,1026,4,240,1
"vI8DcaukrrE",22,17316,86,24,20,1
"ygR9-_6apQs",25,17309,33,9,155,2
"gqVQpVZF5a8",25,17290,931,9,40,1
"nHDEvfZdcMI",24,17290,118,8,80,1
"DJexAMREPvQ",22,17288,379,2,125,2
"96ovH0MHCgI",24,17283,420,3,60,1
"eD8VbOSF_cU",1,17279,320,4,48,1
"bkurpr-3joA",24,17273,46,55,20,2
"MIaJ7szgCww",22,17272,0,0,35,2
"i-WdrvlbVU8",17,17237,340,4,64,1
"wQ-Z8mbhzCo",22,17233,132,6,36,1
"bediNbrsrmM",25,17220,2369,25,114,1
"hibXjKz6Q7I",25,17187,935,99,230,1
"Meuk3pcdm64",22,17182,0,0,28,1
"IsRHgBdCIHY",25,17180,1198,40,35,1
"RAardVx844o",27,17162,470,25,270,1
"jnsSVIZsv3I",23,17156,144,4,8,1
"GIN6wm4CRas",17,17151,16,2,0,2
"fyzDgCxD8DY",27,17147,1218,6,111,1
"DA_0dbBDWtw",24,17144,406,3,52,1
"xbez7wMqYsY",25,17144,91,23,13,2
"asXjMF2GWYA",25,17134,20,17,6,3
"6up3NAvNcfY",22,17133,36,3,12,1
"a4JKcX02Uhw",22,17131,1333,5,102,3
"pR0Fr1j7s28",22,17124,1115,5,34,2
"0GuOj1mjkXE",20,17115,35,4,9,1
"uuoizADtKOQ",25,17111,27,5,30,1
"gyu8C4C2YXE",24,17109,475,2,40,1
"eX9YvBlP1FE",22,17092,72,5,6,2
"5DBC-MLO4wI",20,17086,339,21,91,1
"yj5IcUqYKpg",20,17086,830,3,199,2
"IX958MubC7E",22,17076,361,2,19,2
"esojJP3sDh0",29,17068,225,9,10,1
"FfspALTnh_k",22,17061,86,0,20,1
"21K70lsWUBM",20,17058,133,25,19,1
"p5tA-n0AidQ",29,17056,228,22,5,1
"yBaweHEriVU",27,17053,910,11,41,2
"FuKpV0WREG4",22,17050,126,16,6,1
"qbI6wY84HOo",17,17047,62,2,27,2
"Fe-gzY6F56E",1,17039,339,8,426,2
"EK1SEVqyj1U",27,17033,243,8,46,2
"iTc-GaACddU",25,17032,1325,37,67,2
"wdTHNk_BmCA",22,17028,123,0,33,1
"e5Ezhj70mgs",10,17023,575,3,36,2
"tv1KFFg7xqI",10,17022,196,21,228,1
"YLKzaYkqfj0",24,16999,35,2,1,1
"zanaHm3j5l8",24,16990,166,1,13,1
"IWYM3m9y6I8",2,16988,227,25,15,2
"Yt96v5-uOz4",27,16971,646,20,59,2
"Tfv5YY6nGns",26,16969,122,7,34,1
"vV3zS6Fjyho",1,16958,454,10,442,2
"mJ3zbzerBPM",25,16953,196,24,12,1
"HdFHXWTd-Yo",24,16939,46,6,11,1
"gownP8JThFk",24,16939,1497,24,109,2
"L0gedn3YlvA",27,16908,723,23,74,1
"WWH-3wzM890",22,16905,142,2,133,1
"Dtu-fHLCYfs",43,16903,38,21,47,2
"StXNeo1MrxU",24,16902,0,0,25,2
"nVqetCQCO9A",22,16900,525,4,23,1
"UmJssD4ukC8",27,16883,142,5,0,1
"J2BUtHy_DWI",17,16871,66,5,0,1
"gWWw7ySQAjs",1,16865,41,15,5,1
"d4ZyM8_e5dg",24,16864,134,9,58,3
"0VbQ29ckTO0",22,16861,830,0,102,1
"YW0pOzcw3ZY",22,16856,371,2,19,1
"gE6IFmA0HEU",24,16847,1039,12,149,1
"B6wgzJuAG_w",24,16845,0,0,250,1
"hxC_2K6UXz4",22,16827,561,6,129,1
"XF85y2liN2E",22,16824,512,1,19,2
"LGAcaroeeYE",24,16801,1662,23,171,2
"jTnyKYnNZ0s",24,16801,299,10,135,1
"r7W9kj99YCM",15,16795,779,8,474,1
"XIiEl1FlBZg",22,16788,54,11,11,1
"xTsTTSmKOhc",20,16767,514,48,10,1
"8w8hGvyj8T8",20,16757,109,0,53,3
"XSbIStESpBk",23,16755,77,8,25,1
"Ypo5PWEDQWo",22,16753,532,0,18,3
"p6ENX9cN9-o",25,16748,190,25,22,1
"TU0fJ_JaWHo",22,16736,460,6,23,1
"Fi59owyDf5A",25,16728,68,9,17,1
"JyiolY_xI3s",25,16712,174,15,18,2
"203C9O_dkRs",20,16706,492,7,32,1
"fDv22WeNF3w",27,16703,0,0,50,3
"f1WVervmyhs",20,16699,0,0,10,1
"zZxAoblS0MQ",25,16675,1371,52,124,1
"msSfmqUV4XQ",24,16663,885,2,42,2
"0OeRRKjSqzo",24,16657,110,5,25,1
"SPvS_SCffUI",25,16651,1588,24,84,1
"16G8neTzgLg",24,16646,195,3,13,1
"UWS_d4l1r38",1,16646,105,3,58,2
"7ZbdeZkABJM",22,16645,1079,1,46,2
"-8w8djrLy-4",22,16644,101,1,96,2
"oJStEhgogDI",25,16643,82,13,59,1
"7syCuB99tJ8",24,16638,1479,36,153,1
"YGbjmp54FVQ",22,16633,541,2,20,1
"rxgTyV7O2QQ",25,16632,195,16,16,1
"gs6g_pZGVnI",17,16631,283,5,46,1
"Xc3pKaUPWK8",24,16623,82,4,154,2
"Xzypsvdly9E",24,16608,1408,135,102,1
"gMvkACgGMvk",1,16603,99,1,41,2
"OchsOaZkvg8",24,16595,1399,31,180,2
"7645uThoBQs",22,16591,578,1,30,1
"u_OTF2hpnGE",1,16589,245,5,0,1
"KM6BFGO2Oxs",22,16571,348,2,10,1
"D7ZKMC0mWzs",24,16560,136,9,33,1
"3PpafUrBnCA",25,16554,1357,44,24,1
"bT8IPZPi0TY",24,16552,1391,64,63,1
"1_DrvL3MTdI",24,16541,550,7,20,1
"S4m5lkxpSg0",1,16540,631,1,27,2
"U4oESvnJ9KU",10,16536,0,0,157,1
"giY_M4wwU1g",24,16535,1420,70,38,2
"3yMlIlyObS8",22,16530,343,15,146,1
"5DJuR3dHD2M",24,16521,1609,41,160,1
"wfR459VotO0",25,16518,1158,25,133,1
"odu5VddnsQU",27,16494,1116,11,117,2
"mCkX1LCQ0Qc",27,16488,723,20,123,1
"ABQbIDopo_k",22,16487,372,1,21,1
"1aWEHAw-gUs",24,16487,30,12,7,1
"Gpt9nhYafug",26,16486,307,11,70,1
"ZFjmIuXkowo",25,16481,67,40,1,2
"5AZ2oiZ6VfA",22,16467,146,6,65,1
"TPsH8I7J78Y",25,16464,1301,46,39,2
"_k6vG6rdLdU",22,16463,91,17,3,1
"qmCYy6DXj3o",29,16460,176,18,5,1
"AzGWxjt0tFs",22,16459,263,16,29,1
"27kkaFuhHyg",22,16457,17,6,36,1
"fN9InUaNiB4",24,16427,477,4,27,1
"aoZnr2eElpI",24,16403,274,4,5,1
"ZWcPTP9DiqY",25,16400,90,5,94,1
"CX6pYFDtLbU",1,16399,112,0,42,3
"L-EEIFoVSYY",22,16395,71,9,12,1
"axpahkWxSHc",22,16394,135,11,74,1
"AeWhxRcw_XA",10,16389,3726,38,389,2
"hzqFEQ0tCz0",25,16388,1471,17,149,3
"mOdqaIhg4MQ",24,16385,279,12,78,1
"dd4_XPooJUE",22,16379,150,2,8,2
"i80kzuFggsw",24,16373,691,31,145,1
"h3db4061B2U",25,16370,90,7,57,1
"IuMW-mhF-gY",22,16352,0,0,30,1
"IskO1Yj6sUQ",1,16350,42,3,6,1
"FEuMlhmXmb0",24,16337,624,3,112,2
"gIdhFmtFCJs",25,16334,93,13,8,2
"HD2WxV8yhio",22,16333,580,1,33,2
"2_zU7BikDAg",22,16332,33,2,8,1
"Bdr9Vd4e-1U",24,16317,1209,20,10,1
"K-PuHvkWtwU",27,16313,635,25,149,1
"hcxKRPKMcaQ",22,16308,322,1,30,1
"u25JrQuxgvk",22,16307,142,7,36,1
"wmih4YAgmCA",22,16305,315,2,15,1
"vSeI8Mv8v7s",2,16298,45,5,23,1
"eWuhpUBRdZ8",27,16285,325,15,13,1
"Rd9SLEKpiYk",25,16277,172,17,22,1
"qAcW06XhYDQ",22,16273,0,1,1,1
"sy3wmp531UQ",1,16272,202,3,167,1
"v0Hm-EfwGVI",24,16261,1311,85,84,1
"j94uLg0v7NU",24,16239,1091,66,39,2
"jlUyQBt7ZiQ",24,16220,564,44,0,1
"snuCCbZRHQY",25,16207,928,18,68,1
"iF3qJWXWE-U",29,16195,0,0,0,1
"u3San3BduvM",24,16173,2135,7,5128,1
"FajOYGUS-30",22,16171,6,0,4,1
"qvaaLCfVZoA",23,16168,768,1,65,2
"syWLVsXDtjc",25,16164,1428,33,20,1
"zGu0SWpazf4",20,16152,571,403,49,2
"OA1t3nQKg0Y",25,16147,1058,4,86,2
"QO7-sgyLsA0",24,16132,71,0,4,2
"utEcofR8zfA",22,16124,0,0,0,1
"eBSlLta8_jI",24,16103,40,8,42,1
"n9SW2BekVHw",24,16078,51,10,69,3
"ooHRy7JGCfA",22,16062,268,13,59,2
"b3u8rZadFKY",22,16060,38,11,0,2
"s2sNhWj1YCU",24,16052,24,4,0,2
"9kVkji1XBk0",29,16047,176,18,16,2
"XKwFZAWzvQk",22,16044,10,0,0,1
"29-XNVaNZus",25,16032,217,3,52,2
"zR6s1gfPu2c",24,16027,1191,18,55,1
"HNaK-_avSJA",17,16026,17,1,7,1
"B0y3XC2fhEw",25,16009,655,30,103,1
"EiHsfYkZFJg",43,16005,25,9,19,1
"j3NK5l7Nx10",22,16004,426,21,279,1
"_dR4emOth48",22,15998,1123,3,26,1
"sXT323NGvvs",24,15993,116,0,11,2
"xrgs0tUD6kA",22,15992,625,1,32,3
"l4L4DyhE8fw",24,15977,1273,55,11,1
"TIL869b3Ddw",17,15974,183,6,33,1
"m7RWxnPmlFs",20,15969,546,322,107,1
"n39JAuSkits",22,15938,121,6,53,2
"p8fhoBHN1lA",22,15936,604,0,41,2
"RDSO7WjPoYU",10,15934,106,5,69,1
"zj8aaIUV3Pw",22,15931,542,1,20,1
"4QfOqEGBJi4",24,15927,0,0,32,2
"mGOq6zweWpE",24,15925,1426,125,39,1
"4WIysD1A2_A",17,15921,61,1,32,2
"uU5B2uwx9u0",24,15915,1252,78,5,1
"uom7NAw4Ux4",24,15911,135,6,104,1
"1lm_1j08n3g",27,15904,953,12,68,1
"J7LZDFN7jLE",24,15897,447,0,31,1
"XuUKb-CH_dY",24,15890,1314,144,47,1
"OupRaYwV8Nk",22,15869,0,0,0,1
"6zWyDWlwca4",23,15867,364,1,24,1
"ceev7e8TbQc",22,15857,1157,1,54,1
"EGl_QdUroqU",22,15856,87,22,3,2
"BiTzlpqzs9o",10,15845,91,8,7,1
"_DLCz8KD8VY",24,15838,1360,191,40,1
"a7bGH5v6Um8",1,15830,354,11,310,1
"_K5JLVLmVhw",24,15822,765,5,99,1
"TsxkhdDRsDI",25,15814,69,13,105,1
"RrKoHGi3J18",22,15813,21,9,1,2
"pYII-b5pNhM",25,15781,1538,36,124,1
"651hNiYyCqM",2,15776,39,2,6,1
"Ssle4Yiz2rc",26,15776,55,4,4,1
"CeEA7nHApMg",22,15759,354,0,19,1
"K8tJXsMJ2yA",24,15743,164,15,78,1
"UBvUTc2Sun0",24,15738,327,0,18,1
"6zYmHOT3j4s",22,15724,715,1,48,2
"eaFsutcJpHg",27,15723,735,14,61,1
"9AOvdlcdpBU",27,15718,541,17,88,1
"eQNa3vdqDII",24,15718,604,0,38,2
"CxMMGIGOS0Q",24,15711,1229,81,21,1
"jM07A4720X8",22,15698,205,1,19,2
"5ULyhV8p4kg",26,15694,32,6,6,1
"ReHwsWn6zZE",22,15689,22,3,6,2
"Ux_qz_7zqis",22,15665,31,9,39,1
"p2MQ_KwBeoY",15,15664,875,7,111,1
"srQG45JxTZ4",20,15659,163,12,59,1
"KIo5xjabf74",22,15657,1367,2,371,2
"ZsdsscX-zpY",22,15642,176,11,137,2
"uvCwE_TjvD4",2,15637,1272,6,63,1
"b23QOuc3t8E",24,15634,0,0,2,1
"tN6fKvIZ8q0",26,15630,127,1,2,3
"r3FzT7ZFrj8",10,15626,600,2,126,1
"QIsuZwOglXc",29,15619,226,14,35,1
"ajP6MBpdx5k",22,15617,702,60,63,1
"g1iNtRKLBSc",10,15607,1730,11,194,2
"Nt1FiBmmIO4",1,15607,69,5,15,2
"Ve0bcqPCu7M",25,15603,17,40,65,1
"H2hWwHuRTs0",20,15595,1122,6,243,1
"sMrNH5rpqG8",24,15582,75,4,8,2
"q0xN-jDNGs0",22,15581,118,11,26,1
"rr4K_Aq9xKY",22,15579,33,2,5,1
"75Zl0AX0jAk",27,15569,588,23,115,2
"iunL_BSwQFg",24,15559,23,23,4,1
"bcIiRjge8VQ",27,15555,676,17,136,1
"q82CktZBED8",29,15550,180,16,24,2
"QeeomOEofDI",24,15544,84,2,37,2
"4a7LRLJoG7A",20,15543,92,4,64,2
"h5_NEHibsY8",24,15533,6,3,7,1
"hyWj3ZkgT-U",24,15516,18,18,0,1
"A4YIO_13d2E",22,15496,1179,3,85,1
"RAo1mGDCjYA",10,15485,47,7,8,1
"FmZRmfLcd7k",1,15469,337,12,865,2
"Sn22VdBgsCI",22,15458,20,1,8,1
"7XSp9_g49a0",22,15451,89,10,11,2
"aAuh1Wl94B0",20,15449,218,6,77,1
"SnkQenopbBw",22,15437,543,11,30,1
"W-Kt0vfQpSs",24,15431,28,6,5,2
"tarJLvdR00c",22,15428,1166,5,130,1
"g-25LsOxHqM",20,15408,0,0,0,2
"Xaein63_hAc",22,15403,519,3,21,2
"qAL03ZlmVp4",22,15389,126,14,27,1
"3QlKnSQhhZU",24,15383,304,12,237,1
"LAOjYl-Qn3Q",22,15380,90,1,29,1
"GdZBsz301yk",22,15375,559,3,54,1
"aZurLPtHX8g",22,15375,937,1,104,2
"zi_CULg-yZo",25,15370,550,49,64,1
"5BCmARgeRCQ",27,15365,44,14,12,1
"YpBwLxxNq6s",24,15349,12,9,1,1
"uNgMp0JZ2fA",1,15345,88,0,32,2
"zNjbnY18wZw",22,15336,0,0,10,1
"zgzxdFgoWV4",22,15335,151,0,27,1
"VRltXhyRsYw",1,15330,58,2,39,2
"f1IrPtr-LZE",24,15313,1515,29,31,2
"oVboboAro7I",24,15290,1365,96,30,1
"8S1JFvADWrQ",24,15284,46,91,25,2
"nKFsOFU_0Yo",22,15269,10,10,7,2
"74sp09ITAXA",24,15259,893,6,63,2
"Arv8Ao2wXHw",22,15240,25,3,16,2
"l2SIYBR36Zo",24,15239,1182,15,20,1
"HW7FurJ425A",22,15234,612,1,40,1
"TsCfGYA80Jw",27,15231,588,24,89,1
"QLX4Gd7vR-4",22,15224,0,0,17,1
"ImHfWkTRgJs",22,15216,162,1,54,1
"bAZBfe2bM68",22,15211,149,3,111,1
"ijBM_2fzkGk",25,15211,1136,45,26,2
"wq0JvaFycqk",1,15211,209,2,71,1
"3Q1U-Nxrgso",22,15194,0,0,0,2
"SmC0aLveu2g",22,15187,326,0,17,1
"irXdy3ANz0c",22,15183,1318,49,203,2
"Lg9kEd7dii8",2,15173,1185,8,56,2
"a2JwC8etju0",22,15173,383,11,73,1
"zoEO7SZKcIo",26,15167,1093,88,73,1
"sVjINFwxxLc",22,15135,38,6,19,1
"PK9pJMZOOpY",17,15134,32,8,10,1
"fBPkzLf6V8o",26,15133,0,0,32,1
"bZbknSA8sxU",22,15122,962,1,77,2
"b8HY9lmeFTM",24,15107,1279,86,40,1
"0H8l98-645k",22,15106,179,18,25,1
"Vi2lfHWdoO8",17,15106,106,39,252,2
"P_lcE5es2cM",23,15104,0,0,92,2
"70Htt0kv5i4",24,15079,204,7,103,1
"gSp2ymYnOEs",2,15074,1503,10,78,2
"EuYU3J619_s",25,15072,136,4,30,2
"eHoTstjvpK8",27,15056,71,6,40,1
"OQpxSAiY3uM",25,15046,108,15,10,2
"5urr5xl4z8I",22,15046,409,1,18,2
"xEoVZrTxIVs",20,15032,252,5,105,1
"_mQPmvYzQHE",22,15015,716,0,114,1
"qEBbVWUwRPU",25,15001,384,10,73,1
"vUUGoY6zSCo",25,15001,51,1,13,1
"SadAqThheHY",22,15000,69,10,2,1
"gGRsxtqCLgM",22,15000,40,13,61,1
"EGv7IkvZcvI",27,14995,1001,10,56,1
"jnuiY7ZGz9g",17,14990,19,2,5,2
"DQ1hx00YQgA",22,14971,727,3,67,1
"UEXpUmJAWuM",24,14962,1308,51,5,1
"O0o5pPU8S-w",22,14961,0,0,16,1
"CpjS76SEKfo",24,14955,74,3,4,2
"xDkdzje4_vc",22,14952,466,4,17,1
"hztXz7yRht8",25,14951,157,13,23,1
"MAgW61a7DmU",25,14946,386,29,15,1
"T8GUkMiFd-g",22,14937,133,2,9,1
"7KNGqNGqH_s",27,14928,67,5,0,1
"ec7XpYMIb40",25,14925,36,5,0,1
"VvtlASbUcHU",22,14922,405,12,0,2
"WzVYeeDZio8",24,14916,58,4,17,1
"ijNXhuQg8kM",24,14903,523,1,43,1
"4vGySvqaIqQ",22,14903,1069,156,150,2
"t85U_FPzZtQ",24,14901,383,24,62,2
"YHx5SHKtdBY",25,14899,113,14,17,1
"HoIjaah0lpw",25,14897,75,12,29,1
"uhoKvQhJMD8",24,14893,31,2,7,2
"i8w0VyXVmoo",22,14887,45,1,15,1
"MeEy74OQ92U",22,14885,64,9,11,2
"Q4qvNrOnkcU",27,14885,587,19,76,1
"OXCjjjWSd5U",24,14878,41,11,14,1
"y-n0y7xDqYM",22,14874,0,0,16,1
"SXcZGweahQ8",22,14866,427,1,25,1
"PGVmz6-1ODk",25,14862,170,16,20,1
"XIHfNPYLRSM",20,14860,42,10,6,2
"jQpSMllw2Cw",22,14850,113,17,15,1
"yR2qyreftR0",25,14823,27,6,57,2
"Ir213R8PAYo",24,14790,20,21,6,1
"P9iOtlF-5bk",22,14780,1006,5,177,2
"nfEGd7HI9l4",24,14775,25,6,6,2
"vgWoCmz-7W8",24,14774,452,2,27,1
"mxRLPhla88E",24,14762,20,7,2,1
"9_6qVc7Crao",22,14761,259,3,23,1
"C0SQucZPRHE",25,14760,109,17,13,2
"fX9mWvcMsb4",22,14744,0,0,8,1
"OFO5sKGyygo",24,14735,167,2,23,1
"xHUgVPQefCo",24,14723,1232,176,245,1
"eQdpkmCOzKE",22,14721,45,6,19,1
"ythZj_vLCvM",1,14718,348,9,79,2
"u8H6HxJaFtU",24,14714,830,9,730,2
"TgCSyOulX8U",27,14713,131,7,64,1
"vvQSChLtINI",43,14712,145,6,66,2
"4Asfwhtk9yM",10,14697,206,9,26,1
"HBfIA_2-pfw",22,14685,249,1,0,2
"V8Nz6xiBKHY",22,14683,218,2,5,1
"Rsq6DOFCNPw",24,14673,335,10,121,1
"LdUJF_HtnMU",24,14665,60,9,16,1
"XpliHBTV-BA",20,14663,286,6,108,1
"5eJebDjtQM0",22,14662,93,3,22,1
"SFUCgLNPwvc",10,14653,261,9,42,1
"jEIb1jrkV7U",25,14646,43,14,90,1
"SG1g1sYALxE",24,14636,1213,122,23,1
"sxBMTlSCg1s",24,14619,581,10,39,1
"TjK0-LXt3FA",22,14596,29,2,1,1
"c4GfJvBtorQ",22,14580,265,1,39,2
"knRcQ71Tg5Y",22,14572,1262,25,111,1
"FAj7jgVcFCQ",17,14559,59,3,46,1
"krjhh1VvarM",22,14557,135,15,31,1
"lo8dTPfaVDQ",25,14527,1531,20,127,2
"kGRvSqSnfUk",24,14525,1018,22,459,1
"G-PdHj0Ee2Q",22,14521,180,6,54,1
"MSyvon15cWw",24,14493,278,6,9,1
"CazMIst8ZbE",24,14493,508,10,216,1
"cwznh1cuP4Q",23,14490,65,15,0,1
"z2kfuMl0cQI",22,14482,915,5,63,1
"_WSK6qWtU4c",22,14480,238,16,0,1
"rSnHWUZvzrw",1,14462,244,27,428,1
"cyx_Izq2zsg",22,14461,540,3,19,1
"bSpEJrCeL0Y",24,14459,396,2,31,2
"jZMWpR6ORfo",24,14446,31,9,3,1
"z9rce24zlzQ",2,14444,1399,3,93,1
"nEDS2xyUW_8",1,14444,660,12,222,1
"LZ_MBD3vKGw",25,14438,100,18,17,1
"jzAZ-COgymg",22,14433,38,11,70,1
"pWZFMmUh46g",24,14425,0,0,17,1
"WxiRVnAsCTQ",22,14422,0,0,17,1
"bXoWlhtccS4",20,14422,0,0,10,2
"mIFif4aUb88",22,14403,401,1,15,1
"cRZodkkUOcA",25,14402,1128,22,47,2
"VhTgA0CTmds",24,14376,56,6,32,1
"K07B0FxqP7w",24,14369,1527,48,72,1
"0oabyyAsAIM",24,14364,1227,181,29,1
"VPtJKd1bMQ0",22,14363,644,4,56,1
"VnUp2EL8jRg",24,14347,35,7,55,1
"CxgOxPruQ4Q",22,14345,216,2,161,1
"8smzkKQmlOo",24,14343,865,1,69,1
"9CvIXSyI1Rg",10,14336,606,1,113,1
"XEvIsIwDpFQ",27,14328,146,4,50,2
"t0RpJSVP6AA",22,14314,135,7,31,1
"v9ClahJILRk",24,14303,1550,2,52,1
"5pxZHyxzT-8",1,14278,358,5,157,1
"EVdejLtoLoY",22,14278,37,3,23,1
"zBxrfOz-MCw",22,14269,217,11,48,2
"AQpWAt6Je-w",24,14258,0,0,68,1
"badslpHpcbE",24,14256,1413,9,292,1
"P_HQ1ZIF37g",22,14248,35,4,4,2
"UkFppNtcOw0",26,14230,26,5,2,1
"84f8iDEMb3k",22,14227,403,1,24,1
"oNZ167ntHkk",22,14225,38,12,21,1
"KtMWRWrh6TQ",22,14214,1554,1,248,1
"OZ73fwBPzxU",26,14210,6,0,2,2
"w0d98WAFk2g",2,14210,23,11,18,1
"E6BTapTuQmU",22,14197,283,5,15,2
"MJzZZgJ0DZs",17,14189,12,9,53,1
"OBhwPO1CUFs",27,14177,917,9,110,1
"aXxCF4bVEkk",22,14168,80,3,8,2
"ZY2SxJQweUM",24,14153,424,0,28,1
"NUXkEyG1bfg",22,14143,93,13,20,1
"sVcUtj3yJPE",25,14142,339,9,29,2
"cUmcW2iMJ2Q",20,14141,383,30,190,1
"UMY93lKnZqo",1,14113,98,1,26,2
"8cKZLqdEEdA",24,14096,294,5,22,1
"wI0yF0kCeJI",22,14077,56,3,5,1
"p8YSJ-LOeWE",22,14070,374,13,80,2
"jFfohb20cso",22,14059,778,11,39,1
"p81q7nKyZ9s",25,14057,1488,22,69,1
"dW2WIYbsI9Y",25,14037,22,4,0,1
"dACZGaeMd0I",1,14032,83,3,35,2
"xb1IVUfAv1s",24,14019,441,1,76,2
"xzvC2cTr7Rw",24,14016,56,18,20,2
"TM_MfZkpUJ8",22,14015,566,1,61,1
"iPe34UQjcRA",24,14005,0,0,83,1
"No81O0Kbxfk",22,14004,212,5,12,1
"yDd_0qKKpPQ",22,13962,469,1,22,1
"GcJLAEsL5Lw",24,13953,302,1,25,2
"etBucIEnu4U",29,13948,330,12,15,1
"E-j3EbhIK3M",17,13946,249,5,5,1
"Cnz4AvqFk38",25,13942,1696,6,104,1
"i7ZDPEhE3AM",25,13942,166,15,14,1
"foHEyY479co",26,13939,268,10,107,1
"gQ2cs46EQcI",17,13929,45,5,9,1
"cHP6bxAhXbo",20,13913,548,2,34,1
"4c3RQmjD_p0",1,13907,203,24,444,1
"vIQcY9tGp6Q",27,13905,210,11,0,1
"TFt9AKZPdyo",22,13882,499,2,35,1
"Ac-yilqzT20",22,13879,495,2,23,1
"H9pvQMktVxg",22,13866,1268,4,84,1
"kKVVXtZy8wk",24,13866,37,10,58,1
"Gtalm5k-Dts",43,13854,74,6,33,1
"MqX2uE_E8Ag",22,13853,345,6,37,1
"0v8CSV8Pm5A",24,13849,317,3,93,1
"c94Verg8mHM",24,13847,463,0,16,2
"VnZSGueWabI",26,13845,14,7,0,1
"PMwgYb1LP3s",2,13832,1325,9,149,1
"2yM3pWei_xI",22,13828,57,4,10,1
"1ThrXfr99sA",22,13794,208,0,38,1
"VDHqOrwW0tg",22,13782,312,1,10,2
"ZcIWaCMJDKc",22,13763,265,2,64,1
"IXeO0ydiwcI",22,13749,1112,7,60,1
"0JgtdKkjdA8",1,13741,290,7,123,2
"91V3o4cwbWU",22,13719,991,7,115,2
"GcrQsyBzr48",25,13718,1215,99,60,1
"21z41ig_XXs",22,13704,103,10,13,1
"6PIItf0xoR4",24,13701,22,10,5,1
"m8rI9Us0Y40",20,13693,109,0,19,2
"3fNuhqQM3P4",24,13677,694,2,49,1
"e1kqr3Agwuo",1,13670,0,0,19,1
"O5V8CUj-fmg",22,13662,610,3,55,1
"XXIM2VkxP34",24,13660,211,3,17,1
"GmYeylpIRoc",22,13659,722,18,380,1
"OFrqjjsF1XE",20,13628,221,2,112,1
"6UZziAkLLDM",27,13619,789,7,27,1
"3MzfOIW7EJo",17,13614,226,4,1,2
"HbQCHoZwmsE",25,13609,188,30,286,1
"9WWHnG5zQVI",24,13592,21,1,7,1
"QqhhkJmLyJ0",24,13564,224,4,13,1
"n5_d5teYn4I",22,13550,96,10,18,1
"oPhWzLMu7YI",26,13548,149,5,16,1
"cu1r7aUtge4",17,13528,148,10,93,1
"8QTrirEGzbU",22,13504,31,3,12,1
"krT1eZUuzZo",22,13492,51,2,26,1
"h9G3RKJMiw8",25,13490,113,19,4,1
"wdxA3yjlVaw",24,13486,1305,9,172,3
"R1KWgE9qsFg",24,13484,0,0,8,1
"lnSd5SxVBoo",24,13480,959,21,24,1
"kMe5YoCEGo8",22,13477,97,25,108,2
"PDbL3v0CbG0",17,13476,163,6,69,2
"WUsJ0G0PftQ",22,13462,182,0,57,1
"3K6O3J8GFdg",22,13451,125,0,4,1
"EAgcAgd-3vk",22,13431,336,14,131,1
"uDzjhqAFfxY",24,13429,283,7,52,1
"eZdE_Yg97rI",24,13415,454,1,29,1
"o6AIStOwyrE",22,13404,58,60,60,1
"65c_gfVQ_Ug",24,13404,68,4,39,2
"bNKcQfFHAbc",22,13352,70,3,8,2
"E3_euEruQwg",20,13348,243,2,38,1
"9ZE1mJvvGTk",24,13325,333,3,50,1
"qGzPBW-2iMk",22,13314,102,37,59,1
"_eZmVNI7zf8",22,13309,2273,15,1014,1
"LC3h3fowqkg",22,13300,0,0,0,2
"ptC-OlKP5VU",25,13284,336,8,37,2
"Club5NlsqXE",22,13265,913,1,90,1
"6PdFXBqB9Vc",22,13254,520,5,33,2
"tuFwUGXVZdg",22,13253,78,5,15,1
"ICO2ShPhP0Q",23,13248,175,1,29,1
"VRRLux-w3mw",24,13244,1098,88,26,1
"CwogUyimt7c",1,13242,56,9,51,2
"XJekVl577zU",22,13232,215,28,425,1
"vt_ff143FRU",22,13230,424,7,30,1
"ssvaa8RmZZ4",10,13225,575,5,74,1
"ERAqZO-gkqE",22,13223,752,1,52,2
"WSQZ9DXax0w",24,13218,138,3,10,1
"kjHleduGVTU",10,13218,53,7,11,1
"a23tHQR7teQ",24,13214,0,0,98,2
"htg7tOlJM8E",24,13213,90,3,11,1
"5pPi8Rh9cJU",17,13213,281,3,46,1
"6GEawVjs1hs",22,13201,1055,2,130,1
"CjuGZokmHjU",22,13197,14,1,2,1
"V46Qb02mBv4",24,13194,292,6,42,1
"iuWMGx9Apok",22,13192,0,0,86,1
"QFQlUc5xFtU",24,13191,132,2,99,1
"5hjF6Z6uQ08",26,13179,528,32,0,1
"lBx2cQcFA6k",25,13178,103,16,35,2
"dWK5g_FNZ9I",24,13175,205,10,59,1
"Xo0TH_hM30I",22,13167,18,16,27,1
"STuTs8R2RjA",20,13167,279,8,43,1
"XmoyrvfAk4A",1,13154,100,6,39,2
"8Z4_2Tv9swQ",24,13152,94,16,14,1
"Ef7iw_Nz6bM",22,13145,166,3,19,1
"X3qCTaFol9A",27,13128,34,2,8,1
"vs_gZVBHwr0",1,13120,45,7,8,1
"HLjQAFrJ2EY",22,13087,176,2,39,1
"7HGbn8_HhUk",22,13076,0,0,16,1
"lCcOAP60Oik",24,13072,0,0,14,1
"_4d2Iws0Vw4",27,13067,28,0,1,2
"6TxdA6YoQxY",24,13056,63,4,11,1
"6LRktEiF2LA",22,13053,45,9,5,1
"Wj3WjVdLIxc",1,13043,206,2,98,1
"oEelqmOFUUk",20,13042,312,11,125,1
"LYJGZaFLrFc",10,13042,0,0,17,1
"1tdlbEzhhTE",25,13021,68,5,6,1
"ds_Pp1ynzyU",22,13017,83,0,5,1
"PIRWVryou5E",10,12994,34,11,3,1
"2-CPYax0xTM",22,12989,0,0,12,2
"pBSKyoB8SEM",27,12979,114,1,64,1
"AdrX-ImlKPE",22,12976,80,9,20,1
"500cIv1QsJw",22,12967,678,1,92,1
"54h8Yjk7oB4",25,12959,130,11,8,1
"8o8QinOYZTU",22,12943,1070,68,83,1
"_Dl2HTT9BNg",22,12926,169,15,148,1
"HH1UXxHPpEM",25,12922,151,16,16,2
"H6alOJ7DYME",28,12902,191,34,71,2
"2L7fDhAGaxI",22,12901,735,2,31,1
"2ywftYhwBLI",24,12897,448,0,10,1
"ubZ0uDSGc3c",24,12885,15,11,23,2
"nXbNt8yj6RA",10,12882,80,11,12,1
"WTw4Ah2S8Nc",22,12863,0,0,37,2
"GR3XqucodQo",2,12844,1265,6,128,1
"QJSKy7o1ats",27,12834,27,7,3,1
"KoghM8mlPsc",24,12832,12,15,1,1
"zv5NFDZBoYs",22,12830,239,0,131,1
"xbwA6fd5p18",22,12827,0,0,10,1
"OTgWwDWdAKY",24,12827,1190,76,48,1
"9K86COAYsLA",24,12823,341,0,21,2
"IQ5jq8ruqQc",26,12821,129,5,27,1
"v8q997yxw4Y",25,12813,1248,55,91,1
"rtXYb8mrJ2U",20,12808,228,3,41,1
"P1hNXtky33k",25,12807,883,324,165,1
"rgdb0Ai0B6k",23,12807,63,6,20,2
"En_WzkcbLsQ",22,12805,351,6,51,1
"uXyaE1UVovk",22,12805,870,2,38,1
"bdX2nNFoI78",22,12804,231,2,18,1
"MDTAtH3SzKI",20,12797,117,3,27,1
"EQctOeiROg4",22,12793,119,17,319,1
"l2dbfYL69Ew",22,12783,920,80,87,1
"I8FYtoHHZkM",22,12774,403,0,29,1
"x4stj7RrCmw",2,12768,15,3,2,1
"DGQzuIypaXQ",24,12764,1354,18,247,1
"0yy_ekhaZIc",25,12759,112,4,12,1
"kImjmPCe7PI",27,12755,403,10,55,1
"rhPXasCWSbI",22,12750,71,2,49,1
"3eeVoo1mpwo",22,12749,188,2,13,1
"E2wN6oJJGYY",1,12746,36,3,32,2
"Bd_koEd3GlY",22,12725,218,1,8,1
"7VxhPMU0pXk",22,12712,210,1,2,1
"6BDtFQXJ9zY",22,12711,151,1,12,1
"Zr9snNAuRNM",10,12698,80,109,167,1
"zl5cP07wI2Y",24,12664,582,8,321,1
"v0AEN53CLOc",23,12662,397,0,11,1
"3igBUubpubc",17,12646,60,4,40,1
"HjTYXZLZkD8",22,12641,235,8,27,1
"qng1M-wcMWM",22,12639,0,0,7,1
"CcSzT1lulDA",24,12638,34,8,11,1
"w3cmuL7z2HY",24,12619,0,0,18,2
"YT4AZSOj8QI",22,12600,301,5,27,2
"nMlYlqXChzs",22,12596,36,1,14,2
"keEXRjp3XZw",1,12594,130,5,106,1
"h6wSScdLyQI",22,12591,54,11,2,1
"87HhCtHDAzk",22,12581,0,0,2,1
"Q-dkN1TO_ik",25,12572,59,14,3,2
"y3WuLvuLoHc",22,12563,436,2,21,1
"GewxEt6nao8",22,12556,0,0,15,2
"kfsp6csrW7o",25,12556,207,6,17,2
"jH_jqLWZPbY",22,12542,931,0,66,2
"CujHnDQSi5k",1,12536,522,4,147,2
"1R3IGIHIJJQ",22,12527,70,11,6,2
"Sx-gpxBft4M",22,12522,710,0,23,1
"PmdZc94Yxyk",26,12508,699,16,0,1
"e0sYTghrQwU",22,12492,49,14,48,1
"zHk2qzpxDiM",24,12487,15,2,7,2
"4hgrJ3NQD-s",22,12474,119,12,12,1
"Ih6YhZy5OPY",22,12468,96,9,10,2
"pkgEyZBLzeQ",27,12449,154,8,11,3
"MSOJ-7dFoYE",24,12440,366,1,94,1
"GOUI4XFoKr0",26,12438,116,11,18,1
"W8kpDreq2VA",1,12422,292,11,90,1
"F8dwf6McBKE",24,12402,1257,90,22,1
"_vGhAaoV1_M",24,12395,634,17,630,1
"pxijMiEmWCc",25,12372,20,2,46,1
"Q3GG3VraBOQ",22,12356,112,5,1,1
"20JFA2u5fW0",25,12354,364,9,15,2
"O74sy2_T65Q",2,12332,1160,7,163,2
"Bw7gEbjads8",22,12321,37,2,13,2
"7Verbo-3aw4",22,12320,85,0,6,2
"3VXs5eqiCxs",27,12311,794,13,38,1
"1IRZSOMdtHQ",24,12289,0,0,462,1
"50LmIoaSMbU",1,12285,290,13,147,1
"AdWB0XMYYSM",24,12281,33,1,1,1
"WEzjytPP7js",20,12245,49,4,28,1
"l-1BH0-58Lw",24,12241,1249,27,167,1
"9YfFy4VodCg",25,12237,1204,7,226,1
"VhdDBQpd16g",22,12234,398,1,24,2
"GLJPcuY7tck",22,12234,145,4,14,1
"j6oQ1eoijsg",24,12234,27,4,0,1
"9ZT4Kp52waQ",22,12215,54,7,4,1
"zsk8BHjqH6E",20,12204,531,17,631,1
"xENfH0_H234",23,12199,37,2,34,1
"Ff7LaOIdxpQ",22,12194,0,0,15,2
"p-9tmXbgvsI",22,12167,624,92,32,1
"pm8HPAMg0sk",24,12158,13,20,12,1
"P7BJqtZmRiE",25,12156,19,6,7,1
"0ZGznSRsj5o",22,12130,0,0,29,1
"PVzgsBSWT60",24,12126,838,2,67,2
"Dspo2MdS0Tg",17,12116,0,0,53,2
"n8Ru9grkMzE",24,12112,1090,23,50,1
"g8MnBBMiI6o",23,12111,89,34,140,2
"T98lAg2kUmE",10,12109,129,8,1,2
"WAUURe2rgoQ",1,12096,118,13,122,1
"m-uWyJkAAjg",24,12070,1307,1,220,1
"yadbfw0b6D8",17,12057,88,3,93,1
"2L8PPDqXGxo",24,12049,15,6,0,3
"vYZyhUyM6ys",22,12048,62,3,30,1
"vY9USdvogQw",22,12003,492,1,19,2
"yUhl-bELdGQ",25,12000,14,10,4,2
"KkGysWakgvk",22,11991,44,6,7,1
"MY3CF1rmDCs",22,11966,0,0,7,1
"rB1gISRi6oM",22,11966,3,1,0,1
"JPaWrFvZLH0",24,11957,875,22,41,1
"LGk2ZknrUJ8",1,11950,390,5,245,1
"aWWr-oUuSyo",25,11907,132,5,15,1
"0YzLlCYqau4",24,11904,271,2,28,2
"JDP_QEOiKdM",20,11901,446,233,70,1
"OA0t1KORhOc",22,11901,1373,17,85,2
"RvomigwrJes",24,11814,339,0,0,1
"LyWPeiJ8GI8",24,11812,288,3,12,2
"2S9IvgaJ_fk",20,11802,50,11,48,2
"kTLN2-zx4zc",22,11769,0,0,0,1
"tPy15FKILb0",25,11756,0,0,9,1
"Q4Q2P3lk2HM",24,11745,264,3,23,1
"DgQixeQcqvs",27,11729,145,2,7,2
"1ek1D5s4aRE",24,11715,747,1,29,1
"BQEgLog9cUI",25,11713,356,7,42,1
"zqvCUFU0iDs",24,11709,58,4,4,1
"0OOeoubyjJk",22,11687,45,1,6,1
"gsKxRoscjM4",24,11682,0,0,267,1
"a-CyPIbIn5o",2,11675,33,1,17,1
"SvafICGXjoU",24,11665,30,32,40,2
"_LKrO3275TI",22,11636,74,0,10,1
"IB93rWsRCio",24,11634,182,7,50,1
"MAGXhRRCLJA",17,11627,39,6,18,2
"uzXChjmi57E",22,11618,321,1,66,1
"HkW9Rg7iZO8",22,11611,4,3,1,2
"JWvLeWL0ce0",25,11610,1383,34,258,1
"31NT85j02Po",17,11593,37,3,1,1
"1r4SuHRV8dY",23,11590,0,0,0,1
"JB3Kctpuhgc",22,11530,150,14,60,1
"s0vHsCzg3QM",22,11512,190,0,4,1
"W0_-9GzTBsA",22,11503,176,2,6,1
"vVUqHIet26s",22,11499,44,7,7,2
"_RPJW9JVmCQ",25,11476,92,10,8,1
"bE9sXVcHbWI",25,11472,86,13,6,2
"rKy99NdXyjA",22,11451,263,6,40,1
"pcS91i3jXMY",22,11429,36,0,1,1
"dGjA90FD1sE",24,11428,53,7,23,1
"LHDEwyX2yqo",23,11425,61,11,15,1
"D9cqA8Qi_Pg",17,11423,54,1,51,1
"cC6XnHltDww",22,11422,0,0,12,1
"cxQfhlP4R5A",24,11421,36,3,4,1
"MsYjp78Hw_U",22,11411,93,11,23,1
"t4ukyS3BzqU",25,11397,67,8,2,1
"9RfxRT5WV9o",22,11395,129,2,16,1
"QbsoM0UbOqE",22,11387,57,4,4,1
"zvl0CNixEY4",24,11385,824,24,70,1
"ahIYwq6n018",1,11381,221,9,187,1
"PhLT15q0VCI",29,11375,1197,15,42,1
"65DihKyzDbk",20,11370,77,31,46,3
"UZyfvMSAsJo",22,11367,72,2,10,1
"GXyglkb356g",24,11334,16,11,4,1
"0bz_4XVv53w",24,11325,250,1,35,1
"qzBbbxYN-Dg",20,11324,20,20,0,2
"MlGShJZkFwk",22,11319,218,13,0,1
"V5sX7R4swTw",24,11318,353,1,13,1
"TRM7l0yI50U",1,11313,494,8,118,1
"CJSvGKL_ORM",25,11294,33,2,6,1
"xDd00jdAL_k",25,11293,21,13,4,1
"cax142hzErU",22,11291,43,8,4,1
"ZA1cnkuY5OE",1,11277,60,1,25,1
"e-lbcgI-xQE",24,11263,408,2,39,2
"W0GNLq1RxZk",22,11263,93,17,109,1
"zKv1bEMDa5U",24,11247,807,3,216,1
"GKzP85g-BDk",25,11240,22,3,0,1
"RdzX7Uf6a3g",22,11235,251,16,14,1
"yuM8pydugSs",24,11234,9,2,8,1
"rLPzPf2dPE4",24,11232,52,2,17,2
"bEDVnHDBbhg",22,11230,36,8,14,1
"8iSFKiDllL8",17,11207,115,1,59,2
"PVAdjcXL7EA",24,11195,53,7,2,1
"Vbw7RmIVt3E",24,11142,327,11,288,1
"_hJulk4p8wk",22,11129,85,2,4,1
"OlOQiBHsgYo",22,11126,201,17,55,1
"HcYKx022HPY",22,11121,60,1,7,1
"UlIA5x-WXM8",25,11105,135,9,31,1
"O9YmLSVJAKI",24,11102,1030,3,63,1
"Wj7ohMQ43go",22,11097,370,0,22,1
"bQHaNHNuTdI",10,11089,37,4,6,1
"it4uiUYK8NE",23,11062,203,3,59,2
"QSKLV7psNrU",22,11054,469,0,32,2
"sWhS4__cKA0",23,11047,31,4,16,1
"Jd29UsT2njg",22,11039,108,6,1,2
"n3oocEWsjRk",1,11022,102,1,42,1
"26NpBRf7AuY",22,10996,365,11,9,1
"J3hYmpYz4A0",24,10989,20,5,1,1
"VcCQeWjtHKs",25,10987,136,14,50,1
"C2KPFAOOkR0",22,10984,99,7,55,1
"Z0DB2pFTPoE",22,10984,109,15,133,1
"iCV8R_KMuR8",22,10978,10,5,10,1
"3SsGBUxeCPA",22,10970,57,6,7,1
"pl4Qam7A71Q",22,10952,338,7,33,3
"vauSTb-EkIY",22,10940,196,5,0,2
"5IKh-yYlYfo",25,10938,963,22,65,1
"r4vnMqKyqS4",1,10928,40,1,45,1
"ezsPwuJHK1Q",1,10922,42,12,2,1
"rlSJNHf01Io",24,10889,0,0,36,1
"gJPqSaIG5hs",22,10886,48,5,42,2
"oDXHXkVYXlA",17,10883,46,2,155,1
"IRWPLSGG3v4",24,10863,1464,3,373,1
"AfGDE_SgKtM",27,10861,727,8,47,1
"HsOq093UBTw",24,10824,235,1,23,1
"dg9UyRpmAhw",24,10812,101,2,55,1
"lpyGw6141o0",22,10812,25,2,3,1
"n0qPDFSDLX0",24,10811,24,15,66,1
"mWD8wTFn7tk",17,10807,38,4,25,1
"FlC9XdsVVCo",22,10806,184,1,13,1
"A2MVp4bWp_A",1,10784,130,2,81,1
"XASFsmXU04s",24,10768,378,2,21,1
"gfsvkmw3HrU",22,10754,243,1,4,1
"mkiRXeJV1u0",22,10753,238,1,58,1
"Ykbj7sLUTeM",24,10744,970,54,105,1
"YmLY2u7aG-g",24,10741,77,13,20,1
"YyXU0nZh4Lg",22,10741,189,13,0,1
"9Ba2MlWDxm8",24,10723,0,0,208,1
"XJY3hKIklDc",25,10708,87,14,50,1
"r4baqCr95v0",22,10702,91,2,41,1
"LzeQCBfk6gI",24,10695,1338,1,65,1
"LzwiaiJenSc",26,10693,87,7,7,1
"XCf_fEDoEo4",10,10687,426,2,56,2
"ubjTrh-ja4k",24,10647,713,4,43,2
"vQEQxaH3jnk",24,10640,257,2,13,1
"9g-_kz12DYY",22,10620,166,0,8,1
"TOtrN2tezWE",24,10617,452,1,42,1
"RBP4F3Y6pFU",25,10592,52,14,18,2
"4_GpL3-pGfE",20,10591,9,0,17,1
"p9Iv8ICcXw4",22,10563,80,4,18,1
"FMIip9OuQec",25,10559,37,53,58,1
"oZ1PLkuiVTc",25,10545,737,20,192,2
"7xt8K3bg8bk",25,10509,464,8,73,2
"ac8ogxo82Ec",25,10478,14,0,5,1
"NDoyZQrE1Hg",25,10454,126,9,29,2
"3RxOLrMUtio",10,10451,41,3,0,1
"_kcSD-b-eY4",22,10450,243,11,41,1
"7GZaPfOF-z8",1,10448,60,2,76,1
"zGpja5XI3fA",22,10446,0,0,12,2
"A5sRkbj4tpg",22,10446,204,9,61,1
"FkLtZIIXu_0",22,10443,55,4,12,1
"K9DrK3YhCn0",27,10423,571,12,35,1
"v44od4owYOs",22,10409,233,1,16,1
"2PDRMOHrpAg",25,10404,47,6,7,1
"Y8sveHm_xgM",22,10397,0,0,50,1
"4VMl257X9fI",1,10381,324,4,176,1
"uN8VXZR6PLw",25,10369,101,9,12,1
"4yflZnDPqyc",24,10344,95,0,1,2
"fqP5Kv5s9JE",26,10338,92,5,17,1
"wvOiJGe2p4U",24,10332,198,0,48,1
"78PY2sa2Ro0",24,10328,1204,1,89,1
"yJz3DEy25v4",24,10325,40,1,6,1
"l87b1WYCaBM",25,10319,66,7,9,2
"18Wl_mVm7dI",22,10292,71,1,0,1
"PmJhjW1Wnio",20,10284,95,8,6,1
"2H8u9ZV6M50",20,10278,252,11,57,1
"WI4US3LV1b8",22,10274,359,2,24,1
"wp4Iwm27t90",22,10271,24,2,7,1
"2sZlRGO0a7k",24,10253,41,19,4,1
"WsZGh79ExDA",25,10244,897,28,0,1
"KMXizEjL6JU",22,10227,46,2,73,1
"m--GGLDYc5Q",22,10185,19,2,2,1
"mNA_grIUFuY",22,10176,547,6,76,1
"myiwrKb-pOI",17,10176,0,0,3,1
"ObN2ctpfoIY",2,10171,113,2,2,1
"bx5CpN406ns",22,10171,50,5,17,2
"kehHTqCfW4U",20,10159,0,0,0,1
"HPw0Qj92ixQ",22,10149,155,1,5,2
"02bW7_ZfBpw",22,10144,191,2,8,1
"M9JvD68xokI",22,10141,560,0,28,2
"sGGNsAcy1LU",20,10133,162,0,20,2
"wczblsiZAHU",22,10126,0,0,23,1
"hznTXA-J-rM",22,10124,204,0,8,1
"uKC6W-BaXAY",25,10116,71,10,3,1
"6IWKqH2VCRc",25,10087,264,10,12,2
"1XMPDym20gY",22,10087,28,11,22,1
"TCW5G3S2syU",22,10080,145,26,60,2
"otC4rmDztOQ",22,10041,110,12,5,1
"4ha_Stx096c",1,10033,18,2,2,1
"4PJDleWNwyc",22,10025,208,15,15,1
"RqupsED6StU",27,10002,540,12,80,1
"zmJ66TNN-Z0",22,9994,205,5,10,1
"g25JveEgRJQ",1,9993,63,6,79,1
"_JY31a-ryQo",25,9956,93,1,18,1
"WBJQ7DTPVvo",25,9953,211,2,29,1
"hP-3I6uc4cY",24,9937,154,13,33,2
"L7gSpWg9o6Y",22,9910,153,15,37,1
"XYyB3GvtWwo",24,9860,165,4,21,1
"VCE8ZVHopyE",23,9855,124,23,42,1
"1XIoGQlqRDM",27,9854,475,9,92,1
"avhYae3-h-U",22,9849,915,7,77,1
"1CGco4bFxGs",22,9848,0,0,13,2
"SIw84N1hGgk",22,9842,45,0,16,1
"wpxuNmXKPrk",1,9825,87,2,65,1
"6raa7xR6Mno",22,9816,89,3,25,2
"ESMK7HV_21k",24,9799,95,0,13,1
"kg3m_wfTxqo",24,9793,153,1,73,1
"Z29KmrW0p0Y",22,9787,442,0,14,1
"oL6P505_St0",22,9785,50,0,6,2
"F9kNdJB4yQE",25,9784,48,3,22,1
"ISH05To0I8E",26,9782,336,6,131,1
"k7zr6P8f71Q",25,9781,68,3,6,1
"HgKBxL59sKU",20,9768,131,4,29,1
"4CWYylzQh7g",22,9763,0,0,9,1
"DaHViKUIjmE",25,9760,34,13,10,1
"uMfcWVCawLo",24,9732,43,11,5,1
"E0EDGPFQqqE",22,9730,25,9,1,1
"Gp_drKNNxDA",27,9729,141,3,19,1
"o1mTmX4xkRo",22,9725,19,0,8,1
"xYHvpCjW0kI",22,9724,180,2,26,1
"Lsm4J-ZiD5E",22,9677,1385,7,155,1
"F9tHOl_Rbqc",23,9655,174,0,16,1
"NhLLeAr3iZM",22,9649,202,16,29,3
"EAU_GSJPSa4",22,9645,147,6,26,1
"Svkg904ASjk",29,9628,123,11,8,1
"Np1cmltSqS8",24,9603,18,8,3,2
"AAf_E9oX54k",1,9581,78,2,36,1
"k2JhzsTdKdo",22,9556,169,0,14,1
"vzplUdw2NPA",27,9528,69,2,8,1
"VzdV0P2d0RI",24,9528,22,6,7,1
"3F1fwrdNkx4",2,9517,948,3,51,1
"P00Xz3eh_6g",24,9517,45,1,15,1
"Vm0NJbnYK-g",26,9512,217,2,19,1
"6iOyJVeynGk",22,9499,298,0,8,1
"HXZtnrZod8E",20,9494,39,1,28,2
"PcbR7pDHFfw",22,9469,19,5,3,1
"W9f9cZbYnnc",22,9464,108,0,6,1
"FzMtorYt8RA",20,9456,94,2,26,2
"ZyQ8B3any7k",22,9452,4,4,6,1
"UbWUXSjFOms",22,9447,577,2,172,1
"BBfP73-AdKQ",24,9446,17,1,9,1
"BKlGs3g6kWc",22,9425,249,1,33,1
"vQHl0qi-gYg",22,9403,51,0,15,1
"WTD8ywi39xY",22,9387,0,0,0,1
"4NBerfkRJLs",22,9378,377,2,48,1
"86DJFaFHUT8",25,9369,32,0,20,2
"ATWXKc5mrX0",17,9350,23,2,40,1
"2cOcjt3_yww",22,9315,60,1,54,1
"J2Xc3dQQAV4",2,9301,1044,7,92,1
"WFyzYWemvZw",1,9284,77,0,11,1
"gP1lymleHNg",22,9270,391,0,15,1
"j_AIDOrh0rU",24,9263,75,0,8,1
"HF--tDy9a9c",24,9247,300,4,15,1
"slXN9DCRbyk",24,9245,11,5,4,1
"EOq373FCJpI",27,9223,76,5,36,1
"v9j57ynXziw",10,9207,1056,1,71,2
"1xatiVc8zb0",22,9197,38,5,7,1
"9IYaL2dRICU",23,9179,49,11,6,2
"HuNlJo4nutw",25,9154,0,0,0,1
"lCqUmLS2nxY",22,9151,477,1,45,1
"A1FLYoABx9c",22,9142,52,2,61,2
"eepxBer51l8",1,9138,146,2,21,1
"UAYfqOONU3Q",22,9118,93,1,48,1
"H98mOFPPK84",22,9097,68,12,162,1
"5eM8PUddhJI",1,9073,25,3,1,1
"3QwSP5F5DIY",22,9066,0,0,11,2
"_4XMgqNMwJs",20,9056,320,387,21,1
"pJCsZGNYW6k",22,9055,85,4,17,1
"AAkiMKMzmoM",24,9055,144,6,43,1
"4WON5aR1Qm4",24,9051,1332,27,46,1
"nGity9y2A6k",22,9024,77,1,45,1
"Do-QXWrfP9k",29,9022,171,15,6,1
"cou0EkrWyJ4",22,9008,201,2,24,1
"b_vWzjAW2ok",24,8969,1055,1,102,1
"MLaU8jC0L5o",22,8968,200,0,7,1
"dlgG4riC2mA",22,8957,17,5,5,1
"O2rlD8zYaTo",22,8953,15,5,4,2
"D3ixhZjxnjI",20,8904,50,1,27,1
"FDHIDFwnzVM",1,8897,208,11,109,1
"_BWPOdSgN4c",27,8892,29,1,2,2
"8l7YEnBB1WQ",22,8872,16,1,8,1
"i5_kvOIb980",43,8842,31,0,3,1
"1HmN3rRZRWo",10,8834,80,1,66,1
"5KkeTjjtHdk",22,8834,531,1,267,1
"tVgEH7zJszw",15,8795,55,0,1,2
"lWWvS0nGXe0",23,8794,24,2,11,1
"biPkIq3_CtI",22,8785,280,0,10,2
"R9156pUDxyk",22,8780,425,0,18,1
"tYjLZ-7L4Ho",22,8728,260,0,14,1
"BF0KZk-Ac44",25,8718,232,9,34,3
"VdmMgxgy2QU",22,8717,58,73,160,2
"3RlFzYT0tnc",10,8620,1394,1,101,1
"dn5wVd5Z27s",22,8615,263,1,12,1
"sQdKZgxxabk",22,8594,128,0,14,1
"HosKzJqU9OM",22,8557,39,1,34,1
"WKxWsYRdO2s",27,8513,15,3,0,1
"PNSgOrBubP8",22,8462,179,3,12,1
"gXDTRIj6wkI",22,8441,81,2,25,2
"btrKQw9CNYQ",25,8419,84,5,13,1
"OWhgngE21Z4",24,8343,27,29,11,1
"bFYn2C7AH2s",24,8337,34,15,1,1
"Cd6aRQTnEYI",22,8315,384,0,43,1
"d5bsz2nJvrM",22,8266,0,0,0,1
"DuuoHfB1lKg",22,8260,0,0,14,1
"jFpvOQ8kwPA",22,8232,0,0,19,1
"5HlZEq31JY8",15,8220,107,2,2,2
"jxTyXvF1qn0",24,8207,209,0,4,1
"dMphv_ZmO14",2,8188,841,4,51,1
"qSDanSLUs8Y",1,8181,31,0,4,1
"kLcTVpSWJrg",22,8177,170,1,14,1
"zFP-SwrVGkg",28,8169,130,6,28,1
"lX2CnvaFD-Y",24,8165,11,6,2,1
"Q7TwfWIzOr0",20,8163,110,1,56,2
"Iuca5297YyY",2,8157,910,6,110,2
"zcWfMF05daw",22,8151,52,1,11,1
"mphydnX7KDM",22,8150,524,9,80,1
"tjlViZ-UhYI",24,8149,60,14,5,1
"JH9V6cVcN-4",22,8129,200,12,0,1
"2AePsfsE6FE",22,8081,122,1,13,1
"nrCuCqM_aCk",24,8081,105,13,22,1
"cVX_ZtGRpYE",17,8064,29,3,48,1
"l3hIiKaeJaU",22,8031,419,1,43,1
"B34F4blN9KQ",22,8025,22,1,2,1
"zZjiqaCOI6M",24,7992,39,17,2,1
"U36iZrjr1s8",22,7978,27,1,11,1
"cXYQKSmLsb8",22,7935,0,0,19,1
"aAdXuuEef2U",25,7933,0,0,0,2
"_wjM292uqH4",22,7932,437,2,36,1
"N5OapuzbM5c",25,7884,0,0,0,2
"WlB6DGtsvdA",22,7872,56,5,10,1
"LNrc7kK8NQg",22,7867,57,1,5,1
"eP8xRa90cbc",22,7862,70,1,49,1
"38xMoDWA9cg",17,7862,47,2,13,1
"GUEWxp4_OVk",22,7806,23,4,1,2
"de8AzbzuUkI",24,7800,24,15,10,1
"Tz5HcbvQx1Y",25,7793,69,7,13,1
"qzoiMPwMrXg",25,7780,88,5,54,1
"QMJtK7eq6g8",23,7751,18,9,32,1
"7b3an79VdYY",25,7740,193,11,11,2
"n4alVjRmZEQ",10,7720,276,0,10,1
"SzRY14KEKcA",2,7718,872,7,71,1
"rhnKzSMGxYM",24,7670,169,0,14,1
"aErjCZ1_Dpo",22,7625,575,1,22,1
"oNdzizg96wo",23,7523,45,2,74,1
"lIzwb82IfI0",20,7498,176,2,24,1
"A_TWRaDyUa4",1,7449,145,3,47,1
"IDzGUTAUTVk",24,7432,102,6,27,1
"XV9XHjx5a_U",25,7398,757,5,18,1
"A820VRThG1Y",25,7389,0,0,0,1
"Bk1pL6AfAN0",22,7357,138,2,8,1
"ko17LTKr5ho",22,7354,365,0,13,1
"PeExN9YlkoI",22,7354,11,2,17,2
"Arwz110aumw",10,7341,24,1,10,1
"aPSjcnA1bdQ",25,7320,189,7,9,2
"5zcJhgkFehc",20,7295,327,3,203,2
"eyu_eqON-8g",17,7278,26,2,4,1
"XHqOK_gZFqs",22,7263,0,0,30,1
"kRl1VaXn8t0",22,7255,157,3,165,1
"UlA16POB0Jo",22,7246,0,0,6,1
"p89VgkT08F0",20,7236,34,2,14,1
"vLtBcmFaITU",22,7221,0,0,0,1
"AmcRU7uVgFk",1,7212,45,2,11,1
"Esi-f2UVr6Q",1,7211,31,2,3,1
"1kXsDw34w28",24,7176,48,8,96,1
"hNNnOz4vX3w",24,7152,332,4,34,1
"ceBkYk8C_bw",20,7137,7,0,1,1
"33KGXskcva8",20,7130,14,1,3,1
"FWj_iWg75tk",24,7119,766,4,36,2
"Z-xxSFS-5bk",22,7058,28,2,2,1
"fws48g5v9GE",25,7045,49,1,19,2
"cY7Xg_KKmlw",20,7012,124,11,83,1
"cg6rTnmPaKY",25,7004,24,8,1,1
"LxuAD4pTU0A",25,6991,0,0,0,1
"nGEim2Bg9BE",22,6988,0,0,6,1
"vReJOkV8Tkc",22,6954,8,1,1,1
"ykYONkF_1FA",25,6950,0,0,0,3
"h8nFBRXQLN0",17,6935,11,1,10,1
"jIrwPazOWL8",24,6880,916,11,42,1
"5yctL3fi2t4",25,6866,0,0,0,2
"3ZOAHtVpsMw",24,6864,223,5,392,1
"qpFODIDH9XM",22,6835,230,0,2,2
"2U6c6GEzp_c",25,6809,0,0,0,2
"X8L_-DSaMIs",24,6775,19,1,3,1
"4dZk5K22iwA",22,6770,544,0,79,1
"BGaMKvB2aeM",20,6766,205,0,29,1
"_qUM60h96iw",20,6746,114,0,18,1
"XTSwhADXD-I",25,6643,0,0,0,2
"VUKZsCEjPVw",22,6558,1145,15,407,1
"z2JRuVm4b7Q",22,6527,9,0,2,1
"n4QWLnJovsM",24,6461,21,1,21,1
"ie2p7LbodDs",25,6449,0,0,0,1
"G8pbpQkIhsQ",22,6423,690,14,740,1
"W90_rSJOZQw",22,6376,430,0,34,1
"M_rnnvoL-lo",20,6368,61,1,34,1
"7-qfoS1ol84",1,6351,223,2,141,1
"dYkbx1KiB2o",25,6350,8,0,4,1
"1KUr_JOVL0o",10,6304,258,0,28,1
"FlffHLiyhUI",22,6286,666,1,63,2
"BKhiMSSr1ZQ",1,6237,50,1,11,1
"cZEBvzyIEMQ",24,6126,4,5,4,1
"vXEuVFSNtek",22,6119,48,3,4,1
"RMNjigDxHyA",20,6068,11,0,0,1
"pdjDynOONJQ",25,6048,170,7,12,2
"1HDx8QljHIQ",22,5976,31,0,75,2
"xuzhZ5AKQm4",25,5974,0,0,0,1
"EtgwhY_9Ta4",20,5957,16,1,9,1
"zV6shrRoVWE",26,5847,119,5,23,1
"CvHU9mJILms",24,5829,0,0,220,1
"Ktizv92QsXU",22,5726,74,1,22,1
"IhhVJ18RmTs",22,5672,19,1,0,1
"6E3qGd2hB7Q",22,5627,339,1,24,1
"ix2yLMqoqwY",10,5589,331,0,52,2
"qyOTv0UPC2Y",1,5551,29,2,6,1
"NldsTnJbGzM",22,5532,18,8,13,1
"79rgkaJIpeE",25,5331,0,0,0,1
"y9Clth0dckM",22,5305,64,4,2,2
"5EyaG3kc6yc",25,5279,126,5,9,1
"o2rFGNj2gbk",22,5255,109,6,22,1
"AWgQDUsKNZA",22,5240,166,0,40,1
"deojrHor3uQ",1,5177,27,5,3,1
"W2dVuY4gm0U",22,5161,32,0,15,2
"0MvY6-rEFFA",20,5157,105,4,27,1
"q-Dz2K70xg4",22,5124,32,0,6,2
"4BAdbSjiRQA",24,5103,197,0,16,1
"0qptqtNJSwU",25,5060,157,3,12,1
"liaZz2jwGsI",22,5008,86,4,10,1
"oMm_LRWiNZU",25,4893,0,0,0,1
"z5sGdPwYXI0",25,4827,59,7,4,1
"C-R8L3fp9eM",1,4820,23,5,2,1
"VeVYN7uj0e8",25,4673,26,9,7,1
"Px9Mxpmh6K4",25,4310,113,3,3,1
"R91cz-HIOmY",29,4302,108,0,0,1
"3cdfrhklH_8",24,4114,14,4,2,2
"Xev4qV4II_k",25,4046,0,0,0,1
"9uAO5c7Y5Xs",20,3954,60,6,33,1
"--97zv6Db3Q",24,3725,9,0,15,1
"YEyTaIaVerU",25,3509,0,0,0,1
"xzrwNEV_8Gg",22,3268,333,0,10,1
"Pj-QWzy4PsQ",25,3124,0,0,0,1
"vWkMCsWwHYU",22,2623,8,0,25,1
"36qc1QtE6bk",22,2050,3,0,0,1
