"video_id","category_id","views","likes","dislikes","comment_count","daily_trending_appearances"
"VYOjWnS4cMY",10,225211923,5023450,343541,517232,25
"FlsCjmMhFmw",24,149376127,3093544,1643059,810698,8
"ffxKSjUwKdU",10,148689896,3094021,129502,242039,20
"zEf423kYfqk",10,139334502,1425496,119798,83941,20
"7C2z4GqqS5E",10,123010920,5613827,206892,1228655,14
"M4ZoCHID9GI",10,122544931,1427436,40837,55320,19
"TyHvyGVs42U",10,102012605,2376636,117196,134224,10
"xTlNMmZKwpA",10,94254507,1816753,102474,101077,16
"6ZfuNTqbHE8",24,91933007,2625661,53709,350458,9
"-BQJo3vK8O8",10,87264467,815369,71494,35945,11
"tCXGJQYZ9JA",10,71560694,1928392,113990,162990,15
"DkeiKbqa02g",10,71017021,828626,36928,26279,21
"i0p1bmr0EmE",10,69295519,1324609,118647,238744,14
"aJOTlE1K90k",10,66529577,2488565,43464,142410,10
"U9BwWKXjVaI",10,60635812,994986,34165,55653,14
"vjI4Alon-3Q",10,59877217,853193,61049,48391,21
"u9Mv98Gr5pY",24,59254638,1295189,47162,139879,19
"LsoLEjrDogU",10,57951412,1919583,73239,133601,7
"BhIEIO0vaBE",22,56111957,0,0,0,10
"iWZmdoY1aTE",10,55054077,1378923,33465,67092,17
"ulNswX3If6U",1,54863912,922355,18037,41774,28
"_9YMpuLDnwo",26,54155921,378111,66632,24679,8
"QwievZ1Tx-8",24,52404970,1565579,32705,194290,13
"rRr1qiJRsXk",24,48654951,811144,33051,48941,18
"l_lblj8Cq0o",10,45938392,728696,43049,43541,13
"dfnCAmr569k",10,45141770,1844959,102849,148768,7
"J-dv_DcDD_A",10,44782227,1320316,33742,85709,17
"2Vv-BfVoq4g",10,43449654,1788960,24548,93428,3
"yDiXQl7grPQ",28,42799458,564804,33554,180913,15
"oWw1BcFhk-k",10,42390420,554509,18381,21650,20
"n_W54baizX8",10,41803845,628861,42833,39363,25
"rsEne1ZiQrk",10,41604561,670203,15663,26743,15
"LryQJ25CnKU",10,41446137,502519,78095,36974,15
"rRzxEiBLQCA",10,41088994,956937,91898,157207,6
"1J76wN0TPI4",24,40714581,778513,30866,76944,14
"QgOXIEhHU1Y",10,40087764,835657,25283,38305,23
"vn9mMeWcgoM",24,38070298,550348,27824,50935,7
"QwZT7T-TXT0",24,37539570,1402578,1674420,1361580,7
"kTlv5_Bs8aw",10,36857298,2729292,47896,546100,7
"Wpm07-BGJnE",10,36759844,834068,89869,93136,15
"ZJDMWVZta3M",1,36152111,444698,15434,48348,10
"817P8W8-mGE",10,36101955,998395,22585,50709,7
"VY1eFxgRR-k",10,35181079,1323550,48192,71176,9
"YBpdL9hSac4",1,34269048,440650,19239,48269,11
"J2HytHu5VBI",22,33627806,2032463,101678,320194,9
"WS7f5xpGYn8",10,33420138,821971,165109,81388,13
"wfWIs2gFTAM",10,32730338,1199986,26862,67809,10
"Bs-Hr-gEJAU",10,32079687,867305,7688,40794,19
"aEM2kOrrNJI",10,30599645,455949,42374,25679,20
"Bm8rz-llMhE",10,30061253,510475,15489,12134,12
"p8npDG2ulKQ",10,29741771,2700800,29341,371864,9
"4kDklB6-69Q",23,29178096,825258,15353,60709,12
"VRJmcxCrAOA",17,29090799,1017919,15066,51282,7
"8Y5-GI9hYcI",10,29075706,304469,14239,10190,18
"SM1w9PEQOE8",10,28860037,1251825,26134,77905,8
"Ph54wQG8ynk",10,27784769,797015,27154,51147,16
"eiDiKwbGfIY",10,27350528,1025895,17572,40899,7
"Mgfe5tIwOj0",10,27335197,1260110,32962,55385,7
"CX11yw6YL1w",10,27039153,564493,12675,34246,22
"n1WpP7iowLc",10,26448434,911883,53873,127481,5
"sS0LCjOiIhc",10,25757299,1036693,10869,213764,13
"i5qOzqD9Rms",1,25274694,339824,13824,29831,19
"cqg5oc20nxk",2,25244097,6971,1301,875,5
"5GRyr0noXrw",17,25235767,493804,49040,42732,7
"zkG4Xpz6t68",10,25142629,655664,124281,82853,7
"E5yFcdPAGv0",10,25016614,911150,30130,78492,14
"oWjxSkJpxFU",29,24286474,1988746,497847,658130,8
"20bpjtCbCz0",1,24152049,429341,5175,28740,18
"9TUBf6l7FBg",10,24004779,0,0,3,3
"yvicqMrAHvQ",19,23932421,4666,374,465,7
"9v_rtaye2yY",10,23575103,548457,29977,55676,7
"ju_inUnrLc4",10,23502572,676467,15993,52432,26
"OK3GJ0WIQ8s",10,23416810,2672431,29088,477233,5
"SCq8n_hOcN8",10,22918328,409234,35804,36436,18
"g4Hbz2jLxvQ",24,22713067,450315,21428,45545,8
"DIBw9dSVKdU",1,22546976,295631,14980,53401,15
"S9KxqRUcnCU",17,22233274,848043,15147,37216,11
"tjA7nAHOAww",10,21986883,472521,7435,14297,25
"l884wKofd54",10,21980138,247098,11847,9554,24
"MAjY8mCTXWk",10,21957640,140214,10716,15418,29
"mdWcaWBxxcY",24,21888660,347563,35874,29748,28
"voG07pt-KYI",10,21688951,634770,16618,38300,22
"J_CFBjAyPWE",10,21594339,1072246,28662,128809,5
"EBt_88nxG4c",10,21545253,504791,21898,34879,9
"8JnfIa84TnU",10,21250349,454441,10532,13881,14
"WyZz9muaKFc",26,21211851,114989,14808,5264,18
"NooW_RbfdWI",24,21113889,254342,7076,20099,10
"V5cOvyDpWfM",17,21005589,59281,176903,65181,7
"8h--kFui1JA",10,20934803,359012,9294,12451,29
"cH4E_t3m3xM",10,20752341,804496,17557,44075,9
"wbSwFU6tY1c",28,20658640,384958,12623,38514,10
"V15BYnSr0P8",10,20409647,568680,44854,64390,6
"kton-qrKNLc",10,19998243,371137,30159,23556,15
"fAIX12F6958",1,19864779,228670,16420,46318,9
"UUkn-enk2RU",24,19834563,446196,9293,32200,23
"Zr4md5OqL60",24,19669098,33575,9632,3548,7
"XUqRem0W8L8",10,19586636,809476,18295,66540,11
"xZNBFcwd7zc",1,19434177,363428,6283,18950,10
"MuPL-PSMX0Q",17,19412787,479898,22610,42478,9
"BQ31l1gPGKM",10,19177871,356298,12457,19735,4
"wylMwU1wEOM",10,19150418,433074,25366,22069,16
"khPLWaBioOs",24,18938867,1013411,140271,175929,7
"gA-NDZb29I4",10,18871288,293244,61447,32777,6
"oJ2faqXlU1s",24,18726265,167255,27944,12883,17
"6SuMbFuKDf8",10,18658825,442316,16986,42438,27
"ufynqs_COF4",10,18438586,487264,11915,28473,18
"4uTNVumfm84",10,18312570,450885,10280,19437,10
"u6unJQownW4",10,18310912,443232,8238,68244,11
"6OcOO1k-vGE",10,18241671,396450,16969,23622,8
"qZHycHI3F1Q",17,18094162,632830,9098,35617,13
"FepIkIILumA",17,18040000,484833,22933,32509,14
"wzKL-bQKcgA",23,17758014,865679,25934,45223,7
"9t9u_yPEidY",10,17679753,248909,21039,13058,4
"ryr75N0nki0",10,17629966,682328,35479,61132,11
"kX0vO4vlJuU",10,17624672,2162749,18342,227648,11
"sXP6vliZIHI",22,17540613,380464,20697,29122,14
"dc89yyOS0Z8",24,17404158,800784,10683,129289,12
"Hk5dxn5dj2M",17,17345023,415475,16586,32172,14
"kFMZUxX6K6o",10,17045761,279676,48758,38252,14
"uVcvhKTVZ8g",20,16935442,160896,6813,14360,18
"3Q2j5ApzSqs",10,16777231,518106,14427,26162,22
"XiHiW4N7-bo",1,16651726,173506,5497,12814,20
"9m9oO84Q2fk",17,16371326,408367,10101,28927,14
"JQbjS0_ZfJ0",10,16354826,511764,9562,33304,10
"eACohWVwTOc",10,16219716,559289,18294,28940,8
"36tggrpRoTI",10,16146848,1094557,8876,65275,9
"pVxOVlm_lE8",24,16141230,309556,7190,27714,4
"uxbQATBAXf8",1,15960127,374825,3823,9059,4
"wJJqGh2HLM8",2,15904385,1088,2175,118,8
"wb49-oV0F78",1,15852974,223563,4264,16923,9
"d1D1SJ-KqaQ",10,15552885,548563,11180,53665,10
"UfKmSfgFxi8",24,15346180,551373,16115,27094,28
"hYirFqEc8Tg",17,15261429,408018,8818,28186,11
"CY8E6N5Nzec",10,15208321,592538,7293,29404,9
"coOKvrsmQiI",24,15104666,143947,12709,25593,6
"DKPCBAlDw2A",10,15088622,385303,11915,17156,11
"C-rumHvmqCA",24,15045586,0,0,0,9
"8MPbR6Cbwi4",10,15043210,247709,8609,13399,7
"tlILlcCE8Sc",10,15042428,330679,6158,9174,20
"oSEeK9yDNQI",20,15000691,267429,23973,20343,22
"TI5bEf-BULU",24,14890847,142231,4647,6042,22
"SA7AIQw-7Ms",10,14860998,560637,8596,23365,7
"dzxFdtWmjto",24,14738111,208846,24730,33026,10
"1FJD7jZqZEk",24,14723484,190948,7913,18386,18
"p6E9R9qv1No",10,14487632,281374,17117,37412,16
"s31XTrGJchQ",10,14444272,115979,3509,2190,17
"oRArmtMA9AI",10,14211432,368697,11325,41083,15
"df7PZIVe1lw",17,14183631,142619,13696,74964,23
"_5d-sQ7Fh5M",24,14161833,1216340,291900,436698,2
"JqfuKsoEEms",24,14118990,5790,593,628,15
"-RmUADCWI4A",17,14107720,356297,7889,27012,7
"GpxCT36DxKg",24,14100194,122783,10980,18627,15
"VwAnsAUYnw4",10,13882785,380406,13872,26945,10
"DdLYSziSXII",10,13831320,395282,20532,35732,18
"RQUuqbzQVsY",10,13809604,475593,9170,20933,6
"v-dfygYIfLs",17,13782417,441898,9947,38539,9
"6S9c5nnDd_s",1,13619534,347100,6923,19977,28
"_hMQe2U4c6w",10,13418200,370750,20469,23500,9
"Wh1L0rOaa88",17,13375071,289322,9959,23254,13
"ktafrbsKeZw",28,13312573,23448,8063,1794,4
"90CCjgX0n20",24,13124176,22664,17917,1990,5
"ycy30LIbq4w",10,13075811,522793,5557,28178,15
"_EvMYEfF_hQ",24,13025011,436454,9298,31464,7
"_BcYBFC6zfY",1,12976087,218467,13457,39393,10
"6uJf2IT2Zh8",10,12969561,591776,18790,63191,7
"ek1ePFp-nBI",24,12955997,200539,7647,35147,6
"NukmFF__G-g",10,12907907,490249,30218,50805,15
"ox7RsX1Ee34",10,12730630,577712,10568,34480,5
"D_6QmL6rExk",10,12709520,1817699,11949,156793,13
"pmMjkMtpnTc",10,12529936,615429,22366,80024,11
"SKV6h_5XFbk",23,12453063,278324,5423,11359,19
"8-Cjsnq8kVU",1,12382809,328876,7238,14836,8
"vjnqABgxfO0",24,12218726,103018,28739,17966,16
"8O_MwlZ2dEg",10,12163782,1784129,11162,180133,13
"ZEkImgh--PE",10,12122117,293849,9663,11076,13
"V69XYIRjKww",24,12030454,1667,203,348,5
"JcdLF6XQ0iw",24,12018779,879532,17542,157166,8
"TdyllLZeviY",10,11979805,408461,6516,17964,11
"q8v9MvManKE",1,11979805,408461,6516,17964,12
"-C_rvt0SwLE",10,11773962,397715,6677,20481,8
"IBVo8dfqTBc",17,11509602,191913,3218,18854,6
"NYMcACJLqJs",10,11415161,88781,3586,3091,11
"qUmfriZoMw0",1,11385180,39894,1365,2800,9
"20DPgRoyQn0",22,11383684,132635,8302,13841,9
"nQySbNGu4g0",10,11381059,1141726,4696,69934,18
"p8XP7A7kvzM",24,11217517,216489,8821,11975,5
"3BJU2drrtCM",24,11188382,481888,5621,19790,7
"5sEaYB4rLFQ",24,11161971,218633,5211,18871,2
"2z3EUY1aXdY",17,11154250,150451,49035,29640,4
"oMOljrWUUXc",2,11135294,15412,608,1309,9
"fRj34o4hN4I",28,10775416,205630,4927,35422,8
"u_SA2QkZd24",10,10698770,479666,9690,29516,5
"iILJvqrAQ_w",10,10565823,123054,2842,5746,29
"rAH8qm5oQHg",20,10531608,122553,7011,10736,3
"KiBS-dbv_x0",24,10523399,282075,6270,10352,3
"My4RA5I0FKs",28,10505035,238584,6316,13998,8
"RF-Mqs2qC-M",24,10501355,271913,9017,25561,13
"SxAp27sFaIM",22,10403477,261095,15386,33906,8
"Q9vZHbcx6cQ",10,10384060,165263,5139,5330,15
"j4KvrAUjn6c",24,10381263,163325,20892,25323,30
"ooyjaVdt-jA",20,10306119,357079,212976,144795,26
"Kc6CIwBVo5s",25,10277358,49782,3964,0,15
"jPEYpryMp2s",24,10271274,183101,20476,34633,3
"P3Bd3HUMkyU",20,10256746,268212,34441,60028,8
"Q3jege0p0dQ",24,10216106,233312,6132,0,7
"pKkf2KCc6xo",24,10187747,47517,3982,6353,18
"C6SZa5U8sIg",1,10083696,430160,18357,31889,6
"9jRtpMKLsts",20,9992803,230507,24911,60041,15
"H7gh2fmdjCU",10,9912584,151941,1853,4716,27
"8X2kIfS6fb8",20,9893438,247947,3408,29216,2
"9wg3v-01yKQ",10,9632678,810895,16139,59473,1
"YLPNjaAOrBw",24,9627575,1007,94,264,2
"iQp1_GfDhwQ",10,9617950,89910,2161,2507,20
"sIMChzE_aCo",24,9572037,19001,856,2133,4
"elwTgpHlty0",10,9537066,406136,10447,21468,13
"5GHXEGz3PJg",10,9534322,156895,3356,5564,22
"cSp1dM2Vj48",24,9523267,154281,7854,29706,3
"dNW0B0HsvVs",24,9328292,186188,23056,40520,4
"CxGUmtRLm5g",24,9293828,20467,5000,3240,5
"KONe4SNFA64",26,9233435,605954,5722,26319,6
"r-i6XpcL1Fs",17,9220058,109125,33223,23799,11
"V1Pl8CzNzCw",10,9208165,308653,3070,10677,17
"tJfDBSWYqU8",1,9178923,34312,13581,10150,22
"M4vnmgZLA8s",10,9164600,196128,24541,19152,7
"J2m7EUwnqGg",28,9049098,78890,31552,0,10
"MFWF9dU5Zc0",24,9039407,89974,46609,30516,7
"dKoIPuifJvE",24,9020750,6126,731,772,11
"rxmtHVSVjdo",10,9019459,287024,7019,16985,21
"CUNq2_VjRn4",1,9001804,377623,7464,30707,15
"AiH3nDqWr9I",1,8999134,147103,7099,19063,9
"ii3n7hYQOl4",24,8977497,161462,13164,27375,5
"-Qv6p6pTz5I",24,8955556,233690,3308,15088,7
"9oyKePWRi8Y",17,8930421,360921,3798,18030,9
"vecSVX1QYbQ",10,8876920,495588,4943,57467,5
"8_rTIAOohas",24,8842980,284040,5096,24559,5
"n5LoVcVsiSQ",24,8837197,33724,17287,8041,10
"h_O8ZvB3uEk",23,8806173,235339,29865,15057,11
"2tDKp41nrw8",10,8753550,1431724,6335,125168,2
"OrnpSe4OChM",23,8751813,215764,6265,15989,2
"WfPu9Jrcpuk",10,8739175,190988,4084,6656,13
"Ml9v3wHLuWI",24,8734726,258964,6591,19905,14
"FFsp5b4AUTE",17,8718657,91398,18207,21050,4
"vDtyaRoonx4",17,8715134,395480,13648,66464,14
"56KYMMGudcU",10,8617757,369736,37151,92488,7
"Qcj15vHJTtk",24,8607264,66559,14179,8382,25
"sjVqDg32_8s",1,8556235,53882,2025,4938,8
"DSRSgMp5X1w",10,8538280,192354,38675,29419,8
"baj6llvgpWA",10,8470806,139599,10709,8771,7
"zxwfDlhJIpw",22,8442986,166520,19462,48467,23
"L3ymBk6Vb04",23,8408515,331934,3817,12519,6
"iN8zmmCRqUA",22,8403143,161689,8748,20545,6
"gR0pSSISaVk",17,8395058,63016,4290,5964,11
"k5TqNsr6YuQ",10,8335017,498384,10734,39803,7
"qfqVkEYQ1Ls",25,8304593,70922,11172,7952,22
"v7H_Or9Nr5I",1,8300584,266267,4237,14617,25
"Dan2YMDCpms",26,8261252,364224,6710,25064,15
"1PhPYr_9zRY",22,8259128,645888,4052,62610,25
"fUyU3lKzoio",28,8258089,188886,6296,33950,7
"Txlk7PiHaGk",10,8244106,355445,9040,22941,15
"fN5HV79_8B8",24,8159690,142149,66251,26770,6
"BQ_0QLL2gqI",10,8076063,214451,2661,5863,9
"Jw1Y-zhQURU",26,8041928,60434,11437,7545,4
"EhSXsTSNDyo",10,8025153,381842,3939,27379,12
"lGEY8IulWiA",1,7999926,372667,8101,27913,9
"p_IwENcMPOA",10,7987051,105719,4049,3813,11
"LgmxMuW6Fsc",10,7967275,91200,4803,5805,7
"MLVcmQ62luE",22,7965486,207832,19422,12360,5
"F4qfN5UeFvQ",10,7964424,357641,8055,22591,7
"6Q0AazVu1Tc",24,7957820,110407,4211,0,8
"Ept29ceiVfk",1,7941440,45248,794,2503,8
"rhhQS3ns6HU",22,7935379,711348,6636,193355,9
"J75enyWdbBM",10,7915761,101493,4701,4079,11
"3eQP6JoxtKk",1,7862567,146603,13924,32632,9
"Tn8hOPeAnIM",22,7854612,185632,104831,52364,15
"Q5KmA3Xbmqo",24,7839668,352352,5871,46624,24
"WAwRrtH-4Lg",23,7797284,386330,4899,80500,7
"t5_dSCu_mLY",22,7757967,630523,9657,210605,6
"zi_6oaQyckM",10,7721222,362970,19327,22297,12
"425M4M3Opkk",1,7714606,147739,5874,18531,15
"CZkUNPBlJIQ",24,7701371,179872,2979,9206,11
"5_-NKRVn7IQ",28,7676863,180749,8889,23076,13
"UKserM-i0_A",10,7676068,230427,3383,22924,22
"FhllRWReNEE",22,7645235,402569,9373,383762,7
"3yy-dKTmyOo",10,7628116,85230,2612,13141,9
"_rB36UGoP4Y",24,7627332,73086,16607,11318,2
"oMCijY1XGlQ",20,7547432,444203,3959,40677,4
"_zCDvOsdL9Q",23,7518982,319493,4322,13582,17
"z1Fvrmf4BXc",24,7497772,290623,11083,31604,13
"ixxR3ZoqnF0",10,7475081,1035003,4901,86912,6
"HgknAaKNaMM",10,7441922,112910,6146,6276,15
"xJrOUJpCxOE",23,7418792,324091,14954,13461,5
"305ryPvU6A8",28,7365395,98457,17797,0,14
"c8W-auqg024",27,7349435,209009,7966,28835,13
"7bfS6seiLhk",24,7308023,144410,5839,5790,6
"8BAhwgjMvnM",1,7227939,72979,6069,12587,7
"3tUCuMSPQwE",23,7214750,122778,2300,7047,9
"J41qe-TM1DY",10,7200045,1021328,2716,117897,6
"UTVpWVO4vZU",24,7177740,172730,9205,20840,12
"NaY91YjVbEM",23,7172963,265719,3950,14870,1
"9H2SSvQ8ihA",1,7138640,11645,520,590,5
"8fbyfDbi-MI",10,7127666,130249,39174,29855,18
"qooQd8AA7_M",10,7095077,438470,6754,29178,3
"266EI7hdjFs",24,7080039,63371,5261,10668,4
"EAGhzuitLXU",10,7061203,203630,3935,8943,13
"ShZ978fBl6Y",10,7055170,291884,2715,9221,5
"6xUPaVfmcUs",23,7049534,143779,3230,6294,10
"r-3iathMo7o",28,6995168,143678,10925,17444,29
"ai_UWoM37dI",24,6988208,368569,8898,103635,8
"VaGcPRMY5UM",10,6944619,157423,6075,6152,11
"Jodbdj52Vc0",24,6908017,487402,2676,25677,2
"qQn6TsbYrH8",10,6891734,400420,18159,36025,3
"uZ1M3DkKCEI",10,6877412,208531,11055,14351,8
"GM1QDBvzm1Y",24,6855630,1394,323,42,7
"1SnWTW6YXbE",10,6848484,208955,3287,14325,11
"0l35jAGQPOI",24,6841622,494130,6966,51506,22
"FITSPSA8gQs",10,6810173,373538,5228,27572,2
"m1-rpd3S-48",10,6804554,293427,5460,15969,15
"0XuOkYlUWIs",24,6760593,229250,8891,22123,5
"vjSohj-Iclc",28,6731401,86419,3123,13443,28
"QCjk_NPsIqU",24,6705850,171122,13855,26323,8
"v6xUgawDQB0",10,6657752,127028,13411,10506,5
"0-7wMD5ISIs",22,6647081,232199,13512,15366,9
"tEnCoocmPQM",10,6595340,308698,5220,14711,7
"PjqKPHZJgF0",10,6579609,133903,7395,16639,9
"J6R0X6NTnSw",10,6554859,138623,4808,4966,11
"7iQn-toQp6A",24,6535720,16788,4312,5000,4
"vY_5EvoL1Is",24,6518936,7321,2381,872,7
"Am6NHDbj6XA",24,6492425,105915,14429,3623,8
"WyuPSLj_6aw",10,6479552,266382,5658,16609,7
"ZQ-YX-5bAs0",24,6461082,70438,4600,8690,4
"Jcghl0lbDSk",24,6450575,227180,8210,11775,7
"5LoBGoQPUNc",24,6438646,124860,8171,9283,13
"kiE71P138rc",17,6427726,14693,6286,211,6
"PGRcxXLfWrM",24,6415756,111486,16133,15504,18
"RFywfHsFpQM",24,6413645,125634,3173,0,7
"nsZvmFUXkrI",23,6388743,272821,11577,27986,12
"TnCa71iUVxA",10,6353130,267032,8516,11456,8
"0YVbVXOjJv4",2,6345613,5155,281,636,7
"wowAOdTYqw8",10,6345613,172044,1879,12909,13
"pTysrwci0pU",22,6303293,313926,3106,29134,12
"ySy8mcceTno",24,6263424,103930,25648,30662,6
"o7iL2KzDh38",10,6262956,266912,3486,13878,7
"SphTGtDlhHw",10,6261069,153566,9818,9387,14
"GEB2f5dpFXs",23,6225124,527481,4861,18323,13
"BC19fhyTG_M",10,6217292,635452,10339,79385,6
"6sHIq41sI-w",10,6215935,428599,3744,43798,13
"nRafaCcfrcI",24,6197393,476724,4853,23008,5
"ZCPwpcurYns",24,6187534,355336,6260,30425,14
"nWZMfPP34g8",15,6187457,178243,3886,42681,8
"aj8mN_7Apcw",1,6185841,52629,7412,10062,7
"kewIE0Zw6yY",24,6183923,135311,8106,13501,10
"N39uwTykTQk",26,6169981,164550,10730,9302,13
"ZUSPD9zOyJs",22,6157587,189440,3174,8078,17
"Sb_hCbZ80aQ",23,6131880,65772,8068,3652,10
"1ZAPwfrtAFY",24,6109402,151250,11508,19820,7
"4HU6Z7anycw",1,6106813,292251,5483,17562,16
"0URpDxIjZrQ",1,6095300,164449,4190,18665,18
"k2NskGo6x40",24,6062089,123467,26995,35574,6
"nVHcXZK7pKs",24,6041315,383140,5516,27230,3
"dT5ALH3ICTc",22,6037731,132975,7040,13109,4
"xYtsL9znopI",10,6010383,242098,4514,11671,10
"pcJo0tIWybY",10,6004782,210802,4166,15169,25
"x4TZEVqKIvs",1,5986604,192698,10617,25712,9
"9NC2saE5MbQ",15,5985284,33243,4899,16703,21
"7AXo-bYGXI4",10,5966226,189276,2780,7166,8
"SkcucKDrbOI",24,5962519,100761,2331,14578,6
"me5ifeBFaFo",24,5952094,96880,4179,8159,8
"cHB_s970Uyw",24,5950405,147608,5953,17901,8
"mQ055hHdxbE",10,5948415,181069,3711,14394,21
"Vm4Xn5vjqRA",17,5938439,1121217,4360,83660,3
"Ye4z35i1b2Q",26,5917100,51231,9165,6613,4
"VVMCz04CmlA",24,5913551,172833,6378,14867,13
"tJv-xtxKkQY",20,5875671,202863,32117,48361,15
"a7NJ6Gek9v4",22,5875258,263740,6570,14042,7
"gPHVLxm8U-0",24,5829270,87323,3668,11933,1
"dpLrlEBFq-0",23,5827999,223308,8472,13866,5
"hEnWzvzVMaA",24,5816067,216895,11660,22775,14
"DV1OqgHb3jc",26,5790135,300602,19537,59994,13
"K5xERXE7pxI",10,5786038,260499,4831,18838,3
"u_C4onVrr8U",10,5767032,126693,2174,4602,17
"ZwoDYJWWXW0",10,5758360,169384,4454,10716,15
"MvFcY9rTPx8",25,5755949,43802,3771,0,9
"z2kEKZ6jyQQ",10,5741781,141851,15657,16547,5
"leu-cTvMWTA",10,5739252,782030,9905,90039,3
"R10qTLfwm8E",22,5733673,173998,2054,13060,3
"GjDK_6NtYGQ",26,5712641,41838,5365,3286,6
"UNnHy6Qc5-c",23,5684795,374882,4467,14889,7
"oV0zkMe1K8s",1,5660813,192957,2846,13088,3
"kUZlz6VbMCg",25,5625319,37240,3277,0,6
"jzLlsbdrwQk",22,5613561,98856,11391,11814,16
"r2vpDWS5ky4",23,5613554,452265,4850,24206,5
"R1TSiB9OuVM",10,5609393,94802,2199,3738,16
"Isvqg90LhqM",1,5605621,214818,4057,14381,7
"Wm8QlNCk-wg",28,5597364,107171,7152,6890,3
"SbrOMrjhyvI",1,5587218,33110,3503,4007,7
"RQZr2NgKPiU",29,5579079,365439,63579,77462,1
"M3mJkSqZbX4",10,5578495,62112,8151,4086,7
"cMD63TwzB1o",10,5569216,146375,20217,21144,13
"_QWZvU7VCn8",24,5564576,46351,2295,2861,6
"LfeEu4_vtfQ",22,5558317,193454,4130,13509,13
"V3EYjVPRClU",10,5557499,161177,7360,14270,8
"ZfHiw_LFNGw",24,5545698,23966,7807,3308,8
"7UoP9ABJXGE",10,5534278,45128,1591,806,24
"kgaO45SyaO4",28,5531707,72727,3362,14816,3
"mUYsp5baMXo",10,5517903,243696,12874,16841,5
"pz95u3UVpaM",10,5476737,286268,4083,12254,1
"5E4ZBSInqUU",10,5468928,247884,5025,14903,7
"xxQhWrAcQnE",24,5463288,7533,737,794,7
"jD83QaWy8LI",1,5456838,130602,11262,21974,17
"xF99M6Zilac",26,5452904,44368,11615,6256,9
"Q1TXk7ZdiQE",24,5432414,149111,3183,15905,2
"MsQb18nU2hA",24,5420474,239789,10299,25161,8
"Fj3euSYAtnc",10,5414339,571108,1976,32400,3
"lpkRFHSpvGI",24,5398142,56291,6964,12326,6
"6jxRnodaKzE",24,5389292,28418,1138,4565,9
"kD-_iyS95AQ",23,5386126,68124,2136,3652,12
"89OP78l9oF0",1,5376583,32001,3025,5050,7
"E-u9uo0laA8",10,5358351,270831,9822,23603,4
"8LPVjHxXvJM",23,5356548,141037,7187,16863,3
"t0VsbEqfAvo",24,5352705,68869,10428,25538,18
"fuHcdFPBKy0",24,5319685,95924,16479,12613,4
"5qpjK5DgCt4",23,5315471,187303,7278,9990,7
"e77J4g0LMOk",24,5275288,169795,3706,0,7
"Qx54quy9tDQ",23,5270624,75955,2737,13116,3
"J15vfXqnwWw",17,5270335,56476,1859,6031,13
"GfCqMv--ncA",10,5263337,192996,3357,10721,5
"OkFdqqyI8y4",20,5254340,153440,2266,25862,3
"pFc6I0rgmgY",24,5249452,35844,3229,7219,27
"OZsYiWBgFOk",1,5229704,12469,2764,1689,15
"kjC1zmZo30U",24,5224737,41079,1597,3979,16
"x3zQELlrY6A",22,5213752,99021,5093,10877,5
"bTfJa_Qb5T0",26,5190938,125605,8387,4237,15
"SagsqxiVStM",1,5186780,510,1774,665,6
"UfR5dKcKJvY",23,5179783,199176,19668,11483,8
"GKBI_bVFSfs",2,5179255,28582,1196,2559,5
"sdL70wkf_H0",1,5160625,2650,66,567,11
"ujyTQNNjjDU",10,5159763,146732,4515,7048,4
"IcDI1iWmIp8",24,5143350,48280,2276,6011,15
"Kf2-86o5S1o",1,5142139,128916,8548,22156,14
"mddRihBrWOk",23,5122352,204630,6097,8952,8
"sq4hYZlDPec",20,5112413,140736,13108,40684,18
"m4faDISwSVo",1,5107601,184320,4966,33717,10
"zDz9s2AOTVE",17,5103093,64177,3885,6259,4
"S-4rhjO6xYg",23,5102153,258658,3703,20147,6
"sYvH7Y16iUM",28,5099952,135168,5932,13833,9
"TjXQzRWmb_I",1,5073263,58055,1827,6541,27
"7kLO2AB5SPM",22,5069042,228488,17598,16259,4
"2fGXDFiFBhg",28,5068126,206489,18261,51847,6
"rFAddL8g8mw",26,5065000,181845,2313,10202,4
"BjRNY3u3bUw",24,5053825,14222,1490,2424,6
"S9ibNh16xfs",24,5019952,216886,1183,7853,23
"2SJ0hgdciNE",10,5001009,215271,5821,11510,7
"CP5Ro3oy-ec",24,4996413,28491,3306,5290,13
"DGzy8FE1Rhk",10,4986664,518240,5215,34466,3
"1lGHZ5NMHRY",28,4979612,46680,11703,0,7
"2in8XqiElwc",10,4945185,189265,9406,18683,25
"LtpqdJkoKm8",24,4919175,135420,9449,22937,8
"pl-DjiO8das",22,4884193,431977,4851,37666,24
"fNVUTgd4pio",10,4878311,65260,3353,4554,18
"nRc0kmOYgzQ",24,4867664,46608,2080,5805,27
"UQkBcHLZOqU",22,4862581,221646,2587,12014,8
"LS5ZSkHUqBQ",24,4829710,11408,2277,1211,9
"ZhEz1cvC1rc",20,4823561,119162,6217,51372,14
"uBYzYji4rmE",1,4812273,112003,5940,16770,7
"Ya_trIAWIXA",22,4810584,205591,2198,24271,17
"KUUjtUP2CrE",10,4808435,54340,3022,2885,21
"aGl-1nwahCA",23,4807512,111866,3883,9136,8
"H14tqKZYhgg",24,4804118,960,26,123,8
"doP7xKdGOKs",24,4799533,94593,2626,0,10
"WvV5TbJc9tQ",10,4795193,248867,2097,21392,6
"CeCgsmTjHjk",24,4789480,292738,6004,22702,13
"bc5BnTYRgx8",22,4787793,116418,5587,16879,6
"5orrZxSjLQA",10,4763664,215294,1791,12077,5
"2h0bkuWzQeU",10,4737883,126973,2518,2822,9
"McRNSFGwqtY",22,4719807,164227,1764,9044,9
"z6A2LHGx8_A",10,4718392,81133,2188,3704,24
"YI3tsmFsrOg",27,4705269,240989,2125,23357,28
"E4c7EE8_IX0",10,4682557,115240,5069,9170,16
"lBbSzQXQknw",24,4678751,53469,4330,0,11
"v_0WNLAmSaE",20,4656429,200994,8055,90979,7
"t4pRQ0jn23Q",24,4654027,116674,5707,14279,29
"u7KZrt_cHH0",1,4650685,7791,626,1384,3
"1Znl8OUBa_o",24,4631209,280213,5135,40159,6
"08OhPK2BVIU",23,4625928,377131,4362,18752,13
"h5XzGyjEkkc",15,4623012,92059,2133,14031,4
"igczJLuaelg",20,4610501,125244,42051,32255,9
"bg7RjxsghNY",10,4609321,309865,2792,22949,5
"LU6xDgpnIyM",23,4605055,496499,3622,81051,7
"nd4cLL_MP7M",24,4604207,16409,867,866,21
"UuCq8mtK8J4",10,4600718,167704,2623,5290,7
"LNHkxOU7zz8",10,4594686,135774,4939,11073,7
"0bXCbVGb04A",20,4585563,200284,6154,47646,4
"nSbzyEJ8X9E",24,4570970,61664,1872,8155,7
"gDXwhHm4GhM",1,4566973,84363,10372,11214,18
"KVit4vSAMsk",17,4551606,41430,1018,1793,17
"nfuXbnmdpRE",22,4551374,67414,6704,6523,5
"cpGA0azFdCs",10,4550598,67294,2532,6390,19
"2WHcBwq2wHc",17,4544350,108091,1922,0,10
"rdeQT7KkqM8",22,4541899,99200,4372,9020,4
"oipLbJoV9pM",22,4520175,102881,2353,8239,1
"-lgcAySBbTA",22,4518449,179304,2030,5875,5
"ItL6vcUrpUs",10,4513621,138227,3451,4666,13
"VhI2EpAIcm4",22,4502927,93385,7992,16332,7
"p9wE8dyzEJE",1,4499836,16135,432,2809,9
"qFy5XyZsUeo",24,4492197,81523,1854,6598,8
"6_-b3U9QDKg",17,4478472,83646,2674,6091,5
"2nVPFdqejD0",23,4450664,103301,23123,10109,14
"CQQit01HHLY",24,4444686,221365,3505,13504,14
"wjj2upnfBI0",10,4444601,141080,1480,6188,19
"GBTV5ekQwWw",17,4440991,41568,6687,7014,4
"1l26UFQ06eQ",24,4440269,57183,8779,13342,3
"vAuO3bHxSpc",22,4430776,161818,1602,13330,18
"-QPdRfqTnt4",1,4427381,96391,5508,12726,1
"bMrRN99DYKU",10,4423680,120441,4182,9122,7
"VAUHZYf_aKY",22,4416751,63703,5533,4094,12
"8ll04Zzw5UM",10,4416051,218247,5076,22179,8
"Sg_Gmb0ntfw",24,4414661,1306,271,99,3
"CG9yQ8PXf6o",10,4409293,38910,2325,1512,16
"f3mOQCjL10g",24,4403389,83610,2400,0,3
"xsqInns6LXQ",24,4399506,95002,2020,0,7
"UXNnAB3ugPU",26,4397796,111689,3277,5263,6
"P6ODTQKhaXk",20,4377973,203944,3406,12713,6
"8eo-L_3OWAQ",1,4376750,52381,3744,2881,13
"EKkzbbLYPuI",10,4355869,184474,2412,7090,7
"rcGFrdopXxo",24,4352775,18073,8300,3032,4
"7Jz8wZbXuDA",17,4344751,64416,3742,7847,8
"PPWDwBrUNyY",20,4326949,28978,4931,1157,3
"IlkBLwl4aBM",10,4321512,598021,2990,54873,1
"d-HPZL6AU64",22,4307840,201146,3205,17552,13
"n0j_CX1S2es",17,4307697,80332,5364,16573,10
"AiyZ92_JZxA",24,4297582,32196,3803,3437,6
"PaYvlVR_BEc",10,4290878,107641,11990,12003,4
"Ek3aeUhHaFY",22,4289238,135901,1893,11141,13
"2-tzlBFotjA",23,4280876,124337,11809,6284,11
"xe6o4ex7-YA",24,4270738,54459,2355,2771,5
"L87HuKmGwVQ",22,4269447,185468,2450,19998,18
"xLtYmhj-0Kg",24,4266983,30762,3152,4534,9
"n-DTjpde9-0",24,4265963,99964,2231,7731,11
"Y-iFgDK_D5s",15,4253449,146588,2443,14883,7
"T4FAg5A4wQk",10,4244395,245110,2384,17119,18
"CahQhevkcCM",22,4227252,100981,13015,9177,10
"MIQKlHSD89E",15,4218040,118478,1257,6892,12
"p-GN8WXoiX4",24,4216618,122986,8580,17759,14
"_7985zBEM3o",22,4209089,172661,1542,13851,5
"4iRJDDjejCI",24,4203879,95218,4721,8633,8
"QpyHrQYeoIE",22,4203581,91331,2802,10125,4
"3ChgRbqGi-E",10,4188327,155328,2118,4647,7
"sxxJug2Ob_A",23,4184160,175935,13032,11482,6
"eIp7PYuAu0k",24,4174131,60869,1845,2591,4
"pj6k-EFxqAI",10,4165797,153380,1719,5206,5
"tugFFhML7VY",24,4159065,337616,4811,32303,14
"XcSMdhfKga4",24,4149544,48299,4222,4406,13
"pMpQABKlC-I",23,4147252,243307,10333,22917,12
"LqU9CdPs6ek",22,4134994,170593,2294,11661,7
"E0cbWdlQg_8",1,4126161,54797,3234,3807,8
"tGRzz0oqgUE",10,4121390,105303,7323,8359,7
"TudhYwBrgYg",26,4116870,96499,2425,8172,8
"jLM2ibaRbrk",24,4110136,293974,2835,24356,6
"ggIzq8JUK44",24,4100981,102822,1761,3960,4
"ahSKGi_21xg",23,4096699,53194,1731,3240,7
"OQkfDJ2zVNo",23,4089878,63682,20515,33355,6
"pypRKeF3u6A",24,4082949,8643,829,718,8
"wIimU5-UEPc",10,4080130,111118,2450,5991,5
"XbxRqlHtKUE",15,4050988,64643,1848,7589,19
"515lLZS082U",24,4046720,68563,3222,3700,7
"T8lWjQRhQXY",10,4046025,161761,4390,12824,12
"fDRrqJU4-Tk",20,4043273,87106,2947,13848,20
"psnbQ_sF-yE",23,4030247,151414,11225,8236,7
"0v-6AylRH68",10,4029821,138170,8311,10809,6
"fC8gutkCu1c",10,4029646,188935,4831,10561,14
"34cHO5_LX9g",24,4026262,10543,1016,1044,15
"wRNYoWFjmEc",22,4024771,178944,2280,8219,7
"tN_8CwE8ULI",10,4023614,120834,6701,7533,10
"yc-iu4MjK1g",24,4022934,68202,1507,5499,4
"vAh7jTAkCKc",10,4012204,147484,4734,9355,8
"Xpv-sEKl1B4",26,4012186,82312,3498,9481,27
"pjTj-_55WZ8",10,4011561,97791,1292,1761,7
"kXIF2FQpgjM",24,4009915,38009,4187,3928,3
"CJzaYLc4pPY",10,4007147,191236,3682,22696,7
"9sRQQRiltrE",24,4005642,194147,4453,21655,5
"D18e8aU-UWs",10,4005064,121553,2672,6789,7
"ltzy5vRmN8Q",24,4003530,119341,9363,20414,8
"nranUeNkXpM",23,3999438,104009,6930,8495,10
"T2aJzwAeA9Y",17,3988000,44191,4114,8995,7
"mBrdEYW0Vno",10,3976296,172739,2896,10518,5
"f6Egj7ncOi8",26,3963050,326557,2372,137991,7
"BtvRaMPJWLs",20,3962616,219928,6998,14896,14
"BIQK4-9YFW0",10,3953945,110060,3831,7273,12
"FL9BbzUYXjA",23,3951217,115174,5488,4153,8
"mD4jp2HHu0g",1,3948004,207197,3223,38569,14
"rjLVCpE3kuw",24,3945913,21159,802,2894,4
"gDPr8Na24QU",24,3944791,106103,1709,6264,7
"XcdLVKYsHHU",10,3935638,421533,2434,34274,3
"pisY6J2Ky6U",24,3933195,138687,5589,8736,7
"pOEzjT-SED0",10,3930664,104641,19448,24078,8
"aB-UKwO367s",1,3922298,129154,12466,38382,7
"hQW_9ws8OhA",23,3920987,75808,6072,23616,19
"nt00QzKuNVY",28,3916992,27409,500,1814,14
"t4YAyT4ihIQ",23,3913682,129182,8991,5531,4
"KFaMZUarksA",10,3873702,149246,2314,9929,8
"aNvRdg1lR7c",24,3856726,6601,2205,2142,14
"LdhQzXHYLZ4",24,3848607,108396,6272,15825,2
"Uy7yJdq1yhg",26,3848577,137560,4491,12479,13
"f1xIeTCgoFk",22,3848009,166757,2079,13175,5
"e5D3O4yCmCg",24,3845880,4926,322,512,13
"AP14dJZzKkA",24,3845553,133530,3363,20114,6
"DgOUdtUlL24",26,3842533,169168,914,4749,4
"ys2x8oOK7wE",10,3832538,166173,6757,11792,4
"oLDbO545aKQ",10,3825440,196635,4514,11203,23
"jG1JY0rt2Os",10,3821846,177700,4842,15815,7
"hOulcmOHCIQ",24,3817594,33825,7731,6281,2
"QBL8IRJ5yHU",26,3811648,306473,13441,52719,29
"TZSVf-yD7N8",24,3810354,104944,1718,3230,7
"ItYOdWRo0JY",28,3798127,44277,47469,12654,7
"bAkEd8r7Nnw",24,3794124,106105,2103,7663,8
"hiBPUpCJ7MQ",24,3793527,53572,544,2170,23
"kxMC7g_sKjw",23,3786691,43003,1225,3883,11
"l9jZFwwZQJs",23,3780194,130859,10841,11067,7
"aYnyMPc3LQ4",1,3770744,220891,3665,50778,7
"i_nLsG_asQg",10,3770674,36119,1996,1722,14
"inZzcTXYowY",10,3765264,406872,2441,33840,6
"p-OCfiglZRQ",24,3754719,67582,13207,10055,13
"shHTYg-rOAg",10,3749896,96921,1518,2338,9
"tN8o_E_f9FQ",1,3749838,27971,4445,5314,7
"lrWRy9BBp-c",24,3748683,93450,8388,15108,6
"2HboMs0vbsE",24,3747210,244559,5835,13636,4
"ZCNyOsPh2ng",24,3746583,40193,3415,5248,3
"8uBP6UL-jEU",24,3745968,50925,5906,4557,9
"lRj5d35ePvw",24,3742740,76756,2931,8398,2
"8nsWMmFYRqE",10,3742064,155330,1583,7073,6
"g5c1bk8weaQ",23,3741812,314872,2647,12114,2
"UaAHl_m_ybk",10,3738646,262753,2490,31844,7
"3iUfzN4RAB8",23,3713832,49006,7354,9147,15
"7LjC-nUPrNg",24,3708663,40325,5492,7858,6
"JDmse8M-3-Y",24,3695752,176013,9983,25241,6
"uwfIr6flLXk",23,3691273,88902,20510,8060,7
"HzILu6yyA20",1,3689210,1836,216,673,5
"tCnbAAgfxH8",24,3687110,44409,9024,6365,1
"qgYvfE5PkQI",23,3682671,293664,5160,17355,5
"ogfYd705cRs",28,3680550,33273,4110,0,14
"jp9hK-jY6yY",23,3680540,216119,3570,20544,3
"aFuA50H9uek",28,3680427,66530,1979,15937,9
"UjtOGPJ0URM",27,3675806,170076,6956,19119,7
"CbWP9nvnRhw",24,3673170,212212,4165,18529,14
"D-pKeb6Wf4U",10,3662495,169521,5681,12821,5
"SWVtV59mczk",20,3659746,155591,26049,39230,5
"Y0KgYB3wIGo",24,3657659,56981,2069,1633,3
"PTQMog9u2Zo",24,3648476,47712,2976,0,7
"36QMyiRAv-Y",1,3647441,387156,8882,108849,5
"__4c1JCHvaQ",26,3645622,188490,3598,20594,5
"x_joMJBrT34",23,3644362,114540,6980,18424,17
"we5djgQwK9w",26,3644160,130698,5642,19871,19
"2aQykuIaJVI",10,3640120,182789,3123,13004,15
"TaVvm0r_gho",1,3638866,95251,6527,19029,6
"1QmPCVW6jOs",27,3633365,34995,3470,4141,5
"_KBc4B5JFoQ",10,3622209,117794,1851,2785,8
"IP4hs_wq5yE",17,3621505,48924,3335,7045,11
"sottGW1p5os",24,3621389,141681,1289,8127,1
"g30Rhk82rmg",1,3617347,75945,4023,10393,13
"2PH7dK6SLC8",10,3613243,77927,1605,5607,28
"OAGfx7eB3gA",15,3612568,107558,2775,9618,22
"A9YcrloL3oE",1,3611833,277570,8522,37011,7
"xNkLDa3_nnk",26,3611138,331469,6521,43591,2
"O8bszsJ0D7I",22,3607347,150360,1708,8113,4
"Biex1XR_mpo",22,3602906,54034,461,2586,10
"D7sj7L1uLiw",24,3601697,112597,4090,8345,7
"bPNi_492aEQ",24,3598002,53461,1758,2768,3
"VGykknw9eCM",10,3577614,12318,1345,1414,6
"4nq0tT_SAD0",10,3564336,188129,1728,15545,10
"1j_k5WCFShQ",22,3561593,178659,1688,7198,6
"MEcc8e7WwXg",25,3558834,20263,2590,4233,13
"qXivpclxftM",23,3558563,221868,4678,26660,6
"CokyUUrx18w",24,3552320,77211,4396,9872,2
"ycuMyyqBWQY",22,3536070,169227,10605,16846,8
"sirrTXiPFmw",24,3525534,128111,8552,33819,7
"uA8GdJJqz_s",25,3523600,56317,2469,32566,11
"eFjFxgHedgM",24,3523564,55112,4399,8393,13
"uKkbfxTHJGI",10,3514734,98840,13808,7603,10
"UqItlHUSN-4",10,3513086,118784,3594,11060,8
"nx1R-eHSkfM",10,3511909,0,0,0,8
"-7_ATlZ-zMc",17,3510260,28252,1695,2379,15
"OL4LNg-iyY4",10,3509938,123947,1945,4436,8
"2pJlpCfueV0",22,3509600,51324,2285,9951,3
"kuTBea8_-LY",24,3508169,1509,162,504,2
"ZcCp7488puc",10,3506379,187060,2310,14272,12
"ttf_EzEkxBk",17,3505996,5934,3400,5162,1
"52pwYD_rxmE",20,3494232,112341,13681,11859,12
"jxWJLs7_doc",22,3464680,91836,66910,29673,19
"0Juc2cL26mg",24,3462190,1611,136,322,4
"Y1n8F4uClUU",2,3460380,17465,1099,2794,8
"57nZ7LaVAH0",22,3457520,227602,3580,17752,3
"ZJkc_C5-Cd8",24,3447677,35791,10773,7688,7
"3BNg4fDJC8A",24,3445502,106759,1359,3320,8
"-kTWIm7m4Uw",23,3440148,337688,1844,49195,27
"QQ_3S-IQm38",10,3430385,103188,5643,10594,9
"7wDUrQAaYsM",10,3424478,79048,3650,4037,8
"EJ-4nFz5hjU",23,3411173,277250,4991,28200,2
"JNyZ49q4vrU",23,3388958,162795,3576,15424,21
"eZSAIm_pzv4",17,3386859,19445,1261,4134,11
"NsFna-Z1MjU",20,3383861,76615,3502,28489,14
"ZkPSbp3zTfo",24,3383838,63060,3779,7123,8
"ulCdoCfw-bY",27,3373574,176450,1783,12407,18
"nqP1x8VxrTU",26,3372271,74302,13520,9547,9
"PHLY4a5fTjU",22,3371618,150052,2252,9738,14
"V0HCZ4YGqbw",22,3362369,295288,6258,33900,8
"zUzBfBqbSmc",10,3350496,140616,5284,12163,12
"Mhzmc7LRIGo",26,3343908,99337,2915,8278,6
"Pymm6cmE9uQ",24,3337851,31538,844,3995,10
"fEskVQgtwaI",24,3337072,8744,561,991,7
"OdpHOc7vqHA",24,3336924,117732,1654,12125,4
"JZ2fRE_nkak",26,3335656,60121,3902,7358,21
"Hl0GSLcwHVs",24,3331450,19495,1205,6310,5
"lgBn6qzMlXw",24,3326832,79848,4999,21726,15
"CJRw18MtRPg",28,3323467,40519,7487,10345,24
"5TLANg1GC7U",24,3322855,79652,1543,7945,7
"8V08Gu1DOgE",24,3322130,35099,6902,4030,3
"zZTyHHxJAzw",28,3321250,66486,2417,4602,17
"cQ54GDm1eL0",22,3318782,62895,10687,7730,3
"UH0nTHb6OdY",24,3313280,80589,2549,11178,4
"ckS1F3mJzb0",24,3311448,49237,1832,1996,1
"FwENtwtY0EI",24,3306586,70847,7339,11115,14
"4h-XOckOwN8",24,3305225,51291,9844,9900,5
"A0FZIwabctw",28,3291206,124998,1555,8131,15
"EU-eQpCqBXQ",23,3290220,150621,4161,10751,13
"P_If9xMyl10",24,3281144,36898,1207,1888,13
"anDIlMVgNwk",28,3280332,14142,189,898,13
"qT0mpVcH3ZU",23,3277837,165039,3127,7011,6
"v3UrBcJaczQ",17,3272327,43239,2575,3236,8
"ydPYNo8o-lI",10,3266179,108422,2843,4768,12
"OylDdm-6ZH0",26,3266039,203349,4370,10389,14
"5bJ_gb19pKQ",1,3259936,87201,2482,9493,14
"vI4LHl4yFuo",28,3257990,94373,6600,8866,7
"MvIwx0JThsk",10,3256799,185999,5538,9857,7
"_IuEg3xbDA0",24,3254707,80651,1019,6042,12
"41PTANtZFW0",10,3245471,262291,8376,24202,7
"FchkqXEg0qs",20,3238183,61841,3708,0,1
"lqTKup-wpEU",26,3232536,158716,3457,13487,4
"Xr2rgT9uEnA",20,3229540,109945,3062,6774,25
"SbjnIK6VEjc",25,3225560,11933,2016,8029,2
"a_u7g5BlfiY",20,3224847,97889,4461,29554,6
"Z0vLiQLpsc8",23,3222946,81715,18649,33795,6
"Wzq4qbNRFrw",23,3205037,84378,11076,7554,12
"3k6RD9zVvpE",23,3203154,197222,1453,11330,7
"IumYMCllMsM",10,3202879,110088,1728,3623,5
"PW-WgdZctW0",23,3187327,238566,2019,8814,6
"EEzj0HMz5Bc",23,3185320,204175,1810,8675,7
"4nqJiBRNQuw",24,3183826,73056,2988,5593,10
"YS2y_12IWlA",28,3181164,52842,2256,4675,10
"t5Lz14wu1uw",1,3180207,77590,7051,5718,8
"FhwktRDG_aQ",24,3174393,91969,2317,7969,16
"s3tz_mNg6NQ",10,3156530,77823,5763,5504,5
"I-BGTp-I9aU",24,3154859,53209,7623,9259,15
"AtCLwYFRp4o",23,3153075,36305,7245,6845,5
"5NaAwSpswJE",24,3149536,47108,7962,7277,6
"lRkTgVynmbM",23,3148434,173415,3166,9667,11
"PzcaR1N0pTI",1,3141764,57674,3729,9991,1
"6Rl7fQQRmtg",24,3140961,115164,11542,17129,12
"rQEqKZ7CJlk",28,3136465,50778,5860,6480,12
"7HGCE6-LMBg",1,3132527,231420,797,47382,14
"xf-dywd3zx0",24,3132248,490749,2083,34948,13
"xLkHEZTSeoU",26,3129042,136032,5108,12857,5
"ZCEgDAYzyRw",23,3121631,98611,2997,4197,11
"OJzpoj_NxqQ",17,3112787,32579,2079,11543,5
"zYlW81GZYug",23,3112225,232742,1095,10851,3
"XtlLI_pBC3s",23,3111804,195382,4065,24152,7
"v8aY6AzObYQ",23,3108377,85863,4741,5681,5
"aFMUPcuSsJs",24,3105328,4275,1805,686,6
"_NWs7ntMRBA",10,3105286,180986,3372,9976,7
"l2P2qbr-_Ps",24,3103985,65897,3370,5765,6
"J83sZrz9XTc",28,3103982,105649,2466,14643,4
"rvskMHn0sqQ",27,3102346,189767,5773,21031,12
"yKVAhDbSito",26,3100935,203911,6282,47173,6
"Nk5yOFCsNeE",26,3096627,143831,3274,104113,1
"IU-Fo-QEpOI",17,3095325,40946,1082,2472,12
"QLFRGj-PPNI",24,3089155,31203,806,2554,5
"mMtjGYdJOps",22,3087952,90028,1958,3881,14
"paxgKBUK4wQ",1,3085206,78801,5938,18457,7
"5530I_pYjbo",26,3083469,193377,1218,10440,8
"8z_cg5CypRc",24,3074263,96530,1011,7415,1
"2ktuvx9hrMw",1,3065887,47974,2445,5101,11
"ykHeGtN4m94",1,3064780,76492,3305,5302,9
"5x-d3pabd5o",10,3055492,109426,1729,4016,6
"IXNrHusLXoM",10,3053922,95363,1852,3276,6
"8x7UtZKwfHA",28,3052453,74933,5678,14561,5
"cytyAgu9-bA",24,3052072,132775,1111,9571,5
"muAPJiMho2Y",2,3044139,97030,928,10591,6
"cy9W-ZywVPc",1,3042679,191479,1240,31447,11
"Thvm6dADOms",10,3042366,33947,1244,617,13
"ZT0CCaKDxjg",23,3032542,103899,5805,11628,12
"8mhTWqWlQzU",22,3031863,121285,1186,6852,3
"YL9sNrOlK-I",17,3027415,31069,614,2060,5
"bqFjyo7I8fY",10,3021666,165337,2113,12582,13
"4ubwGb-vLA0",1,3020358,66758,2054,7572,7
"_iGAptGAweo",23,3019735,90843,5356,6691,8
"iGXYZwZEZa0",26,3016262,36090,4002,5792,7
"0cZLo3AAan4",10,3014847,42556,2791,0,1
"EjW7WzozgI0",10,3010746,74911,2307,8615,12
"oRSm7DUvykk",1,3009019,89995,2868,11680,9
"ih8ex84QoH4",22,2998498,120361,1202,7024,2
"Q48VduIflPk",10,2997335,381809,963,23925,7
"ck2ClsAoN8w",22,2997289,162747,25088,36602,13
"XGd1dq1BatM",10,2986867,89221,1907,3327,15
"NJAtY43vsl8",24,2985521,37345,2946,2451,4
"pWqef6cbwzI",22,2984785,306711,1836,63948,2
"SONGEiVMygg",17,2983487,33341,960,4845,13
"Da-2h2B4faU",27,2982517,171636,1860,9558,14
"MWbQdgjsvJI",26,2977964,148945,4316,10715,16
"jE2VvGZktJo",22,2974188,126093,83954,43019,1
"SuzlcQc1iks",22,2960150,56167,16290,11566,19
"eMobkagZu64",20,2959424,41673,3316,4975,8
"0EPY1CKFecs",23,2958978,66699,6499,9692,7
"_wrEYqdTf98",24,2957935,51854,796,4954,1
"vug4bROR79I",17,2957528,13879,843,3218,10
"YskVs5VyqHk",22,2956442,94910,1284,4317,3
"OXVm3fhYsEo",26,2955872,115014,6974,14075,22
"ObIQ0s02UHg",10,2954882,52519,2453,1948,4
"D_eZxSYRhco",24,2953664,30865,1173,6821,9
"JANApS0P4z8",23,2952730,117504,4117,7050,7
"J0epg1oHGbM",10,2950319,262943,3284,13467,11
"8sg8lY-leE8",23,2949050,29493,2378,19853,5
"4WnizmrnJlk",23,2940750,27107,1324,3381,5
"I3ysRfAo49k",23,2937449,99320,6697,6436,6
"A8HLnDP6uRM",24,2935898,28777,4642,3742,7
"fzmM0AB60QQ",24,2929814,37999,1507,5196,14
"tG-IGNvfrg8",17,2929399,39859,556,2852,12
"jhEBBGOD7es",17,2927970,43664,1473,2948,10
"ta6sV6WrElE",24,2925095,140634,1420,15951,5
"oCXvPWJClJg",10,2920589,68517,5355,18079,6
"xvmTr6S00Aw",24,2915910,234888,4539,31397,11
"ZB7_1CoKntI",23,2910915,195530,1278,12583,12
"E60w-0q8Y0Y",24,2910609,173772,9109,60,13
"ipWfcK1HVdA",24,2908064,46563,1570,2737,3
"XvHSlHhh1gk",24,2901230,59942,1519,8886,1
"vorkmWa7He8",28,2900057,81225,10783,19533,6
"w8vsuOXZBXc",10,2899302,159586,3464,11535,8
"3shrder58iU",22,2898292,48651,3599,4729,7
"6Y65fxIRs8Q",20,2894540,36922,2753,4251,7
"DGdSlnw4D_M",23,2889410,37587,4880,5710,8
"0ycLaWymtKk",24,2883649,36176,1704,2048,7
"0zZ0Y_UZRBw",26,2877877,158678,2172,12243,27
"RHUxyXZBXY8",10,2866699,74831,2734,5936,13
"tpa4kp4lK60",28,2865758,248715,3720,48389,16
"yO9snUMvRuU",10,2857068,155666,1660,8375,18
"qF7SRQFd49E",25,2849993,37374,2762,9559,5
"_Lp5iMI8RWc",24,2846563,158779,1820,13520,5
"kOnQocd799Y",1,2844271,60500,3667,8122,2
"ad_higXixRA",24,2841864,55049,2432,4420,1
"lSaGEo3UfBk",24,2839406,11808,418,828,5
"LxoGNkLpgZk",10,2839135,109630,9652,12067,7
"sMLso2du91U",24,2837732,28391,1962,8620,11
"EJjh19zO1lk",24,2835009,39657,960,2971,6
"Ep6-bNu16_I",22,2828138,129998,1990,22065,6
"vRf3azp1pak",10,2826942,140462,2264,7376,20
"vbiiik_T3Bo",24,2824423,65815,5212,6688,2
"f-xe1qxhcUI",17,2822715,61500,1572,5610,7
"CzmIrPvIzxk",1,2819213,54017,1734,6646,6
"d380meD0W0M",24,2819118,153395,2416,20573,6
"KQRq9FZqNj0",10,2817973,64035,1340,1839,12
"ctx4YBEdOxo",28,2810983,93993,3186,12318,3
"H9wMNxbQM-4",24,2798497,33819,6632,6687,2
"HDx7dI1D1zE",24,2792376,168973,1325,18940,5
"0s6-iFoCFNQ",24,2788162,27260,896,3970,8
"DQQN_79QrDY",24,2787618,25712,2135,2689,8
"_mHSkHjInS4",1,2776665,54243,866,1801,10
"12m1rG0Tj7U",23,2771982,22399,6921,9101,3
"wI6a1t-M_48",22,2771306,81319,4182,3071,3
"Hgiu9cqph5Y",26,2766173,131489,2851,11456,18
"VsYmwBOYfW8",23,2765121,35529,1705,2388,1
"M79o2UejYKo",26,2763416,101597,2308,10506,21
"CMA2iF6RuXk",17,2762839,14362,37877,21507,1
"08vIy0y1N9I",23,2757653,86377,1242,5212,3
"VlZ1SWLBfPE",26,2756607,139611,1415,7439,5
"YZ1UN5gvLjQ",24,2755456,96820,712,6837,9
"Wz_YwUpNOcw",10,2752943,39385,3814,4529,12
"T1-k7VYwsHg",26,2741354,93731,2221,11885,17
"phCIKfJY7SU",17,2739574,48259,1668,4927,4
"2v4-L4PkV9U",20,2736265,116178,4316,8252,13
"o7Ax6SRTGks",22,2734361,58264,1265,3625,1
"T1B1CxmAXLk",24,2726643,9126,1759,935,8
"r1x0X5PCYak",26,2723989,231117,3262,73205,6
"rQWZK5U233s",10,2723642,65320,631,2200,7
"JpvC3j9Qxus",24,2723593,39403,11924,58763,6
"eYJCjVkOImU",10,2721342,84096,929,3329,7
"gEHCXl4J9Qo",24,2720774,76529,1960,3599,4
"BPmAxzEJpWA",10,2714802,39153,2691,2094,11
"jzIE_oKG9PU",24,2712798,48424,2117,3319,5
"nE_TyW-7F4Q",23,2710968,28990,3841,4204,2
"Lj6Y6JCu-l4",10,2705268,120923,1843,4431,5
"Of9GOMM9HPg",20,2703619,131994,5149,9120,22
"HKIIgYFhQlE",10,2699114,117929,912,4090,7
"Gzy_nCkn88U",28,2695414,79708,2849,10175,14
"GABCneYEE84",1,2693629,70629,2403,10757,7
"39idVpFF7NQ",24,2688797,19042,3059,2689,5
"m9sR3Z0vVOc",24,2688144,62856,2693,8450,17
"5fZiMNo5-uo",20,2686026,51635,2101,12826,13
"f2MZnJlDJ4c",17,2684509,23689,1798,2662,7
"qSKOPBVkpJk",10,2679999,52151,949,1805,16
"l7ib9Mmkt4Y",23,2679373,190208,3880,7995,8
"-xt_j2aIAkg",17,2678479,9250,1755,921,7
"dx9mF1KJr0s",10,2676610,81908,1300,4103,14
"jr9QtXwC9vc",1,2671756,12699,505,1010,2
"O92pekaban8",24,2670485,117768,4928,10920,2
"4k9bXpi1tU4",23,2668355,151443,2205,12140,17
"Bhplg8YCu-M",25,2666775,30949,2791,14717,7
"Oapebl0bADA",10,2664218,119473,1524,5032,8
"aKPz583WRpQ",24,2659593,20003,723,2151,8
"noUH5aYUBx4",23,2654222,29306,2643,3650,5
"o-BODsf2T68",10,2653797,73404,768,2432,11
"hHaUQh6Gx-Q",10,2653229,48889,890,1181,20
"AshvBTw5Z84",24,2651325,89452,1550,4651,20
"QVoleJYgdM8",24,2636357,63128,1367,3467,7
"54z8jWNM0bE",23,2635367,41221,593,1349,2
"wT_yPn3LfNA",22,2629917,72506,2484,5318,18
"eUgrVCDUCtE",1,2627504,46902,5537,12297,7
"pKkZjjhPCQM",1,2626520,69894,4546,11647,2
"5TbUxGZtwGI",27,2626381,167615,2796,14310,9
"um-1fAVU1OQ",28,2624803,84632,11097,7957,27
"TIQqb80eg24",10,2623238,119787,1975,10218,8
"-7UzyXO-mzk",15,2620061,59416,1201,8529,6
"JBDWIGpKnwM",24,2618541,153570,2130,11805,7
"RK_B4Ez4_5Q",24,2618344,45197,2315,3332,1
"_r0cf42EUBw",22,2616555,139957,1337,19130,5
"K45mFsyZxtU",24,2613507,21307,5113,4256,3
"cQp_C_Zrc3U",24,2612315,158766,1577,8528,3
"au8QGTiPhEw",10,2611836,90500,12360,15746,20
"XWrB4qOF_UA",26,2607302,110287,3109,11465,12
"dt7fU9H8tz8",22,2606093,52945,1233,2633,12
"mXiFHDfvn4A",22,2604392,92695,2404,4433,9
"dwvVhnQTfDk",23,2600608,47673,2380,4038,13
"ZFwylDNpgFc",20,2597509,44981,5871,7791,5
"oI42BohDabU",24,2594869,78956,1568,3099,8
"GjJKdQTD1bc",24,2593188,28193,788,869,12
"ghMEmxP0hgw",23,2592896,226418,1773,9127,13
"vU7v5A5P8BM",25,2592824,28132,11319,35908,1
"rNCT91V5dQU",10,2592351,49716,579,979,15
"D7plDibrP1U",25,2591777,12534,1502,12451,6
"vXBfwgwT1nQ",28,2588376,83603,1225,3736,5
"9Szts88zY4o",24,2580817,74716,4678,14342,1
"ByeyFfOHgQA",1,2579421,91743,9507,20462,7
"yqulWPljawo",23,2578951,75419,3372,6148,2
"y_WoOYybCro",24,2574791,141679,913,5422,13
"vW7H-DKivX8",24,2570365,73139,1244,3423,4
"K0u_kAWLJOA",20,2568366,95646,1381,10809,6
"4cXsgT3ZcL8",26,2568313,135207,3650,17920,7
"2kyS6SvSYSE",22,2564903,96321,7972,22149,7
"n-1QWWaRUZI",24,2564760,4639,558,1208,3
"cZxOvNxbi7U",27,2563098,1570,16,73,4
"k1xvol1SCx8",10,2559730,139744,1296,4861,2
"Fmdb-KmlzD8",20,2557709,65412,2264,17165,3
"t6rHHnABoT8",28,2547146,99674,2275,9384,10
"sOmVqjuUHAM",26,2546894,62865,1850,4233,6
"r15_6z9xryo",19,2533102,19731,2011,1903,6
"H8bmr4oR19c",26,2525751,113631,2341,20689,12
"pKFd5rAUM2s",24,2525116,227103,4866,16754,7
"jwkNAJBwoEA",23,2524775,105323,2134,7659,8
"7tYUMo3IgXg",22,2524578,43735,2468,2998,7
"IjTBcqpl2kc",22,2522343,52242,6285,0,9
"X-zPrXJpiAw",1,2522036,89496,2950,21143,5
"LnFsp6iM5dg",20,2519858,150582,10274,26083,19
"UE-kaxIiNPQ",26,2513280,68832,1491,2735,15
"R9YYmoJjBxI",23,2512491,25134,2183,1906,4
"S45Y5WQ4Ucs",15,2510144,25901,2590,2883,9
"_0ovuLsnU1A",24,2507969,40658,4659,9763,10
"rYzLh2QuraQ",24,2507336,75983,762,4118,5
"QtNvvWsSsoE",17,2505614,43063,3155,1662,4
"ceXPzJ0fZNs",23,2505168,133455,1607,13778,9
"8BQqX3bUqtY",10,2504920,100045,1741,3012,7
"dYXaxeJBj5k",26,2503011,108077,1605,1338,3
"YXTzMOmmEfE",10,2502652,156175,1713,9340,6
"5ek2W8hUvGw",1,2500743,86444,1784,6521,6
"V6wWKNij_1M",1,2497708,16034,709,1528,7
"cYxzLGk2NcY",23,2495467,170257,7042,24161,11
"7rOQv_6L9fQ",25,2494584,35785,7591,2486,3
"dUztYCMZYls",20,2490503,17726,1882,3647,7
"lfIhBu0TZBs",22,2480934,75674,7561,7675,7
"LvC8VzCcI88",26,2480760,135983,1468,7346,9
"NHZr6P1csiY",10,2476190,195545,2615,15919,18
"Pj-D0jc17D0",24,2469559,41026,1242,2203,13
"VQhIUzPJi8o",10,2467424,201742,2723,13761,9
"IQYLPEuAClo",24,2464874,127288,1129,3966,2
"EbSOKsFHwU8",10,2462285,151390,1329,7128,4
"VVxQ9HC2aeY",26,2460216,114540,1941,6169,6
"DOIw62TXYkg",28,2457408,2707,200,209,1
"HFGzgtMyOZY",17,2454563,101380,3099,9189,16
"w2QTDd1sT1E",24,2454509,120324,3303,10204,7
"LN-m0Ci8MZ8",26,2451830,57922,1527,1434,14
"5JYqTSSH6IA",24,2449920,49060,908,1992,2
"RiGFGXd9Xvs",26,2444087,96754,1856,23077,11
"l4zbAjDVrns",23,2443384,76967,4562,5014,6
"S8e1yxXiODQ",24,2435011,68991,4119,7616,5
"cmoknv58jjE",22,2433987,65991,9011,9450,7
"_X8XtZZYkNA",28,2431398,39960,5800,7917,5
"mkpINSUnDpA",24,2426345,28926,697,4392,6
"-35jibKqbEo",10,2425578,129381,1522,8757,8
"soBb4X5Hb6k",22,2422767,85558,715,2111,12
"BspHjvU11y4",10,2421584,49501,1163,2507,27
"floMqK_yHf8",10,2412639,382528,1063,27385,5
"KyQyz2upSgY",23,2411761,101226,2361,5598,15
"1HLMi1s6Tho",22,2410536,136888,3318,17004,8
"DGhPGH2YROA",10,2408990,123245,1102,4033,14
"9SK1I0V6U5c",23,2408682,105248,1205,5987,7
"HTTpDGDAxtg",24,2405120,62240,1812,29313,1
"JFydHaV0klA",24,2403767,110163,3862,27434,12
"YpUDblEURdY",26,2400024,58960,2383,3511,8
"O6BODAJVYc8",25,2398601,89696,18778,20315,4
"EUwzWHD3Htg",2,2396459,38119,922,1927,7
"x2KAYep8FwI",24,2394452,34350,1446,5330,17
"DjbysQgJ64Y",24,2393894,46472,36669,20572,2
"oX4YCoO6tK4",26,2392206,66588,6110,13576,7
"-2aVkGcI7ZA",10,2390558,41016,1642,977,4
"Tz5L-rNWZBs",24,2390395,30286,9016,10766,1
"nCwHHLfxA7g",23,2387617,70807,3746,2838,8
"AsTdC2RToIA",26,2384671,92519,1162,9327,11
"8mCcM-PUmLM",22,2382878,119254,1404,10148,8
"sP6Z94dDPEw",1,2382407,8000,45,686,5
"HrQNdClwMs4",24,2375055,29334,3012,4080,5
"DM-ni_LSOFE",24,2374251,49509,3038,8545,4
"uovntV3ZMDc",10,2372980,67483,1330,3599,15
"xBiB4CIq9FE",26,2371234,56321,1785,3829,10
"16a1LttU5qc",26,2368518,96698,2336,7689,7
"Z1rZAT2GtmI",23,2366705,50495,3313,5179,4
"UhZ56rcWwRQ",1,2358051,24368,5513,5622,9
"EtfIzNdt9Ac",24,2357705,44278,2990,3700,3
"sV7eDd1d7LI",26,2351845,194878,1234,14131,16
"rdsABjAP8Yg",25,2340514,17381,513,2023,15
"Zh4c5IrllBg",1,2339940,82038,1925,7852,7
"MLTwWIeiA24",24,2337251,53095,2713,6810,1
"v9wbMzkVseE",17,2336544,19462,4484,15699,3
"CT-orZzuN2A",24,2335156,38642,610,1106,9
"L29S0JPOrV0",26,2334865,152228,1763,8703,14
"OGYASOBiU_E",23,2326176,172597,1286,47828,6
"KbbgQsTbQ9Q",17,2321144,17363,1281,7954,3
"cW5ueE2vUm0",10,2319218,164098,2334,10819,8
"I6N-XuYllgA",24,2319083,98929,1251,4541,8
"7BlT28Tl_VI",22,2317727,44807,2932,4892,9
"PliRMGvytnA",24,2316153,96546,1087,10106,7
"PbRmbhdHDDM",24,2315502,97325,436,5342,5
"a49beT37Bc0",24,2314081,14782,2769,9678,5
"I8Umj580ls0",24,2311760,34425,6094,9453,1
"99t4EBwIAt8",24,2310794,105783,558,2718,20
"aMQbRpxgFvs",28,2309633,115443,3940,17047,11
"JyUKqUTp9rc",26,2309169,152236,1883,203884,13
"Ev9rOA2Yjs0",28,2305543,43982,3606,4275,7
"H0g4JxKp4fc",23,2305537,225422,8704,41490,16
"THr_seahKUI",25,2304379,35108,24731,19012,9
"h_67XloYXTc",24,2303558,35609,1109,1299,7
"2Nlo2ekTRvI",1,2303131,42395,2237,6802,6
"sjN-NGsRg9g",10,2302545,129661,932,8213,7
"fJe0cmOvM94",24,2302182,60183,901,2800,5
"htWO0--MbQg",17,2300863,21014,7880,4213,7
"oY9GVZKwBhI",24,2297986,112989,1516,2848,17
"4Uhe7pNqCFo",24,2297105,73435,1314,3728,5
"pfM1F0fBTo8",20,2296556,56795,1234,23354,11
"1ZXWwIjQnHs",23,2295275,32895,2255,4576,12
"SlbY1tGARUA",2,2294097,5503,12290,2595,4
"6wGj89GE6aQ",24,2294013,131127,1455,11228,12
"b4vTZx_AtHk",26,2291077,102726,12794,11941,3
"R_O5x0LNksM",24,2290382,28222,788,1819,12
"t9QtXGirWf0",24,2288833,18696,1858,1721,1
"OKgUiBOpsZ4",17,2288090,32769,2517,4393,8
"OBOm_jatVCI",24,2288043,39996,1591,4929,15
"48qcnpCWBq0",10,2286134,153706,1358,9905,7
"Ii3Rr4-Pxow",26,2284631,105374,3229,7155,14
"mB7hkJ33044",17,2283685,8470,691,2437,10
"Hi2tjMLVpdQ",28,2277907,165214,2945,13292,7
"r8FQ5wUYm9c",23,2277409,82882,1226,4774,6
"MBR2kxt7RK8",10,2276613,117457,4676,7314,20
"beb8zCGMsbI",23,2275999,66030,1009,928,24
"i9GSF3ROa58",10,2275359,111392,3145,10169,5
"maaWSIlDizs",23,2275306,20115,1135,967,4
"ET6XGZqOyjY",26,2272385,87005,4820,7804,13
"V8-JfSXPDp0",24,2271297,27499,4366,4737,5
"uUvgMnzplt4",23,2263186,144938,1736,11631,4
"MMGrzOu1amQ",24,2259888,99803,1074,15766,3
"B3qT1k0r9pw",10,2255876,49697,602,1417,17
"SX9mF288Tb8",22,2254717,131084,628,6487,4
"SQsPvrev_bQ",27,2252933,129865,1550,6673,22
"1qG_NwTT-2k",23,2251104,27656,3257,1249,3
"GYLBjScgb7o",10,2250165,60794,2335,6002,10
"f04asn4oe4Q",24,2249743,60498,1614,5478,10
"1C9STKF0Lv4",17,2248120,31981,685,1980,1
"ijUK3z5rt5s",23,2242992,64942,7903,15515,7
"2fouYHWUhZo",24,2239708,82672,687,3577,11
"ESKmRiLjNpg",25,2238723,22055,7332,3525,17
"cRTwgPj0qx4",23,2237519,124746,2892,28489,3
"oh0k_4SAXpM",22,2236472,58137,1070,2644,5
"I2sRc3j7IU0",10,2235991,100840,1487,5798,12
"CFa-pa0-VqI",26,2235021,68238,5188,6455,16
"LnA7Au-DLUM",26,2234419,32438,1599,3365,15
"Ut7e-0X8lds",25,2232908,7101,6865,24228,3
"zPJl2e38S4g",25,2231688,163338,874,7195,10
"lfkYyrhWphE",10,2230715,155370,947,9152,8
"4FEcHK-c2VE",22,2228287,54340,1272,3712,3
"dUMH6DVYskc",28,2227708,11817,6285,3769,8
"IJofEhiRpy0",24,2226333,131363,4743,11459,15
"mcsTWPSMDtg",22,2226074,104563,2480,5595,9
"Zo_mpwmashg",23,2224831,62168,6804,8194,6
"UhiXEgqhBWs",10,2224667,41623,401,1431,20
"gjXrm2Q-te4",23,2223948,76806,1169,4176,2
"tE5C3O71Xqo",28,2214150,25197,1786,0,13
"WXyLdg4mJxo",10,2213820,100843,723,2889,5
"dRvKm__GrqU",1,2210090,6435,847,1214,7
"qCSu-X_aEvo",23,2207257,26807,1769,3138,14
"VllA1V5M38E",23,2206241,22393,2848,5237,12
"6Km34EXxGZ4",24,2204925,119459,4017,26986,12
"lUZPV3gGXgY",24,2203618,122815,960,13570,5
"3uGIEY7tdg8",1,2199149,15097,1393,1912,10
"Z_kfM-BmVzQ",22,2197295,35502,601,3627,8
"a7JQzSn8Ptg",24,2193778,59564,596,2926,1
"9dHLFD_Jveo",17,2192738,29338,3852,4411,6
"THCVReSmm90",24,2188275,32353,979,1811,3
"fupYIggOq38",24,2186681,22244,1158,3987,3
"eMkZ8GEVgUw",28,2186003,27560,2174,3700,5
"fbHbTBP_u7U",10,2185367,96850,1130,8216,2
"RnaEqiVnad0",15,2184856,24494,2499,3238,4
"23ILq4uxd-w",24,2183863,24659,638,1290,3
"qPEIPu0V8GQ",20,2183462,79677,2034,3464,1
"9Rr9u6QGgVc",24,2182197,152957,3307,18143,7
"EL1wN_ihL_E",24,2181976,32457,1420,1349,2
"AenmqoozqoA",10,2181296,69312,2534,2100,6
"Zq5ESvmKagc",10,2179222,216640,1093,19149,11
"qmxMAdV6s4U",24,2178547,3354,118,305,3
"X9Qh8vsSE-c",24,2177792,91776,5879,12679,17
"5n9xafjynJA",28,2175978,37009,915,5657,5
"CaE0JD1X12g",1,2174369,60161,2431,6288,5
"I7LJIuB2CHE",28,2168569,58994,1714,5005,6
"UEhsFEgsI5U",1,2167517,32657,2501,7025,13
"IZNAp5g-nPQ",24,2164847,58951,1930,7955,3
"fA8bw85NmlY",24,2164363,186,16,48,6
"zuRd_Eneuk8",1,2163062,38633,1770,6416,9
"yh1NAMi2oLg",19,2160639,1218,63,118,9
"YKWGQyz-oLw",24,2160231,17627,15557,9277,18
"USXoINPEhoA",28,2153307,93585,1584,14599,15
"oWithLP0VlQ",10,2152261,7824,158,324,1
"9QojtREFuFU",22,2149621,16996,1574,1957,17
"WemDKlmMAIs",1,2146016,3642,80,162,12
"BfawmhUVXVo",24,2144958,29805,915,0,7
"euaGS3tPRBw",1,2143706,27662,2086,2934,7
"ZHbT3LWwsQ0",1,2142891,72620,1985,11349,1
"0HX039UdGpU",23,2141439,53450,3854,4276,13
"_0Wz8e4W-oE",23,2138878,138044,1193,11859,14
"1lPvUKtHBJA",23,2130602,22327,2699,4378,6
"dH4ZXmeEJXs",24,2128508,264835,5210,136746,7
"gwrfwx1QcDQ",26,2127874,286258,1796,44520,6
"hpsugpjc3dE",15,2126462,16939,607,1467,12
"AOvCyD9bbDM",10,2122601,83836,5251,10472,8
"fNtLIcyjsnI",1,2122489,20085,1104,1321,3
"TzMJabl_ykk",24,2115715,115226,1042,13568,3
"9JQ2gHDPnDY",24,2114478,49033,1994,5628,14
"y0BlGqwLLGQ",24,2109732,1311,49,211,10
"Z9cB0TjfIkM",1,2109158,61175,1042,5289,7
"L8gV7LSt6sI",20,2102111,50978,1542,8722,3
"qNNcSwZAPSE",24,2101562,33303,1230,2467,4
"ve3oQBjcAGI",1,2098612,52336,2839,10848,6
"r2ys-AimNbE",1,2098175,94916,516,6070,13
"QfNG-YJ3YmU",17,2097854,41417,1524,9812,2
"54BVvP7zvDQ",24,2096929,35493,1594,2260,14
"yN0O8UaTnRA",24,2096196,39093,1688,2625,2
"enH3xA4mYcY",1,2095289,8415,294,615,12
"BFkTu8Y1KLs",10,2095026,49729,698,2804,15
"CP6aYDssDSE",19,2093619,38187,1960,5490,9
"JZoO1Ftj-bM",1,2091534,58896,2246,6315,7
"ut6UYwbt6Xk",1,2091513,57593,1157,5176,3
"88EB0TEGQDA",10,2090172,26797,2721,2792,5
"fLwKs5yslSU",23,2089947,167197,1432,8576,5
"goIXAFdlcUw",26,2087376,92367,1077,8381,15
"yc0kcGgg3o0",24,2087032,64030,2868,5540,1
"6-Bf9yUay50",23,2085977,20609,4302,3114,12
"zbtyaKAMDdk",22,2084134,81078,971,3819,5
"0PpNlNJ6Nng",24,2083918,106243,1461,12707,3
"MXpPRTHo5fs",24,2083564,77377,2292,7601,3
"WMs3NOW1TDs",22,2082799,53925,2529,4426,13
"pzD9zGcUNrw",24,2072162,61948,1263,6143,1
"3tjHS7JRB4c",23,2066897,31111,910,6296,14
"q1jzwV_s8_Y",10,2064683,66563,1991,6077,5
"Dwc27Lsr1EY",24,2061448,5290,1861,546,2
"ir0G79oHXMc",10,2060702,44145,3311,3423,14
"-1Hm41N0dUs",23,2058516,41248,580,1484,3
"nNZrc_XvF30",10,2058483,40851,2422,2327,23
"b2EOxGUuBWA",1,2058270,14160,5689,3347,13
"RMWTNik9i_8",1,2052405,85151,2794,8238,8
"jlmNwjdYVnk",10,2051675,34516,2380,6514,11
"w2Es7-c9GAk",10,2049961,9814,2630,2153,8
"ldmDBJRARB4",23,2047272,43554,1002,3130,5
"R8WBN3fJmwM",26,2046312,55218,1503,19222,6
"Sy3ERg7OCWo",10,2045760,232423,2749,21114,2
"8udNOTFiqUs",28,2044300,19749,1182,1694,10
"dedaP9ym-hY",10,2042378,56388,1447,6611,7
"4AtOU0dDXv8",25,2036792,29446,14379,38936,2
"r2vDabFVj-A",24,2035115,28153,1541,1423,1
"Q-oM2BQ8Jow",10,2034980,148529,1844,7272,6
"16W7c0mb-rE",27,2032821,124607,1183,8577,8
"gw82GrEt370",24,2032507,196113,1657,37915,6
"42FRgdjveGU",24,2029938,33784,1958,2203,9
"c1npkEoEtos",22,2028512,40583,1773,1835,15
"hu_4yAZVNsU",24,2028315,28627,3519,10886,7
"blgS56pESPk",17,2027943,68298,869,11648,6
"XdNOI-q70q4",24,2025376,50919,2127,8253,22
"ill2cgCyTUc",22,2020895,74671,1397,7791,7
"3nwwX-DEH1M",19,2019746,16023,2287,4852,14
"GSCP2yg-v2g",1,2019235,52997,3697,9167,7
"ywcNsJb2v2U",15,2018667,62168,782,5082,5
"_OZJ03OBJj4",1,2017280,38666,2440,5887,8
"2z870cifG_A",24,2016536,109686,21229,12214,1
"eOQpjvnm4ME",24,2016029,21062,2319,4200,5
"m6lY1GXTu5M",23,2015271,156034,1161,5873,1
"NrikvhdYrJE",23,2014354,20459,951,1487,9
"QUP8vf18oWA",26,2013900,54669,1660,4470,2
"RlSzahonkTk",10,2012372,148893,1573,7405,10
"e1bEWoblGZA",22,2005054,149113,6417,9028,9
"sZoZryCb0P0",10,2004629,64947,560,2023,8
"wI89nVn6LHk",24,2003345,19895,2831,3481,23
"BJeCOo_CRyE",10,2003048,111598,1401,6049,7
"OHOkdEBpwDc",24,1998883,94430,2841,16939,8
"lk8lozFBXpo",23,1996355,62409,2733,4021,6
"j1v2A5pyGlY",23,1995496,53605,549,3058,8
"zUrib9ZbraY",22,1995022,46245,1488,2512,3
"4oqvNR1o3Zo",24,1989746,30153,4648,3633,21
"T_o9bDu_srU",10,1987296,117634,2910,15296,6
"8XBLuU_4Qgo",25,1987241,22785,1081,4158,17
"MUWUHf-rzks",27,1984239,109450,1419,6875,12
"yMvpbrJ1CWQ",23,1983087,61712,3784,4241,7
"r4VJ8o6yqzM",24,1976572,47253,3849,6508,5
"fOhB5JyEkOQ",24,1974031,50261,2481,3263,8
"IyRRk3wgKMo",20,1973925,151991,28902,46906,8
"iSt_jbT6rak",23,1973349,70489,1076,3714,14
"6tiphMs-dCY",23,1970963,68401,1793,2334,6
"GWMKelv5Bmw",23,1969654,68591,2589,5108,8
"JGo_a82jfj8",24,1969648,49503,3728,16980,6
"sd80ZipTMDE",26,1966994,187947,1355,99980,3
"n2wIqXBz4os",24,1964287,88373,2423,3091,5
"jjNf6SolPvU",24,1963752,22768,1002,1739,7
"LLiXwMQW_VQ",24,1962973,12513,1525,1068,13
"Iay3Wu6wybA",10,1960238,34202,2160,2638,7
"KNxUDJ8_qI0",24,1959703,143641,3873,9121,11
"ZAD3JJvMWjA",24,1958372,64066,691,1201,3
"lVudO9x8fbQ",10,1954026,235893,1220,14946,8
"qpkXi0-XkxI",24,1953661,16054,1006,1621,14
"hwQnXjZwQUQ",24,1941169,11631,5837,3230,5
"v6WdrNN9j8w",23,1940700,56187,4960,3542,8
"rEdl2Uetpvo",26,1940455,125681,962,3274,7
"tgMxQ4qCANg",24,1937626,43275,7695,14529,5
"MidgYgFwgTI",24,1933415,43809,1500,6974,7
"nCPIKP_84qs",1,1931851,116455,1235,12018,1
"6xMBmvevhj0",10,1929441,39940,6346,3069,10
"LDVXOo_HXKU",17,1927025,31492,1550,2680,3
"_1LdMWlNYS4",28,1925345,46673,1765,4973,21
"UmFS7No3t8Y",23,1924405,251227,797,18021,6
"IpN_wAlYZSs",1,1921167,58740,1292,6149,15
"tWDK9rK-f1Q",1,1919186,45916,1305,4958,7
"jCb-WcxO5SU",23,1918478,60432,2033,3320,10
"8rqztDFvmZ8",26,1916015,66506,2420,10248,7
"wrpeEitIEpA",1,1915926,62005,3224,4284,7
"r8vFZ0HAaz0",28,1912972,61649,2513,5858,1
"2QMjAiy_2t8",24,1912737,32162,1114,1425,1
"l3vbvF8bQfI",10,1912665,99346,2381,7789,7
"42ZE4DCJkEo",24,1908298,55993,1349,8864,13
"lbFzL-0pEeU",26,1908094,40909,4789,5210,5
"44NYFvhXmW8",10,1905487,65854,2442,4490,1
"ElmsIGT85tI",10,1904633,63609,1713,3806,6
"JOZzku2SrzQ",23,1903783,171597,2070,14030,8
"5YgluF8VTWg",25,1900142,9383,6490,30783,5
"QeFwtA3p4Mw",10,1899190,104625,1603,6319,1
"hA8lElh7LFg",23,1898228,134282,11435,32882,7
"v0eafGbrSJ8",23,1896340,59877,3294,5308,4
"oFfMN6lPnlA",24,1896045,75614,1356,5115,8
"SggkMHx4GhQ",1,1895941,46102,1227,5513,7
"FDbb28N7iI8",22,1895867,73579,2400,5016,14
"sw-l5SW5hik",23,1892728,20638,2567,2477,13
"-p-PToD2URA",28,1891032,40715,1196,2789,11
"trcditUaQJg",24,1888184,86519,508,5459,12
"kz3MEd1Jr0Q",10,1888088,85515,1168,4044,8
"2c9fXDI2EYE",23,1887277,32868,854,1662,3
"qYNNT1WIhwM",24,1886667,30112,1612,1605,14
"yHHnywiSwIE",22,1885785,226887,978,38888,4
"r5Kd7ltWS9w",1,1884144,55281,3657,7353,1
"iC7wWFQUUqU",10,1883291,16532,1084,401,12
"kl39KHS07Xc",27,1882972,135617,9220,25509,7
"J_QGZspO4gg",10,1882868,88072,1219,6083,2
"NyNQLRhsAsk",23,1882458,17991,1611,2414,5
"PJBmeqpw3DY",24,1881659,43112,1163,5676,2
"fEqzx-36pOo",23,1881309,95216,3533,7689,1
"hIyqLdKBAlc",22,1877905,65332,1213,7767,5
"0TNVthqZ3uc",24,1875878,105866,1370,4881,4
"RoIJtobSOqc",1,1875212,32206,1931,4543,11
"894X4nV9Mys",24,1875053,72568,630,1829,11
"c47kn_Y4y8A",28,1873164,43831,676,4071,6
"tUbky9YzPZY",22,1867337,63749,2833,6556,13
"y8lFgF_IjPw",1,1865136,39025,4274,7258,8
"UbmGPOHJYpA",24,1863491,29175,4595,6455,1
"D52qnC7dJcQ",10,1861355,31576,647,1037,14
"BWPrk9PUwQE",26,1856410,38114,2049,2768,4
"9WFf9XY5rME",24,1855559,45701,1815,2857,14
"bI31WqFDxNs",1,1851372,50638,673,1509,9
"FO6My1joJVc",24,1848104,64607,758,3947,8
"h-h5Mhlt6O0",28,1845803,82929,2105,8134,6
"kJzSzGbfc0k",27,1844008,61389,2325,6088,17
"ijVLdH5dt-c",24,1843404,613,29,38,4
"GeF_5qo00Uw",1,1842120,19055,1256,1847,13
"y3qfeoqErtY",24,1841658,48975,787,3195,9
"fmtU3FFpHtU",27,1838876,23487,2321,3341,2
"e2R0NSKtVA0",22,1838296,28416,841,1951,8
"fd7M_5xW0SI",10,1838042,89113,1759,4315,6
"HHOyg1oDeis",24,1836620,139237,5668,11651,8
"bJWDajO2SZE",24,1836595,169237,3077,37319,12
"dyBFAX4SDEc",20,1833398,49538,986,7122,5
"CU8qwXYH83c",23,1831572,20254,530,724,3
"UddlsDsoIWs",22,1830129,49693,1010,2010,3
"7DbslbKsQSk",28,1828586,47121,837,4788,16
"9Ca8zWJOlFQ",28,1825705,77531,4156,12025,1
"vYb4_ARPNfo",24,1824164,13734,6608,1898,2
"k0BqqEMobcY",17,1824082,15384,807,4235,4
"S10azlzvS_8",10,1823701,133400,1670,11241,5
"_lUiJsnGXh8",1,1823566,42678,1234,4908,11
"sJGgV3p8JzY",10,1823157,137266,1438,8543,6
"s0Uxzh1E94U",2,1823117,2205,258,301,5
"oNpzeIdOtlk",25,1822026,9202,5573,11096,11
"jO7Ysq0m050",24,1821926,25103,1751,6515,2
"8oKl_qDJHt4",24,1820569,61753,2820,4639,7
"gmp6AGFPhzY",24,1820485,51259,2250,16548,11
"nUv22OHdjQU",10,1819783,17552,6131,7955,2
"ys6KVWA4okw",24,1813877,48557,2716,6894,7
"duXW_wPTw0o",26,1810234,114706,1503,4543,8
"8vCn190ti9U",26,1808784,68556,5864,6872,3
"YFHHGETsxkE",1,1805597,170182,1263,9823,13
"iKI6z9dcjMg",26,1803187,46974,1237,2487,4
"B1r4Z3nXPVA",24,1800483,118254,2088,5422,8
"f4FuOi9rvKw",1,1800130,90418,1197,2761,16
"exsOim0Lyl4",25,1799618,22413,17903,5758,5
"EsaHiIdsKpE",24,1794696,18182,4554,2782,5
"VLxl1UeuwHY",19,1794493,28780,1484,5557,9
"eemkTcS0zsM",26,1792082,35825,443,1303,8
"OsSKFlk8oEo",24,1791867,30209,339,848,5
"m0AZ5LKlGyk",22,1791693,1975,342,529,5
"kehML-RAkd4",24,1790918,90425,768,9000,4
"HQiDKE85P3U",22,1790555,65494,7028,7351,7
"a8gzChJsvEo",1,1789817,38476,3328,6570,7
"2GjJ85MImlo",26,1787925,54676,9574,5715,14
"zLJsJR0O6VI",23,1782889,66165,5100,5414,13
"Huab6p5HW0E",24,1781966,24138,1083,1683,1
"SVmuTIQBoio",24,1781312,29914,1680,4262,14
"REt-3P5h4Lo",22,1780726,64944,2783,2647,8
"nr5Pj6GQL2o",28,1780209,15081,585,1963,10
"e15ZR6XG4Z8",23,1779855,38399,1638,2633,3
"gob0unzEdRw",24,1778470,18940,7048,4306,4
"5hpuoMilm_4",22,1776352,161751,1974,11742,11
"Cf3zj7D8SQ4",1,1776291,96594,2338,25772,6
"yef_HfQoBd8",24,1776191,21783,1286,2426,2
"u0-pfzKbh2k",19,1771153,10079,645,2787,9
"9yDNAc8YS9c",24,1769864,50590,1591,9205,13
"R9OHn5ZF4Uo",27,1769751,187892,1298,10742,10
"DCUD9kjYOAk",10,1769200,86122,566,4357,11
"e5bernQdWiE",22,1769069,33798,1154,860,5
"UZ47aQFp2TQ",24,1761886,34692,2184,6109,4
"O8hm2Ml-pA8",10,1759167,37479,825,1063,13
"__Wd-iOZQ6k",23,1757705,69586,1142,4034,5
"CRiBnM9l4N4",26,1757685,79092,1398,8092,6
"bvf5DlhvJJE",24,1756608,36770,1314,2549,1
"1MGNw-Y2QPk",25,1756102,143458,3272,10789,12
"7cqYiUmutGI",24,1755038,55982,962,3714,10
"XAzqBDFs418",23,1752883,137210,1198,6341,7
"0lr497GhD04",24,1752464,59613,1199,6964,8
"GjwjzIFcX7U",24,1752139,73546,573,5965,9
"tn0hCTyj2Kc",20,1749832,77408,1392,18242,20
"HAGnqSKtn3s",20,1747746,89200,914,48452,3
"P-2r8XEuCII",23,1747480,131130,2896,10232,4
"dRtqFjYYUY0",28,1745260,73628,1036,6138,4
"0gDVWPPgMKY",22,1744302,46143,1290,2915,8
"Kemqo35m8gk",26,1739399,14348,2239,2492,17
"w77zPAtVTuI",24,1734598,50493,460,2521,13
"cFeDbPWPyJM",17,1734377,30367,1928,0,1
"9DUfFHaUpxg",22,1732872,46176,513,2662,4
"QDr9YTkFNO4",1,1732015,80125,2041,14909,7
"qD2yyikDcDw",24,1731533,34956,7355,3573,9
"V2fw7u1epLg",28,1730361,141794,2765,19219,3
"T_Tx4ZF-TkQ",24,1728905,25481,4119,9910,2
"JcC5VGOx8I8",10,1728219,80272,425,1846,4
"JRAOdRq-1lw",23,1727840,64655,1335,4837,9
"M-E5wDgptQA",24,1725355,28520,791,2572,9
"PAHm7SEhhuw",23,1724379,26040,1436,1570,17
"hv3jeGUv9fY",28,1722483,21135,879,2418,12
"nFpEuUY-zQ0",22,1721076,8388,930,1382,9
"vRN-32VKEHE",24,1721072,32545,1281,4216,3
"evhLzq7Gsak",25,1717225,10041,4266,9335,2
"xffS8n-M0Jg",23,1715217,132253,2081,9093,14
"jLCHpZ6B1gU",10,1713021,28724,973,892,7
"PmUL6wMpMWw",1,1711525,7716,728,1155,1
"C-DfipidnOE",28,1710398,91315,2137,8035,9
"Q-v4LsbFc5c",27,1709373,50835,2646,2937,7
"kFSm6gany_Q",24,1708199,20569,1623,1493,7
"nMbUA7dghlk",22,1705668,59681,1074,3775,7
"ZKZwrlNHMkk",22,1705452,26568,5634,5428,19
"GbrueARGMhE",24,1704711,43626,1962,2770,12
"4oYYVrEFWE8",10,1702293,32630,2071,4489,6
"7Nv1KoqM6vc",23,1698230,20562,823,1369,1
"jr8L_hJcCM4",24,1696551,48689,571,2195,1
"uu99R0zAUEw",17,1696151,28043,1355,2580,5
"M0kcLjxoYS8",23,1695926,105825,1544,7034,15
"pCWH5OW9lDo",28,1695390,20802,1058,3842,5
"prmQgSpV3fA",10,1695280,66687,605,11415,6
"b1Vi4YGMGkk",25,1694719,6520,2566,10760,8
"U0hAC8O7RoI",2,1694708,43997,6027,3608,7
"H3mX88_tx3Q",23,1694595,15585,1928,2421,5
"DcCh33lJLMw",22,1694330,117495,1510,6024,12
"gs-iqvX6pOA",26,1691844,27882,2553,4492,15
"I5qFoctplSU",17,1691529,14149,434,1235,5
"0r-zYs6NQu8",27,1688171,65232,1386,19494,7
"szaJ5aW-LUs",10,1687351,136708,1534,16568,12
"tMazN5uH49U",22,1687323,24156,1755,6241,9
"HnnRyhuX_jM",24,1687203,25912,1461,5450,7
"uPyLIBSVrMw",24,1686243,133400,530,23864,4
"BZt0qjTWNhw",15,1685609,38160,1385,2657,23
"1Xgm5R4eMao",24,1685312,13948,2985,4664,20
"vfHd8MF0ExU",24,1682086,35074,1416,2086,13
"JeRtUXTQ_aQ",10,1680396,47507,1434,2289,9
"xVYmcVgfDNA",23,1679248,32693,1529,2374,4
"h5CLO2n6OxQ",24,1678782,108402,799,22457,5
"eT4shwU4Yc4",23,1678623,67740,2826,5214,13
"SPYzQplG_YI",22,1677912,69167,852,3863,5
"hmkSBiZ6XoQ",24,1676887,90657,2709,77113,12
"0IaG9oM4O4s",1,1675909,6873,7029,0,13
"LymuZ8abvmc",24,1675419,12798,1558,1625,1
"ssVrzoCgr_w",23,1675392,16239,746,1946,2
"H-WEhug-up8",15,1672881,40396,1404,3286,16
"7s71D2kQrFE",24,1669974,23244,1914,0,3
"k3uh0MJeypI",23,1669402,123187,879,9577,8
"FQC29joihwU",1,1667408,51184,378,3404,5
"nHO50-7l-Vg",24,1666780,45710,934,2955,2
"9JBKuNrd5m8",24,1666684,39778,1335,15523,19
"oS2MW3YIJew",10,1666465,62357,1043,2631,8
"hBvcngHRTFg",24,1666296,49224,859,2855,6
"Lxet1zLBTM8",28,1666003,61821,1055,6597,2
"ksjWPxFPsos",23,1663506,79165,1879,36476,3
"ZO4CMPCmFDE",24,1659272,41603,1339,3060,7
"Me8jYR9Q0kw",22,1656235,98896,8019,11137,13
"Yg8jdBLTtfo",24,1655978,36441,1876,3366,16
"uFDPLyAWpVg",15,1652914,19764,341,1197,13
"PZxyNX8J7Y4",24,1652804,59604,842,1063,16
"DNrNMg8_gEs",24,1651715,106838,930,7335,16
"sTyOtjJyjsg",28,1651674,29541,6286,6886,5
"Dv4Ph97jv44",24,1650078,49066,710,1452,4
"_7QuvSK-A5E",26,1649348,75585,1603,6586,7
"3g5O-kT9m8k",28,1649128,63594,1771,2922,8
"zkrq7Kpd1so",10,1648886,0,0,548,1
"IGhC2EwCAWM",24,1648675,62011,2072,11881,2
"Ja_GMU7-sjs",28,1646057,53901,1566,5963,2
"n9JVbbRBqfY",19,1646051,35793,759,4726,14
"6Nr_xHolP1Q",23,1642644,52190,2122,3606,5
"PFH046Fh3ps",24,1641394,18448,2171,1949,15
"N7HFXgyTya0",23,1639968,74037,1221,3465,8
"DbF91ZtpGGc",23,1639042,63153,1713,3442,7
"T4sDURQsUTI",20,1638715,74374,5023,23950,4
"PAczA2saYWM",26,1635960,43860,1153,3795,4
"gS1DbvHHVH0",28,1635301,120791,1098,20711,15
"iM89vdPLbQs",17,1634519,7168,533,1529,1
"OGPsw2f_HQk",10,1633109,70409,1295,4145,11
"Htu3va7yDMg",10,1632855,28427,1702,2002,6
"PeYARbPHcvk",20,1632401,34809,3526,8235,7
"NzJdS6YC9es",15,1631648,40981,646,10663,3
"oYvw0GryNs8",23,1629871,159941,2175,12628,1
"No35-c4zXjo",23,1629599,43060,3716,5722,7
"4dpjhcQr0RM",10,1629053,72349,2376,2694,9
"BFWI0GQZA14",22,1628628,44765,2565,2697,7
"Y0D0s9eIKuw",24,1627758,98772,670,23395,5
"f2kesmAO8VU",26,1620153,51280,615,3245,3
"pCteBhr4dGY",24,1618812,26729,615,2439,13
"-oOlAGKBXnA",23,1618811,53446,3188,2899,7
"ToQloh3us1E",23,1617018,47921,1253,2833,7
"YA9DiShszX8",24,1615691,52089,2891,4219,3
"NB3gWkhLkxM",10,1615678,92403,1856,4572,8
"caCdf94Blfw",1,1612824,20222,5164,8678,8
"KKD9DLbRak8",24,1612248,19796,512,933,4
"sBMOXHrXJtI",20,1608741,72970,763,15445,3
"YvfYK0EEhK4",23,1607810,39699,2268,1847,8
"CwKp6Xhy3_4",10,1606993,9035,693,343,16
"ir-_cm0BaWc",15,1604697,43585,676,7838,4
"kSuaykdvl4I",24,1604545,75278,769,4265,8
"FmmLiydvFI0",23,1604421,102602,1188,10617,8
"mto2mNFbrps",1,1603502,6239,710,568,8
"K_XXXDPODmw",22,1600770,107556,457,3999,8
"3HhK7HbX3Qs",17,1598439,13453,629,1389,9
"NHrwcQQ38bA",17,1597365,43308,474,2068,6
"NWOz3OZ6J9M",25,1596487,17105,13512,31931,18
"4vZJn6r0dRw",24,1595752,44879,1299,4910,5
"bRkdzjzqepQ",23,1594965,23769,440,867,12
"F8BdzL8OltM",22,1593449,19173,16105,4335,9
"p8t4HQWwDxk",24,1591562,37894,1401,2296,6
"aZdkR_WhA5Q",23,1590640,49590,2019,1842,7
"c7cYON3uVZo",24,1587545,8157,511,916,14
"Ff7wbSwTuEk",23,1587062,13824,1057,3163,9
"oSQZ9NiLoxg",23,1586426,17072,2293,2204,3
"-RUbNqpwOt8",24,1586396,45690,2414,3812,4
"HCO7BWbKipU",15,1585496,33924,961,5615,14
"41d9Bd7m8js",23,1584221,15815,704,861,9
"wa9ZyarpM2U",24,1584020,36077,1603,3155,8
"m4-sL1r9i1I",10,1581379,109453,991,3772,9
"7IUWv-GmGQg",24,1580705,37759,703,1873,4
"__1SjDrSMik",22,1578774,155500,2005,9271,6
"uRP4nAGMYCY",22,1576105,114099,1322,16094,15
"8brYvhEg5Aw",24,1575608,15910,634,3032,2
"TfiTsqa2LB0",24,1575302,122145,690,20481,15
"NgloGi5xEa8",24,1572313,44804,888,3391,9
"KrB-ASnFMVQ",17,1570411,11194,1550,769,6
"EqeIRzY7hIU",28,1566455,27236,1586,2918,13
"DZAiRufPx9A",23,1565382,92163,4351,8026,4
"eiudTjsGM7g",24,1564769,37305,516,2078,2
"n-H6zIeMiUs",27,1563582,20118,1591,6811,14
"HiQHcbFJv_o",23,1561955,109338,2642,7794,11
"_bVPfM04vOY",26,1559974,58231,756,3547,3
"MeXyRyxCjT4",22,1559583,52012,1593,2359,1
"YKkp4jZlIfQ",24,1559231,34528,2556,13343,2
"8hKbIhrb1WU",24,1559003,29898,884,1838,1
"mewW_pRSgEc",23,1558898,17640,1173,2935,2
"GEsK9GudV2M",10,1556997,92688,1108,3650,12
"aoY0J5jSbTM",24,1554433,14272,233,699,6
"mlJGtSg5oRw",22,1553598,57186,1228,3887,14
"azFsk42kb5E",24,1552066,43720,374,2014,17
"au5hwGS4KRE",25,1551300,4893,5016,3139,8
"XiIShINrftE",10,1549191,45903,4181,3344,6
"8O-ZUXGcuWU",20,1549110,21905,1516,1318,1
"JRocY48P0qA",2,1549098,28255,1792,9103,10
"IOuFE-6Awos",24,1548962,122670,1421,15016,1
"nukwmfb8bII",22,1548378,32349,544,1439,4
"2nshBD9EbxE",26,1547962,37947,763,1827,4
"4csQhMHvQWk",24,1547819,27811,682,1358,8
"HEVonh8bjC0",1,1547238,8986,1804,1847,7
"yJqsPBWbtjk",24,1547151,30715,5595,13247,9
"MSzytvDsPfo",24,1546967,17745,789,920,13
"Bz947t-vWzE",23,1544312,30356,669,5028,6
"4L-BPQVZYXM",28,1543548,54190,1296,5941,7
"UCrMn3LLMVU",10,1542832,31386,367,733,9
"CZ7KRUYQyKE",22,1542531,124632,2778,7456,6
"-wuvYC0x5lc",24,1542228,20254,1199,1342,2
"aHR5vpQicqw",24,1539089,7657,856,7905,4
"mhog9LEMCDY",24,1537417,64534,1877,4321,14
"lWHZKP6xXHU",1,1536968,63353,1489,4738,12
"g-F3A9n9BLg",22,1536897,44115,724,1359,7
"0vKkwJwL77Y",1,1535652,36776,1758,4414,7
"t9GNMVfEiG4",26,1535269,59280,2743,6699,12
"zfeN12n3fxk",26,1534016,50169,3443,4568,14
"9kF9xY74h-E",23,1533488,168268,738,9395,6
"CtBca6H6Teg",1,1531538,36000,546,4115,7
"qoPCbB_uGMw",25,1529545,20063,1044,1229,6
"aCoDqL1dK9c",26,1528291,159801,723,78990,3
"C0KnxhQMLBU",17,1527300,13847,669,4755,3
"kWku5rgaJWM",1,1526404,1665,105,230,7
"IkV5VpEROW0",22,1524569,43346,924,2670,7
"l3xmc0pzzJI",22,1524361,79021,1063,4659,3
"fqQ7ymRr5X0",23,1523236,169711,6157,12351,1
"tEmodtG8NV0",26,1521121,80706,3935,9052,6
"af6L1jBZGYA",23,1520884,17200,939,1359,10
"qmvj7ijV0Q0",24,1517477,15808,865,1354,11
"D0aAYfRBVik",10,1516733,57080,2603,3617,5
"QF031DwMffQ",1,1516682,30827,1237,4451,6
"xqj7XOv9mC8",1,1516213,1972,105,252,6
"k6NTcNFjVjE",17,1515901,20960,642,2323,1
"07S_Glj3uYs",10,1509716,77243,1665,4279,11
"RP3UsFrDJfY",10,1508992,74113,1180,4784,7
"oddXT5uaRb8",10,1508950,181682,2062,9854,3
"Gv1xjf8BUrY",23,1507254,85731,1318,10439,3
"HxuHo62reRw",26,1507123,60231,637,1967,9
"dAHolupCEkc",27,1505292,22299,1279,3254,3
"CyPPi6T3D3s",26,1504263,12959,1441,627,8
"ZKWDCyVbnoM",1,1503335,25423,369,963,13
"8EK-QMtHhMI",23,1503192,96477,5226,60276,7
"4srOE3pCCo8",17,1501322,16023,3972,2922,15
"Bs5Ml7_2wT0",20,1500852,28017,1658,1816,6
"G4BxOhJOmUw",24,1499698,38757,952,3678,9
"iNf6VErGDLI",10,1498866,67227,1473,4645,1
"PV_GHHXy7Po",26,1498679,75642,685,6089,16
"cOc3tsFWoRs",24,1497519,15504,353,1084,1
"8NHA23f7LvU",24,1496225,16116,236,605,1
"Oa0tSw2iV5o",24,1492918,42804,6216,12378,1
"zS5-hxARjJo",26,1491975,36227,900,1609,4
"2TCHVvJ73kM",24,1487010,29233,2573,4830,9
"cBVTghAXTMw",28,1486236,34650,1302,4712,4
"HszBf-CJeVE",24,1485868,64074,738,3230,7
"Zxag9p-63RU",24,1484851,6093,304,601,2
"KB4_WIPE7vo",28,1483502,98006,2233,13807,3
"ouWuzQb9vNg",20,1482174,40468,2645,10669,20
"trWLY6NrS2Q",1,1480903,59930,1248,5113,7
"GxmDeU_4UlQ",27,1480442,25639,4595,4981,4
"_tAUu9tNNIM",23,1479970,28676,267,1444,4
"ZQcaYYHqrUY",23,1478788,41635,3736,7180,5
"AkCLxl3MzNA",27,1478064,54840,1007,9302,21
"MfVetou0ERY",24,1477735,49801,1940,3862,11
"7OsFH1XBUG8",27,1475727,20443,4858,4659,3
"8EiDiriAmfk",23,1475049,93034,2589,4630,8
"CPjWgk0UXps",24,1474452,33999,1634,1407,25
"MrMAfMbZOmg",10,1473589,214511,2011,17455,1
"wYeMe6_ISKc",10,1473574,57876,2622,1874,3
"dKccvk36atQ",26,1469630,41389,861,2774,8
"Zjp0mdMeIPU",10,1467543,183383,1140,13256,4
"7VnEPIBsp20",24,1467369,34123,1637,2188,9
"73_OWzBr8Fo",10,1467165,141277,1573,10516,15
"wx-M8sxcOp8",17,1462885,10301,751,4623,7
"j7RZy2B73hw",17,1462747,13474,743,6081,2
"kce9FMxx-04",24,1461207,18543,5779,7539,10
"og3aFSeEm94",22,1460170,56065,2463,6610,14
"pT5XvFLmzMU",23,1459033,152431,1511,12032,1
"X-eRc9PF3TU",24,1458218,32234,733,891,4
"Hzk1bM2vVFU",22,1458061,84815,782,5731,10
"NKin_i1pcFA",2,1457307,29851,1032,7918,7
"cyhU06cXfeU",26,1456636,93590,895,15339,7
"-SJywvgaJEI",22,1454240,141516,1841,23633,5
"gPtU_-N6dMg",20,1453609,40628,1018,9390,3
"_yThFcog0nA",26,1452367,40782,1469,999,9
"ZR47jsUqUzo",24,1452311,142301,2020,19562,4
"kUosDBUjq5A",19,1447882,22701,944,3449,17
"pP6r2Gy_dTs",24,1446252,23963,1240,1849,7
"TU-Z4uPnFeg",23,1446140,64501,2171,3888,7
"OdNqWcUdm6I",26,1446055,86667,566,5705,9
"7_FJUSBFbJM",43,1445949,33261,475,2174,16
"592KTCoUuUg",10,1445729,75567,2053,4308,13
"6i2cebTn0nc",26,1444978,69007,1490,11582,3
"NC-TF0SPzzM",23,1441446,13468,335,310,14
"8l_e6bx8UG8",10,1440724,36686,6598,9637,2
"sqkL6D0ScR0",24,1439258,57492,2886,4620,18
"B9nVxg3DqAM",20,1438726,43294,1284,9671,8
"2QK6Usg2KT0",24,1438398,33748,3360,8085,17
"tiF9SzzzX_o",24,1437051,19930,1794,1671,3
"xXf2ct7C2fQ",24,1434219,23054,3413,6532,12
"-66xHRJSPxs",24,1431462,29689,943,2937,4
"Bzu4G8uZs-4",10,1430545,105677,1230,3642,9
"IBHx9uwCy3w",24,1430059,35537,4377,10255,7
"EWf7P3okX9s",20,1430025,127787,848,39167,11
"6EmFN1nRQ6M",24,1429113,34531,1045,4542,4
"5qxqo2CQakA",23,1429023,33689,8370,3057,8
"EC5UCCnk59c",17,1426823,25850,747,1423,12
"sqVuypJD7zo",24,1426446,14885,749,746,6
"Hpv3jqmYRjk",17,1426393,26029,588,3798,3
"0eUk_VN3e2A",24,1426321,32986,2012,8165,7
"MybjFHx_wfc",28,1425308,33534,2668,3895,13
"3frnBoqqI_Q",28,1424952,39847,1530,4261,7
"BrqFTswejpU",24,1422262,42315,4271,6373,4
"mAfkkgw_-68",26,1422235,32443,672,1702,4
"1zO2JEV6He0",23,1421293,115308,942,8508,6
"f1fXCRtSUWU",1,1421026,23213,952,1975,16
"vL2-H_0V7nw",23,1420352,41063,5008,4808,13
"M6LTqtYKDtI",10,1420335,51801,1441,3499,5
"xTrwT0jSUg0",24,1418921,17436,2138,1377,3
"TWpt-ze_cYU",23,1417912,67856,653,67310,6
"NZ0ImXT1FZk",15,1417253,44358,893,6858,8
"2ybeU5JUoK4",17,1415484,8937,1127,2453,18
"iWeNDPTYAZw",17,1414271,33175,856,2465,16
"i7FgneNlM14",17,1413550,602,829,930,5
"10fjaHpOeWo",22,1411987,4774,156,637,4
"H2nY7Tu1Qgs",26,1410716,33498,966,3536,5
"zWrMvW7S3tg",23,1410203,95248,5876,12467,9
"FkiQ67FtycI",23,1405318,131771,2314,20591,6
"SuFMMvrf4ao",24,1402875,37177,2303,7006,9
"bVU-MmJZFFA",10,1402868,29970,1940,4023,2
"1XY8dPnIORc",1,1402067,39490,5465,5724,14
"h-w7QZo0XSc",1,1399674,33392,3165,5070,19
"GskBiFLSayg",17,1399244,15373,1081,5643,9
"ooWd_9OAAUg",24,1397713,16471,3259,2221,10
"hSvnepZS26s",24,1396551,34320,729,3500,6
"JFmkRNbDF70",24,1394264,35697,738,2561,11
"DPCW4yvWQT4",24,1392693,43578,3085,2491,7
"h3umdwK-oPs",24,1390895,65779,233,1829,25
"eEDZuFw34YM",28,1390497,31443,1068,2036,7
"510KQ_LXGww",26,1390440,86207,1775,710,1
"sTvY9Llqtms",2,1389924,50058,1125,3206,7
"cZYNADOHhVY",27,1388170,116770,4372,18598,18
"OZqsFkJpvj0",24,1388010,31247,540,956,3
"94k6kEVGZzg",24,1386699,75185,1137,8228,3
"TdcS2LMQ5Ck",10,1383902,13688,3211,2143,6
"ZWAkzvL5Ho4",24,1382900,23250,6010,4566,3
"SFr0fCgrTNQ",24,1381758,88716,1282,9330,7
"oRSVrtKph_k",10,1381523,158372,623,14289,5
"mE9oqeXj4WY",22,1381198,123524,1029,11970,5
"CWAX-tiepMo",1,1380940,49981,2818,20286,7
"3b24Q8Bz7b4",22,1380632,29464,479,5715,9
"REbjfHF0N0s",10,1378937,78042,590,2599,2
"z1FfOwjlqxU",17,1376133,8879,1198,3040,7
"eV6yLbWCMDU",22,1375345,27619,810,1029,3
"_iRBspjg2pw",24,1373683,42501,1878,2745,2
"mNKwe9k55fs",1,1372300,23179,1254,4249,11
"HqwVFXyCfOI",24,1371599,13303,875,909,9
"-9OfAHgdV8Y",23,1371506,18997,1185,2861,1
"HdusPnywwPI",26,1371236,58054,1569,6531,19
"fEMxFSjmo5Q",26,1370158,33462,934,1946,13
"fYUXvrF85uQ",23,1369854,56557,1468,23044,19
"U1RASlbIIVc",28,1369181,42983,1473,5356,8
"wW4JB9tjlik",24,1368300,31469,8483,5103,11
"sW5HaEsnuMI",28,1367551,28986,1530,2572,8
"4lm75v4Ndlg",24,1367332,49615,618,3639,19
"Gw-Mm-hS_UY",23,1366939,106340,829,9831,5
"KjICBHj1EzM",23,1365999,26821,423,1908,1
"KyB0zVHm2P0",24,1365473,100090,290,2427,1
"cxMvzK2OQTw",23,1365087,25811,8876,6604,8
"kz1xzBYppW8",25,1364148,12058,3301,5815,5
"lYEj9snU838",25,1363711,9025,17324,9513,7
"CzCfd0eaWoA",26,1361969,90736,1102,8234,7
"szFrHKoD1GE",19,1361890,42447,2396,13631,13
"2r_nGjgqPE0",10,1360509,54560,519,1579,6
"w8AJBlmLMZM",23,1360154,75071,1414,7805,19
"b_lULj6v804",17,1359328,9011,547,4545,16
"hdoLeKGoSjw",23,1358990,34579,1224,11744,10
"bNcj9iR956M",23,1358775,18960,759,1230,7
"II-OP6vdMs8",22,1357946,18388,27497,6082,7
"Agg73-6QOYo",17,1357584,9762,345,4741,1
"ssk48FCVolk",24,1356734,17910,376,841,15
"i8qukld8Z18",23,1354670,36803,1157,1299,6
"q-jZm-FUbqs",17,1354133,25721,1772,5663,2
"2XK4omx9uMU",10,1354030,57838,512,1257,3
"MeNR0guNn70",28,1353109,16766,1370,5417,12
"mIxlvVlOIS0",10,1352763,75000,955,5808,6
"V6ElE2xs48c",43,1351321,22587,616,1649,25
"fZwwcwfbmdo",25,1349950,5601,1180,10265,7
"46KwY26PeOs",23,1346784,48342,1208,2936,7
"QIN5_tJRiyY",10,1342821,66776,1254,7820,3
"eP33TkuI9vI",10,1342038,25278,1657,3394,13
"GnevZOMl78I",23,1341344,52324,1375,2112,7
"AV1SWIPxxFM",24,1340395,31178,1305,2305,6
"0XARMt12oFk",25,1339943,6223,1708,3828,10
"9POblaMln4Q",23,1339587,50927,1760,2525,18
"gXg2_yExgVY",24,1339443,23629,943,2181,2
"iA5u80nS1PQ",23,1339398,39094,1471,3810,6
"EUPlbO3Ub2I",22,1339289,29265,4954,2824,4
"XKrV_JqZX1Q",23,1337261,18250,450,1083,2
"XOxB-WE3R7U",23,1335774,98474,2057,6392,9
"Ey01ZlAoYes",1,1335741,10209,326,496,3
"cSFfxxVYpxk",26,1333624,74168,2105,11124,5
"X6iJ0hPpGec",24,1332449,49673,648,5017,7
"UuR8UhMTw5U",24,1330675,20765,1105,2497,7
"zTY7dvFJbXY",10,1329970,37146,1058,1283,12
"zvjqcoiOPbE",10,1329689,47497,1170,5787,5
"GnGPAYvve1A",24,1329391,48386,126931,90365,7
"lb0Ymam2Za0",23,1329350,79918,2069,53182,2
"sfj3aX_ed7U",17,1329253,10006,620,7476,1
"oiC_HG3u-nk",25,1328518,8472,3657,6865,3
"rZQepOFnYi8",24,1327815,32895,1240,2020,12
"XkVwqEdYlNA",24,1324411,46874,622,2422,7
"kD06SQtfA5s",28,1323176,37539,2237,6777,13
"MNzBFgwkU0A",10,1322797,71645,611,3604,12
"ZoYVZmKSYFg",15,1322782,47212,744,3738,2
"PaumoJFmHlY",10,1321814,40178,558,1522,12
"GMNkrW7jlQM",24,1321434,13060,393,782,2
"HvPbH30KWLE",10,1319753,223647,850,11860,6
"HIwirSk4RjE",24,1319340,95002,2685,32547,5
"JfQ3W0wjGh4",1,1318729,39261,1238,4991,13
"nsjPEcRq_0c",24,1317400,74473,1123,4668,5
"Wzvr_rtI82w",28,1316758,147250,1028,39190,5
"TPcV_3D3V2A",24,1316254,1893,138,193,7
"8KgiaRPxRnQ",20,1316002,50126,1866,12664,7
"k29YnfttqEU",23,1315873,9312,584,769,1
"oRexsyztGS0",24,1315533,24569,1627,4040,16
"GLbX9CL7Yg8",23,1314784,17291,3954,1704,9
"OblwxqKPyLg",2,1314567,230,34,40,3
"L8RxxVYWTIQ",24,1313348,44978,773,2666,5
"kFjq8PX6F7I",27,1312978,34958,2310,3787,2
"xrMfUeOPWto",23,1312364,37765,1442,3156,21
"Sbl4nCcO0qo",1,1311352,30029,820,4381,5
"Lo52BObqCds",25,1311014,15855,3580,12920,2
"FvBcYkY7ZGo",24,1310832,16488,540,710,5
"kzFHjyysXr0",23,1310346,95629,1292,6064,5
"z05WIkCvgjU",17,1309430,9475,690,4656,1
"1Nu_oGucpDI",10,1309380,68539,996,5932,15
"5g2UZr5RGgg",15,1309130,20192,1004,3434,15
"-BDImdAfodA",10,1307790,34007,1433,3533,6
"f_jTeuajas0",1,1301742,17113,260,1873,7
"ondQYFBvk6M",25,1300551,7346,1753,3485,3
"5MtBgDVPtx0",24,1300011,94279,1006,6958,3
"z7BOWQihC7M",25,1297140,10892,1511,11461,1
"GuKSrYux-Is",26,1295774,46286,158,1068,3
"mMzKvVtrC6U",24,1294681,19580,965,6619,12
"K62oeVyaC-U",23,1292782,68925,680,27398,12
"9GqohosViw4",28,1292218,49464,709,2704,4
"S6YYun90S8g",2,1291227,24475,1700,6769,7
"VfAOl67WcLY",23,1289314,39813,1535,2030,8
"KQKtSekSi94",24,1288201,23120,452,2444,4
"WKPIEWcGoVo",23,1287432,50489,1490,3259,7
"272qtYHyylk",23,1286392,58513,1174,5366,5
"WcjPlOmDtKw",26,1285754,81074,1443,7882,1
"Nsm8l89x2H4",27,1285558,18981,3097,2750,4
"wjOK-U2GhIs",26,1285332,78447,1293,3345,8
"TgSDDY0b1tU",24,1284857,22052,788,0,5
"e7OQ_ayQTog",28,1283991,11195,536,1796,3
"bvh_H0LsXpk",23,1283073,68051,1882,31338,1
"_6uvQtccJss",26,1281002,74074,1208,50319,5
"D-IkMEDaNQY",24,1280410,23156,1336,2810,6
"mUSv8b-V5I4",2,1279582,26242,1466,9559,6
"DJFeaRWJdy8",26,1278977,38761,1182,6869,4
"ObvUP5YxAKg",25,1277833,6447,1167,9963,12
"X-5yy4ETxlQ",24,1277694,15943,1592,1683,1
"wH-by1ydBTM",10,1277479,73920,1765,10565,6
"o78x918zbFk",26,1277364,56867,2148,25326,1
"bS_Zr-Hu4Mw",26,1277105,33039,1491,2035,7
"pDi7cezk9CA",24,1275330,168189,3107,22931,7
"WF82ABLw8s4",24,1273975,16954,2329,2538,8
"lR-oJvKJyUY",26,1273655,26473,1380,3106,2
"_PgMjA4x3rE",23,1273300,40109,749,5769,18
"cI5RYgvPHLU",1,1273082,35215,369,4826,6
"vUiE_0GPqKE",10,1272955,60978,1401,4316,7
"WPZfIKy7LWo",23,1272242,57418,1868,4779,14
"syAXXLxO8tw",1,1271958,58191,1074,1839,15
"2J6bJnwr1rw",24,1271072,46786,1145,2521,12
"oDYoV8-9v10",27,1270778,30068,1237,2351,6
"xl3HhY2BTuU",17,1270477,12058,620,6865,1
"jYuQzAxBVZU",24,1270251,26596,348,1691,9
"8tbQHHso0oY",17,1267977,2028,304,1586,2
"mQdBJGlnQYs",24,1266647,43096,615,2447,4
"8d_202l55LU",25,1263104,5930,132439,23543,4
"rOoLSRCmd1c",24,1263103,562,119,132,5
"DIU3xPdhCBI",10,1262652,28119,1047,1113,3
"ccgIXa7TIkc",24,1262601,10121,1738,2477,10
"Hz56cJfoYgc",26,1261723,53548,626,11393,6
"KObL442PWhQ",24,1259904,35398,601,2565,24
"Es9CfWMmPRU",24,1259565,21892,844,2749,16
"qpAo_XvCQaQ",24,1258994,15235,1023,1617,8
"Wk6Z7HLpx8s",25,1257486,7301,940,3459,7
"KXHrCBkIxQQ",24,1257362,7969,1309,1280,8
"TgA2y-Bgi3c",24,1257354,25617,1065,3257,2
"t_bnyOOFDNM",24,1255834,21773,3880,18299,12
"4HX6R88QZB0",22,1255581,34039,5504,6320,22
"zJ9kMg08Yds",22,1252628,23544,484,1322,5
"nc99ccSXST0",28,1251577,28951,1146,2606,6
"fEjag-a7TyU",17,1251416,10836,568,757,8
"BsadA7UR110",17,1251402,18884,1604,2015,2
"EbbL8NhdTQE",1,1250022,22538,9079,2058,13
"FPXXy-rGq-M",17,1249972,8399,2157,3977,12
"FI3zMdqq4vE",17,1249677,6703,290,1760,3
"EEIP1YpFXrE",20,1249486,46508,869,6511,7
"e9XbKS9xWD0",10,1249005,84753,1169,6397,2
"fbL1ZoAQgUU",28,1248469,9536,397,2319,7
"EUfZCJtfAYA",15,1247515,27444,923,3714,4
"XZo5o1Y0h9o",27,1247284,23967,2108,3840,8
"GcbsIv3QdFs",22,1247065,55267,4682,8417,3
"HuWLoCF9rWQ",26,1246192,51086,2130,5615,16
"YywJykbEllU",10,1245242,64810,344,3938,11
"xGz_FZ0ePwE",10,1244459,17517,3671,8002,7
"LC3fWTXZXxE",26,1244190,79689,1940,8436,5
"sKLREPyI-dY",24,1243560,23527,2060,2151,14
"-WRcZ9xHMuE",28,1241197,11315,842,2504,2
"m7lFyINZlBs",24,1240985,10920,2524,2600,11
"U0z-x5O_Jpw",24,1240734,15577,286,894,12
"UmXbLTbi8Hg",23,1240723,43764,1258,1525,15
"w4lcP5ZA4wg",15,1240566,31501,435,3433,6
"Em9EI37Yy9g",17,1240044,10335,683,2883,3
"kqp6RnQHKR4",24,1237869,15151,749,1983,16
"r3W2qepsQe4",24,1237339,26744,8723,8281,3
"a30K69hUJyo",24,1237208,21697,1221,1660,11
"1purAy2MsOc",23,1236919,99533,823,28003,27
"HL6ECWZ8G1s",27,1235860,37218,1124,5757,6
"HorugBalutw",23,1235835,20323,429,2517,13
"6e_MMVmmFfA",24,1235417,4918,137,365,4
"arJ5h2TY3I4",24,1233722,115781,1615,9706,3
"vyqCSzFZyXg",10,1233644,103890,1543,1437,8
"B7AjF4of300",17,1233075,16390,576,939,6
"-IqpbDJFbZA",28,1230476,52468,521,2099,4
"yWjRvhfjpI8",23,1229307,40639,3147,5927,14
"b7zWwo9dbiU",28,1228275,34746,843,2317,12
"MWb2vazaD28",24,1226948,97093,668,7586,9
"dDAlGl_8f9U",1,1225593,28014,861,3978,7
"b6fepBtNgVM",10,1225591,108292,447,4668,6
"fGHOLz35L8M",15,1225340,36704,636,3055,6
"DMlITdf3w-o",19,1224103,30720,1389,4698,11
"MYmQlBpF5e0",26,1223851,130159,441,16570,2
"HqXKEgTYZBQ",25,1222270,44795,1760,8417,1
"hN8mNXa3ICo",26,1220106,27221,684,1202,7
"LQicq60aJaw",25,1218771,8737,1004,3906,7
"PYDu-q6mFeg",10,1217931,59458,5035,4727,3
"00RpZZThSAs",24,1217872,38111,2850,7038,11
"aBL027wEtg8",10,1216232,0,0,5286,7
"btE8mDfEF34",17,1215945,10083,856,6475,2
"UJIo1AtoTss",10,1215287,41564,682,1996,15
"hwjdXBxeWsc",24,1214600,35378,738,1751,16
"ovgMFFBV8X4",24,1213994,15014,960,0,2
"itE8Cd85-QM",24,1213178,22875,408,1451,1
"pJ96Z2PPKI8",24,1212650,22522,920,1447,7
"E21NATEP9QI",25,1209601,24369,806,1803,13
"iz4bGGhf9Xc",26,1208627,60236,958,4922,11
"2ATuTL5i0_c",26,1207635,50742,2460,3427,14
"dPWg-A9tiRI",23,1207578,8198,243,446,7
"LFhT6H6pRWg",22,1205682,9572,228426,29634,3
"IxF3mxWbdjw",24,1203464,82357,2287,10306,8
"Csnsq9f_ZkQ",1,1203351,33421,684,3481,6
"NBupCHcJ914",26,1203227,72652,1145,9413,4
"qS6LoRYUdhw",28,1202878,46101,702,4034,7
"VioegwSjypk",23,1202392,27324,501,3060,6
"fS2fsa1fuIw",15,1202228,39642,430,2667,12
"IX6gYfA6l88",28,1201914,13467,3838,4915,5
"RQOgG4MLh1I",24,1201905,32974,273,0,6
"02N508BDngc",27,1199750,45344,1072,4502,5
"BOZngVYS04s",23,1199560,62338,474,27594,5
"Lg5x-YWxpco",24,1199114,12009,1362,5707,8
"obkLDeO58Wo",2,1198379,10795,287,796,3
"1RZYOeQeIXE",24,1195009,27935,446,965,3
"HoSWvxeBiWc",17,1194979,12344,473,1612,2
"t5uVXqNLMDc",26,1194183,49479,1146,1661,6
"XHpEJRsHefM",28,1193226,1445,757,0,5
"xVU8nEIsapY",23,1191039,35371,1308,2003,18
"6wHZT2t78E4",17,1190828,21941,609,1904,2
"_fVUX6-7VKE",25,1189824,6781,1218,3630,7
"NKmGVE85GUU",27,1188777,38810,944,3104,11
"JXKb6xtqC3w",24,1188770,53270,765,5402,3
"dd3XfA4NVcQ",17,1188002,3007,324,1621,7
"aC5lxLCyyhQ",1,1187812,868,160,107,12
"fCTKDn3Q8xQ",22,1185773,45513,1378,4794,2
"ZANqw73F9Pw",24,1184957,31271,513,1610,5
"WeyLEe1T0yo",25,1183611,30250,1863,3429,2
"jn9mHzXJIV0",28,1181190,43752,1831,5744,6
"oR9gIJjMyis",26,1180893,57488,3639,7639,12
"mnT4MDdEazs",24,1180413,29897,433,2197,9
"jC4NNUYIIdM",27,1180077,33134,846,2980,13
"D_CZ8v9uZJY",26,1179451,56241,1175,101591,13
"nRJuIrO9GaU",23,1176559,8338,1786,3867,6
"gNvNMWiMxUE",23,1175192,61868,946,23593,8
"ciYXvWbyl00",22,1175168,17092,2250,1739,2
"r-luQokOiBw",24,1173342,35541,502,1806,9
"T5ITSG6KGlc",25,1173312,3689,454,1604,7
"QzfnWcHhdyQ",17,1172709,11033,958,3510,1
"pXpfGJpmhNI",23,1172628,55991,1203,35504,13
"XblV5A1PlDo",10,1171252,66728,1568,6562,7
"_1mIPOYZzfo",24,1171174,10633,1002,5087,4
"3y75zBl37f8",26,1170696,34500,5272,5999,15
"d-73-Cr0tQs",17,1169995,11156,2098,0,4
"-5aaJJQFvOg",10,1168351,135280,1917,6282,11
"i4YQRLQVixM",28,1167646,2691,916,1122,2
"maAa7J3iEM8",24,1166324,25124,1878,3940,9
"AFbu21AGSho",15,1165339,20248,668,2261,21
"rRuifrLicbI",26,1165315,41128,9763,12777,7
"s9ZQ6VuoN1c",26,1162734,66573,1190,4971,11
"o0a6y9-owCg",1,1162281,55435,2825,5847,4
"UVaeRX9LybU",22,1161776,60228,1976,11940,7
"G63TF6OMa_8",22,1161732,17425,345,1519,12
"Ob48twC1yf8",24,1159873,28883,10433,0,5
"GqF5lyEUfMk",23,1159497,54838,2742,3687,12
"ZEqWh6fl_sA",25,1158871,15055,676,5602,5
"Tlu-_31CWfY",10,1158695,43551,1169,2822,9
"m7Ege1M5Pag",27,1156807,16806,1065,6117,6
"gaJMEgf31c4",22,1156041,37244,621,1611,6
"069D0NmW39o",17,1155622,16060,883,1018,2
"pqQrL1K0Z5g",28,1154894,80859,2312,7414,9
"Ky9aIxiGzfk",1,1154360,31653,1070,2990,6
"A2dIL4sf4TQ",22,1153783,50011,2534,4959,11
"Yiq8YjQC6Rw",24,1153185,41153,796,3598,17
"AoswyJLilgo",10,1152468,38426,937,1961,16
"qfZcxeqa1g4",24,1152451,3397,127,333,4
"0qpE8IHz3go",24,1152361,34441,949,3048,7
"OPaybxgucww",23,1152064,41379,920,1323,7
"_IoOJu2_FKE",28,1150554,12460,469,1960,15
"f0r_l2iYUzQ",25,1150274,6548,5795,1960,3
"VYmfEx3taAM",24,1149510,20550,557,7205,8
"Xyb1fsPG-Xk",25,1149123,5311,713,2993,7
"45dj8U3xSFU",24,1147297,14471,367,2649,5
"L4pkD78oKSo",17,1146392,6789,1038,2081,5
"yawznhmT8x8",22,1146176,26211,702,1115,4
"8-u5nd2GqNE",27,1145464,28690,887,5083,7
"O3ttybJghsc",17,1145202,8821,619,2661,6
"sxyotaytAS0",25,1144984,4027,368,1484,15
"c0bsKc4tiuY",22,1144940,61441,1873,2713,24
"4CGBSGEkbKA",24,1144298,6809,2086,2350,4
"PUcS24GuAog",26,1143472,52424,564,4696,6
"1-jXHDiRnC0",23,1143211,80554,908,6583,5
"r9lQggOQGvw",24,1142433,29625,1148,2878,7
"ilTHiqAmuX8",24,1142163,51717,351,1942,1
"azVAxbETWmk",23,1141627,18848,665,1231,1
"3RlbqOl_4NA",25,1140097,11389,1590,4974,11
"ai6NByMmCVU",24,1139279,41681,816,5636,15
"gNXoxfeyzmI",23,1136757,98164,1570,9447,4
"m7b8hitvfoE",10,1136277,20647,403,1688,12
"RVl35mjfT2A",17,1135489,9119,454,3234,3
"89PKbJ2NAqc",23,1134859,21876,391,1067,1
"FnAx2bLICOo",17,1134166,12610,1533,1482,7
"Oyq8Di01nN8",27,1133408,17097,1750,3286,9
"sTfUSq8-9Jw",22,1132624,38124,482,1333,2
"Duc3F700lgE",24,1132118,11926,909,1840,22
"exjMt3v81tA",17,1131500,10074,358,802,5
"_yJq9SeGLhg",26,1130995,48881,736,6740,7
"S5xFft7kg8Q",24,1130020,22377,823,1088,11
"zNL_kGO6lQ8",24,1129870,19598,1854,4509,13
"Kz7R1i2zFpk",24,1129249,11614,5010,4159,6
"qOioqgPyCwE",24,1128733,12919,634,1000,16
"oFBuCp19L7M",24,1127924,18949,437,1648,2
"HysgiQT5_eI",17,1127673,9975,386,2120,6
"KtA3Wp8eNgA",24,1127588,47801,1141,2560,1
"PdbJBDNotf8",24,1125153,28277,526,2923,7
"iM4lgtCFMGw",17,1124072,8909,323,4117,1
"e7sIvcYmuk0",27,1122458,12280,2179,2921,15
"KXBYn9cwl7U",24,1122381,5424,292,394,3
"h8hMvvP_Bdo",22,1122148,25825,559,961,6
"K-yazBBF3gE",26,1121109,72560,596,4818,7
"_YSVbM1saXM",10,1120978,83380,619,4452,6
"t7klO0p092Y",24,1120841,39990,391,1939,9
"2BwxeOzSx8A",1,1120227,395,44,18,7
"oXE-ssvbhQA",22,1120115,61553,622,259,6
"OUBx_raReDw",17,1119772,3603,913,1468,14
"X3gKYTc6lbw",23,1119418,59772,1035,6734,3
"0zMSMJZc9EA",22,1116764,54358,1142,4758,15
"N-z9PidYH4E",26,1116365,52181,2195,6012,8
"jS9q7Tu_G0o",26,1115398,65162,1518,10512,9
"L0xKz5TsYb0",10,1114465,25538,822,985,8
"-CS84oCtjvc",28,1114313,21968,782,2777,3
"nkXGohB02V0",15,1113089,33670,794,1422,5
"3oXhLdeuxDw",25,1112617,11645,362,1943,9
"6LuHS7ZeSjE",23,1112006,38196,1299,2436,7
"JNlOVdTQEIM",24,1111674,91287,1492,16563,1
"G9frAfYl_dw",26,1111255,49469,992,9695,5
"oOZ_Q6qzXuw",2,1110127,21698,1193,7503,11
"hZr1u-zzejU",22,1108807,15032,1352,1303,10
"_KEN-cxmGw8",2,1108618,9984,1327,2639,6
"lQkc0DcS7O4",17,1108366,6294,275,1218,5
"kfOeQj7HsCE",24,1108183,19891,564,3358,6
"oSZDe6CrfN4",10,1107915,32876,1269,1986,14
"BXnGUUsdnR8",24,1107554,24188,2138,5072,14
"V_jU_ssWvc4",23,1106875,10862,2666,2193,12
"yqnr91FFV4U",25,1106828,5263,608,2563,4
"oeAEuiovVbg",24,1104595,21830,234,1287,5
"5PR3Hn6cQ60",26,1101782,38633,1113,2756,25
"4JGWxG-vE24",24,1099860,37836,2435,11470,8
"mTHLyCqtLJE",26,1099145,56147,1434,6657,6
"zFPEOG1Yxvw",25,1098673,5129,745,2323,14
"2E_HEeOpiEA",26,1097258,70445,1765,103300,5
"Len0qLhmhL0",10,1096158,37616,1641,2807,10
"L_SyKf-ETlY",10,1095765,56438,1850,3659,10
"_Ybm_ZNLu0w",27,1095519,24631,683,4682,14
"w4C4aSHUtE0",24,1095505,7011,603,399,7
"Y7u45kMINgE",17,1095157,4520,401,807,1
"wD5YzBDSXv8",22,1094084,12550,1352,1908,10
"1sqyuXCwcBA",23,1093889,27329,1755,1799,12
"cKbl19xeSIQ",10,1093385,93374,523,5155,9
"Hmb0Q0Q_7jo",24,1092708,29596,189,1388,9
"ZOBvRs4btvE",10,1092539,27133,2189,2106,1
"w9JrUVI_h4I",1,1091528,40613,1010,1805,18
"dLRMA_lWsDY",24,1090128,22438,509,753,4
"LLOB5uG6zSQ",1,1089753,24060,955,2287,14
"eWBNCnU_PK0",24,1089707,24051,641,995,7
"8KT1UCsOE74",24,1088828,34989,1773,10715,5
"JBTNG-8w5_g",23,1088804,17708,218,1206,2
"aTgxG6LPh9w",23,1088653,53915,2368,2993,3
"NVe6fC4Af-w",15,1088527,35224,304,3813,3
"2wJESCSvFU8",24,1088185,8332,941,2498,10
"B4C10LKAcZQ",24,1087394,25698,291,2489,15
"QbDuBTWrU-o",28,1087385,78398,1257,16646,6
"yN7N0P2TxHQ",10,1086860,49992,2097,5360,7
"0fepqIO57f8",24,1086734,21405,929,4870,6
"YrlVffqU7sY",25,1085968,3454,530,0,4
"2ckenWENyUg",24,1085036,8431,1113,1541,5
"cDZfh5IjGv8",28,1084820,38993,1359,6852,9
"u429Qgvoxw4",28,1084801,29594,1363,4685,13
"vRWH9GQ2J90",24,1083920,20667,4067,4327,11
"wDrx1pxh-Po",26,1083002,21712,1049,1706,7
"BN7rNfOsBJo",22,1082634,43858,1336,5838,6
"GKbjOWPbBwk",25,1080992,33368,522,3616,4
"eDZKgSZ9V0Q",28,1080873,48129,1185,4366,7
"w8UI8r9Ccwk",28,1080339,22984,1407,3393,14
"F86S9Uc4mP4",24,1080069,9673,857,4038,7
"8pB4fkdD93o",24,1078851,45117,885,4232,3
"DAi3GgwhDR0",24,1077108,22003,1439,2733,9
"18QHSoWPygQ",24,1074385,24862,2755,4419,12
"JRzZl_nq6fk",25,1074082,13987,499,2727,8
"Atx-0_G1KHQ",22,1073831,32386,1241,1537,3
"6JvRVILczps",17,1073561,1299,16,55,2
"egXr0PU-kCY",24,1073134,47793,1886,5358,1
"PgNAmWjInGk",20,1072916,27096,483,3529,8
"ZzefeQ0v5wg",28,1072782,40791,984,3821,1
"MT7RQ0gu8ak",24,1071848,26076,939,6192,5
"IPgdIHV_zMo",1,1071466,10749,38082,7557,10
"ZzGqFF1IXgc",22,1071341,19942,876,991,3
"XQSvN2Wd5MQ",24,1071182,29145,608,3598,3
"nLXCutcsoKQ",24,1071030,4619,1838,7387,15
"NePlddZpNKs",19,1069986,11867,9000,9762,10
"uLWBWUwIx64",24,1069966,19900,2891,5612,6
"2VggEmXPnGw",22,1069014,32976,217,1199,8
"CV3SaepBEYI",23,1067802,42552,18428,10165,4
"2B85lYenaxE",24,1066607,8445,28292,6759,7
"D6Oy4LfoqsU",24,1066451,48068,1032,3992,26
"VA7Y_Psp5l4",10,1065716,50829,1057,3347,9
"GStMSkhmYEs",19,1065389,25277,798,5498,6
"1h7KV2sjUWY",22,1064798,60008,382,3936,25
"h_SHkEWo7UM",24,1064653,7220,822,626,1
"uexk7jWXYmU",10,1063552,139090,632,10279,1
"OSBl32lNGBg",28,1063356,20974,3382,2775,5
"u0feM_2mLvo",24,1062499,32276,4594,5547,6
"1Aoc-cd9eYs",24,1062499,32276,4594,5547,7
"AWgfOND2y68",28,1062124,0,0,0,9
"fwLxwMKMjEQ",24,1060807,24856,1442,4548,9
"enqFulGwFYY",1,1059366,8299,1765,1625,7
"tfaGleA4qYo",25,1059355,7922,1626,1841,6
"efNXlVeeLIw",24,1059189,13326,168,0,7
"t4ZsyO1n-kA",24,1058992,22551,284,1296,5
"RHpnWg6tdaw",24,1058890,30771,303,1268,11
"4ay4S61byZo",10,1057485,131711,516,11897,3
"JaNmH8A-4NM",17,1057014,18934,692,2157,2
"S1O4kia_Iog",25,1056821,21624,472,2069,1
"izIyhdEHSPo",10,1056406,87170,927,5734,2
"drQXdm02oCg",23,1053583,77157,783,4043,7
"azUbCdcAeFM",2,1052662,40690,627,2739,9
"xlQLyAOQXjQ",26,1050880,38298,1343,5142,5
"WIV3xNz8NoM",24,1050795,32398,992,6826,28
"WyWqEFeKX2E",10,1049536,17462,2144,1797,6
"tAn7wxn2Atk",24,1048474,16166,1633,2317,9
"zYX1bgxEAhw",24,1047573,28418,1186,0,8
"MGanJGGVSrw",10,1046154,39200,629,1775,4
"Js04hvdVUA8",20,1045841,13445,3035,3851,5
"UwbO_xb1-Xo",22,1045731,0,0,0,13
"wbxblKFtGCg",10,1045195,34023,515,1459,14
"9x8JN8zDqis",26,1045168,53603,4143,6318,15
"Js3WIRF595U",28,1044905,83454,761,4681,6
"fEhgT7G6ouQ",23,1044836,26856,1230,1743,3
"8JfMdhrbehY",20,1043209,47105,971,2872,15
"duRDizP0gHQ",26,1043202,42380,768,5825,5
"cr6H8ACWp4E",24,1042805,16858,540,1312,8
"j8rtMlDTJes",24,1042283,9260,195,583,7
"F388-6yDDpc",17,1042282,6029,549,3187,4
"9uez2DBg9Mg",25,1041847,10932,1021,1846,9
"894rSubVE5E",24,1040659,18814,1224,1656,14
"8qL4lMQQ9IE",24,1039254,37041,4355,11238,6
"vlrywa519No",24,1038421,3714,493,1066,1
"gHZ1Qz0KiKM",28,1038365,22594,2798,3142,7
"mSVkk9lLv1Y",23,1037921,20911,539,4762,6
"rjh6CbETwn8",24,1037861,28293,2984,5158,2
"i-LCORFB860",19,1037561,716,117,223,2
"L9FBI1kOEHo",28,1036632,29431,3382,3736,9
"-2wRFv-mScQ",17,1036300,12984,383,714,4
"t1Liix4gi7k",23,1035804,18816,737,1133,1
"ytsZFYMGl0w",22,1035381,25233,598,2412,1
"9WXQr3WVrbU",25,1034276,5411,723,1788,9
"0mAS2Gxs08w",17,1034272,9606,512,4254,1
"QNzzJzdgUto",24,1034024,17370,518,1033,2
"0oBodJHX1Vg",24,1033482,12008,679,1234,5
"TmzVBGf6uKk",24,1032873,41701,311,2048,16
"sun1x0ANt-Y",15,1032668,9130,331,780,2
"OPHbqY9LHCs",28,1031489,20752,891,3099,7
"kfPNxNIDHrA",25,1030347,25002,2568,4254,7
"O5GhCbhGWQ0",28,1029906,19025,1187,2271,10
"-KB5QbOS4s4",23,1029141,26448,990,3284,3
"TuPT8ZF0Vl4",17,1028424,7655,596,3568,13
"behWkJPCkLI",17,1028031,8444,574,3825,2
"3SlG3sE8Ytg",26,1027805,47164,490,5746,5
"yArprk0q9eE",27,1026275,51253,747,3396,6
"C7lQ_jqSqKQ",24,1025505,36127,1160,5811,13
"cosN6ilQ5u0",26,1025010,43684,1005,4407,5
"K5BoE8eBzoI",27,1025006,20522,2674,4322,6
"K6xwB8Kkce0",10,1024814,174637,534,7475,5
"10ndJuFP1PY",23,1023827,14399,503,1205,12
"wSwewlSkIXU",10,1023627,33521,918,2422,7
"5DsBQiYNwuk",17,1022658,46625,1558,2707,14
"O6epKIw7W5M",28,1020859,23219,1273,2527,13
"KROef3M9gjk",23,1020652,66812,2394,3535,1
"W-KEuvd3S-Q",24,1019136,65362,2221,4278,6
"Da2crn5NXc4",26,1018706,68667,2854,984,7
"JR06IhY4C2A",25,1018634,6882,873,8616,9
"B3JFSL8AA70",22,1018308,34785,3116,4908,5
"UzeIb-TZo_I",24,1017884,19593,1472,3178,13
"dW4wpGg64pE",24,1017803,25122,628,1504,1
"stMM0EsoGwY",26,1017290,56899,2108,7449,6
"ctBVhyZxXYY",24,1016525,7972,1351,1625,4
"NRrn5oNLcn0",24,1016463,42679,1166,736,3
"P6Ys3PMJ3WY",17,1016225,0,0,19,3
"v2OTO6UEVAo",25,1015745,10000,1034,3127,11
"sbcbvuitiTc",17,1015189,2133,2483,1465,2
"i1TkiN309_4",28,1014407,17003,698,1917,3
"DbJ2s_g1oDc",24,1014163,23095,1256,2919,6
"Z2ttpo7c95s",25,1013344,5119,570,2167,14
"Hlch9lKAeXo",1,1013084,26461,1293,4219,5
"XzvHSMEBFjE",17,1012695,19719,538,1125,11
"v4DFeT9z7yY",24,1011961,0,0,0,7
"DTg2FihPSso",17,1011136,6948,575,1524,6
"RQm0nKoODo4",10,1010818,73781,656,5994,13
"mHbWgIy3wmo",24,1009538,14059,663,1157,19
"TsT5GLWgSkU",23,1008131,83790,2884,5274,5
"Qesuc8orTUY",23,1007891,13592,553,1117,2
"kCg5D8KMqk4",26,1006188,46829,710,9653,14
"SXkxheJ1dQ0",26,1005865,38377,1829,2948,13
"dRfvXL-m7O8",24,1005811,26249,639,2109,14
"ejlD0Sg-8ig",26,1005215,58618,1639,5997,7
"EQqIiTk2fy4",22,1004615,53282,814,9743,16
"jWkOwC7vMb4",1,1004181,48129,889,5483,7
"KWM4DVRrdaA",23,1002679,57879,1412,9228,6
"EZSCtgfmEO0",25,1002263,24693,970,3217,4
"6NAISxSPVSQ",24,1002131,16443,598,811,1
"lsyXtbi9znw",24,1001742,13136,2277,1512,5
"XKl8Wg25DrM",24,1000242,69778,857,8283,12
"sTwiDhosVks",24,999933,21797,266,1112,5
"OU21H6-Y6Y8",23,999619,35839,686,2188,2
"KWDUojLbxn4",24,998311,51002,1838,7027,14
"q8DkyFH9jXI",17,998227,7743,1278,6247,2
"s8ZMmgPcO-k",24,997873,7330,206,420,4
"sFtLUGa3arU",26,997139,55158,2904,6676,11
"Ct9BFr9XBaI",10,996503,25114,764,1467,6
"iGCdvqVbIa0",24,996065,5015,327,557,7
"xfdUIY8rEmA",24,995670,55091,1101,11571,12
"d3h_uD-5d7A",26,992396,54016,1648,494,5
"_xwX82Y0Oro",24,992294,48246,453,854,7
"YvcIeSfaB3c",24,990016,14361,2239,4567,1
"yZG0wggoEqI",24,989439,3375,483,488,8
"kh3yIsFuPRw",24,989065,28454,289,909,2
"tBnWnQrkz7E",24,988948,20312,2614,3244,1
"1ndx3Hl-7ls",28,986977,14838,1387,1355,3
"23QOy9Q2qNI",24,986554,15187,199,504,4
"903QDFbbeww",22,986538,25334,1742,1629,3
"Y1IMfvF8aQ0",10,985433,97405,2486,6844,3
"Y26pMy4jf8U",24,985425,86369,3087,20494,5
"Zb1ShTFP198",24,983701,11039,1167,1359,7
"iZUfPIKbgUM",24,983181,30918,704,2084,15
"oD9XpUKD7y4",28,983147,23112,962,5755,6
"JyG5hdbQpDM",26,982363,58020,1849,4770,18
"xe5tXZs-iWw",28,982180,21351,652,2689,16
"EQvdKS-QX_E",17,981884,21664,368,1967,3
"9O5PhuW927w",28,981439,73752,864,4871,5
"X26e3rK5SSM",10,980944,8335,2517,5304,5
"Gs26bZTRkdU",27,979732,29038,1121,2584,6
"gy_aLyB41wQ",28,979466,29038,3066,4688,6
"HBvPrh2yMik",24,978124,28223,1965,3098,7
"bK0TEqDtkK4",20,977753,59965,2429,8871,12
"7cmzAjwmc5k",24,976652,5400,1660,1428,6
"iBy6XRHPODQ",24,976530,22988,154,1665,6
"pEN_htHtt_c",15,975327,7745,431,796,8
"Wen6VQS6NG4",28,975232,20140,1954,2172,7
"cWGWYAhLuAQ",24,973396,55123,609,4916,8
"UzQP7u-IOxg",17,973185,9120,595,1380,7
"TQ1O0YdH54M",23,973008,47051,837,24119,5
"WiQeLGqBfcs",17,972714,6535,339,1117,3
"6FbdqwlR0H4",24,971657,51428,4491,7819,7
"0PWu3BRxn60",28,970204,18441,538,2193,4
"RBbkCEHBw_I",26,969807,15926,935,2428,20
"Y4357OXULfc",24,969427,12579,466,2753,7
"eljAjPH6zQI",26,969307,43087,1192,2959,12
"pgjRX9oGF7g",24,968868,32181,1279,7720,2
"raxxoc_JULA",24,967885,4270,455,1126,4
"IC_lnyn2R2Q",24,967640,6348,356,788,5
"smjf3M6-1XE",28,967088,26753,839,2146,7
"f9psILoYmCc",25,965328,20934,699,64,6
"71X7a8eu73k",28,965264,23886,776,1639,11
"jYwgqUUx_7s",24,960599,23976,251,691,1
"NP9HAYTK1cU",23,960177,8660,586,532,3
"sQi0Yu1ApyE",24,958901,7873,362,687,7
"FHZktpgVW7w",24,957937,31405,2767,3867,4
"IbJwUqKgHkQ",28,957071,20469,910,2780,4
"8ikZqUKIHbY",22,957052,215,157,113,7
"HuwPCUzqwKs",10,955486,18166,544,1351,15
"Fjm81OPZbpU",10,955104,32845,425,1728,6
"3rIjcRK_BNU",20,954743,18884,273,1103,4
"mwgUesU1pz4",1,954635,13311,607,1069,14
"yA4xvRkZYjs",26,953936,30701,460,3650,5
"mRo6MnXObuE",23,953710,90462,1372,7389,1
"S9Xg6iUxYXU",25,953306,4654,2622,2510,6
"2qzrjzN5ns0",17,952970,7698,510,4054,2
"0GQmGOju6CE",24,952677,66539,771,11284,6
"NNeJR14kgTY",28,951655,15705,1363,4182,9
"czBa9nbvGNA",23,951276,18315,363,1092,4
"jziRzx_rejw",25,951271,8067,677,739,9
"qB24uIe2Q7c",26,951177,50807,1037,3739,7
"1mYB8onrPt0",24,948294,11103,1949,3474,4
"sFMehG2tDcA",25,946378,21607,1182,6383,7
"43hsIO_Jxtg",24,945936,14025,154,991,1
"JYmejM38vKs",17,945920,7559,349,2351,1
"88qeUDD9Vv0",24,945446,25255,1985,2787,6
"YHdOh90kGHQ",22,940570,58807,909,4212,5
"b2txBXQGjJ8",24,940127,19857,928,4310,7
"d8GHT9nK66Y",10,938879,16862,712,412,8
"erybgSeUHus",17,938623,5152,524,1578,2
"3AV1GuBI-0Q",17,938538,7882,437,1277,3
"lV3eV9w0h0U",26,937914,52401,634,3240,7
"EeNrUTiwZVw",26,937309,17167,1445,2043,3
"RxvcH25WThg",17,935753,8861,310,2888,1
"YlvCVbfS9M0",10,935744,37129,622,2673,3
"3eY394uqk9Q",23,935511,42743,1766,4025,9
"4V3Y8Sbz9HI",24,934728,25366,738,3772,3
"36DAv_m8Mlw",10,933283,30992,552,1224,9
"8pffcngJJq0",25,933117,514,127,0,5
"cUa93K56cc0",26,932859,37240,1269,2874,17
"IB8_pdzWy6Q",24,932020,28584,237,0,3
"3XklsSF53pc",24,931841,23398,617,1902,8
"equJbwmh7DI",25,931823,5616,764,4456,4
"cMtHByGJ8Ao",23,931571,133479,466,11359,6
"aq-phmpUJ_E",10,931253,24510,897,1524,13
"3tYpfAPVEs0",17,931064,7914,1152,5215,2
"YML2DM0K8DQ",10,930867,9250,855,350,14
"3LNeBf7bOTU",15,930576,25617,360,1316,5
"I8TVdFbFMg4",28,930513,17044,1136,1586,8
"k1cA-Wh3Tc0",28,930403,20658,970,6544,7
"_EMxJMU1dCo",26,930151,0,0,0,11
"4ZO-jde2smo",24,928027,31374,386,1828,16
"UWz4LPyoSw4",28,927966,21659,987,2396,3
"aCddogeAHMY",22,927831,6973,895,2402,11
"GsexKH-Ubnw",25,927416,14897,864,1368,13
"YYLzss58CLs",25,926998,26543,1214,3582,2
"OKXLBEvGgTA",26,924479,35408,980,2505,7
"s_SJZSAtLBA",20,924008,18188,1642,4599,2
"jGl-6an8fz8",25,923602,4434,360,548,12
"mEtJAblVxxU",24,922301,73725,1549,7013,7
"19QxOZU0zkQ",22,921689,26080,1813,10042,7
"aY-0uBIYYKk",28,921465,23449,509,1136,9
"BPQHG-LevZM",28,921172,23938,482,1722,4
"whwUlzuLfs4",10,921062,2863,225,760,17
"sYlCztAZ3AA",26,920306,43389,440,5671,4
"Kw0ih4jPOBo",10,920289,9754,658,552,15
"KHyvGmuvIoY",24,918519,14047,1461,1142,1
"IjvXgzSa1Dk",26,918115,40462,815,2645,15
"WNs7fkbANM8",26,917390,80775,1281,10030,7
"Na7VFFnqWVI",10,915783,49491,734,2474,7
"qtW9ornyPIQ",23,915409,39646,363,9366,11
"BOKzXQdA4Nw",1,913811,9336,604,523,10
"D-dwmYeLLng",10,913756,67288,1561,2925,2
"puqaWrEC7tY",24,913268,16729,1386,2988,7
"idD1C2-ISlo",10,912815,13357,541,604,7
"9mwM1VB9qs0",24,912295,10796,569,858,7
"49wGna0UTB8",24,912215,29530,5810,2348,12
"XP32nDUMYS8",10,911608,26748,484,1001,11
"rNaFB-IoXaA",10,911208,35273,484,1368,9
"vFQ8hsZsDkA",1,910973,22021,408,3457,7
"PluaPvhkIMU",1,910966,17406,147,930,10
"dWLDoQ0Kus8",22,909623,22260,1064,1463,16
"tl4I1b6cHKc",24,909580,89831,631,4691,13
"3ILxrRlf3KY",10,909247,6432,568,614,9
"hpapqEeb36k",26,909177,36636,902,1980,7
"Rq9-mW6HgQE",24,908489,12261,339,1600,2
"hDEc4ImIVHk",25,906941,19292,31651,32932,13
"jb-To6qJcxU",26,906699,24705,797,938,3
"0Rj7pHC_6jc",26,906304,28144,708,4905,4
"2_DRBnV4nGY",17,905126,15532,421,1412,5
"nDoQqQUa9C8",15,904555,36647,1647,15710,6
"T9UHD30MSGk",26,903651,11427,2305,2504,7
"dOv-1NG-YKc",22,902928,61134,774,10295,7
"H2mNDaqOp3o",17,902489,9429,773,3888,1
"spuXN0ccRQ8",27,901908,19154,1235,3593,7
"Er1eh1D8p2o",10,901229,31896,392,670,3
"dQvIbulWCM4",23,900779,47602,1876,3796,4
"aTYkKrhj5pE",25,900305,2843,578,1231,9
"dbMtuJ1tZnc",24,900285,18257,973,1459,8
"8Ojf1RVqRn4",24,899675,236,18,40,4
"v1OhsiZjpww",25,899565,2435,887,9,8
"N4MtzsregT8",22,899519,19956,1060,1921,18
"eqVHah0f-1c",24,898717,21788,311,718,5
"clT-XYIceIc",17,898422,12414,922,1452,5
"zV9XlOw0Dyw",22,896921,5066,417,1355,6
"_kwsw07w8lU",26,896317,44009,943,4540,10
"tUBLW5bCqfM",23,895766,46995,635,772,1
"5gFpcEKayz4",10,895507,38734,550,1270,2
"mlCflbej6EM",1,895352,141731,2413,11279,1
"C535gMNdiDk",27,894787,3192,1146,757,1
"sxS9h8mU2Yk",10,894436,58173,715,4480,6
"4qcLz8M7L7k",17,893170,5727,461,2443,2
"CmO2143BzYA",24,892676,6555,805,945,1
"uHRwMmwbFnA",20,892447,20484,852,6849,2
"-hI5Ds3IgVM",26,891462,47610,596,2369,3
"5jmaUAvUou4",26,891152,46423,366,2373,11
"15aTCG3as6Q",24,890881,43008,765,3395,6
"bAHAwesTLB4",22,890843,445,44,44,6
"m8Dqg8iz5Fo",26,890803,37169,609,4145,14
"f5Y3cf3MFIw",27,890541,21742,2203,4272,7
"fFSmOE0Uxms",22,889056,62089,1061,4391,10
"i04pYZGDHIc",26,888717,27814,381,2827,15
"JSpnYEOf0A4",26,888646,27167,520,1488,1
"_3rb5IKvkUw",24,888329,18387,426,1636,4
"r4qSDOHeWjk",26,887547,26592,505,1910,7
"Dc6ZDo9ViNA",24,887451,16114,2526,1900,6
"Eswl8SSywzA",27,886348,17632,947,4347,6
"TKGA7MhxPWc",28,886234,80973,706,6881,9
"4Mayo-iUQDk",17,885363,412,52,103,6
"bWNMZYe6bzw",24,883599,11648,2441,1307,2
"532MxrRNJcM",26,883575,49985,714,503,14
"BubFE0CYMYg",24,882501,15844,240,426,2
"GGvP6e56ja4",24,881729,16737,1227,1437,7
"YvjhDjUbFyU",24,881585,19831,627,2396,7
"Zxj4WT40yLM",23,881266,43290,680,19656,1
"_qSW96a2aKY",24,878560,12961,1468,1788,2
"t3z_pdr6z8w",26,877585,115391,1621,15749,7
"l4bAoNAx2uo",27,877102,15480,2421,7843,6
"moc_dHHp4LQ",15,876890,36083,485,4480,6
"wgW2z_wXyOA",24,876320,2669,1172,1458,7
"HNvX4pY1TLI",25,875577,7871,8775,14169,9
"6j-s9E3dRQ0",24,874883,18686,711,844,4
"L90R6PtxFKE",28,874634,24300,3210,4976,16
"dHDn26UX4aw",23,872663,12449,1267,1857,6
"ObDgFUTP0PA",10,872277,55898,913,5105,6
"QNNcl2mEHzQ",24,872261,13850,856,1948,6
"nzNGEB1BQuM",26,871997,62012,1404,7004,11
"jQS_kpH9xfA",10,871184,43785,1000,3226,12
"d2sJNee7FQ4",24,870225,16550,736,1173,3
"HTi1c_tLnqw",10,869519,46606,634,1472,6
"5_O5bT3hfkQ",28,869422,11650,368,1255,5
"PtR_Wzf94C4",26,869068,23221,1215,4102,1
"WOAIo9G9rIY",22,868930,3508,435,1090,12
"XbuQAbG2AZ0",25,868868,21005,988,2543,5
"RskA7MUqpQg",22,866986,26176,418,1770,6
"oLrOtjfn1rw",24,866371,8159,605,694,14
"XXRBLyQQ78A",19,865233,33110,406,3396,13
"6h8QgZF5Qu4",24,864189,18811,399,1074,1
"9r6NI9m_IxM",10,864149,2772,414,138,6
"cYkDfWdlLak",23,863852,23337,1001,1583,5
"JhvwFB-NUbA",24,863560,6254,3450,2927,13
"NjCIH1fXT0I",28,861822,19323,532,1904,11
"p-BA2c8T8vc",24,860169,17557,796,1594,5
"W86cTIoMv2U",24,859682,36801,171,2688,1
"s1APv5uO2VU",24,858452,16536,2611,5623,21
"vb9zbSGZ8GQ",25,858438,6719,5314,3221,3
"sgX_StgXGF0",24,857897,24021,483,2760,6
"lOz7cPJQd8E",22,857855,10750,432,1344,13
"sNTLwCEiIJ4",17,856936,2318,270,643,9
"8kFnLQySIzU",24,856874,13695,1005,1791,1
"_uLpgrcLOZM",24,856802,5702,239,1197,2
"1WREZPc-kqQ",1,855708,20606,644,2001,8
"cgIbzjjbdw8",24,855404,20377,1375,1332,1
"mdyegeGkdL4",24,853242,13993,2891,6115,2
"NBgNCDF4lG8",10,852554,17400,1186,2387,7
"eQVhAN7-IAw",10,852543,44619,674,2609,8
"XKQa1vx-oNY",10,852035,63867,443,3259,4
"_GZlUextcAA",24,850683,13219,1145,1195,3
"K3ZwxsTOD_8",24,850594,27109,1225,5306,9
"0KRpcUAtg00",26,850341,40859,643,2146,14
"JKP-rOESfMs",20,850092,15695,1108,15981,10
"OrwBc6PwAcY",22,849814,13150,154,797,6
"1cgK-BIrXes",24,849499,27121,2042,5181,3
"5ELQ6u_5YYM",24,847817,20217,268,1639,3
"BJDGBNFxO7o",24,847523,44077,650,3951,9
"b03U6BYF9L0",28,846278,51118,2642,14187,8
"lEltmPagx6M",24,846124,64794,1237,5772,13
"pnlNqAmCCgw",26,845894,33319,792,2411,5
"oRF2-ZloSqg",17,845763,17929,502,2325,1
"v_8TF4nv88s",27,845650,15987,647,1184,11
"npojBTA-pcQ",10,845262,29699,444,1829,1
"XltvwqBZIPc",19,844292,5901,301,617,9
"JNWwVDkj24g",27,843024,15668,1014,1531,10
"flLc6LmAG6c",10,842721,15128,196,420,18
"sefscV3GvWM",2,842594,6068,327,554,7
"aT1gOazMMm8",24,842514,17356,308,2084,1
"jH2t4Tcl3Pg",10,840651,28945,597,1587,8
"Z4qNw1dPuNI",22,839932,42271,643,3348,14
"ACHZrvF6mTA",24,839839,15386,682,706,5
"h_cfN1t3flE",26,839813,48283,1145,3746,10
"CiFnp-oKZQc",22,839162,7662,286,677,7
"bqPARIKHbN8",24,838711,28478,502,1471,6
"vus2jCm8H0U",26,838561,40865,689,2810,3
"tuONqBMf3XA",26,838549,24953,1469,4582,5
"hkFYWyy9Jek",23,838508,85348,472,5907,2
"DMKcO-T5Y4o",27,838402,24115,342,1420,7
"-NIP2zgVsRY",15,837697,22133,445,4529,7
"8MfSVTHqNHU",17,836530,15240,465,1994,6
"8RsDxpyUa_U",23,836483,37279,1646,3056,9
"fQvGSkTYJSE",2,836305,9164,664,3133,4
"IiRmtBZu0pM",23,835472,40769,9065,8300,7
"-C5q3oir8gA",24,834586,17702,917,1680,7
"mDRifR9HdK8",15,834551,15011,606,795,9
"i1AHCaokqhg",20,834208,28778,813,2685,6
"vecmYltEk30",23,834196,16870,205,638,9
"GhxqY5E_ASw",24,834067,11876,472,2079,14
"00nmxR1mxIA",24,833977,11517,984,1039,3
"kzk4SId9Ab0",26,833772,35258,1012,2884,6
"fY4cDvgpJss",24,832832,24920,851,2617,3
"TBF7eTSTWLA",27,832796,17158,655,3703,14
"uO_8d1t5Xh4",24,832700,28956,131,752,1
"GfxNGjfSKRY",10,832097,28479,543,936,20
"VUbsFtLkGN8",25,831957,24840,1128,3651,1
"xNvlaa5-vtI",23,831710,20641,214,508,1
"IX3_Aqji4yE",27,829768,4097,250,122,9
"YjBB89qsupM",10,828587,38326,654,1088,6
"H08xgoXkpa8",24,828227,10041,1587,2705,7
"TXWkTc5_G4E",24,828023,12060,433,1063,1
"GcKkiRl9_qE",24,827814,36909,813,4565,2
"s1yurGsRM_s",24,827474,18845,460,682,1
"DfSLEBm9WHI",10,827249,80660,1140,7240,3
"J-7FkW1Cuic",24,827210,15922,378,439,1
"OTHHeIAYfuU",10,827093,25503,707,2466,7
"ONviWNYLKME",23,825458,36455,946,2192,13
"f743HmLmJOY",24,822530,87672,366,3768,2
"cpxwX6KvWbQ",22,820955,21650,301,1231,11
"LU86T12xBQQ",22,820885,21819,463,700,13
"AxWxJNHoLC8",22,819692,19897,1597,2355,6
"hLgIghY-FGc",15,818533,42798,855,5748,7
"-s3j-ptJD10",27,817600,25447,452,2114,12
"0bSE-rh7jFg",23,817094,854,31,139,5
"h33u2eeVqXo",24,816594,7290,183,1325,7
"nfbwPTsowEA",24,816073,52579,1727,3586,8
"Ex9mcCs3dhE",24,814925,9241,429,951,7
"Lr8VpJ2GX2E",24,814603,30781,956,4389,1
"dEs6-IfOGbw",19,814243,14978,3510,3335,14
"ONZAeOIqsjA",26,813475,25855,418,1039,4
"MpaHR-V_R-o",20,813414,46295,1078,6870,15
"p-bGJ6W1Im4",22,813310,11768,237,712,9
"JGm9Y_hFqNk",17,812832,7701,320,2505,1
"a2bjPDkFR40",24,812300,17486,3339,2041,11
"x8eLIJAM58M",24,812007,5894,951,851,1
"jgvQzWAhoiw",26,811577,46185,943,504,6
"h8Q3IhUwX_4",26,810921,31803,189,1642,5
"xhs8tf1v__w",24,810896,32016,324,2504,3
"akNs04ef_Co",26,810444,116122,611,9191,6
"EGV9Ms9EHcg",24,810080,52027,1860,7172,25
"FR5WT12B_88",24,809389,22140,377,1416,14
"hzTORk64aXg",10,809063,40638,746,3704,5
"Ev23TV62k08",23,808829,36693,3333,3142,2
"UFz3K9ByUqE",24,808445,7280,200,388,6
"aeoeECXFksI",25,808361,11092,1240,4180,7
"QBzQeyHh0i8",22,806795,9293,281,444,7
"YkLzdHTv3G0",23,806660,37548,932,2027,8
"e9NOwaiXqqA",23,806607,12506,430,496,3
"pn6azlyHzuU",24,805722,29064,1666,1425,5
"FwzoDS3zL_4",24,804049,4266,5624,2570,7
"KxywNVLAf5o",24,802483,9584,422,1279,6
"7dbRDavsp6I",24,802455,35151,337,1462,6
"96oKlWv5wSo",19,802184,15132,521,1761,23
"PVr1BbsOwmQ",22,802092,19983,1058,1071,9
"C7mxTEskjQg",15,801597,16086,182,1102,13
"U9w-yE3SvkY",24,800472,14020,957,3741,11
"-0CMnp02rNY",24,800359,9773,332,423,6
"FHl0nIdbiLA",23,800306,23559,3133,2977,3
"MsPOzYbEUqo",22,799878,20436,4523,1731,10
"_wS7seijyks",26,799870,22537,805,2942,8
"Nd3zqXro_P0",25,799411,16092,652,1551,6
"Q0sjw10aEWI",23,798810,58027,383,11075,13
"qax_QIFvw_o",24,797798,20083,345,956,4
"QOksZ8VogRw",10,797436,29425,585,1497,2
"VTVLcK2zybM",10,797363,85899,450,12342,3
"S4vxoP-IF2M",28,796462,26506,611,1783,16
"kOCkne-Bku4",10,795683,44085,236,1604,5
"jZoHuMwZwTk",24,794495,19735,429,5422,14
"rrwd2_UkmNw",28,793636,27676,591,1532,8
"MMu-_KRZhwM",23,792979,24756,1634,1568,7
"_JhaVNJb3ag",15,792814,12441,1837,5493,7
"FmE8DwZ6RHk",25,792189,6006,19561,14848,2
"pcWKpGzhgq4",24,792184,9174,189,486,7
"V-F7tpdPZ-E",15,791774,27868,705,3738,3
"GFU-y2ldabU",22,791659,16529,556,2514,6
"4_aR3HqFrr0",24,791080,5694,423,726,22
"oGmIFXfgPM4",28,790865,39472,231,760,5
"WB8ozD7l02w",20,790794,19422,902,223,6
"rYcnh7hXOjE",25,790583,15349,1864,1083,10
"KksXbA66RQQ",24,790388,13316,827,828,12
"8I_NkJ8VTEI",22,789818,4329,59157,0,8
"GgVmn66oK_A",25,789594,10203,1561,3551,5
"Nkl-k_rjn_U",10,788947,10702,363,375,12
"d1hs-JI_yBE",17,788372,15343,265,2074,6
"hKNRieaN0ZI",24,788301,11660,270,871,3
"r8KvT9pZs7k",25,788136,4682,401,981,9
"38I1jsA91iQ",23,788112,41026,2190,2679,5
"IgEcA4RT3tw",24,788036,13952,481,1085,6
"tsM6kq-7nmw",17,787517,6420,1940,8124,15
"hn4mxYDmWgo",23,786781,19697,1197,4099,1
"AZQvPibYXRo",17,784937,4553,290,1478,1
"96bpvMCfBfo",10,784820,30011,283,1076,7
"P6K9Y6FWo74",23,784803,50079,463,1389,1
"E_ViwNxUldw",26,784713,12069,1274,1453,14
"kn4kBibdlWA",23,784451,6845,772,758,4
"JBw1nwYJESc",24,783794,10038,2827,1566,1
"wa5eXqjEewE",25,783712,3700,412,2188,10
"giiIq7t4oMQ",24,783414,17433,5353,2690,14
"CRSsa2o6PDQ",23,782535,20902,1932,1764,9
"jiZfc0b2t3Q",17,782123,11027,941,1555,17
"BmMuLuG1yW8",24,781858,12207,1162,4069,6
"Tk338VXcb24",28,781799,49935,415,5662,1
"k8RSetlPF04",26,779056,37777,2370,5540,3
"tPtMP_NAMz0",23,778903,18807,474,644,2
"tIYJcjhINqA",26,778706,34940,1735,6146,12
"kbaMeEcdDfM",17,778479,4969,449,1205,6
"HVjlcUtuENM",26,778338,18343,22369,4488,2
"W3FH1scDhfA",28,777777,1521,60,123,4
"zNqSvg5qwGw",25,777617,2166,117,306,6
"oo9JMSiI55M",24,776332,56657,1225,3476,7
"Cp6j-izXLtE",24,776037,20353,719,5319,7
"KUXd7p_vd3w",24,775924,16529,618,2209,13
"ZqOtqz8bSDk",24,774567,14434,362,926,11
"72hlr-E7KA0",27,774407,23638,505,1671,7
"jtVz0qxQM_U",24,774304,73791,627,6770,1
"nZI-zkjhtyg",26,774012,39835,328,3535,12
"2jSWMme12ik",17,773673,4180,863,1247,13
"KpHP8VmxnBo",27,771720,20614,344,1409,10
"O4-j4kwtu9Y",28,771612,20890,158,2406,6
"TM42O6kYbI8",25,771568,16312,765,1096,13
"oYe-QM8ZimI",24,770953,51169,491,5511,13
"2AAUadR6Hjw",17,770714,9162,223,486,10
"_r9GPgvN8As",24,769805,7621,481,979,4
"2dkl0fUKHAM",26,769773,10479,774,1073,5
"oMupq6zB1Tc",24,769769,6133,1124,2837,1
"qLaGCduQKGM",28,769460,8469,887,1465,11
"km5FAAQLUT8",20,769382,26374,704,849,8
"48SbgzxKW-E",25,769347,24823,4977,5034,1
"VSJ0STT8JRw",23,768647,26303,841,2316,6
"NSi-MniOTqI",24,765391,24056,372,3505,7
"lG8fWx982Qs",28,765096,33969,627,7333,11
"9wD5OsJM-Pc",1,764936,9485,904,710,6
"pA5NbgdpRpk",24,764775,20132,1600,7991,1
"srkj63VBSHM",24,764650,13596,2572,1310,3
"oyLWPWydvyo",1,764217,15757,223,467,5
"MYexYwr5Pz4",17,763000,2187,261,1163,2
"afgvlR9WmIQ",10,762616,20159,336,899,1
"n1PrGpIekYY",10,762583,130986,951,10126,7
"UVNIEszp2UQ",24,760870,15312,657,1637,4
"EFwa5Owp0-k",27,760827,28605,2417,3183,17
"RTaDvKMtUeA",24,760341,13283,317,433,1
"zUDcGDK_bRw",15,760120,13599,1495,3693,7
"YkfsQKs659k",26,759718,27885,395,3080,5
"KrxDhokzEv4",26,759274,24368,837,4077,6
"LeFxjRMv5U8",28,758927,5386,419,1107,12
"CXK3OiDgymo",22,758192,26629,282,823,6
"c3BTGJgd8Wo",24,758052,8174,831,3337,7
"5cKQHtO6wyk",17,757991,6431,342,1371,3
"T_Fskj6ihT4",23,756470,6439,290,602,6
"OziQ_a3Rpqw",24,756379,5599,650,779,11
"3WlhLmh7uiQ",15,756331,30835,691,7429,18
"DzNwinmBawo",22,756023,11869,991,4482,9
"6lI67K54qgQ",17,755748,7253,633,2817,1
"FFpIQSCp1HM",26,755522,36386,892,2735,4
"hRnVb4z6Hw0",17,754817,8430,410,2533,6
"4ShwEAGIu-I",17,753119,5799,482,1297,1
"Hvysy11716g",27,752354,29849,925,1222,6
"NBSAQenU2Bk",1,751768,25434,173,769,29
"v0e9MS26QmA",24,751366,23143,671,2277,15
"hQA0oWZpgAQ",24,749621,17546,4019,3809,15
"BWp5WAFGV60",28,749223,7428,377,1627,8
"v1j5ckZwKEQ",24,748313,15535,971,2804,8
"X5DWRXTOUD0",26,748102,47024,1670,3775,7
"WOUZxG1JcGI",25,747672,5966,1173,1188,6
"aO7yzmc3ykw",28,747391,35268,970,2112,7
"OPi9nTE70aA",24,746745,1400,836,385,4
"jLZuaFZWa7A",17,746691,19242,961,3050,6
"4nM94zdOh50",24,746658,6802,529,697,5
"H_cwo3NxUUA",26,746417,45778,564,4219,6
"GItpj4vu0Pg",24,745254,12354,1484,2127,3
"pKW-ZgBl9eU",23,742552,46508,939,5192,8
"TxY10VhmLR4",26,742087,30661,1520,30973,7
"FMBuaGR0VRE",22,741558,4990,203,1249,1
"lD1mPectYOM",24,741548,7807,885,626,17
"zvFQWPEuNJA",24,740854,13951,515,1258,3
"a_iMlwkzwow",26,740043,32585,1043,4009,7
"nn8YGPZdCvA",27,739499,23190,412,1861,11
"C3_spbo8eVc",10,739428,29211,750,1691,12
"-sXnoM6rDB4",22,738118,30875,881,2327,3
"Bzji05zubSc",24,737415,4136,393,1314,6
"9reizHjwuNY",28,736748,27759,498,5734,8
"o9zRQijCN5w",10,736520,30170,393,1169,7
"0gwkMY-mzUQ",24,736276,36904,748,1829,7
"4ccN0eRaO7Y",24,736193,5957,421,723,8
"rz4Dd1I_fX0",28,736075,53649,575,3238,7
"flvn3JfcVHk",26,735708,15023,929,1381,6
"ZnkiHQLI0w0",26,735223,26510,382,771,5
"mHd8Ug4ljN4",24,735189,13364,488,1064,11
"vGTTSdrV37U",24,735035,13218,810,1923,11
"r3J784MSRyQ",28,734863,19965,4110,3553,3
"hNsd-m30m2E",24,734851,46803,507,2571,5
"80GNn_eIOhI",24,734594,40170,397,2182,1
"bDkmVRppq8I",24,733923,5508,830,615,4
"R9s5_Ji33xY",1,733482,25650,1604,3125,11
"ZpMNJbt3QDE",25,733180,36237,410,1006,10
"eEdPnm-AZ94",24,732055,10644,765,726,3
"fyjt5zpNAeg",25,731180,8105,557,1562,6
"07bTt0BTi-U",24,729500,22885,751,3235,5
"qv9Gt38LOKQ",26,726679,25676,614,2624,7
"SPD1v_8RQUY",1,726665,20573,485,3763,8
"7FM_MfpYOLU",1,726422,61211,333,3548,6
"Hh-YcWJTt7Y",24,726277,17921,3172,3678,18
"RsIIT6rXnSM",26,725421,17659,618,3275,5
"_zu53yAoTJE",10,724556,13928,5161,5000,7
"Yb2YuC7UbwI",27,724152,14687,1156,3452,9
"-YRlVB6Qgug",24,723523,16290,505,412,7
"8KaKWPJq5dY",20,722812,86588,272,7927,6
"bV_3HQplzRw",1,721821,41464,828,8300,8
"pi2Ri9-K3_E",28,720795,17477,1292,3454,9
"alRtHXnZMOI",10,720749,4069,186,271,9
"MKc22HuE_94",24,720317,11776,323,503,2
"0O2IAz1E9Ts",24,720203,19850,1517,1073,4
"ZnQGzfrEpsc",24,719962,23271,256,877,1
"qIkuNJPtfw4",26,719556,25426,551,1907,12
"ldMaZ_7FNDY",26,719340,36244,451,2543,6
"9dmij6g-iZc",24,719133,12912,657,986,6
"6_DgXvcfhYg",10,719123,16644,727,1219,10
"6mDsa-AqNcQ",27,718220,24687,1469,6007,6
"F8CR9IP7Mog",10,718026,19690,379,511,4
"WXTNngJsBrI",24,717877,10486,193,889,17
"XwDTzD75fT4",10,717861,16454,395,812,13
"8B2esiq24Hg",15,716164,21804,301,2219,6
"dcipHnWcB0w",24,715011,6037,467,587,7
"_zhR6d6LDzM",1,714665,39031,837,2590,7
"hGoQ44SfV-c",26,714359,9635,808,2025,7
"8rbE3RssSEY",23,713784,10904,480,632,6
"3g246c6Bv58",27,713748,32489,429,2401,5
"vQiiNGllGQo",15,713574,12448,146,1474,14
"4tpIiSqyiLo",24,713285,16139,887,2976,5
"d3PMBPw74cc",24,711676,4667,1376,1845,6
"ggpoZyF2lU0",24,711576,19309,522,616,7
"tNla9nyRMmQ",25,709836,29399,2180,5118,1
"3V_rqb6Nuc4",23,709773,15724,1147,1645,3
"dN1FTF3HF6c",1,709764,124,55,0,4
"-l7TOYJZBtI",24,709569,36120,217,3464,1
"e22yH5hUQ_A",25,709406,16016,1028,2396,5
"30HOemteiKQ",17,709274,4822,218,847,4
"0b6l7MIaGdA",22,708572,11352,1096,807,7
"3rApMBPh15M",23,708372,58841,1459,5509,1
"t8a8EFMAuSU",17,708109,12092,1016,6669,6
"Qofj8MKO6mk",24,708014,10664,575,1012,13
"kA66nAvEEII",17,707341,4881,290,1569,1
"oZm_N6aSU0E",24,707170,9867,277,183,5
"pDf5sHgvo0A",17,707164,11709,1044,3676,1
"5AGyFelwyk4",17,706629,13409,584,2647,3
"hHFuZVGpBC0",28,704492,12112,496,1251,12
"4DQUrg0Yhu4",28,704426,23570,971,3960,3
"ATFwMO9CebA",25,704424,9687,3131,6439,6
"PoNWU2cox9w",2,704363,16352,224,841,1
"8h7cnLWQKtM",26,703909,12075,295,241,5
"60nDlMw5vFQ",25,703631,15716,849,2864,2
"loWpbevW9xg",24,702374,3151,5549,2509,7
"dn4CKtiwxSA",23,702334,9726,291,211,16
"fJZht2-Kg3w",24,702317,12602,263,709,4
"svZScJMh4Pg",10,702208,42577,723,2624,6
"F1b5ouja_VI",23,701874,40666,528,1908,5
"ZPgh9uKSva8",22,700722,13113,3049,1947,4
"holkOJx-TOU",24,700692,21429,732,2131,12
"t1shnJT8NCY",22,700476,8114,2682,1410,7
"0nybdPCuvRI",17,700096,3202,271,1279,5
"5qx2WFpNTPs",25,700096,33259,914,2859,3
"sBC9r4HuKu0",17,700008,4839,544,2917,5
"DhEjpq88wGw",24,699104,12224,326,680,4
"sk-DFZh1G1w",15,697581,41328,803,16325,7
"yFRPhi0jhGc",27,697217,38069,916,2972,9
"EsdjC5dsOTM",17,695269,4108,148,1034,3
"lOT0GOyw2pY",25,695072,18723,2365,4784,2
"k5wc9V7ggVg",24,693408,10857,2784,2183,4
"ZWMp9BpWODk",20,691970,13942,786,3007,5
"0KFC9dZ7bxU",10,691515,11187,5868,3069,3
"P4YJwy_T9pM",22,691229,31892,197,1404,1
"s1yV1kTrVGA",25,691057,3735,225,0,10
"0DpCDxoj_Xg",24,690533,43217,304,1617,1
"iDbdXTMnOmE",27,690478,25400,523,640,7
"MHh9NWCR_ts",23,689858,45040,906,4337,14
"OpsHLG657lM",25,689798,3377,1341,2044,8
"lE0eWRdSrY4",25,689597,17683,274,6058,8
"SS0ebmCqHxs",10,689313,38244,549,1680,5
"ugdgAifIOBA",10,689209,35407,613,4744,5
"K5lmXgKi6V0",24,688984,9970,444,391,5
"iLZSB-5Dyf8",24,688577,14143,490,1827,7
"expKmfdoo28",23,688306,27672,701,2386,2
"56XbwQ59GbA",15,688114,17572,439,3181,5
"OmLxYUOgTNs",17,687873,6025,531,3508,7
"4ykXguKWqy4",22,687759,19428,1527,1317,7
"uY6lAISZQ0Q",17,686582,4965,205,1288,9
"gkvhlo4a5iQ",27,685944,21871,632,2825,6
"0ETrC_c14ms",17,685653,5690,212,1135,3
"MzrbqsBNh8Q",24,685619,14549,621,627,4
"9SCNLl0MQPM",24,684913,17268,589,1791,12
"PKf29H2z81w",17,684438,3439,2213,1038,3
"XaKDp3ijSx0",23,683810,32941,522,28864,17
"26qOMpjicGs",22,683434,5413,201,375,6
"rWHrWuDnReM",24,682990,35880,2609,5376,6
"lRs72x7Lgtc",1,682383,10819,609,1901,3
"OlGvjhLZDS8",25,681882,3789,220,2275,10
"CziCidR4KcY",10,681439,29225,1356,5366,6
"-e-xXN-tcFU",10,681328,8976,540,1167,23
"RPE3cglo9o0",26,680977,29255,497,2951,3
"Jqh-XJovVJg",23,680776,22884,1643,1640,4
"OU9IwxU7N78",17,680569,13802,458,1351,1
"1csFTDXXULY",27,679280,15914,495,1665,12
"uwUchGQRXKM",26,678631,28814,665,2281,6
"WUFpGGe8U_E",10,678475,13892,397,394,7
"QK_iX5cPDhE",24,678272,19605,539,2560,2
"zLuhCfBqf5U",26,677648,34592,510,2244,25
"9pbCuFxRuqs",28,676692,24794,1326,3567,6
"ywm84JNihIg",1,675659,5335,112,362,12
"l2HlSkv5T-A",24,674636,11642,330,611,5
"tfREC-AkX20",25,673554,10112,34404,10825,10
"WKfVxoPO_Qc",25,673301,18269,1223,3276,3
"rqTpMCq8uhk",2,672513,15618,584,4094,7
"Ba4j_q02FM4",24,672329,34047,1788,3173,15
"WACO9TqZEh0",24,671611,14824,881,1701,12
"OPdmg58S9ZM",24,670565,1994,352,240,10
"SDGHRQyZKes",23,669789,15530,311,592,3
"gYYMnkoFtjM",24,669500,10222,5766,4632,4
"nWzHaRM8jeo",1,669004,12165,779,804,10
"NUMa0QkPzns",25,668826,40435,572,2146,2
"OcTw2b0Ho-8",26,668491,40752,706,22279,15
"3ToRIUoXmIw",24,667346,35253,558,1796,12
"T2LAd43JoP4",25,667005,15954,8846,5607,4
"a-4_6bThk2E",25,666861,16006,916,3686,3
"nr0PF7PukJw",23,666191,25215,1038,1782,3
"B2W7c3XRBwQ",26,665791,20689,353,2896,14
"7aRxsmfBDI0",24,665478,15577,417,1465,6
"UwdLlnPaRAU",17,665452,19849,227,1372,6
"NZxVghfY6dk",24,664762,5917,1786,1887,4
"qvZybtmE5RY",24,664716,7808,1840,3850,14
"9o-gcCwMOgA",17,664377,5488,342,1713,5
"tP214lJtKlM",24,662688,28240,128,809,4
"rbQLd9Kj2VI",17,662158,5036,290,1865,7
"0bXJGZgR1BU",17,661984,11071,462,1656,3
"oe9-_fD55ok",24,661818,14979,3752,2695,8
"p1jllz43xZE",23,661572,6374,477,502,19
"anjMMdSuFuE",23,661502,5880,283,772,8
"RFHH8bSdLr8",26,661249,32441,675,1886,4
"YvEGAcgpwqQ",23,661061,11911,411,556,13
"VW2xRR75lKE",27,660630,9499,198,542,5
"XIZmIl9SsXk",22,660467,10483,1221,1145,6
"FApBWHvUzMs",23,659476,31672,2512,6049,13
"kxkrdLI6e6M",24,659212,40883,305,1458,10
"qK11sSjEM3c",17,657818,2412,227,1243,2
"NqntFonA2iY",24,657337,3014,7706,3313,7
"WLagbArQsuE",10,657286,30831,354,1679,5
"li6f_0x0IGE",26,657043,41794,693,7226,5
"zsoh0Y_VXdY",27,656819,11856,433,1630,13
"CH3aAnw7XeU",24,656029,17070,613,2449,8
"_Ch5ClOB9AE",25,655073,14075,1194,1597,6
"jHZTzXteoU8",26,655002,28820,569,2239,12
"x3ch1ajtwbc",23,654775,18449,2915,4053,1
"q_MmN6-KLXg",10,654210,19555,1766,1365,8
"HDYJVmoWoyA",23,653820,12920,1214,1392,25
"rwFfo61fVSY",22,652917,7449,342,824,15
"exYLX9xGoyo",26,652798,30378,284,5377,7
"XrvedhkDN5A",24,652347,16860,470,4002,14
"G_UHknhNbAQ",25,651781,17478,604,2845,6
"qgGooEyeNNc",10,651268,52910,245,2615,2
"08nkwgZIE4I",10,651036,23338,442,1101,1
"_odvYvbW9VM",23,650940,10823,242,1049,5
"zO0dIgvpmfw",26,650882,40937,324,1293,11
"iJz5jURaEBc",26,650564,33920,1574,2953,14
"uSTNyHkde08",27,649994,18762,306,1916,11
"j6X6PhexHnE",23,649785,25653,1302,1494,8
"Ji_4dH_FXzw",17,649426,2296,308,866,16
"NsJkUfrqLzY",10,649180,19786,997,1436,9
"2c7UCvK0Ixc",22,648993,70174,343,2935,6
"qMnjdV-eFuM",26,648890,14061,699,818,3
"FvY3Q1pQ8m4",17,648598,4757,233,1535,2
"Ah7ldw_WmtE",23,647516,33556,572,1472,5
"ySFJtla2LY4",24,647369,32911,111,554,6
"ZtiCq8S0hq4",22,646742,5649,202,1432,5
"bo8OYPYRTIY",23,645532,32580,527,2553,6
"5tPugvYE6wM",26,645449,22571,3973,3138,14
"o6XERmXsP-U",24,645247,20247,278,987,7
"kATuE1S5qk0",23,644853,11312,269,633,1
"wppAQ8uZpfQ",23,644576,29669,4862,4963,2
"Y9nDagqKL7Q",1,643737,31028,536,1827,7
"EIY-PsHrj9A",22,643117,15528,380,3883,1
"hlb3gGNBHFE",22,643097,23778,447,1361,14
"JOwmqPPkjww",15,642935,25897,229,2174,5
"rew7FoGy1Po",23,642523,21279,808,1655,5
"2fxqFJsvus4",24,642382,3470,467,310,5
"LotoBix4UDM",24,641055,14068,233,642,11
"QgaYsdnOMiM",26,640849,25613,310,2609,7
"VRiJHZU0Fxg",22,640779,20852,1061,2147,2
"zDbq7y20wpw",25,640405,19874,275,814,3
"8PRrH-1kuwY",24,639997,18363,1084,3174,4
"-El8z4uy5Ac",23,639982,16519,1243,1739,6
"Fh3zmz7Ravw",23,639815,10947,347,765,5
"DnSO5Uhobvo",10,639685,59842,621,3861,6
"R8hccXRk3MI",24,639536,9718,1536,1004,8
"8WbxbqwdWog",22,639517,0,0,1059,3
"dVQ6rwaZ648",24,639391,19953,548,1422,7
"shiTAXD78Y8",25,639265,3197,2651,2476,5
"zUKVLp4RzJA",1,639104,9611,204,666,4
"nrB7aqfRzyE",1,637942,793,38,137,1
"dikG4vMJG1s",28,637400,21551,895,1965,3
"QK0s815RTJk",23,637045,26635,972,1734,6
"ByucbuSe958",10,636653,18400,519,720,3
"RyH8TWLribw",17,636473,10390,787,1355,3
"TLS837FaO4Y",23,636106,34759,1436,2276,11
"TUmyygCMMGA",25,635985,20721,2417,4111,2
"iD8K3pNhf-U",10,635714,10533,1609,1056,12
"CJv0I-xYuC4",24,635182,14171,1148,3773,15
"juTa0fPI22M",17,634137,4812,207,1041,3
"asiRHYuOP08",10,633790,53429,346,3777,13
"0vhxoVwqZkk",24,633524,51353,265,2258,7
"psbdT3kS8mY",24,633241,18196,349,1599,7
"a73YoV2uf6g",22,633226,5506,310,691,12
"hXzcIoq2ing",2,633103,23991,820,2582,6
"QerVvvNem1w",24,632993,7802,5669,2930,1
"RyquDQ5kWSs",24,632821,10061,602,5373,14
"fi483E-A8P4",26,632115,24097,417,4005,9
"j1f04Jg7IaA",26,632051,26668,509,1856,12
"zOgle88sKro",27,632018,22877,193,1065,7
"Zo9rgbn0SMs",1,631554,63487,1253,3298,11
"wV7RsaTY228",27,631374,13097,11270,3119,7
"8cpqLRC7T80",26,631310,35839,508,2310,6
"jRq7HXR17gI",27,630945,12549,913,2866,10
"iOVg62_DUYU",28,630287,23154,482,1549,8
"bWL_MVbpGT0",10,629744,38777,630,4892,13
"XSg9Xc3ie_A",26,629179,21120,292,763,1
"6340tX9M_eM",24,629166,8985,463,1030,4
"SuHVvSsNY2E",17,629052,6565,236,1406,1
"oX8-6whswEA",1,628368,12979,544,1162,9
"4Qs8herYTqY",26,628330,36308,308,3001,10
"00mdcc9o28A",23,628234,12672,208,701,1
"QRq0pkr2TWM",24,627933,28580,340,444,2
"YrzxVhbDc-4",27,627696,317,51,87,6
"3j4ay18xokg",25,626833,5059,4137,0,2
"uQWuC7L4_DQ",25,626781,1946,382,665,12
"o3T_o4WM-n8",23,626684,21085,747,2919,8
"p2P5jrcNwY4",17,625807,5416,424,1217,2
"ii-Qj5-jsdg",26,625574,16025,246,3150,7
"cIQKKzZtWwQ",10,624894,7103,677,410,12
"Swv1il6PpN4",19,624277,12410,324,713,14
"mrSUROagyDc",25,624237,5269,1612,6166,6
"Djw1PmpZt9w",24,624212,11582,188,778,1
"vOKOamXsXYE",10,623149,32256,287,1677,6
"3lgcBZdMZxM",24,622855,14227,2312,4035,13
"AKmlFyQaiXo",24,622331,8061,1011,1062,2
"melV2fR6-T0",26,622235,9843,1023,1442,6
"oQxKEtoHygY",10,621513,19267,2205,2687,7
"uBUnmdd5-iA",24,620968,36916,312,1452,6
"lARpY0nIQx0",28,620687,39810,804,4110,7
"JbQ4MwDdxSU",17,620204,4774,268,1356,3
"2Yb_VA4L3YU",24,620118,3299,60,249,5
"cIriwVhRPVA",10,619936,26119,567,1412,5
"0nVO-yU0oxM",25,619478,3264,298,1619,7
"8bNu6Ktj858",24,619443,6665,1158,1171,15
"NcsGpDFKCgY",28,619376,17420,1513,4518,14
"rQQjjYyZpa4",27,619222,11510,644,4091,5
"IIS1M7m9tw8",22,618966,25307,2352,2700,6
"MVyvV0tOOjw",24,618752,39137,279,3711,6
"n-To9W4AA2k",26,617910,36607,960,2356,6
"tMSu3Gyz1jU",24,617606,9669,397,927,4
"LDS8SeO6hyg",24,617505,14783,146,583,8
"KGziD2V8Ppw",10,617406,34338,637,2154,5
"Ecd4eA067P0",24,617155,19872,2712,3844,8
"WknsomB28mE",26,616816,21557,751,1163,14
"5g20u8EfMdg",27,616440,19998,483,5534,7
"STVXHhTdjW4",22,616294,12602,292,513,13
"8I_uK7WBbjI",26,615784,30014,769,2654,6
"gVutHEKBzHs",24,615686,11334,651,1366,1
"nUmO7rBMdoU",1,615349,8495,393,1595,5
"dY2jpeasD4w",24,614692,8650,398,823,16
"T2uyIBURMjs",20,614024,26701,351,5693,14
"U3wVDJTOzqA",22,613552,5432,191,514,4
"CWrjDoEBQsw",26,612653,23052,301,2125,6
"5PB2YzNddI8",10,612279,29873,520,1458,3
"lq0WUudJiSM",23,612091,15889,440,1527,1
"zBovkx07epw",24,611997,11733,394,775,3
"sQzbRulqz3s",23,611885,35415,1228,2034,4
"1CYch47uOZU",26,611625,38391,1299,2225,6
"OYcv406J_J4",28,611341,13654,2291,2463,6
"AvFNCNOyZeE",28,610581,12597,155,545,12
"Q2hqcPnIWiQ",25,608823,3725,402,1714,7
"X9fHoWLf1w0",24,608459,21784,175,3537,3
"fKuxh0E9mSI",10,607765,11866,458,780,14
"XSP5yHZN1I4",22,607528,6692,49,618,5
"jr7W7smqXg4",2,607467,1727,149,2,4
"dS5Thrl-4Kc",26,607422,26166,895,3517,1
"3MA_64gyaA0",26,607415,19893,458,2263,7
"Jq_98dJuIck",24,607251,12787,1574,2251,5
"Aopb6YZyeFU",24,606048,14466,876,2148,3
"8rWuGBPA7bE",15,605918,5565,136,402,7
"tFLEym5aBzA",25,605172,9800,527,3445,1
"C54cHGCwBdk",17,603868,15155,196,783,17
"z3EN0dyR7W0",25,603379,3756,426,1320,8
"SNHc2PxY8lY",24,602853,27880,226,1551,7
"VH-DA0YgHHU",10,602839,18404,369,528,8
"CvqtJTrsKCE",22,602591,28347,1436,1893,16
"mdTv3V4ALzg",26,602362,12069,377,858,21
"ndb7Ez9m2YM",24,602180,16398,138,332,13
"DZJod5hUqx4",24,602127,9974,231,833,7
"VXQ1FD77egw",24,601643,16376,927,2753,7
"1Apnffv9Yko",10,600980,16207,151,376,2
"Ugcz3EaGodE",15,600381,13496,223,604,5
"UUDaCU3SHqI",17,600228,3976,420,601,1
"X6h2BE8-w0M",23,599642,6084,443,334,2
"aphpJi5jKrM",22,599176,16142,3355,3008,6
"DEXfRMTRJss",24,598483,16204,7062,4182,9
"bw5bbpxkBQQ",23,598317,6587,123,244,3
"wGjplV12k10",17,597667,5649,408,3711,10
"1lCnG9hWC6w",24,597586,9967,414,887,6
"asu37n6sEBY",10,597308,10554,566,504,8
"SMvZa784oow",26,597124,30066,887,2111,15
"-kETYvHON_I",27,597049,18464,1054,1672,7
"gNG0GiSrwas",24,596467,10023,773,317,5
"lklTc_DTE8Q",26,595836,43506,585,1722,6
"48pP0WFjuOE",23,595820,18605,212,914,1
"-xAMnJgc3oA",10,594958,19903,361,1189,10
"sK2RoVVxQsA",28,594486,6187,737,1484,9
"bwlEaGiO9Zw",23,593679,7903,303,756,4
"-7AZX5Xtiks",23,593557,25292,630,1881,4
"qmDsgGKHBEo",17,593120,2286,259,3250,1
"dJCKavW22PM",19,593001,15013,442,3008,11
"3j5eGupDWY4",15,592859,25057,235,1646,6
"86ysRAffCpI",26,592480,22781,999,1056,23
"uU3kLBo_ruo",27,592459,25680,1574,4994,8
"XspEs1x9cPU",25,592205,15136,650,1280,3
"uikOKrrwsfw",22,592142,18847,184,1258,4
"WAX8tyQnTpU",26,592107,30295,542,2854,6
"UAJDrWVyOoA",23,591773,25087,775,2285,2
"q11UD-6XT-8",24,591650,6078,1666,1689,5
"Z48OG9917mg",23,591389,21427,1079,1009,6
"aZ7F1yRM5vg",15,590444,5748,438,875,4
"PpElRBQ-yGc",20,590393,34034,432,3730,7
"YJ25apqV-C8",24,590126,4407,1341,496,8
"l7VfDVVxiMM",27,589827,11839,1815,4413,1
"-ppaazmNIgA",24,588513,4234,445,329,5
"feYykx3Fq-k",15,588502,19317,353,627,19
"amtC28yfYCM",23,588133,6583,381,486,21
"LW43OnmPxIs",23,587204,18411,228,722,3
"JbazoX5Su1w",23,586875,27803,1776,3882,9
"l_IFnDydIeQ",24,586633,13988,631,767,1
"02e9klKUN0Y",24,586498,1367,117,169,1
"pcmbmC9cUUY",26,585765,16863,426,1136,7
"9Tuqhjq5ANQ",25,584892,2461,283,1879,6
"08l0K3UyUXE",25,584861,4221,772,1169,14
"W0Anp0wmXek",19,584565,13758,519,2427,2
"s4kX4R6T9ms",26,584185,19377,701,934,7
"LPCxBsECSQs",25,584074,6187,239,702,3
"s8UglxtkAIs",24,583584,13886,248,1385,2
"BkpwPKZb_Zo",10,583346,35757,541,1588,10
"an6dsm86Kn4",19,583281,15564,589,3938,6
"Eyh1_XGHAnQ",25,582785,13285,2515,5182,6
"irHqI9fUc4I",23,582693,16511,695,859,12
"22iCU_bsApA",17,582629,6912,302,2161,4
"Z-dLdCXhapc",22,582548,7210,427,1582,6
"8j_BYfVEyhA",24,581288,5075,725,1780,1
"DfxhWPvhFCQ",24,581030,5327,2435,1895,5
"HtLbE_SIuxg",27,580591,11578,581,2174,3
"Oy9R-z7YTRc",24,580342,6370,288,663,1
"U0W_rpvm3Ys",15,579189,6045,492,1602,7
"e7vFVFcnBQQ",22,578611,34984,987,6459,6
"ZIbI0ekrrZU",17,578416,2004,1595,1134,13
"lHxZlnj6yKQ",10,577937,32336,502,1495,6
"_72fqgEevOo",22,577212,7456,2837,1409,7
"aVamZUeeR88",22,576861,40236,383,2343,6
"hB07EJhMBRs",28,576742,25929,1031,5380,14
"tr7I4vokl78",23,576496,4730,399,771,4
"_fjfo256p6s",10,576001,7689,552,589,14
"9d-Z7V5kZvQ",25,575537,5882,200,570,5
"46TOhKEwtsE",24,575476,15218,426,1206,1
"dAgQsoPo-F0",25,575364,1782,309,1153,4
"2GrKY7Qqal8",24,575274,6611,310,508,1
"e6XeP9gQPmg",27,575264,21432,278,889,10
"yAqHUwjnue4",17,575083,3632,205,1064,10
"0GKC_nj7B44",1,574412,4229,158,596,15
"hhiD-TKYqHk",17,573567,4158,312,805,13
"mLQJgecd5x0",25,573028,3020,441,1142,1
"Dc-EG4ABsxA",28,572775,18919,569,2897,4
"UelDrZ1aFeY",10,572627,24313,226,1899,4
"XUIwpXq_jBo",26,571803,20556,364,3685,12
"9i3GtPIS0-4",2,571347,30468,229,1417,5
"Vvya3yofDY4",24,571176,13099,166,895,1
"2KuqjW0WtZg",24,570053,14382,994,3014,16
"5JEI0sjJs8c",25,569902,4127,1869,1347,6
"SJsvPv5Q_oY",15,568702,31631,185,2099,4
"44W9qstI8H8",10,568142,22210,601,1322,7
"ijwHj2HaOT0",28,567037,9028,612,1567,11
"yMf3dvNzXbU",23,566518,18976,406,1923,10
"dV_UXo8LiWk",24,566512,11953,539,1127,9
"Gl_uGsdG4Do",24,566497,32310,354,4048,13
"NjMd89dggAk",10,566069,25078,1078,879,19
"RGSgCyQydgc",24,566067,53581,560,4483,6
"d54e3kcTlHM",10,565798,14884,653,608,8
"-EL8TuMsb-k",26,565288,20907,423,2256,14
"WdOGSNQP9b4",24,564951,32030,292,928,12
"PyXpoGbwGL0",25,564897,10833,257,1337,8
"-zrJwYFJtZo",15,564733,16190,232,2407,7
"v3O9vNi-dkA",24,563802,19536,240,895,2
"-0NYY8cqdiQ",24,563746,4429,54,94,1
"nBpxVdpMBZk",26,563721,30575,559,2036,2
"q8kLoRnzgLQ",27,563514,14935,878,1278,14
"bye513KciIk",24,563127,5487,397,401,3
"E2qtPth2W6w",24,562303,10712,316,746,21
"v0TiqC_C8wI",23,562298,9988,398,901,4
"p2ZNmYnx7ds",17,561970,5091,246,2007,10
"v3y7FE76H7c",23,561569,24243,835,1001,9
"VsY00LXLa0k",28,561205,7766,399,918,2
"SoKQzAhXkbw",24,561101,11989,269,1063,19
"dpeDxEb9yeg",26,560687,17049,411,854,7
"Ucjgl-4s2nw",24,560649,4982,1396,912,2
"MCW5HUkrr-o",28,560569,29990,341,1788,1
"GdR0JlvbtWg",22,560358,12793,1877,1659,4
"rdJdJpwmcKU",24,559294,20988,629,3018,7
"SwqUpegUT2Q",24,558724,6082,441,634,13
"isI6DqxAr7s",10,558394,40469,530,3579,7
"0dSR-9mtuzk",24,557538,14416,231,631,6
"UDByuFJ2nDg",17,557101,3500,254,1296,2
"b8GGWHGkx3Y",20,556976,16411,1764,3441,13
"6fyE0B430Rc",26,556558,18619,296,1536,16
"QatPF3Pqhp4",26,556504,25398,310,1877,6
"w2A8q3XIhu0",27,556475,23837,275,1322,7
"mrORbZ2dS08",10,556347,19458,865,2395,7
"rplCCSqWXIY",15,555861,24288,228,695,7
"apN4BMMKt2E",23,554706,19379,557,863,5
"CKPMAICRYuw",24,554250,9325,180,459,5
"OK2y4Z5IkZ0",28,554157,29216,388,2100,2
"Mqaobr6w6_I",25,554069,20165,327,794,2
"HDDIWGlBt3o",24,553866,66026,671,8479,1
"KB_GCuJwPE4",22,553818,13166,1823,1770,7
"npcqBt_e4k0",24,553734,6428,161,586,4
"M-wat3TSQqY",26,552697,14091,414,908,9
"9efQnL-nlUg",28,552694,15642,586,1559,8
"tx-9LkVIdz0",28,549996,13978,485,895,5
"BdwJ0uXIV_U",24,549371,19203,527,527,8
"EP_2NXe0_1g",25,548993,855,602,1696,2
"7u6rMOvvTzU",24,548892,23551,595,2675,7
"9flXyzcSfT4",10,548658,26021,143,1214,5
"ydNCj-866_Q",24,548352,15299,177,884,1
"VonJ4ASDO40",24,547362,10776,797,2486,5
"QRtBP07gIHY",24,547145,2622,262,360,6
"260mj1dmJhU",24,546964,4573,1013,1064,1
"xLvkFer6aOY",1,546200,11337,121,625,4
"dQjTQFRZsD4",10,544511,19099,231,616,7
"82zGhWVXXxg",27,543968,11200,642,839,13
"LALQsqZP1nA",28,543711,18008,669,1224,5
"FB64ez0kf1c",25,543596,2488,2895,1836,3
"mebZJFd8_Vw",20,543491,19818,704,2922,6
"BLOIU9DpLq4",23,543067,20302,502,1009,2
"dmtTnGlTUI0",10,542957,23890,186,919,5
"Su6KVN33Bew",24,542870,9565,161,518,5
"4eKYR_iL5eU",24,542462,10224,220,485,2
"pspGtXW0QYo",15,541990,14625,567,1067,14
"pGgTkFKfLXE",24,541149,8220,180,358,1
"KdfCcEnJDlY",23,540998,12917,3699,2908,2
"pk0xdl0rRFg",17,540919,25181,682,2745,2
"eIAtHvzjk98",24,540857,16578,459,1700,5
"JLOFZoBJnd8",24,540553,28387,300,1193,6
"-SIp6xSP7ds",25,540227,2533,1212,1766,8
"mpnshdmtE2Y",26,540149,14206,693,1211,1
"RrhSJzM8NLE",10,539987,14532,650,881,7
"hKxsmQXfmFo",28,539805,21448,751,2319,2
"CHXD9k19q1Y",10,539715,69563,894,5904,6
"ZurW-Uc6Lc0",26,539045,22927,460,2870,5
"D5D90CLAILY",24,538587,4815,278,808,13
"vU14JY3x81A",27,538546,19822,245,6479,7
"rYnmrkMizdc",24,538365,12337,603,1185,10
"qE7psdp1jVE",26,538180,31342,414,2527,3
"wAQ7autd61g",10,538169,17634,444,750,13
"N0eu6U9PSbM",23,538061,11496,380,633,4
"A9k89DYdHKQ",10,537822,6686,837,682,6
"61hO5yTnAaE",26,537545,34058,365,2845,4
"NDBwsMIXlMk",24,537443,10577,341,1971,3
"xf4iv4ic70M",26,537376,23409,776,1673,13
"1DQ9UTz5j8o",23,536775,39673,779,4280,10
"BQC09Mdn24w",24,536419,32725,1575,3814,8
"Ps7GzIV2KP0",27,536398,14139,599,3092,9
"rjlxc-vxNBA",24,536288,36133,542,3543,6
"5qjU_wPyv4E",23,535232,18453,417,1185,5
"IoqDYnn7VKA",23,535094,9247,617,635,9
"kXeJFEN4tps",24,534696,12224,242,835,1
"6TOSV3-7hzU",20,534677,6569,289,749,6
"iGD4bBgWPcY",10,534570,18387,472,879,10
"2omJBSQcm5g",24,534291,4993,181,0,6
"XzzQL96yAwE",23,534260,13806,1338,2419,14
"_BVAJ3PXZ1k",25,533940,12633,597,1828,1
"MDIQBfdmusY",17,533815,6191,119,667,6
"tTkOuNrpqWQ",28,533775,7027,427,627,2
"37R2_bvJjGM",26,533622,28010,1040,6580,14
"Xc675sarBYc",15,533608,34059,931,5766,9
"dWxS9_OwC8Y",28,533134,12055,600,880,4
"WkZVm_o3Sy4",10,533105,45076,443,2977,5
"6VoJHrdoIJw",17,533004,9710,447,1196,6
"7N_tNfBxCxE",28,531907,18968,423,1903,2
"Uvh3v1BkJ-A",26,531566,42326,728,3968,5
"Nl6YEW1s7x8",10,531393,12827,1560,1307,6
"98ixGAcR1T4",24,531285,12087,241,290,1
"p-W9SnUM7u8",17,531125,3325,212,1263,2
"A9R5tJPbcKI",23,530315,14966,358,766,1
"0eOtSEkLVtw",27,530299,13307,539,1038,7
"Y62ExbHI4Yk",27,530143,11176,1061,2019,7
"vvuj7-xspns",24,529841,16314,392,2144,4
"RNA516fNpuw",17,529609,4330,206,864,1
"MdZmi9HGd9w",25,529088,3198,317,915,1
"WbgIREVg2JU",26,528634,26029,761,2835,13
"iXcqpJQD5II",26,527683,50581,482,10511,6
"3S6HQGHqQa0",23,527651,21612,1663,6757,7
"EsBjHXCG4Us",27,527531,10200,540,2197,4
"OX1ssH93th8",24,527093,103,43,13,6
"A9QDgSTVhyM",23,526982,26505,1321,1550,5
"0NWKUHl6JLY",20,526710,13379,1668,3718,8
"VA_P3p7MI98",25,526175,12423,791,888,6
"jj6ibow2tdw",24,525261,6937,657,903,1
"gLswXiRLdkA",26,525210,24412,1259,1847,3
"tOFkFZbPdnQ",10,524911,7822,185,403,2
"eSHe32cEKqI",26,524619,11368,500,845,14
"Dtp6sO2tU0k",17,524384,9049,125,541,1
"XQmI7hTE4Jw",1,523803,9870,134,387,1
"YiSsAjNtsFc",24,523207,16261,1344,3898,3
"KozDGo0bsJA",17,522854,4518,91,701,10
"WLeUt-jBE4Y",23,522580,7950,218,927,10
"IIyZuKN2j7U",10,522522,9297,1216,3415,6
"B-PVT_rclnM",23,522265,25431,802,1171,2
"IvAvHjYoLUU",27,521943,23689,971,2766,6
"dwEKqAwoz0Y",22,521883,7267,1900,996,12
"sfxilYIycTc",26,521611,22478,529,1861,10
"H-kKZujl8CI",25,520636,1005,395,261,6
"rJQYzX6Bgio",22,520338,20927,334,2230,8
"jTW5_KvkGoE",10,520319,16105,2041,4195,12
"sNgByUWwFKU",28,520176,15243,70,1394,2
"36YFQTFzZwU",17,519485,4658,174,1615,9
"hV-yHbbrKRA",27,519220,13600,329,1350,14
"TX0UsGn0GPc",1,519214,10933,339,2139,8
"5EF5Curjr8k",10,519197,39056,359,1968,11
"IOLzpBzUXZs",2,519161,1899,45,235,11
"BfbIoUMdKZ0",10,518578,16637,405,1102,5
"bij-JjzCa7o",27,518516,27636,469,2949,2
"8mQelXnPxUQ",28,518359,16110,1313,1610,7
"jibff9m0SjQ",24,518107,8837,308,582,3
"Zvg6b6q1s-Y",17,516574,5680,263,2063,1
"8ENIIcMmeD0",26,515855,35610,568,1986,8
"3UoKswz6OQc",24,515555,5599,1064,4856,6
"NsUQU3r2nsM",24,515428,5514,529,1741,6
"9PhM-zCmTFs",15,514888,22136,244,771,6
"TOdGYZ20oSc",24,514711,38431,509,3362,6
"_pxQcHAMi1E",27,514568,14947,552,4183,8
"zOLbPvwK7-Q",17,514264,5734,222,1524,2
"e-XM8pek6Kg",10,514150,14269,488,817,6
"4GZBn4_SfQQ",28,514107,1953,17,96,11
"tfNzMKvoVOU",25,513459,13211,1212,2747,6
"rf3iHqE240I",25,512885,17500,356,984,1
"Ew-3-8itpjc",26,512726,19064,210,855,7
"9NkHIv25IH4",27,512293,17861,296,2968,6
"MTf2X6EHyLQ",28,511315,14349,7047,3445,12
"8bqvu8eFZss",24,511047,14224,434,187,4
"iJPjFddLOxo",27,510268,11639,284,713,6
"x1l-HRvwnB4",22,509583,9782,254,1269,11
"x2u-KEex34A",17,509173,7063,279,893,5
"ifkRhaEDzzo",24,508710,26719,751,270,5
"5SkwvwSydmk",24,508376,12313,352,567,1
"QsLmJq8cHlA",24,508137,15166,479,608,3
"qPZ38A7nhqY",24,507760,8960,606,951,4
"gTRRvvE3HiU",22,507753,45824,341,2333,6
"oYL6kldXWkg",22,507524,26592,904,2892,6
"ZsvViZgVXL8",24,507275,1082,162,316,6
"6ijnv-jNhUA",27,507170,10747,369,1176,8
"raJMFayG5UA",25,507166,2770,445,675,11
"DgljcMqPG98",1,507121,4129,185,432,13
"G7yP4-ofcFQ",24,506930,8380,118,283,3
"eZQdQ5pV6EE",22,506698,28537,441,4351,8
"oPM3jxnoqhk",10,506547,17801,531,1182,7
"Z-0bYA5iZDo",24,506264,6006,218,600,1
"vglAsbxMX_Q",24,506152,38187,841,2285,5
"ZAzk_L70t1s",24,506046,11099,300,609,6
"jVlfNd3fxMY",24,506035,18560,579,2765,13
"lJFqvRwOiis",25,505886,23207,5375,7030,1
"QFfEtKvXMAs",10,505794,55628,192,3033,3
"odHhIVjDgq8",15,505444,8218,220,515,7
"6xUnndUTDBQ",22,505147,24233,2010,1459,13
"XkGTE4WMMko",26,505086,21628,988,3064,6
"RgbNxb08jXA",19,503840,17587,216,1307,3
"17x4Auq4Tw4",24,503121,10623,625,484,8
"V8d6oQPQmX0",24,502957,10847,759,2748,8
"9OeZYhjyweQ",23,502917,17891,631,583,7
"sJzWZ1yXpek",24,502880,5551,260,473,9
"f3uZxD39awA",24,502681,2699,1854,2193,5
"X_tYrnv_o6A",27,502040,32735,236,4000,8
"kG41zm8HGSE",24,500395,12227,693,1552,7
"LqSkYMmyUWU",1,500154,9613,173,1104,8
"ya6CQrFacIY",10,499979,9479,485,680,7
"aPrpWFl2eik",23,499527,14112,289,813,1
"6vbFe6F48Uo",28,498874,10685,2177,0,6
"M61Vt1C69JA",24,498613,8772,318,730,13
"t8aPNtKYABk",25,498232,7332,214,1469,7
"mEAZB6QEJwQ",17,498117,4293,222,1712,1
"xwXP7vB4mlY",22,497856,21096,702,3561,10
"r2H8Oqm1eQ4",2,497048,10655,856,2149,12
"uI9G_fZRLWM",22,496856,31003,199,8690,6
"zGoE6Hco4jE",28,496633,479,55,313,4
"rX61Rpc7zWg",1,496386,1829,740,214,7
"dAyg7C2-mjQ",22,495854,13027,399,1038,6
"Evz-ZQC8wss",23,495194,12562,754,1320,10
"91Q0kddGWLc",26,494907,1660,4285,1078,8
"F0ZdMq0n8-Y",23,494709,5341,313,630,3
"d99_h30swtM",27,494173,24140,158,1352,9
"VeXoFFxxUyc",24,493836,1391,851,436,13
"I5X3vC-XsU0",24,493621,6787,458,1465,1
"BlHVpQfxJt4",24,493451,12093,723,1457,6
"YlpXoQEqBWI",28,493348,17150,480,5839,2
"15uSD6tHi2I",17,493066,4208,351,2593,5
"4KyWP5fWOEs",24,492953,20083,198,2646,7
"nHaBEgkMQVw",26,492089,42661,559,4027,10
"fQjGRb4-IQM",15,491967,5412,180,341,14
"CIsfY7S_Uw0",26,491613,21995,285,962,3
"BcruuWQ2_9Q",23,491205,15517,786,1088,11
"RfFcaV5O7SU",24,490636,5054,694,498,3
"zPm4rR1cmzU",24,490388,58978,408,2914,5
"JwivtxQEmc8",23,489735,5298,599,363,14
"Z2Y8jGrkrDc",23,489051,15348,1171,975,7
"_v-hzc6blGI",25,488888,23634,6644,4666,1
"O6K0ZPRqzFU",24,488695,9240,316,919,7
"tJFk9dPdxO0",24,488560,31997,1012,3187,9
"LzuDyq0-1LM",25,488133,8276,664,761,13
"Lwfhn_MiTTg",22,487593,38961,285,2656,7
"8SxMEqwKVUs",22,486826,6003,1121,728,8
"Yz_VzJ4_OOo",24,486455,11066,1594,1549,5
"WpTjFhA09kQ",22,486281,5890,432,0,5
"d-NCySETRIc",24,486240,7073,174,637,2
"_Ihg1_3-0os",10,485881,19670,1659,4259,8
"KXPFrjp3yF0",27,485733,15594,379,1902,4
"WIWb8f1WIyQ",2,485534,0,0,784,11
"-W6v2_0evUU",25,485433,19128,1622,1278,3
"xL_qpDkF5A8",24,485303,4389,164,499,6
"ieRXuTkbWEw",27,484353,17378,271,1653,5
"C4YNcqNF4hg",23,484287,7792,150,342,4
"Ud5Lq7D5YvU",25,484066,9029,8474,5842,7
"Vp40y-048MA",17,484054,4239,2590,467,5
"BWYA0CYJV74",26,483707,15769,247,747,1
"NEmFS50lsTw",24,483127,3924,362,506,6
"bR1d8l92Q8Q",10,483082,12660,326,726,12
"je_0dC12gOs",17,483048,10086,176,653,10
"DjLr06pne6Q",26,483029,30127,237,915,2
"C2-bOy3H6Ss",26,483009,28906,381,1857,5
"T9NzhjcPsQQ",24,482291,10548,266,423,4
"olf9d8JvrA8",24,482225,3790,330,547,7
"yNfI81Am8YM",27,482122,9754,370,1229,2
"cXOZLskXCog",26,482005,13454,264,816,13
"TteS6q20VUY",28,481918,7814,193,524,8
"hVOjyy5NuFY",26,481550,19876,294,2889,4
"-AY-HC4sUGU",28,481259,431,43,225,2
"Fr0wEsISRUw",28,481100,3047,261,519,12
"bH8fQoYfZe8",24,480569,19767,386,1341,7
"mkz1zoo15zI",17,480552,3530,168,1527,3
"vbaDqD_eBug",17,480493,5064,202,257,4
"GyvRamX1VyA",24,480162,17538,325,1389,7
"mBMxFIEub34",24,479587,8784,238,817,9
"CxC161GvMPc",27,479201,19812,397,1311,8
"iDN7xlv3xxM",24,479182,36495,162,2556,8
"e5IRkF20JmU",24,478259,27027,531,10424,6
"tp6wtD9jGyA",19,478211,13173,231,1962,4
"iPf_ifCKftc",10,478030,30626,826,1159,1
"pH7VfJDq7f4",27,477956,15182,300,823,15
"xNGFSEcRSZI",24,477381,5926,306,916,5
"NRs3YCJDBAs",26,477272,22515,738,1573,13
"-TQpVg4vcrk",23,477269,19055,192,1217,9
"vvUe5hNEXwE",17,477188,2934,162,1076,1
"rU1lSmDbRZU",24,476604,3502,823,924,9
"F-j_6IuaYfw",24,476389,16106,950,2077,1
"YEGhKwpEKEw",26,476030,20712,254,1130,12
"9vDdx1dba6c",10,475702,58882,431,3951,6
"2XQft9iwSqg",10,475678,26114,249,2722,12
"Bmn2STJUWJs",10,475296,4504,2774,2223,8
"DhwwTxTh5To",28,474858,15051,1034,2364,6
"eKwAib6LosM",10,474712,17620,202,922,5
"qOvMazijKMA",27,474698,11434,336,1537,11
"in5TfQfUIBY",24,474495,7275,772,1532,12
"mh_hSkw9n_Y",28,474318,1193,51,142,3
"iuBPpEkUi8I",22,473593,13738,539,1101,6
"ffgzh93MdQM",15,473198,17159,147,3615,9
"MC5bNVTMxyQ",25,473026,1800,638,1995,1
"p2hJxyF7mok",19,472936,2867,185,467,5
"md0K_eRSHAE",28,472575,1625,164,659,7
"cIkEjFiUqwU",25,472551,5401,1181,0,9
"UO5ktwPXsyM",27,472002,18772,220,1221,6
"AQxBqfy4Faw",26,471945,15114,184,1492,13
"VlOq_4lmpzE",24,471360,24623,632,1880,8
"BEweWXa5Twk",26,471266,23634,460,1714,1
"teA0Z7ltRSY",25,470348,7972,295,3413,11
"agKDPntMv-E",17,470191,4037,430,1553,1
"NtFe5PM87BU",17,470082,7344,489,2197,6
"R_5Qfc7APQs",22,469815,14539,1540,1419,10
"yZMRXTmFzPs",26,469727,22479,1139,2243,8
"Np0LMwqtOVM",26,469539,9372,238,910,6
"M2YwkAWg0_g",28,469432,24030,282,2450,12
"TTogFxTu_vA",26,469200,4473,530,543,14
"8gE6cek7F30",26,468838,29553,494,1544,7
"ar8S6virCwM",27,467994,16667,358,868,5
"qEEtzzi1EII",15,467804,19962,268,953,2
"scI7dYdlzuY",1,467669,3140,358,831,3
"6HOO1d3ltA8",25,467531,4028,20385,4612,3
"BQGpIPZx0qc",25,467230,2547,2443,1326,3
"F8JCh0owT4w",28,466497,10900,194,1613,4
"zeO4C8e4pjw",17,466388,13783,422,1345,10
"pwYa2LyCans",22,466288,22476,430,5693,11
"G8gJ4RTBxcg",28,465893,111,14,59,1
"OfHYnyllqec",17,465283,1623,289,343,1
"_rBaHuQi9gQ",26,464699,22139,695,2024,13
"aQzai9oXb-g",26,464544,17398,304,1077,5
"jehMXPadHS0",24,464076,10358,213,865,6
"pylyPL64uxk",17,462906,4598,162,506,2
"SpdgahDp2Wg",2,462810,14667,354,8052,8
"bYXM3uz1bjM",10,462594,12035,775,902,6
"Zb0wnYnrMHg",28,462151,8902,639,1456,4
"Sqbv7cCM5AI",10,462066,16375,1114,2068,4
"izwomieBwG0",27,462063,19654,319,1722,7
"07Um1PY_P4o",24,461945,5063,589,710,9
"mH-Sx0lEGjA",24,461918,14478,135,956,2
"YfOHh5mt9SM",24,461540,46206,571,4678,6
"KtlERZ5WnaU",23,460847,21236,733,1357,6
"BO_g-ncp5wE",1,460673,6834,177,472,2
"OPtomB--3Ss",15,460082,20268,309,1667,3
"9qlF_9PNhJs",15,460046,20037,219,869,13
"mmP1aHJjJ-U",24,460011,20216,269,957,20
"zZ9FciUx6gs",10,459969,16399,822,1226,7
"DTDnD3MYwuk",17,458952,2373,1477,687,10
"iZpxzfMkVzM",19,458830,15920,357,1769,11
"97Gh0LRdKu4",24,458664,11649,963,832,6
"htBvEmGPhAc",15,458649,23260,421,1459,9
"MjSZs_uOWxg",23,458494,13227,484,777,1
"OPbtnEXZ1H0",24,458354,10399,129,840,4
"NIf8LjND67Y",22,458231,22063,1158,2021,7
"cPSpmSXNy_A",10,458155,30624,270,2065,6
"_yiQHtBFYkg",10,458154,9852,630,1364,9
"-txKpma65ZU",22,457513,5958,2114,713,7
"4E0Fhct08QM",22,457181,15082,475,1002,6
"mNj27CgDAhQ",24,456543,8810,422,1291,6
"AFC5RaH4xMg",17,455015,7556,136,252,1
"kOsl3cmK3zg",24,453506,14494,615,916,14
"G_Pu00NmJfg",26,453170,10802,228,1087,8
"2RsVpR_X5hE",22,452811,49608,665,7885,4
"1bSDtlARvPI",26,452749,11684,582,1120,5
"deJYRvucj2w",23,451921,25869,402,6378,3
"yQR3OCRZqTk",24,451759,3353,542,1051,1
"VSVXhc5LlII",2,451675,7014,579,1833,4
"Sbp8MmSc2kQ",25,451602,10960,316,1773,13
"iNT-tPrz4OM",24,451523,3606,149,550,2
"3bzlb22qTvE",26,451464,14193,376,1468,1
"suqecwk9pdw",17,451399,3857,422,320,3
"pi0ePRY7TSc",24,451381,3110,14575,3095,1
"5Smb3tZD1Qc",24,451356,3454,284,623,1
"2X9eJF1nLiY",28,451309,17637,523,1881,9
"iKjEoPA0LlY",24,450865,14285,217,850,2
"3Sa8G-VR13Q",25,450201,5519,265,1407,1
"jsnyz__pc5M",10,449565,25441,643,1108,9
"zNZJNlx4P80",24,449100,10629,589,1794,4
"EajOkkJ80uc",23,448835,5808,556,1202,2
"geeTiovdXLQ",27,448585,14990,683,1713,7
"nZM9Ko806Bg",28,448413,19857,448,2255,12
"nCMGU846iTI",26,448169,11239,156,1177,9
"4FkEYUPr2gg",23,448077,25703,905,3843,9
"4LlQwTgB5Rc",10,447916,5736,219,466,23
"SpC8U30Hnrs",27,447584,11983,247,923,4
"_wNZbgBPz1Q",1,447473,21560,2332,4475,17
"EbuCLC_wVlM",24,447310,16829,182,538,7
"yleuZbY8rKk",24,446704,4067,722,1154,12
"3pCCjHDPq6U",27,446482,13124,400,3029,11
"xfi2eRAokc8",19,445119,6832,214,484,1
"B8R148hFxPw",28,444997,3723,133,391,10
"nk3a7zq84Co",26,444370,24313,232,2559,5
"9FVkXIj-wLQ",26,444366,24962,445,2074,1
"phiDj5nlF5c",27,444303,12911,682,4828,4
"bweX9_u7S0Y",17,444092,3240,229,1154,5
"4sXyLTk0IAQ",23,443969,4783,157,721,6
"7HIt7pA4WqY",15,443675,6434,1668,1224,11
"-mvfLtZTe3Q",25,443498,911,145,373,5
"szs2GAYwMHo",24,443412,3563,100,147,5
"3Zew8pLSlwQ",17,443354,4052,332,345,5
"GhcqN2FDAnA",25,443202,6943,3755,5547,4
"SSM4cT0chPU",26,442726,15894,783,1383,6
"Wv0MKHbtcQQ",24,442716,30499,323,15770,2
"QXcbVHFE2bo",24,442698,14407,229,582,6
"PaJCFHXcWmM",10,441712,12162,482,6058,7
"ym4MWosKD6M",24,440684,4946,449,569,1
"PWIp2GTZwCQ",27,440265,21629,268,4817,3
"-VgOGzBcMIg",24,440020,11787,2157,1495,7
"osBrGeRCVqY",17,439956,3814,253,1409,3
"WI06POju7UQ",22,439893,2865,2951,2367,3
"AJUiQU8-w8E",27,439441,14269,1184,2874,11
"M-Rl_kUU4vk",26,438733,11622,333,704,11
"ZWGh7si0Y50",24,438167,4163,394,466,4
"lWyRTOABEq4",24,438129,12054,545,1518,9
"Gnxv9OH-giQ",22,438025,24398,225,1845,4
"IfYRzxeMdGs",25,437979,17508,6068,5397,1
"aj_8zEqGh0M",1,437764,1519,387,264,4
"-4s2MeUgduo",28,437732,49907,626,1455,13
"sfMwXjNo3Rs",19,437576,7991,246,915,10
"_ASpoeFRTZ0",27,437549,14992,420,2616,6
"_suPAag6_i8",24,437541,8586,1047,1869,14
"SW3X7-gk8q0",10,437509,36907,306,4449,5
"7Tivcf-zIOU",25,437294,20205,3020,2284,12
"p5HH2UfZ2wE",15,437271,6959,88,635,6
"kavxsXhzD48",24,437193,36440,268,1214,7
"faYA_upR_a0",15,437061,22452,212,1636,11
"X58fcXjR-pg",24,436730,283,22,33,1
"taxAD2LePy8",26,436638,37923,485,3722,7
"7vLYNDTqpvQ",25,436619,1170,1270,623,4
"nk-_RJcWd4M",15,436505,25146,630,5421,5
"H5Su_JEpDaE",15,436472,11716,213,856,2
"JckuMy_aYso",24,436041,16998,3191,16819,1
"QAt8kU3TQfQ",27,435859,16174,547,1704,6
"LHUKKrcXfJs",10,435619,11177,446,1013,6
"lpFEpDPf490",22,435462,22345,1150,1092,10
"bnfwClgheF0",28,435451,9871,164,920,1
"M84oouivF7k",24,435338,23194,370,1091,2
"aHuIyhO7dtw",23,435210,4028,318,845,3
"NkgW3SLLZgU",23,435057,7278,60,423,1
"LeWtF5y9-6Q",23,434727,10366,313,814,5
"OVnxBcS5qWo",20,434156,14685,411,2277,6
"eAyxMv4IBH8",23,434036,6464,334,348,4
"xejjA2AFO5I",24,433758,5407,108,724,2
"PJ9jj08bR38",24,433450,2157,33,148,2
"pqzopUurZPc",15,433420,2096,166,347,6
"TN7LvuEpDIE",22,433362,32673,146,1187,14
"oidnwPIeqsI",26,433320,12507,219,1415,4
"Vfugwq2uoa0",24,433149,6626,215,938,2
"CA6A3ZlGlH8",22,432969,7878,1675,1891,6
"LE7QEIy-6NE",26,432620,11667,404,1114,14
"9fed80dZ5wM",22,432552,33331,435,5212,7
"6ZJghIk7_VA",28,432285,7102,242,1938,7
"bVMVxJJ7P8M",27,432140,14188,172,992,6
"nUnJQWO4YJY",25,431944,23016,1277,3762,3
"ukqJTaHm-xc",26,431253,11416,318,478,5
"5mar5AHglGI",24,431137,26604,400,1523,13
"hbcH02YynOA",26,431052,22001,610,13643,12
"3SqtO2VXsPI",24,430591,6045,240,434,1
"Wff1pf2EdS4",10,430463,61444,352,3811,5
"E7zFj4iUn0U",24,430321,7699,1169,1912,1
"-py2awmME8s",24,430232,15929,198,1128,2
"GLrSJJRKrDU",27,430191,18712,332,1344,5
"QSFmuI-DAK4",17,430113,7000,133,920,1
"eNSN6qet1kE",28,429830,22885,141,3403,6
"o7f1HVFpRPI",23,427929,13067,342,1007,2
"kZYKnREz9Vo",28,427822,10812,995,1563,10
"Wo5XO8Y8lzE",1,427263,13420,117,930,8
"KRc50VFUsTk",24,427242,9377,2423,3654,5
"d2TrEsA3nzg",10,426969,20766,372,1312,10
"l2StCpw8z-s",25,426790,13867,691,1570,2
"7dKownfx75E",24,426322,4372,137,473,4
"Kpxn9nl02qg",24,425995,11520,1097,595,7
"TxGmy416VRs",10,425943,46469,349,1003,6
"bazp-LVqlK8",24,425904,9773,158,834,5
"1HJkmKODN4Y",25,425866,2018,344,2497,1
"U5nrrnAukwI",28,425705,1845,36,233,1
"s3ChukSDGRU",22,425636,17124,329,1909,14
"0Q0_xFYpYL4",28,425185,34078,275,2639,7
"OCLaeBAkFAY",27,424293,24378,818,2128,8
"v-vx6GpTBkc",24,424016,10527,532,1257,13
"xgtLKeCkCiw",25,423976,6879,1868,1875,1
"LX0wFKvticI",17,423043,4630,116,629,14
"LqF3QRp3VCE",24,423039,6332,244,1321,7
"2afSbqlp5HU",1,422979,7408,1344,1548,12
"-NcG4L0pwvE",26,422918,19968,487,4757,6
"CiaoTcPpbDE",17,421341,5587,240,464,1
"WIp-QvvbsEw",27,421136,14674,506,4186,5
"ZYXIAzqOgoY",26,419822,17602,890,2169,7
"4Cc-U8uhXYk",27,419538,15745,436,2474,6
"qETfaJXx22g",10,419510,18555,160,627,6
"uljtvXrkdbc",1,419400,2357,1147,450,4
"wd_JwfXgFHk",24,419382,8073,543,1195,1
"8uArRFr7_YY",24,418749,9267,1449,997,3
"svi8VheVPrc",28,418734,10234,2334,2128,8
"4wIBCoxuOJ0",27,418311,20551,738,1320,6
"9Z26NYFJizI",27,417092,8528,531,1338,3
"JJgiKhhpGvQ",19,416921,3156,3432,2515,9
"lzZadh-D8Tk",24,416772,2231,329,202,5
"AcoALQl7jfA",23,415263,4192,474,631,5
"1kEoS9WwpmA",24,414854,16969,205,1041,8
"JrFiNSueT3Y",24,414562,2607,746,407,7
"e5N_Tq1EtRQ",24,413615,6413,104,586,2
"YyGq2vjv7Qs",24,413549,2948,1249,1063,4
"tFUKsthR-Ts",22,412812,5657,68,284,1
"b9lb2x_OHOk",1,412649,9687,1207,1670,4
"1A_aWbz6D5A",24,412054,1655,1933,615,6
"HCIqTAFRkko",24,411736,5126,207,618,5
"MtJFuT0KFq4",22,411705,16819,1221,3648,6
"SbnJwF7GrWg",26,411284,21003,251,2877,6
"iXfHlch1Lso",26,410909,5193,706,615,11
"NuhhbcLyWWo",10,410483,45662,491,4339,5
"7FA21oJ3-hw",24,410327,13307,252,4620,13
"aJ9XruZm_Hg",24,410282,11500,1714,1255,6
"kNg_RFDYpTw",26,410257,16592,779,1112,11
"KQkkgD2p3Ow",10,410133,7726,606,1097,8
"oaU82_uGTQg",24,409337,10183,305,654,1
"nQtcl7kCkzg",17,409118,5296,135,939,6
"rN7UMUQorRk",23,408504,10268,13209,5136,4
"gAcvbGuqG0Q",10,407199,5910,549,322,9
"UXm1xHECZu0",24,406960,27175,150,2350,6
"vKbyfdJXoDg",24,406769,6593,397,1253,1
"80L97nV_vQc",28,406703,7906,2069,544,5
"wd8h1iND_ys",28,406438,31401,346,2773,6
"RHzylDQ4wKE",10,406252,14826,441,1390,9
"GKJQ5J1jXFw",25,406220,2285,436,1820,2
"P85a37YTsuU",17,405789,5046,169,375,3
"DJMyDoYkioY",17,405781,3802,688,2529,1
"aDBMVKtcG2Q",10,405688,15661,122,1465,4
"jpH-8HiMCRI",26,404986,16859,312,958,16
"e2ExvdtmIyU",24,404417,2749,5874,5180,6
"5gZWna6RnCA",22,404058,2980,44,165,1
"GSe7TFm1lBk",17,403941,4416,628,1042,6
"lY_0mkYDZDU",10,403887,20780,643,1739,4
"Dzr9f-rkjnw",22,403844,2484,1018,1209,5
"UYDAgS2Mr6M",24,403559,5577,303,2521,6
"VvEGctiW7io",26,403529,8006,130,351,10
"EMTo2UqcnGg",24,403229,4632,881,1614,6
"wDl6MlgL8PM",26,402902,24427,82,1428,11
"dyUJN3skBlU",24,402804,10086,181,667,4
"Hu5FZYlCfc8",23,402706,20089,637,830,14
"nGv8FK28g4s",26,402509,14694,812,1561,6
"Gi56dSh8Fq8",22,402418,10070,3303,2142,1
"_6lGaYh71g4",19,402402,15946,578,2709,11
"quouML5-UZI",28,402259,21968,512,2275,2
"pzPtlmzwajA",25,402244,5140,2998,4175,1
"Nz0qoOgyWSQ",24,402199,2050,838,1643,6
"I-xZz2OabW0",25,402081,3582,1650,5251,1
"sxQ0onDkFqQ",17,401996,6385,236,430,1
"Syar32OLFNE",28,401678,12542,218,800,3
"T7H7uH2t854",24,401625,33943,1129,2507,7
"lCuewNV_KyQ",24,401423,14428,212,2679,13
"hwQSOGrBYcI",25,401330,8408,269,1131,9
"3hn14sIQc6E",25,400997,1503,395,1063,7
"v3Nv2R9Acec",24,400911,11665,321,925,6
"DMT7EnJ_Kp8",24,400593,12801,163,921,4
"xDsMX18qSfE",27,400413,12830,1064,2273,8
"X2BfTXIwABo",2,400237,9618,732,2447,8
"Y-R3QdTGeLg",17,399939,569,60,156,9
"CTFZoz-mB5k",26,399851,16184,448,1757,14
"7P-PNa0bxQg",24,399657,17756,74,1068,13
"nVrkQyLS4oE",24,399330,28910,365,1517,8
"q3j6708kzEY",23,398937,6792,433,444,6
"_vrcsnkXCI8",26,398699,31855,391,5181,12
"H4CkXh3FSo8",22,398429,17454,1322,1863,6
"2TfXp8KDvKw",26,398250,7148,180,539,2
"SFxZb-GHbrQ",24,398127,9204,5176,2758,12
"-p2lhxUqMMQ",27,398058,17874,257,1831,6
"_rPgJ_CgiZM",25,397776,2860,933,0,8
"1DRhHMy-D4E",25,396970,2551,211,1083,7
"hFay0SVFxVI",24,396857,7846,311,448,10
"lHNmUUi6LzM",23,396832,3733,150,310,6
"83paNSKdfNM",24,396791,8032,759,1534,7
"q32oFOjlWh8",22,395883,4500,128,442,4
"9sbnGfWaOwQ",26,395783,13816,231,1266,5
"4hrrK3rXrR0",24,395698,11179,139,640,9
"P21a5Uty-uc",27,395675,11469,190,773,10
"VhexfxLPgTE",17,395473,11929,139,1796,6
"uiZprtMUyCM",24,395229,2072,1261,801,11
"V1LBWKqQpfI",28,394975,14667,472,1830,5
"ccQJq3gGt4o",10,394153,14138,311,1819,5
"yW6ORWYn3g0",24,393742,11658,291,4863,1
"oxd0unpN_Hw",10,393488,9370,316,310,7
"4BiWtH0HywY",22,393366,1625,434,246,4
"0tO_l_Ed5Rs",10,393265,16805,19201,8480,4
"WBxwX1myxqc",17,393218,9645,171,587,11
"lXfHgFRkOqE",23,393170,7061,344,514,2
"VY_77F8TXe8",17,392828,3332,1089,2266,1
"cDjYY7nW7cY",15,392655,15281,299,479,6
"S0OICOBR19Q",28,392587,12701,747,1881,10
"b3ofgTrsXPI",22,392500,28183,387,2922,4
"_dhneCO4YEE",22,392482,5659,2432,1311,2
"aEM1Zelai1k",15,392184,18690,586,2576,6
"dZWNPEC6SIw",24,392119,8472,154,324,7
"QZTExTxX1uA",26,392117,22397,311,1416,7
"tojsUHxmOrQ",26,392115,14933,208,834,2
"XMdBA8KkQiY",26,392045,16668,500,1944,3
"mNhxFzR25Rs",24,391853,11765,158,523,4
"yko-YmuDm7E",23,391656,8076,199,359,1
"CV0J3Bq3BIc",24,391639,7307,84,594,1
"CfvTmIEN2Hc",10,391174,14169,236,418,7
"NOciiz9WK5Y",10,390695,18203,137,1264,5
"6VJYkH1WfKc",17,390622,3322,367,755,1
"QWz3auJ78ik",10,390562,20538,581,991,4
"oRQ4cTsr3_c",24,390379,9839,263,736,8
"MyEqfBkzESU",26,390261,9474,3091,3207,3
"ZLgE9FBOtTY",24,389963,11334,715,2177,3
"cgYHbIEZWW8",25,389613,2430,1013,2660,7
"1HBvOZlvj_w",17,389465,2971,192,1565,3
"0H-JHIGRRNM",24,389158,8265,286,1064,12
"RxlSl-kG3qg",23,389001,27256,591,2662,15
"_C14eXiZQWo",24,388955,11037,107,278,1
"KHeAmpahI08",24,388048,11119,328,669,6
"al2l6YLt7cg",10,387382,45656,570,4822,9
"fp84YC6M-C0",22,387328,13118,64,642,10
"KIEVOMxKWxc",20,387223,10504,365,1482,5
"AU9I1MX0c2s",10,386991,9083,190,456,12
"6mkLWGy6Y3k",10,386819,85113,269,5560,7
"2NpetP71B1o",19,386697,13606,440,2654,6
"2A4ZlxAk8dQ",17,386234,2780,196,1238,3
"qInSq2g4nmk",22,386159,19104,962,1701,10
"GCTyFp0PpHE",24,386090,10018,136,444,5
"Jiia2IcFwqk",24,386062,2931,244,473,6
"0EbFotkXOiA",25,385997,2695,537,1337,7
"Lx_rI8ACqsc",24,385734,7305,266,724,1
"VbunGI4fryc",15,385658,17304,214,7122,2
"-39ysKKpE7I",17,385104,4028,343,1507,1
"w-TSI1O4yGM",17,384829,4431,498,564,1
"IYhwU5Q5mkA",23,384050,14184,232,1523,7
"PcrVm1qEJyA",26,383330,23420,438,1534,7
"YBgabneSziQ",10,383282,7731,780,646,10
"PC1iHFQ0zEk",24,382791,22881,680,3359,3
"6SjslBAJkJI",10,382766,13924,211,894,7
"tUg-WLRdRv0",23,381361,9626,180,438,1
"gB_7KBTfaw8",24,381190,4071,162,329,2
"eMV_WNJkflM",22,380990,7622,382,414,6
"U5EDORs8Jkk",24,380760,45444,466,3180,4
"PUvVjWR3zTQ",10,380586,5585,230,523,6
"qxVQ7ZEG1RU",2,380530,3836,187,2034,2
"XIxZLrruFpg",24,380261,12021,874,2161,6
"ESyJop31cmY",22,380230,32022,189,2183,13
"YVfyYrEmzgM",27,380111,12095,128,643,6
"dQLlS4l1UJk",10,380031,17639,274,927,5
"X7flefV8tec",24,379918,4472,4507,2066,2
"Mp_lLZEEXVI",23,379449,18411,890,1087,3
"-oCQn2VkStI",28,379176,18179,3094,2941,7
"5UL5wZJPLEg",17,379172,5794,244,360,2
"zUrDUxh5xS0",27,379054,16597,500,1935,7
"H7MRHuzCNvM",24,378924,7710,300,606,5
"hivGryRKGvk",2,378901,11876,111,937,5
"zy0b9e40tK8",24,378750,5642,146,675,1
"lcvOVZ_ILrs",25,377906,1956,796,1001,3
"rXbKeHAoA84",24,377833,27239,329,1453,8
"qhuKvMRqsk8",24,377788,19222,392,1639,8
"88kkrRv1UgI",27,377704,14359,830,2056,8
"E9eAshaPvYw",1,377621,5168,507,679,6
"gx3S73InQ04",17,376877,4524,163,833,1
"inFGj1IyIwk",17,376858,3979,1801,438,6
"BL4dnvBytLA",25,376291,13256,234,959,2
"ChqXsD5L8Ac",19,376264,5087,405,1081,4
"w6rzRBHy1tk",24,376194,1357,5089,2430,7
"4FgV0yBZG6E",23,375897,8088,293,631,2
"KQT32vW61eI",10,375663,15122,343,952,5
"jQF5Q3773uk",28,374333,11580,700,1553,1
"QzT0lJPLbdQ",25,374226,7155,233,1324,4
"0MyCrMrkMFo",24,374012,17784,480,787,7
"6d6SmcYcP_U",24,373594,3333,168,592,6
"HbNYuOTaYFs",28,373332,13613,824,1508,7
"nPtNK9kitO4",24,373253,14688,117,455,1
"-3h4Xt9No9o",25,373184,8670,334,880,10
"JYnNlHQzYTY",24,373105,11555,264,1097,2
"g0xVbwXs9jo",26,372894,39649,208,4369,6
"6GT7PrIIS5I",26,372823,6433,766,534,8
"1oFQ76ctfS0",22,372465,8738,183,741,7
"k_aT3jAK_QU",24,372262,3332,286,355,1
"wA6_Z2X-ut8",23,372228,10666,190,530,2
"P7WRXaxu1u4",24,372037,2518,424,1061,9
"ZAQs-ctOqXQ",23,371683,9600,750,1282,5
"HxuRKqGx0Ik",27,371677,5994,882,1014,9
"JpR_JaVguBk",24,371531,11214,740,778,6
"LK3Yz9UpP_A",26,371510,11614,395,1002,14
"W8vXDp7NuFs",24,371401,22490,230,1137,4
"yRCsqCC7PFg",23,371024,20419,1108,1463,6
"9bAiXJoNdy0",23,370481,28342,515,1230,9
"wfkZ2gXl2ak",24,370464,5274,164,387,2
"p2EY93WfBQk",26,370461,27945,588,2235,6
"vxfJbW6KDp4",27,370450,11906,258,533,6
"O4gJFUzmR8E",22,370239,7141,478,1280,7
"OZv7qYZ43xQ",22,369565,24977,182,3109,11
"D8mu5AgUsPs",24,369487,1770,357,160,13
"kl_jxVID3PE",10,369260,26493,110,1179,7
"NtmvX1T4cU0",22,369038,9034,744,1055,1
"bPJjU2Mpujs",24,369007,3091,847,787,2
"zFYFHQq6dgs",26,368859,7315,209,183,7
"V4kfrZSejVc",15,368852,12958,232,1097,7
"v85VNXT0Euk",17,368627,2021,538,654,2
"KaTr8JC0hFA",26,368276,22148,683,2633,6
"iU4J2FF23Do",24,368166,3175,2352,581,2
"k55Hm59emgw",23,368135,3306,115,393,1
"EZXu7RxBR0Y",22,367974,6283,640,510,3
"5n32F7mS6Kk",23,367012,26794,303,2109,7
"uiA4B5Y63IQ",1,366814,4099,172,449,2
"0I9vWjc9nao",24,366652,20829,536,1584,4
"92HCNclQOYo",24,366408,8569,242,434,7
"6kyXZGyso8M",17,366172,1880,267,933,5
"5HOijUtExiM",25,366048,14742,1308,1948,1
"wamF2KUQKLA",24,365819,5985,330,589,4
"BG0a04PX-zY",25,365455,2663,1954,4834,2
"1U1u5aKU3AY",25,365394,1814,335,1284,4
"ife5Zij94_E",10,364986,15436,230,772,9
"xyXscDJSHD0",24,364971,5085,578,1627,1
"iatq3Rn4vsg",24,364914,10007,187,1143,8
"7VC4zX1vDE4",24,364741,26937,614,3196,7
"1huD-o3abV8",25,364273,3044,371,1059,2
"1n4rqMnxaig",17,364182,3759,140,831,1
"ydRw4zylmbw",24,363977,7714,299,387,1
"U0Az4NHlzfc",23,363681,8601,687,829,7
"i47zrx24dpY",24,363488,20900,639,1188,7
"8jp3SxojXpU",25,362345,1456,596,0,9
"sQEJ1fZhgUc",10,362275,23400,350,1319,6
"LyyqqECQ1z4",24,362180,8226,280,462,5
"1R0Xgq1bxZI",23,361852,12384,2617,1551,7
"pgkaAzDMEYA",23,361646,6514,162,251,2
"LnA4DGoihak",1,361432,2981,202,296,1
"UYZ1WjJI1NM",24,361213,5221,217,423,1
"8gcUmiOlM1M",24,360896,4444,367,772,3
"PHWAZNkqwN4",10,360539,16470,640,1515,6
"5y0owYFTMno",24,360432,3899,231,436,9
"eoBOueMfdcY",25,360158,3921,1788,3806,4
"PT2fxswWSpQ",24,359438,5238,460,1028,3
"-R9F2_D76TE",27,359141,8950,326,1223,12
"RUApBid9vnE",26,359135,17772,306,1539,13
"mwpHSMv1pI4",23,359120,15130,223,1143,1
"trW9rxpSBxA",17,359057,7478,103,732,4
"1640fZpYBSY",22,358597,1211,72,593,1
"gtprpculjrQ",17,357946,2378,343,492,1
"D2UE_Gw7XpI",23,357439,22088,826,1755,9
"obRG-2jurz0",29,357429,13341,619,1984,6
"AuWwlxym68g",10,357299,13388,262,518,6
"D818vkK10UQ",17,357054,11333,522,527,8
"xi8u9DcC0_Q",23,356481,13367,476,2363,6
"OWz3Fa_qK5Q",10,356113,30534,200,3325,8
"AIrxDop0GCQ",19,356075,5627,184,361,4
"8hYTPl7MkiA",27,356063,13234,230,734,13
"mniFYSyH7HE",24,356012,9168,892,1571,8
"g5CNiarSdbU",1,355961,7034,879,1042,7
"Wpr2WvQn-kg",24,355917,7218,213,763,1
"NBYL_QwYhjs",17,355279,11226,167,388,6
"uYaN4OLxm08",15,355153,10936,434,441,7
"FZiCWBplZ90",23,355131,29282,494,2474,7
"YDyqnYhxTTw",24,354886,1002,315,112,1
"YrVTJd6mvpE",24,354807,6326,158,326,6
"g3IvVejktJE",24,354509,4088,221,373,4
"pojXEFDFMw8",24,354451,4639,474,0,10
"QsK6c2dRhv0",17,354281,3499,220,303,3
"SmqLoqByhL0",24,354013,11346,353,1858,5
"yExDk_Re0Kw",1,353484,24968,344,2271,2
"STI2fI7sKMo",22,352770,4782,1838,741,4
"0Rt329xQUjM",26,352742,11503,214,1161,8
"Mjl4OReUX-c",22,352667,8909,211,1013,6
"O-aQA1HKctQ",10,352641,22173,225,1895,3
"5y-tCo_v7pk",10,352319,0,0,1346,6
"b33PN2NB2Do",25,352299,14843,453,1583,11
"Vq5cYJ4vtvk",10,352090,12187,87,347,5
"9TCdWhmtxCk",10,352048,20981,300,2250,11
"xtR7m-Fl-F0",27,351991,29718,100,3496,7
"HbKnEQdCjGg",10,351765,13453,160,444,12
"kjbimjCQYdY",24,351717,3489,501,1196,9
"Wl7V4LwkfQE",28,351539,11850,589,1007,6
"F3eSaEHSCu0",24,351519,5979,231,147,11
"RdAJZJd_O2E",22,350226,12727,697,1477,9
"l0jGg-MUd-U",22,350202,30307,166,2786,8
"6gFj1XJ6b5o",17,350069,13360,98,488,3
"8UHMSVOHddE",10,349965,7305,264,306,12
"lDyHwwSMRmM",1,349743,38,2,3,2
"AB_u_kOSP8Y",17,349326,11755,76,815,2
"J6iyX87SBP0",1,349102,3834,966,711,8
"D7JorwX31CQ",10,348783,17791,384,1151,5
"RF_7NIHp6Yo",25,348527,2407,236,1428,5
"tKHC0X2EwAs",10,348192,10175,344,2299,7
"JDkHmQEOkYo",23,348104,23899,486,1749,8
"ceJcHUoO734",20,347988,7699,2111,0,7
"tfuZKI4sTp8",25,347611,1060,1671,1045,4
"kIHhVkkHV2k",26,347257,7430,398,992,11
"AWtpYfjylCo",22,346931,5995,818,630,6
"l3f_1zEEnR0",23,345869,29374,219,1996,5
"ZzO8VAOJs4U",24,345372,2893,122,410,2
"Mmn0zFalrD4",28,345371,6015,325,988,9
"3baKe4B3eyI",25,345269,2707,65,374,3
"v_CMMWCN5nQ",22,345180,17904,363,530,7
"q260bjSiyq0",10,344951,15728,145,1004,7
"sciODVQP43w",25,344792,1215,86,97,3
"wNhYCsu3WWk",1,344767,3709,199,302,11
"zFuOksI6AVg",24,344584,13445,287,1646,9
"lRdsL1z7Ml4",26,344534,4511,40,433,4
"GpbMbBNP-NI",26,344518,14891,620,1613,13
"Bf22Vq5phKo",24,344358,4288,133,488,2
"PSA-TnMwK9c",17,343957,2532,99,1030,5
"mZpGOQ7tBKE",28,343860,6546,404,732,3
"NtN98IkKxmk",24,343759,3079,142,292,2
"kce7M5FJ5GM",23,343756,23438,379,1797,9
"KiAdIPw_QCk",24,343524,2203,320,183,2
"6VhU_T463sU",28,343273,4503,182,266,5
"Ps-nEyvsCKY",24,342865,7820,369,439,1
"ZP57Kn9eAAQ",27,342564,1209,407,71,5
"yzJtC835sio",23,342260,7319,197,357,1
"W-FxnLAnlGg",17,341643,2227,152,603,6
"IgUlowmSeHo",27,341347,13991,355,1471,12
"fLjXIFvafSE",28,341276,11571,252,1143,13
"5MJpurZ9ShI",27,341118,8166,329,1003,4
"1sJHx2s4Pp4",10,340791,18868,175,401,5
"HmBIn9De-Yc",24,340750,11201,163,1077,9
"eDelIZDzmwQ",24,340348,5474,372,653,1
"TV42WARem_o",25,340311,7171,327,1203,5
"RsGqQC2tRRM",26,339738,8082,155,504,5
"DRfniGCgW0I",15,339517,11486,333,1148,9
"K7NE3nfdkgg",23,339306,528,39,50,2
"xfmipNU4Odc",15,339256,17267,85,948,3
"V59YAu9l-gY",17,339187,8797,223,625,6
"bS9zXmexXUQ",25,338709,9046,2327,4993,7
"PXAZ3KphJz4",26,338651,16038,354,533,10
"vFK7oWLWapc",1,338425,10947,2133,2991,7
"_-aDHxoblr4",27,338085,17626,167,1418,6
"RFeQ_Ul1jB0",17,337580,5296,148,1904,3
"UgpL43chE-E",24,336953,2272,87,117,8
"nAsrsMPftOI",27,336872,18263,189,1669,3
"FUPQ8Lz_kSk",26,336861,9751,248,475,5
"Qbg2p9PHVo4",10,336117,9594,5430,2399,6
"DmWm3ar0PiQ",26,335613,26428,316,3299,7
"bqIVwa9VFDM",27,335365,12576,234,818,6
"JQkjAhmvITI",28,335194,25007,250,2072,7
"Nsg6ZDd4NfQ",26,334600,19941,209,1570,7
"ilaSwO2fx40",24,334148,1746,134,1442,3
"DSG-zxGRkJw",27,334148,13772,140,901,7
"LYX7CnSiBSM",22,333820,14082,229,753,6
"UiWGp8dFr5k",24,333626,3264,286,367,6
"pwGbwYAfSmg",29,333587,10918,161,613,9
"p1tiCgVnCQ0",24,333553,4948,186,404,3
"uZUOzSMDBjg",26,333366,22480,204,1039,12
"kDRRvz4y7ms",17,332511,3374,285,1599,6
"IQ2lnlj9WzQ",26,332114,67,11,23,2
"gfmXCAwBkCE",24,331981,4008,1182,902,5
"DkXD5949qqQ",10,331638,4527,352,401,6
"chFKDaZns6w",24,331575,24324,2678,7014,6
"scMSeVaE7Ao",10,331315,631,266,1056,8
"KOJnOCdBr4s",27,331126,17137,159,769,5
"1KG8Qha7uXw",23,331121,6190,940,654,7
"seplheZ6d7M",23,330958,1322,110,141,4
"BSHh0MmJM1U",26,330955,14961,115,956,1
"-NEhvlJA5q8",25,330827,1255,436,2334,5
"Qc9-dHabR2E",24,330659,26222,152,2003,6
"EbXHZ4WoyFY",17,330565,3983,271,1406,4
"4-flcAEK0QI",10,330553,2261,124,119,8
"Nr42pNrK5iU",26,330477,9661,221,885,2
"4VDylTCCzOY",24,330457,2389,407,473,10
"D5bEwcJ8eCI",27,330372,12877,423,5486,5
"BLXLPisBe8s",26,330310,18307,408,1867,11
"ziLNTsTPL4k",23,330191,30339,380,1659,3
"cON3fiEm3Lc",24,330162,9006,376,556,4
"n5IdKE3rhII",26,329873,10276,189,281,14
"oJToMo97UOU",1,329150,9243,286,1049,10
"ljEjBIZ2qCQ",22,329129,12736,396,1623,8
"RbNaEwp7hMw",26,328740,33663,288,2665,7
"MICQb4QW448",27,328687,12500,272,1657,3
"IJlXXvSFyUU",23,327912,6306,188,275,1
"pihJVwap7iI",10,327786,8674,273,349,12
"rzVJrBOsf0M",26,327777,8358,168,633,13
"QME3eyBXqpU",26,327739,6231,52,160,3
"JuhWVxLtfWQ",17,327251,2253,48,144,12
"AM1pavPRU8E",24,327211,25130,521,1205,5
"2sxuAm569IY",19,326955,7248,129,575,6
"ARA0AxrnHdM",28,326110,8502,332,653,3
"XY5OYFc1tzU",23,325569,12404,1024,1437,1
"RdAKIVgTKuw",22,325386,6688,105,282,4
"TN5jzDgORqQ",24,325333,2750,307,383,2
"JKFgn6tNU6w",1,325082,15766,575,2358,8
"KNEVjhCXZB4",15,324996,13078,204,338,7
"xAXh7vSmjRk",10,324964,23709,292,1645,1
"H00djJq68VE",26,324324,9080,368,1081,11
"vDyYMcjf500",20,324219,7840,1333,1257,20
"dRpNZV18N_g",24,324024,10288,274,1586,5
"qzLkSAVD8gA",24,323801,9918,92,438,2
"_pP_C7HEy3g",28,323504,7023,209,564,15
"MEEj62ZqFYo",22,323471,6081,1425,1070,5
"TaldfjkrHy4",27,323160,7237,98,1707,5
"6oIWl1jLE20",28,322998,0,0,0,6
"sYorT6jRNDc",25,322802,1013,847,995,6
"nzPcwk6O1Ks",24,322783,4357,178,728,7
"1mpdJcGj8Qg",28,322747,9110,320,649,4
"xe8Id7pDNOM",28,322376,12291,261,2955,7
"dm6ZSfE5muc",22,322244,16212,297,652,12
"ZUV53Nn3PhA",28,322227,4477,371,903,9
"FUQexMOrDBI",27,321872,18957,750,3384,9
"EQ748TZcuqs",28,321688,14746,154,752,10
"RE-aVnbJyOU",24,321580,2595,142,241,5
"WOAvDQNNaCA",10,321560,14705,211,610,6
"2BIx2x-Q2fE",28,321277,16503,118,1164,7
"K7imG4DYXlM",28,321078,13364,900,2244,12
"aPREg9rJGSE",17,321076,4665,155,891,2
"uGV1YqYAiIM",28,321054,13451,138,1244,4
"30TkClWvT5k",10,320858,1483,71,29,3
"0aFhzGEBQlk",28,320792,11229,481,1000,4
"BHloD113J54",24,320395,14684,635,754,6
"SqNlLDeZcSc",10,320276,9538,337,464,11
"xOFdHUv0zrQ",24,320028,3939,79,122,4
"ERBEwrn4f7Q",24,319546,6238,124,520,6
"abeqEEmpbdM",24,319454,11248,209,800,6
"2fZ-qIHlA5M",26,319303,13486,237,1339,1
"cN26ESa3IQk",24,319297,5104,173,538,1
"0-yiRIWkhLo",23,319104,8929,130,462,1
"52L2HML5O1k",24,319017,4994,357,936,6
"BEcs3TL8DII",17,318840,2613,560,1952,6
"LSDCUIn33G4",24,318801,5906,145,518,1
"RYGFczNMAMk",27,318714,15229,139,1308,8
"g_WBVi-bu9Q",28,318557,586,71,75,4
"zGD3Qvb04gc",24,318399,2041,131,291,1
"2QHltvwTjSk",25,318181,1193,281,1215,5
"efve8-mhdVg",23,317963,5132,373,821,1
"kZLBVi_0ENU",10,317779,5346,120,288,5
"mF6vwuGWQZU",26,317658,10840,349,1742,4
"6fi1RZNWCDI",23,317542,7039,177,320,2
"UAdJvXMIlXc",28,317281,6580,221,542,7
"fO8pPjlFtNw",28,316907,18642,249,1409,6
"GZMrivD2Aok",24,316763,3859,1829,863,7
"LKnQVCCX8vU",24,316756,7778,245,506,2
"b191evqWAwE",17,316194,2014,107,421,7
"8h2rlhsN9DI",25,316014,5464,590,772,6
"6wHVgiM0R54",27,315694,13689,218,2778,7
"sZWmwHjFRPI",10,315505,18313,244,1020,6
"BJ2yzCRPonA",24,315429,1272,267,386,13
"MHEYapANYk4",24,315148,3798,93,167,2
"AeB90B9__xM",15,315116,4866,91,219,6
"r-8NzNW6mXs",27,315079,10410,434,510,7
"pZYJGAWc-R0",17,314175,5009,151,684,3
"qcP7sS1qZ2M",24,314140,12600,331,1532,10
"kVWj8lgQvsE",24,313962,6506,202,279,3
"2Z3yeFZyCjI",22,313927,5002,1019,564,8
"YbQ-NgaCntk",24,313852,3530,127,200,9
"JzA097DmNTI",25,313708,3658,86,0,11
"sTVQDJyanco",22,313646,9086,416,1007,4
"CZMO9Ud0tOU",27,313187,9726,292,1058,7
"hDYPVhwULCc",23,312793,19417,755,5891,11
"9xSx-5tmq44",24,312769,8665,360,966,3
"PdWe5ULGy_s",23,312740,6155,131,341,1
"kuw3yQqhe8M",17,312386,4944,157,1446,1
"a6D9ksDanh0",26,311989,14182,336,1369,12
"JefYnYIXY_8",27,311971,9362,243,977,9
"H79dKmgzcJU",22,311438,13101,688,1366,1
"Fxwe_i96ye8",22,311280,1783,110,499,2
"m7CtnR47w20",28,311117,19172,255,1698,6
"13xFL17XmYU",24,310140,1521,246,474,13
"xptpXSTtgSY",27,310068,12684,122,572,9
"M2xqMZ6b85w",28,309971,11844,206,792,7
"vsA_L1t4vXY",27,309933,10146,252,764,13
"gG_XI2jXMKs",24,309319,17635,730,3913,6
"sUAQS-xDtYs",24,309271,21281,177,2502,4
"jkkinXnXErk",26,309109,7087,217,496,3
"CP23fL52Bes",24,309062,2725,361,725,17
"lRlVPAeZTzc",24,308787,7171,656,1175,5
"b1BAq8T9kqY",26,308720,16570,394,1098,9
"EYkEshCOhEU",22,308352,15765,399,984,2
"4vl8-5udtII",28,308082,18139,168,2489,14
"sHz6Wlc2MAI",27,308049,7562,284,940,5
"_akwfRuL4os",22,307975,9093,225,2172,6
"JDK3l9TmwAo",17,307934,2673,1645,634,2
"K5x_3QzLY0U",27,307494,8706,298,1226,7
"1qIj0m7-sHI",17,307093,4334,972,3054,3
"K6Zu3qKhON4",10,307027,8136,562,706,6
"wqEknnPadMA",24,306922,6688,327,801,12
"IJKjMIU55pE",25,306095,11726,283,1103,1
"ss6qQM054B0",17,305899,6967,494,1344,1
"HnYKhetlm3s",24,305833,1462,1214,759,1
"sukhhtHWgko",24,305524,7876,150,785,6
"KDPG0YEsD5Q",22,305141,21855,89,976,5
"yuBqWcSKrCk",24,304926,3305,130,275,1
"cYw-oyJ7AEY",10,304700,12347,577,756,2
"o2m06SDQJCI",27,304485,4420,317,515,4
"h9O-JH4DtiQ",28,303274,1676,339,448,6
"bqbWMgkvedI",26,303174,9607,245,170,6
"DgaC0ytqdv4",24,303101,7164,255,1242,13
"qDAxDcjgn-8",10,302837,11337,825,2660,6
"atvJwwec_2A",26,302719,14565,601,1933,4
"o7OwzKm8aa0",23,302703,22861,447,1896,6
"zMKI64iY2CY",2,302660,19060,227,1868,8
"9fKALFSxX_Q",26,302656,15294,829,1439,13
"f3Xkre0GOFU",25,302440,11731,802,2494,7
"JWH5KE1atAg",10,302226,28891,205,1852,5
"bcPTiiiYDs8",27,302153,11390,124,925,8
"TaTleo4cOs8",15,301738,8634,332,2027,5
"5YOvZU1QRRQ",24,301706,7495,283,713,6
"NTN2gD9LJnU",17,301674,6211,107,660,6
"4gIR_q89g9Q",17,301593,1214,148,192,2
"xGCnZ-9dPc0",28,301028,3560,89,488,9
"ghNoCu0QiH4",22,300769,8595,150,2802,4
"XcqS9okipTU",28,300755,12611,259,1008,11
"DTErM4uuPdc",26,300715,9789,118,837,7
"4v0nOAzcG2A",28,300601,10497,382,991,3
"WoFqmF9GHWg",24,300313,7198,615,1104,2
"gsVgqms1slE",10,299897,13180,294,626,6
"dabnx8VSdkE",27,299820,12586,348,994,7
"nxWt9wDOr_0",25,299644,2864,337,916,8
"h_-JFUci0BM",10,299632,12692,202,576,4
"0gW9EnfWzDw",23,299561,18957,913,1815,7
"oOAohDViea4",22,299465,24317,332,969,6
"7gdoj1ViJ8M",26,299370,12707,374,2388,9
"lRlp6e2Bam8",22,299365,5630,249,0,10
"c835XURBeLQ",24,299105,20519,503,3146,7
"3VLNxH9uX6Y",24,299038,4952,134,295,6
"By6Mi7VlqcU",22,298927,2616,1556,1478,8
"spUNpyF58BY",27,298666,21524,90,1912,1
"48-pr5-G6Pw",10,298642,10167,244,562,5
"hMBxriQamIU",10,298421,16088,245,1518,3
"nUDX6OCXEyc",15,298322,9817,310,1775,6
"kwvbLx9M6-s",22,298314,13730,417,1738,10
"9YlnHbN28jo",26,298298,5621,224,229,13
"M3W0ELaAOIg",22,298003,15863,1012,1446,4
"D3BJ5bt5VbA",28,297405,4641,397,616,9
"s7wLPGmnahE",24,297279,1733,245,169,6
"DWaU47V3rMU",26,297209,10005,413,852,3
"xPsEiZAOb_I",24,296755,41687,403,2897,5
"-9rdDeWzvsU",10,296615,38671,463,2348,1
"IfkWuQY0ti8",1,296518,1974,41,157,4
"eep4_0JaaG8",23,296476,8961,186,1466,6
"MXdXoQBVFmE",25,296315,1322,46,129,2
"yz7Xq3T0YPs",24,296295,8157,294,764,1
"6xe64i_4GhM",25,296207,1225,1391,1816,6
"ZGmmiuiVEnU",24,296104,5743,82,282,1
"l0VNEl2qw2M",17,296001,2177,74,927,1
"8-fwdc3OSaU",27,295995,14323,283,2133,8
"QRis1pHOhj4",23,295991,1573,824,684,7
"AtbyHpFeVDI",24,295841,5240,113,265,2
"1JXq9779zwU",27,295571,12520,159,907,6
"WmYCUljsrDg",24,295231,8034,138,784,5
"gehzrQiwUyM",26,295189,13986,265,1409,7
"SzB-tnaU0cM",15,295145,4891,212,340,9
"ZYKUXMAou3Q",29,295068,3822,797,1348,4
"sfweKCYOPFc",26,295048,2338,2221,499,4
"-pCzLbCCppo",27,294810,8305,211,886,5
"biIRlcQqmOc",1,294668,1659,179,166,11
"xIbQZpwVweE",22,294356,15591,300,678,6
"Lydh_saD9EQ",26,294310,12964,120,1371,5
"qKh7JdoPZz4",23,294007,29017,251,6890,6
"3TwiPa39WnM",1,294003,7548,49,129,2
"apJaKRqX9cI",23,293630,31996,144,1526,2
"DxSf6Nb_I7o",24,293591,4088,165,382,11
"vTJKosHxYtM",1,293567,9744,194,941,11
"9Q1WSQ7R8U8",17,293295,3457,153,532,8
"ebHbB2eDz1g",23,293147,4165,90,291,1
"wwZ-T_WQ03A",1,292891,6725,386,598,4
"mXJ7wX6CVDk",24,292715,6145,496,1544,7
"eKFrZNXB29M",24,292609,27345,129,1393,5
"M9VqmPX8m2k",1,292413,1244,333,320,3
"mbAPZq5HFAE",22,292375,7408,467,702,6
"mi3Uq16_YQg",28,292087,3968,236,789,6
"XxvQIaCJ9Xw",1,292086,1292,28,147,5
"uI5_G-Hiu8U",24,292030,19776,167,1855,13
"Mo9Xw_EYDFo",17,292015,5190,239,570,6
"6ztB3fg9knE",24,291980,6303,547,1845,7
"-2b4qSoMnKE",25,291653,3788,603,3093,2
"0QDjTwsEeE0",24,291502,11096,359,1196,8
"fOsphXJvaUE",24,291258,4490,109,431,1
"xkgcvfbzuqo",24,291192,2873,230,444,1
"KFm7fKqg13E",25,290706,1882,7859,3141,11
"ClM-MORjXQI",15,290344,12224,198,1094,4
"uGwcNjWrgaU",24,290138,0,0,330,7
"ug7voYQnUaE",25,290022,1835,682,1349,2
"Ub53c95Soqk",23,289522,4424,119,463,3
"qNYhd5QtAlE",24,288977,3273,38,83,7
"Om_zGhJLZ5U",1,288922,7515,792,2111,1
"NtKS8YR5ioo",17,288663,2449,562,3855,2
"VQm_Y7wEzGQ",26,288553,6929,217,715,7
"tyjVu_IFKMc",24,288247,30629,636,2239,5
"3YVzBkKAbAs",22,287733,23760,302,3700,5
"dR10LRByhRc",26,287677,14261,536,1028,5
"iyeWTFLzNZ4",22,287615,1085,22,98,2
"G6n7oA5yoPY",28,287081,11190,623,1084,7
"6J-D86wfxiE",24,286804,10325,322,1209,9
"Up09AUDzLVI",28,286704,10933,231,2386,5
"B5HORANmzHw",27,286577,9606,248,1196,2
"lWDWVDu01P0",28,286574,2120,1926,5998,7
"lSXxEdaOqgU",10,286299,12413,679,1330,5
"51cbHTKdILA",10,286155,24031,343,2004,6
"T3hXC5yNZOc",10,285984,34129,1625,4219,1
"pWVrA0WQ3wU",22,285897,14443,400,1273,3
"lHzclTp0-ZY",17,285769,3503,87,458,2
"OdJh_Q5XY4U",17,285672,2370,521,2877,3
"lcpxLXjYAa8",25,285483,1754,1087,2703,12
"fMaC7IeGKNQ",23,285469,5193,88,326,10
"jwlW1-vVBjQ",26,285462,6850,376,919,13
"fIElFIuzGLI",26,285437,6715,1042,1440,8
"mMJVmCSuxxo",26,285213,20376,193,3899,8
"Bkus04-5kWk",24,284888,10267,230,1403,7
"2XQPTtTv_O4",27,284743,7724,218,1143,7
"YMdo_0H1thU",24,284691,7842,159,474,7
"voozHXadYYE",27,284673,14159,625,1938,7
"vsPTqR5778Q",10,284598,12749,714,721,6
"_UjAxuSuLIc",27,284574,11648,453,799,7
"VdugkldCx10",10,284176,9477,271,532,5
"Ox-DSihhpBM",23,283899,4995,98,344,1
"qxbS8qbBL0c",10,283885,9320,166,349,2
"bzuXvmsufoM",24,283808,3295,278,423,3
"V1rt0t21vQw",22,283720,2859,118,292,8
"WKdt-UxuPxM",28,283545,24524,698,1452,2
"wwVOmTImfLA",24,283531,5743,194,434,2
"FO_Ox_dH0M8",27,283505,14397,118,711,6
"bXYkU5u5pzg",17,283313,1107,404,317,7
"ZnvGy6pcGxs",17,283301,3569,105,187,7
"whNT1a3igGo",26,282950,7654,98,524,2
"5y0ARoVF6Qg",22,282736,2058,56,206,7
"APASP1YKH60",22,282389,21539,126,2385,11
"CvkOWb1U-LI",28,282309,12547,526,788,10
"SO0HTI8QuQU",23,281927,8237,251,259,6
"X41ArlJVNYc",23,281875,24632,558,2517,6
"KJ12FVmumeA",17,281868,1546,245,885,2
"MgMLdq9DnNc",26,281689,10722,439,789,10
"agUg8Fyv-1A",17,281678,6171,395,405,8
"BFqNP8VqoPs",28,281340,12767,176,1628,8
"sosxR6ZALjc",25,281283,1485,141,421,5
"oyC4lLTOyL8",27,280619,12462,404,790,6
"ZLFak6N04GY",10,280506,8693,171,352,7
"6ixU_vdE0Es",22,280065,20289,38,939,1
"gau41b7_Hqs",25,280009,2371,342,693,9
"zJUtRGrvkqM",25,279827,3595,2770,3266,1
"1dQEfL2BfUM",24,279714,17440,320,764,7
"6tAB3YwWkxY",1,279585,4658,193,192,13
"KjHan6D3O3g",10,279571,5379,339,255,7
"GIRJck1pVRA",23,279522,4662,101,156,1
"UQHSK-kgONk",10,279046,5342,83,342,7
"qqs3fxfmWr4",28,278899,4513,126,314,4
"5wKYV-9Tq1o",24,278795,18390,198,1491,6
"lR8ydxAJ_Cg",26,278510,6701,198,916,2
"sD_31GJmhUc",20,277921,16878,215,2065,7
"yBXcNcBnImc",2,277651,8833,194,5592,5
"k8NxqyGcZA4",24,277614,2609,5622,2337,4
"K7XsnDRtAcw",15,277389,5989,105,642,4
"-gfGtIHfU7A",27,277330,8878,239,527,4
"DuTnYi_HW2o",28,277281,5031,363,406,5
"lr4MmmWQtZM",22,277229,14012,194,1663,2
"0lXX3dJUAGY",27,277184,11651,420,1063,5
"5YMtjjAzxWA",17,276711,3297,132,196,2
"bhqH6tTr_Lk",24,276563,6578,1509,896,9
"WbQUT3vNUtE",22,276385,17452,299,793,8
"Qex44E0SywU",27,276381,10885,220,1683,3
"3GUYMZXyf9Y",24,276170,9504,291,698,1
"48cc5nvsZ_c",1,276125,5293,177,683,5
"lXZiKYpRCa0",20,275982,11897,345,2721,3
"2DVg-P0mZE4",24,275455,2074,664,374,8
"Nb_t6X541yo",22,275380,16196,215,1128,11
"QDSEpjjavhY",28,275276,8788,288,748,8
"y7QjFRtt-sg",22,275230,24095,135,1050,7
"01AEuxSlIMg",2,275180,942,75,140,7
"Uv2LvQ0FEvo",24,274794,12912,1072,2328,8
"fRcmFr9cE5M",24,274761,14853,227,1068,8
"QBOzHhuTzvw",24,274030,4905,287,1285,7
"T3-BzlYEhQA",17,273000,12662,155,682,9
"bWZ_Z5dgrb0",17,272859,2870,413,671,10
"GOALfmDp_Dg",24,272661,6596,255,1417,7
"cOZa0SpqANg",26,272576,26126,144,1961,4
"QzQpsHScgHs",26,271779,14215,148,665,5
"osc1DbNpNXE",10,271722,3642,178,162,7
"9oFP-pOMNwE",24,271685,3330,854,0,2
"s_LxZx42sIk",27,271594,9074,174,546,7
"6XxA-4Jp7AU",25,271281,6531,739,939,1
"jSh3FFKFH_g",10,271277,23447,132,2590,6
"pCfmsVFCPmY",23,271180,21369,435,1123,6
"__-22AJoFxY",10,270838,31167,83,1624,5
"XHkAjUVoQME",22,270597,3747,77,244,7
"pXxA_8C3HHQ",28,270421,14422,145,1073,5
"U44YLdW9AL4",19,270360,11727,359,1685,7
"wKbFHK05Jks",24,270177,3621,1200,372,1
"x_IG4DeedB4",24,269804,17030,283,1091,8
"x9mh-SwSKas",26,269509,10801,158,653,2
"umPDFJkH3_M",27,269305,7915,566,1080,5
"KpL6X856Y2E",25,269181,1012,190,432,6
"O4_JNAFClFk",28,269126,2513,198,806,8
"bEWLOo12UAU",10,268430,6398,427,3143,9
"l_v1h6Zoi-Q",22,268393,5267,49,294,4
"15UK0924t_o",26,268343,14304,343,1107,5
"9pXLSjDkcEE",19,268248,7150,138,597,1
"VoAzRs3sE70",26,268241,5446,330,392,4
"B4mK5OElAFQ",23,268148,17601,555,3972,7
"FGHji60FP50",25,268145,6793,340,4592,10
"mwiKZ4qmRnQ",26,268077,12422,414,1091,8
"MEcqo5fctxI",24,268035,2364,207,861,1
"d9h_qtOoFnA",10,267761,22921,165,1801,5
"6tgptWcKkgc",24,267753,11966,140,820,12
"Ii_Gz1WbBGA",27,267685,11359,90,1058,6
"Zzi4EQKBbOY",27,267142,7085,219,477,5
"lzuWvKn80V8",23,267038,24048,446,1640,6
"uzK1OmxS4CE",17,266874,3489,976,1386,1
"Rm_zQP9JIJI",28,266389,7849,824,1311,6
"PSRJfaAYkW4",27,266155,9422,184,491,3
"-3nEHRN6IPg",26,266142,10697,389,1035,5
"qeWvgZLz9yU",26,265799,14179,384,1727,5
"AKstzozuLKY",24,265260,1942,112,52,5
"dJgoTcyrFZ4",25,265096,5109,1672,5676,12
"we2XODhx-CM",24,264975,5214,217,308,1
"3gTyF-wLa-E",24,264956,10200,142,820,4
"Aj5oA0YxCi0",22,264912,8384,123,354,5
"2iC9IGKIP50",24,264632,4901,81,487,1
"V84c6CqZ3dE",24,264383,17398,409,1948,4
"s1RxsMYi2xw",17,264249,2027,1773,1934,5
"e3UqLAtdZ04",24,264158,1919,309,673,3
"jyUNW5p8Yno",28,264153,8671,382,660,6
"VFnXRntc9XA",10,263914,7604,374,961,6
"fCuvR9LEczE",24,263464,1090,3158,992,9
"jVNepCaqJok",22,263061,5760,275,1364,6
"zF5Q4OhCVsI",22,262553,5869,302,732,6
"hgtR0o6OjjU",17,262100,1875,303,524,1
"zT4DJKkN_Do",26,262018,7749,189,1816,11
"lSSFuier7tU",26,261872,18057,266,1746,2
"w16w7CYwGbE",26,261810,3736,1074,1136,3
"vnuk6bbPXeY",24,261803,5846,177,363,11
"zjgZuuE8OVc",26,261520,19333,145,744,12
"GKUE2U2qlzY",24,261429,4470,62,454,3
"jGiqc3HSxEg",27,260902,13029,245,634,5
"lAaSh9DogM8",24,260697,25115,381,0,16
"mLuzmXLORSg",23,260580,912,89,140,10
"aC2FsJECyDQ",24,260410,5156,68,515,2
"YqC5loCFMtk",26,259404,10041,215,1025,10
"ReV1rHycYzw",10,259371,19679,233,1368,3
"oZYryYLYIsM",26,259179,11033,218,2454,9
"1JNxKJnPDAs",15,258887,2046,184,0,4
"htmLGVUqIos",15,258850,9189,99,478,10
"vkHGedqmIPc",22,258814,14865,281,1095,7
"iYGq_qc-hWY",24,258521,2940,224,366,9
"MJO3FmmFuh4",24,258506,459,152,82,1
"HfIgfy0HJHU",24,258110,6281,279,534,1
"34gHoxqZlJc",27,257992,9808,120,507,7
"aSO1gltbg0o",17,257584,1131,29,75,6
"wG7byaLSmFU",27,256786,10439,108,1692,1
"PABlVzeldaM",25,256760,782,98,793,4
"s_PNdnAwtcc",17,256691,3531,610,1608,5
"1ZqFDsq09H8",28,256018,7086,275,1038,3
"bgV4A0GGBnQ",17,255806,764,121,147,1
"t0N7Vv7bafU",25,255517,3560,268,435,6
"72Qahj0U0Lw",25,254521,1334,281,749,10
"pVgx8pYpwRE",10,254444,7119,195,863,1
"f1e0BPbTjvo",24,254424,1024,191,203,3
"2wbc8x-RHiY",22,254309,19631,62,1555,11
"GJjQl1q_jtE",17,254142,733,1198,198,2
"CbfnCflL4-E",1,253965,2444,437,1249,7
"yI2k6OKsSVw",26,253874,8854,175,730,2
"4_eVvzrTV-I",17,253623,3297,88,498,8
"phXTecbj6NI",26,253615,6119,729,609,10
"7BdizVgHf8I",24,253263,11629,112,2054,8
"k2NYfWKx1Vs",25,253075,2066,1838,3718,2
"s9STSzi4iPI",17,252858,8754,157,339,2
"KwBpwe-LqTc",24,252785,1684,293,290,4
"d4KL7vqhpWA",24,252729,7472,56,1462,1
"h07CnJy-SUc",25,252623,1927,365,1568,1
"-8ZHXaGILlc",17,252542,760,100,111,1
"r-7-bIXETfY",15,251742,6065,204,325,8
"AZ4sakIfXUE",22,251710,38887,619,2770,6
"aA6Z0x4rX30",26,251338,8844,223,1029,7
"YF6xzqOfCD8",27,251174,16962,76,634,6
"H5tK00zL6EQ",22,250852,15554,195,1109,6
"cZAryCaRE3k",24,250260,6550,393,878,6
"d_j512i2k6c",27,250193,5748,332,1197,1
"jyNFL5t2A-U",25,250056,2429,281,923,5
"QssLKnUk6pg",24,249973,4414,180,491,6
"t7Fa1GUf-LE",10,249897,9070,146,463,6
"-nbm90xAhWY",24,249572,7944,301,1431,6
"7kRDYwtE10Y",22,249314,15792,336,955,9
"wgqY-ojvNUQ",23,249264,5293,517,463,4
"OwrjBiW3suM",27,249243,9590,1267,3116,7
"ZUFRInhV4YE",23,249221,6236,303,457,1
"tXWHO14c88c",25,248968,3420,2842,3504,3
"GhHBfDK4lE8",26,248880,10385,546,1066,14
"b7FxPsqfkOY",27,248330,12453,89,1044,5
"66kn6Dcr12E",10,248200,24531,455,2122,6
"WeOwqu6gOPs",22,247842,10893,76,373,7
"K8rE3XR9z8Q",25,247280,7585,581,0,6
"HD5PT7bvcis",26,247227,4733,266,722,4
"fYo_ZqCFafU",26,247114,9924,205,1084,2
"4GUxd-4TUTs",25,247049,2874,3174,7031,1
"FaxqVBYVOVU",20,246989,8801,101,712,7
"mKpW_rj0tuI",26,246944,19564,356,1230,7
"msfPaXGuSbo",1,246835,2946,277,1541,8
"ForvnkfjtpY",27,246393,9071,113,670,4
"r5B5WmzdBKU",26,245989,7807,175,995,5
"ir8UofAKNCM",22,245735,10444,127,1101,3
"pcEQ5N0qGeM",22,245641,7805,84,583,5
"s1cpCfX-mgo",10,245625,7926,321,573,6
"5q4Z7HqxFM0",22,245308,11378,354,938,8
"IywiodrtyfM",23,245217,25261,180,1657,8
"X4Ul5vTJ-uk",26,245076,16178,240,1277,9
"EP06RO4INws",19,244593,4123,90,263,6
"OTEIbWy8AvY",28,244540,8454,176,1363,5
"CO9dIyNM_9Q",25,244532,633,174,765,1
"lzEctvL0vrg",27,244518,12488,95,1190,5
"hahlygBa6yQ",24,244228,19269,374,1486,12
"e_FmQF9yVIU",22,244088,10149,290,376,9
"ic1kMoM_kPw",25,244014,1103,872,1117,5
"H_4ESBLJXQc",25,243623,1504,223,1322,11
"dtdiFUwRQqM",25,243553,1472,436,913,4
"ri1m5j_yq8A",25,243470,1665,59,297,5
"pa_oUisZZy0",22,243412,7782,104,340,3
"E579ABhzXwo",26,243232,9530,203,953,2
"A_fUji0jTAE",23,243102,4570,247,679,6
"KBlmLfHSKFs",15,242805,6029,271,692,3
"Cs2Xr2b7ako",26,242776,14631,149,1158,5
"WD6ZMcLxCO0",17,242642,2169,177,746,1
"ChF_ypmiIs8",10,241991,5943,593,515,7
"mBbY2axJcWw",22,241832,2102,74,220,5
"rJfFxDQ-8ok",17,241784,3078,2018,324,1
"PLAFNvxDPMw",24,241678,6950,259,846,12
"zwEn-ambXLw",10,241668,8478,144,328,12
"h8ycmroFQSs",28,241661,8909,255,675,8
"5czA_L_eOp4",27,241476,9401,114,357,7
"BP9HNVuGb-g",27,241441,16851,221,867,6
"qVWzDX5NrhQ",24,241387,17351,229,1352,11
"RkHuWjiR-LM",10,241314,15071,186,1011,3
"wrPEjEqURJg",27,240955,8326,128,498,6
"hjZJaf6FbOw",23,240430,4153,99,312,1
"KU-v13ib_1U",24,240318,3309,221,275,7
"yLdav-8af6g",1,240314,13652,158,681,6
"QFY79W78ZsY",23,240282,14884,342,1918,6
"d6mBbyb-vIA",24,240187,1550,132,220,2
"YzTWzK2Ke5Q",10,240123,14403,273,3746,4
"vOEaiQ2d6Mo",24,240093,7848,69,164,3
"TBCD8PVL0Io",27,239941,9100,138,1405,4
"iASe_veKR74",10,239773,11786,169,605,5
"aliDVYH08pg",15,239592,7742,203,436,6
"JR4oPuV3CWg",23,239226,6932,341,454,1
"Pr6zjrF0Djg",17,239107,1674,156,574,3
"qgTtyfgzGc0",24,239087,4299,178,990,1
"aSKHH7Zqdjc",22,239043,9066,425,815,3
"IYyjBXDyYLo",24,238791,7035,363,947,8
"JiOXpKU7tWc",22,238661,13691,264,977,7
"0ufNmUyf2co",26,238483,7894,81,778,6
"kn073_61fpc",26,237862,14859,317,1446,3
"5beh5ztM0K8",24,237766,2948,535,521,2
"9_lkVzzd6rE",15,237310,11899,59,873,6
"IE-xepGLVt8",28,237307,1896,74,260,1
"PDZg4veidX0",10,237171,3424,268,180,7
"JBZTZZAcFTw",26,237111,2323,786,636,3
"IuYFvaNHJug",10,236971,10481,145,446,6
"h8FkbFoRCzc",26,236079,2613,341,706,4
"Q1INhRBrwKM",2,236036,9351,317,1153,5
"q20_MVdB31g",24,235853,11372,178,987,6
"67LnlgA_Too",24,235830,9376,581,501,1
"1iGBHh1q0Kg",15,235293,9939,232,1056,1
"t4NRe5NI5Gc",24,235293,7171,61,392,1
"cOaRPJQXFG4",10,235020,4249,127,236,4
"HVKuA1s5I3o",10,234583,6129,113,402,5
"HEuJgDU68wo",24,234280,1349,7,488,1
"avnapsraeXM",22,234260,5144,1546,1394,12
"W7a8qyJ5W74",23,233904,840,82,154,6
"UOHURuAf5iY",27,233867,13328,115,1515,10
"wOFuVNiAJQQ",27,233766,12070,117,1945,1
"TMuhw2tLN0I",24,233064,2966,56,219,3
"NSrNn5LuxxQ",25,232904,968,168,1812,8
"HOxylh5runs",26,232787,29512,669,4567,9
"s7JiyWfGIh8",17,232339,1005,46,135,1
"uFUHjJQIC_4",17,232142,6604,127,500,2
"RYs08kX3Ih4",26,232083,14766,408,1107,2
"v3hGUJJIjzk",26,231946,10381,90,539,10
"4Syrtc5aRBY",27,231632,5471,232,1035,1
"sXe2fzd8als",24,231513,5005,171,1449,3
"-1yT-K3c6YI",22,231341,7734,212,846,4
"z0UNp33SUTE",28,231108,3118,238,356,6
"O22GRZgcerA",26,230966,4475,137,410,2
"N-3NfWJHNhg",23,230733,2682,214,350,1
"VifQlJit6A0",24,230403,2413,581,2002,6
"XCrJ3NflOpE",28,230399,5208,37,417,6
"oVbqjIuZgIk",24,230165,3265,123,425,6
"vm3_34a5D_s",10,230092,12291,162,603,8
"SA5ZUHsst8s",15,230002,5187,109,604,5
"qaivW5joQrk",24,229871,1678,271,0,5
"x9e_8zRuuO8",10,229374,8025,229,1379,12
"DQDj074iEuM",22,229332,30,629,214,2
"uE_dSIumQ5Q",26,228646,8515,202,1142,11
"JZ6cvJVULp4",27,228568,9763,158,1110,5
"ORDHYULS2NM",17,227767,1899,168,611,6
"gTF8KYoJkMM",27,227384,11494,822,804,6
"fAWQ7qPsS3Y",23,227226,3053,1858,1274,3
"bqgVB6Vl-lI",24,227162,4836,60,268,3
"8sAApdJdG3A",17,226800,2167,123,1137,1
"e4FApt6z55c",10,226659,9725,400,1027,3
"ozkqm2ifMw8",10,226317,11702,125,471,2
"883Omd2YqXE",17,226283,2311,326,146,10
"rBUjOY12gJA",28,226278,6918,68,166,2
"IFasecLYzD0",19,226262,6670,122,490,4
"DW7LqkHzSwE",22,226192,4941,651,343,3
"HNa_UWX51_s",10,226088,10844,302,555,1
"w7WsuNNLcNw",15,225778,5418,187,581,4
"lJM8qqEy35c",25,225463,946,91,895,8
"wnwF1FHybDQ",23,225286,1731,193,206,1
"zxUwbflE1SY",24,225280,5770,150,1312,5
"9fe3ECuYWlI",22,225107,5466,468,999,1
"tXlbRhkQaVc",24,224803,6774,1050,1550,12
"puREqwXzyCI",23,224381,12946,1013,1841,8
"SFdMa3nk1pk",27,224317,5632,257,773,4
"eZFvbili87g",1,224115,8504,49,231,5
"5Kk5QxB9lWk",23,224031,17958,180,686,6
"HUZRjGEwqCg",25,223959,2702,1695,1202,2
"UCKC-QVcVn0",28,223794,14328,67,887,5
"8RMScghsI6o",27,223475,11180,491,740,6
"40zKzYxwaF0",22,223433,12960,298,1120,6
"24HFgBQawWA",10,223245,11899,510,833,10
"x25k_-Katf4",27,223023,8592,523,1328,4
"8dHNmfLJeR8",24,223020,2648,170,357,7
"qTJs_9Ckc60",24,222932,11108,178,606,13
"jYnEHDHp32E",17,222862,2056,43,242,8
"PrNRtC3XfWk",26,222653,9880,563,988,10
"Rjv1NlMiUyI",22,221932,15211,91,1810,4
"mFtsqERWiCA",17,221906,2931,95,914,2
"twdauWqqmrc",24,221837,2209,391,626,1
"upt1wHntDws",1,221773,5433,695,1955,5
"Yhea380bYp0",10,221395,18407,185,1298,6
"-yMXWp-Fh3g",26,221336,6877,219,1538,6
"KX0fOxBVMRc",26,220550,7015,224,365,8
"lbOXPpVejJ0",17,220548,1857,26,423,1
"VTVQUw1SJ2U",24,220428,1549,154,189,7
"DWG2mSSBi8U",24,220398,4541,638,2724,3
"8FqgrgVPvio",22,220181,12096,263,4746,4
"4b_tL3mh-Gw",22,220164,13681,207,2397,6
"czX0j3L2ZzQ",25,220120,712,229,1349,1
"higZGd1fU4Q",26,220118,7733,111,386,3
"nT39kZDAx_s",24,219948,12175,284,2813,11
"wQZ95eZQtBE",24,219805,5580,115,334,5
"S_5TyDFx6kc",22,219662,13280,100,434,4
"3IaL0li-LWU",28,219585,4512,903,4952,5
"5llHhbYjBwY",17,219523,3683,68,415,1
"s7zVYJDj2Ok",27,219471,8067,97,827,3
"GHV7esppYzg",28,219460,1715,76,466,4
"04aPsalAZQI",23,219193,9496,263,990,3
"VNigGwmovdA",25,218907,1054,556,1017,6
"D4pdh0eTsxw",26,218903,6122,621,947,14
"ca3eYxZedD4",20,218855,7032,77,487,1
"D2mxKEa2xmA",24,218721,7893,670,775,9
"SEikcs2SbJA",25,218669,1329,1163,3624,5
"ibUV-bxcCZA",28,218630,3433,76,186,3
"KODzih-pYlU",22,218186,7773,230,443,4
"olOdCkYIsrA",28,218006,5864,208,1052,6
"I92OeEHWmTc",10,217531,2279,213,427,6
"2yCp-Dj5-7c",24,216939,1208,128,130,6
"DUYa7rjRz0s",22,216921,12413,170,1316,1
"5Ad2pIlg3Dk",25,216743,3143,5143,5965,5
"GO_Jxa6dWyo",27,216380,11101,112,728,11
"mA4NVRV1FGU",26,216179,8130,526,769,5
"PCTVL5oKlik",28,216165,9378,342,841,7
"_QufBstcsrc",22,215775,2629,276,584,7
"6bJRu0_p-Ig",25,215732,1076,74,1249,6
"viRVFxvXSss",27,215659,14603,535,1640,3
"EaEesT3HO4w",17,215603,1051,339,907,8
"NfLVVJOuY5M",17,215541,12465,46,537,6
"SPJsPQBnA2s",19,215442,4012,87,216,5
"Mb-gOG-RxHc",25,215345,746,334,604,8
"5XUwdZkM6N8",26,215237,11154,334,1072,9
"1VJixjI_P3s",22,214900,469,290,100,7
"RzK4sqmgimk",22,214676,10683,69,362,6
"pVypbknP4A8",24,214150,4262,535,753,1
"rM7t9jLrNnE",27,214129,6010,898,713,4
"zHxHdNOuxgY",10,214028,19064,141,1423,7
"gvuvxLzUB-w",25,213764,2168,906,1101,7
"RkU4WWEUj-Y",28,213749,9427,102,1751,3
"_0p3gPzPGNs",22,213618,686,71,58,4
"XCz66YlNbPQ",19,213584,1878,59,195,1
"WKrnYjpmcpE",23,213433,11584,231,1657,6
"GrnswGtm_Sw",17,213423,860,305,367,9
"LkpZFd2pZqY",24,213409,2690,40,394,6
"76XBys_HXq4",2,213341,904,103,94,7
"symdi5KSJts",24,212992,7049,209,365,2
"D0N3qaqXymY",17,212416,1036,831,1775,6
"QDk-xa1oBXw",26,212335,8715,183,1671,21
"arv7U6cfD40",23,212075,12760,167,507,6
"W7SZmMW6Ow0",24,211723,6374,140,846,1
"Z00-9MhEw5o",23,211469,10587,107,414,6
"FY8T06A-j_c",17,211419,2743,3899,300,2
"6wuV4531d9c",24,211258,4947,56,450,6
"VUBxPuyUD7w",24,210815,5231,73,728,1
"LO0FwPXJbi0",22,210808,6870,420,982,6
"4a1TUszkMfI",17,210400,6762,152,1081,11
"p3Orma1SddQ",26,210223,7708,113,574,8
"hiGqKwy4yM0",10,210114,5845,196,393,6
"MVes87KrWvs",22,210065,23366,338,1075,7
"Zi9MkiQzl20",24,209868,1745,197,113,6
"5hEJsoDP2q4",24,209442,19069,289,836,2
"EOwWjoldNNc",25,209343,6648,5811,4213,2
"NuXHriwQB9g",28,208865,1542,62,190,6
"LUuJl490BL0",25,208678,931,279,321,8
"iXFApdQKYnc",24,208228,1524,73,0,6
"84hXRY0uwQ0",24,207902,2939,96,285,7
"OWYKrIKMO1M",23,207749,5660,131,502,11
"_CJN_ryETIY",24,207678,10372,69,554,2
"OgcqNuWfFFA",22,207648,7048,265,521,7
"MltuW2kcREI",24,207465,17136,152,2328,5
"gImQUUb8cU4",22,207308,17429,630,3218,5
"kDiJh8loTOE",28,207272,6802,110,603,6
"V8OUVHlpnag",10,207079,12229,71,1266,4
"dLRZTBtdMUg",10,206873,3362,128,144,8
"Dm9iTlsaie4",17,206199,1661,87,931,2
"zcEE8J2Bqa8",23,206126,22917,164,1523,15
"dx0jvrlV_EQ",10,205870,2834,86,244,6
"Qf24J2Twws4",10,205770,16055,200,900,1
"Ld57wNXddGU",20,205209,5147,57,187,7
"2mrOcJNPxEc",25,204915,1179,421,1025,2
"vNfkwsj8RpQ",24,204732,3201,23,201,1
"QaEx2A7p9Dk",10,204311,8544,170,388,4
"aaSEdxiITJk",22,204083,29947,133,1606,4
"JyVzPx4ecHA",10,203710,3797,361,639,6
"zg5lIBmmeRc",25,203229,503,332,611,3
"48GpQJX3kYY",17,202920,3024,81,526,10
"LR2edIotyE8",24,202879,0,0,194,5
"DjjBg8hTaPo",28,202550,7312,246,595,7
"GMOG2yY6pAI",28,202523,9442,154,492,5
"s9C8lsOE4ik",25,202107,774,413,1979,5
"razXGgVwSMs",17,201894,2292,2331,439,3
"tT-lTxhW7pY",25,201025,625,4786,0,6
"hlGm5tse8ek",25,201015,2146,717,3629,5
"xp0m08eOD5U",10,200958,6447,238,384,6
"YSVLsQ6VBdM",24,200899,1025,1384,655,4
"FBhVIhmh_N8",24,200610,3948,471,1369,14
"M-7Eur0G17Y",22,200246,7102,277,385,1
"TfHJJeiS-aI",24,199922,2013,55,147,7
"q1mE6MRHz6U",15,199662,7663,206,701,8
"2pVHOaT9CZ4",24,199604,6824,89,494,2
"4yG_k2Zlw7Y",1,199547,13027,63,888,5
"gk05IMU2RrU",26,199206,9193,335,728,3
"zzQsGL_F9_c",24,199041,1415,121,62,2
"pfX353Wc0GA",24,198533,2266,50,97,3
"tdfFoSC8_7k",28,198245,7924,104,386,4
"hRAGY4BaFQs",24,198195,636,1339,409,7
"0EQuVfP-vXs",24,198160,523,339,361,8
"6EHbZKLkeMg",24,198076,1286,272,637,5
"fVVS9Tng7C0",24,198051,4657,831,644,7
"iMg9ibfcBnM",24,197963,5260,1028,1171,7
"ILwBaXplwZU",27,197888,9054,244,1873,2
"NJu6uMYQWAE",22,197811,7427,240,525,9
"CvAQpSdcvno",22,196811,2888,58,170,5
"fSutgzDY_I4",1,196755,807,29,74,3
"nlIE1I6DxjI",10,196571,8519,132,433,6
"815lSYphlbw",26,196434,6305,88,762,2
"5vQcI9phkyk",22,196285,5754,99,493,1
"AGPMMAjBt6c",10,196212,1694,68,69,5
"T0R9gyvS24o",26,196074,6673,169,1477,4
"NYizLfEYKuY",26,195525,2205,148,231,5
"JSoLPm6a2yo",24,195473,1958,1232,1693,2
"VH4pgiB5xu8",24,195410,21967,76,2030,5
"C6Oo9Hel6MI",23,195363,12937,274,621,7
"ogYum4kWXgk",24,195143,5171,69,239,5
"G2JLc63P7pw",17,194964,2062,155,221,7
"Eg_kW5fw6qU",22,194946,9278,137,2803,2
"w0XYVssCKjw",17,194930,6466,139,536,4
"aLiZSrsNfK4",25,194902,2007,275,226,3
"n4GynhABYdU",26,194689,25001,103,1578,6
"EYLUUm9SLW0",22,194294,8979,542,1090,4
"B2YCf8dTkIM",24,194288,7920,147,858,7
"oCAbvclXL6I",24,194283,10889,384,888,12
"6nJw-jPQYVI",24,193832,1351,25,128,2
"CNBGEWRdeIM",26,193794,7547,78,824,7
"uKbtYvJd1Ks",25,193612,3538,2637,4051,1
"bAfn2duIlN8",22,193223,8141,302,1226,8
"-a12nTEcoqE",24,192909,2343,484,717,1
"YpnV0M6XTc8",23,192638,10752,357,770,7
"OzKmR5BLdbQ",25,192417,512,716,1206,13
"owndUjFYR8o",26,191712,8842,61,438,5
"6VrqR_GfvzE",10,191344,8982,415,899,7
"WXlr35jV3cw",10,191326,3067,287,558,3
"ZrP0Mqj9U_c",27,190451,9479,57,706,5
"GkgkP0ARxd0",24,190199,6500,401,541,2
"FYaxa4r-fRw",15,190140,5444,99,356,3
"vCWrArYJntc",10,189814,3241,225,141,6
"7keZTcdouoY",25,189594,6437,6441,4517,12
"xArN1yUcXXc",24,189308,2394,362,263,6
"VxWhgFU7nWE",26,189102,4759,59,176,7
"L9FA9U4s3Tg",10,189038,8607,133,497,5
"fcVjitaM3LY",28,188957,7394,75,680,5
"iveV0Q77gvU",24,188949,2201,297,758,7
"4zkWYYFvV6M",22,188322,4773,173,720,11
"DbIbchSteCI",27,188210,6197,123,437,3
"6dGqZmvDElA",25,188158,7726,344,778,5
"ALXiloyym0M",26,188155,7011,179,1005,9
"KXRYlfjlFLk",23,187987,3713,348,644,1
"ANDqRchWuMc",24,187585,9354,171,1349,5
"of_i4P9QwyM",22,187425,28177,157,2440,4
"Nl0iGMkxwcc",22,186912,5463,84,321,5
"MaTSyJDoxPo",26,186750,5770,85,249,8
"_feQprPLL98",10,186722,9773,41,422,5
"7bDvhiHoH-c",26,186548,6260,196,955,7
"glHNu91zUdA",2,186453,7332,279,2334,7
"XVKg8uPSb5s",25,186452,895,125,464,7
"vaIN1OLd6kQ",22,186280,4761,88,668,1
"FaJmopuuhZE",10,186119,4727,178,567,8
"n11raFYFfm4",24,186023,3442,106,159,1
"YOrIZowHR5I",26,185948,7934,404,1580,4
"ZBXZojt6dpM",27,185947,7169,227,440,6
"0-M5C7sQdGI",17,185891,5248,111,411,3
"iqQXwovaUJQ",24,185870,2843,48,88,1
"HHauPi8CS4k",15,185620,4052,346,525,2
"q57eQqq9-IA",20,185604,7938,120,1421,5
"9Pwy-cAf09I",22,185388,7081,48,798,1
"4IG0freUoog",24,185260,4958,236,381,2
"mN-rI2I0HaQ",26,184982,10075,170,506,7
"Zfpf5dnYA4Q",28,184944,2386,144,329,7
"mE5bohQxxx0",27,184794,6353,189,1983,3
"9VH4yQrU_SY",23,184579,2565,84,242,1
"r87aoVq4gZg",17,184390,1840,30,132,7
"GwKiyICIUO4",17,184348,2052,57,272,5
"gmfH2LBCdaY",23,184312,12436,170,1290,9
"pvg2cw5oshg",10,183509,4702,185,265,7
"y86ymJNswlE",22,183369,11717,92,548,1
"nkcy2nyPFDE",22,183242,3130,67,163,8
"aBza5P5v2-I",17,183106,2648,59,244,1
"Hl6lrx2O6WE",17,182783,4403,199,1610,5
"OScBxa6FpCk",17,182650,5994,76,725,3
"jCVkaZChKmc",26,182333,9629,90,572,2
"DuRobNfQK5c",25,182200,6315,402,455,9
"-L4RYm9Tq7I",25,182121,4982,160,1968,5
"oiAe-vck-sc",22,182113,14843,81,576,6
"CefAPPIkB8E",17,181929,578,125,173,1
"Pfat40RFnc4",27,181739,5600,230,711,6
"SJNdBNxNGno",15,181521,6742,179,771,7
"I-FHMnfORbo",26,181238,11511,252,535,10
"4IsdxwBMX1g",10,180919,5137,2646,1158,1
"Qf1xyI_iKWA",22,180713,9225,352,1180,4
"6OSySP61QuA",25,180711,1667,418,1082,1
"LMCuKltaY3M",10,180606,2400,159,239,2
"ONI_06wGbsQ",24,180546,29537,48,2409,5
"7xN52zQzYy8",17,180238,511,594,456,6
"iHcfeuGYuzU",17,180184,628,177,217,6
"zq0T7ye-Pn4",24,180064,4275,164,395,1
"Cr9oGxr0Qa0",28,179948,7725,105,1007,6
"xGcrvGTMgkg",23,179803,2994,152,430,8
"lM0yu7c6lQk",43,179723,4763,247,1998,11
"eV03W0mnxkI",28,179374,1116,163,142,7
"YsufMtUOXtI",23,179345,2975,86,199,8
"yyr51Kznab4",22,178900,4152,578,1254,6
"BGszdLW-VqM",26,178765,10218,137,903,11
"mZ2qbwvAVjs",22,178717,21476,177,2136,11
"nlHkUuWxDks",24,178512,2967,343,494,1
"Q1EgRiVdT5w",26,178433,7481,249,342,6
"ZpS-w6BxN-U",23,178325,1641,83,178,1
"xg9ebVTL9yE",10,178313,9072,98,656,2
"p6cInZvsPPI",22,178163,11982,227,997,10
"G03bNA-gpXE",28,177892,939,374,793,2
"lzgQrHFDNLE",27,177648,6932,786,697,1
"NWQqJDGo4Z4",10,177640,3250,926,1297,8
"wqS9QwOIH3s",26,177613,9578,100,433,4
"Ho8Q_ebYgZc",24,177269,2220,206,372,1
"iLN0_ghe-Tc",24,177098,637,26,72,3
"Z0JupszeKIo",25,176993,1410,304,687,6
"d6awT91VKUw",24,176914,1853,201,245,2
"fRFCXQ3HgdY",17,176838,1069,111,416,4
"p0xyhCn0Eow",24,176835,4889,100,252,3
"133w0dT64A0",23,176811,3640,154,200,4
"bPZFQ6i759g",28,176709,5043,223,746,10
"a2Whkq4rClY",24,176548,6993,102,1388,4
"XKSHDDBAd1w",17,176461,1898,2030,249,2
"9DjgOFSBJYc",23,176448,1735,197,135,8
"XxBr02E3C0k",23,176254,2550,135,158,1
"TsYGNNPQ3ZU",24,176140,15955,178,1586,5
"2aThW4BSdbQ",22,176006,12056,79,1203,1
"Y6eKxjMA9ek",24,175852,15909,200,852,1
"RWzZeA2GMsk",10,175842,10411,133,505,6
"p2JpSCYQKFs",27,175566,4900,617,398,8
"Ho-QAgN6hHA",17,175545,916,52,167,5
"yXLo4iOb3GU",22,175541,22785,152,1771,5
"FPHrWxxw9Is",23,175400,3000,134,208,1
"HwYMsqONPzE",25,175106,951,652,1746,3
"JgByDCdtNE8",24,174569,5616,74,497,1
"45tSUnisIos",15,174504,11738,78,1093,8
"Qp7QJpLhOs4",26,173997,5853,116,440,8
"PaZsrAi6iJg",20,173700,2874,109,395,7
"l35LGiJmXNs",25,173696,766,196,1216,2
"FhhlMSpvCQE",26,173562,4101,150,135,6
"6EF4zRMfrlk",15,173330,3792,422,574,6
"iyjqs_1Nhr8",24,173210,6356,424,1536,2
"JoqBlEBpg9s",28,173088,7169,170,887,9
"FGI7iaAIN3U",26,172879,2986,343,745,3
"AJYb0Yom5UQ",23,172587,379,49,199,3
"h-nmLbZorLE",19,172551,578,13,30,5
"Eq1BuMoTW7Q",26,172367,6047,362,949,6
"W8mkksk1Ouc",22,172301,12038,81,700,8
"ui05f6CoIxA",22,172224,15507,74,629,1
"i2ZHwnKVXK0",23,172205,5474,91,366,7
"2X5fG1A4kuc",17,172027,1548,59,294,1
"z5JQMBcVFns",24,171899,1308,47,58,3
"Ali918UJSpU",26,171554,5981,250,794,3
"Lok8svIS218",22,171518,6303,331,795,6
"uxSAnJsb-SI",25,170637,1660,100,375,5
"Vkuj0IaeH3s",25,170325,1752,192,929,6
"aVpvVq_yZLM",25,170075,696,849,1257,7
"mjBIsBPG1N8",22,169977,6152,150,315,4
"ZeGNvhAsUW8",10,169934,11759,305,894,5
"wgiW1uFZYr8",27,169915,7518,152,793,4
"LRrzLpfdY1g",10,169750,7080,69,361,5
"XgbFJUpbk8A",24,169684,1680,277,688,1
"RZfqUAZddmk",26,169610,5146,143,639,12
"u7pV4vxD1bs",25,169511,57,59,79,1
"CJUgcgFNNWA",24,169130,4295,300,872,9
"NwhkN7Y0WM0",19,169025,848,55,124,7
"GBhrvR838Ag",25,169022,1250,705,1169,4
"JTof-eIChUA",20,168969,3545,150,632,4
"getVCtn-4Zg",22,168913,3563,81,162,4
"fJJBAwiOjRI",26,168910,10519,321,3579,5
"hlrvK4xnLKA",26,168909,4771,238,512,9
"JnepCulEQOo",2,168863,1181,282,255,11
"sOIBkZsGb0A",23,168118,5670,399,614,6
"dAOZa7JYnsw",28,168103,5424,49,275,9
"JDnfux-fSJU",24,167733,13662,272,538,5
"d6hso-SroWE",17,167556,2887,260,1424,2
"MYdqaxZndzE",10,167110,2883,90,203,4
"hIcR65h2GDs",25,167038,1180,135,673,2
"Djxjmq9pvrM",26,166906,4418,226,399,6
"paNVYGfGrqI",25,166627,539,144,510,4
"GTSjDaoZcAk",26,166418,9951,2014,2297,8
"nt7b-Qp34hk",23,166137,8651,43,722,6
"L3br0klRqF4",25,166097,700,347,557,6
"vll33KEoCcc",15,165612,600,9,55,2
"tBnIH8xPyZA",26,165560,2428,336,556,4
"HuG2uAWVlP4",24,165494,3487,238,512,1
"8bXF29AeVQc",24,165337,5717,212,613,2
"GAkkKjds00o",28,165223,2452,265,0,1
"A3_c-aSZF5M",1,165175,546,68,119,6
"Bxhew4TpiAg",23,165099,16661,518,2451,6
"weebcQPRGUE",15,164817,3475,57,389,6
"PCRgGZXDGCY",17,164241,429,35,343,5
"2Xyf_PCf7lc",10,164062,4496,94,91,5
"ZDk03lHV47Q",26,164028,6597,357,556,6
"Z7GkGeZrb2Y",28,163781,9709,165,844,2
"76c_nxhuVdM",24,163780,826,10,167,1
"5xrks9k3feQ",27,163727,2740,155,445,6
"FtB3YSdLQR4",24,163472,1383,227,319,4
"SWUrl7FpkAo",24,163440,13142,75,704,6
"kKFNThEiilU",22,163043,1456,396,621,8
"3yt4JsB9psg",25,162868,1966,933,1055,4
"keD0IJP4Dtw",10,162864,9526,183,761,6
"51tc6o12uqA",22,162834,5691,29,680,1
"tgGJhBTVCW0",24,162444,9061,197,885,5
"0XtCnGT0B20",10,162087,7293,92,644,2
"eOcJ27xT99w",17,161543,2765,113,658,1
"TMfStd3v330",24,161460,2266,440,480,6
"BuFrAmdWveY",10,161456,4724,71,138,2
"lsfzA7sWlOM",20,161231,7803,169,1479,2
"vqX6fkty-WQ",24,161101,18308,64,927,9
"bUijOzaPfr8",22,161060,8392,428,1058,4
"37z3bfXu3BA",10,160892,2583,147,200,5
"342Cqk9ew58",24,160571,1646,1287,904,3
"zYWt2mnalP8",24,160477,8388,691,950,1
"Di4QJUCElgs",22,160409,20169,80,2799,5
"-rZkKvRZ0UE",28,159575,1767,76,225,5
"wJh-jurxmGQ",24,159532,789,92,0,7
"0FBYDz1_EPs",17,159410,631,160,190,1
"f45Va7jMSx4",22,159384,4667,187,281,8
"hYip_Vuv8J0",28,159322,5490,291,811,7
"q6xkWA0Qi98",23,159248,21842,168,829,5
"CUnRQYS6xqo",10,159168,4546,268,1791,4
"_CZHqpIpN4k",24,159145,6373,247,785,5
"Ay420BlEtb8",25,158778,1334,676,677,1
"rll790aP60Q",10,158541,1890,97,304,6
"5xvOk7fo-K8",22,157975,1950,81,136,6
"IUsFWiE0d20",22,157819,19559,52,1962,8
"KhdecX0qjNA",10,157522,8012,85,286,2
"cntsqw7XOF0",10,157137,6968,349,486,10
"eHIY3HNNqzM",10,157037,7800,96,326,2
"MZlakv7Gq3w",17,156774,1849,95,291,1
"9o2FXVhjLyY",24,156712,2456,191,734,7
"2P6dG-csseU",27,156669,8019,126,1015,1
"ty-AFKiiTRA",10,156494,5422,87,485,6
"uwQX7nz0aUs",23,156425,9888,634,776,10
"p3MjsrMNCbU",10,156243,7399,92,761,2
"F7jcFXTnBiQ",22,156242,8713,45,977,11
"fKrrlVdFFrw",27,156176,7407,162,1064,2
"27GV1PS8_Cw",25,156114,1737,218,1076,5
"cY-fuk44Lu8",25,155923,1023,96,636,3
"n08glcqdMRY",23,155701,11043,375,2437,6
"2VP846QcA_4",24,155533,4621,233,451,2
"zsbT6NMUrSk",25,155341,1263,99,571,6
"5NHxDBPxPGI",26,155176,7675,74,2081,7
"9qRqfWJ6ONU",17,155126,6646,121,301,4
"wQFsKrYLd10",22,155058,5383,65,272,8
"7FceZB6qMiA",17,155006,2607,43,832,1
"i0pmuBLUvmw",23,154731,8963,70,1063,5
"hYOa56nwx5Y",27,154559,5552,58,587,3
"Hkx5fveyjIs",24,154432,1377,124,131,6
"98QDI87DdcY",2,154363,2603,324,485,8
"Bju5Enu--80",10,154250,15228,79,818,5
"aD5dCMBeySA",22,154224,1584,63,272,8
"mcqWcLDUeag",24,153341,477,200,92,6
"HicAnFGE9bA",27,153263,5735,108,412,6
"B9127l-xpdE",17,153186,1395,72,185,3
"swlpgKzTm2Y",25,152933,2728,2704,3426,9
"zIiIcjfA2-I",27,152916,902,73,118,5
"T9KTTP7jrBo",10,152796,8154,392,612,7
"tymvJ8wowG4",22,152598,7530,113,481,5
"Eouvsy8JdLU",24,152533,5224,228,874,5
"Hj3zmfipxqk",26,152388,6146,183,625,10
"bSYNEkkuhoA",23,152062,6304,287,578,15
"lZ68j2J_GOM",23,152001,9020,244,360,7
"6vgGGAm7ANc",22,151902,2676,37,239,4
"BOQ-wZQhZZo",24,151767,8473,63,573,1
"zG3PLW534Wg",22,151744,5964,90,579,7
"cWHAsCWry8s",22,151742,9245,72,1330,7
"rL4WkebTT_U",24,151709,9210,71,1103,1
"Lok2EvthO-U",1,151626,9040,270,327,4
"5Q7mKQmNWSE",28,151563,240,167,414,7
"9O4WaQ1zqUE",24,150991,746,758,522,4
"h7j9jbe_pEs",26,150990,7429,302,331,8
"AMiXme4bMUk",28,150908,7092,127,924,5
"XsVy4ImgM0o",10,150880,10110,110,669,6
"bjG8nKYCEBQ",17,150691,2790,68,583,1
"PGH1V_yZq7k",24,150617,1315,395,247,6
"a33EuuqAP9U",26,150229,3529,271,574,2
"0PW9MWDWLH8",22,150117,11143,64,899,7
"r5JK6eEHwIQ",24,149962,1067,127,1866,1
"Sl-NvOZ23m8",22,149879,19909,127,1315,5
"u5Jw7D-c3II",10,149873,3374,85,201,6
"7NcVNt7zQJM",10,149801,5575,127,320,6
"FZjexxJ7lYM",17,149770,1577,41,432,2
"GFGVhIhEZJg",26,149550,6865,116,555,5
"aAm6AHr14zY",17,149257,178,26,102,4
"yYeSzy30h5k",24,149034,740,58,60,4
"k_YtadXMmD4",23,149005,351,6,21,4
"yejbi6aD8IA",23,148963,2227,183,192,1
"X9QiHlEC22U",1,148686,7560,737,2405,5
"1QR-GsZkE3E",24,148659,2325,136,197,1
"U22EEAK_VLc",26,148590,5182,169,270,6
"v23_b_V6beI",26,148207,4460,199,460,9
"q8fuvWLje8M",25,148054,725,135,469,12
"Pa3ao2TVn1A",26,147863,4030,115,374,9
"hz7ukDjuq4w",24,147851,5319,171,739,5
"JpoUN_A12Eg",1,147740,11601,2805,6440,2
"B5gu6o6CIDA",26,147586,6294,413,806,7
"LbW-bMToXqo",10,147383,2678,155,257,5
"viyRD5z6ilQ",10,147193,5405,151,395,2
"4uvDgYKLgcU",20,147003,3164,375,1124,5
"wTiDluJ4Yd0",24,146812,5936,1133,1096,1
"Mn-3c6of8t8",24,146752,6988,543,1167,6
"zg4Xg7_u3sE",27,146681,6011,389,624,3
"KwnnwRSWz4o",26,146578,2280,467,687,3
"7FgazlhALyE",17,146536,1691,1762,250,1
"_CFJ1u-DIBc",28,146505,3208,351,641,7
"41kp6qN1Crg",17,146487,2270,25,65,3
"VQdKe6_3PAU",1,145560,5114,232,670,6
"VNqrILFD5h0",24,145442,653,218,168,7
"AV5TOlGFHk0",28,145213,4314,435,3769,5
"An6cskMsG7c",25,144967,987,120,521,1
"LTNOYZ44ywM",25,144773,430,199,330,8
"PkRBTF6nt4E",25,144694,1012,588,288,2
"LTyKOzyqyCM",10,144594,6215,194,447,4
"hf_YjzEvYeQ",24,144521,3498,322,522,1
"76LcOD4aY-o",23,144225,281,11,21,4
"nzO5ViO_y8Y",28,143706,4196,72,277,7
"SipouoqLyxM",10,143696,3726,111,904,4
"LtBpvxdI1yQ",24,143619,1163,43,120,3
"7J4nN0Te9m8",10,143097,2070,236,87,11
"PLTC0h013S0",25,142825,1437,726,486,7
"w8VHZAeItno",22,142653,5509,28,433,3
"ofVf5AuOv6U",25,142590,682,389,1450,2
"hZJDAJDD-uw",24,142548,5178,336,897,7
"cclI_B8TYdg",25,142414,731,581,746,4
"Yzx_tSlifIw",24,142387,344,111,1,3
"5SuDuzAtUwA",28,142380,2635,307,288,5
"0noUI5HLY4I",23,142281,10645,280,1350,7
"TSW9cla5bmw",24,142076,1942,87,203,7
"fPeQR-_JBzU",1,141954,10711,95,674,6
"O8pMkVg0O20",17,141917,2081,56,474,2
"i9EyFghIt5o",27,141741,5761,352,961,5
"OG6qjAivguw",23,141696,1460,123,201,14
"PH3lTEhNkUk",24,141586,1754,99,187,2
"fwmhiqUPa28",24,141579,532,27,37,1
"PE5wExUiazo",24,141520,2611,925,546,7
"yxFdue1dCtE",17,141492,2025,70,292,5
"1M5r_B1_WZ8",25,141473,811,172,521,1
"X5YJU6_Mfpg",24,141366,15728,37,1734,7
"ijJPFowBsBc",22,141308,4455,169,327,3
"4L43VVORo5c",28,141287,6629,182,693,5
"RqAFeV8Bosc",17,141052,776,70,411,1
"MJGkm0UwNRk",24,141000,4625,81,546,1
"caN18WcW5XU",10,140887,1659,41,127,7
"XT3gEidTKAc",24,140815,12313,193,891,6
"FQp6F0PjfpI",24,140520,1852,33,113,4
"V1oBoGdrVTs",17,140517,1672,183,147,2
"Oc27GxSD_bI",27,140445,9466,106,706,5
"ee24QB3o16o",1,140354,523,41,85,7
"nIne06IQd_U",26,140011,4481,231,744,5
"3Z6kYVQC83E",23,139989,9122,120,772,1
"lJmDmfQOWVw",22,139884,8909,164,473,7
"Nt4tJHp27u0",23,139393,8735,181,1061,7
"o3_jM-Ccb9g",26,139263,5225,215,444,8
"j7I-d1B6HwE",24,139186,371,124,88,6
"JWAvRIpuj1U",17,139068,0,0,0,7
"OvHskUT3XTI",22,139039,3206,259,596,10
"vBdxi7-_HKw",22,139026,427,93,51,6
"BIPpvsf98wI",23,138890,1393,46,120,1
"txHbh2PAeV4",23,138674,1906,50,143,1
"u6GnElEnaqQ",22,138539,21772,77,1267,5
"cAamrkLjIuM",24,138073,4263,137,329,5
"Z3OZyb2iWqQ",24,137860,1950,64,136,1
"TSqwDQHE1J8",23,137749,1145,61,131,1
"5Js4TMKutCo",25,137034,1265,1008,1736,7
"kIUHDwn51y8",2,136837,2504,39,505,4
"akTosGXl8pI",24,136788,883,496,566,7
"pWZnhJay0Y8",24,136109,2479,573,1243,7
"IUmdcd_8Vwc",26,136047,4604,158,531,6
"IKCcW7d1tlg",25,136012,1869,65,399,5
"_AghmSP95nI",24,135928,1368,110,768,4
"q9bGAAYR2MY",23,135565,6425,245,498,8
"doFpACkiZ2Q",24,135325,1472,467,395,1
"RCRVve3V1IY",15,135263,5956,161,934,5
"tDT-a7fh5fc",17,135158,619,98,386,2
"SCPkXjwSWCY",26,134881,5954,304,602,11
"eenl2f0o6AQ",28,134806,7506,88,1450,4
"r_HGFvrw5nQ",23,134740,9652,90,473,3
"cQtYcpRGGIY",26,134436,6563,137,348,12
"r96KpNTcog4",23,134372,7979,80,310,2
"fy5hua8oEVQ",1,134146,1515,113,571,6
"U5sCjnezw4o",25,133758,781,94,308,7
"WhJIUtMK1tU",24,133049,6173,86,571,11
"hPmBSTgBmes",22,133030,7281,777,571,3
"-t1q78GYNww",26,133022,4995,238,1138,5
"1UpvW5LiE2k",17,132889,2660,53,65,4
"uLY6Nypmk1A",10,132872,6937,246,789,2
"eBnXbImHX-g",23,132724,11492,121,1164,8
"0xCggNCs2kU",10,132580,3480,165,462,7
"XeLIvgsYdFI",24,132283,10987,488,3301,9
"o4fHlldbRHo",23,132189,8215,103,508,6
"mlpS-ph8-Ec",17,132029,5926,62,507,2
"oKuPJ7zF0_k",24,131860,2061,65,83,3
"74LFfWHc0oo",24,131431,7069,787,2277,5
"mGAdg2lB6nQ",10,131240,4082,1693,1099,5
"IqutUA3UOuw",23,131168,544,23,32,6
"apRvFNM5Vps",17,131141,2821,39,445,7
"uz_JyfyowQE",20,131055,1689,216,508,6
"8J2q99ApzGs",24,130998,3853,62,434,4
"1eKa8ju_b2A",23,130817,3464,2442,973,2
"6hTzM1BPdU8",22,130778,5684,53,737,1
"o21-6NnDmzY",24,130626,832,533,172,7
"3mRjN1Focog",22,130546,4736,64,553,11
"5iVxBDPlbc4",24,130481,5721,75,564,4
"b7rYRGbsMW0",25,129538,1394,541,1591,1
"dPuULksBPcI",24,129466,656,258,250,7
"AaALLWQmCdI",10,129318,9577,103,1498,12
"zuVxgSvyffk",23,129312,5207,292,283,11
"kVVtBDaY8i4",1,129207,4440,569,1254,8
"f7kPSYWU1JA",24,129124,5077,100,128,4
"aHKzU_rXdw8",26,129071,12681,83,789,3
"J2kNt-PHayo",26,128997,4215,96,345,5
"oxSlLYC_Exw",17,128551,2328,34,50,1
"LlQdOHakvHg",17,128413,1725,257,156,4
"0vXLU9BnDPc",17,128412,3241,48,154,11
"faxyAEMDNMg",25,128309,1127,155,836,1
"FZ_jNGKCIWs",27,128287,5310,490,1624,1
"KORiXf-u21Y",17,128236,681,37,85,5
"tG4Fbj1B1bY",24,128002,1939,253,266,5
"t50M1CM7E8s",26,127987,2170,280,409,9
"q6xYUHb4B1k",22,127940,11839,150,1358,2
"Upems4CB_ps",20,127640,696,52,233,2
"6A3cHzFQsqI",10,127623,694,7,104,5
"uN9zBcweN4M",17,127525,1094,43,414,3
"uTH--XRCGxM",24,127404,3869,56,111,2
"2jP6MFBXFaA",24,127055,3028,50,219,6
"0DVNtFA-_wA",24,126986,2873,1474,352,8
"S7kG641iA_g",24,126634,4757,91,511,4
"8U-7F0QfLCE",2,125806,1851,96,635,4
"-HrakxB4Klo",28,125684,3948,200,1692,5
"BHuH-vySEMA",24,125227,2097,63,109,1
"XcUiOyKclOI",10,125128,4623,49,305,7
"OBLeg0CvHek",28,125052,3004,64,460,3
"Bn02bclCu5A",24,125045,2437,265,1024,7
"_JVdoEIbKio",23,125001,16368,171,934,4
"R9c-_neaxeU",24,124948,5933,50,640,4
"GQ6cKZ3Zf9A",26,124893,4868,61,379,4
"2RYxblMkQ04",24,124022,212,44,63,1
"6k1TQ59Yj5s",17,123990,1417,101,360,2
"jHvSF0njyvc",25,123828,1891,57,447,5
"aobdrJr6UaE",26,123804,4136,463,519,6
"1WRUGR-glbQ",26,123452,5730,78,342,3
"WPkIJ5qlEhU",26,123372,6336,84,464,4
"luZEZgZNFAg",26,123251,3601,149,400,1
"ixMqVcjsSVM",26,123174,4393,76,668,5
"wPib0uRFmC0",28,122974,6200,41,401,5
"OKoL852K9uA",26,122772,3912,298,403,3
"3pTpz76vZfc",10,122710,5977,258,594,5
"CR9zYgr84QY",26,122669,5723,55,263,1
"0mlNzVSJrT0",22,122634,2908,210,595,4
"S2Cq_TpNXoQ",28,122477,3997,204,431,5
"q_yzyuYDhVw",10,122462,6794,114,330,2
"3Mg0SCxwvMo",19,122396,4377,163,625,5
"Zn99TMv0vac",28,122141,841,250,100,6
"tgHnvbYlW2k",19,122059,328,27,22,3
"E_86MEdNsAI",24,122054,7081,103,893,6
"5VGxDEh3F0g",1,121892,4254,138,344,13
"g8GJV08_pRU",24,121445,3079,113,270,5
"aDl6SGTkomk",10,121390,1685,161,197,5
"6CPUUjAlXrs",24,121344,989,27,118,9
"0QOPb9DlOfY",15,121157,1951,110,162,8
"8szK9FBpdPI",17,120802,1131,92,642,1
"B1Kitc6cMXw",19,120441,1080,272,320,8
"MtFjRvKfv70",17,120078,1576,63,147,5
"o495cZqcvAQ",25,119784,393,88,0,7
"7Bgj9c48zHU",24,119519,13367,104,4295,8
"Pxf8Bf1V0is",24,119271,8535,76,673,4
"8LSpT5xF3UI",25,118930,1078,67,89,7
"Lgdc2t_CldQ",17,118865,2038,58,416,1
"ZWllUdFLzXU",17,118291,1253,134,413,7
"oWXR-6YdJ_s",24,118269,436,12,0,4
"oWdLorlbhfU",24,118151,257,400,343,8
"7ZhaNwZbco8",25,118025,1810,4392,5192,2
"-Q5pHm2Cfq4",2,117973,647,51,56,3
"2nSXgn68gPQ",28,117924,1262,201,78,5
"7iksIsZOCBM",25,117464,1011,113,465,3
"eRphuaJ9iJ8",26,117072,3824,201,287,6
"GtzFWqiVzW4",24,116925,649,147,417,5
"Yq4_YocuVeg",24,116657,2162,47,207,3
"pmS2oJQ8SIs",17,116336,441,233,229,2
"-hg_VRwS5RI",24,116082,7449,72,1248,3
"bPj2fbz0ZgA",24,115949,1791,125,285,1
"a9B4AgwYG4E",22,115838,14621,293,966,6
"OVa-sqcDYZ4",1,115629,6043,303,1914,3
"ufOnBRXy3Pc",17,115141,4886,19,213,1
"ETabBP9tUD4",23,114967,2783,54,201,1
"Qj7DVNDb7To",23,114923,6490,78,4216,5
"2--Pg-y3xNk",24,114865,809,570,370,6
"tVlb8rVs7kU",26,114753,7398,94,529,6
"IbVR4kzVQrk",24,114696,731,130,162,5
"ajBJamgZ2nc",24,114518,1721,43,141,1
"HUV1unZsiKE",25,114424,618,288,977,2
"cAqmb-Pz4iM",25,114280,888,72,440,4
"Gjs1QSa9fpI",26,114266,5555,159,621,5
"tYFYoLEO0dM",10,114105,621,2,45,2
"pb7CBZ952zs",24,114012,1191,125,139,4
"xegUPsJaUKc",22,113748,7451,109,435,6
"w7HJZPlJn_U",10,113584,1905,32,101,4
"HDJYRLqTUjo",26,113493,4842,101,946,3
"FlIaRLXIHKI",28,113213,2183,119,187,3
"0IC3II1i5yM",25,113169,1678,485,628,6
"e_7zHm7GsYc",10,112866,3643,112,137,6
"HSezK15Ewdo",26,112510,3885,66,257,1
"XXXqaYls50o",24,112385,1497,10,212,5
"RjujNLl1jyk",24,112376,2788,158,247,6
"v5QCBkrbuy4",17,112207,3548,109,419,5
"gC3Y7SowqwA",25,112160,171,45,339,5
"lBHPVE3AI6Y",25,112077,438,46,572,4
"JqIkzS2wSz8",24,112034,3970,36,470,5
"CW70dL5430c",28,111950,2268,103,268,5
"Dm1tTSZHj8Y",27,111619,4993,291,941,8
"Q11GPMvTxQE",25,111349,662,72,611,2
"DVAMKnfrQBk",25,111077,567,38,102,3
"8uvIPHtKoQQ",24,110985,2776,531,2329,6
"8dsf7S5GO1U",24,110750,1987,120,182,1
"rRsstfoKQeo",23,110590,104,5,10,4
"sw7RElt-SvE",24,110360,2054,94,198,6
"2v34qDKvLqM",23,110339,1351,41,133,1
"fQTVpWxu570",10,110338,4173,222,276,6
"VRHhT9f6e0k",1,110072,179,13,31,1
"eHEwkvFFBII",17,109740,287,15,150,2
"bOzOMmHlQ3o",23,109733,189,30,21,7
"rTMgDNpXPto",19,109525,1162,92,238,11
"U7x9pTb9Lwg",24,108967,690,25,46,4
"VMRIc4ayRlM",24,108845,3131,477,3530,2
"S4vKQbpOn5k",1,108662,5878,425,1630,8
"jjEmFB7zY4o",17,108591,1758,43,69,2
"TM8hwHtWSJg",24,108463,3220,457,631,5
"PKP8Mimj3QI",24,108402,630,232,237,6
"CBVGjS_EJok",24,108297,232,184,0,5
"AHIrklVaooQ",24,108116,4195,68,613,1
"XrDlDj9DfZs",24,107919,1440,90,154,2
"9-2FS7XpTh4",17,107907,359,72,292,4
"MnKbM9Zxtn8",1,107735,586,219,130,10
"HgjVWV0Uw3M",24,107574,2787,322,1212,7
"QB6TuFGuxj4",24,107531,1705,55,248,4
"f3cpQZ5qvg4",24,107390,2305,168,428,6
"dVNZYskqdEc",26,107255,4092,74,165,7
"we_Cs4Q0P2A",22,107120,1379,90,130,7
"ZEWi-0Q_bpg",17,107113,965,71,575,2
"_SbotS1p4yg",24,107053,2709,67,644,5
"f13X2hLYAhk",19,106973,1902,41,681,1
"65MWN5yKU0A",26,106781,3125,187,206,11
"gvZW4Lh-8Mc",1,106731,190,8,32,6
"WTyNJOXycQk",15,106337,5386,68,1063,2
"9U9N7U2XdcI",24,106333,2658,65,254,1
"vfqeeScKVyc",26,106324,5113,136,588,4
"NeH_wFJ8lZc",23,106288,1384,42,157,1
"wHedpg7buow",27,105973,4789,285,602,8
"koUB3vl737c",25,105911,430,322,1058,2
"QUDYmBTrudU",24,105681,8012,437,477,6
"Mmkf4zYlW4E",24,105270,5186,83,387,5
"XPVxL-YUOwk",1,105240,2445,79,280,8
"IfdihPR__WI",22,104929,2461,52,236,4
"vXi-FfoJsxQ",22,104822,4485,136,613,5
"DIM6F38ITsY",24,104773,4056,46,292,5
"bJNnsAmNoUc",10,104674,1789,157,127,7
"BLts9UN_K3g",20,104480,4570,87,459,7
"Hq4jk71B1Hk",26,104249,4553,400,1285,9
"QRl9IO2ORGE",22,104235,13220,70,671,7
"ySBjb4_JGtY",26,104200,5295,52,184,6
"YOxo2IUFnr4",24,104073,1770,56,88,8
"o8m2kXgCIMc",10,103901,3834,123,165,4
"tclPO3kOlfM",24,103742,692,506,400,1
"1I0cUTXwr-k",17,103478,4689,385,1041,4
"TSiwIl_aLT8",24,103161,2845,85,313,2
"2B1sY4NecnI",25,102834,873,276,1569,7
"F0rXPrnC_Ps",24,102804,4635,82,355,1
"HBS9783c0BI",24,102639,3218,1085,475,1
"-hg9t3PdhFE",22,102560,768,1452,1232,1
"5SNX4JuM39c",17,102105,2384,56,322,6
"NXkNF-3Sr24",22,101737,9730,49,609,5
"sgT2Ozn17_c",24,101636,4153,293,629,1
"pxk88-K9mGQ",28,101525,558,1115,324,5
"POcPgCMwYGE",17,101289,1767,33,224,3
"fKpCAZy4IXg",2,101082,208,37,113,4
"mQ8sFRuDyiU",24,100896,2618,82,161,5
"Ra7MMVEe_s4",10,100888,3680,77,164,7
"qmYcbgJBv7s",24,100812,791,115,66,6
"LTWh-i-iJqM",24,100786,3257,193,656,2
"tvs3yvEcARA",24,100757,3331,28,387,2
"ZTwOsL-pVzU",26,100613,2870,116,576,2
"li5fmOV33hE",17,100291,589,78,183,8
"feh8CkaPkr4",26,100264,2040,237,452,1
"qEklBC2BQig",24,100235,2992,30,299,8
"pjuPpVLXDQg",2,100120,154,15,48,3
"qC0I5PEhkJo",17,99999,143,12,32,2
"ZsN1V9Hjfvg",24,99837,1087,81,147,11
"3McYSX6jSIg",22,99732,1017,1536,773,7
"KKwmGuQaMfo",15,99681,10091,49,1256,2
"9ymjcSvEyhk",10,99619,3959,158,335,1
"qLVZiKDNxtw",24,99577,969,197,223,1
"WwyqQ-o6zHA",1,99509,3378,74,267,3
"mHaJ8xsWD3s",26,99495,2837,148,461,2
"AW9M7Cmzjj8",26,99432,3364,63,417,2
"SV2sPlDLQtU",1,99066,398,6,83,8
"wJYE0sFOteE",26,99019,2404,40,135,2
"3kerBt7kuBU",26,98780,7932,325,3117,5
"4MYaA4WEo1Y",25,98683,187,615,332,7
"htvR_dBs3eg",10,98422,2926,106,798,1
"8Jmd7-1quDM",22,98413,7471,14,313,3
"-QxZv_wJ1aA",15,98042,5112,26,370,1
"YHTnun3zpNk",24,98031,321,198,106,9
"PLtyqLPx_8M",17,97945,372,58,83,7
"_GcsQuOGPPk",26,97882,2420,78,280,1
"cUMQfRrqOs8",26,97879,4080,92,489,6
"GIn4CeZq7Nw",23,97795,1271,128,146,6
"TzQe4sqjZT8",1,97726,799,66,90,6
"yOZf7zIf6fM",24,97710,422,573,190,6
"LcExeXLNKyY",15,97535,1455,24,243,2
"upzmEBwEtpo",27,97367,2461,72,416,7
"GveWDLBmc8Y",28,97217,1271,87,85,1
"UK2OQ67Xr4o",24,97192,1924,119,206,10
"-o7zywbiFVI",25,97024,520,409,624,6
"JdHhNxedKs4",24,96835,264,318,78,5
"YQ1cEC6FZRg",26,96756,1277,247,119,9
"jg4hFf-zmn8",15,96625,5499,32,412,2
"J4vdqPcGJI4",17,96521,1918,62,325,7
"BWJY1na9qao",23,96485,8650,94,498,5
"BqLwMIA-HlY",24,96463,307,261,832,6
"vSRAOvhFF1I",24,96440,8775,113,413,7
"yZC5DH7VScY",17,96399,1363,31,612,2
"YWVylysTNIA",15,96288,812,27,55,6
"4iN6uiOsCr0",10,96082,5724,42,3117,6
"5x1FAiIq_pQ",10,95944,1354,181,117,1
"L9eFkmjIIWA",27,95520,4816,51,313,5
"xutm6oMTBw8",26,95509,3514,146,341,4
"2nJ3U5dzvPs",10,95486,2278,101,252,6
"5km8U9K-WLw",25,95379,301,881,1213,3
"vd4zwINEcLY",24,95085,909,52,193,1
"HaRpFCEWLE0",10,95044,2451,79,157,6
"SJXXGL_8VcU",24,94923,2382,156,145,4
"pmdVVDkvJXU",24,94892,1503,16,288,6
"D30jtARAEh0",25,94683,440,899,1023,4
"wextSFa6rmI",23,94640,7269,62,1053,5
"D3uvvA7dyoI",24,94432,4057,37,293,1
"NJcShzy0lMM",26,94403,3173,49,270,1
"lYtllIKb70M",24,94373,1161,172,105,8
"4EIvK9XsFRo",26,94234,4721,201,451,7
"P2kfIRZtTOI",24,94139,2748,105,137,1
"TDqjoaURNOQ",24,94032,4799,126,392,6
"ErZDtWsCA9U",2,93903,364,54,20,2
"DOyL60sgi28",25,93865,462,205,352,5
"leHtDz4Mj0M",10,93591,3154,90,1353,5
"FTv-CE43PpM",24,93534,1986,225,857,6
"3jtjkXSvuJw",15,93494,6975,28,688,4
"TNRrY8m71u4",26,93451,3484,43,566,6
"3IdqPpwSE2g",24,93254,2945,23,189,5
"fZJ4D2iAx9A",28,93250,1467,42,311,4
"Y3TmKEeBUMM",24,93217,2813,280,1423,2
"bcHh116rcV0",23,93102,1192,176,123,5
"A-JtybJbVbA",1,92983,1639,106,116,4
"jXoDKhdUvFo",26,92538,2451,66,199,3
"ZKUerb6IH4Y",26,92533,3725,147,183,3
"BBQ-2BUGQv8",24,92355,2641,270,1286,1
"9KIP-Ncp2jU",22,92327,182,45,0,2
"4B7vs7tPRpQ",26,92301,6796,42,492,4
"r5w4y6GW4U8",25,92178,189,78,195,2
"PtPNGls_sUg",2,92161,2113,119,350,5
"84iujjDAqHw",1,92030,1347,115,77,5
"C9XDrAfT7ks",1,91982,1569,301,351,4
"7fm7mll2qvg",10,91776,4604,46,357,1
"sV7QeEJ9daI",26,91566,3682,164,296,8
"4ihuh6AKyY8",27,91213,3089,980,1022,6
"8vl82FssW5k",24,91193,641,97,82,1
"rxUfRhVYeKI",22,91186,3131,92,285,1
"u-OQ-Zv6PfI",26,91167,3287,77,234,1
"DD4jmj9AevM",24,91161,882,214,249,7
"xnBtEib-H9E",26,91100,1174,200,323,3
"jPkRGHivRD8",26,90923,3722,192,563,6
"FfSXmbAGl8A",10,90870,2913,91,143,8
"Hndpk6A4VcE",23,90730,5983,2358,1855,7
"ryqZUqgjvW8",24,90641,2349,409,1246,1
"Go3DZxyoH_Q",26,90521,2901,87,290,6
"l7je4VAUvjA",25,90454,211,65,59,1
"a3Z3HAdHFdo",1,90365,0,0,0,4
"ENr6CXm1YxU",10,90268,2215,91,94,5
"feDs1pIhTFQ",10,90206,6419,34,443,1
"fyRwjMZFeJ4",28,90179,587,755,315,6
"fA9Ypn3jQw0",10,90168,3256,60,197,9
"IjFxx9SrOTU",24,89923,1097,43,59,5
"07JQ4WZJIbg",1,89872,431,90,93,1
"Su9Mns6fWV8",23,89799,4742,91,366,6
"Qzgar1P6cn0",26,89640,5107,72,271,4
"uA8d1Y4K-2w",24,89627,1152,27,353,1
"xvaCIbcM2-I",24,89617,615,66,194,4
"foImxGyOuQE",24,89365,967,80,80,6
"J3IbiFCR-Xs",1,89311,599,26,52,4
"J3FcbFqSoQY",28,89218,2510,269,589,6
"9D0eyl7-XQA",28,89132,1981,7,87,1
"jMpXhLeiPsE",20,89049,157,5,33,3
"oqbmlVa7Nag",25,88954,641,64,248,6
"9Tb3xPmr3yg",25,88952,591,59,594,8
"6SevTnFTdpA",17,88857,418,60,400,5
"vOodS7E-SNc",25,88808,637,79,221,6
"uLHygq6Mm-0",24,88667,1120,58,207,8
"MfFFNck87eE",23,88663,6177,36,509,6
"6hIFDfP9rNc",25,88582,1398,41,114,8
"MkR8GY2YBAU",25,88560,2035,273,625,3
"38dYSj3F-Lo",25,88560,1111,203,2128,1
"EOmcGbXsRM8",23,88425,1901,332,264,1
"ORjqEzrLG-U",22,88189,2318,82,286,3
"SETyZLN0UmI",2,88143,621,80,193,4
"jDC_QZAFxKI",26,87620,2113,48,92,7
"iIxy3JN3-jc",25,87403,285,128,175,6
"gO_QM9oUcM0",22,87215,407,27,140,2
"rBkLNBRDw5c",24,87198,395,449,394,5
"wFEAoF7RC7Y",10,86897,469,4,106,4
"7QLZXfVJmEY",28,86721,3020,38,280,3
"ASNA5kkMQ20",26,86380,4535,60,496,3
"Hi91aDmYI2E",25,86049,705,206,795,2
"AzLYMcneJMU",25,86011,293,103,326,2
"J0jgpUIbMEo",26,85744,3665,62,332,5
"2Cy2S6jbviQ",26,85484,3880,50,357,4
"UPPkvPe5WJ8",24,85383,2798,334,1283,3
"SsmgtO1zAhg",23,85372,2322,326,350,1
"uAmsViupOa4",25,85322,645,261,1093,3
"6P6Ia5Qj9W0",1,85251,3806,190,608,4
"NWeCToDgdxU",24,85183,2704,439,1778,5
"IXJhN4cOVM0",25,84968,1396,400,961,1
"UBGb8jRjK4k",25,84534,74,91,47,6
"6wpb3YfXGqU",26,84450,4171,46,402,5
"pWqRw4NfFDA",1,84443,991,452,266,4
"A8QY1IRPGTY",25,84428,557,53,363,1
"qDDNcyOhqCI",24,84173,2424,147,683,6
"pRnCk5QeXdw",24,84137,2303,132,617,7
"mv73u5qHf08",23,83530,807,63,141,1
"CMJblEavb7g",24,83499,1835,175,140,9
"wtTmLBfIiG4",20,83487,5059,100,823,1
"XJBvP-NZJ9U",23,83425,1245,177,218,1
"NnpyRKfAyik",15,83393,5817,31,1663,7
"A6-P1-xxF9Y",22,83369,1237,526,0,7
"-v-_Z11T5L4",1,83301,2636,65,167,7
"CFwXUarN-wg",1,83200,15262,26,881,1
"GLZZn7lCtcI",17,83121,320,50,442,7
"OlJykKOuank",26,83038,4116,35,103,4
"QDHcA33yT0I",10,82972,3484,78,198,1
"cccyOn99s4Y",24,82713,3124,151,250,3
"o5kk-Yyz3OY",26,82692,1605,130,86,4
"SiDhj1Vq-uQ",27,82160,548,36,141,3
"t5SXnaaOJfY",24,82123,258,98,107,1
"hX643KbiI4s",24,82087,998,93,289,1
"4RYZEOZqWGk",24,82052,1519,68,182,1
"4SANXNco_y4",10,82048,3539,144,347,2
"SQOSX92OjqQ",24,82048,4813,130,273,5
"CSDHM6iuogI",28,81932,1576,42,259,1
"9wRQljFNDW8",17,81377,655,25,177,1
"uLdNG_axPpg",22,81337,153,18,22,2
"ahAnbeyxlic",25,81267,782,71,213,3
"Y6sVQu-6uL0",22,81165,602,66,388,4
"6-xB3ij-5xM",19,81011,443,133,116,6
"kKMNo0QvDrM",23,80935,4937,48,1211,6
"yZGSIpcAfEo",17,80687,197,30,53,2
"Uh5y9hDHq9I",22,80396,4201,85,181,3
"MQSRmx9zS64",24,79736,1631,105,224,5
"4tKdWdBf0M0",28,79667,670,28,51,3
"DmTcVy7Ng-g",23,79591,5147,115,402,8
"B4gXsobd_ao",27,79306,3809,127,670,1
"jTap34G5TFU",22,79262,4383,155,927,9
"fxNNP9kifNg",24,79254,2573,400,459,3
"dvJWgErHi7A",24,79205,133,60,41,7
"mUcUy7SqdS0",28,79154,4936,45,550,3
"g2MyotPRcXE",26,79124,3300,64,160,3
"QmAbpXRNuYA",22,78957,3212,36,356,4
"MinKIBZv2-k",25,78783,246,51,347,4
"Dkut3XLIVrI",10,78674,4826,118,344,1
"7ghv9MJHlfs",24,78662,1966,172,457,1
"l_eR85kmWbY",28,78528,3546,62,561,9
"fHZe0PJf8HA",26,78433,1882,120,413,7
"ewTQLoNPxYg",24,78344,3409,87,875,5
"R39-E3uG5J0",22,78322,10885,63,2001,5
"l992Loe-qVc",26,78175,3349,139,698,5
"dgcr3mCsqBE",24,77966,1208,262,216,1
"jjRXuZkeGRA",24,77850,1068,69,134,6
"rTukZtX_VCg",25,77788,501,33,160,5
"Jidk0O6uu-0",22,77763,4640,42,483,5
"q-WipZ9p0wk",26,77630,1991,83,208,1
"tfyNPxM-M-w",10,77518,1196,44,155,2
"KobCmaF10vQ",24,77452,5359,98,1217,6
"RQDphL2MVlM",26,77302,3756,123,222,2
"Y_8PXU6_BR4",23,77002,786,40,78,5
"EP5ExDvQ3p4",24,76956,2269,108,736,5
"SYVSeH6sYYU",17,76802,1837,38,85,1
"n6gD02uqx5Q",24,76714,2166,116,359,4
"Pubtjn5QIjg",26,76536,3536,199,123,5
"bLKd4XXUWUo",24,76450,343,11,33,2
"MU29Wqg_BVo",19,76351,5508,29,345,3
"wcy08U4FC-Y",22,76054,800,52,107,7
"Padm4JItZPw",26,75770,1247,16,53,2
"bMfcrZYOAnE",28,75756,1512,53,131,3
"K4STcvndzbE",24,75685,1281,150,191,2
"drg74wOy8z8",1,75433,1192,589,326,11
"GP0uH-PaE_E",26,75363,3119,58,141,6
"hKqzBGE5w-0",24,75312,1585,152,105,5
"c2rEwAWHP7s",26,75289,4866,52,362,6
"beUCw1VH11U",1,75279,3424,77,108,6
"VqcHUdHQ1u8",15,75273,4408,81,558,8
"S_lN0-gtWF4",1,75124,708,69,124,7
"Qmf7p6twbyA",24,74990,3428,353,685,5
"8D7c9CY7vXk",1,74582,2627,143,713,5
"gMFMb9-gfBw",24,74210,5451,201,947,2
"kZete48ZtsY",17,74080,1977,22,162,6
"qrPPj3e2M-M",23,73984,3676,78,353,2
"K9kVsnTQh-g",28,73902,261,55,96,3
"Hgc2njyY4Rs",22,73861,4009,411,207,8
"mt22NvsTRG0",29,73649,2721,122,74,3
"FKiuTRS5R-4",25,73611,706,97,867,2
"r4ppTbMcFTo",10,73525,2332,74,106,6
"76-ui4F8DJ0",24,73344,2049,234,2147,3
"_9krQvcXKO4",23,73253,5820,51,208,2
"AEAHRq62p3Q",17,73214,221,165,578,6
"RggWMGU2iYw",2,73213,356,114,74,6
"NbUtY1RVvn8",25,73083,4616,226,567,5
"hIFwL6O_6aA",24,73066,636,75,204,4
"52Y7NwbmOHY",24,72999,3859,109,729,7
"kqmhCaF5_44",10,72940,1353,102,145,4
"XYfulkXyDHU",24,72821,1454,35,75,1
"A4cASDml7Vk",10,72801,209,13,29,5
"2fJIRQJ39eA",24,72739,804,191,273,5
"SJUhFjNfaZY",10,72728,502,43,74,6
"Q1CFfU2gXHw",43,72607,1130,113,264,5
"Xx1tK0RyZxs",24,72549,477,12,7,3
"uJNKApY1Gys",1,72522,3550,180,446,4
"MyAnv1nY5Vw",25,72365,464,891,522,6
"HF27coLl2-w",22,72305,3429,286,1117,8
"P9mBXomW1No",23,72294,4785,256,611,5
"sXv9pTXD2T8",26,72248,3019,133,340,3
"Qh06wlg9RmU",17,72200,3694,27,136,5
"VHXPFrOfndg",22,72022,941,827,248,5
"al0lGtRpO5M",10,71849,7625,25,1480,5
"HMU5njzTAK0",1,71767,3262,166,128,7
"hms9nX3RUdk",22,71715,4746,93,355,5
"I-5CODzeGEE",1,71707,4739,93,913,5
"hXcoq5XDwyA",20,71610,4571,119,545,5
"oFqHvacY9Kk",10,71452,5197,48,301,6
"UuETCtbExnM",23,71425,1130,37,85,1
"84p7f-Rh-RY",25,71276,134,420,170,4
"Y6zucdAzNi4",24,71241,2515,48,226,9
"-2RVw2_QyxQ",27,71089,460,27,20,3
"P-MQBhBwvgM",10,71075,602,211,59,6
"-V1Oo7srGf0",1,70891,5155,129,781,3
"fryHijK0ytM",22,70828,613,6,119,2
"SJmU2ewFhkg",24,70615,1365,73,279,5
"ZhtQAeRH8XE",1,70551,2668,154,494,4
"1vc1cKeor5A",1,70177,3109,62,651,6
"s7IchhU-o-A",25,70118,853,170,780,3
"FKA-Jy6nuE0",10,69795,1629,75,50,5
"suEeS2v334I",10,69407,4331,77,269,6
"IKuKZIISPE0",24,69199,4237,15,220,1
"SFdO-19Xdho",10,69170,2462,24,101,4
"nUgMn2ntSh4",26,68965,1701,30,294,2
"t0Ro2Yqs6mA",25,68886,752,272,260,12
"KGBv8oT5lwk",15,68885,2820,24,216,4
"NpciU6AtlJU",10,68828,2841,174,360,8
"BzzG-yDxA1c",19,68719,1997,30,174,5
"6UPeSHu1u_w",22,68699,1943,42,146,5
"P1-UTlnjeVg",28,68625,3269,60,376,2
"er2kQ21ZTG0",23,68487,4984,32,269,6
"KijVBPwHhio",24,68011,581,51,151,5
"vc0fb3xhFHY",24,67954,780,169,118,1
"8IEvxQKzLyI",17,67802,3852,90,334,6
"yMl68dEcOAg",17,67726,402,67,87,3
"qK8AcryiniI",25,67471,40,15,29,3
"FQfWKSdIreM",27,67185,1286,103,109,2
"UB1cGaIW81I",24,67078,778,33,84,4
"YF8415hDtEg",17,66876,534,45,281,2
"fFjkYIgmZnA",1,66369,2520,588,564,2
"3gx7O2H_Kmg",15,66367,3370,39,240,2
"a30wbmGT3R4",24,66239,750,124,222,7
"lJkXbzQPIkM",23,66190,4070,76,360,3
"oKeF7K2VZtQ",22,66117,3298,23,333,5
"3ekEfYNQJ1s",24,66068,404,47,81,4
"PGWBA_OzCE4",24,66021,2136,94,542,5
"FA_gIAGNDQ8",25,65990,1265,55,293,3
"AJaHx4CDD-k",10,65973,3677,454,836,1
"UEu_f6iNfAs",28,65972,3506,47,328,3
"HJqALBKE4r4",26,65874,3209,32,120,4
"7uvxjNut1gk",22,65821,34,10,0,3
"AJkOHavUH_A",1,65758,4691,418,1033,4
"8857-yQOZ2o",20,65745,1518,73,666,8
"QO9SS1NS6MM",28,65707,1960,91,482,1
"3D_ZODCSKXo",24,65678,1841,128,468,5
"lw_KFCgcvA4",26,65631,4197,96,170,5
"2lyQj9M2MhY",24,65481,4093,57,1244,2
"guI0Ydh7wT0",17,65371,296,69,49,1
"ExP3ikM_wko",19,65353,747,11,62,4
"3_keXD1yV3E",26,65277,1967,61,152,3
"exQ2u3qSfrM",10,65211,5497,31,460,5
"mG9kK9TgxkQ",24,65197,193,40,31,5
"r04uNjeWHO0",26,64866,2252,17,177,2
"34mNW4YSJhw",24,64771,781,12,91,6
"VuyaBA4h4uk",20,64584,4138,33,298,4
"sLFaa6RPJIU",28,64566,4442,27,282,1
"tYF1dQRVS2c",26,64316,2336,114,241,6
"ms7t4CnjW1k",22,64294,2263,176,226,7
"N1ikySurAP0",23,64262,1461,56,86,7
"BIVGh32dVnE",1,64261,447,65,83,4
"W8_T7MMywcs",24,64214,1795,46,257,6
"V7E7huN3CPU",28,64167,159,14,25,7
"Srl96IoeWJs",28,64107,1617,100,365,3
"fVizzW1uyDw",17,63846,1158,16,238,1
"0zk2SwmCpss",17,63780,831,12,301,1
"Juad74hE6rs",26,63461,3748,39,675,5
"J6Tc4iyefe0",25,63358,316,97,0,7
"iMYc9Anz1v0",26,63323,4219,40,654,2
"hwx2n-Rf0f8",26,63208,3728,45,491,4
"p8brfJAULgc",24,62888,1510,62,177,7
"QA2fKoT6Sig",15,62735,2169,35,172,5
"vNya04dlC4I",24,62644,198,281,236,7
"J7BVU65c8AQ",22,62415,3622,70,825,4
"plnzNgtvvJo",24,62264,511,463,239,3
"DrY4EUirqgE",24,61977,545,3,50,1
"be3BHwNi58A",25,61931,477,133,362,1
"_s1M-rkDO8Q",24,61665,1216,38,113,7
"AhIh8lLYzLo",2,61652,533,74,301,3
"31Fbv9qRV7s",23,61584,5719,142,650,6
"doHVMJnuvDA",28,61475,2230,53,164,9
"1emNguW5xAA",27,61315,1126,210,335,2
"mB2UTIkgY1I",25,61309,160,16,85,6
"xkYpO9ATUT0",24,61121,2469,68,420,1
"RBpLVXNN6i0",10,60911,9356,41,738,3
"woDDGmpV2KE",10,60857,932,145,695,1
"OO5_E0_NAOg",24,60731,422,2030,949,6
"kQQZ2hje42E",26,60697,267,331,219,5
"1Sh6UqeRHdM",25,60574,234,10,73,8
"40JxGkIspck",24,60568,2013,19,309,7
"XoAf_I3ULwE",25,60549,391,121,1011,2
"tFcfZwsbnnE",24,60546,5072,79,919,1
"cX-X_UFUyYE",15,60464,2829,22,301,4
"v8VMdSQL50w",25,60092,528,104,141,7
"sujW2qs0DzE",1,59609,1727,31,82,3
"vKuy3NdLhlE",1,59596,1140,9,95,4
"VAk6bUhETHM",10,59549,2222,123,205,8
"DtWriozwdR0",24,59486,1117,55,106,4
"de7GaRwrr8Q",27,59365,2996,94,357,5
"ikZQLvKZYMA",26,59285,602,88,139,5
"3HXIkBeKQ14",24,59200,179,115,0,5
"UFYCTJlayS4",1,59168,2412,193,274,3
"TYaf8GbVKXc",25,59145,434,76,257,7
"2jhwGiO5XJ8",24,59070,365,187,1,3
"7Bq_H1ci9ec",27,59068,0,0,49,4
"EiwmO-XOqZ8",24,59043,1935,133,526,3
"HQ9rgYcEstM",24,58933,992,37,159,1
"SeVYqisjAQk",10,58932,840,141,147,4
"RmH15TCBvDk",28,58811,837,161,103,3
"t9JlSrTH9r0",24,58764,2104,122,653,3
"n30k5CwLhS4",1,58689,831,253,306,4
"1UPJ_Uk9s5c",24,58643,1908,58,357,4
"RZU5HebzuP4",23,58619,263,24,20,4
"TkCcncggO3I",17,58556,975,24,44,4
"sScTRKljFUs",2,58519,381,4,51,5
"VXFQWu55vO8",1,58301,2351,170,625,5
"kJFL-P-A14U",17,58290,1126,59,3,3
"Id2hMkmcIMA",22,58278,2182,35,105,3
"L5hl45NIAhc",17,58234,396,40,176,7
"WArjc_PF2b4",25,58231,397,90,1039,1
"_Iz83-Cmt6A",10,58135,519,69,65,3
"N4LQuwSjc34",25,57770,817,1478,0,2
"IMzf3C34NNM",22,57738,3634,10,209,2
"bcZzK3m-LLo",24,57650,3209,54,159,3
"uzCxM2qFWeI",22,57581,2041,32,360,2
"TfiVD2_Quy4",28,57561,1656,47,176,4
"DKMC6HViGTM",24,57516,1471,49,112,1
"lyavSkF30Rs",24,57465,456,29,176,4
"DCcA4FyWeXI",20,57462,2892,83,354,5
"5m9rqSaQIWg",26,57309,1958,65,207,4
"25Uouf_9DUk",22,57192,107,61,275,6
"391JeKrI30w",25,57143,234,176,146,1
"K1uiJIl614c",23,57035,762,63,109,8
"KhxqJzr6FAE",24,56969,5991,33,449,5
"mSgDg1oiOCs",24,56894,5440,42,1038,6
"6ZwXRnueOMg",15,56819,3051,32,271,3
"MUB-h2NeQYA",23,56717,3804,160,289,6
"A34u94sPuKg",17,56495,835,18,407,3
"s32C3KAi0Nc",25,56370,277,331,1005,6
"ZXEmAGAV8kA",2,56317,536,136,28,4
"tySwY8qXwbQ",10,56197,1108,211,213,2
"r4a5ZzHclCs",26,56071,3074,51,273,4
"N54fzGwMybk",28,56032,2883,34,697,3
"M2-IpsWQUWs",24,56012,6243,106,414,1
"fZYtg2BTWBI",24,56002,1348,136,244,3
"UPFo1B81hKM",24,55929,1613,24,200,2
"g0K5QoEj7FQ",24,55910,213,150,118,6
"6Detw08jRhs",22,55901,477,132,105,2
"sTnCS91HgcE",24,55901,3770,31,419,5
"FV4t5D0rwFs",25,55814,536,36,96,1
"xgo7SDyFqvc",22,55622,4333,36,399,4
"sSszA_Ugd1A",28,55615,621,173,97,9
"sRbhD2unwBc",17,55614,470,43,87,9
"CYZkT8gbiEk",24,55611,666,227,133,1
"dhOMtP72o2Y",19,55599,268,38,25,2
"LHLbPgXPnlk",25,55419,415,35,253,6
"6V_aZsATDsM",26,55398,1170,22,336,1
"3fArI2PZBUo",22,55318,1533,16,80,5
"k4rpunDMC0s",24,54990,524,32,79,6
"dDZoGcQVjJg",28,54813,2462,139,305,5
"5jT8Qef5Hf8",10,54811,2969,29,232,4
"rgcE2lMa0Kw",28,54703,379,64,0,5
"to-e5edw-X8",22,54529,582,7,34,5
"HL3wvhv9QGg",23,54392,470,19,44,1
"EudArMNjbP0",1,54360,3176,145,389,2
"032BPsxhreM",24,54340,154,136,120,7
"yigx1EjB85s",24,54338,280,15,68,6
"Nt3shY9FGDI",24,54247,221,19,103,1
"w_b63zETbSs",24,54208,462,98,70,5
"Em8C6AvD4sk",24,54141,491,49,79,5
"gO7gWDnzV8g",24,53833,733,195,332,5
"VKW64fQwzRc",17,53812,423,34,324,5
"UFXMfh5lKFs",17,53645,678,167,233,2
"Prnw-NqXSEY",25,53635,1083,27,299,3
"7IZZrxZ6uxA",27,53469,1487,63,205,5
"MDsJ9hheH30",24,53415,222,10,83,2
"NXpYoiCOuLE",1,53399,1113,42,73,5
"pccxxvvkHQQ",1,53227,2157,134,624,5
"ARuS950sgXM",25,53198,234,146,104,2
"UZf9m_x7o88",25,53130,212,29,478,6
"njivNmUuFZs",26,53006,3064,38,279,6
"unX4FQqM6vI",24,53000,445,15,12,1
"_cn12TCA4SY",10,52964,1633,19,214,5
"Y2-JjnW3w2g",24,52886,1537,123,869,3
"XPrHD-7jjUs",25,52637,1005,51,132,6
"rWVLhFdOr_M",17,52595,1458,65,19,4
"s3oogx4roPI",26,52534,6427,60,288,5
"zuMkDVbThVw",24,52513,1278,56,432,6
"kWIzjMWmuYk",23,52416,5873,41,1664,4
"0ZAA9Y4F37I",25,52395,288,477,319,6
"PcYo_bdCvTk",25,52336,493,16,154,1
"Tn5OBFgiExQ",24,52164,218,8,31,2
"I8caeFYzPxk",23,52124,82,4,11,3
"yTyLXFAIfOI",26,52109,1411,50,164,3
"5TXSR9Jel24",24,52100,449,33,84,6
"4FkzLs7cLes",28,51981,2460,34,383,3
"hxAiXfyYX2E",25,51961,275,167,635,1
"VKY5Ws1Ys1w",10,51816,480,14,51,3
"oTKbyqkAu7s",25,51640,811,492,1117,8
"w1zwGLBpULs",24,51610,553,1,34,2
"n_S8d_1KVhU",20,51588,2597,17,362,5
"LmO1y1ISuak",28,51186,2106,22,320,2
"0lbJHqAGpbA",23,51143,258,5,10,1
"uUEdjGTIB9Y",22,51141,2732,94,256,6
"KUSc7aScV9w",10,50979,1628,89,127,3
"n47bRyBKjsw",26,50934,1349,40,138,1
"-HoAafTYR9w",25,50669,411,157,503,5
"J0VUaYYK-zk",23,50593,835,85,50,4
"oJ6t7AImTdE",27,50371,1633,44,117,3
"YGOesyoKLI4",17,50348,840,21,223,1
"qVYwqepVCY0",24,50266,1457,344,1785,1
"UQtt9I6c-YM",1,50168,46,6,26,4
"Xpw0ts8RTfk",24,50155,1236,59,260,5
"k8IEepWOoAQ",22,50066,1850,41,215,3
"SGKcrxK9hsg",26,50053,4035,126,729,6
"db9Shsd8q8M",24,49947,479,64,28,4
"Fyyua5JzD9w",22,49915,386,11,24,2
"-WedqN1iYbM",10,49638,633,19,58,5
"AHIcMK_7-Us",22,49462,198,6,24,1
"rH_sH0jPVTg",25,49455,375,258,213,6
"vWYyZMH_QjA",1,49451,4666,92,447,4
"h22kNL89csk",27,49407,89,6,34,6
"bkwLxcfcKTY",26,49313,2466,74,291,5
"BxhxZHqHDGA",19,49115,1900,21,132,2
"lQ9EpoaNQRc",25,49017,375,1,38,6
"b-5c_Z3pUVk",24,48907,160,265,250,6
"-t5YLGn3VHQ",20,48735,2465,109,411,1
"90uhxbfUfC4",24,48526,255,322,154,6
"sQ0HnQq9IvE",24,48523,1248,79,395,1
"sNue9fiqUzk",24,48472,133,118,36,1
"ZoMB_4a7LOY",25,48411,239,412,0,3
"QiIlcKiREUU",25,48130,271,10,71,2
"dBTKW8NKAt4",24,48112,94,10,9,6
"FEjZiCPuvqQ",15,48037,2167,44,401,5
"kJ18whKduFo",27,48033,1732,145,227,6
"KxdXruUUSIM",26,48026,1341,19,293,3
"RUbWdNGaYEg",25,47936,246,52,325,5
"YNpCXG66_PA",15,47862,1064,26,108,5
"zNqCVTs38nU",17,47760,132,77,41,5
"KcFQfFB5LDA",1,47752,5488,61,180,7
"WbOuZDPU7iI",26,47717,491,23,59,4
"lxSWRdgD4Ho",24,47701,1337,332,639,7
"A34O0pCAQ60",17,47614,358,30,457,1
"dra9WRKpds8",17,47525,344,45,148,4
"lRxAWujpMmA",23,47455,826,13,49,1
"OcFcdFZQSBo",17,47433,845,28,211,4
"41QT769qVY0",25,47402,312,64,223,4
"fsQD85uD8nM",26,47313,2582,39,325,5
"z91xQ5u-_wY",28,47299,1128,40,238,5
"hXz4LdA-BRI",24,47236,1509,55,391,2
"gm5P74vcB84",28,47178,1541,27,148,3
"Rzuts_VwAL4",24,47147,542,113,62,1
"QAgZepiIPH8",24,46966,497,37,196,5
"s0QeTtDix80",22,46706,3091,47,130,1
"Ocq_0Yl1EEk",24,46701,250,12,26,4
"wPE9SdE7X_Q",27,46685,1461,130,326,5
"YHDbsyyjld0",15,46571,4250,16,408,1
"eWdZk_88r8I",10,46430,454,7,34,3
"-OK9i1_YYYc",15,46260,2286,35,17,3
"Vk-HI3SDoH0",24,46119,1624,92,152,4
"naOKPDCngMI",15,46054,2051,20,213,6
"N0tmF4j4K6g",15,46025,2106,17,167,5
"37xIzAWyO8I",26,45934,2688,53,531,4
"13hdKXfku4M",24,45899,1722,50,142,6
"O4Kb40pnoOY",1,45851,335,110,125,1
"e0hO5fTGwPY",25,45777,449,60,185,9
"WKcYTvyoidw",25,45774,1100,56,297,6
"dkD1l8iKedE",22,45684,3114,32,424,4
"Wfoy_OvNDvw",28,45561,1847,56,12,3
"cqHZTqr8u-s",17,45548,1776,159,83,2
"abGCYPCk294",24,45236,1581,110,911,3
"2vQ_fnlvvr8",10,45096,287,9,59,1
"EgUMLjp3H4E",23,45037,1246,17,61,5
"JVHFMBfG-cM",1,44879,1749,155,215,6
"iyrefjMs64k",24,44856,1731,678,881,4
"UrSxvUc5R6Q",24,44805,1496,106,1098,1
"t2rpj72GHN0",24,44733,278,138,368,7
"GAU7Reme8VQ",26,44448,712,115,175,2
"i_N3q2ZAj-o",25,44328,167,56,199,3
"-m3L9lA5_tA",25,44262,82,4,16,3
"Hy71N2OSGZA",2,44216,929,33,74,2
"TKhRjduXFEM",25,44121,888,833,0,2
"c8DogLWrs90",26,43651,1411,49,148,6
"p1af9PKM8Eo",10,43597,5975,4,436,6
"JwboxqDylgg",17,43426,309,33,47,3
"7l2NnC0MNt4",24,43221,1129,13,274,4
"fCe38yjduXk",15,43171,2776,19,238,5
"4qakFfGRV4E",22,43012,754,87,123,6
"r_UPEj0er_s",17,42805,779,21,188,1
"LduRwIc7eBA",10,42658,2120,25,136,4
"waRVWv_UDCk",25,42607,451,374,1178,1
"vZzIS17HexE",24,42451,399,114,63,6
"LeobgOWgJmY",24,42239,1115,42,307,3
"SwOZ0Dg_IQs",24,42199,745,103,179,9
"JP5BL-lCoQI",24,42101,1511,72,686,3
"PitE6FVIjgs",17,42046,590,23,210,1
"agOq6iS4aVw",22,42034,444,226,669,4
"ds3tvjwdmGM",23,41944,665,73,72,3
"npCluN5VHF0",22,41869,2925,36,408,3
"NNywashg_mw",17,41824,212,42,116,7
"UUreMfN5eNA",2,41799,679,88,118,8
"2Yz_kqxegrs",10,41761,3149,38,251,1
"5RjEaUqucbw",24,41760,931,18,57,1
"jmqRuQGdhLs",28,41722,262,22,37,2
"cNrfQm9yG5o",10,41714,2096,40,450,4
"HOblx_0Zyts",24,41602,907,21,65,1
"8rQT3PWQoNI",26,41523,1988,70,176,2
"EY8rq1AyCPY",23,41378,1679,17,323,2
"DFZmEaNqdNc",1,41375,1764,31,117,5
"qNl4-y6q5rc",25,41282,642,243,812,1
"NvG1FTafzAw",26,41265,881,25,81,4
"J-NEOU-Ujeg",25,41264,514,544,600,1
"Alt2HGrsfnw",26,41254,604,86,96,3
"Ga7thDlGbs8",25,41253,356,671,1349,7
"1Wk8ZRgXQnY",10,41251,1561,29,96,2
"xYShiXMGULE",29,41183,1621,60,662,2
"HhGJBBPVpqQ",19,41165,393,25,34,4
"j5cSKF5FzD0",17,41159,658,13,169,3
"klGP5rtA76c",27,41096,975,111,261,4
"f2xPEy4PrmA",23,41025,151,4,10,5
"5wVnr3cahQg",22,40993,3374,79,522,5
"7cTi6PHUqMw",24,40840,1435,86,824,6
"6PXz2gNNR9o",10,40775,257,2,33,3
"8H0alk0e0tg",24,40499,1326,82,767,1
"wOUTtsIp6tw",23,40410,2155,26,162,3
"ZZE1_maXiAI",24,40258,189,90,49,6
"4iyOED0DPZw",25,40026,127,137,319,2
"djLBR_aoymQ",22,39926,4094,100,1405,5
"77McSTzTgg8",25,39799,290,222,0,3
"MKLlDnUqho4",10,39720,2229,90,338,5
"QS8bma7LRX4",24,39720,4800,165,530,1
"LtlkeMfbdpM",24,39595,228,6,26,3
"hD3sd-9tcRI",24,39310,502,40,30,2
"9QkNE2m4ZDM",23,39210,452,17,71,4
"JRuC_NoBrM8",25,39181,288,21,78,6
"-oXybog2IuI",27,38775,1373,16,140,6
"Ort8rZdpoXo",24,38600,140,90,519,6
"MjLqeKBforY",22,38479,2656,22,305,5
"PKa01AvSATE",25,38447,819,173,0,5
"GyDq6ZD4VBo",25,38316,124,26,146,3
"HkOLf9BMRZ4",28,38307,768,69,54,5
"VPJ7BcVsOUU",26,38169,2597,24,144,6
"UFPSIa1cLRQ",10,38068,2195,28,154,1
"9bdXZzQvb0U",24,37891,405,5,18,3
"7oRdswHqaf8",26,37376,2093,37,521,5
"Kn5UgGQukYQ",1,37346,0,0,0,7
"9WwKW2wIU-k",25,37199,195,86,49,3
"hpvDsw1D29w",24,37185,211,46,51,3
"O3bqhRN2thM",22,37170,1933,30,143,4
"m-Tp8-CAxPI",28,37144,191,45,74,6
"Jze8utzpLhg",26,37102,2513,22,86,4
"tNOkWPYY8No",25,37098,1220,34,63,5
"N7xjGJwuu6E",25,37095,240,9,33,3
"k9oMv0JzCn8",10,37022,391,26,54,4
"xYb9HeucPf0",24,36982,213,17,100,4
"l5S5DM564O8",17,36929,0,0,0,6
"9XSULcLI6Hg",25,36859,23,10,135,3
"k9XvXBqhu-E",17,36591,2519,25,155,4
"3L_a9HxXzS0",10,36535,2773,38,161,5
"JWa_Lbdl0J0",23,36526,260,47,97,3
"djJ6GAplhFU",1,36515,1012,32,392,8
"1w9tf3vSuVs",26,36476,4271,21,710,5
"dAfqL3Hts_U",24,36457,1170,61,560,6
"4ftGS_6i7mM",17,36414,125,16,40,6
"Vnn1FhYULrA",24,36346,1310,44,483,7
"ztLELdQDadE",25,36241,210,83,544,3
"TYFAkFxeukE",25,36168,463,165,748,4
"vgX5M1eVhyw",26,36113,1187,28,93,5
"hQlXLdZtX6s",26,36110,1419,126,77,3
"adz_lnvL0qI",24,36064,272,46,95,6
"h8VJft5Xq5g",28,36007,2712,16,231,4
"csqXekWeBYo",22,35916,0,0,70,5
"deJCEUFeehI",26,35862,964,137,75,1
"nb42DxagyOE",1,35615,1217,12,182,4
"rDGt6F3xTcw",2,35573,230,19,19,3
"YbHdBoHMxK4",10,35511,2016,11,69,3
"0WPYpeJA__U",24,35467,227,8,48,1
"VWFoCcbXqAw",1,35247,775,33,102,5
"ajh-Gn-2wWo",25,35235,166,40,65,1
"nQ1aD_3igFE",1,35233,77,47,51,4
"Lz7dya576HY",26,35125,627,43,64,4
"dBPRS4mVT3g",24,35123,103,18,60,4
"3FnV82JEGPI",25,35112,230,97,404,3
"jVbuBGSfLC4",1,35038,1406,11,88,2
"B0R9wQAFBbI",25,34953,297,48,169,1
"goP4Z5wyOlM",25,34785,308,26,413,1
"rt7s9ud7uEM",10,34659,28,3,15,2
"gqR5QaaSFX4",23,34600,21,0,7,2
"n_WjhsuLvw8",22,34324,240,194,737,3
"AJ2xkh-6tL4",25,34293,400,86,381,2
"Q6vfaPuftmE",25,34284,144,212,278,4
"y4EbUvQ4a5s",1,34232,1460,144,235,5
"szTpLSf9QhY",22,34156,2948,18,235,3
"YtbArdw9oHc",25,34133,46,10,24,1
"YRRczTwopgA",1,34059,2183,375,622,6
"Q3pUXLQ5G5U",26,34032,1930,14,182,8
"v_5qKt7M5fM",24,33929,1075,160,894,1
"Mfiim71QdYQ",25,33768,426,88,550,1
"oTObwUiXdYY",25,33761,149,45,222,6
"Uh4XJjr53vg",26,33697,1093,114,96,2
"LiXQFixzqJ4",1,33459,634,7,117,4
"wJ5bOg46D7Y",26,33317,1715,37,188,4
"djlaHJCXT4o",22,33260,181,79,30,1
"vAGtarDX544",27,33235,1013,112,214,7
"zEHRNS-Scrs",1,33067,2618,15,112,4
"MXFhiN0tM3s",25,32825,442,433,521,5
"o2e2B5wsFsQ",29,32744,473,11,54,3
"0C3pC-uonZU",15,32558,1217,78,115,3
"ngMbosIcDRo",24,32548,579,68,669,2
"5tCyAEMaE-I",24,32477,1752,53,257,1
"WCKG9J1d5iE",25,32462,448,483,940,8
"0q9Cm11d-fE",25,32336,182,212,1036,1
"aTvw9_dxBlk",25,32307,161,18,171,7
"35m4leH72dA",24,32284,310,36,372,3
"ZZIq3bSOD_g",17,32275,916,25,216,5
"S_5Q0lNmtFE",25,32001,255,239,475,2
"SI1J2bbbOt4",19,31990,265,30,88,2
"wENhHnJI1ys",28,31928,2843,17,230,2
"g3N-vtknJG8",22,31872,497,9,27,2
"If-n27SUAl8",24,31831,494,7,37,6
"bw_ob5GFi6I",10,31612,630,28,124,6
"IzQwbRdh5Ts",28,31505,191,1,4,3
"hphLiGW6FgE",24,31319,632,17,155,6
"9yWnVxe1qp8",15,31228,1159,19,104,11
"thIRJLsnIxY",25,31062,116,10,80,1
"_h9EEni5rks",24,31015,421,11,125,5
"0KEFbtZQdnE",24,30914,1125,75,295,2
"GClwSu4hKpQ",24,30803,142,346,174,7
"IEqj7xR9iOU",23,30739,705,31,50,1
"saPG3E59xeI",26,30719,832,26,53,5
"PWrsHhAuVZg",24,30469,1024,69,586,1
"IbmvDn6I6sI",28,30361,26,4,6,1
"SGVbdo2CkgI",24,30341,730,22,34,2
"H_TJs9vH0ow",10,30260,1769,20,65,1
"7COF8AhH9Z8",25,30156,203,46,301,6
"3Xb3eOH4PMA",22,30075,971,40,62,3
"S_HixQBiVH0",24,30066,486,92,88,7
"_w58R1OGQFA",10,30021,569,42,44,1
"QDqzQwKwvxo",25,29968,93,17,21,3
"Ux7f_eqeLYw",22,29860,1958,25,94,4
"hGAA98YZBZw",17,29769,251,24,75,2
"MfLcjWq6m9o",15,29725,872,34,47,4
"D-DYWvnrFs8",15,29723,2083,8,227,2
"_k02Waw4WXk",10,29352,1610,9,155,2
"A6owSHYjOiE",24,29305,75,12,12,4
"7e-uqc8H2BU",25,29202,228,64,196,2
"cDDF4pPwEUU",17,29188,411,5,132,5
"J_fFW78fc7s",26,29124,534,24,157,1
"VQbYbElYjK4",25,28964,138,41,370,5
"rBFyZRQ9Jeg",23,28894,1377,55,119,5
"GpekGi00XCE",22,28804,3367,29,262,2
"LaMxS5-4U-c",10,28781,515,12,59,2
"wwX-RSqxEXc",24,28679,2537,6,192,5
"KVw7fdB8gXM",10,28638,668,9,82,5
"MdBr8xh1mrg",1,28630,926,39,43,4
"RO41_2cWSXA",10,28607,2098,91,359,4
"uyl6WtHEYOQ",24,28539,681,25,45,1
"dqr-AT5HvyM",26,28484,334,23,21,2
"3LJh6TReA5w",24,28448,611,11,62,5
"AFZZNlog8sA",10,28434,387,32,45,5
"Cfn25A6krNg",25,28378,211,463,633,1
"JuUi12XbalE",2,28308,436,55,49,2
"8C8pRDetZr8",25,28271,208,52,217,6
"_UrDtPZHlqc",10,28256,105,15,12,3
"zslYmBRhdOM",22,28179,3056,33,769,6
"QY83PJXQYXc",17,28091,1614,44,260,4
"Hq89wYzOjfs",27,27997,366,22,0,5
"8bKKVuZA0ys",26,27945,736,33,97,2
"NqfJ9wIWX4E",24,27931,125,50,74,6
"fO_zejwc054",24,27898,363,27,135,5
"uEhv-4Eb9ms",28,27871,581,118,62,1
"f0H4h0sfZIU",22,27779,49,7,34,1
"H_ZaS6agxPs",22,27710,1332,8,132,5
"7YibRBd46oo",24,27666,1606,131,146,1
"-_jlqATo9eo",24,27659,136,33,24,8
"mN4JWnTOSmg",22,27571,286,6,41,5
"0ANDjPQPS_Q",26,27408,2993,87,516,5
"3jcolXvi8IA",22,27207,786,42,131,4
"cZF20bAAFtM",10,27191,580,23,37,5
"8bn9OBHoO0k",25,27178,242,25,85,6
"rpVHq00lOig",24,27095,2446,36,186,4
"JuP1Z8xpRb8",24,27010,1666,36,150,1
"9ZrAjnPHzjQ",28,26983,137,16,71,5
"ZrhKHytNLqY",25,26970,370,570,323,2
"LJdfE2Keno8",26,26967,836,36,190,1
"leFNoUJmJ9o",22,26940,1933,11,319,6
"WmQR7X9SdeU",24,26921,204,431,322,5
"_rUCjWv0vwA",26,26898,423,271,95,1
"Y8JGfi4MJ8k",10,26830,79,1,8,3
"OGdfc7MA_qY",26,26800,1932,15,99,3
"buBEYGmiAJc",1,26735,676,9,56,3
"sMEmj80EJy8",26,26710,1518,22,125,4
"exGGotfSuH0",15,26673,2102,4,228,4
"Epm5_DSfMn4",22,26668,272,34,110,4
"e9yCAIwqhNc",24,26379,199,6,15,3
"uui3jdrph5Q",1,26243,29,4,0,2
"3tUSDKhcxcc",26,26225,728,28,121,2
"ODLwIlXK-9o",26,26214,726,22,65,5
"iCXQwI2Luw8",24,26129,628,9,35,3
"0-_h-qFt_zs",10,26117,1178,11,79,1
"NuZJQ-YS7_w",25,26103,267,232,241,8
"TynRELscK8s",15,26102,2246,10,199,1
"eIj9vqnhQ6I",1,26033,177,11,10,1
"X8XHLakfV5U",1,25961,2180,26,120,2
"sdKWEWu4PnE",24,25909,637,40,137,3
"MhneJpcGVD8",2,25839,470,13,53,2
"9L4-DV1nVek",1,25796,64,4,22,1
"-knTMViJqMU",25,25741,916,109,316,4
"2gGRX1bvgS8",25,25601,128,100,102,3
"qqOR3qXyTY0",2,25513,60,3,25,3
"OTLw9G1WpC4",24,25512,474,64,96,2
"aBQDFQwfX2w",25,25393,349,217,119,11
"vZJXXguLysI",24,25386,78,10,28,5
"AixWaRt1ulk",23,25373,177,23,42,7
"RiVuoe-jaE0",25,25213,112,115,209,6
"wuEKwkTqdw4",25,25203,263,355,688,7
"EA5Tn5Gw_8s",10,25145,1367,10,135,6
"ZzO9skEYqwY",28,25130,1345,6,164,4
"SCR1KeLDZxw",26,24907,611,42,98,2
"lOEI6hYZe6Y",25,24772,215,7,190,4
"8qW6fjiMhgo",22,24737,0,0,772,4
"wc4v9uT6GWc",25,24715,180,28,152,7
"gd5a6LUuU-w",10,24660,3004,18,354,3
"C82YHbZNmKs",26,24611,1646,32,258,5
"dw74T9x6lDE",24,24577,1958,54,189,4
"oBVr0nUC5AA",10,24491,734,24,300,5
"JlcJaCS4BPM",25,24397,227,41,93,1
"aLLgene7kJo",10,24371,74,9,16,10
"Vn-l53PbEIQ",25,24332,320,71,0,2
"4qSziR6sD8Q",28,24311,176,2,42,1
"6hb0GOOFQwI",23,24296,828,63,82,10
"cik0lYDZa7c",17,24186,124,7,20,6
"LZaANM2Zt-Q",22,24067,509,33,21,2
"WIkBvAmXyGU",24,24047,264,20,125,1
"KMTJrFPie6w",23,24032,1739,22,45,1
"C_SJgw5MVFY",10,23987,1669,33,169,5
"32YGGYaUTgE",1,23910,208,8,42,5
"-QR-TB_k20M",24,23877,93,30,20,1
"bOG0X1WvXVU",20,23851,610,43,205,5
"AYte8ks2KAk",25,23798,142,32,3,1
"RQREeUE9eGI",23,23727,2792,28,201,3
"ESRAQtXVQL0",29,23634,131,13,23,1
"LNxWTS25Tbk",22,23506,1620,10,105,1
"OOGWCr4EZRo",24,23484,858,80,136,1
"UC34HrZhfPM",17,23429,365,10,188,1
"Ft-cmkjgOlk",1,23393,226,29,75,3
"4bWmB3cscBs",25,23222,778,29,41,3
"yF_EbNjQq3E",10,23082,556,3,72,5
"8HTdbCohTXY",25,22974,276,170,654,5
"2b5C6Xp3pwA",24,22942,150,2,4,4
"dHCURII_974",24,22893,834,15,42,6
"2rx8VHNG-DE",25,22871,195,677,403,7
"1A_feeLPImg",23,22795,39,4,6,2
"PE7ZhHirBFk",26,22786,1349,25,221,3
"FvLdEZ3mg54",24,22768,365,64,204,6
"5WUDfviiKRE",27,22695,108,312,203,5
"gCwDzQcbiF4",1,22695,1174,32,85,1
"PRHVfIbeGpQ",25,22690,0,0,0,1
"NSgMcs1KdTI",10,22607,1472,22,91,3
"dnA3Cd5xG5A",26,22383,921,26,78,1
"NZFhMSgbKKM",17,22302,83,75,63,5
"XvHgyZYz2LY",26,22302,930,19,66,3
"0doVNhCyoA4",25,22186,168,22,0,4
"mW8X2L1lpAo",1,22034,49,7,2,1
"FH4SVGKUX8A",10,21776,1154,16,160,6
"C5jcZGcMdaI",1,21701,64,14,9,6
"SPCYaMmPnIQ",25,21700,43,19,70,1
"CuVuqKyISR4",22,21650,648,24,81,2
"GxLYCKB8v2w",10,21513,770,4,63,4
"dcZY7uG-mn4",26,21416,660,13,38,2
"LIEOeqNRikk",20,21199,151,12,10,4
"IhhemrLxeeM",25,21180,191,25,157,2
"Xqy62kBAiLk",24,21175,73,2,1,4
"hsYCNQ9DA-w",27,21107,861,30,130,1
"jGyUVyp9w9g",24,21046,1308,62,206,1
"pQXwQVaQmGk",24,21007,433,11,35,1
"AZTn1UMs408",23,20960,318,5,34,6
"S74uFJHI6gM",25,20797,78,8,24,1
"skFCPu6elew",24,20636,213,55,51,3
"dg2ROPhbHg4",25,20631,150,36,116,7
"sVfTvLm-7Ac",17,20618,30,0,2,3
"4SvJgnhnUag",26,20545,550,2,82,5
"upEIZAihcwo",17,20541,10,103,16,5
"MNiweoKXwfg",24,20529,318,11,41,3
"IzbcIFW1qB0",25,20263,365,40,24,4
"tjwWaUs_OmM",28,20107,93,6,19,2
"B1pdDGaC9Mk",26,20100,697,54,60,1
"cJHA4lLp32M",24,20068,830,32,262,1
"SC8Eg0odTfY",24,20019,663,431,252,1
"piyds9slayg",26,19976,174,4,8,5
"3A-3NaPA3QU",26,19859,730,32,134,1
"BxZYIjdgGtg",10,19722,203,80,92,5
"jSQj4lq8ZEg",25,19422,230,503,367,7
"n6xzsLDzyBk",23,18916,1425,28,180,1
"PtNRJvsLHV0",22,18897,314,48,34,4
"2_fUmjfzh1Y",17,18875,269,3,24,3
"EdkK29-TWJk",15,18739,96,1,8,4
"fIQ2Ty2OL34",17,18573,420,10,236,1
"bozom9kH9pU",10,18471,395,8,62,4
"fvv6TnuvT3g",27,18330,1178,6,54,5
"WMefea9aYNA",25,18280,326,315,447,3
"DgY_Q3jE0BM",24,18108,155,20,10,1
"PfZHU8ZT-Uo",27,18096,1370,6,149,3
"phGlo_TNDp0",1,18015,56,4,7,6
"kEEBq1vDTa8",1,18006,486,16,31,4
"15nf2EBBNu0",28,18001,1194,9,196,6
"62GUa_XUosE",1,17968,30,2,1,3
"clvljBUYduE",24,17737,684,27,29,6
"0AWUKX5D_ak",24,17732,174,2,11,6
"aXLS_WDIugk",24,17716,49,2,2,5
"U0FRd8BbRW4",17,17702,113,8,20,5
"lRmsyFCP-Jw",10,17594,471,18,24,2
"C1fRIyBW4kk",24,17342,768,4,74,2
"Vxww9Ap3DdM",24,17315,182,22,53,3
"64IIfxDrhJY",1,17129,455,18,101,1
"5qvAXkzAcKw",25,17106,69,4,68,3
"ozhENW1LDa8",25,16990,111,71,203,5
"6kLYXbNZWRs",29,16948,1248,17,46,5
"h4kv0iKgiks",17,16590,41,14,13,5
"ZvdTNDMru78",25,16456,299,44,40,1
"p4qyWei8Kmo",25,16445,71,63,127,1
"WQd6x4KmVhA",10,16425,720,29,53,11
"RBNLxU98svQ",24,16417,153,5,23,4
"de8K18_G0qk",10,16387,1227,12,159,3
"rtJ7JTApIfM",25,16361,1032,184,300,5
"Xl38SuxyrgM",17,16305,147,13,47,1
"CRnCh-Y-kwM",25,16210,75,10,0,6
"X212iTIMfYU",26,16080,436,18,66,4
"Wiq7z_HS5DY",26,15870,910,41,80,2
"XisRqF3ympA",26,15787,410,13,81,2
"D8PXRnN0KPU",1,15693,145,12,43,4
"rO_mAQC9bv0",1,15476,34,1,10,2
"JQBrUjPaCNw",26,15400,495,22,37,1
"9OGr-2g0zVs",26,15300,384,71,44,5
"92BKdIai4ck",1,15127,153,10,5,5
"OkvNxYMyips",24,15066,526,61,338,5
"L2TLzPgqGdI",25,14972,154,5,14,4
"yfxJHGhaECA",17,14967,131,20,93,2
"Q32uEd5KF2k",24,14768,93,16,27,3
"9WT7NU3Rwr0",17,14657,89,5,36,5
"kD3XrTz8G8Q",17,14513,124,3,13,1
"S1ke1xQ-rmY",28,14459,64,31,27,6
"FM_7ZyE0ib4",27,14381,39,0,15,6
"smRlXuBcp3c",28,14370,51,1,4,2
"c_KdAO6MqiM",27,14289,42,0,8,1
"Zx7p_tmWlq0",25,14276,72,36,0,7
"IeTTfquV0iE",10,14265,832,11,70,4
"TncLBbJ8SZo",28,14175,344,13,106,3
"7dNu1AorSYc",15,14079,528,6,57,4
"fmqcXfcrAis",15,13970,142,14,25,5
"9U2kr_QfhoQ",2,13832,78,8,2,2
"S0eLwrrTBlc",27,13701,42,1,8,5
"QJfL0a3qEKw",23,13676,1172,18,169,1
"FvoPOdop0hA",2,13659,7,2,5,3
"i6mQAdU646o",25,13532,64,9,0,5
"6DuLfoU3apA",17,13531,136,5,16,4
"0Nip-J6u8C0",2,13458,38,14,0,5
"OitUxz6txUI",25,13189,103,61,50,4
"So_guHTJ4Ng",24,13164,91,4,0,3
"Vf76O7y-7pk",10,13135,1398,9,106,1
"b3KFfgoDzw8",25,13127,133,13,44,2
"2_dkBgK4Mbk",25,13044,68,22,220,1
"k-qUBZWor4I",17,13016,18,8,52,6
"qXU2qTRjBKU",22,12989,2,16,15,2
"ayOi5ZW-kgU",26,12963,367,4,62,1
"uNuOS-qwM0Q",10,12857,754,10,37,3
"gmgI-B5pKzs",25,12847,120,13,135,6
"QjjAjg5aZCI",24,12820,356,34,42,1
"bhoFXkVy8JA",1,12609,40,79,17,1
"1PhdQdJjDZc",17,12591,57,4,8,4
"rQ7yPtJ5Y7I",24,12544,67,24,18,5
"qLoqdxFqT9A",1,12515,30,7,4,1
"3oHhw_9bQk0",1,12507,227,5,26,2
"3x0usYgljOk",17,12494,252,3,91,1
"1yf8ZSjtXiI",19,12468,310,12,32,1
"EIer2-KAn7o",28,12461,1614,6,215,2
"hcfMZ6qjdXM",25,12168,381,12,47,3
"BR7AnZ3S8u8",25,12039,112,91,253,2
"A637CH916wY",27,12027,649,7,77,3
"eQTcXGk9BRk",10,11995,1403,12,107,3
"PitmObjGur4",17,11917,128,12,43,1
"J7wMOb0WIfQ",24,11887,5,0,0,3
"xgKyh00g6y8",25,11851,139,9,55,3
"HPs9EGBhl7M",22,11812,39,3,12,2
"OImHUNVLlco",25,11744,129,92,212,6
"eIns8Y0xegE",29,11736,114,34,30,3
"yI7qQ85DTZY",24,11730,102,49,37,1
"3BHcVPSD4p0",25,11692,145,79,0,7
"sOz90t6gH-8",25,11685,109,13,22,3
"L34y5NGMQBY",24,11661,477,11,109,5
"IR8k4uYnTfI",28,11503,304,60,60,2
"IGScS6YgzBY",23,11445,178,8,160,3
"dI5IxmA19jw",28,11439,63,11,10,3
"PgpOosts_Ms",24,11339,246,1,26,4
"xoeObnVyBug",25,11312,54,12,53,4
"zJP-CSFgb_s",25,11300,95,18,112,1
"L_5_slz4ke4",25,11156,86,22,74,4
"EJu_wPGFTw0",17,11156,58,4,5,5
"F5F-gq2pyTk",22,11133,366,25,50,2
"d7E3F0Vt2rE",24,11042,551,158,139,1
"lRXHd3HNzEo",28,10891,771,5,79,1
"hFEBexihBGk",1,10882,43,3,2,2
"5TY79E-a2xU",25,10836,41,17,229,4
"wCMHJ8bbTQs",23,10818,368,5,27,2
"AjMBDpRXsYA",25,10806,99,64,0,7
"q-giH_ezRTE",22,10754,163,30,50,1
"9vlKOFd73XM",25,10692,49,23,26,4
"6dlhWPDoifU",25,10661,178,26,195,8
"j9n7Boia0po",17,10655,17,0,6,4
"iWyQqwNAMdA",25,10579,144,20,10,6
"c-3JxzN2u34",25,10541,261,7,19,4
"Stbz2qg3ACc",24,10525,226,18,119,1
"AgrK2P3Ruug",24,10511,110,1,7,3
"yq4mgb1PDTI",2,10345,39,0,0,3
"Hfho_nJ5JJ8",24,10325,485,18,99,1
"icNjK6xATjs",25,10228,235,87,271,1
"x7sagGvoRI0",28,10194,594,15,81,7
"bo7cX6kCM2A",24,10107,195,9,38,3
"0umuSm2WA9g",25,10070,41,25,72,8
"1L_fPteZOYQ",24,9977,120,11,21,4
"1qKBNKtzTWg",24,9947,14,1,6,4
"V4dqF7UOspg",25,9846,148,116,69,6
"e89IWTGdIuQ",17,9762,14,47,32,5
"eijd-yjXY9E",28,9747,447,14,81,2
"kZ3xRQOhpQI",26,9625,459,9,29,2
"_0uV-jMbHQU",24,9595,46,92,26,6
"k7fPYKkt2cQ",10,9577,139,7,31,1
"JA_sKkXiQMI",22,9560,239,19,61,5
"nenhv6uTdmw",28,9454,267,36,43,1
"UieloIkLnnw",15,9443,316,3,23,2
"ZYCDNf1a-kY",24,9423,785,17,129,1
"F2VBwm44tB0",23,9391,30,8,13,1
"WmNGq56WMLE",25,9239,178,20,138,3
"Z9Mscw3O2XA",25,9193,29,52,45,3
"c9m52-psUmw",24,9078,28,9,7,6
"1x77e4XvqZ4",22,9046,45,0,4,4
"AAbtGz8dHKc",10,9020,123,6,18,6
"sH0Agabp3Rs",24,8993,292,5,162,2
"BGk6_KEFtLE",28,8924,48,2,3,3
"jR5k_1Jgf2Y",24,8798,60,18,20,4
"fmiZUgA-2W4",22,8795,23,1,1,2
"givBfOQ47OE",23,8790,837,7,60,4
"m3b7A5JLO7I",24,8697,78,11,22,1
"mdaElUyT1Zo",23,8659,72,4,8,3
"3mB2fIt7vzw",20,8493,309,17,203,5
"Pc1Obe1BWhc",29,8493,31,1,3,5
"l7YnFiAAlxw",25,8493,107,6,19,3
"iES66zqOl64",25,8486,30,4,0,1
"4NOIj0Munk0",25,8411,71,69,158,1
"y2l7bhf5fJo",15,8394,46,9,25,1
"uuWrT3jBzrw",24,8300,7,1,2,3
"Ysh3Z_rOa_U",23,8232,85,5,11,4
"R8C9rZQlcKM",28,8177,491,3,105,1
"1-BhcMdxfjI",24,8154,84,2,3,5
"9brhgq2OmXw",22,8021,65,5,7,2
"c0mbyMWd0Q8",25,8004,38,15,15,2
"yc2m1LLa9l4",24,7978,219,2,12,1
"k-Uw58mxLV4",28,7977,28,5,4,2
"B450jhJ5vHg",28,7952,126,8,9,3
"rutlOmdgqgI",10,7840,253,17,36,2
"6xnTeGwRCGY",25,7767,74,88,200,6
"GDUncuEErzQ",27,7753,29,3,3,4
"lD0etN63KCg",10,7746,203,20,27,4
"_JY-latu82Q",24,7662,52,4,3,5
"k3tWCZu42PQ",25,7576,51,34,108,1
"Fq0cNEAbsJE",24,7436,170,8,59,2
"AmZJwThOfzE",15,7325,6,6,1,1
"nRLP9BoSQo4",25,7260,205,14,23,1
"7efwdTlRvvs",17,7189,15,0,14,4
"z7WjD5G5ZuY",26,7130,114,4,5,1
"PozbOaVdPp0",22,7036,55,1,11,1
"VJlSq6h0LNg",17,6993,20,58,53,3
"zbV1zyg_4qU",28,6890,199,9,72,3
"jXuAqchqTs8",24,6883,436,4,89,3
"wtegEB9lvaA",10,6882,291,22,21,3
"1WDj0DddCcM",25,6801,11,35,16,3
"bJje-B9YLIU",24,6688,26,11,8,9
"TTio2AvTMKk",24,6687,56,0,3,3
"KOUxLhYVgGw",26,6582,174,8,22,1
"0f7CuSU_huU",2,6570,15,0,8,2
"fdpYWltgYMk",10,6553,477,2,32,3
"upC36TCNXvg",24,6483,492,45,61,3
"30UjfElERlc",25,6450,121,312,187,5
"5IyiD8xv_Pk",15,6447,30,4,4,4
"YqH4eWR7jDQ",27,6412,49,0,2,1
"eu6hJx1L9IU",1,6320,90,8,15,1
"9Th4qTv-4jE",28,6247,22,0,2,3
"YcCrw6d3UX4",25,6183,56,29,54,6
"n1_Nx4OXnjU",23,6172,29,4,33,1
"3K0wXkf0QAY",28,6149,109,3,18,2
"7m630xvAJtA",22,6148,121,3,19,1
"a9i2wTxsxV0",1,6122,16,0,8,4
"UKKYt6fWob8",25,6084,203,70,200,1
"F4Q3kWZ369A",10,5969,192,26,104,2
"aujUl3yt6nM",22,5963,47,2,13,3
"u2HVB-9lC3U",25,5870,11,0,5,1
"xhBMUFDdiok",10,5839,427,14,28,2
"Eafi9hqm3OY",15,5817,22,0,1,2
"ByO3RFHMdSs",25,5760,74,147,102,2
"1iUgR_lKn1c",25,5722,93,45,65,2
"avDL9JRcmgs",22,5696,8,0,1,4
"W_pH4u5-NhE",23,5682,21,2,0,3
"rovAxg5A48Q",28,5584,38,2,10,1
"C3B69-LeVCY",10,5576,312,2,17,2
"kjkw7rKhPfc",28,5509,0,0,17,1
"KkhR9z6pAMs",24,5464,13,1,2,3
"aHjS9YBXzXU",28,5454,60,0,4,2
"3mUtNE82ZV4",24,5443,46,26,27,1
"SqyPQ5eAgCY",17,5349,68,9,22,2
"fGTfbMioezc",1,5318,20,1,3,2
"o2NXapQDLeg",17,5251,50,1,5,3
"_LnZrXrdC00",28,5224,522,2,71,1
"w4n1XcBdwFk",28,5220,26,2,0,4
"mqbwgqoF64Q",24,5169,27,0,4,3
"HHtfcjwHERA",26,5160,152,11,15,4
"Q6Usd3_fbq8",10,5149,242,0,54,1
"byBCkV_j-As",26,5144,18,0,2,1
"Q9B45wXYpzc",25,5019,46,1,64,6
"A_yJqOZcIQ0",22,5013,8,1,1,2
"wxd-5OIngDw",24,4950,102,1,13,1
"5-l84AgchWA",26,4923,649,11,95,5
"qDI8LnPq3VY",24,4880,2,4,1,3
"pjaEEzjd9iw",25,4864,31,8,51,5
"2XLw9U7Z1CM",24,4862,65,0,0,2
"oB3SAI2oCqk",2,4850,22,1,1,1
"UpGPcHrVUZI",2,4842,23,1,6,4
"JdrdNQfZoqs",22,4767,90,1,4,1
"WlN04DM8ol0",24,4744,2,0,1,3
"1e5vRpODASk",28,4743,11,1,6,2
"OG2C2KgtRRU",26,4734,11,3,2,3
"N7YPLAhjW6g",22,4541,144,1,29,1
"Xk_Gv89jzas",2,4524,44,7,9,1
"fiErkaNjBwk",28,4497,113,4,16,2
"Y_VQkw9MJA4",24,4442,46,3,7,3
"v6d1rShfyZk",22,4386,2,2,1,5
"acVAwLTe3lM",26,4371,18,0,0,1
"p7KHGUwqF24",25,4351,10,0,0,3
"2PQCLZbzxq8",24,4318,32,0,0,7
"pkwSoJrVWAY",28,4253,29,0,4,1
"Cd2Ue_xw1oo",24,4233,126,1,8,3
"Yxv5EY-JwmU",24,4232,49,4,4,1
"SwEVxk-jWDo",25,4176,100,13,17,2
"9aC3UOu5dR0",24,4167,76,18,1,1
"tj3EKWwIulQ",24,4050,0,0,0,4
"2UPIKvHp_m8",25,4040,19,3,0,4
"qmcVlPqy9-o",22,4035,2,0,0,4
"KWn4JmiM2pM",10,4010,83,13,94,4
"U41Pm93Ej2c",20,4008,13,0,4,4
"VW-5B_g8CrY",25,3996,45,6,17,3
"x-uBFJLY8Ow",26,3987,100,4,15,3
"tlqXVsoiwd8",25,3940,73,9,69,2
"ZhSk8mPSWCg",24,3914,48,3,24,3
"p7E8g-Ity0k",25,3912,67,11,3,3
"682vsLy3TtE",25,3902,21,6,20,4
"aHsfKnrNCG4",10,3896,9,0,1,3
"FrK2j4cPxSc",25,3892,35,14,91,1
"4HSul1NBFes",27,3831,0,0,0,1
"7lIfFJgmJsY",15,3820,12,0,2,4
"h2DY-VCtb54",28,3797,17,3,7,2
"9udUUMxQNG0",26,3791,70,1,6,3
"nWC0PkHB8O4",28,3788,37,1,5,1
"EQzWr52gCWA",28,3735,139,1,42,3
"34By94AKkZE",25,3721,29,4,34,1
"QaASZecxQww",24,3699,19,3,1,2
"VjEyUUQP1s8",28,3643,159,1,20,4
"AeVrH_3igzk",25,3640,54,1,4,1
"l7n58h-Zj3I",28,3635,84,3,21,4
"_oZIbFolJTw",1,3598,28,0,3,6
"WG8JK-cPu-g",24,3597,59,8,13,1
"6ULZDwevR0M",27,3596,20,4,13,1
"jQR_Bp66u9w",1,3519,9,2,2,2
"k-w8GxCpsCU",17,3491,19,0,2,3
"2Vm27xL57O0",27,3483,67,1,8,3
"QOdVw75Vbv4",24,3479,34,0,4,2
"l0rAEPJoWeE",28,3467,17,0,0,3
"yUMalTN2OvM",10,3456,4,4,5,3
"3Eu3N6KsWtY",24,3442,59,2,5,3
"-cQoGwpDBPs",22,3438,18,0,0,1
"RxzZ_OXQApM",10,3411,41,0,8,1
"Ow-plaMZHT8",2,3362,4,4,4,4
"FMXdXCYvLQQ",28,3329,96,1,11,4
"7sEKooUZi7I",28,3319,30,1,1,4
"yirvgC-kMq0",24,3311,42,0,2,6
"4ZuR8JK0N_I",25,3309,35,8,17,3
"73w5fYHqVwA",25,3290,76,1,9,2
"kqWQFnH6h-E",24,3286,15,4,2,3
"y00fPzC-xiA",28,3240,179,1,59,1
"BPmgDhwbd1w",28,3237,161,2,35,1
"VFreC_yfQqs",25,3195,8,3,8,5
"-37nIo_tLnk",17,3170,4,0,1,8
"lH4WpBbX0oE",1,3133,37,2,10,1
"aAGobKLb1JY",25,3132,16,5,21,1
"PXWlnc-Qcwg",22,3114,14,0,4,1
"cv8VhlIw6Qc",25,3085,39,3,70,4
"_GPFA89Vilg",22,3079,5,3,0,4
"Bx1aWLcUF3A",25,3068,20,5,10,3
"NyNtWpDnT0Y",23,3052,7,39,0,2
"6ZkZ7pSD2mw",24,3046,6,3,2,1
"P2I7hQHOqNI",25,2944,32,0,3,2
"XI1tgzimsRc",22,2892,30,0,0,3
"WbYqfpnw7sE",22,2885,3,0,2,3
"B2MvoBRzrm4",28,2840,119,1,7,4
"vBQOVNuSNvI",24,2816,77,21,35,2
"KIFiLnPHUoM",28,2805,52,7,8,5
"HPdmdO0ZxgA",25,2758,41,9,21,3
"aE4XqQZLkek",24,2721,6,1,1,6
"jw7q_kcQXO8",10,2717,5,0,0,2
"j28Gt5_Mlo8",19,2700,59,2,7,1
"VoUEz9yQJ8w",1,2696,0,0,3,3
"PXi4JIklpOs",25,2691,20,5,20,1
"CvpwGru3s7s",24,2665,11,0,0,2
"mJ-lFt9_uxI",25,2664,16,5,4,2
"RVpcL0nL7iE",17,2629,35,2,4,3
"NzCSJrxQyQI",17,2620,8,12,5,4
"Q0BIVH-8pwk",24,2606,7,0,0,3
"5BD1Yjc3du8",24,2598,8,1,0,4
"L1d2BJqdywQ",26,2585,7,0,0,1
"0jmDHoPUGKI",29,2492,19,1,3,3
"g9T-zd80lNM",22,2472,19,2,4,3
"4Ek6UCI0YQs",27,2452,2,0,0,3
"A_mlvG_nRsg",17,2447,0,3,1,2
"W7Vf8NiqSu8",24,2427,12,0,0,3
"GtbbmlmtJv0",28,2384,15,2,4,4
"5HUCAF6898w",28,2367,55,1,4,1
"7xhxjcejONk",28,2358,17,1,1,3
"wRGldR_SQAA",22,2259,0,0,0,1
"2a52cBN9qOA",25,2232,12,3,19,6
"rz6-sdiGad8",22,2139,12,0,10,3
"aLSG3178eD4",29,2093,0,0,0,4
"P7zi6oQ4fPQ",24,2087,4,0,0,3
"RIAVKKzOocc",24,2086,9,0,0,6
"77e7n60Zs9E",24,2085,35,3,8,1
"YXNeKeROiXA",25,2084,35,11,0,2
"7pXcSzCvYvs",25,2084,45,5,21,3
"CVPp5FtQN8E",26,2082,20,0,5,3
"mqf0f1h8ZTU",17,2078,4,0,0,3
"rRhzbPW3gzw",17,1952,14,1,2,2
"i9-0BJ4CJvM",25,1949,20,5,25,6
"JGEsZBPkjNY",28,1946,8,0,1,2
"tRbHXZvVMbM",25,1896,20,1,8,4
"P4VipvC54W4",22,1893,8,0,0,4
"h1bXpNJ5zK0",26,1879,32,2,38,2
"4d07RXYLsJE",28,1827,3,0,2,1
"tblXEAKO6KA",10,1808,16,3,11,3
"bT9HPXKP5dI",23,1807,6,3,0,1
"YPHDFdk_BW8",24,1774,14,5,10,1
"AULfqQCVmWY",17,1722,17,3,1,1
"qvLyNeMGdR4",24,1689,7,0,2,5
"r3d2alzgjKc",28,1638,7,1,1,3
"MmiFNe00SP0",25,1593,6,1,3,3
"lCT0OaVqIQE",25,1464,3,15,4,5
"KLZl_sxSN_g",25,1431,4,0,0,2
"3rhw4KgcvFM",24,1426,14,0,0,3
"OmM425PFd3Y",24,1402,20,0,0,1
"0devsSCkYRY",25,1381,35,6,4,1
"BGtsTNCMrQI",20,1375,2,0,3,3
"GF_0i9WxA_s",26,1370,25,2,5,3
"mWaY32HWjKE",17,1252,11,1,4,2
"I_puTos3yVs",25,1233,32,4,48,2
"Wwyxaow1wWg",24,1216,2,1,0,4
"QKwgif8OW1w",19,1204,7,0,2,2
"jiP82WVx6mM",28,1151,18,1,0,3
"B7B6x2bHcUs",25,1106,39,12,17,3
"s_FAjI51LPU",1,1082,2,0,1,3
"g3VgrgV3kFk",17,1032,3,1,1,3
"TKMXw1YI5S4",22,988,12,5,3,4
"JNv4w6DFoYs",19,917,3,1,0,2
"tKX8nUCSBjM",25,835,9,5,0,3
"qg0GdM60syI",27,773,2,0,0,1
"zeQaJGkFyqQ",25,748,9,0,0,1
"dQMZLXaa1L8",17,745,1,0,0,3
"-JVITToppE0",17,704,10,2,5,2
"y6KYFcta4SE",25,559,9,0,4,3
