"Team","Year","Win","Off.Yards.Play","Pass.Yards.Attempt","Yards.Completion","Pass.Yards.Per.Game","Yards.Rush","Rushing.Yards.per.Game","X3rd.Percent","X4th.Percent","Yards.Play.Allowed","Yards.Attempt.Allowed","Yds.Rush.Allowed","Opponent.3rd.Percent","Opponent.4th.Percent","Turnover.Margin","Avg.Turnover.Margin.per.Game","Interceptions.Thrown.y","Opponents.Intercepted","Fumbles.Lost","Fumbles.Recovered","Penalty.Yards.Per.Game","Penalties","Tackle.For.Loss.Per.Game","Sacks","Average.Sacks.per.Game","Pass.Attempts","Rush.Attempts","X3rd.Attempts","X4th.Attempts"
"Akron (MAC)",2013,5,4.9,6.28,11.25,219.4,3.52,122.6,0.393,0.389,5.51,7.26,4.1,0.429,0.412,-2,-0.17,10,13,11,6,53.5,78,5.6,27,2.25,419,418,183,7
"Alabama (SEC)",2013,11,7.15,8.85,13.24,248.5,5.8,205.6,0.476,0.583,4.83,6.6,3.32,0.347,0.263,2,0.15,7,11,10,8,40,63,5.3,17,1.31,365,461,147,7
"Arizona (Pac-12)",2013,8,5.79,6.57,10.8,193.5,5.32,264.9,0.472,0.4,5.26,6.59,4.11,0.393,0.462,4,0.31,7,18,11,4,36.77,52,5.9,17,1.31,383,647,212,12
"Arizona St. (Pac-12)",2013,10,5.81,7.54,12.05,265.9,4.41,191.4,0.391,0.6,5.53,7.38,3.88,0.371,0.591,15,1.07,12,21,6,12,31.36,56,7.2,41,2.93,494,608,215,15
"Arkansas (SEC)",2013,3,5.53,5.92,11.88,148.5,5.28,208.7,0.417,0.467,6.09,7.92,4.67,0.434,0.643,-9,-0.75,11,8,12,6,38.42,49,5.6,8,0.67,301,474,156,7
"Arkansas St. (Sun Belt)",2013,8,5.6,7.14,10.3,202.1,4.62,205.7,0.446,0.286,5.78,6.99,4.72,0.382,0.429,7,0.54,7,9,7,12,60.23,94,5.5,29,2.23,368,579,193,6
"Army West Point (FBS Independent)",2013,3,5.49,6.05,12.41,77.6,5.36,309.8,0.429,0.5,6.55,9.44,5.1,0.441,0.556,-1,-0.08,4,7,13,9,32.5,45,4.8,17,1.42,154,693,168,13
"Auburn (SEC)",2013,12,6.92,8.5,14,173,6.3,328.3,0.465,0.533,5.96,7.33,4.59,0.33,0.464,0,0,8,13,11,6,40.64,70,6.4,18,1.29,285,729,187,8
"Ball St. (MAC)",2013,10,6.46,8.28,13.09,324.2,4.41,152.9,0.447,0.357,5.58,6.56,4.77,0.393,0.613,12,0.92,8,13,11,18,31.08,49,5.7,16,1.23,509,451,170,5
"Baylor (Big 12)",2013,11,7.49,10.42,16.85,359.1,5.39,259.7,0.47,0.52,4.75,6.35,3.46,0.339,0.25,13,1,6,19,10,10,82.31,120,7.6,22,1.69,448,626,202,13
"Boston College (ACC)",2013,7,6.04,7.51,12.27,154.8,5.28,212.5,0.347,0.556,5.93,8.25,4.03,0.423,0.5,3,0.23,8,9,9,11,30.69,47,6.7,22,1.69,268,523,176,5
"Bowling Green (MAC)",2013,10,6.54,9.22,14.61,266.1,4.68,193.4,0.455,0.455,5.06,5.67,4.5,0.353,0.348,10,0.71,7,8,4,13,45.21,73,6,41,2.93,404,579,178,10
"Buffalo (MAC)",2013,8,5.32,6.92,12.16,227.3,4.04,167.4,0.401,0.471,5.59,7.41,4.24,0.348,0.222,14,1.08,8,15,7,14,61.38,77,6.9,20,1.54,427,538,202,8
"BYU (FBS Independent)",2013,8,5.78,6.58,12.41,226.3,5.23,267.3,0.377,0.524,4.79,5.81,3.86,0.361,0.348,2,0.15,14,13,7,10,66.38,102,6.2,38,2.92,447,664,231,11
"California (Pac-12)",2013,1,5.21,6.4,10.81,331.4,3.46,122.2,0.338,0.421,7.08,9.39,4.9,0.414,0.667,-15,-1.25,14,5,14,8,67.58,85,6.3,36,3,621,424,213,16
"Central Mich. (MAC)",2013,6,5.41,7.23,13.02,208.3,3.89,132.8,0.429,0.3,5.85,7.51,4.78,0.448,0.421,-5,-0.42,17,14,10,8,41.67,52,6.2,31,2.58,346,410,154,3
"Cincinnati (AAC)",2013,9,6.23,8.42,12.69,303.6,4.24,168.5,0.484,0.474,4.77,6.27,3.21,0.331,0.545,-7,-0.54,17,13,11,8,57.85,80,6.8,17,1.31,469,516,190,9
"Clemson (ACC)",2013,11,6.36,8.78,12.7,333.1,4.17,174.6,0.447,0.577,5.03,6.91,3.73,0.308,0.609,6,0.46,12,18,12,12,50,73,9.5,35,2.69,493,544,197,15
"Colorado (Pac-12)",2013,4,5.34,7.27,12.72,249.1,3.44,120.8,0.337,0.286,6.08,7.45,4.94,0.388,0.6,-3,-0.25,15,10,9,11,38.42,52,5.8,20,1.67,411,421,172,4
"Duke (ACC)",2013,10,5.87,7.36,11.66,248.1,4.58,178,0.395,0.696,5.67,7.42,4.25,0.373,0.536,1,0.07,19,18,6,8,40.71,64,4.9,17,1.21,472,544,200,16
"East Carolina (C-USA)",2013,10,5.92,7.55,10.74,328.1,3.93,140.1,0.51,0.706,4.9,6.38,3.26,0.456,0.52,8,0.62,10,18,6,6,44.92,69,6,30,2.31,565,463,196,12
"Eastern Mich. (MAC)",2013,2,5.16,6.36,12.01,178.1,4.26,158,0.34,0.571,7.61,9.71,6.27,0.474,0.8,-12,-1,14,7,9,4,42.58,63,3.8,28,2.33,336,445,162,12
"FIU (C-USA)",2013,1,3.56,5.85,11.2,142.8,2.06,76.3,0.225,0.435,6.58,8.49,5.28,0.397,0.636,-6,-0.5,10,7,10,7,41.17,57,4.8,52,4.33,293,445,173,10
"Fla. Atlantic (C-USA)",2013,6,5.37,6.74,12.14,198.3,4.4,182.9,0.4,0.533,4.88,5.63,4.32,0.335,0.438,-3,-0.25,11,13,11,6,40.08,56,6,26,2.17,353,499,185,8
"Florida (SEC)",2013,4,4.79,6.59,10.31,170.9,3.63,145.8,0.39,0.611,5.3,6.46,4.35,0.34,0.471,-2,-0.17,9,10,11,8,59.25,89,5.1,27,2.25,311,482,172,11
"Florida St. (ACC)",2013,14,7.67,10.01,15.36,315.9,5.63,203.1,0.522,0.75,4.09,5.14,3.26,0.322,0.5,17,1.21,13,26,5,9,49.57,79,7,33,2.36,442,505,157,3
"Georgia (SEC)",2013,8,6.66,8.9,13.94,314.2,4.55,169.9,0.418,0.591,5.41,7.74,3.7,0.399,0.636,-7,-0.54,12,7,10,8,47.46,83,6.2,22,1.69,459,486,165,13
"Georgia Tech (ACC)",2013,7,6.1,8.35,18.42,130.4,5.46,299.3,0.514,0.444,5.52,7.44,3.57,0.363,0.615,-4,-0.31,13,14,11,6,40.69,63,6.4,14,1.08,203,713,175,8
"Houston (AAC)",2013,8,5.72,7.04,12.2,280.5,4.15,139,0.356,0.235,5.23,7.03,3.58,0.344,0.56,25,1.92,10,25,8,18,67.77,98,6,29,2.23,518,435,191,4
"Idaho (FBS Independent)",2013,1,4.78,6.53,12.37,230.8,3.29,137.5,0.33,0.441,6.93,8.42,5.49,0.468,0.684,-8,-0.67,13,10,14,9,50.67,77,5.9,53,4.42,424,501,209,15
"Illinois (Big Ten)",2013,4,5.91,7.59,11.43,287.7,4.06,139,0.476,0.333,6.66,8.23,5.58,0.452,0.5,-10,-0.83,14,3,7,8,46.92,70,5.6,30,2.5,455,411,170,5
"Indiana (Big Ten)",2013,5,6.58,7.83,13.19,306.7,5.29,201.8,0.467,0.5,6.74,8.39,5.43,0.465,0.448,-3,-0.25,14,7,6,10,42.92,62,5.3,18,1.5,470,458,184,12
"Iowa (Big Ten)",2013,8,5.26,6.83,12.03,197.1,4.2,179.9,0.436,0.294,4.58,5.75,3.58,0.357,0.571,-1,-0.08,15,13,7,8,32.69,52,6.2,15,1.15,375,557,202,5
"Iowa St. (Big 12)",2013,3,4.82,6.34,11.34,219.2,3.54,143.8,0.345,0.684,6.05,6.9,5.35,0.384,0.565,-1,-0.08,14,8,8,13,47,66,5,38,3.17,415,488,203,13
"Kansas (Big 12)",2013,3,4.28,5.12,10.94,140.4,3.73,154.1,0.279,0.25,5.82,7.14,4.72,0.408,0.286,1,0.08,12,14,11,10,59.42,88,6.1,30,2.5,329,496,190,7
"Kansas St. (Big 12)",2013,8,6.32,9.3,14.83,224.7,4.5,178,0.488,0.571,5.08,6.24,3.92,0.409,0.478,0,0,13,17,12,8,45,66,5.5,26,2,314,514,162,4
"Kent St. (MAC)",2013,4,5.55,6.17,10.71,186.5,5.04,182.4,0.395,0.474,6.05,7.82,4.88,0.424,0.308,-4,-0.33,9,9,8,4,53.42,74,4.4,14,1.17,363,434,172,9
"Kentucky (SEC)",2013,2,5.29,6.76,11.37,193.3,4.12,147.9,0.309,0.607,6.26,8.21,4.9,0.447,0.688,0,0,6,3,9,12,49.25,69,4.5,37,3.08,343,431,165,17
"La.-Monroe (Sun Belt)",2013,6,5.03,6.05,10.88,237.5,3.79,122.8,0.379,0.3,5.82,6.99,4.81,0.402,0.333,-4,-0.33,14,13,9,6,41.92,61,5.8,27,2.25,471,389,203,6
"Louisiana (Sun Belt)",2013,9,6.14,8.65,14.08,212.2,4.71,204.5,0.5,0.286,5.76,7.63,4.13,0.413,0.385,1,0.08,14,14,8,9,49.31,68,6.5,27,2.08,319,564,174,4
"Louisiana Tech (C-USA)",2013,4,5.12,5.52,9.73,206,4.69,160.2,0.359,0.313,5.3,7.18,4.11,0.453,0.526,-3,-0.25,15,18,14,8,41.17,57,6,30,2.5,448,410,184,5
"Louisville (AAC)",2013,12,6.7,9.3,13.13,314,4.2,146.8,0.56,0.333,4.2,5.95,2.58,0.267,0.522,17,1.31,4,16,6,11,64.31,92,7.8,26,2,439,455,175,2
"LSU (SEC)",2013,10,6.94,10.01,15.92,251,5.03,202.3,0.571,0.333,5.08,6.45,3.93,0.383,0.429,0,0,9,11,10,8,56.31,90,5.3,25,1.92,326,523,161,3
"Marshall (C-USA)",2013,10,6.41,7.9,13.09,294.4,5.05,205.9,0.514,0.591,4.9,6.53,3.7,0.336,0.567,3,0.21,10,18,13,8,46.36,84,7.3,26,1.86,522,571,210,13
"Maryland (ACC)",2013,7,5.79,7.79,14.05,248.5,4.05,148.4,0.317,0.333,5.09,6.73,3.72,0.342,0.412,-7,-0.54,10,11,18,10,36.69,58,7.8,27,2.08,415,476,189,6
"Massachusetts (MAC)",2013,1,4.29,5.54,10.6,156.4,3.35,125.2,0.36,0.409,6.6,8.48,5.39,0.404,0.474,-7,-0.58,18,8,8,11,43.33,60,3.8,16,1.33,339,448,186,9
"Memphis (AAC)",2013,3,4.68,5.76,10.09,173.2,3.79,138.3,0.306,0.481,5.19,7,3.32,0.439,0.526,-8,-0.67,11,11,15,7,71.83,92,6.5,28,2.33,361,438,173,13
"Miami (FL) (ACC)",2013,9,6.75,8.99,15.27,265.5,4.78,160.3,0.352,0.421,5.75,7.35,4.4,0.419,0.667,5,0.38,14,18,8,9,44.77,71,4.7,17,1.31,384,436,159,8
"Miami (OH) (MAC)",2013,0,3.68,5.21,11.38,124.3,2.7,101.6,0.246,0.423,6.35,8.09,5.08,0.482,0.75,-3,-0.25,11,10,10,8,34.17,52,5.2,50,4.17,286,451,167,11
"Michigan (Big Ten)",2013,7,5.44,8.15,13.59,247.8,3.28,125.7,0.392,0.538,5.29,6.93,3.81,0.398,0.4,5,0.38,13,17,8,9,34.46,54,5.4,36,2.77,395,498,181,7
"Michigan St. (Big Ten)",2013,13,5.4,6.89,11.95,211.7,4.28,173.8,0.441,0.643,4.04,5.18,2.85,0.279,0.316,13,0.93,7,17,8,11,50.43,76,6.5,17,1.21,430,569,213,9
"Middle Tenn. (C-USA)",2013,8,5.7,6.72,11.37,208.2,4.93,199.3,0.464,0.375,5.3,6.8,4.33,0.478,0.667,12,0.92,15,15,6,18,42.69,54,5.2,16,1.23,403,526,192,6
"Minnesota (Big Ten)",2013,8,5.23,7.21,14.05,148.1,4.33,195.2,0.423,0.7,5.66,6.9,4.54,0.368,0.591,3,0.23,7,10,9,9,36.08,57,5.6,27,2.08,267,586,182,14
"Mississippi St. (SEC)",2013,7,5.91,7.41,12.56,244.5,4.69,189.9,0.392,0.448,5.45,6.87,4.21,0.352,0.5,7,0.54,12,14,6,11,39.62,64,5.7,23,1.77,429,527,176,13
"Missouri (SEC)",2013,12,6.59,7.8,13.26,252.9,5.66,237.9,0.438,0.625,5.41,6.54,4.17,0.378,0.565,16,1.14,8,20,8,12,38.79,72,7.7,27,1.93,454,588,194,10
"Navy (FBS Independent)",2013,9,5.81,7.65,15.09,85.9,5.46,325.4,0.511,0.679,5.65,7.07,4.55,0.459,0.552,12,0.92,4,13,6,9,21.69,34,3,18,1.38,146,775,174,19
"NC State (ACC)",2013,3,5.12,6.78,11.61,240.8,3.76,162.7,0.383,0.452,5.89,6.87,5.02,0.407,0.625,0,0,15,12,6,9,43.33,69,7,36,3,426,519,214,14
"Nebraska (Big Ten)",2013,9,5.57,6.76,11.73,196.7,4.8,215.7,0.392,0.667,5.21,7.19,3.77,0.309,0.381,-11,-0.85,13,14,16,4,51.15,76,7.2,17,1.31,378,584,186,10
"New Mexico St. (FBS Independent)",2013,2,5.43,7.1,10.91,240.9,3.9,144.3,0.367,0.364,7.65,8.88,6.86,0.452,0.556,-6,-0.5,13,10,13,10,37.92,51,3.9,25,2.08,407,444,169,4
"North Carolina (ACC)",2013,7,5.87,7.96,12.74,277.4,3.93,148.3,0.41,0.667,5.28,6.77,4.17,0.4,0.333,2,0.15,11,13,7,7,63.92,96,6.2,21,1.62,453,490,188,14
"North Texas (C-USA)",2013,9,5.61,7.43,11.44,229.8,4.28,180.7,0.47,0.533,5.14,6.51,3.68,0.363,0.308,11,0.85,14,18,9,16,52.85,82,6,11,0.85,402,549,202,8
"Northern Ill. (MAC)",2013,12,6.78,7.45,11.94,222.6,6.35,297.2,0.452,0.667,5.44,7.13,3.85,0.387,0.467,13,0.93,8,19,9,11,45.5,75,5.1,11,0.79,418,655,197,14
"Northwestern (Big Ten)",2013,5,5.39,7.14,11.31,227.2,4.08,172.4,0.399,0.429,5.46,6.89,4.15,0.401,0.5,3,0.25,13,19,7,4,34.75,49,6.2,36,3,382,507,188,6
"Notre Dame (FBS Independent)",2013,9,6.08,7.72,14.66,254.8,4.47,151.3,0.42,0.385,5.12,6.31,4.18,0.419,0.316,0,0,13,13,4,4,46,73,4.9,8,0.62,429,440,176,5
"Ohio (MAC)",2013,7,5.56,7.51,12.46,245.4,3.77,134,0.392,0.417,5.75,7.28,4.62,0.442,0.571,-2,-0.15,13,14,11,8,54.77,74,5.6,19,1.46,425,462,189,5
"Ohio St. (Big Ten)",2013,12,7.15,7.73,11.96,203.3,6.8,308.6,0.467,0.636,5.28,7.03,3.29,0.356,0.542,5,0.36,9,16,10,8,45.57,73,6.5,22,1.57,368,635,169,14
"Oklahoma (Big 12)",2013,11,5.84,6.76,11.5,199.1,5.21,223.9,0.395,0.688,5.38,6.76,4.09,0.337,0.357,8,0.62,11,16,5,8,55.62,87,5.6,15,1.15,383,559,195,11
"Oklahoma St. (Big 12)",2013,10,5.91,7.44,12.87,277.2,4.44,171.6,0.388,0.455,4.77,5.83,3.64,0.314,0.5,15,1.15,13,21,5,12,60,87,7.3,14,1.08,484,503,196,5
"Ole Miss ()",2013,8,6.04,7.52,11.88,283.3,4.68,190,0.457,0.536,5.25,6.95,3.92,0.401,0.55,1,0.08,13,13,8,9,41.62,72,6.8,27,2.08,490,528,197,15
"Oregon (Pac-12)",2013,11,7.55,9.36,14.8,291.5,6.26,273.5,0.431,0.484,4.62,5.55,3.82,0.403,0.464,10,0.77,6,17,12,11,70.15,106,5.4,18,1.38,405,568,160,15
"Oregon St. (Pac-12)",2013,7,6.19,7.75,11.73,372.6,3.46,94.4,0.406,0.538,6.14,7.29,5.1,0.404,0.529,3,0.23,16,19,10,10,50.62,82,5.8,25,1.92,625,355,180,14
"Penn St. (Big Ten)",2013,7,5.71,7.6,12.9,259.2,4.17,174,0.343,0.542,5.3,6.73,3.92,0.365,0.429,-2,-0.17,10,13,12,7,33.58,55,5.8,22,1.83,409,501,172,13
"Pittsburgh (ACC)",2013,7,5.52,7.67,12.6,236.5,3.62,125.7,0.382,0.5,5.52,7.36,4.04,0.383,0.368,-1,-0.08,9,8,8,8,46.54,75,6.6,43,3.31,401,452,173,5
"Purdue (Big Ten)",2013,1,4.56,6.08,11.02,215.8,2.52,67.1,0.308,0.48,6.23,7.55,5.34,0.565,0.556,-3,-0.25,13,13,9,6,42.92,61,4.6,38,3.17,426,319,172,12
"Rice (C-USA)",2013,10,5.43,7.19,14.1,178.2,4.55,227.4,0.394,0.563,5.33,6.89,4.14,0.349,0.433,7,0.5,9,14,10,12,45.29,74,5.2,37,2.64,347,699,216,9
"Rutgers (AAC)",2013,6,5.29,6.93,12.76,235.6,3.7,129.5,0.353,0.778,5.68,7.79,3.1,0.416,0.765,-12,-0.92,22,8,8,10,53.77,84,6.3,35,2.69,442,455,184,21
"SMU (AAC)",2013,5,5.53,6.62,10.24,341.4,3.45,93.8,0.389,0.481,5.58,7.4,3.79,0.412,0.45,-7,-0.58,12,11,12,6,64.17,90,7.5,38,3.17,619,326,198,13
"South Alabama (Sun Belt)",2013,6,5.79,7.7,13.13,252.8,4.25,172.8,0.4,0.364,5.62,7.28,4.26,0.364,0.579,5,0.42,9,11,4,7,45.75,64,7.2,17,1.42,394,488,180,8
"South Carolina (SEC)",2013,11,6.39,8.62,13.81,253.8,4.8,198.5,0.439,0.7,5.46,6.91,4.31,0.373,0.619,13,1,4,18,13,12,41.77,69,6.7,23,1.77,383,537,180,21
"South Fla. (AAC)",2013,2,4.28,5.61,12.06,166.8,2.96,88.7,0.279,0.313,5.42,7.4,3.86,0.39,0.556,-4,-0.33,16,11,12,13,71.75,102,7.6,33,2.75,357,359,172,5
"Southern California (Pac-12)",2013,10,6.06,8.17,12.72,227.1,4.52,172.8,0.351,0.533,4.98,5.82,3.96,0.327,0.364,5,0.36,9,17,8,5,57.93,94,6.5,34,2.43,389,535,185,8
"Southern Miss. (C-USA)",2013,1,4.62,6,11.69,242.6,2.61,72.9,0.296,0.438,5.87,7.84,4.75,0.459,0.8,-19,-1.58,26,6,12,13,42.33,67,6.5,36,3,485,335,179,7
"Stanford (Pac-12)",2013,11,6.34,8.91,14.58,197.9,4.97,207.4,0.497,0.571,4.86,6.41,2.88,0.322,0.516,0,0,10,13,9,6,44.29,74,7.8,16,1.14,311,584,197,8
"Syracuse (ACC)",2013,7,5.11,5.84,9.78,182,4.58,194.8,0.388,0.471,5.32,6.98,3.81,0.335,0.421,2,0.15,17,15,5,9,61.85,99,7.2,18,1.38,405,553,209,8
"TCU (Big 12)",2013,4,5.03,6.48,11.31,226.3,3.53,118.6,0.32,0.4,4.83,6.57,3.31,0.36,0.615,-2,-0.17,17,19,13,9,54.08,79,8.2,23,1.92,419,403,175,6
"Temple (AAC)",2013,2,5.7,7.17,12.75,249.7,4.25,149.3,0.422,0.478,6.4,8.31,4.6,0.409,0.526,-6,-0.5,11,3,8,10,53.42,77,6.1,32,2.67,418,422,173,11
"Tennessee (SEC)",2013,5,5.27,5.75,10.36,164.9,4.92,188.4,0.358,0.455,6.07,7.16,5.26,0.425,0.75,1,0.08,17,14,7,11,37.92,55,5.4,15,1.25,344,460,159,5
"Texas (Big 12)",2013,8,5.29,6.41,11.23,212.5,4.44,196.2,0.405,0.458,5.48,6.95,4.35,0.368,0.385,4,0.31,15,10,7,16,45.92,67,6.8,16,1.23,431,574,222,11
"Texas A&M (SEC)",2013,9,7.34,9.39,13.55,353.3,5.17,185.1,0.503,0.611,6.36,7.56,5.38,0.41,0.56,1,0.08,13,17,8,5,53.08,81,5.2,21,1.62,489,465,161,11
"Texas St. (Sun Belt)",2013,6,5.08,6.19,11.19,154.8,4.37,171.5,0.339,0.524,5.41,6.57,4.16,0.395,0.31,2,0.17,11,11,6,8,62.58,87,4.8,21,1.75,300,471,171,11
"Texas Tech (Big 12)",2013,8,5.85,7.15,11.27,392.8,3.64,118.2,0.45,0.444,5.36,6.43,4.55,0.343,0.448,-14,-1.08,18,8,15,11,75.23,104,6.4,33,2.54,714,422,218,8
"Toledo (MAC)",2013,7,6.37,6.87,11.65,206.8,5.99,240.6,0.421,0.5,5.82,8.38,4.01,0.455,0.647,4,0.33,10,8,6,12,50.75,69,6.3,6,0.5,361,482,152,8
"Troy (Sun Belt)",2013,6,6.04,8.01,11.9,322.3,3.87,141,0.441,0.667,6.67,9.48,4.31,0.436,0.421,-8,-0.67,9,6,10,5,74.58,88,5.5,20,1.67,483,437,186,14
"Tulane (C-USA)",2013,7,4.66,5.88,10.98,184.9,3.58,126.8,0.359,0.545,4.92,6.95,3.19,0.394,0.6,11,0.85,16,19,8,16,62.69,92,8.5,32,2.46,409,461,192,6
"Tulsa (C-USA)",2013,3,4.69,5.35,10.94,191.4,4.09,164.8,0.35,0.567,5.52,6.69,4.59,0.44,0.583,-10,-0.83,19,15,15,9,25.42,37,6.3,10,0.83,429,483,203,17
"UAB (C-USA)",2013,2,5.84,7.3,13.94,214.8,4.7,178.1,0.375,0.476,7.21,9.35,5.6,0.46,0.833,-6,-0.5,9,7,11,7,48.25,72,5,26,2.17,353,455,168,10
"UCF (AAC)",2013,12,6.56,9.06,13.61,281.6,4.41,159.9,0.487,0.375,5.35,6.5,3.98,0.412,0.4,5,0.38,11,14,10,12,41.62,62,6.2,22,1.69,404,471,158,3
"UCLA (Pac-12)",2013,10,6.1,8.39,12.35,251.8,4.52,196.6,0.49,0.417,5.08,6.49,3.98,0.349,0.478,10,0.77,9,14,7,12,73.85,106,6,36,2.77,390,566,192,5
"UConn (AAC)",2013,3,4.62,6.4,11.66,234.2,2.61,84.4,0.342,0.55,5.52,7.55,3.69,0.384,0.4,-1,-0.08,18,13,7,11,41.08,56,5.5,42,3.5,439,388,184,11
"Utah (Pac-12)",2013,5,5.51,7.25,13.63,236.3,4.07,160.3,0.342,0.611,5.38,7.24,3.52,0.365,0.5,-10,-0.83,21,3,4,12,45.17,56,6.7,23,1.92,391,473,187,11
"UTEP (C-USA)",2013,2,5.05,6.71,11.59,163.3,4.15,184.7,0.401,0.667,7.43,9.69,6.16,0.469,0.727,-6,-0.5,10,3,8,9,34.08,48,3.8,27,2.25,292,534,187,14
"Vanderbilt (SEC)",2013,9,5.41,7.87,12.17,227.5,3.59,139,0.331,0.786,5.07,5.99,4.18,0.368,0.583,6,0.46,16,18,7,11,39.85,63,6.8,33,2.54,376,504,181,22
"Virginia (ACC)",2013,2,4.44,5.02,9.18,211.8,3.84,156.6,0.38,0.24,5.66,7.24,4.36,0.32,0.429,-5,-0.42,17,10,9,11,54.92,81,7.4,24,2,506,489,229,6
"Virginia Tech (ACC)",2013,8,5,7.11,12.64,236.2,3.16,119.8,0.323,0.588,4.55,6.22,3.21,0.297,0.375,7,0.54,15,19,4,7,51.69,86,7.4,33,2.54,432,493,201,10
"Wake Forest (ACC)",2013,4,4.35,5.7,10.77,196.6,2.91,94.1,0.353,0.833,5,6.42,3.73,0.363,0.524,-2,-0.17,14,12,9,9,49.67,71,5.5,25,2.08,414,388,184,10
"Washington (Pac-12)",2013,9,6.35,8.19,12.53,260.3,5.09,239,0.49,0.421,4.98,5.83,4.13,0.378,0.346,7,0.54,8,16,8,7,71.69,105,5.7,30,2.31,413,610,202,8
"Washington St. (Pac-12)",2013,6,5.48,6.33,10.18,368,2.86,53.4,0.395,0.6,5.92,7.67,4.45,0.381,0.577,-5,-0.38,24,16,11,14,48.31,75,5.8,32,2.46,756,243,200,15
"West Virginia (Big 12)",2013,4,5.53,6.77,12.49,262.3,4.18,148.7,0.319,0.222,5.93,7.88,4.43,0.427,0.75,-4,-0.33,16,12,16,16,49.25,63,6.9,28,2.33,465,427,185,4
"Western Ky. (Sun Belt)",2013,8,6.29,7.71,11.8,261.7,5.05,196.8,0.462,0.5,5.33,6.84,4.29,0.451,0.467,-10,-0.83,16,14,15,7,46.58,74,5.7,20,1.67,407,468,158,12
"Western Mich. (MAC)",2013,1,4.75,5.78,11.78,211,3.58,116.2,0.309,0.455,5.82,6.61,5.38,0.457,0.647,-8,-0.67,18,8,8,10,60.33,83,5.1,22,1.83,438,389,188,10
"Wisconsin (Big Ten)",2013,9,6.85,7.22,11.81,197.1,6.62,283.8,0.418,0.55,4.73,6.2,3.22,0.306,0.45,1,0.08,15,9,4,11,37.23,55,4.9,16,1.23,355,557,177,11
"Akron (MAC)",2014,5,5.03,5.67,10.55,249.6,4.09,123.7,0.343,0.333,5.18,6.64,3.9,0.368,0.412,-2,-0.17,14,13,12,11,72.5,101,6,24,2,528,363,178,7
"Alabama (SEC)",2014,12,6.66,8.63,13.41,277.9,5.1,206.6,0.515,0.769,4.87,6.42,3.17,0.378,0.389,-2,-0.14,10,11,12,9,40.14,69,6.9,16,1.14,451,567,198,10
"Arizona (Pac-12)",2014,10,5.7,6.99,12.33,281.8,4.43,181.9,0.38,0.615,5.66,7.37,4.09,0.405,0.389,8,0.57,10,13,8,13,62.93,92,7,40,2.86,564,575,234,16
"Arizona St. (Pac-12)",2014,10,5.9,7.61,12.65,273.5,4.32,168.8,0.382,0.435,5.62,7.45,4,0.378,0.5,14,1.08,9,14,4,13,32.38,58,7.5,39,3,467,508,199,10
"Arkansas (SEC)",2014,7,5.76,6.81,12.28,188,5.09,218,0.471,0.632,5.12,6.92,3.47,0.396,0.222,7,0.54,6,12,11,12,44.69,68,6.2,14,1.08,359,557,187,12
"Arkansas St. (Sun Belt)",2014,7,6.05,7.55,12.25,260.1,4.88,216.4,0.377,0.5,5.62,6.85,4.72,0.359,0.435,6,0.46,8,16,14,12,69.62,104,6.6,31,2.38,448,576,207,18
"Army West Point (FBS Independent)",2014,4,5.59,7.11,14.94,62.3,5.35,296.5,0.409,0.516,6.48,7.88,5.31,0.456,0.696,2,0.17,2,11,11,4,36.25,49,4.6,16,1.33,105,665,154,16
"Auburn (SEC)",2014,8,6.71,8.99,14.35,229.5,5.47,255.5,0.525,0.429,5.67,7.1,4.45,0.36,0.6,7,0.54,7,22,13,5,68.92,92,6.3,15,1.15,332,607,179,3
"Ball St. (MAC)",2014,5,5.17,6.33,11.16,215.8,4.11,153.4,0.384,0.846,5.87,7.1,4.83,0.437,0.5,9,0.75,7,10,8,14,40.75,50,4.3,13,1.08,409,448,185,11
"Baylor (Big 12)",2014,11,6.64,9.17,14.73,365.9,4.53,215.5,0.469,0.735,5.28,7.53,3.15,0.386,0.25,13,1,8,13,5,13,88.38,127,7.2,24,1.85,519,619,213,25
"Boston College (ACC)",2014,7,5.69,6.92,12.45,129.3,5.21,254.7,0.362,0.6,5.13,7.06,3.08,0.389,0.5,1,0.08,10,9,3,5,38.31,58,6.8,21,1.62,243,635,177,12
"Bowling Green (MAC)",2014,8,5.5,6.65,11.48,259.9,4.36,173,0.377,0.304,5.98,6.94,4.98,0.43,0.435,10,0.71,13,16,10,17,62.29,110,7,28,2,547,556,231,7
"Buffalo (MAC)",2014,5,5.95,7.78,12.15,259.5,4.44,178.6,0.457,0.522,5.86,8.3,4.27,0.379,0.714,-3,-0.27,12,2,6,13,53.45,58,5.7,16,1.45,367,443,164,12
"BYU (FBS Independent)",2014,8,5.7,7.5,12.54,278.7,4.17,181.8,0.434,0.652,4.93,6.39,3.28,0.381,0.607,-1,-0.08,12,14,15,12,81,110,5.8,36,2.77,483,567,205,15
"California (Pac-12)",2014,5,6.09,7.76,12.62,346,4.07,149.2,0.461,0.679,6.27,8.1,3.98,0.419,0.741,-3,-0.25,10,12,10,5,82.25,107,4.6,28,2.33,535,440,191,19
"Central Mich. (MAC)",2014,7,5.84,8.26,12.99,242.8,4,155.2,0.435,0.438,5.44,7.15,3.75,0.403,0.5,-5,-0.38,13,14,14,8,45.54,70,5,28,2.15,382,504,161,7
"Cincinnati (AAC)",2014,9,6.33,8.04,13.43,303.6,4.48,156.5,0.412,0.688,5.98,7.31,4.77,0.441,0.412,2,0.15,14,8,8,16,41.69,59,5.8,18,1.38,491,454,177,11
"Clemson (ACC)",2014,10,5.36,7.55,11.66,261.8,3.53,146.5,0.419,0.357,4.03,5.27,2.97,0.274,0.333,6,0.46,12,12,6,12,34.62,52,10.1,27,2.08,451,539,222,5
"Colorado (Pac-12)",2014,2,5.29,6.27,9.81,284.6,4.11,154.6,0.401,0.483,6.55,7.53,5.62,0.4,0.538,-10,-0.83,15,3,6,8,68.5,86,4.6,23,1.92,545,451,202,14
"Duke (ACC)",2014,9,5.38,5.97,10.5,216.5,4.8,181.8,0.418,0.552,5.28,6.38,4.45,0.344,0.29,6,0.46,8,11,7,10,38.69,64,4.7,13,1,471,492,201,16
"East Carolina (AAC)",2014,8,6.48,7.59,12.03,371.9,4.84,161.1,0.469,0.458,5.1,6.64,3.32,0.342,0.636,-4,-0.31,11,14,12,5,77.23,109,5.5,32,2.46,637,433,194,11
"Eastern Mich. (MAC)",2014,2,4.46,5.69,10.9,151.8,3.6,137.8,0.356,0.417,6.75,8.82,5.24,0.473,0.5,-18,-1.5,11,6,19,6,49.83,69,5.3,35,2.92,320,459,177,5
"FIU (C-USA)",2014,4,4.33,6.22,11.79,168,3.08,125.2,0.321,0.455,5.38,7.22,4.06,0.359,0.529,11,0.92,10,14,12,19,56.08,84,5.7,40,3.33,324,488,184,5
"Fla. Atlantic (C-USA)",2014,3,5.39,6.56,11.62,199.5,4.43,163.6,0.385,0.611,6.23,7.09,5.52,0.466,0.625,-3,-0.25,5,8,13,7,39.5,51,5,21,1.75,365,443,182,11
"Florida (SEC)",2014,7,5.24,6.66,12.78,179.9,4.36,187.7,0.365,0.533,4.55,5.97,3.17,0.388,0.333,6,0.5,14,16,10,14,59.17,80,7.3,17,1.42,324,517,192,8
"Florida St. (ACC)",2014,13,6.39,8.23,12.87,303.3,4.29,138.1,0.457,0,5.51,7.3,4.16,0.439,0.304,-6,-0.43,20,14,12,12,47.71,87,5.4,23,1.64,516,451,175,0
"Georgia (SEC)",2014,10,6.79,8.07,11.98,199.9,6.04,257.8,0.497,0.8,4.84,5.84,4.12,0.395,0.632,16,1.23,6,16,7,13,40.54,65,5.5,17,1.31,322,555,163,12
"Georgia St. (Sun Belt)",2014,1,5.39,7.51,12.68,279,2.96,96.3,0.465,0.563,6.57,7.13,6.26,0.519,0.611,-22,-1.83,18,3,12,5,42.83,66,4,31,2.58,446,390,172,9
"Georgia Tech (ACC)",2014,11,6.72,9.27,17.75,134.4,6.06,342.1,0.579,0.706,6.32,7.62,5.07,0.461,0.545,11,0.79,6,18,12,11,41.14,69,4.4,11,0.79,203,790,171,12
"Houston (AAC)",2014,8,5.7,6.65,11,230.2,4.83,183.8,0.409,0.522,4.88,6.31,3.7,0.387,0.368,8,0.62,15,19,7,11,59.31,84,5.1,34,2.62,450,495,193,12
"Idaho (Sun Belt)",2014,1,5.21,6.86,11.79,275.5,3.56,141.9,0.417,0.571,6.93,9.45,5.62,0.459,0.5,-11,-1,20,8,8,9,66.09,75,5.9,41,3.73,442,439,180,20
"Illinois (Big Ten)",2014,6,5.41,6.91,11.31,249.8,3.7,117.5,0.36,0.385,6.01,7.63,5.04,0.423,0.538,-3,-0.23,12,7,10,12,51.46,79,6.3,37,2.85,470,413,186,5
"Indiana (Big Ten)",2014,4,5.7,5.42,10.1,141.4,5.87,263.6,0.304,0.35,5.85,6.85,4.87,0.361,0.75,-2,-0.17,9,13,10,4,59.42,78,6.4,26,2.17,313,539,181,7
"Iowa (Big Ten)",2014,7,5.47,7.05,11.63,237,4.12,163.1,0.448,0.609,5.28,6.5,4.42,0.368,0.667,-6,-0.46,7,13,15,3,29.54,46,5.5,22,1.69,437,514,201,14
"Iowa St. (Big 12)",2014,2,4.9,5.85,10.57,248.4,3.7,124.1,0.423,0.316,6.53,7.52,5.67,0.462,0.591,0,0,11,10,5,6,40.83,51,4.8,30,2.5,510,402,201,6
"Kansas (Big 12)",2014,3,4.62,6.48,11.94,202.9,3.12,121.2,0.343,0.2,6.29,7.32,5.4,0.415,0.65,3,0.25,13,9,5,12,55.75,76,5.6,29,2.42,376,466,201,4
"Kansas St. (Big 12)",2014,9,6.15,9,13.79,287.4,3.67,134.2,0.459,0.688,5.46,6.78,4.15,0.429,0.429,8,0.62,8,15,5,6,39.31,57,5.6,31,2.38,415,476,172,11
"Kent St. (MAC)",2014,2,4.83,5.81,10.53,233.6,3.25,81.8,0.303,0.643,5.75,7.19,4.78,0.456,0.385,-4,-0.36,17,8,4,9,52.18,65,4.6,18,1.64,442,277,152,9
"Kentucky (SEC)",2014,5,5.43,6.85,12.17,231.2,4.14,153.2,0.339,0.435,5.5,6.87,4.49,0.439,0.643,8,0.67,11,15,4,8,50.33,66,5.3,34,2.83,405,444,183,10
"La.-Monroe (Sun Belt)",2014,4,4.7,6.35,10.6,279.9,2.3,69.5,0.345,0.5,5.31,6.76,4.34,0.326,0.542,-1,-0.08,7,11,10,5,35.42,53,7.5,44,3.67,529,363,200,11
"Louisiana (Sun Belt)",2014,9,5.91,6.73,10.46,191.5,5.36,225.9,0.422,0.5,5.88,7.74,4.06,0.39,0.516,3,0.23,9,7,5,10,40.69,65,6.4,23,1.77,370,548,180,9
"Louisiana Tech (C-USA)",2014,9,5.86,7.56,13.08,252.2,4.24,148.6,0.401,0.667,4.94,6.48,3.31,0.347,0.68,16,1.14,13,26,13,16,39.64,69,8.1,19,1.36,467,490,197,8
"Louisville (ACC)",2014,9,5.46,7.65,13.82,252,3.63,142.7,0.394,0.524,4.75,6.33,3.26,0.318,0.25,4,0.31,10,26,16,4,49.31,90,6.8,41,3.15,428,511,198,11
"LSU (SEC)",2014,8,5.62,7.67,15.35,162.9,4.7,224.5,0.399,0.563,4.87,5.54,4.32,0.36,0.467,3,0.23,9,10,8,10,45.77,71,5.8,25,1.92,276,621,178,9
"Marshall (C-USA)",2014,13,7.59,8.5,14.42,287.3,6.81,271.9,0.514,0.5,4.73,5.91,3.8,0.311,0.24,-2,-0.14,13,13,11,9,80.29,119,7.5,21,1.5,473,559,183,10
"Maryland (Big Ten)",2014,7,5.26,6.85,12.56,220.2,3.7,121.8,0.326,0.538,5.45,6.68,4.49,0.402,0.481,0,0,14,9,8,13,52.08,77,5.7,37,2.85,418,428,184,7
"Massachusetts (MAC)",2014,3,5.75,7.6,13.91,311.8,3.39,109.3,0.36,0.528,5.75,6.94,4.68,0.416,0.542,-6,-0.5,13,12,10,5,51.42,73,5.4,28,2.33,492,387,175,19
"Memphis (AAC)",2014,10,5.49,7.36,11.74,236.6,4.17,190.5,0.367,0.714,4.74,6,3.4,0.353,0.643,11,0.85,9,17,11,14,59.23,81,6.7,16,1.23,418,594,207,10
"Miami (FL) (ACC)",2014,6,6.68,8.31,14.31,249.9,5.26,180.4,0.368,0.609,4.79,6.3,3.58,0.398,0.5,-1,-0.08,12,10,12,13,63.62,93,4.9,21,1.62,391,446,163,14
"Miami (OH) (MAC)",2014,2,5.45,7.12,14.75,277.8,3.27,97.6,0.344,0.348,6.03,7.17,5.08,0.427,0.533,2,0.17,10,11,10,11,61.58,95,4.6,43,3.58,468,358,163,8
"Michigan (Big Ten)",2014,5,5.32,6.26,10.8,170.2,4.6,162.8,0.394,0.385,4.77,6.78,3.21,0.382,0.313,-16,-1.33,18,5,8,5,31.75,42,6.8,26,2.17,326,425,155,5
"Michigan St. (Big Ten)",2014,11,6.55,8.63,14.63,265.6,5.15,235.2,0.5,0.529,5.09,6.66,3.17,0.313,0.476,19,1.46,9,18,6,16,58,80,6.5,11,0.85,400,594,194,9
"Middle Tenn. (C-USA)",2014,6,5.93,7.61,11.65,217.5,4.84,213.8,0.444,0.563,5.85,7.67,4.34,0.441,0.444,-4,-0.33,13,13,11,7,57.5,78,4.8,26,2.17,343,530,169,9
"Minnesota (Big Ten)",2014,8,5.45,7.26,14.52,141.8,4.68,215.5,0.403,0.7,5.43,6.19,4.77,0.404,0.647,10,0.77,9,15,11,15,46.54,69,6.2,21,1.62,254,599,176,7
"Mississippi St. (SEC)",2014,10,6.67,8.63,13.98,280.7,5.24,233.1,0.464,0.429,5.65,7.01,4.18,0.351,0.409,0,0,12,16,11,7,39.46,67,6.5,23,1.77,423,578,196,9
"Missouri (SEC)",2014,11,5.39,6.38,11.98,189.1,4.62,177.9,0.429,0.813,4.83,6.28,3.53,0.37,0.522,9,0.64,13,12,3,13,58.21,102,7.5,23,1.64,415,539,217,13
"Navy (FBS Independent)",2014,8,6.36,8.14,17.06,81.4,6.05,338.1,0.481,0.583,5.83,7.04,4.95,0.429,0.545,-4,-0.31,5,13,17,5,24.77,33,3.5,21,1.62,130,727,158,14
"NC State (ACC)",2014,8,5.97,6.96,11.84,204,5.23,204.5,0.458,0.5,5.24,6.57,4.2,0.485,0.6,5,0.38,6,10,9,10,42.92,63,6.9,29,2.23,381,508,177,5
"Nebraska (Big Ten)",2014,9,6.22,7.68,14.51,212.1,5.32,240.2,0.413,0.462,5.37,6.07,4.74,0.301,0.5,-2,-0.15,12,13,13,10,50.38,75,6.2,22,1.69,359,587,184,6
"New Mexico St. (Sun Belt)",2014,2,5.48,6.41,10.43,241.6,4.59,179.3,0.414,0.577,6.51,7,6.26,0.446,0.833,-13,-1.08,24,11,10,10,33.92,57,3.6,10,0.83,452,469,203,15
"North Carolina (ACC)",2014,6,5.56,7.11,11.49,278.4,3.97,151.4,0.424,0.478,6.53,8.54,5.22,0.49,0.833,0,0,13,12,10,11,63.15,99,5.5,28,2.15,509,496,198,11
"North Texas (C-USA)",2014,4,4.87,6.26,11.45,172.8,3.89,153.2,0.387,0.462,5.48,6.88,4.34,0.384,0.611,0,0,13,12,9,10,50.25,63,5.8,25,2.08,331,472,181,6
"Northern Ill. (MAC)",2014,11,5.76,6.98,11.74,192.1,5.07,249.1,0.478,0.571,5.5,7.02,4.22,0.437,0.412,12,0.86,3,14,9,10,56.71,82,5.3,14,1,385,688,226,8
"Northwestern (Big Ten)",2014,5,4.5,5.71,9.95,216.5,3.37,136.6,0.4,0.483,5.25,6.48,4.24,0.387,0.476,4,0.33,14,15,9,12,43.5,61,5.3,34,2.83,455,486,210,14
"Notre Dame (FBS Independent)",2014,8,6.11,8.02,13.4,285.5,4.28,159.5,0.474,0.5,5.6,7.33,4.24,0.411,0.458,-3,-0.23,14,16,12,7,37.46,58,5.6,28,2.15,463,484,190,8
"Ohio (MAC)",2014,6,5.26,6.6,12.25,206.2,4.19,164.1,0.397,0.462,5.58,7.23,3.85,0.427,0.5,-4,-0.33,9,12,14,7,54,72,4.7,23,1.92,375,470,174,6
"Ohio St. (Big Ten)",2014,14,6.98,9.06,14.26,247.1,5.75,264.5,0.52,0.591,4.98,6.09,3.95,0.344,0.526,7,0.47,12,25,14,8,47.4,84,7.3,28,1.87,409,690,198,13
"Oklahoma (Big 12)",2014,8,6.41,6.85,12.6,203.5,6.1,261.2,0.404,0.6,5.14,7.04,3.02,0.383,0.529,-5,-0.38,17,12,7,7,49.85,70,6.2,9,0.69,386,557,178,9
"Oklahoma St. (Big 12)",2014,7,5.43,7.85,14.18,242.2,3.51,136.6,0.33,0.5,5.79,7.72,4.09,0.408,0.313,-8,-0.62,17,12,5,2,53.85,79,7.5,40,3.08,401,506,194,8
"Ole Miss ()",2014,9,6.03,8.01,13.28,263.6,4.25,155.5,0.393,0.45,4.67,6.21,3.47,0.33,0.533,7,0.54,15,22,10,10,42.23,69,7.6,31,2.38,428,476,183,9
"Oregon (Pac-12)",2014,13,7.34,9.89,14.38,312.5,5.46,234.5,0.495,0.607,5.52,6.82,4.23,0.423,0.487,23,1.53,4,13,7,21,72.27,123,6.3,31,2.07,474,644,198,17
"Oregon St. (Pac-12)",2014,5,5.57,7,11.4,275.4,3.77,118.1,0.319,0.421,5.76,6.84,4.61,0.398,0.625,4,0.33,8,11,6,7,79.83,107,6.7,36,3,472,376,166,8
"Penn St. (Big Ten)",2014,7,4.6,6.1,10.99,233.4,2.94,101.9,0.395,0.368,4.27,5.71,2.95,0.302,0.263,-5,-0.38,15,16,11,5,46.15,75,7.1,44,3.38,497,451,215,7
"Pittsburgh ()",2014,6,6.17,7.85,12.86,185.9,5.32,249.5,0.465,0.667,5.59,6.95,4.5,0.376,0.611,-5,-0.38,7,10,12,4,53.46,83,4.2,21,1.62,308,610,170,10
"Purdue (Big Ten)",2014,3,4.95,5.18,9.65,187.4,4.69,157.2,0.362,0.387,5.58,6.89,4.57,0.467,0.222,-5,-0.42,16,10,8,9,43.17,60,5.1,24,2,434,402,188,12
"Rice (C-USA)",2014,8,5.62,8.55,14.75,231.5,3.82,167.8,0.448,0.333,5.74,7.33,4.31,0.414,0.25,8,0.62,8,9,4,11,53.46,77,6.8,28,2.15,352,571,201,5
"Rutgers (Big Ten)",2014,8,5.99,8.28,14.85,227.4,4.32,162.6,0.359,0.471,6.39,7.45,5.53,0.425,0.429,-2,-0.15,13,7,7,11,41.92,61,5.5,19,1.46,357,489,170,8
"SMU (AAC)",2014,1,4.08,4.71,8.8,168.7,3.33,100.3,0.326,0.5,6.62,8.69,5.23,0.438,0.55,-14,-1.17,14,6,16,10,52.67,74,4.2,48,4,430,362,187,14
"South Alabama (Sun Belt)",2014,6,5.15,6.22,11.75,197,4.33,179,0.365,0.25,5.59,7.17,4.47,0.41,0.529,-7,-0.54,17,6,11,15,55.15,81,5.2,31,2.38,412,537,189,3
"South Carolina (SEC)",2014,7,6.09,7.84,13.25,282.4,4.37,161,0.434,0.545,6.22,7.35,5.37,0.42,0.833,-2,-0.15,11,11,10,8,46.62,70,4,27,2.08,468,479,175,12
"South Fla. (AAC)",2014,4,4.94,6.49,13.19,196.8,3.44,107.9,0.376,0.474,5.69,7.29,4.51,0.453,0.833,0,0,11,6,9,14,60.67,75,5.9,23,1.92,364,376,173,9
"Southern California (Pac-12)",2014,9,6.04,8.38,12.13,296.6,3.99,160.9,0.466,0.625,5.3,6.51,3.83,0.35,0.577,11,0.85,5,14,7,9,78.69,115,6.2,32,2.46,460,524,208,15
"Southern Miss. (C-USA)",2014,3,5.1,6.7,11.66,269.3,3.06,95.8,0.346,0.231,6.41,7.77,5.39,0.444,0.6,-10,-0.83,15,7,11,9,60.92,77,5.5,36,3,482,376,182,3
"Stanford (Pac-12)",2014,8,5.89,7.84,12.05,229.8,4.33,158.8,0.424,0.3,4.21,5.38,3.07,0.358,0.444,-5,-0.38,8,12,13,4,48.46,75,7.3,23,1.77,381,477,165,3
"Syracuse (ACC)",2014,3,4.91,5.77,10.67,184.1,4.13,145.8,0.341,0.5,5,7.3,3.39,0.393,0.7,-1,-0.08,17,8,4,12,59.75,86,6.7,24,2,383,424,179,6
"TCU (Big 12)",2014,12,6.68,8.02,13.05,326.2,5.28,206.8,0.431,0.5,4.66,6.81,2.78,0.279,0.545,18,1.38,11,26,11,14,57.85,82,8.6,23,1.77,529,509,197,7
"Temple (AAC)",2014,6,4.79,5.98,11.25,200.7,3.5,107.8,0.235,0.5,4.75,6.11,3.78,0.35,0.333,3,0.25,16,11,11,19,54.42,78,6.6,21,1.75,403,369,166,11
"Tennessee (SEC)",2014,7,4.93,6.43,10.37,224.2,3.63,146.4,0.389,0.583,5.31,6.77,4.25,0.344,0.4,2,0.15,14,16,8,8,34.15,54,7,43,3.31,453,524,208,7
"Texas (Big 12)",2014,6,4.92,6.22,10.7,199.9,3.77,137.4,0.343,0.5,4.68,5.72,3.89,0.353,0.542,-3,-0.23,11,15,14,7,51.08,77,6.5,29,2.23,418,474,201,7
"Texas A&M (SEC)",2014,8,6.33,7.73,11.96,305.5,4.63,149.9,0.408,0.579,5.91,7.08,5.01,0.402,0.6,-7,-0.54,15,5,5,8,51,68,5.8,27,2.08,514,421,179,11
"Texas St. (Sun Belt)",2014,7,6.06,7.1,10.84,225.9,5.32,238.5,0.39,0.6,5.71,7.02,4.66,0.4,0.615,7,0.58,7,13,5,6,59,75,4.9,26,2.17,382,538,177,12
"Texas Tech (Big 12)",2014,4,6.62,7.54,12.69,351.1,5.17,153,0.437,0.435,6.24,7.87,5.19,0.469,0.619,-13,-1.08,18,6,10,9,89.17,112,5.3,13,1.08,559,355,174,10
"Toledo (MAC)",2014,9,6.55,7.67,12.53,234.2,5.79,256.4,0.46,0.643,5.81,7.88,3.51,0.432,0.625,-3,-0.23,9,10,8,4,51.46,78,6.1,17,1.31,397,576,187,9
"Troy (Sun Belt)",2014,3,5.34,6.68,10.02,198.8,4.29,164.5,0.389,0.48,6.38,7.49,5.67,0.509,0.588,4,0.33,4,11,10,7,59.75,74,4.3,23,1.92,357,460,180,12
"Tulane (AAC)",2014,3,4.83,5.45,10.06,201.3,4.17,145.5,0.332,0.259,5.65,7.32,4.24,0.381,0.389,3,0.25,18,17,7,11,70.08,90,7.1,25,2.08,443,419,187,7
"Tulsa (AAC)",2014,2,5.17,6.6,12.08,264.7,3.72,147.8,0.384,0.393,6.95,8.73,5.52,0.417,0.688,-8,-0.67,18,8,5,7,64,78,6.4,25,2.08,481,477,203,11
"UAB (C-USA)",2014,6,5.51,8.04,12.99,219.8,4.15,212.1,0.432,0.429,5.68,7.22,4.43,0.354,0.5,-2,-0.17,12,9,9,10,56.17,77,6.8,28,2.33,328,613,192,12
"UCF (AAC)",2014,9,5.02,7.35,13.13,235.3,3.17,128.3,0.415,0.52,4.47,5.73,3.17,0.373,0.286,-1,-0.08,15,18,14,10,54.31,76,6.8,28,2.15,416,526,205,13
"UCLA (Pac-12)",2014,10,6.13,7.72,11.27,258.3,4.89,209.5,0.431,0.563,5.17,6.56,3.81,0.399,0.682,0,0,6,11,10,5,75.31,104,6.2,41,3.15,435,557,202,9
"UConn (AAC)",2014,2,4.5,5.98,10.98,169.3,3.24,106.9,0.305,0.571,5.22,6.44,4.23,0.398,0.579,-13,-1.08,12,8,16,7,59,74,5.1,30,2.5,340,396,164,8
"Utah (Pac-12)",2014,9,5.35,6.8,11.22,197.7,4.38,190.4,0.408,0.538,5.34,7.12,3.77,0.372,0.429,5,0.38,8,12,8,9,54,77,7.9,31,2.38,378,565,218,7
"UTEP (C-USA)",2014,7,5.3,6.47,11.69,142.9,4.71,207.8,0.422,0.333,6.3,7.74,5.24,0.366,0.286,9,0.69,6,11,6,10,39.54,65,5.8,13,1,287,573,192,5
"UTSA (C-USA)",2014,4,4.48,5.91,10.36,175.3,3.33,122.2,0.282,0.625,5.23,7.31,3.57,0.429,0.364,-3,-0.25,12,9,10,10,65.75,85,6,29,2.42,356,440,177,10
"Vanderbilt (SEC)",2014,3,4.68,6.02,11.94,179.1,3.42,109.3,0.303,0.5,5.72,7.57,4.43,0.422,0.5,-16,-1.33,19,6,10,7,52.5,73,5.7,21,1.75,357,383,152,9
"Virginia (ACC)",2014,5,5.08,6.57,11.44,236.4,3.67,137.8,0.418,0.471,5.14,7.08,3.36,0.39,0.4,5,0.42,16,15,8,14,57.75,78,6.5,16,1.33,432,451,196,8
"Virginia Tech (ACC)",2014,7,4.93,6.2,10.43,217.4,3.79,147.9,0.39,0.5,5.15,6.74,3.89,0.288,0.278,-4,-0.31,15,12,11,10,59.23,98,8.4,34,2.62,456,507,213,7
"Wake Forest (ACC)",2014,3,3.38,5.5,9.4,176.3,1.25,39.9,0.284,0.4,5.22,6.43,4.38,0.411,0.462,-2,-0.17,14,6,7,13,47.83,60,7.2,48,4,385,383,183,8
"Washington (Pac-12)",2014,8,5.4,7,10.98,200.1,4.35,188.6,0.411,0.5,5.38,7.44,3.28,0.374,0.588,12,0.86,6,13,11,16,61.79,98,6.4,28,2,400,607,214,11
"Washington St. (Pac-12)",2014,3,6.12,7.43,11.24,477.7,1.97,39.8,0.419,0.45,6.18,8.3,4.07,0.393,0.556,-17,-1.42,18,3,7,5,67.67,94,6.4,36,3,771,243,186,18
"West Virginia (Big 12)",2014,7,5.92,7.72,12.12,317,4.22,182.8,0.424,0.455,5.43,6.61,4.35,0.314,0.304,-15,-1.15,10,12,19,2,58.23,85,6.4,31,2.38,534,563,229,10
"Western Ky. (C-USA)",2014,8,7.05,8.74,12.87,374.3,4.86,160.3,0.511,0.417,6.66,8.95,4.98,0.475,0.556,5,0.38,10,13,8,10,57.15,76,5.5,19,1.46,557,429,180,5
"Western Mich. (MAC)",2014,8,6.51,9.34,13.74,267.3,4.42,170.8,0.48,0.333,5.47,6.87,4.25,0.402,0.55,3,0.23,10,13,10,10,51.15,69,4.8,24,1.85,372,503,177,4
"Wisconsin (Big Ten)",2014,11,6.77,6.47,11.76,148.7,6.92,320.1,0.382,0.778,4.91,6.78,3.59,0.284,0.462,-9,-0.64,16,6,10,11,43.36,65,6.6,13,0.93,322,648,178,14
"Akron (MAC)",2015,8,5.13,6.78,13.63,192.9,3.99,164.2,0.367,0.467,4.85,6.49,2.95,0.369,0.391,10,0.77,12,14,6,14,65,99,6.5,16,1.23,370,535,199,7
"Alabama (SEC)",2015,14,5.89,7.64,11.32,227.1,4.67,199.9,0.374,0.5,4.3,6.08,2.43,0.286,0.35,10,0.67,10,19,7,8,55.67,89,7.2,25,1.67,446,642,214,12
"Appalachian St. (Sun Belt)",2015,11,6.74,8.57,14.14,195.8,5.83,271.5,0.426,0.625,4.69,6.36,3.44,0.34,0.5,2,0.15,9,18,13,6,56.85,84,7.5,11,0.85,297,605,169,15
"Arizona (Pac-12)",2015,7,6.48,7.61,12.98,272.6,5.48,222.3,0.411,0.37,5.93,7.87,4.44,0.459,0.556,-4,-0.31,10,11,10,5,48.62,74,5.8,31,2.38,466,527,190,10
"Arizona St. (Pac-12)",2015,6,5.8,7.28,12.15,299.1,4.33,178.4,0.41,0.556,6.23,8.5,3.64,0.387,0.579,2,0.15,9,15,10,6,39.85,60,8.5,39,3,534,536,229,10
"Arkansas (SEC)",2015,8,6.83,9.32,14.17,268.2,5.01,197.3,0.469,0.571,6.07,8.2,3.76,0.441,0.45,7,0.54,8,11,3,7,36.69,55,5.3,14,1.08,374,512,160,12
"Arkansas St. (Sun Belt)",2015,9,5.86,7.38,13.01,207.2,4.95,231.3,0.385,0.5,5.76,7.06,4.34,0.335,0.333,8,0.62,15,26,11,8,79.38,109,6.8,25,1.92,365,608,192,10
"Army West Point (FBS Independent)",2015,2,5.61,10.44,23.02,94,4.76,244.3,0.446,0.409,6.07,8.25,4.55,0.417,0.875,-11,-0.92,9,6,13,5,39.5,48,4.9,15,1.25,108,616,157,9
"Auburn (SEC)",2015,7,5.39,7.38,12.61,173.6,4.35,196.4,0.413,0.6,5.37,6.31,4.54,0.449,0.464,2,0.15,12,14,5,5,46.38,62,4.2,19,1.46,306,587,179,9
"Ball St. (MAC)",2015,3,4.98,5.71,9.96,218.3,4.21,153.3,0.382,0.522,6.76,8.6,5.29,0.514,0.529,1,0.08,9,7,6,9,35.42,44,4.3,11,0.92,459,437,199,12
"Baylor (Big 12)",2015,10,7.26,9.68,16.44,289.5,5.95,326.7,0.467,0.7,5.19,6.87,3.84,0.368,0.391,0,0,13,14,13,12,80.23,118,7.5,15,1.15,389,714,195,28
"Boston College (ACC)",2015,3,4.4,5.36,12.02,111.2,3.93,164.4,0.267,0.385,4.07,6.16,2.39,0.241,0.2,3,0.25,9,13,11,10,57.42,78,9.6,28,2.33,249,502,172,5
"Bowling Green (MAC)",2015,10,6.74,8.64,12.9,366.8,4.65,180,0.502,0.533,5.4,6.7,4.31,0.408,0.484,12,0.86,8,20,7,7,80.21,123,6.6,36,2.57,594,542,209,16
"Buffalo (MAC)",2015,5,5.27,6.58,10.58,249.5,3.87,136.9,0.366,0.652,5.66,7.09,4.55,0.393,0.429,0,0,16,13,4,7,64,84,5.3,16,1.33,455,425,186,15
"BYU (FBS Independent)",2015,9,6.02,7.65,12.76,296.5,4.04,128.3,0.401,0.524,4.9,6.45,3.66,0.38,0.5,2,0.15,12,15,8,7,57.69,85,7.5,34,2.62,504,413,182,11
"California (Pac-12)",2015,8,6.96,8.89,13.9,376.3,4.53,152.8,0.469,0.5,6.1,7.89,4.83,0.43,0.588,4,0.31,14,15,9,12,43.69,67,5.2,27,2.08,550,439,179,13
"Central Mich. (MAC)",2015,7,5.71,7.89,11.98,300.4,3.14,101.3,0.438,0.625,5.14,6.47,4,0.356,0.478,2,0.15,11,7,5,11,54.08,81,4.7,28,2.15,495,420,192,10
"Cincinnati (AAC)",2015,7,6.6,8.55,13.72,359.9,4.52,177.9,0.51,0.636,5.79,6.88,4.91,0.371,0.55,-19,-1.46,22,9,11,5,72.92,104,4.5,26,2,547,512,196,7
"Clemson (ACC)",2015,14,6.39,8.28,12.28,291.5,4.93,223,0.474,0.571,4.85,6.44,3.54,0.277,0.429,-2,-0.13,15,16,12,9,46.27,84,8.4,18,1.2,528,679,230,8
"Colorado (Pac-12)",2015,4,5.12,6.71,10.94,240.6,3.75,156.2,0.361,0.556,5.72,6.52,5.04,0.422,0.474,1,0.08,12,14,9,8,55.69,80,5.3,41,3.15,466,542,208,15
"Duke (ACC)",2015,8,5.53,6.29,10.9,246.5,4.79,192.9,0.433,0.5,5.37,7.77,3.61,0.377,0.409,-1,-0.08,10,11,11,9,47.31,71,6.5,18,1.38,509,524,215,11
"East Carolina (AAC)",2015,5,5.67,7.14,10.51,281.3,3.96,133.3,0.43,0.647,5.38,7.23,4.04,0.406,0.522,-3,-0.25,12,8,7,8,68.75,89,5.2,29,2.42,473,404,186,11
"Eastern Mich. (MAC)",2015,1,5.49,6.52,10.71,222.2,4.5,157.8,0.383,0.588,7.02,8.11,6.46,0.515,0.789,-13,-1.08,14,4,11,8,58.42,81,6,24,2,409,421,167,10
"FIU (C-USA)",2015,5,5.06,6.49,10.42,237.8,3.43,109.9,0.425,0.429,5.71,7.13,4.61,0.415,0.438,3,0.25,8,9,7,9,49.5,69,5.7,27,2.25,440,385,179,9
"Fla. Atlantic (C-USA)",2015,3,5.09,6.49,12.41,213.1,3.98,164.8,0.332,0.5,5.54,7.61,4.01,0.397,0.556,-2,-0.17,12,14,13,9,57.25,75,5.6,26,2.17,394,497,184,17
"Florida (SEC)",2015,10,5.11,7.16,12.66,207.1,3.48,126.9,0.364,0.519,4.65,6,3.53,0.335,0.6,8,0.57,10,14,7,11,52.64,91,7.2,46,3.29,405,510,206,14
"Florida St. (ACC)",2015,10,6.53,7.94,12.59,255.8,5.15,168.2,0.381,0.444,4.68,5.62,3.83,0.392,0.474,0,0,9,8,6,7,54,89,5.8,26,2,419,425,160,4
"Ga. Southern (Sun Belt)",2015,9,6.41,6.01,13.97,63.4,6.48,363,0.417,0.645,5.47,7.38,3.89,0.356,0.3,6,0.46,10,17,11,10,48.38,67,4.2,8,0.62,137,728,180,20
"Georgia (SEC)",2015,10,6.03,7.36,12.09,185.1,5.14,192.2,0.31,0.417,4.76,5.91,3.96,0.289,0.52,4,0.31,8,12,10,10,45.54,67,5.8,15,1.15,327,486,158,5
"Georgia St. (Sun Belt)",2015,6,6.23,8.8,14.18,335.9,3.1,96.9,0.435,0.111,5.3,6.44,4.34,0.405,0.565,-1,-0.08,12,15,11,7,65.54,92,5.8,33,2.54,496,407,186,1
"Georgia Tech (ACC)",2015,3,5.85,7.61,18.05,121.8,5.27,256.2,0.349,0.5,5.82,7.23,4.69,0.361,0.545,-7,-0.58,10,9,14,8,27.42,38,3.9,16,1.33,192,583,149,13
"Houston (AAC)",2015,13,6.16,8.05,12.2,248.4,4.93,235.8,0.504,0.5,5.48,7.69,3.18,0.374,0.471,21,1.5,7,21,7,14,55.93,85,6.1,28,2,432,669,232,13
"Idaho (Sun Belt)",2015,4,5.53,7.15,11.36,281.3,3.86,147.2,0.415,0.625,6.97,7.99,6.34,0.404,0.647,-6,-0.5,15,6,8,11,42.67,54,5.3,29,2.42,472,458,183,15
"Illinois (Big Ten)",2015,5,4.93,5.63,10.25,243.4,4,129.3,0.363,0.44,4.9,5.65,4.27,0.314,0.524,4,0.33,8,13,9,8,49.08,66,7.4,20,1.67,519,388,204,11
"Indiana (Big Ten)",2015,6,6.23,8.29,14.2,293.8,4.62,210.5,0.381,0.448,6.38,7.4,5.22,0.421,0.464,8,0.62,8,12,6,10,59.85,91,6.3,13,1,461,592,202,13
"Iowa (Big Ten)",2015,12,5.77,7.76,12.61,204.4,4.48,181.7,0.417,0.643,4.96,6.24,3.62,0.367,0.556,11,0.79,5,19,11,8,48.79,73,4.4,30,2.14,369,568,192,9
"Iowa St. (Big 12)",2015,3,5.39,6.61,11.46,226.3,4.39,182,0.402,0.448,6.16,7.93,4.67,0.469,0.429,-11,-0.92,12,5,12,8,40.75,59,6.2,42,3.5,411,498,194,13
"Kansas (Big 12)",2015,0,4.43,5.8,10.79,218.6,3.04,112.9,0.365,0.269,6.96,8.77,5.67,0.453,0.692,-7,-0.58,14,9,11,9,56.17,70,4.8,40,3.33,452,445,208,7
"Kansas St. (Big 12)",2015,6,4.95,6.63,14.12,176,3.86,157.7,0.391,0.533,6.24,8.23,4.41,0.436,0.409,-3,-0.23,13,5,6,11,38.85,66,5.5,35,2.69,345,531,179,8
"Kent St. (MAC)",2015,3,4.11,4.83,9.47,138.1,3.56,132.8,0.254,0.346,4.86,6.69,3.5,0.34,0.714,-3,-0.25,10,12,11,6,72.67,93,6.8,13,1.08,343,447,185,9
"Kentucky (SEC)",2015,5,5.47,6.33,11.52,209.3,4.66,162.7,0.374,0.684,5.55,6.93,4.61,0.394,0.571,-2,-0.17,16,11,6,9,56.33,69,4.4,30,2.5,397,419,179,13
"La.-Monroe (Sun Belt)",2015,2,4.48,5.67,10.56,207.9,3.15,102.9,0.297,0.464,5.61,8.19,4.24,0.346,0.483,-16,-1.23,19,5,11,9,58,95,6.8,38,2.92,477,425,212,13
"Louisiana (Sun Belt)",2015,4,5.45,6.45,11.07,207.6,4.6,172.8,0.375,0.542,5.96,7.88,4.53,0.423,0.591,-9,-0.75,12,5,8,6,71.08,85,6.8,21,1.75,386,451,176,13
"Louisiana Tech (C-USA)",2015,9,6.9,8.77,14.14,323.2,4.81,159.6,0.388,0.727,5.29,6.89,3.53,0.4,0.563,1,0.08,11,13,10,9,50.31,72,7,20,1.54,479,431,165,8
"Louisville (ACC)",2015,8,6.01,7.79,14.04,245.1,4.53,171,0.381,0.467,4.82,6.56,3.28,0.353,0.444,-1,-0.08,15,17,12,9,62.62,97,7.5,44,3.38,409,491,181,7
"LSU (SEC)",2015,9,6.7,7.79,14.53,180.4,6.1,256.8,0.399,0.556,5.17,6.42,3.81,0.357,0.462,7,0.58,6,10,4,7,64.5,96,6.3,17,1.42,278,505,148,5
"Marshall (C-USA)",2015,10,5.38,6.39,10.94,231.5,4.43,168.9,0.394,0.563,4.69,5.54,3.99,0.343,0.36,4,0.31,13,15,11,13,66.15,91,6.7,21,1.62,471,496,198,9
"Maryland (Big Ten)",2015,3,5.43,5.39,11.43,174.3,5.46,200.7,0.294,0.333,5.58,8.05,3.75,0.349,0.5,-18,-1.5,29,9,7,9,62.17,85,7.3,25,2.08,388,441,170,7
"Massachusetts (MAC)",2015,3,5.41,6.24,11,257.5,4.35,142.3,0.348,0.375,5.67,7.34,4.37,0.47,0.467,-1,-0.08,13,13,6,5,63.92,89,5.6,29,2.42,495,392,184,12
"Memphis (AAC)",2015,9,6.16,8.6,12.85,307.5,4.14,179.5,0.488,0.556,5.51,8.07,3.52,0.371,0.263,8,0.62,5,12,9,10,75.08,99,5.5,17,1.31,465,563,207,10
"Miami (FL) (ACC)",2015,8,5.9,8.01,13.41,277.4,3.66,119.1,0.35,0.722,5.78,6.4,5.26,0.393,0.438,11,0.85,9,15,5,10,83.62,121,5.1,19,1.46,450,423,183,13
"Miami (OH) (MAC)",2015,3,5.06,6.69,14.14,208.5,3.64,129.7,0.312,0.444,5.63,7.54,4.15,0.351,0.467,-14,-1.17,19,10,12,7,61.33,89,6.9,28,2.33,374,428,186,8
"Michigan (Big Ten)",2015,10,5.68,7.45,11.98,237.7,4.19,158.2,0.462,0.375,4.46,5.41,3.64,0.276,0.375,-4,-0.31,10,10,6,2,59.85,87,6.8,18,1.38,415,491,186,6
"Michigan St. (Big Ten)",2015,12,5.44,7.45,13.44,234.2,3.84,151.3,0.485,0.421,5.47,7.34,3.62,0.349,0.516,14,1,8,15,6,13,42.86,75,6.8,21,1.5,440,552,204,8
"Middle Tenn. (C-USA)",2015,7,5.92,8.09,12.13,311.7,3.77,145.7,0.421,0.583,5.46,6.84,4.09,0.373,0.476,-4,-0.31,10,17,19,8,42.31,62,5.5,17,1.31,501,503,197,14
"Minnesota (Big Ten)",2015,6,5.34,6.54,11.13,214.8,4.2,144.1,0.389,0.353,4.9,5.92,4.14,0.416,0.5,-4,-0.31,11,10,11,8,45.46,73,6.2,19,1.46,427,446,193,6
"Mississippi St. (SEC)",2015,9,6.46,8.23,12.43,316.4,4.39,144.1,0.429,0.5,5.32,6.64,4.27,0.355,0.522,-4,-0.31,5,13,13,1,38.92,53,7.5,32,2.46,500,427,175,11
"Missouri (SEC)",2015,5,4.38,5.32,10.68,165.5,3.49,115.4,0.303,0.412,4.32,5.74,3.29,0.393,0.455,-1,-0.08,12,9,5,7,43.08,63,8.8,30,2.5,373,397,178,7
"Navy (AAC)",2015,11,6.35,10.49,20,98.5,5.68,326.7,0.503,0.923,5.65,7.45,4.11,0.468,0.483,19,1.46,2,12,6,15,26.08,40,4.4,14,1.08,122,748,177,24
"NC State (ACC)",2015,7,5.63,6.63,11.14,210.8,4.86,202.1,0.411,0.613,5.51,6.88,4.32,0.352,0.455,9,0.69,6,13,7,9,52.85,72,6.8,39,3,413,540,197,19
"Nebraska (Big Ten)",2015,6,6.09,7.58,13.55,266.9,4.72,180,0.448,0.625,5.88,7.46,3.77,0.34,0.36,-12,-0.92,21,10,6,5,63.77,94,5.5,14,1.08,458,496,181,5
"New Mexico St. (Sun Belt)",2015,3,5.8,6.7,12.59,252.8,4.89,180.5,0.355,0.4,6.79,8.36,5.58,0.428,0.706,1,0.08,14,12,7,10,58.25,77,4.7,36,3,453,443,200,12
"North Carolina (ACC)",2015,11,7.28,8.99,14.08,262.5,5.96,224.4,0.488,0.583,5.5,6.07,5.13,0.442,0.649,7,0.5,10,17,9,9,46.43,80,4.6,16,1.14,409,527,164,7
"North Texas (C-USA)",2015,1,4.56,4.76,10.19,161.4,4.37,158.7,0.326,0.444,6.67,8.45,5.42,0.524,0.529,-7,-0.58,11,4,14,14,56.75,74,5.4,27,2.25,407,436,181,12
"Northern Ill. (MAC)",2015,8,5.33,7.22,12.16,208.4,4.14,190.1,0.375,0.515,5.18,6.57,4,0.409,0.517,2,0.14,10,22,17,7,49.64,80,5.1,32,2.29,404,643,224,17
"Northwestern (Big Ten)",2015,10,4.47,5.12,10.35,138.5,4.09,188.5,0.409,0.455,4.53,5.54,3.54,0.325,0.458,1,0.08,13,12,7,9,39.69,58,6.9,29,2.23,352,600,230,5
"Notre Dame (FBS Independent)",2015,10,7.02,8.74,13.96,258.8,5.63,207.6,0.425,0.625,5.57,6.85,4.6,0.351,0.636,-6,-0.46,10,9,10,5,45.08,67,6.5,26,2,385,479,160,5
"Ohio (MAC)",2015,8,5.65,7.49,12.58,232.2,4.3,180.8,0.408,0.55,5.7,6.44,4.99,0.331,0.524,5,0.38,13,12,4,10,71.62,91,4.9,28,2.15,403,547,196,11
"Ohio St. (Big Ten)",2015,12,6.33,7.55,12.03,188.8,5.62,245.2,0.407,0.579,4.5,5.83,3.38,0.349,0.391,3,0.23,9,12,9,9,50.46,76,6.4,19,1.46,325,567,172,11
"Oklahoma (Big 12)",2015,11,6.8,9.13,13.72,308.2,5.03,222.1,0.436,0.529,4.79,6.03,3.81,0.404,0.429,9,0.69,9,20,9,7,61.54,80,6.9,41,3.15,439,574,181,9
"Oklahoma St. (Big 12)",2015,10,6.39,8.88,14.13,353.2,3.58,126.8,0.435,0.8,5.69,7.57,4.26,0.422,0.609,13,1,10,17,5,11,50.54,75,7.3,32,2.46,517,460,193,8
"Old Dominion (C-USA)",2015,5,5.34,6.08,11.21,219.5,4.54,151.8,0.352,0.32,5.67,6.95,4.67,0.468,0.538,-1,-0.08,9,8,10,10,36.42,49,5.1,29,2.42,433,401,176,8
"Ole Miss (SEC)",2015,10,7.07,8.9,13.68,334.7,5.14,183.1,0.414,0.467,4.87,6.31,3.33,0.389,0.304,0,0,14,15,9,8,54,79,8.1,19,1.46,489,463,169,7
"Oregon (Pac-12)",2015,9,7.05,8.95,14.23,258.3,5.89,279.9,0.391,0.571,6.03,7.18,4.73,0.422,0.708,5,0.38,10,13,7,9,61,90,7,39,3,375,618,179,16
"Oregon St. (Pac-12)",2015,2,5.12,5.57,11.86,159.1,4.77,177.3,0.317,0.176,6.44,8.28,5.14,0.455,0.474,-4,-0.33,11,8,5,4,58.67,76,4.5,19,1.58,343,446,164,3
"Penn St. (Big Ten)",2015,7,5.47,6.9,12.97,214.5,4.1,134.2,0.276,0.522,4.78,6.05,3.85,0.366,0.154,4,0.31,6,10,12,12,40.69,67,8.2,39,3,404,425,185,12
"Pittsburgh (ACC)",2015,8,5.76,7.22,11.69,190.6,4.77,186.8,0.439,0.846,5.69,7.25,4.35,0.4,0.5,0,0,9,10,7,6,40.77,65,6.8,29,2.23,343,509,180,11
"Purdue (Big Ten)",2015,2,4.8,5.65,9.82,237.3,3.78,131.3,0.35,0.545,6.13,7.43,5.12,0.432,0.467,-5,-0.42,16,12,10,9,53.92,65,6.1,30,2.5,504,417,200,24
"Rice (C-USA)",2015,5,5.32,7.21,12.69,224.3,4,177.6,0.497,0.5,7.13,9.99,5.14,0.443,0.5,-12,-1,9,2,13,8,62.67,84,5.1,38,3.17,373,533,189,6
"Rutgers (Big Ten)",2015,4,5.61,7.37,12.24,207.1,4.35,169.9,0.365,0.45,6.85,9.02,5.05,0.445,0.364,-2,-0.17,12,13,6,3,52,79,5.8,25,2.08,337,469,156,9
"SMU (AAC)",2015,2,5.29,7.16,12.91,218.3,3.92,164.5,0.394,0.35,7.06,9.3,5.78,0.464,0.591,-10,-0.83,8,10,17,5,50.33,65,4.8,41,3.42,366,503,180,7
"South Alabama (Sun Belt)",2015,5,5.19,6.8,13.01,199.5,4.01,160.7,0.348,0.438,6.01,6.94,5.38,0.439,0.308,-5,-0.42,16,10,9,10,57.75,81,5.2,32,2.67,352,481,184,7
"South Carolina (SEC)",2015,3,5.61,7.09,13.04,207.5,4.39,154.7,0.354,0.55,6.03,7.35,5.13,0.47,0.588,5,0.42,12,12,3,8,39,60,5.3,26,2.17,351,423,164,11
"South Fla. (AAC)",2015,8,6.43,8.43,14.17,195.1,5.41,246.5,0.369,0.579,5.24,6.95,3.7,0.371,0.591,10,0.77,9,17,6,8,54.92,79,7.5,21,1.62,301,592,179,11
"Southern California (Pac-12)",2015,8,6.19,8.16,12.22,269.7,4.47,168.2,0.392,0.654,5.7,7.7,3.97,0.362,0.381,11,0.79,7,14,5,9,68.64,103,6.1,38,2.71,463,527,189,17
"Southern Miss. (C-USA)",2015,9,6.91,8.69,13.66,329.7,5.01,179.8,0.462,0.516,5.32,6.48,4.2,0.37,0.478,-1,-0.07,12,13,13,11,66.86,98,6.8,26,1.86,531,502,208,16
"Stanford (Pac-12)",2015,12,6.57,9.32,13.92,211.8,5.13,223.7,0.5,0.813,5.57,6.76,4.32,0.363,0.625,1,0.07,8,8,5,6,46.29,78,5.9,20,1.43,318,610,182,13
"Syracuse (ACC)",2015,4,5.11,6.15,11.47,156.8,4.4,163.2,0.335,0.733,6.21,7.94,4.75,0.369,1,5,0.42,9,11,9,12,48.08,64,6.5,21,1.75,306,445,164,11
"TCU (Big 12)",2015,11,6.79,8.74,13.86,347.5,4.99,215.4,0.434,0.467,5.16,6.35,4.22,0.278,0.5,0,0,15,7,4,12,70.92,94,6.5,18,1.38,517,561,198,7
"Temple (AAC)",2015,10,5.37,6.92,12.15,217,4.05,149.7,0.412,0.478,5.04,6.27,3.81,0.319,0.45,3,0.21,8,16,11,6,55.21,81,7.4,18,1.29,439,517,211,11
"Tennessee (SEC)",2015,9,5.56,6.96,11.74,198.6,4.71,223.7,0.46,0.765,5.21,6.3,4.19,0.276,0.75,7,0.54,5,12,7,7,40.77,66,5.8,23,1.77,371,617,211,13
"Texas (Big 12)",2015,5,5.7,6.95,12.6,145.9,5.1,224.8,0.353,0.4,5.63,7.33,4.51,0.442,0.529,11,0.92,6,13,8,12,59.08,77,6.8,32,2.67,252,529,173,6
"Texas A&M (SEC)",2015,8,5.59,6.89,12.17,255.6,4.35,169.1,0.423,0.3,5.42,6.06,5.01,0.33,0.2,-6,-0.46,15,11,9,7,54.85,83,8.5,37,2.85,482,505,208,6
"Texas St. (Sun Belt)",2015,3,5.55,6.39,11.05,229.3,4.78,187.3,0.364,0.615,7.01,9.02,5.71,0.491,0.5,-7,-0.58,12,3,9,11,55.92,73,4.6,20,1.67,431,470,184,16
"Texas Tech (Big 12)",2015,7,6.95,8.14,12.97,388.2,5.36,191.3,0.517,0.478,6.91,7.89,6.17,0.497,0.438,2,0.15,15,15,8,10,64.31,92,5.3,27,2.08,620,464,203,11
"Toledo (MAC)",2015,10,6.13,7.39,13.14,253,5.07,207.9,0.462,0.455,5.07,6.56,3.35,0.403,0.421,8,0.67,10,12,4,10,68.17,96,6.8,5,0.42,411,492,186,10
"Troy (Sun Belt)",2015,4,5.41,6.91,11.56,240.8,3.75,119.1,0.351,0.368,5.25,7.17,4.1,0.36,0.613,0,0,11,6,8,13,57.58,80,6.9,18,1.5,418,381,168,7
"Tulane (AAC)",2015,3,4.76,5.99,11.78,201.3,3.5,115.8,0.346,0.313,5.81,8.41,4.14,0.464,0.591,1,0.08,10,8,5,8,53.42,70,7.5,26,2.17,403,397,182,5
"Tulsa (AAC)",2015,6,6.09,8.8,14.2,333.2,3.83,174.2,0.441,0.538,6.59,8.27,5.26,0.447,0.524,4,0.31,8,10,12,14,56.15,91,6.5,41,3.15,492,591,227,14
"UCF (AAC)",2015,0,4.12,5.28,10.64,187.2,2.74,81.3,0.292,0.333,6.54,8.93,4.83,0.475,0.667,-20,-1.67,23,4,10,9,45.08,64,5.5,23,1.92,425,356,171,6
"UCLA (Pac-12)",2015,8,6.25,7.35,12.5,288.4,5.03,177.5,0.451,0.615,5,5.78,4.4,0.396,0.577,0,0,13,12,6,7,70.46,108,5.5,15,1.15,510,459,195,8
"UConn (AAC)",2015,6,4.93,7.05,12,185.5,3.4,124.8,0.318,0.3,5.2,6.14,4.43,0.405,0.391,9,0.69,10,18,6,7,45.77,74,5.2,37,2.85,342,477,179,6
"Utah (Pac-12)",2015,10,5.11,6.65,10.45,180,4.17,183,0.41,0.667,5.18,6.84,3.28,0.394,0.545,13,1,11,22,10,12,53.31,72,7.2,23,1.77,352,571,200,16
"UTEP (C-USA)",2015,5,4.92,6.06,10.96,195.5,3.94,146.8,0.397,0.5,6.82,8.86,4.96,0.357,0.467,-11,-0.92,10,5,13,7,41.92,57,5.4,12,1,387,447,199,9
"UTSA (C-USA)",2015,3,5,6.45,11,193.4,3.97,168.8,0.405,0.214,5.97,8.05,4.2,0.415,0.556,-1,-0.08,11,14,12,8,65.67,84,4.3,44,3.67,360,510,185,3
"Vanderbilt (SEC)",2015,4,4.5,5.48,10.74,171.8,3.75,154.7,0.373,0.389,5.17,6.43,4.02,0.282,0.235,-8,-0.67,16,6,9,11,47.17,73,6.7,28,2.33,376,495,204,7
"Virginia (ACC)",2015,4,5.49,6.92,11.35,238.3,4.1,144.8,0.425,0.533,6.23,8.16,4.5,0.369,0.474,-9,-0.75,18,4,6,11,63.83,91,6.3,21,1.75,413,424,174,8
"Virginia Tech (ACC)",2015,7,5.33,7.45,13.17,225.8,3.8,159.2,0.383,0.615,5.55,6.97,4.57,0.335,0.5,4,0.31,14,10,7,15,62.77,96,6.5,34,2.62,394,545,193,8
"Wake Forest (ACC)",2015,3,4.8,6.57,11.61,228.3,3.03,105.2,0.351,0.412,5.57,7.55,4.19,0.354,0.444,-13,-1.08,18,6,6,5,46.42,61,6.2,40,3.33,417,417,188,7
"Washington (Pac-12)",2015,7,6,7.85,12.69,239.2,4.47,163.8,0.379,0.421,4.9,6.72,3.29,0.368,0.522,5,0.38,11,15,11,12,50.08,71,7,33,2.54,396,477,169,8
"Washington St. (Pac-12)",2015,9,5.92,6.85,10.11,389.5,3.55,80.1,0.405,0.667,5.77,6.78,4.92,0.445,0.407,-1,-0.08,12,13,13,11,38.31,70,7.8,41,3.15,739,293,190,26
"West Virginia (Big 12)",2015,8,5.93,7.62,14.09,251.5,4.77,228.2,0.391,0.474,5.32,6.91,3.95,0.317,0.429,9,0.69,15,23,7,8,70,87,7,32,2.46,429,622,207,9
"Western Ky. (C-USA)",2015,12,7.23,9.41,13.09,372.2,4.64,154.1,0.478,0.571,5.69,7.11,4.42,0.352,0.611,14,1,9,17,8,14,57.86,83,5.9,16,1.14,554,465,184,12
"Western Mich. (MAC)",2015,8,6.86,9.21,13.63,286.2,5.06,204.6,0.459,0.619,6.31,7.49,5.25,0.41,0.318,1,0.08,9,10,8,8,55.54,81,5.6,31,2.38,404,526,172,13
"Wisconsin (Big Ten)",2015,10,5.29,7.08,11.78,228.3,3.82,150.3,0.408,0.75,4.41,5.7,3.13,0.312,0.3,3,0.23,13,12,5,9,53,75,5.7,25,1.92,419,512,184,6
"Akron (MAC)",2016,5,5.99,7.73,14.12,255.3,4.17,132.2,0.373,0.476,6.05,7.43,5.05,0.444,0.591,-8,-0.67,14,8,8,6,67.25,91,5.5,26,2.17,396,380,158,10
"Alabama (SEC)",2016,14,6.47,7.56,11.9,210.3,5.75,245,0.438,0.588,3.99,5.85,2.01,0.307,0.174,10,0.67,9,16,10,13,44,86,7.9,24,1.6,417,639,208,10
"Appalachian St. (Sun Belt)",2016,10,6.13,6.97,11.46,179,5.64,250.9,0.337,0.552,4.99,5.97,3.94,0.333,0.217,8,0.62,8,20,5,1,57.69,79,5.8,16,1.23,334,578,175,16
"Arizona (Pac-12)",2016,3,6.08,6.98,13.61,178.1,5.54,235,0.363,0.278,6.1,7.73,4.7,0.526,0.313,-7,-0.58,12,8,9,6,64,76,4.9,28,2.33,306,509,157,5
"Arizona St. (Pac-12)",2016,5,5.21,7.32,12.11,259.3,3.32,131.5,0.381,0.471,7.07,8.84,4.9,0.358,0.563,-4,-0.33,14,9,7,8,52,66,7.1,41,3.42,425,475,194,8
"Arkansas (SEC)",2016,7,6.03,8.46,13.9,264.2,4.13,164.2,0.398,0.556,6.75,7.77,5.91,0.448,0.615,-4,-0.31,15,10,10,11,52.31,80,4.5,35,2.69,406,517,176,10
"Arkansas St. (Sun Belt)",2016,8,5.37,7.83,13.63,242.2,3.45,137.2,0.294,0.577,4.99,6.73,3.57,0.356,0.25,5,0.38,9,11,8,11,64.23,107,9.6,28,2.15,402,517,187,15
"Army West Point (FBS Independent)",2016,8,5.89,7.86,17.91,74.4,5.59,339.5,0.483,0.541,5.09,6.55,3.88,0.38,0.421,-3,-0.23,11,17,14,5,42.15,62,5.5,10,0.77,123,790,172,20
"Auburn (SEC)",2016,8,6.13,7.62,12.38,169.5,5.47,271.3,0.418,0.476,5.07,6.39,3.74,0.348,0.522,3,0.23,6,11,8,6,36.54,61,6.4,19,1.46,289,645,182,10
"Ball St. (MAC)",2016,4,5.64,6.31,10.46,229.2,5.09,220,0.451,0.522,6.38,7.99,4.46,0.451,0.235,-10,-0.83,15,7,9,7,35.5,48,7,19,1.58,436,519,195,12
"Baylor (Big 12)",2016,7,6.13,7.61,13.58,280.9,5,241.8,0.423,0.565,5.43,7.26,4.21,0.415,0.636,-5,-0.38,15,12,12,10,82.15,129,7.5,26,2,480,628,222,26
"Boston College (ACC)",2016,7,4.42,6.31,12.46,143.8,3.42,149.1,0.314,0.5,5.09,7.02,3.34,0.315,0.308,7,0.54,8,12,12,15,57.38,90,8.2,28,2.15,296,566,210,11
"Bowling Green (MAC)",2016,4,5.13,6.04,11.16,226.1,4.31,180.8,0.307,0.591,6.32,8.63,4.56,0.448,0.571,-16,-1.33,25,9,8,8,58,70,4.6,25,2.08,449,503,179,26
"Buffalo (MAC)",2016,2,5.16,6.06,11.35,200.5,4.32,153.3,0.365,0.438,5.92,7.67,5.09,0.462,0.375,-6,-0.5,11,5,8,8,43,63,5.8,23,1.92,397,426,181,7
"BYU (FBS Independent)",2016,9,5.43,6.25,10.5,197.9,4.81,201.2,0.477,0.632,5.52,7.64,3.4,0.373,0.409,12,0.92,12,21,7,10,60.15,83,5.7,26,2,412,544,195,12
"California (Pac-12)",2016,5,5.95,6.93,11.24,358.8,4.47,154.3,0.391,0.742,6.71,7.46,6.15,0.472,0.818,3,0.25,12,11,3,7,75.75,89,4.3,16,1.33,621,414,202,23
"Central Mich. (MAC)",2016,6,5.8,7.62,12.82,276.1,3.7,115.9,0.415,0.538,5.74,7,4.64,0.418,0.429,-6,-0.46,16,13,8,5,48.46,62,5.4,38,2.92,471,407,183,7
"Charlotte (C-USA)",2016,4,4.94,5.6,10.81,192.8,4.38,176.8,0.323,0.485,6.03,7.5,4.24,0.419,0.5,7,0.58,6,16,9,6,68.17,88,4.1,25,2.08,413,484,195,16
"Cincinnati (AAC)",2016,4,5.28,6.78,11.86,255.9,3.57,118.2,0.379,0.412,5.34,7.2,4.05,0.479,0.611,1,0.08,15,17,8,7,45.33,55,5.9,26,2.17,453,397,182,7
"Clemson (ACC)",2016,14,6.19,7.96,11.87,333.9,4.31,169.7,0.502,0.6,4.63,5.65,3.7,0.281,0.417,-1,-0.07,17,20,11,7,58,95,8.7,20,1.33,629,591,233,15
"Colorado (Pac-12)",2016,10,5.54,7.6,12.33,254.5,4.03,182.6,0.443,0.421,4.87,5.74,4.07,0.327,0.45,6,0.43,11,15,9,11,47.21,76,4.9,31,2.21,469,635,235,8
"Duke (ACC)",2016,4,5.15,6.49,10.39,239.8,3.89,153.6,0.43,0.375,6.29,8.93,4.48,0.397,0.25,-4,-0.33,9,10,14,9,40.42,62,6.6,31,2.58,443,474,186,9
"East Carolina (AAC)",2016,3,5.85,7.25,11.19,334.7,3.93,132.4,0.397,0.6,6.44,7.96,5.42,0.429,0.375,-16,-1.33,12,5,12,3,43.42,60,4.4,31,2.58,554,404,194,21
"Eastern Mich. (MAC)",2016,7,5.92,7.42,12.46,296.1,4.31,159.1,0.468,0.615,5.84,7.48,4.34,0.419,0.75,1,0.08,17,11,6,13,57,76,4.6,13,1,519,480,203,8
"FIU (C-USA)",2016,4,5.43,6.68,11.43,226.7,4.22,148.6,0.359,0.5,6.34,7.73,5.22,0.429,0.556,-9,-0.75,17,6,6,8,47.83,64,3.8,31,2.58,407,423,170,13
"Fla. Atlantic (C-USA)",2016,3,5.7,6.89,11.73,210.1,4.78,188.2,0.337,0.389,6.91,9.07,5.48,0.473,0.615,-5,-0.42,13,10,7,5,48.08,63,5.4,25,2.08,366,472,169,7
"Florida (SEC)",2016,9,5.19,6.84,11.64,215.8,3.69,128.2,0.417,0.467,4.67,5.89,3.85,0.348,0.25,2,0.15,15,16,7,8,58.31,88,6.2,28,2.15,410,452,192,7
"Florida St. (ACC)",2016,10,6.46,8.15,14.07,264.1,5.08,202.3,0.438,0.6,5.27,7.11,3.64,0.339,0.444,3,0.23,8,15,12,8,72.92,100,7.3,36,2.77,421,518,169,3
"Ga. Southern (Sun Belt)",2016,5,5.24,7.08,12.71,155.7,4.44,224.2,0.443,0.444,5.94,7.76,4.5,0.327,0.619,1,0.08,9,9,9,10,64.83,91,5.6,12,1,264,606,185,8
"Georgia (SEC)",2016,8,5.44,6.52,11.86,193.5,4.66,191.2,0.418,0.538,5.26,7.05,3.97,0.368,0.412,8,0.62,9,15,10,12,42.08,74,4.8,24,1.85,386,533,194,7
"Georgia St. (Sun Belt)",2016,3,5.31,7.05,12.79,246.3,3.13,87.7,0.382,0.357,4.91,5.88,4.31,0.391,0.692,-5,-0.42,15,11,8,7,48.42,73,3.8,17,1.42,419,336,170,5
"Georgia Tech (ACC)",2016,9,6.53,10.49,20.23,129.2,5.49,258.1,0.418,0.5,5.76,6.87,4.73,0.492,0.526,4,0.31,4,11,11,8,38.62,57,4.4,16,1.23,160,611,153,11
"Houston (AAC)",2016,9,5.32,7.37,10.94,296.3,3.41,147.1,0.472,0.633,4.8,6.81,2.91,0.342,0.421,-7,-0.54,15,7,10,11,42.62,58,7.7,37,2.85,523,561,231,19
"Idaho (Sun Belt)",2016,9,5.61,7.5,12.23,249.2,3.94,147.8,0.396,0.591,6.24,8.23,4.23,0.423,0.55,11,0.85,11,17,6,11,55.77,73,5.1,25,1.92,432,488,182,13
"Illinois (Big Ten)",2016,3,5.32,5.85,11.45,174.6,4.78,140.5,0.284,0.438,5.54,7.24,4.62,0.446,0.313,-2,-0.17,9,7,11,11,53.25,75,7.9,20,1.67,358,353,155,7
"Indiana (Big Ten)",2016,6,5.59,7.8,13.53,273.8,3.71,152.2,0.399,0.259,5.09,6.85,3.76,0.329,0.63,-6,-0.46,18,13,11,10,52.77,79,7.5,29,2.23,456,534,203,7
"Iowa (Big Ten)",2016,8,5.2,6.42,11.38,153.2,4.45,171.8,0.318,0.647,5.11,6.53,3.96,0.35,0.571,6,0.46,10,9,2,9,41.31,65,4.6,30,2.31,310,502,157,11
"Iowa St. (Big 12)",2016,3,5.91,7.8,13.22,258.8,4.26,162.8,0.429,0.478,5.97,7.32,4.98,0.448,0.6,-3,-0.25,8,9,8,4,56.75,76,6.7,32,2.67,398,458,177,11
"Kansas (Big 12)",2016,2,4.96,6.2,10.38,240.4,3.53,119.1,0.33,0.25,6.04,7.39,5.17,0.356,0.444,-14,-1.17,22,10,14,12,54.5,71,7.5,27,2.25,465,405,182,5
"Kansas St. (Big 12)",2016,9,5.74,6.61,11.53,157,5.27,231.8,0.454,0.6,5.77,7.48,3.74,0.374,0.417,13,1,5,16,7,9,54.62,88,5.4,25,1.92,309,572,174,9
"Kent St. (MAC)",2016,3,4.85,5.82,11.56,141.7,4.25,167.5,0.331,0.357,5.21,6.69,4.24,0.398,0.625,11,0.92,8,12,5,12,44.92,63,5.8,34,2.83,292,473,181,5
"Kentucky (SEC)",2016,7,6.26,7.75,14.23,186.1,5.44,234.2,0.391,0.75,6.08,7.61,5.15,0.444,0.538,-7,-0.54,12,13,16,8,46.54,66,5.3,28,2.15,312,560,184,12
"La.-Monroe (Sun Belt)",2016,4,5.11,6.33,11.64,192,4.25,181.3,0.424,0.5,6.65,8.2,5.73,0.447,0.4,-11,-0.92,16,6,8,7,45.42,50,5.7,19,1.58,364,512,191,13
"Louisiana (Sun Belt)",2016,6,5,6.76,11.36,178.2,3.97,178.9,0.374,0.292,5.3,7.4,3.43,0.371,0.45,1,0.08,13,10,4,8,56.15,94,6.1,36,2.77,343,586,198,7
"Louisiana Tech (C-USA)",2016,9,7.51,9.37,14.05,363.4,5.08,151.4,0.503,0.6,5.79,7.79,3.91,0.455,0.625,1,0.07,9,9,8,9,48.21,71,6.3,28,2,543,417,155,6
"Louisville (ACC)",2016,9,7.21,8.66,15.23,290.5,6,242.2,0.411,0.688,4.69,6.55,3.1,0.315,0.474,-7,-0.54,10,15,22,10,70.69,101,7.2,47,3.62,436,525,180,11
"LSU (SEC)",2016,8,6.71,7.65,13.11,190.1,6.09,233,0.434,0.125,4.76,6.5,3.28,0.323,0.526,0,0,7,9,10,8,41,58,6.4,19,1.58,298,459,152,1
"Marshall (C-USA)",2016,3,5.04,6.63,10.99,241.8,3.28,108.2,0.341,0.667,6.39,8.18,5.01,0.4,0.609,4,0.33,12,8,4,12,76.75,90,5.8,28,2.33,438,396,173,16
"Maryland (Big Ten)",2016,6,5.61,6.77,11.82,178.2,4.87,199.5,0.343,0.379,5.67,7.01,4.76,0.375,0.385,-7,-0.54,9,5,10,7,61.08,88,6.7,49,3.77,342,533,181,11
"Massachusetts (FBS Independent)",2016,2,5.33,7.06,12.17,256.7,3.26,99.5,0.325,0.5,6.13,7.91,4.71,0.404,0.6,-10,-0.83,15,4,10,11,66.17,93,5.8,45,3.75,436,366,160,12
"Memphis (AAC)",2016,8,6.25,8.3,13.06,304.4,4.25,159.3,0.407,0.591,5.77,6.56,5.03,0.38,0.609,8,0.62,10,16,11,13,59.31,82,5.7,35,2.69,477,487,194,13
"Miami (FL) (ACC)",2016,9,6.43,8.37,13.55,274.2,4.54,151.8,0.363,0.462,4.75,6.23,3.43,0.386,0.292,9,0.69,7,8,3,11,67.38,95,8.3,25,1.92,426,435,171,6
"Miami (OH) (MAC)",2016,6,5.67,8.37,14.14,230.6,3.66,136.3,0.378,0.467,5.24,6.65,4.01,0.408,0.5,1,0.08,7,14,13,7,55.38,88,5.2,42,3.23,358,484,164,7
"Michigan (Big Ten)",2016,10,5.85,7.45,12.09,212,4.82,212.9,0.432,0.65,4.21,5.65,3.22,0.21,0.407,7,0.54,7,13,5,6,45.62,63,9.3,22,1.69,370,574,183,13
"Michigan St. (Big Ten)",2016,3,5.64,7.21,12.64,222.3,4.4,172.7,0.387,0.476,5.53,7.45,4.14,0.423,0.647,-5,-0.42,11,8,7,5,60.33,77,4.7,27,2.25,370,471,173,10
"Middle Tenn. (C-USA)",2016,8,6.92,7.62,12.14,325.8,5.98,191.8,0.446,0.286,5.47,6.64,4.48,0.386,0.61,-2,-0.15,15,11,6,8,56.15,78,5,14,1.08,556,417,184,4
"Minnesota (Big Ten)",2016,9,5.24,6.88,12.47,173.6,4.28,183.6,0.384,0.5,4.82,6.16,3.38,0.388,0.462,8,0.62,12,9,5,16,57.15,88,7.8,17,1.31,328,558,190,5
"Mississippi St. (SEC)",2016,6,6.07,6.63,11.85,209.7,5.63,230.5,0.406,0.5,6.24,7.75,4.76,0.411,0.679,7,0.54,10,14,6,9,47.46,68,6.2,18,1.38,411,532,192,14
"Missouri (SEC)",2016,4,6.34,7.91,14.24,295.4,4.92,205.1,0.43,0.542,6.07,7.09,5.26,0.443,0.417,-3,-0.25,10,15,13,5,57.08,80,6,14,1.17,448,500,193,13
"Navy (AAC)",2016,9,6.82,11.35,19.29,128.1,5.85,310.1,0.545,0.607,6.34,8.61,4.61,0.535,0.667,2,0.14,7,7,9,11,24.36,39,4,23,1.64,158,742,167,17
"NC State (ACC)",2016,7,5.75,7.72,12.86,260.2,4.03,156.2,0.438,0.444,5.13,6.75,3.33,0.349,0.63,2,0.15,12,10,8,12,62.31,78,6.8,17,1.31,438,504,192,12
"Nebraska (Big Ten)",2016,9,5.36,6.88,13.69,211.7,4.2,169.2,0.439,0.571,5.53,6.65,4.44,0.374,0.462,5,0.38,9,16,5,3,53.46,75,5.2,15,1.15,400,523,196,12
"New Mexico St. (Sun Belt)",2016,3,5.44,6.38,11.62,244.9,4.5,169.8,0.339,0.542,6.56,8.41,5.34,0.469,0.471,1,0.08,15,13,7,10,50,76,6.1,36,3,461,453,189,13
"North Carolina (ACC)",2016,8,6.64,8.3,12.18,293.2,4.73,145.8,0.455,0.4,5.37,7.16,4.48,0.426,0.667,-2,-0.15,6,1,10,13,61.31,99,5.2,20,1.54,459,401,165,6
"North Texas (C-USA)",2016,5,5.08,6.03,10.38,208.3,4.08,133.5,0.348,0.364,6.07,7.35,5.3,0.477,0.407,1,0.08,13,14,8,8,68.46,97,5.6,43,3.31,449,426,181,8
"Northern Ill. (MAC)",2016,5,5.86,6.72,11.59,224,5.24,239.8,0.414,0.474,5.79,7.23,4.63,0.378,0.667,-1,-0.08,13,14,4,2,69.5,84,6.1,8,0.67,400,549,203,9
"Northwestern (Big Ten)",2016,7,5.26,6.6,11.3,245.1,3.97,153.2,0.395,0.5,5.4,6.95,3.78,0.365,0.538,9,0.69,9,16,7,9,29.92,47,5.9,39,3,483,501,195,15
"Notre Dame (FBS Independent)",2016,4,6.07,7.86,13.62,254.3,4.47,163.3,0.405,0.65,5.4,7.53,4.14,0.39,0.522,-4,-0.33,9,8,9,6,53.17,78,5.1,28,2.33,388,438,168,13
"Ohio (MAC)",2016,8,5.47,6.86,12.57,224.4,4.3,167.9,0.377,0.444,5.13,7.32,2.95,0.387,0.55,1,0.07,12,15,13,11,53.71,79,7.4,19,1.36,458,546,212,8
"Ohio St. (Big Ten)",2016,11,6.02,6.8,10.91,213.9,5.47,245.2,0.467,0.619,4.37,5.58,3.37,0.322,0.348,15,1.15,7,21,5,6,50.62,82,6.7,28,2.15,409,583,199,13
"Oklahoma (Big 12)",2016,11,7.54,10.77,15.25,318,5.37,236.8,0.515,0.538,5.85,7.07,4.55,0.426,0.556,0,0,8,9,9,8,52.23,66,5.2,21,1.62,384,573,169,7
"Oklahoma St. (Big 12)",2016,10,6.73,9.06,14.27,323.9,4.52,170.8,0.43,0.417,5.93,7.63,4.59,0.39,0.407,11,0.85,4,14,10,11,49.46,69,6.9,32,2.46,465,491,179,5
"Old Dominion (C-USA)",2016,10,6.41,8.13,13.83,234,5.12,196.8,0.372,0.581,5.41,7.04,4.06,0.376,0.486,13,1,6,11,4,12,44,66,6.1,19,1.46,374,500,172,18
"Ole Miss (SEC)",2016,5,6.16,7.82,13.08,314.9,4.25,149.4,0.402,0.375,6.18,7.37,5.41,0.417,0.643,-3,-0.25,14,8,5,8,43.33,59,5.7,26,2.17,483,422,169,6
"Oregon (Pac-12)",2016,4,6.61,7.98,12.39,265.3,5.51,226.4,0.391,0.621,6.41,7.27,5.67,0.485,0.438,-3,-0.25,6,9,9,3,75.83,99,5.1,29,2.42,399,493,169,18
"Oregon St. (Pac-12)",2016,4,5.52,5.91,10.81,173.8,5.2,191.7,0.372,0.2,5.76,6.3,5.32,0.418,0.522,1,0.08,11,7,8,13,71.83,96,4.3,25,2.08,353,442,172,3
"Penn St. (Big Ten)",2016,11,6.5,9.34,16.15,260.7,4.46,171.9,0.326,0.5,5.04,6.43,3.84,0.384,0.381,1,0.07,8,10,12,11,44.43,68,8.1,24,1.71,391,540,172,10
"Pittsburgh (ACC)",2016,8,6.71,8.9,15.25,221.7,5.4,225.1,0.454,0.538,5.98,7.89,3.57,0.406,0.75,1,0.08,9,9,9,10,49.77,74,6.9,10,0.77,324,542,174,7
"Purdue (Big Ten)",2016,3,5.11,6.35,11.34,294.9,3.2,96.2,0.45,0.455,6.22,7.9,5.25,0.492,0.692,-17,-1.42,25,12,8,4,37.25,52,5.6,29,2.42,557,361,202,15
"Rice (C-USA)",2016,3,5.16,6.27,10.71,215.2,4.22,169.7,0.368,0.647,7.43,10.21,5.45,0.395,0.588,-7,-0.58,10,5,8,6,47.17,69,5.8,33,2.75,412,483,182,11
"Rutgers (Big Ten)",2016,2,4.14,5,10.43,138.3,3.56,144.9,0.308,0.438,6.35,7.59,5.7,0.405,0.524,-5,-0.42,7,8,12,6,43,63,5.5,34,2.83,332,489,195,7
"SMU (AAC)",2016,5,5.49,6.95,12.77,264,4.1,163.3,0.433,0.375,6,7.13,5.07,0.377,0.609,2,0.17,17,18,7,8,52,69,6,26,2.17,456,478,208,6
"South Alabama (Sun Belt)",2016,6,5.73,7.62,13.6,243.8,4.04,145.6,0.387,0.455,5.63,7.25,4.77,0.347,0.55,-2,-0.15,14,10,8,10,66.31,99,7,31,2.38,416,468,173,10
"South Carolina (SEC)",2016,6,5.15,6.89,11.17,213.2,3.68,134.4,0.342,0.52,5.62,6.73,4.8,0.426,0.583,7,0.54,7,15,13,12,46.62,65,5.4,41,3.15,402,475,184,13
"South Fla. (AAC)",2016,11,7.17,8.22,13.07,226.2,6.51,285.3,0.444,0.895,5.82,7.32,4.48,0.392,0.529,9,0.69,8,15,9,11,58.69,83,6.1,15,1.15,358,570,189,17
"Southern California (Pac-12)",2016,10,6.4,7.76,11.82,276.4,5.16,200.7,0.478,0.5,5.38,6.74,4.05,0.354,0.6,0,0,11,14,9,6,67.15,99,5.5,12,0.92,463,506,178,7
"Southern Miss. (C-USA)",2016,7,6.01,8.11,13.6,298.2,4.17,174.5,0.409,0.629,5.71,7.29,4.56,0.24,0.417,-17,-1.31,16,10,16,5,64.54,97,7.2,29,2.23,478,544,203,22
"Stanford (Pac-12)",2016,10,5.77,6.74,11.49,158.2,5.2,208.9,0.421,0.5,5.35,6.65,4.11,0.372,0.571,2,0.15,9,14,9,6,54.38,85,5.5,34,2.62,305,522,178,6
"Syracuse (ACC)",2016,4,5.45,7.39,11.61,321.3,3.2,119.6,0.396,0.63,6.91,8.88,5.43,0.414,0.529,-1,-0.08,13,10,7,9,60.75,96,4.8,38,3.17,522,449,212,17
"TCU (Big 12)",2016,6,6.08,6.93,11.82,268.2,5.19,195,0.406,0.588,5.49,7.26,4.18,0.436,0.556,-4,-0.31,14,8,6,8,61.31,88,6.6,31,2.38,503,488,197,10
"Temple (AAC)",2016,10,5.99,8.25,14.33,237.4,4.37,176.1,0.416,0.435,4.64,6.23,3.58,0.347,0.5,6,0.43,13,12,6,13,43.14,75,7.4,29,2.07,403,564,190,10
"Tennessee (SEC)",2016,9,6.44,8.18,13.03,238.5,5.16,205.2,0.411,0.222,5.84,6.94,5,0.379,0.308,-2,-0.15,12,11,14,13,56.54,80,7.7,25,1.92,379,517,175,2
"Texas (Big 12)",2016,5,5.9,7.52,12.55,252,4.81,239.3,0.361,0.5,5.63,7.66,4.14,0.383,0.471,-3,-0.25,12,10,11,10,64.08,85,7.6,32,2.67,402,597,194,11
"Texas A&M (SEC)",2016,8,6.37,7.07,13.01,255.2,5.69,211.8,0.392,0.556,5.55,7.03,4.35,0.389,0.333,3,0.23,9,12,12,12,52.69,81,8.5,21,1.62,469,484,194,10
"Texas St. (Sun Belt)",2016,2,4.31,6.36,10.27,219.9,2.32,82.4,0.31,0.478,6.19,8,4.94,0.423,0.714,-14,-1.17,17,3,8,8,57.25,82,5.3,44,3.67,415,426,187,11
"Texas Tech (Big 12)",2016,5,6.5,8.51,12.98,463,3.13,101.5,0.518,0.44,7.05,8.55,5.73,0.433,0.524,-4,-0.33,11,5,6,8,62,94,3.9,30,2.5,653,389,195,11
"Toledo (MAC)",2016,9,7.2,9.92,14.42,322.8,4.95,195,0.511,0.4,5.81,6.93,4.82,0.347,0.467,-4,-0.31,9,6,5,4,61.23,91,5.7,14,1.08,423,512,182,4
"Troy (Sun Belt)",2016,10,5.72,6.88,10.75,260.5,4.53,169.2,0.37,0.654,5.05,6.65,3.38,0.353,0.545,10,0.77,13,22,7,8,61.77,88,7.1,8,0.62,492,485,192,17
"Tulane (AAC)",2016,4,4.83,5.27,12.48,113.3,4.63,228.1,0.278,0.556,5.36,7.16,4.05,0.429,0.333,9,0.75,8,12,10,15,55.08,77,7.3,21,1.75,258,591,187,20
"Tulsa (AAC)",2016,10,6.15,7.68,12.92,265.3,5.12,261.7,0.462,0.6,5.47,6.68,4.36,0.373,0.531,0,0,12,10,9,11,52.62,78,6.2,24,1.85,449,665,210,9
"UCF (AAC)",2016,6,4.68,6.08,11.17,209.7,3.48,141.2,0.297,0.429,4.78,6.04,3.83,0.29,0.452,1,0.08,9,15,16,11,56.08,91,7.9,36,2.77,448,527,212,15
"UCLA (Pac-12)",2016,4,5.43,7.18,12.99,295.6,2.93,84.3,0.352,0.455,4.86,5.73,4.09,0.347,0.7,-2,-0.17,16,15,9,8,59.67,79,5.4,24,2,494,345,176,5
"UConn (AAC)",2016,3,4.81,6.4,11.42,202.7,3.37,117.3,0.337,0.478,5.72,7.67,3.91,0.408,0.591,-8,-0.67,11,7,8,4,28.25,43,4.6,37,3.08,380,418,181,11
"Utah (Pac-12)",2016,9,5.78,7.06,13.29,216.7,4.88,214,0.383,0.591,5.56,7.08,3.91,0.388,0.5,6,0.46,8,18,17,13,60.38,90,7.8,27,2.08,399,570,193,13
"UTEP (C-USA)",2016,4,6.02,6.74,11.3,183.7,5.44,185.5,0.418,0.333,6.12,7.25,5.3,0.414,0.643,-5,-0.42,8,6,8,5,45.83,67,3.8,22,1.83,327,409,153,5
"UTSA (C-USA)",2016,6,5.38,7.25,12.86,213.6,4.02,161.8,0.44,0.538,5.69,7.31,4.34,0.398,0.421,3,0.23,8,7,7,11,59.85,92,5.9,43,3.31,383,524,207,14
"Vanderbilt (SEC)",2016,6,5.19,6.31,11.84,191.2,4.3,164.5,0.355,0.333,5.9,7.16,4.67,0.403,0.316,4,0.31,11,5,4,14,44.23,67,5.2,32,2.46,394,497,183,6
"Virginia (ACC)",2016,2,4.86,5.9,10.8,239.3,3.55,113.6,0.346,0.522,6.33,8.53,4.7,0.434,0.533,-9,-0.75,16,9,10,8,57.92,76,5.5,36,3,487,384,182,12
"Virginia Tech (ACC)",2016,10,5.73,8.16,13.14,261.9,4.02,183.1,0.425,0.563,4.99,6.5,3.75,0.275,0.476,-1,-0.07,8,16,18,9,46.86,71,8.1,32,2.29,449,638,212,9
"Wake Forest (ACC)",2016,7,4.57,6.1,11.34,165.7,3.56,145.8,0.348,0.412,5.33,7.1,3.82,0.341,0.429,8,0.62,13,12,6,15,38.54,61,7.2,39,3,353,533,204,7
"Washington (Pac-12)",2016,12,6.83,8.88,14.26,258.8,5.24,198.1,0.441,0.5,4.61,5.7,3.65,0.306,0.486,18,1.29,9,19,6,14,44.86,73,6.4,26,1.86,408,529,170,5
"Washington St. (Pac-12)",2016,8,6.11,7.1,10.09,362.5,4.31,120,0.471,0.548,6.04,7.94,4.08,0.399,0.375,6,0.46,12,12,5,11,68.92,103,5.5,29,2.23,664,362,191,17
"West Virginia (Big 12)",2016,10,6.42,8.17,13.43,257.2,5.17,228.4,0.428,0.5,5.56,7.01,4.23,0.403,0.35,4,0.31,11,14,10,11,63.31,85,4.7,25,1.92,409,574,187,8
"Western Ky. (C-USA)",2016,11,7.65,10.01,15.46,336.8,5.36,186.4,0.467,0.412,5.2,7.01,2.98,0.38,0.393,2,0.14,8,14,11,7,66.5,93,6.2,22,1.57,471,487,167,7
"Western Mich. (MAC)",2016,13,6.66,9.35,13.43,252.4,5.05,228.9,0.537,0.882,5.82,7.09,4.73,0.397,0.556,18,1.29,4,15,4,11,46.21,69,5.5,16,1.14,378,634,188,15
"Wisconsin (Big Ten)",2016,11,5.45,7.76,12.41,179.1,4.32,203.1,0.441,0.5,4.92,6.5,3.29,0.279,0.368,12,0.86,10,22,6,6,32.5,48,5.3,24,1.71,323,658,204,6
"Air Force (MWC)",2017,5,5.52,9.24,19.14,110.1,4.82,307.4,0.488,0.64,6.81,8.45,5.93,0.423,0.556,-10,-0.83,6,5,14,5,38.75,48,3.8,22,1.83,143,765,166,16
"Akron (MAC)",2017,7,4.88,6.6,12.19,210.6,3.21,105.4,0.394,0.467,6.02,7.26,5.03,0.342,0.607,10,0.71,11,19,6,8,62.36,88,5.3,38,2.71,447,459,203,7
"Alabama (SEC)",2017,13,6.59,8.16,13.27,193.4,5.73,250.6,0.404,0.833,3.99,5.45,2.72,0.346,0.368,14,1,3,19,7,5,40.64,70,7.2,27,1.93,332,612,178,15
"Appalachian St. (Sun Belt)",2017,9,6.45,7.9,13.07,216.2,5.48,223.6,0.403,0.542,5.31,7.02,3.89,0.331,0.5,12,0.92,6,18,8,8,63.92,91,6.9,8,0.62,356,530,176,13
"Arizona (Pac-12)",2017,7,7.01,7.94,12.8,180.2,6.56,309.3,0.423,0.706,6.03,7.54,4.61,0.467,0.56,3,0.23,13,19,9,6,54.23,68,5.6,19,1.46,295,613,168,12
"Arizona St. (Pac-12)",2017,7,5.71,7.99,12.59,255.7,4.03,175.1,0.447,0.556,6.33,7.79,4.89,0.422,0.389,2,0.15,9,11,6,6,37.46,50,6.2,41,3.15,416,565,208,10
"Arkansas (SEC)",2017,4,5.59,7.25,12.84,205.4,4.36,168,0.418,0.5,6.45,8.4,5.02,0.475,0.667,-1,-0.08,9,8,9,9,42.08,58,4,35,2.92,340,462,165,9
"Arkansas St. (Sun Belt)",2017,7,6.09,8.02,12.95,342.2,3.95,152.6,0.444,0.333,5.29,7.3,3.55,0.33,0.364,-1,-0.08,17,14,8,10,69,94,8.3,33,2.75,512,463,180,5
"Army West Point (FBS Independent)",2017,10,5.97,5.55,18.05,27.8,6,362.3,0.552,0.633,6.25,7.56,5.31,0.401,0.737,5,0.38,6,6,4,9,36.31,55,3.9,1,0.08,65,785,165,19
"Auburn (SEC)",2017,10,6.17,8.55,12.81,233.4,4.76,218.3,0.455,0.467,4.67,5.96,3.63,0.329,0.467,-1,-0.07,6,6,14,13,38.36,63,5.8,36,2.57,382,642,209,7
"Ball St. (MAC)",2017,2,4.46,5.25,9.32,177.2,3.81,158,0.389,0.333,6.62,8.87,5.04,0.466,0.333,-9,-0.75,14,6,7,6,39.92,49,5.8,33,2.75,405,497,203,8
"Baylor (Big 12)",2017,1,5.55,7.47,12.83,287.7,3.4,117.3,0.328,0.515,6.46,8.3,4.92,0.391,0.625,-14,-1.17,14,3,11,8,55.92,88,6.9,38,3.17,462,414,186,17
"Boise St. (MWC)",2017,11,5.8,8.19,13.09,262.6,3.78,143.5,0.458,0.176,4.83,6.33,3.4,0.382,0.609,13,0.93,7,15,6,11,50,82,5.6,28,2,449,532,203,3
"Boston College (ACC)",2017,7,5.1,5.89,10.92,166.3,4.64,220.4,0.385,0.4,5.37,6.09,4.81,0.37,0.412,5,0.38,12,18,8,7,29.85,47,5.8,15,1.15,367,618,221,12
"Bowling Green (MAC)",2017,2,5.48,6.76,12.48,235,4.23,151.7,0.364,0.333,6.61,8.09,5.59,0.478,0.474,-1,-0.08,12,9,13,15,68.92,89,4.5,29,2.42,417,430,176,6
"Buffalo (MAC)",2017,6,6.26,8.73,14.91,290.8,3.96,141.1,0.414,0.667,5.49,7.26,4.38,0.418,0.55,1,0.08,6,8,7,6,49.75,67,4.4,17,1.42,400,428,169,8
"BYU (FBS Independent)",2017,4,5.14,6.05,11.1,194.6,4.2,130.5,0.358,0.308,5.35,7.59,3.69,0.406,0.56,-10,-0.77,19,8,8,9,39.15,59,4.2,26,2,418,404,179,8
"California (Pac-12)",2017,5,5.17,6.53,11.18,258.9,3.62,125.6,0.404,0.68,5.81,7.72,4.15,0.442,0.444,4,0.33,12,14,8,10,54.83,78,5.6,35,2.92,476,416,193,17
"Central Mich. (MAC)",2017,8,5.49,7.09,12.64,255.7,3.84,134.1,0.304,0.556,5.03,6,4.32,0.349,0.474,0,0,17,19,14,12,61.85,83,6.1,25,1.92,469,454,184,10
"Charlotte (C-USA)",2017,1,4.92,5.27,11.25,136.9,4.66,166.3,0.26,0.45,6.16,8.09,4.78,0.436,0.4,-9,-0.75,16,2,4,9,64.25,78,4.2,22,1.83,312,428,173,9
"Cincinnati (AAC)",2017,4,5.24,5.98,10.6,216.4,4.38,135.3,0.39,0.533,5.85,8.03,4.39,0.433,0.778,-5,-0.42,9,5,7,6,73,94,4.8,17,1.42,434,371,172,8
"Clemson (ACC)",2017,12,5.74,7.01,10.67,235.5,4.7,194.1,0.463,0.722,4.27,5.72,3.14,0.293,0.577,4,0.29,9,14,7,6,43.43,69,7.8,31,2.21,470,578,218,13
"Colorado (Pac-12)",2017,5,5.51,7.62,12.81,260.4,3.78,157.2,0.418,0.5,6.12,7.15,5.23,0.422,0.375,0,0,9,8,5,6,55.67,75,4.5,39,3.25,410,499,189,13
"Colorado St. (MWC)",2017,7,6.55,8.28,13.38,292.2,5.03,200.2,0.503,0.35,6.29,7.61,5.13,0.441,0.389,2,0.15,10,12,6,6,57,81,5.2,13,1,459,518,183,7
"Duke (ACC)",2017,7,4.92,5.91,10.43,213.4,4.07,171.4,0.392,0.63,5.22,7.07,4,0.32,0.222,0,0,12,15,7,4,41.62,62,6.6,29,2.23,469,547,209,17
"East Carolina (AAC)",2017,3,5.44,7.03,12.43,317.9,3.26,107.7,0.412,0.586,7.72,10.42,5.88,0.52,0.615,-10,-0.83,16,7,5,4,58.75,80,3.3,15,1.25,543,396,199,17
"Eastern Mich. (MAC)",2017,5,5.42,7.1,12.02,257.3,3.68,129.6,0.345,0.588,5.34,6.8,4.32,0.368,0.2,-4,-0.33,15,8,7,10,58.5,74,5.8,17,1.42,435,422,174,10
"FIU (C-USA)",2017,8,5.73,7.65,12.03,233.2,4.19,159.2,0.432,0.476,6.02,7.58,4.66,0.384,0.429,-3,-0.23,10,7,11,11,64.92,84,5.8,29,2.23,396,494,183,10
"Fla. Atlantic (C-USA)",2017,11,6.8,8.26,12.75,213.1,6.01,285.3,0.397,0.615,5.19,6.54,3.99,0.394,0.438,13,0.93,7,20,6,6,52.36,82,6.1,16,1.14,361,665,184,24
"Florida (SEC)",2017,4,5.19,6.33,11.35,179.5,4.3,156.4,0.325,0.667,5.73,7.96,4.23,0.331,0.714,-3,-0.27,10,14,10,3,58.73,88,6.5,37,3.36,312,400,157,12
"Florida St. (ACC)",2017,7,5.66,7.39,12.63,196.2,4.37,155.7,0.352,0.5,4.75,5.78,3.78,0.362,0.481,-6,-0.46,13,9,8,6,53.77,78,7.1,32,2.46,345,463,162,5
"Fresno St. (MWC)",2017,10,5.78,7.62,12.43,237.9,4.21,155,0.356,0.667,4.86,6.29,3.43,0.348,0.292,8,0.57,7,9,6,12,43.57,74,6.4,10,0.71,437,515,191,10
"Ga. Southern (Sun Belt)",2017,2,4.75,6.77,12.57,110,4.14,222.3,0.351,0.607,6.6,8.32,5.23,0.392,0.438,0,0,7,14,13,6,54,77,5.5,31,2.58,195,644,191,17
"Georgia (SEC)",2017,13,6.7,8.7,14.26,176.9,5.79,258.4,0.456,0.583,4.69,5.8,3.74,0.329,0.294,4,0.27,9,12,7,8,55.67,95,6.2,22,1.47,305,670,195,7
"Georgia St. (Sun Belt)",2017,7,5.46,7.86,12.26,270.7,3.21,117.3,0.429,0.5,5.8,7.43,4.13,0.385,0.583,-4,-0.33,9,10,12,7,47.42,62,4.5,25,2.08,413,439,182,7
"Georgia Tech (ACC)",2017,5,5.74,7.79,21.56,84.3,5.35,307.4,0.456,0.421,5.52,6.63,4.53,0.309,0.556,-5,-0.45,5,6,10,4,35.82,44,4.3,20,1.82,119,632,158,8
"Hawaii (MWC)",2017,3,5.73,6.65,10.82,234.5,4.8,168.2,0.383,0.357,6.76,8.93,5.25,0.488,0.667,1,0.08,8,9,6,6,68.83,93,5.8,30,2.5,423,420,167,10
"Houston (AAC)",2017,7,6,7.63,11.16,261.3,4.49,166.8,0.455,0.444,5.37,6.96,3.77,0.391,0.636,-2,-0.17,12,15,11,6,53.83,72,6.7,17,1.42,411,446,178,8
"Idaho (Sun Belt)",2017,4,5.09,7.14,11.73,224.9,3.35,124.6,0.354,0.36,5.61,7.17,4.36,0.404,0.714,2,0.17,7,9,9,9,47.58,64,7.6,50,4.17,378,446,181,9
"Illinois (Big Ten)",2017,2,4.64,6.19,12.49,174.8,3.28,105.6,0.335,0.4,5.66,7.08,4.78,0.437,0.667,-7,-0.58,19,9,7,10,64,85,4.4,42,3.5,339,386,173,4
"Indiana (Big Ten)",2017,5,4.99,6.35,10.42,265.7,3.48,130.1,0.379,0.474,4.92,6.49,3.87,0.299,0.529,-7,-0.58,13,5,7,8,58.92,71,7.3,29,2.42,502,449,211,9
"Iowa (Big Ten)",2017,8,5.12,6.97,12.43,190.2,3.76,139.2,0.344,0.636,5.08,6.03,4.13,0.346,0.48,7,0.54,6,21,13,5,41.08,66,4.9,25,1.92,355,481,180,14
"Iowa St. (Big 12)",2017,8,5.55,7.44,11.83,272.9,3.44,113.1,0.392,0.737,5.4,7.34,3.62,0.407,0.438,10,0.77,9,12,1,8,39.69,57,7.4,19,1.46,477,427,186,14
"Kansas (Big 12)",2017,1,4.64,5.91,10.91,226.4,3.15,102.6,0.289,0.542,6.44,9.32,4.19,0.401,0.619,-17,-1.42,17,4,9,5,46.08,66,7.4,29,2.42,460,391,201,13
"Kansas St. (Big 12)",2017,8,6.14,8.37,14.48,173.8,4.98,198.8,0.336,0.333,5.82,7.64,3.58,0.412,0.542,10,0.77,8,12,5,11,45.85,67,5,26,2,270,519,152,3
"Kent St. (MAC)",2017,2,4.38,6.29,12.91,122.7,3.52,152.5,0.287,0.2,6.21,7.75,5.25,0.315,0.667,-7,-0.58,15,12,11,7,74.58,94,6.5,46,3.83,234,520,174,4
"Kentucky (SEC)",2017,7,5.56,7.41,12.48,188.2,4.31,161.7,0.393,0.6,6.22,7.66,4.89,0.405,0.621,3,0.23,7,11,8,7,48.15,71,4.8,31,2.38,330,488,168,6
"La.-Monroe (Sun Belt)",2017,4,6.37,8.54,14.03,287.7,4.45,170.3,0.435,0.565,7.26,9.43,5.6,0.46,0.556,-4,-0.33,9,9,9,5,44.25,64,5.2,21,1.75,404,459,177,13
"Louisiana (Sun Belt)",2017,5,5.78,6.86,12.05,214.8,4.88,183.7,0.36,0.5,6.58,8.49,5.29,0.485,0.588,-1,-0.08,12,9,4,6,40.58,58,5.1,32,2.67,376,452,164,9
"Louisiana Tech (C-USA)",2017,7,5.73,7.14,12.86,230.5,4.53,172.5,0.407,0.563,5.59,6.69,4.68,0.414,0.667,13,1,5,19,10,9,40.54,61,4.8,25,1.92,420,495,182,9
"Louisville (ACC)",2017,8,7.39,8.4,14.07,299.8,6.44,245.1,0.442,0.633,5.61,7.59,4.13,0.413,0.579,2,0.15,10,13,11,10,51.08,82,6.1,33,2.54,464,495,181,19
"LSU (SEC)",2017,9,6.19,8.82,14.78,203.5,4.79,207.6,0.414,0.4,5.07,6.45,3.85,0.354,0.381,10,0.77,4,12,4,6,50.62,75,5.9,30,2.31,300,563,174,4
"Marshall (C-USA)",2017,8,5.5,7.03,11.71,239.6,4.01,140.2,0.444,0.429,4.95,6.64,3.39,0.36,0.44,-8,-0.62,14,6,9,9,59.77,85,7.2,11,0.85,443,455,187,9
"Maryland (Big Ten)",2017,4,5.15,6.1,11.09,161.7,4.45,161.7,0.286,0.458,5.62,6.76,4.67,0.495,0.5,2,0.17,8,10,6,6,64.5,83,4.9,35,2.92,318,436,161,11
"Massachusetts (FBS Independent)",2017,4,6,7.99,13.13,297.5,3.89,135.3,0.347,0.625,5.76,6.82,4.95,0.372,0.429,3,0.25,6,13,11,7,56.58,79,6.9,46,3.83,447,418,173,15
"Memphis (AAC)",2017,10,7.35,8.92,14.19,335,5.66,197.1,0.438,0.55,5.75,7.55,4.21,0.456,0.667,15,1.15,10,16,6,15,77.38,111,7,21,1.62,488,453,169,11
"Miami (FL) (ACC)",2017,10,6.24,7.4,13.89,242.5,5.05,160.8,0.288,0.667,4.77,6.3,3.5,0.395,0.409,13,1,14,17,4,14,50.46,69,8.5,29,2.23,426,414,163,6
"Miami (OH) (MAC)",2017,5,5.54,7.39,13.52,237.7,3.93,145.9,0.375,0.5,5.42,6.6,4.46,0.388,0.4,-1,-0.08,11,11,7,6,64.08,86,4.7,22,1.83,386,445,168,9
"Michigan (Big Ten)",2017,8,5.18,6.43,12.03,171.2,4.37,177.7,0.326,0.563,4.52,5.95,3.49,0.261,0.455,-4,-0.31,10,10,11,7,57.15,86,8.8,36,2.77,346,529,190,9
"Michigan St. (Big Ten)",2017,10,5.13,6.6,11.33,215.2,3.99,167.8,0.449,0.579,4.87,6.17,3.37,0.328,0.6,3,0.23,8,14,12,9,59.08,84,5,21,1.62,424,547,207,11
"Middle Tenn. (C-USA)",2017,7,5.68,6.9,11.57,251.1,4.33,142.3,0.376,0.438,4.95,6.67,3.46,0.348,0.455,-12,-0.92,17,5,6,6,62.23,84,7.4,25,1.92,473,427,178,7
"Minnesota (Big Ten)",2017,5,4.88,6.49,13.75,126.1,4.17,182.4,0.335,0.769,5.52,6.31,4.9,0.384,0.412,0,0,11,8,7,10,28.33,39,5.9,22,1.83,233,525,158,10
"Mississippi St. (SEC)",2017,9,5.51,6.15,11.36,166.9,5.16,251.7,0.462,0.52,5.23,7.26,3.82,0.304,0.375,-1,-0.08,14,13,8,8,54.62,80,6.6,13,1,353,634,197,13
"Missouri (SEC)",2017,7,7.13,9.33,16.24,308.6,5.18,193.5,0.451,0.273,5.6,7.5,3.98,0.434,0.529,-8,-0.62,14,12,11,5,59.54,96,7.9,13,1,430,486,173,3
"Navy (AAC)",2017,7,6.03,9.85,23.93,77.3,5.56,351.4,0.455,0.657,6.17,8.42,4.49,0.425,0.5,-3,-0.23,10,7,9,9,40.62,53,4.5,13,1,102,822,187,23
"NC State (ACC)",2017,9,5.99,7.38,11.33,275.4,4.62,176.4,0.447,0.56,5.56,7.11,3.91,0.419,0.476,8,0.62,6,14,7,7,54.77,78,6.5,13,1,485,496,188,14
"Nebraska (Big Ten)",2017,4,5.59,7.25,12.57,277.5,3.51,107.5,0.376,0.481,6.34,7.32,5.57,0.431,0.5,-7,-0.58,17,9,2,3,60.67,75,3.7,24,2,459,368,181,13
"Nevada (MWC)",2017,3,5.87,7.2,12.02,270.4,4.22,127.2,0.398,0.393,6.12,8.79,4.42,0.443,0.545,-2,-0.17,15,8,6,11,43.25,58,6.8,16,1.33,451,362,166,11
"New Mexico (MWC)",2017,3,5.5,6.15,12.41,124.1,5.21,235.4,0.301,0.435,6.13,7.74,4.65,0.383,0.545,-16,-1.33,14,6,15,7,51.08,73,4.9,15,1.25,242,542,163,10
"New Mexico St. (Independent)",2017,7,5.82,6.9,11.14,340.2,3.89,106.8,0.438,0.538,5.36,6.74,4.16,0.296,0.579,-2,-0.15,22,16,7,11,56.08,89,7.4,32,2.46,641,357,210,7
"North Carolina (ACC)",2017,3,5.32,6.65,12.24,225.4,4.05,144.2,0.309,0.619,5.85,7.37,4.8,0.374,0.708,-6,-0.5,16,7,6,9,72.67,93,6,30,2.5,407,427,165,13
"North Texas (C-USA)",2017,9,6.14,7.86,12.46,291.9,4.42,163.2,0.433,0.563,5.96,7.58,4.81,0.439,0.559,-11,-0.79,15,8,12,8,43.79,69,5.4,39,2.79,520,517,194,18
"Northern Ill. (MAC)",2017,8,5.1,6.42,11.25,199.9,4.14,177.8,0.392,0.294,4.62,6.65,2.97,0.305,0.556,-2,-0.15,11,15,13,7,55.54,80,8.8,27,2.08,405,558,204,5
"Northwestern (Big Ten)",2017,10,5.31,6.59,11.01,233.8,4.22,174.2,0.355,0.564,5.02,6.55,3.25,0.361,0.364,7,0.54,12,17,6,8,49,64,7.2,31,2.38,461,537,203,22
"Notre Dame (FBS Independent)",2017,10,6.39,6.61,12.78,178.9,6.25,269.3,0.438,0.556,5.05,6.27,3.97,0.353,0.458,3,0.23,10,10,7,10,48.69,75,6.1,30,2.31,352,560,192,10
"Ohio (MAC)",2017,9,6.43,7.64,13.77,188.5,5.74,244.5,0.411,0.667,5.3,6.84,3.45,0.299,0.4,-4,-0.31,9,9,12,8,45.38,67,5.8,16,1.23,321,554,163,8
"Ohio St. (Big Ten)",2017,12,6.88,8.36,12.82,262.8,5.78,243.2,0.465,0.682,4.44,6.13,2.94,0.321,0.481,5,0.36,10,13,9,11,67.36,97,8.1,22,1.57,440,589,185,15
"Oklahoma (Big 12)",2017,12,8.29,11.7,16.39,361.8,5.58,217.8,0.426,0.522,5.84,7.47,4.38,0.38,0.591,5,0.36,6,8,7,10,57.71,82,5.4,26,1.86,433,546,162,12
"Oklahoma St. (Big 12)",2017,10,7.34,10.06,15.57,389.2,4.63,179.8,0.456,0.65,5.51,7.59,3.61,0.388,0.529,3,0.23,10,17,11,7,45.54,66,7.3,24,1.85,503,505,180,13
"Old Dominion (C-USA)",2017,5,4.92,5.77,10.47,168.4,4.27,163.9,0.344,0.32,5.8,7.53,4.63,0.454,0.526,-4,-0.33,14,8,6,8,35.83,48,6.6,20,1.67,350,461,180,8
"Ole Miss (SEC)",2017,6,6.9,9.08,14.02,328.4,4.34,133.9,0.381,0.4,6.16,7.45,5.35,0.415,0.632,-5,-0.42,13,8,5,5,62.42,91,6.2,32,2.67,434,370,155,4
"Oregon (Pac-12)",2017,7,6.1,7.94,12.16,189.9,5.2,251,0.41,0.412,5.07,6.73,3.47,0.333,0.417,0,0,12,15,13,10,88.31,122,7.2,25,1.92,311,628,178,7
"Oregon St. (Pac-12)",2017,1,5.18,6.51,11,196.3,4.01,137.5,0.402,0.615,6.61,8.28,5.49,0.532,0.733,-14,-1.17,12,7,16,7,68,84,4.2,18,1.5,362,411,164,8
"Penn St. (Big Ten)",2017,11,6.58,8.24,12.53,290.2,4.9,170.2,0.48,0.571,4.77,6.12,3.42,0.349,0.44,12,0.92,10,10,3,15,37.69,54,7.2,29,2.23,458,451,171,8
"Pittsburgh (ACC)",2017,5,5.35,7.22,11.66,217.7,3.87,148.5,0.357,0.65,5.96,7.8,4.2,0.406,0.471,0,0,8,9,8,7,38.17,46,4.7,31,2.58,362,460,168,13
"Purdue (Big Ten)",2017,7,5.59,6.66,11.2,251.5,4.41,151.5,0.333,0.565,5.27,7.22,3.53,0.359,0.565,4,0.31,11,10,6,11,50.62,75,6.2,33,2.54,491,447,186,13
"Rice (C-USA)",2017,1,5.44,7.07,14.25,144.8,4.62,187,0.388,0.368,6.43,8.41,5,0.486,0.625,-23,-1.92,16,3,13,3,38.33,53,6.1,29,2.42,246,486,147,7
"Rutgers (Big Ten)",2017,4,4.43,5.04,10.27,115.6,4.05,147.1,0.321,0.286,5.72,7.2,4.59,0.384,0.6,-5,-0.42,11,12,9,3,50.08,71,4.2,18,1.5,275,436,162,4
"San Diego St. (MWC)",2017,10,6.29,7.62,12.8,147.7,5.71,252.5,0.448,0.444,5.08,6.98,3.75,0.39,0.222,7,0.54,4,14,9,6,58.31,85,4.5,31,2.38,252,575,165,4
"San Jose St. (MWC)",2017,2,4.6,6.2,11.39,198,3.23,120.1,0.305,0.429,6.21,7.75,5.41,0.454,0.85,-26,-2,20,6,22,10,53.38,84,5,36,2.77,415,483,190,9
"SMU (AAC)",2017,7,6.39,7.85,13.51,294.1,4.93,184.4,0.432,0.7,6.59,8.88,4.95,0.429,0.448,4,0.31,13,12,6,11,59.15,83,6.9,23,1.77,487,486,192,14
"South Alabama (Sun Belt)",2017,4,5.1,6.92,12.82,237.1,3.11,97.3,0.307,0.444,5.88,7.58,4.23,0.426,0.5,2,0.17,14,8,4,12,56.58,73,4.2,25,2.08,411,375,163,8
"South Carolina (SEC)",2017,9,5.46,7.04,11.4,214.9,3.92,122.2,0.38,0.429,5.16,6.68,3.79,0.398,0.5,11,0.85,12,14,5,14,38,62,5.2,29,2.23,397,405,171,6
"South Fla. (AAC)",2017,10,6.15,8.14,15.24,248.9,5,264.1,0.437,0.6,4.84,6.42,3.33,0.364,0.368,10,0.83,6,20,8,4,86,111,8.4,18,1.5,367,634,206,12
"Southern California (Pac-12)",2017,11,6.55,8.53,13.55,299,4.77,185.1,0.411,0.444,5.62,6.99,4.35,0.357,0.556,-2,-0.14,13,16,14,9,69.64,107,6,30,2.14,491,543,190,12
"Southern Miss. (C-USA)",2017,8,5.89,7.11,12.69,240.1,4.82,184.5,0.373,0.522,5.05,6.67,3.77,0.346,0.444,-1,-0.08,7,9,12,9,67.08,99,7.4,14,1.08,439,498,193,12
"Stanford (Pac-12)",2017,9,6.45,7.18,12.54,186.3,5.9,202.4,0.426,0.583,5.98,7.64,4.59,0.435,0.389,16,1.14,8,18,4,10,47.29,81,5.2,17,1.21,363,480,176,7
"Syracuse (ACC)",2017,4,5.33,6.46,11.06,294.8,4.05,161.5,0.397,0.579,6.4,7.79,5.23,0.311,0.5,-12,-1,16,4,8,8,49.42,74,5.6,32,2.67,548,479,224,22
"TCU (Big 12)",2017,11,6.09,7.98,12.04,245.1,4.57,174.1,0.457,0.357,5.07,7.31,3.03,0.313,0.48,3,0.21,8,13,9,7,53.57,89,6.8,18,1.29,430,533,199,5
"Temple (AAC)",2017,7,5.52,7.23,12.49,251.8,3.85,136.4,0.414,0.5,5.4,6.95,4.27,0.383,0.478,-4,-0.31,15,10,7,8,69.38,101,7.8,20,1.54,453,461,198,10
"Tennessee (SEC)",2017,4,4.77,6.53,11.58,173.7,3.41,117.4,0.307,0.3,5.94,6.95,5.43,0.452,0.4,-3,-0.25,10,5,8,10,41.42,67,5.1,35,2.92,319,413,163,3
"Texas (Big 12)",2017,7,5.15,6.74,11.29,258.8,3.58,139.6,0.381,0.467,5.19,7.41,3.01,0.271,0.3,8,0.62,11,16,7,10,66.85,92,6.3,34,2.62,499,507,226,14
"Texas A&M (SEC)",2017,7,5.54,7.27,12.91,251.2,4,155.6,0.38,0.5,5.63,7.48,4.19,0.347,0.667,3,0.23,12,10,7,12,45.23,67,6.8,29,2.23,449,506,205,7
"Texas St. (Sun Belt)",2017,2,4.77,6.6,11.48,205.7,3.35,134.1,0.337,0.231,6.18,8.98,3.74,0.361,0.25,-15,-1.25,10,0,14,9,38.17,53,4.7,36,3,374,480,181,3
"Texas Tech (Big 12)",2017,6,6.17,8.02,12.29,333.7,3.99,140.9,0.446,0.429,5.78,7.19,4.31,0.421,0.625,11,0.85,12,14,6,15,76.62,104,4.2,29,2.23,541,459,193,9
"Toledo (MAC)",2017,11,6.91,9.26,14.68,279.9,5.12,204,0.391,0.444,5.63,6.59,4.81,0.344,0.423,1,0.07,9,15,10,5,67.93,106,5.4,22,1.57,423,558,179,8
"Troy (Sun Belt)",2017,11,6.24,7.62,11.96,269.6,4.7,149,0.429,0.632,4.78,6.88,2.87,0.389,0.467,7,0.54,7,17,12,9,57.77,91,8.6,15,1.15,460,412,175,12
"Tulane (AAC)",2017,5,5.76,7.97,14.12,160,4.83,231.5,0.399,0.64,6.68,8.49,5.44,0.444,0.478,8,0.67,6,13,5,6,48.25,70,4.8,24,2,241,575,163,16
"Tulsa (AAC)",2017,2,5.71,7.11,13.31,173.1,5.01,247.3,0.437,0.609,7.31,9.74,5.86,0.443,0.471,1,0.08,8,7,5,7,60,84,4.8,26,2.17,292,592,190,14
"UAB (C-USA)",2017,8,5.42,6.86,11.34,180.5,4.49,183.2,0.454,0.333,5.39,6.36,4.63,0.364,0.474,4,0.31,5,14,10,5,53.62,76,6.5,23,1.77,342,530,185,4
"UCF (AAC)",2017,13,7.46,10.17,15.03,331.8,5.17,198.7,0.455,0.5,5.74,7.4,4.17,0.408,0.484,17,1.31,9,20,6,12,68.31,109,5.8,13,1,424,500,165,10
"UCLA (Pac-12)",2017,6,6.39,8.35,13.25,344.5,3.72,113.4,0.412,0.65,6.26,7.19,5.76,0.384,0.48,-9,-0.69,10,8,12,5,75.15,106,5.9,29,2.23,536,396,182,13
"UConn (AAC)",2017,3,5.49,7.67,12.62,269.2,3.6,146,0.398,0.407,6.77,8.47,4.97,0.475,0.435,-8,-0.67,11,6,8,5,48.83,63,5.4,35,2.92,421,486,191,11
"UNLV (MWC)",2017,5,6.2,7.5,13.85,186.9,5.46,240.2,0.407,0.6,6.27,7.56,5.42,0.438,0.538,4,0.33,9,7,6,12,39.92,56,4.4,24,2,299,528,172,12
"Utah (Pac-12)",2017,7,5.64,7.59,12.42,249.4,4.05,164,0.352,0.579,5.07,6.1,4,0.378,0.545,1,0.08,14,14,12,13,60.69,88,5,39,3,427,526,176,11
"Utah St. (MWC)",2017,6,5.62,6.75,11.57,226,4.59,171.4,0.343,0.526,5.17,6.31,4.49,0.355,0.462,5,0.38,13,13,11,16,56.08,80,5.1,28,2.15,435,485,201,10
"UTEP (C-USA)",2017,0,4.09,4.91,10.79,134.9,3.32,95.6,0.269,0.45,6.24,7.51,5.41,0.519,0.647,-6,-0.5,14,6,6,8,52.08,70,4.6,25,2.08,330,346,160,9
"UTSA (C-USA)",2017,6,5.65,7.22,11.68,202.8,4.56,184.5,0.416,0.571,4.98,6.75,3.75,0.348,0.4,4,0.36,7,13,11,9,58.27,79,6.6,26,2.36,309,445,154,8
"Vanderbilt (SEC)",2017,5,5.6,7.25,12.6,243.6,3.7,107.2,0.417,0.45,5.85,7.12,4.97,0.373,0.529,-5,-0.42,10,7,4,2,50.08,69,6.3,19,1.58,403,348,168,9
"Virginia (ACC)",2017,6,4.9,6.23,10.78,248.7,3.13,93.5,0.392,0.393,5.4,6.69,4.65,0.367,0.577,-1,-0.08,11,15,8,3,45.54,63,5.4,31,2.38,519,389,209,11
"Virginia Tech (ACC)",2017,9,5.39,7.56,12.71,239.5,3.86,173.4,0.408,0.423,5.06,7.25,3.36,0.262,0.435,5,0.38,9,13,5,6,42.15,60,7.8,23,1.77,412,584,211,11
"Wake Forest (ACC)",2017,8,6.29,8.45,13.43,276.8,4.57,188.9,0.397,0.6,5.56,6.76,4.41,0.398,0.515,8,0.62,7,14,6,7,41.85,69,8.2,20,1.54,426,537,194,12
"Washington (Pac-12)",2017,10,6.42,8.3,12.04,222.2,5.04,183.2,0.454,0.5,4.42,6.15,2.86,0.378,0.65,13,1,5,15,6,9,34.23,54,6.6,20,1.54,348,473,152,6
"Washington St. (Pac-12)",2017,9,5.56,6.69,9.79,366.8,2.92,68,0.426,0.556,5.13,6.33,4.22,0.285,0.421,-3,-0.23,20,15,11,13,51.23,73,7.9,44,3.38,713,303,202,10
"West Virginia (Big 12)",2017,7,6.35,8.36,13.68,309.3,4.25,150.3,0.335,0.762,6.14,7.75,4.92,0.333,0.72,-7,-0.54,14,11,12,8,59.69,79,6.6,19,1.46,481,460,185,16
"Western Ky. (C-USA)",2017,6,5.32,7.55,11.43,335,2.02,60.8,0.44,0.407,5.52,6.93,4.43,0.435,0.5,-8,-0.62,10,10,13,5,48.69,74,5.3,48,3.69,577,391,193,11
"Western Mich. (MAC)",2017,6,5.46,6.73,11.5,164.8,4.8,224.8,0.395,0.6,5.64,7.35,4.23,0.381,0.625,8,0.67,8,10,10,16,53.25,68,6.7,22,1.83,294,562,177,9
"Wisconsin (Big Ten)",2017,13,6.09,8.27,13.18,192.1,4.96,222.9,0.486,0.667,4.42,5.8,3.16,0.291,0.647,5,0.36,15,20,9,9,50.21,75,6.4,21,1.5,325,629,185,4
"Wyoming (MWC)",2017,8,4.68,6.62,11.82,177.2,3.17,108.8,0.331,0.643,4.67,6.81,3.48,0.366,0.577,24,1.85,8,20,6,18,40.15,55,7,26,2,348,446,181,9
"Air Force (MWC)",2018,5,5.64,9.38,16.95,131.3,4.76,283.5,0.414,0.6,5.92,8.98,3.46,0.418,0.444,-1,-0.08,5,7,10,7,43.42,54,5.8,7,0.58,168,714,169,24
"Akron (MAC)",2018,4,4.62,6.39,12.78,199.2,2.93,95.3,0.29,0.294,5.19,6.25,4.45,0.37,0.5,-5,-0.42,14,10,12,11,61.08,80,6.8,34,2.83,374,390,169,5
"Alabama (SEC)",2018,14,7.76,11.08,16.13,323.6,5.21,198.4,0.521,0.467,4.89,6.4,3.53,0.342,0.458,6,0.4,8,14,7,7,53.07,87,7.1,15,1,438,571,165,7
"Appalachian St. (Sun Belt)",2018,11,6.52,7.77,12.64,190.6,5.79,240.4,0.42,0.591,4.43,5.69,3.45,0.317,0.273,6,0.46,12,17,5,6,57.85,83,6.6,18,1.38,319,540,169,13
"Arizona (Pac-12)",2018,5,6.23,7.87,14.18,255.3,4.94,202.4,0.436,0.5,5.73,7.35,4.2,0.411,0.607,-4,-0.33,10,7,9,8,75.67,95,6.3,20,1.67,389,492,181,9
"Arizona St. (Pac-12)",2018,7,6.03,7.62,12.25,232.7,4.76,184,0.417,0.765,5.71,7.45,4.32,0.416,0.643,10,0.77,7,12,4,9,53.77,79,6.7,16,1.23,397,502,180,13
"Arkansas (SEC)",2018,2,4.97,6.24,11.42,192.3,3.91,143.4,0.31,0.357,6,8.48,4.2,0.383,0.467,-10,-0.83,18,5,8,11,51.83,69,5.8,32,2.67,370,440,168,5
"Arkansas St. (Sun Belt)",2018,8,6.18,7.75,12.08,281.5,4.73,184.8,0.4,0.533,5.57,6.84,4.76,0.358,0.5,4,0.31,10,12,6,8,66.54,99,7.7,24,1.85,472,508,200,16
"Army West Point (FBS Independent)",2018,11,5.53,10.62,20.02,80.1,4.93,312.5,0.571,0.861,5.58,7.48,3.86,0.266,0.5,10,0.77,3,5,5,13,48.15,63,5.1,3,0.23,98,824,196,31
"Auburn (SEC)",2018,8,5.67,7.57,12.41,222.5,4.25,167.5,0.369,0.5,5.15,6.76,3.72,0.347,0.381,9,0.69,5,14,8,8,56.69,83,7.4,23,1.77,382,512,179,11
"Ball St. (MAC)",2018,4,5.31,6.38,10.54,252.9,4.17,155.7,0.426,0.6,5.92,7.15,5.14,0.428,0.5,-4,-0.33,12,12,10,6,66.75,82,5.4,27,2.25,476,448,190,15
"Baylor (Big 12)",2018,7,6.04,7.76,12.74,290,4.38,169.1,0.435,0.591,6.49,7.64,5.42,0.441,0.533,-9,-0.69,13,7,6,3,68.85,100,5.3,39,3,486,502,184,13
"Boise St. (MWC)",2018,10,6.1,8.25,12.25,292,4.2,167.5,0.525,0.609,5.64,7.93,3.65,0.311,0.609,11,0.85,8,7,5,17,53.77,75,6.3,32,2.46,460,519,202,14
"Boston College (ACC)",2018,7,5.42,7.66,13.25,215.3,4.07,189.1,0.339,0.5,5.17,6.73,3.77,0.374,0.5,7,0.58,9,18,10,8,49.17,75,6.7,23,1.92,337,558,186,15
"Bowling Green (MAC)",2018,3,5.19,7.07,11.46,238.7,3.35,116.6,0.39,0.5,6.45,7.68,5.88,0.449,0.72,-8,-0.67,13,6,9,8,65.67,93,3.3,29,2.42,405,417,177,9
"Buffalo (MAC)",2018,10,5.78,7.53,13.72,225.4,4.53,189.1,0.424,0.594,5.24,6.73,4.14,0.374,0.656,4,0.29,13,14,7,10,40.86,69,5.6,15,1.07,419,585,198,19
"BYU (FBS Independent)",2018,7,5.54,7.38,11.67,211.8,4.12,153.2,0.369,0.45,4.73,5.87,3.67,0.374,0.583,1,0.08,7,9,10,9,48.69,74,4.4,29,2.23,373,483,168,9
"California (Pac-12)",2018,7,4.91,5.72,9.53,186.2,4.2,157.3,0.354,0.63,4.59,5.88,3.61,0.347,0.545,-3,-0.23,20,21,11,7,50.08,74,5.9,36,2.77,423,487,192,17
"Central Mich. (MAC)",2018,1,3.78,4.46,9.17,134.5,3.23,120.2,0.291,0.462,4.96,5.91,4.43,0.393,0.438,-5,-0.42,18,10,9,12,70.92,98,6.4,36,3,362,447,189,6
"Charlotte (C-USA)",2018,5,4.96,7.13,11.9,180.5,3.71,162.6,0.421,0.316,5.78,8.37,3.45,0.373,0.294,1,0.08,8,9,7,7,47.08,64,5.3,38,3.17,304,526,178,6
"Cincinnati (AAC)",2018,11,6.12,7.61,12.54,219,5.19,239.5,0.487,0.478,4.7,6.12,3.38,0.284,0.308,0,0,7,12,13,8,73.69,107,6.3,25,1.92,374,600,197,11
"Clemson (ACC)",2018,15,7.35,8.24,12.76,279,6.55,248.2,0.46,0.579,4.19,6.36,2.51,0.285,0.357,7,0.47,8,12,9,12,44.93,73,9.1,17,1.13,508,568,202,11
"Coastal Caro. (Sun Belt)",2018,5,5.84,8.18,13.22,180.7,4.63,198.7,0.422,0.688,7.3,8.54,6.5,0.455,0.471,-6,-0.5,7,4,11,8,41.08,52,5.1,37,3.08,265,515,147,11
"Colorado (Pac-12)",2018,5,5.4,7.13,11.05,249.6,3.8,143,0.361,0.391,5.24,6.97,3.74,0.366,0.545,-4,-0.33,12,8,7,7,55.33,71,6.5,34,2.83,420,452,183,9
"Colorado St. (MWC)",2018,3,5.52,7.3,12.08,304.9,3.23,105.6,0.429,0.529,6.8,9.17,5.33,0.393,0.5,-10,-0.83,16,7,6,5,65.75,94,5.1,30,2.5,501,392,189,9
"Duke (ACC)",2018,8,5.52,6.72,11.51,246.1,4.32,159.6,0.424,0.429,5.51,6.2,4.98,0.4,0.44,-7,-0.54,10,4,10,9,34.77,54,5.8,30,2.31,476,480,205,12
"East Carolina (AAC)",2018,3,5,6.02,11.99,284.8,3.64,129.7,0.362,0.542,6.14,8.44,4.29,0.389,0.563,-14,-1.17,15,5,10,6,45.58,58,8.8,25,2.08,568,427,221,13
"Eastern Mich. (MAC)",2018,7,5.5,7.61,11.98,226.7,3.83,145.4,0.331,0.481,4.99,5.71,4.56,0.375,0.414,10,0.77,4,13,10,11,69.54,96,5.8,39,3,387,493,181,13
"FIU (C-USA)",2018,9,6.38,8.34,12.73,245.7,4.8,175.8,0.468,0.652,5.66,6.76,4.86,0.402,0.652,9,0.69,8,17,5,5,46.85,65,5.2,8,0.62,383,476,173,15
"Fla. Atlantic (C-USA)",2018,5,6.18,7.81,12.58,237,5.13,241.8,0.331,0.545,5.94,7.55,4.69,0.417,0.4,-7,-0.58,15,11,6,3,64.17,79,5.8,14,1.17,364,566,169,24
"Florida (SEC)",2018,10,6.23,7.63,12.79,213.5,5.27,213.2,0.416,0.55,5.12,6.18,4.29,0.374,0.391,12,0.92,6,14,8,12,60.69,95,6.6,18,1.38,364,526,173,11
"Florida St. (ACC)",2018,5,5.12,7.12,12.47,270.1,2.79,91.1,0.291,0.5,5.24,7.15,3.52,0.365,0.393,-11,-0.92,13,12,13,3,70.92,110,5.8,36,3,455,392,189,12
"Fresno St. (MWC)",2018,12,6.27,8.5,12.43,267.1,4.31,154.4,0.446,0.7,4.72,5.93,3.65,0.34,0.519,12,0.86,6,19,8,7,43.79,72,5,12,0.86,440,501,184,7
"Ga. Southern (Sun Belt)",2018,10,5.91,8.78,14.67,79,5.38,266.2,0.389,0.5,5.45,7.29,3.93,0.385,0.69,22,1.69,0,15,5,12,40.38,61,4.8,19,1.46,117,643,157,6
"Georgia (SEC)",2018,11,7.05,8.89,13.13,226.1,5.9,238.8,0.475,0.615,4.94,5.97,4.02,0.34,0.481,3,0.21,6,8,8,9,48.57,77,4.6,20,1.43,356,567,162,8
"Georgia St. (Sun Belt)",2018,2,5.57,7.05,11.99,206.8,4.44,171.4,0.404,0.607,7.73,9.51,6.56,0.493,0.778,-8,-0.67,6,6,12,4,39.08,48,3.6,25,2.08,352,463,161,17
"Georgia Tech (ACC)",2018,7,6.1,8.64,19.45,83.8,5.67,325,0.439,0.529,5.97,7.57,4.66,0.507,0.6,8,0.62,4,12,13,13,36.31,49,4.2,16,1.23,126,745,164,18
"Hawaii (MWC)",2018,8,6.1,7.97,13.58,310.3,3.67,109.6,0.331,0.579,6.3,8.33,4.92,0.424,0.643,-9,-0.64,12,5,9,7,52.64,83,5,46,3.29,545,418,178,22
"Houston (AAC)",2018,8,6.6,8.1,13.52,295.5,5.26,217.1,0.459,0.5,5.94,7.62,4.65,0.464,0.5,5,0.38,9,14,10,10,52.54,87,6.7,30,2.31,474,536,194,14
"Illinois (Big Ten)",2018,4,5.97,6.04,11.23,165.7,5.91,243,0.345,0.571,7.04,8.49,5.96,0.446,0.588,-4,-0.33,14,15,10,5,64.42,77,5.4,27,2.25,329,493,168,8
"Indiana (Big Ten)",2018,5,5.48,6.43,9.79,257.8,4.41,157.3,0.424,0.483,6,7.82,4.59,0.42,0.737,5,0.42,13,13,8,13,60.75,71,5.8,27,2.25,481,428,184,14
"Iowa (Big Ten)",2018,9,5.44,7.22,12.17,226.6,3.95,148.4,0.435,0.68,4.56,5.95,3.27,0.343,0.44,9,0.69,11,20,7,7,41.46,61,5.5,16,1.23,408,488,191,17
"Iowa St. (Big 12)",2018,8,5.82,8.63,13.22,240.9,3.63,130.1,0.396,0.556,5.05,6.92,3.26,0.418,0.5,-3,-0.23,9,8,10,8,39.77,62,6.8,31,2.38,363,466,169,10
"Kansas (Big 12)",2018,3,5.17,5.89,10.07,192.3,4.5,158.6,0.391,0.368,6.06,8.2,4.4,0.456,0.444,16,1.33,4,16,7,11,55.75,78,5.5,31,2.58,392,423,179,7
"Kansas St. (Big 12)",2018,5,5.19,6.71,11.72,162.1,4.32,182.6,0.385,0.45,5.95,6.96,4.85,0.448,0.375,2,0.17,7,11,10,8,44.83,59,4.2,34,2.83,290,507,169,9
"Kent St. (MAC)",2018,2,5.04,6.05,10.3,211.9,4.17,171.7,0.342,0.538,6.26,8.42,4.87,0.404,0.484,-1,-0.08,10,9,10,10,75.33,107,4.5,43,3.58,420,494,199,14
"Kentucky (SEC)",2018,10,5.64,7.09,10.82,161.5,4.84,199.4,0.398,0.6,5.24,6.44,4.27,0.382,0.368,2,0.15,10,9,8,11,55.46,79,6.7,28,2.15,296,536,161,9
"La.-Monroe (Sun Belt)",2018,6,6.21,7.67,12.43,247.5,4.85,167.3,0.409,0.563,6.31,8.9,4.53,0.431,0.583,-12,-1,12,5,11,6,49,64,7.7,22,1.83,387,414,154,9
"Louisiana (Sun Belt)",2018,7,6.59,8.27,13.08,205.6,5.54,218.7,0.47,0.421,6.32,8.72,4.96,0.452,0.724,-2,-0.14,14,8,3,7,43.43,69,4.5,27,1.93,348,553,181,8
"Louisiana Tech (C-USA)",2018,8,5.43,6.81,11.98,249.7,3.93,132.4,0.403,0.55,5.04,6.4,3.96,0.353,0.68,3,0.23,11,13,8,9,45.08,60,7.8,33,2.54,477,438,186,11
"Louisville (ACC)",2018,2,5.31,6.43,12.06,211.1,4.21,141.5,0.355,0.364,6.88,8.53,6.02,0.519,0.667,-12,-1,15,6,10,7,71.75,101,3.8,43,3.58,394,403,166,8
"LSU (SEC)",2018,10,5.5,7.67,13.26,228.5,4.01,173.6,0.4,0.75,4.81,5.79,3.87,0.354,0.522,12,0.92,5,17,8,8,61.08,83,6.4,35,2.69,387,563,205,9
"Marshall (C-USA)",2018,9,5.64,6.85,12.35,228.1,4.53,165.5,0.402,0.647,4.82,6.71,2.95,0.317,0.44,0,0,13,12,11,12,60.54,85,7.1,20,1.54,433,475,189,11
"Maryland (Big Ten)",2018,5,6.12,7.03,13.56,141.3,5.67,230.2,0.4,0.7,5.56,7.31,4.38,0.391,0.65,9,0.75,5,18,9,5,79.67,100,4.5,30,2.5,241,487,160,7
"Massachusetts (FBS Independent)",2018,4,6.4,8.7,13.6,298.1,4.08,139.5,0.367,0.481,6.88,9,5.83,0.424,0.5,-4,-0.33,10,12,14,8,48.5,68,5.2,39,3.25,411,410,158,13
"Memphis (AAC)",2018,8,7.12,8.24,13.3,243.2,6.37,279.9,0.471,0.647,5.61,7.46,4.09,0.396,0.559,4,0.29,10,9,7,12,59.5,101,7.4,24,1.71,413,615,191,11
"Miami (FL) (ACC)",2018,7,5.59,6.11,11.95,167.3,5.2,191.5,0.407,0.435,4.3,5.56,3.54,0.253,0.429,-1,-0.08,14,16,12,9,46.31,73,10.5,27,2.08,356,479,177,10
"Miami (OH) (MAC)",2018,6,5.46,6.77,11.27,212.3,4.34,159.8,0.374,0.607,5.24,6.87,4,0.399,0.667,6,0.5,5,8,5,8,58,78,6.1,20,1.67,376,442,179,17
"Michigan (Big Ten)",2018,10,6.09,8.08,12.57,215.7,4.83,203.8,0.486,0.474,4.58,5.8,3.68,0.337,0.524,5,0.38,9,11,3,6,63.54,88,6.8,23,1.77,347,549,185,9
"Michigan St. (Big Ten)",2018,7,4.62,5.68,11.07,217.2,3.49,124.8,0.335,0.333,4.54,6.14,2.58,0.302,0.353,1,0.08,14,14,8,9,54.69,78,6.5,26,2,497,465,206,7
"Middle Tenn. (C-USA)",2018,8,5.55,7.49,10.86,260.7,3.68,132.6,0.378,0.531,5.48,6.91,4.32,0.454,0.37,5,0.36,11,16,8,8,50.5,75,6.4,42,3,487,505,201,17
"Minnesota (Big Ten)",2018,7,5.67,7.84,14.28,208.8,4.24,170.8,0.398,0.5,5.93,6.75,5.17,0.369,0.625,-4,-0.31,14,11,11,10,39.08,51,5.5,27,2.08,346,524,166,10
"Mississippi St. (SEC)",2018,8,6.17,6.99,13.69,173.8,5.66,223.6,0.415,0.353,4.13,5.49,2.87,0.266,0.348,7,0.54,10,13,3,7,57.54,83,7.9,25,1.92,323,514,171,6
"Missouri (SEC)",2018,8,6.24,8.05,12.93,279.4,4.76,202.4,0.464,0.533,5.68,7.65,3.7,0.342,0.28,1,0.08,8,10,7,6,61.54,90,5.6,13,1,451,553,207,8
"Navy (AAC)",2018,3,5.27,7.34,17.54,72.8,4.9,276.1,0.38,0.611,6.52,8.48,5.08,0.465,0.724,4,0.31,5,9,12,12,30,48,2.8,20,1.54,129,732,184,22
"NC State (ACC)",2018,9,6.06,8.21,12.19,313.2,3.85,142.9,0.473,0.588,5.94,7.48,4.22,0.333,0.5,1,0.08,11,10,7,9,44.69,60,6.4,11,0.85,496,483,184,10
"Nebraska (Big Ten)",2018,4,6.31,7.34,11.54,247.2,5.41,209,0.372,0.45,5.81,6.71,5,0.432,0.579,-2,-0.17,11,11,11,9,70.83,92,5.2,28,2.33,404,464,156,9
"Nevada (MWC)",2018,8,6.03,7.35,12.28,278.8,4.53,152,0.324,0.533,5.25,7.11,3.62,0.305,0.485,-6,-0.46,17,11,11,11,56.77,77,7.9,17,1.31,493,436,185,16
"New Mexico (MWC)",2018,3,5,7.39,13.9,177.3,3.64,153.2,0.373,0.333,6.32,8.49,4.86,0.433,0.563,-4,-0.33,17,9,9,13,47.83,57,5.5,27,2.25,288,505,161,4
"New Mexico St. (FBS Independent)",2018,3,4.99,5.93,10.71,265.2,3.57,105.3,0.362,0.476,5.94,7.66,5.06,0.464,0.615,-8,-0.67,16,7,9,10,52.83,76,6.3,40,3.33,537,354,196,10
"North Carolina (ACC)",2018,2,5.95,6.6,11.23,249.1,5.28,193,0.345,0.476,5.98,7.27,5.05,0.438,0.5,-6,-0.55,14,7,9,10,55.64,66,7.2,10,0.91,415,402,168,10
"North Texas (C-USA)",2018,9,6.2,7.91,12.42,306.8,4.33,153.8,0.373,0.417,5.32,7.08,3.49,0.35,0.45,5,0.38,9,18,8,4,49.54,57,7.5,28,2.15,504,462,177,10
"Northern Ill. (MAC)",2018,8,4.52,5.42,9.22,155.4,3.91,166.9,0.36,0.385,4.78,7.24,2.7,0.389,0.5,-1,-0.07,11,8,9,11,61.14,91,7.9,43,3.07,401,597,211,10
"Northwestern (Big Ten)",2018,9,4.74,6.35,10.51,239.4,3.11,114.9,0.387,0.375,5.57,7.24,3.8,0.366,0.348,7,0.5,16,12,3,14,25.93,40,5.7,36,2.57,528,518,222,12
"Notre Dame (FBS Independent)",2018,12,6,8.01,12.49,257.5,4.43,182.6,0.43,0.64,4.72,5.57,3.84,0.389,0.52,4,0.31,13,12,4,9,45.85,67,6,25,1.92,418,536,193,16
"Ohio (MAC)",2018,9,7,8.7,14.63,208.2,6.04,258.5,0.487,0.692,6.09,7.82,4.33,0.438,0.467,13,1,8,16,11,16,50.15,64,5.8,20,1.54,311,556,156,9
"Ohio St. (Big Ten)",2018,13,6.63,9.09,12.88,364.3,4.21,171.3,0.466,0.667,5.77,7.02,4.52,0.327,0.474,6,0.43,8,11,9,12,75.36,116,7.1,23,1.64,561,570,204,14
"Oklahoma (Big 12)",2018,12,8.6,11.27,16.5,322.9,6.57,247.4,0.507,0.688,6.13,8.43,4.08,0.464,0.667,-2,-0.14,7,6,6,5,61.07,86,5.6,19,1.36,401,527,140,11
"Oklahoma St. (Big 12)",2018,7,6.43,8.17,13.75,309.8,4.78,190.3,0.448,0.625,6.04,7.68,4.62,0.376,0.526,-9,-0.69,13,5,9,8,70.54,89,7.4,34,2.62,493,518,194,15
"Old Dominion (C-USA)",2018,4,5.67,7.43,12.16,297,3.69,130.8,0.368,0.567,6.24,7.52,5.2,0.4,0.467,-6,-0.5,12,9,8,5,48.83,61,5.4,32,2.67,480,425,174,17
"Ole Miss (SEC)",2018,5,7.12,9.43,14.74,346.4,4.7,164.1,0.353,0.5,6.32,7.95,5.09,0.405,0.522,1,0.08,9,7,5,8,66.83,88,7.2,32,2.67,441,419,156,8
"Oregon (Pac-12)",2018,9,5.86,7.71,13.1,247.8,4.41,179.4,0.429,0.607,5.25,6.93,3.73,0.371,0.4,5,0.38,8,17,10,6,47.92,65,5.5,22,1.69,418,529,196,17
"Oregon St. (Pac-12)",2018,2,5.31,6.95,11.54,249.2,3.85,155.6,0.364,0.694,7.42,8.29,6.78,0.5,0.636,-10,-0.83,9,3,9,5,50.17,67,4.4,48,4,430,485,195,25
"Penn St. (Big Ten)",2018,9,6.11,7.48,13.83,218.1,5.11,204.9,0.371,0.529,4.72,5.67,4,0.336,0.423,-1,-0.08,8,13,13,7,42.38,61,8.2,31,2.38,379,521,175,9
"Pittsburgh (ACC)",2018,7,5.84,6.28,10.91,141.8,5.59,227.9,0.366,0.474,5.84,7.15,4.81,0.4,0.52,2,0.14,6,9,10,9,67.29,101,6.1,33,2.36,316,571,183,9
"Purdue (Big Ten)",2018,6,6.35,7.85,12.01,307.5,4.43,136.4,0.387,0.526,5.99,7.66,4.37,0.364,0.56,-5,-0.38,13,11,6,3,64.38,81,4.7,30,2.31,509,400,181,10
"Rice (C-USA)",2018,2,4.82,6.17,11.53,174.8,3.81,143.6,0.287,0.6,6.89,9.29,4.8,0.42,0.462,-4,-0.31,16,8,7,11,39.46,58,4.3,24,1.85,368,490,195,18
"Rutgers (Big Ten)",2018,1,4.14,4.52,9.27,132.2,3.82,134.1,0.324,0.474,5.7,6.33,5.25,0.486,0.5,-14,-1.17,22,9,7,6,62.33,75,5,16,1.33,351,421,173,9
"San Diego St. (MWC)",2018,7,5.46,7.8,14.66,187.2,4.05,161.7,0.35,0.556,5.09,7.48,2.98,0.415,0.467,-3,-0.23,7,10,11,5,61.77,93,5.2,33,2.54,312,519,180,10
"San Jose St. (MWC)",2018,1,4.82,7.01,12.19,262.2,2.07,61.5,0.328,0.286,6.22,8.15,4.72,0.411,0.69,1,0.08,13,13,6,7,54.58,82,4.8,39,3.25,449,356,186,4
"SMU (AAC)",2018,5,5.35,6.97,12.16,271.7,3.46,115.5,0.33,0.588,5.54,7.28,4.32,0.477,0.667,7,0.58,8,11,7,11,45.83,63,7.6,31,2.58,468,401,185,20
"South Alabama (Sun Belt)",2018,3,5.26,7.65,12.2,203.3,3.71,152,0.35,0.615,6.7,9.21,5.03,0.374,0.476,-4,-0.33,10,12,12,6,83.5,107,5.2,25,2.08,319,491,177,16
"South Carolina (SEC)",2018,7,6.24,8.01,13.04,272.8,4.47,152.8,0.423,0.4,5.57,7.05,4.46,0.39,0.55,-5,-0.38,14,6,7,10,52.46,82,6.2,23,1.77,443,444,168,10
"South Fla. (AAC)",2018,7,6,7.33,12.57,243.7,4.88,194,0.374,0.6,5.84,7.09,5.12,0.414,0.565,-1,-0.08,12,11,10,10,67.46,99,6.8,38,2.92,432,517,195,12
"Southern California (Pac-12)",2018,5,5.78,7.44,12.25,249.1,4.09,133.5,0.371,0.529,5.36,6.57,4.3,0.399,0.619,-10,-0.83,10,4,10,6,73.58,96,6.9,27,2.25,402,392,167,9
"Southern Miss. (C-USA)",2018,6,5.13,7.21,10.43,255,3.11,112.6,0.359,0.444,4.56,5.77,3.35,0.344,0.714,-1,-0.09,13,14,10,8,45.55,60,6.5,33,3,389,399,153,8
"Stanford (Pac-12)",2018,9,6.13,8.37,13.1,273.1,3.65,107.9,0.394,0.667,5.66,7.36,3.99,0.377,0.548,3,0.23,11,11,4,7,42.15,72,5.5,24,1.85,424,384,170,8
"Syracuse (ACC)",2018,10,5.68,7.46,12.7,264.7,4.32,200.1,0.398,0.556,5.83,7.41,4.33,0.286,0.44,13,1,12,18,6,13,59.08,94,7.4,37,2.85,461,602,211,10
"TCU (Big 12)",2018,7,5.29,6.7,11.5,211.5,4.12,156.6,0.368,0.375,4.85,6.38,3.61,0.315,0.48,-5,-0.38,15,12,11,9,39.08,56,6.8,16,1.23,410,494,193,6
"Temple (AAC)",2018,8,5.68,7.44,13.08,253.6,4.1,155.9,0.389,0.481,4.67,5.56,4.03,0.421,0.571,6,0.46,19,18,6,13,70.08,95,6.2,18,1.38,443,494,185,13
"Tennessee (SEC)",2018,5,5.46,7.94,13.39,196.4,3.7,129.1,0.382,0.455,5.67,7.62,4.14,0.39,0.538,-1,-0.08,5,9,11,6,46.5,68,5.7,23,1.92,297,419,157,5
"Texas (Big 12)",2018,10,5.51,7.59,11.66,258.2,3.77,153.1,0.464,0.8,5.6,7.38,3.78,0.443,0.545,9,0.64,6,12,5,8,63.86,103,7,28,2,476,569,207,12
"Texas A&M (SEC)",2018,9,6.26,7.43,12.93,252.6,5.29,219,0.412,0.5,5.77,8.19,3.23,0.302,0.5,-7,-0.54,9,7,9,4,50.92,80,7.7,35,2.69,442,538,170,5
"Texas St. (Sun Belt)",2018,3,5.09,6.6,11.21,182.2,3.98,148.1,0.319,0.467,5.3,6.23,4.55,0.39,0.591,-5,-0.42,12,6,11,12,48.17,72,4.8,29,2.42,331,447,166,7
"Texas Tech (Big 12)",2018,5,5.99,7.91,11.72,352.6,3.64,132.6,0.473,0.611,5.95,7.97,4.09,0.377,0.381,-4,-0.33,15,12,7,6,74.17,96,5.8,25,2.08,535,437,182,11
"Toledo (MAC)",2018,7,6.22,7.5,13.47,227.9,5.28,215.9,0.369,0.45,5.84,7.1,4.65,0.344,0.435,3,0.23,11,12,7,9,71.62,99,6.9,30,2.31,395,532,176,9
"Troy (Sun Belt)",2018,10,5.91,7.52,11.29,215.3,4.67,174.1,0.381,0.478,5.05,7.35,3.29,0.387,0.65,10,0.77,8,18,13,13,56.62,92,7.6,27,2.08,372,485,181,11
"Tulane (AAC)",2018,7,5.77,7.93,15.75,182.9,4.7,218.2,0.354,0.357,5.56,7.38,3.88,0.337,0.483,-1,-0.08,7,12,12,6,61.92,88,6.5,35,2.69,300,604,189,10
"Tulsa (AAC)",2018,3,5.04,6.7,12.43,177.1,4.13,200.5,0.43,0.581,5.63,6.76,5,0.458,0.364,-4,-0.33,10,9,14,11,62.17,85,4.9,39,3.25,317,582,200,18
"UAB (C-USA)",2018,11,5.9,8.42,14.98,204.4,4.52,201.3,0.447,0.385,4.79,6.42,3.44,0.26,0.318,0,0,16,9,4,11,73.07,95,7.9,23,1.64,340,623,190,5
"UCF (AAC)",2018,12,6.89,8.54,14.94,257.5,5.8,265.2,0.503,0.6,5.47,6.65,4.68,0.419,0.433,14,1.08,7,14,7,14,65.23,97,8.2,19,1.46,392,594,175,12
"UCLA (Pac-12)",2018,3,5.52,7.08,11.94,237.8,4.12,154.8,0.377,0.538,5.99,7.94,4.6,0.48,0.526,1,0.08,10,11,7,7,57,82,4.6,32,2.67,403,451,175,14
"UConn (AAC)",2018,1,5.34,6.12,10.79,178.9,4.79,199.5,0.424,0.542,8.81,10.69,7.67,0.5,0.684,-17,-1.42,17,5,11,6,41.17,55,4.3,28,2.33,351,500,177,13
"UNLV (MWC)",2018,4,5.26,5.75,11.25,166.8,4.95,224.3,0.374,0.548,6.47,8.43,4.85,0.411,0.688,1,0.08,12,10,7,10,45.67,65,6,31,2.58,348,544,190,17
"Utah (Pac-12)",2018,9,5.71,7.4,12.04,215.8,4.48,180,0.377,0.55,4.62,6.43,2.88,0.333,0.452,-5,-0.36,12,15,14,6,46.86,71,7.8,32,2.29,408,563,199,11
"Utah St. (MWC)",2018,11,6.84,8.23,12.62,294.2,5.5,203.2,0.473,0.6,5,6.76,3.5,0.33,0.419,14,1.08,6,22,12,10,70.46,101,7.3,10,0.77,465,480,182,6
"UTEP (C-USA)",2018,1,4.92,6.81,13.71,184,3.48,123.7,0.354,0.333,5.94,7.41,4.95,0.369,0.556,-17,-1.42,19,5,9,6,43.17,64,5,42,3.5,324,427,164,5
"UTSA (C-USA)",2018,3,3.91,4.75,9.4,159.8,2.96,87.3,0.326,0.5,6.41,9.44,4.14,0.404,0.611,1,0.08,10,9,8,10,41.58,65,6.5,36,3,404,354,172,10
"Vanderbilt (SEC)",2018,6,6.29,7.62,12.28,243.7,5.02,167.5,0.368,0.5,6.14,7.58,4.96,0.456,0.632,8,0.62,6,13,8,9,43.69,72,4.8,22,1.69,416,434,163,11
"Virginia (ACC)",2018,8,5.84,7.68,12.07,211.6,4.51,173.2,0.491,0.615,5.27,6.38,4.34,0.403,0.435,2,0.15,9,17,10,4,40.62,59,4.8,32,2.46,358,499,171,8
"Virginia Tech (ACC)",2018,6,5.87,7.69,13.2,253.8,4.36,174.3,0.373,0.556,6.39,7.59,5.46,0.388,0.474,3,0.23,10,7,6,12,54.92,75,5.9,28,2.15,429,520,193,15
"Wake Forest (ACC)",2018,7,5.48,6.94,12.43,236.1,4.44,213.7,0.419,0.577,5.87,7.07,4.76,0.422,0.519,-3,-0.23,13,6,6,10,42.15,55,6.4,34,2.62,442,625,229,15
"Washington (Pac-12)",2018,10,5.99,8.24,12.64,238.4,4.38,176.3,0.454,0.524,4.67,5.82,3.53,0.379,0.565,3,0.21,12,11,5,9,44.21,69,4.6,24,1.71,405,564,194,11
"Washington St. (Pac-12)",2018,11,6.13,7.18,10.17,373.8,3.59,77.7,0.434,0.692,5.58,7.25,4.11,0.36,0.714,8,0.62,10,12,5,11,64.46,86,6.8,13,1,677,281,173,18
"West Virginia (Big 12)",2018,8,7.07,9.47,14.49,351.3,4.54,160.9,0.436,0.563,5.81,7.98,3.94,0.361,0.632,7,0.58,10,15,7,9,66.67,85,8,29,2.42,445,425,156,9
"Western Ky. (C-USA)",2018,3,5.02,6.32,10.72,226.8,3.74,136.8,0.389,0.375,5.87,7.35,4.55,0.372,0.545,2,0.17,10,12,6,6,56.92,79,5.4,32,2.67,431,439,185,9
"Western Mich. (MAC)",2018,7,5.9,7.79,12.7,237.4,4.58,199.5,0.365,0.588,6.18,8.75,4.45,0.348,0.5,1,0.08,9,9,10,11,52.15,77,6.9,20,1.54,396,566,189,20
"Wisconsin (Big Ten)",2018,8,6.4,6.74,11.45,157.7,6.22,273.4,0.413,0.417,5.5,6.83,4.44,0.376,0.538,1,0.08,14,14,10,11,50.54,74,4.8,24,1.85,304,571,155,5
"Wyoming (MWC)",2018,6,5.15,5.71,11.67,131.3,4.83,199.4,0.368,0.333,4.78,5.99,3.67,0.392,0.688,4,0.33,4,10,7,5,49.67,72,5.7,24,2,276,495,174,4
"Air Force (Mountain West)",2019,11,6.22,12.71,23.56,123.2,5.14,298.5,0.535,0.762,5.53,7.55,3.49,0.405,0.464,-2,-0.15,6,7,12,9,28.31,42,4.2,4,0.31,126,755,157,16
"Akron (MAC)",2019,0,4.02,5.9,11.45,195.6,1.75,47.6,0.264,0.318,5.7,7.89,4.53,0.53,0.533,-15,-1.25,14,5,12,6,52.17,80,4.3,58,4.83,398,327,163,7
"Alabama (SEC)",2019,11,7.89,10.96,15.5,342.2,5.03,168.5,0.523,0.684,4.81,5.94,3.82,0.357,0.368,18,1.38,6,17,4,11,65.77,95,6,12,0.92,406,436,153,13
"Appalachian St. (Sun Belt)",2019,13,6.26,7.63,12.23,201.7,5.41,231.4,0.445,0.813,5.01,6.36,3.73,0.307,0.577,15,1.07,6,14,3,10,64.21,95,6.1,18,1.29,370,599,200,13
"Arizona (Pac-12)",2019,4,6.05,7.57,12.23,266.1,4.63,174,0.441,0.65,6.36,8.09,4.75,0.47,0.333,-3,-0.25,12,11,6,4,56.42,76,4.5,33,2.75,422,451,186,13
"Arizona St. (Pac-12)",2019,8,5.74,8.45,13.88,248.8,3.49,123.2,0.385,0.563,5.51,7.5,3.51,0.411,0.542,14,1.08,4,13,10,15,62.92,85,5.7,33,2.54,383,459,187,9
"Arkansas (SEC)",2019,2,5.21,5.69,11.46,192.9,4.7,147.2,0.333,0.4,6.54,8.06,5.47,0.455,0.563,-5,-0.42,15,6,6,10,41,61,5.1,19,1.58,407,376,165,8
"Arkansas St. (Sun Belt)",2019,8,6.17,8.65,13.61,312.1,3.63,127.2,0.404,0.565,6.11,7.41,5.03,0.379,0.556,-3,-0.23,11,12,11,7,70.46,99,6,40,3.08,469,456,193,13
"Army West Point (FBS Independent)",2019,5,5.67,8.46,18.07,82,5.2,297.2,0.452,0.667,5.64,7.13,4.59,0.448,0.5,-1,-0.08,7,7,11,10,38.15,60,4,15,1.15,126,743,168,26
"Auburn (SEC)",2019,9,5.58,6.79,11.78,207.5,4.71,199.1,0.405,0.467,4.84,6.14,3.54,0.299,0.4,6,0.46,6,10,11,13,55.23,92,7.2,18,1.38,397,550,190,7
"Ball St. (MAC)",2019,5,6.11,7.84,12.23,243.6,4.91,219.4,0.413,0.522,5.82,7.52,4.44,0.411,0.476,8,0.67,7,15,9,9,53,71,5.4,29,2.42,373,536,172,12
"Baylor (Big 12)",2019,11,6.22,8.04,12.89,255.1,4.62,166.4,0.417,0.4,4.89,6.28,3.66,0.388,0.577,11,0.79,8,17,11,13,55.57,91,7.3,38,2.71,444,504,180,6
"Boise St. (Mountain West)",2019,12,6.05,7.9,12.77,261.7,4.43,167.3,0.477,0.588,5.22,6.9,3.48,0.389,0.379,0,0,11,10,8,9,49.64,76,7,27,1.93,464,529,199,10
"Boston College (ACC)",2019,6,5.79,7.5,14.21,176,4.99,253.2,0.43,0.542,6.33,8.14,4.77,0.464,0.682,5,0.38,6,10,6,7,37.38,66,7.8,13,1,305,659,207,13
"Bowling Green (MAC)",2019,3,4.56,5.6,9.99,157.3,3.87,161.8,0.332,0.219,7.03,9.06,5.82,0.442,0.471,-6,-0.5,15,7,6,8,59.17,84,5.2,14,1.17,337,502,184,7
"Buffalo (MAC)",2019,8,5.39,6.46,11.97,138.1,4.94,250.5,0.448,0.64,4.87,7.3,2.86,0.337,0.424,8,0.62,6,11,8,11,44.62,64,5.9,8,0.62,278,659,194,16
"BYU (FBS Independent)",2019,7,6.18,7.91,12.5,284.7,4.45,159.1,0.425,0.368,5.6,7.36,4.23,0.404,0.476,1,0.08,11,15,10,7,51.38,79,4.7,29,2.23,468,465,186,7
"California (Pac-12)",2019,8,5.08,7.02,12.55,197,3.59,131.5,0.376,0.375,5.37,7.1,3.56,0.405,0.571,3,0.23,9,8,4,8,40.62,62,5.8,47,3.62,365,476,173,6
"Central Mich. (MAC)",2019,8,6.08,7.47,12.18,252.2,4.83,181.4,0.405,0.567,5.42,7.56,3.49,0.337,0.375,-11,-0.79,13,13,17,6,66.07,118,7.9,21,1.5,473,526,200,17
"Charlotte (C-USA)",2019,7,6.35,8.56,14.1,211.5,5.01,203,0.413,0.565,6.01,7.82,4.89,0.417,0.789,-4,-0.31,14,9,5,6,45.69,68,6.6,21,1.62,321,527,155,13
"Cincinnati (AAC)",2019,11,5.5,6.77,12.27,182.3,4.73,208,0.434,0.647,5.13,6.9,3.63,0.382,0.263,6,0.43,11,16,9,10,69.79,123,6.9,35,2.5,377,616,212,11
"Clemson (ACC)",2019,14,7.38,8.5,13.27,288.3,6.37,240.4,0.442,0.5,4.46,5.97,3.24,0.309,0.435,15,1,10,19,5,11,45.6,85,7.9,18,1.2,509,566,181,6
"Coastal Carolina (Sun Belt)",2019,5,5.53,7.12,10.96,198.3,4.51,195.5,0.407,0.793,6.05,8.18,4.44,0.466,0.706,0,0,9,11,8,6,48.83,67,5.5,20,1.67,334,520,172,23
"Colorado (Pac-12)",2019,5,5.5,6.95,11.12,238.2,4.14,150.3,0.413,0.6,6.51,8.52,4.51,0.474,0.538,3,0.25,11,11,3,6,60.5,85,4.3,21,1.75,411,436,179,12
"Colorado St. (Mountain West)",2019,4,6.24,8.21,13.08,305.3,4.02,132.2,0.396,0.524,5.58,6.9,4.75,0.357,0.682,-11,-0.92,11,6,13,7,65.42,80,5.7,27,2.25,446,395,169,11
"Duke (ACC)",2019,5,4.53,5.69,10.1,179.3,3.64,150.3,0.332,0.606,5.35,6.76,4.34,0.372,0.524,-11,-0.92,14,9,14,8,45.33,63,6.7,28,2.33,378,495,193,20
"East Carolina (AAC)",2019,4,5.74,7.69,12.84,288.8,3.78,141.3,0.393,0.429,6.52,8.46,5.06,0.424,0.565,1,0.08,10,11,7,7,51.25,71,5.8,17,1.42,451,449,178,3
"Eastern Mich. (MAC)",2019,6,5.97,7.92,11.76,283.2,3.8,122.3,0.399,0.48,6.07,8.08,4.66,0.448,0.75,4,0.31,12,11,5,10,40.85,59,4.4,23,1.77,465,418,168,12
"FIU (C-USA)",2019,6,5.59,7.08,12.35,211.8,4.4,165.2,0.38,0.542,5.7,6.6,5.02,0.393,0.6,3,0.23,6,12,9,6,57.77,79,5.2,14,1.08,389,488,184,13
"Fla. Atlantic (C-USA)",2019,11,5.96,7.88,12.6,282.6,4.22,166,0.403,0.591,5.35,6.95,3.81,0.313,0.464,21,1.5,8,22,4,11,60.86,95,6.3,28,2,502,551,201,13
"Florida (SEC)",2019,11,6.47,8.37,12.33,300.8,4.24,129.8,0.411,0.615,4.9,6.74,3.19,0.364,0.3,5,0.38,10,16,8,7,47.54,67,7.8,25,1.92,467,398,158,16
"Florida St. (ACC)",2019,6,5.84,8.05,12.47,267.6,3.83,140.7,0.356,0.579,5.31,7.14,3.58,0.404,0.524,-3,-0.23,13,8,8,10,73.31,119,5.7,48,3.69,432,477,191,11
"Fresno St. (Mountain West)",2019,4,6.04,7.29,11.29,226.8,4.85,159.3,0.377,0.462,5.73,7.17,4.33,0.421,0.556,4,0.33,11,11,7,11,52.83,75,5.3,23,1.92,373,394,146,6
"Ga. Southern (Sun Belt)",2019,7,5.19,6.25,12.1,74.5,4.94,253.2,0.307,0.429,5.66,7.83,3.79,0.337,0.531,8,0.62,1,9,10,10,43.77,66,6.5,27,2.08,155,666,166,6
"Georgia (SEC)",2019,12,6.08,7.52,12.24,223,4.94,185.1,0.412,0.6,4.29,5.62,2.62,0.316,0.261,3,0.21,6,8,7,8,48.93,76,5.4,15,1.07,415,525,187,6
"Georgia St. (Sun Belt)",2019,7,5.83,6.69,10.83,198.2,5.27,241.6,0.456,0.481,6.68,8.54,5.4,0.453,0.542,1,0.08,9,9,7,8,42.85,56,4.7,19,1.46,385,596,195,13
"Georgia Tech (ACC)",2019,3,4.79,5.97,12.96,133.9,4.08,152.4,0.301,0.471,5.83,7.53,4.79,0.452,0.684,-4,-0.33,10,7,10,9,41.08,57,5.1,28,2.33,269,448,163,8
"Hawaii (Mountain West)",2019,10,6.69,7.96,12.77,337.1,4.77,133.9,0.473,0.606,6.29,7.08,5.58,0.412,0.462,-11,-0.73,17,14,13,5,61.2,103,4.1,27,1.8,635,421,186,20
"Houston (AAC)",2019,4,6.02,7.77,13.86,203.3,4.85,188.2,0.348,0.706,6.81,8.44,5.19,0.399,0.565,-7,-0.58,12,8,9,6,48.25,58,5.6,35,2.92,314,466,155,12
"Illinois (Big Ten)",2019,6,5,6.58,12.17,185.3,3.82,144.2,0.354,0.333,5.6,7.8,4.28,0.372,0.636,10,0.77,9,12,9,16,61.31,87,7.5,39,3,366,491,181,5
"Indiana (Big Ten)",2019,8,5.99,8.31,12.25,302.4,3.63,130.4,0.469,0.444,5.37,7.05,3.92,0.352,0.522,2,0.15,9,7,6,10,63.85,88,6.2,27,2.08,473,467,177,8
"Iowa (Big Ten)",2019,10,5.52,7.24,12.25,228.9,3.95,137.6,0.407,0.714,4.8,6.1,3.5,0.379,0.308,9,0.69,7,12,5,9,32.38,56,5.2,23,1.77,411,453,189,15
"Iowa St. (Big 12)",2019,7,6.45,8.36,12.85,311.3,4.2,133,0.381,0.429,5.36,6.77,3.99,0.414,0.533,-3,-0.23,9,6,7,7,38.15,61,6.5,18,1.38,484,412,168,9
"Kansas (Big 12)",2019,3,5.86,7.12,11.82,231.5,4.57,145.8,0.392,0.35,6.15,7.96,4.91,0.523,0.5,-12,-1,14,6,6,2,50.08,66,5,23,1.92,390,383,166,7
"Kansas St. (Big 12)",2019,8,5.55,7.76,12.99,180.9,4.3,178,0.431,0.6,6.17,7.54,5.05,0.28,0.412,1,0.08,5,11,9,4,52.23,77,5,25,1.92,303,538,174,9
"Kent St. (MAC)",2019,7,5.83,8.02,11.96,218.9,4.41,186.7,0.439,0.667,6.32,8.52,5.09,0.454,0.696,6,0.46,2,7,10,11,59.38,80,5.2,41,3.15,355,550,196,8
"Kentucky (SEC)",2019,8,6.15,5.75,11.55,113.7,6.32,278.8,0.389,0.519,5.3,6.18,4.6,0.392,0.353,-1,-0.08,8,8,12,11,50.85,75,5.7,17,1.31,257,573,162,14
"La.-Monroe (Sun Belt)",2019,5,6.37,7.39,12.37,253.7,5.45,207.3,0.4,0.571,6.71,8.24,5.73,0.424,0.524,0,0,12,10,6,8,63.67,95,5.3,16,1.33,412,456,175,16
"Liberty (FBS Independent)",2019,8,6.44,8.31,14.61,288.9,4.5,150.5,0.407,0.313,5.74,7.41,4.56,0.423,0.458,2,0.15,8,12,8,6,61.62,88,6.2,28,2.15,452,435,167,5
"Louisiana (Sun Belt)",2019,11,7.01,8.02,12.37,236.7,6.28,257.4,0.476,0.529,5.45,6.75,4.47,0.362,0.407,5,0.36,4,10,10,9,58.36,98,4.7,15,1.07,413,574,168,9
"Louisiana Tech (C-USA)",2019,10,6.09,7.62,12.25,268.5,4.61,168.4,0.414,0.375,5.22,6.75,3.73,0.349,0.484,7,0.54,10,17,9,9,46.54,72,6.1,29,2.23,458,475,174,6
"Louisville (ACC)",2019,8,6.68,10.09,17.12,234.5,4.86,212.8,0.431,0.609,6.33,7.5,5.37,0.379,0.435,-1,-0.08,9,7,10,11,60,93,6,39,3,302,569,174,14
"LSU (SEC)",2019,15,7.89,10.62,14.14,401.6,4.88,166.8,0.497,0.667,5.11,6.41,3.72,0.296,0.484,10,0.67,7,17,5,5,62.4,93,6.4,35,2.33,567,513,183,6
"Marshall (C-USA)",2019,8,5.77,7.34,13.03,200.4,4.73,193.4,0.385,0.429,5.54,7.34,4,0.391,0.421,-2,-0.15,11,10,7,6,52.31,75,5,25,1.92,355,532,179,6
"Maryland (Big Ten)",2019,3,5.37,6.11,12.14,174,4.78,169.4,0.321,0.308,5.95,8.04,4.26,0.433,0.444,-5,-0.42,12,10,9,6,48.75,70,6.3,38,3.17,342,425,168,8
"Massachusetts (FBS Independent)",2019,1,4.28,5.16,9.28,168.5,3.48,124.6,0.346,0.379,7.77,9.89,6.54,0.514,0.611,1,0.08,16,10,4,11,63.67,83,4,27,2.25,392,430,191,11
"Memphis (AAC)",2019,12,6.85,9.47,14.86,298.4,4.74,186.7,0.461,0.583,5.37,6.64,4.48,0.395,0.484,-1,-0.07,11,11,9,8,59.93,103,6.9,27,1.93,441,551,193,14
"Miami (FL) (ACC)",2019,6,5.66,7.41,12.7,249.2,3.77,118.1,0.272,0.52,4.74,6.7,3.17,0.371,0.706,3,0.23,10,10,7,10,60.15,91,8.3,51,3.92,437,407,162,13
"Miami (OH) (MAC)",2019,8,4.97,7.4,13.63,178.2,3.44,130.9,0.333,0.353,5.27,6.72,4.18,0.404,0.517,2,0.14,10,11,8,9,48.79,80,7.7,31,2.21,337,533,201,6
"Michigan (Big Ten)",2019,9,5.77,7.95,14.3,250.8,3.96,150.7,0.391,0.545,4.72,6.99,3.16,0.324,0.591,0,0,9,9,11,11,49.92,80,6.1,25,1.92,410,495,174,12
"Michigan St. (Big Ten)",2019,7,5.19,6.86,11.79,244.8,3.53,127.2,0.365,0.619,4.96,6.7,3.36,0.348,0.476,-2,-0.15,15,12,9,10,53.85,75,7.1,18,1.38,464,468,192,13
"Middle Tenn. (C-USA)",2019,4,6.36,7.73,12.5,236.4,5.11,171.9,0.351,0.529,6.21,7.67,4.92,0.436,0.586,3,0.25,9,8,5,9,42.58,57,5.3,22,1.83,367,404,148,9
"Minnesota (Big Ten)",2019,11,6.36,10.2,15.53,253.3,4.15,178.7,0.484,0.65,5.06,6.71,3.7,0.376,0.556,4,0.31,8,14,7,5,38.62,56,4.8,30,2.31,323,560,161,13
"Mississippi St. (SEC)",2019,6,6.16,7.41,12.54,179.5,5.42,220.6,0.389,0.389,6.3,8.72,4.34,0.387,0.529,1,0.08,10,10,13,14,44.46,72,5.7,31,2.38,315,529,149,7
"Missouri (SEC)",2019,6,5.27,7.1,11.82,222.6,3.82,151.7,0.365,0.538,4.86,6.18,3.77,0.331,0.357,1,0.08,8,8,6,7,67.33,83,5.2,27,2.25,376,476,181,7
"Navy (AAC)",2019,11,6.76,11.9,22.51,95.2,6.06,360.5,0.462,0.765,5.26,7.9,3.17,0.327,0.538,6,0.46,4,12,12,10,35.31,54,6.2,17,1.31,104,773,171,26
"NC State (ACC)",2019,4,5.18,5.94,11.27,229.1,4.34,151.2,0.355,0.483,5.59,7.44,3.87,0.41,0.75,-13,-1.08,10,4,11,4,52.25,71,7,18,1.5,463,418,183,14
"Nebraska (Big Ten)",2019,5,5.76,7.9,13.15,212.6,4.48,203.3,0.412,0.435,5.61,6.62,4.82,0.401,0.438,0,0,9,11,12,10,43.17,61,6.1,28,2.33,323,544,187,10
"Nevada (Mountain West)",2019,7,5.02,6.49,10.47,249.7,3.37,115.6,0.371,0.583,6.07,8.01,4.31,0.351,0.6,-5,-0.38,13,11,11,8,59.38,96,4.8,33,2.54,500,446,205,14
"New Mexico (Mountain West)",2019,2,5.77,7.07,14.36,195,4.92,205.3,0.367,0.375,6.71,9.36,4.32,0.422,0.667,-15,-1.25,15,4,11,7,60.75,81,5.2,18,1.5,331,501,169,6
"New Mexico St. (FBS Independent)",2019,2,5.21,5.85,9.39,217.6,4.46,143.5,0.322,0.615,6.58,7.32,6.06,0.451,0.727,-15,-1.25,15,5,12,7,46.33,68,5,31,2.58,446,386,171,16
"North Carolina (ACC)",2019,7,6.43,8.62,14.02,285.8,4.63,188.2,0.414,0.652,5.43,7.09,3.95,0.372,0.5,8,0.62,7,14,5,6,53.92,80,6.3,37,2.85,431,528,191,15
"North Texas (C-USA)",2019,4,5.91,7.49,12.01,283.3,4.1,135.3,0.37,0.563,5.73,7.13,4.66,0.418,0.5,-6,-0.5,12,4,7,9,56,64,6.2,26,2.17,454,396,173,18
"Northern Ill. (MAC)",2019,5,5.22,7.06,12.14,217.6,3.73,141.1,0.322,0.522,6.08,7.54,4.95,0.34,0.444,-6,-0.5,11,4,8,9,44.92,62,5.1,24,2,370,454,177,12
"Northwestern (Big Ten)",2019,3,4.23,4.5,9,117,4.08,180.1,0.358,0.393,5.06,6.63,3.77,0.406,0.385,-10,-0.83,15,7,9,7,48.5,65,5.8,23,1.92,312,530,193,11
"Notre Dame (FBS Independent)",2019,11,6.33,7.88,12.96,252.2,4.96,179.2,0.402,0.68,4.68,5.86,3.83,0.323,0.455,17,1.31,6,9,5,19,51.15,84,7,16,1.23,416,470,184,17
"Ohio (MAC)",2019,7,6.68,8.56,14.12,220.5,5.48,221.8,0.494,0.556,5.95,7.38,4.66,0.395,0.579,-4,-0.31,6,5,13,10,48.23,70,5.1,21,1.62,335,526,168,5
"Ohio St. (Big Ten)",2019,13,6.94,9.07,13.59,263.1,5.63,266.8,0.552,0.615,4.13,5.56,2.98,0.291,0.35,9,0.64,3,15,13,10,55,81,8.9,35,2.5,406,663,183,8
"Oklahoma (Big 12)",2019,12,7.96,10.93,15.89,297.4,5.95,240.2,0.497,0.667,5.63,7.29,4.09,0.322,0.417,-8,-0.57,9,7,10,4,74.14,101,7.4,23,1.64,381,565,155,8
"Oklahoma St. (Big 12)",2019,8,6.39,8.06,12.57,224.3,5.31,229.6,0.389,0.524,5.79,7.38,4.3,0.393,0.381,-1,-0.08,12,12,8,7,47.08,67,5.9,26,2,362,562,185,11
"Old Dominion (C-USA)",2019,1,4.06,5.59,10.23,176.4,2.71,97.3,0.311,0.606,5.66,8.28,3.83,0.394,0.455,-1,-0.08,12,9,7,9,60.33,71,6.3,52,4.33,379,431,183,20
"Ole Miss (SEC)",2019,4,6,7.01,12.52,194,5.39,251.3,0.368,0.531,5.82,7.69,3.91,0.399,0.6,1,0.08,6,10,9,6,48.75,59,6.1,21,1.75,332,559,182,17
"Oregon (Pac-12)",2019,12,6.34,8.11,12.13,258.2,4.8,174.9,0.418,0.52,4.73,6.09,3.27,0.332,0.424,16,1.14,6,20,5,7,61.57,85,6.9,25,1.79,446,510,177,13
"Oregon St. (Pac-12)",2019,5,5.95,7.29,11.77,255.1,4.59,156.7,0.423,0.542,6.05,7.99,4.34,0.444,0.778,10,0.83,4,8,2,8,58.42,78,7.2,25,2.08,420,410,163,13
"Penn St. (Big Ten)",2019,11,6.05,7.8,13.26,221.3,4.8,190.6,0.424,0.611,4.82,7.25,2.55,0.36,0.577,8,0.62,9,10,5,12,45.31,57,7.8,32,2.46,369,516,172,11
"Pittsburgh (ACC)",2019,8,5.18,6.63,10.77,261.7,3.5,118.8,0.398,0.471,4.5,6.14,2.99,0.333,0.556,-8,-0.62,10,9,12,5,68.31,102,7.9,29,2.23,513,441,211,8
"Purdue (Big Ten)",2019,4,5.47,7.15,11.62,309.9,2.92,83.3,0.408,0.5,6.02,7.66,4.74,0.406,0.611,-8,-0.67,15,9,8,6,37.67,55,6,28,2.33,520,342,179,8
"Rice (C-USA)",2019,3,4.69,6.23,11.07,166,3.55,128.2,0.382,0.444,5.97,8.34,3.99,0.455,0.6,-5,-0.42,4,6,12,5,27.5,44,5.8,34,2.83,320,433,173,8
"Rutgers (Big Ten)",2019,2,4.46,6.01,10.86,139.3,3.51,133.8,0.345,0.429,6.22,8.13,4.88,0.442,0.524,-13,-1.08,15,6,8,4,59.08,76,4.6,26,2.17,278,457,177,6
"San Diego St. (Mountain West)",2019,10,4.78,6.63,10.41,202.6,3.41,140.5,0.382,0.565,4.65,6.16,2.75,0.341,0.429,19,1.46,6,18,2,9,50.38,78,6.3,21,1.62,397,536,207,13
"San Jose St. (Mountain West)",2019,5,6.37,8.14,13.3,338,3.5,89.4,0.409,0.438,5.8,7.47,4.82,0.472,0.615,10,0.83,8,16,5,7,50.67,74,5.1,14,1.17,498,307,159,7
"SMU (AAC)",2019,10,6.14,7.99,12.83,309,4.4,180.8,0.439,0.733,5.76,7.78,3.89,0.376,0.469,4,0.31,11,9,6,12,57.15,83,8.5,17,1.31,503,534,212,22
"South Alabama (Sun Belt)",2019,2,5.01,6.76,12.79,158.8,4.04,171.4,0.305,0.462,5.77,7.97,4.4,0.413,0.588,-6,-0.5,11,9,11,7,45,69,6,28,2.33,282,509,167,12
"South Carolina (SEC)",2019,4,5.18,5.72,9.95,222.3,4.54,149.7,0.321,0.481,5.53,6.99,4.21,0.383,0.357,3,0.25,7,12,7,5,54.67,79,6,25,2.08,466,396,184,13
"South Fla. (AAC)",2019,4,5.14,6.2,11.5,169.6,4.35,161.3,0.39,0.438,5.39,7,4.45,0.463,0.556,5,0.42,10,12,9,12,71.17,101,8.3,45,3.75,328,445,177,7
"Southern California (Pac-12)",2019,8,6.52,8.49,11.96,335.8,3.95,119.6,0.456,0.6,5.73,6.96,4.51,0.407,0.526,-10,-0.77,15,9,11,7,67.46,90,6.2,28,2.15,514,394,169,6
"Southern Miss. (C-USA)",2019,7,6.07,8.59,12.93,289.5,3.52,117.5,0.386,0.471,5.71,8.41,3.45,0.311,0.688,-11,-0.85,17,10,9,5,57.54,82,6.6,23,1.77,438,434,176,8
"Stanford (Pac-12)",2019,4,5.59,7.09,11.41,262.4,3.66,105.5,0.392,0.308,6.3,8.12,4.46,0.452,0.625,-1,-0.08,8,8,5,4,48.75,75,5.9,29,2.42,444,346,166,4
"Syracuse (ACC)",2019,5,5.21,7.08,11.55,240.6,3.69,154,0.38,0.393,6.07,7.41,4.91,0.427,0.368,9,0.75,7,13,9,12,73.92,107,6.3,50,4.17,408,501,205,11
"TCU (Big 12)",2019,5,5.41,6.19,11.58,203.7,4.8,204,0.47,0.417,5.26,6.66,4.03,0.349,0.4,0,0,11,16,9,4,61.33,78,5.8,30,2.5,395,510,202,5
"Temple (AAC)",2019,8,5.36,7.02,11.74,254.8,3.72,137.2,0.378,0.417,4.93,6.25,3.82,0.379,0.5,0,0,13,8,7,12,61.62,92,7.5,21,1.62,472,479,201,15
"Tennessee (SEC)",2019,8,5.79,7.99,14.39,221.4,4.07,144.2,0.432,0.167,5.01,6.73,3.7,0.393,0.464,-1,-0.08,13,15,7,4,52.54,83,5.5,21,1.62,360,461,176,2
"Texas (Big 12)",2019,8,6.37,8,12.29,289.3,4.78,176.5,0.489,0.368,6.11,7.91,4.13,0.391,0.4,5,0.38,10,12,4,7,68.46,95,6.4,36,2.77,470,480,184,7
"Texas A&M (SEC)",2019,8,5.82,6.77,11.21,235.4,4.82,159.1,0.4,0.636,5.25,6.41,4.07,0.316,0.643,-6,-0.46,10,10,10,4,55.38,87,6.9,34,2.62,452,429,160,7
"Texas St. (Sun Belt)",2019,3,4.97,6.56,10.41,241.1,2.82,76.8,0.341,0.308,5.72,7.38,4.74,0.462,0.6,-9,-0.75,20,7,4,8,51.42,66,4.3,30,2.5,441,327,170,4
"Texas Tech (Big 12)",2019,4,6.09,7.34,11.39,324.7,4.44,149.6,0.382,0.48,6.59,9.17,4.39,0.417,0.533,4,0.33,8,14,7,5,57.92,75,6.7,18,1.5,531,404,178,12
"Toledo (MAC)",2019,6,6.09,7.42,13.03,209.6,5.21,224.5,0.38,0.581,6.62,8.15,5.43,0.42,0.435,-8,-0.67,7,7,12,4,50.67,67,5.8,29,2.42,339,517,171,18
"Troy (Sun Belt)",2019,5,6.13,7.65,11.89,313.2,4.27,143.1,0.469,0.591,6.2,8.42,4.25,0.463,0.529,-2,-0.17,11,11,7,5,49.75,64,6.3,27,2.25,491,402,177,13
"Tulane (AAC)",2019,7,6.16,7.97,13.6,206.1,5.17,243.2,0.389,0.588,5.49,6.8,4.32,0.39,0.538,-2,-0.15,10,12,8,4,67.92,103,5.5,28,2.15,336,612,180,20
"Tulsa (AAC)",2019,4,5.32,7.6,13.29,281.3,3.3,138.3,0.429,0.565,5.67,7.42,4.48,0.341,0.677,-1,-0.08,9,5,10,13,79.08,109,5.1,39,3.25,444,503,205,13
"UAB (C-USA)",2019,9,5.5,8.33,14.66,201.1,3.78,150.8,0.313,0.4,4.71,6.12,3.47,0.283,0.414,-8,-0.57,20,7,8,13,70.86,101,7.6,25,1.79,338,558,182,8
"UCF (AAC)",2019,10,6.92,9.01,15.19,316.7,5.2,223.8,0.405,0.576,4.57,5.91,3.49,0.293,0.64,6,0.46,8,13,7,8,73.23,111,9,24,1.85,457,559,200,19
"UCLA (Pac-12)",2019,4,5.31,7.2,11.79,255.5,3.68,150.2,0.421,0.448,6.71,9.21,4.25,0.442,0.412,-8,-0.67,12,5,10,9,55.25,81,6,37,3.08,426,490,183,13
"UConn (AAC)",2019,2,5.11,6.79,11.37,216,3.61,128.7,0.294,0.4,7,8.51,5.87,0.5,0.4,-8,-0.67,15,7,7,7,51.5,74,3.9,33,2.75,382,428,163,10
"UNLV (Mountain West)",2019,4,5.41,6.38,11.89,206.2,4.56,168.2,0.286,0.515,6.26,7.44,5.14,0.39,0.429,-4,-0.33,12,9,6,5,44.67,65,5,29,2.42,388,443,168,17
"Utah (Pac-12)",2019,11,6.59,9.93,13.68,227.6,4.77,201.4,0.463,0.44,4.64,6.02,3.04,0.301,0.545,9,0.64,4,14,9,8,61.57,103,5.8,26,1.86,321,591,175,11
"Utah St. (Mountain West)",2019,7,5.81,7.2,11.52,279.1,4.29,152.2,0.426,0.333,5.64,7.66,4.3,0.463,0.333,-2,-0.15,18,11,8,13,47.31,74,5.4,23,1.77,504,461,197,3
"UTEP (C-USA)",2019,1,5.14,6.95,12.95,191,3.79,138.2,0.352,0.72,6.76,8.25,5.6,0.523,0.9,-4,-0.33,8,5,6,5,61.5,80,3.3,35,2.92,330,438,162,18
"UTSA (C-USA)",2019,4,5.05,5.98,10.28,182.4,4.3,162.5,0.363,0.548,6.52,8.17,5.27,0.379,0.526,-6,-0.5,11,6,12,11,69.08,89,8,31,2.58,366,453,182,17
"Vanderbilt (SEC)",2019,3,4.83,5.42,10.22,172,4.21,127.3,0.295,0.381,6.57,8.41,5.3,0.391,0.429,-2,-0.17,10,6,3,5,54.08,76,5.8,28,2.33,381,363,166,8
"Virginia (ACC)",2019,9,5.66,7.21,11.12,267.7,3.84,121.2,0.453,0.563,5.75,8,3.89,0.36,0.52,-3,-0.21,15,12,6,6,43.71,66,7.1,41,2.93,520,442,203,9
"Virginia Tech (ACC)",2019,8,5.67,8.55,14.69,209.1,4.05,176.1,0.385,0.692,5.26,6.6,3.96,0.371,0.567,-4,-0.31,8,14,15,5,46.62,69,6.4,29,2.23,318,565,179,9
"Wake Forest (ACC)",2019,8,5.72,7.99,13.29,288.3,3.9,175.7,0.472,0.412,5.78,7.57,4.24,0.318,0.625,8,0.62,13,14,4,11,35.38,57,6.7,23,1.77,469,586,229,7
"Washington (Pac-12)",2019,8,5.83,7.7,12.03,243.4,4.17,147.8,0.357,0.719,5.11,6.34,3.81,0.372,0.609,8,0.62,8,13,6,9,49.15,79,5.5,22,1.69,411,461,171,23
"Washington St. (Pac-12)",2019,6,7.14,8,11.25,437.2,4.21,68.1,0.426,0.591,6.64,8.72,4.94,0.42,0.565,-6,-0.46,16,10,9,9,61.08,85,5.2,20,1.54,710,210,141,13
"West Virginia (Big 12)",2019,5,4.9,6.57,10.33,248.7,2.63,73.3,0.346,0.526,5.48,7.74,3.81,0.399,0.6,-6,-0.5,15,8,5,6,48.92,71,6.6,21,1.75,454,334,179,10
"Western Ky. (C-USA)",2019,9,5.6,7.19,10.77,259.3,3.87,128.5,0.41,0.6,5.22,7.18,3.73,0.297,0.5,-6,-0.46,12,11,9,4,39.54,53,5.3,20,1.54,469,431,183,15
"Western Mich. (MAC)",2019,7,6.33,7.57,12.72,240.6,5.3,205.1,0.453,0.571,5.85,7.13,4.74,0.415,0.381,8,0.62,8,13,6,9,58.38,82,6.5,18,1.38,413,503,190,16
"Wisconsin (Big Ten)",2019,10,6.3,7.98,11.39,200.1,5.33,233.1,0.481,0.783,4.79,6.32,3.29,0.273,0.444,0,0,5,12,17,10,45.43,69,6.5,20,1.43,351,612,189,18
"Wyoming (Mountain West)",2019,8,5.49,6.91,14.75,136.2,4.86,214.8,0.433,0.5,5.03,7.19,2.92,0.375,0.48,5,0.38,9,12,6,8,48.77,67,6.4,21,1.62,256,575,187,6
"Air Force (Mountain West)",2020,3,6.26,8.23,14.76,83.7,5.88,305.7,0.485,0.727,5.06,7,3.77,0.466,0.3,0,0,3,5,5,3,40.83,27,2.8,2,0.33,61,312,68,8
"Akron (MAC)",2020,1,4.69,5.66,10.1,139.7,4,141.5,0.333,0.444,7.56,10,6.26,0.534,0.571,-3,-0.5,6,2,3,4,31.67,24,2.7,26,4.33,148,212,78,4
"Alabama (SEC)",2020,11,7.83,11.13,14.81,354.1,5.04,189.8,0.592,0.429,5.04,6.82,3.17,0.406,0.579,10,0.91,4,11,7,10,47.45,66,6.7,16,1.45,350,414,125,3
"App State (Sun Belt)",2020,9,6.42,7.48,11.82,187.1,5.83,264.9,0.512,0.55,4.94,6.1,4.04,0.378,0.481,1,0.08,11,15,6,3,67.58,88,5.7,21,1.75,300,545,162,11
"Arizona (Pac-12)",2020,0,4.95,5.63,9.34,213,4.25,156.4,0.329,0.25,6.74,8.3,5.91,0.429,0.625,-9,-1.8,7,2,5,1,58.8,34,5,18,3.6,189,184,79,3
"Arizona St. (Pac-12)",2020,2,7.28,8.93,15.24,194.2,6.41,264.2,0.467,0.333,5.41,6.39,4.47,0.449,0.5,8,2,1,5,4,8,54.5,28,6,6,1.5,87,165,45,2
"Arkansas (SEC)",2020,3,5.77,8.46,13.13,240.2,3.84,151.3,0.338,0.636,5.65,6.78,4.62,0.468,0.583,5,0.5,6,13,7,5,45.7,64,5,34,3.4,284,394,136,7
"Arkansas St. (Sun Belt)",2020,4,6.35,8.66,14.57,364.4,3.57,125.4,0.399,0.5,6.3,8.9,3.97,0.417,0.48,-4,-0.36,9,6,7,6,57.36,70,6.9,29,2.64,463,386,173,15
"Army West Point (FBS Independent)",2020,9,4.92,6.86,15.48,43.6,4.71,281.3,0.458,0.71,5.04,6.49,3.94,0.354,0.438,5,0.45,5,13,8,5,39.82,52,5.7,9,0.82,70,657,155,22
"Auburn (SEC)",2020,6,5.62,6.66,11.17,212.3,4.72,172.7,0.476,0.25,5.66,7.23,4.3,0.514,0.4,5,0.5,7,9,1,4,47.3,56,5.6,19,1.9,319,366,145,2
"Ball St. (MAC)",2020,6,5.81,8.35,12.74,276.7,3.93,177,0.476,0.545,6.05,8.22,3.94,0.391,0.353,7,1,6,6,1,8,46.71,38,7.3,25,3.57,232,315,105,6
"Baylor (Big 12)",2020,2,4.44,5.98,9.65,219.9,2.73,90.3,0.331,0.6,5.52,7.05,4.44,0.392,0.692,8,0.89,8,12,1,5,62.44,65,6.6,31,3.44,331,298,142,12
"Boise St. (Mountain West)",2020,5,5.42,7.63,12.18,241.9,3.28,107.1,0.433,0.571,5.26,6.92,4.02,0.271,0.684,-4,-0.57,3,3,4,0,49.29,34,7.3,14,2,222,229,97,4
"Boston College (ACC)",2020,6,5.65,8.02,12.92,284.2,3.1,101.7,0.442,0.643,6.11,7.71,4.71,0.404,0.812,7,0.64,8,9,6,12,65.91,84,4.8,28,2.55,390,361,147,9
"Bowling Green (MAC)",2020,0,5.2,5.7,13.19,142.4,4.87,184,0.262,0.214,6.68,7.46,6.33,0.514,0.556,-10,-2,7,0,4,1,43.2,30,6.8,10,2,125,189,65,3
"Buffalo (MAC)",2020,6,7.33,8.52,13.64,191,6.71,287.4,0.481,0.538,5.2,6.99,3.92,0.313,0.562,4,0.57,4,6,2,4,52.57,42,5.4,1,0.14,157,300,81,7
"BYU (FBS Independent)",2020,11,7.84,10.6,14.6,332.1,5.39,190.1,0.492,0.545,4.8,6.34,3.43,0.392,0.4,9,0.75,4,8,5,10,36.83,52,5,12,1,376,423,132,12
"California (Pac-12)",2020,1,4.47,5.59,9.07,192.8,3.43,126.8,0.373,0.5,5.69,7.5,4.45,0.407,0.5,0,0,3,3,2,2,35,18,5,15,3.75,138,148,67,4
"Central Mich. (MAC)",2020,3,5.82,7.02,11.45,202.3,5.03,218,0.282,0.579,5.85,9.43,3.13,0.449,0.375,6,1,4,8,5,7,59.33,37,7.3,14,2.33,173,260,85,11
"Charlotte (C-USA)",2020,2,5.45,7.47,13.64,222.8,3.92,154.8,0.406,0.583,6.55,7.47,5.86,0.464,0.2,2,0.33,2,5,4,3,61.67,42,3.3,16,2.67,179,237,96,7
"Cincinnati (AAC)",2020,9,6.87,8.45,12.6,242.2,5.72,225,0.483,0.692,4.37,5.48,3.32,0.357,0.391,4,0.44,6,15,9,4,76.44,77,7.4,11,1.22,258,354,118,9
"Clemson (ACC)",2020,10,6.72,8.56,12.91,343.8,4.63,163.8,0.467,0.769,4.63,6.94,2.79,0.304,0.368,9,0.82,5,13,8,9,50.73,62,9.4,18,1.64,442,389,167,10
"Coastal Carolina (Sun Belt)",2020,11,6.64,9.65,14.47,223.6,5.06,223.2,0.543,0.8,5.36,6.62,4.19,0.374,0.4,11,1,4,14,7,8,33.45,37,6.4,12,1.09,255,485,138,12
"Colorado (Pac-12)",2020,4,5.61,6.99,12.06,202.6,4.75,218.4,0.468,0.2,5.41,5.85,4.9,0.338,0.125,0,0,5,4,3,4,54.6,27,8.6,6,1.2,145,230,79,1
"Colorado St. (Mountain West)",2020,1,4.76,6.88,13.53,199.5,3.18,124,0.22,0.375,4.82,8.2,2.47,0.403,0.667,1,0.25,3,1,1,4,47.5,24,10.5,12,3,116,156,59,3
"Duke (ACC)",2020,2,5.03,6.26,11.13,222.6,3.94,156.7,0.387,0.478,6.25,7.94,5.08,0.413,0.667,-19,-1.73,19,9,20,11,51.09,62,6.6,37,3.36,391,438,168,11
"East Carolina (AAC)",2020,3,5.53,7.03,11.7,228.9,4.32,173.8,0.333,0.556,6.21,7.45,5.16,0.372,0.471,-3,-0.33,9,10,12,8,58.22,57,5.4,23,2.56,293,362,129,10
"Eastern Mich. (MAC)",2020,2,5.75,8.33,13.15,276.2,3.4,124.2,0.42,0.786,6.39,8.11,5.23,0.373,0.867,0,0,6,3,6,9,43.83,29,4.3,17,2.83,199,219,81,11
"FIU (C-USA)",2020,0,4.59,4.75,10.64,123.4,4.47,157.4,0.359,0.417,5.76,6.69,5.19,0.405,0.5,-1,-0.2,2,2,2,1,48,32,7.2,19,3.8,130,176,78,5
"Fla. Atlantic (C-USA)",2020,5,4.91,5.6,10.66,144.4,4.47,180.1,0.388,0.478,5.12,6.35,4.15,0.4,0.353,0,0,6,6,5,5,38.89,42,6.4,20,2.22,232,363,134,11
"Florida (SEC)",2020,8,7.4,9.98,14.43,388.4,4.04,120.5,0.52,0.6,5.69,7.62,3.94,0.409,0.652,-2,-0.18,7,9,9,5,43.73,56,6.5,19,1.73,428,328,127,6
"Florida St. (ACC)",2020,3,5.54,6.07,11.14,196.8,5.11,199.9,0.356,0.536,6.47,8.12,5.12,0.465,0.462,-3,-0.33,13,8,4,6,77.78,80,5.3,29,3.22,292,352,132,15
"Fresno St. (Mountain West)",2020,3,6.2,8.62,13.53,356.3,3.42,123,0.432,0.615,6.14,7.42,5.22,0.485,0.556,0,0,5,4,5,6,45.33,32,7.5,24,4,248,216,88,8
"Ga. Southern (Sun Belt)",2020,8,5.93,7.69,13.96,104.2,5.44,267.1,0.405,0.471,5.11,6.84,3.45,0.343,0.621,9,0.69,11,18,6,8,33.85,53,6,16,1.23,176,638,163,8
"Georgia (SEC)",2020,7,6.12,7.85,13.87,232.8,4.81,188.6,0.492,0.364,4.87,7.08,2.27,0.373,0.571,-1,-0.11,10,9,3,3,51.33,49,5.6,17,1.89,267,353,124,4
"Georgia St. (Sun Belt)",2020,5,5.66,7.41,12.63,227.3,4.41,190.3,0.431,0.615,5.68,7.43,3.85,0.367,0.522,-1,-0.11,9,10,10,8,58.89,49,7.9,11,1.22,276,388,144,8
"Georgia Tech (ACC)",2020,3,5.64,7.04,13.1,199.1,4.68,190.8,0.411,0.36,5.86,7.59,4.42,0.467,0.478,-7,-0.7,13,6,12,12,74.9,89,6.2,23,2.3,283,408,146,9
"Hawaii (Mountain West)",2020,5,5.4,6.59,10.68,231.4,4.23,152.4,0.391,0.769,5.7,6.72,5,0.417,0.615,5,0.56,6,12,6,5,42.89,48,6.7,28,3.11,316,324,138,10
"Houston (AAC)",2020,3,5.54,7.16,12.15,265.8,3.91,143.1,0.4,0.737,5.78,7.76,4.27,0.379,0.538,-10,-1.25,10,3,6,3,68.25,61,7.4,18,2.25,297,293,120,14
"Illinois (Big Ten)",2020,2,5.36,6.3,13.44,152.9,4.8,196.1,0.381,0.467,6.56,8.93,5.14,0.43,0.684,6,0.75,4,7,5,8,48.88,39,5.8,15,1.88,194,327,113,7
"Indiana (Big Ten)",2020,6,5.17,7.31,12.72,258,2.95,100.1,0.378,0.455,5.41,6.85,4.01,0.367,0.182,10,1.43,4,17,6,3,44,29,6.1,8,1.14,247,238,98,5
"Iowa (Big Ten)",2020,6,5.42,6.38,11.21,197.6,4.62,171,0.336,0.667,4.34,6,2.84,0.403,0.5,9,1.12,5,11,4,7,39.62,38,6.5,11,1.38,248,296,107,6
"Iowa St. (Big 12)",2020,8,6.53,7.97,11.97,249.1,5.29,192,0.437,0.692,5.28,7.49,3.15,0.345,0.474,0,0,9,8,5,6,44.64,57,7.1,15,1.36,344,399,142,9
"Kansas (Big 12)",2020,0,3.66,4.91,8.96,154.3,2.67,104.9,0.232,0.417,6.63,7.81,5.81,0.418,0.8,-4,-0.44,10,4,4,6,46.44,51,4.7,47,5.22,283,354,142,10
"Kansas St. (Big 12)",2020,4,5.61,7.52,13.55,185.7,4.29,151.7,0.331,0.6,6.11,7.58,4.73,0.401,0.529,-3,-0.3,10,7,5,5,56.4,65,6.8,14,1.4,247,354,127,6
"Kent St. (MAC)",2020,3,7.44,10.27,14.38,323.5,5.66,283,0.561,0.875,6.5,7.12,6.16,0.438,0.429,1,0.25,2,3,2,2,81.25,37,6.2,5,1.25,126,200,57,7
"Kentucky (SEC)",2020,4,5.1,5.6,9.42,124.4,4.82,187.4,0.38,0.467,5.54,6.97,4.36,0.426,0.682,7,0.7,5,13,7,6,51.2,53,5,17,1.7,222,389,129,7
"Liberty (FBS Independent)",2020,9,6.72,8.32,13.3,231.4,5.7,252.1,0.482,0.75,5,6.11,4.04,0.323,0.421,3,0.3,5,10,8,6,57.1,61,5.5,21,2.1,278,442,137,15
"Louisiana (Sun Belt)",2020,9,6.31,7.48,12.79,214.8,5.43,207.8,0.421,0.409,4.76,5.51,4.24,0.438,0.56,9,0.9,7,15,5,6,59.2,58,4.6,9,0.9,287,383,126,9
"Louisiana Tech (C-USA)",2020,5,4.49,6.03,9.8,216.6,2.88,99.2,0.385,0.889,6.11,7.84,4.87,0.475,0.55,-2,-0.2,14,9,2,5,45.6,50,5.2,29,2.9,359,344,156,16
"Louisville (ACC)",2020,4,6.65,8.53,13.3,244.2,5.24,200,0.448,0.542,5.77,7.2,4.77,0.396,0.4,-12,-1.09,12,5,12,7,52.45,69,5.7,30,2.73,315,420,143,13
"LSU (SEC)",2020,5,5.52,7.42,12.64,312.2,3.33,121.7,0.346,0.706,7.26,9.73,4.88,0.373,0.5,9,0.9,9,13,4,9,46.2,61,6.3,25,2.5,421,365,156,12
"Marshall (C-USA)",2020,7,5.86,7.58,12.45,212.9,4.61,178.4,0.453,0.381,4.4,6.3,2.78,0.345,0.5,3,0.3,10,5,2,10,62.7,60,5,12,1.2,281,387,128,8
"Maryland (Big Ten)",2020,2,6.6,8.3,13.47,264,4.8,145,0.379,1,5.36,6.06,4.87,0.417,0.667,-7,-1.4,9,2,2,2,79.6,44,6.6,16,3.2,159,151,66,1
"Massachusetts (FBS Independent)",2020,0,3.46,4.81,8.91,120.2,2.3,67.2,0.255,0.444,6.91,7.58,6.47,0.519,0.571,-4,-1,5,0,2,3,54,22,7.5,10,2.5,100,117,55,4
"Memphis (AAC)",2020,8,6.09,8.01,13.28,307.9,4.03,145.2,0.448,0.583,5.68,7.43,3.86,0.36,0.667,1,0.09,10,12,9,8,47.27,61,6.1,20,1.82,423,396,172,14
"Miami (FL) (ACC)",2020,8,5.97,8.09,12.89,269.4,4.16,163.2,0.418,0.714,5.66,6.65,4.77,0.381,0.529,6,0.6,6,7,4,9,69.9,78,8.6,29,2.9,333,392,146,10
"Miami (OH) (MAC)",2020,2,5.92,8.41,15.21,238.3,3.81,127,0.415,0.667,6.06,9.34,3.47,0.462,0.667,0,0,1,2,1,0,60.67,18,6.3,4,1.33,85,100,41,2
"Michigan (Big Ten)",2020,2,5.95,7.05,12.21,250.3,4.59,131.5,0.365,0.444,5.59,7.37,4.16,0.462,0.625,-2,-0.33,4,2,2,2,57.5,35,4.2,8,1.33,213,172,74,4
"Michigan St. (Big Ten)",2020,2,4.81,6.91,12.67,238.9,2.68,91.4,0.327,0.417,5.27,6.79,3.93,0.383,0.545,-9,-1.29,12,5,8,6,63.71,49,6.3,16,2.29,242,239,113,5
"Middle Tenn. (C-USA)",2020,3,5.18,6.67,10.12,230.4,3.75,135.4,0.426,0.5,6.05,7.18,5.23,0.536,0.6,-2,-0.22,10,8,6,6,52.22,51,5,23,2.56,311,325,129,6
"Minnesota (Big Ten)",2020,3,5.71,7.66,13.17,201.3,4.51,191.9,0.477,0.538,6.9,7.61,6.3,0.408,0.6,0,0,5,5,2,2,41.86,32,2.6,13,1.86,184,298,86,7
"Mississippi St. (SEC)",2020,3,4.95,5.9,8.79,311.1,2.07,36,0.324,0.611,5.48,7.43,3.57,0.392,0.421,-9,-0.9,18,9,7,7,55.9,61,5.2,30,3,527,174,145,11
"Missouri (SEC)",2020,5,5.63,7.35,10.85,266.8,3.85,135.2,0.433,0.556,6.1,7.9,4.53,0.376,0.722,-5,-0.5,6,4,8,5,49.9,58,5,16,1.6,363,351,141,10
"Navy (AAC)",2020,3,4.53,7.85,17.09,97.4,3.68,177.6,0.338,0.667,5.99,7.86,4.94,0.381,0.667,-2,-0.2,4,3,7,6,40.2,44,4.5,23,2.3,124,483,139,20
"NC State (ACC)",2020,8,5.61,7.99,12.83,262.4,3.49,129.1,0.443,0.6,5.47,7,4.08,0.376,0.536,-3,-0.27,12,10,4,3,76.91,89,7.7,29,2.64,361,407,149,6
"Nebraska (Big Ten)",2020,3,5.56,6.64,9.75,190.1,4.82,201.4,0.365,0.615,5.46,7.2,4.17,0.405,0.65,-11,-1.38,9,5,9,2,60.62,54,6.6,16,2,229,334,104,8
"Nevada (Mountain West)",2020,7,6.46,8,11.44,319.1,4.3,122.3,0.415,0.667,5.4,6.8,3.97,0.356,0.48,0,0,4,6,5,3,69.44,72,5.8,20,2.22,359,256,118,12
"New Mexico (Mountain West)",2020,2,5.47,6.45,11.36,198,4.74,195.7,0.43,0.25,6.8,9.05,4.77,0.427,0.545,4,0.57,6,6,3,7,55.71,41,4.6,16,2.29,215,289,107,2
"North Carolina (ACC)",2020,8,7.81,10.38,14.97,307.5,5.98,249.1,0.476,0.625,5.67,7.39,4.08,0.379,0.5,-1,-0.09,7,8,5,3,70.55,80,5.9,30,2.73,326,458,124,10
"North Texas (C-USA)",2020,4,6.59,8.42,15.3,283,5.2,230.2,0.467,0.458,6.94,8.13,6.1,0.472,0.429,-6,-0.6,9,7,6,2,53.6,68,5.2,17,1.7,336,443,150,11
"Northern Ill. (MAC)",2020,0,4.99,6.53,11.36,240.5,3.45,127,0.286,0.632,6.63,9.2,4.75,0.311,0.636,-3,-0.5,2,5,8,2,68,41,4.3,14,2.33,221,221,91,12
"Northwestern (Big Ten)",2020,6,4.71,5.98,9.93,186.2,3.79,162.4,0.391,0.714,4.81,4.96,4.65,0.314,0.6,3,0.38,8,14,7,4,37,38,6.2,12,1.5,249,343,133,15
"Notre Dame (ACC)",2020,10,6.35,8.17,12.87,237.5,5.12,217.6,0.493,0.615,5.37,6.9,3.7,0.294,0.444,7,0.64,2,7,8,10,39.18,50,7.8,24,2.18,320,468,150,8
"Ohio (MAC)",2020,2,6.36,8.11,12.17,146,5.56,216.7,0.375,0,5.48,6.37,4.8,0.341,0.364,4,1.33,0,5,2,1,48,20,4,9,3,54,117,32,0
"Ohio St. (Big Ten)",2020,6,7.28,9.27,12.78,253.5,6.08,275.7,0.512,0.714,5.42,7.03,3.35,0.341,0.545,8,1.33,5,6,3,10,51.83,36,6,18,3,164,272,80,5
"Oklahoma (Big 12)",2020,8,6.65,9.54,13.74,321.6,4.07,154.2,0.405,0.8,5.06,6.69,3.06,0.277,0.667,4,0.4,8,13,4,3,69.8,76,7.9,22,2.2,337,379,126,8
"Oklahoma St. (Big 12)",2020,7,5.58,7.74,12.94,233,4.19,194.7,0.424,0.444,5.18,6.62,4.05,0.263,0.632,-2,-0.2,10,6,6,8,51.2,64,8.4,24,2.4,301,465,158,4
"Ole Miss (SEC)",2020,4,7.06,10.7,14.99,344.8,4.59,217.7,0.504,0.645,6.96,8.54,5.42,0.475,0.714,-7,-0.78,14,5,4,6,48.56,52,4.6,17,1.89,290,427,127,20
"Oregon (Pac-12)",2020,4,6.75,9.18,14.68,249.5,4.94,180.2,0.471,0.6,5.51,6.87,4.21,0.381,0.65,-5,-0.83,5,5,7,2,54.33,38,4.7,10,1.67,163,219,68,3
"Oregon St. (Pac-12)",2020,2,5.83,6.35,11.04,211.3,5.36,197.6,0.404,0.632,6.49,7.75,5.56,0.467,0.556,-2,-0.29,5,5,3,1,48.86,42,3.9,12,1.71,233,258,99,12
"Penn St. (Big Ten)",2020,4,5.46,7.5,12.45,256,3.9,174.3,0.421,0.5,5.06,6.72,3.67,0.37,0.357,-7,-0.78,9,4,8,6,37.22,39,6.7,28,3.11,307,402,133,11
"Pittsburgh (ACC)",2020,6,5.13,6.72,11.66,259.7,3.39,119.9,0.364,0.5,4.88,7.18,2.65,0.353,0.55,4,0.36,12,14,4,6,70.64,88,10.1,26,2.36,425,389,173,9
"Purdue (Big Ten)",2020,2,5.7,7.1,10.53,309,3.26,81.5,0.375,0.545,5.38,7.94,3.43,0.437,0.462,1,0.17,4,3,3,5,58.33,42,5.5,12,2,261,150,80,6
"Rice (C-USA)",2020,2,4.75,7.92,12.85,210.8,2.8,120.8,0.382,0.545,5.69,7.78,4.12,0.409,0,1,0.2,2,6,6,3,23.8,17,4.4,17,3.4,133,216,76,6
"Rutgers (Big Ten)",2020,3,4.64,5.66,9.04,198.8,3.69,140.3,0.34,0.478,5.88,7.86,4.51,0.388,0.625,6,0.67,9,8,5,12,60.89,67,7.8,22,2.44,316,342,144,11
"San Diego St. (Mountain West)",2020,4,5.01,5.97,10.53,151.4,4.47,199.4,0.367,0.471,4.36,5.66,3.05,0.298,0.8,2,0.25,5,8,6,5,42.38,38,8.1,17,2.12,203,357,120,8
"San Jose St. (Mountain West)",2020,7,6.8,8.71,13.43,301.3,4.63,141.6,0.416,0.4,4.84,6.54,3.16,0.39,0.5,4,0.57,5,3,0,6,53.29,45,6.7,7,1,242,214,89,4
"SMU (AAC)",2020,7,6.57,8.46,12.93,318,4.68,176.5,0.469,0.389,5.64,7.56,4.21,0.434,0.591,5,0.5,6,7,6,10,59,68,7.6,21,2.1,376,377,147,7
"South Alabama (Sun Belt)",2020,4,5.12,7.75,12.42,247.2,2.92,111.4,0.395,0.471,6.44,8.65,4.66,0.413,0.385,-1,-0.09,6,7,9,7,34.91,42,4.2,40,3.64,351,419,167,16
"South Carolina (SEC)",2020,2,5.35,6.35,10.7,187.2,4.55,167.9,0.365,0.739,6.56,8.83,4.91,0.484,0.533,-4,-0.4,9,8,6,3,43.7,50,3.9,27,2.7,295,369,137,17
"South Fla. (AAC)",2020,1,5.06,6.23,10.42,216.6,3.97,148.8,0.306,0.292,6.06,7.64,4.95,0.5,0.733,-4,-0.44,6,10,11,3,48.44,48,4.7,30,3.33,313,337,124,7
"Southern California (Pac-12)",2020,5,5.57,7.23,10.76,319.3,3.17,97.3,0.438,0.667,5.49,6.94,4.24,0.392,0.417,5,0.83,7,9,4,7,71,40,6.7,15,2.5,265,184,89,10
"Southern Miss. (C-USA)",2020,3,5.79,7.77,12.46,213,4.31,159,0.422,0.353,5.76,7.51,4.49,0.479,0.667,-3,-0.3,9,6,7,7,36.7,44,5.1,24,2.4,274,369,135,6
"Stanford (Pac-12)",2020,4,6,7.75,11.86,286.7,4.05,133.5,0.482,0.857,6.58,8.33,5.46,0.513,1,2,0.33,3,2,2,5,51.67,34,4.8,10,1.67,222,198,85,6
"Syracuse (ACC)",2020,1,4.45,5.67,11.02,173.3,3.16,92,0.261,0.333,5.82,7.51,4.56,0.474,0.647,3,0.27,12,13,9,11,66.18,77,6.4,38,3.45,336,320,153,6
"TCU (Big 12)",2020,6,6,7.19,11.97,196.3,5.21,214.7,0.375,0.538,5.32,7.25,3.63,0.329,0.615,2,0.2,5,8,8,7,61.5,77,8,23,2.3,273,412,144,7
"Temple (AAC)",2020,1,4.65,6.07,9.97,208,3.46,140.3,0.379,0.571,6.41,9.24,4.82,0.44,0.909,-2,-0.29,11,3,3,9,45.86,38,5.9,12,1.71,240,284,116,8
"Tennessee (SEC)",2020,3,5.25,7.18,11.44,204.7,3.77,141.5,0.302,0.667,5.83,8.46,3.68,0.476,0.444,-5,-0.5,9,5,6,5,50.2,61,5.5,29,2.9,285,375,129,16
"Texas (Big 12)",2020,6,6.36,7.78,13.05,274,5,183.3,0.39,0.6,5.27,6.86,3.59,0.366,0.231,7,0.78,5,8,4,8,75.67,71,7.6,20,2.22,317,330,123,6
"Texas A&M (SEC)",2020,8,6.38,7.64,12.12,234.3,5.35,202.9,0.567,0.286,5.4,7.24,3.33,0.352,0.636,5,0.56,4,9,4,4,54.67,53,6.1,4,0.44,276,341,120,2
"Texas St. (Sun Belt)",2020,2,5.7,7.05,11.54,238.4,4.23,131.2,0.331,0.385,6.32,7.86,5.12,0.492,0.667,-3,-0.25,14,7,4,8,49.75,62,4.4,27,2.25,406,372,151,10
"Texas Tech (Big 12)",2020,4,5.84,6.7,10.3,266.7,4.83,162.8,0.369,0.583,5.73,7.3,4.41,0.414,0.571,-9,-0.9,11,5,8,5,57.7,67,5.7,16,1.6,398,337,149,14
"Toledo (MAC)",2020,4,6.42,8.93,13.67,325.8,4.15,168.2,0.482,0.462,5.35,7.13,3.69,0.274,0.538,-3,-0.5,7,4,5,5,75.17,58,6.2,15,2.5,219,243,85,6
"Troy (Sun Belt)",2020,5,5.51,7,10.68,290.2,3.44,102.6,0.457,0.588,5.53,7.33,4.09,0.381,0.464,-4,-0.36,13,8,5,6,46.27,55,6,22,2,456,328,164,10
"Tulane (AAC)",2020,6,5.7,6.77,12.85,176.7,5.05,217.1,0.34,0.545,5.63,8.47,3.41,0.4,0.485,5,0.42,10,9,4,10,52.42,75,8.4,35,2.92,313,516,150,12
"Tulsa (AAC)",2020,6,5.63,7.42,13.12,241,4.16,164.4,0.385,0.562,4.72,6.23,3.56,0.328,0.538,0,0,9,6,7,10,84.5,74,8,16,2,260,316,122,9
"UAB (C-USA)",2020,6,5.92,7.43,13.32,201.3,4.92,200,0.423,0.667,4.69,5.47,3.98,0.298,0.583,-2,-0.22,9,8,7,6,85.33,82,6.7,4,0.44,244,366,130,6
"UCF (AAC)",2020,6,6.61,8.61,14.35,357.4,4.75,210.7,0.487,0.545,6.19,8.55,4.34,0.432,0.55,12,1.2,4,9,6,13,74.8,92,7.1,22,2.2,415,444,160,12
"UCLA (Pac-12)",2020,3,6.14,7.86,12.08,224.4,5.06,230.6,0.443,0.412,5.44,7.3,3.6,0.458,0.333,-2,-0.29,6,9,7,2,53.43,48,6.9,12,1.71,200,319,97,7
"ULM (Sun Belt)",2020,0,4.84,5.97,10.24,229.4,3.09,76.3,0.256,0.515,6.85,9.92,5.41,0.57,0.684,-8,-0.8,12,4,7,7,43.7,48,5.3,27,2.7,384,247,133,17
"UNLV (Mountain West)",2020,0,4.72,5.69,9.7,185.8,3.88,144.7,0.37,0.667,7.16,8.36,6.35,0.468,0.667,-4,-0.67,4,2,5,3,56.5,40,5,29,4.83,196,224,92,10
"Utah (Pac-12)",2020,3,5.9,6.92,11.36,215.8,5.08,194,0.377,0.455,5.5,6.73,3.82,0.343,0.2,0,0,7,7,6,6,47.6,26,6.6,7,1.4,156,191,69,5
"Utah St. (Mountain West)",2020,1,4.57,4.79,9.16,135.8,4.38,140,0.38,0.5,6.56,8.15,5.35,0.463,0.786,-6,-1,5,2,5,2,47.33,32,6.3,14,2.33,170,192,92,5
"UTEP (C-USA)",2020,3,5.17,7,13.29,209.2,3.7,138.9,0.44,0.462,6.11,8.56,4.1,0.389,0.636,-7,-0.88,9,2,6,6,63.12,57,5.9,12,1.5,239,300,109,6
"UTSA (C-USA)",2020,7,5.68,6.28,10.48,199.2,5.23,214.7,0.438,0.529,5.59,7.42,4.09,0.392,0.5,8,0.73,7,11,3,7,67,77,7.5,22,2,349,452,169,9
"Vanderbilt (SEC)",2020,0,4.71,6.57,10.31,219.9,3.01,110.1,0.399,0.6,7.28,8.86,5.69,0.439,0.6,-8,-0.89,11,2,6,7,38.11,42,3.7,19,2.11,301,329,138,12
"Virginia (ACC)",2020,5,5.68,6.88,11.79,260.6,4.45,162.7,0.371,0.64,6.39,9.42,3.74,0.417,0.333,-1,-0.1,14,11,5,7,48.3,53,7.2,20,2,379,366,143,16
"Virginia Tech (ACC)",2020,5,6.67,8.69,13.97,200.6,5.58,240.1,0.381,0.538,6.19,7.52,4.92,0.405,0.731,3,0.27,6,12,8,5,47,58,6.9,22,2,254,473,134,7
"Wake Forest (ACC)",2020,4,5.77,8.24,14.08,265.8,3.93,169.5,0.402,0.529,6.1,7.65,4.76,0.43,0.556,13,1.62,1,12,2,4,46.88,43,7.1,26,3.25,258,345,122,9
"Washington (Pac-12)",2020,3,6.03,8.16,13.32,226.5,4.52,176.2,0.481,0.833,5.35,6.32,4.54,0.423,0.5,5,1.25,3,3,0,5,40.5,21,4.2,1,0.25,111,156,54,5
"Washington St. (Pac-12)",2020,1,5.86,6.7,10.84,254.8,4.7,129.2,0.392,0.429,6.69,8.08,4.99,0.481,0.857,-2,-0.5,4,2,4,4,46.75,21,5.8,9,2.25,152,110,51,3
"West Virginia (Big 12)",2020,5,5.51,6.95,10.85,277.2,3.95,145.4,0.407,0.524,4.77,6.21,3.63,0.394,0.625,3,0.33,3,10,6,2,76.44,75,6.8,18,2,359,331,145,11
"Western Ky. (C-USA)",2020,5,4.58,5.33,9.38,162.9,3.88,128,0.317,0.586,4.99,6.15,4.19,0.395,0.562,-3,-0.27,2,5,10,4,36.36,45,5.8,25,2.27,336,363,145,17
"Western Mich. (MAC)",2020,4,7.34,10.95,17.19,286.5,4.93,193.2,0.433,0.625,5.6,7.31,4.12,0.396,0.714,-3,-0.5,2,2,4,1,66,47,8.5,7,1.17,157,235,67,5
"Wisconsin (Big Ten)",2020,3,5,6.17,10.12,187.2,4.14,171.7,0.393,0.364,4.76,6.14,3.39,0.254,0.143,-3,-0.5,6,4,5,4,42.83,30,5.2,12,2,182,249,89,4
"Wyoming (Mountain West)",2020,2,5.47,6.87,14.84,153.3,4.79,219.5,0.303,0.5,4.93,6.83,3.4,0.362,0,1,0.17,5,4,4,6,43.17,30,7.7,16,2.67,134,275,89,6
"Air Force (Mountain West)",2021,10,5.81,10.99,22.58,95.5,5.11,327.7,0.449,0.78,5.23,7.43,3.35,0.401,0.4,6,0.46,4,8,5,7,39.23,56,5.5,11,0.85,113,834,196,32
"Akron (MAC)",2021,2,5.22,7.41,11.55,217.5,3.43,123.2,0.38,0.452,7.19,8.77,6.2,0.542,0.7,-5,-0.42,5,6,12,6,46.08,68,3.4,63,5.25,352,431,163,14
"Alabama (SEC)",2021,13,6.54,8.88,13.35,338.2,4.11,150,0.52,0.5,4.77,6.94,2.66,0.311,0.548,9,0.6,7,15,6,7,66,107,8.1,42,2.8,571,548,225,9
"App State (Sun Belt)",2021,10,6.3,8.44,13.67,249.1,4.75,192.2,0.36,0.649,5.27,7.03,3.66,0.342,0.375,-4,-0.29,12,15,14,7,53.14,85,8.1,17,1.21,413,567,189,24
"Arizona (Pac-12)",2021,1,4.91,6.12,10.13,226.3,3.65,129.6,0.321,0.643,5.89,8.06,4.59,0.374,0.5,-17,-1.42,18,4,5,2,70.42,105,5.8,35,2.92,444,426,190,18
"Arizona St. (Pac-12)",2021,8,6.22,8.08,12.28,194.6,5.04,191.4,0.447,0.643,4.97,6.63,3.62,0.372,0.5,0,0,10,16,11,5,78.46,114,5.7,28,2.15,313,494,150,9
"Arkansas (SEC)",2021,9,6.37,8.86,13.57,213.9,5.04,227.8,0.368,0.632,5.41,7.18,4.02,0.335,0.6,6,0.46,5,13,6,4,63,104,6.1,30,2.31,314,588,174,12
"Arkansas St. (Sun Belt)",2021,2,5.44,7.18,12.15,313.9,2.83,82.4,0.328,0.294,7.22,8.35,6.42,0.414,0.846,-4,-0.33,17,11,5,7,46,67,5.8,48,4,525,349,177,5
"Army West Point (FBS Independent)",2021,9,5.62,11.21,20.55,94.8,4.81,280.6,0.466,0.732,5.78,8.07,3.82,0.404,0.355,8,0.62,3,10,5,6,36.85,50,5,7,0.54,110,758,176,30
"Auburn (SEC)",2021,6,5.81,6.86,11.69,240,4.73,161.5,0.402,0.565,5.29,7.1,3.55,0.358,0.37,1,0.08,4,9,7,3,46.38,74,7,22,1.69,455,444,184,13
"Ball St. (MAC)",2021,6,4.98,6.13,10.11,207.6,3.83,130.7,0.399,0.524,5.89,7.96,4.34,0.401,0.524,7,0.54,7,15,5,4,40.85,64,4.2,26,2,440,444,188,11
"Baylor (Big 12)",2021,12,6.32,7.8,12.02,203.4,5.37,219.3,0.421,0.629,5.15,7.19,3.34,0.343,0.607,13,0.93,7,19,7,8,48.36,75,7,18,1.29,365,572,183,22
"Boise St. (Mountain West)",2021,7,5.26,7.65,12.31,260.6,3.13,120.4,0.442,0.375,5.46,7.69,3.95,0.379,0.4,7,0.58,10,13,5,9,49.58,60,5.3,27,2.25,409,461,181,6
"Boston College (ACC)",2021,6,5.37,7.3,13.12,184.8,4.14,165.2,0.394,0.522,5.44,6.74,4.54,0.345,0.458,-1,-0.08,11,10,7,7,49.67,65,4.7,26,2.17,304,479,160,12
"Bowling Green (MAC)",2021,4,4.89,6.33,10.83,214.8,3.31,102,0.341,0.333,5.29,7.28,4.16,0.413,0.4,2,0.17,9,12,8,7,71.08,96,6.2,39,3.25,407,370,179,6
"Buffalo (MAC)",2021,4,5.42,6.98,11.75,213.5,4.36,195.2,0.46,0.583,6.34,8.88,4.77,0.388,0.7,-7,-0.58,11,3,7,8,52,65,6.5,16,1.33,367,538,187,14
"BYU (FBS Independent)",2021,10,6.78,8.83,13.57,264.1,5.12,188.5,0.459,0.615,5.74,7.34,4.32,0.43,0.654,11,0.85,5,15,7,8,41.46,66,4.6,15,1.15,389,479,157,16
"California (Pac-12)",2021,5,5.91,6.97,11.32,221.8,4.9,164.2,0.407,0.31,5.31,6.7,3.94,0.464,0.5,10,0.83,8,13,2,7,57.83,74,5.4,25,2.08,382,402,167,9
"Central Mich. (MAC)",2021,9,5.95,7.7,12.64,265.4,4.45,178,0.372,0.586,5.58,8.04,3.33,0.298,0.438,1,0.08,10,5,4,10,55.85,82,8.2,27,2.08,448,520,191,17
"Charlotte (C-USA)",2021,5,5.87,7.73,12.32,253.7,4.17,149.6,0.4,0.629,7.14,9.66,5.36,0.444,0.625,-5,-0.42,10,8,10,7,53.42,78,4.3,25,2.08,394,430,165,22
"Cincinnati (AAC)",2021,13,6.73,8.44,13.14,241.2,5.25,173.3,0.395,0.6,4.47,5.74,3.58,0.338,0.514,12,0.86,9,19,9,11,54.21,102,7.2,26,1.86,400,462,157,12
"Clemson (ACC)",2021,10,5.17,6,10.9,191.2,4.46,167.9,0.371,0.529,4.44,6.11,2.85,0.34,0.417,2,0.15,11,12,8,9,50.54,79,7.1,21,1.62,414,489,186,9
"Coastal Carolina (Sun Belt)",2021,11,7.74,10.74,15.23,265.9,5.84,228.8,0.538,0.769,5.28,6.89,4.06,0.36,0.448,2,0.15,4,6,6,6,51.23,70,6.6,22,1.69,322,509,143,10
"Colorado (Pac-12)",2021,4,4.37,5.86,10.23,131.2,3.46,126.2,0.323,0.316,6.06,7.22,4.97,0.431,0.421,6,0.5,3,9,4,4,56.42,76,4.8,32,2.67,269,438,158,6
"Colorado St. (Mountain West)",2021,3,5.48,7.63,12.74,251.7,3.82,164.1,0.406,0.4,5.46,7.56,4.04,0.365,0.647,-5,-0.42,11,6,7,7,68.5,85,6.9,28,2.33,396,515,202,10
"Duke (ACC)",2021,3,5.37,6.96,10.77,237.9,4.11,179.7,0.424,0.379,7.12,9.24,5.29,0.48,0.692,-7,-0.58,9,8,12,6,61.67,78,4.8,27,2.25,410,524,203,11
"East Carolina (AAC)",2021,7,5.78,7.66,12.45,270.8,4.11,162.6,0.346,0.703,6,7.4,4.71,0.322,0.647,-1,-0.08,11,15,11,6,48.75,64,5.9,36,3,424,475,191,26
"Eastern Mich. (MAC)",2021,7,5.44,7.51,11.06,262.8,3.37,117.9,0.417,0.483,6.28,7.87,5.06,0.436,0.476,4,0.31,9,8,3,8,34.46,50,3.5,42,3.23,455,455,175,14
"FIU (C-USA)",2021,1,5.87,8.38,15.72,264.6,3.3,102.1,0.327,0.4,6.68,8.39,5.42,0.461,0.75,-14,-1.17,12,3,10,5,52.17,71,4.8,41,3.42,379,371,162,6
"Fla. Atlantic (C-USA)",2021,5,5.75,7.73,12.97,248.7,4.04,151.3,0.429,0.417,5.83,7.2,4.46,0.318,0.556,4,0.33,8,13,8,7,59.75,85,5.3,35,2.92,386,449,177,10
"Florida (SEC)",2021,6,6.6,7.94,12.47,254.2,5.48,208.7,0.414,0.538,5.48,6.71,4.46,0.358,0.409,-8,-0.62,18,9,3,4,71,105,5.8,14,1.08,416,495,174,14
"Florida St. (ACC)",2021,5,5.79,7.11,11.57,201.6,4.78,177.8,0.346,0.292,5.18,7.05,3.63,0.404,0.478,1,0.08,12,14,8,7,62.5,83,7.2,36,3,340,446,153,7
"Fresno St. (Mountain West)",2021,10,6.34,8.26,12.42,326.7,4.09,138.2,0.426,0.533,5.26,7.13,3.59,0.344,0.35,2,0.15,10,11,12,13,72.38,100,7,25,1.92,514,439,183,8
"Ga. Southern (Sun Belt)",2021,3,5.04,6.42,12.52,147.1,4.33,193.5,0.353,0.429,6.44,8.62,4.35,0.379,0.421,-7,-0.58,12,5,4,4,45.33,68,6.1,28,2.33,275,536,173,12
"Georgia (SEC)",2021,14,6.98,9.28,14.31,251.9,5.26,190.9,0.448,0.571,4.16,5.62,2.56,0.356,0.406,3,0.2,12,16,6,5,42.53,77,6.5,16,1.07,407,545,172,8
"Georgia St. (Sun Belt)",2021,8,5.63,6.76,11.67,161.6,5.03,226.4,0.419,0.556,5.45,7.77,3.51,0.444,0.517,6,0.46,8,11,7,10,50.08,69,7.1,23,1.77,311,585,172,10
"Georgia Tech (ACC)",2021,3,5.61,6.96,11.61,198.3,4.57,169,0.354,0.435,6.61,9.78,4.45,0.452,0.6,-2,-0.17,10,3,5,10,51.17,73,5.2,33,2.75,342,444,164,10
"Hawaii (Mountain West)",2021,6,5.9,7.38,13.11,262.2,4.31,142.8,0.356,0.25,5.75,7.45,4.05,0.462,0.381,-3,-0.23,16,14,14,13,45.08,68,6.1,38,2.92,462,431,177,5
"Houston (AAC)",2021,12,5.92,8.28,12.38,271.6,3.83,141.8,0.421,0.667,4.92,6.58,3.39,0.257,0.433,9,0.64,12,14,2,9,61.43,91,6.7,39,2.79,459,518,197,16
"Illinois (Big Ten)",2021,5,5.01,5.82,11.36,156.2,4.45,173.6,0.38,0.357,5.22,7.11,3.78,0.353,0.722,7,0.58,6,9,5,9,52.75,61,5.3,23,1.92,322,468,179,5
"Indiana (Big Ten)",2021,2,4.25,5.4,10.58,175.5,3.21,114.5,0.369,0.5,5.64,7.35,4.13,0.365,0.667,-13,-1.08,15,5,7,4,41.25,56,4.8,29,2.42,390,428,187,11
"Iowa (Big Ten)",2021,10,4.67,6.24,11.36,180.1,3.41,123.6,0.34,0.312,4.72,6.42,3.15,0.369,0.444,11,0.79,11,25,8,5,36.07,57,4.8,32,2.29,404,507,200,5
"Iowa St. (Big 12)",2021,7,6.43,7.69,10.96,263.8,5.06,160.1,0.364,0.652,5.06,7.01,3.55,0.388,0.421,2,0.15,9,11,5,5,38.62,63,6.4,21,1.62,446,411,165,15
"Kansas (Big 12)",2021,2,5.16,6.95,11.37,184.8,3.84,139.3,0.358,0.367,7.21,9.05,6.05,0.542,0.611,2,0.17,10,7,3,8,33.67,49,3.4,16,1.33,319,435,165,11
"Kansas St. (Big 12)",2021,8,6.3,8.36,12.74,199.9,4.83,162.4,0.438,0.75,5.37,7.42,3.67,0.399,0.606,4,0.31,7,11,7,7,45.77,71,6.8,24,1.85,311,437,146,15
"Kent St. (MAC)",2021,7,6.58,8.5,13.18,246.6,5.38,248.6,0.436,0.481,6.19,7.65,4.97,0.468,0.6,13,0.93,6,16,6,9,71.29,110,4.6,40,2.86,406,647,202,13
"Kentucky (SEC)",2021,10,6.41,8.02,12.12,225.7,5.23,199.5,0.503,0.375,5.5,7.05,3.94,0.386,0.278,-11,-0.85,13,9,10,3,42.15,63,6.1,25,1.92,366,496,151,6
"Liberty (FBS Independent)",2021,8,6.38,8.71,14.69,255.4,4.63,180.8,0.429,0.433,4.76,6.62,3.5,0.339,0.5,-9,-0.69,15,9,5,2,66.54,92,7.2,52,4,381,508,161,13
"Louisiana (Sun Belt)",2021,13,5.76,7.27,12.1,217.7,4.64,187.1,0.355,0.537,4.94,6.2,3.89,0.36,0.512,15,1.07,4,10,4,13,50.43,77,5.6,26,1.86,419,565,203,22
"Louisiana Tech (C-USA)",2021,3,5.57,7.65,12.71,262.6,3.51,121.8,0.386,0.471,6.1,7.8,4.52,0.382,0.4,-1,-0.08,16,9,6,12,52.08,81,4.8,28,2.33,412,416,171,8
"Louisville (ACC)",2021,6,6.68,8.44,13.9,236.4,5.4,209.8,0.4,0.519,5.81,7.39,4.35,0.376,0.522,2,0.15,6,10,7,5,55.31,81,6.2,20,1.54,364,505,175,14
"LSU (SEC)",2021,6,5.39,7.47,12.63,254.5,3.33,114,0.37,0.625,5.51,7.29,3.9,0.398,0.667,-3,-0.23,11,8,5,5,34.08,56,7.5,38,2.92,443,445,192,20
"Marshall (C-USA)",2021,7,6.32,7.79,11.81,294.4,4.7,162.4,0.426,0.6,5.1,6.37,4.19,0.372,0.471,-7,-0.54,15,10,10,8,57.69,87,6.6,19,1.46,491,449,169,9
"Maryland (Big Ten)",2021,7,6.18,8.1,11.68,304.6,4.04,136.4,0.382,0.5,5.78,7.91,4.02,0.404,0.44,-6,-0.46,12,6,6,6,57.08,88,4.7,26,2,489,439,170,11
"Massachusetts (FBS Independent)",2021,1,4.82,5.52,11.24,152.7,4.27,147.7,0.333,0.44,7.33,9.76,5.8,0.518,0.55,-10,-0.83,11,2,9,8,61.17,75,3.7,26,2.17,332,415,159,11
"Memphis (AAC)",2021,6,6.06,8.06,13.38,298.8,3.93,136.2,0.406,0.579,5.42,6.89,4.11,0.48,0.654,-1,-0.08,11,9,6,7,39.58,58,5.5,29,2.42,445,416,175,22
"Miami (FL) (ACC)",2021,7,6.13,8.31,13.06,321.2,3.69,127.7,0.42,0.714,5.4,6.9,3.89,0.397,0.455,-7,-0.58,10,8,8,3,63.58,87,7.8,30,2.5,464,415,174,15
"Miami (OH) (MAC)",2021,7,6.26,8.48,14.66,278.6,4.15,144.5,0.392,0.429,5.54,7.55,3.93,0.374,0.524,5,0.38,8,9,4,8,60.77,87,6.4,21,1.62,427,452,176,9
"Michigan (Big Ten)",2021,12,6.4,8.11,12.91,228.7,5.23,214.4,0.458,0.519,4.93,6.29,3.65,0.346,0.5,2,0.14,9,8,5,8,41.5,68,5.1,14,1,395,574,190,14
"Michigan St. (Big Ten)",2021,11,6.35,8.24,13.57,253.7,4.77,175.6,0.4,0.7,5.6,7.29,3.41,0.402,0.649,3,0.23,10,10,7,10,63.92,90,6.5,21,1.62,400,479,180,14
"Middle Tenn. (C-USA)",2021,7,5.12,6.7,10.47,238.5,3.53,123.8,0.315,0.455,5.16,6.26,3.95,0.365,0.519,11,0.85,13,17,8,15,56.92,86,6.6,27,2.08,463,456,184,15
"Minnesota (Big Ten)",2021,9,5.46,8.19,13.86,162,4.28,198.1,0.447,0.571,4.86,6.38,3.37,0.348,0.368,4,0.31,9,8,4,9,45.31,58,4.2,22,1.69,257,601,170,8
"Mississippi St. (SEC)",2021,7,5.89,6.99,9.49,378.3,3.04,63.2,0.457,0.625,5.55,7.51,3.62,0.413,0.4,-2,-0.15,9,11,9,5,58.46,99,5.5,34,2.62,704,270,173,10
"Missouri (SEC)",2021,6,5.85,6.66,10.07,233.2,5.05,179.8,0.448,0.579,6.37,8.17,5.31,0.434,0.818,3,0.23,11,11,2,5,59.62,83,6.4,18,1.38,455,463,192,11
"Navy (AAC)",2021,4,4.28,7.02,14.19,56.8,3.9,225.5,0.374,0.694,5.98,8.56,3.98,0.394,0.611,5,0.42,3,7,5,6,36.17,53,4.8,30,2.5,97,694,187,25
"NC State (ACC)",2021,9,6.1,7.81,12.02,288.4,4.06,126,0.398,0.417,4.95,6.03,3.81,0.293,0.45,6,0.5,6,15,5,2,64.5,89,6.5,25,2.08,443,372,171,5
"Nebraska (Big Ten)",2021,3,6.46,9.35,14.87,266.4,4.44,181.2,0.41,0.583,5.3,6.51,4.16,0.389,0.3,-5,-0.42,11,10,7,3,45,64,5.5,29,2.42,342,490,161,14
"Nevada (Mountain West)",2021,8,6.07,7.89,11.42,347,2.98,77.2,0.42,0.571,5.55,6.58,4.69,0.387,0.517,17,1.31,9,14,1,13,55.08,85,6.1,45,3.46,572,337,188,12
"New Mexico (Mountain West)",2021,3,3.89,5.27,9.57,114.1,3.12,120.8,0.254,0.333,5.35,7.52,3.7,0.386,0.733,-7,-0.58,8,9,12,4,57.08,83,5.3,33,2.75,260,464,169,7
"New Mexico St. (FBS Independent)",2021,2,4.99,6.24,10.93,269.7,3.23,99.8,0.377,0.45,7.36,9.46,5.54,0.409,0.533,3,0.25,10,10,6,9,60.17,83,5.7,40,3.33,519,371,191,9
"NIU (MAC)",2021,9,5.98,7.39,12.8,187.4,5.21,241.4,0.379,0.833,6.85,8.17,5.81,0.413,0.414,-6,-0.43,8,3,9,8,45.29,70,4.4,11,0.79,355,649,195,25
"North Carolina (ACC)",2021,6,6.8,8.7,14.03,255.7,5.39,212.6,0.433,0.524,6.11,8.04,4.64,0.417,0.588,2,0.15,9,11,5,5,69.23,95,5.5,49,3.77,382,513,164,11
"North Texas (C-USA)",2021,6,5.42,6.5,12.56,197.1,4.75,233.5,0.412,0.41,5.69,7.84,4.02,0.388,0.619,0,0,14,6,4,12,68.38,93,6.1,15,1.15,394,639,211,16
"Northwestern (Big Ten)",2021,3,4.72,5.83,10.23,177.3,3.83,144.2,0.358,0.5,6.14,7.24,5.33,0.428,0.583,-6,-0.5,14,6,8,10,42.33,57,3.9,28,2.33,365,452,179,16
"Notre Dame (FBS Independent)",2021,11,6.14,8.14,12.71,282.5,4.13,143.8,0.423,0.529,5.26,6.76,3.85,0.321,0.562,9,0.69,10,15,6,10,49.38,73,6.4,35,2.69,451,452,182,9
"Ohio (MAC)",2021,3,5.97,7.06,11.04,184.1,5.18,187.3,0.361,0.647,5.98,7.37,4.85,0.437,0.577,-7,-0.58,8,6,7,2,58.58,74,3.8,22,1.83,313,434,144,11
"Ohio St. (Big Ten)",2021,11,7.96,10.02,14.19,380.9,5.55,180.6,0.523,0.579,5.33,6.94,3.68,0.414,0.476,9,0.69,8,12,3,8,59.23,85,6.4,17,1.31,494,423,155,11
"Oklahoma (Big 12)",2021,11,6.89,8.5,12.28,263.5,5.44,187.5,0.426,0.688,5.73,7.65,3.79,0.379,0.632,11,0.85,9,11,4,13,56.38,87,7.5,33,2.54,403,448,148,11
"Oklahoma St. (Big 12)",2021,12,5.48,7.26,11.85,231.9,4.19,185.5,0.429,0.538,4.59,6.47,2.71,0.288,0.296,-2,-0.14,13,9,8,10,55.07,84,8.1,16,1.14,447,620,219,7
"Old Dominion (C-USA)",2021,6,5.31,6.65,11.4,214.8,4.17,158.3,0.419,0.429,5.31,7.24,3.55,0.414,0.414,-8,-0.62,14,7,9,8,59,88,5.2,32,2.46,420,494,191,9
"Ole Miss (SEC)",2021,10,6.29,8.33,12.49,274.8,4.81,217.6,0.382,0.633,5.51,6.76,4.51,0.385,0.486,8,0.62,7,11,5,9,75.62,118,5.8,34,2.62,429,588,191,31
"Oregon (Pac-12)",2021,10,6.27,7.56,11.96,221.3,5.29,202.4,0.511,0.45,5.46,6.94,4.02,0.46,0.667,8,0.57,8,17,6,5,64.64,103,4.5,24,1.71,410,536,180,9
"Oregon St. (Pac-12)",2021,7,6.43,8.13,12.94,216.9,5.3,212.4,0.488,0.478,5.7,7.35,4.14,0.503,0.381,1,0.08,12,15,6,4,63.08,89,4.9,14,1.08,347,521,162,11
"Penn St. (Big Ten)",2021,7,5.3,7.18,12,268.5,3.21,107.8,0.386,0.462,4.75,5.9,3.78,0.358,0.625,6,0.46,10,14,5,7,46.08,70,6.3,34,2.62,486,437,197,12
"Pittsburgh (ACC)",2021,11,6.37,8.68,12.87,337.4,3.98,149.2,0.441,0.68,5.07,7.31,2.65,0.335,0.269,8,0.57,8,16,7,7,63.93,94,8,34,2.43,544,525,204,17
"Purdue (Big Ten)",2021,9,5.91,8.03,11.35,355.3,2.79,84.2,0.436,0.5,5.56,7.25,4.25,0.369,0.364,-3,-0.23,12,13,8,4,42.85,58,5.9,29,2.23,575,392,188,8
"Rice (C-USA)",2021,4,5.31,7.38,12.39,211.7,3.81,150.3,0.354,0.533,6.68,8.69,4.8,0.39,0.667,-3,-0.25,15,14,7,5,63.58,89,4.8,28,2.33,344,474,175,16
"Rutgers (Big Ten)",2021,5,4.52,5.68,9.69,172.2,3.61,138.7,0.321,0.359,5.96,8.3,4.23,0.339,0.421,4,0.31,10,7,4,11,41,65,5.7,22,1.69,394,500,193,14
"San Diego St. (Mountain West)",2021,12,5.14,6.51,11.25,167.9,4.27,174.3,0.321,0.591,4.73,6.25,2.72,0.318,0.5,10,0.71,5,17,8,6,68.64,103,6.1,24,1.71,361,572,193,13
"San Jose St. (Mountain West)",2021,5,5.41,6.56,12.73,219.7,4.11,120.4,0.335,0.333,5.12,6.94,3.49,0.4,0.611,-10,-0.83,10,6,13,7,65.17,87,5.7,21,1.75,402,352,164,4
"SMU (AAC)",2021,8,6.28,7.81,11.67,304.5,4.59,161.4,0.435,0.667,5.92,8.26,3.76,0.38,0.433,-3,-0.25,12,10,6,5,52.25,67,5.4,16,1.33,468,422,168,16
"South Alabama (Sun Belt)",2021,5,5.21,7.55,11.25,256,3.05,111.4,0.307,0.609,5.41,7.23,3.98,0.34,0.583,5,0.42,11,15,9,10,44.25,58,5.2,29,2.42,407,439,176,28
"South Carolina (SEC)",2021,7,5.29,7.26,12.39,201.2,3.77,135.6,0.351,0.483,5.63,6.99,4.69,0.402,0.5,0,0,11,15,13,9,45.92,76,4.7,31,2.38,360,468,171,14
"South Fla. (AAC)",2021,2,5.01,6.52,12.09,192.4,3.91,158.5,0.343,0.516,6.97,8.32,5.8,0.396,0.636,-4,-0.33,12,10,9,7,46.08,61,3.9,24,2,354,487,169,16
"Southern California (Pac-12)",2021,4,5.91,7.16,11.26,298.3,4.36,145.6,0.453,0.625,6.4,8.77,4.6,0.428,0.684,-1,-0.08,13,14,7,5,75,96,4.3,18,1.5,500,401,179,10
"Southern Miss. (C-USA)",2021,3,4.25,6.08,10.91,145.5,3.12,120.8,0.293,0.412,5.8,7.77,4.37,0.377,0.429,-7,-0.58,17,11,14,13,62.5,98,5.4,44,3.67,287,465,164,7
"Stanford (Pac-12)",2021,3,5.2,6.94,10.8,215.2,3.21,86.9,0.331,0.6,6.49,7.59,5.72,0.434,0.583,-10,-0.83,12,6,7,3,45.33,78,4.2,31,2.58,372,325,145,9
"Syracuse (ACC)",2021,5,5.73,6.4,11.77,153,5.22,213.5,0.327,0.5,5.11,7.25,3.45,0.372,0.526,-7,-0.58,6,4,7,2,57.67,84,6.8,34,2.83,287,491,156,9
"TCU (Big 12)",2021,5,6.68,9.27,14.38,239.6,4.98,196.2,0.461,0.389,7.21,9.34,5.79,0.469,0.556,-4,-0.33,6,10,10,2,61.42,85,3.9,28,2.33,310,473,165,7
"Temple (AAC)",2021,3,4.77,5.87,9.99,178.1,3.65,109.3,0.28,0.44,5.56,7,4.77,0.421,0.774,-2,-0.17,9,6,8,9,44.83,70,6.6,29,2.42,364,359,157,11
"Tennessee (SEC)",2021,7,6.49,8.91,13.75,257.1,4.91,217.8,0.447,0.469,5.43,7.26,3.71,0.421,0.514,3,0.23,3,13,10,3,60.62,89,7.8,44,3.38,375,577,179,15
"Texas (Big 12)",2021,5,6.34,7.82,12.47,225.4,5.23,199,0.438,0.45,6.03,7.13,5.15,0.419,0.579,-4,-0.33,10,7,8,7,48.25,69,6,26,2.17,346,457,160,9
"Texas A&M (SEC)",2021,8,5.96,6.76,12.03,208.6,5.25,183,0.378,0.6,4.66,5.77,3.65,0.328,0.353,1,0.08,13,10,2,6,55.08,77,5.9,19,1.58,370,418,156,6
"Texas St. (Sun Belt)",2021,4,4.96,6.02,10.41,193.5,4.04,149.2,0.341,0.696,5.8,7.59,4.4,0.464,0.682,-8,-0.67,12,3,7,8,58.75,70,4.3,28,2.33,386,443,170,16
"Texas Tech (Big 12)",2021,7,6.57,8.62,13.59,257.2,4.74,159.1,0.427,0.483,5.86,7.7,4,0.447,0.733,-4,-0.31,11,10,8,5,44.62,68,4.9,25,1.92,388,436,157,14
"Toledo (MAC)",2021,7,6.58,7.97,13.75,239.1,5.43,196.2,0.356,0.417,4.87,6.32,3.75,0.379,0.458,7,0.54,3,8,4,6,90.15,130,6.9,36,2.77,390,470,174,10
"Troy (Sun Belt)",2021,5,5.17,6.84,10.81,238.7,3.27,99.8,0.399,0.6,5.08,7.62,3.49,0.333,0.719,3,0.25,10,16,11,8,45.33,62,7.5,32,2.67,419,366,168,15
"Tulane (AAC)",2021,2,5.64,7.08,12.49,221.8,4.42,164.8,0.361,0.5,5.81,8.06,3.93,0.4,0.793,-9,-0.75,13,10,11,5,50.92,72,6.8,32,2.67,376,447,169,19
"Tulsa (AAC)",2021,7,5.98,7.89,13.3,249.5,4.55,192,0.384,0.474,5.45,7.29,3.88,0.385,0.478,-6,-0.46,16,11,8,7,71.54,97,5.6,25,1.92,411,549,190,9
"UAB (C-USA)",2021,9,6.29,9.38,14.74,206.3,4.57,180.2,0.408,0.667,5.02,7.01,3.23,0.346,0.519,2,0.15,10,10,7,9,85.92,115,5.8,35,2.69,286,513,169,10
"UCF (AAC)",2021,9,6.04,6.87,10.63,206.2,5.36,196.3,0.379,0.846,5.08,5.86,4.32,0.378,0.483,6,0.46,9,11,5,9,53.54,80,6.8,25,1.92,390,476,174,11
"UCLA (Pac-12)",2021,8,6.2,8.1,13.11,226.2,4.97,215.1,0.46,0.645,5.48,7.02,3.76,0.436,0.4,7,0.58,8,12,6,9,64.5,85,5.4,23,1.92,335,519,163,20
"UConn (FBS Independent)",2021,1,4.06,4.85,9.52,164.2,3.2,100.8,0.236,0.379,5.94,7.68,4.57,0.415,0.72,-8,-0.67,17,10,5,4,49.17,81,5.2,40,3.33,406,378,178,11
"ULM (Sun Belt)",2021,4,4.45,6.25,11.06,191.8,3.12,129.9,0.333,0.469,6.12,8.07,4.2,0.41,0.353,2,0.17,9,11,7,7,32,44,4.4,39,3.25,368,500,201,15
"UNLV (Mountain West)",2021,2,5.16,7.34,12.59,202.5,3.33,109.8,0.348,0.235,6.13,8.3,4.51,0.411,0.524,-5,-0.42,14,9,7,7,37.92,54,3.9,40,3.33,331,395,164,4
"Utah (Pac-12)",2021,10,6.38,7.48,11.81,214.3,5.57,216.8,0.482,0.458,5.24,6.85,3.65,0.374,0.515,1,0.07,8,10,7,6,45.14,67,6.9,13,0.93,401,545,170,11
"Utah St. (Mountain West)",2021,11,5.84,8.43,14.02,303.4,3.53,142.1,0.448,0.533,5.81,7.52,4.38,0.346,0.238,2,0.14,15,12,8,13,55.57,87,7.9,32,2.29,504,564,223,16
"UTEP (C-USA)",2021,7,6.02,8.95,16.39,252.1,3.78,139.9,0.317,0.792,5.23,6.75,3.9,0.326,0.5,-11,-0.85,14,8,10,5,74.77,110,5.9,19,1.46,366,481,180,19
"UTSA (C-USA)",2021,12,6.13,8,12.38,255.5,4.62,183.5,0.437,0.565,5.65,8.3,3.28,0.374,0.524,12,0.86,6,12,7,13,50.57,71,5.9,21,1.5,447,556,197,13
"Vanderbilt (SEC)",2021,2,4.51,5.57,10.05,189.3,3.5,123.2,0.319,0.633,6.76,8.09,5.53,0.357,0.619,-3,-0.25,14,13,5,3,42.33,66,4.2,28,2.33,408,423,188,19
"Virginia (ACC)",2021,6,6.94,8.52,13.46,392.6,4.36,123.2,0.459,0.421,6.63,7.66,5.79,0.41,0.6,-3,-0.25,12,8,6,7,56.75,77,4.3,40,3.33,553,339,159,8
"Virginia Tech (ACC)",2021,6,5.55,7.26,13.25,176.4,4.53,184.6,0.401,0.5,5.86,7.43,4.58,0.353,0.64,1,0.08,5,10,8,4,46.23,70,5.1,30,2.31,316,530,182,9
"Wake Forest (ACC)",2021,11,6.04,8.29,14.25,307.4,3.98,160.5,0.491,0.619,5.86,7.17,4.86,0.387,0.375,9,0.64,15,15,5,14,52.64,81,7,35,2.5,519,565,230,13
"Washington (Pac-12)",2021,4,4.98,6.6,11.11,225,3.19,98.4,0.444,0.435,5.02,5.43,4.75,0.357,0.588,-8,-0.67,16,10,7,5,39.92,52,5.2,23,1.92,409,370,169,10
"Washington St. (Pac-12)",2021,7,5.75,7.4,11.9,257.3,3.9,121.3,0.394,0.375,5.52,6.49,4.59,0.379,0.435,11,0.85,13,15,5,14,46.38,69,5.2,31,2.38,452,404,170,9
"West Virginia (Big 12)",2021,6,5.37,7.21,11.11,247.9,3.55,123.4,0.398,0.679,5.55,7.47,3.98,0.347,0.4,-5,-0.38,12,9,7,5,43.15,67,6.5,38,2.92,447,452,186,19
"Western Ky. (C-USA)",2021,9,7.17,8.7,12.65,433.7,4.1,101.6,0.466,0.5,5.63,7.23,4.16,0.436,0.439,11,0.79,12,21,8,10,54.14,95,5.9,17,1.21,698,347,174,11
"Western Mich. (MAC)",2021,8,6.32,8.93,14.15,253.6,4.69,212.8,0.456,0.462,5.78,7.55,4.43,0.268,0.682,0,0,6,4,8,10,58.92,89,6.5,29,2.23,369,590,182,12
"Wisconsin (Big Ten)",2021,9,5.56,6.94,11.76,160.2,4.84,210.9,0.337,0.524,4.17,6.51,2.12,0.287,0.407,1,0.08,13,16,10,8,43.62,70,6.9,17,1.31,300,567,169,11
"Wyoming (Mountain West)",2021,7,5.79,7.12,13.06,162.7,5.07,211.7,0.434,0.35,5.4,6.53,4.57,0.418,0.32,-3,-0.23,12,10,6,5,44.92,66,4.4,22,1.69,297,543,173,7
"Tennessee (SEC)",2022,11,7.23,10.05,14.62,326.1,4.96,199.5,0.416,0.667,5.32,7.08,3.28,0.342,0.424,11,0.85,3,11,8,11,69.62,105,7.2,27,2.08,422,523,166,22
"Washington (Pac-12)",2022,11,6.88,8.36,12.89,369.8,4.74,146,0.568,0.571,5.59,7.82,3.52,0.445,0.486,1,0.08,9,7,2,5,60.46,89,5.4,7,0.54,575,400,183,16
"Southern California (Pac-12)",2022,11,7.18,9.12,13.61,335.4,5.07,171.1,0.536,0.682,6.53,8.04,4.98,0.429,0.655,22,1.57,5,19,2,10,58,88,5.6,30,2.14,515,473,168,15
"UCLA (Pac-12)",2022,9,7.01,8.25,11.86,266.4,6,237.2,0.509,0.577,5.64,7.3,3.8,0.394,0.7,-3,-0.23,12,11,9,7,52.46,84,4.6,19,1.46,420,514,163,15
"Georgia (SEC)",2022,15,7.17,9.02,13.21,295.8,5.53,205.3,0.511,0.867,4.88,6.45,2.88,0.266,0.364,1,0.07,7,12,11,7,44.87,66,6.1,9,0.6,492,557,182,13
"Oregon (Pac-12)",2022,10,6.92,8.57,12.02,284.8,5.52,215.8,0.463,0.606,5.8,7.14,4.18,0.468,0.481,9,0.69,9,16,3,5,57.23,88,4.1,5,0.38,432,508,162,20
"Western Ky. (C-USA)",2022,9,6.71,7.91,12.3,352.2,4.91,145.1,0.415,0.405,5.24,6.64,3.92,0.357,0.452,10,0.71,12,19,10,13,57.5,87,5,14,1,623,414,188,15
"Ole Miss (SEC)",2022,8,6.45,8.05,13.04,239.8,5.43,256.6,0.471,0.472,5.32,6.63,4.23,0.386,0.472,-1,-0.08,12,8,9,12,63.54,89,6.2,16,1.23,387,614,187,17
"Ohio St. (Big Ten)",2022,11,7.28,9.46,14.15,298.3,5.37,192.4,0.452,0.706,5.18,7.24,3.52,0.299,0.36,8,0.62,6,11,4,7,48,73,6.6,12,0.92,410,466,166,12
"Florida St. (ACC)",2022,10,6.96,8.89,14.1,270.2,5.47,214.1,0.512,0.333,4.85,6.16,3.96,0.35,0.542,2,0.15,7,8,7,8,59.08,87,6.5,20,1.54,395,509,168,8
"Alabama (SEC)",2022,11,6.92,8.36,13.07,281.5,5.55,195.5,0.457,0.562,4.59,5.63,3.64,0.305,0.385,-2,-0.15,8,7,8,7,68.69,103,6.9,22,1.69,438,458,162,9
"UTSA (C-USA)",2022,11,6.37,8.37,12.35,300.7,4.52,175.3,0.481,0.481,5.55,7.22,3.99,0.38,0.432,2,0.14,9,15,11,7,61.5,98,6.6,26,1.86,503,543,187,13
"Oklahoma (Big 12)",2022,6,6.24,8.13,13.19,254.6,4.91,219.4,0.405,0.379,5.75,7.13,4.48,0.409,0.5,6,0.46,8,17,7,4,50.15,74,8,31,2.38,407,581,195,11
"SMU (AAC)",2022,7,6.12,8.03,12.36,316.7,4.13,156.2,0.478,0.595,6,7.41,4.95,0.381,0.649,-2,-0.15,11,10,9,8,42.31,56,5,21,1.62,513,492,203,22
"Arkansas (SEC)",2022,7,6.37,8.55,13.21,234.7,5.09,236.7,0.459,0.45,6.46,8.53,4.55,0.45,0.545,0,0,7,9,11,9,55.54,83,6.1,31,2.38,357,605,194,9
"UCF (AAC)",2022,9,6.17,7.49,11.6,241.2,5.2,228.4,0.464,0.633,5.65,6.85,4.52,0.381,0.433,-5,-0.36,9,6,14,12,46.36,68,5.4,36,2.57,451,615,209,19
"Utah (Pac-12)",2022,10,6.5,7.82,12.11,249.2,5.44,217.6,0.506,0.621,5.8,7.55,3.96,0.315,0.367,6,0.43,10,12,8,12,40.21,63,6.4,15,1.07,446,560,180,18
"Ga. Southern (Sun Belt)",2022,6,6.17,7,11.47,329.2,4.81,136.8,0.472,0.565,6.5,7.71,5.54,0.43,0.522,-5,-0.38,16,11,5,5,45.77,66,4.1,7,0.54,611,370,195,13
"North Carolina (ACC)",2022,9,6.27,8.23,12.59,309.3,4.23,153.5,0.463,0.676,6.14,7.88,4.51,0.418,0.5,0,0,7,9,7,5,55.29,86,3.6,40,2.86,526,508,201,25
"Arizona (Pac-12)",2022,5,6.83,8.32,13.5,318.4,4.89,143.5,0.422,0.435,6.6,7.74,5.59,0.478,0.571,-6,-0.5,13,3,8,12,50,65,4.5,23,1.92,459,352,147,10
"North Texas (C-USA)",2022,7,6.68,8.49,15.22,261.9,5.22,199.9,0.429,0.565,6.08,7.53,4.84,0.458,0.533,-6,-0.43,16,8,6,8,42.21,74,4.5,11,0.79,432,536,189,13
"Texas Tech (Big 12)",2022,8,5.48,6.9,11.28,302,3.95,159.4,0.37,0.635,5.88,7.85,4.25,0.386,0.333,-6,-0.46,18,10,7,9,44.31,74,7,41,3.15,569,525,211,33
"East Carolina (AAC)",2022,8,6.62,7.8,11.69,290.5,5.26,170.6,0.464,0.448,6.1,8.7,3.44,0.423,0.435,13,1,5,11,2,9,37.54,56,5.9,17,1.31,484,422,181,13
"Michigan (Big Ten)",2022,13,6.62,8.32,12.93,219.9,5.58,238.9,0.452,0.81,4.65,5.94,3.26,0.338,0.321,8,0.57,6,14,4,4,32,58,5.2,17,1.21,370,600,186,17
"Houston (AAC)",2022,8,6.57,8.16,12.11,314,4.59,141.8,0.457,0.643,5.91,7.56,4.14,0.43,0.559,-5,-0.38,10,8,9,6,70.38,103,7.2,23,1.77,500,402,175,18
"App State (Sun Belt)",2022,6,6.56,8.39,13.32,250.9,5.18,204.4,0.381,0.486,5.31,7.24,3.64,0.423,0.5,9,0.75,6,7,5,13,51.58,67,5.4,18,1.5,359,474,155,18
"TCU (Big 12)",2022,13,6.69,8.65,13.45,261.7,5.12,193.3,0.398,0.519,5.71,7.28,4.27,0.365,0.476,6,0.4,8,16,8,6,49.6,72,5.7,29,1.93,454,566,201,14
"LSU (SEC)",2022,10,6.36,7.85,11.71,269.3,4.98,183.9,0.486,0.5,5.34,6.83,4.1,0.39,0.4,1,0.07,7,9,12,11,54.29,86,5.2,45,3.21,480,517,179,11
"James Madison (Sun Belt)",2022,8,6.17,8.91,14.54,265.7,4.29,186.7,0.397,0.45,4.74,7.26,2.47,0.284,0.471,4,0.36,10,11,10,13,39.91,56,8.6,22,2,328,479,151,9
"Wake Forest (ACC)",2022,8,5.88,8.57,13.43,311.9,3.36,130.5,0.459,0.5,5.68,7.51,3.83,0.413,0.464,-3,-0.23,13,7,6,9,40.23,62,6.7,38,2.92,473,505,185,15
"Tulane (AAC)",2022,12,6.6,8.74,13.74,236.6,5.15,204.8,0.384,0.593,5,6.29,3.9,0.374,0.568,5,0.36,5,12,11,9,34.29,56,4.9,29,2.07,379,557,172,16
"Kansas (Big 12)",2022,6,6.98,8.91,13.67,254.4,5.37,184.2,0.506,0.474,6.15,7.9,4.82,0.474,0.679,3,0.23,8,12,11,10,46.54,69,4.7,12,0.92,371,446,158,9
"UAB (C-USA)",2022,7,6.71,8.21,13.58,202.6,5.8,235.6,0.452,0.481,5.34,6.24,4.56,0.402,0.543,0,0,7,10,11,8,60.54,91,4.8,21,1.62,321,528,166,13
"Penn St. (Big Ten)",2022,11,6.19,7.78,12.16,252.5,4.81,181.1,0.378,0.7,4.61,5.8,3.31,0.332,0.517,11,0.85,7,14,8,12,48.31,69,8,21,1.62,422,489,180,21
"Texas (Big 12)",2022,8,6.38,7.75,12.65,241.4,5.2,188.2,0.388,0.522,4.94,6.3,3.48,0.411,0.541,2,0.15,7,10,5,4,47.31,79,6.7,19,1.46,405,470,165,12
"BYU (FBS Independent)",2022,8,6.68,8.28,12.63,249.7,5.24,176.6,0.449,0.308,5.87,7.47,4.55,0.461,0.556,2,0.15,7,8,3,4,54,76,3.8,13,1,392,438,156,8
"Florida (SEC)",2022,6,6.58,7.95,14.62,223.8,5.51,200.2,0.405,0.441,5.92,7.74,4.49,0.497,0.435,10,0.77,9,9,5,15,50.08,89,5.4,16,1.23,366,472,168,15
"South Alabama (Sun Belt)",2022,10,5.78,7.75,11.92,266.9,4.04,156.8,0.431,0.567,5.13,6.57,3.28,0.312,0.6,4,0.31,12,13,4,7,70.77,101,6.3,26,2,448,505,195,17
"Memphis (AAC)",2022,7,5.78,7.99,12.51,279.2,3.75,142.2,0.459,0.542,5.26,6.99,3.53,0.414,0.44,6,0.46,8,16,8,6,36.85,53,4.8,37,2.85,454,493,194,13
"Ohio (MAC)",2022,10,6.16,8.39,12.89,278.1,4.06,143.1,0.417,0.353,6.16,7.84,4.29,0.392,0.382,12,0.86,5,12,8,13,44.14,69,6.6,25,1.79,464,493,187,6
"Kansas St. (Big 12)",2022,10,6.12,7.58,12.18,210.5,5.12,208.3,0.39,0.567,5.54,6.78,4.35,0.34,0.394,12,0.86,6,16,6,8,42.93,74,5,21,1.5,389,569,195,17
"Kent St. (MAC)",2022,5,5.78,7.4,13.31,215.2,4.69,202.1,0.411,0.5,5.79,8.15,3.87,0.394,0.581,0,0,8,7,5,6,54.75,81,5.8,21,1.75,349,517,175,12
"Georgia St. (Sun Belt)",2022,4,5.72,8.2,14.04,203.6,4.44,213.5,0.407,0.556,5.73,7.63,4.3,0.417,0.44,5,0.42,7,13,13,12,64.92,85,6.2,34,2.83,298,577,182,15
"Duke (ACC)",2022,9,6.11,7.52,11.8,231.5,4.95,184.2,0.424,0.56,5.53,7.19,3.71,0.43,0.423,16,1.23,6,10,4,16,50.54,68,5.4,17,1.31,400,484,172,14
"Baylor (Big 12)",2022,6,5.8,7.68,12.18,231.5,4.43,182.4,0.402,0.638,5.37,7.2,3.89,0.458,0.409,2,0.15,11,13,6,6,41.08,62,4.8,22,1.69,392,535,179,30
"Tulsa (AAC)",2022,5,5.86,7.92,13.6,273.2,3.88,138.7,0.394,0.647,5.88,7.33,4.91,0.367,0.583,-2,-0.17,10,6,8,10,57.08,74,5.1,45,3.75,414,429,170,11
"Fla. Atlantic (C-USA)",2022,5,5.68,7.19,12.56,227.2,4.51,184.3,0.432,0.55,6.03,7.28,4.88,0.363,0.407,8,0.67,5,12,8,9,58,74,4.8,14,1.17,379,491,190,11
"Clemson (ACC)",2022,11,5.6,6.78,10.92,232.4,4.56,177.9,0.476,0.5,5.03,6.65,3.25,0.352,0.375,-1,-0.07,10,13,12,8,48.21,76,7.9,28,2,480,546,212,6
"Louisville (ACC)",2022,8,5.96,7.26,12.26,205.5,5.03,200.6,0.379,0.4,5.06,7.07,3.56,0.331,0.19,6,0.46,12,15,12,15,66,90,7.5,27,2.08,368,518,177,12
"Pittsburgh (ACC)",2022,9,5.78,7.41,12.99,222.8,4.57,183,0.397,0.429,5.15,6.71,3.32,0.322,0.455,2,0.15,11,14,9,8,63.69,96,6.9,19,1.46,391,521,179,9
"Coastal Carolina (Sun Belt)",2022,9,6.03,8.86,13.5,246.2,4.04,159.3,0.428,0.571,6.45,9.18,3.95,0.421,0.478,1,0.08,6,9,14,12,56.92,81,7.2,30,2.31,361,513,173,12
"Oklahoma St. (Big 12)",2022,7,5.27,6.94,12.45,279.5,3.43,125.5,0.353,0.312,5.71,6.73,4.68,0.271,0.531,-4,-0.31,18,13,5,6,33.54,46,7.4,27,2.08,524,476,204,5
"Fresno St. (Mountain West)",2022,10,6.01,8.01,11.27,270.6,3.97,132.2,0.458,0.438,5.14,6.11,4.27,0.361,0.472,4,0.29,9,12,5,6,40.07,63,5.8,39,2.79,473,466,177,7
"Toledo (MAC)",2022,9,5.52,7.18,12.78,224.6,4.27,177.1,0.402,0.593,4.8,5.97,3.83,0.335,0.417,-8,-0.57,15,12,11,6,55,94,6.8,28,2,438,581,209,16
"Maryland (Big Ten)",2022,8,5.7,7.59,11.51,260.2,3.92,141.3,0.415,0.607,5.01,6.22,3.79,0.389,0.462,1,0.08,8,9,7,7,71.08,101,4.9,43,3.31,446,469,200,17
"Purdue (Big Ten)",2022,8,5.34,6.69,10.58,278.8,3.64,121,0.383,0.545,5.77,7.59,4.19,0.349,0.5,-2,-0.14,17,15,6,6,53.64,75,4.4,28,2,583,466,209,18
"West Virginia (Big 12)",2022,5,5.5,6.42,10.75,227.5,4.62,171.5,0.412,0.688,6.03,8.17,4.14,0.407,0.571,-8,-0.67,12,4,6,6,53,77,5.7,20,1.67,425,445,177,22
"Marshall (Sun Belt)",2022,9,5.37,6.82,11.09,192,4.48,205.9,0.382,0.238,4.56,6.22,2.89,0.235,0.429,10,0.77,10,18,9,11,66.08,94,6.9,36,2.77,366,597,207,5
"Air Force (Mountain West)",2022,10,5.81,10.53,22.34,70.5,5.3,326.7,0.449,0.724,5.03,7.11,3.39,0.279,0.409,3,0.23,2,9,11,7,29.69,51,5.2,12,0.92,87,802,176,21
"Notre Dame (FBS Independent)",2022,9,5.92,7.96,12.76,207.1,4.62,189.1,0.472,0.438,5.15,6.52,3.92,0.363,0.455,-3,-0.23,11,10,7,5,42.31,60,6.5,21,1.62,338,532,176,7
"Oregon St. (Pac-12)",2022,10,6.09,8.06,12.91,199.5,4.87,196.5,0.435,0.696,5.19,6.36,3.75,0.388,0.308,-1,-0.08,13,12,5,5,54.69,78,5.5,14,1.08,322,524,154,16
"Mississippi St. (SEC)",2022,9,5.5,6.38,9.45,311.2,3.6,81.7,0.392,0.517,5.16,6.46,3.9,0.335,0.462,4,0.31,9,14,10,9,60.77,82,6.6,26,2,634,295,176,15
"Louisiana Tech (C-USA)",2022,3,5.65,7.39,12.63,267.2,3.75,124.8,0.367,0.419,6.52,7.01,6.12,0.43,0.667,-3,-0.25,19,11,6,11,64.25,82,4.6,32,2.67,434,399,177,13
"South Fla. (AAC)",2022,1,6.11,7.1,12.31,192.9,5.39,197.9,0.391,0.452,7.42,9.02,6.12,0.503,0.609,-4,-0.33,9,6,11,10,36.92,55,5.2,14,1.17,326,441,151,14
"Minnesota (Big Ten)",2022,9,5.87,8.43,13.77,182.2,4.64,207.3,0.521,0.545,4.97,6.11,3.77,0.279,0.556,6,0.46,9,15,4,4,31.77,46,3.6,15,1.15,281,581,167,6
"Liberty (FBS Independent)",2022,8,5.69,7.11,12.25,216.7,4.55,172.7,0.366,0.458,4.97,6.66,3.69,0.344,0.552,-3,-0.23,15,14,12,10,53.54,80,9.3,41,3.15,396,493,175,11
"Arizona St. (Pac-12)",2022,3,5.9,7.5,11.2,251.9,4.22,135.2,0.397,0.6,6.01,6.9,5.19,0.494,0.412,-6,-0.5,9,11,9,1,72.33,87,4.2,28,2.33,403,385,151,12
"Charlotte (C-USA)",2022,3,5.81,7.58,12.65,271,3.75,116.1,0.396,0.353,7.08,9.74,5.16,0.444,0.63,-8,-0.67,14,9,7,4,59.5,81,5.2,34,2.83,429,371,159,12
"Boise St. (Mountain West)",2022,10,5.79,6.93,11.65,190.6,4.99,196.1,0.398,0.588,4.75,6.49,3.49,0.315,0.478,3,0.21,9,15,8,5,47.43,78,5.8,14,1,385,550,191,10
"UTEP (C-USA)",2022,5,5.47,6.87,12.93,217.7,4.32,167.2,0.391,0.552,5.87,8.17,4.05,0.348,0.714,-5,-0.42,12,5,9,11,55.75,78,6.3,24,2,380,464,169,16
"Ball St. (MAC)",2022,5,5.13,5.7,9.55,228.5,4.48,155.7,0.368,0.273,5.05,6.23,4.12,0.396,0.516,-6,-0.5,14,7,7,8,55.92,72,5.4,14,1.17,481,417,185,6
"Illinois (Big Ten)",2022,8,5.25,6.97,10.01,211.8,4,167.3,0.38,0.48,4.39,5.44,3.28,0.301,0.45,15,1.15,5,24,12,8,61.38,85,6.2,28,2.15,395,544,187,12
"South Carolina (SEC)",2022,8,5.92,8.03,12.03,260,3.76,118.8,0.388,0.591,5.68,6.65,4.93,0.434,0.556,-4,-0.31,14,15,13,8,63.77,90,4.4,31,2.38,421,411,160,13
"Auburn (SEC)",2022,5,5.71,6.73,13.03,172.7,5.06,205.8,0.362,0.591,5.52,6.48,4.64,0.425,0.5,-10,-0.83,12,6,11,7,57.33,90,5.2,32,2.67,308,488,177,13
"Buffalo (MAC)",2022,7,4.89,6.61,11.21,235.3,3.42,141.8,0.392,0.595,6.05,7.19,4.99,0.353,0.423,10,0.77,8,13,10,15,51.15,72,6.3,32,2.46,463,539,212,22
"Syracuse (ACC)",2022,7,5.97,8.12,13.19,232.3,4.17,142.5,0.37,0.385,4.9,6.51,3.72,0.402,0.455,5,0.38,10,10,4,9,63,111,6.1,43,3.31,372,444,154,5
"Rice (C-USA)",2022,5,5.65,7.51,13,232.9,4.01,141.5,0.41,0.464,6.48,7.86,5.39,0.412,0.474,-13,-1,20,8,12,11,52.54,78,4.6,35,2.69,403,459,173,13
"Middle Tenn. (C-USA)",2022,8,5.03,6.72,10.09,264.8,3.11,108.5,0.342,0.583,5.53,7.46,3.36,0.383,0.459,12,0.92,11,20,7,10,58.31,85,6.8,37,2.85,512,453,202,21
"NIU (MAC)",2022,3,5.55,6.68,11.85,182.7,4.78,190.4,0.392,0.435,5.88,8.4,3.84,0.439,0.636,4,0.33,14,8,2,12,62.5,76,5.3,12,1,328,478,171,10
"Akron (MAC)",2022,2,5.11,6.77,10.52,283.1,2.88,89.6,0.345,0.478,6,8.24,4.26,0.352,0.68,-13,-1.08,12,9,14,4,60.08,80,4.8,55,4.58,502,373,171,11
"Cincinnati (AAC)",2022,9,5.76,7.6,12.72,242.6,3.96,129.7,0.363,0.619,4.62,6.06,3.6,0.385,0.458,6,0.46,8,11,7,10,64.38,98,7.2,38,2.92,415,426,182,13
"Missouri (SEC)",2022,6,5.43,7.03,11.11,213.7,4.14,156.2,0.394,0.5,5.28,7.12,3.65,0.344,0.571,-3,-0.23,9,11,12,7,63.69,101,7.2,27,2.08,395,491,193,10
"Iowa St. (Big 12)",2022,4,5.09,6.56,10.04,261.8,3.3,108,0.419,0.556,4.73,6.64,3.2,0.288,0.588,-7,-0.58,15,7,7,8,46.08,67,5.3,26,2.17,479,393,191,15
"San Jose St. (Mountain West)",2022,7,5.71,7.59,12.58,272.5,3.35,95.8,0.367,0.444,5.07,7.44,3.24,0.394,0.615,11,0.92,7,14,2,6,48.92,70,7.2,42,3.5,431,343,150,8
"Central Mich. (MAC)",2022,4,5.28,6.4,11.4,208.1,4.3,159.2,0.355,0.545,5.2,6.9,3.76,0.33,0.462,-18,-1.5,10,4,18,6,63.17,84,8.3,31,2.58,390,444,169,18
"Miami (FL) (ACC)",2022,5,5.33,6.94,11.25,239,3.71,128.1,0.404,0.409,5.94,8.37,4.03,0.42,0.6,-3,-0.25,12,14,13,8,60,85,7,36,3,413,414,166,9
"Army West Point (FBS Independent)",2022,6,5.84,8.85,21.9,76.7,5.36,289.4,0.434,0.533,5.76,6.98,5.05,0.387,0.476,4,0.33,4,10,9,7,38.92,58,4.3,12,1,104,648,159,16
"Eastern Mich. (MAC)",2022,9,5.3,7.43,11.93,223.9,3.64,140.8,0.449,0.458,5.62,7.18,4.3,0.426,0.6,1,0.08,12,13,7,7,73.46,103,4.5,32,2.46,392,503,178,11
"California (Pac-12)",2022,4,5.57,6.9,11.05,268,3.63,96.6,0.353,0.522,5.82,7.34,4.2,0.391,0.577,6,0.5,9,11,3,7,44.58,63,4.4,31,2.58,466,319,167,12
"Louisiana (Sun Belt)",2022,6,5.28,6.55,11.43,222.5,4.05,141.9,0.382,0.5,5.3,6.75,3.97,0.395,0.5,4,0.31,10,15,9,8,55.69,85,5.1,24,1.85,442,456,186,17
"Wisconsin (Big Ten)",2022,7,5.72,7.33,12.71,183.8,4.66,179.8,0.402,0.467,4.82,7.06,2.91,0.322,0.5,2,0.15,11,17,7,3,57.77,81,6.5,27,2.08,326,501,169,7
"Stanford (Pac-12)",2022,3,5.27,6.81,11.09,254.2,3.43,107.3,0.378,0.524,6.56,7.17,6.08,0.342,0.739,-10,-0.83,8,6,13,5,41.25,55,5.6,41,3.42,448,376,164,11
"Texas A&M (SEC)",2022,5,5.72,6.73,11.97,219.4,4.64,141.5,0.359,0.364,5.17,5.73,4.82,0.356,0.5,-1,-0.08,6,4,11,12,49.08,76,5.9,25,2.08,391,366,153,4
"Washington St. (Pac-12)",2022,7,5.41,6.6,10.22,253.8,3.78,106.8,0.364,0.448,5.84,7.57,4.02,0.38,0.387,3,0.23,9,12,9,9,45.31,70,6.2,46,3.54,500,367,176,13
"Troy (Sun Belt)",2022,12,5.62,8.48,13.55,242.9,3.3,117,0.333,0.63,4.69,5.98,3.41,0.395,0.517,6,0.43,15,13,6,14,49.93,76,5.6,46,3.29,401,496,174,17
"Utah St. (Mountain West)",2022,6,4.86,6.37,11.03,195.2,3.76,159.2,0.328,0.514,5.75,7.16,4.76,0.414,0.571,-9,-0.69,21,11,6,7,77.46,111,7.2,30,2.31,398,550,201,18
"Michigan St. (Big Ten)",2022,5,5.48,6.99,11.16,240,3.76,113,0.388,0.414,5.81,7.93,4.29,0.435,0.615,-4,-0.33,12,2,4,10,54.92,70,6.3,18,1.5,412,361,152,12
"UNLV (Mountain West)",2022,5,5.54,7.15,11.37,215,4.09,137.1,0.323,0.5,5.48,7.57,3.93,0.373,0.607,6,0.5,7,15,8,6,57.08,69,5.2,37,3.08,361,402,155,10
"Temple (AAC)",2022,3,5.24,6.65,11.17,268.1,3.11,82.4,0.329,0.424,5.64,7.31,4.57,0.362,0.5,-11,-0.92,12,6,11,6,37,55,7.3,10,0.83,484,318,173,14
"Southern Miss. (Sun Belt)",2022,7,5.5,7.78,14.13,207.5,3.86,141.8,0.341,0.632,5.4,7.42,3.7,0.364,0.231,-3,-0.23,14,17,11,5,58.38,86,8.3,34,2.62,347,478,179,12
"Vanderbilt (SEC)",2022,5,5.27,6.5,11.24,187.3,4.31,159.9,0.368,0.379,6.95,8.74,5.16,0.397,0.444,0,0,6,6,10,10,46.08,63,5.2,15,1.25,346,445,171,11
"Nebraska (Big Ten)",2022,4,5.43,7.77,12.93,220.8,3.52,123.3,0.4,0.429,5.48,6.63,4.55,0.424,0.667,-3,-0.25,13,9,6,7,42.5,65,5,32,2.71,341,420,165,3
"Virginia (ACC)",2022,3,5.14,6.48,11.95,221,3.74,123.1,0.321,0.389,4.97,6.55,3.76,0.37,0.571,-9,-0.9,12,5,10,8,62.2,70,5,34,3.4,341,329,137,7
"Hawaii (Mountain West)",2022,3,4.97,5.45,10.24,205.5,4.39,137.2,0.345,0.529,6.6,7.94,5.6,0.395,0.542,-8,-0.62,12,10,8,2,50.23,73,4.2,20,1.54,490,406,194,18
"NC State (ACC)",2022,8,4.84,6.24,10.93,226.1,3.35,113.8,0.362,0.4,4.99,6.38,3.36,0.328,0.348,6,0.46,8,19,8,3,57.46,95,7.1,26,2,471,442,196,8
"Old Dominion (Sun Belt)",2022,3,5.56,7.05,12.51,247.2,3.56,92.2,0.294,0.364,5.73,8.19,4.18,0.412,0.615,0,0,7,12,12,7,60.83,81,6.2,35,2.92,421,311,160,8
"Northwestern (Big Ten)",2022,1,4.54,6.05,10.3,210.3,3.2,125.1,0.373,0.475,5.56,7.05,4.62,0.418,0.706,-19,-1.58,17,6,14,6,40.83,55,4.6,21,1.75,417,469,193,19
"Bowling Green (MAC)",2022,6,5.1,6.97,11.47,234.7,3.14,100.2,0.34,0.44,5.82,7.51,4.36,0.47,0.481,0,0,11,10,12,13,70.46,102,6.8,37,2.85,438,415,188,11
"New Mexico St. (FBS Independent)",2022,7,5.67,7.21,13.83,169.2,4.63,161.5,0.39,0.688,5.01,6.46,3.92,0.373,0.522,-5,-0.38,13,7,6,7,56.62,85,5.8,16,1.23,305,453,164,11
"Indiana (Big Ten)",2022,4,4.48,5.4,10,217.4,3.36,110.8,0.335,0.375,5.89,8.04,4.14,0.424,0.444,-4,-0.33,13,7,5,7,45.25,60,5.2,38,3.17,483,396,191,9
"Navy (AAC)",2022,4,4.7,8.16,19.04,85.7,4.09,241.2,0.378,0.605,5.79,8.62,3.01,0.357,0.579,3,0.25,6,8,10,11,31.33,46,6.5,12,1,126,708,196,23
"ULM (Sun Belt)",2022,4,5.22,7.42,11.15,205.3,3.46,120.7,0.401,0.333,6.19,8.07,4.85,0.427,0.464,-7,-0.58,7,6,8,2,44.75,59,5.7,35,2.92,332,418,167,5
"Texas St. (Sun Belt)",2022,4,4.72,5.98,9.65,221.1,3.26,104.1,0.368,0.333,5.27,7.01,3.46,0.354,0.586,3,0.25,10,11,7,9,44.67,59,6.4,27,2.25,444,383,185,7
"San Diego St. (Mountain West)",2022,7,5.19,6.88,12.69,181.5,3.96,143.4,0.294,0.714,4.92,6.53,3.39,0.35,0.308,-5,-0.38,14,13,11,7,59.38,96,6.8,27,2.08,343,471,177,15
"Georgia Tech (ACC)",2022,5,4.83,6.05,10.53,192.2,3.74,132.7,0.306,0.333,5.56,6.96,4.53,0.386,0.636,11,0.92,9,11,4,13,51.92,69,6.2,39,3.25,381,426,180,8
"Kentucky (SEC)",2022,7,5.19,7.77,12.1,208.5,3.26,116.2,0.341,0.615,5.19,6.4,4.22,0.333,0.4,-2,-0.15,13,10,6,7,39.54,74,4.2,47,3.62,349,464,170,16
"FIU (C-USA)",2022,4,4.71,5.61,9.69,218.8,3.54,105,0.289,0.429,6.05,7.73,4.67,0.495,0.524,-6,-0.5,16,7,6,9,53.33,74,5.9,18,1.5,468,356,173,15
"Arkansas St. (Sun Belt)",2022,3,4.86,6.87,11.01,226.6,2.78,88.2,0.293,0.583,5.82,8.3,4.03,0.364,0.64,3,0.25,5,6,4,6,55.25,69,6.3,38,3.17,396,381,167,14
"Wyoming (Mountain West)",2022,7,5.21,5.65,11.02,132.2,4.92,181.4,0.349,0.286,5.35,6.52,4.27,0.382,0.556,-2,-0.15,12,6,4,8,37.54,56,5.6,19,1.46,304,479,175,2
"Virginia Tech (ACC)",2022,3,4.7,6.46,11.01,203.3,3.12,110.2,0.314,0.429,5.4,6.92,3.9,0.341,0.625,-6,-0.55,9,4,6,5,58.45,81,6.7,33,3,346,388,159,6
"Boston College (ACC)",2022,3,4.64,6.74,11.32,247.1,2.09,63.2,0.328,0.444,5.63,7.28,4.37,0.37,0.2,-11,-0.92,14,7,12,8,48.5,72,6.8,46,3.83,440,363,174,8
"Miami (OH) (MAC)",2022,6,4.85,6.39,11.7,165.5,3.77,140.1,0.314,0.5,5.41,6.93,3.91,0.401,0.526,10,0.77,5,11,7,11,48.23,71,4.5,38,2.92,337,483,185,11
"Nevada (Mountain West)",2022,2,4.43,5.6,10.26,185.6,3.35,119.1,0.356,0.5,5.84,7.81,4.31,0.423,0.647,2,0.17,8,11,9,8,55.08,72,6.3,34,2.83,398,427,194,13
"UConn (FBS Independent)",2022,6,4.92,5.29,9.29,112.2,4.73,191,0.369,0.389,5.51,6.92,4.39,0.428,0.28,0,0,10,13,12,9,60,92,4.9,18,1.38,276,525,179,7
"Western Mich. (MAC)",2022,5,4.53,5.93,11.9,165.7,3.52,136.2,0.314,0.481,5.43,7.25,3.94,0.316,0.368,4,0.33,13,11,8,14,62.92,80,6.7,42,3.5,335,465,185,13
"Colorado St. (Mountain West)",2022,3,4.85,7.33,11.63,196.8,2.77,89,0.225,0.394,5.14,6.47,4.15,0.378,0.684,-5,-0.42,11,8,9,7,60.42,83,5.5,59,4.92,322,385,151,13
"Rutgers (Big Ten)",2022,4,4.44,5.56,10.99,153.9,3.57,128.2,0.285,0.529,5.18,6.51,3.99,0.341,0.667,-6,-0.5,14,9,6,5,64.17,94,5.4,26,2.17,332,431,172,9
"Colorado (Pac-12)",2022,1,4.52,5.76,11.59,172.9,3.36,108.3,0.317,0.355,7.2,8.7,6.06,0.531,0.478,-11,-0.92,10,6,12,5,48.25,64,4.1,23,1.92,360,387,164,11
"Massachusetts (FBS Independent)",2022,1,4,5.06,10.32,116.9,3.43,148.8,0.284,0.433,6.07,7.94,5,0.309,0.529,-3,-0.25,14,9,6,8,66.67,91,6,25,2.08,277,520,194,13
"Iowa (Big Ten)",2022,8,4.24,5.84,10.61,156.7,2.92,94.9,0.278,0.333,3.99,5.27,2.83,0.306,0.625,6,0.46,7,15,10,8,32.69,53,6.7,38,2.92,349,423,176,5
"New Mexico (Mountain West)",2022,2,3.94,4.94,9.19,104.9,3.37,123.2,0.22,0.267,5.54,7.6,4.11,0.341,0.696,4,0.33,9,9,5,9,51.17,73,5.2,43,3.58,255,439,159,4
"LSU (SEC)",2023,10,8.4,10.72,15.41,338.9,6.18,204.5,0.55,0.4,6.14,7.91,4.53,0.448,0.433,6,0.46,5,10,3,4,51.69,79,5.6,22,1.69,411,430,129,6
"Oregon (Pac-12)",2023,12,7.82,9.45,12.23,346.9,5.91,184.5,0.51,0.76,4.99,6.14,3.58,0.358,0.474,11,0.79,5,12,2,6,60.57,93,5.1,5,0.36,514,437,155,19
"Oklahoma (Big 12)",2023,10,6.77,9.32,13.62,324.8,4.55,182.2,0.492,0.684,5.41,6.88,3.91,0.311,0.529,6,0.46,9,20,11,6,58.46,88,7.5,20,1.54,453,521,177,13
"Liberty (CUSA)",2023,13,7.18,9.51,16.19,205.9,6.13,293.3,0.5,0.524,5.73,7.07,4.04,0.38,0.459,7,0.5,6,21,12,4,62.5,88,5.6,9,0.64,303,670,156,11
"Georgia (SEC)",2023,13,7.26,9.35,13.03,305.3,5.34,191.2,0.552,0.75,4.77,5.77,3.77,0.257,0.567,3,0.21,7,14,7,3,43.29,62,5.1,13,0.93,457,501,165,9
"North Texas (AAC)",2023,5,6.53,7.91,12.87,304.7,5.11,191.2,0.422,0.6,6.56,8.09,5.63,0.462,0.593,-5,-0.42,9,10,10,4,46.58,57,4.2,38,3.17,462,449,173,21
"North Carolina (ACC)",2023,8,6.67,8.45,13.32,299.2,5.01,192.1,0.484,0.45,5.62,7.28,4.21,0.386,0.515,5,0.38,11,12,6,10,66.31,93,5.6,37,2.85,460,498,188,9
"UCF (Big 12)",2023,6,7.07,9.19,14.69,258.8,5.61,228.2,0.5,0.565,5.76,6.99,4.9,0.395,0.583,-2,-0.15,11,12,7,4,50.08,79,5.5,25,1.92,366,529,166,13
"Texas (Big 12)",2023,12,6.67,8.52,12.77,289.1,5.01,188.4,0.384,0.613,5.24,7.08,2.9,0.266,0.464,6,0.43,9,16,9,8,52.21,92,6.1,28,2,475,527,185,19
"Southern California (Pac-12)",2023,8,7.39,9.39,13.79,333,4.83,134.6,0.434,0.611,6.1,7.68,4.79,0.436,0.607,-1,-0.08,6,7,11,9,68.38,98,6.5,33,2.54,461,362,143,11
"TCU (Big 12)",2023,5,6.16,7.45,11.74,312.2,4.57,154.5,0.466,0.5,5.65,7.61,3.97,0.394,0.387,-7,-0.58,15,8,4,4,53.58,74,5.5,19,1.58,503,406,176,16
"Washington (Pac-12)",2023,14,7.04,8.98,13.71,343.7,4.32,118.4,0.442,0.636,5.77,6.65,4.69,0.386,0.405,0,0,12,16,8,4,68.6,112,4.3,12,0.8,574,411,172,14
"Ole Miss (SEC)",2023,11,6.46,9.42,14.5,285.6,4.28,176.3,0.371,0.694,5.46,7.21,4,0.39,0.414,11,0.85,6,13,1,5,59.08,94,6.3,27,2.08,394,535,175,25
"Memphis (AAC)",2023,10,6.55,8.28,12.41,306.5,4.61,152,0.453,0.643,6.26,8.05,4.52,0.333,0.29,5,0.38,10,11,5,9,41.23,53,5.7,19,1.46,481,429,172,18
"Texas St. (Sun Belt)",2023,8,6.21,8.21,12.27,270.9,4.59,186.7,0.44,0.656,5.71,7.68,4.02,0.468,0.469,-1,-0.08,9,11,14,11,69.23,95,8.3,30,2.31,429,529,184,21
"SMU (AAC)",2023,11,6.24,8.38,14.22,278.4,4.44,175.9,0.431,0.607,4.59,5.96,3.42,0.281,0.553,3,0.21,8,12,6,5,41.21,65,7.1,16,1.14,465,555,197,17
"South Fla. (AAC)",2023,7,5.71,7.8,12.17,268.8,4.1,182.8,0.377,0.435,6.07,8.06,4.06,0.328,0.515,3,0.23,11,14,10,10,65.54,97,7.5,43,3.31,448,580,207,20
"UAB (AAC)",2023,4,6.33,8.12,11.33,288.9,4.54,161.1,0.403,0.481,6.17,7.34,5.18,0.494,0.593,1,0.08,13,10,7,11,56.25,80,4.1,32,2.67,427,426,159,13
"Tennessee (SEC)",2023,9,6.48,7.71,12.07,243.2,5.45,204.8,0.42,0.389,4.97,6.95,3.19,0.365,0.269,6,0.46,5,12,7,6,67.92,101,7.8,24,1.85,410,489,174,7
"Arizona (Pac-12)",2023,10,6.76,8.64,12.07,308.3,4.56,139.7,0.488,0.667,5.44,7.2,3.64,0.415,0.3,5,0.38,11,9,3,10,53,82,5.7,26,2,464,398,162,10
"Kansas (Big 12)",2023,9,7.16,10.04,15.6,240.1,5.37,206,0.483,0.368,5.76,7.37,4.45,0.416,0.6,1,0.08,11,14,6,4,56.92,73,5.6,16,1.23,311,499,145,7
"App State (Sun Belt)",2023,9,6.2,8.11,12.77,273.6,4.51,172,0.42,0.621,5.74,6.64,4.98,0.402,0.4,3,0.21,10,15,12,10,41.57,63,6.1,21,1.5,472,534,188,18
"Kansas St. (Big 12)",2023,9,6.04,7.36,12.15,241.2,4.98,204.1,0.479,0.583,5.76,6.68,4.76,0.302,0.459,11,0.85,10,13,2,10,43.69,63,5.9,17,1.31,426,533,188,14
"South Alabama (Sun Belt)",2023,7,6.38,8.14,11.98,268.2,4.77,172,0.434,0.63,5.01,7.33,3.22,0.341,0.381,2,0.15,11,13,9,9,58.85,88,6.5,31,2.38,428,469,173,17
"Utah St. (Mountain West)",2023,6,6.12,7.58,12.29,254.2,4.83,184.4,0.364,0.562,5.79,6.72,5.06,0.424,0.471,-5,-0.38,19,10,6,10,70.85,97,6.2,44,3.38,436,496,184,18
"Boise St. (Mountain West)",2023,8,6.55,8.33,14.34,221.3,5.37,214.9,0.459,0.818,6.04,7.95,4.18,0.387,0.417,-3,-0.21,13,11,9,8,32,52,6.1,16,1.14,372,560,185,9
"West Virginia (Big 12)",2023,9,6.31,8.08,15.02,205.7,5.27,228.9,0.397,0.528,5.78,7.4,4.25,0.386,0.519,2,0.15,7,11,7,5,46.38,67,6.5,10,0.77,331,565,174,19
"Missouri (SEC)",2023,11,6.46,9.02,13.75,262.3,4.51,172,0.426,0.733,5.28,6.83,3.79,0.369,0.667,10,0.77,7,9,2,10,54.54,93,6.8,26,2,378,496,169,11
"Notre Dame (FBS Independent)",2023,10,6.95,9.13,14.12,246.5,5.28,185.7,0.448,0.588,4.44,5.5,3.54,0.346,0.417,7,0.54,9,16,8,8,47.92,69,5.8,16,1.23,351,457,145,10
"Oklahoma St. (Big 12)",2023,10,5.93,6.79,11.25,276.5,4.84,155.3,0.388,0.55,6.48,8.69,4.56,0.418,0.24,2,0.14,16,13,5,10,41.29,70,5.9,13,0.93,570,449,206,11
"Miami (FL) (ACC)",2023,7,6.4,7.69,11.85,258,5.12,173.2,0.411,0.524,5.17,7.09,3.33,0.358,0.429,-4,-0.31,14,12,8,6,57.77,79,6.8,16,1.23,436,440,163,11
"UCLA (Pac-12)",2023,8,5.93,7.27,12.52,229.2,4.88,197.9,0.451,0.469,4.63,6.38,2.65,0.354,0.421,2,0.15,14,15,8,9,58.08,92,8.1,42,3.23,410,527,195,15
"Cincinnati (Big 12)",2023,3,5.83,6.97,11.5,209,5.04,217.1,0.42,0.452,6.67,8.26,5.35,0.399,0.706,-4,-0.33,11,8,6,5,52.58,68,5.7,27,2.25,360,517,176,14
"Georgia Tech (ACC)",2023,7,6.34,7.58,12.43,220.8,5.38,203.8,0.431,0.522,6.29,7.62,5.38,0.435,0.538,4,0.31,17,14,4,11,44.77,67,4.6,15,1.15,379,492,167,12
"Washington St. (Pac-12)",2023,5,5.94,7.93,11.89,336.8,2.98,84.8,0.425,0.462,5.67,7.18,4.26,0.411,0.632,-6,-0.5,9,8,12,7,49.67,73,5.2,38,3.17,510,342,160,12
"UTSA (AAC)",2023,9,5.7,7.28,11.2,249.8,4.33,171.8,0.477,0.577,5.18,6.72,3.72,0.386,0.581,-5,-0.38,14,10,8,7,51.23,73,7.6,25,1.92,446,516,193,15
"Ga. Southern (Sun Belt)",2023,6,5.72,6.81,10.45,302.2,4.04,117.2,0.454,0.609,6.06,7.7,4.62,0.386,0.4,-10,-0.77,20,13,11,8,51.77,76,7,34,2.62,577,377,185,14
"Troy (Sun Belt)",2023,11,6.23,8.15,13.3,266,4.42,153.4,0.402,0.467,4.76,6.49,3.16,0.325,0.333,5,0.36,6,10,12,13,46.79,73,7.4,25,1.79,457,486,189,14
"Toledo (MAC)",2023,11,6.51,8.19,13.31,220.6,5.31,198.6,0.444,0.591,4.96,6.25,3.96,0.374,0.462,-3,-0.21,10,11,11,7,61.79,93,5.7,11,0.79,377,524,178,13
"Coastal Carolina (Sun Belt)",2023,8,6.18,8.3,12.46,261.6,4.32,154.6,0.442,0.375,5.78,7.04,4.72,0.417,0.48,6,0.46,9,14,8,9,57.62,73,4.5,17,1.31,410,465,172,9
"Louisville (ACC)",2023,10,6.18,8.12,12.45,236.6,4.69,178.5,0.374,0.542,5.32,7.31,3.33,0.298,0.44,1,0.07,12,13,7,7,48.64,78,6.1,32,2.29,408,533,174,13
"UNLV (Mountain West)",2023,9,6.13,8.29,13.34,239.2,4.51,173.5,0.493,0.45,6.25,8.9,4.27,0.365,0.522,8,0.57,12,17,7,10,61.79,96,5.3,20,1.43,404,538,205,9
"New Mexico St. (CUSA)",2023,10,6.74,8.16,13.64,213.7,5.68,198.7,0.433,0.579,6.11,7.82,4.43,0.372,0.548,-2,-0.13,10,7,5,6,61.2,97,5.3,24,1.6,393,525,171,11
"New Mexico (Mountain West)",2023,4,6.21,7.41,13.21,217.9,5.25,192.7,0.414,0.643,6.74,8.88,5.06,0.371,0.5,-7,-0.58,10,4,5,4,89.67,119,3.8,19,1.58,353,440,145,9
"Oregon St. (Pac-12)",2023,8,6.45,8.28,14.18,242.2,4.88,167.1,0.385,0.567,5.42,7.2,3.6,0.394,0.565,6,0.46,8,12,5,7,50.38,73,6.2,19,1.46,380,445,148,17
"Florida (SEC)",2023,5,6.05,7.98,11.03,259.2,4.27,149.8,0.369,0.409,6.44,8.34,4.84,0.356,0.308,-5,-0.42,5,3,7,4,49.58,79,4.8,39,3.25,390,421,149,9
"Ohio St. (Big Ten)",2023,11,6.38,8.74,13.72,269.1,4.19,138.8,0.436,0.556,4.17,5.05,3.44,0.286,0.5,-2,-0.15,7,7,6,4,44.54,74,5.5,23,1.77,400,431,165,10
"Texas A&M (SEC)",2023,7,6,8.26,12.85,270.8,3.88,136.2,0.434,0.579,5.23,7.39,3.36,0.322,0.412,-2,-0.15,10,9,5,4,45.46,77,7.6,30,2.31,426,456,175,11
"San Jose St. (Mountain West)",2023,7,6.52,7.61,12.4,219.5,5.58,184.1,0.454,0.368,5.43,6.63,4.55,0.448,0.667,11,0.85,4,12,6,9,49.08,74,5.1,20,1.54,375,429,152,7
"Clemson (ACC)",2023,9,5.25,6.26,9.83,228.4,4.32,174.3,0.404,0.519,4.7,5.62,3.76,0.321,0.455,6,0.46,9,16,13,12,42.62,64,7.3,28,2.15,474,524,198,14
"Western Ky. (CUSA)",2023,8,5.83,7.15,11.23,296.4,3.84,105.4,0.432,0.615,5.81,6.94,4.85,0.398,0.675,3,0.23,14,15,9,11,36.77,59,4.4,13,1,539,357,192,16
"Florida St. (ACC)",2023,13,6.27,8.13,13.53,251.4,4.54,150.2,0.363,0.476,5.02,6.05,4.19,0.288,0.433,8,0.57,4,10,5,7,56.57,85,7.1,25,1.79,433,463,182,10
"Penn St. (Big Ten)",2023,10,5.6,6.77,11.36,215,4.67,184.8,0.408,0.769,4.16,6.58,2.26,0.302,0.55,16,1.23,2,12,6,12,43.31,65,8.5,16,1.23,413,515,184,20
"Colorado St. (Mountain West)",2023,5,5.74,7.34,11.83,306.5,3.33,92.2,0.411,0.421,5.71,7.7,4.11,0.441,0.562,-5,-0.42,18,9,7,11,69.83,92,7.2,14,1.17,501,332,175,8
"Georgia St. (Sun Belt)",2023,7,5.81,7.27,10.71,205.2,4.77,188.1,0.455,0.474,6.29,8.31,4.29,0.445,0.423,2,0.15,7,11,8,6,57.54,83,5.9,20,1.54,367,513,189,9
"Alabama (SEC)",2023,12,6.21,9.5,14.84,220.4,4.31,172.6,0.451,0.714,5.01,6.48,3.72,0.33,0.407,8,0.57,6,12,5,7,46.79,78,5.9,49,3.5,325,561,182,5
"Louisiana (Sun Belt)",2023,6,6.1,7.68,11.84,216.7,4.87,175.7,0.407,0.55,5.21,7.22,3.86,0.445,0.742,1,0.08,9,13,12,9,48.62,79,5.5,25,1.92,367,469,167,11
"Virginia Tech (ACC)",2023,7,5.95,7.34,12.79,201.7,4.95,189.8,0.349,0.654,5.15,6.43,4.19,0.347,0.529,1,0.08,5,7,10,9,57.85,82,7.2,24,1.85,357,498,175,17
"Middle Tenn. (CUSA)",2023,4,5.71,7.29,10.82,266,3.91,125.1,0.398,0.455,5.49,6.98,4.02,0.448,0.562,-5,-0.42,13,8,8,8,56.25,81,5.8,32,2.67,438,384,181,10
"Illinois (Big Ten)",2023,5,5.79,7.65,12.16,264.6,3.83,126.4,0.36,0.56,5.28,6.86,3.9,0.44,0.533,-8,-0.67,13,7,10,8,62.42,79,4.8,40,3.33,415,396,161,14
"California (Pac-12)",2023,6,5.46,6.53,10.99,218.2,4.52,172.8,0.387,0.545,5.71,7.51,3.8,0.415,0.605,0,0,16,12,12,16,45.23,73,4.2,23,1.77,434,497,191,18
"Fresno St. (Mountain West)",2023,9,5.7,7.08,10.89,282.2,3.75,105.5,0.476,0.643,5.35,6.62,4.33,0.396,0.586,9,0.69,12,17,2,6,40.15,58,5.5,30,2.31,518,366,187,9
"Maryland (Big Ten)",2023,8,5.87,7.6,11.81,278.9,3.7,108.4,0.436,0.684,4.86,6.55,3.4,0.339,0.629,3,0.23,13,17,8,7,56.54,72,5.1,29,2.23,477,381,172,13
"Texas Tech (Big 12)",2023,7,5.33,6.2,10.25,224,4.46,162.7,0.395,0.649,5.49,6.72,4.34,0.414,0.44,-6,-0.46,18,13,5,4,49.92,71,5.4,24,1.85,470,474,195,24
"Tulsa (AAC)",2023,4,5.37,7.35,12.93,204.7,4.12,180.8,0.446,0.438,6.58,8.65,4.68,0.4,0.625,-3,-0.25,19,10,5,11,43.25,61,5.3,26,2.17,334,527,195,7
"Louisiana Tech (CUSA)",2023,3,5.74,7.4,11.64,260.9,3.9,123.8,0.305,0.5,6.1,7.02,5.52,0.409,0.636,-9,-0.75,11,5,7,4,62.33,82,5.5,25,2.08,423,381,154,15
"Michigan (Big Ten)",2023,15,6.21,8.88,12.33,213.7,4.5,169.1,0.428,0.773,4.28,5.67,3,0.291,0.324,19,1.27,5,18,3,9,27.47,45,5.5,20,1.33,361,563,173,17
"Boston College (ACC)",2023,7,5.46,6.57,11.63,182.5,4.72,198.8,0.414,0.763,6.29,7.67,5.29,0.416,0.722,-2,-0.15,14,8,5,9,55.15,85,3.3,19,1.46,361,547,191,29
"Wisconsin (Big Ten)",2023,7,5.37,6.1,10.19,220.2,4.61,161,0.442,0.25,5.12,6.51,3.84,0.396,0.318,0,0,5,13,12,4,48.08,73,6,23,1.77,469,454,199,5
"Purdue (Big Ten)",2023,4,5.34,6.46,10.83,211.2,4.39,169.1,0.358,0.393,5.72,7.83,3.91,0.412,0.455,0,0,10,10,8,8,56.33,72,5.9,24,2,392,462,176,11
"Baylor (Big 12)",2023,3,5.3,7.14,12,263,3.34,114.8,0.362,0.458,6.58,8.65,5.04,0.441,0.5,1,0.08,7,7,8,9,28.92,49,4.9,34,2.83,442,413,177,22
"Arkansas St. (Sun Belt)",2023,6,5.86,7.94,14.12,226,4.18,147.6,0.355,0.35,6.16,7.82,4.74,0.409,0.76,3,0.23,9,8,4,8,60.92,80,6.8,31,2.38,370,459,169,7
"Temple (AAC)",2023,3,5.33,6.54,11.73,276.7,3.47,95.7,0.382,0.511,6.3,8.9,4.64,0.47,0.611,-20,-1.67,16,3,9,2,36.67,54,5.6,17,1.42,508,331,173,23
"Tulane (AAC)",2023,11,5.79,8.18,13.14,215,4.12,155.1,0.378,0.594,5.2,6.77,3.55,0.366,0.459,7,0.5,7,17,13,10,42.86,67,6.1,28,2,368,527,185,19
"NIU (MAC)",2023,7,5.76,6.74,11.69,189.8,5,179.6,0.416,0.5,5.12,6.32,4.19,0.408,0.583,-3,-0.23,9,10,9,5,39.77,58,4.5,16,1.23,366,467,173,10
"Virginia (ACC)",2023,3,5.21,7.6,12.14,250.8,3.12,117.9,0.361,0.6,6.05,7.13,5.1,0.404,0.579,-6,-0.5,14,8,6,6,55.25,78,4.8,43,3.58,396,454,183,12
"Air Force (Mountain West)",2023,9,5.77,10.52,20.09,85,5.08,281.5,0.462,0.654,4.89,6.94,3.04,0.354,0.545,-3,-0.23,6,10,11,4,24.77,39,5.2,11,0.85,105,721,169,17
"Western Mich. (MAC)",2023,4,5.02,6.45,10.26,211.2,3.85,153.8,0.358,0.487,6.11,7.8,4.62,0.456,0.2,4,0.33,9,9,4,8,62.67,86,5.2,30,2.5,393,479,179,19
"Iowa St. (Big 12)",2023,7,6.22,8.36,13.22,245,4.08,119.9,0.391,0.625,5.22,6.64,3.83,0.361,0.583,8,0.62,8,16,3,3,43.77,63,4.9,14,1.08,381,382,174,10
"Colorado (Pac-12)",2023,4,5.24,7.46,10.95,294.7,2.31,68.9,0.391,0.667,6.27,7.97,4.69,0.467,0.625,9,0.75,4,10,7,10,71.17,107,5.4,56,4.67,474,358,174,10
"South Carolina (SEC)",2023,5,5.58,8.1,11.79,278,2.77,85.1,0.338,0.375,5.5,7.37,3.88,0.429,0.609,4,0.33,8,10,5,7,55.5,86,4.5,41,3.42,412,369,160,9
"Rice (AAC)",2023,6,5.77,7.61,12.25,252.5,3.71,110.5,0.385,0.667,5.5,7.28,4.11,0.371,0.407,-14,-1.08,16,5,10,7,48.31,74,5.5,29,2.23,431,387,156,16
"UTEP (CUSA)",2023,3,5.59,7.92,14.67,217.7,3.87,144.3,0.327,0.467,6.07,7.08,5.37,0.43,0.5,-6,-0.5,12,6,6,6,60.08,84,4.8,30,2.5,330,447,159,14
"Houston (Big 12)",2023,4,5.63,7.1,11.1,241.5,3.97,118.7,0.365,0.259,5.98,7.98,4.33,0.484,0.636,-1,-0.08,13,9,2,5,49.17,68,5.5,27,2.25,408,359,156,7
"Marshall (Sun Belt)",2023,6,5.31,6.9,10.97,226.2,3.81,132.3,0.313,0.24,5.5,6.79,4.33,0.324,0.429,-11,-0.85,18,13,11,5,58.23,84,6.7,36,2.77,426,452,179,6
"Massachusetts (FBS Independent)",2023,3,5.79,7.38,12.12,214.1,4.37,142.2,0.367,0.231,6.8,8.65,5.66,0.454,0.467,-1,-0.08,11,8,6,8,70.92,96,4.5,26,2.17,348,390,150,3
"Southern Miss. (Sun Belt)",2023,3,5,6.3,12.17,190.7,4.03,162.8,0.38,0.423,6.74,8.94,5.06,0.379,0.5,2,0.17,8,9,7,8,48.17,75,4.8,34,2.83,363,485,187,11
"Hawaii (Mountain West)",2023,5,5.32,6.69,10.66,276.4,3.04,76.1,0.372,0.5,6.17,8.42,4.62,0.452,0.45,-10,-0.77,15,7,8,6,56.38,80,5.2,39,3,537,325,183,16
"Stanford (Pac-12)",2023,3,5.03,6.58,12,233,3.45,118.6,0.361,0.333,6.57,8.45,4.68,0.513,0.619,-4,-0.33,10,8,5,3,59.08,77,4.4,41,3.42,425,413,183,9
"Auburn (SEC)",2023,6,5.5,6.65,11.16,162.2,4.79,189,0.329,0.5,5.65,7.32,4.35,0.317,0.556,-2,-0.15,13,12,7,6,43.85,71,5.9,34,2.62,317,513,164,13
"NC State (ACC)",2023,9,5.32,6.65,11.25,193.9,4.26,156.5,0.401,0.6,5.4,6.66,3.99,0.278,0.571,9,0.69,12,17,3,7,46.31,75,5.8,24,1.85,379,478,187,9
"Utah (Pac-12)",2023,8,5.09,6.57,11.41,165.8,4.22,182.5,0.413,0.414,5.21,6.93,3.12,0.295,0.417,2,0.15,11,8,2,7,41.62,65,5.8,25,1.92,328,562,196,12
"Old Dominion (Sun Belt)",2023,6,5.42,7.01,12.41,194.8,4.21,153.4,0.371,0.269,5.22,7.27,3.48,0.377,0.519,3,0.23,11,11,7,10,61.08,84,6.1,62,4.77,361,474,186,7
"Duke (ACC)",2023,8,5.62,6.59,11.76,180.8,4.85,167.2,0.368,0.6,5.15,6.57,3.9,0.383,0.393,0,0,8,10,7,5,44.85,73,6.2,17,1.31,357,448,163,12
"Ohio (MAC)",2023,10,5.21,6.91,11.08,203.6,3.87,144.4,0.457,0.5,4.82,6.37,3.24,0.304,0.484,10,0.77,9,15,4,8,51.77,73,7.4,15,1.15,383,485,184,8
"Central Mich. (MAC)",2023,5,5.29,6.82,12.11,184.7,4.2,159.4,0.343,0.696,6.34,8.24,4.67,0.368,0.5,-8,-0.67,11,5,5,3,58.08,80,4.8,26,2.17,325,455,166,16
"Syracuse (ACC)",2023,6,5.28,7.03,11.58,171,4.23,172.3,0.392,0.5,5.35,7.11,3.85,0.406,0.467,-2,-0.15,15,9,9,13,61.62,95,6.1,30,2.31,316,529,176,10
"Kentucky (SEC)",2023,7,6.18,7.34,13.04,211.6,4.9,127.8,0.38,0.2,5.22,7.27,3.27,0.432,0.611,-2,-0.15,12,11,8,7,50.85,79,6.5,22,1.69,375,339,137,2
"Indiana (Big Ten)",2023,3,4.99,6.96,11.87,212.8,3.33,120.1,0.375,0.37,5.82,7.82,4.19,0.361,0.526,-5,-0.42,10,10,8,3,50.58,65,6,25,2.08,367,433,168,10
"Fla. Atlantic (AAC)",2023,4,5.08,6.28,9.76,215.5,3.75,115.2,0.339,0.382,5.36,7.23,3.75,0.365,0.5,1,0.08,15,10,2,8,33.33,41,7.2,30,2.5,412,369,168,13
"Mississippi St. (SEC)",2023,5,5.26,6.27,10.86,181.8,4.39,146.8,0.308,0.417,5.33,7.22,3.9,0.341,0.571,-2,-0.17,10,7,4,5,56.83,75,5.6,26,2.17,348,401,159,10
"Wake Forest (ACC)",2023,4,4.98,7.38,12.21,197.3,3.34,130.4,0.342,0.421,5.84,7.88,4.21,0.402,0.632,-6,-0.5,11,8,11,8,38.83,49,5.8,49,4.08,321,468,161,8
"Wyoming (Mountain West)",2023,9,5.51,7.21,11.59,168.5,4.4,158.5,0.368,0.667,5.25,6.4,4.15,0.445,0.565,11,0.85,6,11,5,11,33.38,51,4.6,28,2.15,304,468,152,6
"UConn (FBS Independent)",2023,3,5.06,5.99,10.43,190.3,4.15,136.6,0.355,0.381,6.11,8.22,4.22,0.429,0.5,-4,-0.33,7,6,10,7,55,74,5.8,12,1,381,395,166,8
"Arkansas (SEC)",2023,4,4.93,6.97,10.87,187.5,3.53,139,0.383,0.625,5.68,7.65,4.24,0.373,0.5,-1,-0.08,8,12,10,5,55.42,76,6.2,47,3.92,323,472,175,10
"San Diego St. (Mountain West)",2023,4,5.06,6.46,10.2,171.8,4.08,154.2,0.353,0.565,6.15,7.38,4.95,0.414,0.529,1,0.08,10,12,7,6,44,59,4,24,2,319,454,173,13
"Bowling Green (MAC)",2023,7,5.38,6.84,11.44,188.4,4.17,137.5,0.333,0.6,5.24,6.88,4.05,0.383,0.484,9,0.69,14,17,5,11,60.92,90,5.2,28,2.15,358,429,156,15
"Miami (OH) (MAC)",2023,11,5.69,7.9,14.04,165.4,4.4,158.1,0.361,0.308,4.96,6.54,3.64,0.297,0.438,0,0,7,11,10,6,39.07,66,5.3,25,1.79,293,503,166,4
"Arizona St. (Pac-12)",2023,3,4.75,5.74,10.39,210.3,3.59,111.9,0.318,0.474,5.95,7.54,4.2,0.41,0.571,-11,-0.92,14,5,6,4,51.42,68,5.4,30,2.5,440,374,170,18
"ULM (Sun Belt)",2023,2,5.07,6.08,11.85,174.8,4.22,146.1,0.324,0.346,6.03,8.31,4.19,0.509,0.571,1,0.08,13,11,5,8,53.58,71,6.1,35,2.92,345,415,173,9
"FIU (CUSA)",2023,4,5.03,7.19,12.51,229.3,2.85,90.2,0.284,0.485,5.98,7.58,4.7,0.405,0.55,-9,-0.75,12,6,9,6,50.58,70,6,46,3.83,383,380,169,16
"Vanderbilt (SEC)",2023,2,5.18,6.88,12.37,223.7,3.28,95.2,0.331,0.296,6.55,7.97,5.09,0.47,0.714,-3,-0.25,12,12,7,4,42.5,59,5.5,27,2.25,390,349,157,8
"Buffalo (MAC)",2023,3,4.61,5.64,10.48,185.2,3.69,133.6,0.344,0.366,5.8,6.87,4.99,0.335,0.611,1,0.08,11,11,7,8,41.58,58,5.9,16,1.33,394,435,183,15
"Pittsburgh (ACC)",2023,3,5.33,7.2,13.5,216,3.44,101.9,0.318,0.5,5.36,8,3.66,0.369,0.48,-5,-0.42,12,10,9,6,64.42,94,6.9,23,1.92,360,356,148,10
"Charlotte (AAC)",2023,3,4.74,6.14,10.82,167.8,3.75,145,0.237,0.543,5.84,7.51,4.52,0.394,0.562,-5,-0.42,16,11,6,6,59.33,85,5.2,31,2.58,328,464,169,19
"Nebraska (Big Ten)",2023,5,5.08,6.25,11.99,135.9,4.44,176.8,0.379,0.5,4.62,6.13,2.97,0.367,0.391,-17,-1.42,16,9,15,5,42.75,61,6.3,30,2.5,261,478,153,8
"Army West Point (FBS Independent)",2023,6,5.05,7.52,14.87,102.8,4.35,208,0.378,0.588,5.88,7.27,4.88,0.401,0.44,-3,-0.25,11,9,11,10,36.67,48,4.3,14,1.17,164,574,156,20
"BYU (Big 12)",2023,5,4.92,6.22,11.2,205.4,3.48,104.3,0.285,0.5,5.92,7.06,4.86,0.451,0.364,1,0.08,9,14,10,6,43,64,4.2,19,1.58,396,360,158,13
"Ball St. (MAC)",2023,4,4.76,5.39,9.11,136.6,4.35,171.5,0.377,0.556,5.18,6.87,3.57,0.347,0.6,-5,-0.42,9,5,7,6,45.17,62,5.8,26,2.17,304,473,167,10
"Rutgers (Big Ten)",2023,7,4.91,6.08,12.59,137.5,4.24,168.7,0.369,0.64,4.99,6.14,4.02,0.391,0.517,5,0.38,8,9,5,9,45.15,66,4,14,1.08,294,517,168,16
"Northwestern (Big Ten)",2023,8,4.66,6.75,10.9,202,2.89,101.9,0.408,0.214,5.14,6.64,4.07,0.397,0.5,13,1,8,13,1,9,42.62,69,5.1,51,3.92,389,458,191,3
"Minnesota (Big Ten)",2023,6,4.79,5.97,11.37,143.4,4.06,157.5,0.352,0.824,5.95,7.29,4.68,0.46,0.8,2,0.15,11,12,6,7,27.08,39,4.3,21,1.62,312,505,176,14
"Navy (AAC)",2023,5,4.82,6.37,12.43,105.7,4.26,194.6,0.289,0.615,5.53,7.82,3.65,0.325,0.6,11,0.92,5,10,8,14,46,68,5.3,24,2,199,548,173,16
"Nevada (Mountain West)",2023,2,4.57,6.09,11.01,175.2,3.38,124.8,0.304,0.435,6.89,8.81,5.33,0.415,0.611,-4,-0.33,12,9,8,7,58.5,81,4.3,41,3.42,345,443,171,10
"Michigan St. (Big Ten)",2023,4,4.64,6.33,10.85,199.8,2.9,89.5,0.309,0.5,5.79,7.8,4.12,0.351,0.714,-6,-0.5,13,9,9,7,60.67,84,5.6,25,2.08,379,370,162,10
"Akron (MAC)",2023,2,4.34,5.58,9.19,197.6,2.81,81,0.335,0.348,5.18,6.75,4,0.367,0.522,-9,-0.75,15,6,6,6,60.08,83,6,46,3.83,425,346,170,8
"East Carolina (AAC)",2023,2,4.3,5.07,9.46,163.9,3.53,113.3,0.309,0.346,5.24,7.62,3.36,0.4,0.333,-5,-0.42,14,6,7,10,54.83,70,7,31,2.58,388,385,175,9
"Kent St. (MAC)",2023,1,4.35,6.47,12.34,164.5,2.88,105.9,0.298,0.462,6.05,8.17,4.59,0.475,0.533,-3,-0.25,6,6,6,3,46.17,65,4.3,41,3.42,305,441,171,12
"Eastern Mich. (MAC)",2023,6,4.35,5.52,10.03,152,3.36,110.8,0.352,0.526,5.8,7.16,4.78,0.398,0.353,1,0.08,12,8,6,11,59.77,81,4.8,32,2.46,358,428,179,10
"Iowa (Big Ten)",2023,10,3.94,4.77,9.77,118.6,3.34,115.9,0.294,0.5,4.08,5.06,3.14,0.313,0.583,-7,-0.5,11,10,11,5,30.93,51,5.4,32,2.29,348,486,204,7
"James Madison (Sun Belt)",2023,11,6.23,8.65,12.85,284.8,3.91,134.2,0.368,0.5,4.96,7.08,2.62,0.363,0.412,6,0.46,11,13,4,8,40.08,72,8.8,24,1.85,428,446,163,8
"Jacksonville St. (CUSA)",2023,9,5.32,6.35,12.21,171,4.76,236.7,0.38,0.519,4.82,7.28,2.79,0.327,0.414,5,0.38,12,16,8,9,43.38,63,7.1,16,1.23,350,647,205,14
"Sam Houston (CUSA)",2023,3,4.58,5.96,9.47,222.5,2.9,88.9,0.357,0.591,5.88,7.63,4.43,0.371,0.556,4,0.33,12,13,4,7,42.17,61,4.6,19,1.58,448,368,182,13
